[mono_ns=182501326260011][T0x73695a0d7740][TIMING] clock_anchor: [CLOCK_ANCHOR] v=1 pid=460626 mono_ns=182501326259099 wall_ns=1787828882970403103

=== Runtime: tensormap_and_ringbuffer  Level: 2 ===
  TestAlternatingMatmulAdd::Case1 ...
[mono_ns=182505174960880][T0x73695a0d7740][TIMING] emit_host_span: [STRACE] v=1 pid=460626 tid=460626 inv=1 hid=1b9a2b8de39e9724 depth=2 name=chip.run.bind.args ts=182505097057043 dur=77886161
[mono_ns=182505205233437][T0x73695a0d7740][TIMING] emit_host_span: [STRACE] v=1 pid=460626 tid=460626 inv=1 hid=1b9a2b8de39e9724 depth=2 name=chip.run.bind.prebuilt ts=182505174999679 dur=30224815
[mono_ns=182505205261549][T0x73695a0d7740][TIMING] emit_host_span: [STRACE] v=1 pid=460626 tid=460626 inv=1 hid=1b9a2b8de39e9724 depth=1 name=chip.run.bind ts=182505095618634 dur=109640842
[mono_ns=182505214509980][T0x73695a0d7740][WARN] query_cpu_topo: [aicpu_topology_probe.cpp:125] aicpu_topology_probe: halGetDeviceInfoByBuff(CPU_TOPO) rc=65534 total=0
[mono_ns=182505216893548][T0x73695a0d7740][WARN] query_cpu_topo: [aicpu_topology_probe.cpp:137] aicpu_topology_probe: dsmi_get_device_info(CPU_TOPO) rc=65534 total=0
[mono_ns=182505217045166][T0x73695a0d7740][WARN] prepare_execution: [device_runner.cpp:343] AICPU CPU_TOPO unavailable; using json_fallback: soc=Ascend950PR_9579 occupy=0x3e stable_reachable=5 requested=0 effective=5 affinity=[1, 2, 3, 4, 5(orch)]
[mono_ns=182505219855384][T0x73695a0d7740][TIMING] emit_host_span: [STRACE] v=1 pid=460626 tid=460626 inv=1 hid=1b9a2b8de39e9724 depth=1 name=chip.run.runner_run ts=182505217143633 dur=2708245
[mono_ns=182505258278443][T0x73695a0d7740][TIMING] emit_host_span: [STRACE] v=1 pid=460626 tid=460626 inv=1 hid=1b9a2b8de39e9724 depth=1 name=chip.run.validate ts=182505219863125 dur=38412384
[mono_ns=182505258285624][T0x73695a0d7740][TIMING] emit_host_span: [STRACE] v=1 pid=460626 tid=460626 inv=1 hid=1b9a2b8de39e9724 depth=2 name=chip.run.runner_run.device_wall ts=0 dur=1328362 clk=dev
[mono_ns=182505258287717][T0x73695a0d7740][TIMING] emit_host_span: [STRACE] v=1 pid=460626 tid=460626 inv=1 hid=1b9a2b8de39e9724 depth=3 name=chip.run.runner_run.device_wall.preamble ts=0 dur=349693 clk=dev
[mono_ns=182505258288809][T0x73695a0d7740][TIMING] emit_host_span: [STRACE] v=1 pid=460626 tid=460626 inv=1 hid=1b9a2b8de39e9724 depth=3 name=chip.run.runner_run.device_wall.graph_build ts=48089 dur=1263453 clk=dev
[mono_ns=182505258289931][T0x73695a0d7740][TIMING] emit_host_span: [STRACE] v=1 pid=460626 tid=460626 inv=1 hid=1b9a2b8de39e9724 depth=3 name=chip.run.runner_run.device_wall.config_validate ts=52966 dur=2903 clk=dev
[mono_ns=182505258290962][T0x73695a0d7740][TIMING] emit_host_span: [STRACE] v=1 pid=460626 tid=460626 inv=1 hid=1b9a2b8de39e9724 depth=3 name=chip.run.runner_run.device_wall.arena_wire ts=55904 dur=17722 clk=dev
[mono_ns=182505258291934][T0x73695a0d7740][TIMING] emit_host_span: [STRACE] v=1 pid=460626 tid=460626 inv=1 hid=1b9a2b8de39e9724 depth=3 name=chip.run.runner_run.device_wall.sm_reset ts=73663 dur=37580 clk=dev
[mono_ns=182505258292965][T0x73695a0d7740][TIMING] emit_host_span: [STRACE] v=1 pid=460626 tid=460626 inv=1 hid=1b9a2b8de39e9724 depth=3 name=chip.run.runner_run.device_wall.post_orch ts=1311612 dur=11307 clk=dev
[mono_ns=182505258293977][T0x73695a0d7740][TIMING] emit_host_span: [STRACE] v=1 pid=460626 tid=460626 inv=1 hid=1b9a2b8de39e9724 depth=3 name=chip.run.runner_run.device_wall.orch ts=112673 dur=1157004 clk=dev
[mono_ns=182505258294998][T0x73695a0d7740][TIMING] emit_host_span: [STRACE] v=1 pid=460626 tid=460626 inv=1 hid=1b9a2b8de39e9724 depth=3 name=chip.run.runner_run.device_wall.sched ts=352679 dur=924226 clk=dev
[mono_ns=182505258297372][T0x73695a0d7740][TIMING] emit_host_span: [STRACE] v=1 pid=460626 tid=460626 inv=1 hid=1b9a2b8de39e9724 depth=1 name=chip.run.claim_release ts=182505258296491 dur=270
[mono_ns=182505258299836][T0x73695a0d7740][TIMING] emit_host_span: [STRACE] v=1 pid=460626 tid=460626 inv=1 hid=1b9a2b8de39e9724 depth=0 name=chip.run ts=182505095547287 dur=162751567 run_id=0 dispatch_id=0 slot_id=0 generation=1 run_epoch=1
[mono_ns=182505339064367][T0x73695a0d7740][TIMING] emit_host_span: [STRACE] v=1 pid=460626 tid=460626 inv=2 hid=1b9a2b8de39e9724 depth=2 name=chip.run.bind.args ts=182505260211885 dur=78848385
[mono_ns=182505339081572][T0x73695a0d7740][TIMING] emit_host_span: [STRACE] v=1 pid=460626 tid=460626 inv=2 hid=1b9a2b8de39e9724 depth=2 name=chip.run.bind.prebuilt ts=182505339078097 dur=2604
[mono_ns=182505339084096][T0x73695a0d7740][TIMING] emit_host_span: [STRACE] v=1 pid=460626 tid=460626 inv=2 hid=1b9a2b8de39e9724 depth=1 name=chip.run.bind ts=182505260204624 dur=78878471
[mono_ns=182505343810350][T0x73695a0d7740][WARN] prepare_execution: [device_runner.cpp:343] AICPU CPU_TOPO unavailable; using json_fallback: soc=Ascend950PR_9579 occupy=0x3e stable_reachable=5 requested=0 effective=5 affinity=[1, 2, 3, 4, 5(orch)]
[mono_ns=182505345485294][T0x73695a0d7740][TIMING] emit_host_span: [STRACE] v=1 pid=460626 tid=460626 inv=2 hid=1b9a2b8de39e9724 depth=1 name=chip.run.runner_run ts=182505343881807 dur=1602235
[mono_ns=182505380777334][T0x73695a0d7740][TIMING] emit_host_span: [STRACE] v=1 pid=460626 tid=460626 inv=2 hid=1b9a2b8de39e9724 depth=1 name=chip.run.validate ts=182505345489350 dur=35286142
[mono_ns=182505380781461][T0x73695a0d7740][TIMING] emit_host_span: [STRACE] v=1 pid=460626 tid=460626 inv=2 hid=1b9a2b8de39e9724 depth=2 name=chip.run.runner_run.device_wall ts=0 dur=1380710 clk=dev
[mono_ns=182505380783153][T0x73695a0d7740][TIMING] emit_host_span: [STRACE] v=1 pid=460626 tid=460626 inv=2 hid=1b9a2b8de39e9724 depth=3 name=chip.run.runner_run.device_wall.preamble ts=0 dur=14379 clk=dev
[mono_ns=182505380784455][T0x73695a0d7740][TIMING] emit_host_span: [STRACE] v=1 pid=460626 tid=460626 inv=2 hid=1b9a2b8de39e9724 depth=3 name=chip.run.runner_run.device_wall.graph_build ts=3432 dur=1372418 clk=dev
[mono_ns=182505380785467][T0x73695a0d7740][TIMING] emit_host_span: [STRACE] v=1 pid=460626 tid=460626 inv=2 hid=1b9a2b8de39e9724 depth=3 name=chip.run.runner_run.device_wall.config_validate ts=4396 dur=1144 clk=dev
[mono_ns=182505380786458][T0x73695a0d7740][TIMING] emit_host_span: [STRACE] v=1 pid=460626 tid=460626 inv=2 hid=1b9a2b8de39e9724 depth=3 name=chip.run.runner_run.device_wall.arena_wire ts=5561 dur=4306 clk=dev
[mono_ns=182505380787440][T0x73695a0d7740][TIMING] emit_host_span: [STRACE] v=1 pid=460626 tid=460626 inv=2 hid=1b9a2b8de39e9724 depth=3 name=chip.run.runner_run.device_wall.sm_reset ts=9892 dur=6672 clk=dev
[mono_ns=182505380788641][T0x73695a0d7740][TIMING] emit_host_span: [STRACE] v=1 pid=460626 tid=460626 inv=2 hid=1b9a2b8de39e9724 depth=3 name=chip.run.runner_run.device_wall.post_orch ts=1375864 dur=3875 clk=dev
[mono_ns=182505380789653][T0x73695a0d7740][TIMING] emit_host_span: [STRACE] v=1 pid=460626 tid=460626 inv=2 hid=1b9a2b8de39e9724 depth=3 name=chip.run.runner_run.device_wall.orch ts=16921 dur=1338337 clk=dev
[mono_ns=182505380790644][T0x73695a0d7740][TIMING] emit_host_span: [STRACE] v=1 pid=460626 tid=460626 inv=2 hid=1b9a2b8de39e9724 depth=3 name=chip.run.runner_run.device_wall.sched ts=17597 dur=1342153 clk=dev
[mono_ns=182505380791996][T0x73695a0d7740][TIMING] emit_host_span: [STRACE] v=1 pid=460626 tid=460626 inv=2 hid=1b9a2b8de39e9724 depth=1 name=chip.run.claim_release ts=182505380791295 dur=110
[mono_ns=182505380793809][T0x73695a0d7740][TIMING] emit_host_span: [STRACE] v=1 pid=460626 tid=460626 inv=2 hid=1b9a2b8de39e9724 depth=0 name=chip.run ts=182505260195421 dur=120597667 run_id=0 dispatch_id=0 slot_id=0 generation=2 run_epoch=2
[mono_ns=182505450173993][T0x73695a0d7740][TIMING] emit_host_span: [STRACE] v=1 pid=460626 tid=460626 inv=3 hid=1b9a2b8de39e9724 depth=2 name=chip.run.bind.args ts=182505382298508 dur=67871760
[mono_ns=182505450194654][T0x73695a0d7740][TIMING] emit_host_span: [STRACE] v=1 pid=460626 tid=460626 inv=3 hid=1b9a2b8de39e9724 depth=2 name=chip.run.bind.prebuilt ts=182505450191570 dur=2013
[mono_ns=182505450196267][T0x73695a0d7740][TIMING] emit_host_span: [STRACE] v=1 pid=460626 tid=460626 inv=3 hid=1b9a2b8de39e9724 depth=1 name=chip.run.bind ts=182505382293620 dur=67901845
[mono_ns=182505454975069][T0x73695a0d7740][WARN] prepare_execution: [device_runner.cpp:343] AICPU CPU_TOPO unavailable; using json_fallback: soc=Ascend950PR_9579 occupy=0x3e stable_reachable=5 requested=0 effective=5 affinity=[1, 2, 3, 4, 5(orch)]
[mono_ns=182505456653398][T0x73695a0d7740][TIMING] emit_host_span: [STRACE] v=1 pid=460626 tid=460626 inv=3 hid=1b9a2b8de39e9724 depth=1 name=chip.run.runner_run ts=182505455056071 dur=1596286
[mono_ns=182505490496354][T0x73695a0d7740][TIMING] emit_host_span: [STRACE] v=1 pid=460626 tid=460626 inv=3 hid=1b9a2b8de39e9724 depth=1 name=chip.run.validate ts=182505456656833 dur=33837838
[mono_ns=182505490500059][T0x73695a0d7740][TIMING] emit_host_span: [STRACE] v=1 pid=460626 tid=460626 inv=3 hid=1b9a2b8de39e9724 depth=2 name=chip.run.runner_run.device_wall ts=0 dur=1389974 clk=dev
[mono_ns=182505490501872][T0x73695a0d7740][TIMING] emit_host_span: [STRACE] v=1 pid=460626 tid=460626 inv=3 hid=1b9a2b8de39e9724 depth=3 name=chip.run.runner_run.device_wall.preamble ts=0 dur=14178 clk=dev
[mono_ns=182505490502934][T0x73695a0d7740][TIMING] emit_host_span: [STRACE] v=1 pid=460626 tid=460626 inv=3 hid=1b9a2b8de39e9724 depth=3 name=chip.run.runner_run.device_wall.graph_build ts=2971 dur=1382966 clk=dev
[mono_ns=182505490504045][T0x73695a0d7740][TIMING] emit_host_span: [STRACE] v=1 pid=460626 tid=460626 inv=3 hid=1b9a2b8de39e9724 depth=3 name=chip.run.runner_run.device_wall.config_validate ts=3138 dur=1648 clk=dev
[mono_ns=182505490505037][T0x73695a0d7740][TIMING] emit_host_span: [STRACE] v=1 pid=460626 tid=460626 inv=3 hid=1b9a2b8de39e9724 depth=3 name=chip.run.runner_run.device_wall.arena_wire ts=4861 dur=3458 clk=dev
[mono_ns=182505490506028][T0x73695a0d7740][TIMING] emit_host_span: [STRACE] v=1 pid=460626 tid=460626 inv=3 hid=1b9a2b8de39e9724 depth=3 name=chip.run.runner_run.device_wall.sm_reset ts=8336 dur=5013 clk=dev
[mono_ns=182505490507280][T0x73695a0d7740][TIMING] emit_host_span: [STRACE] v=1 pid=460626 tid=460626 inv=3 hid=1b9a2b8de39e9724 depth=3 name=chip.run.runner_run.device_wall.post_orch ts=1385968 dur=3632 clk=dev
[mono_ns=182505490508312][T0x73695a0d7740][TIMING] emit_host_span: [STRACE] v=1 pid=460626 tid=460626 inv=3 hid=1b9a2b8de39e9724 depth=3 name=chip.run.runner_run.device_wall.orch ts=13388 dur=1351255 clk=dev
[mono_ns=182505490509303][T0x73695a0d7740][TIMING] emit_host_span: [STRACE] v=1 pid=460626 tid=460626 inv=3 hid=1b9a2b8de39e9724 depth=3 name=chip.run.runner_run.device_wall.sched ts=14803 dur=1354972 clk=dev
[mono_ns=182505490510645][T0x73695a0d7740][TIMING] emit_host_span: [STRACE] v=1 pid=460626 tid=460626 inv=3 hid=1b9a2b8de39e9724 depth=1 name=chip.run.claim_release ts=182505490509994 dur=80
[mono_ns=182505490512288][T0x73695a0d7740][TIMING] emit_host_span: [STRACE] v=1 pid=460626 tid=460626 inv=3 hid=1b9a2b8de39e9724 depth=0 name=chip.run ts=182505382286259 dur=108225368 run_id=0 dispatch_id=0 slot_id=0 generation=3 run_epoch=3
[mono_ns=182505559360363][T0x73695a0d7740][TIMING] emit_host_span: [STRACE] v=1 pid=460626 tid=460626 inv=4 hid=1b9a2b8de39e9724 depth=2 name=chip.run.bind.args ts=182505491939981 dur=67417097
[mono_ns=182505559377299][T0x73695a0d7740][TIMING] emit_host_span: [STRACE] v=1 pid=460626 tid=460626 inv=4 hid=1b9a2b8de39e9724 depth=2 name=chip.run.bind.prebuilt ts=182505559374304 dur=2203
[mono_ns=182505559379582][T0x73695a0d7740][TIMING] emit_host_span: [STRACE] v=1 pid=460626 tid=460626 inv=4 hid=1b9a2b8de39e9724 depth=1 name=chip.run.bind ts=182505491935504 dur=67442606
[mono_ns=182505564114088][T0x73695a0d7740][WARN] prepare_execution: [device_runner.cpp:343] AICPU CPU_TOPO unavailable; using json_fallback: soc=Ascend950PR_9579 occupy=0x3e stable_reachable=5 requested=0 effective=5 affinity=[1, 2, 3, 4, 5(orch)]
[mono_ns=182505565700469][T0x73695a0d7740][TIMING] emit_host_span: [STRACE] v=1 pid=460626 tid=460626 inv=4 hid=1b9a2b8de39e9724 depth=1 name=chip.run.runner_run ts=182505564179566 dur=1519831
[mono_ns=182505598675782][T0x73695a0d7740][TIMING] emit_host_span: [STRACE] v=1 pid=460626 tid=460626 inv=4 hid=1b9a2b8de39e9724 depth=1 name=chip.run.validate ts=182505565703544 dur=32966870
[mono_ns=182505598698587][T0x73695a0d7740][TIMING] emit_host_span: [STRACE] v=1 pid=460626 tid=460626 inv=4 hid=1b9a2b8de39e9724 depth=2 name=chip.run.runner_run.device_wall ts=0 dur=1332337 clk=dev
[mono_ns=182505598699838][T0x73695a0d7740][TIMING] emit_host_span: [STRACE] v=1 pid=460626 tid=460626 inv=4 hid=1b9a2b8de39e9724 depth=3 name=chip.run.runner_run.device_wall.preamble ts=0 dur=13192 clk=dev
[mono_ns=182505598701110][T0x73695a0d7740][TIMING] emit_host_span: [STRACE] v=1 pid=460626 tid=460626 inv=4 hid=1b9a2b8de39e9724 depth=3 name=chip.run.runner_run.device_wall.graph_build ts=2628 dur=1325540 clk=dev
[mono_ns=182505598702302][T0x73695a0d7740][TIMING] emit_host_span: [STRACE] v=1 pid=460626 tid=460626 inv=4 hid=1b9a2b8de39e9724 depth=3 name=chip.run.runner_run.device_wall.config_validate ts=2889 dur=1351 clk=dev
[mono_ns=182505598703294][T0x73695a0d7740][TIMING] emit_host_span: [STRACE] v=1 pid=460626 tid=460626 inv=4 hid=1b9a2b8de39e9724 depth=3 name=chip.run.runner_run.device_wall.arena_wire ts=4335 dur=3311 clk=dev
[mono_ns=182505598704285][T0x73695a0d7740][TIMING] emit_host_span: [STRACE] v=1 pid=460626 tid=460626 inv=4 hid=1b9a2b8de39e9724 depth=3 name=chip.run.runner_run.device_wall.sm_reset ts=7879 dur=4291 clk=dev
[mono_ns=182505598705487][T0x73695a0d7740][TIMING] emit_host_span: [STRACE] v=1 pid=460626 tid=460626 inv=4 hid=1b9a2b8de39e9724 depth=3 name=chip.run.runner_run.device_wall.post_orch ts=1328185 dur=3635 clk=dev
[mono_ns=182505598706519][T0x73695a0d7740][TIMING] emit_host_span: [STRACE] v=1 pid=460626 tid=460626 inv=4 hid=1b9a2b8de39e9724 depth=3 name=chip.run.runner_run.device_wall.orch ts=12546 dur=1295422 clk=dev
[mono_ns=182505598707490][T0x73695a0d7740][TIMING] emit_host_span: [STRACE] v=1 pid=460626 tid=460626 inv=4 hid=1b9a2b8de39e9724 depth=3 name=chip.run.runner_run.device_wall.sched ts=13817 dur=1298323 clk=dev
[mono_ns=182505598709613][T0x73695a0d7740][TIMING] emit_host_span: [STRACE] v=1 pid=460626 tid=460626 inv=4 hid=1b9a2b8de39e9724 depth=1 name=chip.run.claim_release ts=182505598708712 dur=330
[mono_ns=182505598711286][T0x73695a0d7740][TIMING] emit_host_span: [STRACE] v=1 pid=460626 tid=460626 inv=4 hid=1b9a2b8de39e9724 depth=0 name=chip.run ts=182505491927732 dur=106782953 run_id=0 dispatch_id=0 slot_id=0 generation=4 run_epoch=4
[mono_ns=182505675234100][T0x73695a0d7740][TIMING] emit_host_span: [STRACE] v=1 pid=460626 tid=460626 inv=5 hid=1b9a2b8de39e9724 depth=2 name=chip.run.bind.args ts=182505600144387 dur=75086378
[mono_ns=182505675257806][T0x73695a0d7740][TIMING] emit_host_span: [STRACE] v=1 pid=460626 tid=460626 inv=5 hid=1b9a2b8de39e9724 depth=2 name=chip.run.bind.prebuilt ts=182505675254631 dur=2293
[mono_ns=182505675259538][T0x73695a0d7740][TIMING] emit_host_span: [STRACE] v=1 pid=460626 tid=460626 inv=5 hid=1b9a2b8de39e9724 depth=1 name=chip.run.bind ts=182505600138408 dur=75120379
[mono_ns=182505679987725][T0x73695a0d7740][WARN] prepare_execution: [device_runner.cpp:343] AICPU CPU_TOPO unavailable; using json_fallback: soc=Ascend950PR_9579 occupy=0x3e stable_reachable=5 requested=0 effective=5 affinity=[1, 2, 3, 4, 5(orch)]
[mono_ns=182505681653015][T0x73695a0d7740][TIMING] emit_host_span: [STRACE] v=1 pid=460626 tid=460626 inv=5 hid=1b9a2b8de39e9724 depth=1 name=chip.run.runner_run ts=182505680074886 dur=1577017
[mono_ns=182505717853899][T0x73695a0d7740][TIMING] emit_host_span: [STRACE] v=1 pid=460626 tid=460626 inv=5 hid=1b9a2b8de39e9724 depth=1 name=chip.run.validate ts=182505681657101 dur=36194965
[mono_ns=182505717857505][T0x73695a0d7740][TIMING] emit_host_span: [STRACE] v=1 pid=460626 tid=460626 inv=5 hid=1b9a2b8de39e9724 depth=2 name=chip.run.runner_run.device_wall ts=0 dur=1367396 clk=dev
[mono_ns=182505717859177][T0x73695a0d7740][TIMING] emit_host_span: [STRACE] v=1 pid=460626 tid=460626 inv=5 hid=1b9a2b8de39e9724 depth=3 name=chip.run.runner_run.device_wall.preamble ts=0 dur=13314 clk=dev
[mono_ns=182505717860259][T0x73695a0d7740][TIMING] emit_host_span: [STRACE] v=1 pid=460626 tid=460626 inv=5 hid=1b9a2b8de39e9724 depth=3 name=chip.run.runner_run.device_wall.graph_build ts=3096 dur=1359495 clk=dev
[mono_ns=182505717873679][T0x73695a0d7740][TIMING] emit_host_span: [STRACE] v=1 pid=460626 tid=460626 inv=5 hid=1b9a2b8de39e9724 depth=3 name=chip.run.runner_run.device_wall.config_validate ts=3328 dur=1307 clk=dev
[mono_ns=182505717874760][T0x73695a0d7740][TIMING] emit_host_span: [STRACE] v=1 pid=460626 tid=460626 inv=5 hid=1b9a2b8de39e9724 depth=3 name=chip.run.runner_run.device_wall.arena_wire ts=4673 dur=3078 clk=dev
[mono_ns=182505717875782][T0x73695a0d7740][TIMING] emit_host_span: [STRACE] v=1 pid=460626 tid=460626 inv=5 hid=1b9a2b8de39e9724 depth=3 name=chip.run.runner_run.device_wall.sm_reset ts=7781 dur=3803 clk=dev
[mono_ns=182505717877014][T0x73695a0d7740][TIMING] emit_host_span: [STRACE] v=1 pid=460626 tid=460626 inv=5 hid=1b9a2b8de39e9724 depth=3 name=chip.run.runner_run.device_wall.post_orch ts=1362617 dur=4490 clk=dev
[mono_ns=182505717878246][T0x73695a0d7740][TIMING] emit_host_span: [STRACE] v=1 pid=460626 tid=460626 inv=5 hid=1b9a2b8de39e9724 depth=3 name=chip.run.runner_run.device_wall.orch ts=11865 dur=1330115 clk=dev
[mono_ns=182505717879247][T0x73695a0d7740][TIMING] emit_host_span: [STRACE] v=1 pid=460626 tid=460626 inv=5 hid=1b9a2b8de39e9724 depth=3 name=chip.run.runner_run.device_wall.sched ts=13044 dur=1334991 clk=dev
[mono_ns=182505717880669][T0x73695a0d7740][TIMING] emit_host_span: [STRACE] v=1 pid=460626 tid=460626 inv=5 hid=1b9a2b8de39e9724 depth=1 name=chip.run.claim_release ts=182505717880018 dur=80
[mono_ns=182505717882492][T0x73695a0d7740][TIMING] emit_host_span: [STRACE] v=1 pid=460626 tid=460626 inv=5 hid=1b9a2b8de39e9724 depth=0 name=chip.run ts=182505600120901 dur=117760950 run_id=0 dispatch_id=0 slot_id=0 generation=5 run_epoch=5
[mono_ns=182505791293196][T0x73695a0d7740][TIMING] emit_host_span: [STRACE] v=1 pid=460626 tid=460626 inv=6 hid=1b9a2b8de39e9724 depth=2 name=chip.run.bind.args ts=182505719224016 dur=72063992
[mono_ns=182505791316801][T0x73695a0d7740][TIMING] emit_host_span: [STRACE] v=1 pid=460626 tid=460626 inv=6 hid=1b9a2b8de39e9724 depth=2 name=chip.run.bind.prebuilt ts=182505791312965 dur=2824
[mono_ns=182505791318664][T0x73695a0d7740][TIMING] emit_host_span: [STRACE] v=1 pid=460626 tid=460626 inv=6 hid=1b9a2b8de39e9724 depth=1 name=chip.run.bind ts=182505719219549 dur=72098063
[mono_ns=182505796016044][T0x73695a0d7740][WARN] prepare_execution: [device_runner.cpp:343] AICPU CPU_TOPO unavailable; using json_fallback: soc=Ascend950PR_9579 occupy=0x3e stable_reachable=5 requested=0 effective=5 affinity=[1, 2, 3, 4, 5(orch)]
[mono_ns=182505797657097][T0x73695a0d7740][TIMING] emit_host_span: [STRACE] v=1 pid=460626 tid=460626 inv=6 hid=1b9a2b8de39e9724 depth=1 name=chip.run.runner_run ts=182505796089775 dur=1566110
[mono_ns=182505835065925][T0x73695a0d7740][TIMING] emit_host_span: [STRACE] v=1 pid=460626 tid=460626 inv=6 hid=1b9a2b8de39e9724 depth=1 name=chip.run.validate ts=182505797661143 dur=37402899
[mono_ns=182505835070932][T0x73695a0d7740][TIMING] emit_host_span: [STRACE] v=1 pid=460626 tid=460626 inv=6 hid=1b9a2b8de39e9724 depth=2 name=chip.run.runner_run.device_wall ts=0 dur=1358966 clk=dev
[mono_ns=182505835072565][T0x73695a0d7740][TIMING] emit_host_span: [STRACE] v=1 pid=460626 tid=460626 inv=6 hid=1b9a2b8de39e9724 depth=3 name=chip.run.runner_run.device_wall.preamble ts=0 dur=12853 clk=dev
[mono_ns=182505835073897][T0x73695a0d7740][TIMING] emit_host_span: [STRACE] v=1 pid=460626 tid=460626 inv=6 hid=1b9a2b8de39e9724 depth=3 name=chip.run.runner_run.device_wall.graph_build ts=2773 dur=1351768 clk=dev
[mono_ns=182505835074918][T0x73695a0d7740][TIMING] emit_host_span: [STRACE] v=1 pid=460626 tid=460626 inv=6 hid=1b9a2b8de39e9724 depth=3 name=chip.run.runner_run.device_wall.config_validate ts=3405 dur=1611 clk=dev
[mono_ns=182505835075900][T0x73695a0d7740][TIMING] emit_host_span: [STRACE] v=1 pid=460626 tid=460626 inv=6 hid=1b9a2b8de39e9724 depth=3 name=chip.run.runner_run.device_wall.arena_wire ts=5145 dur=3356 clk=dev
[mono_ns=182505835076941][T0x73695a0d7740][TIMING] emit_host_span: [STRACE] v=1 pid=460626 tid=460626 inv=6 hid=1b9a2b8de39e9724 depth=3 name=chip.run.runner_run.device_wall.sm_reset ts=8531 dur=4104 clk=dev
[mono_ns=182505835087988][T0x73695a0d7740][TIMING] emit_host_span: [STRACE] v=1 pid=460626 tid=460626 inv=6 hid=1b9a2b8de39e9724 depth=3 name=chip.run.runner_run.device_wall.post_orch ts=1354559 dur=3738 clk=dev
[mono_ns=182505835089070][T0x73695a0d7740][TIMING] emit_host_span: [STRACE] v=1 pid=460626 tid=460626 inv=6 hid=1b9a2b8de39e9724 depth=3 name=chip.run.runner_run.device_wall.orch ts=12894 dur=1321986 clk=dev
[mono_ns=182505835090131][T0x73695a0d7740][TIMING] emit_host_span: [STRACE] v=1 pid=460626 tid=460626 inv=6 hid=1b9a2b8de39e9724 depth=3 name=chip.run.runner_run.device_wall.sched ts=13450 dur=1324073 clk=dev
[mono_ns=182505835091613][T0x73695a0d7740][TIMING] emit_host_span: [STRACE] v=1 pid=460626 tid=460626 inv=6 hid=1b9a2b8de39e9724 depth=1 name=chip.run.claim_release ts=182505835090922 dur=101
[mono_ns=182505835093216][T0x73695a0d7740][TIMING] emit_host_span: [STRACE] v=1 pid=460626 tid=460626 inv=6 hid=1b9a2b8de39e9724 depth=0 name=chip.run ts=182505719212538 dur=115879997 run_id=0 dispatch_id=0 slot_id=0 generation=6 run_epoch=6
[mono_ns=182505909580946][T0x73695a0d7740][TIMING] emit_host_span: [STRACE] v=1 pid=460626 tid=460626 inv=7 hid=1b9a2b8de39e9724 depth=2 name=chip.run.bind.args ts=182505836432386 dur=73144364
[mono_ns=182505909600185][T0x73695a0d7740][TIMING] emit_host_span: [STRACE] v=1 pid=460626 tid=460626 inv=7 hid=1b9a2b8de39e9724 depth=2 name=chip.run.bind.prebuilt ts=182505909597130 dur=2063
[mono_ns=182505909602348][T0x73695a0d7740][TIMING] emit_host_span: [STRACE] v=1 pid=460626 tid=460626 inv=7 hid=1b9a2b8de39e9724 depth=1 name=chip.run.bind ts=182505836426587 dur=73174860
[mono_ns=182505914373219][T0x73695a0d7740][WARN] prepare_execution: [device_runner.cpp:343] AICPU CPU_TOPO unavailable; using json_fallback: soc=Ascend950PR_9579 occupy=0x3e stable_reachable=5 requested=0 effective=5 affinity=[1, 2, 3, 4, 5(orch)]
[mono_ns=182505915950246][T0x73695a0d7740][TIMING] emit_host_span: [STRACE] v=1 pid=460626 tid=460626 inv=7 hid=1b9a2b8de39e9724 depth=1 name=chip.run.runner_run ts=182505914443284 dur=1505770
[mono_ns=182505951819152][T0x73695a0d7740][TIMING] emit_host_span: [STRACE] v=1 pid=460626 tid=460626 inv=7 hid=1b9a2b8de39e9724 depth=1 name=chip.run.validate ts=182505915953651 dur=35863799
[mono_ns=182505951822788][T0x73695a0d7740][TIMING] emit_host_span: [STRACE] v=1 pid=460626 tid=460626 inv=7 hid=1b9a2b8de39e9724 depth=2 name=chip.run.runner_run.device_wall ts=0 dur=1299666 clk=dev
[mono_ns=182505951824690][T0x73695a0d7740][TIMING] emit_host_span: [STRACE] v=1 pid=460626 tid=460626 inv=7 hid=1b9a2b8de39e9724 depth=3 name=chip.run.runner_run.device_wall.preamble ts=0 dur=13414 clk=dev
[mono_ns=182505951826103][T0x73695a0d7740][TIMING] emit_host_span: [STRACE] v=1 pid=460626 tid=460626 inv=7 hid=1b9a2b8de39e9724 depth=3 name=chip.run.runner_run.device_wall.graph_build ts=2990 dur=1291747 clk=dev
[mono_ns=182505951827144][T0x73695a0d7740][TIMING] emit_host_span: [STRACE] v=1 pid=460626 tid=460626 inv=7 hid=1b9a2b8de39e9724 depth=3 name=chip.run.runner_run.device_wall.config_validate ts=3549 dur=1267 clk=dev
[mono_ns=182505951828116][T0x73695a0d7740][TIMING] emit_host_span: [STRACE] v=1 pid=460626 tid=460626 inv=7 hid=1b9a2b8de39e9724 depth=3 name=chip.run.runner_run.device_wall.arena_wire ts=4881 dur=3463 clk=dev
[mono_ns=182505951829097][T0x73695a0d7740][TIMING] emit_host_span: [STRACE] v=1 pid=460626 tid=460626 inv=7 hid=1b9a2b8de39e9724 depth=3 name=chip.run.runner_run.device_wall.sm_reset ts=8588 dur=5040 clk=dev
[mono_ns=182505951830129][T0x73695a0d7740][TIMING] emit_host_span: [STRACE] v=1 pid=460626 tid=460626 inv=7 hid=1b9a2b8de39e9724 depth=3 name=chip.run.runner_run.device_wall.post_orch ts=1294781 dur=4088 clk=dev
[mono_ns=182505951831350][T0x73695a0d7740][TIMING] emit_host_span: [STRACE] v=1 pid=460626 tid=460626 inv=7 hid=1b9a2b8de39e9724 depth=3 name=chip.run.runner_run.device_wall.orch ts=13961 dur=1262010 clk=dev
[mono_ns=182505951840955][T0x73695a0d7740][TIMING] emit_host_span: [STRACE] v=1 pid=460626 tid=460626 inv=7 hid=1b9a2b8de39e9724 depth=3 name=chip.run.runner_run.device_wall.sched ts=14405 dur=1264390 clk=dev
[mono_ns=182505951842457][T0x73695a0d7740][TIMING] emit_host_span: [STRACE] v=1 pid=460626 tid=460626 inv=7 hid=1b9a2b8de39e9724 depth=1 name=chip.run.claim_release ts=182505951841736 dur=120
[mono_ns=182505951844470][T0x73695a0d7740][TIMING] emit_host_span: [STRACE] v=1 pid=460626 tid=460626 inv=7 hid=1b9a2b8de39e9724 depth=0 name=chip.run ts=182505836418435 dur=115425294 run_id=0 dispatch_id=0 slot_id=0 generation=7 run_epoch=7
[mono_ns=182506029623100][T0x73695a0d7740][TIMING] emit_host_span: [STRACE] v=1 pid=460626 tid=460626 inv=8 hid=1b9a2b8de39e9724 depth=2 name=chip.run.bind.args ts=182505953157100 dur=76460722
[mono_ns=182506029641717][T0x73695a0d7740][TIMING] emit_host_span: [STRACE] v=1 pid=460626 tid=460626 inv=8 hid=1b9a2b8de39e9724 depth=2 name=chip.run.bind.prebuilt ts=182506029639424 dur=1653
[mono_ns=182506029643640][T0x73695a0d7740][TIMING] emit_host_span: [STRACE] v=1 pid=460626 tid=460626 inv=8 hid=1b9a2b8de39e9724 depth=1 name=chip.run.bind ts=182505953151832 dur=76491037
[mono_ns=182506034378637][T0x73695a0d7740][WARN] prepare_execution: [device_runner.cpp:343] AICPU CPU_TOPO unavailable; using json_fallback: soc=Ascend950PR_9579 occupy=0x3e stable_reachable=5 requested=0 effective=5 affinity=[1, 2, 3, 4, 5(orch)]
[mono_ns=182506035981433][T0x73695a0d7740][TIMING] emit_host_span: [STRACE] v=1 pid=460626 tid=460626 inv=8 hid=1b9a2b8de39e9724 depth=1 name=chip.run.runner_run ts=182506034443555 dur=1536756
[mono_ns=182506070344018][T0x73695a0d7740][TIMING] emit_host_span: [STRACE] v=1 pid=460626 tid=460626 inv=8 hid=1b9a2b8de39e9724 depth=1 name=chip.run.validate ts=182506035986300 dur=34355886
[mono_ns=182506070348745][T0x73695a0d7740][TIMING] emit_host_span: [STRACE] v=1 pid=460626 tid=460626 inv=8 hid=1b9a2b8de39e9724 depth=2 name=chip.run.runner_run.device_wall ts=0 dur=1320628 clk=dev
[mono_ns=182506070350448][T0x73695a0d7740][TIMING] emit_host_span: [STRACE] v=1 pid=460626 tid=460626 inv=8 hid=1b9a2b8de39e9724 depth=3 name=chip.run.runner_run.device_wall.preamble ts=0 dur=13249 clk=dev
[mono_ns=182506070351490][T0x73695a0d7740][TIMING] emit_host_span: [STRACE] v=1 pid=460626 tid=460626 inv=8 hid=1b9a2b8de39e9724 depth=3 name=chip.run.runner_run.device_wall.graph_build ts=3359 dur=1312719 clk=dev
[mono_ns=182506070352491][T0x73695a0d7740][TIMING] emit_host_span: [STRACE] v=1 pid=460626 tid=460626 inv=8 hid=1b9a2b8de39e9724 depth=3 name=chip.run.runner_run.device_wall.config_validate ts=3631 dur=1503 clk=dev
[mono_ns=182506070353523][T0x73695a0d7740][TIMING] emit_host_span: [STRACE] v=1 pid=460626 tid=460626 inv=8 hid=1b9a2b8de39e9724 depth=3 name=chip.run.runner_run.device_wall.arena_wire ts=5218 dur=3870 clk=dev
[mono_ns=182506070354534][T0x73695a0d7740][TIMING] emit_host_span: [STRACE] v=1 pid=460626 tid=460626 inv=8 hid=1b9a2b8de39e9724 depth=3 name=chip.run.runner_run.device_wall.sm_reset ts=9109 dur=4904 clk=dev
[mono_ns=182506070355946][T0x73695a0d7740][TIMING] emit_host_span: [STRACE] v=1 pid=460626 tid=460626 inv=8 hid=1b9a2b8de39e9724 depth=3 name=chip.run.runner_run.device_wall.post_orch ts=1316107 dur=3946 clk=dev
[mono_ns=182506070357008][T0x73695a0d7740][TIMING] emit_host_span: [STRACE] v=1 pid=460626 tid=460626 inv=8 hid=1b9a2b8de39e9724 depth=3 name=chip.run.runner_run.device_wall.orch ts=14222 dur=1282266 clk=dev
[mono_ns=182506070358049][T0x73695a0d7740][TIMING] emit_host_span: [STRACE] v=1 pid=460626 tid=460626 inv=8 hid=1b9a2b8de39e9724 depth=3 name=chip.run.runner_run.device_wall.sched ts=14709 dur=1285749 clk=dev
[mono_ns=182506070359462][T0x73695a0d7740][TIMING] emit_host_span: [STRACE] v=1 pid=460626 tid=460626 inv=8 hid=1b9a2b8de39e9724 depth=1 name=chip.run.claim_release ts=182506070358760 dur=111
[mono_ns=182506070361495][T0x73695a0d7740][TIMING] emit_host_span: [STRACE] v=1 pid=460626 tid=460626 inv=8 hid=1b9a2b8de39e9724 depth=0 name=chip.run ts=182505953143610 dur=117217194 run_id=0 dispatch_id=0 slot_id=0 generation=8 run_epoch=8
[mono_ns=182506142269683][T0x73695a0d7740][TIMING] emit_host_span: [STRACE] v=1 pid=460626 tid=460626 inv=9 hid=1b9a2b8de39e9724 depth=2 name=chip.run.bind.args ts=182506071809708 dur=70456390
[mono_ns=182506142287900][T0x73695a0d7740][TIMING] emit_host_span: [STRACE] v=1 pid=460626 tid=460626 inv=9 hid=1b9a2b8de39e9724 depth=2 name=chip.run.bind.prebuilt ts=182506142285367 dur=1852
[mono_ns=182506142289673][T0x73695a0d7740][TIMING] emit_host_span: [STRACE] v=1 pid=460626 tid=460626 inv=9 hid=1b9a2b8de39e9724 depth=1 name=chip.run.bind ts=182506071804661 dur=70484221
[mono_ns=182506146974915][T0x73695a0d7740][WARN] prepare_execution: [device_runner.cpp:343] AICPU CPU_TOPO unavailable; using json_fallback: soc=Ascend950PR_9579 occupy=0x3e stable_reachable=5 requested=0 effective=5 affinity=[1, 2, 3, 4, 5(orch)]
[mono_ns=182506148563770][T0x73695a0d7740][TIMING] emit_host_span: [STRACE] v=1 pid=460626 tid=460626 inv=9 hid=1b9a2b8de39e9724 depth=1 name=chip.run.runner_run ts=182506147042997 dur=1519741
[mono_ns=182506182223280][T0x73695a0d7740][TIMING] emit_host_span: [STRACE] v=1 pid=460626 tid=460626 inv=9 hid=1b9a2b8de39e9724 depth=1 name=chip.run.validate ts=182506148567125 dur=33654593
[mono_ns=182506182228107][T0x73695a0d7740][TIMING] emit_host_span: [STRACE] v=1 pid=460626 tid=460626 inv=9 hid=1b9a2b8de39e9724 depth=2 name=chip.run.runner_run.device_wall ts=0 dur=1327377 clk=dev
[mono_ns=182506182229389][T0x73695a0d7740][TIMING] emit_host_span: [STRACE] v=1 pid=460626 tid=460626 inv=9 hid=1b9a2b8de39e9724 depth=3 name=chip.run.runner_run.device_wall.preamble ts=0 dur=12299 clk=dev
[mono_ns=182506182230651][T0x73695a0d7740][TIMING] emit_host_span: [STRACE] v=1 pid=460626 tid=460626 inv=9 hid=1b9a2b8de39e9724 depth=3 name=chip.run.runner_run.device_wall.graph_build ts=2631 dur=1320629 clk=dev
[mono_ns=182506182232013][T0x73695a0d7740][TIMING] emit_host_span: [STRACE] v=1 pid=460626 tid=460626 inv=9 hid=1b9a2b8de39e9724 depth=3 name=chip.run.runner_run.device_wall.config_validate ts=3053 dur=1554 clk=dev
[mono_ns=182506182233015][T0x73695a0d7740][TIMING] emit_host_span: [STRACE] v=1 pid=460626 tid=460626 inv=9 hid=1b9a2b8de39e9724 depth=3 name=chip.run.runner_run.device_wall.arena_wire ts=4671 dur=3417 clk=dev
[mono_ns=182506182234006][T0x73695a0d7740][TIMING] emit_host_span: [STRACE] v=1 pid=460626 tid=460626 inv=9 hid=1b9a2b8de39e9724 depth=3 name=chip.run.runner_run.device_wall.sm_reset ts=8112 dur=4473 clk=dev
[mono_ns=182506182234998][T0x73695a0d7740][TIMING] emit_host_span: [STRACE] v=1 pid=460626 tid=460626 inv=9 hid=1b9a2b8de39e9724 depth=3 name=chip.run.runner_run.device_wall.post_orch ts=1323279 dur=3822 clk=dev
[mono_ns=182506182235999][T0x73695a0d7740][TIMING] emit_host_span: [STRACE] v=1 pid=460626 tid=460626 inv=9 hid=1b9a2b8de39e9724 depth=3 name=chip.run.runner_run.device_wall.orch ts=12913 dur=1289343 clk=dev
[mono_ns=182506182237001][T0x73695a0d7740][TIMING] emit_host_span: [STRACE] v=1 pid=460626 tid=460626 inv=9 hid=1b9a2b8de39e9724 depth=3 name=chip.run.runner_run.device_wall.sched ts=13495 dur=1293761 clk=dev
[mono_ns=182506182238413][T0x73695a0d7740][TIMING] emit_host_span: [STRACE] v=1 pid=460626 tid=460626 inv=9 hid=1b9a2b8de39e9724 depth=1 name=chip.run.claim_release ts=182506182237772 dur=70
[mono_ns=182506182240376][T0x73695a0d7740][TIMING] emit_host_span: [STRACE] v=1 pid=460626 tid=460626 inv=9 hid=1b9a2b8de39e9724 depth=0 name=chip.run ts=182506071797209 dur=110442476 run_id=0 dispatch_id=0 slot_id=0 generation=9 run_epoch=9
[mono_ns=182506255991610][T0x73695a0d7740][TIMING] emit_host_span: [STRACE] v=1 pid=460626 tid=460626 inv=10 hid=1b9a2b8de39e9724 depth=2 name=chip.run.bind.args ts=182506183483401 dur=72505325
[mono_ns=182506256007514][T0x73695a0d7740][TIMING] emit_host_span: [STRACE] v=1 pid=460626 tid=460626 inv=10 hid=1b9a2b8de39e9724 depth=2 name=chip.run.bind.prebuilt ts=182506256005251 dur=1572
[mono_ns=182506256010128][T0x73695a0d7740][TIMING] emit_host_span: [STRACE] v=1 pid=460626 tid=460626 inv=10 hid=1b9a2b8de39e9724 depth=1 name=chip.run.bind ts=182506183479305 dur=72529892
[mono_ns=182506260790153][T0x73695a0d7740][WARN] prepare_execution: [device_runner.cpp:343] AICPU CPU_TOPO unavailable; using json_fallback: soc=Ascend950PR_9579 occupy=0x3e stable_reachable=5 requested=0 effective=5 affinity=[1, 2, 3, 4, 5(orch)]
[mono_ns=182506262379268][T0x73695a0d7740][TIMING] emit_host_span: [STRACE] v=1 pid=460626 tid=460626 inv=10 hid=1b9a2b8de39e9724 depth=1 name=chip.run.runner_run ts=182506260858275 dur=1520031
[mono_ns=182506296675263][T0x73695a0d7740][TIMING] emit_host_span: [STRACE] v=1 pid=460626 tid=460626 inv=10 hid=1b9a2b8de39e9724 depth=1 name=chip.run.validate ts=182506262382302 dur=34291429
[mono_ns=182506296679620][T0x73695a0d7740][TIMING] emit_host_span: [STRACE] v=1 pid=460626 tid=460626 inv=10 hid=1b9a2b8de39e9724 depth=2 name=chip.run.runner_run.device_wall ts=0 dur=1328477 clk=dev
[mono_ns=182506296681112][T0x73695a0d7740][TIMING] emit_host_span: [STRACE] v=1 pid=460626 tid=460626 inv=10 hid=1b9a2b8de39e9724 depth=3 name=chip.run.runner_run.device_wall.preamble ts=0 dur=13205 clk=dev
[mono_ns=182506296682204][T0x73695a0d7740][TIMING] emit_host_span: [STRACE] v=1 pid=460626 tid=460626 inv=10 hid=1b9a2b8de39e9724 depth=3 name=chip.run.runner_run.device_wall.graph_build ts=3726 dur=1320463 clk=dev
[mono_ns=182506296683225][T0x73695a0d7740][TIMING] emit_host_span: [STRACE] v=1 pid=460626 tid=460626 inv=10 hid=1b9a2b8de39e9724 depth=3 name=chip.run.runner_run.device_wall.config_validate ts=4368 dur=1329 clk=dev
[mono_ns=182506296684207][T0x73695a0d7740][TIMING] emit_host_span: [STRACE] v=1 pid=460626 tid=460626 inv=10 hid=1b9a2b8de39e9724 depth=3 name=chip.run.runner_run.device_wall.arena_wire ts=5777 dur=2593 clk=dev
[mono_ns=182506296685188][T0x73695a0d7740][TIMING] emit_host_span: [STRACE] v=1 pid=460626 tid=460626 inv=10 hid=1b9a2b8de39e9724 depth=3 name=chip.run.runner_run.device_wall.sm_reset ts=8431 dur=4710 clk=dev
[mono_ns=182506296686220][T0x73695a0d7740][TIMING] emit_host_span: [STRACE] v=1 pid=460626 tid=460626 inv=10 hid=1b9a2b8de39e9724 depth=3 name=chip.run.runner_run.device_wall.post_orch ts=1324206 dur=3890 clk=dev
[mono_ns=182506296687221][T0x73695a0d7740][TIMING] emit_host_span: [STRACE] v=1 pid=460626 tid=460626 inv=10 hid=1b9a2b8de39e9724 depth=3 name=chip.run.runner_run.device_wall.orch ts=13515 dur=1291182 clk=dev
[mono_ns=182506296688193][T0x73695a0d7740][TIMING] emit_host_span: [STRACE] v=1 pid=460626 tid=460626 inv=10 hid=1b9a2b8de39e9724 depth=3 name=chip.run.runner_run.device_wall.sched ts=13875 dur=1294495 clk=dev
[mono_ns=182506296689445][T0x73695a0d7740][TIMING] emit_host_span: [STRACE] v=1 pid=460626 tid=460626 inv=10 hid=1b9a2b8de39e9724 depth=1 name=chip.run.claim_release ts=182506296688824 dur=70
[mono_ns=182506296691117][T0x73695a0d7740][TIMING] emit_host_span: [STRACE] v=1 pid=460626 tid=460626 inv=10 hid=1b9a2b8de39e9724 depth=0 name=chip.run ts=182506183472215 dur=113218251 run_id=0 dispatch_id=0 slot_id=0 generation=10 run_epoch=10
[mono_ns=182506369821330][T0x73695a0d7740][TIMING] emit_host_span: [STRACE] v=1 pid=460626 tid=460626 inv=11 hid=1b9a2b8de39e9724 depth=2 name=chip.run.bind.args ts=182506297861864 dur=71956842
[mono_ns=182506369835180][T0x73695a0d7740][TIMING] emit_host_span: [STRACE] v=1 pid=460626 tid=460626 inv=11 hid=1b9a2b8de39e9724 depth=2 name=chip.run.bind.prebuilt ts=182506369833157 dur=1392
[mono_ns=182506369836933][T0x73695a0d7740][TIMING] emit_host_span: [STRACE] v=1 pid=460626 tid=460626 inv=11 hid=1b9a2b8de39e9724 depth=1 name=chip.run.bind ts=182506297857768 dur=71978354
[mono_ns=182506374486091][T0x73695a0d7740][WARN] prepare_execution: [device_runner.cpp:343] AICPU CPU_TOPO unavailable; using json_fallback: soc=Ascend950PR_9579 occupy=0x3e stable_reachable=5 requested=0 effective=5 affinity=[1, 2, 3, 4, 5(orch)]
[mono_ns=182506376063318][T0x73695a0d7740][TIMING] emit_host_span: [STRACE] v=1 pid=460626 tid=460626 inv=11 hid=1b9a2b8de39e9724 depth=1 name=chip.run.runner_run ts=182506374556156 dur=1506241
[mono_ns=182506410356720][T0x73695a0d7740][TIMING] emit_host_span: [STRACE] v=1 pid=460626 tid=460626 inv=11 hid=1b9a2b8de39e9724 depth=1 name=chip.run.validate ts=182506376078601 dur=34276587
[mono_ns=182506410362018][T0x73695a0d7740][TIMING] emit_host_span: [STRACE] v=1 pid=460626 tid=460626 inv=11 hid=1b9a2b8de39e9724 depth=2 name=chip.run.runner_run.device_wall ts=0 dur=1320090 clk=dev
[mono_ns=182506410363270][T0x73695a0d7740][TIMING] emit_host_span: [STRACE] v=1 pid=460626 tid=460626 inv=11 hid=1b9a2b8de39e9724 depth=3 name=chip.run.runner_run.device_wall.preamble ts=0 dur=13093 clk=dev
[mono_ns=182506410364542][T0x73695a0d7740][TIMING] emit_host_span: [STRACE] v=1 pid=460626 tid=460626 inv=11 hid=1b9a2b8de39e9724 depth=3 name=chip.run.runner_run.device_wall.graph_build ts=2723 dur=1312810 clk=dev
[mono_ns=182506410365744][T0x73695a0d7740][TIMING] emit_host_span: [STRACE] v=1 pid=460626 tid=460626 inv=11 hid=1b9a2b8de39e9724 depth=3 name=chip.run.runner_run.device_wall.config_validate ts=3518 dur=1563 clk=dev
[mono_ns=182506410366725][T0x73695a0d7740][TIMING] emit_host_span: [STRACE] v=1 pid=460626 tid=460626 inv=11 hid=1b9a2b8de39e9724 depth=3 name=chip.run.runner_run.device_wall.arena_wire ts=5149 dur=3489 clk=dev
[mono_ns=182506410367706][T0x73695a0d7740][TIMING] emit_host_span: [STRACE] v=1 pid=460626 tid=460626 inv=11 hid=1b9a2b8de39e9724 depth=3 name=chip.run.runner_run.device_wall.sm_reset ts=8658 dur=4747 clk=dev
[mono_ns=182506410368728][T0x73695a0d7740][TIMING] emit_host_span: [STRACE] v=1 pid=460626 tid=460626 inv=11 hid=1b9a2b8de39e9724 depth=3 name=chip.run.runner_run.device_wall.post_orch ts=1315550 dur=3792 clk=dev
[mono_ns=182506410369720][T0x73695a0d7740][TIMING] emit_host_span: [STRACE] v=1 pid=460626 tid=460626 inv=11 hid=1b9a2b8de39e9724 depth=3 name=chip.run.runner_run.device_wall.orch ts=13626 dur=1280826 clk=dev
[mono_ns=182506410370721][T0x73695a0d7740][TIMING] emit_host_span: [STRACE] v=1 pid=460626 tid=460626 inv=11 hid=1b9a2b8de39e9724 depth=3 name=chip.run.runner_run.device_wall.sched ts=14114 dur=1285577 clk=dev
[mono_ns=182506410371953][T0x73695a0d7740][TIMING] emit_host_span: [STRACE] v=1 pid=460626 tid=460626 inv=11 hid=1b9a2b8de39e9724 depth=1 name=chip.run.claim_release ts=182506410371372 dur=70
[mono_ns=182506410373946][T0x73695a0d7740][TIMING] emit_host_span: [STRACE] v=1 pid=460626 tid=460626 inv=11 hid=1b9a2b8de39e9724 depth=0 name=chip.run ts=182506297852650 dur=112520675 run_id=0 dispatch_id=0 slot_id=0 generation=11 run_epoch=11
[mono_ns=182506486476540][T0x73695a0d7740][TIMING] emit_host_span: [STRACE] v=1 pid=460626 tid=460626 inv=12 hid=1b9a2b8de39e9724 depth=2 name=chip.run.bind.args ts=182506411563401 dur=74909734
[mono_ns=182506486489229][T0x73695a0d7740][TIMING] emit_host_span: [STRACE] v=1 pid=460626 tid=460626 inv=12 hid=1b9a2b8de39e9724 depth=2 name=chip.run.bind.prebuilt ts=182506486486485 dur=2113
[mono_ns=182506486490781][T0x73695a0d7740][TIMING] emit_host_span: [STRACE] v=1 pid=460626 tid=460626 inv=12 hid=1b9a2b8de39e9724 depth=1 name=chip.run.bind ts=182506411558754 dur=74931276
[mono_ns=182506491358046][T0x73695a0d7740][WARN] prepare_execution: [device_runner.cpp:343] AICPU CPU_TOPO unavailable; using json_fallback: soc=Ascend950PR_9579 occupy=0x3e stable_reachable=5 requested=0 effective=5 affinity=[1, 2, 3, 4, 5(orch)]
[mono_ns=182506492963266][T0x73695a0d7740][TIMING] emit_host_span: [STRACE] v=1 pid=460626 tid=460626 inv=12 hid=1b9a2b8de39e9724 depth=1 name=chip.run.runner_run ts=182506491426169 dur=1536145
[mono_ns=182506527304249][T0x73695a0d7740][TIMING] emit_host_span: [STRACE] v=1 pid=460626 tid=460626 inv=12 hid=1b9a2b8de39e9724 depth=1 name=chip.run.validate ts=182506492966841 dur=34335455
[mono_ns=182506527307794][T0x73695a0d7740][TIMING] emit_host_span: [STRACE] v=1 pid=460626 tid=460626 inv=12 hid=1b9a2b8de39e9724 depth=2 name=chip.run.runner_run.device_wall ts=0 dur=1349668 clk=dev
[mono_ns=182506527309226][T0x73695a0d7740][TIMING] emit_host_span: [STRACE] v=1 pid=460626 tid=460626 inv=12 hid=1b9a2b8de39e9724 depth=3 name=chip.run.runner_run.device_wall.preamble ts=0 dur=12843 clk=dev
[mono_ns=182506527319331][T0x73695a0d7740][TIMING] emit_host_span: [STRACE] v=1 pid=460626 tid=460626 inv=12 hid=1b9a2b8de39e9724 depth=3 name=chip.run.runner_run.device_wall.graph_build ts=3146 dur=1341212 clk=dev
[mono_ns=182506527320373][T0x73695a0d7740][TIMING] emit_host_span: [STRACE] v=1 pid=460626 tid=460626 inv=12 hid=1b9a2b8de39e9724 depth=3 name=chip.run.runner_run.device_wall.config_validate ts=3379 dur=1414 clk=dev
[mono_ns=182506527321375][T0x73695a0d7740][TIMING] emit_host_span: [STRACE] v=1 pid=460626 tid=460626 inv=12 hid=1b9a2b8de39e9724 depth=3 name=chip.run.runner_run.device_wall.arena_wire ts=4814 dur=3354 clk=dev
[mono_ns=182506527322396][T0x73695a0d7740][TIMING] emit_host_span: [STRACE] v=1 pid=460626 tid=460626 inv=12 hid=1b9a2b8de39e9724 depth=3 name=chip.run.runner_run.device_wall.sm_reset ts=8399 dur=5071 clk=dev
[mono_ns=182506527323398][T0x73695a0d7740][TIMING] emit_host_span: [STRACE] v=1 pid=460626 tid=460626 inv=12 hid=1b9a2b8de39e9724 depth=3 name=chip.run.runner_run.device_wall.post_orch ts=1344383 dur=4544 clk=dev
[mono_ns=182506527324419][T0x73695a0d7740][TIMING] emit_host_span: [STRACE] v=1 pid=460626 tid=460626 inv=12 hid=1b9a2b8de39e9724 depth=3 name=chip.run.runner_run.device_wall.orch ts=13538 dur=1311333 clk=dev
[mono_ns=182506527325851][T0x73695a0d7740][TIMING] emit_host_span: [STRACE] v=1 pid=460626 tid=460626 inv=12 hid=1b9a2b8de39e9724 depth=3 name=chip.run.runner_run.device_wall.sched ts=14171 dur=1314749 clk=dev
[mono_ns=182506527327233][T0x73695a0d7740][TIMING] emit_host_span: [STRACE] v=1 pid=460626 tid=460626 inv=12 hid=1b9a2b8de39e9724 depth=1 name=chip.run.claim_release ts=182506527326622 dur=70
[mono_ns=182506527328736][T0x73695a0d7740][TIMING] emit_host_span: [STRACE] v=1 pid=460626 tid=460626 inv=12 hid=1b9a2b8de39e9724 depth=0 name=chip.run ts=182506411551313 dur=115776832 run_id=0 dispatch_id=0 slot_id=0 generation=12 run_epoch=12
[mono_ns=182506603128745][T0x73695a0d7740][TIMING] emit_host_span: [STRACE] v=1 pid=460626 tid=460626 inv=13 hid=1b9a2b8de39e9724 depth=2 name=chip.run.bind.args ts=182506528516719 dur=74608591
[mono_ns=182506603146893][T0x73695a0d7740][TIMING] emit_host_span: [STRACE] v=1 pid=460626 tid=460626 inv=13 hid=1b9a2b8de39e9724 depth=2 name=chip.run.bind.prebuilt ts=182506603144629 dur=1462
[mono_ns=182506603148976][T0x73695a0d7740][TIMING] emit_host_span: [STRACE] v=1 pid=460626 tid=460626 inv=13 hid=1b9a2b8de39e9724 depth=1 name=chip.run.bind ts=182506528512983 dur=74634721
[mono_ns=182506607918314][T0x73695a0d7740][WARN] prepare_execution: [device_runner.cpp:343] AICPU CPU_TOPO unavailable; using json_fallback: soc=Ascend950PR_9579 occupy=0x3e stable_reachable=5 requested=0 effective=5 affinity=[1, 2, 3, 4, 5(orch)]
[mono_ns=182506609565516][T0x73695a0d7740][TIMING] emit_host_span: [STRACE] v=1 pid=460626 tid=460626 inv=13 hid=1b9a2b8de39e9724 depth=1 name=chip.run.runner_run ts=182506607986627 dur=1577748
[mono_ns=182506645228864][T0x73695a0d7740][TIMING] emit_host_span: [STRACE] v=1 pid=460626 tid=460626 inv=13 hid=1b9a2b8de39e9724 depth=1 name=chip.run.validate ts=182506609569212 dur=35658120
[mono_ns=182506645232750][T0x73695a0d7740][TIMING] emit_host_span: [STRACE] v=1 pid=460626 tid=460626 inv=13 hid=1b9a2b8de39e9724 depth=2 name=chip.run.runner_run.device_wall ts=0 dur=1335929 clk=dev
[mono_ns=182506645234322][T0x73695a0d7740][TIMING] emit_host_span: [STRACE] v=1 pid=460626 tid=460626 inv=13 hid=1b9a2b8de39e9724 depth=3 name=chip.run.runner_run.device_wall.preamble ts=0 dur=13177 clk=dev
[mono_ns=182506645235564][T0x73695a0d7740][TIMING] emit_host_span: [STRACE] v=1 pid=460626 tid=460626 inv=13 hid=1b9a2b8de39e9724 depth=3 name=chip.run.runner_run.device_wall.graph_build ts=2583 dur=1328829 clk=dev
[mono_ns=182506645236756][T0x73695a0d7740][TIMING] emit_host_span: [STRACE] v=1 pid=460626 tid=460626 inv=13 hid=1b9a2b8de39e9724 depth=3 name=chip.run.runner_run.device_wall.config_validate ts=3259 dur=1615 clk=dev
[mono_ns=182506645237757][T0x73695a0d7740][TIMING] emit_host_span: [STRACE] v=1 pid=460626 tid=460626 inv=13 hid=1b9a2b8de39e9724 depth=3 name=chip.run.runner_run.device_wall.arena_wire ts=4891 dur=3175 clk=dev
[mono_ns=182506645247722][T0x73695a0d7740][TIMING] emit_host_span: [STRACE] v=1 pid=460626 tid=460626 inv=13 hid=1b9a2b8de39e9724 depth=3 name=chip.run.runner_run.device_wall.sm_reset ts=8087 dur=4731 clk=dev
[mono_ns=182506645248784][T0x73695a0d7740][TIMING] emit_host_span: [STRACE] v=1 pid=460626 tid=460626 inv=13 hid=1b9a2b8de39e9724 depth=3 name=chip.run.runner_run.device_wall.post_orch ts=1331437 dur=3596 clk=dev
[mono_ns=182506645249796][T0x73695a0d7740][TIMING] emit_host_span: [STRACE] v=1 pid=460626 tid=460626 inv=13 hid=1b9a2b8de39e9724 depth=3 name=chip.run.runner_run.device_wall.orch ts=13187 dur=1297999 clk=dev
[mono_ns=182506645250797][T0x73695a0d7740][TIMING] emit_host_span: [STRACE] v=1 pid=460626 tid=460626 inv=13 hid=1b9a2b8de39e9724 depth=3 name=chip.run.runner_run.device_wall.sched ts=13822 dur=1301805 clk=dev
[mono_ns=182506645252139][T0x73695a0d7740][TIMING] emit_host_span: [STRACE] v=1 pid=460626 tid=460626 inv=13 hid=1b9a2b8de39e9724 depth=1 name=chip.run.claim_release ts=182506645251468 dur=90
[mono_ns=182506645253691][T0x73695a0d7740][TIMING] emit_host_span: [STRACE] v=1 pid=460626 tid=460626 inv=13 hid=1b9a2b8de39e9724 depth=0 name=chip.run ts=182506528506473 dur=116746577 run_id=0 dispatch_id=0 slot_id=0 generation=13 run_epoch=13
[mono_ns=182506716554188][T0x73695a0d7740][TIMING] emit_host_span: [STRACE] v=1 pid=460626 tid=460626 inv=14 hid=1b9a2b8de39e9724 depth=2 name=chip.run.bind.args ts=182506646476076 dur=70074777
[mono_ns=182506716573647][T0x73695a0d7740][TIMING] emit_host_span: [STRACE] v=1 pid=460626 tid=460626 inv=14 hid=1b9a2b8de39e9724 depth=2 name=chip.run.bind.prebuilt ts=182506716571263 dur=1753
[mono_ns=182506716575380][T0x73695a0d7740][TIMING] emit_host_span: [STRACE] v=1 pid=460626 tid=460626 inv=14 hid=1b9a2b8de39e9724 depth=1 name=chip.run.bind ts=182506646471109 dur=70103319
[mono_ns=182506721301092][T0x73695a0d7740][WARN] prepare_execution: [device_runner.cpp:343] AICPU CPU_TOPO unavailable; using json_fallback: soc=Ascend950PR_9579 occupy=0x3e stable_reachable=5 requested=0 effective=5 affinity=[1, 2, 3, 4, 5(orch)]
[mono_ns=182506722903768][T0x73695a0d7740][TIMING] emit_host_span: [STRACE] v=1 pid=460626 tid=460626 inv=14 hid=1b9a2b8de39e9724 depth=1 name=chip.run.runner_run ts=182506721365279 dur=1537467
[mono_ns=182506756445832][T0x73695a0d7740][TIMING] emit_host_span: [STRACE] v=1 pid=460626 tid=460626 inv=14 hid=1b9a2b8de39e9724 depth=1 name=chip.run.validate ts=182506722907403 dur=33537267
[mono_ns=182506756450519][T0x73695a0d7740][TIMING] emit_host_span: [STRACE] v=1 pid=460626 tid=460626 inv=14 hid=1b9a2b8de39e9724 depth=2 name=chip.run.runner_run.device_wall ts=0 dur=1349101 clk=dev
[mono_ns=182506756451961][T0x73695a0d7740][TIMING] emit_host_span: [STRACE] v=1 pid=460626 tid=460626 inv=14 hid=1b9a2b8de39e9724 depth=3 name=chip.run.runner_run.device_wall.preamble ts=0 dur=14135 clk=dev
[mono_ns=182506756453223][T0x73695a0d7740][TIMING] emit_host_span: [STRACE] v=1 pid=460626 tid=460626 inv=14 hid=1b9a2b8de39e9724 depth=3 name=chip.run.runner_run.device_wall.graph_build ts=3577 dur=1339685 clk=dev
[mono_ns=182506756454254][T0x73695a0d7740][TIMING] emit_host_span: [STRACE] v=1 pid=460626 tid=460626 inv=14 hid=1b9a2b8de39e9724 depth=3 name=chip.run.runner_run.device_wall.config_validate ts=3920 dur=1390 clk=dev
[mono_ns=182506756455246][T0x73695a0d7740][TIMING] emit_host_span: [STRACE] v=1 pid=460626 tid=460626 inv=14 hid=1b9a2b8de39e9724 depth=3 name=chip.run.runner_run.device_wall.arena_wire ts=5454 dur=3409 clk=dev
[mono_ns=182506756456237][T0x73695a0d7740][TIMING] emit_host_span: [STRACE] v=1 pid=460626 tid=460626 inv=14 hid=1b9a2b8de39e9724 depth=3 name=chip.run.runner_run.device_wall.sm_reset ts=9069 dur=5130 clk=dev
[mono_ns=182506756457249][T0x73695a0d7740][TIMING] emit_host_span: [STRACE] v=1 pid=460626 tid=460626 inv=14 hid=1b9a2b8de39e9724 depth=3 name=chip.run.runner_run.device_wall.post_orch ts=1343609 dur=4915 clk=dev
[mono_ns=182506756469537][T0x73695a0d7740][TIMING] emit_host_span: [STRACE] v=1 pid=460626 tid=460626 inv=14 hid=1b9a2b8de39e9724 depth=3 name=chip.run.runner_run.device_wall.orch ts=14224 dur=1294780 clk=dev
[mono_ns=182506756470549][T0x73695a0d7740][TIMING] emit_host_span: [STRACE] v=1 pid=460626 tid=460626 inv=14 hid=1b9a2b8de39e9724 depth=3 name=chip.run.runner_run.device_wall.sched ts=14937 dur=1299091 clk=dev
[mono_ns=182506756471831][T0x73695a0d7740][TIMING] emit_host_span: [STRACE] v=1 pid=460626 tid=460626 inv=14 hid=1b9a2b8de39e9724 depth=1 name=chip.run.claim_release ts=182506756471200 dur=60
[mono_ns=182506756473453][T0x73695a0d7740][TIMING] emit_host_span: [STRACE] v=1 pid=460626 tid=460626 inv=14 hid=1b9a2b8de39e9724 depth=0 name=chip.run ts=182506646464949 dur=110007883 run_id=0 dispatch_id=0 slot_id=0 generation=14 run_epoch=14
[mono_ns=182506830712730][T0x73695a0d7740][TIMING] emit_host_span: [STRACE] v=1 pid=460626 tid=460626 inv=15 hid=1b9a2b8de39e9724 depth=2 name=chip.run.bind.args ts=182506757697691 dur=73011324
[mono_ns=182506830728785][T0x73695a0d7740][TIMING] emit_host_span: [STRACE] v=1 pid=460626 tid=460626 inv=15 hid=1b9a2b8de39e9724 depth=2 name=chip.run.bind.prebuilt ts=182506830725990 dur=2204
[mono_ns=182506830730577][T0x73695a0d7740][TIMING] emit_host_span: [STRACE] v=1 pid=460626 tid=460626 inv=15 hid=1b9a2b8de39e9724 depth=1 name=chip.run.bind ts=182506757693034 dur=73036592
[mono_ns=182506835418063][T0x73695a0d7740][WARN] prepare_execution: [device_runner.cpp:343] AICPU CPU_TOPO unavailable; using json_fallback: soc=Ascend950PR_9579 occupy=0x3e stable_reachable=5 requested=0 effective=5 affinity=[1, 2, 3, 4, 5(orch)]
[mono_ns=182506837042781][T0x73695a0d7740][TIMING] emit_host_span: [STRACE] v=1 pid=460626 tid=460626 inv=15 hid=1b9a2b8de39e9724 depth=1 name=chip.run.runner_run ts=182506835486445 dur=1555435
[mono_ns=182506871449012][T0x73695a0d7740][TIMING] emit_host_span: [STRACE] v=1 pid=460626 tid=460626 inv=15 hid=1b9a2b8de39e9724 depth=1 name=chip.run.validate ts=182506837046557 dur=34401083
[mono_ns=182506871452618][T0x73695a0d7740][TIMING] emit_host_span: [STRACE] v=1 pid=460626 tid=460626 inv=15 hid=1b9a2b8de39e9724 depth=2 name=chip.run.runner_run.device_wall ts=0 dur=1356437 clk=dev
[mono_ns=182506871454040][T0x73695a0d7740][TIMING] emit_host_span: [STRACE] v=1 pid=460626 tid=460626 inv=15 hid=1b9a2b8de39e9724 depth=3 name=chip.run.runner_run.device_wall.preamble ts=0 dur=13876 clk=dev
[mono_ns=182506871455101][T0x73695a0d7740][TIMING] emit_host_span: [STRACE] v=1 pid=460626 tid=460626 inv=15 hid=1b9a2b8de39e9724 depth=3 name=chip.run.runner_run.device_wall.graph_build ts=2672 dur=1349293 clk=dev
[mono_ns=182506871456153][T0x73695a0d7740][TIMING] emit_host_span: [STRACE] v=1 pid=460626 tid=460626 inv=15 hid=1b9a2b8de39e9724 depth=3 name=chip.run.runner_run.device_wall.config_validate ts=3152 dur=1144 clk=dev
[mono_ns=182506871457155][T0x73695a0d7740][TIMING] emit_host_span: [STRACE] v=1 pid=460626 tid=460626 inv=15 hid=1b9a2b8de39e9724 depth=3 name=chip.run.runner_run.device_wall.arena_wire ts=4318 dur=3225 clk=dev
[mono_ns=182506871458136][T0x73695a0d7740][TIMING] emit_host_span: [STRACE] v=1 pid=460626 tid=460626 inv=15 hid=1b9a2b8de39e9724 depth=3 name=chip.run.runner_run.device_wall.sm_reset ts=7605 dur=4002 clk=dev
[mono_ns=182506871459188][T0x73695a0d7740][TIMING] emit_host_span: [STRACE] v=1 pid=460626 tid=460626 inv=15 hid=1b9a2b8de39e9724 depth=3 name=chip.run.runner_run.device_wall.post_orch ts=1351983 dur=3859 clk=dev
[mono_ns=182506871460199][T0x73695a0d7740][TIMING] emit_host_span: [STRACE] v=1 pid=460626 tid=460626 inv=15 hid=1b9a2b8de39e9724 depth=3 name=chip.run.runner_run.device_wall.orch ts=11815 dur=1323013 clk=dev
[mono_ns=182506871461221][T0x73695a0d7740][TIMING] emit_host_span: [STRACE] v=1 pid=460626 tid=460626 inv=15 hid=1b9a2b8de39e9724 depth=3 name=chip.run.runner_run.device_wall.sched ts=13587 dur=1323483 clk=dev
[mono_ns=182506871462503][T0x73695a0d7740][TIMING] emit_host_span: [STRACE] v=1 pid=460626 tid=460626 inv=15 hid=1b9a2b8de39e9724 depth=1 name=chip.run.claim_release ts=182506871461862 dur=90
[mono_ns=182506871473679][T0x73695a0d7740][TIMING] emit_host_span: [STRACE] v=1 pid=460626 tid=460626 inv=15 hid=1b9a2b8de39e9724 depth=0 name=chip.run ts=182506757687045 dur=113785683 run_id=0 dispatch_id=0 slot_id=0 generation=15 run_epoch=15
[mono_ns=182506946336983][T0x73695a0d7740][TIMING] emit_host_span: [STRACE] v=1 pid=460626 tid=460626 inv=16 hid=1b9a2b8de39e9724 depth=2 name=chip.run.bind.args ts=182506872677176 dur=73657273
[mono_ns=182506946348921][T0x73695a0d7740][TIMING] emit_host_span: [STRACE] v=1 pid=460626 tid=460626 inv=16 hid=1b9a2b8de39e9724 depth=2 name=chip.run.bind.prebuilt ts=182506946346608 dur=1662
[mono_ns=182506946350483][T0x73695a0d7740][TIMING] emit_host_span: [STRACE] v=1 pid=460626 tid=460626 inv=16 hid=1b9a2b8de39e9724 depth=1 name=chip.run.bind ts=182506872672198 dur=73677524
[mono_ns=182506951063527][T0x73695a0d7740][WARN] prepare_execution: [device_runner.cpp:343] AICPU CPU_TOPO unavailable; using json_fallback: soc=Ascend950PR_9579 occupy=0x3e stable_reachable=5 requested=0 effective=5 affinity=[1, 2, 3, 4, 5(orch)]
[mono_ns=182506952652342][T0x73695a0d7740][TIMING] emit_host_span: [STRACE] v=1 pid=460626 tid=460626 inv=16 hid=1b9a2b8de39e9724 depth=1 name=chip.run.runner_run ts=182506951130488 dur=1520752
[mono_ns=182506985989809][T0x73695a0d7740][TIMING] emit_host_span: [STRACE] v=1 pid=460626 tid=460626 inv=16 hid=1b9a2b8de39e9724 depth=1 name=chip.run.validate ts=182506952656118 dur=33332519
[mono_ns=182506985993945][T0x73695a0d7740][TIMING] emit_host_span: [STRACE] v=1 pid=460626 tid=460626 inv=16 hid=1b9a2b8de39e9724 depth=2 name=chip.run.runner_run.device_wall ts=0 dur=1329965 clk=dev
[mono_ns=182506985995397][T0x73695a0d7740][TIMING] emit_host_span: [STRACE] v=1 pid=460626 tid=460626 inv=16 hid=1b9a2b8de39e9724 depth=3 name=chip.run.runner_run.device_wall.preamble ts=0 dur=13144 clk=dev
[mono_ns=182506985996459][T0x73695a0d7740][TIMING] emit_host_span: [STRACE] v=1 pid=460626 tid=460626 inv=16 hid=1b9a2b8de39e9724 depth=3 name=chip.run.runner_run.device_wall.graph_build ts=3465 dur=1321597 clk=dev
[mono_ns=182506985997480][T0x73695a0d7740][TIMING] emit_host_span: [STRACE] v=1 pid=460626 tid=460626 inv=16 hid=1b9a2b8de39e9724 depth=3 name=chip.run.runner_run.device_wall.config_validate ts=3698 dur=1540 clk=dev
[mono_ns=182506985998482][T0x73695a0d7740][TIMING] emit_host_span: [STRACE] v=1 pid=460626 tid=460626 inv=16 hid=1b9a2b8de39e9724 depth=3 name=chip.run.runner_run.device_wall.arena_wire ts=5304 dur=3048 clk=dev
[mono_ns=182506985999473][T0x73695a0d7740][TIMING] emit_host_span: [STRACE] v=1 pid=460626 tid=460626 inv=16 hid=1b9a2b8de39e9724 depth=3 name=chip.run.runner_run.device_wall.sm_reset ts=8416 dur=4746 clk=dev
[mono_ns=182506986006404][T0x73695a0d7740][TIMING] emit_host_span: [STRACE] v=1 pid=460626 tid=460626 inv=16 hid=1b9a2b8de39e9724 depth=3 name=chip.run.runner_run.device_wall.post_orch ts=1325077 dur=3801 clk=dev
[mono_ns=182506986007716][T0x73695a0d7740][TIMING] emit_host_span: [STRACE] v=1 pid=460626 tid=460626 inv=16 hid=1b9a2b8de39e9724 depth=3 name=chip.run.runner_run.device_wall.orch ts=13238 dur=1294079 clk=dev
[mono_ns=182506986008727][T0x73695a0d7740][TIMING] emit_host_span: [STRACE] v=1 pid=460626 tid=460626 inv=16 hid=1b9a2b8de39e9724 depth=3 name=chip.run.runner_run.device_wall.sched ts=13965 dur=1295493 clk=dev
[mono_ns=182506986010009][T0x73695a0d7740][TIMING] emit_host_span: [STRACE] v=1 pid=460626 tid=460626 inv=16 hid=1b9a2b8de39e9724 depth=1 name=chip.run.claim_release ts=182506986009358 dur=90
[mono_ns=182506986011862][T0x73695a0d7740][TIMING] emit_host_span: [STRACE] v=1 pid=460626 tid=460626 inv=16 hid=1b9a2b8de39e9724 depth=0 name=chip.run ts=182506872665929 dur=113345262 run_id=0 dispatch_id=0 slot_id=0 generation=16 run_epoch=16
[mono_ns=182507060623949][T0x73695a0d7740][TIMING] emit_host_span: [STRACE] v=1 pid=460626 tid=460626 inv=17 hid=1b9a2b8de39e9724 depth=2 name=chip.run.bind.args ts=182506987221427 dur=73399307
[mono_ns=182507060649177][T0x73695a0d7740][TIMING] emit_host_span: [STRACE] v=1 pid=460626 tid=460626 inv=17 hid=1b9a2b8de39e9724 depth=2 name=chip.run.bind.prebuilt ts=182507060646763 dur=1743
[mono_ns=182507060651340][T0x73695a0d7740][TIMING] emit_host_span: [STRACE] v=1 pid=460626 tid=460626 inv=17 hid=1b9a2b8de39e9724 depth=1 name=chip.run.bind ts=182506987217151 dur=73432757
[mono_ns=182507065720438][T0x73695a0d7740][WARN] prepare_execution: [device_runner.cpp:343] AICPU CPU_TOPO unavailable; using json_fallback: soc=Ascend950PR_9579 occupy=0x3e stable_reachable=5 requested=0 effective=5 affinity=[1, 2, 3, 4, 5(orch)]
[mono_ns=182507067346569][T0x73695a0d7740][TIMING] emit_host_span: [STRACE] v=1 pid=460626 tid=460626 inv=17 hid=1b9a2b8de39e9724 depth=1 name=chip.run.runner_run ts=182507065790093 dur=1555534
[mono_ns=182507106008868][T0x73695a0d7740][TIMING] emit_host_span: [STRACE] v=1 pid=460626 tid=460626 inv=17 hid=1b9a2b8de39e9724 depth=1 name=chip.run.validate ts=182507067349643 dur=38641278
[mono_ns=182507106207476][T0x73695a0d7740][TIMING] emit_host_span: [STRACE] v=1 pid=460626 tid=460626 inv=17 hid=1b9a2b8de39e9724 depth=2 name=chip.run.runner_run.device_wall ts=0 dur=1368724 clk=dev
[mono_ns=182507106210180][T0x73695a0d7740][TIMING] emit_host_span: [STRACE] v=1 pid=460626 tid=460626 inv=17 hid=1b9a2b8de39e9724 depth=3 name=chip.run.runner_run.device_wall.preamble ts=0 dur=11566 clk=dev
[mono_ns=182507106211642][T0x73695a0d7740][TIMING] emit_host_span: [STRACE] v=1 pid=460626 tid=460626 inv=17 hid=1b9a2b8de39e9724 depth=3 name=chip.run.runner_run.device_wall.graph_build ts=2618 dur=1361308 clk=dev
[mono_ns=182507106212904][T0x73695a0d7740][TIMING] emit_host_span: [STRACE] v=1 pid=460626 tid=460626 inv=17 hid=1b9a2b8de39e9724 depth=3 name=chip.run.runner_run.device_wall.config_validate ts=3232 dur=1379 clk=dev
[mono_ns=182507106213906][T0x73695a0d7740][TIMING] emit_host_span: [STRACE] v=1 pid=460626 tid=460626 inv=17 hid=1b9a2b8de39e9724 depth=3 name=chip.run.runner_run.device_wall.arena_wire ts=4678 dur=3925 clk=dev
[mono_ns=182507106214877][T0x73695a0d7740][TIMING] emit_host_span: [STRACE] v=1 pid=460626 tid=460626 inv=17 hid=1b9a2b8de39e9724 depth=3 name=chip.run.runner_run.device_wall.sm_reset ts=8789 dur=4162 clk=dev
[mono_ns=182507106215909][T0x73695a0d7740][TIMING] emit_host_span: [STRACE] v=1 pid=460626 tid=460626 inv=17 hid=1b9a2b8de39e9724 depth=3 name=chip.run.runner_run.device_wall.post_orch ts=1363960 dur=4368 clk=dev
[mono_ns=182507106216900][T0x73695a0d7740][TIMING] emit_host_span: [STRACE] v=1 pid=460626 tid=460626 inv=17 hid=1b9a2b8de39e9724 depth=3 name=chip.run.runner_run.device_wall.orch ts=12979 dur=1331999 clk=dev
[mono_ns=182507106217912][T0x73695a0d7740][TIMING] emit_host_span: [STRACE] v=1 pid=460626 tid=460626 inv=17 hid=1b9a2b8de39e9724 depth=3 name=chip.run.runner_run.device_wall.sched ts=13713 dur=1334376 clk=dev
[mono_ns=182507106221767][T0x73695a0d7740][TIMING] emit_host_span: [STRACE] v=1 pid=460626 tid=460626 inv=17 hid=1b9a2b8de39e9724 depth=1 name=chip.run.claim_release ts=182507106220155 dur=851
[mono_ns=182507106225904][T0x73695a0d7740][TIMING] emit_host_span: [STRACE] v=1 pid=460626 tid=460626 inv=17 hid=1b9a2b8de39e9724 depth=0 name=chip.run ts=182506987212474 dur=119011857 run_id=0 dispatch_id=0 slot_id=0 generation=17 run_epoch=17
[mono_ns=182507196491445][T0x73695a0d7740][TIMING] emit_host_span: [STRACE] v=1 pid=460626 tid=460626 inv=18 hid=1b9a2b8de39e9724 depth=2 name=chip.run.bind.args ts=182507108078554 dur=88400502
[mono_ns=182507196524314][T0x73695a0d7740][TIMING] emit_host_span: [STRACE] v=1 pid=460626 tid=460626 inv=18 hid=1b9a2b8de39e9724 depth=2 name=chip.run.bind.prebuilt ts=182507196519777 dur=3385
[mono_ns=182507196527509][T0x73695a0d7740][TIMING] emit_host_span: [STRACE] v=1 pid=460626 tid=460626 inv=18 hid=1b9a2b8de39e9724 depth=1 name=chip.run.bind ts=182507108068599 dur=88457628
[mono_ns=182507201255996][T0x73695a0d7740][WARN] prepare_execution: [device_runner.cpp:343] AICPU CPU_TOPO unavailable; using json_fallback: soc=Ascend950PR_9579 occupy=0x3e stable_reachable=5 requested=0 effective=5 affinity=[1, 2, 3, 4, 5(orch)]
[mono_ns=182507202858722][T0x73695a0d7740][TIMING] emit_host_span: [STRACE] v=1 pid=460626 tid=460626 inv=18 hid=1b9a2b8de39e9724 depth=1 name=chip.run.runner_run ts=182507201331710 dur=1525459
[mono_ns=182507242265798][T0x73695a0d7740][TIMING] emit_host_span: [STRACE] v=1 pid=460626 tid=460626 inv=18 hid=1b9a2b8de39e9724 depth=1 name=chip.run.validate ts=182507202862427 dur=39400617
[mono_ns=182507242271607][T0x73695a0d7740][TIMING] emit_host_span: [STRACE] v=1 pid=460626 tid=460626 inv=18 hid=1b9a2b8de39e9724 depth=2 name=chip.run.runner_run.device_wall ts=0 dur=1332180 clk=dev
[mono_ns=182507242273210][T0x73695a0d7740][TIMING] emit_host_span: [STRACE] v=1 pid=460626 tid=460626 inv=18 hid=1b9a2b8de39e9724 depth=3 name=chip.run.runner_run.device_wall.preamble ts=0 dur=12024 clk=dev
[mono_ns=182507242274471][T0x73695a0d7740][TIMING] emit_host_span: [STRACE] v=1 pid=460626 tid=460626 inv=18 hid=1b9a2b8de39e9724 depth=3 name=chip.run.runner_run.device_wall.graph_build ts=2909 dur=1325206 clk=dev
[mono_ns=182507242275543][T0x73695a0d7740][TIMING] emit_host_span: [STRACE] v=1 pid=460626 tid=460626 inv=18 hid=1b9a2b8de39e9724 depth=3 name=chip.run.runner_run.device_wall.config_validate ts=3405 dur=1200 clk=dev
[mono_ns=182507242276535][T0x73695a0d7740][TIMING] emit_host_span: [STRACE] v=1 pid=460626 tid=460626 inv=18 hid=1b9a2b8de39e9724 depth=3 name=chip.run.runner_run.device_wall.arena_wire ts=4622 dur=2771 clk=dev
[mono_ns=182507242277536][T0x73695a0d7740][TIMING] emit_host_span: [STRACE] v=1 pid=460626 tid=460626 inv=18 hid=1b9a2b8de39e9724 depth=3 name=chip.run.runner_run.device_wall.sm_reset ts=7712 dur=5438 clk=dev
[mono_ns=182507242278568][T0x73695a0d7740][TIMING] emit_host_span: [STRACE] v=1 pid=460626 tid=460626 inv=18 hid=1b9a2b8de39e9724 depth=3 name=chip.run.runner_run.device_wall.post_orch ts=1328140 dur=3813 clk=dev
[mono_ns=182507242279549][T0x73695a0d7740][TIMING] emit_host_span: [STRACE] v=1 pid=460626 tid=460626 inv=18 hid=1b9a2b8de39e9724 depth=3 name=chip.run.runner_run.device_wall.orch ts=13474 dur=1297428 clk=dev
[mono_ns=182507242280541][T0x73695a0d7740][TIMING] emit_host_span: [STRACE] v=1 pid=460626 tid=460626 inv=18 hid=1b9a2b8de39e9724 depth=3 name=chip.run.runner_run.device_wall.sched ts=13942 dur=1298451 clk=dev
[mono_ns=182507242281913][T0x73695a0d7740][TIMING] emit_host_span: [STRACE] v=1 pid=460626 tid=460626 inv=18 hid=1b9a2b8de39e9724 depth=1 name=chip.run.claim_release ts=182507242281182 dur=120
[mono_ns=182507242284056][T0x73695a0d7740][TIMING] emit_host_span: [STRACE] v=1 pid=460626 tid=460626 inv=18 hid=1b9a2b8de39e9724 depth=0 name=chip.run ts=182507107991754 dur=134291521 run_id=0 dispatch_id=0 slot_id=0 generation=18 run_epoch=18
[mono_ns=182507319562144][T0x73695a0d7740][TIMING] emit_host_span: [STRACE] v=1 pid=460626 tid=460626 inv=19 hid=1b9a2b8de39e9724 depth=2 name=chip.run.bind.args ts=182507244039841 dur=75516244
[mono_ns=182507319584968][T0x73695a0d7740][TIMING] emit_host_span: [STRACE] v=1 pid=460626 tid=460626 inv=19 hid=1b9a2b8de39e9724 depth=2 name=chip.run.bind.prebuilt ts=182507319581743 dur=2414
[mono_ns=182507319586901][T0x73695a0d7740][TIMING] emit_host_span: [STRACE] v=1 pid=460626 tid=460626 inv=19 hid=1b9a2b8de39e9724 depth=1 name=chip.run.bind ts=182507244032921 dur=75553129
[mono_ns=182507324669099][T0x73695a0d7740][WARN] prepare_execution: [device_runner.cpp:343] AICPU CPU_TOPO unavailable; using json_fallback: soc=Ascend950PR_9579 occupy=0x3e stable_reachable=5 requested=0 effective=5 affinity=[1, 2, 3, 4, 5(orch)]
[mono_ns=182507326235350][T0x73695a0d7740][TIMING] emit_host_span: [STRACE] v=1 pid=460626 tid=460626 inv=19 hid=1b9a2b8de39e9724 depth=1 name=chip.run.runner_run ts=182507324737912 dur=1496056
[mono_ns=182507360786158][T0x73695a0d7740][TIMING] emit_host_span: [STRACE] v=1 pid=460626 tid=460626 inv=19 hid=1b9a2b8de39e9724 depth=1 name=chip.run.validate ts=182507326238975 dur=34545340
[mono_ns=182507360791927][T0x73695a0d7740][TIMING] emit_host_span: [STRACE] v=1 pid=460626 tid=460626 inv=19 hid=1b9a2b8de39e9724 depth=2 name=chip.run.runner_run.device_wall ts=0 dur=1301320 clk=dev
[mono_ns=182507360804435][T0x73695a0d7740][TIMING] emit_host_span: [STRACE] v=1 pid=460626 tid=460626 inv=19 hid=1b9a2b8de39e9724 depth=3 name=chip.run.runner_run.device_wall.preamble ts=0 dur=13530 clk=dev
[mono_ns=182507360805868][T0x73695a0d7740][TIMING] emit_host_span: [STRACE] v=1 pid=460626 tid=460626 inv=19 hid=1b9a2b8de39e9724 depth=3 name=chip.run.runner_run.device_wall.graph_build ts=2917 dur=1293770 clk=dev
[mono_ns=182507360806899][T0x73695a0d7740][TIMING] emit_host_span: [STRACE] v=1 pid=460626 tid=460626 inv=19 hid=1b9a2b8de39e9724 depth=3 name=chip.run.runner_run.device_wall.config_validate ts=3256 dur=1086 clk=dev
[mono_ns=182507360807901][T0x73695a0d7740][TIMING] emit_host_span: [STRACE] v=1 pid=460626 tid=460626 inv=19 hid=1b9a2b8de39e9724 depth=3 name=chip.run.runner_run.device_wall.arena_wire ts=4359 dur=2424 clk=dev
[mono_ns=182507360808892][T0x73695a0d7740][TIMING] emit_host_span: [STRACE] v=1 pid=460626 tid=460626 inv=19 hid=1b9a2b8de39e9724 depth=3 name=chip.run.runner_run.device_wall.sm_reset ts=6853 dur=4907 clk=dev
[mono_ns=182507360809914][T0x73695a0d7740][TIMING] emit_host_span: [STRACE] v=1 pid=460626 tid=460626 inv=19 hid=1b9a2b8de39e9724 depth=3 name=chip.run.runner_run.device_wall.post_orch ts=1296756 dur=4191 clk=dev
[mono_ns=182507360810955][T0x73695a0d7740][TIMING] emit_host_span: [STRACE] v=1 pid=460626 tid=460626 inv=19 hid=1b9a2b8de39e9724 depth=3 name=chip.run.runner_run.device_wall.orch ts=11839 dur=1263269 clk=dev
[mono_ns=182507360811937][T0x73695a0d7740][TIMING] emit_host_span: [STRACE] v=1 pid=460626 tid=460626 inv=19 hid=1b9a2b8de39e9724 depth=3 name=chip.run.runner_run.device_wall.sched ts=13025 dur=1267658 clk=dev
[mono_ns=182507360813539][T0x73695a0d7740][TIMING] emit_host_span: [STRACE] v=1 pid=460626 tid=460626 inv=19 hid=1b9a2b8de39e9724 depth=1 name=chip.run.claim_release ts=182507360812858 dur=120
[mono_ns=182507360815682][T0x73695a0d7740][TIMING] emit_host_span: [STRACE] v=1 pid=460626 tid=460626 inv=19 hid=1b9a2b8de39e9724 depth=0 name=chip.run ts=182507244021504 dur=116793457 run_id=0 dispatch_id=0 slot_id=0 generation=19 run_epoch=19
[mono_ns=182507433163601][T0x73695a0d7740][TIMING] emit_host_span: [STRACE] v=1 pid=460626 tid=460626 inv=20 hid=1b9a2b8de39e9724 depth=2 name=chip.run.bind.args ts=182507362488493 dur=70670801
[mono_ns=182507433182289][T0x73695a0d7740][TIMING] emit_host_span: [STRACE] v=1 pid=460626 tid=460626 inv=20 hid=1b9a2b8de39e9724 depth=2 name=chip.run.bind.prebuilt ts=182507433178743 dur=2765
[mono_ns=182507433184031][T0x73695a0d7740][TIMING] emit_host_span: [STRACE] v=1 pid=460626 tid=460626 inv=20 hid=1b9a2b8de39e9724 depth=1 name=chip.run.bind ts=182507362483295 dur=70700085
[mono_ns=182507438179149][T0x73695a0d7740][WARN] prepare_execution: [device_runner.cpp:343] AICPU CPU_TOPO unavailable; using json_fallback: soc=Ascend950PR_9579 occupy=0x3e stable_reachable=5 requested=0 effective=5 affinity=[1, 2, 3, 4, 5(orch)]
[mono_ns=182507439742155][T0x73695a0d7740][TIMING] emit_host_span: [STRACE] v=1 pid=460626 tid=460626 inv=20 hid=1b9a2b8de39e9724 depth=1 name=chip.run.runner_run ts=182507438237396 dur=1503667
[mono_ns=182507474094244][T0x73695a0d7740][TIMING] emit_host_span: [STRACE] v=1 pid=460626 tid=460626 inv=20 hid=1b9a2b8de39e9724 depth=1 name=chip.run.validate ts=182507439745890 dur=34347122
[mono_ns=182507474099112][T0x73695a0d7740][TIMING] emit_host_span: [STRACE] v=1 pid=460626 tid=460626 inv=20 hid=1b9a2b8de39e9724 depth=2 name=chip.run.runner_run.device_wall ts=0 dur=1322298 clk=dev
[mono_ns=182507474100674][T0x73695a0d7740][TIMING] emit_host_span: [STRACE] v=1 pid=460626 tid=460626 inv=20 hid=1b9a2b8de39e9724 depth=3 name=chip.run.runner_run.device_wall.preamble ts=0 dur=12512 clk=dev
[mono_ns=182507474101866][T0x73695a0d7740][TIMING] emit_host_span: [STRACE] v=1 pid=460626 tid=460626 inv=20 hid=1b9a2b8de39e9724 depth=3 name=chip.run.runner_run.device_wall.graph_build ts=3227 dur=1314465 clk=dev
[mono_ns=182507474103088][T0x73695a0d7740][TIMING] emit_host_span: [STRACE] v=1 pid=460626 tid=460626 inv=20 hid=1b9a2b8de39e9724 depth=3 name=chip.run.runner_run.device_wall.config_validate ts=3759 dur=1337 clk=dev
[mono_ns=182507474109798][T0x73695a0d7740][TIMING] emit_host_span: [STRACE] v=1 pid=460626 tid=460626 inv=20 hid=1b9a2b8de39e9724 depth=3 name=chip.run.runner_run.device_wall.arena_wire ts=5120 dur=3514 clk=dev
[mono_ns=182507474110799][T0x73695a0d7740][TIMING] emit_host_span: [STRACE] v=1 pid=460626 tid=460626 inv=20 hid=1b9a2b8de39e9724 depth=3 name=chip.run.runner_run.device_wall.sm_reset ts=8731 dur=4537 clk=dev
[mono_ns=182507474111811][T0x73695a0d7740][TIMING] emit_host_span: [STRACE] v=1 pid=460626 tid=460626 inv=20 hid=1b9a2b8de39e9724 depth=3 name=chip.run.runner_run.device_wall.post_orch ts=1317732 dur=4126 clk=dev
[mono_ns=182507474112802][T0x73695a0d7740][TIMING] emit_host_span: [STRACE] v=1 pid=460626 tid=460626 inv=20 hid=1b9a2b8de39e9724 depth=3 name=chip.run.runner_run.device_wall.orch ts=13417 dur=1285397 clk=dev
[mono_ns=182507474113784][T0x73695a0d7740][TIMING] emit_host_span: [STRACE] v=1 pid=460626 tid=460626 inv=20 hid=1b9a2b8de39e9724 depth=3 name=chip.run.runner_run.device_wall.sched ts=14024 dur=1287865 clk=dev
[mono_ns=182507474115076][T0x73695a0d7740][TIMING] emit_host_span: [STRACE] v=1 pid=460626 tid=460626 inv=20 hid=1b9a2b8de39e9724 depth=1 name=chip.run.claim_release ts=182507474114425 dur=110
[mono_ns=182507474117018][T0x73695a0d7740][TIMING] emit_host_span: [STRACE] v=1 pid=460626 tid=460626 inv=20 hid=1b9a2b8de39e9724 depth=0 name=chip.run ts=182507362474242 dur=111642125 run_id=0 dispatch_id=0 slot_id=0 generation=20 run_epoch=20
[mono_ns=182507544308710][T0x73695a0d7740][TIMING] emit_host_span: [STRACE] v=1 pid=460626 tid=460626 inv=21 hid=1b9a2b8de39e9724 depth=2 name=chip.run.bind.args ts=182507475740445 dur=68565982
[mono_ns=182507544321670][T0x73695a0d7740][TIMING] emit_host_span: [STRACE] v=1 pid=460626 tid=460626 inv=21 hid=1b9a2b8de39e9724 depth=2 name=chip.run.bind.prebuilt ts=182507544318886 dur=2063
[mono_ns=182507544323413][T0x73695a0d7740][TIMING] emit_host_span: [STRACE] v=1 pid=460626 tid=460626 inv=21 hid=1b9a2b8de39e9724 depth=1 name=chip.run.bind ts=182507475736439 dur=68586182
[mono_ns=182507549302416][T0x73695a0d7740][WARN] prepare_execution: [device_runner.cpp:343] AICPU CPU_TOPO unavailable; using json_fallback: soc=Ascend950PR_9579 occupy=0x3e stable_reachable=5 requested=0 effective=5 affinity=[1, 2, 3, 4, 5(orch)]
[mono_ns=182507550884380][T0x73695a0d7740][TIMING] emit_host_span: [STRACE] v=1 pid=460626 tid=460626 inv=21 hid=1b9a2b8de39e9724 depth=1 name=chip.run.runner_run ts=182507549356106 dur=1527152
[mono_ns=182507583636418][T0x73695a0d7740][TIMING] emit_host_span: [STRACE] v=1 pid=460626 tid=460626 inv=21 hid=1b9a2b8de39e9724 depth=1 name=chip.run.validate ts=182507550887555 dur=32747721
[mono_ns=182507583640905][T0x73695a0d7740][TIMING] emit_host_span: [STRACE] v=1 pid=460626 tid=460626 inv=21 hid=1b9a2b8de39e9724 depth=2 name=chip.run.runner_run.device_wall ts=0 dur=1367616 clk=dev
[mono_ns=182507583642147][T0x73695a0d7740][TIMING] emit_host_span: [STRACE] v=1 pid=460626 tid=460626 inv=21 hid=1b9a2b8de39e9724 depth=3 name=chip.run.runner_run.device_wall.preamble ts=0 dur=12516 clk=dev
[mono_ns=182507583643449][T0x73695a0d7740][TIMING] emit_host_span: [STRACE] v=1 pid=460626 tid=460626 inv=21 hid=1b9a2b8de39e9724 depth=3 name=chip.run.runner_run.device_wall.graph_build ts=3469 dur=1358698 clk=dev
[mono_ns=182507583644761][T0x73695a0d7740][TIMING] emit_host_span: [STRACE] v=1 pid=460626 tid=460626 inv=21 hid=1b9a2b8de39e9724 depth=3 name=chip.run.runner_run.device_wall.config_validate ts=4029 dur=1102 clk=dev
[mono_ns=182507583645762][T0x73695a0d7740][TIMING] emit_host_span: [STRACE] v=1 pid=460626 tid=460626 inv=21 hid=1b9a2b8de39e9724 depth=3 name=chip.run.runner_run.device_wall.arena_wire ts=5149 dur=2916 clk=dev
[mono_ns=182507583646744][T0x73695a0d7740][TIMING] emit_host_span: [STRACE] v=1 pid=460626 tid=460626 inv=21 hid=1b9a2b8de39e9724 depth=3 name=chip.run.runner_run.device_wall.sm_reset ts=8167 dur=3902 clk=dev
[mono_ns=182507583652833][T0x73695a0d7740][TIMING] emit_host_span: [STRACE] v=1 pid=460626 tid=460626 inv=21 hid=1b9a2b8de39e9724 depth=3 name=chip.run.runner_run.device_wall.post_orch ts=1362186 dur=4617 clk=dev
[mono_ns=182507583653824][T0x73695a0d7740][TIMING] emit_host_span: [STRACE] v=1 pid=460626 tid=460626 inv=21 hid=1b9a2b8de39e9724 depth=3 name=chip.run.runner_run.device_wall.orch ts=12141 dur=1330404 clk=dev
[mono_ns=182507583654786][T0x73695a0d7740][TIMING] emit_host_span: [STRACE] v=1 pid=460626 tid=460626 inv=21 hid=1b9a2b8de39e9724 depth=3 name=chip.run.runner_run.device_wall.sched ts=12954 dur=1333514 clk=dev
[mono_ns=182507583656158][T0x73695a0d7740][TIMING] emit_host_span: [STRACE] v=1 pid=460626 tid=460626 inv=21 hid=1b9a2b8de39e9724 depth=1 name=chip.run.claim_release ts=182507583655557 dur=70
[mono_ns=182507583657790][T0x73695a0d7740][TIMING] emit_host_span: [STRACE] v=1 pid=460626 tid=460626 inv=21 hid=1b9a2b8de39e9724 depth=0 name=chip.run ts=182507475730079 dur=107927070 run_id=0 dispatch_id=0 slot_id=0 generation=21 run_epoch=21
[mono_ns=182507653479497][T0x73695a0d7740][TIMING] emit_host_span: [STRACE] v=1 pid=460626 tid=460626 inv=22 hid=1b9a2b8de39e9724 depth=2 name=chip.run.bind.args ts=182507585218052 dur=68258761
[mono_ns=182507653493248][T0x73695a0d7740][TIMING] emit_host_span: [STRACE] v=1 pid=460626 tid=460626 inv=22 hid=1b9a2b8de39e9724 depth=2 name=chip.run.bind.prebuilt ts=182507653490263 dur=2324
[mono_ns=182507653494830][T0x73695a0d7740][TIMING] emit_host_span: [STRACE] v=1 pid=460626 tid=460626 inv=22 hid=1b9a2b8de39e9724 depth=1 name=chip.run.bind ts=182507585213225 dur=68280954
[mono_ns=182507658450809][T0x73695a0d7740][WARN] prepare_execution: [device_runner.cpp:343] AICPU CPU_TOPO unavailable; using json_fallback: soc=Ascend950PR_9579 occupy=0x3e stable_reachable=5 requested=0 effective=5 affinity=[1, 2, 3, 4, 5(orch)]
[mono_ns=182507660051221][T0x73695a0d7740][TIMING] emit_host_span: [STRACE] v=1 pid=460626 tid=460626 inv=22 hid=1b9a2b8de39e9724 depth=1 name=chip.run.runner_run ts=182507658509326 dur=1540863
[mono_ns=182507693045763][T0x73695a0d7740][TIMING] emit_host_span: [STRACE] v=1 pid=460626 tid=460626 inv=22 hid=1b9a2b8de39e9724 depth=1 name=chip.run.validate ts=182507660054045 dur=32990546
[mono_ns=182507693049188][T0x73695a0d7740][TIMING] emit_host_span: [STRACE] v=1 pid=460626 tid=460626 inv=22 hid=1b9a2b8de39e9724 depth=2 name=chip.run.runner_run.device_wall ts=0 dur=1369454 clk=dev
[mono_ns=182507693050630][T0x73695a0d7740][TIMING] emit_host_span: [STRACE] v=1 pid=460626 tid=460626 inv=22 hid=1b9a2b8de39e9724 depth=3 name=chip.run.runner_run.device_wall.preamble ts=0 dur=12540 clk=dev
[mono_ns=182507693051982][T0x73695a0d7740][TIMING] emit_host_span: [STRACE] v=1 pid=460626 tid=460626 inv=22 hid=1b9a2b8de39e9724 depth=3 name=chip.run.runner_run.device_wall.graph_build ts=2721 dur=1361840 clk=dev
[mono_ns=182507693052994][T0x73695a0d7740][TIMING] emit_host_span: [STRACE] v=1 pid=460626 tid=460626 inv=22 hid=1b9a2b8de39e9724 depth=3 name=chip.run.runner_run.device_wall.config_validate ts=3338 dur=1236 clk=dev
[mono_ns=182507693053985][T0x73695a0d7740][TIMING] emit_host_span: [STRACE] v=1 pid=460626 tid=460626 inv=22 hid=1b9a2b8de39e9724 depth=3 name=chip.run.runner_run.device_wall.arena_wire ts=4758 dur=3300 clk=dev
[mono_ns=182507693054977][T0x73695a0d7740][TIMING] emit_host_span: [STRACE] v=1 pid=460626 tid=460626 inv=22 hid=1b9a2b8de39e9724 depth=3 name=chip.run.runner_run.device_wall.sm_reset ts=8129 dur=4001 clk=dev
[mono_ns=182507693055998][T0x73695a0d7740][TIMING] emit_host_span: [STRACE] v=1 pid=460626 tid=460626 inv=22 hid=1b9a2b8de39e9724 depth=3 name=chip.run.runner_run.device_wall.post_orch ts=1364585 dur=4306 clk=dev
[mono_ns=182507693057000][T0x73695a0d7740][TIMING] emit_host_span: [STRACE] v=1 pid=460626 tid=460626 inv=22 hid=1b9a2b8de39e9724 depth=3 name=chip.run.runner_run.device_wall.orch ts=12255 dur=1332331 clk=dev
[mono_ns=182507693057991][T0x73695a0d7740][TIMING] emit_host_span: [STRACE] v=1 pid=460626 tid=460626 inv=22 hid=1b9a2b8de39e9724 depth=3 name=chip.run.runner_run.device_wall.sched ts=13189 dur=1335541 clk=dev
[mono_ns=182507693062598][T0x73695a0d7740][TIMING] emit_host_span: [STRACE] v=1 pid=460626 tid=460626 inv=22 hid=1b9a2b8de39e9724 depth=1 name=chip.run.claim_release ts=182507693061947 dur=70
[mono_ns=182507693064271][T0x73695a0d7740][TIMING] emit_host_span: [STRACE] v=1 pid=460626 tid=460626 inv=22 hid=1b9a2b8de39e9724 depth=0 name=chip.run ts=182507585206825 dur=107856855 run_id=0 dispatch_id=0 slot_id=0 generation=22 run_epoch=22
[mono_ns=182507761352686][T0x73695a0d7740][TIMING] emit_host_span: [STRACE] v=1 pid=460626 tid=460626 inv=23 hid=1b9a2b8de39e9724 depth=2 name=chip.run.bind.args ts=182507694538043 dur=66811769
[mono_ns=182507761364193][T0x73695a0d7740][TIMING] emit_host_span: [STRACE] v=1 pid=460626 tid=460626 inv=23 hid=1b9a2b8de39e9724 depth=2 name=chip.run.bind.prebuilt ts=182507761361690 dur=1812
[mono_ns=182507761365686][T0x73695a0d7740][TIMING] emit_host_span: [STRACE] v=1 pid=460626 tid=460626 inv=23 hid=1b9a2b8de39e9724 depth=1 name=chip.run.bind ts=182507694534137 dur=66830847
[mono_ns=182507766369596][T0x73695a0d7740][WARN] prepare_execution: [device_runner.cpp:343] AICPU CPU_TOPO unavailable; using json_fallback: soc=Ascend950PR_9579 occupy=0x3e stable_reachable=5 requested=0 effective=5 affinity=[1, 2, 3, 4, 5(orch)]
[mono_ns=182507767945491][T0x73695a0d7740][TIMING] emit_host_span: [STRACE] v=1 pid=460626 tid=460626 inv=23 hid=1b9a2b8de39e9724 depth=1 name=chip.run.runner_run ts=182507766423767 dur=1520873
[mono_ns=182507799817168][T0x73695a0d7740][TIMING] emit_host_span: [STRACE] v=1 pid=460626 tid=460626 inv=23 hid=1b9a2b8de39e9724 depth=1 name=chip.run.validate ts=182507767949037 dur=31866929
[mono_ns=182507799821254][T0x73695a0d7740][TIMING] emit_host_span: [STRACE] v=1 pid=460626 tid=460626 inv=23 hid=1b9a2b8de39e9724 depth=2 name=chip.run.runner_run.device_wall ts=0 dur=1368248 clk=dev
[mono_ns=182507799822776][T0x73695a0d7740][TIMING] emit_host_span: [STRACE] v=1 pid=460626 tid=460626 inv=23 hid=1b9a2b8de39e9724 depth=3 name=chip.run.runner_run.device_wall.preamble ts=0 dur=13055 clk=dev
[mono_ns=182507799823948][T0x73695a0d7740][TIMING] emit_host_span: [STRACE] v=1 pid=460626 tid=460626 inv=23 hid=1b9a2b8de39e9724 depth=3 name=chip.run.runner_run.device_wall.graph_build ts=3110 dur=1359842 clk=dev
[mono_ns=182507799824950][T0x73695a0d7740][TIMING] emit_host_span: [STRACE] v=1 pid=460626 tid=460626 inv=23 hid=1b9a2b8de39e9724 depth=3 name=chip.run.runner_run.device_wall.config_validate ts=3651 dur=1617 clk=dev
[mono_ns=182507799825931][T0x73695a0d7740][TIMING] emit_host_span: [STRACE] v=1 pid=460626 tid=460626 inv=23 hid=1b9a2b8de39e9724 depth=3 name=chip.run.runner_run.device_wall.arena_wire ts=5288 dur=3756 clk=dev
[mono_ns=182507799826903][T0x73695a0d7740][TIMING] emit_host_span: [STRACE] v=1 pid=460626 tid=460626 inv=23 hid=1b9a2b8de39e9724 depth=3 name=chip.run.runner_run.device_wall.sm_reset ts=9278 dur=5616 clk=dev
[mono_ns=182507799827924][T0x73695a0d7740][TIMING] emit_host_span: [STRACE] v=1 pid=460626 tid=460626 inv=23 hid=1b9a2b8de39e9724 depth=3 name=chip.run.runner_run.device_wall.post_orch ts=1362970 dur=4476 clk=dev
[mono_ns=182507799828936][T0x73695a0d7740][TIMING] emit_host_span: [STRACE] v=1 pid=460626 tid=460626 inv=23 hid=1b9a2b8de39e9724 depth=3 name=chip.run.runner_run.device_wall.orch ts=15103 dur=1326888 clk=dev
[mono_ns=182507799829907][T0x73695a0d7740][TIMING] emit_host_span: [STRACE] v=1 pid=460626 tid=460626 inv=23 hid=1b9a2b8de39e9724 depth=3 name=chip.run.runner_run.device_wall.sched ts=15630 dur=1331371 clk=dev
[mono_ns=182507799831159][T0x73695a0d7740][TIMING] emit_host_span: [STRACE] v=1 pid=460626 tid=460626 inv=23 hid=1b9a2b8de39e9724 depth=1 name=chip.run.claim_release ts=182507799830548 dur=90
[mono_ns=182507799832581][T0x73695a0d7740][TIMING] emit_host_span: [STRACE] v=1 pid=460626 tid=460626 inv=23 hid=1b9a2b8de39e9724 depth=0 name=chip.run ts=182507694528328 dur=105303592 run_id=0 dispatch_id=0 slot_id=0 generation=23 run_epoch=23
[mono_ns=182507875832821][T0x73695a0d7740][TIMING] emit_host_span: [STRACE] v=1 pid=460626 tid=460626 inv=24 hid=1b9a2b8de39e9724 depth=2 name=chip.run.bind.args ts=182507801308867 dur=74501080
[mono_ns=182507875926232][T0x73695a0d7740][TIMING] emit_host_span: [STRACE] v=1 pid=460626 tid=460626 inv=24 hid=1b9a2b8de39e9724 depth=2 name=chip.run.bind.prebuilt ts=182507875921475 dur=3555
[mono_ns=182507875931870][T0x73695a0d7740][TIMING] emit_host_span: [STRACE] v=1 pid=460626 tid=460626 inv=24 hid=1b9a2b8de39e9724 depth=1 name=chip.run.bind ts=182507801305492 dur=74622582
[mono_ns=182507881195400][T0x73695a0d7740][WARN] prepare_execution: [device_runner.cpp:343] AICPU CPU_TOPO unavailable; using json_fallback: soc=Ascend950PR_9579 occupy=0x3e stable_reachable=5 requested=0 effective=5 affinity=[1, 2, 3, 4, 5(orch)]
[mono_ns=182507882858677][T0x73695a0d7740][TIMING] emit_host_span: [STRACE] v=1 pid=460626 tid=460626 inv=24 hid=1b9a2b8de39e9724 depth=1 name=chip.run.runner_run ts=182507881274860 dur=1581083
[mono_ns=182507929708665][T0x73695a0d7740][TIMING] emit_host_span: [STRACE] v=1 pid=460626 tid=460626 inv=24 hid=1b9a2b8de39e9724 depth=1 name=chip.run.validate ts=182507882864065 dur=46841325
[mono_ns=182507929714984][T0x73695a0d7740][TIMING] emit_host_span: [STRACE] v=1 pid=460626 tid=460626 inv=24 hid=1b9a2b8de39e9724 depth=2 name=chip.run.runner_run.device_wall ts=0 dur=1346559 clk=dev
[mono_ns=182507929717178][T0x73695a0d7740][TIMING] emit_host_span: [STRACE] v=1 pid=460626 tid=460626 inv=24 hid=1b9a2b8de39e9724 depth=3 name=chip.run.runner_run.device_wall.preamble ts=0 dur=12969 clk=dev
[mono_ns=182507929718499][T0x73695a0d7740][TIMING] emit_host_span: [STRACE] v=1 pid=460626 tid=460626 inv=24 hid=1b9a2b8de39e9724 depth=3 name=chip.run.runner_run.device_wall.graph_build ts=2619 dur=1339197 clk=dev
[mono_ns=182507929719631][T0x73695a0d7740][TIMING] emit_host_span: [STRACE] v=1 pid=460626 tid=460626 inv=24 hid=1b9a2b8de39e9724 depth=3 name=chip.run.runner_run.device_wall.config_validate ts=3139 dur=1055 clk=dev
[mono_ns=182507929720633][T0x73695a0d7740][TIMING] emit_host_span: [STRACE] v=1 pid=460626 tid=460626 inv=24 hid=1b9a2b8de39e9724 depth=3 name=chip.run.runner_run.device_wall.arena_wire ts=4213 dur=2957 clk=dev
[mono_ns=182507929721654][T0x73695a0d7740][TIMING] emit_host_span: [STRACE] v=1 pid=460626 tid=460626 inv=24 hid=1b9a2b8de39e9724 depth=3 name=chip.run.runner_run.device_wall.sm_reset ts=7248 dur=4885 clk=dev
[mono_ns=182507929722706][T0x73695a0d7740][TIMING] emit_host_span: [STRACE] v=1 pid=460626 tid=460626 inv=24 hid=1b9a2b8de39e9724 depth=3 name=chip.run.runner_run.device_wall.post_orch ts=1341835 dur=4277 clk=dev
[mono_ns=182507929723717][T0x73695a0d7740][TIMING] emit_host_span: [STRACE] v=1 pid=460626 tid=460626 inv=24 hid=1b9a2b8de39e9724 depth=3 name=chip.run.runner_run.device_wall.orch ts=12394 dur=1309610 clk=dev
[mono_ns=182507929724699][T0x73695a0d7740][TIMING] emit_host_span: [STRACE] v=1 pid=460626 tid=460626 inv=24 hid=1b9a2b8de39e9724 depth=3 name=chip.run.runner_run.device_wall.sched ts=13322 dur=1312596 clk=dev
[mono_ns=182507929726471][T0x73695a0d7740][TIMING] emit_host_span: [STRACE] v=1 pid=460626 tid=460626 inv=24 hid=1b9a2b8de39e9724 depth=1 name=chip.run.claim_release ts=182507929725490 dur=361
[mono_ns=182507929728955][T0x73695a0d7740][TIMING] emit_host_span: [STRACE] v=1 pid=460626 tid=460626 inv=24 hid=1b9a2b8de39e9724 depth=0 name=chip.run ts=182507801300254 dur=128427760 run_id=0 dispatch_id=0 slot_id=0 generation=24 run_epoch=24
[mono_ns=182508023623513][T0x73695a0d7740][TIMING] emit_host_span: [STRACE] v=1 pid=460626 tid=460626 inv=25 hid=1b9a2b8de39e9724 depth=2 name=chip.run.bind.args ts=182507931383849 dur=92231883
[mono_ns=182508023653639][T0x73695a0d7740][TIMING] emit_host_span: [STRACE] v=1 pid=460626 tid=460626 inv=25 hid=1b9a2b8de39e9724 depth=2 name=chip.run.bind.prebuilt ts=182508023650183 dur=2304
[mono_ns=182508023656623][T0x73695a0d7740][TIMING] emit_host_span: [STRACE] v=1 pid=460626 tid=460626 inv=25 hid=1b9a2b8de39e9724 depth=1 name=chip.run.bind ts=182507931376608 dur=92278833
[mono_ns=182508028798611][T0x73695a0d7740][WARN] prepare_execution: [device_runner.cpp:343] AICPU CPU_TOPO unavailable; using json_fallback: soc=Ascend950PR_9579 occupy=0x3e stable_reachable=5 requested=0 effective=5 affinity=[1, 2, 3, 4, 5(orch)]
[mono_ns=182508030454777][T0x73695a0d7740][TIMING] emit_host_span: [STRACE] v=1 pid=460626 tid=460626 inv=25 hid=1b9a2b8de39e9724 depth=1 name=chip.run.runner_run ts=182508028873543 dur=1579621
[mono_ns=182508068042262][T0x73695a0d7740][TIMING] emit_host_span: [STRACE] v=1 pid=460626 tid=460626 inv=25 hid=1b9a2b8de39e9724 depth=1 name=chip.run.validate ts=182508030458692 dur=37581898
[mono_ns=182508068049874][T0x73695a0d7740][TIMING] emit_host_span: [STRACE] v=1 pid=460626 tid=460626 inv=25 hid=1b9a2b8de39e9724 depth=2 name=chip.run.runner_run.device_wall ts=0 dur=1345707 clk=dev
[mono_ns=182508068051586][T0x73695a0d7740][TIMING] emit_host_span: [STRACE] v=1 pid=460626 tid=460626 inv=25 hid=1b9a2b8de39e9724 depth=3 name=chip.run.runner_run.device_wall.preamble ts=0 dur=13429 clk=dev
[mono_ns=182508068052928][T0x73695a0d7740][TIMING] emit_host_span: [STRACE] v=1 pid=460626 tid=460626 inv=25 hid=1b9a2b8de39e9724 depth=3 name=chip.run.runner_run.device_wall.graph_build ts=3178 dur=1338072 clk=dev
[mono_ns=182508068053970][T0x73695a0d7740][TIMING] emit_host_span: [STRACE] v=1 pid=460626 tid=460626 inv=25 hid=1b9a2b8de39e9724 depth=3 name=chip.run.runner_run.device_wall.config_validate ts=3501 dur=1384 clk=dev
[mono_ns=182508068055001][T0x73695a0d7740][TIMING] emit_host_span: [STRACE] v=1 pid=460626 tid=460626 inv=25 hid=1b9a2b8de39e9724 depth=3 name=chip.run.runner_run.device_wall.arena_wire ts=4947 dur=2663 clk=dev
[mono_ns=182508068056003][T0x73695a0d7740][TIMING] emit_host_span: [STRACE] v=1 pid=460626 tid=460626 inv=25 hid=1b9a2b8de39e9724 depth=3 name=chip.run.runner_run.device_wall.sm_reset ts=7629 dur=3987 clk=dev
[mono_ns=182508068057255][T0x73695a0d7740][TIMING] emit_host_span: [STRACE] v=1 pid=460626 tid=460626 inv=25 hid=1b9a2b8de39e9724 depth=3 name=chip.run.runner_run.device_wall.post_orch ts=1341268 dur=3999 clk=dev
[mono_ns=182508068058256][T0x73695a0d7740][TIMING] emit_host_span: [STRACE] v=1 pid=460626 tid=460626 inv=25 hid=1b9a2b8de39e9724 depth=3 name=chip.run.runner_run.device_wall.orch ts=11810 dur=1310291 clk=dev
[mono_ns=182508068059248][T0x73695a0d7740][TIMING] emit_host_span: [STRACE] v=1 pid=460626 tid=460626 inv=25 hid=1b9a2b8de39e9724 depth=3 name=chip.run.runner_run.device_wall.sched ts=12842 dur=1312463 clk=dev
[mono_ns=182508068060880][T0x73695a0d7740][TIMING] emit_host_span: [STRACE] v=1 pid=460626 tid=460626 inv=25 hid=1b9a2b8de39e9724 depth=1 name=chip.run.claim_release ts=182508068059919 dur=360
[mono_ns=182508068063174][T0x73695a0d7740][TIMING] emit_host_span: [STRACE] v=1 pid=460626 tid=460626 inv=25 hid=1b9a2b8de39e9724 depth=0 name=chip.run ts=182507931360384 dur=136701868 run_id=0 dispatch_id=0 slot_id=0 generation=25 run_epoch=25
[mono_ns=182508147221394][T0x73695a0d7740][TIMING] emit_host_span: [STRACE] v=1 pid=460626 tid=460626 inv=26 hid=1b9a2b8de39e9724 depth=2 name=chip.run.bind.args ts=182508069584257 dur=77632430
[mono_ns=182508147246762][T0x73695a0d7740][TIMING] emit_host_span: [STRACE] v=1 pid=460626 tid=460626 inv=26 hid=1b9a2b8de39e9724 depth=2 name=chip.run.bind.prebuilt ts=182508147243267 dur=2624
[mono_ns=182508147249145][T0x73695a0d7740][TIMING] emit_host_span: [STRACE] v=1 pid=460626 tid=460626 inv=26 hid=1b9a2b8de39e9724 depth=1 name=chip.run.bind ts=182508069576024 dur=77671910
[mono_ns=182508152404293][T0x73695a0d7740][WARN] prepare_execution: [device_runner.cpp:343] AICPU CPU_TOPO unavailable; using json_fallback: soc=Ascend950PR_9579 occupy=0x3e stable_reachable=5 requested=0 effective=5 affinity=[1, 2, 3, 4, 5(orch)]
[mono_ns=182508154045586][T0x73695a0d7740][TIMING] emit_host_span: [STRACE] v=1 pid=460626 tid=460626 inv=26 hid=1b9a2b8de39e9724 depth=1 name=chip.run.runner_run ts=182508152474829 dur=1569425
[mono_ns=182508189829515][T0x73695a0d7740][TIMING] emit_host_span: [STRACE] v=1 pid=460626 tid=460626 inv=26 hid=1b9a2b8de39e9724 depth=1 name=chip.run.validate ts=182508154049052 dur=35778140
[mono_ns=182508189845008][T0x73695a0d7740][TIMING] emit_host_span: [STRACE] v=1 pid=460626 tid=460626 inv=26 hid=1b9a2b8de39e9724 depth=2 name=chip.run.runner_run.device_wall ts=0 dur=1353952 clk=dev
[mono_ns=182508189846551][T0x73695a0d7740][TIMING] emit_host_span: [STRACE] v=1 pid=460626 tid=460626 inv=26 hid=1b9a2b8de39e9724 depth=3 name=chip.run.runner_run.device_wall.preamble ts=0 dur=13879 clk=dev
[mono_ns=182508189847763][T0x73695a0d7740][TIMING] emit_host_span: [STRACE] v=1 pid=460626 tid=460626 inv=26 hid=1b9a2b8de39e9724 depth=3 name=chip.run.runner_run.device_wall.graph_build ts=2348 dur=1347438 clk=dev
[mono_ns=182508189848864][T0x73695a0d7740][TIMING] emit_host_span: [STRACE] v=1 pid=460626 tid=460626 inv=26 hid=1b9a2b8de39e9724 depth=3 name=chip.run.runner_run.device_wall.config_validate ts=2630 dur=1640 clk=dev
[mono_ns=182508189849846][T0x73695a0d7740][TIMING] emit_host_span: [STRACE] v=1 pid=460626 tid=460626 inv=26 hid=1b9a2b8de39e9724 depth=3 name=chip.run.runner_run.device_wall.arena_wire ts=4286 dur=3432 clk=dev
[mono_ns=182508189850827][T0x73695a0d7740][TIMING] emit_host_span: [STRACE] v=1 pid=460626 tid=460626 inv=26 hid=1b9a2b8de39e9724 depth=3 name=chip.run.runner_run.device_wall.sm_reset ts=7838 dur=3734 clk=dev
[mono_ns=182508189852019][T0x73695a0d7740][TIMING] emit_host_span: [STRACE] v=1 pid=460626 tid=460626 inv=26 hid=1b9a2b8de39e9724 depth=3 name=chip.run.runner_run.device_wall.post_orch ts=1349803 dur=3846 clk=dev
[mono_ns=182508189853020][T0x73695a0d7740][TIMING] emit_host_span: [STRACE] v=1 pid=460626 tid=460626 inv=26 hid=1b9a2b8de39e9724 depth=3 name=chip.run.runner_run.device_wall.orch ts=11765 dur=1318057 clk=dev
[mono_ns=182508189854002][T0x73695a0d7740][TIMING] emit_host_span: [STRACE] v=1 pid=460626 tid=460626 inv=26 hid=1b9a2b8de39e9724 depth=3 name=chip.run.runner_run.device_wall.sched ts=13169 dur=1320711 clk=dev
[mono_ns=182508189855654][T0x73695a0d7740][TIMING] emit_host_span: [STRACE] v=1 pid=460626 tid=460626 inv=26 hid=1b9a2b8de39e9724 depth=1 name=chip.run.claim_release ts=182508189854623 dur=461
[mono_ns=182508189857637][T0x73695a0d7740][TIMING] emit_host_span: [STRACE] v=1 pid=460626 tid=460626 inv=26 hid=1b9a2b8de39e9724 depth=0 name=chip.run ts=182508069562184 dur=120294562 run_id=0 dispatch_id=0 slot_id=0 generation=26 run_epoch=26
[mono_ns=182508265640411][T0x73695a0d7740][TIMING] emit_host_span: [STRACE] v=1 pid=460626 tid=460626 inv=27 hid=1b9a2b8de39e9724 depth=2 name=chip.run.bind.args ts=182508191360874 dur=74275421
[mono_ns=182508265660361][T0x73695a0d7740][TIMING] emit_host_span: [STRACE] v=1 pid=460626 tid=460626 inv=27 hid=1b9a2b8de39e9724 depth=2 name=chip.run.bind.prebuilt ts=182508265657437 dur=2073
[mono_ns=182508265662034][T0x73695a0d7740][TIMING] emit_host_span: [STRACE] v=1 pid=460626 tid=460626 inv=27 hid=1b9a2b8de39e9724 depth=1 name=chip.run.bind ts=182508191353292 dur=74307880
[mono_ns=182508270799925][T0x73695a0d7740][WARN] prepare_execution: [device_runner.cpp:343] AICPU CPU_TOPO unavailable; using json_fallback: soc=Ascend950PR_9579 occupy=0x3e stable_reachable=5 requested=0 effective=5 affinity=[1, 2, 3, 4, 5(orch)]
[mono_ns=182508272404303][T0x73695a0d7740][TIMING] emit_host_span: [STRACE] v=1 pid=460626 tid=460626 inv=27 hid=1b9a2b8de39e9724 depth=1 name=chip.run.runner_run ts=182508270868318 dur=1534493
[mono_ns=182508307234260][T0x73695a0d7740][TIMING] emit_host_span: [STRACE] v=1 pid=460626 tid=460626 inv=27 hid=1b9a2b8de39e9724 depth=1 name=chip.run.validate ts=182508272408490 dur=34823777
[mono_ns=182508307240079][T0x73695a0d7740][TIMING] emit_host_span: [STRACE] v=1 pid=460626 tid=460626 inv=27 hid=1b9a2b8de39e9724 depth=2 name=chip.run.runner_run.device_wall ts=0 dur=1323980 clk=dev
[mono_ns=182508307241852][T0x73695a0d7740][TIMING] emit_host_span: [STRACE] v=1 pid=460626 tid=460626 inv=27 hid=1b9a2b8de39e9724 depth=3 name=chip.run.runner_run.device_wall.preamble ts=0 dur=12673 clk=dev
[mono_ns=182508307251636][T0x73695a0d7740][TIMING] emit_host_span: [STRACE] v=1 pid=460626 tid=460626 inv=27 hid=1b9a2b8de39e9724 depth=3 name=chip.run.runner_run.device_wall.graph_build ts=3127 dur=1316268 clk=dev
[mono_ns=182508307252648][T0x73695a0d7740][TIMING] emit_host_span: [STRACE] v=1 pid=460626 tid=460626 inv=27 hid=1b9a2b8de39e9724 depth=3 name=chip.run.runner_run.device_wall.config_validate ts=3547 dur=1403 clk=dev
[mono_ns=182508307253639][T0x73695a0d7740][TIMING] emit_host_span: [STRACE] v=1 pid=460626 tid=460626 inv=27 hid=1b9a2b8de39e9724 depth=3 name=chip.run.runner_run.device_wall.arena_wire ts=5085 dur=3158 clk=dev
[mono_ns=182508307254601][T0x73695a0d7740][TIMING] emit_host_span: [STRACE] v=1 pid=460626 tid=460626 inv=27 hid=1b9a2b8de39e9724 depth=3 name=chip.run.runner_run.device_wall.sm_reset ts=8264 dur=4094 clk=dev
[mono_ns=182508307255793][T0x73695a0d7740][TIMING] emit_host_span: [STRACE] v=1 pid=460626 tid=460626 inv=27 hid=1b9a2b8de39e9724 depth=3 name=chip.run.runner_run.device_wall.post_orch ts=1319414 dur=3730 clk=dev
[mono_ns=182508307256784][T0x73695a0d7740][TIMING] emit_host_span: [STRACE] v=1 pid=460626 tid=460626 inv=27 hid=1b9a2b8de39e9724 depth=3 name=chip.run.runner_run.device_wall.orch ts=12384 dur=1287401 clk=dev
[mono_ns=182508307257765][T0x73695a0d7740][TIMING] emit_host_span: [STRACE] v=1 pid=460626 tid=460626 inv=27 hid=1b9a2b8de39e9724 depth=3 name=chip.run.runner_run.device_wall.sched ts=13065 dur=1290531 clk=dev
[mono_ns=182508307259178][T0x73695a0d7740][TIMING] emit_host_span: [STRACE] v=1 pid=460626 tid=460626 inv=27 hid=1b9a2b8de39e9724 depth=1 name=chip.run.claim_release ts=182508307258567 dur=60
[mono_ns=182508307261191][T0x73695a0d7740][TIMING] emit_host_span: [STRACE] v=1 pid=460626 tid=460626 inv=27 hid=1b9a2b8de39e9724 depth=0 name=chip.run ts=182508191336677 dur=115923662 run_id=0 dispatch_id=0 slot_id=0 generation=27 run_epoch=27
[mono_ns=182508382051445][T0x73695a0d7740][TIMING] emit_host_span: [STRACE] v=1 pid=460626 tid=460626 inv=28 hid=1b9a2b8de39e9724 depth=2 name=chip.run.bind.args ts=182508308699189 dur=73347609
[mono_ns=182508382072967][T0x73695a0d7740][TIMING] emit_host_span: [STRACE] v=1 pid=460626 tid=460626 inv=28 hid=1b9a2b8de39e9724 depth=2 name=chip.run.bind.prebuilt ts=182508382069752 dur=2384
[mono_ns=182508382075010][T0x73695a0d7740][TIMING] emit_host_span: [STRACE] v=1 pid=460626 tid=460626 inv=28 hid=1b9a2b8de39e9724 depth=1 name=chip.run.bind ts=182508308692198 dur=73381781
[mono_ns=182508387198460][T0x73695a0d7740][WARN] prepare_execution: [device_runner.cpp:343] AICPU CPU_TOPO unavailable; using json_fallback: soc=Ascend950PR_9579 occupy=0x3e stable_reachable=5 requested=0 effective=5 affinity=[1, 2, 3, 4, 5(orch)]
[mono_ns=182508388829899][T0x73695a0d7740][TIMING] emit_host_span: [STRACE] v=1 pid=460626 tid=460626 inv=28 hid=1b9a2b8de39e9724 depth=1 name=chip.run.runner_run ts=182508387262376 dur=1566471
[mono_ns=182508424038985][T0x73695a0d7740][TIMING] emit_host_span: [STRACE] v=1 pid=460626 tid=460626 inv=28 hid=1b9a2b8de39e9724 depth=1 name=chip.run.validate ts=182508388833294 dur=35203377
[mono_ns=182508424045214][T0x73695a0d7740][TIMING] emit_host_span: [STRACE] v=1 pid=460626 tid=460626 inv=28 hid=1b9a2b8de39e9724 depth=2 name=chip.run.runner_run.device_wall ts=0 dur=1372912 clk=dev
[mono_ns=182508424046816][T0x73695a0d7740][TIMING] emit_host_span: [STRACE] v=1 pid=460626 tid=460626 inv=28 hid=1b9a2b8de39e9724 depth=3 name=chip.run.runner_run.device_wall.preamble ts=0 dur=13245 clk=dev
[mono_ns=182508424048028][T0x73695a0d7740][TIMING] emit_host_span: [STRACE] v=1 pid=460626 tid=460626 inv=28 hid=1b9a2b8de39e9724 depth=3 name=chip.run.runner_run.device_wall.graph_build ts=2736 dur=1364881 clk=dev
[mono_ns=182508424049030][T0x73695a0d7740][TIMING] emit_host_span: [STRACE] v=1 pid=460626 tid=460626 inv=28 hid=1b9a2b8de39e9724 depth=3 name=chip.run.runner_run.device_wall.config_validate ts=3328 dur=1323 clk=dev
[mono_ns=182508424050001][T0x73695a0d7740][TIMING] emit_host_span: [STRACE] v=1 pid=460626 tid=460626 inv=28 hid=1b9a2b8de39e9724 depth=3 name=chip.run.runner_run.device_wall.arena_wire ts=4889 dur=3044 clk=dev
[mono_ns=182508424057282][T0x73695a0d7740][TIMING] emit_host_span: [STRACE] v=1 pid=460626 tid=460626 inv=28 hid=1b9a2b8de39e9724 depth=3 name=chip.run.runner_run.device_wall.sm_reset ts=7953 dur=5266 clk=dev
[mono_ns=182508424058324][T0x73695a0d7740][TIMING] emit_host_span: [STRACE] v=1 pid=460626 tid=460626 inv=28 hid=1b9a2b8de39e9724 depth=3 name=chip.run.runner_run.device_wall.post_orch ts=1367667 dur=4791 clk=dev
[mono_ns=182508424059335][T0x73695a0d7740][TIMING] emit_host_span: [STRACE] v=1 pid=460626 tid=460626 inv=28 hid=1b9a2b8de39e9724 depth=3 name=chip.run.runner_run.device_wall.orch ts=13286 dur=1334578 clk=dev
[mono_ns=182508424060327][T0x73695a0d7740][TIMING] emit_host_span: [STRACE] v=1 pid=460626 tid=460626 inv=28 hid=1b9a2b8de39e9724 depth=3 name=chip.run.runner_run.device_wall.sched ts=13947 dur=1337491 clk=dev
[mono_ns=182508424061609][T0x73695a0d7740][TIMING] emit_host_span: [STRACE] v=1 pid=460626 tid=460626 inv=28 hid=1b9a2b8de39e9724 depth=1 name=chip.run.claim_release ts=182508424060968 dur=90
[mono_ns=182508424063391][T0x73695a0d7740][TIMING] emit_host_span: [STRACE] v=1 pid=460626 tid=460626 inv=28 hid=1b9a2b8de39e9724 depth=0 name=chip.run ts=182508308680531 dur=115382209 run_id=0 dispatch_id=0 slot_id=0 generation=28 run_epoch=28
[mono_ns=182508498419784][T0x73695a0d7740][TIMING] emit_host_span: [STRACE] v=1 pid=460626 tid=460626 inv=29 hid=1b9a2b8de39e9724 depth=2 name=chip.run.bind.args ts=182508425522291 dur=72893327
[mono_ns=182508498438703][T0x73695a0d7740][TIMING] emit_host_span: [STRACE] v=1 pid=460626 tid=460626 inv=29 hid=1b9a2b8de39e9724 depth=2 name=chip.run.bind.prebuilt ts=182508498435758 dur=2073
[mono_ns=182508498440906][T0x73695a0d7740][TIMING] emit_host_span: [STRACE] v=1 pid=460626 tid=460626 inv=29 hid=1b9a2b8de39e9724 depth=1 name=chip.run.bind ts=182508425515962 dur=72923702
[mono_ns=182508503543204][T0x73695a0d7740][WARN] prepare_execution: [device_runner.cpp:343] AICPU CPU_TOPO unavailable; using json_fallback: soc=Ascend950PR_9579 occupy=0x3e stable_reachable=5 requested=0 effective=5 affinity=[1, 2, 3, 4, 5(orch)]
[mono_ns=182508505180942][T0x73695a0d7740][TIMING] emit_host_span: [STRACE] v=1 pid=460626 tid=460626 inv=29 hid=1b9a2b8de39e9724 depth=1 name=chip.run.runner_run ts=182508503612528 dur=1567252
[mono_ns=182508537871598][T0x73695a0d7740][TIMING] emit_host_span: [STRACE] v=1 pid=460626 tid=460626 inv=29 hid=1b9a2b8de39e9724 depth=1 name=chip.run.validate ts=182508505184688 dur=32685027
[mono_ns=182508537875614][T0x73695a0d7740][TIMING] emit_host_span: [STRACE] v=1 pid=460626 tid=460626 inv=29 hid=1b9a2b8de39e9724 depth=2 name=chip.run.runner_run.device_wall ts=0 dur=1329541 clk=dev
[mono_ns=182508537877287][T0x73695a0d7740][TIMING] emit_host_span: [STRACE] v=1 pid=460626 tid=460626 inv=29 hid=1b9a2b8de39e9724 depth=3 name=chip.run.runner_run.device_wall.preamble ts=0 dur=13159 clk=dev
[mono_ns=182508537878709][T0x73695a0d7740][TIMING] emit_host_span: [STRACE] v=1 pid=460626 tid=460626 inv=29 hid=1b9a2b8de39e9724 depth=3 name=chip.run.runner_run.device_wall.graph_build ts=3269 dur=1321956 clk=dev
[mono_ns=182508537879700][T0x73695a0d7740][TIMING] emit_host_span: [STRACE] v=1 pid=460626 tid=460626 inv=29 hid=1b9a2b8de39e9724 depth=3 name=chip.run.runner_run.device_wall.config_validate ts=3883 dur=1327 clk=dev
[mono_ns=182508537880682][T0x73695a0d7740][TIMING] emit_host_span: [STRACE] v=1 pid=460626 tid=460626 inv=29 hid=1b9a2b8de39e9724 depth=3 name=chip.run.runner_run.device_wall.arena_wire ts=5465 dur=3361 clk=dev
[mono_ns=182508537881653][T0x73695a0d7740][TIMING] emit_host_span: [STRACE] v=1 pid=460626 tid=460626 inv=29 hid=1b9a2b8de39e9724 depth=3 name=chip.run.runner_run.device_wall.sm_reset ts=8846 dur=3796 clk=dev
[mono_ns=182508537882675][T0x73695a0d7740][TIMING] emit_host_span: [STRACE] v=1 pid=460626 tid=460626 inv=29 hid=1b9a2b8de39e9724 depth=3 name=chip.run.runner_run.device_wall.post_orch ts=1325258 dur=3732 clk=dev
[mono_ns=182508537883676][T0x73695a0d7740][TIMING] emit_host_span: [STRACE] v=1 pid=460626 tid=460626 inv=29 hid=1b9a2b8de39e9724 depth=3 name=chip.run.runner_run.device_wall.orch ts=12665 dur=1293167 clk=dev
[mono_ns=182508537890777][T0x73695a0d7740][TIMING] emit_host_span: [STRACE] v=1 pid=460626 tid=460626 inv=29 hid=1b9a2b8de39e9724 depth=3 name=chip.run.runner_run.device_wall.sched ts=13476 dur=1296122 clk=dev
[mono_ns=182508537892119][T0x73695a0d7740][TIMING] emit_host_span: [STRACE] v=1 pid=460626 tid=460626 inv=29 hid=1b9a2b8de39e9724 depth=1 name=chip.run.claim_release ts=182508537891418 dur=100
[mono_ns=182508537894122][T0x73695a0d7740][TIMING] emit_host_span: [STRACE] v=1 pid=460626 tid=460626 inv=29 hid=1b9a2b8de39e9724 depth=0 name=chip.run ts=182508425504244 dur=112389207 run_id=0 dispatch_id=0 slot_id=0 generation=29 run_epoch=29
[mono_ns=182508611973960][T0x73695a0d7740][TIMING] emit_host_span: [STRACE] v=1 pid=460626 tid=460626 inv=30 hid=1b9a2b8de39e9724 depth=2 name=chip.run.bind.args ts=182508539342506 dur=72628089
[mono_ns=182508611993399][T0x73695a0d7740][TIMING] emit_host_span: [STRACE] v=1 pid=460626 tid=460626 inv=30 hid=1b9a2b8de39e9724 depth=2 name=chip.run.bind.prebuilt ts=182508611990385 dur=2203
[mono_ns=182508611995192][T0x73695a0d7740][TIMING] emit_host_span: [STRACE] v=1 pid=460626 tid=460626 inv=30 hid=1b9a2b8de39e9724 depth=1 name=chip.run.bind ts=182508539336457 dur=72657753
[mono_ns=182508617074846][T0x73695a0d7740][WARN] prepare_execution: [device_runner.cpp:343] AICPU CPU_TOPO unavailable; using json_fallback: soc=Ascend950PR_9579 occupy=0x3e stable_reachable=5 requested=0 effective=5 affinity=[1, 2, 3, 4, 5(orch)]
[mono_ns=182508618657471][T0x73695a0d7740][TIMING] emit_host_span: [STRACE] v=1 pid=460626 tid=460626 inv=30 hid=1b9a2b8de39e9724 depth=1 name=chip.run.runner_run ts=182508617141135 dur=1515285
[mono_ns=182508652933777][T0x73695a0d7740][TIMING] emit_host_span: [STRACE] v=1 pid=460626 tid=460626 inv=30 hid=1b9a2b8de39e9724 depth=1 name=chip.run.validate ts=182508618661537 dur=34270678
[mono_ns=182508652939466][T0x73695a0d7740][TIMING] emit_host_span: [STRACE] v=1 pid=460626 tid=460626 inv=30 hid=1b9a2b8de39e9724 depth=2 name=chip.run.runner_run.device_wall ts=0 dur=1327048 clk=dev
[mono_ns=182508652941118][T0x73695a0d7740][TIMING] emit_host_span: [STRACE] v=1 pid=460626 tid=460626 inv=30 hid=1b9a2b8de39e9724 depth=3 name=chip.run.runner_run.device_wall.preamble ts=0 dur=16367 clk=dev
[mono_ns=182508652942500][T0x73695a0d7740][TIMING] emit_host_span: [STRACE] v=1 pid=460626 tid=460626 inv=30 hid=1b9a2b8de39e9724 depth=3 name=chip.run.runner_run.device_wall.graph_build ts=5480 dur=1317280 clk=dev
[mono_ns=182508652943492][T0x73695a0d7740][TIMING] emit_host_span: [STRACE] v=1 pid=460626 tid=460626 inv=30 hid=1b9a2b8de39e9724 depth=3 name=chip.run.runner_run.device_wall.config_validate ts=5986 dur=1451 clk=dev
[mono_ns=182508652944473][T0x73695a0d7740][TIMING] emit_host_span: [STRACE] v=1 pid=460626 tid=460626 inv=30 hid=1b9a2b8de39e9724 depth=3 name=chip.run.runner_run.device_wall.arena_wire ts=7654 dur=2525 clk=dev
[mono_ns=182508652945495][T0x73695a0d7740][TIMING] emit_host_span: [STRACE] v=1 pid=460626 tid=460626 inv=30 hid=1b9a2b8de39e9724 depth=3 name=chip.run.runner_run.device_wall.sm_reset ts=10475 dur=5027 clk=dev
[mono_ns=182508652946486][T0x73695a0d7740][TIMING] emit_host_span: [STRACE] v=1 pid=460626 tid=460626 inv=30 hid=1b9a2b8de39e9724 depth=3 name=chip.run.runner_run.device_wall.post_orch ts=1322778 dur=3902 clk=dev
[mono_ns=182508652947478][T0x73695a0d7740][TIMING] emit_host_span: [STRACE] v=1 pid=460626 tid=460626 inv=30 hid=1b9a2b8de39e9724 depth=3 name=chip.run.runner_run.device_wall.orch ts=15534 dur=1285836 clk=dev
[mono_ns=182508652948449][T0x73695a0d7740][TIMING] emit_host_span: [STRACE] v=1 pid=460626 tid=460626 inv=30 hid=1b9a2b8de39e9724 depth=3 name=chip.run.runner_run.device_wall.sched ts=16597 dur=1290226 clk=dev
[mono_ns=182508652949982][T0x73695a0d7740][TIMING] emit_host_span: [STRACE] v=1 pid=460626 tid=460626 inv=30 hid=1b9a2b8de39e9724 depth=1 name=chip.run.claim_release ts=182508652949321 dur=90
[mono_ns=182508652958935][T0x73695a0d7740][TIMING] emit_host_span: [STRACE] v=1 pid=460626 tid=460626 inv=30 hid=1b9a2b8de39e9724 depth=0 name=chip.run ts=182508539326342 dur=113631892 run_id=0 dispatch_id=0 slot_id=0 generation=30 run_epoch=30
[mono_ns=182508728770011][T0x73695a0d7740][TIMING] emit_host_span: [STRACE] v=1 pid=460626 tid=460626 inv=31 hid=1b9a2b8de39e9724 depth=2 name=chip.run.bind.args ts=182508654376433 dur=74391335
[mono_ns=182508728784964][T0x73695a0d7740][TIMING] emit_host_span: [STRACE] v=1 pid=460626 tid=460626 inv=31 hid=1b9a2b8de39e9724 depth=2 name=chip.run.bind.prebuilt ts=182508728782771 dur=1552
[mono_ns=182508728786616][T0x73695a0d7740][TIMING] emit_host_span: [STRACE] v=1 pid=460626 tid=460626 inv=31 hid=1b9a2b8de39e9724 depth=1 name=chip.run.bind ts=182508654371455 dur=74414340
[mono_ns=182508733942635][T0x73695a0d7740][WARN] prepare_execution: [device_runner.cpp:343] AICPU CPU_TOPO unavailable; using json_fallback: soc=Ascend950PR_9579 occupy=0x3e stable_reachable=5 requested=0 effective=5 affinity=[1, 2, 3, 4, 5(orch)]
[mono_ns=182508735557659][T0x73695a0d7740][TIMING] emit_host_span: [STRACE] v=1 pid=460626 tid=460626 inv=31 hid=1b9a2b8de39e9724 depth=1 name=chip.run.runner_run ts=182508734021584 dur=1534923
[mono_ns=182508769388577][T0x73695a0d7740][TIMING] emit_host_span: [STRACE] v=1 pid=460626 tid=460626 inv=31 hid=1b9a2b8de39e9724 depth=1 name=chip.run.validate ts=182508735560914 dur=33826411
[mono_ns=182508769392623][T0x73695a0d7740][TIMING] emit_host_span: [STRACE] v=1 pid=460626 tid=460626 inv=31 hid=1b9a2b8de39e9724 depth=2 name=chip.run.runner_run.device_wall ts=0 dur=1341783 clk=dev
[mono_ns=182508769394275][T0x73695a0d7740][TIMING] emit_host_span: [STRACE] v=1 pid=460626 tid=460626 inv=31 hid=1b9a2b8de39e9724 depth=3 name=chip.run.runner_run.device_wall.preamble ts=0 dur=11805 clk=dev
[mono_ns=182508769395487][T0x73695a0d7740][TIMING] emit_host_span: [STRACE] v=1 pid=460626 tid=460626 inv=31 hid=1b9a2b8de39e9724 depth=3 name=chip.run.runner_run.device_wall.graph_build ts=2344 dur=1335046 clk=dev
[mono_ns=182508769396498][T0x73695a0d7740][TIMING] emit_host_span: [STRACE] v=1 pid=460626 tid=460626 inv=31 hid=1b9a2b8de39e9724 depth=3 name=chip.run.runner_run.device_wall.config_validate ts=2650 dur=1276 clk=dev
[mono_ns=182508769397480][T0x73695a0d7740][TIMING] emit_host_span: [STRACE] v=1 pid=460626 tid=460626 inv=31 hid=1b9a2b8de39e9724 depth=3 name=chip.run.runner_run.device_wall.arena_wire ts=4004 dur=3024 clk=dev
[mono_ns=182508769398481][T0x73695a0d7740][TIMING] emit_host_span: [STRACE] v=1 pid=460626 tid=460626 inv=31 hid=1b9a2b8de39e9724 depth=3 name=chip.run.runner_run.device_wall.sm_reset ts=7194 dur=3897 clk=dev
[mono_ns=182508769399503][T0x73695a0d7740][TIMING] emit_host_span: [STRACE] v=1 pid=460626 tid=460626 inv=31 hid=1b9a2b8de39e9724 depth=3 name=chip.run.runner_run.device_wall.post_orch ts=1337416 dur=3895 clk=dev
[mono_ns=182508769400514][T0x73695a0d7740][TIMING] emit_host_span: [STRACE] v=1 pid=460626 tid=460626 inv=31 hid=1b9a2b8de39e9724 depth=3 name=chip.run.runner_run.device_wall.orch ts=11171 dur=1307035 clk=dev
[mono_ns=182508769401476][T0x73695a0d7740][TIMING] emit_host_span: [STRACE] v=1 pid=460626 tid=460626 inv=31 hid=1b9a2b8de39e9724 depth=3 name=chip.run.runner_run.device_wall.sched ts=12217 dur=1310346 clk=dev
[mono_ns=182508769402818][T0x73695a0d7740][TIMING] emit_host_span: [STRACE] v=1 pid=460626 tid=460626 inv=31 hid=1b9a2b8de39e9724 depth=1 name=chip.run.claim_release ts=182508769402187 dur=80
[mono_ns=182508769404601][T0x73695a0d7740][TIMING] emit_host_span: [STRACE] v=1 pid=460626 tid=460626 inv=31 hid=1b9a2b8de39e9724 depth=0 name=chip.run ts=182508654361390 dur=115042540 run_id=0 dispatch_id=0 slot_id=0 generation=31 run_epoch=31
[mono_ns=182508845638291][T0x73695a0d7740][TIMING] emit_host_span: [STRACE] v=1 pid=460626 tid=460626 inv=32 hid=1b9a2b8de39e9724 depth=2 name=chip.run.bind.args ts=182508770819334 dur=74816864
[mono_ns=182508845651892][T0x73695a0d7740][TIMING] emit_host_span: [STRACE] v=1 pid=460626 tid=460626 inv=32 hid=1b9a2b8de39e9724 depth=2 name=chip.run.bind.prebuilt ts=182508845649558 dur=1492
[mono_ns=182508845660194][T0x73695a0d7740][TIMING] emit_host_span: [STRACE] v=1 pid=460626 tid=460626 inv=32 hid=1b9a2b8de39e9724 depth=1 name=chip.run.bind ts=182508770814347 dur=74844966
[mono_ns=182508851076994][T0x73695a0d7740][WARN] prepare_execution: [device_runner.cpp:343] AICPU CPU_TOPO unavailable; using json_fallback: soc=Ascend950PR_9579 occupy=0x3e stable_reachable=5 requested=0 effective=5 affinity=[1, 2, 3, 4, 5(orch)]
[mono_ns=182508852693050][T0x73695a0d7740][TIMING] emit_host_span: [STRACE] v=1 pid=460626 tid=460626 inv=32 hid=1b9a2b8de39e9724 depth=1 name=chip.run.runner_run ts=182508851143985 dur=1548113
[mono_ns=182508888030929][T0x73695a0d7740][TIMING] emit_host_span: [STRACE] v=1 pid=460626 tid=460626 inv=32 hid=1b9a2b8de39e9724 depth=1 name=chip.run.validate ts=182508852696014 dur=35333022
[mono_ns=182508888036518][T0x73695a0d7740][TIMING] emit_host_span: [STRACE] v=1 pid=460626 tid=460626 inv=32 hid=1b9a2b8de39e9724 depth=2 name=chip.run.runner_run.device_wall ts=0 dur=1358910 clk=dev
[mono_ns=182508888038020][T0x73695a0d7740][TIMING] emit_host_span: [STRACE] v=1 pid=460626 tid=460626 inv=32 hid=1b9a2b8de39e9724 depth=3 name=chip.run.runner_run.device_wall.preamble ts=0 dur=11538 clk=dev
[mono_ns=182508888039482][T0x73695a0d7740][TIMING] emit_host_span: [STRACE] v=1 pid=460626 tid=460626 inv=32 hid=1b9a2b8de39e9724 depth=3 name=chip.run.runner_run.device_wall.graph_build ts=2513 dur=1351762 clk=dev
[mono_ns=182508888040684][T0x73695a0d7740][TIMING] emit_host_span: [STRACE] v=1 pid=460626 tid=460626 inv=32 hid=1b9a2b8de39e9724 depth=3 name=chip.run.runner_run.device_wall.config_validate ts=3110 dur=1315 clk=dev
[mono_ns=182508888041695][T0x73695a0d7740][TIMING] emit_host_span: [STRACE] v=1 pid=460626 tid=460626 inv=32 hid=1b9a2b8de39e9724 depth=3 name=chip.run.runner_run.device_wall.arena_wire ts=4444 dur=3229 clk=dev
[mono_ns=182508888042677][T0x73695a0d7740][TIMING] emit_host_span: [STRACE] v=1 pid=460626 tid=460626 inv=32 hid=1b9a2b8de39e9724 depth=3 name=chip.run.runner_run.device_wall.sm_reset ts=7691 dur=3518 clk=dev
[mono_ns=182508888043708][T0x73695a0d7740][TIMING] emit_host_span: [STRACE] v=1 pid=460626 tid=460626 inv=32 hid=1b9a2b8de39e9724 depth=3 name=chip.run.runner_run.device_wall.post_orch ts=1354294 dur=3802 clk=dev
[mono_ns=182508888044740][T0x73695a0d7740][TIMING] emit_host_span: [STRACE] v=1 pid=460626 tid=460626 inv=32 hid=1b9a2b8de39e9724 depth=3 name=chip.run.runner_run.device_wall.orch ts=11536 dur=1323130 clk=dev
[mono_ns=182508888045761][T0x73695a0d7740][TIMING] emit_host_span: [STRACE] v=1 pid=460626 tid=460626 inv=32 hid=1b9a2b8de39e9724 depth=3 name=chip.run.runner_run.device_wall.sched ts=11731 dur=1326689 clk=dev
[mono_ns=182508888047123][T0x73695a0d7740][TIMING] emit_host_span: [STRACE] v=1 pid=460626 tid=460626 inv=32 hid=1b9a2b8de39e9724 depth=1 name=chip.run.claim_release ts=182508888046442 dur=91
[mono_ns=182508888048836][T0x73695a0d7740][TIMING] emit_host_span: [STRACE] v=1 pid=460626 tid=460626 inv=32 hid=1b9a2b8de39e9724 depth=0 name=chip.run ts=182508770804942 dur=117243243 run_id=0 dispatch_id=0 slot_id=0 generation=32 run_epoch=32
[mono_ns=182508978747618][T0x73695a0d7740][TIMING] emit_host_span: [STRACE] v=1 pid=460626 tid=460626 inv=33 hid=1b9a2b8de39e9724 depth=2 name=chip.run.bind.args ts=182508889379633 dur=89354424
[mono_ns=182508978781919][T0x73695a0d7740][TIMING] emit_host_span: [STRACE] v=1 pid=460626 tid=460626 inv=33 hid=1b9a2b8de39e9724 depth=2 name=chip.run.bind.prebuilt ts=182508978777402 dur=3385
[mono_ns=182508978786606][T0x73695a0d7740][TIMING] emit_host_span: [STRACE] v=1 pid=460626 tid=460626 inv=33 hid=1b9a2b8de39e9724 depth=1 name=chip.run.bind ts=182508889373965 dur=89410288
[mono_ns=182508983902084][T0x73695a0d7740][WARN] prepare_execution: [device_runner.cpp:343] AICPU CPU_TOPO unavailable; using json_fallback: soc=Ascend950PR_9579 occupy=0x3e stable_reachable=5 requested=0 effective=5 affinity=[1, 2, 3, 4, 5(orch)]
[mono_ns=182508985486752][T0x73695a0d7740][TIMING] emit_host_span: [STRACE] v=1 pid=460626 tid=460626 inv=33 hid=1b9a2b8de39e9724 depth=1 name=chip.run.runner_run ts=182508983957677 dur=1527573
[mono_ns=182509029843969][T0x73695a0d7740][TIMING] emit_host_span: [STRACE] v=1 pid=460626 tid=460626 inv=33 hid=1b9a2b8de39e9724 depth=1 name=chip.run.validate ts=182508985490748 dur=44349676
[mono_ns=182509029852372][T0x73695a0d7740][TIMING] emit_host_span: [STRACE] v=1 pid=460626 tid=460626 inv=33 hid=1b9a2b8de39e9724 depth=2 name=chip.run.runner_run.device_wall ts=0 dur=1318444 clk=dev
[mono_ns=182509029854034][T0x73695a0d7740][TIMING] emit_host_span: [STRACE] v=1 pid=460626 tid=460626 inv=33 hid=1b9a2b8de39e9724 depth=3 name=chip.run.runner_run.device_wall.preamble ts=0 dur=11783 clk=dev
[mono_ns=182509029855476][T0x73695a0d7740][TIMING] emit_host_span: [STRACE] v=1 pid=460626 tid=460626 inv=33 hid=1b9a2b8de39e9724 depth=3 name=chip.run.runner_run.device_wall.graph_build ts=2820 dur=1311231 clk=dev
[mono_ns=182509029856528][T0x73695a0d7740][TIMING] emit_host_span: [STRACE] v=1 pid=460626 tid=460626 inv=33 hid=1b9a2b8de39e9724 depth=3 name=chip.run.runner_run.device_wall.config_validate ts=3098 dur=1166 clk=dev
[mono_ns=182509029857499][T0x73695a0d7740][TIMING] emit_host_span: [STRACE] v=1 pid=460626 tid=460626 inv=33 hid=1b9a2b8de39e9724 depth=3 name=chip.run.runner_run.device_wall.arena_wire ts=4334 dur=2492 clk=dev
[mono_ns=182509029858491][T0x73695a0d7740][TIMING] emit_host_span: [STRACE] v=1 pid=460626 tid=460626 inv=33 hid=1b9a2b8de39e9724 depth=3 name=chip.run.runner_run.device_wall.sm_reset ts=6951 dur=4725 clk=dev
[mono_ns=182509029859512][T0x73695a0d7740][TIMING] emit_host_span: [STRACE] v=1 pid=460626 tid=460626 inv=33 hid=1b9a2b8de39e9724 depth=3 name=chip.run.runner_run.device_wall.post_orch ts=1314068 dur=3637 clk=dev
[mono_ns=182509029860504][T0x73695a0d7740][TIMING] emit_host_span: [STRACE] v=1 pid=460626 tid=460626 inv=33 hid=1b9a2b8de39e9724 depth=3 name=chip.run.runner_run.device_wall.orch ts=11910 dur=1282874 clk=dev
[mono_ns=182509029861495][T0x73695a0d7740][TIMING] emit_host_span: [STRACE] v=1 pid=460626 tid=460626 inv=33 hid=1b9a2b8de39e9724 depth=3 name=chip.run.runner_run.device_wall.sched ts=12309 dur=1286299 clk=dev
[mono_ns=182509029863518][T0x73695a0d7740][TIMING] emit_host_span: [STRACE] v=1 pid=460626 tid=460626 inv=33 hid=1b9a2b8de39e9724 depth=1 name=chip.run.claim_release ts=182509029862577 dur=341
[mono_ns=182509029866373][T0x73695a0d7740][TIMING] emit_host_span: [STRACE] v=1 pid=460626 tid=460626 inv=33 hid=1b9a2b8de39e9724 depth=0 name=chip.run ts=182508889365963 dur=140499558 run_id=0 dispatch_id=0 slot_id=0 generation=33 run_epoch=33
[mono_ns=182509105575075][T0x73695a0d7740][TIMING] emit_host_span: [STRACE] v=1 pid=460626 tid=460626 inv=34 hid=1b9a2b8de39e9724 depth=2 name=chip.run.bind.args ts=182509031484111 dur=74085206
[mono_ns=182509105596037][T0x73695a0d7740][TIMING] emit_host_span: [STRACE] v=1 pid=460626 tid=460626 inv=34 hid=1b9a2b8de39e9724 depth=2 name=chip.run.bind.prebuilt ts=182509105592722 dur=2594
[mono_ns=182509105598871][T0x73695a0d7740][TIMING] emit_host_span: [STRACE] v=1 pid=460626 tid=460626 inv=34 hid=1b9a2b8de39e9724 depth=1 name=chip.run.bind ts=182509031477731 dur=74119247
[mono_ns=182509110601169][T0x73695a0d7740][WARN] prepare_execution: [device_runner.cpp:343] AICPU CPU_TOPO unavailable; using json_fallback: soc=Ascend950PR_9579 occupy=0x3e stable_reachable=5 requested=0 effective=5 affinity=[1, 2, 3, 4, 5(orch)]
[mono_ns=182509112182202][T0x73695a0d7740][TIMING] emit_host_span: [STRACE] v=1 pid=460626 tid=460626 inv=34 hid=1b9a2b8de39e9724 depth=1 name=chip.run.runner_run ts=182509110650964 dur=1530056
[mono_ns=182509146675454][T0x73695a0d7740][TIMING] emit_host_span: [STRACE] v=1 pid=460626 tid=460626 inv=34 hid=1b9a2b8de39e9724 depth=1 name=chip.run.validate ts=182509112185307 dur=34487853
[mono_ns=182509146682414][T0x73695a0d7740][TIMING] emit_host_span: [STRACE] v=1 pid=460626 tid=460626 inv=34 hid=1b9a2b8de39e9724 depth=2 name=chip.run.runner_run.device_wall ts=0 dur=1361910 clk=dev
[mono_ns=182509146689415][T0x73695a0d7740][TIMING] emit_host_span: [STRACE] v=1 pid=460626 tid=460626 inv=34 hid=1b9a2b8de39e9724 depth=3 name=chip.run.runner_run.device_wall.preamble ts=0 dur=13856 clk=dev
[mono_ns=182509146690727][T0x73695a0d7740][TIMING] emit_host_span: [STRACE] v=1 pid=460626 tid=460626 inv=34 hid=1b9a2b8de39e9724 depth=3 name=chip.run.runner_run.device_wall.graph_build ts=2574 dur=1355441 clk=dev
[mono_ns=182509146691788][T0x73695a0d7740][TIMING] emit_host_span: [STRACE] v=1 pid=460626 tid=460626 inv=34 hid=1b9a2b8de39e9724 depth=3 name=chip.run.runner_run.device_wall.config_validate ts=2882 dur=1348 clk=dev
[mono_ns=182509146692770][T0x73695a0d7740][TIMING] emit_host_span: [STRACE] v=1 pid=460626 tid=460626 inv=34 hid=1b9a2b8de39e9724 depth=3 name=chip.run.runner_run.device_wall.arena_wire ts=4287 dur=2477 clk=dev
[mono_ns=182509146693751][T0x73695a0d7740][TIMING] emit_host_span: [STRACE] v=1 pid=460626 tid=460626 inv=34 hid=1b9a2b8de39e9724 depth=3 name=chip.run.runner_run.device_wall.sm_reset ts=6786 dur=3887 clk=dev
[mono_ns=182509146694883][T0x73695a0d7740][TIMING] emit_host_span: [STRACE] v=1 pid=460626 tid=460626 inv=34 hid=1b9a2b8de39e9724 depth=3 name=chip.run.runner_run.device_wall.post_orch ts=1358042 dur=3587 clk=dev
[mono_ns=182509146695884][T0x73695a0d7740][TIMING] emit_host_span: [STRACE] v=1 pid=460626 tid=460626 inv=34 hid=1b9a2b8de39e9724 depth=3 name=chip.run.runner_run.device_wall.orch ts=10776 dur=1327125 clk=dev
[mono_ns=182509146696856][T0x73695a0d7740][TIMING] emit_host_span: [STRACE] v=1 pid=460626 tid=460626 inv=34 hid=1b9a2b8de39e9724 depth=3 name=chip.run.runner_run.device_wall.sched ts=13639 dur=1328757 clk=dev
[mono_ns=182509146698869][T0x73695a0d7740][TIMING] emit_host_span: [STRACE] v=1 pid=460626 tid=460626 inv=34 hid=1b9a2b8de39e9724 depth=1 name=chip.run.claim_release ts=182509146697958 dur=330
[mono_ns=182509146701092][T0x73695a0d7740][TIMING] emit_host_span: [STRACE] v=1 pid=460626 tid=460626 inv=34 hid=1b9a2b8de39e9724 depth=0 name=chip.run ts=182509031464692 dur=115235579 run_id=0 dispatch_id=0 slot_id=0 generation=34 run_epoch=34
[mono_ns=182509217705724][T0x73695a0d7740][TIMING] emit_host_span: [STRACE] v=1 pid=460626 tid=460626 inv=35 hid=1b9a2b8de39e9724 depth=2 name=chip.run.bind.args ts=182509148229767 dur=69470089
[mono_ns=182509217725805][T0x73695a0d7740][TIMING] emit_host_span: [STRACE] v=1 pid=460626 tid=460626 inv=35 hid=1b9a2b8de39e9724 depth=2 name=chip.run.bind.prebuilt ts=182509217722660 dur=2413
[mono_ns=182509217728388][T0x73695a0d7740][TIMING] emit_host_span: [STRACE] v=1 pid=460626 tid=460626 inv=35 hid=1b9a2b8de39e9724 depth=1 name=chip.run.bind ts=182509148224579 dur=69502287
[mono_ns=182509222663205][T0x73695a0d7740][WARN] prepare_execution: [device_runner.cpp:343] AICPU CPU_TOPO unavailable; using json_fallback: soc=Ascend950PR_9579 occupy=0x3e stable_reachable=5 requested=0 effective=5 affinity=[1, 2, 3, 4, 5(orch)]
[mono_ns=182509224181845][T0x73695a0d7740][TIMING] emit_host_span: [STRACE] v=1 pid=460626 tid=460626 inv=35 hid=1b9a2b8de39e9724 depth=1 name=chip.run.runner_run ts=182509222710426 dur=1470317
[mono_ns=182509259206924][T0x73695a0d7740][TIMING] emit_host_span: [STRACE] v=1 pid=460626 tid=460626 inv=35 hid=1b9a2b8de39e9724 depth=1 name=chip.run.validate ts=182509224184979 dur=35019832
[mono_ns=182509259214846][T0x73695a0d7740][TIMING] emit_host_span: [STRACE] v=1 pid=460626 tid=460626 inv=35 hid=1b9a2b8de39e9724 depth=2 name=chip.run.runner_run.device_wall ts=0 dur=1322070 clk=dev
[mono_ns=182509259216489][T0x73695a0d7740][TIMING] emit_host_span: [STRACE] v=1 pid=460626 tid=460626 inv=35 hid=1b9a2b8de39e9724 depth=3 name=chip.run.runner_run.device_wall.preamble ts=0 dur=12543 clk=dev
[mono_ns=182509259217681][T0x73695a0d7740][TIMING] emit_host_span: [STRACE] v=1 pid=460626 tid=460626 inv=35 hid=1b9a2b8de39e9724 depth=3 name=chip.run.runner_run.device_wall.graph_build ts=2735 dur=1315016 clk=dev
[mono_ns=182509259218692][T0x73695a0d7740][TIMING] emit_host_span: [STRACE] v=1 pid=460626 tid=460626 inv=35 hid=1b9a2b8de39e9724 depth=3 name=chip.run.runner_run.device_wall.config_validate ts=3156 dur=1157 clk=dev
[mono_ns=182509259224741][T0x73695a0d7740][TIMING] emit_host_span: [STRACE] v=1 pid=460626 tid=460626 inv=35 hid=1b9a2b8de39e9724 depth=3 name=chip.run.runner_run.device_wall.arena_wire ts=4571 dur=3250 clk=dev
[mono_ns=182509259225743][T0x73695a0d7740][TIMING] emit_host_span: [STRACE] v=1 pid=460626 tid=460626 inv=35 hid=1b9a2b8de39e9724 depth=3 name=chip.run.runner_run.device_wall.sm_reset ts=7841 dur=3831 clk=dev
[mono_ns=182509259226764][T0x73695a0d7740][TIMING] emit_host_span: [STRACE] v=1 pid=460626 tid=460626 inv=35 hid=1b9a2b8de39e9724 depth=3 name=chip.run.runner_run.device_wall.post_orch ts=1317769 dur=3923 clk=dev
[mono_ns=182509259227766][T0x73695a0d7740][TIMING] emit_host_span: [STRACE] v=1 pid=460626 tid=460626 inv=35 hid=1b9a2b8de39e9724 depth=3 name=chip.run.runner_run.device_wall.orch ts=11694 dur=1285822 clk=dev
[mono_ns=182509259228757][T0x73695a0d7740][TIMING] emit_host_span: [STRACE] v=1 pid=460626 tid=460626 inv=35 hid=1b9a2b8de39e9724 depth=3 name=chip.run.runner_run.device_wall.sched ts=12731 dur=1289837 clk=dev
[mono_ns=182509259230720][T0x73695a0d7740][TIMING] emit_host_span: [STRACE] v=1 pid=460626 tid=460626 inv=35 hid=1b9a2b8de39e9724 depth=1 name=chip.run.claim_release ts=182509259229638 dur=541
[mono_ns=182509259233104][T0x73695a0d7740][TIMING] emit_host_span: [STRACE] v=1 pid=460626 tid=460626 inv=35 hid=1b9a2b8de39e9724 depth=0 name=chip.run ts=182509148217298 dur=111015155 run_id=0 dispatch_id=0 slot_id=0 generation=35 run_epoch=35
[mono_ns=182509331999120][T0x73695a0d7740][TIMING] emit_host_span: [STRACE] v=1 pid=460626 tid=460626 inv=36 hid=1b9a2b8de39e9724 depth=2 name=chip.run.bind.args ts=182509260721207 dur=71274998
[mono_ns=182509332019270][T0x73695a0d7740][TIMING] emit_host_span: [STRACE] v=1 pid=460626 tid=460626 inv=36 hid=1b9a2b8de39e9724 depth=2 name=chip.run.bind.prebuilt ts=182509332016476 dur=2103
[mono_ns=182509332021373][T0x73695a0d7740][TIMING] emit_host_span: [STRACE] v=1 pid=460626 tid=460626 inv=36 hid=1b9a2b8de39e9724 depth=1 name=chip.run.bind ts=182509260716280 dur=71303861
[mono_ns=182509336988959][T0x73695a0d7740][WARN] prepare_execution: [device_runner.cpp:343] AICPU CPU_TOPO unavailable; using json_fallback: soc=Ascend950PR_9579 occupy=0x3e stable_reachable=5 requested=0 effective=5 affinity=[1, 2, 3, 4, 5(orch)]
[mono_ns=182509338439736][T0x73695a0d7740][TIMING] emit_host_span: [STRACE] v=1 pid=460626 tid=460626 inv=36 hid=1b9a2b8de39e9724 depth=1 name=chip.run.runner_run ts=182509337046555 dur=1392050
[mono_ns=182509368333715][T0x73695a0d7740][TIMING] emit_host_span: [STRACE] v=1 pid=460626 tid=460626 inv=36 hid=1b9a2b8de39e9724 depth=1 name=chip.run.validate ts=182509338442901 dur=29889171
[mono_ns=182509368338903][T0x73695a0d7740][TIMING] emit_host_span: [STRACE] v=1 pid=460626 tid=460626 inv=36 hid=1b9a2b8de39e9724 depth=2 name=chip.run.runner_run.device_wall ts=0 dur=1240919 clk=dev
[mono_ns=182509368340155][T0x73695a0d7740][TIMING] emit_host_span: [STRACE] v=1 pid=460626 tid=460626 inv=36 hid=1b9a2b8de39e9724 depth=3 name=chip.run.runner_run.device_wall.preamble ts=0 dur=13096 clk=dev
[mono_ns=182509368341547][T0x73695a0d7740][TIMING] emit_host_span: [STRACE] v=1 pid=460626 tid=460626 inv=36 hid=1b9a2b8de39e9724 depth=3 name=chip.run.runner_run.device_wall.graph_build ts=3169 dur=1233130 clk=dev
[mono_ns=182509368342578][T0x73695a0d7740][TIMING] emit_host_span: [STRACE] v=1 pid=460626 tid=460626 inv=36 hid=1b9a2b8de39e9724 depth=3 name=chip.run.runner_run.device_wall.config_validate ts=3655 dur=1033 clk=dev
[mono_ns=182509368343560][T0x73695a0d7740][TIMING] emit_host_span: [STRACE] v=1 pid=460626 tid=460626 inv=36 hid=1b9a2b8de39e9724 depth=3 name=chip.run.runner_run.device_wall.arena_wire ts=4750 dur=3300 clk=dev
[mono_ns=182509368344531][T0x73695a0d7740][TIMING] emit_host_span: [STRACE] v=1 pid=460626 tid=460626 inv=36 hid=1b9a2b8de39e9724 depth=3 name=chip.run.runner_run.device_wall.sm_reset ts=8066 dur=3288 clk=dev
[mono_ns=182509368356149][T0x73695a0d7740][TIMING] emit_host_span: [STRACE] v=1 pid=460626 tid=460626 inv=36 hid=1b9a2b8de39e9724 depth=3 name=chip.run.runner_run.device_wall.post_orch ts=1236318 dur=3876 clk=dev
[mono_ns=182509368357150][T0x73695a0d7740][TIMING] emit_host_span: [STRACE] v=1 pid=460626 tid=460626 inv=36 hid=1b9a2b8de39e9724 depth=3 name=chip.run.runner_run.device_wall.orch ts=11469 dur=1205853 clk=dev
[mono_ns=182509368358142][T0x73695a0d7740][TIMING] emit_host_span: [STRACE] v=1 pid=460626 tid=460626 inv=36 hid=1b9a2b8de39e9724 depth=3 name=chip.run.runner_run.device_wall.sched ts=12513 dur=1208256 clk=dev
[mono_ns=182509368359534][T0x73695a0d7740][TIMING] emit_host_span: [STRACE] v=1 pid=460626 tid=460626 inv=36 hid=1b9a2b8de39e9724 depth=1 name=chip.run.claim_release ts=182509368358702 dur=251
[mono_ns=182509368361487][T0x73695a0d7740][TIMING] emit_host_span: [STRACE] v=1 pid=460626 tid=460626 inv=36 hid=1b9a2b8de39e9724 depth=0 name=chip.run ts=182509260708728 dur=107651977 run_id=0 dispatch_id=0 slot_id=0 generation=36 run_epoch=36
[mono_ns=182509440574853][T0x73695a0d7740][TIMING] emit_host_span: [STRACE] v=1 pid=460626 tid=460626 inv=37 hid=1b9a2b8de39e9724 depth=2 name=chip.run.bind.args ts=182509369789850 dur=70782249
[mono_ns=182509440587262][T0x73695a0d7740][TIMING] emit_host_span: [STRACE] v=1 pid=460626 tid=460626 inv=37 hid=1b9a2b8de39e9724 depth=2 name=chip.run.bind.prebuilt ts=182509440584618 dur=1893
[mono_ns=182509440589195][T0x73695a0d7740][TIMING] emit_host_span: [STRACE] v=1 pid=460626 tid=460626 inv=37 hid=1b9a2b8de39e9724 depth=1 name=chip.run.bind ts=182509369784963 dur=70803240
[mono_ns=182509445610822][T0x73695a0d7740][WARN] prepare_execution: [device_runner.cpp:343] AICPU CPU_TOPO unavailable; using json_fallback: soc=Ascend950PR_9579 occupy=0x3e stable_reachable=5 requested=0 effective=5 affinity=[1, 2, 3, 4, 5(orch)]
[mono_ns=182509447157693][T0x73695a0d7740][TIMING] emit_host_span: [STRACE] v=1 pid=460626 tid=460626 inv=37 hid=1b9a2b8de39e9724 depth=1 name=chip.run.runner_run ts=182509445664482 dur=1492200
[mono_ns=182509478277361][T0x73695a0d7740][TIMING] emit_host_span: [STRACE] v=1 pid=460626 tid=460626 inv=37 hid=1b9a2b8de39e9724 depth=1 name=chip.run.validate ts=182509447161159 dur=31114099
[mono_ns=182509478282619][T0x73695a0d7740][TIMING] emit_host_span: [STRACE] v=1 pid=460626 tid=460626 inv=37 hid=1b9a2b8de39e9724 depth=2 name=chip.run.runner_run.device_wall ts=0 dur=1341553 clk=dev
[mono_ns=182509478284031][T0x73695a0d7740][TIMING] emit_host_span: [STRACE] v=1 pid=460626 tid=460626 inv=37 hid=1b9a2b8de39e9724 depth=3 name=chip.run.runner_run.device_wall.preamble ts=0 dur=13504 clk=dev
[mono_ns=182509478285363][T0x73695a0d7740][TIMING] emit_host_span: [STRACE] v=1 pid=460626 tid=460626 inv=37 hid=1b9a2b8de39e9724 depth=3 name=chip.run.runner_run.device_wall.graph_build ts=2764 dur=1334531 clk=dev
[mono_ns=182509478286485][T0x73695a0d7740][TIMING] emit_host_span: [STRACE] v=1 pid=460626 tid=460626 inv=37 hid=1b9a2b8de39e9724 depth=3 name=chip.run.runner_run.device_wall.config_validate ts=3559 dur=1714 clk=dev
[mono_ns=182509478287467][T0x73695a0d7740][TIMING] emit_host_span: [STRACE] v=1 pid=460626 tid=460626 inv=37 hid=1b9a2b8de39e9724 depth=3 name=chip.run.runner_run.device_wall.arena_wire ts=5292 dur=2759 clk=dev
[mono_ns=182509478288448][T0x73695a0d7740][TIMING] emit_host_span: [STRACE] v=1 pid=460626 tid=460626 inv=37 hid=1b9a2b8de39e9724 depth=3 name=chip.run.runner_run.device_wall.sm_reset ts=8191 dur=3465 clk=dev
[mono_ns=182509478289470][T0x73695a0d7740][TIMING] emit_host_span: [STRACE] v=1 pid=460626 tid=460626 inv=37 hid=1b9a2b8de39e9724 depth=3 name=chip.run.runner_run.device_wall.post_orch ts=1337318 dur=4052 clk=dev
[mono_ns=182509478290461][T0x73695a0d7740][TIMING] emit_host_span: [STRACE] v=1 pid=460626 tid=460626 inv=37 hid=1b9a2b8de39e9724 depth=3 name=chip.run.runner_run.device_wall.orch ts=11985 dur=1303314 clk=dev
[mono_ns=182509478291433][T0x73695a0d7740][TIMING] emit_host_span: [STRACE] v=1 pid=460626 tid=460626 inv=37 hid=1b9a2b8de39e9724 depth=3 name=chip.run.runner_run.device_wall.sched ts=13100 dur=1308125 clk=dev
[mono_ns=182509478303130][T0x73695a0d7740][TIMING] emit_host_span: [STRACE] v=1 pid=460626 tid=460626 inv=37 hid=1b9a2b8de39e9724 depth=1 name=chip.run.claim_release ts=182509478302239 dur=300
[mono_ns=182509478305323][T0x73695a0d7740][TIMING] emit_host_span: [STRACE] v=1 pid=460626 tid=460626 inv=37 hid=1b9a2b8de39e9724 depth=0 name=chip.run ts=182509369776691 dur=108527941 run_id=0 dispatch_id=0 slot_id=0 generation=37 run_epoch=37
[mono_ns=182509548409334][T0x73695a0d7740][TIMING] emit_host_span: [STRACE] v=1 pid=460626 tid=460626 inv=38 hid=1b9a2b8de39e9724 depth=2 name=chip.run.bind.args ts=182509479751384 dur=68654064
[mono_ns=182509548425318][T0x73695a0d7740][TIMING] emit_host_span: [STRACE] v=1 pid=460626 tid=460626 inv=38 hid=1b9a2b8de39e9724 depth=2 name=chip.run.bind.prebuilt ts=182509548421883 dur=2554
[mono_ns=182509548427611][T0x73695a0d7740][TIMING] emit_host_span: [STRACE] v=1 pid=460626 tid=460626 inv=38 hid=1b9a2b8de39e9724 depth=1 name=chip.run.bind ts=182509479746046 dur=68680263
[mono_ns=182509553422078][T0x73695a0d7740][WARN] prepare_execution: [device_runner.cpp:343] AICPU CPU_TOPO unavailable; using json_fallback: soc=Ascend950PR_9579 occupy=0x3e stable_reachable=5 requested=0 effective=5 affinity=[1, 2, 3, 4, 5(orch)]
[mono_ns=182509555019004][T0x73695a0d7740][TIMING] emit_host_span: [STRACE] v=1 pid=460626 tid=460626 inv=38 hid=1b9a2b8de39e9724 depth=1 name=chip.run.runner_run ts=182509553484251 dur=1533532
[mono_ns=182509586703590][T0x73695a0d7740][TIMING] emit_host_span: [STRACE] v=1 pid=460626 tid=460626 inv=38 hid=1b9a2b8de39e9724 depth=1 name=chip.run.validate ts=182509555022450 dur=31676283
[mono_ns=182509586711242][T0x73695a0d7740][TIMING] emit_host_span: [STRACE] v=1 pid=460626 tid=460626 inv=38 hid=1b9a2b8de39e9724 depth=2 name=chip.run.runner_run.device_wall ts=0 dur=1344838 clk=dev
[mono_ns=182509586712904][T0x73695a0d7740][TIMING] emit_host_span: [STRACE] v=1 pid=460626 tid=460626 inv=38 hid=1b9a2b8de39e9724 depth=3 name=chip.run.runner_run.device_wall.preamble ts=0 dur=12109 clk=dev
[mono_ns=182509586714186][T0x73695a0d7740][TIMING] emit_host_span: [STRACE] v=1 pid=460626 tid=460626 inv=38 hid=1b9a2b8de39e9724 depth=3 name=chip.run.runner_run.device_wall.graph_build ts=2981 dur=1337829 clk=dev
[mono_ns=182509586715248][T0x73695a0d7740][TIMING] emit_host_span: [STRACE] v=1 pid=460626 tid=460626 inv=38 hid=1b9a2b8de39e9724 depth=3 name=chip.run.runner_run.device_wall.config_validate ts=3272 dur=1296 clk=dev
[mono_ns=182509586716229][T0x73695a0d7740][TIMING] emit_host_span: [STRACE] v=1 pid=460626 tid=460626 inv=38 hid=1b9a2b8de39e9724 depth=3 name=chip.run.runner_run.device_wall.arena_wire ts=4633 dur=3667 clk=dev
[mono_ns=182509586717191][T0x73695a0d7740][TIMING] emit_host_span: [STRACE] v=1 pid=460626 tid=460626 inv=38 hid=1b9a2b8de39e9724 depth=3 name=chip.run.runner_run.device_wall.sm_reset ts=8352 dur=5306 clk=dev
[mono_ns=182509586718192][T0x73695a0d7740][TIMING] emit_host_span: [STRACE] v=1 pid=460626 tid=460626 inv=38 hid=1b9a2b8de39e9724 depth=3 name=chip.run.runner_run.device_wall.post_orch ts=1340871 dur=3491 clk=dev
[mono_ns=182509586719184][T0x73695a0d7740][TIMING] emit_host_span: [STRACE] v=1 pid=460626 tid=460626 inv=38 hid=1b9a2b8de39e9724 depth=3 name=chip.run.runner_run.device_wall.orch ts=13970 dur=1295758 clk=dev
[mono_ns=182509586720175][T0x73695a0d7740][TIMING] emit_host_span: [STRACE] v=1 pid=460626 tid=460626 inv=38 hid=1b9a2b8de39e9724 depth=3 name=chip.run.runner_run.device_wall.sched ts=14398 dur=1298396 clk=dev
[mono_ns=182509586722138][T0x73695a0d7740][TIMING] emit_host_span: [STRACE] v=1 pid=460626 tid=460626 inv=38 hid=1b9a2b8de39e9724 depth=1 name=chip.run.claim_release ts=182509586721417 dur=120
[mono_ns=182509586723951][T0x73695a0d7740][TIMING] emit_host_span: [STRACE] v=1 pid=460626 tid=460626 inv=38 hid=1b9a2b8de39e9724 depth=0 name=chip.run ts=182509479738625 dur=106984625 run_id=0 dispatch_id=0 slot_id=0 generation=38 run_epoch=38
[mono_ns=182509653476732][T0x73695a0d7740][TIMING] emit_host_span: [STRACE] v=1 pid=460626 tid=460626 inv=39 hid=1b9a2b8de39e9724 depth=2 name=chip.run.bind.args ts=182509588257002 dur=65215253
[mono_ns=182509653499956][T0x73695a0d7740][TIMING] emit_host_span: [STRACE] v=1 pid=460626 tid=460626 inv=39 hid=1b9a2b8de39e9724 depth=2 name=chip.run.bind.prebuilt ts=182509653496541 dur=2614
[mono_ns=182509653502010][T0x73695a0d7740][TIMING] emit_host_span: [STRACE] v=1 pid=460626 tid=460626 inv=39 hid=1b9a2b8de39e9724 depth=1 name=chip.run.bind ts=182509588251113 dur=65249705
[mono_ns=182509658483967][T0x73695a0d7740][WARN] prepare_execution: [device_runner.cpp:343] AICPU CPU_TOPO unavailable; using json_fallback: soc=Ascend950PR_9579 occupy=0x3e stable_reachable=5 requested=0 effective=5 affinity=[1, 2, 3, 4, 5(orch)]
[mono_ns=182509660083448][T0x73695a0d7740][TIMING] emit_host_span: [STRACE] v=1 pid=460626 tid=460626 inv=39 hid=1b9a2b8de39e9724 depth=1 name=chip.run.runner_run ts=182509658540642 dur=1541654
[mono_ns=182509692113973][T0x73695a0d7740][TIMING] emit_host_span: [STRACE] v=1 pid=460626 tid=460626 inv=39 hid=1b9a2b8de39e9724 depth=1 name=chip.run.validate ts=182509660086943 dur=32025287
[mono_ns=182509692119351][T0x73695a0d7740][TIMING] emit_host_span: [STRACE] v=1 pid=460626 tid=460626 inv=39 hid=1b9a2b8de39e9724 depth=2 name=chip.run.runner_run.device_wall ts=0 dur=1360787 clk=dev
[mono_ns=182509692120813][T0x73695a0d7740][TIMING] emit_host_span: [STRACE] v=1 pid=460626 tid=460626 inv=39 hid=1b9a2b8de39e9724 depth=3 name=chip.run.runner_run.device_wall.preamble ts=0 dur=14526 clk=dev
[mono_ns=182509692121955][T0x73695a0d7740][TIMING] emit_host_span: [STRACE] v=1 pid=460626 tid=460626 inv=39 hid=1b9a2b8de39e9724 depth=3 name=chip.run.runner_run.device_wall.graph_build ts=3839 dur=1352380 clk=dev
[mono_ns=182509692122966][T0x73695a0d7740][TIMING] emit_host_span: [STRACE] v=1 pid=460626 tid=460626 inv=39 hid=1b9a2b8de39e9724 depth=3 name=chip.run.runner_run.device_wall.config_validate ts=4417 dur=1167 clk=dev
[mono_ns=182509692123958][T0x73695a0d7740][TIMING] emit_host_span: [STRACE] v=1 pid=460626 tid=460626 inv=39 hid=1b9a2b8de39e9724 depth=3 name=chip.run.runner_run.device_wall.arena_wire ts=5840 dur=3266 clk=dev
[mono_ns=182509692124990][T0x73695a0d7740][TIMING] emit_host_span: [STRACE] v=1 pid=460626 tid=460626 inv=39 hid=1b9a2b8de39e9724 depth=3 name=chip.run.runner_run.device_wall.sm_reset ts=9253 dur=3992 clk=dev
[mono_ns=182509692126111][T0x73695a0d7740][TIMING] emit_host_span: [STRACE] v=1 pid=460626 tid=460626 inv=39 hid=1b9a2b8de39e9724 depth=3 name=chip.run.runner_run.device_wall.post_orch ts=1356243 dur=4129 clk=dev
[mono_ns=182509692127093][T0x73695a0d7740][TIMING] emit_host_span: [STRACE] v=1 pid=460626 tid=460626 inv=39 hid=1b9a2b8de39e9724 depth=3 name=chip.run.runner_run.device_wall.orch ts=13642 dur=1324878 clk=dev
[mono_ns=182509692128054][T0x73695a0d7740][TIMING] emit_host_span: [STRACE] v=1 pid=460626 tid=460626 inv=39 hid=1b9a2b8de39e9724 depth=3 name=chip.run.runner_run.device_wall.sched ts=14684 dur=1326142 clk=dev
[mono_ns=182509692129667][T0x73695a0d7740][TIMING] emit_host_span: [STRACE] v=1 pid=460626 tid=460626 inv=39 hid=1b9a2b8de39e9724 depth=1 name=chip.run.claim_release ts=182509692129006 dur=80
[mono_ns=182509692131770][T0x73695a0d7740][TIMING] emit_host_span: [STRACE] v=1 pid=460626 tid=460626 inv=39 hid=1b9a2b8de39e9724 depth=0 name=chip.run ts=182509588238725 dur=103892334 run_id=0 dispatch_id=0 slot_id=0 generation=39 run_epoch=39
[mono_ns=182509760133735][T0x73695a0d7740][TIMING] emit_host_span: [STRACE] v=1 pid=460626 tid=460626 inv=40 hid=1b9a2b8de39e9724 depth=2 name=chip.run.bind.args ts=182509693593574 dur=66536105
[mono_ns=182509760151882][T0x73695a0d7740][TIMING] emit_host_span: [STRACE] v=1 pid=460626 tid=460626 inv=40 hid=1b9a2b8de39e9724 depth=2 name=chip.run.bind.prebuilt ts=182509760148487 dur=2564
[mono_ns=182509760154586][T0x73695a0d7740][TIMING] emit_host_span: [STRACE] v=1 pid=460626 tid=460626 inv=40 hid=1b9a2b8de39e9724 depth=1 name=chip.run.bind ts=182509693588907 dur=66563937
[mono_ns=182509765140810][T0x73695a0d7740][WARN] prepare_execution: [device_runner.cpp:343] AICPU CPU_TOPO unavailable; using json_fallback: soc=Ascend950PR_9579 occupy=0x3e stable_reachable=5 requested=0 effective=5 affinity=[1, 2, 3, 4, 5(orch)]
[mono_ns=182509766708403][T0x73695a0d7740][TIMING] emit_host_span: [STRACE] v=1 pid=460626 tid=460626 inv=40 hid=1b9a2b8de39e9724 depth=1 name=chip.run.runner_run ts=182509765193199 dur=1514183
[mono_ns=182509800326892][T0x73695a0d7740][TIMING] emit_host_span: [STRACE] v=1 pid=460626 tid=460626 inv=40 hid=1b9a2b8de39e9724 depth=1 name=chip.run.validate ts=182509766711568 dur=33613681
[mono_ns=182509800332440][T0x73695a0d7740][TIMING] emit_host_span: [STRACE] v=1 pid=460626 tid=460626 inv=40 hid=1b9a2b8de39e9724 depth=2 name=chip.run.runner_run.device_wall ts=0 dur=1338475 clk=dev
[mono_ns=182509800333722][T0x73695a0d7740][TIMING] emit_host_span: [STRACE] v=1 pid=460626 tid=460626 inv=40 hid=1b9a2b8de39e9724 depth=3 name=chip.run.runner_run.device_wall.preamble ts=0 dur=12438 clk=dev
[mono_ns=182509800334904][T0x73695a0d7740][TIMING] emit_host_span: [STRACE] v=1 pid=460626 tid=460626 inv=40 hid=1b9a2b8de39e9724 depth=3 name=chip.run.runner_run.device_wall.graph_build ts=2696 dur=1331201 clk=dev
[mono_ns=182509800336036][T0x73695a0d7740][TIMING] emit_host_span: [STRACE] v=1 pid=460626 tid=460626 inv=40 hid=1b9a2b8de39e9724 depth=3 name=chip.run.runner_run.device_wall.config_validate ts=3355 dur=1432 clk=dev
[mono_ns=182509800337137][T0x73695a0d7740][TIMING] emit_host_span: [STRACE] v=1 pid=460626 tid=460626 inv=40 hid=1b9a2b8de39e9724 depth=3 name=chip.run.runner_run.device_wall.arena_wire ts=4817 dur=3170 clk=dev
[mono_ns=182509800338099][T0x73695a0d7740][TIMING] emit_host_span: [STRACE] v=1 pid=460626 tid=460626 inv=40 hid=1b9a2b8de39e9724 depth=3 name=chip.run.runner_run.device_wall.sm_reset ts=8061 dur=4271 clk=dev
[mono_ns=182509800339110][T0x73695a0d7740][TIMING] emit_host_span: [STRACE] v=1 pid=460626 tid=460626 inv=40 hid=1b9a2b8de39e9724 depth=3 name=chip.run.runner_run.device_wall.post_orch ts=1333915 dur=3827 clk=dev
[mono_ns=182509800340092][T0x73695a0d7740][TIMING] emit_host_span: [STRACE] v=1 pid=460626 tid=460626 inv=40 hid=1b9a2b8de39e9724 depth=3 name=chip.run.runner_run.device_wall.orch ts=12636 dur=1301712 clk=dev
[mono_ns=182509800341083][T0x73695a0d7740][TIMING] emit_host_span: [STRACE] v=1 pid=460626 tid=460626 inv=40 hid=1b9a2b8de39e9724 depth=3 name=chip.run.runner_run.device_wall.sched ts=13026 dur=1305290 clk=dev
[mono_ns=182509800342445][T0x73695a0d7740][TIMING] emit_host_span: [STRACE] v=1 pid=460626 tid=460626 inv=40 hid=1b9a2b8de39e9724 depth=1 name=chip.run.claim_release ts=182509800341754 dur=110
[mono_ns=182509800344749][T0x73695a0d7740][TIMING] emit_host_span: [STRACE] v=1 pid=460626 tid=460626 inv=40 hid=1b9a2b8de39e9724 depth=0 name=chip.run ts=182509693581255 dur=106762803 run_id=0 dispatch_id=0 slot_id=0 generation=40 run_epoch=40
[mono_ns=182509867636668][T0x73695a0d7740][TIMING] emit_host_span: [STRACE] v=1 pid=460626 tid=460626 inv=41 hid=1b9a2b8de39e9724 depth=2 name=chip.run.bind.args ts=182509801882547 dur=65750806
[mono_ns=182509867650469][T0x73695a0d7740][TIMING] emit_host_span: [STRACE] v=1 pid=460626 tid=460626 inv=41 hid=1b9a2b8de39e9724 depth=2 name=chip.run.bind.prebuilt ts=182509867647515 dur=2243
[mono_ns=182509867652392][T0x73695a0d7740][TIMING] emit_host_span: [STRACE] v=1 pid=460626 tid=460626 inv=41 hid=1b9a2b8de39e9724 depth=1 name=chip.run.bind ts=182509801877279 dur=65774091
[mono_ns=182509872611055][T0x73695a0d7740][WARN] prepare_execution: [device_runner.cpp:343] AICPU CPU_TOPO unavailable; using json_fallback: soc=Ascend950PR_9579 occupy=0x3e stable_reachable=5 requested=0 effective=5 affinity=[1, 2, 3, 4, 5(orch)]
[mono_ns=182509874134711][T0x73695a0d7740][TIMING] emit_host_span: [STRACE] v=1 pid=460626 tid=460626 inv=41 hid=1b9a2b8de39e9724 depth=1 name=chip.run.runner_run ts=182509872654470 dur=1479270
[mono_ns=182509913522029][T0x73695a0d7740][TIMING] emit_host_span: [STRACE] v=1 pid=460626 tid=460626 inv=41 hid=1b9a2b8de39e9724 depth=1 name=chip.run.validate ts=182509874137856 dur=39363772
[mono_ns=182509913566686][T0x73695a0d7740][TIMING] emit_host_span: [STRACE] v=1 pid=460626 tid=460626 inv=41 hid=1b9a2b8de39e9724 depth=2 name=chip.run.runner_run.device_wall ts=0 dur=1316249 clk=dev
[mono_ns=182509913568558][T0x73695a0d7740][TIMING] emit_host_span: [STRACE] v=1 pid=460626 tid=460626 inv=41 hid=1b9a2b8de39e9724 depth=3 name=chip.run.runner_run.device_wall.preamble ts=0 dur=15824 clk=dev
[mono_ns=182509913570131][T0x73695a0d7740][TIMING] emit_host_span: [STRACE] v=1 pid=460626 tid=460626 inv=41 hid=1b9a2b8de39e9724 depth=3 name=chip.run.runner_run.device_wall.graph_build ts=5341 dur=1306656 clk=dev
[mono_ns=182509913571222][T0x73695a0d7740][TIMING] emit_host_span: [STRACE] v=1 pid=460626 tid=460626 inv=41 hid=1b9a2b8de39e9724 depth=3 name=chip.run.runner_run.device_wall.config_validate ts=6080 dur=1581 clk=dev
[mono_ns=182509913572474][T0x73695a0d7740][TIMING] emit_host_span: [STRACE] v=1 pid=460626 tid=460626 inv=41 hid=1b9a2b8de39e9724 depth=3 name=chip.run.runner_run.device_wall.arena_wire ts=7864 dur=2952 clk=dev
[mono_ns=182509913573486][T0x73695a0d7740][TIMING] emit_host_span: [STRACE] v=1 pid=460626 tid=460626 inv=41 hid=1b9a2b8de39e9724 depth=3 name=chip.run.runner_run.device_wall.sm_reset ts=11092 dur=3833 clk=dev
[mono_ns=182509913574547][T0x73695a0d7740][TIMING] emit_host_span: [STRACE] v=1 pid=460626 tid=460626 inv=41 hid=1b9a2b8de39e9724 depth=3 name=chip.run.runner_run.device_wall.post_orch ts=1312014 dur=3843 clk=dev
[mono_ns=182509913575539][T0x73695a0d7740][TIMING] emit_host_span: [STRACE] v=1 pid=460626 tid=460626 inv=41 hid=1b9a2b8de39e9724 depth=3 name=chip.run.runner_run.device_wall.orch ts=14989 dur=1277245 clk=dev
[mono_ns=182509913576500][T0x73695a0d7740][TIMING] emit_host_span: [STRACE] v=1 pid=460626 tid=460626 inv=41 hid=1b9a2b8de39e9724 depth=3 name=chip.run.runner_run.device_wall.sched ts=16361 dur=1282034 clk=dev
[mono_ns=182509913581989][T0x73695a0d7740][TIMING] emit_host_span: [STRACE] v=1 pid=460626 tid=460626 inv=41 hid=1b9a2b8de39e9724 depth=1 name=chip.run.claim_release ts=182509913580016 dur=1262
[mono_ns=182509913589650][T0x73695a0d7740][TIMING] emit_host_span: [STRACE] v=1 pid=460626 tid=460626 inv=41 hid=1b9a2b8de39e9724 depth=0 name=chip.run ts=182509801870799 dur=111717539 run_id=0 dispatch_id=0 slot_id=0 generation=41 run_epoch=41
[mono_ns=182510013441019][T0x73695a0d7740][TIMING] emit_host_span: [STRACE] v=1 pid=460626 tid=460626 inv=42 hid=1b9a2b8de39e9724 depth=2 name=chip.run.bind.args ts=182509915497854 dur=97935453
[mono_ns=182510013472857][T0x73695a0d7740][TIMING] emit_host_span: [STRACE] v=1 pid=460626 tid=460626 inv=42 hid=1b9a2b8de39e9724 depth=2 name=chip.run.bind.prebuilt ts=182510013466447 dur=5488
[mono_ns=182510013475371][T0x73695a0d7740][TIMING] emit_host_span: [STRACE] v=1 pid=460626 tid=460626 inv=42 hid=1b9a2b8de39e9724 depth=1 name=chip.run.bind ts=182509915485526 dur=97988723
[mono_ns=182510018645771][T0x73695a0d7740][WARN] prepare_execution: [device_runner.cpp:343] AICPU CPU_TOPO unavailable; using json_fallback: soc=Ascend950PR_9579 occupy=0x3e stable_reachable=5 requested=0 effective=5 affinity=[1, 2, 3, 4, 5(orch)]
[mono_ns=182510020363028][T0x73695a0d7740][TIMING] emit_host_span: [STRACE] v=1 pid=460626 tid=460626 inv=42 hid=1b9a2b8de39e9724 depth=1 name=chip.run.runner_run ts=182510018723217 dur=1637758
[mono_ns=182510063656028][T0x73695a0d7740][TIMING] emit_host_span: [STRACE] v=1 pid=460626 tid=460626 inv=42 hid=1b9a2b8de39e9724 depth=1 name=chip.run.validate ts=182510020367565 dur=43283555
[mono_ns=182510063666694][T0x73695a0d7740][TIMING] emit_host_span: [STRACE] v=1 pid=460626 tid=460626 inv=42 hid=1b9a2b8de39e9724 depth=2 name=chip.run.runner_run.device_wall ts=0 dur=1362017 clk=dev
[mono_ns=182510063668446][T0x73695a0d7740][TIMING] emit_host_span: [STRACE] v=1 pid=460626 tid=460626 inv=42 hid=1b9a2b8de39e9724 depth=3 name=chip.run.runner_run.device_wall.preamble ts=0 dur=12112 clk=dev
[mono_ns=182510063669808][T0x73695a0d7740][TIMING] emit_host_span: [STRACE] v=1 pid=460626 tid=460626 inv=42 hid=1b9a2b8de39e9724 depth=3 name=chip.run.runner_run.device_wall.graph_build ts=2736 dur=1354269 clk=dev
[mono_ns=182510063684631][T0x73695a0d7740][TIMING] emit_host_span: [STRACE] v=1 pid=460626 tid=460626 inv=42 hid=1b9a2b8de39e9724 depth=3 name=chip.run.runner_run.device_wall.config_validate ts=3427 dur=1531 clk=dev
[mono_ns=182510063685652][T0x73695a0d7740][TIMING] emit_host_span: [STRACE] v=1 pid=460626 tid=460626 inv=42 hid=1b9a2b8de39e9724 depth=3 name=chip.run.runner_run.device_wall.arena_wire ts=5020 dur=2683 clk=dev
[mono_ns=182510063686624][T0x73695a0d7740][TIMING] emit_host_span: [STRACE] v=1 pid=460626 tid=460626 inv=42 hid=1b9a2b8de39e9724 depth=3 name=chip.run.runner_run.device_wall.sm_reset ts=7962 dur=3977 clk=dev
[mono_ns=182510063687625][T0x73695a0d7740][TIMING] emit_host_span: [STRACE] v=1 pid=460626 tid=460626 inv=42 hid=1b9a2b8de39e9724 depth=3 name=chip.run.runner_run.device_wall.post_orch ts=1357034 dur=4241 clk=dev
[mono_ns=182510063688627][T0x73695a0d7740][TIMING] emit_host_span: [STRACE] v=1 pid=460626 tid=460626 inv=42 hid=1b9a2b8de39e9724 depth=3 name=chip.run.runner_run.device_wall.orch ts=12266 dur=1325954 clk=dev
[mono_ns=182510063689608][T0x73695a0d7740][TIMING] emit_host_span: [STRACE] v=1 pid=460626 tid=460626 inv=42 hid=1b9a2b8de39e9724 depth=3 name=chip.run.runner_run.device_wall.sched ts=12622 dur=1328587 clk=dev
[mono_ns=182510063691651][T0x73695a0d7740][TIMING] emit_host_span: [STRACE] v=1 pid=460626 tid=460626 inv=42 hid=1b9a2b8de39e9724 depth=1 name=chip.run.claim_release ts=182510063690700 dur=320
[mono_ns=182510063693864][T0x73695a0d7740][TIMING] emit_host_span: [STRACE] v=1 pid=460626 tid=460626 inv=42 hid=1b9a2b8de39e9724 depth=0 name=chip.run ts=182509915429001 dur=148264062 run_id=0 dispatch_id=0 slot_id=0 generation=42 run_epoch=42
[mono_ns=182510145619839][T0x73695a0d7740][TIMING] emit_host_span: [STRACE] v=1 pid=460626 tid=460626 inv=43 hid=1b9a2b8de39e9724 depth=2 name=chip.run.bind.args ts=182510065338893 dur=80271912
[mono_ns=182510145656494][T0x73695a0d7740][TIMING] emit_host_span: [STRACE] v=1 pid=460626 tid=460626 inv=43 hid=1b9a2b8de39e9724 depth=2 name=chip.run.bind.prebuilt ts=182510145652147 dur=3095
[mono_ns=182510145659138][T0x73695a0d7740][TIMING] emit_host_span: [STRACE] v=1 pid=460626 tid=460626 inv=43 hid=1b9a2b8de39e9724 depth=1 name=chip.run.bind ts=182510065330471 dur=80327615
[mono_ns=182510150801766][T0x73695a0d7740][WARN] prepare_execution: [device_runner.cpp:343] AICPU CPU_TOPO unavailable; using json_fallback: soc=Ascend950PR_9579 occupy=0x3e stable_reachable=5 requested=0 effective=5 affinity=[1, 2, 3, 4, 5(orch)]
[mono_ns=182510152433095][T0x73695a0d7740][TIMING] emit_host_span: [STRACE] v=1 pid=460626 tid=460626 inv=43 hid=1b9a2b8de39e9724 depth=1 name=chip.run.runner_run ts=182510150875136 dur=1556086
[mono_ns=182510190832289][T0x73695a0d7740][TIMING] emit_host_span: [STRACE] v=1 pid=460626 tid=460626 inv=43 hid=1b9a2b8de39e9724 depth=1 name=chip.run.validate ts=182510152437642 dur=38392824
[mono_ns=182510190838388][T0x73695a0d7740][TIMING] emit_host_span: [STRACE] v=1 pid=460626 tid=460626 inv=43 hid=1b9a2b8de39e9724 depth=2 name=chip.run.runner_run.device_wall ts=0 dur=1326902 clk=dev
[mono_ns=182510190840131][T0x73695a0d7740][TIMING] emit_host_span: [STRACE] v=1 pid=460626 tid=460626 inv=43 hid=1b9a2b8de39e9724 depth=3 name=chip.run.runner_run.device_wall.preamble ts=0 dur=13129 clk=dev
[mono_ns=182510190841473][T0x73695a0d7740][TIMING] emit_host_span: [STRACE] v=1 pid=460626 tid=460626 inv=43 hid=1b9a2b8de39e9724 depth=3 name=chip.run.runner_run.device_wall.graph_build ts=2665 dur=1319843 clk=dev
[mono_ns=182510190842614][T0x73695a0d7740][TIMING] emit_host_span: [STRACE] v=1 pid=460626 tid=460626 inv=43 hid=1b9a2b8de39e9724 depth=3 name=chip.run.runner_run.device_wall.config_validate ts=2877 dur=1305 clk=dev
[mono_ns=182510190843606][T0x73695a0d7740][TIMING] emit_host_span: [STRACE] v=1 pid=460626 tid=460626 inv=43 hid=1b9a2b8de39e9724 depth=3 name=chip.run.runner_run.device_wall.arena_wire ts=4415 dur=2570 clk=dev
[mono_ns=182510190850907][T0x73695a0d7740][TIMING] emit_host_span: [STRACE] v=1 pid=460626 tid=460626 inv=43 hid=1b9a2b8de39e9724 depth=3 name=chip.run.runner_run.device_wall.sm_reset ts=7052 dur=3979 clk=dev
[mono_ns=182510190851989][T0x73695a0d7740][TIMING] emit_host_span: [STRACE] v=1 pid=460626 tid=460626 inv=43 hid=1b9a2b8de39e9724 depth=3 name=chip.run.runner_run.device_wall.post_orch ts=1322522 dur=3622 clk=dev
[mono_ns=182510190853000][T0x73695a0d7740][TIMING] emit_host_span: [STRACE] v=1 pid=460626 tid=460626 inv=43 hid=1b9a2b8de39e9724 depth=3 name=chip.run.runner_run.device_wall.orch ts=11375 dur=1290712 clk=dev
[mono_ns=182510190853992][T0x73695a0d7740][TIMING] emit_host_span: [STRACE] v=1 pid=460626 tid=460626 inv=43 hid=1b9a2b8de39e9724 depth=3 name=chip.run.runner_run.device_wall.sched ts=12967 dur=1293495 clk=dev
[mono_ns=182510190856025][T0x73695a0d7740][TIMING] emit_host_span: [STRACE] v=1 pid=460626 tid=460626 inv=43 hid=1b9a2b8de39e9724 depth=1 name=chip.run.claim_release ts=182510190855063 dur=331
[mono_ns=182510190858078][T0x73695a0d7740][TIMING] emit_host_span: [STRACE] v=1 pid=460626 tid=460626 inv=43 hid=1b9a2b8de39e9724 depth=0 name=chip.run ts=182510065307597 dur=125549760 run_id=0 dispatch_id=0 slot_id=0 generation=43 run_epoch=43
[mono_ns=182510271163970][T0x73695a0d7740][TIMING] emit_host_span: [STRACE] v=1 pid=460626 tid=460626 inv=44 hid=1b9a2b8de39e9724 depth=2 name=chip.run.bind.args ts=182510192413482 dur=78743918
[mono_ns=182510271192603][T0x73695a0d7740][TIMING] emit_host_span: [STRACE] v=1 pid=460626 tid=460626 inv=44 hid=1b9a2b8de39e9724 depth=2 name=chip.run.bind.prebuilt ts=182510271189308 dur=2154
[mono_ns=182510271194736][T0x73695a0d7740][TIMING] emit_host_span: [STRACE] v=1 pid=460626 tid=460626 inv=44 hid=1b9a2b8de39e9724 depth=1 name=chip.run.bind ts=182510192405450 dur=78788215
[mono_ns=182510276350785][T0x73695a0d7740][WARN] prepare_execution: [device_runner.cpp:343] AICPU CPU_TOPO unavailable; using json_fallback: soc=Ascend950PR_9579 occupy=0x3e stable_reachable=5 requested=0 effective=5 affinity=[1, 2, 3, 4, 5(orch)]
[mono_ns=182510277962464][T0x73695a0d7740][TIMING] emit_host_span: [STRACE] v=1 pid=460626 tid=460626 inv=44 hid=1b9a2b8de39e9724 depth=1 name=chip.run.runner_run ts=182510276418807 dur=1542365
[mono_ns=182510316661508][T0x73695a0d7740][TIMING] emit_host_span: [STRACE] v=1 pid=460626 tid=460626 inv=44 hid=1b9a2b8de39e9724 depth=1 name=chip.run.validate ts=182510277965769 dur=38692765
[mono_ns=182510316669811][T0x73695a0d7740][TIMING] emit_host_span: [STRACE] v=1 pid=460626 tid=460626 inv=44 hid=1b9a2b8de39e9724 depth=2 name=chip.run.runner_run.device_wall ts=0 dur=1328262 clk=dev
[mono_ns=182510316671734][T0x73695a0d7740][TIMING] emit_host_span: [STRACE] v=1 pid=460626 tid=460626 inv=44 hid=1b9a2b8de39e9724 depth=3 name=chip.run.runner_run.device_wall.preamble ts=0 dur=12315 clk=dev
[mono_ns=182510316673046][T0x73695a0d7740][TIMING] emit_host_span: [STRACE] v=1 pid=460626 tid=460626 inv=44 hid=1b9a2b8de39e9724 depth=3 name=chip.run.runner_run.device_wall.graph_build ts=2873 dur=1320826 clk=dev
[mono_ns=182510316674057][T0x73695a0d7740][TIMING] emit_host_span: [STRACE] v=1 pid=460626 tid=460626 inv=44 hid=1b9a2b8de39e9724 depth=3 name=chip.run.runner_run.device_wall.config_validate ts=3388 dur=1196 clk=dev
[mono_ns=182510316675049][T0x73695a0d7740][TIMING] emit_host_span: [STRACE] v=1 pid=460626 tid=460626 inv=44 hid=1b9a2b8de39e9724 depth=3 name=chip.run.runner_run.device_wall.arena_wire ts=4646 dur=2650 clk=dev
[mono_ns=182510316676040][T0x73695a0d7740][TIMING] emit_host_span: [STRACE] v=1 pid=460626 tid=460626 inv=44 hid=1b9a2b8de39e9724 depth=3 name=chip.run.runner_run.device_wall.sm_reset ts=7669 dur=3913 clk=dev
[mono_ns=182510316677072][T0x73695a0d7740][TIMING] emit_host_span: [STRACE] v=1 pid=460626 tid=460626 inv=44 hid=1b9a2b8de39e9724 depth=3 name=chip.run.runner_run.device_wall.post_orch ts=1323724 dur=4179 clk=dev
[mono_ns=182510316678123][T0x73695a0d7740][TIMING] emit_host_span: [STRACE] v=1 pid=460626 tid=460626 inv=44 hid=1b9a2b8de39e9724 depth=3 name=chip.run.runner_run.device_wall.orch ts=11889 dur=1291581 clk=dev
[mono_ns=182510316685725][T0x73695a0d7740][TIMING] emit_host_span: [STRACE] v=1 pid=460626 tid=460626 inv=44 hid=1b9a2b8de39e9724 depth=3 name=chip.run.runner_run.device_wall.sched ts=12625 dur=1295382 clk=dev
[mono_ns=182510316687538][T0x73695a0d7740][TIMING] emit_host_span: [STRACE] v=1 pid=460626 tid=460626 inv=44 hid=1b9a2b8de39e9724 depth=1 name=chip.run.claim_release ts=182510316686746 dur=221
[mono_ns=182510316689731][T0x73695a0d7740][TIMING] emit_host_span: [STRACE] v=1 pid=460626 tid=460626 inv=44 hid=1b9a2b8de39e9724 depth=0 name=chip.run ts=182510192391760 dur=124297230 run_id=0 dispatch_id=0 slot_id=0 generation=44 run_epoch=44
[mono_ns=182510395507961][T0x73695a0d7740][TIMING] emit_host_span: [STRACE] v=1 pid=460626 tid=460626 inv=45 hid=1b9a2b8de39e9724 depth=2 name=chip.run.bind.args ts=182510318214099 dur=77289325
[mono_ns=182510395533529][T0x73695a0d7740][TIMING] emit_host_span: [STRACE] v=1 pid=460626 tid=460626 inv=45 hid=1b9a2b8de39e9724 depth=2 name=chip.run.bind.prebuilt ts=182510395529894 dur=2563
[mono_ns=182510395535852][T0x73695a0d7740][TIMING] emit_host_span: [STRACE] v=1 pid=460626 tid=460626 inv=45 hid=1b9a2b8de39e9724 depth=1 name=chip.run.bind ts=182510318206487 dur=77328244
[mono_ns=182510400619012][T0x73695a0d7740][WARN] prepare_execution: [device_runner.cpp:343] AICPU CPU_TOPO unavailable; using json_fallback: soc=Ascend950PR_9579 occupy=0x3e stable_reachable=5 requested=0 effective=5 affinity=[1, 2, 3, 4, 5(orch)]
[mono_ns=182510402222929][T0x73695a0d7740][TIMING] emit_host_span: [STRACE] v=1 pid=460626 tid=460626 inv=45 hid=1b9a2b8de39e9724 depth=1 name=chip.run.runner_run ts=182510400686373 dur=1535264
[mono_ns=182510440429374][T0x73695a0d7740][TIMING] emit_host_span: [STRACE] v=1 pid=460626 tid=460626 inv=45 hid=1b9a2b8de39e9724 depth=1 name=chip.run.validate ts=182510402227035 dur=38199915
[mono_ns=182510440437056][T0x73695a0d7740][TIMING] emit_host_span: [STRACE] v=1 pid=460626 tid=460626 inv=45 hid=1b9a2b8de39e9724 depth=2 name=chip.run.runner_run.device_wall ts=0 dur=1331594 clk=dev
[mono_ns=182510440438988][T0x73695a0d7740][TIMING] emit_host_span: [STRACE] v=1 pid=460626 tid=460626 inv=45 hid=1b9a2b8de39e9724 depth=3 name=chip.run.runner_run.device_wall.preamble ts=0 dur=12088 clk=dev
[mono_ns=182510440440551][T0x73695a0d7740][TIMING] emit_host_span: [STRACE] v=1 pid=460626 tid=460626 inv=45 hid=1b9a2b8de39e9724 depth=3 name=chip.run.runner_run.device_wall.graph_build ts=2683 dur=1324922 clk=dev
[mono_ns=182510440441693][T0x73695a0d7740][TIMING] emit_host_span: [STRACE] v=1 pid=460626 tid=460626 inv=45 hid=1b9a2b8de39e9724 depth=3 name=chip.run.runner_run.device_wall.config_validate ts=3328 dur=1418 clk=dev
[mono_ns=182510440442734][T0x73695a0d7740][TIMING] emit_host_span: [STRACE] v=1 pid=460626 tid=460626 inv=45 hid=1b9a2b8de39e9724 depth=3 name=chip.run.runner_run.device_wall.arena_wire ts=4763 dur=3209 clk=dev
[mono_ns=182510440443746][T0x73695a0d7740][TIMING] emit_host_span: [STRACE] v=1 pid=460626 tid=460626 inv=45 hid=1b9a2b8de39e9724 depth=3 name=chip.run.runner_run.device_wall.sm_reset ts=7994 dur=5355 clk=dev
[mono_ns=182510440444767][T0x73695a0d7740][TIMING] emit_host_span: [STRACE] v=1 pid=460626 tid=460626 inv=45 hid=1b9a2b8de39e9724 depth=3 name=chip.run.runner_run.device_wall.post_orch ts=1327623 dur=3675 clk=dev
[mono_ns=182510440445749][T0x73695a0d7740][TIMING] emit_host_span: [STRACE] v=1 pid=460626 tid=460626 inv=45 hid=1b9a2b8de39e9724 depth=3 name=chip.run.runner_run.device_wall.orch ts=13373 dur=1295647 clk=dev
[mono_ns=182510440446710][T0x73695a0d7740][TIMING] emit_host_span: [STRACE] v=1 pid=460626 tid=460626 inv=45 hid=1b9a2b8de39e9724 depth=3 name=chip.run.runner_run.device_wall.sched ts=14092 dur=1298104 clk=dev
[mono_ns=182510440448343][T0x73695a0d7740][TIMING] emit_host_span: [STRACE] v=1 pid=460626 tid=460626 inv=45 hid=1b9a2b8de39e9724 depth=1 name=chip.run.claim_release ts=182510440447481 dur=221
[mono_ns=182510440450366][T0x73695a0d7740][TIMING] emit_host_span: [STRACE] v=1 pid=460626 tid=460626 inv=45 hid=1b9a2b8de39e9724 depth=0 name=chip.run ts=182510318190503 dur=122259131 run_id=0 dispatch_id=0 slot_id=0 generation=45 run_epoch=45
[mono_ns=182510519718931][T0x73695a0d7740][TIMING] emit_host_span: [STRACE] v=1 pid=460626 tid=460626 inv=46 hid=1b9a2b8de39e9724 depth=2 name=chip.run.bind.args ts=182510441905650 dur=77809315
[mono_ns=182510519739833][T0x73695a0d7740][TIMING] emit_host_span: [STRACE] v=1 pid=460626 tid=460626 inv=46 hid=1b9a2b8de39e9724 depth=2 name=chip.run.bind.prebuilt ts=182510519736888 dur=1853
[mono_ns=182510519741746][T0x73695a0d7740][TIMING] emit_host_span: [STRACE] v=1 pid=460626 tid=460626 inv=46 hid=1b9a2b8de39e9724 depth=1 name=chip.run.bind ts=182510441898649 dur=77842215
[mono_ns=182510525210764][T0x73695a0d7740][WARN] prepare_execution: [device_runner.cpp:343] AICPU CPU_TOPO unavailable; using json_fallback: soc=Ascend950PR_9579 occupy=0x3e stable_reachable=5 requested=0 effective=5 affinity=[1, 2, 3, 4, 5(orch)]
[mono_ns=182510526820811][T0x73695a0d7740][TIMING] emit_host_span: [STRACE] v=1 pid=460626 tid=460626 inv=46 hid=1b9a2b8de39e9724 depth=1 name=chip.run.runner_run ts=182510525278746 dur=1540763
[mono_ns=182510563273083][T0x73695a0d7740][TIMING] emit_host_span: [STRACE] v=1 pid=460626 tid=460626 inv=46 hid=1b9a2b8de39e9724 depth=1 name=chip.run.validate ts=182510526824196 dur=36445752
[mono_ns=182510563280584][T0x73695a0d7740][TIMING] emit_host_span: [STRACE] v=1 pid=460626 tid=460626 inv=46 hid=1b9a2b8de39e9724 depth=2 name=chip.run.runner_run.device_wall ts=0 dur=1339457 clk=dev
[mono_ns=182510563282567][T0x73695a0d7740][TIMING] emit_host_span: [STRACE] v=1 pid=460626 tid=460626 inv=46 hid=1b9a2b8de39e9724 depth=3 name=chip.run.runner_run.device_wall.preamble ts=0 dur=13926 clk=dev
[mono_ns=182510563284139][T0x73695a0d7740][TIMING] emit_host_span: [STRACE] v=1 pid=460626 tid=460626 inv=46 hid=1b9a2b8de39e9724 depth=3 name=chip.run.runner_run.device_wall.graph_build ts=2573 dur=1331810 clk=dev
[mono_ns=182510563285171][T0x73695a0d7740][TIMING] emit_host_span: [STRACE] v=1 pid=460626 tid=460626 inv=46 hid=1b9a2b8de39e9724 depth=3 name=chip.run.runner_run.device_wall.config_validate ts=3143 dur=1395 clk=dev
[mono_ns=182510563286212][T0x73695a0d7740][TIMING] emit_host_span: [STRACE] v=1 pid=460626 tid=460626 inv=46 hid=1b9a2b8de39e9724 depth=3 name=chip.run.runner_run.device_wall.arena_wire ts=4597 dur=2983 clk=dev
[mono_ns=182510563287204][T0x73695a0d7740][TIMING] emit_host_span: [STRACE] v=1 pid=460626 tid=460626 inv=46 hid=1b9a2b8de39e9724 depth=3 name=chip.run.runner_run.device_wall.sm_reset ts=7602 dur=4051 clk=dev
[mono_ns=182510563288245][T0x73695a0d7740][TIMING] emit_host_span: [STRACE] v=1 pid=460626 tid=460626 inv=46 hid=1b9a2b8de39e9724 depth=3 name=chip.run.runner_run.device_wall.post_orch ts=1334401 dur=4242 clk=dev
[mono_ns=182510563289247][T0x73695a0d7740][TIMING] emit_host_span: [STRACE] v=1 pid=460626 tid=460626 inv=46 hid=1b9a2b8de39e9724 depth=3 name=chip.run.runner_run.device_wall.orch ts=11721 dur=1304099 clk=dev
[mono_ns=182510563290248][T0x73695a0d7740][TIMING] emit_host_span: [STRACE] v=1 pid=460626 tid=460626 inv=46 hid=1b9a2b8de39e9724 depth=3 name=chip.run.runner_run.device_wall.sched ts=13251 dur=1305287 clk=dev
[mono_ns=182510563291811][T0x73695a0d7740][TIMING] emit_host_span: [STRACE] v=1 pid=460626 tid=460626 inv=46 hid=1b9a2b8de39e9724 depth=1 name=chip.run.claim_release ts=182510563291090 dur=120
[mono_ns=182510563293894][T0x73695a0d7740][TIMING] emit_host_span: [STRACE] v=1 pid=460626 tid=460626 inv=46 hid=1b9a2b8de39e9724 depth=0 name=chip.run ts=182510441884548 dur=121408625 run_id=0 dispatch_id=0 slot_id=0 generation=46 run_epoch=46
[mono_ns=182510642900347][T0x73695a0d7740][TIMING] emit_host_span: [STRACE] v=1 pid=460626 tid=460626 inv=47 hid=1b9a2b8de39e9724 depth=2 name=chip.run.bind.args ts=182510564730420 dur=78165109
[mono_ns=182510642920687][T0x73695a0d7740][TIMING] emit_host_span: [STRACE] v=1 pid=460626 tid=460626 inv=47 hid=1b9a2b8de39e9724 depth=2 name=chip.run.bind.prebuilt ts=182510642917723 dur=1943
[mono_ns=182510642933577][T0x73695a0d7740][TIMING] emit_host_span: [STRACE] v=1 pid=460626 tid=460626 inv=47 hid=1b9a2b8de39e9724 depth=1 name=chip.run.bind ts=182510564723730 dur=78208835
[mono_ns=182510648033201][T0x73695a0d7740][WARN] prepare_execution: [device_runner.cpp:343] AICPU CPU_TOPO unavailable; using json_fallback: soc=Ascend950PR_9579 occupy=0x3e stable_reachable=5 requested=0 effective=5 affinity=[1, 2, 3, 4, 5(orch)]
[mono_ns=182510649651800][T0x73695a0d7740][TIMING] emit_host_span: [STRACE] v=1 pid=460626 tid=460626 inv=47 hid=1b9a2b8de39e9724 depth=1 name=chip.run.runner_run ts=182510648100772 dur=1549696
[mono_ns=182510686321849][T0x73695a0d7740][TIMING] emit_host_span: [STRACE] v=1 pid=460626 tid=460626 inv=47 hid=1b9a2b8de39e9724 depth=1 name=chip.run.validate ts=182510649656096 dur=36663760
[mono_ns=182510686326145][T0x73695a0d7740][TIMING] emit_host_span: [STRACE] v=1 pid=460626 tid=460626 inv=47 hid=1b9a2b8de39e9724 depth=2 name=chip.run.runner_run.device_wall ts=0 dur=1346111 clk=dev
[mono_ns=182510686328038][T0x73695a0d7740][TIMING] emit_host_span: [STRACE] v=1 pid=460626 tid=460626 inv=47 hid=1b9a2b8de39e9724 depth=3 name=chip.run.runner_run.device_wall.preamble ts=0 dur=15662 clk=dev
[mono_ns=182510686329250][T0x73695a0d7740][TIMING] emit_host_span: [STRACE] v=1 pid=460626 tid=460626 inv=47 hid=1b9a2b8de39e9724 depth=3 name=chip.run.runner_run.device_wall.graph_build ts=5681 dur=1336499 clk=dev
[mono_ns=182510686330271][T0x73695a0d7740][TIMING] emit_host_span: [STRACE] v=1 pid=460626 tid=460626 inv=47 hid=1b9a2b8de39e9724 depth=3 name=chip.run.runner_run.device_wall.config_validate ts=6141 dur=1395 clk=dev
[mono_ns=182510686331243][T0x73695a0d7740][TIMING] emit_host_span: [STRACE] v=1 pid=460626 tid=460626 inv=47 hid=1b9a2b8de39e9724 depth=3 name=chip.run.runner_run.device_wall.arena_wire ts=7764 dur=3017 clk=dev
[mono_ns=182510686332244][T0x73695a0d7740][TIMING] emit_host_span: [STRACE] v=1 pid=460626 tid=460626 inv=47 hid=1b9a2b8de39e9724 depth=3 name=chip.run.runner_run.device_wall.sm_reset ts=10802 dur=3982 clk=dev
[mono_ns=182510686333256][T0x73695a0d7740][TIMING] emit_host_span: [STRACE] v=1 pid=460626 tid=460626 inv=47 hid=1b9a2b8de39e9724 depth=3 name=chip.run.runner_run.device_wall.post_orch ts=1342202 dur=3592 clk=dev
[mono_ns=182510686334257][T0x73695a0d7740][TIMING] emit_host_span: [STRACE] v=1 pid=460626 tid=460626 inv=47 hid=1b9a2b8de39e9724 depth=3 name=chip.run.runner_run.device_wall.orch ts=14897 dur=1307757 clk=dev
[mono_ns=182510686335229][T0x73695a0d7740][TIMING] emit_host_span: [STRACE] v=1 pid=460626 tid=460626 inv=47 hid=1b9a2b8de39e9724 depth=3 name=chip.run.runner_run.device_wall.sched ts=15854 dur=1311012 clk=dev
[mono_ns=182510686336641][T0x73695a0d7740][TIMING] emit_host_span: [STRACE] v=1 pid=460626 tid=460626 inv=47 hid=1b9a2b8de39e9724 depth=1 name=chip.run.claim_release ts=182510686335930 dur=110
[mono_ns=182510686338634][T0x73695a0d7740][TIMING] emit_host_span: [STRACE] v=1 pid=460626 tid=460626 inv=47 hid=1b9a2b8de39e9724 depth=0 name=chip.run ts=182510564710911 dur=121627012 run_id=0 dispatch_id=0 slot_id=0 generation=47 run_epoch=47
[mono_ns=182510764299787][T0x73695a0d7740][TIMING] emit_host_span: [STRACE] v=1 pid=460626 tid=460626 inv=48 hid=1b9a2b8de39e9724 depth=2 name=chip.run.bind.args ts=182510687753307 dur=76543446
[mono_ns=182510764317684][T0x73695a0d7740][TIMING] emit_host_span: [STRACE] v=1 pid=460626 tid=460626 inv=48 hid=1b9a2b8de39e9724 depth=2 name=chip.run.bind.prebuilt ts=182510764315191 dur=1802
[mono_ns=182510764319387][T0x73695a0d7740][TIMING] emit_host_span: [STRACE] v=1 pid=460626 tid=460626 inv=48 hid=1b9a2b8de39e9724 depth=1 name=chip.run.bind ts=182510687747469 dur=76571057
[mono_ns=182510769440984][T0x73695a0d7740][WARN] prepare_execution: [device_runner.cpp:343] AICPU CPU_TOPO unavailable; using json_fallback: soc=Ascend950PR_9579 occupy=0x3e stable_reachable=5 requested=0 effective=5 affinity=[1, 2, 3, 4, 5(orch)]
[mono_ns=182510770965963][T0x73695a0d7740][TIMING] emit_host_span: [STRACE] v=1 pid=460626 tid=460626 inv=48 hid=1b9a2b8de39e9724 depth=1 name=chip.run.runner_run ts=182510769511760 dur=1452801
[mono_ns=182510806788760][T0x73695a0d7740][TIMING] emit_host_span: [STRACE] v=1 pid=460626 tid=460626 inv=48 hid=1b9a2b8de39e9724 depth=1 name=chip.run.validate ts=182510770977180 dur=35809857
[mono_ns=182510806793918][T0x73695a0d7740][TIMING] emit_host_span: [STRACE] v=1 pid=460626 tid=460626 inv=48 hid=1b9a2b8de39e9724 depth=2 name=chip.run.runner_run.device_wall ts=0 dur=1260769 clk=dev
[mono_ns=182510806795630][T0x73695a0d7740][TIMING] emit_host_span: [STRACE] v=1 pid=460626 tid=460626 inv=48 hid=1b9a2b8de39e9724 depth=3 name=chip.run.runner_run.device_wall.preamble ts=0 dur=12784 clk=dev
[mono_ns=182510806796862][T0x73695a0d7740][TIMING] emit_host_span: [STRACE] v=1 pid=460626 tid=460626 inv=48 hid=1b9a2b8de39e9724 depth=3 name=chip.run.runner_run.device_wall.graph_build ts=2605 dur=1253507 clk=dev
[mono_ns=182510806797864][T0x73695a0d7740][TIMING] emit_host_span: [STRACE] v=1 pid=460626 tid=460626 inv=48 hid=1b9a2b8de39e9724 depth=3 name=chip.run.runner_run.device_wall.config_validate ts=3036 dur=1387 clk=dev
[mono_ns=182510806798845][T0x73695a0d7740][TIMING] emit_host_span: [STRACE] v=1 pid=460626 tid=460626 inv=48 hid=1b9a2b8de39e9724 depth=3 name=chip.run.runner_run.device_wall.arena_wire ts=4443 dur=2941 clk=dev
[mono_ns=182510806799827][T0x73695a0d7740][TIMING] emit_host_span: [STRACE] v=1 pid=460626 tid=460626 inv=48 hid=1b9a2b8de39e9724 depth=3 name=chip.run.runner_run.device_wall.sm_reset ts=7409 dur=4537 clk=dev
[mono_ns=182510806800848][T0x73695a0d7740][TIMING] emit_host_span: [STRACE] v=1 pid=460626 tid=460626 inv=48 hid=1b9a2b8de39e9724 depth=3 name=chip.run.runner_run.device_wall.post_orch ts=1256130 dur=3917 clk=dev
[mono_ns=182510806801830][T0x73695a0d7740][TIMING] emit_host_span: [STRACE] v=1 pid=460626 tid=460626 inv=48 hid=1b9a2b8de39e9724 depth=3 name=chip.run.runner_run.device_wall.orch ts=12020 dur=1223985 clk=dev
[mono_ns=182510806802831][T0x73695a0d7740][TIMING] emit_host_span: [STRACE] v=1 pid=460626 tid=460626 inv=48 hid=1b9a2b8de39e9724 depth=3 name=chip.run.runner_run.device_wall.sched ts=13037 dur=1227039 clk=dev
[mono_ns=182510806804213][T0x73695a0d7740][TIMING] emit_host_span: [STRACE] v=1 pid=460626 tid=460626 inv=48 hid=1b9a2b8de39e9724 depth=1 name=chip.run.claim_release ts=182510806803552 dur=100
[mono_ns=182510806806046][T0x73695a0d7740][TIMING] emit_host_span: [STRACE] v=1 pid=460626 tid=460626 inv=48 hid=1b9a2b8de39e9724 depth=0 name=chip.run ts=182510687737444 dur=119067891 run_id=0 dispatch_id=0 slot_id=0 generation=48 run_epoch=48
[mono_ns=182510883822281][T0x73695a0d7740][TIMING] emit_host_span: [STRACE] v=1 pid=460626 tid=460626 inv=49 hid=1b9a2b8de39e9724 depth=2 name=chip.run.bind.args ts=182510808210464 dur=75606910
[mono_ns=182510883842702][T0x73695a0d7740][TIMING] emit_host_span: [STRACE] v=1 pid=460626 tid=460626 inv=49 hid=1b9a2b8de39e9724 depth=2 name=chip.run.bind.prebuilt ts=182510883839807 dur=1903
[mono_ns=182510883844494][T0x73695a0d7740][TIMING] emit_host_span: [STRACE] v=1 pid=460626 tid=460626 inv=49 hid=1b9a2b8de39e9724 depth=1 name=chip.run.bind ts=182510808204685 dur=75638978
[mono_ns=182510898800021][T0x73695a0d7740][WARN] prepare_execution: [device_runner.cpp:343] AICPU CPU_TOPO unavailable; using json_fallback: soc=Ascend950PR_9579 occupy=0x3e stable_reachable=5 requested=0 effective=5 affinity=[1, 2, 3, 4, 5(orch)]
[mono_ns=182510900450068][T0x73695a0d7740][TIMING] emit_host_span: [STRACE] v=1 pid=460626 tid=460626 inv=49 hid=1b9a2b8de39e9724 depth=1 name=chip.run.runner_run ts=182510898872871 dur=1575735
[mono_ns=182510936136541][T0x73695a0d7740][TIMING] emit_host_span: [STRACE] v=1 pid=460626 tid=460626 inv=49 hid=1b9a2b8de39e9724 depth=1 name=chip.run.validate ts=182510900454014 dur=35680544
[mono_ns=182510936140426][T0x73695a0d7740][TIMING] emit_host_span: [STRACE] v=1 pid=460626 tid=460626 inv=49 hid=1b9a2b8de39e9724 depth=2 name=chip.run.runner_run.device_wall ts=0 dur=1348315 clk=dev
[mono_ns=182510936193336][T0x73695a0d7740][TIMING] emit_host_span: [STRACE] v=1 pid=460626 tid=460626 inv=49 hid=1b9a2b8de39e9724 depth=3 name=chip.run.runner_run.device_wall.preamble ts=0 dur=15065 clk=dev
[mono_ns=182510936195038][T0x73695a0d7740][TIMING] emit_host_span: [STRACE] v=1 pid=460626 tid=460626 inv=49 hid=1b9a2b8de39e9724 depth=3 name=chip.run.runner_run.device_wall.graph_build ts=5371 dur=1337684 clk=dev
[mono_ns=182510936196300][T0x73695a0d7740][TIMING] emit_host_span: [STRACE] v=1 pid=460626 tid=460626 inv=49 hid=1b9a2b8de39e9724 depth=3 name=chip.run.runner_run.device_wall.config_validate ts=6053 dur=1503 clk=dev
[mono_ns=182510936197302][T0x73695a0d7740][TIMING] emit_host_span: [STRACE] v=1 pid=460626 tid=460626 inv=49 hid=1b9a2b8de39e9724 depth=3 name=chip.run.runner_run.device_wall.arena_wire ts=7577 dur=2895 clk=dev
[mono_ns=182510936198303][T0x73695a0d7740][TIMING] emit_host_span: [STRACE] v=1 pid=460626 tid=460626 inv=49 hid=1b9a2b8de39e9724 depth=3 name=chip.run.runner_run.device_wall.sm_reset ts=10621 dur=4800 clk=dev
[mono_ns=182510936199325][T0x73695a0d7740][TIMING] emit_host_span: [STRACE] v=1 pid=460626 tid=460626 inv=49 hid=1b9a2b8de39e9724 depth=3 name=chip.run.runner_run.device_wall.post_orch ts=1343077 dur=4918 clk=dev
[mono_ns=182510936200336][T0x73695a0d7740][TIMING] emit_host_span: [STRACE] v=1 pid=460626 tid=460626 inv=49 hid=1b9a2b8de39e9724 depth=3 name=chip.run.runner_run.device_wall.orch ts=15748 dur=1307105 clk=dev
[mono_ns=182510936201308][T0x73695a0d7740][TIMING] emit_host_span: [STRACE] v=1 pid=460626 tid=460626 inv=49 hid=1b9a2b8de39e9724 depth=3 name=chip.run.runner_run.device_wall.sched ts=16479 dur=1310787 clk=dev
[mono_ns=182510936202740][T0x73695a0d7740][TIMING] emit_host_span: [STRACE] v=1 pid=460626 tid=460626 inv=49 hid=1b9a2b8de39e9724 depth=1 name=chip.run.claim_release ts=182510936201989 dur=120
[mono_ns=182510936204753][T0x73695a0d7740][TIMING] emit_host_span: [STRACE] v=1 pid=460626 tid=460626 inv=49 hid=1b9a2b8de39e9724 depth=0 name=chip.run ts=182510808195632 dur=128008230 run_id=0 dispatch_id=0 slot_id=0 generation=49 run_epoch=49
[mono_ns=182511011882078][T0x73695a0d7740][TIMING] emit_host_span: [STRACE] v=1 pid=460626 tid=460626 inv=50 hid=1b9a2b8de39e9724 depth=2 name=chip.run.bind.args ts=182510937631715 dur=74245686
[mono_ns=182511011905464][T0x73695a0d7740][TIMING] emit_host_span: [STRACE] v=1 pid=460626 tid=460626 inv=50 hid=1b9a2b8de39e9724 depth=2 name=chip.run.bind.prebuilt ts=182511011902359 dur=2213
[mono_ns=182511011907376][T0x73695a0d7740][TIMING] emit_host_span: [STRACE] v=1 pid=460626 tid=460626 inv=50 hid=1b9a2b8de39e9724 depth=1 name=chip.run.bind ts=182510937626467 dur=74280168
[mono_ns=182511017025488][T0x73695a0d7740][WARN] prepare_execution: [device_runner.cpp:343] AICPU CPU_TOPO unavailable; using json_fallback: soc=Ascend950PR_9579 occupy=0x3e stable_reachable=5 requested=0 effective=5 affinity=[1, 2, 3, 4, 5(orch)]
[mono_ns=182511018633452][T0x73695a0d7740][TIMING] emit_host_span: [STRACE] v=1 pid=460626 tid=460626 inv=50 hid=1b9a2b8de39e9724 depth=1 name=chip.run.runner_run ts=182511017092289 dur=1539731
[mono_ns=182511054267295][T0x73695a0d7740][TIMING] emit_host_span: [STRACE] v=1 pid=460626 tid=460626 inv=50 hid=1b9a2b8de39e9724 depth=1 name=chip.run.validate ts=182511018636637 dur=35628455
[mono_ns=182511054273655][T0x73695a0d7740][TIMING] emit_host_span: [STRACE] v=1 pid=460626 tid=460626 inv=50 hid=1b9a2b8de39e9724 depth=2 name=chip.run.runner_run.device_wall ts=0 dur=1334767 clk=dev
[mono_ns=182511054275638][T0x73695a0d7740][TIMING] emit_host_span: [STRACE] v=1 pid=460626 tid=460626 inv=50 hid=1b9a2b8de39e9724 depth=3 name=chip.run.runner_run.device_wall.preamble ts=0 dur=13833 clk=dev
[mono_ns=182511054276970][T0x73695a0d7740][TIMING] emit_host_span: [STRACE] v=1 pid=460626 tid=460626 inv=50 hid=1b9a2b8de39e9724 depth=3 name=chip.run.runner_run.device_wall.graph_build ts=3110 dur=1327787 clk=dev
[mono_ns=182511054278041][T0x73695a0d7740][TIMING] emit_host_span: [STRACE] v=1 pid=460626 tid=460626 inv=50 hid=1b9a2b8de39e9724 depth=3 name=chip.run.runner_run.device_wall.config_validate ts=3670 dur=1286 clk=dev
[mono_ns=182511054285813][T0x73695a0d7740][TIMING] emit_host_span: [STRACE] v=1 pid=460626 tid=460626 inv=50 hid=1b9a2b8de39e9724 depth=3 name=chip.run.runner_run.device_wall.arena_wire ts=5019 dur=2863 clk=dev
[mono_ns=182511054286855][T0x73695a0d7740][TIMING] emit_host_span: [STRACE] v=1 pid=460626 tid=460626 inv=50 hid=1b9a2b8de39e9724 depth=3 name=chip.run.runner_run.device_wall.sm_reset ts=8079 dur=4569 clk=dev
[mono_ns=182511054287866][T0x73695a0d7740][TIMING] emit_host_span: [STRACE] v=1 pid=460626 tid=460626 inv=50 hid=1b9a2b8de39e9724 depth=3 name=chip.run.runner_run.device_wall.post_orch ts=1330923 dur=3655 clk=dev
[mono_ns=182511054289068][T0x73695a0d7740][TIMING] emit_host_span: [STRACE] v=1 pid=460626 tid=460626 inv=50 hid=1b9a2b8de39e9724 depth=3 name=chip.run.runner_run.device_wall.orch ts=12788 dur=1299118 clk=dev
[mono_ns=182511054290069][T0x73695a0d7740][TIMING] emit_host_span: [STRACE] v=1 pid=460626 tid=460626 inv=50 hid=1b9a2b8de39e9724 depth=3 name=chip.run.runner_run.device_wall.sched ts=13992 dur=1301149 clk=dev
[mono_ns=182511054291472][T0x73695a0d7740][TIMING] emit_host_span: [STRACE] v=1 pid=460626 tid=460626 inv=50 hid=1b9a2b8de39e9724 depth=1 name=chip.run.claim_release ts=182511054290781 dur=100
[mono_ns=182511054293535][T0x73695a0d7740][TIMING] emit_host_span: [STRACE] v=1 pid=460626 tid=460626 inv=50 hid=1b9a2b8de39e9724 depth=0 name=chip.run ts=182510937616211 dur=116676603 run_id=0 dispatch_id=0 slot_id=0 generation=50 run_epoch=50
[mono_ns=182511128093502][T0x73695a0d7740][TIMING] emit_host_span: [STRACE] v=1 pid=460626 tid=460626 inv=51 hid=1b9a2b8de39e9724 depth=2 name=chip.run.bind.args ts=182511055733416 dur=72354178
[mono_ns=182511128119081][T0x73695a0d7740][TIMING] emit_host_span: [STRACE] v=1 pid=460626 tid=460626 inv=51 hid=1b9a2b8de39e9724 depth=2 name=chip.run.bind.prebuilt ts=182511128115405 dur=2694
[mono_ns=182511128120954][T0x73695a0d7740][TIMING] emit_host_span: [STRACE] v=1 pid=460626 tid=460626 inv=51 hid=1b9a2b8de39e9724 depth=1 name=chip.run.bind ts=182511055727877 dur=72392255
[mono_ns=182511136435633][T0x73695a0d7740][WARN] prepare_execution: [device_runner.cpp:343] AICPU CPU_TOPO unavailable; using json_fallback: soc=Ascend950PR_9579 occupy=0x3e stable_reachable=5 requested=0 effective=5 affinity=[1, 2, 3, 4, 5(orch)]
[mono_ns=182511138064188][T0x73695a0d7740][TIMING] emit_host_span: [STRACE] v=1 pid=460626 tid=460626 inv=51 hid=1b9a2b8de39e9724 depth=1 name=chip.run.runner_run ts=182511136504777 dur=1557928
[mono_ns=182511172669537][T0x73695a0d7740][TIMING] emit_host_span: [STRACE] v=1 pid=460626 tid=460626 inv=51 hid=1b9a2b8de39e9724 depth=1 name=chip.run.validate ts=182511138068644 dur=34599451
[mono_ns=182511172673343][T0x73695a0d7740][TIMING] emit_host_span: [STRACE] v=1 pid=460626 tid=460626 inv=51 hid=1b9a2b8de39e9724 depth=2 name=chip.run.runner_run.device_wall ts=0 dur=1337264 clk=dev
[mono_ns=182511172674885][T0x73695a0d7740][TIMING] emit_host_span: [STRACE] v=1 pid=460626 tid=460626 inv=51 hid=1b9a2b8de39e9724 depth=3 name=chip.run.runner_run.device_wall.preamble ts=0 dur=12608 clk=dev
[mono_ns=182511172676157][T0x73695a0d7740][TIMING] emit_host_span: [STRACE] v=1 pid=460626 tid=460626 inv=51 hid=1b9a2b8de39e9724 depth=3 name=chip.run.runner_run.device_wall.graph_build ts=2712 dur=1330720 clk=dev
[mono_ns=182511172677179][T0x73695a0d7740][TIMING] emit_host_span: [STRACE] v=1 pid=460626 tid=460626 inv=51 hid=1b9a2b8de39e9724 depth=3 name=chip.run.runner_run.device_wall.config_validate ts=2940 dur=1545 clk=dev
[mono_ns=182511172678180][T0x73695a0d7740][TIMING] emit_host_span: [STRACE] v=1 pid=460626 tid=460626 inv=51 hid=1b9a2b8de39e9724 depth=3 name=chip.run.runner_run.device_wall.arena_wire ts=4504 dur=2889 clk=dev
[mono_ns=182511172679152][T0x73695a0d7740][TIMING] emit_host_span: [STRACE] v=1 pid=460626 tid=460626 inv=51 hid=1b9a2b8de39e9724 depth=3 name=chip.run.runner_run.device_wall.sm_reset ts=7461 dur=4864 clk=dev
[mono_ns=182511172680364][T0x73695a0d7740][TIMING] emit_host_span: [STRACE] v=1 pid=460626 tid=460626 inv=51 hid=1b9a2b8de39e9724 depth=3 name=chip.run.runner_run.device_wall.post_orch ts=1333448 dur=3709 clk=dev
[mono_ns=182511172688786][T0x73695a0d7740][TIMING] emit_host_span: [STRACE] v=1 pid=460626 tid=460626 inv=51 hid=1b9a2b8de39e9724 depth=3 name=chip.run.runner_run.device_wall.orch ts=12537 dur=1300575 clk=dev
[mono_ns=182511172689818][T0x73695a0d7740][TIMING] emit_host_span: [STRACE] v=1 pid=460626 tid=460626 inv=51 hid=1b9a2b8de39e9724 depth=3 name=chip.run.runner_run.device_wall.sched ts=13121 dur=1304300 clk=dev
[mono_ns=182511172691240][T0x73695a0d7740][TIMING] emit_host_span: [STRACE] v=1 pid=460626 tid=460626 inv=51 hid=1b9a2b8de39e9724 depth=1 name=chip.run.claim_release ts=182511172690539 dur=120
[mono_ns=182511172693233][T0x73695a0d7740][TIMING] emit_host_span: [STRACE] v=1 pid=460626 tid=460626 inv=51 hid=1b9a2b8de39e9724 depth=0 name=chip.run ts=182511055716150 dur=116976352 run_id=0 dispatch_id=0 slot_id=0 generation=51 run_epoch=51
[mono_ns=182511246028804][T0x73695a0d7740][TIMING] emit_host_span: [STRACE] v=1 pid=460626 tid=460626 inv=52 hid=1b9a2b8de39e9724 depth=2 name=chip.run.bind.args ts=182511174154857 dur=71870091
[mono_ns=182511246051818][T0x73695a0d7740][TIMING] emit_host_span: [STRACE] v=1 pid=460626 tid=460626 inv=52 hid=1b9a2b8de39e9724 depth=2 name=chip.run.bind.prebuilt ts=182511246048964 dur=2103
[mono_ns=182511246054052][T0x73695a0d7740][TIMING] emit_host_span: [STRACE] v=1 pid=460626 tid=460626 inv=52 hid=1b9a2b8de39e9724 depth=1 name=chip.run.bind ts=182511174149599 dur=71903271
[mono_ns=182511251234758][T0x73695a0d7740][WARN] prepare_execution: [device_runner.cpp:343] AICPU CPU_TOPO unavailable; using json_fallback: soc=Ascend950PR_9579 occupy=0x3e stable_reachable=5 requested=0 effective=5 affinity=[1, 2, 3, 4, 5(orch)]
[mono_ns=182511252863362][T0x73695a0d7740][TIMING] emit_host_span: [STRACE] v=1 pid=460626 tid=460626 inv=52 hid=1b9a2b8de39e9724 depth=1 name=chip.run.runner_run ts=182511251303441 dur=1558529
[mono_ns=182511288433470][T0x73695a0d7740][TIMING] emit_host_span: [STRACE] v=1 pid=460626 tid=460626 inv=52 hid=1b9a2b8de39e9724 depth=1 name=chip.run.validate ts=182511252867328 dur=35564429
[mono_ns=182511288437866][T0x73695a0d7740][TIMING] emit_host_span: [STRACE] v=1 pid=460626 tid=460626 inv=52 hid=1b9a2b8de39e9724 depth=2 name=chip.run.runner_run.device_wall ts=0 dur=1351522 clk=dev
[mono_ns=182511288439569][T0x73695a0d7740][TIMING] emit_host_span: [STRACE] v=1 pid=460626 tid=460626 inv=52 hid=1b9a2b8de39e9724 depth=3 name=chip.run.runner_run.device_wall.preamble ts=0 dur=15321 clk=dev
[mono_ns=182511288440891][T0x73695a0d7740][TIMING] emit_host_span: [STRACE] v=1 pid=460626 tid=460626 inv=52 hid=1b9a2b8de39e9724 depth=3 name=chip.run.runner_run.device_wall.graph_build ts=5129 dur=1341772 clk=dev
[mono_ns=182511288441943][T0x73695a0d7740][TIMING] emit_host_span: [STRACE] v=1 pid=460626 tid=460626 inv=52 hid=1b9a2b8de39e9724 depth=3 name=chip.run.runner_run.device_wall.config_validate ts=5600 dur=1214 clk=dev
[mono_ns=182511288442944][T0x73695a0d7740][TIMING] emit_host_span: [STRACE] v=1 pid=460626 tid=460626 inv=52 hid=1b9a2b8de39e9724 depth=3 name=chip.run.runner_run.device_wall.arena_wire ts=7058 dur=2715 clk=dev
[mono_ns=182511288443915][T0x73695a0d7740][TIMING] emit_host_span: [STRACE] v=1 pid=460626 tid=460626 inv=52 hid=1b9a2b8de39e9724 depth=3 name=chip.run.runner_run.device_wall.sm_reset ts=9911 dur=3449 clk=dev
[mono_ns=182511288444937][T0x73695a0d7740][TIMING] emit_host_span: [STRACE] v=1 pid=460626 tid=460626 inv=52 hid=1b9a2b8de39e9724 depth=3 name=chip.run.runner_run.device_wall.post_orch ts=1346919 dur=4289 clk=dev
[mono_ns=182511288445939][T0x73695a0d7740][TIMING] emit_host_span: [STRACE] v=1 pid=460626 tid=460626 inv=52 hid=1b9a2b8de39e9724 depth=3 name=chip.run.runner_run.device_wall.orch ts=13635 dur=1313772 clk=dev
[mono_ns=182511288446920][T0x73695a0d7740][TIMING] emit_host_span: [STRACE] v=1 pid=460626 tid=460626 inv=52 hid=1b9a2b8de39e9724 depth=3 name=chip.run.runner_run.device_wall.sched ts=14834 dur=1317178 clk=dev
[mono_ns=182511288455092][T0x73695a0d7740][TIMING] emit_host_span: [STRACE] v=1 pid=460626 tid=460626 inv=52 hid=1b9a2b8de39e9724 depth=1 name=chip.run.claim_release ts=182511288454271 dur=120
[mono_ns=182511288457025][T0x73695a0d7740][TIMING] emit_host_span: [STRACE] v=1 pid=460626 tid=460626 inv=52 hid=1b9a2b8de39e9724 depth=0 name=chip.run ts=182511174138983 dur=114317321 run_id=0 dispatch_id=0 slot_id=0 generation=52 run_epoch=52
[mono_ns=182511365163075][T0x73695a0d7740][TIMING] emit_host_span: [STRACE] v=1 pid=460626 tid=460626 inv=53 hid=1b9a2b8de39e9724 depth=2 name=chip.run.bind.args ts=182511289972199 dur=75187451
[mono_ns=182511365179229][T0x73695a0d7740][TIMING] emit_host_span: [STRACE] v=1 pid=460626 tid=460626 inv=53 hid=1b9a2b8de39e9724 depth=2 name=chip.run.bind.prebuilt ts=182511365176335 dur=1933
[mono_ns=182511365181062][T0x73695a0d7740][TIMING] emit_host_span: [STRACE] v=1 pid=460626 tid=460626 inv=53 hid=1b9a2b8de39e9724 depth=1 name=chip.run.bind ts=182511289966411 dur=75213779
[mono_ns=182511370323090][T0x73695a0d7740][WARN] prepare_execution: [device_runner.cpp:343] AICPU CPU_TOPO unavailable; using json_fallback: soc=Ascend950PR_9579 occupy=0x3e stable_reachable=5 requested=0 effective=5 affinity=[1, 2, 3, 4, 5(orch)]
[mono_ns=182511371976251][T0x73695a0d7740][TIMING] emit_host_span: [STRACE] v=1 pid=460626 tid=460626 inv=53 hid=1b9a2b8de39e9724 depth=1 name=chip.run.runner_run ts=182511370394917 dur=1579832
[mono_ns=182511406044504][T0x73695a0d7740][TIMING] emit_host_span: [STRACE] v=1 pid=460626 tid=460626 inv=53 hid=1b9a2b8de39e9724 depth=1 name=chip.run.validate ts=182511371979916 dur=34060292
[mono_ns=182511406055301][T0x73695a0d7740][TIMING] emit_host_span: [STRACE] v=1 pid=460626 tid=460626 inv=53 hid=1b9a2b8de39e9724 depth=2 name=chip.run.runner_run.device_wall ts=0 dur=1371709 clk=dev
[mono_ns=182511406056883][T0x73695a0d7740][TIMING] emit_host_span: [STRACE] v=1 pid=460626 tid=460626 inv=53 hid=1b9a2b8de39e9724 depth=3 name=chip.run.runner_run.device_wall.preamble ts=0 dur=13797 clk=dev
[mono_ns=182511406058135][T0x73695a0d7740][TIMING] emit_host_span: [STRACE] v=1 pid=460626 tid=460626 inv=53 hid=1b9a2b8de39e9724 depth=3 name=chip.run.runner_run.device_wall.graph_build ts=4645 dur=1361440 clk=dev
[mono_ns=182511406059136][T0x73695a0d7740][TIMING] emit_host_span: [STRACE] v=1 pid=460626 tid=460626 inv=53 hid=1b9a2b8de39e9724 depth=3 name=chip.run.runner_run.device_wall.config_validate ts=5201 dur=1637 clk=dev
[mono_ns=182511406060118][T0x73695a0d7740][TIMING] emit_host_span: [STRACE] v=1 pid=460626 tid=460626 inv=53 hid=1b9a2b8de39e9724 depth=3 name=chip.run.runner_run.device_wall.arena_wire ts=6957 dur=2661 clk=dev
[mono_ns=182511406061079][T0x73695a0d7740][TIMING] emit_host_span: [STRACE] v=1 pid=460626 tid=460626 inv=53 hid=1b9a2b8de39e9724 depth=3 name=chip.run.runner_run.device_wall.sm_reset ts=9639 dur=4327 clk=dev
[mono_ns=182511406062091][T0x73695a0d7740][TIMING] emit_host_span: [STRACE] v=1 pid=460626 tid=460626 inv=53 hid=1b9a2b8de39e9724 depth=3 name=chip.run.runner_run.device_wall.post_orch ts=1366118 dur=4457 clk=dev
[mono_ns=182511406063082][T0x73695a0d7740][TIMING] emit_host_span: [STRACE] v=1 pid=460626 tid=460626 inv=53 hid=1b9a2b8de39e9724 depth=3 name=chip.run.runner_run.device_wall.orch ts=14140 dur=1332616 clk=dev
[mono_ns=182511406064084][T0x73695a0d7740][TIMING] emit_host_span: [STRACE] v=1 pid=460626 tid=460626 inv=53 hid=1b9a2b8de39e9724 depth=3 name=chip.run.runner_run.device_wall.sched ts=14630 dur=1335407 clk=dev
[mono_ns=182511406065466][T0x73695a0d7740][TIMING] emit_host_span: [STRACE] v=1 pid=460626 tid=460626 inv=53 hid=1b9a2b8de39e9724 depth=1 name=chip.run.claim_release ts=182511406064785 dur=120
[mono_ns=182511406067679][T0x73695a0d7740][TIMING] emit_host_span: [STRACE] v=1 pid=460626 tid=460626 inv=53 hid=1b9a2b8de39e9724 depth=0 name=chip.run ts=182511289954553 dur=116112235 run_id=0 dispatch_id=0 slot_id=0 generation=53 run_epoch=53
[mono_ns=182511485878399][T0x73695a0d7740][TIMING] emit_host_span: [STRACE] v=1 pid=460626 tid=460626 inv=54 hid=1b9a2b8de39e9724 depth=2 name=chip.run.bind.args ts=182511407585447 dur=78278961
[mono_ns=182511485929205][T0x73695a0d7740][TIMING] emit_host_span: [STRACE] v=1 pid=460626 tid=460626 inv=54 hid=1b9a2b8de39e9724 depth=2 name=chip.run.bind.prebuilt ts=182511485924899 dur=3114
[mono_ns=182511485932510][T0x73695a0d7740][TIMING] emit_host_span: [STRACE] v=1 pid=460626 tid=460626 inv=54 hid=1b9a2b8de39e9724 depth=1 name=chip.run.bind ts=182511407578877 dur=78352341
[mono_ns=182511491077692][T0x73695a0d7740][WARN] prepare_execution: [device_runner.cpp:343] AICPU CPU_TOPO unavailable; using json_fallback: soc=Ascend950PR_9579 occupy=0x3e stable_reachable=5 requested=0 effective=5 affinity=[1, 2, 3, 4, 5(orch)]
[mono_ns=182511492701279][T0x73695a0d7740][TIMING] emit_host_span: [STRACE] v=1 pid=460626 tid=460626 inv=54 hid=1b9a2b8de39e9724 depth=1 name=chip.run.runner_run ts=182511491152044 dur=1547663
[mono_ns=182511530133772][T0x73695a0d7740][TIMING] emit_host_span: [STRACE] v=1 pid=460626 tid=460626 inv=54 hid=1b9a2b8de39e9724 depth=1 name=chip.run.validate ts=182511492706597 dur=37422538
[mono_ns=182511530147814][T0x73695a0d7740][TIMING] emit_host_span: [STRACE] v=1 pid=460626 tid=460626 inv=54 hid=1b9a2b8de39e9724 depth=2 name=chip.run.runner_run.device_wall ts=0 dur=1326203 clk=dev
[mono_ns=182511530149807][T0x73695a0d7740][TIMING] emit_host_span: [STRACE] v=1 pid=460626 tid=460626 inv=54 hid=1b9a2b8de39e9724 depth=3 name=chip.run.runner_run.device_wall.preamble ts=0 dur=12428 clk=dev
[mono_ns=182511530151108][T0x73695a0d7740][TIMING] emit_host_span: [STRACE] v=1 pid=460626 tid=460626 inv=54 hid=1b9a2b8de39e9724 depth=3 name=chip.run.runner_run.device_wall.graph_build ts=3025 dur=1319322 clk=dev
[mono_ns=182511530152130][T0x73695a0d7740][TIMING] emit_host_span: [STRACE] v=1 pid=460626 tid=460626 inv=54 hid=1b9a2b8de39e9724 depth=3 name=chip.run.runner_run.device_wall.config_validate ts=3782 dur=1480 clk=dev
[mono_ns=182511530153142][T0x73695a0d7740][TIMING] emit_host_span: [STRACE] v=1 pid=460626 tid=460626 inv=54 hid=1b9a2b8de39e9724 depth=3 name=chip.run.runner_run.device_wall.arena_wire ts=5287 dur=2574 clk=dev
[mono_ns=182511530154123][T0x73695a0d7740][TIMING] emit_host_span: [STRACE] v=1 pid=460626 tid=460626 inv=54 hid=1b9a2b8de39e9724 depth=3 name=chip.run.runner_run.device_wall.sm_reset ts=7951 dur=5202 clk=dev
[mono_ns=182511530155375][T0x73695a0d7740][TIMING] emit_host_span: [STRACE] v=1 pid=460626 tid=460626 inv=54 hid=1b9a2b8de39e9724 depth=3 name=chip.run.runner_run.device_wall.post_orch ts=1322366 dur=3496 clk=dev
[mono_ns=182511530156426][T0x73695a0d7740][TIMING] emit_host_span: [STRACE] v=1 pid=460626 tid=460626 inv=54 hid=1b9a2b8de39e9724 depth=3 name=chip.run.runner_run.device_wall.orch ts=13437 dur=1289372 clk=dev
[mono_ns=182511530157408][T0x73695a0d7740][TIMING] emit_host_span: [STRACE] v=1 pid=460626 tid=460626 inv=54 hid=1b9a2b8de39e9724 depth=3 name=chip.run.runner_run.device_wall.sched ts=13805 dur=1292505 clk=dev
[mono_ns=182511530159531][T0x73695a0d7740][TIMING] emit_host_span: [STRACE] v=1 pid=460626 tid=460626 inv=54 hid=1b9a2b8de39e9724 depth=1 name=chip.run.claim_release ts=182511530158409 dur=521
[mono_ns=182511530162055][T0x73695a0d7740][TIMING] emit_host_span: [STRACE] v=1 pid=460626 tid=460626 inv=54 hid=1b9a2b8de39e9724 depth=0 name=chip.run ts=182511407563584 dur=122597540 run_id=0 dispatch_id=0 slot_id=0 generation=54 run_epoch=54
[mono_ns=182511611304924][T0x73695a0d7740][TIMING] emit_host_span: [STRACE] v=1 pid=460626 tid=460626 inv=55 hid=1b9a2b8de39e9724 depth=2 name=chip.run.bind.args ts=182511531791821 dur=79507554
[mono_ns=182511611327798][T0x73695a0d7740][TIMING] emit_host_span: [STRACE] v=1 pid=460626 tid=460626 inv=55 hid=1b9a2b8de39e9724 depth=2 name=chip.run.bind.prebuilt ts=182511611324153 dur=2734
[mono_ns=182511611330072][T0x73695a0d7740][TIMING] emit_host_span: [STRACE] v=1 pid=460626 tid=460626 inv=55 hid=1b9a2b8de39e9724 depth=1 name=chip.run.bind ts=182511531783459 dur=79545641
[mono_ns=182511616410347][T0x73695a0d7740][WARN] prepare_execution: [device_runner.cpp:343] AICPU CPU_TOPO unavailable; using json_fallback: soc=Ascend950PR_9579 occupy=0x3e stable_reachable=5 requested=0 effective=5 affinity=[1, 2, 3, 4, 5(orch)]
[mono_ns=182511618016477][T0x73695a0d7740][TIMING] emit_host_span: [STRACE] v=1 pid=460626 tid=460626 inv=55 hid=1b9a2b8de39e9724 depth=1 name=chip.run.runner_run ts=182511616486721 dur=1528144
[mono_ns=182511651326813][T0x73695a0d7740][TIMING] emit_host_span: [STRACE] v=1 pid=460626 tid=460626 inv=55 hid=1b9a2b8de39e9724 depth=1 name=chip.run.validate ts=182511618020974 dur=33303185
[mono_ns=182511651333654][T0x73695a0d7740][TIMING] emit_host_span: [STRACE] v=1 pid=460626 tid=460626 inv=55 hid=1b9a2b8de39e9724 depth=2 name=chip.run.runner_run.device_wall ts=0 dur=1315964 clk=dev
[mono_ns=182511651335537][T0x73695a0d7740][TIMING] emit_host_span: [STRACE] v=1 pid=460626 tid=460626 inv=55 hid=1b9a2b8de39e9724 depth=3 name=chip.run.runner_run.device_wall.preamble ts=0 dur=11936 clk=dev
[mono_ns=182511651336879][T0x73695a0d7740][TIMING] emit_host_span: [STRACE] v=1 pid=460626 tid=460626 inv=55 hid=1b9a2b8de39e9724 depth=3 name=chip.run.runner_run.device_wall.graph_build ts=3154 dur=1308514 clk=dev
[mono_ns=182511651337940][T0x73695a0d7740][TIMING] emit_host_span: [STRACE] v=1 pid=460626 tid=460626 inv=55 hid=1b9a2b8de39e9724 depth=3 name=chip.run.runner_run.device_wall.config_validate ts=3373 dur=1436 clk=dev
[mono_ns=182511651338932][T0x73695a0d7740][TIMING] emit_host_span: [STRACE] v=1 pid=460626 tid=460626 inv=55 hid=1b9a2b8de39e9724 depth=3 name=chip.run.runner_run.device_wall.arena_wire ts=4881 dur=2944 clk=dev
[mono_ns=182511651339923][T0x73695a0d7740][TIMING] emit_host_span: [STRACE] v=1 pid=460626 tid=460626 inv=55 hid=1b9a2b8de39e9724 depth=3 name=chip.run.runner_run.device_wall.sm_reset ts=7953 dur=4561 clk=dev
[mono_ns=182511651340965][T0x73695a0d7740][TIMING] emit_host_span: [STRACE] v=1 pid=460626 tid=460626 inv=55 hid=1b9a2b8de39e9724 depth=3 name=chip.run.runner_run.device_wall.post_orch ts=1311686 dur=3885 clk=dev
[mono_ns=182511651341976][T0x73695a0d7740][TIMING] emit_host_span: [STRACE] v=1 pid=460626 tid=460626 inv=55 hid=1b9a2b8de39e9724 depth=3 name=chip.run.runner_run.device_wall.orch ts=12845 dur=1279823 clk=dev
[mono_ns=182511651342958][T0x73695a0d7740][TIMING] emit_host_span: [STRACE] v=1 pid=460626 tid=460626 inv=55 hid=1b9a2b8de39e9724 depth=3 name=chip.run.runner_run.device_wall.sched ts=13210 dur=1282606 clk=dev
[mono_ns=182511651345131][T0x73695a0d7740][TIMING] emit_host_span: [STRACE] v=1 pid=460626 tid=460626 inv=55 hid=1b9a2b8de39e9724 depth=1 name=chip.run.claim_release ts=182511651344009 dur=531
[mono_ns=182511651347344][T0x73695a0d7740][TIMING] emit_host_span: [STRACE] v=1 pid=460626 tid=460626 inv=55 hid=1b9a2b8de39e9724 depth=0 name=chip.run ts=182511531764620 dur=119582023 run_id=0 dispatch_id=0 slot_id=0 generation=55 run_epoch=55
[mono_ns=182511726009556][T0x73695a0d7740][TIMING] emit_host_span: [STRACE] v=1 pid=460626 tid=460626 inv=56 hid=1b9a2b8de39e9724 depth=2 name=chip.run.bind.args ts=182511652816189 dur=73189702
[mono_ns=182511726029216][T0x73695a0d7740][TIMING] emit_host_span: [STRACE] v=1 pid=460626 tid=460626 inv=56 hid=1b9a2b8de39e9724 depth=2 name=chip.run.bind.prebuilt ts=182511726025941 dur=2393
[mono_ns=182511726031089][T0x73695a0d7740][TIMING] emit_host_span: [STRACE] v=1 pid=460626 tid=460626 inv=56 hid=1b9a2b8de39e9724 depth=1 name=chip.run.bind ts=182511652809479 dur=73220548
[mono_ns=182511731216101][T0x73695a0d7740][WARN] prepare_execution: [device_runner.cpp:343] AICPU CPU_TOPO unavailable; using json_fallback: soc=Ascend950PR_9579 occupy=0x3e stable_reachable=5 requested=0 effective=5 affinity=[1, 2, 3, 4, 5(orch)]
[mono_ns=182511732817424][T0x73695a0d7740][TIMING] emit_host_span: [STRACE] v=1 pid=460626 tid=460626 inv=56 hid=1b9a2b8de39e9724 depth=1 name=chip.run.runner_run ts=182511731281609 dur=1534543
[mono_ns=182511766573489][T0x73695a0d7740][TIMING] emit_host_span: [STRACE] v=1 pid=460626 tid=460626 inv=56 hid=1b9a2b8de39e9724 depth=1 name=chip.run.validate ts=182511732821250 dur=33750547
[mono_ns=182511766585147][T0x73695a0d7740][TIMING] emit_host_span: [STRACE] v=1 pid=460626 tid=460626 inv=56 hid=1b9a2b8de39e9724 depth=2 name=chip.run.runner_run.device_wall ts=0 dur=1333120 clk=dev
[mono_ns=182511766586519][T0x73695a0d7740][TIMING] emit_host_span: [STRACE] v=1 pid=460626 tid=460626 inv=56 hid=1b9a2b8de39e9724 depth=3 name=chip.run.runner_run.device_wall.preamble ts=0 dur=12150 clk=dev
[mono_ns=182511766587781][T0x73695a0d7740][TIMING] emit_host_span: [STRACE] v=1 pid=460626 tid=460626 inv=56 hid=1b9a2b8de39e9724 depth=3 name=chip.run.runner_run.device_wall.graph_build ts=2586 dur=1326374 clk=dev
[mono_ns=182511766588782][T0x73695a0d7740][TIMING] emit_host_span: [STRACE] v=1 pid=460626 tid=460626 inv=56 hid=1b9a2b8de39e9724 depth=3 name=chip.run.runner_run.device_wall.config_validate ts=3171 dur=1158 clk=dev
[mono_ns=182511766589784][T0x73695a0d7740][TIMING] emit_host_span: [STRACE] v=1 pid=460626 tid=460626 inv=56 hid=1b9a2b8de39e9724 depth=3 name=chip.run.runner_run.device_wall.arena_wire ts=4358 dur=2762 clk=dev
[mono_ns=182511766590745][T0x73695a0d7740][TIMING] emit_host_span: [STRACE] v=1 pid=460626 tid=460626 inv=56 hid=1b9a2b8de39e9724 depth=3 name=chip.run.runner_run.device_wall.sm_reset ts=7138 dur=4038 clk=dev
[mono_ns=182511766591777][T0x73695a0d7740][TIMING] emit_host_span: [STRACE] v=1 pid=460626 tid=460626 inv=56 hid=1b9a2b8de39e9724 depth=3 name=chip.run.runner_run.device_wall.post_orch ts=1328978 dur=3758 clk=dev
[mono_ns=182511766592758][T0x73695a0d7740][TIMING] emit_host_span: [STRACE] v=1 pid=460626 tid=460626 inv=56 hid=1b9a2b8de39e9724 depth=3 name=chip.run.runner_run.device_wall.orch ts=11241 dur=1295405 clk=dev
[mono_ns=182511766593740][T0x73695a0d7740][TIMING] emit_host_span: [STRACE] v=1 pid=460626 tid=460626 inv=56 hid=1b9a2b8de39e9724 depth=3 name=chip.run.runner_run.device_wall.sched ts=12617 dur=1300445 clk=dev
[mono_ns=182511766595222][T0x73695a0d7740][TIMING] emit_host_span: [STRACE] v=1 pid=460626 tid=460626 inv=56 hid=1b9a2b8de39e9724 depth=1 name=chip.run.claim_release ts=182511766594541 dur=80
[mono_ns=182511766597265][T0x73695a0d7740][TIMING] emit_host_span: [STRACE] v=1 pid=460626 tid=460626 inv=56 hid=1b9a2b8de39e9724 depth=0 name=chip.run ts=182511652796730 dur=113799854 run_id=0 dispatch_id=0 slot_id=0 generation=56 run_epoch=56
[mono_ns=182511850862320][T0x73695a0d7740][TIMING] emit_host_span: [STRACE] v=1 pid=460626 tid=460626 inv=57 hid=1b9a2b8de39e9724 depth=2 name=chip.run.bind.args ts=182511768079360 dur=82769580
[mono_ns=182511850886366][T0x73695a0d7740][TIMING] emit_host_span: [STRACE] v=1 pid=460626 tid=460626 inv=57 hid=1b9a2b8de39e9724 depth=2 name=chip.run.bind.prebuilt ts=182511850881980 dur=3355
[mono_ns=182511850890002][T0x73695a0d7740][TIMING] emit_host_span: [STRACE] v=1 pid=460626 tid=460626 inv=57 hid=1b9a2b8de39e9724 depth=1 name=chip.run.bind ts=182511768072870 dur=82815289
[mono_ns=182511856051979][T0x73695a0d7740][WARN] prepare_execution: [device_runner.cpp:343] AICPU CPU_TOPO unavailable; using json_fallback: soc=Ascend950PR_9579 occupy=0x3e stable_reachable=5 requested=0 effective=5 affinity=[1, 2, 3, 4, 5(orch)]
[mono_ns=182511857625701][T0x73695a0d7740][TIMING] emit_host_span: [STRACE] v=1 pid=460626 tid=460626 inv=57 hid=1b9a2b8de39e9724 depth=1 name=chip.run.runner_run ts=182511856107543 dur=1516566
[mono_ns=182511897839599][T0x73695a0d7740][TIMING] emit_host_span: [STRACE] v=1 pid=460626 tid=460626 inv=57 hid=1b9a2b8de39e9724 depth=1 name=chip.run.validate ts=182511857629137 dur=40207818
[mono_ns=182511897845108][T0x73695a0d7740][TIMING] emit_host_span: [STRACE] v=1 pid=460626 tid=460626 inv=57 hid=1b9a2b8de39e9724 depth=2 name=chip.run.runner_run.device_wall ts=0 dur=1346618 clk=dev
[mono_ns=182511897846480][T0x73695a0d7740][TIMING] emit_host_span: [STRACE] v=1 pid=460626 tid=460626 inv=57 hid=1b9a2b8de39e9724 depth=3 name=chip.run.runner_run.device_wall.preamble ts=0 dur=12907 clk=dev
[mono_ns=182511897847721][T0x73695a0d7740][TIMING] emit_host_span: [STRACE] v=1 pid=460626 tid=460626 inv=57 hid=1b9a2b8de39e9724 depth=3 name=chip.run.runner_run.device_wall.graph_build ts=2513 dur=1339853 clk=dev
[mono_ns=182511897862233][T0x73695a0d7740][TIMING] emit_host_span: [STRACE] v=1 pid=460626 tid=460626 inv=57 hid=1b9a2b8de39e9724 depth=3 name=chip.run.runner_run.device_wall.config_validate ts=2917 dur=1441 clk=dev
[mono_ns=182511897863285][T0x73695a0d7740][TIMING] emit_host_span: [STRACE] v=1 pid=460626 tid=460626 inv=57 hid=1b9a2b8de39e9724 depth=3 name=chip.run.runner_run.device_wall.arena_wire ts=4389 dur=3159 clk=dev
[mono_ns=182511897864266][T0x73695a0d7740][TIMING] emit_host_span: [STRACE] v=1 pid=460626 tid=460626 inv=57 hid=1b9a2b8de39e9724 depth=3 name=chip.run.runner_run.device_wall.sm_reset ts=7570 dur=4118 clk=dev
[mono_ns=182511897865368][T0x73695a0d7740][TIMING] emit_host_span: [STRACE] v=1 pid=460626 tid=460626 inv=57 hid=1b9a2b8de39e9724 depth=3 name=chip.run.runner_run.device_wall.post_orch ts=1342385 dur=3880 clk=dev
[mono_ns=182511897866359][T0x73695a0d7740][TIMING] emit_host_span: [STRACE] v=1 pid=460626 tid=460626 inv=57 hid=1b9a2b8de39e9724 depth=3 name=chip.run.runner_run.device_wall.orch ts=11969 dur=1311197 clk=dev
[mono_ns=182511897867341][T0x73695a0d7740][TIMING] emit_host_span: [STRACE] v=1 pid=460626 tid=460626 inv=57 hid=1b9a2b8de39e9724 depth=3 name=chip.run.runner_run.device_wall.sched ts=12895 dur=1314080 clk=dev
[mono_ns=182511897869434][T0x73695a0d7740][TIMING] emit_host_span: [STRACE] v=1 pid=460626 tid=460626 inv=57 hid=1b9a2b8de39e9724 depth=1 name=chip.run.claim_release ts=182511897868262 dur=571
[mono_ns=182511897871727][T0x73695a0d7740][TIMING] emit_host_span: [STRACE] v=1 pid=460626 tid=460626 inv=57 hid=1b9a2b8de39e9724 depth=0 name=chip.run ts=182511768059450 dur=129811506 run_id=0 dispatch_id=0 slot_id=0 generation=57 run_epoch=57
[mono_ns=182511991951083][T0x73695a0d7740][TIMING] emit_host_span: [STRACE] v=1 pid=460626 tid=460626 inv=58 hid=1b9a2b8de39e9724 depth=2 name=chip.run.bind.args ts=182511899404798 dur=92533406
[mono_ns=182511991993707][T0x73695a0d7740][TIMING] emit_host_span: [STRACE] v=1 pid=460626 tid=460626 inv=58 hid=1b9a2b8de39e9724 depth=2 name=chip.run.bind.prebuilt ts=182511991989390 dur=3125
[mono_ns=182511991998084][T0x73695a0d7740][TIMING] emit_host_span: [STRACE] v=1 pid=460626 tid=460626 inv=58 hid=1b9a2b8de39e9724 depth=1 name=chip.run.bind ts=182511899397087 dur=92598473
[mono_ns=182511997243086][T0x73695a0d7740][WARN] prepare_execution: [device_runner.cpp:343] AICPU CPU_TOPO unavailable; using json_fallback: soc=Ascend950PR_9579 occupy=0x3e stable_reachable=5 requested=0 effective=5 affinity=[1, 2, 3, 4, 5(orch)]
[mono_ns=182511998888245][T0x73695a0d7740][TIMING] emit_host_span: [STRACE] v=1 pid=460626 tid=460626 inv=58 hid=1b9a2b8de39e9724 depth=1 name=chip.run.runner_run ts=182511997314693 dur=1571619
[mono_ns=182512040767553][T0x73695a0d7740][TIMING] emit_host_span: [STRACE] v=1 pid=460626 tid=460626 inv=58 hid=1b9a2b8de39e9724 depth=1 name=chip.run.validate ts=182511998892341 dur=41872818
[mono_ns=182512040773101][T0x73695a0d7740][TIMING] emit_host_span: [STRACE] v=1 pid=460626 tid=460626 inv=58 hid=1b9a2b8de39e9724 depth=2 name=chip.run.runner_run.device_wall ts=0 dur=1339949 clk=dev
[mono_ns=182512040775234][T0x73695a0d7740][TIMING] emit_host_span: [STRACE] v=1 pid=460626 tid=460626 inv=58 hid=1b9a2b8de39e9724 depth=3 name=chip.run.runner_run.device_wall.preamble ts=0 dur=12412 clk=dev
[mono_ns=182512040776576][T0x73695a0d7740][TIMING] emit_host_span: [STRACE] v=1 pid=460626 tid=460626 inv=58 hid=1b9a2b8de39e9724 depth=3 name=chip.run.runner_run.device_wall.graph_build ts=2511 dur=1332492 clk=dev
[mono_ns=182512040777618][T0x73695a0d7740][TIMING] emit_host_span: [STRACE] v=1 pid=460626 tid=460626 inv=58 hid=1b9a2b8de39e9724 depth=3 name=chip.run.runner_run.device_wall.config_validate ts=2739 dur=1692 clk=dev
[mono_ns=182512040778619][T0x73695a0d7740][TIMING] emit_host_span: [STRACE] v=1 pid=460626 tid=460626 inv=58 hid=1b9a2b8de39e9724 depth=3 name=chip.run.runner_run.device_wall.arena_wire ts=4499 dur=2889 clk=dev
[mono_ns=182512040779641][T0x73695a0d7740][TIMING] emit_host_span: [STRACE] v=1 pid=460626 tid=460626 inv=58 hid=1b9a2b8de39e9724 depth=3 name=chip.run.runner_run.device_wall.sm_reset ts=7409 dur=4101 clk=dev
[mono_ns=182512040786531][T0x73695a0d7740][TIMING] emit_host_span: [STRACE] v=1 pid=460626 tid=460626 inv=58 hid=1b9a2b8de39e9724 depth=3 name=chip.run.runner_run.device_wall.post_orch ts=1335020 dur=4315 clk=dev
[mono_ns=182512040787583][T0x73695a0d7740][TIMING] emit_host_span: [STRACE] v=1 pid=460626 tid=460626 inv=58 hid=1b9a2b8de39e9724 depth=3 name=chip.run.runner_run.device_wall.orch ts=11618 dur=1303218 clk=dev
[mono_ns=182512040788584][T0x73695a0d7740][TIMING] emit_host_span: [STRACE] v=1 pid=460626 tid=460626 inv=58 hid=1b9a2b8de39e9724 depth=3 name=chip.run.runner_run.device_wall.sched ts=12674 dur=1306422 clk=dev
[mono_ns=182512040790417][T0x73695a0d7740][TIMING] emit_host_span: [STRACE] v=1 pid=460626 tid=460626 inv=58 hid=1b9a2b8de39e9724 depth=1 name=chip.run.claim_release ts=182512040789395 dur=401
[mono_ns=182512040792800][T0x73695a0d7740][TIMING] emit_host_span: [STRACE] v=1 pid=460626 tid=460626 inv=58 hid=1b9a2b8de39e9724 depth=0 name=chip.run ts=182511899386441 dur=141405418 run_id=0 dispatch_id=0 slot_id=0 generation=58 run_epoch=58
[mono_ns=182512122921890][T0x73695a0d7740][TIMING] emit_host_span: [STRACE] v=1 pid=460626 tid=460626 inv=59 hid=1b9a2b8de39e9724 depth=2 name=chip.run.bind.args ts=182512042503598 dur=80412723
[mono_ns=182512122948990][T0x73695a0d7740][TIMING] emit_host_span: [STRACE] v=1 pid=460626 tid=460626 inv=59 hid=1b9a2b8de39e9724 depth=2 name=chip.run.bind.prebuilt ts=182512122944864 dur=3005
[mono_ns=182512122951444][T0x73695a0d7740][TIMING] emit_host_span: [STRACE] v=1 pid=460626 tid=460626 inv=59 hid=1b9a2b8de39e9724 depth=1 name=chip.run.bind ts=182512042496077 dur=80454215
[mono_ns=182512128033482][T0x73695a0d7740][WARN] prepare_execution: [device_runner.cpp:343] AICPU CPU_TOPO unavailable; using json_fallback: soc=Ascend950PR_9579 occupy=0x3e stable_reachable=5 requested=0 effective=5 affinity=[1, 2, 3, 4, 5(orch)]
[mono_ns=182512129609407][T0x73695a0d7740][TIMING] emit_host_span: [STRACE] v=1 pid=460626 tid=460626 inv=59 hid=1b9a2b8de39e9724 depth=1 name=chip.run.runner_run ts=182512128105259 dur=1502756
[mono_ns=182512166636462][T0x73695a0d7740][TIMING] emit_host_span: [STRACE] v=1 pid=460626 tid=460626 inv=59 hid=1b9a2b8de39e9724 depth=1 name=chip.run.validate ts=182512129613042 dur=37021136
[mono_ns=182512166642961][T0x73695a0d7740][TIMING] emit_host_span: [STRACE] v=1 pid=460626 tid=460626 inv=59 hid=1b9a2b8de39e9724 depth=2 name=chip.run.runner_run.device_wall ts=0 dur=1306494 clk=dev
[mono_ns=182512166644614][T0x73695a0d7740][TIMING] emit_host_span: [STRACE] v=1 pid=460626 tid=460626 inv=59 hid=1b9a2b8de39e9724 depth=3 name=chip.run.runner_run.device_wall.preamble ts=0 dur=13346 clk=dev
[mono_ns=182512166645856][T0x73695a0d7740][TIMING] emit_host_span: [STRACE] v=1 pid=460626 tid=460626 inv=59 hid=1b9a2b8de39e9724 depth=3 name=chip.run.runner_run.device_wall.graph_build ts=2647 dur=1299356 clk=dev
[mono_ns=182512166646847][T0x73695a0d7740][TIMING] emit_host_span: [STRACE] v=1 pid=460626 tid=460626 inv=59 hid=1b9a2b8de39e9724 depth=3 name=chip.run.runner_run.device_wall.config_validate ts=3102 dur=1244 clk=dev
[mono_ns=182512166647829][T0x73695a0d7740][TIMING] emit_host_span: [STRACE] v=1 pid=460626 tid=460626 inv=59 hid=1b9a2b8de39e9724 depth=3 name=chip.run.runner_run.device_wall.arena_wire ts=4358 dur=3116 clk=dev
[mono_ns=182512166648800][T0x73695a0d7740][TIMING] emit_host_span: [STRACE] v=1 pid=460626 tid=460626 inv=59 hid=1b9a2b8de39e9724 depth=3 name=chip.run.runner_run.device_wall.sm_reset ts=7563 dur=3707 clk=dev
[mono_ns=182512166649812][T0x73695a0d7740][TIMING] emit_host_span: [STRACE] v=1 pid=460626 tid=460626 inv=59 hid=1b9a2b8de39e9724 depth=3 name=chip.run.runner_run.device_wall.post_orch ts=1302021 dur=3764 clk=dev
[mono_ns=182512166650993][T0x73695a0d7740][TIMING] emit_host_span: [STRACE] v=1 pid=460626 tid=460626 inv=59 hid=1b9a2b8de39e9724 depth=3 name=chip.run.runner_run.device_wall.orch ts=11597 dur=1270428 clk=dev
[mono_ns=182512166658895][T0x73695a0d7740][TIMING] emit_host_span: [STRACE] v=1 pid=460626 tid=460626 inv=59 hid=1b9a2b8de39e9724 depth=3 name=chip.run.runner_run.device_wall.sched ts=13022 dur=1272981 clk=dev
[mono_ns=182512166660648][T0x73695a0d7740][TIMING] emit_host_span: [STRACE] v=1 pid=460626 tid=460626 inv=59 hid=1b9a2b8de39e9724 depth=1 name=chip.run.claim_release ts=182512166659897 dur=160
[mono_ns=182512166662541][T0x73695a0d7740][TIMING] emit_host_span: [STRACE] v=1 pid=460626 tid=460626 inv=59 hid=1b9a2b8de39e9724 depth=0 name=chip.run ts=182512042482406 dur=124179203 run_id=0 dispatch_id=0 slot_id=0 generation=59 run_epoch=59
[mono_ns=182512243804445][T0x73695a0d7740][TIMING] emit_host_span: [STRACE] v=1 pid=460626 tid=460626 inv=60 hid=1b9a2b8de39e9724 depth=2 name=chip.run.bind.args ts=182512168260559 dur=75540200
[mono_ns=182512243825696][T0x73695a0d7740][TIMING] emit_host_span: [STRACE] v=1 pid=460626 tid=460626 inv=60 hid=1b9a2b8de39e9724 depth=2 name=chip.run.bind.prebuilt ts=182512243822682 dur=2133
[mono_ns=182512243827389][T0x73695a0d7740][TIMING] emit_host_span: [STRACE] v=1 pid=460626 tid=460626 inv=60 hid=1b9a2b8de39e9724 depth=1 name=chip.run.bind ts=182512168253879 dur=75572739
[mono_ns=182512248891330][T0x73695a0d7740][WARN] prepare_execution: [device_runner.cpp:343] AICPU CPU_TOPO unavailable; using json_fallback: soc=Ascend950PR_9579 occupy=0x3e stable_reachable=5 requested=0 effective=5 affinity=[1, 2, 3, 4, 5(orch)]
[mono_ns=182512250542918][T0x73695a0d7740][TIMING] emit_host_span: [STRACE] v=1 pid=460626 tid=460626 inv=60 hid=1b9a2b8de39e9724 depth=1 name=chip.run.runner_run ts=182512248963057 dur=1578590
[mono_ns=182512284943231][T0x73695a0d7740][TIMING] emit_host_span: [STRACE] v=1 pid=460626 tid=460626 inv=60 hid=1b9a2b8de39e9724 depth=1 name=chip.run.validate ts=182512250547846 dur=34393752
[mono_ns=182512284949440][T0x73695a0d7740][TIMING] emit_host_span: [STRACE] v=1 pid=460626 tid=460626 inv=60 hid=1b9a2b8de39e9724 depth=2 name=chip.run.runner_run.device_wall ts=0 dur=1359996 clk=dev
[mono_ns=182512284951112][T0x73695a0d7740][TIMING] emit_host_span: [STRACE] v=1 pid=460626 tid=460626 inv=60 hid=1b9a2b8de39e9724 depth=3 name=chip.run.runner_run.device_wall.preamble ts=0 dur=12472 clk=dev
[mono_ns=182512284952194][T0x73695a0d7740][TIMING] emit_host_span: [STRACE] v=1 pid=460626 tid=460626 inv=60 hid=1b9a2b8de39e9724 depth=3 name=chip.run.runner_run.device_wall.graph_build ts=2322 dur=1352848 clk=dev
[mono_ns=182512284953196][T0x73695a0d7740][TIMING] emit_host_span: [STRACE] v=1 pid=460626 tid=460626 inv=60 hid=1b9a2b8de39e9724 depth=3 name=chip.run.runner_run.device_wall.config_validate ts=2598 dur=1371 clk=dev
[mono_ns=182512284954187][T0x73695a0d7740][TIMING] emit_host_span: [STRACE] v=1 pid=460626 tid=460626 inv=60 hid=1b9a2b8de39e9724 depth=3 name=chip.run.runner_run.device_wall.arena_wire ts=4034 dur=2593 clk=dev
[mono_ns=182512284955209][T0x73695a0d7740][TIMING] emit_host_span: [STRACE] v=1 pid=460626 tid=460626 inv=60 hid=1b9a2b8de39e9724 depth=3 name=chip.run.runner_run.device_wall.sm_reset ts=6754 dur=3530 clk=dev
[mono_ns=182512284956410][T0x73695a0d7740][TIMING] emit_host_span: [STRACE] v=1 pid=460626 tid=460626 inv=60 hid=1b9a2b8de39e9724 depth=3 name=chip.run.runner_run.device_wall.post_orch ts=1355233 dur=3877 clk=dev
[mono_ns=182512284957382][T0x73695a0d7740][TIMING] emit_host_span: [STRACE] v=1 pid=460626 tid=460626 inv=60 hid=1b9a2b8de39e9724 depth=3 name=chip.run.runner_run.device_wall.orch ts=10349 dur=1325473 clk=dev
[mono_ns=182512284958383][T0x73695a0d7740][TIMING] emit_host_span: [STRACE] v=1 pid=460626 tid=460626 inv=60 hid=1b9a2b8de39e9724 depth=3 name=chip.run.runner_run.device_wall.sched ts=12108 dur=1327826 clk=dev
[mono_ns=182512284960086][T0x73695a0d7740][TIMING] emit_host_span: [STRACE] v=1 pid=460626 tid=460626 inv=60 hid=1b9a2b8de39e9724 depth=1 name=chip.run.claim_release ts=182512284959094 dur=411
[mono_ns=182512284961909][T0x73695a0d7740][TIMING] emit_host_span: [STRACE] v=1 pid=460626 tid=460626 inv=60 hid=1b9a2b8de39e9724 depth=0 name=chip.run ts=182512168240960 dur=116720288 run_id=0 dispatch_id=0 slot_id=0 generation=60 run_epoch=60
[mono_ns=182512356880773][T0x73695a0d7740][TIMING] emit_host_span: [STRACE] v=1 pid=460626 tid=460626 inv=61 hid=1b9a2b8de39e9724 depth=2 name=chip.run.bind.args ts=182512286493197 dur=70383390
[mono_ns=182512356900773][T0x73695a0d7740][TIMING] emit_host_span: [STRACE] v=1 pid=460626 tid=460626 inv=61 hid=1b9a2b8de39e9724 depth=2 name=chip.run.bind.prebuilt ts=182512356897388 dur=2554
[mono_ns=182512356902476][T0x73695a0d7740][TIMING] emit_host_span: [STRACE] v=1 pid=460626 tid=460626 inv=61 hid=1b9a2b8de39e9724 depth=1 name=chip.run.bind ts=182512286486647 dur=70414957
[mono_ns=182512362111975][T0x73695a0d7740][WARN] prepare_execution: [device_runner.cpp:343] AICPU CPU_TOPO unavailable; using json_fallback: soc=Ascend950PR_9579 occupy=0x3e stable_reachable=5 requested=0 effective=5 affinity=[1, 2, 3, 4, 5(orch)]
[mono_ns=182512363702933][T0x73695a0d7740][TIMING] emit_host_span: [STRACE] v=1 pid=460626 tid=460626 inv=61 hid=1b9a2b8de39e9724 depth=1 name=chip.run.runner_run ts=182512362176451 dur=1525460
[mono_ns=182512398020080][T0x73695a0d7740][TIMING] emit_host_span: [STRACE] v=1 pid=460626 tid=460626 inv=61 hid=1b9a2b8de39e9724 depth=1 name=chip.run.validate ts=182512363707249 dur=34311188
[mono_ns=182512398025248][T0x73695a0d7740][TIMING] emit_host_span: [STRACE] v=1 pid=460626 tid=460626 inv=61 hid=1b9a2b8de39e9724 depth=2 name=chip.run.runner_run.device_wall ts=0 dur=1331949 clk=dev
[mono_ns=182512398026910][T0x73695a0d7740][TIMING] emit_host_span: [STRACE] v=1 pid=460626 tid=460626 inv=61 hid=1b9a2b8de39e9724 depth=3 name=chip.run.runner_run.device_wall.preamble ts=0 dur=12996 clk=dev
[mono_ns=182512398028162][T0x73695a0d7740][TIMING] emit_host_span: [STRACE] v=1 pid=460626 tid=460626 inv=61 hid=1b9a2b8de39e9724 depth=3 name=chip.run.runner_run.device_wall.graph_build ts=2297 dur=1324927 clk=dev
[mono_ns=182512398029163][T0x73695a0d7740][TIMING] emit_host_span: [STRACE] v=1 pid=460626 tid=460626 inv=61 hid=1b9a2b8de39e9724 depth=3 name=chip.run.runner_run.device_wall.config_validate ts=2546 dur=1254 clk=dev
[mono_ns=182512398030165][T0x73695a0d7740][TIMING] emit_host_span: [STRACE] v=1 pid=460626 tid=460626 inv=61 hid=1b9a2b8de39e9724 depth=3 name=chip.run.runner_run.device_wall.arena_wire ts=3822 dur=2678 clk=dev
[mono_ns=182512398031126][T0x73695a0d7740][TIMING] emit_host_span: [STRACE] v=1 pid=460626 tid=460626 inv=61 hid=1b9a2b8de39e9724 depth=3 name=chip.run.runner_run.device_wall.sm_reset ts=6586 dur=4635 clk=dev
[mono_ns=182512398032128][T0x73695a0d7740][TIMING] emit_host_span: [STRACE] v=1 pid=460626 tid=460626 inv=61 hid=1b9a2b8de39e9724 depth=3 name=chip.run.runner_run.device_wall.post_orch ts=1327285 dur=3909 clk=dev
[mono_ns=182512398033109][T0x73695a0d7740][TIMING] emit_host_span: [STRACE] v=1 pid=460626 tid=460626 inv=61 hid=1b9a2b8de39e9724 depth=3 name=chip.run.runner_run.device_wall.orch ts=11476 dur=1295586 clk=dev
[mono_ns=182512398034111][T0x73695a0d7740][TIMING] emit_host_span: [STRACE] v=1 pid=460626 tid=460626 inv=61 hid=1b9a2b8de39e9724 depth=3 name=chip.run.runner_run.device_wall.sched ts=12540 dur=1299672 clk=dev
[mono_ns=182512398035543][T0x73695a0d7740][TIMING] emit_host_span: [STRACE] v=1 pid=460626 tid=460626 inv=61 hid=1b9a2b8de39e9724 depth=1 name=chip.run.claim_release ts=182512398034872 dur=110
[mono_ns=182512398037316][T0x73695a0d7740][TIMING] emit_host_span: [STRACE] v=1 pid=460626 tid=460626 inv=61 hid=1b9a2b8de39e9724 depth=0 name=chip.run ts=182512286475681 dur=111560984 run_id=0 dispatch_id=0 slot_id=0 generation=61 run_epoch=61
[mono_ns=182512473925978][T0x73695a0d7740][TIMING] emit_host_span: [STRACE] v=1 pid=460626 tid=460626 inv=62 hid=1b9a2b8de39e9724 depth=2 name=chip.run.bind.args ts=182512399547152 dur=74369623
[mono_ns=182512473948252][T0x73695a0d7740][TIMING] emit_host_span: [STRACE] v=1 pid=460626 tid=460626 inv=62 hid=1b9a2b8de39e9724 depth=2 name=chip.run.bind.prebuilt ts=182512473944416 dur=3115
[mono_ns=182512473957526][T0x73695a0d7740][TIMING] emit_host_span: [STRACE] v=1 pid=460626 tid=460626 inv=62 hid=1b9a2b8de39e9724 depth=1 name=chip.run.bind ts=182512399541293 dur=74415331
[mono_ns=182512479131842][T0x73695a0d7740][WARN] prepare_execution: [device_runner.cpp:343] AICPU CPU_TOPO unavailable; using json_fallback: soc=Ascend950PR_9579 occupy=0x3e stable_reachable=5 requested=0 effective=5 affinity=[1, 2, 3, 4, 5(orch)]
[mono_ns=182512480701718][T0x73695a0d7740][TIMING] emit_host_span: [STRACE] v=1 pid=460626 tid=460626 inv=62 hid=1b9a2b8de39e9724 depth=1 name=chip.run.runner_run ts=182512479205092 dur=1495284
[mono_ns=182512516268902][T0x73695a0d7740][TIMING] emit_host_span: [STRACE] v=1 pid=460626 tid=460626 inv=62 hid=1b9a2b8de39e9724 depth=1 name=chip.run.validate ts=182512480705664 dur=35561135
[mono_ns=182512516273358][T0x73695a0d7740][TIMING] emit_host_span: [STRACE] v=1 pid=460626 tid=460626 inv=62 hid=1b9a2b8de39e9724 depth=2 name=chip.run.runner_run.device_wall ts=0 dur=1283622 clk=dev
[mono_ns=182512516274991][T0x73695a0d7740][TIMING] emit_host_span: [STRACE] v=1 pid=460626 tid=460626 inv=62 hid=1b9a2b8de39e9724 depth=3 name=chip.run.runner_run.device_wall.preamble ts=0 dur=14755 clk=dev
[mono_ns=182512516276573][T0x73695a0d7740][TIMING] emit_host_span: [STRACE] v=1 pid=460626 tid=460626 inv=62 hid=1b9a2b8de39e9724 depth=3 name=chip.run.runner_run.device_wall.graph_build ts=5252 dur=1274637 clk=dev
[mono_ns=182512516277625][T0x73695a0d7740][TIMING] emit_host_span: [STRACE] v=1 pid=460626 tid=460626 inv=62 hid=1b9a2b8de39e9724 depth=3 name=chip.run.runner_run.device_wall.config_validate ts=5668 dur=1303 clk=dev
[mono_ns=182512516278616][T0x73695a0d7740][TIMING] emit_host_span: [STRACE] v=1 pid=460626 tid=460626 inv=62 hid=1b9a2b8de39e9724 depth=3 name=chip.run.runner_run.device_wall.arena_wire ts=7087 dur=3106 clk=dev
[mono_ns=182512516279608][T0x73695a0d7740][TIMING] emit_host_span: [STRACE] v=1 pid=460626 tid=460626 inv=62 hid=1b9a2b8de39e9724 depth=3 name=chip.run.runner_run.device_wall.sm_reset ts=10210 dur=4568 clk=dev
[mono_ns=182512516280609][T0x73695a0d7740][TIMING] emit_host_span: [STRACE] v=1 pid=460626 tid=460626 inv=62 hid=1b9a2b8de39e9724 depth=3 name=chip.run.runner_run.device_wall.post_orch ts=1279907 dur=3483 clk=dev
[mono_ns=182512516281611][T0x73695a0d7740][TIMING] emit_host_span: [STRACE] v=1 pid=460626 tid=460626 inv=62 hid=1b9a2b8de39e9724 depth=3 name=chip.run.runner_run.device_wall.orch ts=14802 dur=1246963 clk=dev
[mono_ns=182512516282592][T0x73695a0d7740][TIMING] emit_host_span: [STRACE] v=1 pid=460626 tid=460626 inv=62 hid=1b9a2b8de39e9724 depth=3 name=chip.run.runner_run.device_wall.sched ts=15520 dur=1249101 clk=dev
[mono_ns=182512516283974][T0x73695a0d7740][TIMING] emit_host_span: [STRACE] v=1 pid=460626 tid=460626 inv=62 hid=1b9a2b8de39e9724 depth=1 name=chip.run.claim_release ts=182512516283293 dur=111
[mono_ns=182512516285737][T0x73695a0d7740][TIMING] emit_host_span: [STRACE] v=1 pid=460626 tid=460626 inv=62 hid=1b9a2b8de39e9724 depth=0 name=chip.run ts=182512399532820 dur=116752066 run_id=0 dispatch_id=0 slot_id=0 generation=62 run_epoch=62
[mono_ns=182512598522418][T0x73695a0d7740][TIMING] emit_host_span: [STRACE] v=1 pid=460626 tid=460626 inv=63 hid=1b9a2b8de39e9724 depth=2 name=chip.run.bind.args ts=182512522066994 dur=76451508
[mono_ns=182512598539393][T0x73695a0d7740][TIMING] emit_host_span: [STRACE] v=1 pid=460626 tid=460626 inv=63 hid=1b9a2b8de39e9724 depth=2 name=chip.run.bind.prebuilt ts=182512598536739 dur=1813
[mono_ns=182512598541116][T0x73695a0d7740][TIMING] emit_host_span: [STRACE] v=1 pid=460626 tid=460626 inv=63 hid=1b9a2b8de39e9724 depth=1 name=chip.run.bind ts=182512522061446 dur=76478869
[mono_ns=182512603649833][T0x73695a0d7740][WARN] prepare_execution: [device_runner.cpp:343] AICPU CPU_TOPO unavailable; using json_fallback: soc=Ascend950PR_9579 occupy=0x3e stable_reachable=5 requested=0 effective=5 affinity=[1, 2, 3, 4, 5(orch)]
[mono_ns=182512605265849][T0x73695a0d7740][TIMING] emit_host_span: [STRACE] v=1 pid=460626 tid=460626 inv=63 hid=1b9a2b8de39e9724 depth=1 name=chip.run.runner_run ts=182512603716033 dur=1548714
[mono_ns=182512641197870][T0x73695a0d7740][TIMING] emit_host_span: [STRACE] v=1 pid=460626 tid=460626 inv=63 hid=1b9a2b8de39e9724 depth=1 name=chip.run.validate ts=182512605276104 dur=35919803
[mono_ns=182512641202187][T0x73695a0d7740][TIMING] emit_host_span: [STRACE] v=1 pid=460626 tid=460626 inv=63 hid=1b9a2b8de39e9724 depth=2 name=chip.run.runner_run.device_wall ts=0 dur=1355831 clk=dev
[mono_ns=182512641203779][T0x73695a0d7740][TIMING] emit_host_span: [STRACE] v=1 pid=460626 tid=460626 inv=63 hid=1b9a2b8de39e9724 depth=3 name=chip.run.runner_run.device_wall.preamble ts=0 dur=13047 clk=dev
[mono_ns=182512641205161][T0x73695a0d7740][TIMING] emit_host_span: [STRACE] v=1 pid=460626 tid=460626 inv=63 hid=1b9a2b8de39e9724 depth=3 name=chip.run.runner_run.device_wall.graph_build ts=2860 dur=1348520 clk=dev
[mono_ns=182512641206203][T0x73695a0d7740][TIMING] emit_host_span: [STRACE] v=1 pid=460626 tid=460626 inv=63 hid=1b9a2b8de39e9724 depth=3 name=chip.run.runner_run.device_wall.config_validate ts=3153 dur=1208 clk=dev
[mono_ns=182512641207164][T0x73695a0d7740][TIMING] emit_host_span: [STRACE] v=1 pid=460626 tid=460626 inv=63 hid=1b9a2b8de39e9724 depth=3 name=chip.run.runner_run.device_wall.arena_wire ts=4419 dur=3127 clk=dev
[mono_ns=182512641208135][T0x73695a0d7740][TIMING] emit_host_span: [STRACE] v=1 pid=460626 tid=460626 inv=63 hid=1b9a2b8de39e9724 depth=3 name=chip.run.runner_run.device_wall.sm_reset ts=7566 dur=3798 clk=dev
[mono_ns=182512641209157][T0x73695a0d7740][TIMING] emit_host_span: [STRACE] v=1 pid=460626 tid=460626 inv=63 hid=1b9a2b8de39e9724 depth=3 name=chip.run.runner_run.device_wall.post_orch ts=1351399 dur=3731 clk=dev
[mono_ns=182512641210148][T0x73695a0d7740][TIMING] emit_host_span: [STRACE] v=1 pid=460626 tid=460626 inv=63 hid=1b9a2b8de39e9724 depth=3 name=chip.run.runner_run.device_wall.orch ts=11435 dur=1320903 clk=dev
[mono_ns=182512641211120][T0x73695a0d7740][TIMING] emit_host_span: [STRACE] v=1 pid=460626 tid=460626 inv=63 hid=1b9a2b8de39e9724 depth=3 name=chip.run.runner_run.device_wall.sched ts=12488 dur=1322828 clk=dev
[mono_ns=182512641212592][T0x73695a0d7740][TIMING] emit_host_span: [STRACE] v=1 pid=460626 tid=460626 inv=63 hid=1b9a2b8de39e9724 depth=1 name=chip.run.claim_release ts=182512641211901 dur=110
[mono_ns=182512641214505][T0x73695a0d7740][TIMING] emit_host_span: [STRACE] v=1 pid=460626 tid=460626 inv=63 hid=1b9a2b8de39e9724 depth=0 name=chip.run ts=182512522048617 dur=119165077 run_id=0 dispatch_id=0 slot_id=0 generation=63 run_epoch=63
[mono_ns=182512720930582][T0x73695a0d7740][TIMING] emit_host_span: [STRACE] v=1 pid=460626 tid=460626 inv=64 hid=1b9a2b8de39e9724 depth=2 name=chip.run.bind.args ts=182512642845984 dur=78081424
[mono_ns=182512720946476][T0x73695a0d7740][TIMING] emit_host_span: [STRACE] v=1 pid=460626 tid=460626 inv=64 hid=1b9a2b8de39e9724 depth=2 name=chip.run.bind.prebuilt ts=182512720944193 dur=1652
[mono_ns=182512720948579][T0x73695a0d7740][TIMING] emit_host_span: [STRACE] v=1 pid=460626 tid=460626 inv=64 hid=1b9a2b8de39e9724 depth=1 name=chip.run.bind ts=182512642840576 dur=78107152
[mono_ns=182512726016596][T0x73695a0d7740][WARN] prepare_execution: [device_runner.cpp:343] AICPU CPU_TOPO unavailable; using json_fallback: soc=Ascend950PR_9579 occupy=0x3e stable_reachable=5 requested=0 effective=5 affinity=[1, 2, 3, 4, 5(orch)]
[mono_ns=182512727655857][T0x73695a0d7740][TIMING] emit_host_span: [STRACE] v=1 pid=460626 tid=460626 inv=64 hid=1b9a2b8de39e9724 depth=1 name=chip.run.runner_run ts=182512726091639 dur=1563156
[mono_ns=182512762686405][T0x73695a0d7740][TIMING] emit_host_span: [STRACE] v=1 pid=460626 tid=460626 inv=64 hid=1b9a2b8de39e9724 depth=1 name=chip.run.validate ts=182512727659692 dur=35024900
[mono_ns=182512762692494][T0x73695a0d7740][TIMING] emit_host_span: [STRACE] v=1 pid=460626 tid=460626 inv=64 hid=1b9a2b8de39e9724 depth=2 name=chip.run.runner_run.device_wall ts=0 dur=1358418 clk=dev
[mono_ns=182512762694036][T0x73695a0d7740][TIMING] emit_host_span: [STRACE] v=1 pid=460626 tid=460626 inv=64 hid=1b9a2b8de39e9724 depth=3 name=chip.run.runner_run.device_wall.preamble ts=0 dur=15579 clk=dev
[mono_ns=182512762702789][T0x73695a0d7740][TIMING] emit_host_span: [STRACE] v=1 pid=460626 tid=460626 inv=64 hid=1b9a2b8de39e9724 depth=3 name=chip.run.runner_run.device_wall.graph_build ts=4403 dur=1349437 clk=dev
[mono_ns=182512762703821][T0x73695a0d7740][TIMING] emit_host_span: [STRACE] v=1 pid=460626 tid=460626 inv=64 hid=1b9a2b8de39e9724 depth=3 name=chip.run.runner_run.device_wall.config_validate ts=5042 dur=1402 clk=dev
[mono_ns=182512762704792][T0x73695a0d7740][TIMING] emit_host_span: [STRACE] v=1 pid=460626 tid=460626 inv=64 hid=1b9a2b8de39e9724 depth=3 name=chip.run.runner_run.device_wall.arena_wire ts=6699 dur=2870 clk=dev
[mono_ns=182512762705754][T0x73695a0d7740][TIMING] emit_host_span: [STRACE] v=1 pid=460626 tid=460626 inv=64 hid=1b9a2b8de39e9724 depth=3 name=chip.run.runner_run.device_wall.sm_reset ts=9636 dur=4112 clk=dev
[mono_ns=182512762706805][T0x73695a0d7740][TIMING] emit_host_span: [STRACE] v=1 pid=460626 tid=460626 inv=64 hid=1b9a2b8de39e9724 depth=3 name=chip.run.runner_run.device_wall.post_orch ts=1353870 dur=4466 clk=dev
[mono_ns=182512762707807][T0x73695a0d7740][TIMING] emit_host_span: [STRACE] v=1 pid=460626 tid=460626 inv=64 hid=1b9a2b8de39e9724 depth=3 name=chip.run.runner_run.device_wall.orch ts=13777 dur=1319156 clk=dev
[mono_ns=182512762708798][T0x73695a0d7740][TIMING] emit_host_span: [STRACE] v=1 pid=460626 tid=460626 inv=64 hid=1b9a2b8de39e9724 depth=3 name=chip.run.runner_run.device_wall.sched ts=15199 dur=1322456 clk=dev
[mono_ns=182512762710190][T0x73695a0d7740][TIMING] emit_host_span: [STRACE] v=1 pid=460626 tid=460626 inv=64 hid=1b9a2b8de39e9724 depth=1 name=chip.run.claim_release ts=182512762709529 dur=100
[mono_ns=182512762711923][T0x73695a0d7740][TIMING] emit_host_span: [STRACE] v=1 pid=460626 tid=460626 inv=64 hid=1b9a2b8de39e9724 depth=0 name=chip.run ts=182512642830330 dur=119880792 run_id=0 dispatch_id=0 slot_id=0 generation=64 run_epoch=64
[mono_ns=182512839446966][T0x73695a0d7740][TIMING] emit_host_span: [STRACE] v=1 pid=460626 tid=460626 inv=65 hid=1b9a2b8de39e9724 depth=2 name=chip.run.bind.args ts=182512764302530 dur=75139629
[mono_ns=182512839469810][T0x73695a0d7740][TIMING] emit_host_span: [STRACE] v=1 pid=460626 tid=460626 inv=65 hid=1b9a2b8de39e9724 depth=2 name=chip.run.bind.prebuilt ts=182512839466986 dur=2023
[mono_ns=182512839471583][T0x73695a0d7740][TIMING] emit_host_span: [STRACE] v=1 pid=460626 tid=460626 inv=65 hid=1b9a2b8de39e9724 depth=1 name=chip.run.bind ts=182512764296601 dur=75174061
[mono_ns=182512844556615][T0x73695a0d7740][WARN] prepare_execution: [device_runner.cpp:343] AICPU CPU_TOPO unavailable; using json_fallback: soc=Ascend950PR_9579 occupy=0x3e stable_reachable=5 requested=0 effective=5 affinity=[1, 2, 3, 4, 5(orch)]
[mono_ns=182512846172631][T0x73695a0d7740][TIMING] emit_host_span: [STRACE] v=1 pid=460626 tid=460626 inv=65 hid=1b9a2b8de39e9724 depth=1 name=chip.run.runner_run ts=182512844627992 dur=1543357
[mono_ns=182512883645474][T0x73695a0d7740][TIMING] emit_host_span: [STRACE] v=1 pid=460626 tid=460626 inv=65 hid=1b9a2b8de39e9724 depth=1 name=chip.run.validate ts=182512846176266 dur=37467576
[mono_ns=182512883649200][T0x73695a0d7740][TIMING] emit_host_span: [STRACE] v=1 pid=460626 tid=460626 inv=65 hid=1b9a2b8de39e9724 depth=2 name=chip.run.runner_run.device_wall ts=0 dur=1329830 clk=dev
[mono_ns=182512883650832][T0x73695a0d7740][TIMING] emit_host_span: [STRACE] v=1 pid=460626 tid=460626 inv=65 hid=1b9a2b8de39e9724 depth=3 name=chip.run.runner_run.device_wall.preamble ts=0 dur=12851 clk=dev
[mono_ns=182512883652094][T0x73695a0d7740][TIMING] emit_host_span: [STRACE] v=1 pid=460626 tid=460626 inv=65 hid=1b9a2b8de39e9724 depth=3 name=chip.run.runner_run.device_wall.graph_build ts=3078 dur=1322431 clk=dev
[mono_ns=182512883653196][T0x73695a0d7740][TIMING] emit_host_span: [STRACE] v=1 pid=460626 tid=460626 inv=65 hid=1b9a2b8de39e9724 depth=3 name=chip.run.runner_run.device_wall.config_validate ts=3602 dur=1474 clk=dev
[mono_ns=182512883664503][T0x73695a0d7740][TIMING] emit_host_span: [STRACE] v=1 pid=460626 tid=460626 inv=65 hid=1b9a2b8de39e9724 depth=3 name=chip.run.runner_run.device_wall.arena_wire ts=5088 dur=3082 clk=dev
[mono_ns=182512883665494][T0x73695a0d7740][TIMING] emit_host_span: [STRACE] v=1 pid=460626 tid=460626 inv=65 hid=1b9a2b8de39e9724 depth=3 name=chip.run.runner_run.device_wall.sm_reset ts=8189 dur=4149 clk=dev
[mono_ns=182512883666486][T0x73695a0d7740][TIMING] emit_host_span: [STRACE] v=1 pid=460626 tid=460626 inv=65 hid=1b9a2b8de39e9724 depth=3 name=chip.run.runner_run.device_wall.post_orch ts=1325523 dur=3836 clk=dev
[mono_ns=182512883667668][T0x73695a0d7740][TIMING] emit_host_span: [STRACE] v=1 pid=460626 tid=460626 inv=65 hid=1b9a2b8de39e9724 depth=3 name=chip.run.runner_run.device_wall.orch ts=12483 dur=1295223 clk=dev
[mono_ns=182512883668639][T0x73695a0d7740][TIMING] emit_host_span: [STRACE] v=1 pid=460626 tid=460626 inv=65 hid=1b9a2b8de39e9724 depth=3 name=chip.run.runner_run.device_wall.sched ts=13223 dur=1296852 clk=dev
[mono_ns=182512883669961][T0x73695a0d7740][TIMING] emit_host_span: [STRACE] v=1 pid=460626 tid=460626 inv=65 hid=1b9a2b8de39e9724 depth=1 name=chip.run.claim_release ts=182512883669290 dur=70
[mono_ns=182512883671604][T0x73695a0d7740][TIMING] emit_host_span: [STRACE] v=1 pid=460626 tid=460626 inv=65 hid=1b9a2b8de39e9724 depth=0 name=chip.run ts=182512764286236 dur=119384677 run_id=0 dispatch_id=0 slot_id=0 generation=65 run_epoch=65
[mono_ns=182512958599204][T0x73695a0d7740][TIMING] emit_host_span: [STRACE] v=1 pid=460626 tid=460626 inv=66 hid=1b9a2b8de39e9724 depth=2 name=chip.run.bind.args ts=182512885432076 dur=73163793
[mono_ns=182512958621227][T0x73695a0d7740][TIMING] emit_host_span: [STRACE] v=1 pid=460626 tid=460626 inv=66 hid=1b9a2b8de39e9724 depth=2 name=chip.run.bind.prebuilt ts=182512958618473 dur=2123
[mono_ns=182512958622799][T0x73695a0d7740][TIMING] emit_host_span: [STRACE] v=1 pid=460626 tid=460626 inv=66 hid=1b9a2b8de39e9724 depth=1 name=chip.run.bind ts=182512885425857 dur=73196171
[mono_ns=182512963791757][T0x73695a0d7740][WARN] prepare_execution: [device_runner.cpp:343] AICPU CPU_TOPO unavailable; using json_fallback: soc=Ascend950PR_9579 occupy=0x3e stable_reachable=5 requested=0 effective=5 affinity=[1, 2, 3, 4, 5(orch)]
[mono_ns=182512965385630][T0x73695a0d7740][TIMING] emit_host_span: [STRACE] v=1 pid=460626 tid=460626 inv=66 hid=1b9a2b8de39e9724 depth=1 name=chip.run.runner_run ts=182512963859279 dur=1525249
[mono_ns=182512999008335][T0x73695a0d7740][TIMING] emit_host_span: [STRACE] v=1 pid=460626 tid=460626 inv=66 hid=1b9a2b8de39e9724 depth=1 name=chip.run.validate ts=182512965389085 dur=33617798
[mono_ns=182512999014033][T0x73695a0d7740][TIMING] emit_host_span: [STRACE] v=1 pid=460626 tid=460626 inv=66 hid=1b9a2b8de39e9724 depth=2 name=chip.run.runner_run.device_wall ts=0 dur=1334712 clk=dev
[mono_ns=182512999015676][T0x73695a0d7740][TIMING] emit_host_span: [STRACE] v=1 pid=460626 tid=460626 inv=66 hid=1b9a2b8de39e9724 depth=3 name=chip.run.runner_run.device_wall.preamble ts=0 dur=12330 clk=dev
[mono_ns=182512999017008][T0x73695a0d7740][TIMING] emit_host_span: [STRACE] v=1 pid=460626 tid=460626 inv=66 hid=1b9a2b8de39e9724 depth=3 name=chip.run.runner_run.device_wall.graph_build ts=2527 dur=1327658 clk=dev
[mono_ns=182512999018059][T0x73695a0d7740][TIMING] emit_host_span: [STRACE] v=1 pid=460626 tid=460626 inv=66 hid=1b9a2b8de39e9724 depth=3 name=chip.run.runner_run.device_wall.config_validate ts=2755 dur=1329 clk=dev
[mono_ns=182512999019071][T0x73695a0d7740][TIMING] emit_host_span: [STRACE] v=1 pid=460626 tid=460626 inv=66 hid=1b9a2b8de39e9724 depth=3 name=chip.run.runner_run.device_wall.arena_wire ts=4101 dur=3127 clk=dev
[mono_ns=182512999020042][T0x73695a0d7740][TIMING] emit_host_span: [STRACE] v=1 pid=460626 tid=460626 inv=66 hid=1b9a2b8de39e9724 depth=3 name=chip.run.runner_run.device_wall.sm_reset ts=7281 dur=4471 clk=dev
[mono_ns=182512999021224][T0x73695a0d7740][TIMING] emit_host_span: [STRACE] v=1 pid=460626 tid=460626 inv=66 hid=1b9a2b8de39e9724 depth=3 name=chip.run.runner_run.device_wall.post_orch ts=1330208 dur=4093 clk=dev
[mono_ns=182512999029356][T0x73695a0d7740][TIMING] emit_host_span: [STRACE] v=1 pid=460626 tid=460626 inv=66 hid=1b9a2b8de39e9724 depth=3 name=chip.run.runner_run.device_wall.orch ts=12090 dur=1296957 clk=dev
[mono_ns=182512999030348][T0x73695a0d7740][TIMING] emit_host_span: [STRACE] v=1 pid=460626 tid=460626 inv=66 hid=1b9a2b8de39e9724 depth=3 name=chip.run.runner_run.device_wall.sched ts=12613 dur=1301613 clk=dev
[mono_ns=182512999031800][T0x73695a0d7740][TIMING] emit_host_span: [STRACE] v=1 pid=460626 tid=460626 inv=66 hid=1b9a2b8de39e9724 depth=1 name=chip.run.claim_release ts=182512999031129 dur=100
[mono_ns=182512999033362][T0x73695a0d7740][TIMING] emit_host_span: [STRACE] v=1 pid=460626 tid=460626 inv=66 hid=1b9a2b8de39e9724 depth=0 name=chip.run ts=182512885417224 dur=113615487 run_id=0 dispatch_id=0 slot_id=0 generation=66 run_epoch=66
[mono_ns=182513073231077][T0x73695a0d7740][TIMING] emit_host_span: [STRACE] v=1 pid=460626 tid=460626 inv=67 hid=1b9a2b8de39e9724 depth=2 name=chip.run.bind.args ts=182513000647355 dur=72578785
[mono_ns=182513073254322][T0x73695a0d7740][TIMING] emit_host_span: [STRACE] v=1 pid=460626 tid=460626 inv=67 hid=1b9a2b8de39e9724 depth=2 name=chip.run.bind.prebuilt ts=182513073251738 dur=1773
[mono_ns=182513073256275][T0x73695a0d7740][TIMING] emit_host_span: [STRACE] v=1 pid=460626 tid=460626 inv=67 hid=1b9a2b8de39e9724 depth=1 name=chip.run.bind ts=182513000640975 dur=72614399
[mono_ns=182513078296350][T0x73695a0d7740][WARN] prepare_execution: [device_runner.cpp:343] AICPU CPU_TOPO unavailable; using json_fallback: soc=Ascend950PR_9579 occupy=0x3e stable_reachable=5 requested=0 effective=5 affinity=[1, 2, 3, 4, 5(orch)]
[mono_ns=182513079920527][T0x73695a0d7740][TIMING] emit_host_span: [STRACE] v=1 pid=460626 tid=460626 inv=67 hid=1b9a2b8de39e9724 depth=1 name=chip.run.runner_run ts=182513078363500 dur=1555796
[mono_ns=182513114314600][T0x73695a0d7740][TIMING] emit_host_span: [STRACE] v=1 pid=460626 tid=460626 inv=67 hid=1b9a2b8de39e9724 depth=1 name=chip.run.validate ts=182513079924333 dur=34388785
[mono_ns=182513114319598][T0x73695a0d7740][TIMING] emit_host_span: [STRACE] v=1 pid=460626 tid=460626 inv=67 hid=1b9a2b8de39e9724 depth=2 name=chip.run.runner_run.device_wall ts=0 dur=1357927 clk=dev
[mono_ns=182513114321220][T0x73695a0d7740][TIMING] emit_host_span: [STRACE] v=1 pid=460626 tid=460626 inv=67 hid=1b9a2b8de39e9724 depth=3 name=chip.run.runner_run.device_wall.preamble ts=0 dur=14609 clk=dev
[mono_ns=182513114322682][T0x73695a0d7740][TIMING] emit_host_span: [STRACE] v=1 pid=460626 tid=460626 inv=67 hid=1b9a2b8de39e9724 depth=3 name=chip.run.runner_run.device_wall.graph_build ts=4442 dur=1349018 clk=dev
[mono_ns=182513114323684][T0x73695a0d7740][TIMING] emit_host_span: [STRACE] v=1 pid=460626 tid=460626 inv=67 hid=1b9a2b8de39e9724 depth=3 name=chip.run.runner_run.device_wall.config_validate ts=5063 dur=1382 clk=dev
[mono_ns=182513114324665][T0x73695a0d7740][TIMING] emit_host_span: [STRACE] v=1 pid=460626 tid=460626 inv=67 hid=1b9a2b8de39e9724 depth=3 name=chip.run.runner_run.device_wall.arena_wire ts=6521 dur=3029 clk=dev
[mono_ns=182513114325677][T0x73695a0d7740][TIMING] emit_host_span: [STRACE] v=1 pid=460626 tid=460626 inv=67 hid=1b9a2b8de39e9724 depth=3 name=chip.run.runner_run.device_wall.sm_reset ts=9571 dur=5692 clk=dev
[mono_ns=182513114326678][T0x73695a0d7740][TIMING] emit_host_span: [STRACE] v=1 pid=460626 tid=460626 inv=67 hid=1b9a2b8de39e9724 depth=3 name=chip.run.runner_run.device_wall.post_orch ts=1353490 dur=4289 clk=dev
[mono_ns=182513114327670][T0x73695a0d7740][TIMING] emit_host_span: [STRACE] v=1 pid=460626 tid=460626 inv=67 hid=1b9a2b8de39e9724 depth=3 name=chip.run.runner_run.device_wall.orch ts=15382 dur=1319013 clk=dev
[mono_ns=182513114328641][T0x73695a0d7740][TIMING] emit_host_span: [STRACE] v=1 pid=460626 tid=460626 inv=67 hid=1b9a2b8de39e9724 depth=3 name=chip.run.runner_run.device_wall.sched ts=15903 dur=1321914 clk=dev
[mono_ns=182513114330093][T0x73695a0d7740][TIMING] emit_host_span: [STRACE] v=1 pid=460626 tid=460626 inv=67 hid=1b9a2b8de39e9724 depth=1 name=chip.run.claim_release ts=182513114329432 dur=111
[mono_ns=182513114338426][T0x73695a0d7740][TIMING] emit_host_span: [STRACE] v=1 pid=460626 tid=460626 inv=67 hid=1b9a2b8de39e9724 depth=0 name=chip.run ts=182513000629588 dur=113707997 run_id=0 dispatch_id=0 slot_id=0 generation=67 run_epoch=67
[mono_ns=182513191786199][T0x73695a0d7740][TIMING] emit_host_span: [STRACE] v=1 pid=460626 tid=460626 inv=68 hid=1b9a2b8de39e9724 depth=2 name=chip.run.bind.args ts=182513115980761 dur=75792849
[mono_ns=182513191818848][T0x73695a0d7740][TIMING] emit_host_span: [STRACE] v=1 pid=460626 tid=460626 inv=68 hid=1b9a2b8de39e9724 depth=2 name=chip.run.bind.prebuilt ts=182513191813620 dur=3876
[mono_ns=182513191822413][T0x73695a0d7740][TIMING] emit_host_span: [STRACE] v=1 pid=460626 tid=460626 inv=68 hid=1b9a2b8de39e9724 depth=1 name=chip.run.bind ts=182513115974942 dur=75845799
[mono_ns=182513196912062][T0x73695a0d7740][WARN] prepare_execution: [device_runner.cpp:343] AICPU CPU_TOPO unavailable; using json_fallback: soc=Ascend950PR_9579 occupy=0x3e stable_reachable=5 requested=0 effective=5 affinity=[1, 2, 3, 4, 5(orch)]
[mono_ns=182513198476000][T0x73695a0d7740][TIMING] emit_host_span: [STRACE] v=1 pid=460626 tid=460626 inv=68 hid=1b9a2b8de39e9724 depth=1 name=chip.run.runner_run ts=182513196966594 dur=1507653
[mono_ns=182513238468245][T0x73695a0d7740][TIMING] emit_host_span: [STRACE] v=1 pid=460626 tid=460626 inv=68 hid=1b9a2b8de39e9724 depth=1 name=chip.run.validate ts=182513198480406 dur=39983873
[mono_ns=182513238476597][T0x73695a0d7740][TIMING] emit_host_span: [STRACE] v=1 pid=460626 tid=460626 inv=68 hid=1b9a2b8de39e9724 depth=2 name=chip.run.runner_run.device_wall ts=0 dur=1303387 clk=dev
[mono_ns=182513238478150][T0x73695a0d7740][TIMING] emit_host_span: [STRACE] v=1 pid=460626 tid=460626 inv=68 hid=1b9a2b8de39e9724 depth=3 name=chip.run.runner_run.device_wall.preamble ts=0 dur=12540 clk=dev
[mono_ns=182513238479472][T0x73695a0d7740][TIMING] emit_host_span: [STRACE] v=1 pid=460626 tid=460626 inv=68 hid=1b9a2b8de39e9724 depth=3 name=chip.run.runner_run.device_wall.graph_build ts=2506 dur=1296647 clk=dev
[mono_ns=182513238480824][T0x73695a0d7740][TIMING] emit_host_span: [STRACE] v=1 pid=460626 tid=460626 inv=68 hid=1b9a2b8de39e9724 depth=3 name=chip.run.runner_run.device_wall.config_validate ts=3017 dur=1746 clk=dev
[mono_ns=182513238481805][T0x73695a0d7740][TIMING] emit_host_span: [STRACE] v=1 pid=460626 tid=460626 inv=68 hid=1b9a2b8de39e9724 depth=3 name=chip.run.runner_run.device_wall.arena_wire ts=4779 dur=3026 clk=dev
[mono_ns=182513238482767][T0x73695a0d7740][TIMING] emit_host_span: [STRACE] v=1 pid=460626 tid=460626 inv=68 hid=1b9a2b8de39e9724 depth=3 name=chip.run.runner_run.device_wall.sm_reset ts=7832 dur=4467 clk=dev
[mono_ns=182513238483768][T0x73695a0d7740][TIMING] emit_host_span: [STRACE] v=1 pid=460626 tid=460626 inv=68 hid=1b9a2b8de39e9724 depth=3 name=chip.run.runner_run.device_wall.post_orch ts=1299171 dur=3973 clk=dev
[mono_ns=182513238484770][T0x73695a0d7740][TIMING] emit_host_span: [STRACE] v=1 pid=460626 tid=460626 inv=68 hid=1b9a2b8de39e9724 depth=3 name=chip.run.runner_run.device_wall.orch ts=12329 dur=1266077 clk=dev
[mono_ns=182513238485761][T0x73695a0d7740][TIMING] emit_host_span: [STRACE] v=1 pid=460626 tid=460626 inv=68 hid=1b9a2b8de39e9724 depth=3 name=chip.run.runner_run.device_wall.sched ts=12732 dur=1270716 clk=dev
[mono_ns=182513238489136][T0x73695a0d7740][TIMING] emit_host_span: [STRACE] v=1 pid=460626 tid=460626 inv=68 hid=1b9a2b8de39e9724 depth=1 name=chip.run.claim_release ts=182513238487744 dur=771
[mono_ns=182513238491840][T0x73695a0d7740][TIMING] emit_host_span: [STRACE] v=1 pid=460626 tid=460626 inv=68 hid=1b9a2b8de39e9724 depth=0 name=chip.run ts=182513115962904 dur=122528045 run_id=0 dispatch_id=0 slot_id=0 generation=68 run_epoch=68
[mono_ns=182513326164109][T0x73695a0d7740][TIMING] emit_host_span: [STRACE] v=1 pid=460626 tid=460626 inv=69 hid=1b9a2b8de39e9724 depth=2 name=chip.run.bind.args ts=182513240256549 dur=85902032
[mono_ns=182513326200193][T0x73695a0d7740][TIMING] emit_host_span: [STRACE] v=1 pid=460626 tid=460626 inv=69 hid=1b9a2b8de39e9724 depth=2 name=chip.run.bind.prebuilt ts=182513326196388 dur=2994
[mono_ns=182513326203188][T0x73695a0d7740][TIMING] emit_host_span: [STRACE] v=1 pid=460626 tid=460626 inv=69 hid=1b9a2b8de39e9724 depth=1 name=chip.run.bind ts=182513240248507 dur=85953128
[mono_ns=182513331176793][T0x73695a0d7740][WARN] prepare_execution: [device_runner.cpp:343] AICPU CPU_TOPO unavailable; using json_fallback: soc=Ascend950PR_9579 occupy=0x3e stable_reachable=5 requested=0 effective=5 affinity=[1, 2, 3, 4, 5(orch)]
[mono_ns=182513332701922][T0x73695a0d7740][TIMING] emit_host_span: [STRACE] v=1 pid=460626 tid=460626 inv=69 hid=1b9a2b8de39e9724 depth=1 name=chip.run.runner_run ts=182513331222662 dur=1477938
[mono_ns=182513367111247][T0x73695a0d7740][TIMING] emit_host_span: [STRACE] v=1 pid=460626 tid=460626 inv=69 hid=1b9a2b8de39e9724 depth=1 name=chip.run.validate ts=182513332705647 dur=34403567
[mono_ns=182513367118879][T0x73695a0d7740][TIMING] emit_host_span: [STRACE] v=1 pid=460626 tid=460626 inv=69 hid=1b9a2b8de39e9724 depth=2 name=chip.run.runner_run.device_wall ts=0 dur=1327454 clk=dev
[mono_ns=182513367120411][T0x73695a0d7740][TIMING] emit_host_span: [STRACE] v=1 pid=460626 tid=460626 inv=69 hid=1b9a2b8de39e9724 depth=3 name=chip.run.runner_run.device_wall.preamble ts=0 dur=14119 clk=dev
[mono_ns=182513367121773][T0x73695a0d7740][TIMING] emit_host_span: [STRACE] v=1 pid=460626 tid=460626 inv=69 hid=1b9a2b8de39e9724 depth=3 name=chip.run.runner_run.device_wall.graph_build ts=3796 dur=1319858 clk=dev
[mono_ns=182513367123135][T0x73695a0d7740][TIMING] emit_host_span: [STRACE] v=1 pid=460626 tid=460626 inv=69 hid=1b9a2b8de39e9724 depth=3 name=chip.run.runner_run.device_wall.config_validate ts=4566 dur=1285 clk=dev
[mono_ns=182513367124127][T0x73695a0d7740][TIMING] emit_host_span: [STRACE] v=1 pid=460626 tid=460626 inv=69 hid=1b9a2b8de39e9724 depth=3 name=chip.run.runner_run.device_wall.arena_wire ts=5995 dur=2747 clk=dev
[mono_ns=182513367125118][T0x73695a0d7740][TIMING] emit_host_span: [STRACE] v=1 pid=460626 tid=460626 inv=69 hid=1b9a2b8de39e9724 depth=3 name=chip.run.runner_run.device_wall.sm_reset ts=8764 dur=3796 clk=dev
[mono_ns=182513367126150][T0x73695a0d7740][TIMING] emit_host_span: [STRACE] v=1 pid=460626 tid=460626 inv=69 hid=1b9a2b8de39e9724 depth=3 name=chip.run.runner_run.device_wall.post_orch ts=1323680 dur=3503 clk=dev
[mono_ns=182513367127181][T0x73695a0d7740][TIMING] emit_host_span: [STRACE] v=1 pid=460626 tid=460626 inv=69 hid=1b9a2b8de39e9724 depth=3 name=chip.run.runner_run.device_wall.orch ts=12626 dur=1289838 clk=dev
[mono_ns=182513367128173][T0x73695a0d7740][TIMING] emit_host_span: [STRACE] v=1 pid=460626 tid=460626 inv=69 hid=1b9a2b8de39e9724 depth=3 name=chip.run.runner_run.device_wall.sched ts=14046 dur=1293261 clk=dev
[mono_ns=182513367131017][T0x73695a0d7740][TIMING] emit_host_span: [STRACE] v=1 pid=460626 tid=460626 inv=69 hid=1b9a2b8de39e9724 depth=1 name=chip.run.claim_release ts=182513367129515 dur=911
[mono_ns=182513367133160][T0x73695a0d7740][TIMING] emit_host_span: [STRACE] v=1 pid=460626 tid=460626 inv=69 hid=1b9a2b8de39e9724 depth=0 name=chip.run ts=182513240233925 dur=126898514 run_id=0 dispatch_id=0 slot_id=0 generation=69 run_epoch=69
[mono_ns=182513437642189][T0x73695a0d7740][TIMING] emit_host_span: [STRACE] v=1 pid=460626 tid=460626 inv=70 hid=1b9a2b8de39e9724 depth=2 name=chip.run.bind.args ts=182513368698981 dur=68937709
[mono_ns=182513437659084][T0x73695a0d7740][TIMING] emit_host_span: [STRACE] v=1 pid=460626 tid=460626 inv=70 hid=1b9a2b8de39e9724 depth=2 name=chip.run.bind.prebuilt ts=182513437656090 dur=2243
[mono_ns=182513437661508][T0x73695a0d7740][TIMING] emit_host_span: [STRACE] v=1 pid=460626 tid=460626 inv=70 hid=1b9a2b8de39e9724 depth=1 name=chip.run.bind ts=182513368692431 dur=68967585
[mono_ns=182513442646630][T0x73695a0d7740][WARN] prepare_execution: [device_runner.cpp:343] AICPU CPU_TOPO unavailable; using json_fallback: soc=Ascend950PR_9579 occupy=0x3e stable_reachable=5 requested=0 effective=5 affinity=[1, 2, 3, 4, 5(orch)]
[mono_ns=182513444204068][T0x73695a0d7740][TIMING] emit_host_span: [STRACE] v=1 pid=460626 tid=460626 inv=70 hid=1b9a2b8de39e9724 depth=1 name=chip.run.runner_run ts=182513442713731 dur=1489375
[mono_ns=182513476328954][T0x73695a0d7740][TIMING] emit_host_span: [STRACE] v=1 pid=460626 tid=460626 inv=70 hid=1b9a2b8de39e9724 depth=1 name=chip.run.validate ts=182513444207713 dur=32119038
[mono_ns=182513476335715][T0x73695a0d7740][TIMING] emit_host_span: [STRACE] v=1 pid=460626 tid=460626 inv=70 hid=1b9a2b8de39e9724 depth=2 name=chip.run.runner_run.device_wall ts=0 dur=1336977 clk=dev
[mono_ns=182513476337197][T0x73695a0d7740][TIMING] emit_host_span: [STRACE] v=1 pid=460626 tid=460626 inv=70 hid=1b9a2b8de39e9724 depth=3 name=chip.run.runner_run.device_wall.preamble ts=0 dur=12866 clk=dev
[mono_ns=182513476338519][T0x73695a0d7740][TIMING] emit_host_span: [STRACE] v=1 pid=460626 tid=460626 inv=70 hid=1b9a2b8de39e9724 depth=3 name=chip.run.runner_run.device_wall.graph_build ts=2707 dur=1329682 clk=dev
[mono_ns=182513476339761][T0x73695a0d7740][TIMING] emit_host_span: [STRACE] v=1 pid=460626 tid=460626 inv=70 hid=1b9a2b8de39e9724 depth=3 name=chip.run.runner_run.device_wall.config_validate ts=3143 dur=1190 clk=dev
[mono_ns=182513476340762][T0x73695a0d7740][TIMING] emit_host_span: [STRACE] v=1 pid=460626 tid=460626 inv=70 hid=1b9a2b8de39e9724 depth=3 name=chip.run.runner_run.device_wall.arena_wire ts=4391 dur=2598 clk=dev
[mono_ns=182513476341754][T0x73695a0d7740][TIMING] emit_host_span: [STRACE] v=1 pid=460626 tid=460626 inv=70 hid=1b9a2b8de39e9724 depth=3 name=chip.run.runner_run.device_wall.sm_reset ts=7236 dur=4705 clk=dev
[mono_ns=182513476342795][T0x73695a0d7740][TIMING] emit_host_span: [STRACE] v=1 pid=460626 tid=460626 inv=70 hid=1b9a2b8de39e9724 depth=3 name=chip.run.runner_run.device_wall.post_orch ts=1332454 dur=3892 clk=dev
[mono_ns=182513476343797][T0x73695a0d7740][TIMING] emit_host_span: [STRACE] v=1 pid=460626 tid=460626 inv=70 hid=1b9a2b8de39e9724 depth=3 name=chip.run.runner_run.device_wall.orch ts=12309 dur=1299841 clk=dev
[mono_ns=182513476344788][T0x73695a0d7740][TIMING] emit_host_span: [STRACE] v=1 pid=460626 tid=460626 inv=70 hid=1b9a2b8de39e9724 depth=3 name=chip.run.runner_run.device_wall.sched ts=13121 dur=1303145 clk=dev
[mono_ns=182513476346731][T0x73695a0d7740][TIMING] emit_host_span: [STRACE] v=1 pid=460626 tid=460626 inv=70 hid=1b9a2b8de39e9724 depth=1 name=chip.run.claim_release ts=182513476345740 dur=440
[mono_ns=182513476348844][T0x73695a0d7740][TIMING] emit_host_span: [STRACE] v=1 pid=460626 tid=460626 inv=70 hid=1b9a2b8de39e9724 depth=0 name=chip.run ts=182513368681685 dur=107666508 run_id=0 dispatch_id=0 slot_id=0 generation=70 run_epoch=70
[mono_ns=182513550120169][T0x73695a0d7740][TIMING] emit_host_span: [STRACE] v=1 pid=460626 tid=460626 inv=71 hid=1b9a2b8de39e9724 depth=2 name=chip.run.bind.args ts=182513477869016 dur=72247708
[mono_ns=182513550132407][T0x73695a0d7740][TIMING] emit_host_span: [STRACE] v=1 pid=460626 tid=460626 inv=71 hid=1b9a2b8de39e9724 depth=2 name=chip.run.bind.prebuilt ts=182513550129593 dur=2103
[mono_ns=182513550134491][T0x73695a0d7740][TIMING] emit_host_span: [STRACE] v=1 pid=460626 tid=460626 inv=71 hid=1b9a2b8de39e9724 depth=1 name=chip.run.bind ts=182513477863077 dur=72270142
[mono_ns=182513555090900][T0x73695a0d7740][WARN] prepare_execution: [device_runner.cpp:343] AICPU CPU_TOPO unavailable; using json_fallback: soc=Ascend950PR_9579 occupy=0x3e stable_reachable=5 requested=0 effective=5 affinity=[1, 2, 3, 4, 5(orch)]
[mono_ns=182513556645113][T0x73695a0d7740][TIMING] emit_host_span: [STRACE] v=1 pid=460626 tid=460626 inv=71 hid=1b9a2b8de39e9724 depth=1 name=chip.run.runner_run ts=182513555147214 dur=1496957
[mono_ns=182513586737759][T0x73695a0d7740][TIMING] emit_host_span: [STRACE] v=1 pid=460626 tid=460626 inv=71 hid=1b9a2b8de39e9724 depth=1 name=chip.run.validate ts=182513556648247 dur=30084094
[mono_ns=182513586750558][T0x73695a0d7740][TIMING] emit_host_span: [STRACE] v=1 pid=460626 tid=460626 inv=71 hid=1b9a2b8de39e9724 depth=2 name=chip.run.runner_run.device_wall ts=0 dur=1335739 clk=dev
[mono_ns=182513586760834][T0x73695a0d7740][TIMING] emit_host_span: [STRACE] v=1 pid=460626 tid=460626 inv=71 hid=1b9a2b8de39e9724 depth=3 name=chip.run.runner_run.device_wall.preamble ts=0 dur=13530 clk=dev
[mono_ns=182513586762416][T0x73695a0d7740][TIMING] emit_host_span: [STRACE] v=1 pid=460626 tid=460626 inv=71 hid=1b9a2b8de39e9724 depth=3 name=chip.run.runner_run.device_wall.graph_build ts=2622 dur=1328486 clk=dev
[mono_ns=182513586763678][T0x73695a0d7740][TIMING] emit_host_span: [STRACE] v=1 pid=460626 tid=460626 inv=71 hid=1b9a2b8de39e9724 depth=3 name=chip.run.runner_run.device_wall.config_validate ts=3131 dur=1466 clk=dev
[mono_ns=182513586764680][T0x73695a0d7740][TIMING] emit_host_span: [STRACE] v=1 pid=460626 tid=460626 inv=71 hid=1b9a2b8de39e9724 depth=3 name=chip.run.runner_run.device_wall.arena_wire ts=4651 dur=2607 clk=dev
[mono_ns=182513586765691][T0x73695a0d7740][TIMING] emit_host_span: [STRACE] v=1 pid=460626 tid=460626 inv=71 hid=1b9a2b8de39e9724 depth=3 name=chip.run.runner_run.device_wall.sm_reset ts=7282 dur=4033 clk=dev
[mono_ns=182513586766733][T0x73695a0d7740][TIMING] emit_host_span: [STRACE] v=1 pid=460626 tid=460626 inv=71 hid=1b9a2b8de39e9724 depth=3 name=chip.run.runner_run.device_wall.post_orch ts=1331126 dur=4404 clk=dev
[mono_ns=182513586767724][T0x73695a0d7740][TIMING] emit_host_span: [STRACE] v=1 pid=460626 tid=460626 inv=71 hid=1b9a2b8de39e9724 depth=3 name=chip.run.runner_run.device_wall.orch ts=11661 dur=1299391 clk=dev
[mono_ns=182513586768696][T0x73695a0d7740][TIMING] emit_host_span: [STRACE] v=1 pid=460626 tid=460626 inv=71 hid=1b9a2b8de39e9724 depth=3 name=chip.run.runner_run.device_wall.sched ts=13267 dur=1301660 clk=dev
[mono_ns=182513586771129][T0x73695a0d7740][TIMING] emit_host_span: [STRACE] v=1 pid=460626 tid=460626 inv=71 hid=1b9a2b8de39e9724 depth=1 name=chip.run.claim_release ts=182513586769887 dur=611
[mono_ns=182513586773192][T0x73695a0d7740][TIMING] emit_host_span: [STRACE] v=1 pid=460626 tid=460626 inv=71 hid=1b9a2b8de39e9724 depth=0 name=chip.run ts=182513477854394 dur=108918017 run_id=0 dispatch_id=0 slot_id=0 generation=71 run_epoch=71
[mono_ns=182513660952760][T0x73695a0d7740][TIMING] emit_host_span: [STRACE] v=1 pid=460626 tid=460626 inv=72 hid=1b9a2b8de39e9724 depth=2 name=chip.run.bind.args ts=182513588279103 dur=72671023
[mono_ns=182513660966260][T0x73695a0d7740][TIMING] emit_host_span: [STRACE] v=1 pid=460626 tid=460626 inv=72 hid=1b9a2b8de39e9724 depth=2 name=chip.run.bind.prebuilt ts=182513660963336 dur=2153
[mono_ns=182513660968003][T0x73695a0d7740][TIMING] emit_host_span: [STRACE] v=1 pid=460626 tid=460626 inv=72 hid=1b9a2b8de39e9724 depth=1 name=chip.run.bind ts=182513588272222 dur=72694919
[mono_ns=182513666110571][T0x73695a0d7740][WARN] prepare_execution: [device_runner.cpp:343] AICPU CPU_TOPO unavailable; using json_fallback: soc=Ascend950PR_9579 occupy=0x3e stable_reachable=5 requested=0 effective=5 affinity=[1, 2, 3, 4, 5(orch)]
[mono_ns=182513667713467][T0x73695a0d7740][TIMING] emit_host_span: [STRACE] v=1 pid=460626 tid=460626 inv=72 hid=1b9a2b8de39e9724 depth=1 name=chip.run.runner_run ts=182513666165113 dur=1547092
[mono_ns=182513700281750][T0x73695a0d7740][TIMING] emit_host_span: [STRACE] v=1 pid=460626 tid=460626 inv=72 hid=1b9a2b8de39e9724 depth=1 name=chip.run.validate ts=182513667716812 dur=32563455
[mono_ns=182513700285385][T0x73695a0d7740][TIMING] emit_host_span: [STRACE] v=1 pid=460626 tid=460626 inv=72 hid=1b9a2b8de39e9724 depth=2 name=chip.run.runner_run.device_wall ts=0 dur=1372998 clk=dev
[mono_ns=182513700287058][T0x73695a0d7740][TIMING] emit_host_span: [STRACE] v=1 pid=460626 tid=460626 inv=72 hid=1b9a2b8de39e9724 depth=3 name=chip.run.runner_run.device_wall.preamble ts=0 dur=14837 clk=dev
[mono_ns=182513700288199][T0x73695a0d7740][TIMING] emit_host_span: [STRACE] v=1 pid=460626 tid=460626 inv=72 hid=1b9a2b8de39e9724 depth=3 name=chip.run.runner_run.device_wall.graph_build ts=4267 dur=1364400 clk=dev
[mono_ns=182513700294058][T0x73695a0d7740][TIMING] emit_host_span: [STRACE] v=1 pid=460626 tid=460626 inv=72 hid=1b9a2b8de39e9724 depth=3 name=chip.run.runner_run.device_wall.config_validate ts=4765 dur=1264 clk=dev
[mono_ns=182513700295060][T0x73695a0d7740][TIMING] emit_host_span: [STRACE] v=1 pid=460626 tid=460626 inv=72 hid=1b9a2b8de39e9724 depth=3 name=chip.run.runner_run.device_wall.arena_wire ts=6144 dur=2894 clk=dev
[mono_ns=182513700296081][T0x73695a0d7740][TIMING] emit_host_span: [STRACE] v=1 pid=460626 tid=460626 inv=72 hid=1b9a2b8de39e9724 depth=3 name=chip.run.runner_run.device_wall.sm_reset ts=9102 dur=4505 clk=dev
[mono_ns=182513700297113][T0x73695a0d7740][TIMING] emit_host_span: [STRACE] v=1 pid=460626 tid=460626 inv=72 hid=1b9a2b8de39e9724 depth=3 name=chip.run.runner_run.device_wall.post_orch ts=1368682 dur=3899 clk=dev
[mono_ns=182513700298134][T0x73695a0d7740][TIMING] emit_host_span: [STRACE] v=1 pid=460626 tid=460626 inv=72 hid=1b9a2b8de39e9724 depth=3 name=chip.run.runner_run.device_wall.orch ts=13629 dur=1334454 clk=dev
[mono_ns=182513700299136][T0x73695a0d7740][TIMING] emit_host_span: [STRACE] v=1 pid=460626 tid=460626 inv=72 hid=1b9a2b8de39e9724 depth=3 name=chip.run.runner_run.device_wall.sched ts=14911 dur=1338038 clk=dev
[mono_ns=182513700300618][T0x73695a0d7740][TIMING] emit_host_span: [STRACE] v=1 pid=460626 tid=460626 inv=72 hid=1b9a2b8de39e9724 depth=1 name=chip.run.claim_release ts=182513700299957 dur=90
[mono_ns=182513700302691][T0x73695a0d7740][TIMING] emit_host_span: [STRACE] v=1 pid=460626 tid=460626 inv=72 hid=1b9a2b8de39e9724 depth=0 name=chip.run ts=182513588256148 dur=112045892 run_id=0 dispatch_id=0 slot_id=0 generation=72 run_epoch=72
[mono_ns=182513769621393][T0x73695a0d7740][TIMING] emit_host_span: [STRACE] v=1 pid=460626 tid=460626 inv=73 hid=1b9a2b8de39e9724 depth=2 name=chip.run.bind.args ts=182513701698937 dur=67918620
[mono_ns=182513769635574][T0x73695a0d7740][TIMING] emit_host_span: [STRACE] v=1 pid=460626 tid=460626 inv=73 hid=1b9a2b8de39e9724 depth=2 name=chip.run.bind.prebuilt ts=182513769632980 dur=1963
[mono_ns=182513769638208][T0x73695a0d7740][TIMING] emit_host_span: [STRACE] v=1 pid=460626 tid=460626 inv=73 hid=1b9a2b8de39e9724 depth=1 name=chip.run.bind ts=182513701694169 dur=67942717
[mono_ns=182513774683010][T0x73695a0d7740][WARN] prepare_execution: [device_runner.cpp:343] AICPU CPU_TOPO unavailable; using json_fallback: soc=Ascend950PR_9579 occupy=0x3e stable_reachable=5 requested=0 effective=5 affinity=[1, 2, 3, 4, 5(orch)]
[mono_ns=182513776243672][T0x73695a0d7740][TIMING] emit_host_span: [STRACE] v=1 pid=460626 tid=460626 inv=73 hid=1b9a2b8de39e9724 depth=1 name=chip.run.runner_run ts=182513774734016 dur=1508735
[mono_ns=182513808397032][T0x73695a0d7740][TIMING] emit_host_span: [STRACE] v=1 pid=460626 tid=460626 inv=73 hid=1b9a2b8de39e9724 depth=1 name=chip.run.validate ts=182513776246577 dur=32148662
[mono_ns=182513808402099][T0x73695a0d7740][TIMING] emit_host_span: [STRACE] v=1 pid=460626 tid=460626 inv=73 hid=1b9a2b8de39e9724 depth=2 name=chip.run.runner_run.device_wall ts=0 dur=1358908 clk=dev
[mono_ns=182513808403552][T0x73695a0d7740][TIMING] emit_host_span: [STRACE] v=1 pid=460626 tid=460626 inv=73 hid=1b9a2b8de39e9724 depth=3 name=chip.run.runner_run.device_wall.preamble ts=0 dur=12547 clk=dev
[mono_ns=182513808404844][T0x73695a0d7740][TIMING] emit_host_span: [STRACE] v=1 pid=460626 tid=460626 inv=73 hid=1b9a2b8de39e9724 depth=3 name=chip.run.runner_run.device_wall.graph_build ts=2655 dur=1351889 clk=dev
[mono_ns=182513808405895][T0x73695a0d7740][TIMING] emit_host_span: [STRACE] v=1 pid=460626 tid=460626 inv=73 hid=1b9a2b8de39e9724 depth=3 name=chip.run.runner_run.device_wall.config_validate ts=3088 dur=849 clk=dev
[mono_ns=182513808406917][T0x73695a0d7740][TIMING] emit_host_span: [STRACE] v=1 pid=460626 tid=460626 inv=73 hid=1b9a2b8de39e9724 depth=3 name=chip.run.runner_run.device_wall.arena_wire ts=4000 dur=2675 clk=dev
[mono_ns=182513808407918][T0x73695a0d7740][TIMING] emit_host_span: [STRACE] v=1 pid=460626 tid=460626 inv=73 hid=1b9a2b8de39e9724 depth=3 name=chip.run.runner_run.device_wall.sm_reset ts=6910 dur=4362 clk=dev
[mono_ns=182513808425054][T0x73695a0d7740][TIMING] emit_host_span: [STRACE] v=1 pid=460626 tid=460626 inv=73 hid=1b9a2b8de39e9724 depth=3 name=chip.run.runner_run.device_wall.post_orch ts=1354575 dur=3641 clk=dev
[mono_ns=182513808426106][T0x73695a0d7740][TIMING] emit_host_span: [STRACE] v=1 pid=460626 tid=460626 inv=73 hid=1b9a2b8de39e9724 depth=3 name=chip.run.runner_run.device_wall.orch ts=11382 dur=1323944 clk=dev
[mono_ns=182513808427107][T0x73695a0d7740][TIMING] emit_host_span: [STRACE] v=1 pid=460626 tid=460626 inv=73 hid=1b9a2b8de39e9724 depth=3 name=chip.run.runner_run.device_wall.sched ts=12623 dur=1325964 clk=dev
[mono_ns=182513808428599][T0x73695a0d7740][TIMING] emit_host_span: [STRACE] v=1 pid=460626 tid=460626 inv=73 hid=1b9a2b8de39e9724 depth=1 name=chip.run.claim_release ts=182513808427928 dur=80
[mono_ns=182513808430222][T0x73695a0d7740][TIMING] emit_host_span: [STRACE] v=1 pid=460626 tid=460626 inv=73 hid=1b9a2b8de39e9724 depth=0 name=chip.run ts=182513701687159 dur=106742412 run_id=0 dispatch_id=0 slot_id=0 generation=73 run_epoch=73
[mono_ns=182513875438726][T0x73695a0d7740][TIMING] emit_host_span: [STRACE] v=1 pid=460626 tid=460626 inv=74 hid=1b9a2b8de39e9724 depth=2 name=chip.run.bind.args ts=182513809881630 dur=65553230
[mono_ns=182513875454109][T0x73695a0d7740][TIMING] emit_host_span: [STRACE] v=1 pid=460626 tid=460626 inv=74 hid=1b9a2b8de39e9724 depth=2 name=chip.run.bind.prebuilt ts=182513875450924 dur=2474
[mono_ns=182513875456433][T0x73695a0d7740][TIMING] emit_host_span: [STRACE] v=1 pid=460626 tid=460626 inv=74 hid=1b9a2b8de39e9724 depth=1 name=chip.run.bind ts=182513809876402 dur=65578508
[mono_ns=182513880391169][T0x73695a0d7740][WARN] prepare_execution: [device_runner.cpp:343] AICPU CPU_TOPO unavailable; using json_fallback: soc=Ascend950PR_9579 occupy=0x3e stable_reachable=5 requested=0 effective=5 affinity=[1, 2, 3, 4, 5(orch)]
[mono_ns=182513881973825][T0x73695a0d7740][TIMING] emit_host_span: [STRACE] v=1 pid=460626 tid=460626 inv=74 hid=1b9a2b8de39e9724 depth=1 name=chip.run.runner_run ts=182513880444840 dur=1528073
[mono_ns=182513913788135][T0x73695a0d7740][TIMING] emit_host_span: [STRACE] v=1 pid=460626 tid=460626 inv=74 hid=1b9a2b8de39e9724 depth=1 name=chip.run.validate ts=182513881977670 dur=31808933
[mono_ns=182513913792692][T0x73695a0d7740][TIMING] emit_host_span: [STRACE] v=1 pid=460626 tid=460626 inv=74 hid=1b9a2b8de39e9724 depth=2 name=chip.run.runner_run.device_wall ts=0 dur=1331228 clk=dev
[mono_ns=182513913793954][T0x73695a0d7740][TIMING] emit_host_span: [STRACE] v=1 pid=460626 tid=460626 inv=74 hid=1b9a2b8de39e9724 depth=3 name=chip.run.runner_run.device_wall.preamble ts=0 dur=12129 clk=dev
[mono_ns=182513913795096][T0x73695a0d7740][TIMING] emit_host_span: [STRACE] v=1 pid=460626 tid=460626 inv=74 hid=1b9a2b8de39e9724 depth=3 name=chip.run.runner_run.device_wall.graph_build ts=2807 dur=1323937 clk=dev
[mono_ns=182513913796117][T0x73695a0d7740][TIMING] emit_host_span: [STRACE] v=1 pid=460626 tid=460626 inv=74 hid=1b9a2b8de39e9724 depth=3 name=chip.run.runner_run.device_wall.config_validate ts=3287 dur=1236 clk=dev
[mono_ns=182513913797119][T0x73695a0d7740][TIMING] emit_host_span: [STRACE] v=1 pid=460626 tid=460626 inv=74 hid=1b9a2b8de39e9724 depth=3 name=chip.run.runner_run.device_wall.arena_wire ts=4582 dur=2865 clk=dev
[mono_ns=182513913798110][T0x73695a0d7740][TIMING] emit_host_span: [STRACE] v=1 pid=460626 tid=460626 inv=74 hid=1b9a2b8de39e9724 depth=3 name=chip.run.runner_run.device_wall.sm_reset ts=7596 dur=4932 clk=dev
[mono_ns=182513913799132][T0x73695a0d7740][TIMING] emit_host_span: [STRACE] v=1 pid=460626 tid=460626 inv=74 hid=1b9a2b8de39e9724 depth=3 name=chip.run.runner_run.device_wall.post_orch ts=1326770 dur=3667 clk=dev
[mono_ns=182513913800123][T0x73695a0d7740][TIMING] emit_host_span: [STRACE] v=1 pid=460626 tid=460626 inv=74 hid=1b9a2b8de39e9724 depth=3 name=chip.run.runner_run.device_wall.orch ts=12588 dur=1294758 clk=dev
[mono_ns=182513913811160][T0x73695a0d7740][TIMING] emit_host_span: [STRACE] v=1 pid=460626 tid=460626 inv=74 hid=1b9a2b8de39e9724 depth=3 name=chip.run.runner_run.device_wall.sched ts=13160 dur=1297557 clk=dev
[mono_ns=182513913812752][T0x73695a0d7740][TIMING] emit_host_span: [STRACE] v=1 pid=460626 tid=460626 inv=74 hid=1b9a2b8de39e9724 depth=1 name=chip.run.claim_release ts=182513913812111 dur=81
[mono_ns=182513913814515][T0x73695a0d7740][TIMING] emit_host_span: [STRACE] v=1 pid=460626 tid=460626 inv=74 hid=1b9a2b8de39e9724 depth=0 name=chip.run ts=182513809868891 dur=103944983 run_id=0 dispatch_id=0 slot_id=0 generation=74 run_epoch=74
[mono_ns=182513982478094][T0x73695a0d7740][TIMING] emit_host_span: [STRACE] v=1 pid=460626 tid=460626 inv=75 hid=1b9a2b8de39e9724 depth=2 name=chip.run.bind.args ts=182513915227606 dur=67247373
[mono_ns=182513982489751][T0x73695a0d7740][TIMING] emit_host_span: [STRACE] v=1 pid=460626 tid=460626 inv=75 hid=1b9a2b8de39e9724 depth=2 name=chip.run.bind.prebuilt ts=182513982487197 dur=1833
[mono_ns=182513982491504][T0x73695a0d7740][TIMING] emit_host_span: [STRACE] v=1 pid=460626 tid=460626 inv=75 hid=1b9a2b8de39e9724 depth=1 name=chip.run.bind ts=182513915222739 dur=67267783
[mono_ns=182513987529776][T0x73695a0d7740][WARN] prepare_execution: [device_runner.cpp:343] AICPU CPU_TOPO unavailable; using json_fallback: soc=Ascend950PR_9579 occupy=0x3e stable_reachable=5 requested=0 effective=5 affinity=[1, 2, 3, 4, 5(orch)]
[mono_ns=182513989086472][T0x73695a0d7740][TIMING] emit_host_span: [STRACE] v=1 pid=460626 tid=460626 inv=75 hid=1b9a2b8de39e9724 depth=1 name=chip.run.runner_run ts=182513987572710 dur=1512851
[mono_ns=182514020262204][T0x73695a0d7740][TIMING] emit_host_span: [STRACE] v=1 pid=460626 tid=460626 inv=75 hid=1b9a2b8de39e9724 depth=1 name=chip.run.validate ts=182513989089507 dur=31171275
[mono_ns=182514020266301][T0x73695a0d7740][TIMING] emit_host_span: [STRACE] v=1 pid=460626 tid=460626 inv=75 hid=1b9a2b8de39e9724 depth=2 name=chip.run.runner_run.device_wall ts=0 dur=1366922 clk=dev
[mono_ns=182514020267693][T0x73695a0d7740][TIMING] emit_host_span: [STRACE] v=1 pid=460626 tid=460626 inv=75 hid=1b9a2b8de39e9724 depth=3 name=chip.run.runner_run.device_wall.preamble ts=0 dur=13380 clk=dev
[mono_ns=182514020268874][T0x73695a0d7740][TIMING] emit_host_span: [STRACE] v=1 pid=460626 tid=460626 inv=75 hid=1b9a2b8de39e9724 depth=3 name=chip.run.runner_run.device_wall.graph_build ts=2594 dur=1360113 clk=dev
[mono_ns=182514020269886][T0x73695a0d7740][TIMING] emit_host_span: [STRACE] v=1 pid=460626 tid=460626 inv=75 hid=1b9a2b8de39e9724 depth=3 name=chip.run.runner_run.device_wall.config_validate ts=3052 dur=1279 clk=dev
[mono_ns=182514020270988][T0x73695a0d7740][TIMING] emit_host_span: [STRACE] v=1 pid=460626 tid=460626 inv=75 hid=1b9a2b8de39e9724 depth=3 name=chip.run.runner_run.device_wall.arena_wire ts=4399 dur=2663 clk=dev
[mono_ns=182514020271979][T0x73695a0d7740][TIMING] emit_host_span: [STRACE] v=1 pid=460626 tid=460626 inv=75 hid=1b9a2b8de39e9724 depth=3 name=chip.run.runner_run.device_wall.sm_reset ts=7076 dur=5062 clk=dev
[mono_ns=182514020273021][T0x73695a0d7740][TIMING] emit_host_span: [STRACE] v=1 pid=460626 tid=460626 inv=75 hid=1b9a2b8de39e9724 depth=3 name=chip.run.runner_run.device_wall.post_orch ts=1362732 dur=3772 clk=dev
[mono_ns=182514020274022][T0x73695a0d7740][TIMING] emit_host_span: [STRACE] v=1 pid=460626 tid=460626 inv=75 hid=1b9a2b8de39e9724 depth=3 name=chip.run.runner_run.device_wall.orch ts=12421 dur=1329413 clk=dev
[mono_ns=182514020275024][T0x73695a0d7740][TIMING] emit_host_span: [STRACE] v=1 pid=460626 tid=460626 inv=75 hid=1b9a2b8de39e9724 depth=3 name=chip.run.runner_run.device_wall.sched ts=13577 dur=1334567 clk=dev
[mono_ns=182514020276225][T0x73695a0d7740][TIMING] emit_host_span: [STRACE] v=1 pid=460626 tid=460626 inv=75 hid=1b9a2b8de39e9724 depth=1 name=chip.run.claim_release ts=182514020275615 dur=60
[mono_ns=182514020277788][T0x73695a0d7740][TIMING] emit_host_span: [STRACE] v=1 pid=460626 tid=460626 inv=75 hid=1b9a2b8de39e9724 depth=0 name=chip.run ts=182513915215818 dur=105061379 run_id=0 dispatch_id=0 slot_id=0 generation=75 run_epoch=75
[mono_ns=182514085920552][T0x73695a0d7740][TIMING] emit_host_span: [STRACE] v=1 pid=460626 tid=460626 inv=76 hid=1b9a2b8de39e9724 depth=2 name=chip.run.bind.args ts=182514021667193 dur=64250836
[mono_ns=182514085928775][T0x73695a0d7740][TIMING] emit_host_span: [STRACE] v=1 pid=460626 tid=460626 inv=76 hid=1b9a2b8de39e9724 depth=2 name=chip.run.bind.prebuilt ts=182514085926782 dur=1322
[mono_ns=182514085930487][T0x73695a0d7740][TIMING] emit_host_span: [STRACE] v=1 pid=460626 tid=460626 inv=76 hid=1b9a2b8de39e9724 depth=1 name=chip.run.bind ts=182514021661935 dur=64267751
[mono_ns=182514090909490][T0x73695a0d7740][WARN] prepare_execution: [device_runner.cpp:343] AICPU CPU_TOPO unavailable; using json_fallback: soc=Ascend950PR_9579 occupy=0x3e stable_reachable=5 requested=0 effective=5 affinity=[1, 2, 3, 4, 5(orch)]
[mono_ns=182514092468040][T0x73695a0d7740][TIMING] emit_host_span: [STRACE] v=1 pid=460626 tid=460626 inv=76 hid=1b9a2b8de39e9724 depth=1 name=chip.run.runner_run ts=182514090948659 dur=1518499
[mono_ns=182514123225644][T0x73695a0d7740][TIMING] emit_host_span: [STRACE] v=1 pid=460626 tid=460626 inv=76 hid=1b9a2b8de39e9724 depth=1 name=chip.run.validate ts=182514092470764 dur=30753578
[mono_ns=182514123229420][T0x73695a0d7740][TIMING] emit_host_span: [STRACE] v=1 pid=460626 tid=460626 inv=76 hid=1b9a2b8de39e9724 depth=2 name=chip.run.runner_run.device_wall ts=0 dur=1376107 clk=dev
[mono_ns=182514123230682][T0x73695a0d7740][TIMING] emit_host_span: [STRACE] v=1 pid=460626 tid=460626 inv=76 hid=1b9a2b8de39e9724 depth=3 name=chip.run.runner_run.device_wall.preamble ts=0 dur=12391 clk=dev
[mono_ns=182514123231813][T0x73695a0d7740][TIMING] emit_host_span: [STRACE] v=1 pid=460626 tid=460626 inv=76 hid=1b9a2b8de39e9724 depth=3 name=chip.run.runner_run.device_wall.graph_build ts=2667 dur=1368365 clk=dev
[mono_ns=182514123233005][T0x73695a0d7740][TIMING] emit_host_span: [STRACE] v=1 pid=460626 tid=460626 inv=76 hid=1b9a2b8de39e9724 depth=3 name=chip.run.runner_run.device_wall.config_validate ts=3145 dur=1399 clk=dev
[mono_ns=182514123234127][T0x73695a0d7740][TIMING] emit_host_span: [STRACE] v=1 pid=460626 tid=460626 inv=76 hid=1b9a2b8de39e9724 depth=3 name=chip.run.runner_run.device_wall.arena_wire ts=4697 dur=2555 clk=dev
[mono_ns=182514123235128][T0x73695a0d7740][TIMING] emit_host_span: [STRACE] v=1 pid=460626 tid=460626 inv=76 hid=1b9a2b8de39e9724 depth=3 name=chip.run.runner_run.device_wall.sm_reset ts=7313 dur=4203 clk=dev
[mono_ns=182514123236130][T0x73695a0d7740][TIMING] emit_host_span: [STRACE] v=1 pid=460626 tid=460626 inv=76 hid=1b9a2b8de39e9724 depth=3 name=chip.run.runner_run.device_wall.post_orch ts=1371063 dur=4342 clk=dev
[mono_ns=182514123237151][T0x73695a0d7740][TIMING] emit_host_span: [STRACE] v=1 pid=460626 tid=460626 inv=76 hid=1b9a2b8de39e9724 depth=3 name=chip.run.runner_run.device_wall.orch ts=11541 dur=1339013 clk=dev
[mono_ns=182514123238143][T0x73695a0d7740][TIMING] emit_host_span: [STRACE] v=1 pid=460626 tid=460626 inv=76 hid=1b9a2b8de39e9724 depth=3 name=chip.run.runner_run.device_wall.sched ts=12654 dur=1342478 clk=dev
[mono_ns=182514123239385][T0x73695a0d7740][TIMING] emit_host_span: [STRACE] v=1 pid=460626 tid=460626 inv=76 hid=1b9a2b8de39e9724 depth=1 name=chip.run.claim_release ts=182514123238764 dur=70
[mono_ns=182514123241168][T0x73695a0d7740][TIMING] emit_host_span: [STRACE] v=1 pid=460626 tid=460626 inv=76 hid=1b9a2b8de39e9724 depth=0 name=chip.run ts=182514021656637 dur=101583920 run_id=0 dispatch_id=0 slot_id=0 generation=76 run_epoch=76
[mono_ns=182514188753106][T0x73695a0d7740][TIMING] emit_host_span: [STRACE] v=1 pid=460626 tid=460626 inv=77 hid=1b9a2b8de39e9724 depth=2 name=chip.run.bind.args ts=182514124578615 dur=64171847
[mono_ns=182514188762279][T0x73695a0d7740][TIMING] emit_host_span: [STRACE] v=1 pid=460626 tid=460626 inv=77 hid=1b9a2b8de39e9724 depth=2 name=chip.run.bind.prebuilt ts=182514188759666 dur=1942
[mono_ns=182514188764383][T0x73695a0d7740][TIMING] emit_host_span: [STRACE] v=1 pid=460626 tid=460626 inv=77 hid=1b9a2b8de39e9724 depth=1 name=chip.run.bind ts=182514124573537 dur=64189574
[mono_ns=182514193767181][T0x73695a0d7740][WARN] prepare_execution: [device_runner.cpp:343] AICPU CPU_TOPO unavailable; using json_fallback: soc=Ascend950PR_9579 occupy=0x3e stable_reachable=5 requested=0 effective=5 affinity=[1, 2, 3, 4, 5(orch)]
[mono_ns=182514195351950][T0x73695a0d7740][TIMING] emit_host_span: [STRACE] v=1 pid=460626 tid=460626 inv=77 hid=1b9a2b8de39e9724 depth=1 name=chip.run.runner_run ts=182514193816646 dur=1534252
[mono_ns=182514225236014][T0x73695a0d7740][TIMING] emit_host_span: [STRACE] v=1 pid=460626 tid=460626 inv=77 hid=1b9a2b8de39e9724 depth=1 name=chip.run.validate ts=182514195355055 dur=29879647
[mono_ns=182514225240390][T0x73695a0d7740][TIMING] emit_host_span: [STRACE] v=1 pid=460626 tid=460626 inv=77 hid=1b9a2b8de39e9724 depth=2 name=chip.run.runner_run.device_wall ts=0 dur=1367596 clk=dev
[mono_ns=182514225241552][T0x73695a0d7740][TIMING] emit_host_span: [STRACE] v=1 pid=460626 tid=460626 inv=77 hid=1b9a2b8de39e9724 depth=3 name=chip.run.runner_run.device_wall.preamble ts=0 dur=12751 clk=dev
[mono_ns=182514225242734][T0x73695a0d7740][TIMING] emit_host_span: [STRACE] v=1 pid=460626 tid=460626 inv=77 hid=1b9a2b8de39e9724 depth=3 name=chip.run.runner_run.device_wall.graph_build ts=2609 dur=1360271 clk=dev
[mono_ns=182514225243885][T0x73695a0d7740][TIMING] emit_host_span: [STRACE] v=1 pid=460626 tid=460626 inv=77 hid=1b9a2b8de39e9724 depth=3 name=chip.run.runner_run.device_wall.config_validate ts=3119 dur=1190 clk=dev
[mono_ns=182514225244867][T0x73695a0d7740][TIMING] emit_host_span: [STRACE] v=1 pid=460626 tid=460626 inv=77 hid=1b9a2b8de39e9724 depth=3 name=chip.run.runner_run.device_wall.arena_wire ts=4327 dur=2719 clk=dev
[mono_ns=182514225245848][T0x73695a0d7740][TIMING] emit_host_span: [STRACE] v=1 pid=460626 tid=460626 inv=77 hid=1b9a2b8de39e9724 depth=3 name=chip.run.runner_run.device_wall.sm_reset ts=7180 dur=4240 clk=dev
[mono_ns=182514225246850][T0x73695a0d7740][TIMING] emit_host_span: [STRACE] v=1 pid=460626 tid=460626 inv=77 hid=1b9a2b8de39e9724 depth=3 name=chip.run.runner_run.device_wall.post_orch ts=1362904 dur=4373 clk=dev
[mono_ns=182514225247831][T0x73695a0d7740][TIMING] emit_host_span: [STRACE] v=1 pid=460626 tid=460626 inv=77 hid=1b9a2b8de39e9724 depth=3 name=chip.run.runner_run.device_wall.orch ts=11704 dur=1332553 clk=dev
[mono_ns=182514225248823][T0x73695a0d7740][TIMING] emit_host_span: [STRACE] v=1 pid=460626 tid=460626 inv=77 hid=1b9a2b8de39e9724 depth=3 name=chip.run.runner_run.device_wall.sched ts=12737 dur=1334710 clk=dev
[mono_ns=182514225250365][T0x73695a0d7740][TIMING] emit_host_span: [STRACE] v=1 pid=460626 tid=460626 inv=77 hid=1b9a2b8de39e9724 depth=1 name=chip.run.claim_release ts=182514225249714 dur=100
[mono_ns=182514225252358][T0x73695a0d7740][TIMING] emit_host_span: [STRACE] v=1 pid=460626 tid=460626 inv=77 hid=1b9a2b8de39e9724 depth=0 name=chip.run ts=182514124568199 dur=100683368 run_id=0 dispatch_id=0 slot_id=0 generation=77 run_epoch=77
[mono_ns=182514295021456][T0x73695a0d7740][TIMING] emit_host_span: [STRACE] v=1 pid=460626 tid=460626 inv=78 hid=1b9a2b8de39e9724 depth=2 name=chip.run.bind.args ts=182514226617217 dur=68400924
[mono_ns=182514295035297][T0x73695a0d7740][TIMING] emit_host_span: [STRACE] v=1 pid=460626 tid=460626 inv=78 hid=1b9a2b8de39e9724 depth=2 name=chip.run.bind.prebuilt ts=182514295032372 dur=2133
[mono_ns=182514295037290][T0x73695a0d7740][TIMING] emit_host_span: [STRACE] v=1 pid=460626 tid=460626 inv=78 hid=1b9a2b8de39e9724 depth=1 name=chip.run.bind ts=182514226612409 dur=68423909
[mono_ns=182514300023183][T0x73695a0d7740][WARN] prepare_execution: [device_runner.cpp:343] AICPU CPU_TOPO unavailable; using json_fallback: soc=Ascend950PR_9579 occupy=0x3e stable_reachable=5 requested=0 effective=5 affinity=[1, 2, 3, 4, 5(orch)]
[mono_ns=182514301593861][T0x73695a0d7740][TIMING] emit_host_span: [STRACE] v=1 pid=460626 tid=460626 inv=78 hid=1b9a2b8de39e9724 depth=1 name=chip.run.runner_run ts=182514300085697 dur=1507032
[mono_ns=182514331145645][T0x73695a0d7740][TIMING] emit_host_span: [STRACE] v=1 pid=460626 tid=460626 inv=78 hid=1b9a2b8de39e9724 depth=1 name=chip.run.validate ts=182514301615193 dur=29528770
[mono_ns=182514331150282][T0x73695a0d7740][TIMING] emit_host_span: [STRACE] v=1 pid=460626 tid=460626 inv=78 hid=1b9a2b8de39e9724 depth=2 name=chip.run.runner_run.device_wall ts=0 dur=1338109 clk=dev
[mono_ns=182514331151855][T0x73695a0d7740][TIMING] emit_host_span: [STRACE] v=1 pid=460626 tid=460626 inv=78 hid=1b9a2b8de39e9724 depth=3 name=chip.run.runner_run.device_wall.preamble ts=0 dur=12316 clk=dev
[mono_ns=182514331153207][T0x73695a0d7740][TIMING] emit_host_span: [STRACE] v=1 pid=460626 tid=460626 inv=78 hid=1b9a2b8de39e9724 depth=3 name=chip.run.runner_run.device_wall.graph_build ts=2776 dur=1330779 clk=dev
[mono_ns=182514331154248][T0x73695a0d7740][TIMING] emit_host_span: [STRACE] v=1 pid=460626 tid=460626 inv=78 hid=1b9a2b8de39e9724 depth=3 name=chip.run.runner_run.device_wall.config_validate ts=3294 dur=1717 clk=dev
[mono_ns=182514331155260][T0x73695a0d7740][TIMING] emit_host_span: [STRACE] v=1 pid=460626 tid=460626 inv=78 hid=1b9a2b8de39e9724 depth=3 name=chip.run.runner_run.device_wall.arena_wire ts=5033 dur=2994 clk=dev
[mono_ns=182514331156261][T0x73695a0d7740][TIMING] emit_host_span: [STRACE] v=1 pid=460626 tid=460626 inv=78 hid=1b9a2b8de39e9724 depth=3 name=chip.run.runner_run.device_wall.sm_reset ts=8049 dur=4706 clk=dev
[mono_ns=182514331157363][T0x73695a0d7740][TIMING] emit_host_span: [STRACE] v=1 pid=460626 tid=460626 inv=78 hid=1b9a2b8de39e9724 depth=3 name=chip.run.runner_run.device_wall.post_orch ts=1333573 dur=3669 clk=dev
[mono_ns=182514331158395][T0x73695a0d7740][TIMING] emit_host_span: [STRACE] v=1 pid=460626 tid=460626 inv=78 hid=1b9a2b8de39e9724 depth=3 name=chip.run.runner_run.device_wall.orch ts=12836 dur=1299771 clk=dev
[mono_ns=182514331159396][T0x73695a0d7740][TIMING] emit_host_span: [STRACE] v=1 pid=460626 tid=460626 inv=78 hid=1b9a2b8de39e9724 depth=3 name=chip.run.runner_run.device_wall.sched ts=13411 dur=1303986 clk=dev
[mono_ns=182514331160958][T0x73695a0d7740][TIMING] emit_host_span: [STRACE] v=1 pid=460626 tid=460626 inv=78 hid=1b9a2b8de39e9724 depth=1 name=chip.run.claim_release ts=182514331160297 dur=91
[mono_ns=182514331163142][T0x73695a0d7740][TIMING] emit_host_span: [STRACE] v=1 pid=460626 tid=460626 inv=78 hid=1b9a2b8de39e9724 depth=0 name=chip.run ts=182514226606621 dur=104555599 run_id=0 dispatch_id=0 slot_id=0 generation=78 run_epoch=78
[mono_ns=182514401558259][T0x73695a0d7740][TIMING] emit_host_span: [STRACE] v=1 pid=460626 tid=460626 inv=79 hid=1b9a2b8de39e9724 depth=2 name=chip.run.bind.args ts=182514332530404 dur=69024810
[mono_ns=182514401568024][T0x73695a0d7740][TIMING] emit_host_span: [STRACE] v=1 pid=460626 tid=460626 inv=79 hid=1b9a2b8de39e9724 depth=2 name=chip.run.bind.prebuilt ts=182514401565420 dur=1933
[mono_ns=182514401569776][T0x73695a0d7740][TIMING] emit_host_span: [STRACE] v=1 pid=460626 tid=460626 inv=79 hid=1b9a2b8de39e9724 depth=1 name=chip.run.bind ts=182514332525877 dur=69042948
[mono_ns=182514406535499][T0x73695a0d7740][WARN] prepare_execution: [device_runner.cpp:343] AICPU CPU_TOPO unavailable; using json_fallback: soc=Ascend950PR_9579 occupy=0x3e stable_reachable=5 requested=0 effective=5 affinity=[1, 2, 3, 4, 5(orch)]
[mono_ns=182514408094640][T0x73695a0d7740][TIMING] emit_host_span: [STRACE] v=1 pid=460626 tid=460626 inv=79 hid=1b9a2b8de39e9724 depth=1 name=chip.run.runner_run ts=182514406588098 dur=1505530
[mono_ns=182514438232013][T0x73695a0d7740][TIMING] emit_host_span: [STRACE] v=1 pid=460626 tid=460626 inv=79 hid=1b9a2b8de39e9724 depth=1 name=chip.run.validate ts=182514408097484 dur=30132486
[mono_ns=182514438236240][T0x73695a0d7740][TIMING] emit_host_span: [STRACE] v=1 pid=460626 tid=460626 inv=79 hid=1b9a2b8de39e9724 depth=2 name=chip.run.runner_run.device_wall ts=0 dur=1348142 clk=dev
[mono_ns=182514438237672][T0x73695a0d7740][TIMING] emit_host_span: [STRACE] v=1 pid=460626 tid=460626 inv=79 hid=1b9a2b8de39e9724 depth=3 name=chip.run.runner_run.device_wall.preamble ts=0 dur=12565 clk=dev
[mono_ns=182514438246455][T0x73695a0d7740][TIMING] emit_host_span: [STRACE] v=1 pid=460626 tid=460626 inv=79 hid=1b9a2b8de39e9724 depth=3 name=chip.run.runner_run.device_wall.graph_build ts=2525 dur=1340810 clk=dev
[mono_ns=182514438247517][T0x73695a0d7740][TIMING] emit_host_span: [STRACE] v=1 pid=460626 tid=460626 inv=79 hid=1b9a2b8de39e9724 depth=3 name=chip.run.runner_run.device_wall.config_validate ts=3038 dur=1516 clk=dev
[mono_ns=182514438248588][T0x73695a0d7740][TIMING] emit_host_span: [STRACE] v=1 pid=460626 tid=460626 inv=79 hid=1b9a2b8de39e9724 depth=3 name=chip.run.runner_run.device_wall.arena_wire ts=4617 dur=3012 clk=dev
[mono_ns=182514438249570][T0x73695a0d7740][TIMING] emit_host_span: [STRACE] v=1 pid=460626 tid=460626 inv=79 hid=1b9a2b8de39e9724 depth=3 name=chip.run.runner_run.device_wall.sm_reset ts=7645 dur=4289 clk=dev
[mono_ns=182514438250691][T0x73695a0d7740][TIMING] emit_host_span: [STRACE] v=1 pid=460626 tid=460626 inv=79 hid=1b9a2b8de39e9724 depth=3 name=chip.run.runner_run.device_wall.post_orch ts=1343415 dur=4391 clk=dev
[mono_ns=182514438251693][T0x73695a0d7740][TIMING] emit_host_span: [STRACE] v=1 pid=460626 tid=460626 inv=79 hid=1b9a2b8de39e9724 depth=3 name=chip.run.runner_run.device_wall.orch ts=12215 dur=1310777 clk=dev
[mono_ns=182514438252694][T0x73695a0d7740][TIMING] emit_host_span: [STRACE] v=1 pid=460626 tid=460626 inv=79 hid=1b9a2b8de39e9724 depth=3 name=chip.run.runner_run.device_wall.sched ts=13142 dur=1314029 clk=dev
[mono_ns=182514438253976][T0x73695a0d7740][TIMING] emit_host_span: [STRACE] v=1 pid=460626 tid=460626 inv=79 hid=1b9a2b8de39e9724 depth=1 name=chip.run.claim_release ts=182514438253335 dur=91
[mono_ns=182514438255649][T0x73695a0d7740][TIMING] emit_host_span: [STRACE] v=1 pid=460626 tid=460626 inv=79 hid=1b9a2b8de39e9724 depth=0 name=chip.run ts=182514332519087 dur=105735831 run_id=0 dispatch_id=0 slot_id=0 generation=79 run_epoch=79
[mono_ns=182514506834470][T0x73695a0d7740][TIMING] emit_host_span: [STRACE] v=1 pid=460626 tid=460626 inv=80 hid=1b9a2b8de39e9724 depth=2 name=chip.run.bind.args ts=182514439619175 dur=67212631
[mono_ns=182514506848281][T0x73695a0d7740][TIMING] emit_host_span: [STRACE] v=1 pid=460626 tid=460626 inv=80 hid=1b9a2b8de39e9724 depth=2 name=chip.run.bind.prebuilt ts=182514506845657 dur=1923
[mono_ns=182514506850134][T0x73695a0d7740][TIMING] emit_host_span: [STRACE] v=1 pid=460626 tid=460626 inv=80 hid=1b9a2b8de39e9724 depth=1 name=chip.run.bind ts=182514439613918 dur=67235184
[mono_ns=182514511784990][T0x73695a0d7740][WARN] prepare_execution: [device_runner.cpp:343] AICPU CPU_TOPO unavailable; using json_fallback: soc=Ascend950PR_9579 occupy=0x3e stable_reachable=5 requested=0 effective=5 affinity=[1, 2, 3, 4, 5(orch)]
[mono_ns=182514513326364][T0x73695a0d7740][TIMING] emit_host_span: [STRACE] v=1 pid=460626 tid=460626 inv=80 hid=1b9a2b8de39e9724 depth=1 name=chip.run.runner_run ts=182514511839322 dur=1486000
[mono_ns=182514546980787][T0x73695a0d7740][TIMING] emit_host_span: [STRACE] v=1 pid=460626 tid=460626 inv=80 hid=1b9a2b8de39e9724 depth=1 name=chip.run.validate ts=182514513329839 dur=33649616
[mono_ns=182514546984813][T0x73695a0d7740][TIMING] emit_host_span: [STRACE] v=1 pid=460626 tid=460626 inv=80 hid=1b9a2b8de39e9724 depth=2 name=chip.run.runner_run.device_wall ts=0 dur=1311061 clk=dev
[mono_ns=182514546986145][T0x73695a0d7740][TIMING] emit_host_span: [STRACE] v=1 pid=460626 tid=460626 inv=80 hid=1b9a2b8de39e9724 depth=3 name=chip.run.runner_run.device_wall.preamble ts=0 dur=11340 clk=dev
[mono_ns=182514546987487][T0x73695a0d7740][TIMING] emit_host_span: [STRACE] v=1 pid=460626 tid=460626 inv=80 hid=1b9a2b8de39e9724 depth=3 name=chip.run.runner_run.device_wall.graph_build ts=2536 dur=1304318 clk=dev
[mono_ns=182514546988758][T0x73695a0d7740][TIMING] emit_host_span: [STRACE] v=1 pid=460626 tid=460626 inv=80 hid=1b9a2b8de39e9724 depth=3 name=chip.run.runner_run.device_wall.config_validate ts=2746 dur=1139 clk=dev
[mono_ns=182514546989760][T0x73695a0d7740][TIMING] emit_host_span: [STRACE] v=1 pid=460626 tid=460626 inv=80 hid=1b9a2b8de39e9724 depth=3 name=chip.run.runner_run.device_wall.arena_wire ts=3946 dur=2772 clk=dev
[mono_ns=182514546998543][T0x73695a0d7740][TIMING] emit_host_span: [STRACE] v=1 pid=460626 tid=460626 inv=80 hid=1b9a2b8de39e9724 depth=3 name=chip.run.runner_run.device_wall.sm_reset ts=6795 dur=4276 clk=dev
[mono_ns=182514546999585][T0x73695a0d7740][TIMING] emit_host_span: [STRACE] v=1 pid=460626 tid=460626 inv=80 hid=1b9a2b8de39e9724 depth=3 name=chip.run.runner_run.device_wall.post_orch ts=1306939 dur=4030 clk=dev
[mono_ns=182514547004963][T0x73695a0d7740][TIMING] emit_host_span: [STRACE] v=1 pid=460626 tid=460626 inv=80 hid=1b9a2b8de39e9724 depth=3 name=chip.run.runner_run.device_wall.orch ts=11136 dur=1278125 clk=dev
[mono_ns=182514547006515][T0x73695a0d7740][TIMING] emit_host_span: [STRACE] v=1 pid=460626 tid=460626 inv=80 hid=1b9a2b8de39e9724 depth=3 name=chip.run.runner_run.device_wall.sched ts=11745 dur=1282109 clk=dev
[mono_ns=182514547007857][T0x73695a0d7740][TIMING] emit_host_span: [STRACE] v=1 pid=460626 tid=460626 inv=80 hid=1b9a2b8de39e9724 depth=1 name=chip.run.claim_release ts=182514547007216 dur=70
[mono_ns=182514547009700][T0x73695a0d7740][TIMING] emit_host_span: [STRACE] v=1 pid=460626 tid=460626 inv=80 hid=1b9a2b8de39e9724 depth=0 name=chip.run ts=182514439607558 dur=107401481 run_id=0 dispatch_id=0 slot_id=0 generation=80 run_epoch=80
[mono_ns=182514611762398][T0x73695a0d7740][TIMING] emit_host_span: [STRACE] v=1 pid=460626 tid=460626 inv=81 hid=1b9a2b8de39e9724 depth=2 name=chip.run.bind.args ts=182514548390292 dur=63368301
[mono_ns=182514611776420][T0x73695a0d7740][TIMING] emit_host_span: [STRACE] v=1 pid=460626 tid=460626 inv=81 hid=1b9a2b8de39e9724 depth=2 name=chip.run.bind.prebuilt ts=182514611773475 dur=2183
[mono_ns=182514611779134][T0x73695a0d7740][TIMING] emit_host_span: [STRACE] v=1 pid=460626 tid=460626 inv=81 hid=1b9a2b8de39e9724 depth=1 name=chip.run.bind ts=182514548385936 dur=63391445
[mono_ns=182514616724106][T0x73695a0d7740][WARN] prepare_execution: [device_runner.cpp:343] AICPU CPU_TOPO unavailable; using json_fallback: soc=Ascend950PR_9579 occupy=0x3e stable_reachable=5 requested=0 effective=5 affinity=[1, 2, 3, 4, 5(orch)]
[mono_ns=182514618284808][T0x73695a0d7740][TIMING] emit_host_span: [STRACE] v=1 pid=460626 tid=460626 inv=81 hid=1b9a2b8de39e9724 depth=1 name=chip.run.runner_run ts=182514616782744 dur=1501123
[mono_ns=182514650588824][T0x73695a0d7740][TIMING] emit_host_span: [STRACE] v=1 pid=460626 tid=460626 inv=81 hid=1b9a2b8de39e9724 depth=1 name=chip.run.validate ts=182514618287472 dur=32299579
[mono_ns=182514650592980][T0x73695a0d7740][TIMING] emit_host_span: [STRACE] v=1 pid=460626 tid=460626 inv=81 hid=1b9a2b8de39e9724 depth=2 name=chip.run.runner_run.device_wall ts=0 dur=1341164 clk=dev
[mono_ns=182514650594272][T0x73695a0d7740][TIMING] emit_host_span: [STRACE] v=1 pid=460626 tid=460626 inv=81 hid=1b9a2b8de39e9724 depth=3 name=chip.run.runner_run.device_wall.preamble ts=0 dur=13048 clk=dev
[mono_ns=182514650595594][T0x73695a0d7740][TIMING] emit_host_span: [STRACE] v=1 pid=460626 tid=460626 inv=81 hid=1b9a2b8de39e9724 depth=3 name=chip.run.runner_run.device_wall.graph_build ts=3107 dur=1333859 clk=dev
[mono_ns=182514650596726][T0x73695a0d7740][TIMING] emit_host_span: [STRACE] v=1 pid=460626 tid=460626 inv=81 hid=1b9a2b8de39e9724 depth=3 name=chip.run.runner_run.device_wall.config_validate ts=3486 dur=1613 clk=dev
[mono_ns=182514650597887][T0x73695a0d7740][TIMING] emit_host_span: [STRACE] v=1 pid=460626 tid=460626 inv=81 hid=1b9a2b8de39e9724 depth=3 name=chip.run.runner_run.device_wall.arena_wire ts=5117 dur=2944 clk=dev
[mono_ns=182514650598849][T0x73695a0d7740][TIMING] emit_host_span: [STRACE] v=1 pid=460626 tid=460626 inv=81 hid=1b9a2b8de39e9724 depth=3 name=chip.run.runner_run.device_wall.sm_reset ts=8083 dur=4312 clk=dev
[mono_ns=182514650599850][T0x73695a0d7740][TIMING] emit_host_span: [STRACE] v=1 pid=460626 tid=460626 inv=81 hid=1b9a2b8de39e9724 depth=3 name=chip.run.runner_run.device_wall.post_orch ts=1336992 dur=3766 clk=dev
[mono_ns=182514650615504][T0x73695a0d7740][TIMING] emit_host_span: [STRACE] v=1 pid=460626 tid=460626 inv=81 hid=1b9a2b8de39e9724 depth=3 name=chip.run.runner_run.device_wall.orch ts=12418 dur=1302332 clk=dev
[mono_ns=182514650616525][T0x73695a0d7740][TIMING] emit_host_span: [STRACE] v=1 pid=460626 tid=460626 inv=81 hid=1b9a2b8de39e9724 depth=3 name=chip.run.runner_run.device_wall.sched ts=13400 dur=1307415 clk=dev
[mono_ns=182514650618038][T0x73695a0d7740][TIMING] emit_host_span: [STRACE] v=1 pid=460626 tid=460626 inv=81 hid=1b9a2b8de39e9724 depth=1 name=chip.run.claim_release ts=182514650617397 dur=90
[mono_ns=182514650619931][T0x73695a0d7740][TIMING] emit_host_span: [STRACE] v=1 pid=460626 tid=460626 inv=81 hid=1b9a2b8de39e9724 depth=0 name=chip.run ts=182514548380197 dur=102239113 run_id=0 dispatch_id=0 slot_id=0 generation=81 run_epoch=81
[mono_ns=182514718618431][T0x73695a0d7740][TIMING] emit_host_span: [STRACE] v=1 pid=460626 tid=460626 inv=82 hid=1b9a2b8de39e9724 depth=2 name=chip.run.bind.args ts=182514652032641 dur=66582295
[mono_ns=182514718631290][T0x73695a0d7740][TIMING] emit_host_span: [STRACE] v=1 pid=460626 tid=460626 inv=82 hid=1b9a2b8de39e9724 depth=2 name=chip.run.bind.prebuilt ts=182514718628646 dur=1893
[mono_ns=182514718633243][T0x73695a0d7740][TIMING] emit_host_span: [STRACE] v=1 pid=460626 tid=460626 inv=82 hid=1b9a2b8de39e9724 depth=1 name=chip.run.bind ts=182514652027703 dur=66604539
[mono_ns=182514723669532][T0x73695a0d7740][WARN] prepare_execution: [device_runner.cpp:343] AICPU CPU_TOPO unavailable; using json_fallback: soc=Ascend950PR_9579 occupy=0x3e stable_reachable=5 requested=0 effective=5 affinity=[1, 2, 3, 4, 5(orch)]
[mono_ns=182514725189073][T0x73695a0d7740][TIMING] emit_host_span: [STRACE] v=1 pid=460626 tid=460626 inv=82 hid=1b9a2b8de39e9724 depth=1 name=chip.run.runner_run ts=182514723713288 dur=1474763
[mono_ns=182514757152007][T0x73695a0d7740][TIMING] emit_host_span: [STRACE] v=1 pid=460626 tid=460626 inv=82 hid=1b9a2b8de39e9724 depth=1 name=chip.run.validate ts=182514725192268 dur=31957886
[mono_ns=182514757156343][T0x73695a0d7740][TIMING] emit_host_span: [STRACE] v=1 pid=460626 tid=460626 inv=82 hid=1b9a2b8de39e9724 depth=2 name=chip.run.runner_run.device_wall ts=0 dur=1319269 clk=dev
[mono_ns=182514757157645][T0x73695a0d7740][TIMING] emit_host_span: [STRACE] v=1 pid=460626 tid=460626 inv=82 hid=1b9a2b8de39e9724 depth=3 name=chip.run.runner_run.device_wall.preamble ts=0 dur=12045 clk=dev
[mono_ns=182514757158877][T0x73695a0d7740][TIMING] emit_host_span: [STRACE] v=1 pid=460626 tid=460626 inv=82 hid=1b9a2b8de39e9724 depth=3 name=chip.run.runner_run.device_wall.graph_build ts=2544 dur=1312592 clk=dev
[mono_ns=182514757159908][T0x73695a0d7740][TIMING] emit_host_span: [STRACE] v=1 pid=460626 tid=460626 inv=82 hid=1b9a2b8de39e9724 depth=3 name=chip.run.runner_run.device_wall.config_validate ts=2804 dur=1226 clk=dev
[mono_ns=182514757160910][T0x73695a0d7740][TIMING] emit_host_span: [STRACE] v=1 pid=460626 tid=460626 inv=82 hid=1b9a2b8de39e9724 depth=3 name=chip.run.runner_run.device_wall.arena_wire ts=4094 dur=2925 clk=dev
[mono_ns=182514757161901][T0x73695a0d7740][TIMING] emit_host_span: [STRACE] v=1 pid=460626 tid=460626 inv=82 hid=1b9a2b8de39e9724 depth=3 name=chip.run.runner_run.device_wall.sm_reset ts=7104 dur=3869 clk=dev
[mono_ns=182514757162943][T0x73695a0d7740][TIMING] emit_host_span: [STRACE] v=1 pid=460626 tid=460626 inv=82 hid=1b9a2b8de39e9724 depth=3 name=chip.run.runner_run.device_wall.post_orch ts=1315154 dur=3726 clk=dev
[mono_ns=182514757163955][T0x73695a0d7740][TIMING] emit_host_span: [STRACE] v=1 pid=460626 tid=460626 inv=82 hid=1b9a2b8de39e9724 depth=3 name=chip.run.runner_run.device_wall.orch ts=11081 dur=1285569 clk=dev
[mono_ns=182514757164936][T0x73695a0d7740][TIMING] emit_host_span: [STRACE] v=1 pid=460626 tid=460626 inv=82 hid=1b9a2b8de39e9724 depth=3 name=chip.run.runner_run.device_wall.sched ts=12462 dur=1286865 clk=dev
[mono_ns=182514757166368][T0x73695a0d7740][TIMING] emit_host_span: [STRACE] v=1 pid=460626 tid=460626 inv=82 hid=1b9a2b8de39e9724 depth=1 name=chip.run.claim_release ts=182514757165747 dur=70
[mono_ns=182514757172828][T0x73695a0d7740][TIMING] emit_host_span: [STRACE] v=1 pid=460626 tid=460626 inv=82 hid=1b9a2b8de39e9724 depth=0 name=chip.run ts=182514652021154 dur=105150943 run_id=0 dispatch_id=0 slot_id=0 generation=82 run_epoch=82
[mono_ns=182514825992821][T0x73695a0d7740][TIMING] emit_host_span: [STRACE] v=1 pid=460626 tid=460626 inv=83 hid=1b9a2b8de39e9724 depth=2 name=chip.run.bind.args ts=182514758529554 dur=67460463
[mono_ns=182514826010608][T0x73695a0d7740][TIMING] emit_host_span: [STRACE] v=1 pid=460626 tid=460626 inv=83 hid=1b9a2b8de39e9724 depth=2 name=chip.run.bind.prebuilt ts=182514826008224 dur=1723
[mono_ns=182514826013122][T0x73695a0d7740][TIMING] emit_host_span: [STRACE] v=1 pid=460626 tid=460626 inv=83 hid=1b9a2b8de39e9724 depth=1 name=chip.run.bind ts=182514758525148 dur=67486922
[mono_ns=182514830994128][T0x73695a0d7740][WARN] prepare_execution: [device_runner.cpp:343] AICPU CPU_TOPO unavailable; using json_fallback: soc=Ascend950PR_9579 occupy=0x3e stable_reachable=5 requested=0 effective=5 affinity=[1, 2, 3, 4, 5(orch)]
[mono_ns=182514832506197][T0x73695a0d7740][TIMING] emit_host_span: [STRACE] v=1 pid=460626 tid=460626 inv=83 hid=1b9a2b8de39e9724 depth=1 name=chip.run.runner_run ts=182514831041649 dur=1463557
[mono_ns=182514863076671][T0x73695a0d7740][TIMING] emit_host_span: [STRACE] v=1 pid=460626 tid=460626 inv=83 hid=1b9a2b8de39e9724 depth=1 name=chip.run.validate ts=182514832508871 dur=30566248
[mono_ns=182514863079986][T0x73695a0d7740][TIMING] emit_host_span: [STRACE] v=1 pid=460626 tid=460626 inv=83 hid=1b9a2b8de39e9724 depth=2 name=chip.run.runner_run.device_wall ts=0 dur=1315665 clk=dev
[mono_ns=182514863081358][T0x73695a0d7740][TIMING] emit_host_span: [STRACE] v=1 pid=460626 tid=460626 inv=83 hid=1b9a2b8de39e9724 depth=3 name=chip.run.runner_run.device_wall.preamble ts=0 dur=12401 clk=dev
[mono_ns=182514863082630][T0x73695a0d7740][TIMING] emit_host_span: [STRACE] v=1 pid=460626 tid=460626 inv=83 hid=1b9a2b8de39e9724 depth=3 name=chip.run.runner_run.device_wall.graph_build ts=2937 dur=1308351 clk=dev
[mono_ns=182514863083651][T0x73695a0d7740][TIMING] emit_host_span: [STRACE] v=1 pid=460626 tid=460626 inv=83 hid=1b9a2b8de39e9724 depth=3 name=chip.run.runner_run.device_wall.config_validate ts=3453 dur=1496 clk=dev
[mono_ns=182514863084653][T0x73695a0d7740][TIMING] emit_host_span: [STRACE] v=1 pid=460626 tid=460626 inv=83 hid=1b9a2b8de39e9724 depth=3 name=chip.run.runner_run.device_wall.arena_wire ts=5017 dur=3120 clk=dev
[mono_ns=182514863085624][T0x73695a0d7740][TIMING] emit_host_span: [STRACE] v=1 pid=460626 tid=460626 inv=83 hid=1b9a2b8de39e9724 depth=3 name=chip.run.runner_run.device_wall.sm_reset ts=8157 dur=4048 clk=dev
[mono_ns=182514863086646][T0x73695a0d7740][TIMING] emit_host_span: [STRACE] v=1 pid=460626 tid=460626 inv=83 hid=1b9a2b8de39e9724 depth=3 name=chip.run.runner_run.device_wall.post_orch ts=1311317 dur=3643 clk=dev
[mono_ns=182514863087647][T0x73695a0d7740][TIMING] emit_host_span: [STRACE] v=1 pid=460626 tid=460626 inv=83 hid=1b9a2b8de39e9724 depth=3 name=chip.run.runner_run.device_wall.orch ts=12466 dur=1278824 clk=dev
[mono_ns=182514863088639][T0x73695a0d7740][TIMING] emit_host_span: [STRACE] v=1 pid=460626 tid=460626 inv=83 hid=1b9a2b8de39e9724 depth=3 name=chip.run.runner_run.device_wall.sched ts=12847 dur=1282605 clk=dev
[mono_ns=182514863090011][T0x73695a0d7740][TIMING] emit_host_span: [STRACE] v=1 pid=460626 tid=460626 inv=83 hid=1b9a2b8de39e9724 depth=1 name=chip.run.claim_release ts=182514863089380 dur=80
[mono_ns=182514863091613][T0x73695a0d7740][TIMING] emit_host_span: [STRACE] v=1 pid=460626 tid=460626 inv=83 hid=1b9a2b8de39e9724 depth=0 name=chip.run ts=182514758519229 dur=104571753 run_id=0 dispatch_id=0 slot_id=0 generation=83 run_epoch=83
[mono_ns=182514930012526][T0x73695a0d7740][TIMING] emit_host_span: [STRACE] v=1 pid=460626 tid=460626 inv=84 hid=1b9a2b8de39e9724 depth=2 name=chip.run.bind.args ts=182514864556132 dur=65453680
[mono_ns=182514930024494][T0x73695a0d7740][TIMING] emit_host_span: [STRACE] v=1 pid=460626 tid=460626 inv=84 hid=1b9a2b8de39e9724 depth=2 name=chip.run.bind.prebuilt ts=182514930021910 dur=1923
[mono_ns=182514930031194][T0x73695a0d7740][TIMING] emit_host_span: [STRACE] v=1 pid=460626 tid=460626 inv=84 hid=1b9a2b8de39e9724 depth=1 name=chip.run.bind ts=182514864552075 dur=65478208
[mono_ns=182514934983197][T0x73695a0d7740][WARN] prepare_execution: [device_runner.cpp:343] AICPU CPU_TOPO unavailable; using json_fallback: soc=Ascend950PR_9579 occupy=0x3e stable_reachable=5 requested=0 effective=5 affinity=[1, 2, 3, 4, 5(orch)]
[mono_ns=182514936501396][T0x73695a0d7740][TIMING] emit_host_span: [STRACE] v=1 pid=460626 tid=460626 inv=84 hid=1b9a2b8de39e9724 depth=1 name=chip.run.runner_run ts=182514935038139 dur=1462355
[mono_ns=182514966819130][T0x73695a0d7740][TIMING] emit_host_span: [STRACE] v=1 pid=460626 tid=460626 inv=84 hid=1b9a2b8de39e9724 depth=1 name=chip.run.validate ts=182514936504160 dur=30313237
[mono_ns=182514966824128][T0x73695a0d7740][TIMING] emit_host_span: [STRACE] v=1 pid=460626 tid=460626 inv=84 hid=1b9a2b8de39e9724 depth=2 name=chip.run.runner_run.device_wall ts=0 dur=1319880 clk=dev
[mono_ns=182514966825339][T0x73695a0d7740][TIMING] emit_host_span: [STRACE] v=1 pid=460626 tid=460626 inv=84 hid=1b9a2b8de39e9724 depth=3 name=chip.run.runner_run.device_wall.preamble ts=0 dur=13495 clk=dev
[mono_ns=182514966826511][T0x73695a0d7740][TIMING] emit_host_span: [STRACE] v=1 pid=460626 tid=460626 inv=84 hid=1b9a2b8de39e9724 depth=3 name=chip.run.runner_run.device_wall.graph_build ts=2717 dur=1312471 clk=dev
[mono_ns=182514966827553][T0x73695a0d7740][TIMING] emit_host_span: [STRACE] v=1 pid=460626 tid=460626 inv=84 hid=1b9a2b8de39e9724 depth=3 name=chip.run.runner_run.device_wall.config_validate ts=3044 dur=1293 clk=dev
[mono_ns=182514966828554][T0x73695a0d7740][TIMING] emit_host_span: [STRACE] v=1 pid=460626 tid=460626 inv=84 hid=1b9a2b8de39e9724 depth=3 name=chip.run.runner_run.device_wall.arena_wire ts=4354 dur=3122 clk=dev
[mono_ns=182514966829556][T0x73695a0d7740][TIMING] emit_host_span: [STRACE] v=1 pid=460626 tid=460626 inv=84 hid=1b9a2b8de39e9724 depth=3 name=chip.run.runner_run.device_wall.sm_reset ts=7497 dur=3614 clk=dev
[mono_ns=182514966830577][T0x73695a0d7740][TIMING] emit_host_span: [STRACE] v=1 pid=460626 tid=460626 inv=84 hid=1b9a2b8de39e9724 depth=3 name=chip.run.runner_run.device_wall.post_orch ts=1315217 dur=3955 clk=dev
[mono_ns=182514966831569][T0x73695a0d7740][TIMING] emit_host_span: [STRACE] v=1 pid=460626 tid=460626 inv=84 hid=1b9a2b8de39e9724 depth=3 name=chip.run.runner_run.device_wall.orch ts=11300 dur=1285341 clk=dev
[mono_ns=182514966832570][T0x73695a0d7740][TIMING] emit_host_span: [STRACE] v=1 pid=460626 tid=460626 inv=84 hid=1b9a2b8de39e9724 depth=3 name=chip.run.runner_run.device_wall.sched ts=13209 dur=1286140 clk=dev
[mono_ns=182514966833842][T0x73695a0d7740][TIMING] emit_host_span: [STRACE] v=1 pid=460626 tid=460626 inv=84 hid=1b9a2b8de39e9724 depth=1 name=chip.run.claim_release ts=182514966833271 dur=60
[mono_ns=182514966835304][T0x73695a0d7740][TIMING] emit_host_span: [STRACE] v=1 pid=460626 tid=460626 inv=84 hid=1b9a2b8de39e9724 depth=0 name=chip.run ts=182514864547258 dur=102287395 run_id=0 dispatch_id=0 slot_id=0 generation=84 run_epoch=84
[mono_ns=182515033923218][T0x73695a0d7740][TIMING] emit_host_span: [STRACE] v=1 pid=460626 tid=460626 inv=85 hid=1b9a2b8de39e9724 depth=2 name=chip.run.bind.args ts=182514968183748 dur=65736826
[mono_ns=182515033932722][T0x73695a0d7740][TIMING] emit_host_span: [STRACE] v=1 pid=460626 tid=460626 inv=85 hid=1b9a2b8de39e9724 depth=2 name=chip.run.bind.prebuilt ts=182515033930369 dur=1642
[mono_ns=182515033934395][T0x73695a0d7740][TIMING] emit_host_span: [STRACE] v=1 pid=460626 tid=460626 inv=85 hid=1b9a2b8de39e9724 depth=1 name=chip.run.bind ts=182514968178941 dur=65754552
[mono_ns=182515038959677][T0x73695a0d7740][WARN] prepare_execution: [device_runner.cpp:343] AICPU CPU_TOPO unavailable; using json_fallback: soc=Ascend950PR_9579 occupy=0x3e stable_reachable=5 requested=0 effective=5 affinity=[1, 2, 3, 4, 5(orch)]
[mono_ns=182515040517125][T0x73695a0d7740][TIMING] emit_host_span: [STRACE] v=1 pid=460626 tid=460626 inv=85 hid=1b9a2b8de39e9724 depth=1 name=chip.run.runner_run ts=182515039042762 dur=1473532
[mono_ns=182515068840526][T0x73695a0d7740][TIMING] emit_host_span: [STRACE] v=1 pid=460626 tid=460626 inv=85 hid=1b9a2b8de39e9724 depth=1 name=chip.run.validate ts=182515040520320 dur=28318664
[mono_ns=182515068844632][T0x73695a0d7740][TIMING] emit_host_span: [STRACE] v=1 pid=460626 tid=460626 inv=85 hid=1b9a2b8de39e9724 depth=2 name=chip.run.runner_run.device_wall ts=0 dur=1325899 clk=dev
[mono_ns=182515068845914][T0x73695a0d7740][TIMING] emit_host_span: [STRACE] v=1 pid=460626 tid=460626 inv=85 hid=1b9a2b8de39e9724 depth=3 name=chip.run.runner_run.device_wall.preamble ts=0 dur=12302 clk=dev
[mono_ns=182515068847006][T0x73695a0d7740][TIMING] emit_host_span: [STRACE] v=1 pid=460626 tid=460626 inv=85 hid=1b9a2b8de39e9724 depth=3 name=chip.run.runner_run.device_wall.graph_build ts=2638 dur=1319092 clk=dev
[mono_ns=182515068848017][T0x73695a0d7740][TIMING] emit_host_span: [STRACE] v=1 pid=460626 tid=460626 inv=85 hid=1b9a2b8de39e9724 depth=3 name=chip.run.runner_run.device_wall.config_validate ts=2979 dur=1511 clk=dev
[mono_ns=182515068849029][T0x73695a0d7740][TIMING] emit_host_span: [STRACE] v=1 pid=460626 tid=460626 inv=85 hid=1b9a2b8de39e9724 depth=3 name=chip.run.runner_run.device_wall.arena_wire ts=4509 dur=3251 clk=dev
[mono_ns=182515068850030][T0x73695a0d7740][TIMING] emit_host_span: [STRACE] v=1 pid=460626 tid=460626 inv=85 hid=1b9a2b8de39e9724 depth=3 name=chip.run.runner_run.device_wall.sm_reset ts=7975 dur=4789 clk=dev
[mono_ns=182515068851082][T0x73695a0d7740][TIMING] emit_host_span: [STRACE] v=1 pid=460626 tid=460626 inv=85 hid=1b9a2b8de39e9724 depth=3 name=chip.run.runner_run.device_wall.post_orch ts=1321760 dur=3861 clk=dev
[mono_ns=182515068852103][T0x73695a0d7740][TIMING] emit_host_span: [STRACE] v=1 pid=460626 tid=460626 inv=85 hid=1b9a2b8de39e9724 depth=3 name=chip.run.runner_run.device_wall.orch ts=12789 dur=1288040 clk=dev
[mono_ns=182515068853105][T0x73695a0d7740][TIMING] emit_host_span: [STRACE] v=1 pid=460626 tid=460626 inv=85 hid=1b9a2b8de39e9724 depth=3 name=chip.run.runner_run.device_wall.sched ts=13443 dur=1292465 clk=dev
[mono_ns=182515068854407][T0x73695a0d7740][TIMING] emit_host_span: [STRACE] v=1 pid=460626 tid=460626 inv=85 hid=1b9a2b8de39e9724 depth=1 name=chip.run.claim_release ts=182515068853766 dur=70
[mono_ns=182515068856360][T0x73695a0d7740][TIMING] emit_host_span: [STRACE] v=1 pid=460626 tid=460626 inv=85 hid=1b9a2b8de39e9724 depth=0 name=chip.run ts=182514968173523 dur=100682196 run_id=0 dispatch_id=0 slot_id=0 generation=85 run_epoch=85
[mono_ns=182515138217655][T0x73695a0d7740][TIMING] emit_host_span: [STRACE] v=1 pid=460626 tid=460626 inv=86 hid=1b9a2b8de39e9724 depth=2 name=chip.run.bind.args ts=182515070228679 dur=67986332
[mono_ns=182515138229653][T0x73695a0d7740][TIMING] emit_host_span: [STRACE] v=1 pid=460626 tid=460626 inv=86 hid=1b9a2b8de39e9724 depth=2 name=chip.run.bind.prebuilt ts=182515138226899 dur=1923
[mono_ns=182515138231506][T0x73695a0d7740][TIMING] emit_host_span: [STRACE] v=1 pid=460626 tid=460626 inv=86 hid=1b9a2b8de39e9724 depth=1 name=chip.run.bind ts=182515070222921 dur=68007443
[mono_ns=182515143212262][T0x73695a0d7740][WARN] prepare_execution: [device_runner.cpp:343] AICPU CPU_TOPO unavailable; using json_fallback: soc=Ascend950PR_9579 occupy=0x3e stable_reachable=5 requested=0 effective=5 affinity=[1, 2, 3, 4, 5(orch)]
[mono_ns=182515144748397][T0x73695a0d7740][TIMING] emit_host_span: [STRACE] v=1 pid=460626 tid=460626 inv=86 hid=1b9a2b8de39e9724 depth=1 name=chip.run.runner_run ts=182515143268016 dur=1479370
[mono_ns=182515174886452][T0x73695a0d7740][TIMING] emit_host_span: [STRACE] v=1 pid=460626 tid=460626 inv=86 hid=1b9a2b8de39e9724 depth=1 name=chip.run.validate ts=182515144751793 dur=30132907
[mono_ns=182515174890528][T0x73695a0d7740][TIMING] emit_host_span: [STRACE] v=1 pid=460626 tid=460626 inv=86 hid=1b9a2b8de39e9724 depth=2 name=chip.run.runner_run.device_wall ts=0 dur=1305518 clk=dev
[mono_ns=182515174896748][T0x73695a0d7740][TIMING] emit_host_span: [STRACE] v=1 pid=460626 tid=460626 inv=86 hid=1b9a2b8de39e9724 depth=3 name=chip.run.runner_run.device_wall.preamble ts=0 dur=13043 clk=dev
[mono_ns=182515174897799][T0x73695a0d7740][TIMING] emit_host_span: [STRACE] v=1 pid=460626 tid=460626 inv=86 hid=1b9a2b8de39e9724 depth=3 name=chip.run.runner_run.device_wall.graph_build ts=4032 dur=1296191 clk=dev
[mono_ns=182515174898801][T0x73695a0d7740][TIMING] emit_host_span: [STRACE] v=1 pid=460626 tid=460626 inv=86 hid=1b9a2b8de39e9724 depth=3 name=chip.run.runner_run.device_wall.config_validate ts=4749 dur=1335 clk=dev
[mono_ns=182515174899792][T0x73695a0d7740][TIMING] emit_host_span: [STRACE] v=1 pid=460626 tid=460626 inv=86 hid=1b9a2b8de39e9724 depth=3 name=chip.run.runner_run.device_wall.arena_wire ts=6276 dur=3480 clk=dev
[mono_ns=182515174900784][T0x73695a0d7740][TIMING] emit_host_span: [STRACE] v=1 pid=460626 tid=460626 inv=86 hid=1b9a2b8de39e9724 depth=3 name=chip.run.runner_run.device_wall.sm_reset ts=9774 dur=4335 clk=dev
[mono_ns=182515174901825][T0x73695a0d7740][TIMING] emit_host_span: [STRACE] v=1 pid=460626 tid=460626 inv=86 hid=1b9a2b8de39e9724 depth=3 name=chip.run.runner_run.device_wall.post_orch ts=1300248 dur=4357 clk=dev
[mono_ns=182515174902837][T0x73695a0d7740][TIMING] emit_host_span: [STRACE] v=1 pid=460626 tid=460626 inv=86 hid=1b9a2b8de39e9724 depth=3 name=chip.run.runner_run.device_wall.orch ts=14132 dur=1268173 clk=dev
[mono_ns=182515174903838][T0x73695a0d7740][TIMING] emit_host_span: [STRACE] v=1 pid=460626 tid=460626 inv=86 hid=1b9a2b8de39e9724 depth=3 name=chip.run.runner_run.device_wall.sched ts=14807 dur=1269395 clk=dev
[mono_ns=182515174905130][T0x73695a0d7740][TIMING] emit_host_span: [STRACE] v=1 pid=460626 tid=460626 inv=86 hid=1b9a2b8de39e9724 depth=1 name=chip.run.claim_release ts=182515174904489 dur=80
[mono_ns=182515174906963][T0x73695a0d7740][TIMING] emit_host_span: [STRACE] v=1 pid=460626 tid=460626 inv=86 hid=1b9a2b8de39e9724 depth=0 name=chip.run ts=182515070216511 dur=104689801 run_id=0 dispatch_id=0 slot_id=0 generation=86 run_epoch=86
[mono_ns=182515244279025][T0x73695a0d7740][TIMING] emit_host_span: [STRACE] v=1 pid=460626 tid=460626 inv=87 hid=1b9a2b8de39e9724 depth=2 name=chip.run.bind.args ts=182515176297590 dur=67978511
[mono_ns=182515244292305][T0x73695a0d7740][TIMING] emit_host_span: [STRACE] v=1 pid=460626 tid=460626 inv=87 hid=1b9a2b8de39e9724 depth=2 name=chip.run.bind.prebuilt ts=182515244289831 dur=1733
[mono_ns=182515244294478][T0x73695a0d7740][TIMING] emit_host_span: [STRACE] v=1 pid=460626 tid=460626 inv=87 hid=1b9a2b8de39e9724 depth=1 name=chip.run.bind ts=182515176292222 dur=68000904
[mono_ns=182515249288954][T0x73695a0d7740][WARN] prepare_execution: [device_runner.cpp:343] AICPU CPU_TOPO unavailable; using json_fallback: soc=Ascend950PR_9579 occupy=0x3e stable_reachable=5 requested=0 effective=5 affinity=[1, 2, 3, 4, 5(orch)]
[mono_ns=182515250820693][T0x73695a0d7740][TIMING] emit_host_span: [STRACE] v=1 pid=460626 tid=460626 inv=87 hid=1b9a2b8de39e9724 depth=1 name=chip.run.runner_run ts=182515249342134 dur=1477608
[mono_ns=182515283047714][T0x73695a0d7740][TIMING] emit_host_span: [STRACE] v=1 pid=460626 tid=460626 inv=87 hid=1b9a2b8de39e9724 depth=1 name=chip.run.validate ts=182515250824629 dur=32221723
[mono_ns=182515283052831][T0x73695a0d7740][TIMING] emit_host_span: [STRACE] v=1 pid=460626 tid=460626 inv=87 hid=1b9a2b8de39e9724 depth=2 name=chip.run.runner_run.device_wall ts=0 dur=1302813 clk=dev
[mono_ns=182515283054133][T0x73695a0d7740][TIMING] emit_host_span: [STRACE] v=1 pid=460626 tid=460626 inv=87 hid=1b9a2b8de39e9724 depth=3 name=chip.run.runner_run.device_wall.preamble ts=0 dur=13949 clk=dev
[mono_ns=182515283055295][T0x73695a0d7740][TIMING] emit_host_span: [STRACE] v=1 pid=460626 tid=460626 inv=87 hid=1b9a2b8de39e9724 depth=3 name=chip.run.runner_run.device_wall.graph_build ts=4869 dur=1293314 clk=dev
[mono_ns=182515283056307][T0x73695a0d7740][TIMING] emit_host_span: [STRACE] v=1 pid=460626 tid=460626 inv=87 hid=1b9a2b8de39e9724 depth=3 name=chip.run.runner_run.device_wall.config_validate ts=5096 dur=1345 clk=dev
[mono_ns=182515283061324][T0x73695a0d7740][TIMING] emit_host_span: [STRACE] v=1 pid=460626 tid=460626 inv=87 hid=1b9a2b8de39e9724 depth=3 name=chip.run.runner_run.device_wall.arena_wire ts=6642 dur=2874 clk=dev
[mono_ns=182515283062326][T0x73695a0d7740][TIMING] emit_host_span: [STRACE] v=1 pid=460626 tid=460626 inv=87 hid=1b9a2b8de39e9724 depth=3 name=chip.run.runner_run.device_wall.sm_reset ts=9535 dur=3855 clk=dev
[mono_ns=182515283063437][T0x73695a0d7740][TIMING] emit_host_span: [STRACE] v=1 pid=460626 tid=460626 inv=87 hid=1b9a2b8de39e9724 depth=3 name=chip.run.runner_run.device_wall.post_orch ts=1298201 dur=3968 clk=dev
[mono_ns=182515283064519][T0x73695a0d7740][TIMING] emit_host_span: [STRACE] v=1 pid=460626 tid=460626 inv=87 hid=1b9a2b8de39e9724 depth=3 name=chip.run.runner_run.device_wall.orch ts=13457 dur=1266020 clk=dev
[mono_ns=182515283065500][T0x73695a0d7740][TIMING] emit_host_span: [STRACE] v=1 pid=460626 tid=460626 inv=87 hid=1b9a2b8de39e9724 depth=3 name=chip.run.runner_run.device_wall.sched ts=14409 dur=1268057 clk=dev
[mono_ns=182515283067143][T0x73695a0d7740][TIMING] emit_host_span: [STRACE] v=1 pid=460626 tid=460626 inv=87 hid=1b9a2b8de39e9724 depth=1 name=chip.run.claim_release ts=182515283066402 dur=170
[mono_ns=182515283068996][T0x73695a0d7740][TIMING] emit_host_span: [STRACE] v=1 pid=460626 tid=460626 inv=87 hid=1b9a2b8de39e9724 depth=0 name=chip.run ts=182515176285753 dur=106782612 run_id=0 dispatch_id=0 slot_id=0 generation=87 run_epoch=87
[mono_ns=182515348591980][T0x73695a0d7740][TIMING] emit_host_span: [STRACE] v=1 pid=460626 tid=460626 inv=88 hid=1b9a2b8de39e9724 depth=2 name=chip.run.bind.args ts=182515284452522 dur=64135482
[mono_ns=182515348606582][T0x73695a0d7740][TIMING] emit_host_span: [STRACE] v=1 pid=460626 tid=460626 inv=88 hid=1b9a2b8de39e9724 depth=2 name=chip.run.bind.prebuilt ts=182515348603327 dur=2564
[mono_ns=182515348608936][T0x73695a0d7740][TIMING] emit_host_span: [STRACE] v=1 pid=460626 tid=460626 inv=88 hid=1b9a2b8de39e9724 depth=1 name=chip.run.bind ts=182515284447765 dur=64159719
[mono_ns=182515353605896][T0x73695a0d7740][WARN] prepare_execution: [device_runner.cpp:343] AICPU CPU_TOPO unavailable; using json_fallback: soc=Ascend950PR_9579 occupy=0x3e stable_reachable=5 requested=0 effective=5 affinity=[1, 2, 3, 4, 5(orch)]
[mono_ns=182515355172757][T0x73695a0d7740][TIMING] emit_host_span: [STRACE] v=1 pid=460626 tid=460626 inv=88 hid=1b9a2b8de39e9724 depth=1 name=chip.run.runner_run ts=182515353663142 dur=1508584
[mono_ns=182515393092953][T0x73695a0d7740][TIMING] emit_host_span: [STRACE] v=1 pid=460626 tid=460626 inv=88 hid=1b9a2b8de39e9724 depth=1 name=chip.run.validate ts=182515355175902 dur=37914276
[mono_ns=182515393101395][T0x73695a0d7740][TIMING] emit_host_span: [STRACE] v=1 pid=460626 tid=460626 inv=88 hid=1b9a2b8de39e9724 depth=2 name=chip.run.runner_run.device_wall ts=0 dur=1345017 clk=dev
[mono_ns=182515393102647][T0x73695a0d7740][TIMING] emit_host_span: [STRACE] v=1 pid=460626 tid=460626 inv=88 hid=1b9a2b8de39e9724 depth=3 name=chip.run.runner_run.device_wall.preamble ts=0 dur=12219 clk=dev
[mono_ns=182515393103799][T0x73695a0d7740][TIMING] emit_host_span: [STRACE] v=1 pid=460626 tid=460626 inv=88 hid=1b9a2b8de39e9724 depth=3 name=chip.run.runner_run.device_wall.graph_build ts=2531 dur=1337869 clk=dev
[mono_ns=182515393104810][T0x73695a0d7740][TIMING] emit_host_span: [STRACE] v=1 pid=460626 tid=460626 inv=88 hid=1b9a2b8de39e9724 depth=3 name=chip.run.runner_run.device_wall.config_validate ts=2877 dur=1505 clk=dev
[mono_ns=182515393105802][T0x73695a0d7740][TIMING] emit_host_span: [STRACE] v=1 pid=460626 tid=460626 inv=88 hid=1b9a2b8de39e9724 depth=3 name=chip.run.runner_run.device_wall.arena_wire ts=4444 dur=2550 clk=dev
[mono_ns=182515393106793][T0x73695a0d7740][TIMING] emit_host_span: [STRACE] v=1 pid=460626 tid=460626 inv=88 hid=1b9a2b8de39e9724 depth=3 name=chip.run.runner_run.device_wall.sm_reset ts=7116 dur=4543 clk=dev
[mono_ns=182515393123048][T0x73695a0d7740][TIMING] emit_host_span: [STRACE] v=1 pid=460626 tid=460626 inv=88 hid=1b9a2b8de39e9724 depth=3 name=chip.run.runner_run.device_wall.post_orch ts=1340425 dur=4404 clk=dev
[mono_ns=182515393124079][T0x73695a0d7740][TIMING] emit_host_span: [STRACE] v=1 pid=460626 tid=460626 inv=88 hid=1b9a2b8de39e9724 depth=3 name=chip.run.runner_run.device_wall.orch ts=11995 dur=1310938 clk=dev
[mono_ns=182515393125091][T0x73695a0d7740][TIMING] emit_host_span: [STRACE] v=1 pid=460626 tid=460626 inv=88 hid=1b9a2b8de39e9724 depth=3 name=chip.run.runner_run.device_wall.sched ts=12484 dur=1312148 clk=dev
[mono_ns=182515393127104][T0x73695a0d7740][TIMING] emit_host_span: [STRACE] v=1 pid=460626 tid=460626 inv=88 hid=1b9a2b8de39e9724 depth=1 name=chip.run.claim_release ts=182515393126343 dur=230
[mono_ns=182515393129287][T0x73695a0d7740][TIMING] emit_host_span: [STRACE] v=1 pid=460626 tid=460626 inv=88 hid=1b9a2b8de39e9724 depth=0 name=chip.run ts=182515284441626 dur=108686780 run_id=0 dispatch_id=0 slot_id=0 generation=88 run_epoch=88
[mono_ns=182515470062067][T0x73695a0d7740][TIMING] emit_host_span: [STRACE] v=1 pid=460626 tid=460626 inv=89 hid=1b9a2b8de39e9724 depth=2 name=chip.run.bind.args ts=182515403118981 dur=66939310
[mono_ns=182515470078201][T0x73695a0d7740][TIMING] emit_host_span: [STRACE] v=1 pid=460626 tid=460626 inv=89 hid=1b9a2b8de39e9724 depth=2 name=chip.run.bind.prebuilt ts=182515470074656 dur=2694
[mono_ns=182515470080425][T0x73695a0d7740][TIMING] emit_host_span: [STRACE] v=1 pid=460626 tid=460626 inv=89 hid=1b9a2b8de39e9724 depth=1 name=chip.run.bind ts=182515403112942 dur=66966251
[mono_ns=182515475115782][T0x73695a0d7740][WARN] prepare_execution: [device_runner.cpp:343] AICPU CPU_TOPO unavailable; using json_fallback: soc=Ascend950PR_9579 occupy=0x3e stable_reachable=5 requested=0 effective=5 affinity=[1, 2, 3, 4, 5(orch)]
[mono_ns=182515476627762][T0x73695a0d7740][TIMING] emit_host_span: [STRACE] v=1 pid=460626 tid=460626 inv=89 hid=1b9a2b8de39e9724 depth=1 name=chip.run.runner_run ts=182515475163234 dur=1463566
[mono_ns=182515509673411][T0x73695a0d7740][TIMING] emit_host_span: [STRACE] v=1 pid=460626 tid=460626 inv=89 hid=1b9a2b8de39e9724 depth=1 name=chip.run.validate ts=182515476630466 dur=33041202
[mono_ns=182515509678428][T0x73695a0d7740][TIMING] emit_host_span: [STRACE] v=1 pid=460626 tid=460626 inv=89 hid=1b9a2b8de39e9724 depth=2 name=chip.run.runner_run.device_wall ts=0 dur=1294740 clk=dev
[mono_ns=182515509679790][T0x73695a0d7740][TIMING] emit_host_span: [STRACE] v=1 pid=460626 tid=460626 inv=89 hid=1b9a2b8de39e9724 depth=3 name=chip.run.runner_run.device_wall.preamble ts=0 dur=13183 clk=dev
[mono_ns=182515509680982][T0x73695a0d7740][TIMING] emit_host_span: [STRACE] v=1 pid=460626 tid=460626 inv=89 hid=1b9a2b8de39e9724 depth=3 name=chip.run.runner_run.device_wall.graph_build ts=3021 dur=1287563 clk=dev
[mono_ns=182515509682204][T0x73695a0d7740][TIMING] emit_host_span: [STRACE] v=1 pid=460626 tid=460626 inv=89 hid=1b9a2b8de39e9724 depth=3 name=chip.run.runner_run.device_wall.config_validate ts=3311 dur=1244 clk=dev
[mono_ns=182515509683185][T0x73695a0d7740][TIMING] emit_host_span: [STRACE] v=1 pid=460626 tid=460626 inv=89 hid=1b9a2b8de39e9724 depth=3 name=chip.run.runner_run.device_wall.arena_wire ts=4622 dur=3283 clk=dev
[mono_ns=182515509684177][T0x73695a0d7740][TIMING] emit_host_span: [STRACE] v=1 pid=460626 tid=460626 inv=89 hid=1b9a2b8de39e9724 depth=3 name=chip.run.runner_run.device_wall.sm_reset ts=7926 dur=4425 clk=dev
[mono_ns=182515509685288][T0x73695a0d7740][TIMING] emit_host_span: [STRACE] v=1 pid=460626 tid=460626 inv=89 hid=1b9a2b8de39e9724 depth=3 name=chip.run.runner_run.device_wall.post_orch ts=1290603 dur=3924 clk=dev
[mono_ns=182515509686310][T0x73695a0d7740][TIMING] emit_host_span: [STRACE] v=1 pid=460626 tid=460626 inv=89 hid=1b9a2b8de39e9724 depth=3 name=chip.run.runner_run.device_wall.orch ts=12621 dur=1258003 clk=dev
[mono_ns=182515509687331][T0x73695a0d7740][TIMING] emit_host_span: [STRACE] v=1 pid=460626 tid=460626 inv=89 hid=1b9a2b8de39e9724 depth=3 name=chip.run.runner_run.device_wall.sched ts=13129 dur=1261513 clk=dev
[mono_ns=182515509706019][T0x73695a0d7740][TIMING] emit_host_span: [STRACE] v=1 pid=460626 tid=460626 inv=89 hid=1b9a2b8de39e9724 depth=1 name=chip.run.claim_release ts=182515509705328 dur=101
[mono_ns=182515509708163][T0x73695a0d7740][TIMING] emit_host_span: [STRACE] v=1 pid=460626 tid=460626 inv=89 hid=1b9a2b8de39e9724 depth=0 name=chip.run ts=182515403102206 dur=106605316 run_id=0 dispatch_id=0 slot_id=0 generation=89 run_epoch=89
[mono_ns=182515579648387][T0x73695a0d7740][TIMING] emit_host_span: [STRACE] v=1 pid=460626 tid=460626 inv=90 hid=1b9a2b8de39e9724 depth=2 name=chip.run.bind.args ts=182515511220693 dur=68424940
[mono_ns=182515579659214][T0x73695a0d7740][TIMING] emit_host_span: [STRACE] v=1 pid=460626 tid=460626 inv=90 hid=1b9a2b8de39e9724 depth=2 name=chip.run.bind.prebuilt ts=182515579657070 dur=1443
[mono_ns=182515579660986][T0x73695a0d7740][TIMING] emit_host_span: [STRACE] v=1 pid=460626 tid=460626 inv=90 hid=1b9a2b8de39e9724 depth=1 name=chip.run.bind ts=182515511215225 dur=68444800
[mono_ns=182515584587280][T0x73695a0d7740][WARN] prepare_execution: [device_runner.cpp:343] AICPU CPU_TOPO unavailable; using json_fallback: soc=Ascend950PR_9579 occupy=0x3e stable_reachable=5 requested=0 effective=5 affinity=[1, 2, 3, 4, 5(orch)]
[mono_ns=182515586122034][T0x73695a0d7740][TIMING] emit_host_span: [STRACE] v=1 pid=460626 tid=460626 inv=90 hid=1b9a2b8de39e9724 depth=1 name=chip.run.runner_run ts=182515584623565 dur=1497527
[mono_ns=182515615127048][T0x73695a0d7740][TIMING] emit_host_span: [STRACE] v=1 pid=460626 tid=460626 inv=90 hid=1b9a2b8de39e9724 depth=1 name=chip.run.validate ts=182515586125028 dur=29000708
[mono_ns=182515615132136][T0x73695a0d7740][TIMING] emit_host_span: [STRACE] v=1 pid=460626 tid=460626 inv=90 hid=1b9a2b8de39e9724 depth=2 name=chip.run.runner_run.device_wall ts=0 dur=1350991 clk=dev
[mono_ns=182515615133407][T0x73695a0d7740][TIMING] emit_host_span: [STRACE] v=1 pid=460626 tid=460626 inv=90 hid=1b9a2b8de39e9724 depth=3 name=chip.run.runner_run.device_wall.preamble ts=0 dur=15554 clk=dev
[mono_ns=182515615134499][T0x73695a0d7740][TIMING] emit_host_span: [STRACE] v=1 pid=460626 tid=460626 inv=90 hid=1b9a2b8de39e9724 depth=3 name=chip.run.runner_run.device_wall.graph_build ts=5202 dur=1341396 clk=dev
[mono_ns=182515615135641][T0x73695a0d7740][TIMING] emit_host_span: [STRACE] v=1 pid=460626 tid=460626 inv=90 hid=1b9a2b8de39e9724 depth=3 name=chip.run.runner_run.device_wall.config_validate ts=5676 dur=1415 clk=dev
[mono_ns=182515615136642][T0x73695a0d7740][TIMING] emit_host_span: [STRACE] v=1 pid=460626 tid=460626 inv=90 hid=1b9a2b8de39e9724 depth=3 name=chip.run.runner_run.device_wall.arena_wire ts=7229 dur=3035 clk=dev
[mono_ns=182515615137654][T0x73695a0d7740][TIMING] emit_host_span: [STRACE] v=1 pid=460626 tid=460626 inv=90 hid=1b9a2b8de39e9724 depth=3 name=chip.run.runner_run.device_wall.sm_reset ts=10282 dur=4279 clk=dev
[mono_ns=182515615138675][T0x73695a0d7740][TIMING] emit_host_span: [STRACE] v=1 pid=460626 tid=460626 inv=90 hid=1b9a2b8de39e9724 depth=3 name=chip.run.runner_run.device_wall.post_orch ts=1346626 dur=3996 clk=dev
[mono_ns=182515615139667][T0x73695a0d7740][TIMING] emit_host_span: [STRACE] v=1 pid=460626 tid=460626 inv=90 hid=1b9a2b8de39e9724 depth=3 name=chip.run.runner_run.device_wall.orch ts=14900 dur=1312376 clk=dev
[mono_ns=182515615140648][T0x73695a0d7740][TIMING] emit_host_span: [STRACE] v=1 pid=460626 tid=460626 inv=90 hid=1b9a2b8de39e9724 depth=3 name=chip.run.runner_run.device_wall.sched ts=15824 dur=1316179 clk=dev
[mono_ns=182515615142191][T0x73695a0d7740][TIMING] emit_host_span: [STRACE] v=1 pid=460626 tid=460626 inv=90 hid=1b9a2b8de39e9724 depth=1 name=chip.run.claim_release ts=182515615141560 dur=100
[mono_ns=182515615143583][T0x73695a0d7740][TIMING] emit_host_span: [STRACE] v=1 pid=460626 tid=460626 inv=90 hid=1b9a2b8de39e9724 depth=0 name=chip.run ts=182515511208124 dur=103934858 run_id=0 dispatch_id=0 slot_id=0 generation=90 run_epoch=90
[mono_ns=182515684686531][T0x73695a0d7740][TIMING] emit_host_span: [STRACE] v=1 pid=460626 tid=460626 inv=91 hid=1b9a2b8de39e9724 depth=2 name=chip.run.bind.args ts=182515616548982 dur=68134484
[mono_ns=182515684696947][T0x73695a0d7740][TIMING] emit_host_span: [STRACE] v=1 pid=460626 tid=460626 inv=91 hid=1b9a2b8de39e9724 depth=2 name=chip.run.bind.prebuilt ts=182515684694413 dur=1893
[mono_ns=182515684698569][T0x73695a0d7740][TIMING] emit_host_span: [STRACE] v=1 pid=460626 tid=460626 inv=91 hid=1b9a2b8de39e9724 depth=1 name=chip.run.bind ts=182515616544796 dur=68152962
[mono_ns=182515689642800][T0x73695a0d7740][WARN] prepare_execution: [device_runner.cpp:343] AICPU CPU_TOPO unavailable; using json_fallback: soc=Ascend950PR_9579 occupy=0x3e stable_reachable=5 requested=0 effective=5 affinity=[1, 2, 3, 4, 5(orch)]
[mono_ns=182515691170193][T0x73695a0d7740][TIMING] emit_host_span: [STRACE] v=1 pid=460626 tid=460626 inv=91 hid=1b9a2b8de39e9724 depth=1 name=chip.run.runner_run ts=182515689682550 dur=1486651
[mono_ns=182515722943932][T0x73695a0d7740][TIMING] emit_host_span: [STRACE] v=1 pid=460626 tid=460626 inv=91 hid=1b9a2b8de39e9724 depth=1 name=chip.run.validate ts=182515691173047 dur=31769704
[mono_ns=182515722947908][T0x73695a0d7740][TIMING] emit_host_span: [STRACE] v=1 pid=460626 tid=460626 inv=91 hid=1b9a2b8de39e9724 depth=2 name=chip.run.runner_run.device_wall ts=0 dur=1349903 clk=dev
[mono_ns=182515722949300][T0x73695a0d7740][TIMING] emit_host_span: [STRACE] v=1 pid=460626 tid=460626 inv=91 hid=1b9a2b8de39e9724 depth=3 name=chip.run.runner_run.device_wall.preamble ts=0 dur=11296 clk=dev
[mono_ns=182515722950462][T0x73695a0d7740][TIMING] emit_host_span: [STRACE] v=1 pid=460626 tid=460626 inv=91 hid=1b9a2b8de39e9724 depth=3 name=chip.run.runner_run.device_wall.graph_build ts=2621 dur=1343349 clk=dev
[mono_ns=182515722951484][T0x73695a0d7740][TIMING] emit_host_span: [STRACE] v=1 pid=460626 tid=460626 inv=91 hid=1b9a2b8de39e9724 depth=3 name=chip.run.runner_run.device_wall.config_validate ts=2922 dur=1342 clk=dev
[mono_ns=182515722952475][T0x73695a0d7740][TIMING] emit_host_span: [STRACE] v=1 pid=460626 tid=460626 inv=91 hid=1b9a2b8de39e9724 depth=3 name=chip.run.runner_run.device_wall.arena_wire ts=4283 dur=3192 clk=dev
[mono_ns=182515722953457][T0x73695a0d7740][TIMING] emit_host_span: [STRACE] v=1 pid=460626 tid=460626 inv=91 hid=1b9a2b8de39e9724 depth=3 name=chip.run.runner_run.device_wall.sm_reset ts=7550 dur=4327 clk=dev
[mono_ns=182515722954468][T0x73695a0d7740][TIMING] emit_host_span: [STRACE] v=1 pid=460626 tid=460626 inv=91 hid=1b9a2b8de39e9724 depth=3 name=chip.run.runner_run.device_wall.post_orch ts=1345988 dur=3563 clk=dev
[mono_ns=182515722955470][T0x73695a0d7740][TIMING] emit_host_span: [STRACE] v=1 pid=460626 tid=460626 inv=91 hid=1b9a2b8de39e9724 depth=3 name=chip.run.runner_run.device_wall.orch ts=11943 dur=1313036 clk=dev
[mono_ns=182515722956471][T0x73695a0d7740][TIMING] emit_host_span: [STRACE] v=1 pid=460626 tid=460626 inv=91 hid=1b9a2b8de39e9724 depth=3 name=chip.run.runner_run.device_wall.sched ts=12587 dur=1317508 clk=dev
[mono_ns=182515722958064][T0x73695a0d7740][TIMING] emit_host_span: [STRACE] v=1 pid=460626 tid=460626 inv=91 hid=1b9a2b8de39e9724 depth=1 name=chip.run.claim_release ts=182515722957403 dur=90
[mono_ns=182515722959886][T0x73695a0d7740][TIMING] emit_host_span: [STRACE] v=1 pid=460626 tid=460626 inv=91 hid=1b9a2b8de39e9724 depth=0 name=chip.run ts=182515616538657 dur=106420618 run_id=0 dispatch_id=0 slot_id=0 generation=91 run_epoch=91
[mono_ns=182515790763274][T0x73695a0d7740][TIMING] emit_host_span: [STRACE] v=1 pid=460626 tid=460626 inv=92 hid=1b9a2b8de39e9724 depth=2 name=chip.run.bind.args ts=182515724324154 dur=66436546
[mono_ns=182515790773499][T0x73695a0d7740][TIMING] emit_host_span: [STRACE] v=1 pid=460626 tid=460626 inv=92 hid=1b9a2b8de39e9724 depth=2 name=chip.run.bind.prebuilt ts=182515790771236 dur=1582
[mono_ns=182515790775212][T0x73695a0d7740][TIMING] emit_host_span: [STRACE] v=1 pid=460626 tid=460626 inv=92 hid=1b9a2b8de39e9724 depth=1 name=chip.run.bind ts=182515724319557 dur=66454743
[mono_ns=182515795724961][T0x73695a0d7740][WARN] prepare_execution: [device_runner.cpp:343] AICPU CPU_TOPO unavailable; using json_fallback: soc=Ascend950PR_9579 occupy=0x3e stable_reachable=5 requested=0 effective=5 affinity=[1, 2, 3, 4, 5(orch)]
[mono_ns=182515797278062][T0x73695a0d7740][TIMING] emit_host_span: [STRACE] v=1 pid=460626 tid=460626 inv=92 hid=1b9a2b8de39e9724 depth=1 name=chip.run.runner_run ts=182515795778281 dur=1498739
[mono_ns=182515826193962][T0x73695a0d7740][TIMING] emit_host_span: [STRACE] v=1 pid=460626 tid=460626 inv=92 hid=1b9a2b8de39e9724 depth=1 name=chip.run.validate ts=182515797281217 dur=28911313
[mono_ns=182515826198810][T0x73695a0d7740][TIMING] emit_host_span: [STRACE] v=1 pid=460626 tid=460626 inv=92 hid=1b9a2b8de39e9724 depth=2 name=chip.run.runner_run.device_wall ts=0 dur=1365648 clk=dev
[mono_ns=182515826200182][T0x73695a0d7740][TIMING] emit_host_span: [STRACE] v=1 pid=460626 tid=460626 inv=92 hid=1b9a2b8de39e9724 depth=3 name=chip.run.runner_run.device_wall.preamble ts=0 dur=14036 clk=dev
[mono_ns=182515826201233][T0x73695a0d7740][TIMING] emit_host_span: [STRACE] v=1 pid=460626 tid=460626 inv=92 hid=1b9a2b8de39e9724 depth=3 name=chip.run.runner_run.device_wall.graph_build ts=4115 dur=1356879 clk=dev
[mono_ns=182515826202235][T0x73695a0d7740][TIMING] emit_host_span: [STRACE] v=1 pid=460626 tid=460626 inv=92 hid=1b9a2b8de39e9724 depth=3 name=chip.run.runner_run.device_wall.config_validate ts=4692 dur=1168 clk=dev
[mono_ns=182515826203226][T0x73695a0d7740][TIMING] emit_host_span: [STRACE] v=1 pid=460626 tid=460626 inv=92 hid=1b9a2b8de39e9724 depth=3 name=chip.run.runner_run.device_wall.arena_wire ts=6117 dur=2886 clk=dev
[mono_ns=182515826204248][T0x73695a0d7740][TIMING] emit_host_span: [STRACE] v=1 pid=460626 tid=460626 inv=92 hid=1b9a2b8de39e9724 depth=3 name=chip.run.runner_run.device_wall.sm_reset ts=9307 dur=4503 clk=dev
[mono_ns=182515826205369][T0x73695a0d7740][TIMING] emit_host_span: [STRACE] v=1 pid=460626 tid=460626 inv=92 hid=1b9a2b8de39e9724 depth=3 name=chip.run.runner_run.device_wall.post_orch ts=1361012 dur=4316 clk=dev
[mono_ns=182515826206351][T0x73695a0d7740][TIMING] emit_host_span: [STRACE] v=1 pid=460626 tid=460626 inv=92 hid=1b9a2b8de39e9724 depth=3 name=chip.run.runner_run.device_wall.orch ts=13839 dur=1324517 clk=dev
[mono_ns=182515826207322][T0x73695a0d7740][TIMING] emit_host_span: [STRACE] v=1 pid=460626 tid=460626 inv=92 hid=1b9a2b8de39e9724 depth=3 name=chip.run.runner_run.device_wall.sched ts=14532 dur=1330158 clk=dev
[mono_ns=182515826208755][T0x73695a0d7740][TIMING] emit_host_span: [STRACE] v=1 pid=460626 tid=460626 inv=92 hid=1b9a2b8de39e9724 depth=1 name=chip.run.claim_release ts=182515826208023 dur=181
[mono_ns=182515826210307][T0x73695a0d7740][TIMING] emit_host_span: [STRACE] v=1 pid=460626 tid=460626 inv=92 hid=1b9a2b8de39e9724 depth=0 name=chip.run ts=182515724313438 dur=101896308 run_id=0 dispatch_id=0 slot_id=0 generation=92 run_epoch=92
[mono_ns=182515896592244][T0x73695a0d7740][TIMING] emit_host_span: [STRACE] v=1 pid=460626 tid=460626 inv=93 hid=1b9a2b8de39e9724 depth=2 name=chip.run.bind.args ts=182515827590749 dur=68998691
[mono_ns=182515896603561][T0x73695a0d7740][TIMING] emit_host_span: [STRACE] v=1 pid=460626 tid=460626 inv=93 hid=1b9a2b8de39e9724 depth=2 name=chip.run.bind.prebuilt ts=182515896601308 dur=1582
[mono_ns=182515896605695][T0x73695a0d7740][TIMING] emit_host_span: [STRACE] v=1 pid=460626 tid=460626 inv=93 hid=1b9a2b8de39e9724 depth=1 name=chip.run.bind ts=182515827585511 dur=69019022
[mono_ns=182515901554412][T0x73695a0d7740][WARN] prepare_execution: [device_runner.cpp:343] AICPU CPU_TOPO unavailable; using json_fallback: soc=Ascend950PR_9579 occupy=0x3e stable_reachable=5 requested=0 effective=5 affinity=[1, 2, 3, 4, 5(orch)]
[mono_ns=182515903190157][T0x73695a0d7740][TIMING] emit_host_span: [STRACE] v=1 pid=460626 tid=460626 inv=93 hid=1b9a2b8de39e9724 depth=1 name=chip.run.runner_run ts=182515901607893 dur=1581233
[mono_ns=182515932488722][T0x73695a0d7740][TIMING] emit_host_span: [STRACE] v=1 pid=460626 tid=460626 inv=93 hid=1b9a2b8de39e9724 depth=1 name=chip.run.validate ts=182515903193623 dur=29293477
[mono_ns=182515932499689][T0x73695a0d7740][TIMING] emit_host_span: [STRACE] v=1 pid=460626 tid=460626 inv=93 hid=1b9a2b8de39e9724 depth=2 name=chip.run.runner_run.device_wall ts=0 dur=1394092 clk=dev
[mono_ns=182515932500981][T0x73695a0d7740][TIMING] emit_host_span: [STRACE] v=1 pid=460626 tid=460626 inv=93 hid=1b9a2b8de39e9724 depth=3 name=chip.run.runner_run.device_wall.preamble ts=0 dur=12602 clk=dev
[mono_ns=182515932502152][T0x73695a0d7740][TIMING] emit_host_span: [STRACE] v=1 pid=460626 tid=460626 inv=93 hid=1b9a2b8de39e9724 depth=3 name=chip.run.runner_run.device_wall.graph_build ts=2740 dur=1387071 clk=dev
[mono_ns=182515932503204][T0x73695a0d7740][TIMING] emit_host_span: [STRACE] v=1 pid=460626 tid=460626 inv=93 hid=1b9a2b8de39e9724 depth=3 name=chip.run.runner_run.device_wall.config_validate ts=3213 dur=1351 clk=dev
[mono_ns=182515932504205][T0x73695a0d7740][TIMING] emit_host_span: [STRACE] v=1 pid=460626 tid=460626 inv=93 hid=1b9a2b8de39e9724 depth=3 name=chip.run.runner_run.device_wall.arena_wire ts=4811 dur=2739 clk=dev
[mono_ns=182515932505187][T0x73695a0d7740][TIMING] emit_host_span: [STRACE] v=1 pid=460626 tid=460626 inv=93 hid=1b9a2b8de39e9724 depth=3 name=chip.run.runner_run.device_wall.sm_reset ts=7658 dur=4791 clk=dev
[mono_ns=182515932506198][T0x73695a0d7740][TIMING] emit_host_span: [STRACE] v=1 pid=460626 tid=460626 inv=93 hid=1b9a2b8de39e9724 depth=3 name=chip.run.runner_run.device_wall.post_orch ts=1389837 dur=3840 clk=dev
[mono_ns=182515932507190][T0x73695a0d7740][TIMING] emit_host_span: [STRACE] v=1 pid=460626 tid=460626 inv=93 hid=1b9a2b8de39e9724 depth=3 name=chip.run.runner_run.device_wall.orch ts=12520 dur=1356099 clk=dev
[mono_ns=182515932508191][T0x73695a0d7740][TIMING] emit_host_span: [STRACE] v=1 pid=460626 tid=460626 inv=93 hid=1b9a2b8de39e9724 depth=3 name=chip.run.runner_run.device_wall.sched ts=13093 dur=1361115 clk=dev
[mono_ns=182515932509584][T0x73695a0d7740][TIMING] emit_host_span: [STRACE] v=1 pid=460626 tid=460626 inv=93 hid=1b9a2b8de39e9724 depth=1 name=chip.run.claim_release ts=182515932508902 dur=101
[mono_ns=182515932511056][T0x73695a0d7740][TIMING] emit_host_span: [STRACE] v=1 pid=460626 tid=460626 inv=93 hid=1b9a2b8de39e9724 depth=0 name=chip.run ts=182515827578480 dur=104931955 run_id=0 dispatch_id=0 slot_id=0 generation=93 run_epoch=93
[mono_ns=182516002148856][T0x73695a0d7740][TIMING] emit_host_span: [STRACE] v=1 pid=460626 tid=460626 inv=94 hid=1b9a2b8de39e9724 depth=2 name=chip.run.bind.args ts=182515933865489 dur=68279712
[mono_ns=182516002162447][T0x73695a0d7740][TIMING] emit_host_span: [STRACE] v=1 pid=460626 tid=460626 inv=94 hid=1b9a2b8de39e9724 depth=2 name=chip.run.bind.prebuilt ts=182516002159603 dur=2113
[mono_ns=182516002164260][T0x73695a0d7740][TIMING] emit_host_span: [STRACE] v=1 pid=460626 tid=460626 inv=94 hid=1b9a2b8de39e9724 depth=1 name=chip.run.bind ts=182515933860261 dur=68303027
[mono_ns=182516007234950][T0x73695a0d7740][WARN] prepare_execution: [device_runner.cpp:343] AICPU CPU_TOPO unavailable; using json_fallback: soc=Ascend950PR_9579 occupy=0x3e stable_reachable=5 requested=0 effective=5 affinity=[1, 2, 3, 4, 5(orch)]
[mono_ns=182516008778527][T0x73695a0d7740][TIMING] emit_host_span: [STRACE] v=1 pid=460626 tid=460626 inv=94 hid=1b9a2b8de39e9724 depth=1 name=chip.run.runner_run ts=182516007290213 dur=1487383
[mono_ns=182516041332197][T0x73695a0d7740][TIMING] emit_host_span: [STRACE] v=1 pid=460626 tid=460626 inv=94 hid=1b9a2b8de39e9724 depth=1 name=chip.run.validate ts=182516008781782 dur=32548873
[mono_ns=182516041339038][T0x73695a0d7740][TIMING] emit_host_span: [STRACE] v=1 pid=460626 tid=460626 inv=94 hid=1b9a2b8de39e9724 depth=2 name=chip.run.runner_run.device_wall ts=0 dur=1324577 clk=dev
[mono_ns=182516041340260][T0x73695a0d7740][TIMING] emit_host_span: [STRACE] v=1 pid=460626 tid=460626 inv=94 hid=1b9a2b8de39e9724 depth=3 name=chip.run.runner_run.device_wall.preamble ts=0 dur=13642 clk=dev
[mono_ns=182516041349984][T0x73695a0d7740][TIMING] emit_host_span: [STRACE] v=1 pid=460626 tid=460626 inv=94 hid=1b9a2b8de39e9724 depth=3 name=chip.run.runner_run.device_wall.graph_build ts=4383 dur=1316235 clk=dev
[mono_ns=182516041351196][T0x73695a0d7740][TIMING] emit_host_span: [STRACE] v=1 pid=460626 tid=460626 inv=94 hid=1b9a2b8de39e9724 depth=3 name=chip.run.runner_run.device_wall.config_validate ts=4787 dur=1605 clk=dev
[mono_ns=182516041352197][T0x73695a0d7740][TIMING] emit_host_span: [STRACE] v=1 pid=460626 tid=460626 inv=94 hid=1b9a2b8de39e9724 depth=3 name=chip.run.runner_run.device_wall.arena_wire ts=6409 dur=2654 clk=dev
[mono_ns=182516041353189][T0x73695a0d7740][TIMING] emit_host_span: [STRACE] v=1 pid=460626 tid=460626 inv=94 hid=1b9a2b8de39e9724 depth=3 name=chip.run.runner_run.device_wall.sm_reset ts=9347 dur=5040 clk=dev
[mono_ns=182516041354271][T0x73695a0d7740][TIMING] emit_host_span: [STRACE] v=1 pid=460626 tid=460626 inv=94 hid=1b9a2b8de39e9724 depth=3 name=chip.run.runner_run.device_wall.post_orch ts=1320640 dur=3846 clk=dev
[mono_ns=182516041355272][T0x73695a0d7740][TIMING] emit_host_span: [STRACE] v=1 pid=460626 tid=460626 inv=94 hid=1b9a2b8de39e9724 depth=3 name=chip.run.runner_run.device_wall.orch ts=14493 dur=1285467 clk=dev
[mono_ns=182516041356254][T0x73695a0d7740][TIMING] emit_host_span: [STRACE] v=1 pid=460626 tid=460626 inv=94 hid=1b9a2b8de39e9724 depth=3 name=chip.run.runner_run.device_wall.sched ts=15031 dur=1289685 clk=dev
[mono_ns=182516041357616][T0x73695a0d7740][TIMING] emit_host_span: [STRACE] v=1 pid=460626 tid=460626 inv=94 hid=1b9a2b8de39e9724 depth=1 name=chip.run.claim_release ts=182516041356975 dur=100
[mono_ns=182516041359448][T0x73695a0d7740][TIMING] emit_host_span: [STRACE] v=1 pid=460626 tid=460626 inv=94 hid=1b9a2b8de39e9724 depth=0 name=chip.run ts=182515933853721 dur=107505167 run_id=0 dispatch_id=0 slot_id=0 generation=94 run_epoch=94
[mono_ns=182516108162354][T0x73695a0d7740][TIMING] emit_host_span: [STRACE] v=1 pid=460626 tid=460626 inv=95 hid=1b9a2b8de39e9724 depth=2 name=chip.run.bind.args ts=182516042716315 dur=65443155
[mono_ns=182516108176806][T0x73695a0d7740][TIMING] emit_host_span: [STRACE] v=1 pid=460626 tid=460626 inv=95 hid=1b9a2b8de39e9724 depth=2 name=chip.run.bind.prebuilt ts=182516108174292 dur=1793
[mono_ns=182516108179159][T0x73695a0d7740][TIMING] emit_host_span: [STRACE] v=1 pid=460626 tid=460626 inv=95 hid=1b9a2b8de39e9724 depth=1 name=chip.run.bind ts=182516042711067 dur=65466851
[mono_ns=182516113150301][T0x73695a0d7740][WARN] prepare_execution: [device_runner.cpp:343] AICPU CPU_TOPO unavailable; using json_fallback: soc=Ascend950PR_9579 occupy=0x3e stable_reachable=5 requested=0 effective=5 affinity=[1, 2, 3, 4, 5(orch)]
[mono_ns=182516114720588][T0x73695a0d7740][TIMING] emit_host_span: [STRACE] v=1 pid=460626 tid=460626 inv=95 hid=1b9a2b8de39e9724 depth=1 name=chip.run.runner_run ts=182516113208388 dur=1511208
[mono_ns=182516147641709][T0x73695a0d7740][TIMING] emit_host_span: [STRACE] v=1 pid=460626 tid=460626 inv=95 hid=1b9a2b8de39e9724 depth=1 name=chip.run.validate ts=182516114723262 dur=32916765
[mono_ns=182516147646196][T0x73695a0d7740][TIMING] emit_host_span: [STRACE] v=1 pid=460626 tid=460626 inv=95 hid=1b9a2b8de39e9724 depth=2 name=chip.run.runner_run.device_wall ts=0 dur=1332082 clk=dev
[mono_ns=182516147647708][T0x73695a0d7740][TIMING] emit_host_span: [STRACE] v=1 pid=460626 tid=460626 inv=95 hid=1b9a2b8de39e9724 depth=3 name=chip.run.runner_run.device_wall.preamble ts=0 dur=12057 clk=dev
[mono_ns=182516147648870][T0x73695a0d7740][TIMING] emit_host_span: [STRACE] v=1 pid=460626 tid=460626 inv=95 hid=1b9a2b8de39e9724 depth=3 name=chip.run.runner_run.device_wall.graph_build ts=2441 dur=1324898 clk=dev
[mono_ns=182516147649902][T0x73695a0d7740][TIMING] emit_host_span: [STRACE] v=1 pid=460626 tid=460626 inv=95 hid=1b9a2b8de39e9724 depth=3 name=chip.run.runner_run.device_wall.config_validate ts=3027 dur=1148 clk=dev
[mono_ns=182516147650893][T0x73695a0d7740][TIMING] emit_host_span: [STRACE] v=1 pid=460626 tid=460626 inv=95 hid=1b9a2b8de39e9724 depth=3 name=chip.run.runner_run.device_wall.arena_wire ts=4244 dur=2667 clk=dev
[mono_ns=182516147656261][T0x73695a0d7740][TIMING] emit_host_span: [STRACE] v=1 pid=460626 tid=460626 inv=95 hid=1b9a2b8de39e9724 depth=3 name=chip.run.runner_run.device_wall.sm_reset ts=6933 dur=3989 clk=dev
[mono_ns=182516147657293][T0x73695a0d7740][TIMING] emit_host_span: [STRACE] v=1 pid=460626 tid=460626 inv=95 hid=1b9a2b8de39e9724 depth=3 name=chip.run.runner_run.device_wall.post_orch ts=1327369 dur=4084 clk=dev
[mono_ns=182516147658294][T0x73695a0d7740][TIMING] emit_host_span: [STRACE] v=1 pid=460626 tid=460626 inv=95 hid=1b9a2b8de39e9724 depth=3 name=chip.run.runner_run.device_wall.orch ts=10944 dur=1295474 clk=dev
[mono_ns=182516147659296][T0x73695a0d7740][TIMING] emit_host_span: [STRACE] v=1 pid=460626 tid=460626 inv=95 hid=1b9a2b8de39e9724 depth=3 name=chip.run.runner_run.device_wall.sched ts=12476 dur=1298834 clk=dev
[mono_ns=182516147660898][T0x73695a0d7740][TIMING] emit_host_span: [STRACE] v=1 pid=460626 tid=460626 inv=95 hid=1b9a2b8de39e9724 depth=1 name=chip.run.claim_release ts=182516147660267 dur=90
[mono_ns=182516147662971][T0x73695a0d7740][TIMING] emit_host_span: [STRACE] v=1 pid=460626 tid=460626 inv=95 hid=1b9a2b8de39e9724 depth=0 name=chip.run ts=182516042704637 dur=104957733 run_id=0 dispatch_id=0 slot_id=0 generation=95 run_epoch=95
[mono_ns=182516215062723][T0x73695a0d7740][TIMING] emit_host_span: [STRACE] v=1 pid=460626 tid=460626 inv=96 hid=1b9a2b8de39e9724 depth=2 name=chip.run.bind.args ts=182516149065797 dur=65993120
[mono_ns=182516215076043][T0x73695a0d7740][TIMING] emit_host_span: [STRACE] v=1 pid=460626 tid=460626 inv=96 hid=1b9a2b8de39e9724 depth=2 name=chip.run.bind.prebuilt ts=182516215073269 dur=2143
[mono_ns=182516215078176][T0x73695a0d7740][TIMING] emit_host_span: [STRACE] v=1 pid=460626 tid=460626 inv=96 hid=1b9a2b8de39e9724 depth=1 name=chip.run.bind ts=182516149060779 dur=66016145
[mono_ns=182516220033333][T0x73695a0d7740][WARN] prepare_execution: [device_runner.cpp:343] AICPU CPU_TOPO unavailable; using json_fallback: soc=Ascend950PR_9579 occupy=0x3e stable_reachable=5 requested=0 effective=5 affinity=[1, 2, 3, 4, 5(orch)]
[mono_ns=182516221583110][T0x73695a0d7740][TIMING] emit_host_span: [STRACE] v=1 pid=460626 tid=460626 inv=96 hid=1b9a2b8de39e9724 depth=1 name=chip.run.runner_run ts=182516220086653 dur=1495525
[mono_ns=182516253574596][T0x73695a0d7740][TIMING] emit_host_span: [STRACE] v=1 pid=460626 tid=460626 inv=96 hid=1b9a2b8de39e9724 depth=1 name=chip.run.validate ts=182516221585834 dur=31987340
[mono_ns=182516253578823][T0x73695a0d7740][TIMING] emit_host_span: [STRACE] v=1 pid=460626 tid=460626 inv=96 hid=1b9a2b8de39e9724 depth=2 name=chip.run.runner_run.device_wall ts=0 dur=1327837 clk=dev
[mono_ns=182516253580345][T0x73695a0d7740][TIMING] emit_host_span: [STRACE] v=1 pid=460626 tid=460626 inv=96 hid=1b9a2b8de39e9724 depth=3 name=chip.run.runner_run.device_wall.preamble ts=0 dur=15364 clk=dev
[mono_ns=182516253581587][T0x73695a0d7740][TIMING] emit_host_span: [STRACE] v=1 pid=460626 tid=460626 inv=96 hid=1b9a2b8de39e9724 depth=3 name=chip.run.runner_run.device_wall.graph_build ts=5480 dur=1318245 clk=dev
[mono_ns=182516253582768][T0x73695a0d7740][TIMING] emit_host_span: [STRACE] v=1 pid=460626 tid=460626 inv=96 hid=1b9a2b8de39e9724 depth=3 name=chip.run.runner_run.device_wall.config_validate ts=6169 dur=1013 clk=dev
[mono_ns=182516253583760][T0x73695a0d7740][TIMING] emit_host_span: [STRACE] v=1 pid=460626 tid=460626 inv=96 hid=1b9a2b8de39e9724 depth=3 name=chip.run.runner_run.device_wall.arena_wire ts=7439 dur=2755 clk=dev
[mono_ns=182516253584771][T0x73695a0d7740][TIMING] emit_host_span: [STRACE] v=1 pid=460626 tid=460626 inv=96 hid=1b9a2b8de39e9724 depth=3 name=chip.run.runner_run.device_wall.sm_reset ts=10377 dur=3917 clk=dev
[mono_ns=182516253585863][T0x73695a0d7740][TIMING] emit_host_span: [STRACE] v=1 pid=460626 tid=460626 inv=96 hid=1b9a2b8de39e9724 depth=3 name=chip.run.runner_run.device_wall.post_orch ts=1323745 dur=3685 clk=dev
[mono_ns=182516253586845][T0x73695a0d7740][TIMING] emit_host_span: [STRACE] v=1 pid=460626 tid=460626 inv=96 hid=1b9a2b8de39e9724 depth=3 name=chip.run.runner_run.device_wall.orch ts=14638 dur=1288606 clk=dev
[mono_ns=182516253605272][T0x73695a0d7740][TIMING] emit_host_span: [STRACE] v=1 pid=460626 tid=460626 inv=96 hid=1b9a2b8de39e9724 depth=3 name=chip.run.runner_run.device_wall.sched ts=15601 dur=1292832 clk=dev
[mono_ns=182516253606895][T0x73695a0d7740][TIMING] emit_host_span: [STRACE] v=1 pid=460626 tid=460626 inv=96 hid=1b9a2b8de39e9724 depth=1 name=chip.run.claim_release ts=182516253606274 dur=80
[mono_ns=182516253608547][T0x73695a0d7740][TIMING] emit_host_span: [STRACE] v=1 pid=460626 tid=460626 inv=96 hid=1b9a2b8de39e9724 depth=0 name=chip.run ts=182516149053829 dur=104554117 run_id=0 dispatch_id=0 slot_id=0 generation=96 run_epoch=96
[mono_ns=182516322839137][T0x73695a0d7740][TIMING] emit_host_span: [STRACE] v=1 pid=460626 tid=460626 inv=97 hid=1b9a2b8de39e9724 depth=2 name=chip.run.bind.args ts=182516254994888 dur=67840733
[mono_ns=182516322852016][T0x73695a0d7740][TIMING] emit_host_span: [STRACE] v=1 pid=460626 tid=460626 inv=97 hid=1b9a2b8de39e9724 depth=2 name=chip.run.bind.prebuilt ts=182516322849252 dur=2053
[mono_ns=182516322853939][T0x73695a0d7740][TIMING] emit_host_span: [STRACE] v=1 pid=460626 tid=460626 inv=97 hid=1b9a2b8de39e9724 depth=1 name=chip.run.bind ts=182516254990221 dur=67862596
[mono_ns=182516327813643][T0x73695a0d7740][WARN] prepare_execution: [device_runner.cpp:343] AICPU CPU_TOPO unavailable; using json_fallback: soc=Ascend950PR_9579 occupy=0x3e stable_reachable=5 requested=0 effective=5 affinity=[1, 2, 3, 4, 5(orch)]
[mono_ns=182516329348096][T0x73695a0d7740][TIMING] emit_host_span: [STRACE] v=1 pid=460626 tid=460626 inv=97 hid=1b9a2b8de39e9724 depth=1 name=chip.run.runner_run ts=182516327854965 dur=1492370
[mono_ns=182516361693514][T0x73695a0d7740][TIMING] emit_host_span: [STRACE] v=1 pid=460626 tid=460626 inv=97 hid=1b9a2b8de39e9724 depth=1 name=chip.run.validate ts=182516329351291 dur=32340510
[mono_ns=182516361698031][T0x73695a0d7740][TIMING] emit_host_span: [STRACE] v=1 pid=460626 tid=460626 inv=97 hid=1b9a2b8de39e9724 depth=2 name=chip.run.runner_run.device_wall ts=0 dur=1338049 clk=dev
[mono_ns=182516361699443][T0x73695a0d7740][TIMING] emit_host_span: [STRACE] v=1 pid=460626 tid=460626 inv=97 hid=1b9a2b8de39e9724 depth=3 name=chip.run.runner_run.device_wall.preamble ts=0 dur=13551 clk=dev
[mono_ns=182516361700625][T0x73695a0d7740][TIMING] emit_host_span: [STRACE] v=1 pid=460626 tid=460626 inv=97 hid=1b9a2b8de39e9724 depth=3 name=chip.run.runner_run.device_wall.graph_build ts=3663 dur=1330280 clk=dev
[mono_ns=182516361701666][T0x73695a0d7740][TIMING] emit_host_span: [STRACE] v=1 pid=460626 tid=460626 inv=97 hid=1b9a2b8de39e9724 depth=3 name=chip.run.runner_run.device_wall.config_validate ts=4194 dur=1327 clk=dev
[mono_ns=182516361702658][T0x73695a0d7740][TIMING] emit_host_span: [STRACE] v=1 pid=460626 tid=460626 inv=97 hid=1b9a2b8de39e9724 depth=3 name=chip.run.runner_run.device_wall.arena_wire ts=5603 dur=2489 clk=dev
[mono_ns=182516361703639][T0x73695a0d7740][TIMING] emit_host_span: [STRACE] v=1 pid=460626 tid=460626 inv=97 hid=1b9a2b8de39e9724 depth=3 name=chip.run.runner_run.device_wall.sm_reset ts=8157 dur=4822 clk=dev
[mono_ns=182516361704641][T0x73695a0d7740][TIMING] emit_host_span: [STRACE] v=1 pid=460626 tid=460626 inv=97 hid=1b9a2b8de39e9724 depth=3 name=chip.run.runner_run.device_wall.post_orch ts=1333972 dur=3811 clk=dev
[mono_ns=182516361705622][T0x73695a0d7740][TIMING] emit_host_span: [STRACE] v=1 pid=460626 tid=460626 inv=97 hid=1b9a2b8de39e9724 depth=3 name=chip.run.runner_run.device_wall.orch ts=13345 dur=1302604 clk=dev
[mono_ns=182516361706614][T0x73695a0d7740][TIMING] emit_host_span: [STRACE] v=1 pid=460626 tid=460626 inv=97 hid=1b9a2b8de39e9724 depth=3 name=chip.run.runner_run.device_wall.sched ts=14110 dur=1304566 clk=dev
[mono_ns=182516361708216][T0x73695a0d7740][TIMING] emit_host_span: [STRACE] v=1 pid=460626 tid=460626 inv=97 hid=1b9a2b8de39e9724 depth=1 name=chip.run.claim_release ts=182516361707595 dur=100
[mono_ns=182516361714936][T0x73695a0d7740][TIMING] emit_host_span: [STRACE] v=1 pid=460626 tid=460626 inv=97 hid=1b9a2b8de39e9724 depth=0 name=chip.run ts=182516254984282 dur=106729973 run_id=0 dispatch_id=0 slot_id=0 generation=97 run_epoch=97
[mono_ns=182516431731626][T0x73695a0d7740][TIMING] emit_host_span: [STRACE] v=1 pid=460626 tid=460626 inv=98 hid=1b9a2b8de39e9724 depth=2 name=chip.run.bind.args ts=182516363099344 dur=68629968
[mono_ns=182516431742402][T0x73695a0d7740][TIMING] emit_host_span: [STRACE] v=1 pid=460626 tid=460626 inv=98 hid=1b9a2b8de39e9724 depth=2 name=chip.run.bind.prebuilt ts=182516431740098 dur=1613
[mono_ns=182516431744675][T0x73695a0d7740][TIMING] emit_host_span: [STRACE] v=1 pid=460626 tid=460626 inv=98 hid=1b9a2b8de39e9724 depth=1 name=chip.run.bind ts=182516363094607 dur=68648646
[mono_ns=182516436761435][T0x73695a0d7740][WARN] prepare_execution: [device_runner.cpp:343] AICPU CPU_TOPO unavailable; using json_fallback: soc=Ascend950PR_9579 occupy=0x3e stable_reachable=5 requested=0 effective=5 affinity=[1, 2, 3, 4, 5(orch)]
[mono_ns=182516438287235][T0x73695a0d7740][TIMING] emit_host_span: [STRACE] v=1 pid=460626 tid=460626 inv=98 hid=1b9a2b8de39e9724 depth=1 name=chip.run.runner_run ts=182516436799662 dur=1486742
[mono_ns=182516469279772][T0x73695a0d7740][TIMING] emit_host_span: [STRACE] v=1 pid=460626 tid=460626 inv=98 hid=1b9a2b8de39e9724 depth=1 name=chip.run.validate ts=182516438289979 dur=30988652
[mono_ns=182516469284019][T0x73695a0d7740][TIMING] emit_host_span: [STRACE] v=1 pid=460626 tid=460626 inv=98 hid=1b9a2b8de39e9724 depth=2 name=chip.run.runner_run.device_wall ts=0 dur=1349548 clk=dev
[mono_ns=182516469285261][T0x73695a0d7740][TIMING] emit_host_span: [STRACE] v=1 pid=460626 tid=460626 inv=98 hid=1b9a2b8de39e9724 depth=3 name=chip.run.runner_run.device_wall.preamble ts=0 dur=12354 clk=dev
[mono_ns=182516469286322][T0x73695a0d7740][TIMING] emit_host_span: [STRACE] v=1 pid=460626 tid=460626 inv=98 hid=1b9a2b8de39e9724 depth=3 name=chip.run.runner_run.device_wall.graph_build ts=2793 dur=1342394 clk=dev
[mono_ns=182516469287454][T0x73695a0d7740][TIMING] emit_host_span: [STRACE] v=1 pid=460626 tid=460626 inv=98 hid=1b9a2b8de39e9724 depth=3 name=chip.run.runner_run.device_wall.config_validate ts=3110 dur=1630 clk=dev
[mono_ns=182516469288455][T0x73695a0d7740][TIMING] emit_host_span: [STRACE] v=1 pid=460626 tid=460626 inv=98 hid=1b9a2b8de39e9724 depth=3 name=chip.run.runner_run.device_wall.arena_wire ts=4763 dur=3089 clk=dev
[mono_ns=182516469289447][T0x73695a0d7740][TIMING] emit_host_span: [STRACE] v=1 pid=460626 tid=460626 inv=98 hid=1b9a2b8de39e9724 depth=3 name=chip.run.runner_run.device_wall.sm_reset ts=7916 dur=4369 clk=dev
[mono_ns=182516469290498][T0x73695a0d7740][TIMING] emit_host_span: [STRACE] v=1 pid=460626 tid=460626 inv=98 hid=1b9a2b8de39e9724 depth=3 name=chip.run.runner_run.device_wall.post_orch ts=1345225 dur=3905 clk=dev
[mono_ns=182516469291510][T0x73695a0d7740][TIMING] emit_host_span: [STRACE] v=1 pid=460626 tid=460626 inv=98 hid=1b9a2b8de39e9724 depth=3 name=chip.run.runner_run.device_wall.orch ts=12351 dur=1314110 clk=dev
[mono_ns=182516469292491][T0x73695a0d7740][TIMING] emit_host_span: [STRACE] v=1 pid=460626 tid=460626 inv=98 hid=1b9a2b8de39e9724 depth=3 name=chip.run.runner_run.device_wall.sched ts=13097 dur=1316507 clk=dev
[mono_ns=182516469293863][T0x73695a0d7740][TIMING] emit_host_span: [STRACE] v=1 pid=460626 tid=460626 inv=98 hid=1b9a2b8de39e9724 depth=1 name=chip.run.claim_release ts=182516469293212 dur=91
[mono_ns=182516469295426][T0x73695a0d7740][TIMING] emit_host_span: [STRACE] v=1 pid=460626 tid=460626 inv=98 hid=1b9a2b8de39e9724 depth=0 name=chip.run ts=182516363088528 dur=106206317 run_id=0 dispatch_id=0 slot_id=0 generation=98 run_epoch=98
[mono_ns=182516535693854][T0x73695a0d7740][TIMING] emit_host_span: [STRACE] v=1 pid=460626 tid=460626 inv=99 hid=1b9a2b8de39e9724 depth=2 name=chip.run.bind.args ts=182516470650830 dur=65039920
[mono_ns=182516535703519][T0x73695a0d7740][TIMING] emit_host_span: [STRACE] v=1 pid=460626 tid=460626 inv=99 hid=1b9a2b8de39e9724 depth=2 name=chip.run.bind.prebuilt ts=182516535701306 dur=1482
[mono_ns=182516535710019][T0x73695a0d7740][TIMING] emit_host_span: [STRACE] v=1 pid=460626 tid=460626 inv=99 hid=1b9a2b8de39e9724 depth=1 name=chip.run.bind ts=182516470646053 dur=65062854
[mono_ns=182516540716874][T0x73695a0d7740][WARN] prepare_execution: [device_runner.cpp:343] AICPU CPU_TOPO unavailable; using json_fallback: soc=Ascend950PR_9579 occupy=0x3e stable_reachable=5 requested=0 effective=5 affinity=[1, 2, 3, 4, 5(orch)]
[mono_ns=182516542210666][T0x73695a0d7740][TIMING] emit_host_span: [STRACE] v=1 pid=460626 tid=460626 inv=99 hid=1b9a2b8de39e9724 depth=1 name=chip.run.runner_run ts=182516540763714 dur=1446140
[mono_ns=182516572806067][T0x73695a0d7740][TIMING] emit_host_span: [STRACE] v=1 pid=460626 tid=460626 inv=99 hid=1b9a2b8de39e9724 depth=1 name=chip.run.validate ts=182516542213270 dur=30591034
[mono_ns=182516572810594][T0x73695a0d7740][TIMING] emit_host_span: [STRACE] v=1 pid=460626 tid=460626 inv=99 hid=1b9a2b8de39e9724 depth=2 name=chip.run.runner_run.device_wall ts=0 dur=1323044 clk=dev
[mono_ns=182516572812046][T0x73695a0d7740][TIMING] emit_host_span: [STRACE] v=1 pid=460626 tid=460626 inv=99 hid=1b9a2b8de39e9724 depth=3 name=chip.run.runner_run.device_wall.preamble ts=0 dur=11936 clk=dev
[mono_ns=182516572813308][T0x73695a0d7740][TIMING] emit_host_span: [STRACE] v=1 pid=460626 tid=460626 inv=99 hid=1b9a2b8de39e9724 depth=3 name=chip.run.runner_run.device_wall.graph_build ts=2667 dur=1315632 clk=dev
[mono_ns=182516572814500][T0x73695a0d7740][TIMING] emit_host_span: [STRACE] v=1 pid=460626 tid=460626 inv=99 hid=1b9a2b8de39e9724 depth=3 name=chip.run.runner_run.device_wall.config_validate ts=3020 dur=1417 clk=dev
[mono_ns=182516572815501][T0x73695a0d7740][TIMING] emit_host_span: [STRACE] v=1 pid=460626 tid=460626 inv=99 hid=1b9a2b8de39e9724 depth=3 name=chip.run.runner_run.device_wall.arena_wire ts=4497 dur=2714 clk=dev
[mono_ns=182516572816483][T0x73695a0d7740][TIMING] emit_host_span: [STRACE] v=1 pid=460626 tid=460626 inv=99 hid=1b9a2b8de39e9724 depth=3 name=chip.run.runner_run.device_wall.sm_reset ts=7238 dur=4690 clk=dev
[mono_ns=182516572817494][T0x73695a0d7740][TIMING] emit_host_span: [STRACE] v=1 pid=460626 tid=460626 inv=99 hid=1b9a2b8de39e9724 depth=3 name=chip.run.runner_run.device_wall.post_orch ts=1318336 dur=4322 clk=dev
[mono_ns=182516572818486][T0x73695a0d7740][TIMING] emit_host_span: [STRACE] v=1 pid=460626 tid=460626 inv=99 hid=1b9a2b8de39e9724 depth=3 name=chip.run.runner_run.device_wall.orch ts=12144 dur=1285839 clk=dev
[mono_ns=182516572819477][T0x73695a0d7740][TIMING] emit_host_span: [STRACE] v=1 pid=460626 tid=460626 inv=99 hid=1b9a2b8de39e9724 depth=3 name=chip.run.runner_run.device_wall.sched ts=12730 dur=1289783 clk=dev
[mono_ns=182516572820789][T0x73695a0d7740][TIMING] emit_host_span: [STRACE] v=1 pid=460626 tid=460626 inv=99 hid=1b9a2b8de39e9724 depth=1 name=chip.run.claim_release ts=182516572820168 dur=90
[mono_ns=182516572822361][T0x73695a0d7740][TIMING] emit_host_span: [STRACE] v=1 pid=460626 tid=460626 inv=99 hid=1b9a2b8de39e9724 depth=0 name=chip.run ts=182516470640124 dur=102181636 run_id=0 dispatch_id=0 slot_id=0 generation=99 run_epoch=99
[mono_ns=182516642464849][T0x73695a0d7740][TIMING] emit_host_span: [STRACE] v=1 pid=460626 tid=460626 inv=100 hid=1b9a2b8de39e9724 depth=2 name=chip.run.bind.args ts=182516574174491 dur=68287364
[mono_ns=182516642475325][T0x73695a0d7740][TIMING] emit_host_span: [STRACE] v=1 pid=460626 tid=460626 inv=100 hid=1b9a2b8de39e9724 depth=2 name=chip.run.bind.prebuilt ts=182516642473152 dur=1462
[mono_ns=182516642476847][T0x73695a0d7740][TIMING] emit_host_span: [STRACE] v=1 pid=460626 tid=460626 inv=100 hid=1b9a2b8de39e9724 depth=1 name=chip.run.bind ts=182516574169694 dur=68306452
[mono_ns=182516647436020][T0x73695a0d7740][WARN] prepare_execution: [device_runner.cpp:343] AICPU CPU_TOPO unavailable; using json_fallback: soc=Ascend950PR_9579 occupy=0x3e stable_reachable=5 requested=0 effective=5 affinity=[1, 2, 3, 4, 5(orch)]
[mono_ns=182516648978065][T0x73695a0d7740][TIMING] emit_host_span: [STRACE] v=1 pid=460626 tid=460626 inv=100 hid=1b9a2b8de39e9724 depth=1 name=chip.run.runner_run ts=182516647492625 dur=1484559
[mono_ns=182516677546063][T0x73695a0d7740][TIMING] emit_host_span: [STRACE] v=1 pid=460626 tid=460626 inv=100 hid=1b9a2b8de39e9724 depth=1 name=chip.run.validate ts=182516648980589 dur=28562209
[mono_ns=182516677554005][T0x73695a0d7740][TIMING] emit_host_span: [STRACE] v=1 pid=460626 tid=460626 inv=100 hid=1b9a2b8de39e9724 depth=2 name=chip.run.runner_run.device_wall ts=0 dur=1344085 clk=dev
[mono_ns=182516677555367][T0x73695a0d7740][TIMING] emit_host_span: [STRACE] v=1 pid=460626 tid=460626 inv=100 hid=1b9a2b8de39e9724 depth=3 name=chip.run.runner_run.device_wall.preamble ts=0 dur=14570 clk=dev
[mono_ns=182516677556569][T0x73695a0d7740][TIMING] emit_host_span: [STRACE] v=1 pid=460626 tid=460626 inv=100 hid=1b9a2b8de39e9724 depth=3 name=chip.run.runner_run.device_wall.graph_build ts=3641 dur=1336348 clk=dev
[mono_ns=182516677557600][T0x73695a0d7740][TIMING] emit_host_span: [STRACE] v=1 pid=460626 tid=460626 inv=100 hid=1b9a2b8de39e9724 depth=3 name=chip.run.runner_run.device_wall.config_validate ts=4296 dur=1476 clk=dev
[mono_ns=182516677558712][T0x73695a0d7740][TIMING] emit_host_span: [STRACE] v=1 pid=460626 tid=460626 inv=100 hid=1b9a2b8de39e9724 depth=3 name=chip.run.runner_run.device_wall.arena_wire ts=5783 dur=2742 clk=dev
[mono_ns=182516677559704][T0x73695a0d7740][TIMING] emit_host_span: [STRACE] v=1 pid=460626 tid=460626 inv=100 hid=1b9a2b8de39e9724 depth=3 name=chip.run.runner_run.device_wall.sm_reset ts=8610 dur=3817 clk=dev
[mono_ns=182516677560715][T0x73695a0d7740][TIMING] emit_host_span: [STRACE] v=1 pid=460626 tid=460626 inv=100 hid=1b9a2b8de39e9724 depth=3 name=chip.run.runner_run.device_wall.post_orch ts=1340005 dur=3566 clk=dev
[mono_ns=182516677561697][T0x73695a0d7740][TIMING] emit_host_span: [STRACE] v=1 pid=460626 tid=460626 inv=100 hid=1b9a2b8de39e9724 depth=3 name=chip.run.runner_run.device_wall.orch ts=12578 dur=1306752 clk=dev
[mono_ns=182516677562698][T0x73695a0d7740][TIMING] emit_host_span: [STRACE] v=1 pid=460626 tid=460626 inv=100 hid=1b9a2b8de39e9724 depth=3 name=chip.run.runner_run.device_wall.sched ts=14232 dur=1311256 clk=dev
[mono_ns=182516677564431][T0x73695a0d7740][TIMING] emit_host_span: [STRACE] v=1 pid=460626 tid=460626 inv=100 hid=1b9a2b8de39e9724 depth=1 name=chip.run.claim_release ts=182516677563620 dur=210
[mono_ns=182516677566454][T0x73695a0d7740][TIMING] emit_host_span: [STRACE] v=1 pid=460626 tid=460626 inv=100 hid=1b9a2b8de39e9724 depth=0 name=chip.run ts=182516574163474 dur=103402289 run_id=0 dispatch_id=0 slot_id=0 generation=100 run_epoch=100
  TestAlternatingMatmulAdd::Case1 PASSED
