[mono_ns=182586106832543][T0x74909972a740][TIMING] clock_anchor: [CLOCK_ANCHOR] v=1 pid=473521 mono_ns=182586106831551 wall_ns=1787828967750975575

=== Runtime: tensormap_and_ringbuffer  Level: 2 ===
  TestBatchPagedAttention::Case1 ...
[mono_ns=182590330215410][T0x74909972a740][TIMING] emit_host_span: [STRACE] v=1 pid=473521 tid=473521 inv=1 hid=fce75cc27705b57e depth=2 name=chip.run.bind.args ts=182590197426925 dur=132766061
[mono_ns=182590364265076][T0x74909972a740][TIMING] emit_host_span: [STRACE] v=1 pid=473521 tid=473521 inv=1 hid=fce75cc27705b57e depth=2 name=chip.run.bind.prebuilt ts=182590330243843 dur=34009445
[mono_ns=182590364287950][T0x74909972a740][TIMING] emit_host_span: [STRACE] v=1 pid=473521 tid=473521 inv=1 hid=fce75cc27705b57e depth=1 name=chip.run.bind ts=182590195340393 dur=168945083
[mono_ns=182590374377393][T0x74909972a740][WARN] query_cpu_topo: [aicpu_topology_probe.cpp:125] aicpu_topology_probe: halGetDeviceInfoByBuff(CPU_TOPO) rc=65534 total=0
[mono_ns=182590376511827][T0x74909972a740][WARN] query_cpu_topo: [aicpu_topology_probe.cpp:137] aicpu_topology_probe: dsmi_get_device_info(CPU_TOPO) rc=65534 total=0
[mono_ns=182590376640100][T0x74909972a740][WARN] prepare_execution: [device_runner.cpp:343] AICPU CPU_TOPO unavailable; using json_fallback: soc=Ascend950PR_9579 occupy=0x3e stable_reachable=5 requested=0 effective=5 affinity=[1, 2, 3, 4, 5(orch)]
[mono_ns=182590382972254][T0x74909972a740][TIMING] emit_host_span: [STRACE] v=1 pid=473521 tid=473521 inv=1 hid=fce75cc27705b57e depth=1 name=chip.run.runner_run ts=182590376738868 dur=6229440
[mono_ns=182590383281548][T0x74909972a740][TIMING] emit_host_span: [STRACE] v=1 pid=473521 tid=473521 inv=1 hid=fce75cc27705b57e depth=1 name=chip.run.validate ts=182590382979194 dur=301222
[mono_ns=182590383284452][T0x74909972a740][TIMING] emit_host_span: [STRACE] v=1 pid=473521 tid=473521 inv=1 hid=fce75cc27705b57e depth=2 name=chip.run.runner_run.device_wall ts=0 dur=5205199 clk=dev
[mono_ns=182590383286365][T0x74909972a740][TIMING] emit_host_span: [STRACE] v=1 pid=473521 tid=473521 inv=1 hid=fce75cc27705b57e depth=3 name=chip.run.runner_run.device_wall.preamble ts=0 dur=304383 clk=dev
[mono_ns=182590383287577][T0x74909972a740][TIMING] emit_host_span: [STRACE] v=1 pid=473521 tid=473521 inv=1 hid=fce75cc27705b57e depth=3 name=chip.run.runner_run.device_wall.graph_build ts=48118 dur=5139234 clk=dev
[mono_ns=182590383288609][T0x74909972a740][TIMING] emit_host_span: [STRACE] v=1 pid=473521 tid=473521 inv=1 hid=fce75cc27705b57e depth=3 name=chip.run.runner_run.device_wall.config_validate ts=56156 dur=3993 clk=dev
[mono_ns=182590383289580][T0x74909972a740][TIMING] emit_host_span: [STRACE] v=1 pid=473521 tid=473521 inv=1 hid=fce75cc27705b57e depth=3 name=chip.run.runner_run.device_wall.arena_wire ts=60187 dur=21025 clk=dev
[mono_ns=182590383290551][T0x74909972a740][TIMING] emit_host_span: [STRACE] v=1 pid=473521 tid=473521 inv=1 hid=fce75cc27705b57e depth=3 name=chip.run.runner_run.device_wall.sm_reset ts=81256 dur=41397 clk=dev
[mono_ns=182590383291533][T0x74909972a740][TIMING] emit_host_span: [STRACE] v=1 pid=473521 tid=473521 inv=1 hid=fce75cc27705b57e depth=3 name=chip.run.runner_run.device_wall.post_orch ts=5187420 dur=12476 clk=dev
[mono_ns=182590383292554][T0x74909972a740][TIMING] emit_host_span: [STRACE] v=1 pid=473521 tid=473521 inv=1 hid=fce75cc27705b57e depth=3 name=chip.run.runner_run.device_wall.orch ts=124705 dur=3907720 clk=dev
[mono_ns=182590383293536][T0x74909972a740][TIMING] emit_host_span: [STRACE] v=1 pid=473521 tid=473521 inv=1 hid=fce75cc27705b57e depth=3 name=chip.run.runner_run.device_wall.sched ts=306858 dur=4850437 clk=dev
[mono_ns=182590383295078][T0x74909972a740][TIMING] emit_host_span: [STRACE] v=1 pid=473521 tid=473521 inv=1 hid=fce75cc27705b57e depth=1 name=chip.run.claim_release ts=182590383294137 dur=340
[mono_ns=182590383296851][T0x74909972a740][TIMING] emit_host_span: [STRACE] v=1 pid=473521 tid=473521 inv=1 hid=fce75cc27705b57e depth=0 name=chip.run ts=182590195286673 dur=188009437 run_id=0 dispatch_id=0 slot_id=0 generation=1 run_epoch=1
[mono_ns=182590512136849][T0x74909972a740][TIMING] emit_host_span: [STRACE] v=1 pid=473521 tid=473521 inv=2 hid=fce75cc27705b57e depth=2 name=chip.run.bind.args ts=182590383746015 dur=128382322
[mono_ns=182590512162087][T0x74909972a740][TIMING] emit_host_span: [STRACE] v=1 pid=473521 tid=473521 inv=2 hid=fce75cc27705b57e depth=2 name=chip.run.bind.prebuilt ts=182590512158051 dur=3245
[mono_ns=182590512164941][T0x74909972a740][TIMING] emit_host_span: [STRACE] v=1 pid=473521 tid=473521 inv=2 hid=fce75cc27705b57e depth=1 name=chip.run.bind ts=182590383740236 dur=128423343
[mono_ns=182590517620550][T0x74909972a740][WARN] prepare_execution: [device_runner.cpp:343] AICPU CPU_TOPO unavailable; using json_fallback: soc=Ascend950PR_9579 occupy=0x3e stable_reachable=5 requested=0 effective=5 affinity=[1, 2, 3, 4, 5(orch)]
[mono_ns=182590523436089][T0x74909972a740][TIMING] emit_host_span: [STRACE] v=1 pid=473521 tid=473521 inv=2 hid=fce75cc27705b57e depth=1 name=chip.run.runner_run ts=182590517707260 dur=5726856
[mono_ns=182590523699594][T0x74909972a740][TIMING] emit_host_span: [STRACE] v=1 pid=473521 tid=473521 inv=2 hid=fce75cc27705b57e depth=1 name=chip.run.validate ts=182590523441146 dur=257286
[mono_ns=182590523701847][T0x74909972a740][TIMING] emit_host_span: [STRACE] v=1 pid=473521 tid=473521 inv=2 hid=fce75cc27705b57e depth=2 name=chip.run.runner_run.device_wall ts=0 dur=5435449 clk=dev
[mono_ns=182590523703580][T0x74909972a740][TIMING] emit_host_span: [STRACE] v=1 pid=473521 tid=473521 inv=2 hid=fce75cc27705b57e depth=3 name=chip.run.runner_run.device_wall.preamble ts=0 dur=15537 clk=dev
[mono_ns=182590523704742][T0x74909972a740][TIMING] emit_host_span: [STRACE] v=1 pid=473521 tid=473521 inv=2 hid=fce75cc27705b57e depth=3 name=chip.run.runner_run.device_wall.graph_build ts=3764 dur=5425889 clk=dev
[mono_ns=182590523705743][T0x74909972a740][TIMING] emit_host_span: [STRACE] v=1 pid=473521 tid=473521 inv=2 hid=fce75cc27705b57e depth=3 name=chip.run.runner_run.device_wall.config_validate ts=4894 dur=1210 clk=dev
[mono_ns=182590523706705][T0x74909972a740][TIMING] emit_host_span: [STRACE] v=1 pid=473521 tid=473521 inv=2 hid=fce75cc27705b57e depth=3 name=chip.run.runner_run.device_wall.arena_wire ts=6403 dur=4157 clk=dev
[mono_ns=182590523707736][T0x74909972a740][TIMING] emit_host_span: [STRACE] v=1 pid=473521 tid=473521 inv=2 hid=fce75cc27705b57e depth=3 name=chip.run.runner_run.device_wall.sm_reset ts=10637 dur=6544 clk=dev
[mono_ns=182590523708758][T0x74909972a740][TIMING] emit_host_span: [STRACE] v=1 pid=473521 tid=473521 inv=2 hid=fce75cc27705b57e depth=3 name=chip.run.runner_run.device_wall.post_orch ts=5429719 dur=4772 clk=dev
[mono_ns=182590523709759][T0x74909972a740][TIMING] emit_host_span: [STRACE] v=1 pid=473521 tid=473521 inv=2 hid=fce75cc27705b57e depth=3 name=chip.run.runner_run.device_wall.orch ts=17328 dur=4111816 clk=dev
[mono_ns=182590523710741][T0x74909972a740][TIMING] emit_host_span: [STRACE] v=1 pid=473521 tid=473521 inv=2 hid=fce75cc27705b57e depth=3 name=chip.run.runner_run.device_wall.sched ts=18186 dur=5393371 clk=dev
[mono_ns=182590523712554][T0x74909972a740][TIMING] emit_host_span: [STRACE] v=1 pid=473521 tid=473521 inv=2 hid=fce75cc27705b57e depth=1 name=chip.run.claim_release ts=182590523711362 dur=561
[mono_ns=182590523714246][T0x74909972a740][TIMING] emit_host_span: [STRACE] v=1 pid=473521 tid=473521 inv=2 hid=fce75cc27705b57e depth=0 name=chip.run ts=182590383733947 dur=139979548 run_id=0 dispatch_id=0 slot_id=0 generation=2 run_epoch=2
[mono_ns=182590651176517][T0x74909972a740][TIMING] emit_host_span: [STRACE] v=1 pid=473521 tid=473521 inv=3 hid=fce75cc27705b57e depth=2 name=chip.run.bind.args ts=182590524085684 dur=127085314
[mono_ns=182590651194043][T0x74909972a740][TIMING] emit_host_span: [STRACE] v=1 pid=473521 tid=473521 inv=3 hid=fce75cc27705b57e depth=2 name=chip.run.bind.prebuilt ts=182590651190267 dur=3075
[mono_ns=182590651196376][T0x74909972a740][TIMING] emit_host_span: [STRACE] v=1 pid=473521 tid=473521 inv=3 hid=fce75cc27705b57e depth=1 name=chip.run.bind ts=182590524079715 dur=127115410
[mono_ns=182590656472746][T0x74909972a740][WARN] prepare_execution: [device_runner.cpp:343] AICPU CPU_TOPO unavailable; using json_fallback: soc=Ascend950PR_9579 occupy=0x3e stable_reachable=5 requested=0 effective=5 affinity=[1, 2, 3, 4, 5(orch)]
[mono_ns=182590662187724][T0x74909972a740][TIMING] emit_host_span: [STRACE] v=1 pid=473521 tid=473521 inv=3 hid=fce75cc27705b57e depth=1 name=chip.run.runner_run ts=182590656543442 dur=5642198
[mono_ns=182590662446843][T0x74909972a740][TIMING] emit_host_span: [STRACE] v=1 pid=473521 tid=473521 inv=3 hid=fce75cc27705b57e depth=1 name=chip.run.validate ts=182590662191890 dur=254011
[mono_ns=182590662448775][T0x74909972a740][TIMING] emit_host_span: [STRACE] v=1 pid=473521 tid=473521 inv=3 hid=fce75cc27705b57e depth=2 name=chip.run.runner_run.device_wall ts=0 dur=5416395 clk=dev
[mono_ns=182590662450408][T0x74909972a740][TIMING] emit_host_span: [STRACE] v=1 pid=473521 tid=473521 inv=3 hid=fce75cc27705b57e depth=3 name=chip.run.runner_run.device_wall.preamble ts=0 dur=13802 clk=dev
[mono_ns=182590662451550][T0x74909972a740][TIMING] emit_host_span: [STRACE] v=1 pid=473521 tid=473521 inv=3 hid=fce75cc27705b57e depth=3 name=chip.run.runner_run.device_wall.graph_build ts=3756 dur=5406959 clk=dev
[mono_ns=182590662452571][T0x74909972a740][TIMING] emit_host_span: [STRACE] v=1 pid=473521 tid=473521 inv=3 hid=fce75cc27705b57e depth=3 name=chip.run.runner_run.device_wall.config_validate ts=4306 dur=1432 clk=dev
[mono_ns=182590662453543][T0x74909972a740][TIMING] emit_host_span: [STRACE] v=1 pid=473521 tid=473521 inv=3 hid=fce75cc27705b57e depth=3 name=chip.run.runner_run.device_wall.arena_wire ts=5755 dur=4734 clk=dev
[mono_ns=182590662454544][T0x74909972a740][TIMING] emit_host_span: [STRACE] v=1 pid=473521 tid=473521 inv=3 hid=fce75cc27705b57e depth=3 name=chip.run.runner_run.device_wall.sm_reset ts=10510 dur=5561 clk=dev
[mono_ns=182590662455646][T0x74909972a740][TIMING] emit_host_span: [STRACE] v=1 pid=473521 tid=473521 inv=3 hid=fce75cc27705b57e depth=3 name=chip.run.runner_run.device_wall.post_orch ts=5410978 dur=4645 clk=dev
[mono_ns=182590662456637][T0x74909972a740][TIMING] emit_host_span: [STRACE] v=1 pid=473521 tid=473521 inv=3 hid=fce75cc27705b57e depth=3 name=chip.run.runner_run.device_wall.orch ts=16265 dur=4097225 clk=dev
[mono_ns=182590662457599][T0x74909972a740][TIMING] emit_host_span: [STRACE] v=1 pid=473521 tid=473521 inv=3 hid=fce75cc27705b57e depth=3 name=chip.run.runner_run.device_wall.sched ts=16749 dur=5380489 clk=dev
[mono_ns=182590662458911][T0x74909972a740][TIMING] emit_host_span: [STRACE] v=1 pid=473521 tid=473521 inv=3 hid=fce75cc27705b57e depth=1 name=chip.run.claim_release ts=182590662458200 dur=120
[mono_ns=182590662460423][T0x74909972a740][TIMING] emit_host_span: [STRACE] v=1 pid=473521 tid=473521 inv=3 hid=fce75cc27705b57e depth=0 name=chip.run ts=182590524074817 dur=138384955 run_id=0 dispatch_id=0 slot_id=0 generation=3 run_epoch=3
[mono_ns=182590790111958][T0x74909972a740][TIMING] emit_host_span: [STRACE] v=1 pid=473521 tid=473521 inv=4 hid=fce75cc27705b57e depth=2 name=chip.run.bind.args ts=182590662865601 dur=127240097
[mono_ns=182590790130085][T0x74909972a740][TIMING] emit_host_span: [STRACE] v=1 pid=473521 tid=473521 inv=4 hid=fce75cc27705b57e depth=2 name=chip.run.bind.prebuilt ts=182590790126970 dur=2223
[mono_ns=182590790132589][T0x74909972a740][TIMING] emit_host_span: [STRACE] v=1 pid=473521 tid=473521 inv=4 hid=fce75cc27705b57e depth=1 name=chip.run.bind ts=182590662858871 dur=127272426
[mono_ns=182590795348938][T0x74909972a740][WARN] prepare_execution: [device_runner.cpp:343] AICPU CPU_TOPO unavailable; using json_fallback: soc=Ascend950PR_9579 occupy=0x3e stable_reachable=5 requested=0 effective=5 affinity=[1, 2, 3, 4, 5(orch)]
[mono_ns=182590801125077][T0x74909972a740][TIMING] emit_host_span: [STRACE] v=1 pid=473521 tid=473521 inv=4 hid=fce75cc27705b57e depth=1 name=chip.run.runner_run ts=182590795421607 dur=5701918
[mono_ns=182590801392278][T0x74909972a740][TIMING] emit_host_span: [STRACE] v=1 pid=473521 tid=473521 inv=4 hid=fce75cc27705b57e depth=1 name=chip.run.validate ts=182590801128813 dur=262454
[mono_ns=182590801402884][T0x74909972a740][TIMING] emit_host_span: [STRACE] v=1 pid=473521 tid=473521 inv=4 hid=fce75cc27705b57e depth=2 name=chip.run.runner_run.device_wall ts=0 dur=5450537 clk=dev
[mono_ns=182590801404226][T0x74909972a740][TIMING] emit_host_span: [STRACE] v=1 pid=473521 tid=473521 inv=4 hid=fce75cc27705b57e depth=3 name=chip.run.runner_run.device_wall.preamble ts=0 dur=15187 clk=dev
[mono_ns=182590801405488][T0x74909972a740][TIMING] emit_host_span: [STRACE] v=1 pid=473521 tid=473521 inv=4 hid=fce75cc27705b57e depth=3 name=chip.run.runner_run.device_wall.graph_build ts=3812 dur=5442324 clk=dev
[mono_ns=182590801406520][T0x74909972a740][TIMING] emit_host_span: [STRACE] v=1 pid=473521 tid=473521 inv=4 hid=fce75cc27705b57e depth=3 name=chip.run.runner_run.device_wall.config_validate ts=4162 dur=1579 clk=dev
[mono_ns=182590801407511][T0x74909972a740][TIMING] emit_host_span: [STRACE] v=1 pid=473521 tid=473521 inv=4 hid=fce75cc27705b57e depth=3 name=chip.run.runner_run.device_wall.arena_wire ts=5763 dur=3863 clk=dev
[mono_ns=182590801408463][T0x74909972a740][TIMING] emit_host_span: [STRACE] v=1 pid=473521 tid=473521 inv=4 hid=fce75cc27705b57e depth=3 name=chip.run.runner_run.device_wall.sm_reset ts=9692 dur=6612 clk=dev
[mono_ns=182590801409564][T0x74909972a740][TIMING] emit_host_span: [STRACE] v=1 pid=473521 tid=473521 inv=4 hid=fce75cc27705b57e depth=3 name=chip.run.runner_run.device_wall.post_orch ts=5446193 dur=3984 clk=dev
[mono_ns=182590801410546][T0x74909972a740][TIMING] emit_host_span: [STRACE] v=1 pid=473521 tid=473521 inv=4 hid=fce75cc27705b57e depth=3 name=chip.run.runner_run.device_wall.orch ts=16568 dur=4062209 clk=dev
[mono_ns=182590801411547][T0x74909972a740][TIMING] emit_host_span: [STRACE] v=1 pid=473521 tid=473521 inv=4 hid=fce75cc27705b57e depth=3 name=chip.run.runner_run.device_wall.sched ts=17068 dur=5412450 clk=dev
[mono_ns=182590801412869][T0x74909972a740][TIMING] emit_host_span: [STRACE] v=1 pid=473521 tid=473521 inv=4 hid=fce75cc27705b57e depth=1 name=chip.run.claim_release ts=182590801412168 dur=110
[mono_ns=182590801414512][T0x74909972a740][TIMING] emit_host_span: [STRACE] v=1 pid=473521 tid=473521 inv=4 hid=fce75cc27705b57e depth=0 name=chip.run ts=182590662853563 dur=138560248 run_id=0 dispatch_id=0 slot_id=0 generation=4 run_epoch=4
[mono_ns=182590927796331][T0x74909972a740][TIMING] emit_host_span: [STRACE] v=1 pid=473521 tid=473521 inv=5 hid=fce75cc27705b57e depth=2 name=chip.run.bind.args ts=182590801801503 dur=125981468
[mono_ns=182590927821138][T0x74909972a740][TIMING] emit_host_span: [STRACE] v=1 pid=473521 tid=473521 inv=5 hid=fce75cc27705b57e depth=2 name=chip.run.bind.prebuilt ts=182590927816100 dur=4247
[mono_ns=182590927824142][T0x74909972a740][TIMING] emit_host_span: [STRACE] v=1 pid=473521 tid=473521 inv=5 hid=fce75cc27705b57e depth=1 name=chip.run.bind ts=182590801795974 dur=126026897
[mono_ns=182590933150096][T0x74909972a740][WARN] prepare_execution: [device_runner.cpp:343] AICPU CPU_TOPO unavailable; using json_fallback: soc=Ascend950PR_9579 occupy=0x3e stable_reachable=5 requested=0 effective=5 affinity=[1, 2, 3, 4, 5(orch)]
[mono_ns=182590938803201][T0x74909972a740][TIMING] emit_host_span: [STRACE] v=1 pid=473521 tid=473521 inv=5 hid=fce75cc27705b57e depth=1 name=chip.run.runner_run ts=182590933224348 dur=5576820
[mono_ns=182590939575230][T0x74909972a740][TIMING] emit_host_span: [STRACE] v=1 pid=473521 tid=473521 inv=5 hid=fce75cc27705b57e depth=1 name=chip.run.validate ts=182590938808589 dur=764418
[mono_ns=182590939580448][T0x74909972a740][TIMING] emit_host_span: [STRACE] v=1 pid=473521 tid=473521 inv=5 hid=fce75cc27705b57e depth=2 name=chip.run.runner_run.device_wall ts=0 dur=5275582 clk=dev
[mono_ns=182590939581820][T0x74909972a740][TIMING] emit_host_span: [STRACE] v=1 pid=473521 tid=473521 inv=5 hid=fce75cc27705b57e depth=3 name=chip.run.runner_run.device_wall.preamble ts=0 dur=14945 clk=dev
[mono_ns=182590939583282][T0x74909972a740][TIMING] emit_host_span: [STRACE] v=1 pid=473521 tid=473521 inv=5 hid=fce75cc27705b57e depth=3 name=chip.run.runner_run.device_wall.graph_build ts=4763 dur=5265713 clk=dev
[mono_ns=182590939594018][T0x74909972a740][TIMING] emit_host_span: [STRACE] v=1 pid=473521 tid=473521 inv=5 hid=fce75cc27705b57e depth=3 name=chip.run.runner_run.device_wall.config_validate ts=5090 dur=1277 clk=dev
[mono_ns=182590939595050][T0x74909972a740][TIMING] emit_host_span: [STRACE] v=1 pid=473521 tid=473521 inv=5 hid=fce75cc27705b57e depth=3 name=chip.run.runner_run.device_wall.arena_wire ts=6453 dur=4191 clk=dev
[mono_ns=182590939596081][T0x74909972a740][TIMING] emit_host_span: [STRACE] v=1 pid=473521 tid=473521 inv=5 hid=fce75cc27705b57e depth=3 name=chip.run.runner_run.device_wall.sm_reset ts=10716 dur=5681 clk=dev
[mono_ns=182590939597273][T0x74909972a740][TIMING] emit_host_span: [STRACE] v=1 pid=473521 tid=473521 inv=5 hid=fce75cc27705b57e depth=3 name=chip.run.runner_run.device_wall.post_orch ts=5270498 dur=4396 clk=dev
[mono_ns=182590939598264][T0x74909972a740][TIMING] emit_host_span: [STRACE] v=1 pid=473521 tid=473521 inv=5 hid=fce75cc27705b57e depth=3 name=chip.run.runner_run.device_wall.orch ts=16535 dur=4036546 clk=dev
[mono_ns=182590939599226][T0x74909972a740][TIMING] emit_host_span: [STRACE] v=1 pid=473521 tid=473521 inv=5 hid=fce75cc27705b57e depth=3 name=chip.run.runner_run.device_wall.sched ts=17294 dur=5237295 clk=dev
[mono_ns=182590939600808][T0x74909972a740][TIMING] emit_host_span: [STRACE] v=1 pid=473521 tid=473521 inv=5 hid=fce75cc27705b57e depth=1 name=chip.run.claim_release ts=182590939599877 dur=310
[mono_ns=182590939602801][T0x74909972a740][TIMING] emit_host_span: [STRACE] v=1 pid=473521 tid=473521 inv=5 hid=fce75cc27705b57e depth=0 name=chip.run ts=182590801790967 dur=137810873 run_id=0 dispatch_id=0 slot_id=0 generation=5 run_epoch=5
[mono_ns=182591062488613][T0x74909972a740][TIMING] emit_host_span: [STRACE] v=1 pid=473521 tid=473521 inv=6 hid=fce75cc27705b57e depth=2 name=chip.run.bind.args ts=182590940205075 dur=122271219
[mono_ns=182591062518678][T0x74909972a740][TIMING] emit_host_span: [STRACE] v=1 pid=473521 tid=473521 inv=6 hid=fce75cc27705b57e depth=2 name=chip.run.bind.prebuilt ts=182591062513951 dur=3615
[mono_ns=182591062521572][T0x74909972a740][TIMING] emit_host_span: [STRACE] v=1 pid=473521 tid=473521 inv=6 hid=fce75cc27705b57e depth=1 name=chip.run.bind ts=182590940199226 dur=122320884
[mono_ns=182591067854987][T0x74909972a740][WARN] prepare_execution: [device_runner.cpp:343] AICPU CPU_TOPO unavailable; using json_fallback: soc=Ascend950PR_9579 occupy=0x3e stable_reachable=5 requested=0 effective=5 affinity=[1, 2, 3, 4, 5(orch)]
[mono_ns=182591073534151][T0x74909972a740][TIMING] emit_host_span: [STRACE] v=1 pid=473521 tid=473521 inv=6 hid=fce75cc27705b57e depth=1 name=chip.run.runner_run ts=182591067931132 dur=5601527
[mono_ns=182591073877957][T0x74909972a740][TIMING] emit_host_span: [STRACE] v=1 pid=473521 tid=473521 inv=6 hid=fce75cc27705b57e depth=1 name=chip.run.validate ts=182591073538248 dur=338798
[mono_ns=182591073880411][T0x74909972a740][TIMING] emit_host_span: [STRACE] v=1 pid=473521 tid=473521 inv=6 hid=fce75cc27705b57e depth=2 name=chip.run.runner_run.device_wall ts=0 dur=5365510 clk=dev
[mono_ns=182591073882034][T0x74909972a740][TIMING] emit_host_span: [STRACE] v=1 pid=473521 tid=473521 inv=6 hid=fce75cc27705b57e depth=3 name=chip.run.runner_run.device_wall.preamble ts=0 dur=15357 clk=dev
[mono_ns=182591073883516][T0x74909972a740][TIMING] emit_host_span: [STRACE] v=1 pid=473521 tid=473521 inv=6 hid=fce75cc27705b57e depth=3 name=chip.run.runner_run.device_wall.graph_build ts=4213 dur=5356406 clk=dev
[mono_ns=182591073884517][T0x74909972a740][TIMING] emit_host_span: [STRACE] v=1 pid=473521 tid=473521 inv=6 hid=fce75cc27705b57e depth=3 name=chip.run.runner_run.device_wall.config_validate ts=4715 dur=1427 clk=dev
[mono_ns=182591073885489][T0x74909972a740][TIMING] emit_host_span: [STRACE] v=1 pid=473521 tid=473521 inv=6 hid=fce75cc27705b57e depth=3 name=chip.run.runner_run.device_wall.arena_wire ts=6162 dur=4335 clk=dev
[mono_ns=182591073896605][T0x74909972a740][TIMING] emit_host_span: [STRACE] v=1 pid=473521 tid=473521 inv=6 hid=fce75cc27705b57e depth=3 name=chip.run.runner_run.device_wall.sm_reset ts=10539 dur=5774 clk=dev
[mono_ns=182591073897637][T0x74909972a740][TIMING] emit_host_span: [STRACE] v=1 pid=473521 tid=473521 inv=6 hid=fce75cc27705b57e depth=3 name=chip.run.runner_run.device_wall.post_orch ts=5360679 dur=4432 clk=dev
[mono_ns=182591073898638][T0x74909972a740][TIMING] emit_host_span: [STRACE] v=1 pid=473521 tid=473521 inv=6 hid=fce75cc27705b57e depth=3 name=chip.run.runner_run.device_wall.orch ts=16460 dur=4106493 clk=dev
[mono_ns=182591073899670][T0x74909972a740][TIMING] emit_host_span: [STRACE] v=1 pid=473521 tid=473521 inv=6 hid=fce75cc27705b57e depth=3 name=chip.run.runner_run.device_wall.sched ts=17189 dur=5331111 clk=dev
[mono_ns=182591073900942][T0x74909972a740][TIMING] emit_host_span: [STRACE] v=1 pid=473521 tid=473521 inv=6 hid=fce75cc27705b57e depth=1 name=chip.run.claim_release ts=182591073900281 dur=100
[mono_ns=182591073902544][T0x74909972a740][TIMING] emit_host_span: [STRACE] v=1 pid=473521 tid=473521 inv=6 hid=fce75cc27705b57e depth=0 name=chip.run ts=182590940190263 dur=133711600 run_id=0 dispatch_id=0 slot_id=0 generation=6 run_epoch=6
[mono_ns=182591195543257][T0x74909972a740][TIMING] emit_host_span: [STRACE] v=1 pid=473521 tid=473521 inv=7 hid=fce75cc27705b57e depth=2 name=chip.run.bind.args ts=182591074253852 dur=121280262
[mono_ns=182591195563438][T0x74909972a740][TIMING] emit_host_span: [STRACE] v=1 pid=473521 tid=473521 inv=7 hid=fce75cc27705b57e depth=2 name=chip.run.bind.prebuilt ts=182591195560213 dur=2483
[mono_ns=182591195566322][T0x74909972a740][TIMING] emit_host_span: [STRACE] v=1 pid=473521 tid=473521 inv=7 hid=fce75cc27705b57e depth=1 name=chip.run.bind ts=182591074248794 dur=121316296
[mono_ns=182591201193638][T0x74909972a740][WARN] prepare_execution: [device_runner.cpp:343] AICPU CPU_TOPO unavailable; using json_fallback: soc=Ascend950PR_9579 occupy=0x3e stable_reachable=5 requested=0 effective=5 affinity=[1, 2, 3, 4, 5(orch)]
[mono_ns=182591207119602][T0x74909972a740][TIMING] emit_host_span: [STRACE] v=1 pid=473521 tid=473521 inv=7 hid=fce75cc27705b57e depth=1 name=chip.run.runner_run ts=182591201256843 dur=5861367
[mono_ns=182591207438201][T0x74909972a740][TIMING] emit_host_span: [STRACE] v=1 pid=473521 tid=473521 inv=7 hid=fce75cc27705b57e depth=1 name=chip.run.validate ts=182591207123158 dur=314181
[mono_ns=182591207440825][T0x74909972a740][TIMING] emit_host_span: [STRACE] v=1 pid=473521 tid=473521 inv=7 hid=fce75cc27705b57e depth=2 name=chip.run.runner_run.device_wall ts=0 dur=5647799 clk=dev
[mono_ns=182591207442497][T0x74909972a740][TIMING] emit_host_span: [STRACE] v=1 pid=473521 tid=473521 inv=7 hid=fce75cc27705b57e depth=3 name=chip.run.runner_run.device_wall.preamble ts=0 dur=15193 clk=dev
[mono_ns=182591207443749][T0x74909972a740][TIMING] emit_host_span: [STRACE] v=1 pid=473521 tid=473521 inv=7 hid=fce75cc27705b57e depth=3 name=chip.run.runner_run.device_wall.graph_build ts=4665 dur=5638172 clk=dev
[mono_ns=182591207444740][T0x74909972a740][TIMING] emit_host_span: [STRACE] v=1 pid=473521 tid=473521 inv=7 hid=fce75cc27705b57e depth=3 name=chip.run.runner_run.device_wall.config_validate ts=5029 dur=1442 clk=dev
[mono_ns=182591207445732][T0x74909972a740][TIMING] emit_host_span: [STRACE] v=1 pid=473521 tid=473521 inv=7 hid=fce75cc27705b57e depth=3 name=chip.run.runner_run.device_wall.arena_wire ts=6501 dur=3698 clk=dev
[mono_ns=182591207446733][T0x74909972a740][TIMING] emit_host_span: [STRACE] v=1 pid=473521 tid=473521 inv=7 hid=fce75cc27705b57e depth=3 name=chip.run.runner_run.device_wall.sm_reset ts=10644 dur=5189 clk=dev
[mono_ns=182591207447715][T0x74909972a740][TIMING] emit_host_span: [STRACE] v=1 pid=473521 tid=473521 inv=7 hid=fce75cc27705b57e depth=3 name=chip.run.runner_run.device_wall.post_orch ts=5642860 dur=4434 clk=dev
[mono_ns=182591207448706][T0x74909972a740][TIMING] emit_host_span: [STRACE] v=1 pid=473521 tid=473521 inv=7 hid=fce75cc27705b57e depth=3 name=chip.run.runner_run.device_wall.orch ts=16076 dur=4117876 clk=dev
[mono_ns=182591207458962][T0x74909972a740][TIMING] emit_host_span: [STRACE] v=1 pid=473521 tid=473521 inv=7 hid=fce75cc27705b57e depth=3 name=chip.run.runner_run.device_wall.sched ts=16535 dur=5609854 clk=dev
[mono_ns=182591207460274][T0x74909972a740][TIMING] emit_host_span: [STRACE] v=1 pid=473521 tid=473521 inv=7 hid=fce75cc27705b57e depth=1 name=chip.run.claim_release ts=182591207459593 dur=100
[mono_ns=182591207461746][T0x74909972a740][TIMING] emit_host_span: [STRACE] v=1 pid=473521 tid=473521 inv=7 hid=fce75cc27705b57e depth=0 name=chip.run ts=182591074243676 dur=133217449 run_id=0 dispatch_id=0 slot_id=0 generation=7 run_epoch=7
[mono_ns=182591319438875][T0x74909972a740][TIMING] emit_host_span: [STRACE] v=1 pid=473521 tid=473521 inv=8 hid=fce75cc27705b57e depth=2 name=chip.run.bind.args ts=182591207785372 dur=111643047
[mono_ns=182591319463852][T0x74909972a740][TIMING] emit_host_span: [STRACE] v=1 pid=473521 tid=473521 inv=8 hid=fce75cc27705b57e depth=2 name=chip.run.bind.prebuilt ts=182591319460317 dur=2704
[mono_ns=182591319466516][T0x74909972a740][TIMING] emit_host_span: [STRACE] v=1 pid=473521 tid=473521 inv=8 hid=fce75cc27705b57e depth=1 name=chip.run.bind ts=182591207780815 dur=111684509
[mono_ns=182591324697287][T0x74909972a740][WARN] prepare_execution: [device_runner.cpp:343] AICPU CPU_TOPO unavailable; using json_fallback: soc=Ascend950PR_9579 occupy=0x3e stable_reachable=5 requested=0 effective=5 affinity=[1, 2, 3, 4, 5(orch)]
[mono_ns=182591330412725][T0x74909972a740][TIMING] emit_host_span: [STRACE] v=1 pid=473521 tid=473521 inv=8 hid=fce75cc27705b57e depth=1 name=chip.run.runner_run ts=182591324755164 dur=5656049
[mono_ns=182591330680427][T0x74909972a740][TIMING] emit_host_span: [STRACE] v=1 pid=473521 tid=473521 inv=8 hid=fce75cc27705b57e depth=1 name=chip.run.validate ts=182591330417603 dur=261833
[mono_ns=182591330682631][T0x74909972a740][TIMING] emit_host_span: [STRACE] v=1 pid=473521 tid=473521 inv=8 hid=fce75cc27705b57e depth=2 name=chip.run.runner_run.device_wall ts=0 dur=5435531 clk=dev
[mono_ns=182591330684353][T0x74909972a740][TIMING] emit_host_span: [STRACE] v=1 pid=473521 tid=473521 inv=8 hid=fce75cc27705b57e depth=3 name=chip.run.runner_run.device_wall.preamble ts=0 dur=14571 clk=dev
[mono_ns=182591330685555][T0x74909972a740][TIMING] emit_host_span: [STRACE] v=1 pid=473521 tid=473521 inv=8 hid=fce75cc27705b57e depth=3 name=chip.run.runner_run.device_wall.graph_build ts=3641 dur=5426693 clk=dev
[mono_ns=182591330686556][T0x74909972a740][TIMING] emit_host_span: [STRACE] v=1 pid=473521 tid=473521 inv=8 hid=fce75cc27705b57e depth=3 name=chip.run.runner_run.device_wall.config_validate ts=4156 dur=1149 clk=dev
[mono_ns=182591330687538][T0x74909972a740][TIMING] emit_host_span: [STRACE] v=1 pid=473521 tid=473521 inv=8 hid=fce75cc27705b57e depth=3 name=chip.run.runner_run.device_wall.arena_wire ts=5553 dur=3761 clk=dev
[mono_ns=182591330688509][T0x74909972a740][TIMING] emit_host_span: [STRACE] v=1 pid=473521 tid=473521 inv=8 hid=fce75cc27705b57e depth=3 name=chip.run.runner_run.device_wall.sm_reset ts=9336 dur=6085 clk=dev
[mono_ns=182591330689501][T0x74909972a740][TIMING] emit_host_span: [STRACE] v=1 pid=473521 tid=473521 inv=8 hid=fce75cc27705b57e depth=3 name=chip.run.runner_run.device_wall.post_orch ts=5430364 dur=4801 clk=dev
[mono_ns=182591330690472][T0x74909972a740][TIMING] emit_host_span: [STRACE] v=1 pid=473521 tid=473521 inv=8 hid=fce75cc27705b57e depth=3 name=chip.run.runner_run.device_wall.orch ts=15668 dur=4096337 clk=dev
[mono_ns=182591330691494][T0x74909972a740][TIMING] emit_host_span: [STRACE] v=1 pid=473521 tid=473521 inv=8 hid=fce75cc27705b57e depth=3 name=chip.run.runner_run.device_wall.sched ts=16064 dur=5397649 clk=dev
[mono_ns=182591330692746][T0x74909972a740][TIMING] emit_host_span: [STRACE] v=1 pid=473521 tid=473521 inv=8 hid=fce75cc27705b57e depth=1 name=chip.run.claim_release ts=182591330692045 dur=120
[mono_ns=182591330694348][T0x74909972a740][TIMING] emit_host_span: [STRACE] v=1 pid=473521 tid=473521 inv=8 hid=fce75cc27705b57e depth=0 name=chip.run ts=182591207776649 dur=122917018 run_id=0 dispatch_id=0 slot_id=0 generation=8 run_epoch=8
[mono_ns=182591438542149][T0x74909972a740][TIMING] emit_host_span: [STRACE] v=1 pid=473521 tid=473521 inv=9 hid=fce75cc27705b57e depth=2 name=chip.run.bind.args ts=182591331058955 dur=107476985
[mono_ns=182591438562119][T0x74909972a740][TIMING] emit_host_span: [STRACE] v=1 pid=473521 tid=473521 inv=9 hid=fce75cc27705b57e depth=2 name=chip.run.bind.prebuilt ts=182591438558604 dur=2553
[mono_ns=182591438564272][T0x74909972a740][TIMING] emit_host_span: [STRACE] v=1 pid=473521 tid=473521 inv=9 hid=fce75cc27705b57e depth=1 name=chip.run.bind ts=182591331053808 dur=107509222
[mono_ns=182591443738318][T0x74909972a740][WARN] prepare_execution: [device_runner.cpp:343] AICPU CPU_TOPO unavailable; using json_fallback: soc=Ascend950PR_9579 occupy=0x3e stable_reachable=5 requested=0 effective=5 affinity=[1, 2, 3, 4, 5(orch)]
[mono_ns=182591449615539][T0x74909972a740][TIMING] emit_host_span: [STRACE] v=1 pid=473521 tid=473521 inv=9 hid=fce75cc27705b57e depth=1 name=chip.run.runner_run ts=182591443796545 dur=5817372
[mono_ns=182591449917673][T0x74909972a740][TIMING] emit_host_span: [STRACE] v=1 pid=473521 tid=473521 inv=9 hid=fce75cc27705b57e depth=1 name=chip.run.validate ts=182591449620016 dur=296625
[mono_ns=182591449920196][T0x74909972a740][TIMING] emit_host_span: [STRACE] v=1 pid=473521 tid=473521 inv=9 hid=fce75cc27705b57e depth=2 name=chip.run.runner_run.device_wall ts=0 dur=5616734 clk=dev
[mono_ns=182591449922009][T0x74909972a740][TIMING] emit_host_span: [STRACE] v=1 pid=473521 tid=473521 inv=9 hid=fce75cc27705b57e depth=3 name=chip.run.runner_run.device_wall.preamble ts=0 dur=14924 clk=dev
[mono_ns=182591449923321][T0x74909972a740][TIMING] emit_host_span: [STRACE] v=1 pid=473521 tid=473521 inv=9 hid=fce75cc27705b57e depth=3 name=chip.run.runner_run.device_wall.graph_build ts=3590 dur=5607923 clk=dev
[mono_ns=182591449924333][T0x74909972a740][TIMING] emit_host_span: [STRACE] v=1 pid=473521 tid=473521 inv=9 hid=fce75cc27705b57e depth=3 name=chip.run.runner_run.device_wall.config_validate ts=4244 dur=1694 clk=dev
[mono_ns=182591449925344][T0x74909972a740][TIMING] emit_host_span: [STRACE] v=1 pid=473521 tid=473521 inv=9 hid=fce75cc27705b57e depth=3 name=chip.run.runner_run.device_wall.arena_wire ts=5960 dur=3839 clk=dev
[mono_ns=182591449926306][T0x74909972a740][TIMING] emit_host_span: [STRACE] v=1 pid=473521 tid=473521 inv=9 hid=fce75cc27705b57e depth=3 name=chip.run.runner_run.device_wall.sm_reset ts=9877 dur=5375 clk=dev
[mono_ns=182591449927317][T0x74909972a740][TIMING] emit_host_span: [STRACE] v=1 pid=473521 tid=473521 inv=9 hid=fce75cc27705b57e depth=3 name=chip.run.runner_run.device_wall.post_orch ts=5611587 dur=4441 clk=dev
[mono_ns=182591449928279][T0x74909972a740][TIMING] emit_host_span: [STRACE] v=1 pid=473521 tid=473521 inv=9 hid=fce75cc27705b57e depth=3 name=chip.run.runner_run.device_wall.orch ts=15440 dur=4038013 clk=dev
[mono_ns=182591449929250][T0x74909972a740][TIMING] emit_host_span: [STRACE] v=1 pid=473521 tid=473521 inv=9 hid=fce75cc27705b57e depth=3 name=chip.run.runner_run.device_wall.sched ts=15979 dur=5581054 clk=dev
[mono_ns=182591449930482][T0x74909972a740][TIMING] emit_host_span: [STRACE] v=1 pid=473521 tid=473521 inv=9 hid=fce75cc27705b57e depth=1 name=chip.run.claim_release ts=182591449929841 dur=90
[mono_ns=182591449932195][T0x74909972a740][TIMING] emit_host_span: [STRACE] v=1 pid=473521 tid=473521 inv=9 hid=fce75cc27705b57e depth=0 name=chip.run ts=182591331049211 dur=118882192 run_id=0 dispatch_id=0 slot_id=0 generation=9 run_epoch=9
[mono_ns=182591576578831][T0x74909972a740][TIMING] emit_host_span: [STRACE] v=1 pid=473521 tid=473521 inv=10 hid=fce75cc27705b57e depth=2 name=chip.run.bind.args ts=182591450269030 dur=126297012
[mono_ns=182591576612902][T0x74909972a740][TIMING] emit_host_span: [STRACE] v=1 pid=473521 tid=473521 inv=10 hid=fce75cc27705b57e depth=2 name=chip.run.bind.prebuilt ts=182591576608556 dur=3304
[mono_ns=182591576617219][T0x74909972a740][TIMING] emit_host_span: [STRACE] v=1 pid=473521 tid=473521 inv=10 hid=fce75cc27705b57e depth=1 name=chip.run.bind ts=182591450263702 dur=126351754
[mono_ns=182591581826047][T0x74909972a740][WARN] prepare_execution: [device_runner.cpp:343] AICPU CPU_TOPO unavailable; using json_fallback: soc=Ascend950PR_9579 occupy=0x3e stable_reachable=5 requested=0 effective=5 affinity=[1, 2, 3, 4, 5(orch)]
[mono_ns=182591587536497][T0x74909972a740][TIMING] emit_host_span: [STRACE] v=1 pid=473521 tid=473521 inv=10 hid=fce75cc27705b57e depth=1 name=chip.run.runner_run ts=182591581892897 dur=5641778
[mono_ns=182591587861535][T0x74909972a740][TIMING] emit_host_span: [STRACE] v=1 pid=473521 tid=473521 inv=10 hid=fce75cc27705b57e depth=1 name=chip.run.validate ts=182591587540223 dur=320311
[mono_ns=182591587863588][T0x74909972a740][TIMING] emit_host_span: [STRACE] v=1 pid=473521 tid=473521 inv=10 hid=fce75cc27705b57e depth=2 name=chip.run.runner_run.device_wall ts=0 dur=5438508 clk=dev
[mono_ns=182591587864960][T0x74909972a740][TIMING] emit_host_span: [STRACE] v=1 pid=473521 tid=473521 inv=10 hid=fce75cc27705b57e depth=3 name=chip.run.runner_run.device_wall.preamble ts=0 dur=14540 clk=dev
[mono_ns=182591587866423][T0x74909972a740][TIMING] emit_host_span: [STRACE] v=1 pid=473521 tid=473521 inv=10 hid=fce75cc27705b57e depth=3 name=chip.run.runner_run.device_wall.graph_build ts=3676 dur=5429598 clk=dev
[mono_ns=182591587867424][T0x74909972a740][TIMING] emit_host_span: [STRACE] v=1 pid=473521 tid=473521 inv=10 hid=fce75cc27705b57e depth=3 name=chip.run.runner_run.device_wall.config_validate ts=4414 dur=1248 clk=dev
[mono_ns=182591587868386][T0x74909972a740][TIMING] emit_host_span: [STRACE] v=1 pid=473521 tid=473521 inv=10 hid=fce75cc27705b57e depth=3 name=chip.run.runner_run.device_wall.arena_wire ts=5673 dur=3740 clk=dev
[mono_ns=182591587869347][T0x74909972a740][TIMING] emit_host_span: [STRACE] v=1 pid=473521 tid=473521 inv=10 hid=fce75cc27705b57e depth=3 name=chip.run.runner_run.device_wall.sm_reset ts=9486 dur=6416 clk=dev
[mono_ns=182591587870339][T0x74909972a740][TIMING] emit_host_span: [STRACE] v=1 pid=473521 tid=473521 inv=10 hid=fce75cc27705b57e depth=3 name=chip.run.runner_run.device_wall.post_orch ts=5433339 dur=4688 clk=dev
[mono_ns=182591587871310][T0x74909972a740][TIMING] emit_host_span: [STRACE] v=1 pid=473521 tid=473521 inv=10 hid=fce75cc27705b57e depth=3 name=chip.run.runner_run.device_wall.orch ts=16149 dur=4073803 clk=dev
[mono_ns=182591587872281][T0x74909972a740][TIMING] emit_host_span: [STRACE] v=1 pid=473521 tid=473521 inv=10 hid=fce75cc27705b57e depth=3 name=chip.run.runner_run.device_wall.sched ts=16831 dur=5400154 clk=dev
[mono_ns=182591587873633][T0x74909972a740][TIMING] emit_host_span: [STRACE] v=1 pid=473521 tid=473521 inv=10 hid=fce75cc27705b57e depth=1 name=chip.run.claim_release ts=182591587872812 dur=221
[mono_ns=182591587875436][T0x74909972a740][TIMING] emit_host_span: [STRACE] v=1 pid=473521 tid=473521 inv=10 hid=fce75cc27705b57e depth=0 name=chip.run ts=182591450259145 dur=137615550 run_id=0 dispatch_id=0 slot_id=0 generation=10 run_epoch=10
[mono_ns=182591699537792][T0x74909972a740][TIMING] emit_host_span: [STRACE] v=1 pid=473521 tid=473521 inv=11 hid=fce75cc27705b57e depth=2 name=chip.run.bind.args ts=182591588347945 dur=111178811
[mono_ns=182591699567467][T0x74909972a740][TIMING] emit_host_span: [STRACE] v=1 pid=473521 tid=473521 inv=11 hid=fce75cc27705b57e depth=2 name=chip.run.bind.prebuilt ts=182591699563010 dur=3556
[mono_ns=182591699570491][T0x74909972a740][TIMING] emit_host_span: [STRACE] v=1 pid=473521 tid=473521 inv=11 hid=fce75cc27705b57e depth=1 name=chip.run.bind ts=182591588342597 dur=111226302
[mono_ns=182591704732669][T0x74909972a740][WARN] prepare_execution: [device_runner.cpp:343] AICPU CPU_TOPO unavailable; using json_fallback: soc=Ascend950PR_9579 occupy=0x3e stable_reachable=5 requested=0 effective=5 affinity=[1, 2, 3, 4, 5(orch)]
[mono_ns=182591710590692][T0x74909972a740][TIMING] emit_host_span: [STRACE] v=1 pid=473521 tid=473521 inv=11 hid=fce75cc27705b57e depth=1 name=chip.run.runner_run ts=182591704789675 dur=5799685
[mono_ns=182591710877913][T0x74909972a740][TIMING] emit_host_span: [STRACE] v=1 pid=473521 tid=473521 inv=11 hid=fce75cc27705b57e depth=1 name=chip.run.validate ts=182591710600907 dur=275934
[mono_ns=182591710880116][T0x74909972a740][TIMING] emit_host_span: [STRACE] v=1 pid=473521 tid=473521 inv=11 hid=fce75cc27705b57e depth=2 name=chip.run.runner_run.device_wall ts=0 dur=5589610 clk=dev
[mono_ns=182591710881629][T0x74909972a740][TIMING] emit_host_span: [STRACE] v=1 pid=473521 tid=473521 inv=11 hid=fce75cc27705b57e depth=3 name=chip.run.runner_run.device_wall.preamble ts=0 dur=15530 clk=dev
[mono_ns=182591710883011][T0x74909972a740][TIMING] emit_host_span: [STRACE] v=1 pid=473521 tid=473521 inv=11 hid=fce75cc27705b57e depth=3 name=chip.run.runner_run.device_wall.graph_build ts=4152 dur=5580367 clk=dev
[mono_ns=182591710883992][T0x74909972a740][TIMING] emit_host_span: [STRACE] v=1 pid=473521 tid=473521 inv=11 hid=fce75cc27705b57e depth=3 name=chip.run.runner_run.device_wall.config_validate ts=4670 dur=1553 clk=dev
[mono_ns=182591710884984][T0x74909972a740][TIMING] emit_host_span: [STRACE] v=1 pid=473521 tid=473521 inv=11 hid=fce75cc27705b57e depth=3 name=chip.run.runner_run.device_wall.arena_wire ts=6240 dur=3660 clk=dev
[mono_ns=182591710885945][T0x74909972a740][TIMING] emit_host_span: [STRACE] v=1 pid=473521 tid=473521 inv=11 hid=fce75cc27705b57e depth=3 name=chip.run.runner_run.device_wall.sm_reset ts=9918 dur=6795 clk=dev
[mono_ns=182591710886957][T0x74909972a740][TIMING] emit_host_span: [STRACE] v=1 pid=473521 tid=473521 inv=11 hid=fce75cc27705b57e depth=3 name=chip.run.runner_run.device_wall.post_orch ts=5584575 dur=4571 clk=dev
[mono_ns=182591710887968][T0x74909972a740][TIMING] emit_host_span: [STRACE] v=1 pid=473521 tid=473521 inv=11 hid=fce75cc27705b57e depth=3 name=chip.run.runner_run.device_wall.orch ts=16852 dur=4065238 clk=dev
[mono_ns=182591710888920][T0x74909972a740][TIMING] emit_host_span: [STRACE] v=1 pid=473521 tid=473521 inv=11 hid=fce75cc27705b57e depth=3 name=chip.run.runner_run.device_wall.sched ts=17358 dur=5553090 clk=dev
[mono_ns=182591710890302][T0x74909972a740][TIMING] emit_host_span: [STRACE] v=1 pid=473521 tid=473521 inv=11 hid=fce75cc27705b57e depth=1 name=chip.run.claim_release ts=182591710889480 dur=221
[mono_ns=182591710891954][T0x74909972a740][TIMING] emit_host_span: [STRACE] v=1 pid=473521 tid=473521 inv=11 hid=fce75cc27705b57e depth=0 name=chip.run ts=182591588336098 dur=122555165 run_id=0 dispatch_id=0 slot_id=0 generation=11 run_epoch=11
[mono_ns=182591820360568][T0x74909972a740][TIMING] emit_host_span: [STRACE] v=1 pid=473521 tid=473521 inv=12 hid=fce75cc27705b57e depth=2 name=chip.run.bind.args ts=182591711343912 dur=109008644
[mono_ns=182591820384854][T0x74909972a740][TIMING] emit_host_span: [STRACE] v=1 pid=473521 tid=473521 inv=12 hid=fce75cc27705b57e depth=2 name=chip.run.bind.prebuilt ts=182591820381028 dur=3015
[mono_ns=182591820388369][T0x74909972a740][TIMING] emit_host_span: [STRACE] v=1 pid=473521 tid=473521 inv=12 hid=fce75cc27705b57e depth=1 name=chip.run.bind ts=182591711338895 dur=109047391
[mono_ns=182591825542726][T0x74909972a740][WARN] prepare_execution: [device_runner.cpp:343] AICPU CPU_TOPO unavailable; using json_fallback: soc=Ascend950PR_9579 occupy=0x3e stable_reachable=5 requested=0 effective=5 affinity=[1, 2, 3, 4, 5(orch)]
[mono_ns=182591831331644][T0x74909972a740][TIMING] emit_host_span: [STRACE] v=1 pid=473521 tid=473521 inv=12 hid=fce75cc27705b57e depth=1 name=chip.run.runner_run ts=182591825596957 dur=5732734
[mono_ns=182591831609862][T0x74909972a740][TIMING] emit_host_span: [STRACE] v=1 pid=473521 tid=473521 inv=12 hid=fce75cc27705b57e depth=1 name=chip.run.validate ts=182591831335931 dur=273110
[mono_ns=182591831611935][T0x74909972a740][TIMING] emit_host_span: [STRACE] v=1 pid=473521 tid=473521 inv=12 hid=fce75cc27705b57e depth=2 name=chip.run.runner_run.device_wall ts=0 dur=5520599 clk=dev
[mono_ns=182591831613678][T0x74909972a740][TIMING] emit_host_span: [STRACE] v=1 pid=473521 tid=473521 inv=12 hid=fce75cc27705b57e depth=3 name=chip.run.runner_run.device_wall.preamble ts=0 dur=15886 clk=dev
[mono_ns=182591831622621][T0x74909972a740][TIMING] emit_host_span: [STRACE] v=1 pid=473521 tid=473521 inv=12 hid=fce75cc27705b57e depth=3 name=chip.run.runner_run.device_wall.graph_build ts=3847 dur=5511758 clk=dev
[mono_ns=182591831623733][T0x74909972a740][TIMING] emit_host_span: [STRACE] v=1 pid=473521 tid=473521 inv=12 hid=fce75cc27705b57e depth=3 name=chip.run.runner_run.device_wall.config_validate ts=4478 dur=1519 clk=dev
[mono_ns=182591831624684][T0x74909972a740][TIMING] emit_host_span: [STRACE] v=1 pid=473521 tid=473521 inv=12 hid=fce75cc27705b57e depth=3 name=chip.run.runner_run.device_wall.arena_wire ts=6063 dur=3436 clk=dev
[mono_ns=182591831625656][T0x74909972a740][TIMING] emit_host_span: [STRACE] v=1 pid=473521 tid=473521 inv=12 hid=fce75cc27705b57e depth=3 name=chip.run.runner_run.device_wall.sm_reset ts=9520 dur=6401 clk=dev
[mono_ns=182591831626857][T0x74909972a740][TIMING] emit_host_span: [STRACE] v=1 pid=473521 tid=473521 inv=12 hid=fce75cc27705b57e depth=3 name=chip.run.runner_run.device_wall.post_orch ts=5515626 dur=4460 clk=dev
[mono_ns=182591831628069][T0x74909972a740][TIMING] emit_host_span: [STRACE] v=1 pid=473521 tid=473521 inv=12 hid=fce75cc27705b57e depth=3 name=chip.run.runner_run.device_wall.orch ts=16168 dur=4112179 clk=dev
[mono_ns=182591831629051][T0x74909972a740][TIMING] emit_host_span: [STRACE] v=1 pid=473521 tid=473521 inv=12 hid=fce75cc27705b57e depth=3 name=chip.run.runner_run.device_wall.sched ts=16814 dur=5484389 clk=dev
[mono_ns=182591831630413][T0x74909972a740][TIMING] emit_host_span: [STRACE] v=1 pid=473521 tid=473521 inv=12 hid=fce75cc27705b57e depth=1 name=chip.run.claim_release ts=182591831629642 dur=110
[mono_ns=182591831631905][T0x74909972a740][TIMING] emit_host_span: [STRACE] v=1 pid=473521 tid=473521 inv=12 hid=fce75cc27705b57e depth=0 name=chip.run ts=182591711333306 dur=120297958 run_id=0 dispatch_id=0 slot_id=0 generation=12 run_epoch=12
[mono_ns=182591939159245][T0x74909972a740][TIMING] emit_host_span: [STRACE] v=1 pid=473521 tid=473521 inv=13 hid=fce75cc27705b57e depth=2 name=chip.run.bind.args ts=182591832039316 dur=107113589
[mono_ns=182591939183862][T0x74909972a740][TIMING] emit_host_span: [STRACE] v=1 pid=473521 tid=473521 inv=13 hid=fce75cc27705b57e depth=2 name=chip.run.bind.prebuilt ts=182591939180006 dur=3175
[mono_ns=182591939187127][T0x74909972a740][TIMING] emit_host_span: [STRACE] v=1 pid=473521 tid=473521 inv=13 hid=fce75cc27705b57e depth=1 name=chip.run.bind ts=182591832034860 dur=107150504
[mono_ns=182591965595173][T0x74909972a740][WARN] prepare_execution: [device_runner.cpp:343] AICPU CPU_TOPO unavailable; using json_fallback: soc=Ascend950PR_9579 occupy=0x3e stable_reachable=5 requested=0 effective=5 affinity=[1, 2, 3, 4, 5(orch)]
[mono_ns=182591971740837][T0x74909972a740][TIMING] emit_host_span: [STRACE] v=1 pid=473521 tid=473521 inv=13 hid=fce75cc27705b57e depth=1 name=chip.run.runner_run ts=182591965653090 dur=6085684
[mono_ns=182591972012815][T0x74909972a740][TIMING] emit_host_span: [STRACE] v=1 pid=473521 tid=473521 inv=13 hid=fce75cc27705b57e depth=1 name=chip.run.validate ts=182591971746125 dur=265809
[mono_ns=182591972015580][T0x74909972a740][TIMING] emit_host_span: [STRACE] v=1 pid=473521 tid=473521 inv=13 hid=fce75cc27705b57e depth=2 name=chip.run.runner_run.device_wall ts=0 dur=5874640 clk=dev
[mono_ns=182591972017312][T0x74909972a740][TIMING] emit_host_span: [STRACE] v=1 pid=473521 tid=473521 inv=13 hid=fce75cc27705b57e depth=3 name=chip.run.runner_run.device_wall.preamble ts=0 dur=16059 clk=dev
[mono_ns=182591972018754][T0x74909972a740][TIMING] emit_host_span: [STRACE] v=1 pid=473521 tid=473521 inv=13 hid=fce75cc27705b57e depth=3 name=chip.run.runner_run.device_wall.graph_build ts=4143 dur=5865661 clk=dev
[mono_ns=182591972019756][T0x74909972a740][TIMING] emit_host_span: [STRACE] v=1 pid=473521 tid=473521 inv=13 hid=fce75cc27705b57e depth=3 name=chip.run.runner_run.device_wall.config_validate ts=4741 dur=1714 clk=dev
[mono_ns=182591972020737][T0x74909972a740][TIMING] emit_host_span: [STRACE] v=1 pid=473521 tid=473521 inv=13 hid=fce75cc27705b57e depth=3 name=chip.run.runner_run.device_wall.arena_wire ts=6472 dur=4198 clk=dev
[mono_ns=182591972027968][T0x74909972a740][TIMING] emit_host_span: [STRACE] v=1 pid=473521 tid=473521 inv=13 hid=fce75cc27705b57e depth=3 name=chip.run.runner_run.device_wall.sm_reset ts=10687 dur=6362 clk=dev
[mono_ns=182591972029040][T0x74909972a740][TIMING] emit_host_span: [STRACE] v=1 pid=473521 tid=473521 inv=13 hid=fce75cc27705b57e depth=3 name=chip.run.runner_run.device_wall.post_orch ts=5869829 dur=4252 clk=dev
[mono_ns=182591972030021][T0x74909972a740][TIMING] emit_host_span: [STRACE] v=1 pid=473521 tid=473521 inv=13 hid=fce75cc27705b57e depth=3 name=chip.run.runner_run.device_wall.orch ts=17073 dur=4157214 clk=dev
[mono_ns=182591972031003][T0x74909972a740][TIMING] emit_host_span: [STRACE] v=1 pid=473521 tid=473521 inv=13 hid=fce75cc27705b57e depth=3 name=chip.run.runner_run.device_wall.sched ts=17777 dur=5835384 clk=dev
[mono_ns=182591972032505][T0x74909972a740][TIMING] emit_host_span: [STRACE] v=1 pid=473521 tid=473521 inv=13 hid=fce75cc27705b57e depth=1 name=chip.run.claim_release ts=182591972031844 dur=70
[mono_ns=182591972033917][T0x74909972a740][TIMING] emit_host_span: [STRACE] v=1 pid=473521 tid=473521 inv=13 hid=fce75cc27705b57e depth=0 name=chip.run ts=182591832029241 dur=140004045 run_id=0 dispatch_id=0 slot_id=0 generation=13 run_epoch=13
[mono_ns=182592081791925][T0x74909972a740][TIMING] emit_host_span: [STRACE] v=1 pid=473521 tid=473521 inv=14 hid=fce75cc27705b57e depth=2 name=chip.run.bind.args ts=182591972435770 dur=109345369
[mono_ns=182592081818895][T0x74909972a740][TIMING] emit_host_span: [STRACE] v=1 pid=473521 tid=473521 inv=14 hid=fce75cc27705b57e depth=2 name=chip.run.bind.prebuilt ts=182592081814609 dur=3395
[mono_ns=182592081822331][T0x74909972a740][TIMING] emit_host_span: [STRACE] v=1 pid=473521 tid=473521 inv=14 hid=fce75cc27705b57e depth=1 name=chip.run.bind ts=182591972430833 dur=109389555
[mono_ns=182592086961654][T0x74909972a740][WARN] prepare_execution: [device_runner.cpp:343] AICPU CPU_TOPO unavailable; using json_fallback: soc=Ascend950PR_9579 occupy=0x3e stable_reachable=5 requested=0 effective=5 affinity=[1, 2, 3, 4, 5(orch)]
[mono_ns=182592092707739][T0x74909972a740][TIMING] emit_host_span: [STRACE] v=1 pid=473521 tid=473521 inv=14 hid=fce75cc27705b57e depth=1 name=chip.run.runner_run ts=182592087016527 dur=5689599
[mono_ns=182592093009131][T0x74909972a740][TIMING] emit_host_span: [STRACE] v=1 pid=473521 tid=473521 inv=14 hid=fce75cc27705b57e depth=1 name=chip.run.validate ts=182592092713007 dur=295173
[mono_ns=182592093011835][T0x74909972a740][TIMING] emit_host_span: [STRACE] v=1 pid=473521 tid=473521 inv=14 hid=fce75cc27705b57e depth=2 name=chip.run.runner_run.device_wall ts=0 dur=5470710 clk=dev
[mono_ns=182592093013367][T0x74909972a740][TIMING] emit_host_span: [STRACE] v=1 pid=473521 tid=473521 inv=14 hid=fce75cc27705b57e depth=3 name=chip.run.runner_run.device_wall.preamble ts=0 dur=14824 clk=dev
[mono_ns=182592093014760][T0x74909972a740][TIMING] emit_host_span: [STRACE] v=1 pid=473521 tid=473521 inv=14 hid=fce75cc27705b57e depth=3 name=chip.run.runner_run.device_wall.graph_build ts=3965 dur=5460964 clk=dev
[mono_ns=182592093015771][T0x74909972a740][TIMING] emit_host_span: [STRACE] v=1 pid=473521 tid=473521 inv=14 hid=fce75cc27705b57e depth=3 name=chip.run.runner_run.device_wall.config_validate ts=4575 dur=1829 clk=dev
[mono_ns=182592093016753][T0x74909972a740][TIMING] emit_host_span: [STRACE] v=1 pid=473521 tid=473521 inv=14 hid=fce75cc27705b57e depth=3 name=chip.run.runner_run.device_wall.arena_wire ts=6418 dur=3757 clk=dev
[mono_ns=182592093017764][T0x74909972a740][TIMING] emit_host_span: [STRACE] v=1 pid=473521 tid=473521 inv=14 hid=fce75cc27705b57e depth=3 name=chip.run.runner_run.device_wall.sm_reset ts=10193 dur=5635 clk=dev
[mono_ns=182592093018956][T0x74909972a740][TIMING] emit_host_span: [STRACE] v=1 pid=473521 tid=473521 inv=14 hid=fce75cc27705b57e depth=3 name=chip.run.runner_run.device_wall.post_orch ts=5464943 dur=5011 clk=dev
[mono_ns=182592093027248][T0x74909972a740][TIMING] emit_host_span: [STRACE] v=1 pid=473521 tid=473521 inv=14 hid=fce75cc27705b57e depth=3 name=chip.run.runner_run.device_wall.orch ts=16082 dur=4056642 clk=dev
[mono_ns=182592093028270][T0x74909972a740][TIMING] emit_host_span: [STRACE] v=1 pid=473521 tid=473521 inv=14 hid=fce75cc27705b57e depth=3 name=chip.run.runner_run.device_wall.sched ts=16583 dur=5434227 clk=dev
[mono_ns=182592093029692][T0x74909972a740][TIMING] emit_host_span: [STRACE] v=1 pid=473521 tid=473521 inv=14 hid=fce75cc27705b57e depth=1 name=chip.run.claim_release ts=182592093028881 dur=220
[mono_ns=182592093031324][T0x74909972a740][TIMING] emit_host_span: [STRACE] v=1 pid=473521 tid=473521 inv=14 hid=fce75cc27705b57e depth=0 name=chip.run ts=182591972425335 dur=120605338 run_id=0 dispatch_id=0 slot_id=0 generation=14 run_epoch=14
[mono_ns=182592201471554][T0x74909972a740][TIMING] emit_host_span: [STRACE] v=1 pid=473521 tid=473521 inv=15 hid=fce75cc27705b57e depth=2 name=chip.run.bind.args ts=182592093454109 dur=108010195
[mono_ns=182592201493798][T0x74909972a740][TIMING] emit_host_span: [STRACE] v=1 pid=473521 tid=473521 inv=15 hid=fce75cc27705b57e depth=2 name=chip.run.bind.prebuilt ts=182592201490012 dur=3095
[mono_ns=182592201497413][T0x74909972a740][TIMING] emit_host_span: [STRACE] v=1 pid=473521 tid=473521 inv=15 hid=fce75cc27705b57e depth=1 name=chip.run.bind ts=182592093449272 dur=108046238
[mono_ns=182592206637789][T0x74909972a740][WARN] prepare_execution: [device_runner.cpp:343] AICPU CPU_TOPO unavailable; using json_fallback: soc=Ascend950PR_9579 occupy=0x3e stable_reachable=5 requested=0 effective=5 affinity=[1, 2, 3, 4, 5(orch)]
[mono_ns=182592212443492][T0x74909972a740][TIMING] emit_host_span: [STRACE] v=1 pid=473521 tid=473521 inv=15 hid=fce75cc27705b57e depth=1 name=chip.run.runner_run ts=182592206680603 dur=5751943
[mono_ns=182592212802882][T0x74909972a740][TIMING] emit_host_span: [STRACE] v=1 pid=473521 tid=473521 inv=15 hid=fce75cc27705b57e depth=1 name=chip.run.validate ts=182592212457143 dur=344317
[mono_ns=182592212805916][T0x74909972a740][TIMING] emit_host_span: [STRACE] v=1 pid=473521 tid=473521 inv=15 hid=fce75cc27705b57e depth=2 name=chip.run.runner_run.device_wall ts=0 dur=5488019 clk=dev
[mono_ns=182592212808050][T0x74909972a740][TIMING] emit_host_span: [STRACE] v=1 pid=473521 tid=473521 inv=15 hid=fce75cc27705b57e depth=3 name=chip.run.runner_run.device_wall.preamble ts=0 dur=15699 clk=dev
[mono_ns=182592212809422][T0x74909972a740][TIMING] emit_host_span: [STRACE] v=1 pid=473521 tid=473521 inv=15 hid=fce75cc27705b57e depth=3 name=chip.run.runner_run.device_wall.graph_build ts=4313 dur=5479093 clk=dev
[mono_ns=182592212810503][T0x74909972a740][TIMING] emit_host_span: [STRACE] v=1 pid=473521 tid=473521 inv=15 hid=fce75cc27705b57e depth=3 name=chip.run.runner_run.device_wall.config_validate ts=5106 dur=1492 clk=dev
[mono_ns=182592212811525][T0x74909972a740][TIMING] emit_host_span: [STRACE] v=1 pid=473521 tid=473521 inv=15 hid=fce75cc27705b57e depth=3 name=chip.run.runner_run.device_wall.arena_wire ts=6616 dur=3816 clk=dev
[mono_ns=182592212812526][T0x74909972a740][TIMING] emit_host_span: [STRACE] v=1 pid=473521 tid=473521 inv=15 hid=fce75cc27705b57e depth=3 name=chip.run.runner_run.device_wall.sm_reset ts=10451 dur=6668 clk=dev
[mono_ns=182592212813538][T0x74909972a740][TIMING] emit_host_span: [STRACE] v=1 pid=473521 tid=473521 inv=15 hid=fce75cc27705b57e depth=3 name=chip.run.runner_run.device_wall.post_orch ts=5483438 dur=4098 clk=dev
[mono_ns=182592212814519][T0x74909972a740][TIMING] emit_host_span: [STRACE] v=1 pid=473521 tid=473521 inv=15 hid=fce75cc27705b57e depth=3 name=chip.run.runner_run.device_wall.orch ts=17313 dur=4065733 clk=dev
[mono_ns=182592212815501][T0x74909972a740][TIMING] emit_host_span: [STRACE] v=1 pid=473521 tid=473521 inv=15 hid=fce75cc27705b57e depth=3 name=chip.run.runner_run.device_wall.sched ts=18029 dur=5449076 clk=dev
[mono_ns=182592212817584][T0x74909972a740][TIMING] emit_host_span: [STRACE] v=1 pid=473521 tid=473521 inv=15 hid=fce75cc27705b57e depth=1 name=chip.run.claim_release ts=182592212816092 dur=851
[mono_ns=182592212829532][T0x74909972a740][TIMING] emit_host_span: [STRACE] v=1 pid=473521 tid=473521 inv=15 hid=fce75cc27705b57e depth=0 name=chip.run ts=182592093442161 dur=119386580 run_id=0 dispatch_id=0 slot_id=0 generation=15 run_epoch=15
[mono_ns=182592339810801][T0x74909972a740][TIMING] emit_host_span: [STRACE] v=1 pid=473521 tid=473521 inv=16 hid=fce75cc27705b57e depth=2 name=chip.run.bind.args ts=182592213215732 dur=126584483
[mono_ns=182592339841697][T0x74909972a740][TIMING] emit_host_span: [STRACE] v=1 pid=473521 tid=473521 inv=16 hid=fce75cc27705b57e depth=2 name=chip.run.bind.prebuilt ts=182592339837040 dur=3756
[mono_ns=182592339844711][T0x74909972a740][TIMING] emit_host_span: [STRACE] v=1 pid=473521 tid=473521 inv=16 hid=fce75cc27705b57e depth=1 name=chip.run.bind ts=182592213206858 dur=126636501
[mono_ns=182592345096374][T0x74909972a740][WARN] prepare_execution: [device_runner.cpp:343] AICPU CPU_TOPO unavailable; using json_fallback: soc=Ascend950PR_9579 occupy=0x3e stable_reachable=5 requested=0 effective=5 affinity=[1, 2, 3, 4, 5(orch)]
[mono_ns=182592350866985][T0x74909972a740][TIMING] emit_host_span: [STRACE] v=1 pid=473521 tid=473521 inv=16 hid=fce75cc27705b57e depth=1 name=chip.run.runner_run ts=182592345165067 dur=5700316
[mono_ns=182592351156610][T0x74909972a740][TIMING] emit_host_span: [STRACE] v=1 pid=473521 tid=473521 inv=16 hid=fce75cc27705b57e depth=1 name=chip.run.validate ts=182592350872583 dur=282995
[mono_ns=182592351160135][T0x74909972a740][TIMING] emit_host_span: [STRACE] v=1 pid=473521 tid=473521 inv=16 hid=fce75cc27705b57e depth=2 name=chip.run.runner_run.device_wall ts=0 dur=5454343 clk=dev
[mono_ns=182592351161777][T0x74909972a740][TIMING] emit_host_span: [STRACE] v=1 pid=473521 tid=473521 inv=16 hid=fce75cc27705b57e depth=3 name=chip.run.runner_run.device_wall.preamble ts=0 dur=16149 clk=dev
[mono_ns=182592351163280][T0x74909972a740][TIMING] emit_host_span: [STRACE] v=1 pid=473521 tid=473521 inv=16 hid=fce75cc27705b57e depth=3 name=chip.run.runner_run.device_wall.graph_build ts=4231 dur=5444699 clk=dev
[mono_ns=182592351164301][T0x74909972a740][TIMING] emit_host_span: [STRACE] v=1 pid=473521 tid=473521 inv=16 hid=fce75cc27705b57e depth=3 name=chip.run.runner_run.device_wall.config_validate ts=4888 dur=1611 clk=dev
[mono_ns=182592351165263][T0x74909972a740][TIMING] emit_host_span: [STRACE] v=1 pid=473521 tid=473521 inv=16 hid=fce75cc27705b57e depth=3 name=chip.run.runner_run.device_wall.arena_wire ts=6532 dur=2929 clk=dev
[mono_ns=182592351166224][T0x74909972a740][TIMING] emit_host_span: [STRACE] v=1 pid=473521 tid=473521 inv=16 hid=fce75cc27705b57e depth=3 name=chip.run.runner_run.device_wall.sm_reset ts=9519 dur=5475 clk=dev
[mono_ns=182592351167246][T0x74909972a740][TIMING] emit_host_span: [STRACE] v=1 pid=473521 tid=473521 inv=16 hid=fce75cc27705b57e depth=3 name=chip.run.runner_run.device_wall.post_orch ts=5448947 dur=4537 clk=dev
[mono_ns=182592351168207][T0x74909972a740][TIMING] emit_host_span: [STRACE] v=1 pid=473521 tid=473521 inv=16 hid=fce75cc27705b57e depth=3 name=chip.run.runner_run.device_wall.orch ts=15245 dur=4135609 clk=dev
[mono_ns=182592351169189][T0x74909972a740][TIMING] emit_host_span: [STRACE] v=1 pid=473521 tid=473521 inv=16 hid=fce75cc27705b57e depth=3 name=chip.run.runner_run.device_wall.sched ts=16485 dur=5417898 clk=dev
[mono_ns=182592351170480][T0x74909972a740][TIMING] emit_host_span: [STRACE] v=1 pid=473521 tid=473521 inv=16 hid=fce75cc27705b57e depth=1 name=chip.run.claim_release ts=182592351169789 dur=81
[mono_ns=182592351172083][T0x74909972a740][TIMING] emit_host_span: [STRACE] v=1 pid=473521 tid=473521 inv=16 hid=fce75cc27705b57e depth=0 name=chip.run ts=182592213200128 dur=137971244 run_id=0 dispatch_id=0 slot_id=0 generation=16 run_epoch=16
[mono_ns=182592461422740][T0x74909972a740][TIMING] emit_host_span: [STRACE] v=1 pid=473521 tid=473521 inv=17 hid=fce75cc27705b57e depth=2 name=chip.run.bind.args ts=182592351528588 dur=109884438
[mono_ns=182592461465514][T0x74909972a740][TIMING] emit_host_span: [STRACE] v=1 pid=473521 tid=473521 inv=17 hid=fce75cc27705b57e depth=2 name=chip.run.bind.prebuilt ts=182592461461969 dur=2524
[mono_ns=182592461468148][T0x74909972a740][TIMING] emit_host_span: [STRACE] v=1 pid=473521 tid=473521 inv=17 hid=fce75cc27705b57e depth=1 name=chip.run.bind ts=182592351523120 dur=109943476
[mono_ns=182592466696275][T0x74909972a740][WARN] prepare_execution: [device_runner.cpp:343] AICPU CPU_TOPO unavailable; using json_fallback: soc=Ascend950PR_9579 occupy=0x3e stable_reachable=5 requested=0 effective=5 affinity=[1, 2, 3, 4, 5(orch)]
[mono_ns=182592472417082][T0x74909972a740][TIMING] emit_host_span: [STRACE] v=1 pid=473521 tid=473521 inv=17 hid=fce75cc27705b57e depth=1 name=chip.run.runner_run ts=182592466758148 dur=5657271
[mono_ns=182592472710602][T0x74909972a740][TIMING] emit_host_span: [STRACE] v=1 pid=473521 tid=473521 inv=17 hid=fce75cc27705b57e depth=1 name=chip.run.validate ts=182592472422260 dur=287371
[mono_ns=182592472712836][T0x74909972a740][TIMING] emit_host_span: [STRACE] v=1 pid=473521 tid=473521 inv=17 hid=fce75cc27705b57e depth=2 name=chip.run.runner_run.device_wall ts=0 dur=5428080 clk=dev
[mono_ns=182592472714548][T0x74909972a740][TIMING] emit_host_span: [STRACE] v=1 pid=473521 tid=473521 inv=17 hid=fce75cc27705b57e depth=3 name=chip.run.runner_run.device_wall.preamble ts=0 dur=14199 clk=dev
[mono_ns=182592472715690][T0x74909972a740][TIMING] emit_host_span: [STRACE] v=1 pid=473521 tid=473521 inv=17 hid=fce75cc27705b57e depth=3 name=chip.run.runner_run.device_wall.graph_build ts=4180 dur=5417919 clk=dev
[mono_ns=182592472716722][T0x74909972a740][TIMING] emit_host_span: [STRACE] v=1 pid=473521 tid=473521 inv=17 hid=fce75cc27705b57e depth=3 name=chip.run.runner_run.device_wall.config_validate ts=4925 dur=1379 clk=dev
[mono_ns=182592472717703][T0x74909972a740][TIMING] emit_host_span: [STRACE] v=1 pid=473521 tid=473521 inv=17 hid=fce75cc27705b57e depth=3 name=chip.run.runner_run.device_wall.arena_wire ts=6321 dur=3800 clk=dev
[mono_ns=182592472718705][T0x74909972a740][TIMING] emit_host_span: [STRACE] v=1 pid=473521 tid=473521 inv=17 hid=fce75cc27705b57e depth=3 name=chip.run.runner_run.device_wall.sm_reset ts=10225 dur=6072 clk=dev
[mono_ns=182592472719726][T0x74909972a740][TIMING] emit_host_span: [STRACE] v=1 pid=473521 tid=473521 inv=17 hid=fce75cc27705b57e depth=3 name=chip.run.runner_run.device_wall.post_orch ts=5422199 dur=5522 clk=dev
[mono_ns=182592472720718][T0x74909972a740][TIMING] emit_host_span: [STRACE] v=1 pid=473521 tid=473521 inv=17 hid=fce75cc27705b57e depth=3 name=chip.run.runner_run.device_wall.orch ts=16444 dur=4044390 clk=dev
[mono_ns=182592472721699][T0x74909972a740][TIMING] emit_host_span: [STRACE] v=1 pid=473521 tid=473521 inv=17 hid=fce75cc27705b57e depth=3 name=chip.run.runner_run.device_wall.sched ts=17082 dur=5388978 clk=dev
[mono_ns=182592472723151][T0x74909972a740][TIMING] emit_host_span: [STRACE] v=1 pid=473521 tid=473521 inv=17 hid=fce75cc27705b57e depth=1 name=chip.run.claim_release ts=182592472722260 dur=290
[mono_ns=182592472724834][T0x74909972a740][TIMING] emit_host_span: [STRACE] v=1 pid=473521 tid=473521 inv=17 hid=fce75cc27705b57e depth=0 name=chip.run ts=182592351517892 dur=121206171 run_id=0 dispatch_id=0 slot_id=0 generation=17 run_epoch=17
[mono_ns=182592581341138][T0x74909972a740][TIMING] emit_host_span: [STRACE] v=1 pid=473521 tid=473521 inv=18 hid=fce75cc27705b57e depth=2 name=chip.run.bind.args ts=182592473073177 dur=108261151
[mono_ns=182592581366556][T0x74909972a740][TIMING] emit_host_span: [STRACE] v=1 pid=473521 tid=473521 inv=18 hid=fce75cc27705b57e depth=2 name=chip.run.bind.prebuilt ts=182592581362751 dur=2924
[mono_ns=182592581369120][T0x74909972a740][TIMING] emit_host_span: [STRACE] v=1 pid=473521 tid=473521 inv=18 hid=fce75cc27705b57e depth=1 name=chip.run.bind ts=182592473068500 dur=108299328
[mono_ns=182592586544217][T0x74909972a740][WARN] prepare_execution: [device_runner.cpp:343] AICPU CPU_TOPO unavailable; using json_fallback: soc=Ascend950PR_9579 occupy=0x3e stable_reachable=5 requested=0 effective=5 affinity=[1, 2, 3, 4, 5(orch)]
[mono_ns=182592592239806][T0x74909972a740][TIMING] emit_host_span: [STRACE] v=1 pid=473521 tid=473521 inv=18 hid=fce75cc27705b57e depth=1 name=chip.run.runner_run ts=182592586614813 dur=5623321
[mono_ns=182592592543342][T0x74909972a740][TIMING] emit_host_span: [STRACE] v=1 pid=473521 tid=473521 inv=18 hid=fce75cc27705b57e depth=1 name=chip.run.validate ts=182592592246055 dur=296325
[mono_ns=182592592545285][T0x74909972a740][TIMING] emit_host_span: [STRACE] v=1 pid=473521 tid=473521 inv=18 hid=fce75cc27705b57e depth=2 name=chip.run.runner_run.device_wall ts=0 dur=5405690 clk=dev
[mono_ns=182592592546927][T0x74909972a740][TIMING] emit_host_span: [STRACE] v=1 pid=473521 tid=473521 inv=18 hid=fce75cc27705b57e depth=3 name=chip.run.runner_run.device_wall.preamble ts=0 dur=12654 clk=dev
[mono_ns=182592592548289][T0x74909972a740][TIMING] emit_host_span: [STRACE] v=1 pid=473521 tid=473521 inv=18 hid=fce75cc27705b57e depth=3 name=chip.run.runner_run.device_wall.graph_build ts=3195 dur=5398035 clk=dev
[mono_ns=182592592549311][T0x74909972a740][TIMING] emit_host_span: [STRACE] v=1 pid=473521 tid=473521 inv=18 hid=fce75cc27705b57e depth=3 name=chip.run.runner_run.device_wall.config_validate ts=3745 dur=1523 clk=dev
[mono_ns=182592592550302][T0x74909972a740][TIMING] emit_host_span: [STRACE] v=1 pid=473521 tid=473521 inv=18 hid=fce75cc27705b57e depth=3 name=chip.run.runner_run.device_wall.arena_wire ts=5282 dur=3270 clk=dev
[mono_ns=182592592551284][T0x74909972a740][TIMING] emit_host_span: [STRACE] v=1 pid=473521 tid=473521 inv=18 hid=fce75cc27705b57e depth=3 name=chip.run.runner_run.device_wall.sm_reset ts=8618 dur=6387 clk=dev
[mono_ns=182592592552275][T0x74909972a740][TIMING] emit_host_span: [STRACE] v=1 pid=473521 tid=473521 inv=18 hid=fce75cc27705b57e depth=3 name=chip.run.runner_run.device_wall.post_orch ts=5401315 dur=3629 clk=dev
[mono_ns=182592592553257][T0x74909972a740][TIMING] emit_host_span: [STRACE] v=1 pid=473521 tid=473521 inv=18 hid=fce75cc27705b57e depth=3 name=chip.run.runner_run.device_wall.orch ts=15250 dur=4035187 clk=dev
[mono_ns=182592592554228][T0x74909972a740][TIMING] emit_host_span: [STRACE] v=1 pid=473521 tid=473521 inv=18 hid=fce75cc27705b57e depth=3 name=chip.run.runner_run.device_wall.sched ts=15730 dur=5369263 clk=dev
[mono_ns=182592592555430][T0x74909972a740][TIMING] emit_host_span: [STRACE] v=1 pid=473521 tid=473521 inv=18 hid=fce75cc27705b57e depth=1 name=chip.run.claim_release ts=182592592554799 dur=80
[mono_ns=182592592556882][T0x74909972a740][TIMING] emit_host_span: [STRACE] v=1 pid=473521 tid=473521 inv=18 hid=fce75cc27705b57e depth=0 name=chip.run ts=182592473062601 dur=119493670 run_id=0 dispatch_id=0 slot_id=0 generation=18 run_epoch=18
[mono_ns=182592701762220][T0x74909972a740][TIMING] emit_host_span: [STRACE] v=1 pid=473521 tid=473521 inv=19 hid=fce75cc27705b57e depth=2 name=chip.run.bind.args ts=182592592861920 dur=108888393
[mono_ns=182592701796792][T0x74909972a740][TIMING] emit_host_span: [STRACE] v=1 pid=473521 tid=473521 inv=19 hid=fce75cc27705b57e depth=2 name=chip.run.bind.prebuilt ts=182592701792786 dur=2805
[mono_ns=182592701799586][T0x74909972a740][TIMING] emit_host_span: [STRACE] v=1 pid=473521 tid=473521 inv=19 hid=fce75cc27705b57e depth=1 name=chip.run.bind ts=182592592857343 dur=108940871
[mono_ns=182592707351059][T0x74909972a740][WARN] prepare_execution: [device_runner.cpp:343] AICPU CPU_TOPO unavailable; using json_fallback: soc=Ascend950PR_9579 occupy=0x3e stable_reachable=5 requested=0 effective=5 affinity=[1, 2, 3, 4, 5(orch)]
[mono_ns=182592712951785][T0x74909972a740][TIMING] emit_host_span: [STRACE] v=1 pid=473521 tid=473521 inv=19 hid=fce75cc27705b57e depth=1 name=chip.run.runner_run ts=182592707414314 dur=5535418
[mono_ns=182592713254039][T0x74909972a740][TIMING] emit_host_span: [STRACE] v=1 pid=473521 tid=473521 inv=19 hid=fce75cc27705b57e depth=1 name=chip.run.validate ts=182592712958796 dur=294151
[mono_ns=182592713257234][T0x74909972a740][TIMING] emit_host_span: [STRACE] v=1 pid=473521 tid=473521 inv=19 hid=fce75cc27705b57e depth=2 name=chip.run.runner_run.device_wall ts=0 dur=5290376 clk=dev
[mono_ns=182592713274509][T0x74909972a740][TIMING] emit_host_span: [STRACE] v=1 pid=473521 tid=473521 inv=19 hid=fce75cc27705b57e depth=3 name=chip.run.runner_run.device_wall.preamble ts=0 dur=13235 clk=dev
[mono_ns=182592713276002][T0x74909972a740][TIMING] emit_host_span: [STRACE] v=1 pid=473521 tid=473521 inv=19 hid=fce75cc27705b57e depth=3 name=chip.run.runner_run.device_wall.graph_build ts=3375 dur=5282132 clk=dev
[mono_ns=182592713277284][T0x74909972a740][TIMING] emit_host_span: [STRACE] v=1 pid=473521 tid=473521 inv=19 hid=fce75cc27705b57e depth=3 name=chip.run.runner_run.device_wall.config_validate ts=3938 dur=1602 clk=dev
[mono_ns=182592713278305][T0x74909972a740][TIMING] emit_host_span: [STRACE] v=1 pid=473521 tid=473521 inv=19 hid=fce75cc27705b57e depth=3 name=chip.run.runner_run.device_wall.arena_wire ts=5565 dur=3829 clk=dev
[mono_ns=182592713279287][T0x74909972a740][TIMING] emit_host_span: [STRACE] v=1 pid=473521 tid=473521 inv=19 hid=fce75cc27705b57e depth=3 name=chip.run.runner_run.device_wall.sm_reset ts=9412 dur=5620 clk=dev
[mono_ns=182592713280318][T0x74909972a740][TIMING] emit_host_span: [STRACE] v=1 pid=473521 tid=473521 inv=19 hid=fce75cc27705b57e depth=3 name=chip.run.runner_run.device_wall.post_orch ts=5285537 dur=4162 clk=dev
[mono_ns=182592713281310][T0x74909972a740][TIMING] emit_host_span: [STRACE] v=1 pid=473521 tid=473521 inv=19 hid=fce75cc27705b57e depth=3 name=chip.run.runner_run.device_wall.orch ts=15242 dur=3989863 clk=dev
[mono_ns=182592713282371][T0x74909972a740][TIMING] emit_host_span: [STRACE] v=1 pid=473521 tid=473521 inv=19 hid=fce75cc27705b57e depth=3 name=chip.run.runner_run.device_wall.sched ts=15704 dur=5254933 clk=dev
[mono_ns=182592713283924][T0x74909972a740][TIMING] emit_host_span: [STRACE] v=1 pid=473521 tid=473521 inv=19 hid=fce75cc27705b57e depth=1 name=chip.run.claim_release ts=182592713283002 dur=301
[mono_ns=182592713285656][T0x74909972a740][TIMING] emit_host_span: [STRACE] v=1 pid=473521 tid=473521 inv=19 hid=fce75cc27705b57e depth=0 name=chip.run ts=182592592852986 dur=120431949 run_id=0 dispatch_id=0 slot_id=0 generation=19 run_epoch=19
[mono_ns=182592821593277][T0x74909972a740][TIMING] emit_host_span: [STRACE] v=1 pid=473521 tid=473521 inv=20 hid=fce75cc27705b57e depth=2 name=chip.run.bind.args ts=182592713629422 dur=107952939
[mono_ns=182592821618515][T0x74909972a740][TIMING] emit_host_span: [STRACE] v=1 pid=473521 tid=473521 inv=20 hid=fce75cc27705b57e depth=2 name=chip.run.bind.prebuilt ts=182592821614890 dur=2624
[mono_ns=182592821621259][T0x74909972a740][TIMING] emit_host_span: [STRACE] v=1 pid=473521 tid=473521 inv=20 hid=fce75cc27705b57e depth=1 name=chip.run.bind ts=182592713624244 dur=107995783
[mono_ns=182592826824769][T0x74909972a740][WARN] prepare_execution: [device_runner.cpp:343] AICPU CPU_TOPO unavailable; using json_fallback: soc=Ascend950PR_9579 occupy=0x3e stable_reachable=5 requested=0 effective=5 affinity=[1, 2, 3, 4, 5(orch)]
[mono_ns=182592832568660][T0x74909972a740][TIMING] emit_host_span: [STRACE] v=1 pid=473521 tid=473521 inv=20 hid=fce75cc27705b57e depth=1 name=chip.run.runner_run ts=182592826888525 dur=5673796
[mono_ns=182592832871184][T0x74909972a740][TIMING] emit_host_span: [STRACE] v=1 pid=473521 tid=473521 inv=20 hid=fce75cc27705b57e depth=1 name=chip.run.validate ts=182592832584494 dur=285649
[mono_ns=182592832873478][T0x74909972a740][TIMING] emit_host_span: [STRACE] v=1 pid=473521 tid=473521 inv=20 hid=fce75cc27705b57e depth=2 name=chip.run.runner_run.device_wall ts=0 dur=5422095 clk=dev
[mono_ns=182592832875401][T0x74909972a740][TIMING] emit_host_span: [STRACE] v=1 pid=473521 tid=473521 inv=20 hid=fce75cc27705b57e depth=3 name=chip.run.runner_run.device_wall.preamble ts=0 dur=13861 clk=dev
[mono_ns=182592832876613][T0x74909972a740][TIMING] emit_host_span: [STRACE] v=1 pid=473521 tid=473521 inv=20 hid=fce75cc27705b57e depth=3 name=chip.run.runner_run.device_wall.graph_build ts=3792 dur=5413407 clk=dev
[mono_ns=182592832884484][T0x74909972a740][TIMING] emit_host_span: [STRACE] v=1 pid=473521 tid=473521 inv=20 hid=fce75cc27705b57e depth=3 name=chip.run.runner_run.device_wall.config_validate ts=4337 dur=1264 clk=dev
[mono_ns=182592832885496][T0x74909972a740][TIMING] emit_host_span: [STRACE] v=1 pid=473521 tid=473521 inv=20 hid=fce75cc27705b57e depth=3 name=chip.run.runner_run.device_wall.arena_wire ts=5613 dur=3189 clk=dev
[mono_ns=182592832886497][T0x74909972a740][TIMING] emit_host_span: [STRACE] v=1 pid=473521 tid=473521 inv=20 hid=fce75cc27705b57e depth=3 name=chip.run.runner_run.device_wall.sm_reset ts=8822 dur=6223 clk=dev
[mono_ns=182592832887509][T0x74909972a740][TIMING] emit_host_span: [STRACE] v=1 pid=473521 tid=473521 inv=20 hid=fce75cc27705b57e depth=3 name=chip.run.runner_run.device_wall.post_orch ts=5417222 dur=4408 clk=dev
[mono_ns=182592832888500][T0x74909972a740][TIMING] emit_host_span: [STRACE] v=1 pid=473521 tid=473521 inv=20 hid=fce75cc27705b57e depth=3 name=chip.run.runner_run.device_wall.orch ts=15116 dur=4056817 clk=dev
[mono_ns=182592832889482][T0x74909972a740][TIMING] emit_host_span: [STRACE] v=1 pid=473521 tid=473521 inv=20 hid=fce75cc27705b57e depth=3 name=chip.run.runner_run.device_wall.sched ts=15929 dur=5384731 clk=dev
[mono_ns=182592832891335][T0x74909972a740][TIMING] emit_host_span: [STRACE] v=1 pid=473521 tid=473521 inv=20 hid=fce75cc27705b57e depth=1 name=chip.run.claim_release ts=182592832890093 dur=631
[mono_ns=182592832893177][T0x74909972a740][TIMING] emit_host_span: [STRACE] v=1 pid=473521 tid=473521 inv=20 hid=fce75cc27705b57e depth=0 name=chip.run ts=182592713619137 dur=119273339 run_id=0 dispatch_id=0 slot_id=0 generation=20 run_epoch=20
[mono_ns=182592940404493][T0x74909972a740][TIMING] emit_host_span: [STRACE] v=1 pid=473521 tid=473521 inv=21 hid=fce75cc27705b57e depth=2 name=chip.run.bind.args ts=182592833244164 dur=107150865
[mono_ns=182592940431354][T0x74909972a740][TIMING] emit_host_span: [STRACE] v=1 pid=473521 tid=473521 inv=21 hid=fce75cc27705b57e depth=2 name=chip.run.bind.prebuilt ts=182592940427538 dur=2764
[mono_ns=182592940434648][T0x74909972a740][TIMING] emit_host_span: [STRACE] v=1 pid=473521 tid=473521 inv=21 hid=fce75cc27705b57e depth=1 name=chip.run.bind ts=182592833238055 dur=107194911
[mono_ns=182592945669215][T0x74909972a740][WARN] prepare_execution: [device_runner.cpp:343] AICPU CPU_TOPO unavailable; using json_fallback: soc=Ascend950PR_9579 occupy=0x3e stable_reachable=5 requested=0 effective=5 affinity=[1, 2, 3, 4, 5(orch)]
[mono_ns=182592951298474][T0x74909972a740][TIMING] emit_host_span: [STRACE] v=1 pid=473521 tid=473521 inv=21 hid=fce75cc27705b57e depth=1 name=chip.run.runner_run ts=182592945737928 dur=5557922
[mono_ns=182592951602651][T0x74909972a740][TIMING] emit_host_span: [STRACE] v=1 pid=473521 tid=473521 inv=21 hid=fce75cc27705b57e depth=1 name=chip.run.validate ts=182592951303021 dur=298558
[mono_ns=182592951604954][T0x74909972a740][TIMING] emit_host_span: [STRACE] v=1 pid=473521 tid=473521 inv=21 hid=fce75cc27705b57e depth=2 name=chip.run.runner_run.device_wall ts=0 dur=5329750 clk=dev
[mono_ns=182592951606717][T0x74909972a740][TIMING] emit_host_span: [STRACE] v=1 pid=473521 tid=473521 inv=21 hid=fce75cc27705b57e depth=3 name=chip.run.runner_run.device_wall.preamble ts=0 dur=13183 clk=dev
[mono_ns=182592951607969][T0x74909972a740][TIMING] emit_host_span: [STRACE] v=1 pid=473521 tid=473521 inv=21 hid=fce75cc27705b57e depth=3 name=chip.run.runner_run.device_wall.graph_build ts=3304 dur=5320635 clk=dev
[mono_ns=182592951608970][T0x74909972a740][TIMING] emit_host_span: [STRACE] v=1 pid=473521 tid=473521 inv=21 hid=fce75cc27705b57e depth=3 name=chip.run.runner_run.device_wall.config_validate ts=3933 dur=1407 clk=dev
[mono_ns=182592951609952][T0x74909972a740][TIMING] emit_host_span: [STRACE] v=1 pid=473521 tid=473521 inv=21 hid=fce75cc27705b57e depth=3 name=chip.run.runner_run.device_wall.arena_wire ts=5356 dur=3514 clk=dev
[mono_ns=182592951610943][T0x74909972a740][TIMING] emit_host_span: [STRACE] v=1 pid=473521 tid=473521 inv=21 hid=fce75cc27705b57e depth=3 name=chip.run.runner_run.device_wall.sm_reset ts=8889 dur=5276 clk=dev
[mono_ns=182592951619266][T0x74909972a740][TIMING] emit_host_span: [STRACE] v=1 pid=473521 tid=473521 inv=21 hid=fce75cc27705b57e depth=3 name=chip.run.runner_run.device_wall.post_orch ts=5323988 dur=5213 clk=dev
[mono_ns=182592951620287][T0x74909972a740][TIMING] emit_host_span: [STRACE] v=1 pid=473521 tid=473521 inv=21 hid=fce75cc27705b57e depth=3 name=chip.run.runner_run.device_wall.orch ts=14415 dur=4104478 clk=dev
[mono_ns=182592951621279][T0x74909972a740][TIMING] emit_host_span: [STRACE] v=1 pid=473521 tid=473521 inv=21 hid=fce75cc27705b57e depth=3 name=chip.run.runner_run.device_wall.sched ts=14909 dur=5293529 clk=dev
[mono_ns=182592951622831][T0x74909972a740][TIMING] emit_host_span: [STRACE] v=1 pid=473521 tid=473521 inv=21 hid=fce75cc27705b57e depth=1 name=chip.run.claim_release ts=182592951621920 dur=320
[mono_ns=182592951624423][T0x74909972a740][TIMING] emit_host_span: [STRACE] v=1 pid=473521 tid=473521 inv=21 hid=fce75cc27705b57e depth=0 name=chip.run ts=182592833233288 dur=118390414 run_id=0 dispatch_id=0 slot_id=0 generation=21 run_epoch=21
[mono_ns=182593059238423][T0x74909972a740][TIMING] emit_host_span: [STRACE] v=1 pid=473521 tid=473521 inv=22 hid=fce75cc27705b57e depth=2 name=chip.run.bind.args ts=182592951960017 dur=107268271
[mono_ns=182593059259275][T0x74909972a740][TIMING] emit_host_span: [STRACE] v=1 pid=473521 tid=473521 inv=22 hid=fce75cc27705b57e depth=2 name=chip.run.bind.prebuilt ts=182593059255749 dur=2614
[mono_ns=182593059261909][T0x74909972a740][TIMING] emit_host_span: [STRACE] v=1 pid=473521 tid=473521 inv=22 hid=fce75cc27705b57e depth=1 name=chip.run.bind ts=182592951954529 dur=107305947
[mono_ns=182593064500762][T0x74909972a740][WARN] prepare_execution: [device_runner.cpp:343] AICPU CPU_TOPO unavailable; using json_fallback: soc=Ascend950PR_9579 occupy=0x3e stable_reachable=5 requested=0 effective=5 affinity=[1, 2, 3, 4, 5(orch)]
[mono_ns=182593070413877][T0x74909972a740][TIMING] emit_host_span: [STRACE] v=1 pid=473521 tid=473521 inv=22 hid=fce75cc27705b57e depth=1 name=chip.run.runner_run ts=182593064564377 dur=5846866
[mono_ns=182593070689280][T0x74909972a740][TIMING] emit_host_span: [STRACE] v=1 pid=473521 tid=473521 inv=22 hid=fce75cc27705b57e depth=1 name=chip.run.validate ts=182593070422910 dur=265369
[mono_ns=182593070691584][T0x74909972a740][TIMING] emit_host_span: [STRACE] v=1 pid=473521 tid=473521 inv=22 hid=fce75cc27705b57e depth=2 name=chip.run.runner_run.device_wall ts=0 dur=5609545 clk=dev
[mono_ns=182593070693226][T0x74909972a740][TIMING] emit_host_span: [STRACE] v=1 pid=473521 tid=473521 inv=22 hid=fce75cc27705b57e depth=3 name=chip.run.runner_run.device_wall.preamble ts=0 dur=14250 clk=dev
[mono_ns=182593070694448][T0x74909972a740][TIMING] emit_host_span: [STRACE] v=1 pid=473521 tid=473521 inv=22 hid=fce75cc27705b57e depth=3 name=chip.run.runner_run.device_wall.graph_build ts=2715 dur=5601508 clk=dev
[mono_ns=182593070695439][T0x74909972a740][TIMING] emit_host_span: [STRACE] v=1 pid=473521 tid=473521 inv=22 hid=fce75cc27705b57e depth=3 name=chip.run.runner_run.device_wall.config_validate ts=3404 dur=1867 clk=dev
[mono_ns=182593070696431][T0x74909972a740][TIMING] emit_host_span: [STRACE] v=1 pid=473521 tid=473521 inv=22 hid=fce75cc27705b57e depth=3 name=chip.run.runner_run.device_wall.arena_wire ts=5294 dur=3733 clk=dev
[mono_ns=182593070697402][T0x74909972a740][TIMING] emit_host_span: [STRACE] v=1 pid=473521 tid=473521 inv=22 hid=fce75cc27705b57e depth=3 name=chip.run.runner_run.device_wall.sm_reset ts=9122 dur=5885 clk=dev
[mono_ns=182593070698514][T0x74909972a740][TIMING] emit_host_span: [STRACE] v=1 pid=473521 tid=473521 inv=22 hid=fce75cc27705b57e depth=3 name=chip.run.runner_run.device_wall.post_orch ts=5604300 dur=4375 clk=dev
[mono_ns=182593070699506][T0x74909972a740][TIMING] emit_host_span: [STRACE] v=1 pid=473521 tid=473521 inv=22 hid=fce75cc27705b57e depth=3 name=chip.run.runner_run.device_wall.orch ts=15038 dur=4083257 clk=dev
[mono_ns=182593070700477][T0x74909972a740][TIMING] emit_host_span: [STRACE] v=1 pid=473521 tid=473521 inv=22 hid=fce75cc27705b57e depth=3 name=chip.run.runner_run.device_wall.sched ts=15885 dur=5572118 clk=dev
[mono_ns=182593070708649][T0x74909972a740][TIMING] emit_host_span: [STRACE] v=1 pid=473521 tid=473521 inv=22 hid=fce75cc27705b57e depth=1 name=chip.run.claim_release ts=182593070707738 dur=320
[mono_ns=182593070710222][T0x74909972a740][TIMING] emit_host_span: [STRACE] v=1 pid=473521 tid=473521 inv=22 hid=fce75cc27705b57e depth=0 name=chip.run ts=182592951949812 dur=118759759 run_id=0 dispatch_id=0 slot_id=0 generation=22 run_epoch=22
[mono_ns=182593178115338][T0x74909972a740][TIMING] emit_host_span: [STRACE] v=1 pid=473521 tid=473521 inv=23 hid=fce75cc27705b57e depth=2 name=chip.run.bind.args ts=182593072197794 dur=105898646
[mono_ns=182593178143981][T0x74909972a740][TIMING] emit_host_span: [STRACE] v=1 pid=473521 tid=473521 inv=23 hid=fce75cc27705b57e depth=2 name=chip.run.bind.prebuilt ts=182593178139645 dur=3284
[mono_ns=182593178146835][T0x74909972a740][TIMING] emit_host_span: [STRACE] v=1 pid=473521 tid=473521 inv=23 hid=fce75cc27705b57e depth=1 name=chip.run.bind ts=182593072191445 dur=105953908
[mono_ns=182593183382343][T0x74909972a740][WARN] prepare_execution: [device_runner.cpp:343] AICPU CPU_TOPO unavailable; using json_fallback: soc=Ascend950PR_9579 occupy=0x3e stable_reachable=5 requested=0 effective=5 affinity=[1, 2, 3, 4, 5(orch)]
[mono_ns=182593189168738][T0x74909972a740][TIMING] emit_host_span: [STRACE] v=1 pid=473521 tid=473521 inv=23 hid=fce75cc27705b57e depth=1 name=chip.run.runner_run ts=182593183444296 dur=5722740
[mono_ns=182593189463260][T0x74909972a740][TIMING] emit_host_span: [STRACE] v=1 pid=473521 tid=473521 inv=23 hid=fce75cc27705b57e depth=1 name=chip.run.validate ts=182593189178333 dur=283906
[mono_ns=182593189465263][T0x74909972a740][TIMING] emit_host_span: [STRACE] v=1 pid=473521 tid=473521 inv=23 hid=fce75cc27705b57e depth=2 name=chip.run.runner_run.device_wall ts=0 dur=5492737 clk=dev
[mono_ns=182593189467056][T0x74909972a740][TIMING] emit_host_span: [STRACE] v=1 pid=473521 tid=473521 inv=23 hid=fce75cc27705b57e depth=3 name=chip.run.runner_run.device_wall.preamble ts=0 dur=14482 clk=dev
[mono_ns=182593189468208][T0x74909972a740][TIMING] emit_host_span: [STRACE] v=1 pid=473521 tid=473521 inv=23 hid=fce75cc27705b57e depth=3 name=chip.run.runner_run.device_wall.graph_build ts=4136 dur=5483598 clk=dev
[mono_ns=182593189469209][T0x74909972a740][TIMING] emit_host_span: [STRACE] v=1 pid=473521 tid=473521 inv=23 hid=fce75cc27705b57e depth=3 name=chip.run.runner_run.device_wall.config_validate ts=4972 dur=1898 clk=dev
[mono_ns=182593189470201][T0x74909972a740][TIMING] emit_host_span: [STRACE] v=1 pid=473521 tid=473521 inv=23 hid=fce75cc27705b57e depth=3 name=chip.run.runner_run.device_wall.arena_wire ts=6888 dur=3390 clk=dev
[mono_ns=182593189471172][T0x74909972a740][TIMING] emit_host_span: [STRACE] v=1 pid=473521 tid=473521 inv=23 hid=fce75cc27705b57e depth=3 name=chip.run.runner_run.device_wall.sm_reset ts=10407 dur=5317 clk=dev
[mono_ns=182593189472164][T0x74909972a740][TIMING] emit_host_span: [STRACE] v=1 pid=473521 tid=473521 inv=23 hid=fce75cc27705b57e depth=3 name=chip.run.runner_run.device_wall.post_orch ts=5487765 dur=4508 clk=dev
[mono_ns=182593189473165][T0x74909972a740][TIMING] emit_host_span: [STRACE] v=1 pid=473521 tid=473521 inv=23 hid=fce75cc27705b57e depth=3 name=chip.run.runner_run.device_wall.orch ts=15977 dur=4092008 clk=dev
[mono_ns=182593189474147][T0x74909972a740][TIMING] emit_host_span: [STRACE] v=1 pid=473521 tid=473521 inv=23 hid=fce75cc27705b57e depth=3 name=chip.run.runner_run.device_wall.sched ts=16450 dur=5455665 clk=dev
[mono_ns=182593189475669][T0x74909972a740][TIMING] emit_host_span: [STRACE] v=1 pid=473521 tid=473521 inv=23 hid=fce75cc27705b57e depth=1 name=chip.run.claim_release ts=182593189474778 dur=310
[mono_ns=182593189477301][T0x74909972a740][TIMING] emit_host_span: [STRACE] v=1 pid=473521 tid=473521 inv=23 hid=fce75cc27705b57e depth=0 name=chip.run ts=182593072178596 dur=117298044 run_id=0 dispatch_id=0 slot_id=0 generation=23 run_epoch=23
[mono_ns=182593294305901][T0x74909972a740][TIMING] emit_host_span: [STRACE] v=1 pid=473521 tid=473521 inv=24 hid=fce75cc27705b57e depth=2 name=chip.run.bind.args ts=182593189894137 dur=104402089
[mono_ns=182593294334243][T0x74909972a740][TIMING] emit_host_span: [STRACE] v=1 pid=473521 tid=473521 inv=24 hid=fce75cc27705b57e depth=2 name=chip.run.bind.prebuilt ts=182593294330738 dur=2594
[mono_ns=182593294336867][T0x74909972a740][TIMING] emit_host_span: [STRACE] v=1 pid=473521 tid=473521 inv=24 hid=fce75cc27705b57e depth=1 name=chip.run.bind ts=182593189888198 dur=104447357
[mono_ns=182593299577793][T0x74909972a740][WARN] prepare_execution: [device_runner.cpp:343] AICPU CPU_TOPO unavailable; using json_fallback: soc=Ascend950PR_9579 occupy=0x3e stable_reachable=5 requested=0 effective=5 affinity=[1, 2, 3, 4, 5(orch)]
[mono_ns=182593305334494][T0x74909972a740][TIMING] emit_host_span: [STRACE] v=1 pid=473521 tid=473521 inv=24 hid=fce75cc27705b57e depth=1 name=chip.run.runner_run ts=182593299637954 dur=5695168
[mono_ns=182593305627153][T0x74909972a740][TIMING] emit_host_span: [STRACE] v=1 pid=473521 tid=473521 inv=24 hid=fce75cc27705b57e depth=1 name=chip.run.validate ts=182593305340793 dur=285008
[mono_ns=182593305629857][T0x74909972a740][TIMING] emit_host_span: [STRACE] v=1 pid=473521 tid=473521 inv=24 hid=fce75cc27705b57e depth=2 name=chip.run.runner_run.device_wall ts=0 dur=5466424 clk=dev
[mono_ns=182593305631459][T0x74909972a740][TIMING] emit_host_span: [STRACE] v=1 pid=473521 tid=473521 inv=24 hid=fce75cc27705b57e depth=3 name=chip.run.runner_run.device_wall.preamble ts=0 dur=16152 clk=dev
[mono_ns=182593305632611][T0x74909972a740][TIMING] emit_host_span: [STRACE] v=1 pid=473521 tid=473521 inv=24 hid=fce75cc27705b57e depth=3 name=chip.run.runner_run.device_wall.graph_build ts=3535 dur=5457595 clk=dev
[mono_ns=182593305633643][T0x74909972a740][TIMING] emit_host_span: [STRACE] v=1 pid=473521 tid=473521 inv=24 hid=fce75cc27705b57e depth=3 name=chip.run.runner_run.device_wall.config_validate ts=4335 dur=1821 clk=dev
[mono_ns=182593305634644][T0x74909972a740][TIMING] emit_host_span: [STRACE] v=1 pid=473521 tid=473521 inv=24 hid=fce75cc27705b57e depth=3 name=chip.run.runner_run.device_wall.arena_wire ts=6173 dur=3796 clk=dev
[mono_ns=182593305635646][T0x74909972a740][TIMING] emit_host_span: [STRACE] v=1 pid=473521 tid=473521 inv=24 hid=fce75cc27705b57e depth=3 name=chip.run.runner_run.device_wall.sm_reset ts=10037 dur=5256 clk=dev
[mono_ns=182593305636777][T0x74909972a740][TIMING] emit_host_span: [STRACE] v=1 pid=473521 tid=473521 inv=24 hid=fce75cc27705b57e depth=3 name=chip.run.runner_run.device_wall.post_orch ts=5461148 dur=4872 clk=dev
[mono_ns=182593305637749][T0x74909972a740][TIMING] emit_host_span: [STRACE] v=1 pid=473521 tid=473521 inv=24 hid=fce75cc27705b57e depth=3 name=chip.run.runner_run.device_wall.orch ts=15542 dur=4020555 clk=dev
[mono_ns=182593305638740][T0x74909972a740][TIMING] emit_host_span: [STRACE] v=1 pid=473521 tid=473521 inv=24 hid=fce75cc27705b57e depth=3 name=chip.run.runner_run.device_wall.sched ts=16354 dur=5428760 clk=dev
[mono_ns=182593305640303][T0x74909972a740][TIMING] emit_host_span: [STRACE] v=1 pid=473521 tid=473521 inv=24 hid=fce75cc27705b57e depth=1 name=chip.run.claim_release ts=182593305639421 dur=311
[mono_ns=182593305641825][T0x74909972a740][TIMING] emit_host_span: [STRACE] v=1 pid=473521 tid=473521 inv=24 hid=fce75cc27705b57e depth=0 name=chip.run ts=182593189881388 dur=115759786 run_id=0 dispatch_id=0 slot_id=0 generation=24 run_epoch=24
[mono_ns=182593418366626][T0x74909972a740][TIMING] emit_host_span: [STRACE] v=1 pid=473521 tid=473521 inv=25 hid=fce75cc27705b57e depth=2 name=chip.run.bind.args ts=182593305962236 dur=112391420
[mono_ns=182593418397052][T0x74909972a740][TIMING] emit_host_span: [STRACE] v=1 pid=473521 tid=473521 inv=25 hid=fce75cc27705b57e depth=2 name=chip.run.bind.prebuilt ts=182593418392745 dur=3135
[mono_ns=182593418401218][T0x74909972a740][TIMING] emit_host_span: [STRACE] v=1 pid=473521 tid=473521 inv=25 hid=fce75cc27705b57e depth=1 name=chip.run.bind ts=182593305956467 dur=112442547
[mono_ns=182593423621172][T0x74909972a740][WARN] prepare_execution: [device_runner.cpp:343] AICPU CPU_TOPO unavailable; using json_fallback: soc=Ascend950PR_9579 occupy=0x3e stable_reachable=5 requested=0 effective=5 affinity=[1, 2, 3, 4, 5(orch)]
[mono_ns=182593429166976][T0x74909972a740][TIMING] emit_host_span: [STRACE] v=1 pid=473521 tid=473521 inv=25 hid=fce75cc27705b57e depth=1 name=chip.run.runner_run ts=182593423669505 dur=5495468
[mono_ns=182593429494638][T0x74909972a740][TIMING] emit_host_span: [STRACE] v=1 pid=473521 tid=473521 inv=25 hid=fce75cc27705b57e depth=1 name=chip.run.validate ts=182593429172394 dur=321333
[mono_ns=182593429496821][T0x74909972a740][TIMING] emit_host_span: [STRACE] v=1 pid=473521 tid=473521 inv=25 hid=fce75cc27705b57e depth=2 name=chip.run.runner_run.device_wall ts=0 dur=5273883 clk=dev
[mono_ns=182593429498284][T0x74909972a740][TIMING] emit_host_span: [STRACE] v=1 pid=473521 tid=473521 inv=25 hid=fce75cc27705b57e depth=3 name=chip.run.runner_run.device_wall.preamble ts=0 dur=13596 clk=dev
[mono_ns=182593429499385][T0x74909972a740][TIMING] emit_host_span: [STRACE] v=1 pid=473521 tid=473521 inv=25 hid=fce75cc27705b57e depth=3 name=chip.run.runner_run.device_wall.graph_build ts=4053 dur=5264803 clk=dev
[mono_ns=182593429500397][T0x74909972a740][TIMING] emit_host_span: [STRACE] v=1 pid=473521 tid=473521 inv=25 hid=fce75cc27705b57e depth=3 name=chip.run.runner_run.device_wall.config_validate ts=4308 dur=1581 clk=dev
[mono_ns=182593429501378][T0x74909972a740][TIMING] emit_host_span: [STRACE] v=1 pid=473521 tid=473521 inv=25 hid=fce75cc27705b57e depth=3 name=chip.run.runner_run.device_wall.arena_wire ts=5905 dur=3557 clk=dev
[mono_ns=182593429502340][T0x74909972a740][TIMING] emit_host_span: [STRACE] v=1 pid=473521 tid=473521 inv=25 hid=fce75cc27705b57e depth=3 name=chip.run.runner_run.device_wall.sm_reset ts=9484 dur=5359 clk=dev
[mono_ns=182593429503331][T0x74909972a740][TIMING] emit_host_span: [STRACE] v=1 pid=473521 tid=473521 inv=25 hid=fce75cc27705b57e depth=3 name=chip.run.runner_run.device_wall.post_orch ts=5268970 dur=4597 clk=dev
[mono_ns=182593429504323][T0x74909972a740][TIMING] emit_host_span: [STRACE] v=1 pid=473521 tid=473521 inv=25 hid=fce75cc27705b57e depth=3 name=chip.run.runner_run.device_wall.orch ts=15085 dur=4030863 clk=dev
[mono_ns=182593429505324][T0x74909972a740][TIMING] emit_host_span: [STRACE] v=1 pid=473521 tid=473521 inv=25 hid=fce75cc27705b57e depth=3 name=chip.run.runner_run.device_wall.sched ts=15532 dur=5236631 clk=dev
[mono_ns=182593429506746][T0x74909972a740][TIMING] emit_host_span: [STRACE] v=1 pid=473521 tid=473521 inv=25 hid=fce75cc27705b57e depth=1 name=chip.run.claim_release ts=182593429505975 dur=200
[mono_ns=182593429508409][T0x74909972a740][TIMING] emit_host_span: [STRACE] v=1 pid=473521 tid=473521 inv=25 hid=fce75cc27705b57e depth=0 name=chip.run ts=182593305950438 dur=123557220 run_id=0 dispatch_id=0 slot_id=0 generation=25 run_epoch=25
[mono_ns=182593551892147][T0x74909972a740][TIMING] emit_host_span: [STRACE] v=1 pid=473521 tid=473521 inv=26 hid=fce75cc27705b57e depth=2 name=chip.run.bind.args ts=182593430148750 dur=121731319
[mono_ns=182593551934150][T0x74909972a740][TIMING] emit_host_span: [STRACE] v=1 pid=473521 tid=473521 inv=26 hid=fce75cc27705b57e depth=2 name=chip.run.bind.prebuilt ts=182593551928742 dur=4246
[mono_ns=182593551937285][T0x74909972a740][TIMING] emit_host_span: [STRACE] v=1 pid=473521 tid=473521 inv=26 hid=fce75cc27705b57e depth=1 name=chip.run.bind ts=182593430136842 dur=121799161
[mono_ns=182593557208066][T0x74909972a740][WARN] prepare_execution: [device_runner.cpp:343] AICPU CPU_TOPO unavailable; using json_fallback: soc=Ascend950PR_9579 occupy=0x3e stable_reachable=5 requested=0 effective=5 affinity=[1, 2, 3, 4, 5(orch)]
[mono_ns=182593563040750][T0x74909972a740][TIMING] emit_host_span: [STRACE] v=1 pid=473521 tid=473521 inv=26 hid=fce75cc27705b57e depth=1 name=chip.run.runner_run ts=182593557286794 dur=5752023
[mono_ns=182593563346048][T0x74909972a740][TIMING] emit_host_span: [STRACE] v=1 pid=473521 tid=473521 inv=26 hid=fce75cc27705b57e depth=1 name=chip.run.validate ts=182593563045457 dur=299560
[mono_ns=182593563354671][T0x74909972a740][TIMING] emit_host_span: [STRACE] v=1 pid=473521 tid=473521 inv=26 hid=fce75cc27705b57e depth=2 name=chip.run.runner_run.device_wall ts=0 dur=5501428 clk=dev
[mono_ns=182593563356254][T0x74909972a740][TIMING] emit_host_span: [STRACE] v=1 pid=473521 tid=473521 inv=26 hid=fce75cc27705b57e depth=3 name=chip.run.runner_run.device_wall.preamble ts=0 dur=15388 clk=dev
[mono_ns=182593563357315][T0x74909972a740][TIMING] emit_host_span: [STRACE] v=1 pid=473521 tid=473521 inv=26 hid=fce75cc27705b57e depth=3 name=chip.run.runner_run.device_wall.graph_build ts=3917 dur=5493221 clk=dev
[mono_ns=182593563358327][T0x74909972a740][TIMING] emit_host_span: [STRACE] v=1 pid=473521 tid=473521 inv=26 hid=fce75cc27705b57e depth=3 name=chip.run.runner_run.device_wall.config_validate ts=4821 dur=1715 clk=dev
[mono_ns=182593563359288][T0x74909972a740][TIMING] emit_host_span: [STRACE] v=1 pid=473521 tid=473521 inv=26 hid=fce75cc27705b57e depth=3 name=chip.run.runner_run.device_wall.arena_wire ts=6592 dur=3657 clk=dev
[mono_ns=182593563360280][T0x74909972a740][TIMING] emit_host_span: [STRACE] v=1 pid=473521 tid=473521 inv=26 hid=fce75cc27705b57e depth=3 name=chip.run.runner_run.device_wall.sm_reset ts=10316 dur=6041 clk=dev
[mono_ns=182593563361301][T0x74909972a740][TIMING] emit_host_span: [STRACE] v=1 pid=473521 tid=473521 inv=26 hid=fce75cc27705b57e depth=3 name=chip.run.runner_run.device_wall.post_orch ts=5497290 dur=3897 clk=dev
[mono_ns=182593563362293][T0x74909972a740][TIMING] emit_host_span: [STRACE] v=1 pid=473521 tid=473521 inv=26 hid=fce75cc27705b57e depth=3 name=chip.run.runner_run.device_wall.orch ts=16612 dur=4121109 clk=dev
[mono_ns=182593563363274][T0x74909972a740][TIMING] emit_host_span: [STRACE] v=1 pid=473521 tid=473521 inv=26 hid=fce75cc27705b57e depth=3 name=chip.run.runner_run.device_wall.sched ts=17163 dur=5463248 clk=dev
[mono_ns=182593563364626][T0x74909972a740][TIMING] emit_host_span: [STRACE] v=1 pid=473521 tid=473521 inv=26 hid=fce75cc27705b57e depth=1 name=chip.run.claim_release ts=182593563363915 dur=110
[mono_ns=182593563366299][T0x74909972a740][TIMING] emit_host_span: [STRACE] v=1 pid=473521 tid=473521 inv=26 hid=fce75cc27705b57e depth=0 name=chip.run ts=182593430091754 dur=133273834 run_id=0 dispatch_id=0 slot_id=0 generation=26 run_epoch=26
[mono_ns=182593675889467][T0x74909972a740][TIMING] emit_host_span: [STRACE] v=1 pid=473521 tid=473521 inv=27 hid=fce75cc27705b57e depth=2 name=chip.run.bind.args ts=182593563778077 dur=112102807
[mono_ns=182593675919382][T0x74909972a740][TIMING] emit_host_span: [STRACE] v=1 pid=473521 tid=473521 inv=27 hid=fce75cc27705b57e depth=2 name=chip.run.bind.prebuilt ts=182593675915246 dur=3174
[mono_ns=182593675922386][T0x74909972a740][TIMING] emit_host_span: [STRACE] v=1 pid=473521 tid=473521 inv=27 hid=fce75cc27705b57e depth=1 name=chip.run.bind ts=182593563772258 dur=112148806
[mono_ns=182593681104214][T0x74909972a740][WARN] prepare_execution: [device_runner.cpp:343] AICPU CPU_TOPO unavailable; using json_fallback: soc=Ascend950PR_9579 occupy=0x3e stable_reachable=5 requested=0 effective=5 affinity=[1, 2, 3, 4, 5(orch)]
[mono_ns=182593686878851][T0x74909972a740][TIMING] emit_host_span: [STRACE] v=1 pid=473521 tid=473521 inv=27 hid=fce75cc27705b57e depth=1 name=chip.run.runner_run ts=182593681160548 dur=5717071
[mono_ns=182593687136898][T0x74909972a740][TIMING] emit_host_span: [STRACE] v=1 pid=473521 tid=473521 inv=27 hid=fce75cc27705b57e depth=1 name=chip.run.validate ts=182593686882416 dur=253281
[mono_ns=182593687139723][T0x74909972a740][TIMING] emit_host_span: [STRACE] v=1 pid=473521 tid=473521 inv=27 hid=fce75cc27705b57e depth=2 name=chip.run.runner_run.device_wall ts=0 dur=5504222 clk=dev
[mono_ns=182593687141355][T0x74909972a740][TIMING] emit_host_span: [STRACE] v=1 pid=473521 tid=473521 inv=27 hid=fce75cc27705b57e depth=3 name=chip.run.runner_run.device_wall.preamble ts=0 dur=14290 clk=dev
[mono_ns=182593687149427][T0x74909972a740][TIMING] emit_host_span: [STRACE] v=1 pid=473521 tid=473521 inv=27 hid=fce75cc27705b57e depth=3 name=chip.run.runner_run.device_wall.graph_build ts=3405 dur=5495911 clk=dev
[mono_ns=182593687150469][T0x74909972a740][TIMING] emit_host_span: [STRACE] v=1 pid=473521 tid=473521 inv=27 hid=fce75cc27705b57e depth=3 name=chip.run.runner_run.device_wall.config_validate ts=3829 dur=1861 clk=dev
[mono_ns=182593687151450][T0x74909972a740][TIMING] emit_host_span: [STRACE] v=1 pid=473521 tid=473521 inv=27 hid=fce75cc27705b57e depth=3 name=chip.run.runner_run.device_wall.arena_wire ts=5864 dur=3893 clk=dev
[mono_ns=182593687152422][T0x74909972a740][TIMING] emit_host_span: [STRACE] v=1 pid=473521 tid=473521 inv=27 hid=fce75cc27705b57e depth=3 name=chip.run.runner_run.device_wall.sm_reset ts=9776 dur=5637 clk=dev
[mono_ns=182593687153423][T0x74909972a740][TIMING] emit_host_span: [STRACE] v=1 pid=473521 tid=473521 inv=27 hid=fce75cc27705b57e depth=3 name=chip.run.runner_run.device_wall.post_orch ts=5499600 dur=4117 clk=dev
[mono_ns=182593687154405][T0x74909972a740][TIMING] emit_host_span: [STRACE] v=1 pid=473521 tid=473521 inv=27 hid=fce75cc27705b57e depth=3 name=chip.run.runner_run.device_wall.orch ts=15653 dur=4118450 clk=dev
[mono_ns=182593687155386][T0x74909972a740][TIMING] emit_host_span: [STRACE] v=1 pid=473521 tid=473521 inv=27 hid=fce75cc27705b57e depth=3 name=chip.run.runner_run.device_wall.sched ts=16409 dur=5468537 clk=dev
[mono_ns=182593687156688][T0x74909972a740][TIMING] emit_host_span: [STRACE] v=1 pid=473521 tid=473521 inv=27 hid=fce75cc27705b57e depth=1 name=chip.run.claim_release ts=182593687156017 dur=90
[mono_ns=182593687158300][T0x74909972a740][TIMING] emit_host_span: [STRACE] v=1 pid=473521 tid=473521 inv=27 hid=fce75cc27705b57e depth=0 name=chip.run ts=182593563765137 dur=123392482 run_id=0 dispatch_id=0 slot_id=0 generation=27 run_epoch=27
[mono_ns=182593796345301][T0x74909972a740][TIMING] emit_host_span: [STRACE] v=1 pid=473521 tid=473521 inv=28 hid=fce75cc27705b57e depth=2 name=chip.run.bind.args ts=182593687500855 dur=108837646
[mono_ns=182593796374085][T0x74909972a740][TIMING] emit_host_span: [STRACE] v=1 pid=473521 tid=473521 inv=28 hid=fce75cc27705b57e depth=2 name=chip.run.bind.prebuilt ts=182593796369908 dur=3255
[mono_ns=182593796376949][T0x74909972a740][TIMING] emit_host_span: [STRACE] v=1 pid=473521 tid=473521 inv=28 hid=fce75cc27705b57e depth=1 name=chip.run.bind ts=182593687494785 dur=108880591
[mono_ns=182593801556112][T0x74909972a740][WARN] prepare_execution: [device_runner.cpp:343] AICPU CPU_TOPO unavailable; using json_fallback: soc=Ascend950PR_9579 occupy=0x3e stable_reachable=5 requested=0 effective=5 affinity=[1, 2, 3, 4, 5(orch)]
[mono_ns=182593807247044][T0x74909972a740][TIMING] emit_host_span: [STRACE] v=1 pid=473521 tid=473521 inv=28 hid=fce75cc27705b57e depth=1 name=chip.run.runner_run ts=182593801615612 dur=5629860
[mono_ns=182593807509989][T0x74909972a740][TIMING] emit_host_span: [STRACE] v=1 pid=473521 tid=473521 inv=28 hid=fce75cc27705b57e depth=1 name=chip.run.validate ts=182593807251040 dur=258037
[mono_ns=182593807512432][T0x74909972a740][TIMING] emit_host_span: [STRACE] v=1 pid=473521 tid=473521 inv=28 hid=fce75cc27705b57e depth=2 name=chip.run.runner_run.device_wall ts=0 dur=5428516 clk=dev
[mono_ns=182593807514175][T0x74909972a740][TIMING] emit_host_span: [STRACE] v=1 pid=473521 tid=473521 inv=28 hid=fce75cc27705b57e depth=3 name=chip.run.runner_run.device_wall.preamble ts=0 dur=14711 clk=dev
[mono_ns=182593807515387][T0x74909972a740][TIMING] emit_host_span: [STRACE] v=1 pid=473521 tid=473521 inv=28 hid=fce75cc27705b57e depth=3 name=chip.run.runner_run.device_wall.graph_build ts=3460 dur=5420075 clk=dev
[mono_ns=182593807516358][T0x74909972a740][TIMING] emit_host_span: [STRACE] v=1 pid=473521 tid=473521 inv=28 hid=fce75cc27705b57e depth=3 name=chip.run.runner_run.device_wall.config_validate ts=3731 dur=2064 clk=dev
[mono_ns=182593807517340][T0x74909972a740][TIMING] emit_host_span: [STRACE] v=1 pid=473521 tid=473521 inv=28 hid=fce75cc27705b57e depth=3 name=chip.run.runner_run.device_wall.arena_wire ts=5816 dur=3702 clk=dev
[mono_ns=182593807524771][T0x74909972a740][TIMING] emit_host_span: [STRACE] v=1 pid=473521 tid=473521 inv=28 hid=fce75cc27705b57e depth=3 name=chip.run.runner_run.device_wall.sm_reset ts=9584 dur=5101 clk=dev
[mono_ns=182593807525792][T0x74909972a740][TIMING] emit_host_span: [STRACE] v=1 pid=473521 tid=473521 inv=28 hid=fce75cc27705b57e depth=3 name=chip.run.runner_run.device_wall.post_orch ts=5423567 dur=4885 clk=dev
[mono_ns=182593807526784][T0x74909972a740][TIMING] emit_host_span: [STRACE] v=1 pid=473521 tid=473521 inv=28 hid=fce75cc27705b57e depth=3 name=chip.run.runner_run.device_wall.orch ts=14870 dur=4153415 clk=dev
[mono_ns=182593807527765][T0x74909972a740][TIMING] emit_host_span: [STRACE] v=1 pid=473521 tid=473521 inv=28 hid=fce75cc27705b57e depth=3 name=chip.run.runner_run.device_wall.sched ts=15662 dur=5391316 clk=dev
[mono_ns=182593807529047][T0x74909972a740][TIMING] emit_host_span: [STRACE] v=1 pid=473521 tid=473521 inv=28 hid=fce75cc27705b57e depth=1 name=chip.run.claim_release ts=182593807528406 dur=70
[mono_ns=182593807530519][T0x74909972a740][TIMING] emit_host_span: [STRACE] v=1 pid=473521 tid=473521 inv=28 hid=fce75cc27705b57e depth=0 name=chip.run ts=182593687488626 dur=120041263 run_id=0 dispatch_id=0 slot_id=0 generation=28 run_epoch=28
[mono_ns=182593915902808][T0x74909972a740][TIMING] emit_host_span: [STRACE] v=1 pid=473521 tid=473521 inv=29 hid=fce75cc27705b57e depth=2 name=chip.run.bind.args ts=182593807868286 dur=108024957
[mono_ns=182593915930008][T0x74909972a740][TIMING] emit_host_span: [STRACE] v=1 pid=473521 tid=473521 inv=29 hid=fce75cc27705b57e depth=2 name=chip.run.bind.prebuilt ts=182593915926293 dur=2784
[mono_ns=182593915932752][T0x74909972a740][TIMING] emit_host_span: [STRACE] v=1 pid=473521 tid=473521 inv=29 hid=fce75cc27705b57e depth=1 name=chip.run.bind ts=182593807862688 dur=108068622
[mono_ns=182593921130284][T0x74909972a740][WARN] prepare_execution: [device_runner.cpp:343] AICPU CPU_TOPO unavailable; using json_fallback: soc=Ascend950PR_9579 occupy=0x3e stable_reachable=5 requested=0 effective=5 affinity=[1, 2, 3, 4, 5(orch)]
[mono_ns=182593926969898][T0x74909972a740][TIMING] emit_host_span: [STRACE] v=1 pid=473521 tid=473521 inv=29 hid=fce75cc27705b57e depth=1 name=chip.run.runner_run ts=182593921189643 dur=5779104
[mono_ns=182593927267836][T0x74909972a740][TIMING] emit_host_span: [STRACE] v=1 pid=473521 tid=473521 inv=29 hid=fce75cc27705b57e depth=1 name=chip.run.validate ts=182593926973544 dur=293340
[mono_ns=182593927270219][T0x74909972a740][TIMING] emit_host_span: [STRACE] v=1 pid=473521 tid=473521 inv=29 hid=fce75cc27705b57e depth=2 name=chip.run.runner_run.device_wall ts=0 dur=5560217 clk=dev
[mono_ns=182593927271801][T0x74909972a740][TIMING] emit_host_span: [STRACE] v=1 pid=473521 tid=473521 inv=29 hid=fce75cc27705b57e depth=3 name=chip.run.runner_run.device_wall.preamble ts=0 dur=14029 clk=dev
[mono_ns=182593927272873][T0x74909972a740][TIMING] emit_host_span: [STRACE] v=1 pid=473521 tid=473521 inv=29 hid=fce75cc27705b57e depth=3 name=chip.run.runner_run.device_wall.graph_build ts=3367 dur=5552246 clk=dev
[mono_ns=182593927273855][T0x74909972a740][TIMING] emit_host_span: [STRACE] v=1 pid=473521 tid=473521 inv=29 hid=fce75cc27705b57e depth=3 name=chip.run.runner_run.device_wall.config_validate ts=3695 dur=1924 clk=dev
[mono_ns=182593927274826][T0x74909972a740][TIMING] emit_host_span: [STRACE] v=1 pid=473521 tid=473521 inv=29 hid=fce75cc27705b57e depth=3 name=chip.run.runner_run.device_wall.arena_wire ts=5638 dur=3449 clk=dev
[mono_ns=182593927275787][T0x74909972a740][TIMING] emit_host_span: [STRACE] v=1 pid=473521 tid=473521 inv=29 hid=fce75cc27705b57e depth=3 name=chip.run.runner_run.device_wall.sm_reset ts=9156 dur=6578 clk=dev
[mono_ns=182593927276769][T0x74909972a740][TIMING] emit_host_span: [STRACE] v=1 pid=473521 tid=473521 inv=29 hid=fce75cc27705b57e depth=3 name=chip.run.runner_run.device_wall.post_orch ts=5555636 dur=4344 clk=dev
[mono_ns=182593927282978][T0x74909972a740][TIMING] emit_host_span: [STRACE] v=1 pid=473521 tid=473521 inv=29 hid=fce75cc27705b57e depth=3 name=chip.run.runner_run.device_wall.orch ts=15807 dur=4148428 clk=dev
[mono_ns=182593927283950][T0x74909972a740][TIMING] emit_host_span: [STRACE] v=1 pid=473521 tid=473521 inv=29 hid=fce75cc27705b57e depth=3 name=chip.run.runner_run.device_wall.sched ts=16578 dur=5522422 clk=dev
[mono_ns=182593927285282][T0x74909972a740][TIMING] emit_host_span: [STRACE] v=1 pid=473521 tid=473521 inv=29 hid=fce75cc27705b57e depth=1 name=chip.run.claim_release ts=182593927284581 dur=110
[mono_ns=182593927286854][T0x74909972a740][TIMING] emit_host_span: [STRACE] v=1 pid=473521 tid=473521 inv=29 hid=fce75cc27705b57e depth=0 name=chip.run ts=182593807857230 dur=119428963 run_id=0 dispatch_id=0 slot_id=0 generation=29 run_epoch=29
[mono_ns=182594034574995][T0x74909972a740][TIMING] emit_host_span: [STRACE] v=1 pid=473521 tid=473521 inv=30 hid=fce75cc27705b57e depth=2 name=chip.run.bind.args ts=182593927617220 dur=106950584
[mono_ns=182594034597869][T0x74909972a740][TIMING] emit_host_span: [STRACE] v=1 pid=473521 tid=473521 inv=30 hid=fce75cc27705b57e depth=2 name=chip.run.bind.prebuilt ts=182594034594264 dur=2704
[mono_ns=182594034600233][T0x74909972a740][TIMING] emit_host_span: [STRACE] v=1 pid=473521 tid=473521 inv=30 hid=fce75cc27705b57e depth=1 name=chip.run.bind ts=182593927612313 dur=106986688
[mono_ns=182594039885225][T0x74909972a740][WARN] prepare_execution: [device_runner.cpp:343] AICPU CPU_TOPO unavailable; using json_fallback: soc=Ascend950PR_9579 occupy=0x3e stable_reachable=5 requested=0 effective=5 affinity=[1, 2, 3, 4, 5(orch)]
[mono_ns=182594045811921][T0x74909972a740][TIMING] emit_host_span: [STRACE] v=1 pid=473521 tid=473521 inv=30 hid=fce75cc27705b57e depth=1 name=chip.run.runner_run ts=182594039976352 dur=5832194
[mono_ns=182594046170439][T0x74909972a740][TIMING] emit_host_span: [STRACE] v=1 pid=473521 tid=473521 inv=30 hid=fce75cc27705b57e depth=1 name=chip.run.validate ts=182594045820023 dur=348903
[mono_ns=182594046173914][T0x74909972a740][TIMING] emit_host_span: [STRACE] v=1 pid=473521 tid=473521 inv=30 hid=fce75cc27705b57e depth=2 name=chip.run.runner_run.device_wall ts=0 dur=5560693 clk=dev
[mono_ns=182594046175857][T0x74909972a740][TIMING] emit_host_span: [STRACE] v=1 pid=473521 tid=473521 inv=30 hid=fce75cc27705b57e depth=3 name=chip.run.runner_run.device_wall.preamble ts=0 dur=15421 clk=dev
[mono_ns=182594046177169][T0x74909972a740][TIMING] emit_host_span: [STRACE] v=1 pid=473521 tid=473521 inv=30 hid=fce75cc27705b57e depth=3 name=chip.run.runner_run.device_wall.graph_build ts=3770 dur=5551620 clk=dev
[mono_ns=182594046178170][T0x74909972a740][TIMING] emit_host_span: [STRACE] v=1 pid=473521 tid=473521 inv=30 hid=fce75cc27705b57e depth=3 name=chip.run.runner_run.device_wall.config_validate ts=4112 dur=1888 clk=dev
[mono_ns=182594046179212][T0x74909972a740][TIMING] emit_host_span: [STRACE] v=1 pid=473521 tid=473521 inv=30 hid=fce75cc27705b57e depth=3 name=chip.run.runner_run.device_wall.arena_wire ts=6014 dur=4254 clk=dev
[mono_ns=182594046180223][T0x74909972a740][TIMING] emit_host_span: [STRACE] v=1 pid=473521 tid=473521 inv=30 hid=fce75cc27705b57e depth=3 name=chip.run.runner_run.device_wall.sm_reset ts=10332 dur=5968 clk=dev
[mono_ns=182594046181225][T0x74909972a740][TIMING] emit_host_span: [STRACE] v=1 pid=473521 tid=473521 inv=30 hid=fce75cc27705b57e depth=3 name=chip.run.runner_run.device_wall.post_orch ts=5555422 dur=4805 clk=dev
[mono_ns=182594046182226][T0x74909972a740][TIMING] emit_host_span: [STRACE] v=1 pid=473521 tid=473521 inv=30 hid=fce75cc27705b57e depth=3 name=chip.run.runner_run.device_wall.orch ts=16446 dur=4134317 clk=dev
[mono_ns=182594046183208][T0x74909972a740][TIMING] emit_host_span: [STRACE] v=1 pid=473521 tid=473521 inv=30 hid=fce75cc27705b57e depth=3 name=chip.run.runner_run.device_wall.sched ts=17218 dur=5522826 clk=dev
[mono_ns=182594046184510][T0x74909972a740][TIMING] emit_host_span: [STRACE] v=1 pid=473521 tid=473521 inv=30 hid=fce75cc27705b57e depth=1 name=chip.run.claim_release ts=182594046183769 dur=120
[mono_ns=182594046190289][T0x74909972a740][TIMING] emit_host_span: [STRACE] v=1 pid=473521 tid=473521 inv=30 hid=fce75cc27705b57e depth=0 name=chip.run ts=182593927608256 dur=118581261 run_id=0 dispatch_id=0 slot_id=0 generation=30 run_epoch=30
[mono_ns=182594169940518][T0x74909972a740][TIMING] emit_host_span: [STRACE] v=1 pid=473521 tid=473521 inv=31 hid=fce75cc27705b57e depth=2 name=chip.run.bind.args ts=182594046620654 dur=123313093
[mono_ns=182594169963732][T0x74909972a740][TIMING] emit_host_span: [STRACE] v=1 pid=473521 tid=473521 inv=31 hid=fce75cc27705b57e depth=2 name=chip.run.bind.prebuilt ts=182594169959767 dur=3194
[mono_ns=182594169966967][T0x74909972a740][TIMING] emit_host_span: [STRACE] v=1 pid=473521 tid=473521 inv=31 hid=fce75cc27705b57e depth=1 name=chip.run.bind ts=182594046614806 dur=123350489
[mono_ns=182594175084719][T0x74909972a740][WARN] prepare_execution: [device_runner.cpp:343] AICPU CPU_TOPO unavailable; using json_fallback: soc=Ascend950PR_9579 occupy=0x3e stable_reachable=5 requested=0 effective=5 affinity=[1, 2, 3, 4, 5(orch)]
[mono_ns=182594180752716][T0x74909972a740][TIMING] emit_host_span: [STRACE] v=1 pid=473521 tid=473521 inv=31 hid=fce75cc27705b57e depth=1 name=chip.run.runner_run ts=182594175143587 dur=5606966
[mono_ns=182594181043352][T0x74909972a740][TIMING] emit_host_span: [STRACE] v=1 pid=473521 tid=473521 inv=31 hid=fce75cc27705b57e depth=1 name=chip.run.validate ts=182594180756892 dur=285619
[mono_ns=182594181045646][T0x74909972a740][TIMING] emit_host_span: [STRACE] v=1 pid=473521 tid=473521 inv=31 hid=fce75cc27705b57e depth=2 name=chip.run.runner_run.device_wall ts=0 dur=5406661 clk=dev
[mono_ns=182594181047118][T0x74909972a740][TIMING] emit_host_span: [STRACE] v=1 pid=473521 tid=473521 inv=31 hid=fce75cc27705b57e depth=3 name=chip.run.runner_run.device_wall.preamble ts=0 dur=14900 clk=dev
[mono_ns=182594181048259][T0x74909972a740][TIMING] emit_host_span: [STRACE] v=1 pid=473521 tid=473521 inv=31 hid=fce75cc27705b57e depth=3 name=chip.run.runner_run.device_wall.graph_build ts=3699 dur=5398222 clk=dev
[mono_ns=182594181049271][T0x74909972a740][TIMING] emit_host_span: [STRACE] v=1 pid=473521 tid=473521 inv=31 hid=fce75cc27705b57e depth=3 name=chip.run.runner_run.device_wall.config_validate ts=4242 dur=1457 clk=dev
[mono_ns=182594181050303][T0x74909972a740][TIMING] emit_host_span: [STRACE] v=1 pid=473521 tid=473521 inv=31 hid=fce75cc27705b57e depth=3 name=chip.run.runner_run.device_wall.arena_wire ts=5765 dur=3451 clk=dev
[mono_ns=182594181051284][T0x74909972a740][TIMING] emit_host_span: [STRACE] v=1 pid=473521 tid=473521 inv=31 hid=fce75cc27705b57e depth=3 name=chip.run.runner_run.device_wall.sm_reset ts=9513 dur=6149 clk=dev
[mono_ns=182594181052275][T0x74909972a740][TIMING] emit_host_span: [STRACE] v=1 pid=473521 tid=473521 inv=31 hid=fce75cc27705b57e depth=3 name=chip.run.runner_run.device_wall.post_orch ts=5401950 dur=4554 clk=dev
[mono_ns=182594181053257][T0x74909972a740][TIMING] emit_host_span: [STRACE] v=1 pid=473521 tid=473521 inv=31 hid=fce75cc27705b57e depth=3 name=chip.run.runner_run.device_wall.orch ts=15906 dur=4088102 clk=dev
[mono_ns=182594181054238][T0x74909972a740][TIMING] emit_host_span: [STRACE] v=1 pid=473521 tid=473521 inv=31 hid=fce75cc27705b57e depth=3 name=chip.run.runner_run.device_wall.sched ts=16674 dur=5369372 clk=dev
[mono_ns=182594181055610][T0x74909972a740][TIMING] emit_host_span: [STRACE] v=1 pid=473521 tid=473521 inv=31 hid=fce75cc27705b57e depth=1 name=chip.run.claim_release ts=182594181054970 dur=80
[mono_ns=182594181057093][T0x74909972a740][TIMING] emit_host_span: [STRACE] v=1 pid=473521 tid=473521 inv=31 hid=fce75cc27705b57e depth=0 name=chip.run ts=182594046608606 dur=134447836 run_id=0 dispatch_id=0 slot_id=0 generation=31 run_epoch=31
[mono_ns=182594291326759][T0x74909972a740][TIMING] emit_host_span: [STRACE] v=1 pid=473521 tid=473521 inv=32 hid=fce75cc27705b57e depth=2 name=chip.run.bind.args ts=182594181429221 dur=109891438
[mono_ns=182594291348661][T0x74909972a740][TIMING] emit_host_span: [STRACE] v=1 pid=473521 tid=473521 inv=32 hid=fce75cc27705b57e depth=2 name=chip.run.bind.prebuilt ts=182594291345537 dur=2443
[mono_ns=182594291356353][T0x74909972a740][TIMING] emit_host_span: [STRACE] v=1 pid=473521 tid=473521 inv=32 hid=fce75cc27705b57e depth=1 name=chip.run.bind ts=182594181425466 dur=109928984
[mono_ns=182594299662490][T0x74909972a740][WARN] prepare_execution: [device_runner.cpp:343] AICPU CPU_TOPO unavailable; using json_fallback: soc=Ascend950PR_9579 occupy=0x3e stable_reachable=5 requested=0 effective=5 affinity=[1, 2, 3, 4, 5(orch)]
[mono_ns=182594305266130][T0x74909972a740][TIMING] emit_host_span: [STRACE] v=1 pid=473521 tid=473521 inv=32 hid=fce75cc27705b57e depth=1 name=chip.run.runner_run ts=182594299721649 dur=5542879
[mono_ns=182594305550407][T0x74909972a740][TIMING] emit_host_span: [STRACE] v=1 pid=473521 tid=473521 inv=32 hid=fce75cc27705b57e depth=1 name=chip.run.validate ts=182594305270888 dur=278658
[mono_ns=182594305552510][T0x74909972a740][TIMING] emit_host_span: [STRACE] v=1 pid=473521 tid=473521 inv=32 hid=fce75cc27705b57e depth=2 name=chip.run.runner_run.device_wall ts=0 dur=5356464 clk=dev
[mono_ns=182594305554073][T0x74909972a740][TIMING] emit_host_span: [STRACE] v=1 pid=473521 tid=473521 inv=32 hid=fce75cc27705b57e depth=3 name=chip.run.runner_run.device_wall.preamble ts=0 dur=13495 clk=dev
[mono_ns=182594305555515][T0x74909972a740][TIMING] emit_host_span: [STRACE] v=1 pid=473521 tid=473521 inv=32 hid=fce75cc27705b57e depth=3 name=chip.run.runner_run.device_wall.graph_build ts=3080 dur=5349157 clk=dev
[mono_ns=182594305556506][T0x74909972a740][TIMING] emit_host_span: [STRACE] v=1 pid=473521 tid=473521 inv=32 hid=fce75cc27705b57e depth=3 name=chip.run.runner_run.device_wall.config_validate ts=3776 dur=2059 clk=dev
[mono_ns=182594305557458][T0x74909972a740][TIMING] emit_host_span: [STRACE] v=1 pid=473521 tid=473521 inv=32 hid=fce75cc27705b57e depth=3 name=chip.run.runner_run.device_wall.arena_wire ts=5859 dur=3201 clk=dev
[mono_ns=182594305558409][T0x74909972a740][TIMING] emit_host_span: [STRACE] v=1 pid=473521 tid=473521 inv=32 hid=fce75cc27705b57e depth=3 name=chip.run.runner_run.device_wall.sm_reset ts=9123 dur=6357 clk=dev
[mono_ns=182594305559581][T0x74909972a740][TIMING] emit_host_span: [STRACE] v=1 pid=473521 tid=473521 inv=32 hid=fce75cc27705b57e depth=3 name=chip.run.runner_run.device_wall.post_orch ts=5352331 dur=4037 clk=dev
[mono_ns=182594305560562][T0x74909972a740][TIMING] emit_host_span: [STRACE] v=1 pid=473521 tid=473521 inv=32 hid=fce75cc27705b57e depth=3 name=chip.run.runner_run.device_wall.orch ts=15603 dur=4101386 clk=dev
[mono_ns=182594305561534][T0x74909972a740][TIMING] emit_host_span: [STRACE] v=1 pid=473521 tid=473521 inv=32 hid=fce75cc27705b57e depth=3 name=chip.run.runner_run.device_wall.sched ts=16496 dur=5319201 clk=dev
[mono_ns=182594305562966][T0x74909972a740][TIMING] emit_host_span: [STRACE] v=1 pid=473521 tid=473521 inv=32 hid=fce75cc27705b57e depth=1 name=chip.run.claim_release ts=182594305562235 dur=100
[mono_ns=182594305564699][T0x74909972a740][TIMING] emit_host_span: [STRACE] v=1 pid=473521 tid=473521 inv=32 hid=fce75cc27705b57e depth=0 name=chip.run ts=182594181420829 dur=124143219 run_id=0 dispatch_id=0 slot_id=0 generation=32 run_epoch=32
[mono_ns=182594414204568][T0x74909972a740][TIMING] emit_host_span: [STRACE] v=1 pid=473521 tid=473521 inv=33 hid=fce75cc27705b57e depth=2 name=chip.run.bind.args ts=182594305934183 dur=108262994
[mono_ns=182594414226341][T0x74909972a740][TIMING] emit_host_span: [STRACE] v=1 pid=473521 tid=473521 inv=33 hid=fce75cc27705b57e depth=2 name=chip.run.bind.prebuilt ts=182594414222535 dur=3085
[mono_ns=182594414229786][T0x74909972a740][TIMING] emit_host_span: [STRACE] v=1 pid=473521 tid=473521 inv=33 hid=fce75cc27705b57e depth=1 name=chip.run.bind ts=182594305930067 dur=108297776
[mono_ns=182594420472095][T0x74909972a740][WARN] prepare_execution: [device_runner.cpp:343] AICPU CPU_TOPO unavailable; using json_fallback: soc=Ascend950PR_9579 occupy=0x3e stable_reachable=5 requested=0 effective=5 affinity=[1, 2, 3, 4, 5(orch)]
[mono_ns=182594426108034][T0x74909972a740][TIMING] emit_host_span: [STRACE] v=1 pid=473521 tid=473521 inv=33 hid=fce75cc27705b57e depth=1 name=chip.run.runner_run ts=182594420531945 dur=5574056
[mono_ns=182594426391780][T0x74909972a740][TIMING] emit_host_span: [STRACE] v=1 pid=473521 tid=473521 inv=33 hid=fce75cc27705b57e depth=1 name=chip.run.validate ts=182594426115185 dur=275624
[mono_ns=182594426393733][T0x74909972a740][TIMING] emit_host_span: [STRACE] v=1 pid=473521 tid=473521 inv=33 hid=fce75cc27705b57e depth=2 name=chip.run.runner_run.device_wall ts=0 dur=5381164 clk=dev
[mono_ns=182594426395045][T0x74909972a740][TIMING] emit_host_span: [STRACE] v=1 pid=473521 tid=473521 inv=33 hid=fce75cc27705b57e depth=3 name=chip.run.runner_run.device_wall.preamble ts=0 dur=13448 clk=dev
[mono_ns=182594426396167][T0x74909972a740][TIMING] emit_host_span: [STRACE] v=1 pid=473521 tid=473521 inv=33 hid=fce75cc27705b57e depth=3 name=chip.run.runner_run.device_wall.graph_build ts=3437 dur=5372802 clk=dev
[mono_ns=182594426397158][T0x74909972a740][TIMING] emit_host_span: [STRACE] v=1 pid=473521 tid=473521 inv=33 hid=fce75cc27705b57e depth=3 name=chip.run.runner_run.device_wall.config_validate ts=3960 dur=1827 clk=dev
[mono_ns=182594426398110][T0x74909972a740][TIMING] emit_host_span: [STRACE] v=1 pid=473521 tid=473521 inv=33 hid=fce75cc27705b57e depth=3 name=chip.run.runner_run.device_wall.arena_wire ts=5798 dur=3968 clk=dev
[mono_ns=182594426399071][T0x74909972a740][TIMING] emit_host_span: [STRACE] v=1 pid=473521 tid=473521 inv=33 hid=fce75cc27705b57e depth=3 name=chip.run.runner_run.device_wall.sm_reset ts=9784 dur=5720 clk=dev
[mono_ns=182594426400163][T0x74909972a740][TIMING] emit_host_span: [STRACE] v=1 pid=473521 tid=473521 inv=33 hid=fce75cc27705b57e depth=3 name=chip.run.runner_run.device_wall.post_orch ts=5376294 dur=4400 clk=dev
[mono_ns=182594426401134][T0x74909972a740][TIMING] emit_host_span: [STRACE] v=1 pid=473521 tid=473521 inv=33 hid=fce75cc27705b57e depth=3 name=chip.run.runner_run.device_wall.orch ts=15534 dur=4115576 clk=dev
[mono_ns=182594426402116][T0x74909972a740][TIMING] emit_host_span: [STRACE] v=1 pid=473521 tid=473521 inv=33 hid=fce75cc27705b57e depth=3 name=chip.run.runner_run.device_wall.sched ts=16419 dur=5344952 clk=dev
[mono_ns=182594426403428][T0x74909972a740][TIMING] emit_host_span: [STRACE] v=1 pid=473521 tid=473521 inv=33 hid=fce75cc27705b57e depth=1 name=chip.run.claim_release ts=182594426402677 dur=200
[mono_ns=182594426404990][T0x74909972a740][TIMING] emit_host_span: [STRACE] v=1 pid=473521 tid=473521 inv=33 hid=fce75cc27705b57e depth=0 name=chip.run ts=182594305925620 dur=120478759 run_id=0 dispatch_id=0 slot_id=0 generation=33 run_epoch=33
[mono_ns=182594533411498][T0x74909972a740][TIMING] emit_host_span: [STRACE] v=1 pid=473521 tid=473521 inv=34 hid=fce75cc27705b57e depth=2 name=chip.run.bind.args ts=182594426783849 dur=106620759
[mono_ns=182594533433161][T0x74909972a740][TIMING] emit_host_span: [STRACE] v=1 pid=473521 tid=473521 inv=34 hid=fce75cc27705b57e depth=2 name=chip.run.bind.prebuilt ts=182594533429495 dur=2895
[mono_ns=182594533436486][T0x74909972a740][TIMING] emit_host_span: [STRACE] v=1 pid=473521 tid=473521 inv=34 hid=fce75cc27705b57e depth=1 name=chip.run.bind ts=182594426779202 dur=106655501
[mono_ns=182594538811994][T0x74909972a740][WARN] prepare_execution: [device_runner.cpp:343] AICPU CPU_TOPO unavailable; using json_fallback: soc=Ascend950PR_9579 occupy=0x3e stable_reachable=5 requested=0 effective=5 affinity=[1, 2, 3, 4, 5(orch)]
[mono_ns=182594544642375][T0x74909972a740][TIMING] emit_host_span: [STRACE] v=1 pid=473521 tid=473521 inv=34 hid=fce75cc27705b57e depth=1 name=chip.run.runner_run ts=182594538864523 dur=5776019
[mono_ns=182594544924328][T0x74909972a740][TIMING] emit_host_span: [STRACE] v=1 pid=473521 tid=473521 inv=34 hid=fce75cc27705b57e depth=1 name=chip.run.validate ts=182594544647152 dur=276305
[mono_ns=182594544926341][T0x74909972a740][TIMING] emit_host_span: [STRACE] v=1 pid=473521 tid=473521 inv=34 hid=fce75cc27705b57e depth=2 name=chip.run.runner_run.device_wall ts=0 dur=5582603 clk=dev
[mono_ns=182594544932911][T0x74909972a740][TIMING] emit_host_span: [STRACE] v=1 pid=473521 tid=473521 inv=34 hid=fce75cc27705b57e depth=3 name=chip.run.runner_run.device_wall.preamble ts=0 dur=14434 clk=dev
[mono_ns=182594544934273][T0x74909972a740][TIMING] emit_host_span: [STRACE] v=1 pid=473521 tid=473521 inv=34 hid=fce75cc27705b57e depth=3 name=chip.run.runner_run.device_wall.graph_build ts=3705 dur=5573531 clk=dev
[mono_ns=182594544935375][T0x74909972a740][TIMING] emit_host_span: [STRACE] v=1 pid=473521 tid=473521 inv=34 hid=fce75cc27705b57e depth=3 name=chip.run.runner_run.device_wall.config_validate ts=4345 dur=1365 clk=dev
[mono_ns=182594544936316][T0x74909972a740][TIMING] emit_host_span: [STRACE] v=1 pid=473521 tid=473521 inv=34 hid=fce75cc27705b57e depth=3 name=chip.run.runner_run.device_wall.arena_wire ts=5754 dur=4212 clk=dev
[mono_ns=182594544937298][T0x74909972a740][TIMING] emit_host_span: [STRACE] v=1 pid=473521 tid=473521 inv=34 hid=fce75cc27705b57e depth=3 name=chip.run.runner_run.device_wall.sm_reset ts=9988 dur=6139 clk=dev
[mono_ns=182594544938339][T0x74909972a740][TIMING] emit_host_span: [STRACE] v=1 pid=473521 tid=473521 inv=34 hid=fce75cc27705b57e depth=3 name=chip.run.runner_run.device_wall.post_orch ts=5577258 dur=4595 clk=dev
[mono_ns=182594544939311][T0x74909972a740][TIMING] emit_host_span: [STRACE] v=1 pid=473521 tid=473521 inv=34 hid=fce75cc27705b57e depth=3 name=chip.run.runner_run.device_wall.orch ts=16373 dur=4042969 clk=dev
[mono_ns=182594544940272][T0x74909972a740][TIMING] emit_host_span: [STRACE] v=1 pid=473521 tid=473521 inv=34 hid=fce75cc27705b57e depth=3 name=chip.run.runner_run.device_wall.sched ts=16940 dur=5543573 clk=dev
[mono_ns=182594544941634][T0x74909972a740][TIMING] emit_host_span: [STRACE] v=1 pid=473521 tid=473521 inv=34 hid=fce75cc27705b57e depth=1 name=chip.run.claim_release ts=182594544940873 dur=200
[mono_ns=182594544943106][T0x74909972a740][TIMING] emit_host_span: [STRACE] v=1 pid=473521 tid=473521 inv=34 hid=fce75cc27705b57e depth=0 name=chip.run ts=182594426774224 dur=118168181 run_id=0 dispatch_id=0 slot_id=0 generation=34 run_epoch=34
[mono_ns=182594651280630][T0x74909972a740][TIMING] emit_host_span: [STRACE] v=1 pid=473521 tid=473521 inv=35 hid=fce75cc27705b57e depth=2 name=chip.run.bind.args ts=182594545313292 dur=105960638
[mono_ns=182594651302293][T0x74909972a740][TIMING] emit_host_span: [STRACE] v=1 pid=473521 tid=473521 inv=35 hid=fce75cc27705b57e depth=2 name=chip.run.bind.prebuilt ts=182594651299048 dur=2494
[mono_ns=182594651305187][T0x74909972a740][TIMING] emit_host_span: [STRACE] v=1 pid=473521 tid=473521 inv=35 hid=fce75cc27705b57e depth=1 name=chip.run.bind ts=182594545308675 dur=105994639
[mono_ns=182594658406165][T0x74909972a740][WARN] prepare_execution: [device_runner.cpp:343] AICPU CPU_TOPO unavailable; using json_fallback: soc=Ascend950PR_9579 occupy=0x3e stable_reachable=5 requested=0 effective=5 affinity=[1, 2, 3, 4, 5(orch)]
[mono_ns=182594664123627][T0x74909972a740][TIMING] emit_host_span: [STRACE] v=1 pid=473521 tid=473521 inv=35 hid=fce75cc27705b57e depth=1 name=chip.run.runner_run ts=182594658459295 dur=5663070
[mono_ns=182594664415475][T0x74909972a740][TIMING] emit_host_span: [STRACE] v=1 pid=473521 tid=473521 inv=35 hid=fce75cc27705b57e depth=1 name=chip.run.validate ts=182594664128925 dur=285758
[mono_ns=182594664417818][T0x74909972a740][TIMING] emit_host_span: [STRACE] v=1 pid=473521 tid=473521 inv=35 hid=fce75cc27705b57e depth=2 name=chip.run.runner_run.device_wall ts=0 dur=5476132 clk=dev
[mono_ns=182594664419140][T0x74909972a740][TIMING] emit_host_span: [STRACE] v=1 pid=473521 tid=473521 inv=35 hid=fce75cc27705b57e depth=3 name=chip.run.runner_run.device_wall.preamble ts=0 dur=15889 clk=dev
[mono_ns=182594664420342][T0x74909972a740][TIMING] emit_host_span: [STRACE] v=1 pid=473521 tid=473521 inv=35 hid=fce75cc27705b57e depth=3 name=chip.run.runner_run.device_wall.graph_build ts=3380 dur=5467866 clk=dev
[mono_ns=182594664421353][T0x74909972a740][TIMING] emit_host_span: [STRACE] v=1 pid=473521 tid=473521 inv=35 hid=fce75cc27705b57e depth=3 name=chip.run.runner_run.device_wall.config_validate ts=3992 dur=1616 clk=dev
[mono_ns=182594664427112][T0x74909972a740][TIMING] emit_host_span: [STRACE] v=1 pid=473521 tid=473521 inv=35 hid=fce75cc27705b57e depth=3 name=chip.run.runner_run.device_wall.arena_wire ts=5629 dur=3662 clk=dev
[mono_ns=182594664428094][T0x74909972a740][TIMING] emit_host_span: [STRACE] v=1 pid=473521 tid=473521 inv=35 hid=fce75cc27705b57e depth=3 name=chip.run.runner_run.device_wall.sm_reset ts=9599 dur=6684 clk=dev
[mono_ns=182594664429265][T0x74909972a740][TIMING] emit_host_span: [STRACE] v=1 pid=473521 tid=473521 inv=35 hid=fce75cc27705b57e depth=3 name=chip.run.runner_run.device_wall.post_orch ts=5471264 dur=4402 clk=dev
[mono_ns=182594664430247][T0x74909972a740][TIMING] emit_host_span: [STRACE] v=1 pid=473521 tid=473521 inv=35 hid=fce75cc27705b57e depth=3 name=chip.run.runner_run.device_wall.orch ts=16527 dur=4083535 clk=dev
[mono_ns=182594664431198][T0x74909972a740][TIMING] emit_host_span: [STRACE] v=1 pid=473521 tid=473521 inv=35 hid=fce75cc27705b57e depth=3 name=chip.run.runner_run.device_wall.sched ts=17054 dur=5437712 clk=dev
[mono_ns=182594664432600][T0x74909972a740][TIMING] emit_host_span: [STRACE] v=1 pid=473521 tid=473521 inv=35 hid=fce75cc27705b57e depth=1 name=chip.run.claim_release ts=182594664431809 dur=221
[mono_ns=182594664434383][T0x74909972a740][TIMING] emit_host_span: [STRACE] v=1 pid=473521 tid=473521 inv=35 hid=fce75cc27705b57e depth=0 name=chip.run ts=182594545303227 dur=119130545 run_id=0 dispatch_id=0 slot_id=0 generation=35 run_epoch=35
[mono_ns=182594772718479][T0x74909972a740][TIMING] emit_host_span: [STRACE] v=1 pid=473521 tid=473521 inv=36 hid=fce75cc27705b57e depth=2 name=chip.run.bind.args ts=182594664811249 dur=107900099
[mono_ns=182594772742375][T0x74909972a740][TIMING] emit_host_span: [STRACE] v=1 pid=473521 tid=473521 inv=36 hid=fce75cc27705b57e depth=2 name=chip.run.bind.prebuilt ts=182594772738779 dur=2885
[mono_ns=182594772745670][T0x74909972a740][TIMING] emit_host_span: [STRACE] v=1 pid=473521 tid=473521 inv=36 hid=fce75cc27705b57e depth=1 name=chip.run.bind ts=182594664806812 dur=107937175
[mono_ns=182594779744574][T0x74909972a740][WARN] prepare_execution: [device_runner.cpp:343] AICPU CPU_TOPO unavailable; using json_fallback: soc=Ascend950PR_9579 occupy=0x3e stable_reachable=5 requested=0 effective=5 affinity=[1, 2, 3, 4, 5(orch)]
[mono_ns=182594785383778][T0x74909972a740][TIMING] emit_host_span: [STRACE] v=1 pid=473521 tid=473521 inv=36 hid=fce75cc27705b57e depth=1 name=chip.run.runner_run ts=182594779800138 dur=5581838
[mono_ns=182594785684249][T0x74909972a740][TIMING] emit_host_span: [STRACE] v=1 pid=473521 tid=473521 inv=36 hid=fce75cc27705b57e depth=1 name=chip.run.validate ts=182594785389247 dur=294171
[mono_ns=182594785686192][T0x74909972a740][TIMING] emit_host_span: [STRACE] v=1 pid=473521 tid=473521 inv=36 hid=fce75cc27705b57e depth=2 name=chip.run.runner_run.device_wall ts=0 dur=5384682 clk=dev
[mono_ns=182594785687604][T0x74909972a740][TIMING] emit_host_span: [STRACE] v=1 pid=473521 tid=473521 inv=36 hid=fce75cc27705b57e depth=3 name=chip.run.runner_run.device_wall.preamble ts=0 dur=14604 clk=dev
[mono_ns=182594785688616][T0x74909972a740][TIMING] emit_host_span: [STRACE] v=1 pid=473521 tid=473521 inv=36 hid=fce75cc27705b57e depth=3 name=chip.run.runner_run.device_wall.graph_build ts=3714 dur=5375557 clk=dev
[mono_ns=182594785689597][T0x74909972a740][TIMING] emit_host_span: [STRACE] v=1 pid=473521 tid=473521 inv=36 hid=fce75cc27705b57e depth=3 name=chip.run.runner_run.device_wall.config_validate ts=4250 dur=1083 clk=dev
[mono_ns=182594785690559][T0x74909972a740][TIMING] emit_host_span: [STRACE] v=1 pid=473521 tid=473521 inv=36 hid=fce75cc27705b57e depth=3 name=chip.run.runner_run.device_wall.arena_wire ts=5379 dur=3457 clk=dev
[mono_ns=182594785691520][T0x74909972a740][TIMING] emit_host_span: [STRACE] v=1 pid=473521 tid=473521 inv=36 hid=fce75cc27705b57e depth=3 name=chip.run.runner_run.device_wall.sm_reset ts=8897 dur=6508 clk=dev
[mono_ns=182594785697359][T0x74909972a740][TIMING] emit_host_span: [STRACE] v=1 pid=473521 tid=473521 inv=36 hid=fce75cc27705b57e depth=3 name=chip.run.runner_run.device_wall.post_orch ts=5379303 dur=4896 clk=dev
[mono_ns=182594785698350][T0x74909972a740][TIMING] emit_host_span: [STRACE] v=1 pid=473521 tid=473521 inv=36 hid=fce75cc27705b57e depth=3 name=chip.run.runner_run.device_wall.orch ts=15436 dur=4041175 clk=dev
[mono_ns=182594785699322][T0x74909972a740][TIMING] emit_host_span: [STRACE] v=1 pid=473521 tid=473521 inv=36 hid=fce75cc27705b57e depth=3 name=chip.run.runner_run.device_wall.sched ts=16192 dur=5347130 clk=dev
[mono_ns=182594785700584][T0x74909972a740][TIMING] emit_host_span: [STRACE] v=1 pid=473521 tid=473521 inv=36 hid=fce75cc27705b57e depth=1 name=chip.run.claim_release ts=182594785699933 dur=100
[mono_ns=182594785701886][T0x74909972a740][TIMING] emit_host_span: [STRACE] v=1 pid=473521 tid=473521 inv=36 hid=fce75cc27705b57e depth=0 name=chip.run ts=182594664802335 dur=120898980 run_id=0 dispatch_id=0 slot_id=0 generation=36 run_epoch=36
[mono_ns=182594892685580][T0x74909972a740][TIMING] emit_host_span: [STRACE] v=1 pid=473521 tid=473521 inv=37 hid=fce75cc27705b57e depth=2 name=chip.run.bind.args ts=182594786078571 dur=106601050
[mono_ns=182594892703607][T0x74909972a740][TIMING] emit_host_span: [STRACE] v=1 pid=473521 tid=473521 inv=37 hid=fce75cc27705b57e depth=2 name=chip.run.bind.prebuilt ts=182594892700272 dur=2734
[mono_ns=182594892706541][T0x74909972a740][TIMING] emit_host_span: [STRACE] v=1 pid=473521 tid=473521 inv=37 hid=fce75cc27705b57e depth=1 name=chip.run.bind ts=182594786073884 dur=106631115
[mono_ns=182594899295160][T0x74909972a740][WARN] prepare_execution: [device_runner.cpp:343] AICPU CPU_TOPO unavailable; using json_fallback: soc=Ascend950PR_9579 occupy=0x3e stable_reachable=5 requested=0 effective=5 affinity=[1, 2, 3, 4, 5(orch)]
[mono_ns=182594904973863][T0x74909972a740][TIMING] emit_host_span: [STRACE] v=1 pid=473521 tid=473521 inv=37 hid=fce75cc27705b57e depth=1 name=chip.run.runner_run ts=182594899348931 dur=5623250
[mono_ns=182594905244790][T0x74909972a740][TIMING] emit_host_span: [STRACE] v=1 pid=473521 tid=473521 inv=37 hid=fce75cc27705b57e depth=1 name=chip.run.validate ts=182594904978761 dur=264987
[mono_ns=182594905247094][T0x74909972a740][TIMING] emit_host_span: [STRACE] v=1 pid=473521 tid=473521 inv=37 hid=fce75cc27705b57e depth=2 name=chip.run.runner_run.device_wall ts=0 dur=5427786 clk=dev
[mono_ns=182594905248516][T0x74909972a740][TIMING] emit_host_span: [STRACE] v=1 pid=473521 tid=473521 inv=37 hid=fce75cc27705b57e depth=3 name=chip.run.runner_run.device_wall.preamble ts=0 dur=13894 clk=dev
[mono_ns=182594905249577][T0x74909972a740][TIMING] emit_host_span: [STRACE] v=1 pid=473521 tid=473521 inv=37 hid=fce75cc27705b57e depth=3 name=chip.run.runner_run.device_wall.graph_build ts=3548 dur=5419312 clk=dev
[mono_ns=182594905250559][T0x74909972a740][TIMING] emit_host_span: [STRACE] v=1 pid=473521 tid=473521 inv=37 hid=fce75cc27705b57e depth=3 name=chip.run.runner_run.device_wall.config_validate ts=4136 dur=1714 clk=dev
[mono_ns=182594905251530][T0x74909972a740][TIMING] emit_host_span: [STRACE] v=1 pid=473521 tid=473521 inv=37 hid=fce75cc27705b57e depth=3 name=chip.run.runner_run.device_wall.arena_wire ts=5963 dur=4005 clk=dev
[mono_ns=182594905252512][T0x74909972a740][TIMING] emit_host_span: [STRACE] v=1 pid=473521 tid=473521 inv=37 hid=fce75cc27705b57e depth=3 name=chip.run.runner_run.device_wall.sm_reset ts=9985 dur=6161 clk=dev
[mono_ns=182594905253683][T0x74909972a740][TIMING] emit_host_span: [STRACE] v=1 pid=473521 tid=473521 inv=37 hid=fce75cc27705b57e depth=3 name=chip.run.runner_run.device_wall.post_orch ts=5422879 dur=4418 clk=dev
[mono_ns=182594905254665][T0x74909972a740][TIMING] emit_host_span: [STRACE] v=1 pid=473521 tid=473521 inv=37 hid=fce75cc27705b57e depth=3 name=chip.run.runner_run.device_wall.orch ts=16221 dur=4072082 clk=dev
[mono_ns=182594905255626][T0x74909972a740][TIMING] emit_host_span: [STRACE] v=1 pid=473521 tid=473521 inv=37 hid=fce75cc27705b57e depth=3 name=chip.run.runner_run.device_wall.sched ts=17003 dur=5390239 clk=dev
[mono_ns=182594905262216][T0x74909972a740][TIMING] emit_host_span: [STRACE] v=1 pid=473521 tid=473521 inv=37 hid=fce75cc27705b57e depth=1 name=chip.run.claim_release ts=182594905261535 dur=100
[mono_ns=182594905264079][T0x74909972a740][TIMING] emit_host_span: [STRACE] v=1 pid=473521 tid=473521 inv=37 hid=fce75cc27705b57e depth=0 name=chip.run ts=182594786068125 dur=119195363 run_id=0 dispatch_id=0 slot_id=0 generation=37 run_epoch=37
[mono_ns=182595011206240][T0x74909972a740][TIMING] emit_host_span: [STRACE] v=1 pid=473521 tid=473521 inv=38 hid=fce75cc27705b57e depth=2 name=chip.run.bind.args ts=182594905620013 dur=105579737
[mono_ns=182595011221933][T0x74909972a740][TIMING] emit_host_span: [STRACE] v=1 pid=473521 tid=473521 inv=38 hid=fce75cc27705b57e depth=2 name=chip.run.bind.prebuilt ts=182595011218208 dur=2994
[mono_ns=182595011225499][T0x74909972a740][TIMING] emit_host_span: [STRACE] v=1 pid=473521 tid=473521 inv=38 hid=fce75cc27705b57e depth=1 name=chip.run.bind ts=182594905615376 dur=105608110
[mono_ns=182595017113646][T0x74909972a740][WARN] prepare_execution: [device_runner.cpp:343] AICPU CPU_TOPO unavailable; using json_fallback: soc=Ascend950PR_9579 occupy=0x3e stable_reachable=5 requested=0 effective=5 affinity=[1, 2, 3, 4, 5(orch)]
[mono_ns=182595022775735][T0x74909972a740][TIMING] emit_host_span: [STRACE] v=1 pid=473521 tid=473521 inv=38 hid=fce75cc27705b57e depth=1 name=chip.run.runner_run ts=182595017166155 dur=5607847
[mono_ns=182595023061834][T0x74909972a740][TIMING] emit_host_span: [STRACE] v=1 pid=473521 tid=473521 inv=38 hid=fce75cc27705b57e depth=1 name=chip.run.validate ts=182595022779430 dur=281543
[mono_ns=182595023064328][T0x74909972a740][TIMING] emit_host_span: [STRACE] v=1 pid=473521 tid=473521 inv=38 hid=fce75cc27705b57e depth=2 name=chip.run.runner_run.device_wall ts=0 dur=5402876 clk=dev
[mono_ns=182595023065770][T0x74909972a740][TIMING] emit_host_span: [STRACE] v=1 pid=473521 tid=473521 inv=38 hid=fce75cc27705b57e depth=3 name=chip.run.runner_run.device_wall.preamble ts=0 dur=14120 clk=dev
[mono_ns=182595023067002][T0x74909972a740][TIMING] emit_host_span: [STRACE] v=1 pid=473521 tid=473521 inv=38 hid=fce75cc27705b57e depth=3 name=chip.run.runner_run.device_wall.graph_build ts=3855 dur=5394883 clk=dev
[mono_ns=182595023068003][T0x74909972a740][TIMING] emit_host_span: [STRACE] v=1 pid=473521 tid=473521 inv=38 hid=fce75cc27705b57e depth=3 name=chip.run.runner_run.device_wall.config_validate ts=4535 dur=1684 clk=dev
[mono_ns=182595023068985][T0x74909972a740][TIMING] emit_host_span: [STRACE] v=1 pid=473521 tid=473521 inv=38 hid=fce75cc27705b57e depth=3 name=chip.run.runner_run.device_wall.arena_wire ts=6239 dur=3693 clk=dev
[mono_ns=182595023069956][T0x74909972a740][TIMING] emit_host_span: [STRACE] v=1 pid=473521 tid=473521 inv=38 hid=fce75cc27705b57e depth=3 name=chip.run.runner_run.device_wall.sm_reset ts=9952 dur=5589 clk=dev
[mono_ns=182595023071118][T0x74909972a740][TIMING] emit_host_span: [STRACE] v=1 pid=473521 tid=473521 inv=38 hid=fce75cc27705b57e depth=3 name=chip.run.runner_run.device_wall.post_orch ts=5398756 dur=3870 clk=dev
[mono_ns=182595023072089][T0x74909972a740][TIMING] emit_host_span: [STRACE] v=1 pid=473521 tid=473521 inv=38 hid=fce75cc27705b57e depth=3 name=chip.run.runner_run.device_wall.orch ts=15566 dur=4126100 clk=dev
[mono_ns=182595023073061][T0x74909972a740][TIMING] emit_host_span: [STRACE] v=1 pid=473521 tid=473521 inv=38 hid=fce75cc27705b57e depth=3 name=chip.run.runner_run.device_wall.sched ts=16264 dur=5366608 clk=dev
[mono_ns=182595023074373][T0x74909972a740][TIMING] emit_host_span: [STRACE] v=1 pid=473521 tid=473521 inv=38 hid=fce75cc27705b57e depth=1 name=chip.run.claim_release ts=182595023073642 dur=190
[mono_ns=182595023075855][T0x74909972a740][TIMING] emit_host_span: [STRACE] v=1 pid=473521 tid=473521 inv=38 hid=fce75cc27705b57e depth=0 name=chip.run ts=182594905610379 dur=117464745 run_id=0 dispatch_id=0 slot_id=0 generation=38 run_epoch=38
[mono_ns=182595128556353][T0x74909972a740][TIMING] emit_host_span: [STRACE] v=1 pid=473521 tid=473521 inv=39 hid=fce75cc27705b57e depth=2 name=chip.run.bind.args ts=182595023447733 dur=105100938
[mono_ns=182595128572116][T0x74909972a740][TIMING] emit_host_span: [STRACE] v=1 pid=473521 tid=473521 inv=39 hid=fce75cc27705b57e depth=2 name=chip.run.bind.prebuilt ts=182595128568271 dur=3164
[mono_ns=182595128575511][T0x74909972a740][TIMING] emit_host_span: [STRACE] v=1 pid=473521 tid=473521 inv=39 hid=fce75cc27705b57e depth=1 name=chip.run.bind ts=182595023443357 dur=105130282
[mono_ns=182595135569218][T0x74909972a740][WARN] prepare_execution: [device_runner.cpp:343] AICPU CPU_TOPO unavailable; using json_fallback: soc=Ascend950PR_9579 occupy=0x3e stable_reachable=5 requested=0 effective=5 affinity=[1, 2, 3, 4, 5(orch)]
[mono_ns=182595141395914][T0x74909972a740][TIMING] emit_host_span: [STRACE] v=1 pid=473521 tid=473521 inv=39 hid=fce75cc27705b57e depth=1 name=chip.run.runner_run ts=182595135623380 dur=5770341
[mono_ns=182595141685519][T0x74909972a740][TIMING] emit_host_span: [STRACE] v=1 pid=473521 tid=473521 inv=39 hid=fce75cc27705b57e depth=1 name=chip.run.validate ts=182595141399309 dur=285328
[mono_ns=182595141687582][T0x74909972a740][TIMING] emit_host_span: [STRACE] v=1 pid=473521 tid=473521 inv=39 hid=fce75cc27705b57e depth=2 name=chip.run.runner_run.device_wall ts=0 dur=5578818 clk=dev
[mono_ns=182595141688954][T0x74909972a740][TIMING] emit_host_span: [STRACE] v=1 pid=473521 tid=473521 inv=39 hid=fce75cc27705b57e depth=3 name=chip.run.runner_run.device_wall.preamble ts=0 dur=15412 clk=dev
[mono_ns=182595141690296][T0x74909972a740][TIMING] emit_host_span: [STRACE] v=1 pid=473521 tid=473521 inv=39 hid=fce75cc27705b57e depth=3 name=chip.run.runner_run.device_wall.graph_build ts=3791 dur=5570051 clk=dev
[mono_ns=182595141691287][T0x74909972a740][TIMING] emit_host_span: [STRACE] v=1 pid=473521 tid=473521 inv=39 hid=fce75cc27705b57e depth=3 name=chip.run.runner_run.device_wall.config_validate ts=4430 dur=1678 clk=dev
[mono_ns=182595141692289][T0x74909972a740][TIMING] emit_host_span: [STRACE] v=1 pid=473521 tid=473521 inv=39 hid=fce75cc27705b57e depth=3 name=chip.run.runner_run.device_wall.arena_wire ts=6122 dur=4103 clk=dev
[mono_ns=182595141693260][T0x74909972a740][TIMING] emit_host_span: [STRACE] v=1 pid=473521 tid=473521 inv=39 hid=fce75cc27705b57e depth=3 name=chip.run.runner_run.device_wall.sm_reset ts=10320 dur=6249 clk=dev
[mono_ns=182595141694272][T0x74909972a740][TIMING] emit_host_span: [STRACE] v=1 pid=473521 tid=473521 inv=39 hid=fce75cc27705b57e depth=3 name=chip.run.runner_run.device_wall.post_orch ts=5573858 dur=4490 clk=dev
[mono_ns=182595141695253][T0x74909972a740][TIMING] emit_host_span: [STRACE] v=1 pid=473521 tid=473521 inv=39 hid=fce75cc27705b57e depth=3 name=chip.run.runner_run.device_wall.orch ts=16595 dur=4112550 clk=dev
[mono_ns=182595141696215][T0x74909972a740][TIMING] emit_host_span: [STRACE] v=1 pid=473521 tid=473521 inv=39 hid=fce75cc27705b57e depth=3 name=chip.run.runner_run.device_wall.sched ts=17253 dur=5540268 clk=dev
[mono_ns=182595141697416][T0x74909972a740][TIMING] emit_host_span: [STRACE] v=1 pid=473521 tid=473521 inv=39 hid=fce75cc27705b57e depth=1 name=chip.run.claim_release ts=182595141696805 dur=81
[mono_ns=182595141698738][T0x74909972a740][TIMING] emit_host_span: [STRACE] v=1 pid=473521 tid=473521 inv=39 hid=fce75cc27705b57e depth=0 name=chip.run ts=182595023436997 dur=118261150 run_id=0 dispatch_id=0 slot_id=0 generation=39 run_epoch=39
[mono_ns=182595261685639][T0x74909972a740][TIMING] emit_host_span: [STRACE] v=1 pid=473521 tid=473521 inv=40 hid=fce75cc27705b57e depth=2 name=chip.run.bind.args ts=182595142096345 dur=119573350
[mono_ns=182595261725559][T0x74909972a740][TIMING] emit_host_span: [STRACE] v=1 pid=473521 tid=473521 inv=40 hid=fce75cc27705b57e depth=2 name=chip.run.bind.prebuilt ts=182595261719370 dur=4957
[mono_ns=182595261728914][T0x74909972a740][TIMING] emit_host_span: [STRACE] v=1 pid=473521 tid=473521 inv=40 hid=fce75cc27705b57e depth=1 name=chip.run.bind ts=182595142092029 dur=119635543
[mono_ns=182595268879546][T0x74909972a740][WARN] prepare_execution: [device_runner.cpp:343] AICPU CPU_TOPO unavailable; using json_fallback: soc=Ascend950PR_9579 occupy=0x3e stable_reachable=5 requested=0 effective=5 affinity=[1, 2, 3, 4, 5(orch)]
[mono_ns=182595274613062][T0x74909972a740][TIMING] emit_host_span: [STRACE] v=1 pid=473521 tid=473521 inv=40 hid=fce75cc27705b57e depth=1 name=chip.run.runner_run ts=182595268947989 dur=5663501
[mono_ns=182595275016147][T0x74909972a740][TIMING] emit_host_span: [STRACE] v=1 pid=473521 tid=473521 inv=40 hid=fce75cc27705b57e depth=1 name=chip.run.validate ts=182595274617078 dur=398027
[mono_ns=182595275019342][T0x74909972a740][TIMING] emit_host_span: [STRACE] v=1 pid=473521 tid=473521 inv=40 hid=fce75cc27705b57e depth=2 name=chip.run.runner_run.device_wall ts=0 dur=5395058 clk=dev
[mono_ns=182595275021125][T0x74909972a740][TIMING] emit_host_span: [STRACE] v=1 pid=473521 tid=473521 inv=40 hid=fce75cc27705b57e depth=3 name=chip.run.runner_run.device_wall.preamble ts=0 dur=14399 clk=dev
[mono_ns=182595275022326][T0x74909972a740][TIMING] emit_host_span: [STRACE] v=1 pid=473521 tid=473521 inv=40 hid=fce75cc27705b57e depth=3 name=chip.run.runner_run.device_wall.graph_build ts=3616 dur=5386341 clk=dev
[mono_ns=182595275023348][T0x74909972a740][TIMING] emit_host_span: [STRACE] v=1 pid=473521 tid=473521 inv=40 hid=fce75cc27705b57e depth=3 name=chip.run.runner_run.device_wall.config_validate ts=4420 dur=1480 clk=dev
[mono_ns=182595275024329][T0x74909972a740][TIMING] emit_host_span: [STRACE] v=1 pid=473521 tid=473521 inv=40 hid=fce75cc27705b57e depth=3 name=chip.run.runner_run.device_wall.arena_wire ts=5970 dur=4265 clk=dev
[mono_ns=182595275025331][T0x74909972a740][TIMING] emit_host_span: [STRACE] v=1 pid=473521 tid=473521 inv=40 hid=fce75cc27705b57e depth=3 name=chip.run.runner_run.device_wall.sm_reset ts=10257 dur=5606 clk=dev
[mono_ns=182595275026342][T0x74909972a740][TIMING] emit_host_span: [STRACE] v=1 pid=473521 tid=473521 inv=40 hid=fce75cc27705b57e depth=3 name=chip.run.runner_run.device_wall.post_orch ts=5389973 dur=4532 clk=dev
[mono_ns=182595275027314][T0x74909972a740][TIMING] emit_host_span: [STRACE] v=1 pid=473521 tid=473521 inv=40 hid=fce75cc27705b57e depth=3 name=chip.run.runner_run.device_wall.orch ts=16066 dur=4138830 clk=dev
[mono_ns=182595275028305][T0x74909972a740][TIMING] emit_host_span: [STRACE] v=1 pid=473521 tid=473521 inv=40 hid=fce75cc27705b57e depth=3 name=chip.run.runner_run.device_wall.sched ts=16712 dur=5356522 clk=dev
[mono_ns=182595275029828][T0x74909972a740][TIMING] emit_host_span: [STRACE] v=1 pid=473521 tid=473521 inv=40 hid=fce75cc27705b57e depth=1 name=chip.run.claim_release ts=182595275028906 dur=291
[mono_ns=182595275031510][T0x74909972a740][TIMING] emit_host_span: [STRACE] v=1 pid=473521 tid=473521 inv=40 hid=fce75cc27705b57e depth=0 name=chip.run ts=182595142087672 dur=132943097 run_id=0 dispatch_id=0 slot_id=0 generation=40 run_epoch=40
[mono_ns=182595390275963][T0x74909972a740][TIMING] emit_host_span: [STRACE] v=1 pid=473521 tid=473521 inv=41 hid=fce75cc27705b57e depth=2 name=chip.run.bind.args ts=182595275650940 dur=114619104
[mono_ns=182595390298587][T0x74909972a740][TIMING] emit_host_span: [STRACE] v=1 pid=473521 tid=473521 inv=41 hid=fce75cc27705b57e depth=2 name=chip.run.bind.prebuilt ts=182595390294911 dur=2804
[mono_ns=182595390301141][T0x74909972a740][TIMING] emit_host_span: [STRACE] v=1 pid=473521 tid=473521 inv=41 hid=fce75cc27705b57e depth=1 name=chip.run.bind ts=182595275645802 dur=114654087
[mono_ns=182595396706244][T0x74909972a740][WARN] prepare_execution: [device_runner.cpp:343] AICPU CPU_TOPO unavailable; using json_fallback: soc=Ascend950PR_9579 occupy=0x3e stable_reachable=5 requested=0 effective=5 affinity=[1, 2, 3, 4, 5(orch)]
[mono_ns=182595402406850][T0x74909972a740][TIMING] emit_host_span: [STRACE] v=1 pid=473521 tid=473521 inv=41 hid=fce75cc27705b57e depth=1 name=chip.run.runner_run ts=182595396765653 dur=5639565
[mono_ns=182595402719479][T0x74909972a740][TIMING] emit_host_span: [STRACE] v=1 pid=473521 tid=473521 inv=41 hid=fce75cc27705b57e depth=1 name=chip.run.validate ts=182595402410826 dur=307622
[mono_ns=182595402727251][T0x74909972a740][TIMING] emit_host_span: [STRACE] v=1 pid=473521 tid=473521 inv=41 hid=fce75cc27705b57e depth=2 name=chip.run.runner_run.device_wall ts=0 dur=5424959 clk=dev
[mono_ns=182595402728874][T0x74909972a740][TIMING] emit_host_span: [STRACE] v=1 pid=473521 tid=473521 inv=41 hid=fce75cc27705b57e depth=3 name=chip.run.runner_run.device_wall.preamble ts=0 dur=14595 clk=dev
[mono_ns=182595402730015][T0x74909972a740][TIMING] emit_host_span: [STRACE] v=1 pid=473521 tid=473521 inv=41 hid=fce75cc27705b57e depth=3 name=chip.run.runner_run.device_wall.graph_build ts=4038 dur=5415522 clk=dev
[mono_ns=182595402731047][T0x74909972a740][TIMING] emit_host_span: [STRACE] v=1 pid=473521 tid=473521 inv=41 hid=fce75cc27705b57e depth=3 name=chip.run.runner_run.device_wall.config_validate ts=4724 dur=1590 clk=dev
[mono_ns=182595402732038][T0x74909972a740][TIMING] emit_host_span: [STRACE] v=1 pid=473521 tid=473521 inv=41 hid=fce75cc27705b57e depth=3 name=chip.run.runner_run.device_wall.arena_wire ts=6328 dur=3885 clk=dev
[mono_ns=182595402733050][T0x74909972a740][TIMING] emit_host_span: [STRACE] v=1 pid=473521 tid=473521 inv=41 hid=fce75cc27705b57e depth=3 name=chip.run.runner_run.device_wall.sm_reset ts=10227 dur=6513 clk=dev
[mono_ns=182595402734041][T0x74909972a740][TIMING] emit_host_span: [STRACE] v=1 pid=473521 tid=473521 inv=41 hid=fce75cc27705b57e depth=3 name=chip.run.runner_run.device_wall.post_orch ts=5419597 dur=4739 clk=dev
[mono_ns=182595402735003][T0x74909972a740][TIMING] emit_host_span: [STRACE] v=1 pid=473521 tid=473521 inv=41 hid=fce75cc27705b57e depth=3 name=chip.run.runner_run.device_wall.orch ts=16904 dur=4088869 clk=dev
[mono_ns=182595402735964][T0x74909972a740][TIMING] emit_host_span: [STRACE] v=1 pid=473521 tid=473521 inv=41 hid=fce75cc27705b57e depth=3 name=chip.run.runner_run.device_wall.sched ts=17651 dur=5385520 clk=dev
[mono_ns=182595402737276][T0x74909972a740][TIMING] emit_host_span: [STRACE] v=1 pid=473521 tid=473521 inv=41 hid=fce75cc27705b57e depth=1 name=chip.run.claim_release ts=182595402736605 dur=100
[mono_ns=182595402738798][T0x74909972a740][TIMING] emit_host_span: [STRACE] v=1 pid=473521 tid=473521 inv=41 hid=fce75cc27705b57e depth=0 name=chip.run ts=182595275638181 dur=127099976 run_id=0 dispatch_id=0 slot_id=0 generation=41 run_epoch=41
[mono_ns=182595521814552][T0x74909972a740][TIMING] emit_host_span: [STRACE] v=1 pid=473521 tid=473521 inv=42 hid=fce75cc27705b57e depth=2 name=chip.run.bind.args ts=182595403080351 dur=118725868
[mono_ns=182595521841302][T0x74909972a740][TIMING] emit_host_span: [STRACE] v=1 pid=473521 tid=473521 inv=42 hid=fce75cc27705b57e depth=2 name=chip.run.bind.prebuilt ts=182595521837216 dur=3054
[mono_ns=182595521844276][T0x74909972a740][TIMING] emit_host_span: [STRACE] v=1 pid=473521 tid=473521 inv=42 hid=fce75cc27705b57e depth=1 name=chip.run.bind ts=182595403075764 dur=118767360
[mono_ns=182595528679726][T0x74909972a740][WARN] prepare_execution: [device_runner.cpp:343] AICPU CPU_TOPO unavailable; using json_fallback: soc=Ascend950PR_9579 occupy=0x3e stable_reachable=5 requested=0 effective=5 affinity=[1, 2, 3, 4, 5(orch)]
[mono_ns=182595534414593][T0x74909972a740][TIMING] emit_host_span: [STRACE] v=1 pid=473521 tid=473521 inv=42 hid=fce75cc27705b57e depth=1 name=chip.run.runner_run ts=182595528742179 dur=5670922
[mono_ns=182595534691879][T0x74909972a740][TIMING] emit_host_span: [STRACE] v=1 pid=473521 tid=473521 inv=42 hid=fce75cc27705b57e depth=1 name=chip.run.validate ts=182595534417748 dur=273220
[mono_ns=182595534693973][T0x74909972a740][TIMING] emit_host_span: [STRACE] v=1 pid=473521 tid=473521 inv=42 hid=fce75cc27705b57e depth=2 name=chip.run.runner_run.device_wall ts=0 dur=5459439 clk=dev
[mono_ns=182595534695715][T0x74909972a740][TIMING] emit_host_span: [STRACE] v=1 pid=473521 tid=473521 inv=42 hid=fce75cc27705b57e depth=3 name=chip.run.runner_run.device_wall.preamble ts=0 dur=15956 clk=dev
[mono_ns=182595534697007][T0x74909972a740][TIMING] emit_host_span: [STRACE] v=1 pid=473521 tid=473521 inv=42 hid=fce75cc27705b57e depth=3 name=chip.run.runner_run.device_wall.graph_build ts=4301 dur=5450568 clk=dev
[mono_ns=182595534703897][T0x74909972a740][TIMING] emit_host_span: [STRACE] v=1 pid=473521 tid=473521 inv=42 hid=fce75cc27705b57e depth=3 name=chip.run.runner_run.device_wall.config_validate ts=4870 dur=1827 clk=dev
[mono_ns=182595534704909][T0x74909972a740][TIMING] emit_host_span: [STRACE] v=1 pid=473521 tid=473521 inv=42 hid=fce75cc27705b57e depth=3 name=chip.run.runner_run.device_wall.arena_wire ts=6973 dur=3784 clk=dev
[mono_ns=182595534705920][T0x74909972a740][TIMING] emit_host_span: [STRACE] v=1 pid=473521 tid=473521 inv=42 hid=fce75cc27705b57e depth=3 name=chip.run.runner_run.device_wall.sm_reset ts=10822 dur=6050 clk=dev
[mono_ns=182595534706932][T0x74909972a740][TIMING] emit_host_span: [STRACE] v=1 pid=473521 tid=473521 inv=42 hid=fce75cc27705b57e depth=3 name=chip.run.runner_run.device_wall.post_orch ts=5454898 dur=4481 clk=dev
[mono_ns=182595534707923][T0x74909972a740][TIMING] emit_host_span: [STRACE] v=1 pid=473521 tid=473521 inv=42 hid=fce75cc27705b57e depth=3 name=chip.run.runner_run.device_wall.orch ts=17128 dur=4095523 clk=dev
[mono_ns=182595534708895][T0x74909972a740][TIMING] emit_host_span: [STRACE] v=1 pid=473521 tid=473521 inv=42 hid=fce75cc27705b57e depth=3 name=chip.run.runner_run.device_wall.sched ts=17634 dur=5422000 clk=dev
[mono_ns=182595534710237][T0x74909972a740][TIMING] emit_host_span: [STRACE] v=1 pid=473521 tid=473521 inv=42 hid=fce75cc27705b57e depth=1 name=chip.run.claim_release ts=182595534709506 dur=120
[mono_ns=182595534711729][T0x74909972a740][TIMING] emit_host_span: [STRACE] v=1 pid=473521 tid=473521 inv=42 hid=fce75cc27705b57e depth=0 name=chip.run ts=182595403071468 dur=131639630 run_id=0 dispatch_id=0 slot_id=0 generation=42 run_epoch=42
[mono_ns=182595645499352][T0x74909972a740][TIMING] emit_host_span: [STRACE] v=1 pid=473521 tid=473521 inv=43 hid=fce75cc27705b57e depth=2 name=chip.run.bind.args ts=182595535053061 dur=110437178
[mono_ns=182595645527845][T0x74909972a740][TIMING] emit_host_span: [STRACE] v=1 pid=473521 tid=473521 inv=43 hid=fce75cc27705b57e depth=2 name=chip.run.bind.prebuilt ts=182595645523429 dur=3285
[mono_ns=182595645530699][T0x74909972a740][TIMING] emit_host_span: [STRACE] v=1 pid=473521 tid=473521 inv=43 hid=fce75cc27705b57e depth=1 name=chip.run.bind ts=182595535048204 dur=110481083
[mono_ns=182595651100680][T0x74909972a740][WARN] prepare_execution: [device_runner.cpp:343] AICPU CPU_TOPO unavailable; using json_fallback: soc=Ascend950PR_9579 occupy=0x3e stable_reachable=5 requested=0 effective=5 affinity=[1, 2, 3, 4, 5(orch)]
[mono_ns=182595656925062][T0x74909972a740][TIMING] emit_host_span: [STRACE] v=1 pid=473521 tid=473521 inv=43 hid=fce75cc27705b57e depth=1 name=chip.run.runner_run ts=182595651165086 dur=5758623
[mono_ns=182595657226824][T0x74909972a740][TIMING] emit_host_span: [STRACE] v=1 pid=473521 tid=473521 inv=43 hid=fce75cc27705b57e depth=1 name=chip.run.validate ts=182595656928617 dur=297196
[mono_ns=182595657229839][T0x74909972a740][TIMING] emit_host_span: [STRACE] v=1 pid=473521 tid=473521 inv=43 hid=fce75cc27705b57e depth=2 name=chip.run.runner_run.device_wall ts=0 dur=5536636 clk=dev
[mono_ns=182595657231471][T0x74909972a740][TIMING] emit_host_span: [STRACE] v=1 pid=473521 tid=473521 inv=43 hid=fce75cc27705b57e depth=3 name=chip.run.runner_run.device_wall.preamble ts=0 dur=13878 clk=dev
[mono_ns=182595657232653][T0x74909972a740][TIMING] emit_host_span: [STRACE] v=1 pid=473521 tid=473521 inv=43 hid=fce75cc27705b57e depth=3 name=chip.run.runner_run.device_wall.graph_build ts=4229 dur=5527393 clk=dev
[mono_ns=182595657233675][T0x74909972a740][TIMING] emit_host_span: [STRACE] v=1 pid=473521 tid=473521 inv=43 hid=fce75cc27705b57e depth=3 name=chip.run.runner_run.device_wall.config_validate ts=4870 dur=1728 clk=dev
[mono_ns=182595657234636][T0x74909972a740][TIMING] emit_host_span: [STRACE] v=1 pid=473521 tid=473521 inv=43 hid=fce75cc27705b57e depth=3 name=chip.run.runner_run.device_wall.arena_wire ts=6652 dur=3991 clk=dev
[mono_ns=182595657245332][T0x74909972a740][TIMING] emit_host_span: [STRACE] v=1 pid=473521 tid=473521 inv=43 hid=fce75cc27705b57e depth=3 name=chip.run.runner_run.device_wall.sm_reset ts=10665 dur=6191 clk=dev
[mono_ns=182595657246584][T0x74909972a740][TIMING] emit_host_span: [STRACE] v=1 pid=473521 tid=473521 inv=43 hid=fce75cc27705b57e depth=3 name=chip.run.runner_run.device_wall.post_orch ts=5531688 dur=4645 clk=dev
[mono_ns=182595657247586][T0x74909972a740][TIMING] emit_host_span: [STRACE] v=1 pid=473521 tid=473521 inv=43 hid=fce75cc27705b57e depth=3 name=chip.run.runner_run.device_wall.orch ts=16881 dur=4053457 clk=dev
[mono_ns=182595657248557][T0x74909972a740][TIMING] emit_host_span: [STRACE] v=1 pid=473521 tid=473521 inv=43 hid=fce75cc27705b57e depth=3 name=chip.run.runner_run.device_wall.sched ts=17581 dur=5497900 clk=dev
[mono_ns=182595657249939][T0x74909972a740][TIMING] emit_host_span: [STRACE] v=1 pid=473521 tid=473521 inv=43 hid=fce75cc27705b57e depth=1 name=chip.run.claim_release ts=182595657249218 dur=120
[mono_ns=182595657251441][T0x74909972a740][TIMING] emit_host_span: [STRACE] v=1 pid=473521 tid=473521 inv=43 hid=fce75cc27705b57e depth=0 name=chip.run ts=182595535043848 dur=122206942 run_id=0 dispatch_id=0 slot_id=0 generation=43 run_epoch=43
[mono_ns=182595765964090][T0x74909972a740][TIMING] emit_host_span: [STRACE] v=1 pid=473521 tid=473521 inv=44 hid=fce75cc27705b57e depth=2 name=chip.run.bind.args ts=182595657571562 dur=108382784
[mono_ns=182595765991822][T0x74909972a740][TIMING] emit_host_span: [STRACE] v=1 pid=473521 tid=473521 inv=44 hid=fce75cc27705b57e depth=2 name=chip.run.bind.prebuilt ts=182595765987626 dur=3435
[mono_ns=182595765994656][T0x74909972a740][TIMING] emit_host_span: [STRACE] v=1 pid=473521 tid=473521 inv=44 hid=fce75cc27705b57e depth=1 name=chip.run.bind ts=182595657566404 dur=108426900
[mono_ns=182595771651477][T0x74909972a740][WARN] prepare_execution: [device_runner.cpp:343] AICPU CPU_TOPO unavailable; using json_fallback: soc=Ascend950PR_9579 occupy=0x3e stable_reachable=5 requested=0 effective=5 affinity=[1, 2, 3, 4, 5(orch)]
[mono_ns=182595777473635][T0x74909972a740][TIMING] emit_host_span: [STRACE] v=1 pid=473521 tid=473521 inv=44 hid=fce75cc27705b57e depth=1 name=chip.run.runner_run ts=182595771717786 dur=5754267
[mono_ns=182595777755969][T0x74909972a740][TIMING] emit_host_span: [STRACE] v=1 pid=473521 tid=473521 inv=44 hid=fce75cc27705b57e depth=1 name=chip.run.validate ts=182595777477311 dur=277626
[mono_ns=182595777757992][T0x74909972a740][TIMING] emit_host_span: [STRACE] v=1 pid=473521 tid=473521 inv=44 hid=fce75cc27705b57e depth=2 name=chip.run.runner_run.device_wall ts=0 dur=5516326 clk=dev
[mono_ns=182595777759514][T0x74909972a740][TIMING] emit_host_span: [STRACE] v=1 pid=473521 tid=473521 inv=44 hid=fce75cc27705b57e depth=3 name=chip.run.runner_run.device_wall.preamble ts=0 dur=13495 clk=dev
[mono_ns=182595777760816][T0x74909972a740][TIMING] emit_host_span: [STRACE] v=1 pid=473521 tid=473521 inv=44 hid=fce75cc27705b57e depth=3 name=chip.run.runner_run.device_wall.graph_build ts=4127 dur=5507407 clk=dev
[mono_ns=182595777761818][T0x74909972a740][TIMING] emit_host_span: [STRACE] v=1 pid=473521 tid=473521 inv=44 hid=fce75cc27705b57e depth=3 name=chip.run.runner_run.device_wall.config_validate ts=4975 dur=1550 clk=dev
[mono_ns=182595777762799][T0x74909972a740][TIMING] emit_host_span: [STRACE] v=1 pid=473521 tid=473521 inv=44 hid=fce75cc27705b57e depth=3 name=chip.run.runner_run.device_wall.arena_wire ts=6543 dur=3613 clk=dev
[mono_ns=182595777763831][T0x74909972a740][TIMING] emit_host_span: [STRACE] v=1 pid=473521 tid=473521 inv=44 hid=fce75cc27705b57e depth=3 name=chip.run.runner_run.device_wall.sm_reset ts=10227 dur=6189 clk=dev
[mono_ns=182595777764952][T0x74909972a740][TIMING] emit_host_span: [STRACE] v=1 pid=473521 tid=473521 inv=44 hid=fce75cc27705b57e depth=3 name=chip.run.runner_run.device_wall.post_orch ts=5511551 dur=4308 clk=dev
[mono_ns=182595777765944][T0x74909972a740][TIMING] emit_host_span: [STRACE] v=1 pid=473521 tid=473521 inv=44 hid=fce75cc27705b57e depth=3 name=chip.run.runner_run.device_wall.orch ts=16540 dur=4116251 clk=dev
[mono_ns=182595777772934][T0x74909972a740][TIMING] emit_host_span: [STRACE] v=1 pid=473521 tid=473521 inv=44 hid=fce75cc27705b57e depth=3 name=chip.run.runner_run.device_wall.sched ts=17186 dur=5478264 clk=dev
[mono_ns=182595777774266][T0x74909972a740][TIMING] emit_host_span: [STRACE] v=1 pid=473521 tid=473521 inv=44 hid=fce75cc27705b57e depth=1 name=chip.run.claim_release ts=182595777773555 dur=101
[mono_ns=182595777775739][T0x74909972a740][TIMING] emit_host_span: [STRACE] v=1 pid=473521 tid=473521 inv=44 hid=fce75cc27705b57e depth=0 name=chip.run ts=182595657561206 dur=120213882 run_id=0 dispatch_id=0 slot_id=0 generation=44 run_epoch=44
[mono_ns=182595886294286][T0x74909972a740][TIMING] emit_host_span: [STRACE] v=1 pid=473521 tid=473521 inv=45 hid=fce75cc27705b57e depth=2 name=chip.run.bind.args ts=182595778136410 dur=108150335
[mono_ns=182595886319224][T0x74909972a740][TIMING] emit_host_span: [STRACE] v=1 pid=473521 tid=473521 inv=45 hid=fce75cc27705b57e depth=2 name=chip.run.bind.prebuilt ts=182595886315188 dur=3044
[mono_ns=182595886321958][T0x74909972a740][TIMING] emit_host_span: [STRACE] v=1 pid=473521 tid=473521 inv=45 hid=fce75cc27705b57e depth=1 name=chip.run.bind ts=182595778131643 dur=108188903
[mono_ns=182595891975343][T0x74909972a740][WARN] prepare_execution: [device_runner.cpp:343] AICPU CPU_TOPO unavailable; using json_fallback: soc=Ascend950PR_9579 occupy=0x3e stable_reachable=5 requested=0 effective=5 affinity=[1, 2, 3, 4, 5(orch)]
[mono_ns=182595897736180][T0x74909972a740][TIMING] emit_host_span: [STRACE] v=1 pid=473521 tid=473521 inv=45 hid=fce75cc27705b57e depth=1 name=chip.run.runner_run ts=182595892036966 dur=5698002
[mono_ns=182595898026726][T0x74909972a740][TIMING] emit_host_span: [STRACE] v=1 pid=473521 tid=473521 inv=45 hid=fce75cc27705b57e depth=1 name=chip.run.validate ts=182595897740606 dur=285108
[mono_ns=182595898029219][T0x74909972a740][TIMING] emit_host_span: [STRACE] v=1 pid=473521 tid=473521 inv=45 hid=fce75cc27705b57e depth=2 name=chip.run.runner_run.device_wall ts=0 dur=5468818 clk=dev
[mono_ns=182595898030702][T0x74909972a740][TIMING] emit_host_span: [STRACE] v=1 pid=473521 tid=473521 inv=45 hid=fce75cc27705b57e depth=3 name=chip.run.runner_run.device_wall.preamble ts=0 dur=14093 clk=dev
[mono_ns=182595898031843][T0x74909972a740][TIMING] emit_host_span: [STRACE] v=1 pid=473521 tid=473521 inv=45 hid=fce75cc27705b57e depth=3 name=chip.run.runner_run.device_wall.graph_build ts=3785 dur=5460707 clk=dev
[mono_ns=182595898032895][T0x74909972a740][TIMING] emit_host_span: [STRACE] v=1 pid=473521 tid=473521 inv=45 hid=fce75cc27705b57e depth=3 name=chip.run.runner_run.device_wall.config_validate ts=4333 dur=1441 clk=dev
[mono_ns=182595898033866][T0x74909972a740][TIMING] emit_host_span: [STRACE] v=1 pid=473521 tid=473521 inv=45 hid=fce75cc27705b57e depth=3 name=chip.run.runner_run.device_wall.arena_wire ts=5806 dur=3758 clk=dev
[mono_ns=182595898034828][T0x74909972a740][TIMING] emit_host_span: [STRACE] v=1 pid=473521 tid=473521 inv=45 hid=fce75cc27705b57e depth=3 name=chip.run.runner_run.device_wall.sm_reset ts=9584 dur=5270 clk=dev
[mono_ns=182595898035839][T0x74909972a740][TIMING] emit_host_span: [STRACE] v=1 pid=473521 tid=473521 inv=45 hid=fce75cc27705b57e depth=3 name=chip.run.runner_run.device_wall.post_orch ts=5464789 dur=3858 clk=dev
[mono_ns=182595898036821][T0x74909972a740][TIMING] emit_host_span: [STRACE] v=1 pid=473521 tid=473521 inv=45 hid=fce75cc27705b57e depth=3 name=chip.run.runner_run.device_wall.orch ts=15106 dur=4072445 clk=dev
[mono_ns=182595898037812][T0x74909972a740][TIMING] emit_host_span: [STRACE] v=1 pid=473521 tid=473521 inv=45 hid=fce75cc27705b57e depth=3 name=chip.run.runner_run.device_wall.sched ts=15588 dur=5432486 clk=dev
[mono_ns=182595898039094][T0x74909972a740][TIMING] emit_host_span: [STRACE] v=1 pid=473521 tid=473521 inv=45 hid=fce75cc27705b57e depth=1 name=chip.run.claim_release ts=182595898038443 dur=90
[mono_ns=182595898046626][T0x74909972a740][TIMING] emit_host_span: [STRACE] v=1 pid=473521 tid=473521 inv=45 hid=fce75cc27705b57e depth=0 name=chip.run ts=182595778126155 dur=119919830 run_id=0 dispatch_id=0 slot_id=0 generation=45 run_epoch=45
[mono_ns=182596010957095][T0x74909972a740][TIMING] emit_host_span: [STRACE] v=1 pid=473521 tid=473521 inv=46 hid=fce75cc27705b57e depth=2 name=chip.run.bind.args ts=182595898355068 dur=112594796
[mono_ns=182596010979939][T0x74909972a740][TIMING] emit_host_span: [STRACE] v=1 pid=473521 tid=473521 inv=46 hid=fce75cc27705b57e depth=2 name=chip.run.bind.prebuilt ts=182596010976995 dur=2273
[mono_ns=182596010982333][T0x74909972a740][TIMING] emit_host_span: [STRACE] v=1 pid=473521 tid=473521 inv=46 hid=fce75cc27705b57e depth=1 name=chip.run.bind ts=182595898349881 dur=112631350
[mono_ns=182596017656130][T0x74909972a740][WARN] prepare_execution: [device_runner.cpp:343] AICPU CPU_TOPO unavailable; using json_fallback: soc=Ascend950PR_9579 occupy=0x3e stable_reachable=5 requested=0 effective=5 affinity=[1, 2, 3, 4, 5(orch)]
[mono_ns=182596023455354][T0x74909972a740][TIMING] emit_host_span: [STRACE] v=1 pid=473521 tid=473521 inv=46 hid=fce75cc27705b57e depth=1 name=chip.run.runner_run ts=182596017717131 dur=5736831
[mono_ns=182596023738239][T0x74909972a740][TIMING] emit_host_span: [STRACE] v=1 pid=473521 tid=473521 inv=46 hid=fce75cc27705b57e depth=1 name=chip.run.validate ts=182596023459500 dur=277807
[mono_ns=182596023740562][T0x74909972a740][TIMING] emit_host_span: [STRACE] v=1 pid=473521 tid=473521 inv=46 hid=fce75cc27705b57e depth=2 name=chip.run.runner_run.device_wall ts=0 dur=5507273 clk=dev
[mono_ns=182596023742164][T0x74909972a740][TIMING] emit_host_span: [STRACE] v=1 pid=473521 tid=473521 inv=46 hid=fce75cc27705b57e depth=3 name=chip.run.runner_run.device_wall.preamble ts=0 dur=14752 clk=dev
[mono_ns=182596023743206][T0x74909972a740][TIMING] emit_host_span: [STRACE] v=1 pid=473521 tid=473521 inv=46 hid=fce75cc27705b57e depth=3 name=chip.run.runner_run.device_wall.graph_build ts=4769 dur=5497376 clk=dev
[mono_ns=182596023744238][T0x74909972a740][TIMING] emit_host_span: [STRACE] v=1 pid=473521 tid=473521 inv=46 hid=fce75cc27705b57e depth=3 name=chip.run.runner_run.device_wall.config_validate ts=5356 dur=1613 clk=dev
[mono_ns=182596023745209][T0x74909972a740][TIMING] emit_host_span: [STRACE] v=1 pid=473521 tid=473521 inv=46 hid=fce75cc27705b57e depth=3 name=chip.run.runner_run.device_wall.arena_wire ts=6990 dur=3777 clk=dev
[mono_ns=182596023746210][T0x74909972a740][TIMING] emit_host_span: [STRACE] v=1 pid=473521 tid=473521 inv=46 hid=fce75cc27705b57e depth=3 name=chip.run.runner_run.device_wall.sm_reset ts=10788 dur=6460 clk=dev
[mono_ns=182596023747192][T0x74909972a740][TIMING] emit_host_span: [STRACE] v=1 pid=473521 tid=473521 inv=46 hid=fce75cc27705b57e depth=3 name=chip.run.runner_run.device_wall.post_orch ts=5502211 dur=3869 clk=dev
[mono_ns=182596023748173][T0x74909972a740][TIMING] emit_host_span: [STRACE] v=1 pid=473521 tid=473521 inv=46 hid=fce75cc27705b57e depth=3 name=chip.run.runner_run.device_wall.orch ts=17323 dur=4120894 clk=dev
[mono_ns=182596023749145][T0x74909972a740][TIMING] emit_host_span: [STRACE] v=1 pid=473521 tid=473521 inv=46 hid=fce75cc27705b57e depth=3 name=chip.run.runner_run.device_wall.sched ts=18145 dur=5469313 clk=dev
[mono_ns=182596023750427][T0x74909972a740][TIMING] emit_host_span: [STRACE] v=1 pid=473521 tid=473521 inv=46 hid=fce75cc27705b57e depth=1 name=chip.run.claim_release ts=182596023749776 dur=100
[mono_ns=182596023751849][T0x74909972a740][TIMING] emit_host_span: [STRACE] v=1 pid=473521 tid=473521 inv=46 hid=fce75cc27705b57e depth=0 name=chip.run ts=182595898345734 dur=125405504 run_id=0 dispatch_id=0 slot_id=0 generation=46 run_epoch=46
[mono_ns=182596135734486][T0x74909972a740][TIMING] emit_host_span: [STRACE] v=1 pid=473521 tid=473521 inv=47 hid=fce75cc27705b57e depth=2 name=chip.run.bind.args ts=182596024076376 dur=111650819
[mono_ns=182596135760745][T0x74909972a740][TIMING] emit_host_span: [STRACE] v=1 pid=473521 tid=473521 inv=47 hid=fce75cc27705b57e depth=2 name=chip.run.bind.prebuilt ts=182596135756990 dur=2844
[mono_ns=182596135769869][T0x74909972a740][TIMING] emit_host_span: [STRACE] v=1 pid=473521 tid=473521 inv=47 hid=fce75cc27705b57e depth=1 name=chip.run.bind ts=182596024071539 dur=111697138
[mono_ns=182596142481102][T0x74909972a740][WARN] prepare_execution: [device_runner.cpp:343] AICPU CPU_TOPO unavailable; using json_fallback: soc=Ascend950PR_9579 occupy=0x3e stable_reachable=5 requested=0 effective=5 affinity=[1, 2, 3, 4, 5(orch)]
[mono_ns=182596148315048][T0x74909972a740][TIMING] emit_host_span: [STRACE] v=1 pid=473521 tid=473521 inv=47 hid=fce75cc27705b57e depth=1 name=chip.run.runner_run ts=182596142544687 dur=5768328
[mono_ns=182596148597442][T0x74909972a740][TIMING] emit_host_span: [STRACE] v=1 pid=473521 tid=473521 inv=47 hid=fce75cc27705b57e depth=1 name=chip.run.validate ts=182596148319094 dur=277407
[mono_ns=182596148599275][T0x74909972a740][TIMING] emit_host_span: [STRACE] v=1 pid=473521 tid=473521 inv=47 hid=fce75cc27705b57e depth=2 name=chip.run.runner_run.device_wall ts=0 dur=5527591 clk=dev
[mono_ns=182596148600867][T0x74909972a740][TIMING] emit_host_span: [STRACE] v=1 pid=473521 tid=473521 inv=47 hid=fce75cc27705b57e depth=3 name=chip.run.runner_run.device_wall.preamble ts=0 dur=14338 clk=dev
[mono_ns=182596148602189][T0x74909972a740][TIMING] emit_host_span: [STRACE] v=1 pid=473521 tid=473521 inv=47 hid=fce75cc27705b57e depth=3 name=chip.run.runner_run.device_wall.graph_build ts=4077 dur=5519060 clk=dev
[mono_ns=182596148603201][T0x74909972a740][TIMING] emit_host_span: [STRACE] v=1 pid=473521 tid=473521 inv=47 hid=fce75cc27705b57e depth=3 name=chip.run.runner_run.device_wall.config_validate ts=4848 dur=1558 clk=dev
[mono_ns=182596148604182][T0x74909972a740][TIMING] emit_host_span: [STRACE] v=1 pid=473521 tid=473521 inv=47 hid=fce75cc27705b57e depth=3 name=chip.run.runner_run.device_wall.arena_wire ts=6416 dur=3389 clk=dev
[mono_ns=182596148605164][T0x74909972a740][TIMING] emit_host_span: [STRACE] v=1 pid=473521 tid=473521 inv=47 hid=fce75cc27705b57e depth=3 name=chip.run.runner_run.device_wall.sm_reset ts=9825 dur=5840 clk=dev
[mono_ns=182596148606135][T0x74909972a740][TIMING] emit_host_span: [STRACE] v=1 pid=473521 tid=473521 inv=47 hid=fce75cc27705b57e depth=3 name=chip.run.runner_run.device_wall.post_orch ts=5523151 dur=4311 clk=dev
[mono_ns=182596148607117][T0x74909972a740][TIMING] emit_host_span: [STRACE] v=1 pid=473521 tid=473521 inv=47 hid=fce75cc27705b57e depth=3 name=chip.run.runner_run.device_wall.orch ts=15732 dur=4066905 clk=dev
[mono_ns=182596148608058][T0x74909972a740][TIMING] emit_host_span: [STRACE] v=1 pid=473521 tid=473521 inv=47 hid=fce75cc27705b57e depth=3 name=chip.run.runner_run.device_wall.sched ts=16651 dur=5492034 clk=dev
[mono_ns=182596148609270][T0x74909972a740][TIMING] emit_host_span: [STRACE] v=1 pid=473521 tid=473521 inv=47 hid=fce75cc27705b57e depth=1 name=chip.run.claim_release ts=182596148608629 dur=80
[mono_ns=182596148610752][T0x74909972a740][TIMING] emit_host_span: [STRACE] v=1 pid=473521 tid=473521 inv=47 hid=fce75cc27705b57e depth=0 name=chip.run ts=182596024067413 dur=124542698 run_id=0 dispatch_id=0 slot_id=0 generation=47 run_epoch=47
[mono_ns=182596257335449][T0x74909972a740][TIMING] emit_host_span: [STRACE] v=1 pid=473521 tid=473521 inv=48 hid=fce75cc27705b57e depth=2 name=chip.run.bind.args ts=182596148909631 dur=108416514
[mono_ns=182596257362710][T0x74909972a740][TIMING] emit_host_span: [STRACE] v=1 pid=473521 tid=473521 inv=48 hid=fce75cc27705b57e depth=2 name=chip.run.bind.prebuilt ts=182596257358894 dur=2764
[mono_ns=182596257365224][T0x74909972a740][TIMING] emit_host_span: [STRACE] v=1 pid=473521 tid=473521 inv=48 hid=fce75cc27705b57e depth=1 name=chip.run.bind ts=182596148904673 dur=108459299
[mono_ns=182596264798210][T0x74909972a740][WARN] prepare_execution: [device_runner.cpp:343] AICPU CPU_TOPO unavailable; using json_fallback: soc=Ascend950PR_9579 occupy=0x3e stable_reachable=5 requested=0 effective=5 affinity=[1, 2, 3, 4, 5(orch)]
[mono_ns=182596270648781][T0x74909972a740][TIMING] emit_host_span: [STRACE] v=1 pid=473521 tid=473521 inv=48 hid=fce75cc27705b57e depth=1 name=chip.run.runner_run ts=182596264885962 dur=5760105
[mono_ns=182596270972157][T0x74909972a740][TIMING] emit_host_span: [STRACE] v=1 pid=473521 tid=473521 inv=48 hid=fce75cc27705b57e depth=1 name=chip.run.validate ts=182596270656283 dur=314542
[mono_ns=182596270974731][T0x74909972a740][TIMING] emit_host_span: [STRACE] v=1 pid=473521 tid=473521 inv=48 hid=fce75cc27705b57e depth=2 name=chip.run.runner_run.device_wall ts=0 dur=5489492 clk=dev
[mono_ns=182596270976323][T0x74909972a740][TIMING] emit_host_span: [STRACE] v=1 pid=473521 tid=473521 inv=48 hid=fce75cc27705b57e depth=3 name=chip.run.runner_run.device_wall.preamble ts=0 dur=14938 clk=dev
[mono_ns=182596270977605][T0x74909972a740][TIMING] emit_host_span: [STRACE] v=1 pid=473521 tid=473521 inv=48 hid=fce75cc27705b57e depth=3 name=chip.run.runner_run.device_wall.graph_build ts=3965 dur=5480305 clk=dev
[mono_ns=182596270978606][T0x74909972a740][TIMING] emit_host_span: [STRACE] v=1 pid=473521 tid=473521 inv=48 hid=fce75cc27705b57e depth=3 name=chip.run.runner_run.device_wall.config_validate ts=4622 dur=2263 clk=dev
[mono_ns=182596270979578][T0x74909972a740][TIMING] emit_host_span: [STRACE] v=1 pid=473521 tid=473521 inv=48 hid=fce75cc27705b57e depth=3 name=chip.run.runner_run.device_wall.arena_wire ts=6897 dur=4067 clk=dev
[mono_ns=182596270980609][T0x74909972a740][TIMING] emit_host_span: [STRACE] v=1 pid=473521 tid=473521 inv=48 hid=fce75cc27705b57e depth=3 name=chip.run.runner_run.device_wall.sm_reset ts=11032 dur=6054 clk=dev
[mono_ns=182596270981671][T0x74909972a740][TIMING] emit_host_span: [STRACE] v=1 pid=473521 tid=473521 inv=48 hid=fce75cc27705b57e depth=3 name=chip.run.runner_run.device_wall.post_orch ts=5484289 dur=4705 clk=dev
[mono_ns=182596270982662][T0x74909972a740][TIMING] emit_host_span: [STRACE] v=1 pid=473521 tid=473521 inv=48 hid=fce75cc27705b57e depth=3 name=chip.run.runner_run.device_wall.orch ts=17163 dur=4124125 clk=dev
[mono_ns=182596270983644][T0x74909972a740][TIMING] emit_host_span: [STRACE] v=1 pid=473521 tid=473521 inv=48 hid=fce75cc27705b57e depth=3 name=chip.run.runner_run.device_wall.sched ts=17851 dur=5453157 clk=dev
[mono_ns=182596270984896][T0x74909972a740][TIMING] emit_host_span: [STRACE] v=1 pid=473521 tid=473521 inv=48 hid=fce75cc27705b57e depth=1 name=chip.run.claim_release ts=182596270984195 dur=120
[mono_ns=182596270986568][T0x74909972a740][TIMING] emit_host_span: [STRACE] v=1 pid=473521 tid=473521 inv=48 hid=fce75cc27705b57e depth=0 name=chip.run ts=182596148900998 dur=122084759 run_id=0 dispatch_id=0 slot_id=0 generation=48 run_epoch=48
[mono_ns=182596410861309][T0x74909972a740][TIMING] emit_host_span: [STRACE] v=1 pid=473521 tid=473521 inv=49 hid=fce75cc27705b57e depth=2 name=chip.run.bind.args ts=182596271410114 dur=139441731
[mono_ns=182596410884133][T0x74909972a740][TIMING] emit_host_span: [STRACE] v=1 pid=473521 tid=473521 inv=49 hid=fce75cc27705b57e depth=2 name=chip.run.bind.prebuilt ts=182596410879767 dur=3535
[mono_ns=182596410887608][T0x74909972a740][TIMING] emit_host_span: [STRACE] v=1 pid=473521 tid=473521 inv=49 hid=fce75cc27705b57e depth=1 name=chip.run.bind ts=182596271404556 dur=139481370
[mono_ns=182596417795527][T0x74909972a740][WARN] prepare_execution: [device_runner.cpp:343] AICPU CPU_TOPO unavailable; using json_fallback: soc=Ascend950PR_9579 occupy=0x3e stable_reachable=5 requested=0 effective=5 affinity=[1, 2, 3, 4, 5(orch)]
[mono_ns=182596423465166][T0x74909972a740][TIMING] emit_host_span: [STRACE] v=1 pid=473521 tid=473521 inv=49 hid=fce75cc27705b57e depth=1 name=chip.run.runner_run ts=182596417854285 dur=5609319
[mono_ns=182596423757485][T0x74909972a740][TIMING] emit_host_span: [STRACE] v=1 pid=473521 tid=473521 inv=49 hid=fce75cc27705b57e depth=1 name=chip.run.validate ts=182596423468551 dur=288113
[mono_ns=182596423759288][T0x74909972a740][TIMING] emit_host_span: [STRACE] v=1 pid=473521 tid=473521 inv=49 hid=fce75cc27705b57e depth=2 name=chip.run.runner_run.device_wall ts=0 dur=5394186 clk=dev
[mono_ns=182596423766459][T0x74909972a740][TIMING] emit_host_span: [STRACE] v=1 pid=473521 tid=473521 inv=49 hid=fce75cc27705b57e depth=3 name=chip.run.runner_run.device_wall.preamble ts=0 dur=13485 clk=dev
[mono_ns=182596423767741][T0x74909972a740][TIMING] emit_host_span: [STRACE] v=1 pid=473521 tid=473521 inv=49 hid=fce75cc27705b57e depth=3 name=chip.run.runner_run.device_wall.graph_build ts=3654 dur=5386025 clk=dev
[mono_ns=182596423768762][T0x74909972a740][TIMING] emit_host_span: [STRACE] v=1 pid=473521 tid=473521 inv=49 hid=fce75cc27705b57e depth=3 name=chip.run.runner_run.device_wall.config_validate ts=4613 dur=2026 clk=dev
[mono_ns=182596423769744][T0x74909972a740][TIMING] emit_host_span: [STRACE] v=1 pid=473521 tid=473521 inv=49 hid=fce75cc27705b57e depth=3 name=chip.run.runner_run.device_wall.arena_wire ts=6656 dur=3548 clk=dev
[mono_ns=182596423770725][T0x74909972a740][TIMING] emit_host_span: [STRACE] v=1 pid=473521 tid=473521 inv=49 hid=fce75cc27705b57e depth=3 name=chip.run.runner_run.device_wall.sm_reset ts=10226 dur=6423 clk=dev
[mono_ns=182596423771716][T0x74909972a740][TIMING] emit_host_span: [STRACE] v=1 pid=473521 tid=473521 inv=49 hid=fce75cc27705b57e depth=3 name=chip.run.runner_run.device_wall.post_orch ts=5389740 dur=3885 clk=dev
[mono_ns=182596423772698][T0x74909972a740][TIMING] emit_host_span: [STRACE] v=1 pid=473521 tid=473521 inv=49 hid=fce75cc27705b57e depth=3 name=chip.run.runner_run.device_wall.orch ts=16674 dur=4048446 clk=dev
[mono_ns=182596423773639][T0x74909972a740][TIMING] emit_host_span: [STRACE] v=1 pid=473521 tid=473521 inv=49 hid=fce75cc27705b57e depth=3 name=chip.run.runner_run.device_wall.sched ts=17511 dur=5359148 clk=dev
[mono_ns=182596423775031][T0x74909972a740][TIMING] emit_host_span: [STRACE] v=1 pid=473521 tid=473521 inv=49 hid=fce75cc27705b57e depth=1 name=chip.run.claim_release ts=182596423774330 dur=121
[mono_ns=182596423776644][T0x74909972a740][TIMING] emit_host_span: [STRACE] v=1 pid=473521 tid=473521 inv=49 hid=fce75cc27705b57e depth=0 name=chip.run ts=182596271398847 dur=152377146 run_id=0 dispatch_id=0 slot_id=0 generation=49 run_epoch=49
[mono_ns=182596559331140][T0x74909972a740][TIMING] emit_host_span: [STRACE] v=1 pid=473521 tid=473521 inv=50 hid=fce75cc27705b57e depth=2 name=chip.run.bind.args ts=182596424469704 dur=134848807
[mono_ns=182596559372392][T0x74909972a740][TIMING] emit_host_span: [STRACE] v=1 pid=473521 tid=473521 inv=50 hid=fce75cc27705b57e depth=2 name=chip.run.bind.prebuilt ts=182596559367565 dur=3705
[mono_ns=182596559375597][T0x74909972a740][TIMING] emit_host_span: [STRACE] v=1 pid=473521 tid=473521 inv=50 hid=fce75cc27705b57e depth=1 name=chip.run.bind ts=182596424452388 dur=134921997
[mono_ns=182596566624908][T0x74909972a740][WARN] prepare_execution: [device_runner.cpp:343] AICPU CPU_TOPO unavailable; using json_fallback: soc=Ascend950PR_9579 occupy=0x3e stable_reachable=5 requested=0 effective=5 affinity=[1, 2, 3, 4, 5(orch)]
[mono_ns=182596572305163][T0x74909972a740][TIMING] emit_host_span: [STRACE] v=1 pid=473521 tid=473521 inv=50 hid=fce75cc27705b57e depth=1 name=chip.run.runner_run ts=182596566694472 dur=5608738
[mono_ns=182596572658674][T0x74909972a740][TIMING] emit_host_span: [STRACE] v=1 pid=473521 tid=473521 inv=50 hid=fce75cc27705b57e depth=1 name=chip.run.validate ts=182596572311252 dur=346500
[mono_ns=182596572661268][T0x74909972a740][TIMING] emit_host_span: [STRACE] v=1 pid=473521 tid=473521 inv=50 hid=fce75cc27705b57e depth=2 name=chip.run.runner_run.device_wall ts=0 dur=5327295 clk=dev
[mono_ns=182596572663100][T0x74909972a740][TIMING] emit_host_span: [STRACE] v=1 pid=473521 tid=473521 inv=50 hid=fce75cc27705b57e depth=3 name=chip.run.runner_run.device_wall.preamble ts=0 dur=15418 clk=dev
[mono_ns=182596572664442][T0x74909972a740][TIMING] emit_host_span: [STRACE] v=1 pid=473521 tid=473521 inv=50 hid=fce75cc27705b57e depth=3 name=chip.run.runner_run.device_wall.graph_build ts=3608 dur=5319160 clk=dev
[mono_ns=182596572665454][T0x74909972a740][TIMING] emit_host_span: [STRACE] v=1 pid=473521 tid=473521 inv=50 hid=fce75cc27705b57e depth=3 name=chip.run.runner_run.device_wall.config_validate ts=4293 dur=1514 clk=dev
[mono_ns=182596572672344][T0x74909972a740][TIMING] emit_host_span: [STRACE] v=1 pid=473521 tid=473521 inv=50 hid=fce75cc27705b57e depth=3 name=chip.run.runner_run.device_wall.arena_wire ts=5825 dur=3766 clk=dev
[mono_ns=182596572673376][T0x74909972a740][TIMING] emit_host_span: [STRACE] v=1 pid=473521 tid=473521 inv=50 hid=fce75cc27705b57e depth=3 name=chip.run.runner_run.device_wall.sm_reset ts=9609 dur=5939 clk=dev
[mono_ns=182596572674578][T0x74909972a740][TIMING] emit_host_span: [STRACE] v=1 pid=473521 tid=473521 inv=50 hid=fce75cc27705b57e depth=3 name=chip.run.runner_run.device_wall.post_orch ts=5322799 dur=4042 clk=dev
[mono_ns=182596572675539][T0x74909972a740][TIMING] emit_host_span: [STRACE] v=1 pid=473521 tid=473521 inv=50 hid=fce75cc27705b57e depth=3 name=chip.run.runner_run.device_wall.orch ts=15799 dur=4023712 clk=dev
[mono_ns=182596572676511][T0x74909972a740][TIMING] emit_host_span: [STRACE] v=1 pid=473521 tid=473521 inv=50 hid=fce75cc27705b57e depth=3 name=chip.run.runner_run.device_wall.sched ts=16398 dur=5290342 clk=dev
[mono_ns=182596572677863][T0x74909972a740][TIMING] emit_host_span: [STRACE] v=1 pid=473521 tid=473521 inv=50 hid=fce75cc27705b57e depth=1 name=chip.run.claim_release ts=182596572677142 dur=120
[mono_ns=182596572679565][T0x74909972a740][TIMING] emit_host_span: [STRACE] v=1 pid=473521 tid=473521 inv=50 hid=fce75cc27705b57e depth=0 name=chip.run ts=182596424391316 dur=148287498 run_id=0 dispatch_id=0 slot_id=0 generation=50 run_epoch=50
[mono_ns=182596693869431][T0x74909972a740][TIMING] emit_host_span: [STRACE] v=1 pid=473521 tid=473521 inv=51 hid=fce75cc27705b57e depth=2 name=chip.run.bind.args ts=182596573081549 dur=120776766
[mono_ns=182596693900708][T0x74909972a740][TIMING] emit_host_span: [STRACE] v=1 pid=473521 tid=473521 inv=51 hid=fce75cc27705b57e depth=2 name=chip.run.bind.prebuilt ts=182596693897063 dur=2774
[mono_ns=182596693904194][T0x74909972a740][TIMING] emit_host_span: [STRACE] v=1 pid=473521 tid=473521 inv=51 hid=fce75cc27705b57e depth=1 name=chip.run.bind ts=182596573076831 dur=120825450
[mono_ns=182596701351571][T0x74909972a740][WARN] prepare_execution: [device_runner.cpp:343] AICPU CPU_TOPO unavailable; using json_fallback: soc=Ascend950PR_9579 occupy=0x3e stable_reachable=5 requested=0 effective=5 affinity=[1, 2, 3, 4, 5(orch)]
[mono_ns=182596707265027][T0x74909972a740][TIMING] emit_host_span: [STRACE] v=1 pid=473521 tid=473521 inv=51 hid=fce75cc27705b57e depth=1 name=chip.run.runner_run ts=182596701413134 dur=5849620
[mono_ns=182596707552459][T0x74909972a740][TIMING] emit_host_span: [STRACE] v=1 pid=473521 tid=473521 inv=51 hid=fce75cc27705b57e depth=1 name=chip.run.validate ts=182596707269594 dur=281983
[mono_ns=182596707554832][T0x74909972a740][TIMING] emit_host_span: [STRACE] v=1 pid=473521 tid=473521 inv=51 hid=fce75cc27705b57e depth=2 name=chip.run.runner_run.device_wall ts=0 dur=5619043 clk=dev
[mono_ns=182596707556585][T0x74909972a740][TIMING] emit_host_span: [STRACE] v=1 pid=473521 tid=473521 inv=51 hid=fce75cc27705b57e depth=3 name=chip.run.runner_run.device_wall.preamble ts=0 dur=14434 clk=dev
[mono_ns=182596707557937][T0x74909972a740][TIMING] emit_host_span: [STRACE] v=1 pid=473521 tid=473521 inv=51 hid=fce75cc27705b57e depth=3 name=chip.run.runner_run.device_wall.graph_build ts=3063 dur=5611042 clk=dev
[mono_ns=182596707558918][T0x74909972a740][TIMING] emit_host_span: [STRACE] v=1 pid=473521 tid=473521 inv=51 hid=fce75cc27705b57e depth=3 name=chip.run.runner_run.device_wall.config_validate ts=3932 dur=1770 clk=dev
[mono_ns=182596707559870][T0x74909972a740][TIMING] emit_host_span: [STRACE] v=1 pid=473521 tid=473521 inv=51 hid=fce75cc27705b57e depth=3 name=chip.run.runner_run.device_wall.arena_wire ts=5718 dur=3717 clk=dev
[mono_ns=182596707560841][T0x74909972a740][TIMING] emit_host_span: [STRACE] v=1 pid=473521 tid=473521 inv=51 hid=fce75cc27705b57e depth=3 name=chip.run.runner_run.device_wall.sm_reset ts=9453 dur=5246 clk=dev
[mono_ns=182596707561853][T0x74909972a740][TIMING] emit_host_span: [STRACE] v=1 pid=473521 tid=473521 inv=51 hid=fce75cc27705b57e depth=3 name=chip.run.runner_run.device_wall.post_orch ts=5614123 dur=4396 clk=dev
[mono_ns=182596707569294][T0x74909972a740][TIMING] emit_host_span: [STRACE] v=1 pid=473521 tid=473521 inv=51 hid=fce75cc27705b57e depth=3 name=chip.run.runner_run.device_wall.orch ts=14949 dur=4124893 clk=dev
[mono_ns=182596707570305][T0x74909972a740][TIMING] emit_host_span: [STRACE] v=1 pid=473521 tid=473521 inv=51 hid=fce75cc27705b57e depth=3 name=chip.run.runner_run.device_wall.sched ts=15540 dur=5582974 clk=dev
[mono_ns=182596707571587][T0x74909972a740][TIMING] emit_host_span: [STRACE] v=1 pid=473521 tid=473521 inv=51 hid=fce75cc27705b57e depth=1 name=chip.run.claim_release ts=182596707570876 dur=120
[mono_ns=182596707573450][T0x74909972a740][TIMING] emit_host_span: [STRACE] v=1 pid=473521 tid=473521 inv=51 hid=fce75cc27705b57e depth=0 name=chip.run ts=182596573071674 dur=134501015 run_id=0 dispatch_id=0 slot_id=0 generation=51 run_epoch=51
[mono_ns=182596829272020][T0x74909972a740][TIMING] emit_host_span: [STRACE] v=1 pid=473521 tid=473521 inv=52 hid=fce75cc27705b57e depth=2 name=chip.run.bind.args ts=182596707923836 dur=121334493
[mono_ns=182596829460332][T0x74909972a740][TIMING] emit_host_span: [STRACE] v=1 pid=473521 tid=473521 inv=52 hid=fce75cc27705b57e depth=2 name=chip.run.bind.prebuilt ts=182596829456116 dur=2934
[mono_ns=182596829463888][T0x74909972a740][TIMING] emit_host_span: [STRACE] v=1 pid=473521 tid=473521 inv=52 hid=fce75cc27705b57e depth=1 name=chip.run.bind ts=182596707919049 dur=121543346
[mono_ns=182596834686266][T0x74909972a740][WARN] prepare_execution: [device_runner.cpp:343] AICPU CPU_TOPO unavailable; using json_fallback: soc=Ascend950PR_9579 occupy=0x3e stable_reachable=5 requested=0 effective=5 affinity=[1, 2, 3, 4, 5(orch)]
[mono_ns=182596840722336][T0x74909972a740][TIMING] emit_host_span: [STRACE] v=1 pid=473521 tid=473521 inv=52 hid=fce75cc27705b57e depth=1 name=chip.run.runner_run ts=182596834751093 dur=5969680
[mono_ns=182596841037198][T0x74909972a740][TIMING] emit_host_span: [STRACE] v=1 pid=473521 tid=473521 inv=52 hid=fce75cc27705b57e depth=1 name=chip.run.validate ts=182596840726382 dur=309715
[mono_ns=182596841040083][T0x74909972a740][TIMING] emit_host_span: [STRACE] v=1 pid=473521 tid=473521 inv=52 hid=fce75cc27705b57e depth=2 name=chip.run.runner_run.device_wall ts=0 dur=5726742 clk=dev
[mono_ns=182596841041945][T0x74909972a740][TIMING] emit_host_span: [STRACE] v=1 pid=473521 tid=473521 inv=52 hid=fce75cc27705b57e depth=3 name=chip.run.runner_run.device_wall.preamble ts=0 dur=14549 clk=dev
[mono_ns=182596841043137][T0x74909972a740][TIMING] emit_host_span: [STRACE] v=1 pid=473521 tid=473521 inv=52 hid=fce75cc27705b57e depth=3 name=chip.run.runner_run.device_wall.graph_build ts=3853 dur=5717446 clk=dev
[mono_ns=182596841044139][T0x74909972a740][TIMING] emit_host_span: [STRACE] v=1 pid=473521 tid=473521 inv=52 hid=fce75cc27705b57e depth=3 name=chip.run.runner_run.device_wall.config_validate ts=4872 dur=1657 clk=dev
[mono_ns=182596841045160][T0x74909972a740][TIMING] emit_host_span: [STRACE] v=1 pid=473521 tid=473521 inv=52 hid=fce75cc27705b57e depth=3 name=chip.run.runner_run.device_wall.arena_wire ts=6568 dur=3280 clk=dev
[mono_ns=182596841046132][T0x74909972a740][TIMING] emit_host_span: [STRACE] v=1 pid=473521 tid=473521 inv=52 hid=fce75cc27705b57e depth=3 name=chip.run.runner_run.device_wall.sm_reset ts=9951 dur=5862 clk=dev
[mono_ns=182596841047133][T0x74909972a740][TIMING] emit_host_span: [STRACE] v=1 pid=473521 tid=473521 inv=52 hid=fce75cc27705b57e depth=3 name=chip.run.runner_run.device_wall.post_orch ts=5721356 dur=4895 clk=dev
[mono_ns=182596841048125][T0x74909972a740][TIMING] emit_host_span: [STRACE] v=1 pid=473521 tid=473521 inv=52 hid=fce75cc27705b57e depth=3 name=chip.run.runner_run.device_wall.orch ts=16061 dur=4061248 clk=dev
[mono_ns=182596841049116][T0x74909972a740][TIMING] emit_host_span: [STRACE] v=1 pid=473521 tid=473521 inv=52 hid=fce75cc27705b57e depth=3 name=chip.run.runner_run.device_wall.sched ts=16491 dur=5688140 clk=dev
[mono_ns=182596841057258][T0x74909972a740][TIMING] emit_host_span: [STRACE] v=1 pid=473521 tid=473521 inv=52 hid=fce75cc27705b57e depth=1 name=chip.run.claim_release ts=182596841056477 dur=140
[mono_ns=182596841059031][T0x74909972a740][TIMING] emit_host_span: [STRACE] v=1 pid=473521 tid=473521 inv=52 hid=fce75cc27705b57e depth=0 name=chip.run ts=182596707914322 dur=133143948 run_id=0 dispatch_id=0 slot_id=0 generation=52 run_epoch=52
[mono_ns=182596965575891][T0x74909972a740][TIMING] emit_host_span: [STRACE] v=1 pid=473521 tid=473521 inv=53 hid=fce75cc27705b57e depth=2 name=chip.run.bind.args ts=182596841437529 dur=124132383
[mono_ns=182596965591865][T0x74909972a740][TIMING] emit_host_span: [STRACE] v=1 pid=473521 tid=473521 inv=53 hid=fce75cc27705b57e depth=2 name=chip.run.bind.prebuilt ts=182596965588199 dur=2564
[mono_ns=182596965595600][T0x74909972a740][TIMING] emit_host_span: [STRACE] v=1 pid=473521 tid=473521 inv=53 hid=fce75cc27705b57e depth=1 name=chip.run.bind ts=182596841431771 dur=124161826
[mono_ns=182596970768024][T0x74909972a740][WARN] prepare_execution: [device_runner.cpp:343] AICPU CPU_TOPO unavailable; using json_fallback: soc=Ascend950PR_9579 occupy=0x3e stable_reachable=5 requested=0 effective=5 affinity=[1, 2, 3, 4, 5(orch)]
[mono_ns=182596976348760][T0x74909972a740][TIMING] emit_host_span: [STRACE] v=1 pid=473521 tid=473521 inv=53 hid=fce75cc27705b57e depth=1 name=chip.run.runner_run ts=182596970824348 dur=5522599
[mono_ns=182596976659016][T0x74909972a740][TIMING] emit_host_span: [STRACE] v=1 pid=473521 tid=473521 inv=53 hid=fce75cc27705b57e depth=1 name=chip.run.validate ts=182596976352456 dur=305478
[mono_ns=182596976661049][T0x74909972a740][TIMING] emit_host_span: [STRACE] v=1 pid=473521 tid=473521 inv=53 hid=fce75cc27705b57e depth=2 name=chip.run.runner_run.device_wall ts=0 dur=5329717 clk=dev
[mono_ns=182596976662721][T0x74909972a740][TIMING] emit_host_span: [STRACE] v=1 pid=473521 tid=473521 inv=53 hid=fce75cc27705b57e depth=3 name=chip.run.runner_run.device_wall.preamble ts=0 dur=13815 clk=dev
[mono_ns=182596976663773][T0x74909972a740][TIMING] emit_host_span: [STRACE] v=1 pid=473521 tid=473521 inv=53 hid=fce75cc27705b57e depth=3 name=chip.run.runner_run.device_wall.graph_build ts=4072 dur=5321353 clk=dev
[mono_ns=182596976664794][T0x74909972a740][TIMING] emit_host_span: [STRACE] v=1 pid=473521 tid=473521 inv=53 hid=fce75cc27705b57e depth=3 name=chip.run.runner_run.device_wall.config_validate ts=4699 dur=1577 clk=dev
[mono_ns=182596976665756][T0x74909972a740][TIMING] emit_host_span: [STRACE] v=1 pid=473521 tid=473521 inv=53 hid=fce75cc27705b57e depth=3 name=chip.run.runner_run.device_wall.arena_wire ts=6324 dur=3955 clk=dev
[mono_ns=182596976666737][T0x74909972a740][TIMING] emit_host_span: [STRACE] v=1 pid=473521 tid=473521 inv=53 hid=fce75cc27705b57e depth=3 name=chip.run.runner_run.device_wall.sm_reset ts=10301 dur=4604 clk=dev
[mono_ns=182596976667729][T0x74909972a740][TIMING] emit_host_span: [STRACE] v=1 pid=473521 tid=473521 inv=53 hid=fce75cc27705b57e depth=3 name=chip.run.runner_run.device_wall.post_orch ts=5325480 dur=4155 clk=dev
[mono_ns=182596976668730][T0x74909972a740][TIMING] emit_host_span: [STRACE] v=1 pid=473521 tid=473521 inv=53 hid=fce75cc27705b57e depth=3 name=chip.run.runner_run.device_wall.orch ts=15159 dur=4045191 clk=dev
[mono_ns=182596976669692][T0x74909972a740][TIMING] emit_host_span: [STRACE] v=1 pid=473521 tid=473521 inv=53 hid=fce75cc27705b57e depth=3 name=chip.run.runner_run.device_wall.sched ts=15566 dur=5295462 clk=dev
[mono_ns=182596976671024][T0x74909972a740][TIMING] emit_host_span: [STRACE] v=1 pid=473521 tid=473521 inv=53 hid=fce75cc27705b57e depth=1 name=chip.run.claim_release ts=182596976670343 dur=110
[mono_ns=182596976672516][T0x74909972a740][TIMING] emit_host_span: [STRACE] v=1 pid=473521 tid=473521 inv=53 hid=fce75cc27705b57e depth=0 name=chip.run ts=182596841426453 dur=135245322 run_id=0 dispatch_id=0 slot_id=0 generation=53 run_epoch=53
[mono_ns=182597097864906][T0x74909972a740][TIMING] emit_host_span: [STRACE] v=1 pid=473521 tid=473521 inv=54 hid=fce75cc27705b57e depth=2 name=chip.run.bind.args ts=182596977067970 dur=120788934
[mono_ns=182597097891546][T0x74909972a740][TIMING] emit_host_span: [STRACE] v=1 pid=473521 tid=473521 inv=54 hid=fce75cc27705b57e depth=2 name=chip.run.bind.prebuilt ts=182597097887470 dur=3255
[mono_ns=182597097894911][T0x74909972a740][TIMING] emit_host_span: [STRACE] v=1 pid=473521 tid=473521 inv=54 hid=fce75cc27705b57e depth=1 name=chip.run.bind ts=182596977063493 dur=120829525
[mono_ns=182597104624832][T0x74909972a740][WARN] prepare_execution: [device_runner.cpp:343] AICPU CPU_TOPO unavailable; using json_fallback: soc=Ascend950PR_9579 occupy=0x3e stable_reachable=5 requested=0 effective=5 affinity=[1, 2, 3, 4, 5(orch)]
[mono_ns=182597110582985][T0x74909972a740][TIMING] emit_host_span: [STRACE] v=1 pid=473521 tid=473521 inv=54 hid=fce75cc27705b57e depth=1 name=chip.run.runner_run ts=182597104681327 dur=5900386
[mono_ns=182597110884427][T0x74909972a740][TIMING] emit_host_span: [STRACE] v=1 pid=473521 tid=473521 inv=54 hid=fce75cc27705b57e depth=1 name=chip.run.validate ts=182597110586520 dur=296725
[mono_ns=182597110886560][T0x74909972a740][TIMING] emit_host_span: [STRACE] v=1 pid=473521 tid=473521 inv=54 hid=fce75cc27705b57e depth=2 name=chip.run.runner_run.device_wall ts=0 dur=5694923 clk=dev
[mono_ns=182597110888323][T0x74909972a740][TIMING] emit_host_span: [STRACE] v=1 pid=473521 tid=473521 inv=54 hid=fce75cc27705b57e depth=3 name=chip.run.runner_run.device_wall.preamble ts=0 dur=14269 clk=dev
[mono_ns=182597110889555][T0x74909972a740][TIMING] emit_host_span: [STRACE] v=1 pid=473521 tid=473521 inv=54 hid=fce75cc27705b57e depth=3 name=chip.run.runner_run.device_wall.graph_build ts=3410 dur=5686798 clk=dev
[mono_ns=182597110890566][T0x74909972a740][TIMING] emit_host_span: [STRACE] v=1 pid=473521 tid=473521 inv=54 hid=fce75cc27705b57e depth=3 name=chip.run.runner_run.device_wall.config_validate ts=3984 dur=1876 clk=dev
[mono_ns=182597110891538][T0x74909972a740][TIMING] emit_host_span: [STRACE] v=1 pid=473521 tid=473521 inv=54 hid=fce75cc27705b57e depth=3 name=chip.run.runner_run.device_wall.arena_wire ts=5902 dur=3742 clk=dev
[mono_ns=182597110892519][T0x74909972a740][TIMING] emit_host_span: [STRACE] v=1 pid=473521 tid=473521 inv=54 hid=fce75cc27705b57e depth=3 name=chip.run.runner_run.device_wall.sm_reset ts=9665 dur=5774 clk=dev
[mono_ns=182597110893531][T0x74909972a740][TIMING] emit_host_span: [STRACE] v=1 pid=473521 tid=473521 inv=54 hid=fce75cc27705b57e depth=3 name=chip.run.runner_run.device_wall.post_orch ts=5690238 dur=4420 clk=dev
[mono_ns=182597110894522][T0x74909972a740][TIMING] emit_host_span: [STRACE] v=1 pid=473521 tid=473521 inv=54 hid=fce75cc27705b57e depth=3 name=chip.run.runner_run.device_wall.orch ts=15659 dur=4089107 clk=dev
[mono_ns=182597110895484][T0x74909972a740][TIMING] emit_host_span: [STRACE] v=1 pid=473521 tid=473521 inv=54 hid=fce75cc27705b57e depth=3 name=chip.run.runner_run.device_wall.sched ts=16226 dur=5657899 clk=dev
[mono_ns=182597110896886][T0x74909972a740][TIMING] emit_host_span: [STRACE] v=1 pid=473521 tid=473521 inv=54 hid=fce75cc27705b57e depth=1 name=chip.run.claim_release ts=182597110896195 dur=100
[mono_ns=182597110898308][T0x74909972a740][TIMING] emit_host_span: [STRACE] v=1 pid=473521 tid=473521 inv=54 hid=fce75cc27705b57e depth=0 name=chip.run ts=182596977058595 dur=133839052 run_id=0 dispatch_id=0 slot_id=0 generation=54 run_epoch=54
[mono_ns=182597228455712][T0x74909972a740][TIMING] emit_host_span: [STRACE] v=1 pid=473521 tid=473521 inv=55 hid=fce75cc27705b57e depth=2 name=chip.run.bind.args ts=182597111280311 dur=117165737
[mono_ns=182597228478146][T0x74909972a740][TIMING] emit_host_span: [STRACE] v=1 pid=473521 tid=473521 inv=55 hid=fce75cc27705b57e depth=2 name=chip.run.bind.prebuilt ts=182597228474370 dur=2975
[mono_ns=182597228481701][T0x74909972a740][TIMING] emit_host_span: [STRACE] v=1 pid=473521 tid=473521 inv=55 hid=fce75cc27705b57e depth=1 name=chip.run.bind ts=182597111276245 dur=117203533
[mono_ns=182597233943559][T0x74909972a740][WARN] prepare_execution: [device_runner.cpp:343] AICPU CPU_TOPO unavailable; using json_fallback: soc=Ascend950PR_9579 occupy=0x3e stable_reachable=5 requested=0 effective=5 affinity=[1, 2, 3, 4, 5(orch)]
[mono_ns=182597239779148][T0x74909972a740][TIMING] emit_host_span: [STRACE] v=1 pid=473521 tid=473521 inv=55 hid=fce75cc27705b57e depth=1 name=chip.run.runner_run ts=182597234005282 dur=5771833
[mono_ns=182597240057506][T0x74909972a740][TIMING] emit_host_span: [STRACE] v=1 pid=473521 tid=473521 inv=55 hid=fce75cc27705b57e depth=1 name=chip.run.validate ts=182597239783685 dur=272799
[mono_ns=182597240059669][T0x74909972a740][TIMING] emit_host_span: [STRACE] v=1 pid=473521 tid=473521 inv=55 hid=fce75cc27705b57e depth=2 name=chip.run.runner_run.device_wall ts=0 dur=5558262 clk=dev
[mono_ns=182597240061462][T0x74909972a740][TIMING] emit_host_span: [STRACE] v=1 pid=473521 tid=473521 inv=55 hid=fce75cc27705b57e depth=3 name=chip.run.runner_run.device_wall.preamble ts=0 dur=14912 clk=dev
[mono_ns=182597240062693][T0x74909972a740][TIMING] emit_host_span: [STRACE] v=1 pid=473521 tid=473521 inv=55 hid=fce75cc27705b57e depth=3 name=chip.run.runner_run.device_wall.graph_build ts=4213 dur=5549798 clk=dev
[mono_ns=182597240063725][T0x74909972a740][TIMING] emit_host_span: [STRACE] v=1 pid=473521 tid=473521 inv=55 hid=fce75cc27705b57e depth=3 name=chip.run.runner_run.device_wall.config_validate ts=4835 dur=1293 clk=dev
[mono_ns=182597240064716][T0x74909972a740][TIMING] emit_host_span: [STRACE] v=1 pid=473521 tid=473521 inv=55 hid=fce75cc27705b57e depth=3 name=chip.run.runner_run.device_wall.arena_wire ts=6169 dur=4314 clk=dev
[mono_ns=182597240065738][T0x74909972a740][TIMING] emit_host_span: [STRACE] v=1 pid=473521 tid=473521 inv=55 hid=fce75cc27705b57e depth=3 name=chip.run.runner_run.device_wall.sm_reset ts=10501 dur=5185 clk=dev
[mono_ns=182597240066750][T0x74909972a740][TIMING] emit_host_span: [STRACE] v=1 pid=473521 tid=473521 inv=55 hid=fce75cc27705b57e depth=3 name=chip.run.runner_run.device_wall.post_orch ts=5554030 dur=4062 clk=dev
[mono_ns=182597240067781][T0x74909972a740][TIMING] emit_host_span: [STRACE] v=1 pid=473521 tid=473521 inv=55 hid=fce75cc27705b57e depth=3 name=chip.run.runner_run.device_wall.orch ts=15934 dur=4215340 clk=dev
[mono_ns=182597240068753][T0x74909972a740][TIMING] emit_host_span: [STRACE] v=1 pid=473521 tid=473521 inv=55 hid=fce75cc27705b57e depth=3 name=chip.run.runner_run.device_wall.sched ts=16397 dur=5522340 clk=dev
[mono_ns=182597240069994][T0x74909972a740][TIMING] emit_host_span: [STRACE] v=1 pid=473521 tid=473521 inv=55 hid=fce75cc27705b57e depth=1 name=chip.run.claim_release ts=182597240069293 dur=110
[mono_ns=182597240071457][T0x74909972a740][TIMING] emit_host_span: [STRACE] v=1 pid=473521 tid=473521 inv=55 hid=fce75cc27705b57e depth=0 name=chip.run ts=182597111271388 dur=128799418 run_id=0 dispatch_id=0 slot_id=0 generation=55 run_epoch=55
[mono_ns=182597356309711][T0x74909972a740][TIMING] emit_host_span: [STRACE] v=1 pid=473521 tid=473521 inv=56 hid=fce75cc27705b57e depth=2 name=chip.run.bind.args ts=182597240473330 dur=115828529
[mono_ns=182597356331514][T0x74909972a740][TIMING] emit_host_span: [STRACE] v=1 pid=473521 tid=473521 inv=56 hid=fce75cc27705b57e depth=2 name=chip.run.bind.prebuilt ts=182597356327738 dur=3024
[mono_ns=182597356334959][T0x74909972a740][TIMING] emit_host_span: [STRACE] v=1 pid=473521 tid=473521 inv=56 hid=fce75cc27705b57e depth=1 name=chip.run.bind ts=182597240468683 dur=115864363
[mono_ns=182597362436767][T0x74909972a740][WARN] prepare_execution: [device_runner.cpp:343] AICPU CPU_TOPO unavailable; using json_fallback: soc=Ascend950PR_9579 occupy=0x3e stable_reachable=5 requested=0 effective=5 affinity=[1, 2, 3, 4, 5(orch)]
[mono_ns=182597368043983][T0x74909972a740][TIMING] emit_host_span: [STRACE] v=1 pid=473521 tid=473521 inv=56 hid=fce75cc27705b57e depth=1 name=chip.run.runner_run ts=182597362496707 dur=5544632
[mono_ns=182597368358325][T0x74909972a740][TIMING] emit_host_span: [STRACE] v=1 pid=473521 tid=473521 inv=56 hid=fce75cc27705b57e depth=1 name=chip.run.validate ts=182597368051524 dur=305909
[mono_ns=182597368369592][T0x74909972a740][TIMING] emit_host_span: [STRACE] v=1 pid=473521 tid=473521 inv=56 hid=fce75cc27705b57e depth=2 name=chip.run.runner_run.device_wall ts=0 dur=5300913 clk=dev
[mono_ns=182597368370984][T0x74909972a740][TIMING] emit_host_span: [STRACE] v=1 pid=473521 tid=473521 inv=56 hid=fce75cc27705b57e depth=3 name=chip.run.runner_run.device_wall.preamble ts=0 dur=15455 clk=dev
[mono_ns=182597368372266][T0x74909972a740][TIMING] emit_host_span: [STRACE] v=1 pid=473521 tid=473521 inv=56 hid=fce75cc27705b57e depth=3 name=chip.run.runner_run.device_wall.graph_build ts=3645 dur=5292044 clk=dev
[mono_ns=182597368373297][T0x74909972a740][TIMING] emit_host_span: [STRACE] v=1 pid=473521 tid=473521 inv=56 hid=fce75cc27705b57e depth=3 name=chip.run.runner_run.device_wall.config_validate ts=4320 dur=1593 clk=dev
[mono_ns=182597368374279][T0x74909972a740][TIMING] emit_host_span: [STRACE] v=1 pid=473521 tid=473521 inv=56 hid=fce75cc27705b57e depth=3 name=chip.run.runner_run.device_wall.arena_wire ts=5931 dur=3533 clk=dev
[mono_ns=182597368375270][T0x74909972a740][TIMING] emit_host_span: [STRACE] v=1 pid=473521 tid=473521 inv=56 hid=fce75cc27705b57e depth=3 name=chip.run.runner_run.device_wall.sm_reset ts=9483 dur=5838 clk=dev
[mono_ns=182597368376292][T0x74909972a740][TIMING] emit_host_span: [STRACE] v=1 pid=473521 tid=473521 inv=56 hid=fce75cc27705b57e depth=3 name=chip.run.runner_run.device_wall.post_orch ts=5295707 dur=4551 clk=dev
[mono_ns=182597368377283][T0x74909972a740][TIMING] emit_host_span: [STRACE] v=1 pid=473521 tid=473521 inv=56 hid=fce75cc27705b57e depth=3 name=chip.run.runner_run.device_wall.orch ts=15569 dur=4050964 clk=dev
[mono_ns=182597368378315][T0x74909972a740][TIMING] emit_host_span: [STRACE] v=1 pid=473521 tid=473521 inv=56 hid=fce75cc27705b57e depth=3 name=chip.run.runner_run.device_wall.sched ts=16061 dur=5263525 clk=dev
[mono_ns=182597368379637][T0x74909972a740][TIMING] emit_host_span: [STRACE] v=1 pid=473521 tid=473521 inv=56 hid=fce75cc27705b57e depth=1 name=chip.run.claim_release ts=182597368378856 dur=210
[mono_ns=182597368381299][T0x74909972a740][TIMING] emit_host_span: [STRACE] v=1 pid=473521 tid=473521 inv=56 hid=fce75cc27705b57e depth=0 name=chip.run ts=182597240463054 dur=127917574 run_id=0 dispatch_id=0 slot_id=0 generation=56 run_epoch=56
[mono_ns=182597484070620][T0x74909972a740][TIMING] emit_host_span: [STRACE] v=1 pid=473521 tid=473521 inv=57 hid=fce75cc27705b57e depth=2 name=chip.run.bind.args ts=182597368798726 dur=115264412
[mono_ns=182597484092643][T0x74909972a740][TIMING] emit_host_span: [STRACE] v=1 pid=473521 tid=473521 inv=57 hid=fce75cc27705b57e depth=2 name=chip.run.bind.prebuilt ts=182597484088817 dur=3004
[mono_ns=182597484095347][T0x74909972a740][TIMING] emit_host_span: [STRACE] v=1 pid=473521 tid=473521 inv=57 hid=fce75cc27705b57e depth=1 name=chip.run.bind ts=182597368794299 dur=115299425
[mono_ns=182597490317396][T0x74909972a740][WARN] prepare_execution: [device_runner.cpp:343] AICPU CPU_TOPO unavailable; using json_fallback: soc=Ascend950PR_9579 occupy=0x3e stable_reachable=5 requested=0 effective=5 affinity=[1, 2, 3, 4, 5(orch)]
[mono_ns=182597495932373][T0x74909972a740][TIMING] emit_host_span: [STRACE] v=1 pid=473521 tid=473521 inv=57 hid=fce75cc27705b57e depth=1 name=chip.run.runner_run ts=182597490372268 dur=5558072
[mono_ns=182597496237782][T0x74909972a740][TIMING] emit_host_span: [STRACE] v=1 pid=473521 tid=473521 inv=57 hid=fce75cc27705b57e depth=1 name=chip.run.validate ts=182597495936790 dur=300080
[mono_ns=182597496239995][T0x74909972a740][TIMING] emit_host_span: [STRACE] v=1 pid=473521 tid=473521 inv=57 hid=fce75cc27705b57e depth=2 name=chip.run.runner_run.device_wall ts=0 dur=5355152 clk=dev
[mono_ns=182597496241617][T0x74909972a740][TIMING] emit_host_span: [STRACE] v=1 pid=473521 tid=473521 inv=57 hid=fce75cc27705b57e depth=3 name=chip.run.runner_run.device_wall.preamble ts=0 dur=14831 clk=dev
[mono_ns=182597496242679][T0x74909972a740][TIMING] emit_host_span: [STRACE] v=1 pid=473521 tid=473521 inv=57 hid=fce75cc27705b57e depth=3 name=chip.run.runner_run.device_wall.graph_build ts=3300 dur=5346661 clk=dev
[mono_ns=182597496248618][T0x74909972a740][TIMING] emit_host_span: [STRACE] v=1 pid=473521 tid=473521 inv=57 hid=fce75cc27705b57e depth=3 name=chip.run.runner_run.device_wall.config_validate ts=3911 dur=1484 clk=dev
[mono_ns=182597496249629][T0x74909972a740][TIMING] emit_host_span: [STRACE] v=1 pid=473521 tid=473521 inv=57 hid=fce75cc27705b57e depth=3 name=chip.run.runner_run.device_wall.arena_wire ts=5416 dur=3559 clk=dev
[mono_ns=182597496250621][T0x74909972a740][TIMING] emit_host_span: [STRACE] v=1 pid=473521 tid=473521 inv=57 hid=fce75cc27705b57e depth=3 name=chip.run.runner_run.device_wall.sm_reset ts=9163 dur=6188 clk=dev
[mono_ns=182597496251753][T0x74909972a740][TIMING] emit_host_span: [STRACE] v=1 pid=473521 tid=473521 inv=57 hid=fce75cc27705b57e depth=3 name=chip.run.runner_run.device_wall.post_orch ts=5350019 dur=4454 clk=dev
[mono_ns=182597496252874][T0x74909972a740][TIMING] emit_host_span: [STRACE] v=1 pid=473521 tid=473521 inv=57 hid=fce75cc27705b57e depth=3 name=chip.run.runner_run.device_wall.orch ts=15597 dur=4052646 clk=dev
[mono_ns=182597496253866][T0x74909972a740][TIMING] emit_host_span: [STRACE] v=1 pid=473521 tid=473521 inv=57 hid=fce75cc27705b57e depth=3 name=chip.run.runner_run.device_wall.sched ts=16047 dur=5318321 clk=dev
[mono_ns=182597496255148][T0x74909972a740][TIMING] emit_host_span: [STRACE] v=1 pid=473521 tid=473521 inv=57 hid=fce75cc27705b57e depth=1 name=chip.run.claim_release ts=182597496254457 dur=90
[mono_ns=182597496256700][T0x74909972a740][TIMING] emit_host_span: [STRACE] v=1 pid=473521 tid=473521 inv=57 hid=fce75cc27705b57e depth=0 name=chip.run ts=182597368790544 dur=127465495 run_id=0 dispatch_id=0 slot_id=0 generation=57 run_epoch=57
[mono_ns=182597609504085][T0x74909972a740][TIMING] emit_host_span: [STRACE] v=1 pid=473521 tid=473521 inv=58 hid=fce75cc27705b57e depth=2 name=chip.run.bind.args ts=182597496656841 dur=112840554
[mono_ns=182597609524436][T0x74909972a740][TIMING] emit_host_span: [STRACE] v=1 pid=473521 tid=473521 inv=58 hid=fce75cc27705b57e depth=2 name=chip.run.bind.prebuilt ts=182597609521181 dur=2484
[mono_ns=182597609527300][T0x74909972a740][TIMING] emit_host_span: [STRACE] v=1 pid=473521 tid=473521 inv=58 hid=fce75cc27705b57e depth=1 name=chip.run.bind ts=182597496652554 dur=112873073
[mono_ns=182597616122909][T0x74909972a740][WARN] prepare_execution: [device_runner.cpp:343] AICPU CPU_TOPO unavailable; using json_fallback: soc=Ascend950PR_9579 occupy=0x3e stable_reachable=5 requested=0 effective=5 affinity=[1, 2, 3, 4, 5(orch)]
[mono_ns=182597622135484][T0x74909972a740][TIMING] emit_host_span: [STRACE] v=1 pid=473521 tid=473521 inv=58 hid=fce75cc27705b57e depth=1 name=chip.run.runner_run ts=182597616179264 dur=5954137
[mono_ns=182597622434232][T0x74909972a740][TIMING] emit_host_span: [STRACE] v=1 pid=473521 tid=473521 inv=58 hid=fce75cc27705b57e depth=1 name=chip.run.validate ts=182597622139971 dur=293400
[mono_ns=182597622436335][T0x74909972a740][TIMING] emit_host_span: [STRACE] v=1 pid=473521 tid=473521 inv=58 hid=fce75cc27705b57e depth=2 name=chip.run.runner_run.device_wall ts=0 dur=5744595 clk=dev
[mono_ns=182597622438078][T0x74909972a740][TIMING] emit_host_span: [STRACE] v=1 pid=473521 tid=473521 inv=58 hid=fce75cc27705b57e depth=3 name=chip.run.runner_run.device_wall.preamble ts=0 dur=13481 clk=dev
[mono_ns=182597622439230][T0x74909972a740][TIMING] emit_host_span: [STRACE] v=1 pid=473521 tid=473521 inv=58 hid=fce75cc27705b57e depth=3 name=chip.run.runner_run.device_wall.graph_build ts=3917 dur=5735683 clk=dev
[mono_ns=182597622440231][T0x74909972a740][TIMING] emit_host_span: [STRACE] v=1 pid=473521 tid=473521 inv=58 hid=fce75cc27705b57e depth=3 name=chip.run.runner_run.device_wall.config_validate ts=4513 dur=1708 clk=dev
[mono_ns=182597622441213][T0x74909972a740][TIMING] emit_host_span: [STRACE] v=1 pid=473521 tid=473521 inv=58 hid=fce75cc27705b57e depth=3 name=chip.run.runner_run.device_wall.arena_wire ts=6287 dur=3688 clk=dev
[mono_ns=182597622447362][T0x74909972a740][TIMING] emit_host_span: [STRACE] v=1 pid=473521 tid=473521 inv=58 hid=fce75cc27705b57e depth=3 name=chip.run.runner_run.device_wall.sm_reset ts=10051 dur=6821 clk=dev
[mono_ns=182597622448414][T0x74909972a740][TIMING] emit_host_span: [STRACE] v=1 pid=473521 tid=473521 inv=58 hid=fce75cc27705b57e depth=3 name=chip.run.runner_run.device_wall.post_orch ts=5739624 dur=3987 clk=dev
[mono_ns=182597622449445][T0x74909972a740][TIMING] emit_host_span: [STRACE] v=1 pid=473521 tid=473521 inv=58 hid=fce75cc27705b57e depth=3 name=chip.run.runner_run.device_wall.orch ts=17073 dur=4124535 clk=dev
[mono_ns=182597622450437][T0x74909972a740][TIMING] emit_host_span: [STRACE] v=1 pid=473521 tid=473521 inv=58 hid=fce75cc27705b57e depth=3 name=chip.run.runner_run.device_wall.sched ts=17567 dur=5705530 clk=dev
[mono_ns=182597622451749][T0x74909972a740][TIMING] emit_host_span: [STRACE] v=1 pid=473521 tid=473521 inv=58 hid=fce75cc27705b57e depth=1 name=chip.run.claim_release ts=182597622451027 dur=101
[mono_ns=182597622453261][T0x74909972a740][TIMING] emit_host_span: [STRACE] v=1 pid=473521 tid=473521 inv=58 hid=fce75cc27705b57e depth=0 name=chip.run ts=182597496647056 dur=125805544 run_id=0 dispatch_id=0 slot_id=0 generation=58 run_epoch=58
[mono_ns=182597735489790][T0x74909972a740][TIMING] emit_host_span: [STRACE] v=1 pid=473521 tid=473521 inv=59 hid=fce75cc27705b57e depth=2 name=chip.run.bind.args ts=182597622814793 dur=112667425
[mono_ns=182597735513315][T0x74909972a740][TIMING] emit_host_span: [STRACE] v=1 pid=473521 tid=473521 inv=59 hid=fce75cc27705b57e depth=2 name=chip.run.bind.prebuilt ts=182597735509599 dur=2955
[mono_ns=182597735516209][T0x74909972a740][TIMING] emit_host_span: [STRACE] v=1 pid=473521 tid=473521 inv=59 hid=fce75cc27705b57e depth=1 name=chip.run.bind ts=182597622810247 dur=112704320
[mono_ns=182597741965900][T0x74909972a740][WARN] prepare_execution: [device_runner.cpp:343] AICPU CPU_TOPO unavailable; using json_fallback: soc=Ascend950PR_9579 occupy=0x3e stable_reachable=5 requested=0 effective=5 affinity=[1, 2, 3, 4, 5(orch)]
[mono_ns=182597747773206][T0x74909972a740][TIMING] emit_host_span: [STRACE] v=1 pid=473521 tid=473521 inv=59 hid=fce75cc27705b57e depth=1 name=chip.run.runner_run ts=182597742036355 dur=5734377
[mono_ns=182597748072044][T0x74909972a740][TIMING] emit_host_span: [STRACE] v=1 pid=473521 tid=473521 inv=59 hid=fce75cc27705b57e depth=1 name=chip.run.validate ts=182597747779315 dur=291758
[mono_ns=182597748074979][T0x74909972a740][TIMING] emit_host_span: [STRACE] v=1 pid=473521 tid=473521 inv=59 hid=fce75cc27705b57e depth=2 name=chip.run.runner_run.device_wall ts=0 dur=5518607 clk=dev
[mono_ns=182597748076621][T0x74909972a740][TIMING] emit_host_span: [STRACE] v=1 pid=473521 tid=473521 inv=59 hid=fce75cc27705b57e depth=3 name=chip.run.runner_run.device_wall.preamble ts=0 dur=14561 clk=dev
[mono_ns=182597748077883][T0x74909972a740][TIMING] emit_host_span: [STRACE] v=1 pid=473521 tid=473521 inv=59 hid=fce75cc27705b57e depth=3 name=chip.run.runner_run.device_wall.graph_build ts=3576 dur=5510036 clk=dev
[mono_ns=182597748078895][T0x74909972a740][TIMING] emit_host_span: [STRACE] v=1 pid=473521 tid=473521 inv=59 hid=fce75cc27705b57e depth=3 name=chip.run.runner_run.device_wall.config_validate ts=4197 dur=1052 clk=dev
[mono_ns=182597748079876][T0x74909972a740][TIMING] emit_host_span: [STRACE] v=1 pid=473521 tid=473521 inv=59 hid=fce75cc27705b57e depth=3 name=chip.run.runner_run.device_wall.arena_wire ts=5260 dur=3933 clk=dev
[mono_ns=182597748080898][T0x74909972a740][TIMING] emit_host_span: [STRACE] v=1 pid=473521 tid=473521 inv=59 hid=fce75cc27705b57e depth=3 name=chip.run.runner_run.device_wall.sm_reset ts=9315 dur=6693 clk=dev
[mono_ns=182597748081949][T0x74909972a740][TIMING] emit_host_span: [STRACE] v=1 pid=473521 tid=473521 inv=59 hid=fce75cc27705b57e depth=3 name=chip.run.runner_run.device_wall.post_orch ts=5513638 dur=4444 clk=dev
[mono_ns=182597748082931][T0x74909972a740][TIMING] emit_host_span: [STRACE] v=1 pid=473521 tid=473521 inv=59 hid=fce75cc27705b57e depth=3 name=chip.run.runner_run.device_wall.orch ts=16079 dur=4095923 clk=dev
[mono_ns=182597748088649][T0x74909972a740][TIMING] emit_host_span: [STRACE] v=1 pid=473521 tid=473521 inv=59 hid=fce75cc27705b57e depth=3 name=chip.run.runner_run.device_wall.sched ts=16641 dur=5479967 clk=dev
[mono_ns=182597748090021][T0x74909972a740][TIMING] emit_host_span: [STRACE] v=1 pid=473521 tid=473521 inv=59 hid=fce75cc27705b57e depth=1 name=chip.run.claim_release ts=182597748089200 dur=211
[mono_ns=182597748091664][T0x74909972a740][TIMING] emit_host_span: [STRACE] v=1 pid=473521 tid=473521 inv=59 hid=fce75cc27705b57e depth=0 name=chip.run ts=182597622805800 dur=125285183 run_id=0 dispatch_id=0 slot_id=0 generation=59 run_epoch=59
[mono_ns=182597863450939][T0x74909972a740][TIMING] emit_host_span: [STRACE] v=1 pid=473521 tid=473521 inv=60 hid=fce75cc27705b57e depth=2 name=chip.run.bind.args ts=182597748467909 dur=114974187
[mono_ns=182597863473503][T0x74909972a740][TIMING] emit_host_span: [STRACE] v=1 pid=473521 tid=473521 inv=60 hid=fce75cc27705b57e depth=2 name=chip.run.bind.prebuilt ts=182597863469677 dur=3045
[mono_ns=182597863476918][T0x74909972a740][TIMING] emit_host_span: [STRACE] v=1 pid=473521 tid=473521 inv=60 hid=fce75cc27705b57e depth=1 name=chip.run.bind ts=182597748463762 dur=115011313
[mono_ns=182597871026930][T0x74909972a740][WARN] prepare_execution: [device_runner.cpp:343] AICPU CPU_TOPO unavailable; using json_fallback: soc=Ascend950PR_9579 occupy=0x3e stable_reachable=5 requested=0 effective=5 affinity=[1, 2, 3, 4, 5(orch)]
[mono_ns=182597876831572][T0x74909972a740][TIMING] emit_host_span: [STRACE] v=1 pid=473521 tid=473521 inv=60 hid=fce75cc27705b57e depth=1 name=chip.run.runner_run ts=182597871092208 dur=5736540
[mono_ns=182597877128257][T0x74909972a740][TIMING] emit_host_span: [STRACE] v=1 pid=473521 tid=473521 inv=60 hid=fce75cc27705b57e depth=1 name=chip.run.validate ts=182597876838462 dur=288894
[mono_ns=182597877130501][T0x74909972a740][TIMING] emit_host_span: [STRACE] v=1 pid=473521 tid=473521 inv=60 hid=fce75cc27705b57e depth=2 name=chip.run.runner_run.device_wall ts=0 dur=5518758 clk=dev
[mono_ns=182597877132233][T0x74909972a740][TIMING] emit_host_span: [STRACE] v=1 pid=473521 tid=473521 inv=60 hid=fce75cc27705b57e depth=3 name=chip.run.runner_run.device_wall.preamble ts=0 dur=15119 clk=dev
[mono_ns=182597877133605][T0x74909972a740][TIMING] emit_host_span: [STRACE] v=1 pid=473521 tid=473521 inv=60 hid=fce75cc27705b57e depth=3 name=chip.run.runner_run.device_wall.graph_build ts=3861 dur=5509697 clk=dev
[mono_ns=182597877134617][T0x74909972a740][TIMING] emit_host_span: [STRACE] v=1 pid=473521 tid=473521 inv=60 hid=fce75cc27705b57e depth=3 name=chip.run.runner_run.device_wall.config_validate ts=4467 dur=1994 clk=dev
[mono_ns=182597877135619][T0x74909972a740][TIMING] emit_host_span: [STRACE] v=1 pid=473521 tid=473521 inv=60 hid=fce75cc27705b57e depth=3 name=chip.run.runner_run.device_wall.arena_wire ts=6522 dur=3853 clk=dev
[mono_ns=182597877136610][T0x74909972a740][TIMING] emit_host_span: [STRACE] v=1 pid=473521 tid=473521 inv=60 hid=fce75cc27705b57e depth=3 name=chip.run.runner_run.device_wall.sm_reset ts=10444 dur=5928 clk=dev
[mono_ns=182597877137802][T0x74909972a740][TIMING] emit_host_span: [STRACE] v=1 pid=473521 tid=473521 inv=60 hid=fce75cc27705b57e depth=3 name=chip.run.runner_run.device_wall.post_orch ts=5513583 dur=4843 clk=dev
[mono_ns=182597877138793][T0x74909972a740][TIMING] emit_host_span: [STRACE] v=1 pid=473521 tid=473521 inv=60 hid=fce75cc27705b57e depth=3 name=chip.run.runner_run.device_wall.orch ts=16577 dur=4115725 clk=dev
[mono_ns=182597877139785][T0x74909972a740][TIMING] emit_host_span: [STRACE] v=1 pid=473521 tid=473521 inv=60 hid=fce75cc27705b57e depth=3 name=chip.run.runner_run.device_wall.sched ts=17079 dur=5481494 clk=dev
[mono_ns=182597877141187][T0x74909972a740][TIMING] emit_host_span: [STRACE] v=1 pid=473521 tid=473521 inv=60 hid=fce75cc27705b57e depth=1 name=chip.run.claim_release ts=182597877140386 dur=210
[mono_ns=182597877142679][T0x74909972a740][TIMING] emit_host_span: [STRACE] v=1 pid=473521 tid=473521 inv=60 hid=fce75cc27705b57e depth=0 name=chip.run ts=182597748459827 dur=128682161 run_id=0 dispatch_id=0 slot_id=0 generation=60 run_epoch=60
[mono_ns=182597991897006][T0x74909972a740][TIMING] emit_host_span: [STRACE] v=1 pid=473521 tid=473521 inv=61 hid=fce75cc27705b57e depth=2 name=chip.run.bind.args ts=182597877539945 dur=114349870
[mono_ns=182597991919390][T0x74909972a740][TIMING] emit_host_span: [STRACE] v=1 pid=473521 tid=473521 inv=61 hid=fce75cc27705b57e depth=2 name=chip.run.bind.prebuilt ts=182597991915894 dur=2785
[mono_ns=182597991922675][T0x74909972a740][TIMING] emit_host_span: [STRACE] v=1 pid=473521 tid=473521 inv=61 hid=fce75cc27705b57e depth=1 name=chip.run.bind ts=182597877535158 dur=114385754
[mono_ns=182597997691012][T0x74909972a740][WARN] prepare_execution: [device_runner.cpp:343] AICPU CPU_TOPO unavailable; using json_fallback: soc=Ascend950PR_9579 occupy=0x3e stable_reachable=5 requested=0 effective=5 affinity=[1, 2, 3, 4, 5(orch)]
[mono_ns=182598003519811][T0x74909972a740][TIMING] emit_host_span: [STRACE] v=1 pid=473521 tid=473521 inv=61 hid=fce75cc27705b57e depth=1 name=chip.run.runner_run ts=182597997753977 dur=5762960
[mono_ns=182598003813662][T0x74909972a740][TIMING] emit_host_span: [STRACE] v=1 pid=473521 tid=473521 inv=61 hid=fce75cc27705b57e depth=1 name=chip.run.validate ts=182598003526421 dur=286410
[mono_ns=182598003815855][T0x74909972a740][TIMING] emit_host_span: [STRACE] v=1 pid=473521 tid=473521 inv=61 hid=fce75cc27705b57e depth=2 name=chip.run.runner_run.device_wall ts=0 dur=5549456 clk=dev
[mono_ns=182598003817458][T0x74909972a740][TIMING] emit_host_span: [STRACE] v=1 pid=473521 tid=473521 inv=61 hid=fce75cc27705b57e depth=3 name=chip.run.runner_run.device_wall.preamble ts=0 dur=15447 clk=dev
[mono_ns=182598003818770][T0x74909972a740][TIMING] emit_host_span: [STRACE] v=1 pid=473521 tid=473521 inv=61 hid=fce75cc27705b57e depth=3 name=chip.run.runner_run.device_wall.graph_build ts=3787 dur=5540788 clk=dev
[mono_ns=182598003819781][T0x74909972a740][TIMING] emit_host_span: [STRACE] v=1 pid=473521 tid=473521 inv=61 hid=fce75cc27705b57e depth=3 name=chip.run.runner_run.device_wall.config_validate ts=4381 dur=1452 clk=dev
[mono_ns=182598003820753][T0x74909972a740][TIMING] emit_host_span: [STRACE] v=1 pid=473521 tid=473521 inv=61 hid=fce75cc27705b57e depth=3 name=chip.run.runner_run.device_wall.arena_wire ts=5854 dur=3291 clk=dev
[mono_ns=182598003821724][T0x74909972a740][TIMING] emit_host_span: [STRACE] v=1 pid=473521 tid=473521 inv=61 hid=fce75cc27705b57e depth=3 name=chip.run.runner_run.device_wall.sm_reset ts=9240 dur=6161 clk=dev
[mono_ns=182598003822746][T0x74909972a740][TIMING] emit_host_span: [STRACE] v=1 pid=473521 tid=473521 inv=61 hid=fce75cc27705b57e depth=3 name=chip.run.runner_run.device_wall.post_orch ts=5544632 dur=4169 clk=dev
[mono_ns=182598003823727][T0x74909972a740][TIMING] emit_host_span: [STRACE] v=1 pid=473521 tid=473521 inv=61 hid=fce75cc27705b57e depth=3 name=chip.run.runner_run.device_wall.orch ts=15548 dur=4090721 clk=dev
[mono_ns=182598003824709][T0x74909972a740][TIMING] emit_host_span: [STRACE] v=1 pid=473521 tid=473521 inv=61 hid=fce75cc27705b57e depth=3 name=chip.run.runner_run.device_wall.sched ts=16157 dur=5514093 clk=dev
[mono_ns=182598003826311][T0x74909972a740][TIMING] emit_host_span: [STRACE] v=1 pid=473521 tid=473521 inv=61 hid=fce75cc27705b57e depth=1 name=chip.run.claim_release ts=182598003825320 dur=410
[mono_ns=182598003827943][T0x74909972a740][TIMING] emit_host_span: [STRACE] v=1 pid=473521 tid=473521 inv=61 hid=fce75cc27705b57e depth=0 name=chip.run ts=182597877530691 dur=126296591 run_id=0 dispatch_id=0 slot_id=0 generation=61 run_epoch=61
[mono_ns=182598116653235][T0x74909972a740][TIMING] emit_host_span: [STRACE] v=1 pid=473521 tid=473521 inv=62 hid=fce75cc27705b57e depth=2 name=chip.run.bind.args ts=182598004259671 dur=112384410
[mono_ns=182598116677071][T0x74909972a740][TIMING] emit_host_span: [STRACE] v=1 pid=473521 tid=473521 inv=62 hid=fce75cc27705b57e depth=2 name=chip.run.bind.prebuilt ts=182598116672985 dur=3054
[mono_ns=182598116698413][T0x74909972a740][TIMING] emit_host_span: [STRACE] v=1 pid=473521 tid=473521 inv=62 hid=fce75cc27705b57e depth=1 name=chip.run.bind ts=182598004254714 dur=112441946
[mono_ns=182598121696795][T0x74909972a740][WARN] prepare_execution: [device_runner.cpp:343] AICPU CPU_TOPO unavailable; using json_fallback: soc=Ascend950PR_9579 occupy=0x3e stable_reachable=5 requested=0 effective=5 affinity=[1, 2, 3, 4, 5(orch)]
[mono_ns=182598127570000][T0x74909972a740][TIMING] emit_host_span: [STRACE] v=1 pid=473521 tid=473521 inv=62 hid=fce75cc27705b57e depth=1 name=chip.run.runner_run ts=182598121750115 dur=5818123
[mono_ns=182598127870682][T0x74909972a740][TIMING] emit_host_span: [STRACE] v=1 pid=473521 tid=473521 inv=62 hid=fce75cc27705b57e depth=1 name=chip.run.validate ts=182598127575218 dur=294552
[mono_ns=182598127872765][T0x74909972a740][TIMING] emit_host_span: [STRACE] v=1 pid=473521 tid=473521 inv=62 hid=fce75cc27705b57e depth=2 name=chip.run.runner_run.device_wall ts=0 dur=5597040 clk=dev
[mono_ns=182598127874167][T0x74909972a740][TIMING] emit_host_span: [STRACE] v=1 pid=473521 tid=473521 inv=62 hid=fce75cc27705b57e depth=3 name=chip.run.runner_run.device_wall.preamble ts=0 dur=13806 clk=dev
[mono_ns=182598127875359][T0x74909972a740][TIMING] emit_host_span: [STRACE] v=1 pid=473521 tid=473521 inv=62 hid=fce75cc27705b57e depth=3 name=chip.run.runner_run.device_wall.graph_build ts=3779 dur=5588077 clk=dev
[mono_ns=182598127876360][T0x74909972a740][TIMING] emit_host_span: [STRACE] v=1 pid=473521 tid=473521 inv=62 hid=fce75cc27705b57e depth=3 name=chip.run.runner_run.device_wall.config_validate ts=4436 dur=1500 clk=dev
[mono_ns=182598127877352][T0x74909972a740][TIMING] emit_host_span: [STRACE] v=1 pid=473521 tid=473521 inv=62 hid=fce75cc27705b57e depth=3 name=chip.run.runner_run.device_wall.arena_wire ts=5966 dur=3552 clk=dev
[mono_ns=182598127878333][T0x74909972a740][TIMING] emit_host_span: [STRACE] v=1 pid=473521 tid=473521 inv=62 hid=fce75cc27705b57e depth=3 name=chip.run.runner_run.device_wall.sm_reset ts=9580 dur=6088 clk=dev
[mono_ns=182598127879335][T0x74909972a740][TIMING] emit_host_span: [STRACE] v=1 pid=473521 tid=473521 inv=62 hid=fce75cc27705b57e depth=3 name=chip.run.runner_run.device_wall.post_orch ts=5591885 dur=4203 clk=dev
[mono_ns=182598127880336][T0x74909972a740][TIMING] emit_host_span: [STRACE] v=1 pid=473521 tid=473521 inv=62 hid=fce75cc27705b57e depth=3 name=chip.run.runner_run.device_wall.orch ts=15736 dur=4068302 clk=dev
[mono_ns=182598127881338][T0x74909972a740][TIMING] emit_host_span: [STRACE] v=1 pid=473521 tid=473521 inv=62 hid=fce75cc27705b57e depth=3 name=chip.run.runner_run.device_wall.sched ts=16320 dur=5559304 clk=dev
[mono_ns=182598127882800][T0x74909972a740][TIMING] emit_host_span: [STRACE] v=1 pid=473521 tid=473521 inv=62 hid=fce75cc27705b57e depth=1 name=chip.run.claim_release ts=182598127881959 dur=230
[mono_ns=182598127884292][T0x74909972a740][TIMING] emit_host_span: [STRACE] v=1 pid=473521 tid=473521 inv=62 hid=fce75cc27705b57e depth=0 name=chip.run ts=182598004250808 dur=123632793 run_id=0 dispatch_id=0 slot_id=0 generation=62 run_epoch=62
[mono_ns=182598251896685][T0x74909972a740][TIMING] emit_host_span: [STRACE] v=1 pid=473521 tid=473521 inv=63 hid=fce75cc27705b57e depth=2 name=chip.run.bind.args ts=182598128300006 dur=123582928
[mono_ns=182598251927451][T0x74909972a740][TIMING] emit_host_span: [STRACE] v=1 pid=473521 tid=473521 inv=63 hid=fce75cc27705b57e depth=2 name=chip.run.bind.prebuilt ts=182598251923024 dur=3295
[mono_ns=182598251931226][T0x74909972a740][TIMING] emit_host_span: [STRACE] v=1 pid=473521 tid=473521 inv=63 hid=fce75cc27705b57e depth=1 name=chip.run.bind ts=182598128294518 dur=123635016
[mono_ns=182598258186405][T0x74909972a740][WARN] prepare_execution: [device_runner.cpp:343] AICPU CPU_TOPO unavailable; using json_fallback: soc=Ascend950PR_9579 occupy=0x3e stable_reachable=5 requested=0 effective=5 affinity=[1, 2, 3, 4, 5(orch)]
[mono_ns=182598263743315][T0x74909972a740][TIMING] emit_host_span: [STRACE] v=1 pid=473521 tid=473521 inv=63 hid=fce75cc27705b57e depth=1 name=chip.run.runner_run ts=182598258247987 dur=5492835
[mono_ns=182598264041834][T0x74909972a740][TIMING] emit_host_span: [STRACE] v=1 pid=473521 tid=473521 inv=63 hid=fce75cc27705b57e depth=1 name=chip.run.validate ts=182598263752770 dur=288202
[mono_ns=182598264044417][T0x74909972a740][TIMING] emit_host_span: [STRACE] v=1 pid=473521 tid=473521 inv=63 hid=fce75cc27705b57e depth=2 name=chip.run.runner_run.device_wall ts=0 dur=5275830 clk=dev
[mono_ns=182598264045890][T0x74909972a740][TIMING] emit_host_span: [STRACE] v=1 pid=473521 tid=473521 inv=63 hid=fce75cc27705b57e depth=3 name=chip.run.runner_run.device_wall.preamble ts=0 dur=14841 clk=dev
[mono_ns=182598264047001][T0x74909972a740][TIMING] emit_host_span: [STRACE] v=1 pid=473521 tid=473521 inv=63 hid=fce75cc27705b57e depth=3 name=chip.run.runner_run.device_wall.graph_build ts=3762 dur=5267067 clk=dev
[mono_ns=182598264048043][T0x74909972a740][TIMING] emit_host_span: [STRACE] v=1 pid=473521 tid=473521 inv=63 hid=fce75cc27705b57e depth=3 name=chip.run.runner_run.device_wall.config_validate ts=4580 dur=1688 clk=dev
[mono_ns=182598264049024][T0x74909972a740][TIMING] emit_host_span: [STRACE] v=1 pid=473521 tid=473521 inv=63 hid=fce75cc27705b57e depth=3 name=chip.run.runner_run.device_wall.arena_wire ts=6331 dur=3485 clk=dev
[mono_ns=182598264049986][T0x74909972a740][TIMING] emit_host_span: [STRACE] v=1 pid=473521 tid=473521 inv=63 hid=fce75cc27705b57e depth=3 name=chip.run.runner_run.device_wall.sm_reset ts=9881 dur=5853 clk=dev
[mono_ns=182598264051017][T0x74909972a740][TIMING] emit_host_span: [STRACE] v=1 pid=473521 tid=473521 inv=63 hid=fce75cc27705b57e depth=3 name=chip.run.runner_run.device_wall.post_orch ts=5270847 dur=4520 clk=dev
[mono_ns=182598264051999][T0x74909972a740][TIMING] emit_host_span: [STRACE] v=1 pid=473521 tid=473521 inv=63 hid=fce75cc27705b57e depth=3 name=chip.run.runner_run.device_wall.orch ts=15863 dur=4066687 clk=dev
[mono_ns=182598264052970][T0x74909972a740][TIMING] emit_host_span: [STRACE] v=1 pid=473521 tid=473521 inv=63 hid=fce75cc27705b57e depth=3 name=chip.run.runner_run.device_wall.sched ts=16453 dur=5238713 clk=dev
[mono_ns=182598264054593][T0x74909972a740][TIMING] emit_host_span: [STRACE] v=1 pid=473521 tid=473521 inv=63 hid=fce75cc27705b57e depth=1 name=chip.run.claim_release ts=182598264053611 dur=371
[mono_ns=182598264056265][T0x74909972a740][TIMING] emit_host_span: [STRACE] v=1 pid=473521 tid=473521 inv=63 hid=fce75cc27705b57e depth=0 name=chip.run ts=182598128289260 dur=135766184 run_id=0 dispatch_id=0 slot_id=0 generation=63 run_epoch=63
[mono_ns=182598379974088][T0x74909972a740][TIMING] emit_host_span: [STRACE] v=1 pid=473521 tid=473521 inv=64 hid=fce75cc27705b57e depth=2 name=chip.run.bind.args ts=182598264480782 dur=115486556
[mono_ns=182598379997884][T0x74909972a740][TIMING] emit_host_span: [STRACE] v=1 pid=473521 tid=473521 inv=64 hid=fce75cc27705b57e depth=2 name=chip.run.bind.prebuilt ts=182598379994078 dur=2935
[mono_ns=182598380007469][T0x74909972a740][TIMING] emit_host_span: [STRACE] v=1 pid=473521 tid=473521 inv=64 hid=fce75cc27705b57e depth=1 name=chip.run.bind ts=182598264475785 dur=115523621
[mono_ns=182598385149276][T0x74909972a740][WARN] prepare_execution: [device_runner.cpp:343] AICPU CPU_TOPO unavailable; using json_fallback: soc=Ascend950PR_9579 occupy=0x3e stable_reachable=5 requested=0 effective=5 affinity=[1, 2, 3, 4, 5(orch)]
[mono_ns=182598390916051][T0x74909972a740][TIMING] emit_host_span: [STRACE] v=1 pid=473521 tid=473521 inv=64 hid=fce75cc27705b57e depth=1 name=chip.run.runner_run ts=182598385219151 dur=5694307
[mono_ns=182598391249192][T0x74909972a740][TIMING] emit_host_span: [STRACE] v=1 pid=473521 tid=473521 inv=64 hid=fce75cc27705b57e depth=1 name=chip.run.validate ts=182598390920618 dur=327402
[mono_ns=182598391251715][T0x74909972a740][TIMING] emit_host_span: [STRACE] v=1 pid=473521 tid=473521 inv=64 hid=fce75cc27705b57e depth=2 name=chip.run.runner_run.device_wall ts=0 dur=5474955 clk=dev
[mono_ns=182598391253458][T0x74909972a740][TIMING] emit_host_span: [STRACE] v=1 pid=473521 tid=473521 inv=64 hid=fce75cc27705b57e depth=3 name=chip.run.runner_run.device_wall.preamble ts=0 dur=14164 clk=dev
[mono_ns=182598391259727][T0x74909972a740][TIMING] emit_host_span: [STRACE] v=1 pid=473521 tid=473521 inv=64 hid=fce75cc27705b57e depth=3 name=chip.run.runner_run.device_wall.graph_build ts=4121 dur=5466154 clk=dev
[mono_ns=182598391260779][T0x74909972a740][TIMING] emit_host_span: [STRACE] v=1 pid=473521 tid=473521 inv=64 hid=fce75cc27705b57e depth=3 name=chip.run.runner_run.device_wall.config_validate ts=4490 dur=1652 clk=dev
[mono_ns=182598391261760][T0x74909972a740][TIMING] emit_host_span: [STRACE] v=1 pid=473521 tid=473521 inv=64 hid=fce75cc27705b57e depth=3 name=chip.run.runner_run.device_wall.arena_wire ts=6213 dur=3540 clk=dev
[mono_ns=182598391262742][T0x74909972a740][TIMING] emit_host_span: [STRACE] v=1 pid=473521 tid=473521 inv=64 hid=fce75cc27705b57e depth=3 name=chip.run.runner_run.device_wall.sm_reset ts=10217 dur=5439 clk=dev
[mono_ns=182598391263773][T0x74909972a740][TIMING] emit_host_span: [STRACE] v=1 pid=473521 tid=473521 inv=64 hid=fce75cc27705b57e depth=3 name=chip.run.runner_run.device_wall.post_orch ts=5470293 dur=3914 clk=dev
[mono_ns=182598391264735][T0x74909972a740][TIMING] emit_host_span: [STRACE] v=1 pid=473521 tid=473521 inv=64 hid=fce75cc27705b57e depth=3 name=chip.run.runner_run.device_wall.orch ts=15906 dur=4106263 clk=dev
[mono_ns=182598391265706][T0x74909972a740][TIMING] emit_host_span: [STRACE] v=1 pid=473521 tid=473521 inv=64 hid=fce75cc27705b57e depth=3 name=chip.run.runner_run.device_wall.sched ts=16647 dur=5439352 clk=dev
[mono_ns=182598391267158][T0x74909972a740][TIMING] emit_host_span: [STRACE] v=1 pid=473521 tid=473521 inv=64 hid=fce75cc27705b57e depth=1 name=chip.run.claim_release ts=182598391266357 dur=191
[mono_ns=182598391268761][T0x74909972a740][TIMING] emit_host_span: [STRACE] v=1 pid=473521 tid=473521 inv=64 hid=fce75cc27705b57e depth=0 name=chip.run ts=182598264469916 dur=126798114 run_id=0 dispatch_id=0 slot_id=0 generation=64 run_epoch=64
[mono_ns=182598509632215][T0x74909972a740][TIMING] emit_host_span: [STRACE] v=1 pid=473521 tid=473521 inv=65 hid=fce75cc27705b57e depth=2 name=chip.run.bind.args ts=182598391709903 dur=117916513
[mono_ns=182598509647728][T0x74909972a740][TIMING] emit_host_span: [STRACE] v=1 pid=473521 tid=473521 inv=65 hid=fce75cc27705b57e depth=2 name=chip.run.bind.prebuilt ts=182598509644433 dur=2594
[mono_ns=182598509651053][T0x74909972a740][TIMING] emit_host_span: [STRACE] v=1 pid=473521 tid=473521 inv=65 hid=fce75cc27705b57e depth=1 name=chip.run.bind ts=182598391704485 dur=117944685
[mono_ns=182598514698629][T0x74909972a740][WARN] prepare_execution: [device_runner.cpp:343] AICPU CPU_TOPO unavailable; using json_fallback: soc=Ascend950PR_9579 occupy=0x3e stable_reachable=5 requested=0 effective=5 affinity=[1, 2, 3, 4, 5(orch)]
[mono_ns=182598520614158][T0x74909972a740][TIMING] emit_host_span: [STRACE] v=1 pid=473521 tid=473521 inv=65 hid=fce75cc27705b57e depth=1 name=chip.run.runner_run ts=182598514757157 dur=5855348
[mono_ns=182598520912826][T0x74909972a740][TIMING] emit_host_span: [STRACE] v=1 pid=473521 tid=473521 inv=65 hid=fce75cc27705b57e depth=1 name=chip.run.validate ts=182598520618334 dur=293571
[mono_ns=182598520914799][T0x74909972a740][TIMING] emit_host_span: [STRACE] v=1 pid=473521 tid=473521 inv=65 hid=fce75cc27705b57e depth=2 name=chip.run.runner_run.device_wall ts=0 dur=5645380 clk=dev
[mono_ns=182598520916271][T0x74909972a740][TIMING] emit_host_span: [STRACE] v=1 pid=473521 tid=473521 inv=65 hid=fce75cc27705b57e depth=3 name=chip.run.runner_run.device_wall.preamble ts=0 dur=15143 clk=dev
[mono_ns=182598520917493][T0x74909972a740][TIMING] emit_host_span: [STRACE] v=1 pid=473521 tid=473521 inv=65 hid=fce75cc27705b57e depth=3 name=chip.run.runner_run.device_wall.graph_build ts=3885 dur=5636333 clk=dev
[mono_ns=182598520918515][T0x74909972a740][TIMING] emit_host_span: [STRACE] v=1 pid=473521 tid=473521 inv=65 hid=fce75cc27705b57e depth=3 name=chip.run.runner_run.device_wall.config_validate ts=4569 dur=1807 clk=dev
[mono_ns=182598520925055][T0x74909972a740][TIMING] emit_host_span: [STRACE] v=1 pid=473521 tid=473521 inv=65 hid=fce75cc27705b57e depth=3 name=chip.run.runner_run.device_wall.arena_wire ts=6386 dur=3471 clk=dev
[mono_ns=182598520926056][T0x74909972a740][TIMING] emit_host_span: [STRACE] v=1 pid=473521 tid=473521 inv=65 hid=fce75cc27705b57e depth=3 name=chip.run.runner_run.device_wall.sm_reset ts=9991 dur=5545 clk=dev
[mono_ns=182598520927188][T0x74909972a740][TIMING] emit_host_span: [STRACE] v=1 pid=473521 tid=473521 inv=65 hid=fce75cc27705b57e depth=3 name=chip.run.runner_run.device_wall.post_orch ts=5640276 dur=4471 clk=dev
[mono_ns=182598520928289][T0x74909972a740][TIMING] emit_host_span: [STRACE] v=1 pid=473521 tid=473521 inv=65 hid=fce75cc27705b57e depth=3 name=chip.run.runner_run.device_wall.orch ts=15786 dur=4017625 clk=dev
[mono_ns=182598520929281][T0x74909972a740][TIMING] emit_host_span: [STRACE] v=1 pid=473521 tid=473521 inv=65 hid=fce75cc27705b57e depth=3 name=chip.run.runner_run.device_wall.sched ts=16433 dur=5607447 clk=dev
[mono_ns=182598520930583][T0x74909972a740][TIMING] emit_host_span: [STRACE] v=1 pid=473521 tid=473521 inv=65 hid=fce75cc27705b57e depth=1 name=chip.run.claim_release ts=182598520929902 dur=110
[mono_ns=182598520932025][T0x74909972a740][TIMING] emit_host_span: [STRACE] v=1 pid=473521 tid=473521 inv=65 hid=fce75cc27705b57e depth=0 name=chip.run ts=182598391699447 dur=129231907 run_id=0 dispatch_id=0 slot_id=0 generation=65 run_epoch=65
[mono_ns=182598633934312][T0x74909972a740][TIMING] emit_host_span: [STRACE] v=1 pid=473521 tid=473521 inv=66 hid=fce75cc27705b57e depth=2 name=chip.run.bind.args ts=182598521377774 dur=112551661
[mono_ns=182598633949125][T0x74909972a740][TIMING] emit_host_span: [STRACE] v=1 pid=473521 tid=473521 inv=66 hid=fce75cc27705b57e depth=2 name=chip.run.bind.prebuilt ts=182598633945709 dur=2654
[mono_ns=182598633952399][T0x74909972a740][TIMING] emit_host_span: [STRACE] v=1 pid=473521 tid=473521 inv=66 hid=fce75cc27705b57e depth=1 name=chip.run.bind ts=182598521373197 dur=112577310
[mono_ns=182598639129260][T0x74909972a740][WARN] prepare_execution: [device_runner.cpp:343] AICPU CPU_TOPO unavailable; using json_fallback: soc=Ascend950PR_9579 occupy=0x3e stable_reachable=5 requested=0 effective=5 affinity=[1, 2, 3, 4, 5(orch)]
[mono_ns=182598644937057][T0x74909972a740][TIMING] emit_host_span: [STRACE] v=1 pid=473521 tid=473521 inv=66 hid=fce75cc27705b57e depth=1 name=chip.run.runner_run ts=182598639172504 dur=5762840
[mono_ns=182598645242094][T0x74909972a740][TIMING] emit_host_span: [STRACE] v=1 pid=473521 tid=473521 inv=66 hid=fce75cc27705b57e depth=1 name=chip.run.validate ts=182598644941994 dur=299269
[mono_ns=182598645244788][T0x74909972a740][TIMING] emit_host_span: [STRACE] v=1 pid=473521 tid=473521 inv=66 hid=fce75cc27705b57e depth=2 name=chip.run.runner_run.device_wall ts=0 dur=5539900 clk=dev
[mono_ns=182598645246261][T0x74909972a740][TIMING] emit_host_span: [STRACE] v=1 pid=473521 tid=473521 inv=66 hid=fce75cc27705b57e depth=3 name=chip.run.runner_run.device_wall.preamble ts=0 dur=14848 clk=dev
[mono_ns=182598645247442][T0x74909972a740][TIMING] emit_host_span: [STRACE] v=1 pid=473521 tid=473521 inv=66 hid=fce75cc27705b57e depth=3 name=chip.run.runner_run.device_wall.graph_build ts=3872 dur=5531134 clk=dev
[mono_ns=182598645248434][T0x74909972a740][TIMING] emit_host_span: [STRACE] v=1 pid=473521 tid=473521 inv=66 hid=fce75cc27705b57e depth=3 name=chip.run.runner_run.device_wall.config_validate ts=4745 dur=1523 clk=dev
[mono_ns=182598645249445][T0x74909972a740][TIMING] emit_host_span: [STRACE] v=1 pid=473521 tid=473521 inv=66 hid=fce75cc27705b57e depth=3 name=chip.run.runner_run.device_wall.arena_wire ts=6306 dur=3409 clk=dev
[mono_ns=182598645250427][T0x74909972a740][TIMING] emit_host_span: [STRACE] v=1 pid=473521 tid=473521 inv=66 hid=fce75cc27705b57e depth=3 name=chip.run.runner_run.device_wall.sm_reset ts=10051 dur=5662 clk=dev
[mono_ns=182598645251428][T0x74909972a740][TIMING] emit_host_span: [STRACE] v=1 pid=473521 tid=473521 inv=66 hid=fce75cc27705b57e depth=3 name=chip.run.runner_run.device_wall.post_orch ts=5535025 dur=4018 clk=dev
[mono_ns=182598645256396][T0x74909972a740][TIMING] emit_host_span: [STRACE] v=1 pid=473521 tid=473521 inv=66 hid=fce75cc27705b57e depth=3 name=chip.run.runner_run.device_wall.orch ts=15855 dur=4108485 clk=dev
[mono_ns=182598645257387][T0x74909972a740][TIMING] emit_host_span: [STRACE] v=1 pid=473521 tid=473521 inv=66 hid=fce75cc27705b57e depth=3 name=chip.run.runner_run.device_wall.sched ts=16587 dur=5502184 clk=dev
[mono_ns=182598645258699][T0x74909972a740][TIMING] emit_host_span: [STRACE] v=1 pid=473521 tid=473521 inv=66 hid=fce75cc27705b57e depth=1 name=chip.run.claim_release ts=182598645258018 dur=90
[mono_ns=182598645260402][T0x74909972a740][TIMING] emit_host_span: [STRACE] v=1 pid=473521 tid=473521 inv=66 hid=fce75cc27705b57e depth=0 name=chip.run ts=182598521368811 dur=123890940 run_id=0 dispatch_id=0 slot_id=0 generation=66 run_epoch=66
[mono_ns=182598756920785][T0x74909972a740][TIMING] emit_host_span: [STRACE] v=1 pid=473521 tid=473521 inv=67 hid=fce75cc27705b57e depth=2 name=chip.run.bind.args ts=182598645679901 dur=111236027
[mono_ns=182598756934836][T0x74909972a740][TIMING] emit_host_span: [STRACE] v=1 pid=473521 tid=473521 inv=67 hid=fce75cc27705b57e depth=2 name=chip.run.bind.prebuilt ts=182598756931922 dur=2153
[mono_ns=182598756937881][T0x74909972a740][TIMING] emit_host_span: [STRACE] v=1 pid=473521 tid=473521 inv=67 hid=fce75cc27705b57e depth=1 name=chip.run.bind ts=182598645675184 dur=111261104
[mono_ns=182598762395652][T0x74909972a740][WARN] prepare_execution: [device_runner.cpp:343] AICPU CPU_TOPO unavailable; using json_fallback: soc=Ascend950PR_9579 occupy=0x3e stable_reachable=5 requested=0 effective=5 affinity=[1, 2, 3, 4, 5(orch)]
[mono_ns=182598767970149][T0x74909972a740][TIMING] emit_host_span: [STRACE] v=1 pid=473521 tid=473521 inv=67 hid=fce75cc27705b57e depth=1 name=chip.run.runner_run ts=182598762438206 dur=5530631
[mono_ns=182598768266073][T0x74909972a740][TIMING] emit_host_span: [STRACE] v=1 pid=473521 tid=473521 inv=67 hid=fce75cc27705b57e depth=1 name=chip.run.validate ts=182598767973625 dur=291697
[mono_ns=182598768268457][T0x74909972a740][TIMING] emit_host_span: [STRACE] v=1 pid=473521 tid=473521 inv=67 hid=fce75cc27705b57e depth=2 name=chip.run.runner_run.device_wall ts=0 dur=5337619 clk=dev
[mono_ns=182598768269959][T0x74909972a740][TIMING] emit_host_span: [STRACE] v=1 pid=473521 tid=473521 inv=67 hid=fce75cc27705b57e depth=3 name=chip.run.runner_run.device_wall.preamble ts=0 dur=15235 clk=dev
[mono_ns=182598768271071][T0x74909972a740][TIMING] emit_host_span: [STRACE] v=1 pid=473521 tid=473521 inv=67 hid=fce75cc27705b57e depth=3 name=chip.run.runner_run.device_wall.graph_build ts=3354 dur=5328862 clk=dev
[mono_ns=182598768272082][T0x74909972a740][TIMING] emit_host_span: [STRACE] v=1 pid=473521 tid=473521 inv=67 hid=fce75cc27705b57e depth=3 name=chip.run.runner_run.device_wall.config_validate ts=4096 dur=1979 clk=dev
[mono_ns=182598768273084][T0x74909972a740][TIMING] emit_host_span: [STRACE] v=1 pid=473521 tid=473521 inv=67 hid=fce75cc27705b57e depth=3 name=chip.run.runner_run.device_wall.arena_wire ts=6150 dur=3410 clk=dev
[mono_ns=182598768274045][T0x74909972a740][TIMING] emit_host_span: [STRACE] v=1 pid=473521 tid=473521 inv=67 hid=fce75cc27705b57e depth=3 name=chip.run.runner_run.device_wall.sm_reset ts=9947 dur=6379 clk=dev
[mono_ns=182598768275327][T0x74909972a740][TIMING] emit_host_span: [STRACE] v=1 pid=473521 tid=473521 inv=67 hid=fce75cc27705b57e depth=3 name=chip.run.runner_run.device_wall.post_orch ts=5332560 dur=4721 clk=dev
[mono_ns=182598768276299][T0x74909972a740][TIMING] emit_host_span: [STRACE] v=1 pid=473521 tid=473521 inv=67 hid=fce75cc27705b57e depth=3 name=chip.run.runner_run.device_wall.orch ts=16443 dur=4086426 clk=dev
[mono_ns=182598768277280][T0x74909972a740][TIMING] emit_host_span: [STRACE] v=1 pid=473521 tid=473521 inv=67 hid=fce75cc27705b57e depth=3 name=chip.run.runner_run.device_wall.sched ts=17073 dur=5298114 clk=dev
[mono_ns=182598768283510][T0x74909972a740][TIMING] emit_host_span: [STRACE] v=1 pid=473521 tid=473521 inv=67 hid=fce75cc27705b57e depth=1 name=chip.run.claim_release ts=182598768282839 dur=90
[mono_ns=182598768284912][T0x74909972a740][TIMING] emit_host_span: [STRACE] v=1 pid=473521 tid=473521 inv=67 hid=fce75cc27705b57e depth=0 name=chip.run ts=182598645670097 dur=122614194 run_id=0 dispatch_id=0 slot_id=0 generation=67 run_epoch=67
[mono_ns=182598881172897][T0x74909972a740][TIMING] emit_host_span: [STRACE] v=1 pid=473521 tid=473521 inv=68 hid=fce75cc27705b57e depth=2 name=chip.run.bind.args ts=182598768700786 dur=112467054
[mono_ns=182598881191325][T0x74909972a740][TIMING] emit_host_span: [STRACE] v=1 pid=473521 tid=473521 inv=68 hid=fce75cc27705b57e depth=2 name=chip.run.bind.prebuilt ts=182598881188621 dur=2023
[mono_ns=182598881194540][T0x74909972a740][TIMING] emit_host_span: [STRACE] v=1 pid=473521 tid=473521 inv=68 hid=fce75cc27705b57e depth=1 name=chip.run.bind ts=182598768695298 dur=112497579
[mono_ns=182598886246863][T0x74909972a740][WARN] prepare_execution: [device_runner.cpp:343] AICPU CPU_TOPO unavailable; using json_fallback: soc=Ascend950PR_9579 occupy=0x3e stable_reachable=5 requested=0 effective=5 affinity=[1, 2, 3, 4, 5(orch)]
[mono_ns=182598892135191][T0x74909972a740][TIMING] emit_host_span: [STRACE] v=1 pid=473521 tid=473521 inv=68 hid=fce75cc27705b57e depth=1 name=chip.run.runner_run ts=182598886289036 dur=5844863
[mono_ns=182598892422713][T0x74909972a740][TIMING] emit_host_span: [STRACE] v=1 pid=473521 tid=473521 inv=68 hid=fce75cc27705b57e depth=1 name=chip.run.validate ts=182598892140609 dur=281292
[mono_ns=182598892425046][T0x74909972a740][TIMING] emit_host_span: [STRACE] v=1 pid=473521 tid=473521 inv=68 hid=fce75cc27705b57e depth=2 name=chip.run.runner_run.device_wall ts=0 dur=5637429 clk=dev
[mono_ns=182598892426658][T0x74909972a740][TIMING] emit_host_span: [STRACE] v=1 pid=473521 tid=473521 inv=68 hid=fce75cc27705b57e depth=3 name=chip.run.runner_run.device_wall.preamble ts=0 dur=14912 clk=dev
[mono_ns=182598892428041][T0x74909972a740][TIMING] emit_host_span: [STRACE] v=1 pid=473521 tid=473521 inv=68 hid=fce75cc27705b57e depth=3 name=chip.run.runner_run.device_wall.graph_build ts=3639 dur=5628991 clk=dev
[mono_ns=182598892429042][T0x74909972a740][TIMING] emit_host_span: [STRACE] v=1 pid=473521 tid=473521 inv=68 hid=fce75cc27705b57e depth=3 name=chip.run.runner_run.device_wall.config_validate ts=4345 dur=1393 clk=dev
[mono_ns=182598892430003][T0x74909972a740][TIMING] emit_host_span: [STRACE] v=1 pid=473521 tid=473521 inv=68 hid=fce75cc27705b57e depth=3 name=chip.run.runner_run.device_wall.arena_wire ts=5755 dur=3822 clk=dev
[mono_ns=182598892430935][T0x74909972a740][TIMING] emit_host_span: [STRACE] v=1 pid=473521 tid=473521 inv=68 hid=fce75cc27705b57e depth=3 name=chip.run.runner_run.device_wall.sm_reset ts=9610 dur=5763 clk=dev
[mono_ns=182598892431946][T0x74909972a740][TIMING] emit_host_span: [STRACE] v=1 pid=473521 tid=473521 inv=68 hid=fce75cc27705b57e depth=3 name=chip.run.runner_run.device_wall.post_orch ts=5632645 dur=4339 clk=dev
[mono_ns=182598892432908][T0x74909972a740][TIMING] emit_host_span: [STRACE] v=1 pid=473521 tid=473521 inv=68 hid=fce75cc27705b57e depth=3 name=chip.run.runner_run.device_wall.orch ts=15434 dur=4110236 clk=dev
[mono_ns=182598892433869][T0x74909972a740][TIMING] emit_host_span: [STRACE] v=1 pid=473521 tid=473521 inv=68 hid=fce75cc27705b57e depth=3 name=chip.run.runner_run.device_wall.sched ts=16528 dur=5600530 clk=dev
[mono_ns=182598892435261][T0x74909972a740][TIMING] emit_host_span: [STRACE] v=1 pid=473521 tid=473521 inv=68 hid=fce75cc27705b57e depth=1 name=chip.run.claim_release ts=182598892434440 dur=251
[mono_ns=182598892436874][T0x74909972a740][TIMING] emit_host_span: [STRACE] v=1 pid=473521 tid=473521 inv=68 hid=fce75cc27705b57e depth=0 name=chip.run ts=182598768690290 dur=123745913 run_id=0 dispatch_id=0 slot_id=0 generation=68 run_epoch=68
[mono_ns=182599029410280][T0x74909972a740][TIMING] emit_host_span: [STRACE] v=1 pid=473521 tid=473521 inv=69 hid=fce75cc27705b57e depth=2 name=chip.run.bind.args ts=182598893262052 dur=136137372
[mono_ns=182599029456119][T0x74909972a740][TIMING] emit_host_span: [STRACE] v=1 pid=473521 tid=473521 inv=69 hid=fce75cc27705b57e depth=2 name=chip.run.bind.prebuilt ts=182599029450951 dur=4066
[mono_ns=182599029459193][T0x74909972a740][TIMING] emit_host_span: [STRACE] v=1 pid=473521 tid=473521 inv=69 hid=fce75cc27705b57e depth=1 name=chip.run.bind ts=182598893242683 dur=136215148
[mono_ns=182599034713069][T0x74909972a740][WARN] prepare_execution: [device_runner.cpp:343] AICPU CPU_TOPO unavailable; using json_fallback: soc=Ascend950PR_9579 occupy=0x3e stable_reachable=5 requested=0 effective=5 affinity=[1, 2, 3, 4, 5(orch)]
[mono_ns=182599040372653][T0x74909972a740][TIMING] emit_host_span: [STRACE] v=1 pid=473521 tid=473521 inv=69 hid=fce75cc27705b57e depth=1 name=chip.run.runner_run ts=182599034788152 dur=5582148
[mono_ns=182599040751412][T0x74909972a740][TIMING] emit_host_span: [STRACE] v=1 pid=473521 tid=473521 inv=69 hid=fce75cc27705b57e depth=1 name=chip.run.validate ts=182599040377471 dur=372909
[mono_ns=182599040754356][T0x74909972a740][TIMING] emit_host_span: [STRACE] v=1 pid=473521 tid=473521 inv=69 hid=fce75cc27705b57e depth=2 name=chip.run.runner_run.device_wall ts=0 dur=5330175 clk=dev
[mono_ns=182599040756089][T0x74909972a740][TIMING] emit_host_span: [STRACE] v=1 pid=473521 tid=473521 inv=69 hid=fce75cc27705b57e depth=3 name=chip.run.runner_run.device_wall.preamble ts=0 dur=14341 clk=dev
[mono_ns=182599040757401][T0x74909972a740][TIMING] emit_host_span: [STRACE] v=1 pid=473521 tid=473521 inv=69 hid=fce75cc27705b57e depth=3 name=chip.run.runner_run.device_wall.graph_build ts=3542 dur=5321679 clk=dev
[mono_ns=182599040758443][T0x74909972a740][TIMING] emit_host_span: [STRACE] v=1 pid=473521 tid=473521 inv=69 hid=fce75cc27705b57e depth=3 name=chip.run.runner_run.device_wall.config_validate ts=4155 dur=1747 clk=dev
[mono_ns=182599040759434][T0x74909972a740][TIMING] emit_host_span: [STRACE] v=1 pid=473521 tid=473521 inv=69 hid=fce75cc27705b57e depth=3 name=chip.run.runner_run.device_wall.arena_wire ts=5952 dur=3780 clk=dev
[mono_ns=182599040760425][T0x74909972a740][TIMING] emit_host_span: [STRACE] v=1 pid=473521 tid=473521 inv=69 hid=fce75cc27705b57e depth=3 name=chip.run.runner_run.device_wall.sm_reset ts=9798 dur=5976 clk=dev
[mono_ns=182599040761437][T0x74909972a740][TIMING] emit_host_span: [STRACE] v=1 pid=473521 tid=473521 inv=69 hid=fce75cc27705b57e depth=3 name=chip.run.runner_run.device_wall.post_orch ts=5325240 dur=4523 clk=dev
[mono_ns=182599040762599][T0x74909972a740][TIMING] emit_host_span: [STRACE] v=1 pid=473521 tid=473521 inv=69 hid=fce75cc27705b57e depth=3 name=chip.run.runner_run.device_wall.orch ts=16023 dur=4041776 clk=dev
[mono_ns=182599040763580][T0x74909972a740][TIMING] emit_host_span: [STRACE] v=1 pid=473521 tid=473521 inv=69 hid=fce75cc27705b57e depth=3 name=chip.run.runner_run.device_wall.sched ts=16507 dur=5295049 clk=dev
[mono_ns=182599040764912][T0x74909972a740][TIMING] emit_host_span: [STRACE] v=1 pid=473521 tid=473521 inv=69 hid=fce75cc27705b57e depth=1 name=chip.run.claim_release ts=182599040764201 dur=110
[mono_ns=182599040766605][T0x74909972a740][TIMING] emit_host_span: [STRACE] v=1 pid=473521 tid=473521 inv=69 hid=fce75cc27705b57e depth=0 name=chip.run ts=182598893186799 dur=147579055 run_id=0 dispatch_id=0 slot_id=0 generation=69 run_epoch=69
[mono_ns=182599163381951][T0x74909972a740][TIMING] emit_host_span: [STRACE] v=1 pid=473521 tid=473521 inv=70 hid=fce75cc27705b57e depth=2 name=chip.run.bind.args ts=182599041162459 dur=122213843
[mono_ns=182599163401069][T0x74909972a740][TIMING] emit_host_span: [STRACE] v=1 pid=473521 tid=473521 inv=70 hid=fce75cc27705b57e depth=2 name=chip.run.bind.prebuilt ts=182599163397223 dur=2985
[mono_ns=182599163403273][T0x74909972a740][TIMING] emit_host_span: [STRACE] v=1 pid=473521 tid=473521 inv=70 hid=fce75cc27705b57e depth=1 name=chip.run.bind ts=182599041156400 dur=122245681
[mono_ns=182599168680693][T0x74909972a740][WARN] prepare_execution: [device_runner.cpp:343] AICPU CPU_TOPO unavailable; using json_fallback: soc=Ascend950PR_9579 occupy=0x3e stable_reachable=5 requested=0 effective=5 affinity=[1, 2, 3, 4, 5(orch)]
[mono_ns=182599174427920][T0x74909972a740][TIMING] emit_host_span: [STRACE] v=1 pid=473521 tid=473521 inv=70 hid=fce75cc27705b57e depth=1 name=chip.run.runner_run ts=182599168747854 dur=5678143
[mono_ns=182599174729462][T0x74909972a740][TIMING] emit_host_span: [STRACE] v=1 pid=473521 tid=473521 inv=70 hid=fce75cc27705b57e depth=1 name=chip.run.validate ts=182599174431495 dur=297066
[mono_ns=182599174731445][T0x74909972a740][TIMING] emit_host_span: [STRACE] v=1 pid=473521 tid=473521 inv=70 hid=fce75cc27705b57e depth=2 name=chip.run.runner_run.device_wall ts=0 dur=5454680 clk=dev
[mono_ns=182599174733028][T0x74909972a740][TIMING] emit_host_span: [STRACE] v=1 pid=473521 tid=473521 inv=70 hid=fce75cc27705b57e depth=3 name=chip.run.runner_run.device_wall.preamble ts=0 dur=15193 clk=dev
[mono_ns=182599174734340][T0x74909972a740][TIMING] emit_host_span: [STRACE] v=1 pid=473521 tid=473521 inv=70 hid=fce75cc27705b57e depth=3 name=chip.run.runner_run.device_wall.graph_build ts=4058 dur=5445307 clk=dev
[mono_ns=182599174735331][T0x74909972a740][TIMING] emit_host_span: [STRACE] v=1 pid=473521 tid=473521 inv=70 hid=fce75cc27705b57e depth=3 name=chip.run.runner_run.device_wall.config_validate ts=4628 dur=1793 clk=dev
[mono_ns=182599174736302][T0x74909972a740][TIMING] emit_host_span: [STRACE] v=1 pid=473521 tid=473521 inv=70 hid=fce75cc27705b57e depth=3 name=chip.run.runner_run.device_wall.arena_wire ts=6431 dur=3740 clk=dev
[mono_ns=182599174737284][T0x74909972a740][TIMING] emit_host_span: [STRACE] v=1 pid=473521 tid=473521 inv=70 hid=fce75cc27705b57e depth=3 name=chip.run.runner_run.device_wall.sm_reset ts=10233 dur=6277 clk=dev
[mono_ns=182599174738245][T0x74909972a740][TIMING] emit_host_span: [STRACE] v=1 pid=473521 tid=473521 inv=70 hid=fce75cc27705b57e depth=3 name=chip.run.runner_run.device_wall.post_orch ts=5449427 dur=4529 clk=dev
[mono_ns=182599174739247][T0x74909972a740][TIMING] emit_host_span: [STRACE] v=1 pid=473521 tid=473521 inv=70 hid=fce75cc27705b57e depth=3 name=chip.run.runner_run.device_wall.orch ts=16765 dur=4077509 clk=dev
[mono_ns=182599174740208][T0x74909972a740][TIMING] emit_host_span: [STRACE] v=1 pid=473521 tid=473521 inv=70 hid=fce75cc27705b57e depth=3 name=chip.run.runner_run.device_wall.sched ts=17369 dur=5418809 clk=dev
[mono_ns=182599174741490][T0x74909972a740][TIMING] emit_host_span: [STRACE] v=1 pid=473521 tid=473521 inv=70 hid=fce75cc27705b57e depth=1 name=chip.run.claim_release ts=182599174740799 dur=110
[mono_ns=182599174742993][T0x74909972a740][TIMING] emit_host_span: [STRACE] v=1 pid=473521 tid=473521 inv=70 hid=fce75cc27705b57e depth=0 name=chip.run ts=182599041151222 dur=133591140 run_id=0 dispatch_id=0 slot_id=0 generation=70 run_epoch=70
[mono_ns=182599291262839][T0x74909972a740][TIMING] emit_host_span: [STRACE] v=1 pid=473521 tid=473521 inv=71 hid=fce75cc27705b57e depth=2 name=chip.run.bind.args ts=182599175102332 dur=116151244
[mono_ns=182599291286174][T0x74909972a740][TIMING] emit_host_span: [STRACE] v=1 pid=473521 tid=473521 inv=71 hid=fce75cc27705b57e depth=2 name=chip.run.bind.prebuilt ts=182599291282479 dur=2814
[mono_ns=182599291288818][T0x74909972a740][TIMING] emit_host_span: [STRACE] v=1 pid=473521 tid=473521 inv=71 hid=fce75cc27705b57e depth=1 name=chip.run.bind ts=182599175097404 dur=116190072
[mono_ns=182599296493751][T0x74909972a740][WARN] prepare_execution: [device_runner.cpp:343] AICPU CPU_TOPO unavailable; using json_fallback: soc=Ascend950PR_9579 occupy=0x3e stable_reachable=5 requested=0 effective=5 affinity=[1, 2, 3, 4, 5(orch)]
[mono_ns=182599302368108][T0x74909972a740][TIMING] emit_host_span: [STRACE] v=1 pid=473521 tid=473521 inv=71 hid=fce75cc27705b57e depth=1 name=chip.run.runner_run ts=182599296554061 dur=5811983
[mono_ns=182599302650702][T0x74909972a740][TIMING] emit_host_span: [STRACE] v=1 pid=473521 tid=473521 inv=71 hid=fce75cc27705b57e depth=1 name=chip.run.validate ts=182599302372634 dur=277106
[mono_ns=182599302659805][T0x74909972a740][TIMING] emit_host_span: [STRACE] v=1 pid=473521 tid=473521 inv=71 hid=fce75cc27705b57e depth=2 name=chip.run.runner_run.device_wall ts=0 dur=5584931 clk=dev
[mono_ns=182599302661278][T0x74909972a740][TIMING] emit_host_span: [STRACE] v=1 pid=473521 tid=473521 inv=71 hid=fce75cc27705b57e depth=3 name=chip.run.runner_run.device_wall.preamble ts=0 dur=14671 clk=dev
[mono_ns=182599302662409][T0x74909972a740][TIMING] emit_host_span: [STRACE] v=1 pid=473521 tid=473521 inv=71 hid=fce75cc27705b57e depth=3 name=chip.run.runner_run.device_wall.graph_build ts=3569 dur=5576496 clk=dev
[mono_ns=182599302663411][T0x74909972a740][TIMING] emit_host_span: [STRACE] v=1 pid=473521 tid=473521 inv=71 hid=fce75cc27705b57e depth=3 name=chip.run.runner_run.device_wall.config_validate ts=4283 dur=1585 clk=dev
[mono_ns=182599302664382][T0x74909972a740][TIMING] emit_host_span: [STRACE] v=1 pid=473521 tid=473521 inv=71 hid=fce75cc27705b57e depth=3 name=chip.run.runner_run.device_wall.arena_wire ts=5893 dur=3094 clk=dev
[mono_ns=182599302665354][T0x74909972a740][TIMING] emit_host_span: [STRACE] v=1 pid=473521 tid=473521 inv=71 hid=fce75cc27705b57e depth=3 name=chip.run.runner_run.device_wall.sm_reset ts=9293 dur=6729 clk=dev
[mono_ns=182599302666375][T0x74909972a740][TIMING] emit_host_span: [STRACE] v=1 pid=473521 tid=473521 inv=71 hid=fce75cc27705b57e depth=3 name=chip.run.runner_run.device_wall.post_orch ts=5580083 dur=4171 clk=dev
[mono_ns=182599302667387][T0x74909972a740][TIMING] emit_host_span: [STRACE] v=1 pid=473521 tid=473521 inv=71 hid=fce75cc27705b57e depth=3 name=chip.run.runner_run.device_wall.orch ts=16181 dur=4046325 clk=dev
[mono_ns=182599302668358][T0x74909972a740][TIMING] emit_host_span: [STRACE] v=1 pid=473521 tid=473521 inv=71 hid=fce75cc27705b57e depth=3 name=chip.run.runner_run.device_wall.sched ts=16758 dur=5547599 clk=dev
[mono_ns=182599302669700][T0x74909972a740][TIMING] emit_host_span: [STRACE] v=1 pid=473521 tid=473521 inv=71 hid=fce75cc27705b57e depth=1 name=chip.run.claim_release ts=182599302668979 dur=120
[mono_ns=182599302671343][T0x74909972a740][TIMING] emit_host_span: [STRACE] v=1 pid=473521 tid=473521 inv=71 hid=fce75cc27705b57e depth=0 name=chip.run ts=182599175092818 dur=127577854 run_id=0 dispatch_id=0 slot_id=0 generation=71 run_epoch=71
[mono_ns=182599422495820][T0x74909972a740][TIMING] emit_host_span: [STRACE] v=1 pid=473521 tid=473521 inv=72 hid=fce75cc27705b57e depth=2 name=chip.run.bind.args ts=182599302996701 dur=119489454
[mono_ns=182599422521418][T0x74909972a740][TIMING] emit_host_span: [STRACE] v=1 pid=473521 tid=473521 inv=72 hid=fce75cc27705b57e depth=2 name=chip.run.bind.prebuilt ts=182599422517412 dur=3055
[mono_ns=182599422524002][T0x74909972a740][TIMING] emit_host_span: [STRACE] v=1 pid=473521 tid=473521 inv=72 hid=fce75cc27705b57e depth=1 name=chip.run.bind ts=182599302991814 dur=119530926
[mono_ns=182599427877928][T0x74909972a740][WARN] prepare_execution: [device_runner.cpp:343] AICPU CPU_TOPO unavailable; using json_fallback: soc=Ascend950PR_9579 occupy=0x3e stable_reachable=5 requested=0 effective=5 affinity=[1, 2, 3, 4, 5(orch)]
[mono_ns=182599433554147][T0x74909972a740][TIMING] emit_host_span: [STRACE] v=1 pid=473521 tid=473521 inv=72 hid=fce75cc27705b57e depth=1 name=chip.run.runner_run ts=182599427940301 dur=5611953
[mono_ns=182599433829661][T0x74909972a740][TIMING] emit_host_span: [STRACE] v=1 pid=473521 tid=473521 inv=72 hid=fce75cc27705b57e depth=1 name=chip.run.validate ts=182599433559014 dur=269665
[mono_ns=182599433831824][T0x74909972a740][TIMING] emit_host_span: [STRACE] v=1 pid=473521 tid=473521 inv=72 hid=fce75cc27705b57e depth=2 name=chip.run.runner_run.device_wall ts=0 dur=5384705 clk=dev
[mono_ns=182599433833486][T0x74909972a740][TIMING] emit_host_span: [STRACE] v=1 pid=473521 tid=473521 inv=72 hid=fce75cc27705b57e depth=3 name=chip.run.runner_run.device_wall.preamble ts=0 dur=15743 clk=dev
[mono_ns=182599433834628][T0x74909972a740][TIMING] emit_host_span: [STRACE] v=1 pid=473521 tid=473521 inv=72 hid=fce75cc27705b57e depth=3 name=chip.run.runner_run.device_wall.graph_build ts=4692 dur=5375172 clk=dev
[mono_ns=182599433843201][T0x74909972a740][TIMING] emit_host_span: [STRACE] v=1 pid=473521 tid=473521 inv=72 hid=fce75cc27705b57e depth=3 name=chip.run.runner_run.device_wall.config_validate ts=5289 dur=1804 clk=dev
[mono_ns=182599433844243][T0x74909972a740][TIMING] emit_host_span: [STRACE] v=1 pid=473521 tid=473521 inv=72 hid=fce75cc27705b57e depth=3 name=chip.run.runner_run.device_wall.arena_wire ts=7107 dur=4046 clk=dev
[mono_ns=182599433845294][T0x74909972a740][TIMING] emit_host_span: [STRACE] v=1 pid=473521 tid=473521 inv=72 hid=fce75cc27705b57e depth=3 name=chip.run.runner_run.device_wall.sm_reset ts=11173 dur=5908 clk=dev
[mono_ns=182599433846416][T0x74909972a740][TIMING] emit_host_span: [STRACE] v=1 pid=473521 tid=473521 inv=72 hid=fce75cc27705b57e depth=3 name=chip.run.runner_run.device_wall.post_orch ts=5379881 dur=4221 clk=dev
[mono_ns=182599433847417][T0x74909972a740][TIMING] emit_host_span: [STRACE] v=1 pid=473521 tid=473521 inv=72 hid=fce75cc27705b57e depth=3 name=chip.run.runner_run.device_wall.orch ts=17328 dur=4096327 clk=dev
[mono_ns=182599433848389][T0x74909972a740][TIMING] emit_host_span: [STRACE] v=1 pid=473521 tid=473521 inv=72 hid=fce75cc27705b57e depth=3 name=chip.run.runner_run.device_wall.sched ts=17850 dur=5345634 clk=dev
[mono_ns=182599433849901][T0x74909972a740][TIMING] emit_host_span: [STRACE] v=1 pid=473521 tid=473521 inv=72 hid=fce75cc27705b57e depth=1 name=chip.run.claim_release ts=182599433848970 dur=300
[mono_ns=182599433851423][T0x74909972a740][TIMING] emit_host_span: [STRACE] v=1 pid=473521 tid=473521 inv=72 hid=fce75cc27705b57e depth=0 name=chip.run ts=182599302986115 dur=130864607 run_id=0 dispatch_id=0 slot_id=0 generation=72 run_epoch=72
[mono_ns=182599551733114][T0x74909972a740][TIMING] emit_host_span: [STRACE] v=1 pid=473521 tid=473521 inv=73 hid=fce75cc27705b57e depth=2 name=chip.run.bind.args ts=182599434170843 dur=117550834
[mono_ns=182599551760886][T0x74909972a740][TIMING] emit_host_span: [STRACE] v=1 pid=473521 tid=473521 inv=73 hid=fce75cc27705b57e depth=2 name=chip.run.bind.prebuilt ts=182599551757050 dur=2965
[mono_ns=182599551763620][T0x74909972a740][TIMING] emit_host_span: [STRACE] v=1 pid=473521 tid=473521 inv=73 hid=fce75cc27705b57e depth=1 name=chip.run.bind ts=182599434166166 dur=117595982
[mono_ns=182599557035152][T0x74909972a740][WARN] prepare_execution: [device_runner.cpp:343] AICPU CPU_TOPO unavailable; using json_fallback: soc=Ascend950PR_9579 occupy=0x3e stable_reachable=5 requested=0 effective=5 affinity=[1, 2, 3, 4, 5(orch)]
[mono_ns=182599562844792][T0x74909972a740][TIMING] emit_host_span: [STRACE] v=1 pid=473521 tid=473521 inv=73 hid=fce75cc27705b57e depth=1 name=chip.run.runner_run ts=182599557100440 dur=5742740
[mono_ns=182599563137612][T0x74909972a740][TIMING] emit_host_span: [STRACE] v=1 pid=473521 tid=473521 inv=73 hid=fce75cc27705b57e depth=1 name=chip.run.validate ts=182599562849649 dur=287031
[mono_ns=182599563140666][T0x74909972a740][TIMING] emit_host_span: [STRACE] v=1 pid=473521 tid=473521 inv=73 hid=fce75cc27705b57e depth=2 name=chip.run.runner_run.device_wall ts=0 dur=5514604 clk=dev
[mono_ns=182599563142459][T0x74909972a740][TIMING] emit_host_span: [STRACE] v=1 pid=473521 tid=473521 inv=73 hid=fce75cc27705b57e depth=3 name=chip.run.runner_run.device_wall.preamble ts=0 dur=15472 clk=dev
[mono_ns=182599563143611][T0x74909972a740][TIMING] emit_host_span: [STRACE] v=1 pid=473521 tid=473521 inv=73 hid=fce75cc27705b57e depth=3 name=chip.run.runner_run.device_wall.graph_build ts=3994 dur=5505778 clk=dev
[mono_ns=182599563144622][T0x74909972a740][TIMING] emit_host_span: [STRACE] v=1 pid=473521 tid=473521 inv=73 hid=fce75cc27705b57e depth=3 name=chip.run.runner_run.device_wall.config_validate ts=4726 dur=1507 clk=dev
[mono_ns=182599563145594][T0x74909972a740][TIMING] emit_host_span: [STRACE] v=1 pid=473521 tid=473521 inv=73 hid=fce75cc27705b57e depth=3 name=chip.run.runner_run.device_wall.arena_wire ts=6250 dur=3239 clk=dev
[mono_ns=182599563146565][T0x74909972a740][TIMING] emit_host_span: [STRACE] v=1 pid=473521 tid=473521 inv=73 hid=fce75cc27705b57e depth=3 name=chip.run.runner_run.device_wall.sm_reset ts=9552 dur=5793 clk=dev
[mono_ns=182599563155929][T0x74909972a740][TIMING] emit_host_span: [STRACE] v=1 pid=473521 tid=473521 inv=73 hid=fce75cc27705b57e depth=3 name=chip.run.runner_run.device_wall.post_orch ts=5509797 dur=4011 clk=dev
[mono_ns=182599563157131][T0x74909972a740][TIMING] emit_host_span: [STRACE] v=1 pid=473521 tid=473521 inv=73 hid=fce75cc27705b57e depth=3 name=chip.run.runner_run.device_wall.orch ts=15594 dur=4114595 clk=dev
[mono_ns=182599563158112][T0x74909972a740][TIMING] emit_host_span: [STRACE] v=1 pid=473521 tid=473521 inv=73 hid=fce75cc27705b57e depth=3 name=chip.run.runner_run.device_wall.sched ts=16242 dur=5477025 clk=dev
[mono_ns=182599563159584][T0x74909972a740][TIMING] emit_host_span: [STRACE] v=1 pid=473521 tid=473521 inv=73 hid=fce75cc27705b57e depth=1 name=chip.run.claim_release ts=182599563158693 dur=291
[mono_ns=182599563161167][T0x74909972a740][TIMING] emit_host_span: [STRACE] v=1 pid=473521 tid=473521 inv=73 hid=fce75cc27705b57e depth=0 name=chip.run ts=182599434160948 dur=128999558 run_id=0 dispatch_id=0 slot_id=0 generation=73 run_epoch=73
[mono_ns=182599676759028][T0x74909972a740][TIMING] emit_host_span: [STRACE] v=1 pid=473521 tid=473521 inv=74 hid=fce75cc27705b57e depth=2 name=chip.run.bind.args ts=182599563523971 dur=113224712
[mono_ns=182599676784847][T0x74909972a740][TIMING] emit_host_span: [STRACE] v=1 pid=473521 tid=473521 inv=74 hid=fce75cc27705b57e depth=2 name=chip.run.bind.prebuilt ts=182599676781302 dur=2533
[mono_ns=182599676787551][T0x74909972a740][TIMING] emit_host_span: [STRACE] v=1 pid=473521 tid=473521 inv=74 hid=fce75cc27705b57e depth=1 name=chip.run.bind ts=182599563518984 dur=113267345
[mono_ns=182599682127596][T0x74909972a740][WARN] prepare_execution: [device_runner.cpp:343] AICPU CPU_TOPO unavailable; using json_fallback: soc=Ascend950PR_9579 occupy=0x3e stable_reachable=5 requested=0 effective=5 affinity=[1, 2, 3, 4, 5(orch)]
[mono_ns=182599687882043][T0x74909972a740][TIMING] emit_host_span: [STRACE] v=1 pid=473521 tid=473521 inv=74 hid=fce75cc27705b57e depth=1 name=chip.run.runner_run ts=182599682191061 dur=5689189
[mono_ns=182599688161612][T0x74909972a740][TIMING] emit_host_span: [STRACE] v=1 pid=473521 tid=473521 inv=74 hid=fce75cc27705b57e depth=1 name=chip.run.validate ts=182599687887842 dur=272819
[mono_ns=182599688164377][T0x74909972a740][TIMING] emit_host_span: [STRACE] v=1 pid=473521 tid=473521 inv=74 hid=fce75cc27705b57e depth=2 name=chip.run.runner_run.device_wall ts=0 dur=5463774 clk=dev
[mono_ns=182599688166159][T0x74909972a740][TIMING] emit_host_span: [STRACE] v=1 pid=473521 tid=473521 inv=74 hid=fce75cc27705b57e depth=3 name=chip.run.runner_run.device_wall.preamble ts=0 dur=14946 clk=dev
[mono_ns=182599688167611][T0x74909972a740][TIMING] emit_host_span: [STRACE] v=1 pid=473521 tid=473521 inv=74 hid=fce75cc27705b57e depth=3 name=chip.run.runner_run.device_wall.graph_build ts=3941 dur=5455034 clk=dev
[mono_ns=182599688168613][T0x74909972a740][TIMING] emit_host_span: [STRACE] v=1 pid=473521 tid=473521 inv=74 hid=fce75cc27705b57e depth=3 name=chip.run.runner_run.device_wall.config_validate ts=4582 dur=1468 clk=dev
[mono_ns=182599688169604][T0x74909972a740][TIMING] emit_host_span: [STRACE] v=1 pid=473521 tid=473521 inv=74 hid=fce75cc27705b57e depth=3 name=chip.run.runner_run.device_wall.arena_wire ts=6100 dur=3540 clk=dev
[mono_ns=182599688170626][T0x74909972a740][TIMING] emit_host_span: [STRACE] v=1 pid=473521 tid=473521 inv=74 hid=fce75cc27705b57e depth=3 name=chip.run.runner_run.device_wall.sm_reset ts=9710 dur=6132 clk=dev
[mono_ns=182599688171648][T0x74909972a740][TIMING] emit_host_span: [STRACE] v=1 pid=473521 tid=473521 inv=74 hid=fce75cc27705b57e depth=3 name=chip.run.runner_run.device_wall.post_orch ts=5458992 dur=4254 clk=dev
[mono_ns=182599688172649][T0x74909972a740][TIMING] emit_host_span: [STRACE] v=1 pid=473521 tid=473521 inv=74 hid=fce75cc27705b57e depth=3 name=chip.run.runner_run.device_wall.orch ts=15892 dur=4124580 clk=dev
[mono_ns=182599688183906][T0x74909972a740][TIMING] emit_host_span: [STRACE] v=1 pid=473521 tid=473521 inv=74 hid=fce75cc27705b57e depth=3 name=chip.run.runner_run.device_wall.sched ts=16739 dur=5425929 clk=dev
[mono_ns=182599688185448][T0x74909972a740][TIMING] emit_host_span: [STRACE] v=1 pid=473521 tid=473521 inv=74 hid=fce75cc27705b57e depth=1 name=chip.run.claim_release ts=182599688184527 dur=320
[mono_ns=182599688187101][T0x74909972a740][TIMING] emit_host_span: [STRACE] v=1 pid=473521 tid=473521 inv=74 hid=fce75cc27705b57e depth=0 name=chip.run ts=182599563512885 dur=124673545 run_id=0 dispatch_id=0 slot_id=0 generation=74 run_epoch=74
[mono_ns=182599817600530][T0x74909972a740][TIMING] emit_host_span: [STRACE] v=1 pid=473521 tid=473521 inv=75 hid=fce75cc27705b57e depth=2 name=chip.run.bind.args ts=182599688510506 dur=129074290
[mono_ns=182599817640009][T0x74909972a740][TIMING] emit_host_span: [STRACE] v=1 pid=473521 tid=473521 inv=75 hid=fce75cc27705b57e depth=2 name=chip.run.bind.prebuilt ts=182599817635222 dur=3605
[mono_ns=182599817643825][T0x74909972a740][TIMING] emit_host_span: [STRACE] v=1 pid=473521 tid=473521 inv=75 hid=fce75cc27705b57e depth=1 name=chip.run.bind ts=182599688505308 dur=129136814
[mono_ns=182599822927415][T0x74909972a740][WARN] prepare_execution: [device_runner.cpp:343] AICPU CPU_TOPO unavailable; using json_fallback: soc=Ascend950PR_9579 occupy=0x3e stable_reachable=5 requested=0 effective=5 affinity=[1, 2, 3, 4, 5(orch)]
[mono_ns=182599828954391][T0x74909972a740][TIMING] emit_host_span: [STRACE] v=1 pid=473521 tid=473521 inv=75 hid=fce75cc27705b57e depth=1 name=chip.run.runner_run ts=182599822992733 dur=5959705
[mono_ns=182599829248352][T0x74909972a740][TIMING] emit_host_span: [STRACE] v=1 pid=473521 tid=473521 inv=75 hid=fce75cc27705b57e depth=1 name=chip.run.validate ts=182599828958948 dur=288323
[mono_ns=182599829250946][T0x74909972a740][TIMING] emit_host_span: [STRACE] v=1 pid=473521 tid=473521 inv=75 hid=fce75cc27705b57e depth=2 name=chip.run.runner_run.device_wall ts=0 dur=5705353 clk=dev
[mono_ns=182599829252769][T0x74909972a740][TIMING] emit_host_span: [STRACE] v=1 pid=473521 tid=473521 inv=75 hid=fce75cc27705b57e depth=3 name=chip.run.runner_run.device_wall.preamble ts=0 dur=15352 clk=dev
[mono_ns=182599829254211][T0x74909972a740][TIMING] emit_host_span: [STRACE] v=1 pid=473521 tid=473521 inv=75 hid=fce75cc27705b57e depth=3 name=chip.run.runner_run.device_wall.graph_build ts=3929 dur=5696169 clk=dev
[mono_ns=182599829255243][T0x74909972a740][TIMING] emit_host_span: [STRACE] v=1 pid=473521 tid=473521 inv=75 hid=fce75cc27705b57e depth=3 name=chip.run.runner_run.device_wall.config_validate ts=4561 dur=1723 clk=dev
[mono_ns=182599829256214][T0x74909972a740][TIMING] emit_host_span: [STRACE] v=1 pid=473521 tid=473521 inv=75 hid=fce75cc27705b57e depth=3 name=chip.run.runner_run.device_wall.arena_wire ts=6303 dur=3406 clk=dev
[mono_ns=182599829257196][T0x74909972a740][TIMING] emit_host_span: [STRACE] v=1 pid=473521 tid=473521 inv=75 hid=fce75cc27705b57e depth=3 name=chip.run.runner_run.device_wall.sm_reset ts=9728 dur=6255 clk=dev
[mono_ns=182599829258187][T0x74909972a740][TIMING] emit_host_span: [STRACE] v=1 pid=473521 tid=473521 inv=75 hid=fce75cc27705b57e depth=3 name=chip.run.runner_run.device_wall.post_orch ts=5700128 dur=4638 clk=dev
[mono_ns=182599829259179][T0x74909972a740][TIMING] emit_host_span: [STRACE] v=1 pid=473521 tid=473521 inv=75 hid=fce75cc27705b57e depth=3 name=chip.run.runner_run.device_wall.orch ts=16222 dur=4077654 clk=dev
[mono_ns=182599829260150][T0x74909972a740][TIMING] emit_host_span: [STRACE] v=1 pid=473521 tid=473521 inv=75 hid=fce75cc27705b57e depth=3 name=chip.run.runner_run.device_wall.sched ts=16906 dur=5667485 clk=dev
[mono_ns=182599829261472][T0x74909972a740][TIMING] emit_host_span: [STRACE] v=1 pid=473521 tid=473521 inv=75 hid=fce75cc27705b57e depth=1 name=chip.run.claim_release ts=182599829260741 dur=130
[mono_ns=182599829263195][T0x74909972a740][TIMING] emit_host_span: [STRACE] v=1 pid=473521 tid=473521 inv=75 hid=fce75cc27705b57e depth=0 name=chip.run ts=182599688499660 dur=140762793 run_id=0 dispatch_id=0 slot_id=0 generation=75 run_epoch=75
[mono_ns=182599950841434][T0x74909972a740][TIMING] emit_host_span: [STRACE] v=1 pid=473521 tid=473521 inv=76 hid=fce75cc27705b57e depth=2 name=chip.run.bind.args ts=182599829663726 dur=121169395
[mono_ns=182599950869946][T0x74909972a740][TIMING] emit_host_span: [STRACE] v=1 pid=473521 tid=473521 inv=76 hid=fce75cc27705b57e depth=2 name=chip.run.bind.prebuilt ts=182599950866211 dur=2844
[mono_ns=182599950872671][T0x74909972a740][TIMING] emit_host_span: [STRACE] v=1 pid=473521 tid=473521 inv=76 hid=fce75cc27705b57e depth=1 name=chip.run.bind ts=182599829658167 dur=121213121
[mono_ns=182599956103011][T0x74909972a740][WARN] prepare_execution: [device_runner.cpp:343] AICPU CPU_TOPO unavailable; using json_fallback: soc=Ascend950PR_9579 occupy=0x3e stable_reachable=5 requested=0 effective=5 affinity=[1, 2, 3, 4, 5(orch)]
[mono_ns=182599961971269][T0x74909972a740][TIMING] emit_host_span: [STRACE] v=1 pid=473521 tid=473521 inv=76 hid=fce75cc27705b57e depth=1 name=chip.run.runner_run ts=182599956171794 dur=5797602
[mono_ns=182599962266261][T0x74909972a740][TIMING] emit_host_span: [STRACE] v=1 pid=473521 tid=473521 inv=76 hid=fce75cc27705b57e depth=1 name=chip.run.validate ts=182599961975355 dur=289985
[mono_ns=182599962269016][T0x74909972a740][TIMING] emit_host_span: [STRACE] v=1 pid=473521 tid=473521 inv=76 hid=fce75cc27705b57e depth=2 name=chip.run.runner_run.device_wall ts=0 dur=5582234 clk=dev
[mono_ns=182599962270738][T0x74909972a740][TIMING] emit_host_span: [STRACE] v=1 pid=473521 tid=473521 inv=76 hid=fce75cc27705b57e depth=3 name=chip.run.runner_run.device_wall.preamble ts=0 dur=14757 clk=dev
[mono_ns=182599962271840][T0x74909972a740][TIMING] emit_host_span: [STRACE] v=1 pid=473521 tid=473521 inv=76 hid=fce75cc27705b57e depth=3 name=chip.run.runner_run.device_wall.graph_build ts=3651 dur=5573184 clk=dev
[mono_ns=182599962272861][T0x74909972a740][TIMING] emit_host_span: [STRACE] v=1 pid=473521 tid=473521 inv=76 hid=fce75cc27705b57e depth=3 name=chip.run.runner_run.device_wall.config_validate ts=4423 dur=1797 clk=dev
[mono_ns=182599962273853][T0x74909972a740][TIMING] emit_host_span: [STRACE] v=1 pid=473521 tid=473521 inv=76 hid=fce75cc27705b57e depth=3 name=chip.run.runner_run.device_wall.arena_wire ts=6237 dur=3786 clk=dev
[mono_ns=182599962274834][T0x74909972a740][TIMING] emit_host_span: [STRACE] v=1 pid=473521 tid=473521 inv=76 hid=fce75cc27705b57e depth=3 name=chip.run.runner_run.device_wall.sm_reset ts=10037 dur=5864 clk=dev
[mono_ns=182599962275936][T0x74909972a740][TIMING] emit_host_span: [STRACE] v=1 pid=473521 tid=473521 inv=76 hid=fce75cc27705b57e depth=3 name=chip.run.runner_run.device_wall.post_orch ts=5576854 dur=4693 clk=dev
[mono_ns=182599962276907][T0x74909972a740][TIMING] emit_host_span: [STRACE] v=1 pid=473521 tid=473521 inv=76 hid=fce75cc27705b57e depth=3 name=chip.run.runner_run.device_wall.orch ts=16087 dur=4125247 clk=dev
[mono_ns=182599962277889][T0x74909972a740][TIMING] emit_host_span: [STRACE] v=1 pid=473521 tid=473521 inv=76 hid=fce75cc27705b57e depth=3 name=chip.run.runner_run.device_wall.sched ts=16714 dur=5546245 clk=dev
[mono_ns=182599962279171][T0x74909972a740][TIMING] emit_host_span: [STRACE] v=1 pid=473521 tid=473521 inv=76 hid=fce75cc27705b57e depth=1 name=chip.run.claim_release ts=182599962278510 dur=80
[mono_ns=182599962280793][T0x74909972a740][TIMING] emit_host_span: [STRACE] v=1 pid=473521 tid=473521 inv=76 hid=fce75cc27705b57e depth=0 name=chip.run ts=182599829651577 dur=132628545 run_id=0 dispatch_id=0 slot_id=0 generation=76 run_epoch=76
[mono_ns=182600081207473][T0x74909972a740][TIMING] emit_host_span: [STRACE] v=1 pid=473521 tid=473521 inv=77 hid=fce75cc27705b57e depth=2 name=chip.run.bind.args ts=182599962659161 dur=118537986
[mono_ns=182600081234914][T0x74909972a740][TIMING] emit_host_span: [STRACE] v=1 pid=473521 tid=473521 inv=77 hid=fce75cc27705b57e depth=2 name=chip.run.bind.prebuilt ts=182600081231338 dur=2765
[mono_ns=182600081237628][T0x74909972a740][TIMING] emit_host_span: [STRACE] v=1 pid=473521 tid=473521 inv=77 hid=fce75cc27705b57e depth=1 name=chip.run.bind ts=182599962652641 dur=118583655
[mono_ns=182600086480166][T0x74909972a740][WARN] prepare_execution: [device_runner.cpp:343] AICPU CPU_TOPO unavailable; using json_fallback: soc=Ascend950PR_9579 occupy=0x3e stable_reachable=5 requested=0 effective=5 affinity=[1, 2, 3, 4, 5(orch)]
[mono_ns=182600092491509][T0x74909972a740][TIMING] emit_host_span: [STRACE] v=1 pid=473521 tid=473521 inv=77 hid=fce75cc27705b57e depth=1 name=chip.run.runner_run ts=182600086542310 dur=5947617
[mono_ns=182600092773232][T0x74909972a740][TIMING] emit_host_span: [STRACE] v=1 pid=473521 tid=473521 inv=77 hid=fce75cc27705b57e depth=1 name=chip.run.validate ts=182600092495044 dur=277206
[mono_ns=182600092775315][T0x74909972a740][TIMING] emit_host_span: [STRACE] v=1 pid=473521 tid=473521 inv=77 hid=fce75cc27705b57e depth=2 name=chip.run.runner_run.device_wall ts=0 dur=5697959 clk=dev
[mono_ns=182600092776837][T0x74909972a740][TIMING] emit_host_span: [STRACE] v=1 pid=473521 tid=473521 inv=77 hid=fce75cc27705b57e depth=3 name=chip.run.runner_run.device_wall.preamble ts=0 dur=14264 clk=dev
[mono_ns=182600092777969][T0x74909972a740][TIMING] emit_host_span: [STRACE] v=1 pid=473521 tid=473521 inv=77 hid=fce75cc27705b57e depth=3 name=chip.run.runner_run.device_wall.graph_build ts=3531 dur=5689093 clk=dev
[mono_ns=182600092778991][T0x74909972a740][TIMING] emit_host_span: [STRACE] v=1 pid=473521 tid=473521 inv=77 hid=fce75cc27705b57e depth=3 name=chip.run.runner_run.device_wall.config_validate ts=4503 dur=1559 clk=dev
[mono_ns=182600092779962][T0x74909972a740][TIMING] emit_host_span: [STRACE] v=1 pid=473521 tid=473521 inv=77 hid=fce75cc27705b57e depth=3 name=chip.run.runner_run.device_wall.arena_wire ts=6131 dur=3806 clk=dev
[mono_ns=182600092780933][T0x74909972a740][TIMING] emit_host_span: [STRACE] v=1 pid=473521 tid=473521 inv=77 hid=fce75cc27705b57e depth=3 name=chip.run.runner_run.device_wall.sm_reset ts=9959 dur=5502 clk=dev
[mono_ns=182600092782115][T0x74909972a740][TIMING] emit_host_span: [STRACE] v=1 pid=473521 tid=473521 inv=77 hid=fce75cc27705b57e depth=3 name=chip.run.runner_run.device_wall.post_orch ts=5692652 dur=4554 clk=dev
[mono_ns=182600092783117][T0x74909972a740][TIMING] emit_host_span: [STRACE] v=1 pid=473521 tid=473521 inv=77 hid=fce75cc27705b57e depth=3 name=chip.run.runner_run.device_wall.orch ts=15588 dur=4077388 clk=dev
[mono_ns=182600092784078][T0x74909972a740][TIMING] emit_host_span: [STRACE] v=1 pid=473521 tid=473521 inv=77 hid=fce75cc27705b57e depth=3 name=chip.run.runner_run.device_wall.sched ts=16239 dur=5660125 clk=dev
[mono_ns=182600092785450][T0x74909972a740][TIMING] emit_host_span: [STRACE] v=1 pid=473521 tid=473521 inv=77 hid=fce75cc27705b57e depth=1 name=chip.run.claim_release ts=182600092784729 dur=120
[mono_ns=182600092787053][T0x74909972a740][TIMING] emit_host_span: [STRACE] v=1 pid=473521 tid=473521 inv=77 hid=fce75cc27705b57e depth=0 name=chip.run ts=182599962646482 dur=130139930 run_id=0 dispatch_id=0 slot_id=0 generation=77 run_epoch=77
[mono_ns=182600208066117][T0x74909972a740][TIMING] emit_host_span: [STRACE] v=1 pid=473521 tid=473521 inv=78 hid=fce75cc27705b57e depth=2 name=chip.run.bind.args ts=182600093144559 dur=114911643
[mono_ns=182600208092246][T0x74909972a740][TIMING] emit_host_span: [STRACE] v=1 pid=473521 tid=473521 inv=78 hid=fce75cc27705b57e depth=2 name=chip.run.bind.prebuilt ts=182600208088971 dur=2324
[mono_ns=182600208094480][T0x74909972a740][TIMING] emit_host_span: [STRACE] v=1 pid=473521 tid=473521 inv=78 hid=fce75cc27705b57e depth=1 name=chip.run.bind ts=182600093139381 dur=114954037
[mono_ns=182600213301275][T0x74909972a740][WARN] prepare_execution: [device_runner.cpp:343] AICPU CPU_TOPO unavailable; using json_fallback: soc=Ascend950PR_9579 occupy=0x3e stable_reachable=5 requested=0 effective=5 affinity=[1, 2, 3, 4, 5(orch)]
[mono_ns=182600219227590][T0x74909972a740][TIMING] emit_host_span: [STRACE] v=1 pid=473521 tid=473521 inv=78 hid=fce75cc27705b57e depth=1 name=chip.run.runner_run ts=182600213362447 dur=5863711
[mono_ns=182600219533709][T0x74909972a740][TIMING] emit_host_span: [STRACE] v=1 pid=473521 tid=473521 inv=78 hid=fce75cc27705b57e depth=1 name=chip.run.validate ts=182600219239467 dur=293251
[mono_ns=182600219535682][T0x74909972a740][TIMING] emit_host_span: [STRACE] v=1 pid=473521 tid=473521 inv=78 hid=fce75cc27705b57e depth=2 name=chip.run.runner_run.device_wall ts=0 dur=5622326 clk=dev
[mono_ns=182600219537305][T0x74909972a740][TIMING] emit_host_span: [STRACE] v=1 pid=473521 tid=473521 inv=78 hid=fce75cc27705b57e depth=3 name=chip.run.runner_run.device_wall.preamble ts=0 dur=14511 clk=dev
[mono_ns=182600219538647][T0x74909972a740][TIMING] emit_host_span: [STRACE] v=1 pid=473521 tid=473521 inv=78 hid=fce75cc27705b57e depth=3 name=chip.run.runner_run.device_wall.graph_build ts=3766 dur=5613608 clk=dev
[mono_ns=182600219539648][T0x74909972a740][TIMING] emit_host_span: [STRACE] v=1 pid=473521 tid=473521 inv=78 hid=fce75cc27705b57e depth=3 name=chip.run.runner_run.device_wall.config_validate ts=4393 dur=1767 clk=dev
[mono_ns=182600219540609][T0x74909972a740][TIMING] emit_host_span: [STRACE] v=1 pid=473521 tid=473521 inv=78 hid=fce75cc27705b57e depth=3 name=chip.run.runner_run.device_wall.arena_wire ts=6181 dur=3507 clk=dev
[mono_ns=182600219541601][T0x74909972a740][TIMING] emit_host_span: [STRACE] v=1 pid=473521 tid=473521 inv=78 hid=fce75cc27705b57e depth=3 name=chip.run.runner_run.device_wall.sm_reset ts=9755 dur=6511 clk=dev
[mono_ns=182600219542592][T0x74909972a740][TIMING] emit_host_span: [STRACE] v=1 pid=473521 tid=473521 inv=78 hid=fce75cc27705b57e depth=3 name=chip.run.runner_run.device_wall.post_orch ts=5617540 dur=4145 clk=dev
[mono_ns=182600219543584][T0x74909972a740][TIMING] emit_host_span: [STRACE] v=1 pid=473521 tid=473521 inv=78 hid=fce75cc27705b57e depth=3 name=chip.run.runner_run.device_wall.orch ts=16397 dur=4090100 clk=dev
[mono_ns=182600219544555][T0x74909972a740][TIMING] emit_host_span: [STRACE] v=1 pid=473521 tid=473521 inv=78 hid=fce75cc27705b57e depth=3 name=chip.run.runner_run.device_wall.sched ts=16994 dur=5583737 clk=dev
[mono_ns=182600219545837][T0x74909972a740][TIMING] emit_host_span: [STRACE] v=1 pid=473521 tid=473521 inv=78 hid=fce75cc27705b57e depth=1 name=chip.run.claim_release ts=182600219545176 dur=111
[mono_ns=182600219547370][T0x74909972a740][TIMING] emit_host_span: [STRACE] v=1 pid=473521 tid=473521 inv=78 hid=fce75cc27705b57e depth=0 name=chip.run ts=182600093134374 dur=126412355 run_id=0 dispatch_id=0 slot_id=0 generation=78 run_epoch=78
[mono_ns=182600335087436][T0x74909972a740][TIMING] emit_host_span: [STRACE] v=1 pid=473521 tid=473521 inv=79 hid=fce75cc27705b57e depth=2 name=chip.run.bind.args ts=182600219857605 dur=115220707
[mono_ns=182600335117561][T0x74909972a740][TIMING] emit_host_span: [STRACE] v=1 pid=473521 tid=473521 inv=79 hid=fce75cc27705b57e depth=2 name=chip.run.bind.prebuilt ts=182600335113936 dur=2874
[mono_ns=182600335120526][T0x74909972a740][TIMING] emit_host_span: [STRACE] v=1 pid=473521 tid=473521 inv=79 hid=fce75cc27705b57e depth=1 name=chip.run.bind ts=182600219852187 dur=115266736
[mono_ns=182600340331277][T0x74909972a740][WARN] prepare_execution: [device_runner.cpp:343] AICPU CPU_TOPO unavailable; using json_fallback: soc=Ascend950PR_9579 occupy=0x3e stable_reachable=5 requested=0 effective=5 affinity=[1, 2, 3, 4, 5(orch)]
[mono_ns=182600346385804][T0x74909972a740][TIMING] emit_host_span: [STRACE] v=1 pid=473521 tid=473521 inv=79 hid=fce75cc27705b57e depth=1 name=chip.run.runner_run ts=182600340393350 dur=5990531
[mono_ns=182600346664632][T0x74909972a740][TIMING] emit_host_span: [STRACE] v=1 pid=473521 tid=473521 inv=79 hid=fce75cc27705b57e depth=1 name=chip.run.validate ts=182600346389469 dur=273821
[mono_ns=182600346666976][T0x74909972a740][TIMING] emit_host_span: [STRACE] v=1 pid=473521 tid=473521 inv=79 hid=fce75cc27705b57e depth=2 name=chip.run.runner_run.device_wall ts=0 dur=5767757 clk=dev
[mono_ns=182600346668598][T0x74909972a740][TIMING] emit_host_span: [STRACE] v=1 pid=473521 tid=473521 inv=79 hid=fce75cc27705b57e depth=3 name=chip.run.runner_run.device_wall.preamble ts=0 dur=15873 clk=dev
[mono_ns=182600346677241][T0x74909972a740][TIMING] emit_host_span: [STRACE] v=1 pid=473521 tid=473521 inv=79 hid=fce75cc27705b57e depth=3 name=chip.run.runner_run.device_wall.graph_build ts=3624 dur=5758726 clk=dev
[mono_ns=182600346678273][T0x74909972a740][TIMING] emit_host_span: [STRACE] v=1 pid=473521 tid=473521 inv=79 hid=fce75cc27705b57e depth=3 name=chip.run.runner_run.device_wall.config_validate ts=4259 dur=1517 clk=dev
[mono_ns=182600346679254][T0x74909972a740][TIMING] emit_host_span: [STRACE] v=1 pid=473521 tid=473521 inv=79 hid=fce75cc27705b57e depth=3 name=chip.run.runner_run.device_wall.arena_wire ts=5808 dur=3798 clk=dev
[mono_ns=182600346680226][T0x74909972a740][TIMING] emit_host_span: [STRACE] v=1 pid=473521 tid=473521 inv=79 hid=fce75cc27705b57e depth=3 name=chip.run.runner_run.device_wall.sm_reset ts=9626 dur=7068 clk=dev
[mono_ns=182600346681438][T0x74909972a740][TIMING] emit_host_span: [STRACE] v=1 pid=473521 tid=473521 inv=79 hid=fce75cc27705b57e depth=3 name=chip.run.runner_run.device_wall.post_orch ts=5762367 dur=5281 clk=dev
[mono_ns=182600346682429][T0x74909972a740][TIMING] emit_host_span: [STRACE] v=1 pid=473521 tid=473521 inv=79 hid=fce75cc27705b57e depth=3 name=chip.run.runner_run.device_wall.orch ts=16939 dur=4096042 clk=dev
[mono_ns=182600346683401][T0x74909972a740][TIMING] emit_host_span: [STRACE] v=1 pid=473521 tid=473521 inv=79 hid=fce75cc27705b57e depth=3 name=chip.run.runner_run.device_wall.sched ts=17587 dur=5728428 clk=dev
[mono_ns=182600346684672][T0x74909972a740][TIMING] emit_host_span: [STRACE] v=1 pid=473521 tid=473521 inv=79 hid=fce75cc27705b57e depth=1 name=chip.run.claim_release ts=182600346684042 dur=80
[mono_ns=182600346686185][T0x74909972a740][TIMING] emit_host_span: [STRACE] v=1 pid=473521 tid=473521 inv=79 hid=fce75cc27705b57e depth=0 name=chip.run ts=182600219847039 dur=126838505 run_id=0 dispatch_id=0 slot_id=0 generation=79 run_epoch=79
[mono_ns=182600464687095][T0x74909972a740][TIMING] emit_host_span: [STRACE] v=1 pid=473521 tid=473521 inv=80 hid=fce75cc27705b57e depth=2 name=chip.run.bind.args ts=182600346993796 dur=117684245
[mono_ns=182600464718992][T0x74909972a740][TIMING] emit_host_span: [STRACE] v=1 pid=473521 tid=473521 inv=80 hid=fce75cc27705b57e depth=2 name=chip.run.bind.prebuilt ts=182600464714846 dur=3325
[mono_ns=182600464721536][T0x74909972a740][TIMING] emit_host_span: [STRACE] v=1 pid=473521 tid=473521 inv=80 hid=fce75cc27705b57e depth=1 name=chip.run.bind ts=182600346988629 dur=117731605
[mono_ns=182600469839258][T0x74909972a740][WARN] prepare_execution: [device_runner.cpp:343] AICPU CPU_TOPO unavailable; using json_fallback: soc=Ascend950PR_9579 occupy=0x3e stable_reachable=5 requested=0 effective=5 affinity=[1, 2, 3, 4, 5(orch)]
[mono_ns=182600475522508][T0x74909972a740][TIMING] emit_host_span: [STRACE] v=1 pid=473521 tid=473521 inv=80 hid=fce75cc27705b57e depth=1 name=chip.run.runner_run ts=182600469896203 dur=5624141
[mono_ns=182600475782368][T0x74909972a740][TIMING] emit_host_span: [STRACE] v=1 pid=473521 tid=473521 inv=80 hid=fce75cc27705b57e depth=1 name=chip.run.validate ts=182600475528346 dur=253100
[mono_ns=182600475785222][T0x74909972a740][TIMING] emit_host_span: [STRACE] v=1 pid=473521 tid=473521 inv=80 hid=fce75cc27705b57e depth=2 name=chip.run.runner_run.device_wall ts=0 dur=5401302 clk=dev
[mono_ns=182600475787095][T0x74909972a740][TIMING] emit_host_span: [STRACE] v=1 pid=473521 tid=473521 inv=80 hid=fce75cc27705b57e depth=3 name=chip.run.runner_run.device_wall.preamble ts=0 dur=15514 clk=dev
[mono_ns=182600475788397][T0x74909972a740][TIMING] emit_host_span: [STRACE] v=1 pid=473521 tid=473521 inv=80 hid=fce75cc27705b57e depth=3 name=chip.run.runner_run.device_wall.graph_build ts=3679 dur=5392562 clk=dev
[mono_ns=182600475789398][T0x74909972a740][TIMING] emit_host_span: [STRACE] v=1 pid=473521 tid=473521 inv=80 hid=fce75cc27705b57e depth=3 name=chip.run.runner_run.device_wall.config_validate ts=4066 dur=1605 clk=dev
[mono_ns=182600475796689][T0x74909972a740][TIMING] emit_host_span: [STRACE] v=1 pid=473521 tid=473521 inv=80 hid=fce75cc27705b57e depth=3 name=chip.run.runner_run.device_wall.arena_wire ts=5725 dur=3279 clk=dev
[mono_ns=182600475797681][T0x74909972a740][TIMING] emit_host_span: [STRACE] v=1 pid=473521 tid=473521 inv=80 hid=fce75cc27705b57e depth=3 name=chip.run.runner_run.device_wall.sm_reset ts=9021 dur=6599 clk=dev
[mono_ns=182600475798682][T0x74909972a740][TIMING] emit_host_span: [STRACE] v=1 pid=473521 tid=473521 inv=80 hid=fce75cc27705b57e depth=3 name=chip.run.runner_run.device_wall.post_orch ts=5396260 dur=4638 clk=dev
[mono_ns=182600475799654][T0x74909972a740][TIMING] emit_host_span: [STRACE] v=1 pid=473521 tid=473521 inv=80 hid=fce75cc27705b57e depth=3 name=chip.run.runner_run.device_wall.orch ts=15857 dur=4149389 clk=dev
[mono_ns=182600475800625][T0x74909972a740][TIMING] emit_host_span: [STRACE] v=1 pid=473521 tid=473521 inv=80 hid=fce75cc27705b57e depth=3 name=chip.run.runner_run.device_wall.sched ts=16634 dur=5362982 clk=dev
[mono_ns=182600475802137][T0x74909972a740][TIMING] emit_host_span: [STRACE] v=1 pid=473521 tid=473521 inv=80 hid=fce75cc27705b57e depth=1 name=chip.run.claim_release ts=182600475801256 dur=290
[mono_ns=182600475803650][T0x74909972a740][TIMING] emit_host_span: [STRACE] v=1 pid=473521 tid=473521 inv=80 hid=fce75cc27705b57e depth=0 name=chip.run ts=182600346981678 dur=128821331 run_id=0 dispatch_id=0 slot_id=0 generation=80 run_epoch=80
[mono_ns=182600587134238][T0x74909972a740][TIMING] emit_host_span: [STRACE] v=1 pid=473521 tid=473521 inv=81 hid=fce75cc27705b57e depth=2 name=chip.run.bind.args ts=182600476112894 dur=111014764
[mono_ns=182600587160097][T0x74909972a740][TIMING] emit_host_span: [STRACE] v=1 pid=473521 tid=473521 inv=81 hid=fce75cc27705b57e depth=2 name=chip.run.bind.prebuilt ts=182600587156481 dur=2824
[mono_ns=182600587162410][T0x74909972a740][TIMING] emit_host_span: [STRACE] v=1 pid=473521 tid=473521 inv=81 hid=fce75cc27705b57e depth=1 name=chip.run.bind ts=182600476107586 dur=111053442
[mono_ns=182600592346351][T0x74909972a740][WARN] prepare_execution: [device_runner.cpp:343] AICPU CPU_TOPO unavailable; using json_fallback: soc=Ascend950PR_9579 occupy=0x3e stable_reachable=5 requested=0 effective=5 affinity=[1, 2, 3, 4, 5(orch)]
[mono_ns=182600598025214][T0x74909972a740][TIMING] emit_host_span: [STRACE] v=1 pid=473521 tid=473521 inv=81 hid=fce75cc27705b57e depth=1 name=chip.run.runner_run ts=182600592405309 dur=5618563
[mono_ns=182600598286997][T0x74909972a740][TIMING] emit_host_span: [STRACE] v=1 pid=473521 tid=473521 inv=81 hid=fce75cc27705b57e depth=1 name=chip.run.validate ts=182600598029000 dur=257036
[mono_ns=182600598289100][T0x74909972a740][TIMING] emit_host_span: [STRACE] v=1 pid=473521 tid=473521 inv=81 hid=fce75cc27705b57e depth=2 name=chip.run.runner_run.device_wall ts=0 dur=5381154 clk=dev
[mono_ns=182600598290783][T0x74909972a740][TIMING] emit_host_span: [STRACE] v=1 pid=473521 tid=473521 inv=81 hid=fce75cc27705b57e depth=3 name=chip.run.runner_run.device_wall.preamble ts=0 dur=14654 clk=dev
[mono_ns=182600598292145][T0x74909972a740][TIMING] emit_host_span: [STRACE] v=1 pid=473521 tid=473521 inv=81 hid=fce75cc27705b57e depth=3 name=chip.run.runner_run.device_wall.graph_build ts=3185 dur=5372556 clk=dev
[mono_ns=182600598293177][T0x74909972a740][TIMING] emit_host_span: [STRACE] v=1 pid=473521 tid=473521 inv=81 hid=fce75cc27705b57e depth=3 name=chip.run.runner_run.device_wall.config_validate ts=3806 dur=1334 clk=dev
[mono_ns=182600598294168][T0x74909972a740][TIMING] emit_host_span: [STRACE] v=1 pid=473521 tid=473521 inv=81 hid=fce75cc27705b57e depth=3 name=chip.run.runner_run.device_wall.arena_wire ts=5157 dur=3507 clk=dev
[mono_ns=182600598295139][T0x74909972a740][TIMING] emit_host_span: [STRACE] v=1 pid=473521 tid=473521 inv=81 hid=fce75cc27705b57e depth=3 name=chip.run.runner_run.device_wall.sm_reset ts=8686 dur=6905 clk=dev
[mono_ns=182600598296151][T0x74909972a740][TIMING] emit_host_span: [STRACE] v=1 pid=473521 tid=473521 inv=81 hid=fce75cc27705b57e depth=3 name=chip.run.runner_run.device_wall.post_orch ts=5375795 dur=4475 clk=dev
[mono_ns=182600598304283][T0x74909972a740][TIMING] emit_host_span: [STRACE] v=1 pid=473521 tid=473521 inv=81 hid=fce75cc27705b57e depth=3 name=chip.run.runner_run.device_wall.orch ts=15838 dur=4082803 clk=dev
[mono_ns=182600598305305][T0x74909972a740][TIMING] emit_host_span: [STRACE] v=1 pid=473521 tid=473521 inv=81 hid=fce75cc27705b57e depth=3 name=chip.run.runner_run.device_wall.sched ts=16313 dur=5345333 clk=dev
[mono_ns=182600598306747][T0x74909972a740][TIMING] emit_host_span: [STRACE] v=1 pid=473521 tid=473521 inv=81 hid=fce75cc27705b57e depth=1 name=chip.run.claim_release ts=182600598306046 dur=110
[mono_ns=182600598308239][T0x74909972a740][TIMING] emit_host_span: [STRACE] v=1 pid=473521 tid=473521 inv=81 hid=fce75cc27705b57e depth=0 name=chip.run ts=182600476100495 dur=122207133 run_id=0 dispatch_id=0 slot_id=0 generation=81 run_epoch=81
[mono_ns=182600709366358][T0x74909972a740][TIMING] emit_host_span: [STRACE] v=1 pid=473521 tid=473521 inv=82 hid=fce75cc27705b57e depth=2 name=chip.run.bind.args ts=182600598612876 dur=110746762
[mono_ns=182600709388572][T0x74909972a740][TIMING] emit_host_span: [STRACE] v=1 pid=473521 tid=473521 inv=82 hid=fce75cc27705b57e depth=2 name=chip.run.bind.prebuilt ts=182600709385227 dur=2634
[mono_ns=182600709391236][T0x74909972a740][TIMING] emit_host_span: [STRACE] v=1 pid=473521 tid=473521 inv=82 hid=fce75cc27705b57e depth=1 name=chip.run.bind ts=182600598608380 dur=110781504
[mono_ns=182600714530159][T0x74909972a740][WARN] prepare_execution: [device_runner.cpp:343] AICPU CPU_TOPO unavailable; using json_fallback: soc=Ascend950PR_9579 occupy=0x3e stable_reachable=5 requested=0 effective=5 affinity=[1, 2, 3, 4, 5(orch)]
[mono_ns=182600720497315][T0x74909972a740][TIMING] emit_host_span: [STRACE] v=1 pid=473521 tid=473521 inv=82 hid=fce75cc27705b57e depth=1 name=chip.run.runner_run ts=182600714585522 dur=5910511
[mono_ns=182600720741872][T0x74909972a740][TIMING] emit_host_span: [STRACE] v=1 pid=473521 tid=473521 inv=82 hid=fce75cc27705b57e depth=1 name=chip.run.validate ts=182600720500941 dur=240000
[mono_ns=182600720743855][T0x74909972a740][TIMING] emit_host_span: [STRACE] v=1 pid=473521 tid=473521 inv=82 hid=fce75cc27705b57e depth=2 name=chip.run.runner_run.device_wall ts=0 dur=5706942 clk=dev
[mono_ns=182600720745488][T0x74909972a740][TIMING] emit_host_span: [STRACE] v=1 pid=473521 tid=473521 inv=82 hid=fce75cc27705b57e depth=3 name=chip.run.runner_run.device_wall.preamble ts=0 dur=15449 clk=dev
[mono_ns=182600720746920][T0x74909972a740][TIMING] emit_host_span: [STRACE] v=1 pid=473521 tid=473521 inv=82 hid=fce75cc27705b57e depth=3 name=chip.run.runner_run.device_wall.graph_build ts=4419 dur=5697792 clk=dev
[mono_ns=182600720747911][T0x74909972a740][TIMING] emit_host_span: [STRACE] v=1 pid=473521 tid=473521 inv=82 hid=fce75cc27705b57e depth=3 name=chip.run.runner_run.device_wall.config_validate ts=5113 dur=1737 clk=dev
[mono_ns=182600720748873][T0x74909972a740][TIMING] emit_host_span: [STRACE] v=1 pid=473521 tid=473521 inv=82 hid=fce75cc27705b57e depth=3 name=chip.run.runner_run.device_wall.arena_wire ts=6904 dur=3777 clk=dev
[mono_ns=182600720749874][T0x74909972a740][TIMING] emit_host_span: [STRACE] v=1 pid=473521 tid=473521 inv=82 hid=fce75cc27705b57e depth=3 name=chip.run.runner_run.device_wall.sm_reset ts=10703 dur=6498 clk=dev
[mono_ns=182600720750846][T0x74909972a740][TIMING] emit_host_span: [STRACE] v=1 pid=473521 tid=473521 inv=82 hid=fce75cc27705b57e depth=3 name=chip.run.runner_run.device_wall.post_orch ts=5702312 dur=4578 clk=dev
[mono_ns=182600720751847][T0x74909972a740][TIMING] emit_host_span: [STRACE] v=1 pid=473521 tid=473521 inv=82 hid=fce75cc27705b57e depth=3 name=chip.run.runner_run.device_wall.orch ts=17269 dur=4164512 clk=dev
[mono_ns=182600720752819][T0x74909972a740][TIMING] emit_host_span: [STRACE] v=1 pid=473521 tid=473521 inv=82 hid=fce75cc27705b57e depth=3 name=chip.run.runner_run.device_wall.sched ts=17979 dur=5667473 clk=dev
[mono_ns=182600720754241][T0x74909972a740][TIMING] emit_host_span: [STRACE] v=1 pid=473521 tid=473521 inv=82 hid=fce75cc27705b57e depth=1 name=chip.run.claim_release ts=182600720753580 dur=100
[mono_ns=182600720762984][T0x74909972a740][TIMING] emit_host_span: [STRACE] v=1 pid=473521 tid=473521 inv=82 hid=fce75cc27705b57e depth=0 name=chip.run ts=182600598602891 dur=122159462 run_id=0 dispatch_id=0 slot_id=0 generation=82 run_epoch=82
[mono_ns=182600830935764][T0x74909972a740][TIMING] emit_host_span: [STRACE] v=1 pid=473521 tid=473521 inv=83 hid=fce75cc27705b57e depth=2 name=chip.run.bind.args ts=182600721055533 dur=109873481
[mono_ns=182600830961132][T0x74909972a740][TIMING] emit_host_span: [STRACE] v=1 pid=473521 tid=473521 inv=83 hid=fce75cc27705b57e depth=2 name=chip.run.bind.prebuilt ts=182600830957347 dur=2974
[mono_ns=182600830963386][T0x74909972a740][TIMING] emit_host_span: [STRACE] v=1 pid=473521 tid=473521 inv=83 hid=fce75cc27705b57e depth=1 name=chip.run.bind ts=182600721051417 dur=109910707
[mono_ns=182600836100216][T0x74909972a740][WARN] prepare_execution: [device_runner.cpp:343] AICPU CPU_TOPO unavailable; using json_fallback: soc=Ascend950PR_9579 occupy=0x3e stable_reachable=5 requested=0 effective=5 affinity=[1, 2, 3, 4, 5(orch)]
[mono_ns=182600841606590][T0x74909972a740][TIMING] emit_host_span: [STRACE] v=1 pid=473521 tid=473521 inv=83 hid=fce75cc27705b57e depth=1 name=chip.run.runner_run ts=182600836160076 dur=5445232
[mono_ns=182600841876395][T0x74909972a740][TIMING] emit_host_span: [STRACE] v=1 pid=473521 tid=473521 inv=83 hid=fce75cc27705b57e depth=1 name=chip.run.validate ts=182600841610656 dur=264828
[mono_ns=182600841878228][T0x74909972a740][TIMING] emit_host_span: [STRACE] v=1 pid=473521 tid=473521 inv=83 hid=fce75cc27705b57e depth=2 name=chip.run.runner_run.device_wall ts=0 dur=5237422 clk=dev
[mono_ns=182600841879830][T0x74909972a740][TIMING] emit_host_span: [STRACE] v=1 pid=473521 tid=473521 inv=83 hid=fce75cc27705b57e depth=3 name=chip.run.runner_run.device_wall.preamble ts=0 dur=15891 clk=dev
[mono_ns=182600841881253][T0x74909972a740][TIMING] emit_host_span: [STRACE] v=1 pid=473521 tid=473521 inv=83 hid=fce75cc27705b57e depth=3 name=chip.run.runner_run.device_wall.graph_build ts=4311 dur=5227245 clk=dev
[mono_ns=182600841882264][T0x74909972a740][TIMING] emit_host_span: [STRACE] v=1 pid=473521 tid=473521 inv=83 hid=fce75cc27705b57e depth=3 name=chip.run.runner_run.device_wall.config_validate ts=4782 dur=1182 clk=dev
[mono_ns=182600841883246][T0x74909972a740][TIMING] emit_host_span: [STRACE] v=1 pid=473521 tid=473521 inv=83 hid=fce75cc27705b57e depth=3 name=chip.run.runner_run.device_wall.arena_wire ts=5981 dur=3088 clk=dev
[mono_ns=182600841884207][T0x74909972a740][TIMING] emit_host_span: [STRACE] v=1 pid=473521 tid=473521 inv=83 hid=fce75cc27705b57e depth=3 name=chip.run.runner_run.device_wall.sm_reset ts=9088 dur=6047 clk=dev
[mono_ns=182600841885229][T0x74909972a740][TIMING] emit_host_span: [STRACE] v=1 pid=473521 tid=473521 inv=83 hid=fce75cc27705b57e depth=3 name=chip.run.runner_run.device_wall.post_orch ts=5231575 dur=5000 clk=dev
[mono_ns=182600841886240][T0x74909972a740][TIMING] emit_host_span: [STRACE] v=1 pid=473521 tid=473521 inv=83 hid=fce75cc27705b57e depth=3 name=chip.run.runner_run.device_wall.orch ts=15158 dur=3987389 clk=dev
[mono_ns=182600841887212][T0x74909972a740][TIMING] emit_host_span: [STRACE] v=1 pid=473521 tid=473521 inv=83 hid=fce75cc27705b57e depth=3 name=chip.run.runner_run.device_wall.sched ts=16442 dur=5201029 clk=dev
[mono_ns=182600841888744][T0x74909972a740][TIMING] emit_host_span: [STRACE] v=1 pid=473521 tid=473521 inv=83 hid=fce75cc27705b57e depth=1 name=chip.run.claim_release ts=182600841888003 dur=190
[mono_ns=182600841890226][T0x74909972a740][TIMING] emit_host_span: [STRACE] v=1 pid=473521 tid=473521 inv=83 hid=fce75cc27705b57e depth=0 name=chip.run ts=182600721046590 dur=120843025 run_id=0 dispatch_id=0 slot_id=0 generation=83 run_epoch=83
[mono_ns=182600952089917][T0x74909972a740][TIMING] emit_host_span: [STRACE] v=1 pid=473521 tid=473521 inv=84 hid=fce75cc27705b57e depth=2 name=chip.run.bind.args ts=182600842183216 dur=109899981
[mono_ns=182600952123377][T0x74909972a740][TIMING] emit_host_span: [STRACE] v=1 pid=473521 tid=473521 inv=84 hid=fce75cc27705b57e depth=2 name=chip.run.bind.prebuilt ts=182600952120232 dur=2294
[mono_ns=182600952125701][T0x74909972a740][TIMING] emit_host_span: [STRACE] v=1 pid=473521 tid=473521 inv=84 hid=fce75cc27705b57e depth=1 name=chip.run.bind ts=182600842179050 dur=109945519
[mono_ns=182600957249982][T0x74909972a740][WARN] prepare_execution: [device_runner.cpp:343] AICPU CPU_TOPO unavailable; using json_fallback: soc=Ascend950PR_9579 occupy=0x3e stable_reachable=5 requested=0 effective=5 affinity=[1, 2, 3, 4, 5(orch)]
[mono_ns=182600963183738][T0x74909972a740][TIMING] emit_host_span: [STRACE] v=1 pid=473521 tid=473521 inv=84 hid=fce75cc27705b57e depth=1 name=chip.run.runner_run ts=182600957312205 dur=5869880
[mono_ns=182600963448465][T0x74909972a740][TIMING] emit_host_span: [STRACE] v=1 pid=473521 tid=473521 inv=84 hid=fce75cc27705b57e depth=1 name=chip.run.validate ts=182600963189116 dur=258438
[mono_ns=182600963451289][T0x74909972a740][TIMING] emit_host_span: [STRACE] v=1 pid=473521 tid=473521 inv=84 hid=fce75cc27705b57e depth=2 name=chip.run.runner_run.device_wall ts=0 dur=5649495 clk=dev
[mono_ns=182600963452812][T0x74909972a740][TIMING] emit_host_span: [STRACE] v=1 pid=473521 tid=473521 inv=84 hid=fce75cc27705b57e depth=3 name=chip.run.runner_run.device_wall.preamble ts=0 dur=15629 clk=dev
[mono_ns=182600963453873][T0x74909972a740][TIMING] emit_host_span: [STRACE] v=1 pid=473521 tid=473521 inv=84 hid=fce75cc27705b57e depth=3 name=chip.run.runner_run.device_wall.graph_build ts=4173 dur=5640718 clk=dev
[mono_ns=182600963454885][T0x74909972a740][TIMING] emit_host_span: [STRACE] v=1 pid=473521 tid=473521 inv=84 hid=fce75cc27705b57e depth=3 name=chip.run.runner_run.device_wall.config_validate ts=4766 dur=2008 clk=dev
[mono_ns=182600963455866][T0x74909972a740][TIMING] emit_host_span: [STRACE] v=1 pid=473521 tid=473521 inv=84 hid=fce75cc27705b57e depth=3 name=chip.run.runner_run.device_wall.arena_wire ts=6800 dur=3700 clk=dev
[mono_ns=182600963456878][T0x74909972a740][TIMING] emit_host_span: [STRACE] v=1 pid=473521 tid=473521 inv=84 hid=fce75cc27705b57e depth=3 name=chip.run.runner_run.device_wall.sm_reset ts=10520 dur=6610 clk=dev
[mono_ns=182600963457889][T0x74909972a740][TIMING] emit_host_span: [STRACE] v=1 pid=473521 tid=473521 inv=84 hid=fce75cc27705b57e depth=3 name=chip.run.runner_run.device_wall.post_orch ts=5644905 dur=4082 clk=dev
[mono_ns=182600963458871][T0x74909972a740][TIMING] emit_host_span: [STRACE] v=1 pid=473521 tid=473521 inv=84 hid=fce75cc27705b57e depth=3 name=chip.run.runner_run.device_wall.orch ts=17164 dur=4093107 clk=dev
[mono_ns=182600963459862][T0x74909972a740][TIMING] emit_host_span: [STRACE] v=1 pid=473521 tid=473521 inv=84 hid=fce75cc27705b57e depth=3 name=chip.run.runner_run.device_wall.sched ts=17893 dur=5610401 clk=dev
[mono_ns=182600963461334][T0x74909972a740][TIMING] emit_host_span: [STRACE] v=1 pid=473521 tid=473521 inv=84 hid=fce75cc27705b57e depth=1 name=chip.run.claim_release ts=182600963460653 dur=121
[mono_ns=182600963462797][T0x74909972a740][TIMING] emit_host_span: [STRACE] v=1 pid=473521 tid=473521 inv=84 hid=fce75cc27705b57e depth=0 name=chip.run ts=182600842174693 dur=121287503 run_id=0 dispatch_id=0 slot_id=0 generation=84 run_epoch=84
[mono_ns=182601075913636][T0x74909972a740][TIMING] emit_host_span: [STRACE] v=1 pid=473521 tid=473521 inv=85 hid=fce75cc27705b57e depth=2 name=chip.run.bind.args ts=182600963781124 dur=112122658
[mono_ns=182601075943121][T0x74909972a740][TIMING] emit_host_span: [STRACE] v=1 pid=473521 tid=473521 inv=85 hid=fce75cc27705b57e depth=2 name=chip.run.bind.prebuilt ts=182601075938994 dur=3375
[mono_ns=182601075945925][T0x74909972a740][TIMING] emit_host_span: [STRACE] v=1 pid=473521 tid=473521 inv=85 hid=fce75cc27705b57e depth=1 name=chip.run.bind ts=182600963776077 dur=112168506
[mono_ns=182601081091358][T0x74909972a740][WARN] prepare_execution: [device_runner.cpp:343] AICPU CPU_TOPO unavailable; using json_fallback: soc=Ascend950PR_9579 occupy=0x3e stable_reachable=5 requested=0 effective=5 affinity=[1, 2, 3, 4, 5(orch)]
[mono_ns=182601087058764][T0x74909972a740][TIMING] emit_host_span: [STRACE] v=1 pid=473521 tid=473521 inv=85 hid=fce75cc27705b57e depth=1 name=chip.run.runner_run ts=182601081156505 dur=5901228
[mono_ns=182601087338344][T0x74909972a740][TIMING] emit_host_span: [STRACE] v=1 pid=473521 tid=473521 inv=85 hid=fce75cc27705b57e depth=1 name=chip.run.validate ts=182601087062921 dur=274512
[mono_ns=182601087340056][T0x74909972a740][TIMING] emit_host_span: [STRACE] v=1 pid=473521 tid=473521 inv=85 hid=fce75cc27705b57e depth=2 name=chip.run.runner_run.device_wall ts=0 dur=5651982 clk=dev
[mono_ns=182601087341499][T0x74909972a740][TIMING] emit_host_span: [STRACE] v=1 pid=473521 tid=473521 inv=85 hid=fce75cc27705b57e depth=3 name=chip.run.runner_run.device_wall.preamble ts=0 dur=13645 clk=dev
[mono_ns=182601087342811][T0x74909972a740][TIMING] emit_host_span: [STRACE] v=1 pid=473521 tid=473521 inv=85 hid=fce75cc27705b57e depth=3 name=chip.run.runner_run.device_wall.graph_build ts=4161 dur=5643452 clk=dev
[mono_ns=182601087343832][T0x74909972a740][TIMING] emit_host_span: [STRACE] v=1 pid=473521 tid=473521 inv=85 hid=fce75cc27705b57e depth=3 name=chip.run.runner_run.device_wall.config_validate ts=4602 dur=1777 clk=dev
[mono_ns=182601087344814][T0x74909972a740][TIMING] emit_host_span: [STRACE] v=1 pid=473521 tid=473521 inv=85 hid=fce75cc27705b57e depth=3 name=chip.run.runner_run.device_wall.arena_wire ts=6397 dur=4104 clk=dev
[mono_ns=182601087345795][T0x74909972a740][TIMING] emit_host_span: [STRACE] v=1 pid=473521 tid=473521 inv=85 hid=fce75cc27705b57e depth=3 name=chip.run.runner_run.device_wall.sm_reset ts=10518 dur=6652 clk=dev
[mono_ns=182601087346777][T0x74909972a740][TIMING] emit_host_span: [STRACE] v=1 pid=473521 tid=473521 inv=85 hid=fce75cc27705b57e depth=3 name=chip.run.runner_run.device_wall.post_orch ts=5647630 dur=4100 clk=dev
[mono_ns=182601087347728][T0x74909972a740][TIMING] emit_host_span: [STRACE] v=1 pid=473521 tid=473521 inv=85 hid=fce75cc27705b57e depth=3 name=chip.run.runner_run.device_wall.orch ts=17435 dur=4133448 clk=dev
[mono_ns=182601087348689][T0x74909972a740][TIMING] emit_host_span: [STRACE] v=1 pid=473521 tid=473521 inv=85 hid=fce75cc27705b57e depth=3 name=chip.run.runner_run.device_wall.sched ts=18070 dur=5614869 clk=dev
[mono_ns=182601087350071][T0x74909972a740][TIMING] emit_host_span: [STRACE] v=1 pid=473521 tid=473521 inv=85 hid=fce75cc27705b57e depth=1 name=chip.run.claim_release ts=182601087349400 dur=111
[mono_ns=182601087351514][T0x74909972a740][TIMING] emit_host_span: [STRACE] v=1 pid=473521 tid=473521 inv=85 hid=fce75cc27705b57e depth=0 name=chip.run ts=182600963770789 dur=123580144 run_id=0 dispatch_id=0 slot_id=0 generation=85 run_epoch=85
[mono_ns=182601197843633][T0x74909972a740][TIMING] emit_host_span: [STRACE] v=1 pid=473521 tid=473521 inv=86 hid=fce75cc27705b57e depth=2 name=chip.run.bind.args ts=182601087719466 dur=110117648
[mono_ns=182601197868250][T0x74909972a740][TIMING] emit_host_span: [STRACE] v=1 pid=473521 tid=473521 inv=86 hid=fce75cc27705b57e depth=2 name=chip.run.bind.prebuilt ts=182601197864535 dur=2844
[mono_ns=182601197870554][T0x74909972a740][TIMING] emit_host_span: [STRACE] v=1 pid=473521 tid=473521 inv=86 hid=fce75cc27705b57e depth=1 name=chip.run.bind ts=182601087714018 dur=110155224
[mono_ns=182601203015426][T0x74909972a740][WARN] prepare_execution: [device_runner.cpp:343] AICPU CPU_TOPO unavailable; using json_fallback: soc=Ascend950PR_9579 occupy=0x3e stable_reachable=5 requested=0 effective=5 affinity=[1, 2, 3, 4, 5(orch)]
[mono_ns=182601208637494][T0x74909972a740][TIMING] emit_host_span: [STRACE] v=1 pid=473521 tid=473521 inv=86 hid=fce75cc27705b57e depth=1 name=chip.run.runner_run ts=182601203078511 dur=5557501
[mono_ns=182601208929653][T0x74909972a740][TIMING] emit_host_span: [STRACE] v=1 pid=473521 tid=473521 inv=86 hid=fce75cc27705b57e depth=1 name=chip.run.validate ts=182601208643794 dur=284927
[mono_ns=182601208931926][T0x74909972a740][TIMING] emit_host_span: [STRACE] v=1 pid=473521 tid=473521 inv=86 hid=fce75cc27705b57e depth=2 name=chip.run.runner_run.device_wall ts=0 dur=5334464 clk=dev
[mono_ns=182601208939598][T0x74909972a740][TIMING] emit_host_span: [STRACE] v=1 pid=473521 tid=473521 inv=86 hid=fce75cc27705b57e depth=3 name=chip.run.runner_run.device_wall.preamble ts=0 dur=15517 clk=dev
[mono_ns=182601208940990][T0x74909972a740][TIMING] emit_host_span: [STRACE] v=1 pid=473521 tid=473521 inv=86 hid=fce75cc27705b57e depth=3 name=chip.run.runner_run.device_wall.graph_build ts=3317 dur=5325902 clk=dev
[mono_ns=182601208942021][T0x74909972a740][TIMING] emit_host_span: [STRACE] v=1 pid=473521 tid=473521 inv=86 hid=fce75cc27705b57e depth=3 name=chip.run.runner_run.device_wall.config_validate ts=4035 dur=1856 clk=dev
[mono_ns=182601208943003][T0x74909972a740][TIMING] emit_host_span: [STRACE] v=1 pid=473521 tid=473521 inv=86 hid=fce75cc27705b57e depth=3 name=chip.run.runner_run.device_wall.arena_wire ts=5909 dur=3438 clk=dev
[mono_ns=182601208943984][T0x74909972a740][TIMING] emit_host_span: [STRACE] v=1 pid=473521 tid=473521 inv=86 hid=fce75cc27705b57e depth=3 name=chip.run.runner_run.device_wall.sm_reset ts=9368 dur=6582 clk=dev
[mono_ns=182601208944976][T0x74909972a740][TIMING] emit_host_span: [STRACE] v=1 pid=473521 tid=473521 inv=86 hid=fce75cc27705b57e depth=3 name=chip.run.runner_run.device_wall.post_orch ts=5329237 dur=4357 clk=dev
[mono_ns=182601208945967][T0x74909972a740][TIMING] emit_host_span: [STRACE] v=1 pid=473521 tid=473521 inv=86 hid=fce75cc27705b57e depth=3 name=chip.run.runner_run.device_wall.orch ts=16195 dur=4025698 clk=dev
[mono_ns=182601208946949][T0x74909972a740][TIMING] emit_host_span: [STRACE] v=1 pid=473521 tid=473521 inv=86 hid=fce75cc27705b57e depth=3 name=chip.run.runner_run.device_wall.sched ts=16813 dur=5296117 clk=dev
[mono_ns=182601208948331][T0x74909972a740][TIMING] emit_host_span: [STRACE] v=1 pid=473521 tid=473521 inv=86 hid=fce75cc27705b57e depth=1 name=chip.run.claim_release ts=182601208947489 dur=301
[mono_ns=182601208949843][T0x74909972a740][TIMING] emit_host_span: [STRACE] v=1 pid=473521 tid=473521 inv=86 hid=fce75cc27705b57e depth=0 name=chip.run ts=182601087708620 dur=121240592 run_id=0 dispatch_id=0 slot_id=0 generation=86 run_epoch=86
[mono_ns=182601334979914][T0x74909972a740][TIMING] emit_host_span: [STRACE] v=1 pid=473521 tid=473521 inv=87 hid=fce75cc27705b57e depth=2 name=chip.run.bind.args ts=182601209262773 dur=125701517
[mono_ns=182601335026924][T0x74909972a740][TIMING] emit_host_span: [STRACE] v=1 pid=473521 tid=473521 inv=87 hid=fce75cc27705b57e depth=2 name=chip.run.bind.prebuilt ts=182601335022408 dur=3265
[mono_ns=182601335030920][T0x74909972a740][TIMING] emit_host_span: [STRACE] v=1 pid=473521 tid=473521 inv=87 hid=fce75cc27705b57e depth=1 name=chip.run.bind ts=182601209256163 dur=125773385
[mono_ns=182601340193719][T0x74909972a740][WARN] prepare_execution: [device_runner.cpp:343] AICPU CPU_TOPO unavailable; using json_fallback: soc=Ascend950PR_9579 occupy=0x3e stable_reachable=5 requested=0 effective=5 affinity=[1, 2, 3, 4, 5(orch)]
[mono_ns=182601345854486][T0x74909972a740][TIMING] emit_host_span: [STRACE] v=1 pid=473521 tid=473521 inv=87 hid=fce75cc27705b57e depth=1 name=chip.run.runner_run ts=182601340253309 dur=5599554
[mono_ns=182601346140054][T0x74909972a740][TIMING] emit_host_span: [STRACE] v=1 pid=473521 tid=473521 inv=87 hid=fce75cc27705b57e depth=1 name=chip.run.validate ts=182601345858332 dur=280711
[mono_ns=182601346143279][T0x74909972a740][TIMING] emit_host_span: [STRACE] v=1 pid=473521 tid=473521 inv=87 hid=fce75cc27705b57e depth=2 name=chip.run.runner_run.device_wall ts=0 dur=5369433 clk=dev
[mono_ns=182601346145052][T0x74909972a740][TIMING] emit_host_span: [STRACE] v=1 pid=473521 tid=473521 inv=87 hid=fce75cc27705b57e depth=3 name=chip.run.runner_run.device_wall.preamble ts=0 dur=14572 clk=dev
[mono_ns=182601346146624][T0x74909972a740][TIMING] emit_host_span: [STRACE] v=1 pid=473521 tid=473521 inv=87 hid=fce75cc27705b57e depth=3 name=chip.run.runner_run.device_wall.graph_build ts=4160 dur=5360697 clk=dev
[mono_ns=182601346153424][T0x74909972a740][TIMING] emit_host_span: [STRACE] v=1 pid=473521 tid=473521 inv=87 hid=fce75cc27705b57e depth=3 name=chip.run.runner_run.device_wall.config_validate ts=4656 dur=1686 clk=dev
[mono_ns=182601346154456][T0x74909972a740][TIMING] emit_host_span: [STRACE] v=1 pid=473521 tid=473521 inv=87 hid=fce75cc27705b57e depth=3 name=chip.run.runner_run.device_wall.arena_wire ts=6359 dur=2791 clk=dev
[mono_ns=182601346155458][T0x74909972a740][TIMING] emit_host_span: [STRACE] v=1 pid=473521 tid=473521 inv=87 hid=fce75cc27705b57e depth=3 name=chip.run.runner_run.device_wall.sm_reset ts=9218 dur=6488 clk=dev
[mono_ns=182601346156689][T0x74909972a740][TIMING] emit_host_span: [STRACE] v=1 pid=473521 tid=473521 inv=87 hid=fce75cc27705b57e depth=3 name=chip.run.runner_run.device_wall.post_orch ts=5364881 dur=3810 clk=dev
[mono_ns=182601346157681][T0x74909972a740][TIMING] emit_host_span: [STRACE] v=1 pid=473521 tid=473521 inv=87 hid=fce75cc27705b57e depth=3 name=chip.run.runner_run.device_wall.orch ts=15730 dur=4038104 clk=dev
[mono_ns=182601346158672][T0x74909972a740][TIMING] emit_host_span: [STRACE] v=1 pid=473521 tid=473521 inv=87 hid=fce75cc27705b57e depth=3 name=chip.run.runner_run.device_wall.sched ts=16421 dur=5331912 clk=dev
[mono_ns=182601346160014][T0x74909972a740][TIMING] emit_host_span: [STRACE] v=1 pid=473521 tid=473521 inv=87 hid=fce75cc27705b57e depth=1 name=chip.run.claim_release ts=182601346159283 dur=120
[mono_ns=182601346161697][T0x74909972a740][TIMING] emit_host_span: [STRACE] v=1 pid=473521 tid=473521 inv=87 hid=fce75cc27705b57e depth=0 name=chip.run ts=182601209251546 dur=136909430 run_id=0 dispatch_id=0 slot_id=0 generation=87 run_epoch=87
[mono_ns=182601466809049][T0x74909972a740][TIMING] emit_host_span: [STRACE] v=1 pid=473521 tid=473521 inv=88 hid=fce75cc27705b57e depth=2 name=chip.run.bind.args ts=182601346517591 dur=120280071
[mono_ns=182601466840276][T0x74909972a740][TIMING] emit_host_span: [STRACE] v=1 pid=473521 tid=473521 inv=88 hid=fce75cc27705b57e depth=2 name=chip.run.bind.prebuilt ts=182601466836029 dur=3115
[mono_ns=182601466843230][T0x74909972a740][TIMING] emit_host_span: [STRACE] v=1 pid=473521 tid=473521 inv=88 hid=fce75cc27705b57e depth=1 name=chip.run.bind ts=182601346512493 dur=120329175
[mono_ns=182601472021402][T0x74909972a740][WARN] prepare_execution: [device_runner.cpp:343] AICPU CPU_TOPO unavailable; using json_fallback: soc=Ascend950PR_9579 occupy=0x3e stable_reachable=5 requested=0 effective=5 affinity=[1, 2, 3, 4, 5(orch)]
[mono_ns=182601477775809][T0x74909972a740][TIMING] emit_host_span: [STRACE] v=1 pid=473521 tid=473521 inv=88 hid=fce75cc27705b57e depth=1 name=chip.run.runner_run ts=182601472085929 dur=5687557
[mono_ns=182601478069209][T0x74909972a740][TIMING] emit_host_span: [STRACE] v=1 pid=473521 tid=473521 inv=88 hid=fce75cc27705b57e depth=1 name=chip.run.validate ts=182601477780446 dur=287682
[mono_ns=182601478071803][T0x74909972a740][TIMING] emit_host_span: [STRACE] v=1 pid=473521 tid=473521 inv=88 hid=fce75cc27705b57e depth=2 name=chip.run.runner_run.device_wall ts=0 dur=5460523 clk=dev
[mono_ns=182601478073626][T0x74909972a740][TIMING] emit_host_span: [STRACE] v=1 pid=473521 tid=473521 inv=88 hid=fce75cc27705b57e depth=3 name=chip.run.runner_run.device_wall.preamble ts=0 dur=13777 clk=dev
[mono_ns=182601478074838][T0x74909972a740][TIMING] emit_host_span: [STRACE] v=1 pid=473521 tid=473521 inv=88 hid=fce75cc27705b57e depth=3 name=chip.run.runner_run.device_wall.graph_build ts=3568 dur=5451532 clk=dev
[mono_ns=182601478075849][T0x74909972a740][TIMING] emit_host_span: [STRACE] v=1 pid=473521 tid=473521 inv=88 hid=fce75cc27705b57e depth=3 name=chip.run.runner_run.device_wall.config_validate ts=4177 dur=1392 clk=dev
[mono_ns=182601478076811][T0x74909972a740][TIMING] emit_host_span: [STRACE] v=1 pid=473521 tid=473521 inv=88 hid=fce75cc27705b57e depth=3 name=chip.run.runner_run.device_wall.arena_wire ts=5593 dur=3789 clk=dev
[mono_ns=182601478077792][T0x74909972a740][TIMING] emit_host_span: [STRACE] v=1 pid=473521 tid=473521 inv=88 hid=fce75cc27705b57e depth=3 name=chip.run.runner_run.device_wall.sm_reset ts=9398 dur=5927 clk=dev
[mono_ns=182601478085203][T0x74909972a740][TIMING] emit_host_span: [STRACE] v=1 pid=473521 tid=473521 inv=88 hid=fce75cc27705b57e depth=3 name=chip.run.runner_run.device_wall.post_orch ts=5455117 dur=4527 clk=dev
[mono_ns=182601478086215][T0x74909972a740][TIMING] emit_host_span: [STRACE] v=1 pid=473521 tid=473521 inv=88 hid=fce75cc27705b57e depth=3 name=chip.run.runner_run.device_wall.orch ts=15436 dur=4084062 clk=dev
[mono_ns=182601478087216][T0x74909972a740][TIMING] emit_host_span: [STRACE] v=1 pid=473521 tid=473521 inv=88 hid=fce75cc27705b57e depth=3 name=chip.run.runner_run.device_wall.sched ts=16050 dur=5423303 clk=dev
[mono_ns=182601478089039][T0x74909972a740][TIMING] emit_host_span: [STRACE] v=1 pid=473521 tid=473521 inv=88 hid=fce75cc27705b57e depth=1 name=chip.run.claim_release ts=182601478088128 dur=290
[mono_ns=182601478090842][T0x74909972a740][TIMING] emit_host_span: [STRACE] v=1 pid=473521 tid=473521 inv=88 hid=fce75cc27705b57e depth=0 name=chip.run ts=182601346506284 dur=131583857 run_id=0 dispatch_id=0 slot_id=0 generation=88 run_epoch=88
[mono_ns=182601593551088][T0x74909972a740][TIMING] emit_host_span: [STRACE] v=1 pid=473521 tid=473521 inv=89 hid=fce75cc27705b57e depth=2 name=chip.run.bind.args ts=182601478434918 dur=115108799
[mono_ns=182601593573953][T0x74909972a740][TIMING] emit_host_span: [STRACE] v=1 pid=473521 tid=473521 inv=89 hid=fce75cc27705b57e depth=2 name=chip.run.bind.prebuilt ts=182601593570047 dur=3064
[mono_ns=182601593576396][T0x74909972a740][TIMING] emit_host_span: [STRACE] v=1 pid=473521 tid=473521 inv=89 hid=fce75cc27705b57e depth=1 name=chip.run.bind ts=182601478429781 dur=115145263
[mono_ns=182601598746677][T0x74909972a740][WARN] prepare_execution: [device_runner.cpp:343] AICPU CPU_TOPO unavailable; using json_fallback: soc=Ascend950PR_9579 occupy=0x3e stable_reachable=5 requested=0 effective=5 affinity=[1, 2, 3, 4, 5(orch)]
[mono_ns=182601604571589][T0x74909972a740][TIMING] emit_host_span: [STRACE] v=1 pid=473521 tid=473521 inv=89 hid=fce75cc27705b57e depth=1 name=chip.run.runner_run ts=182601598806236 dur=5763991
[mono_ns=182601604844269][T0x74909972a740][TIMING] emit_host_span: [STRACE] v=1 pid=473521 tid=473521 inv=89 hid=fce75cc27705b57e depth=1 name=chip.run.validate ts=182601604576597 dur=266730
[mono_ns=182601604846662][T0x74909972a740][TIMING] emit_host_span: [STRACE] v=1 pid=473521 tid=473521 inv=89 hid=fce75cc27705b57e depth=2 name=chip.run.runner_run.device_wall ts=0 dur=5532934 clk=dev
[mono_ns=182601604848325][T0x74909972a740][TIMING] emit_host_span: [STRACE] v=1 pid=473521 tid=473521 inv=89 hid=fce75cc27705b57e depth=3 name=chip.run.runner_run.device_wall.preamble ts=0 dur=14395 clk=dev
[mono_ns=182601604849667][T0x74909972a740][TIMING] emit_host_span: [STRACE] v=1 pid=473521 tid=473521 inv=89 hid=fce75cc27705b57e depth=3 name=chip.run.runner_run.device_wall.graph_build ts=4469 dur=5523165 clk=dev
[mono_ns=182601604850678][T0x74909972a740][TIMING] emit_host_span: [STRACE] v=1 pid=473521 tid=473521 inv=89 hid=fce75cc27705b57e depth=3 name=chip.run.runner_run.device_wall.config_validate ts=4947 dur=1427 clk=dev
[mono_ns=182601604851650][T0x74909972a740][TIMING] emit_host_span: [STRACE] v=1 pid=473521 tid=473521 inv=89 hid=fce75cc27705b57e depth=3 name=chip.run.runner_run.device_wall.arena_wire ts=6428 dur=3322 clk=dev
[mono_ns=182601604852651][T0x74909972a740][TIMING] emit_host_span: [STRACE] v=1 pid=473521 tid=473521 inv=89 hid=fce75cc27705b57e depth=3 name=chip.run.runner_run.device_wall.sm_reset ts=9771 dur=5286 clk=dev
[mono_ns=182601604853693][T0x74909972a740][TIMING] emit_host_span: [STRACE] v=1 pid=473521 tid=473521 inv=89 hid=fce75cc27705b57e depth=3 name=chip.run.runner_run.device_wall.post_orch ts=5527663 dur=4408 clk=dev
[mono_ns=182601604854714][T0x74909972a740][TIMING] emit_host_span: [STRACE] v=1 pid=473521 tid=473521 inv=89 hid=fce75cc27705b57e depth=3 name=chip.run.runner_run.device_wall.orch ts=15304 dur=4062049 clk=dev
[mono_ns=182601604855706][T0x74909972a740][TIMING] emit_host_span: [STRACE] v=1 pid=473521 tid=473521 inv=89 hid=fce75cc27705b57e depth=3 name=chip.run.runner_run.device_wall.sched ts=15825 dur=5497343 clk=dev
[mono_ns=182601604862646][T0x74909972a740][TIMING] emit_host_span: [STRACE] v=1 pid=473521 tid=473521 inv=89 hid=fce75cc27705b57e depth=1 name=chip.run.claim_release ts=182601604861955 dur=80
[mono_ns=182601604863908][T0x74909972a740][TIMING] emit_host_span: [STRACE] v=1 pid=473521 tid=473521 inv=89 hid=fce75cc27705b57e depth=0 name=chip.run ts=182601478423762 dur=126439515 run_id=0 dispatch_id=0 slot_id=0 generation=89 run_epoch=89
[mono_ns=182601720926378][T0x74909972a740][TIMING] emit_host_span: [STRACE] v=1 pid=473521 tid=473521 inv=90 hid=fce75cc27705b57e depth=2 name=chip.run.bind.args ts=182601605174664 dur=115744494
[mono_ns=182601720951656][T0x74909972a740][TIMING] emit_host_span: [STRACE] v=1 pid=473521 tid=473521 inv=90 hid=fce75cc27705b57e depth=2 name=chip.run.bind.prebuilt ts=182601720947730 dur=3175
[mono_ns=182601720954280][T0x74909972a740][TIMING] emit_host_span: [STRACE] v=1 pid=473521 tid=473521 inv=90 hid=fce75cc27705b57e depth=1 name=chip.run.bind ts=182601605170378 dur=115782570
[mono_ns=182601726100184][T0x74909972a740][WARN] prepare_execution: [device_runner.cpp:343] AICPU CPU_TOPO unavailable; using json_fallback: soc=Ascend950PR_9579 occupy=0x3e stable_reachable=5 requested=0 effective=5 affinity=[1, 2, 3, 4, 5(orch)]
[mono_ns=182601731774230][T0x74909972a740][TIMING] emit_host_span: [STRACE] v=1 pid=473521 tid=473521 inv=90 hid=fce75cc27705b57e depth=1 name=chip.run.runner_run ts=182601726161236 dur=5611171
[mono_ns=182601732058236][T0x74909972a740][TIMING] emit_host_span: [STRACE] v=1 pid=473521 tid=473521 inv=90 hid=fce75cc27705b57e depth=1 name=chip.run.validate ts=182601731777525 dur=279810
[mono_ns=182601732060730][T0x74909972a740][TIMING] emit_host_span: [STRACE] v=1 pid=473521 tid=473521 inv=90 hid=fce75cc27705b57e depth=2 name=chip.run.runner_run.device_wall ts=0 dur=5404632 clk=dev
[mono_ns=182601732062313][T0x74909972a740][TIMING] emit_host_span: [STRACE] v=1 pid=473521 tid=473521 inv=90 hid=fce75cc27705b57e depth=3 name=chip.run.runner_run.device_wall.preamble ts=0 dur=15037 clk=dev
[mono_ns=182601732063544][T0x74909972a740][TIMING] emit_host_span: [STRACE] v=1 pid=473521 tid=473521 inv=90 hid=fce75cc27705b57e depth=3 name=chip.run.runner_run.device_wall.graph_build ts=3737 dur=5396164 clk=dev
[mono_ns=182601732064566][T0x74909972a740][TIMING] emit_host_span: [STRACE] v=1 pid=473521 tid=473521 inv=90 hid=fce75cc27705b57e depth=3 name=chip.run.runner_run.device_wall.config_validate ts=4540 dur=1481 clk=dev
[mono_ns=182601732065547][T0x74909972a740][TIMING] emit_host_span: [STRACE] v=1 pid=473521 tid=473521 inv=90 hid=fce75cc27705b57e depth=3 name=chip.run.runner_run.device_wall.arena_wire ts=6053 dur=3494 clk=dev
[mono_ns=182601732066529][T0x74909972a740][TIMING] emit_host_span: [STRACE] v=1 pid=473521 tid=473521 inv=90 hid=fce75cc27705b57e depth=3 name=chip.run.runner_run.device_wall.sm_reset ts=9567 dur=5221 clk=dev
[mono_ns=182601732067540][T0x74909972a740][TIMING] emit_host_span: [STRACE] v=1 pid=473521 tid=473521 inv=90 hid=fce75cc27705b57e depth=3 name=chip.run.runner_run.device_wall.post_orch ts=5399968 dur=4587 clk=dev
[mono_ns=182601732068512][T0x74909972a740][TIMING] emit_host_span: [STRACE] v=1 pid=473521 tid=473521 inv=90 hid=fce75cc27705b57e depth=3 name=chip.run.runner_run.device_wall.orch ts=14859 dur=4103898 clk=dev
[mono_ns=182601732069473][T0x74909972a740][TIMING] emit_host_span: [STRACE] v=1 pid=473521 tid=473521 inv=90 hid=fce75cc27705b57e depth=3 name=chip.run.runner_run.device_wall.sched ts=15709 dur=5368601 clk=dev
[mono_ns=182601732070895][T0x74909972a740][TIMING] emit_host_span: [STRACE] v=1 pid=473521 tid=473521 inv=90 hid=fce75cc27705b57e depth=1 name=chip.run.claim_release ts=182601732070224 dur=81
[mono_ns=182601732072398][T0x74909972a740][TIMING] emit_host_span: [STRACE] v=1 pid=473521 tid=473521 inv=90 hid=fce75cc27705b57e depth=0 name=chip.run ts=182601605165330 dur=126906427 run_id=0 dispatch_id=0 slot_id=0 generation=90 run_epoch=90
[mono_ns=182601848395800][T0x74909972a740][TIMING] emit_host_span: [STRACE] v=1 pid=473521 tid=473521 inv=91 hid=fce75cc27705b57e depth=2 name=chip.run.bind.args ts=182601732392118 dur=115993256
[mono_ns=182601848426466][T0x74909972a740][TIMING] emit_host_span: [STRACE] v=1 pid=473521 tid=473521 inv=91 hid=fce75cc27705b57e depth=2 name=chip.run.bind.prebuilt ts=182601848422410 dur=3034
[mono_ns=182601848429170][T0x74909972a740][TIMING] emit_host_span: [STRACE] v=1 pid=473521 tid=473521 inv=91 hid=fce75cc27705b57e depth=1 name=chip.run.bind ts=182601732388332 dur=116039726
[mono_ns=182601853654443][T0x74909972a740][WARN] prepare_execution: [device_runner.cpp:343] AICPU CPU_TOPO unavailable; using json_fallback: soc=Ascend950PR_9579 occupy=0x3e stable_reachable=5 requested=0 effective=5 affinity=[1, 2, 3, 4, 5(orch)]
[mono_ns=182601859415840][T0x74909972a740][TIMING] emit_host_span: [STRACE] v=1 pid=473521 tid=473521 inv=91 hid=fce75cc27705b57e depth=1 name=chip.run.runner_run ts=182601853721553 dur=5692144
[mono_ns=182601859711654][T0x74909972a740][TIMING] emit_host_span: [STRACE] v=1 pid=473521 tid=473521 inv=91 hid=fce75cc27705b57e depth=1 name=chip.run.validate ts=182601859420587 dur=290216
[mono_ns=182601859713577][T0x74909972a740][TIMING] emit_host_span: [STRACE] v=1 pid=473521 tid=473521 inv=91 hid=fce75cc27705b57e depth=2 name=chip.run.runner_run.device_wall ts=0 dur=5466371 clk=dev
[mono_ns=182601859715219][T0x74909972a740][TIMING] emit_host_span: [STRACE] v=1 pid=473521 tid=473521 inv=91 hid=fce75cc27705b57e depth=3 name=chip.run.runner_run.device_wall.preamble ts=0 dur=15675 clk=dev
[mono_ns=182601859716541][T0x74909972a740][TIMING] emit_host_span: [STRACE] v=1 pid=473521 tid=473521 inv=91 hid=fce75cc27705b57e depth=3 name=chip.run.runner_run.device_wall.graph_build ts=3695 dur=5457902 clk=dev
[mono_ns=182601859717573][T0x74909972a740][TIMING] emit_host_span: [STRACE] v=1 pid=473521 tid=473521 inv=91 hid=fce75cc27705b57e depth=3 name=chip.run.runner_run.device_wall.config_validate ts=4411 dur=1595 clk=dev
[mono_ns=182601859718534][T0x74909972a740][TIMING] emit_host_span: [STRACE] v=1 pid=473521 tid=473521 inv=91 hid=fce75cc27705b57e depth=3 name=chip.run.runner_run.device_wall.arena_wire ts=6028 dur=4005 clk=dev
[mono_ns=182601859719526][T0x74909972a740][TIMING] emit_host_span: [STRACE] v=1 pid=473521 tid=473521 inv=91 hid=fce75cc27705b57e depth=3 name=chip.run.runner_run.device_wall.sm_reset ts=10051 dur=5723 clk=dev
[mono_ns=182601859720527][T0x74909972a740][TIMING] emit_host_span: [STRACE] v=1 pid=473521 tid=473521 inv=91 hid=fce75cc27705b57e depth=3 name=chip.run.runner_run.device_wall.post_orch ts=5461615 dur=4297 clk=dev
[mono_ns=182601859721519][T0x74909972a740][TIMING] emit_host_span: [STRACE] v=1 pid=473521 tid=473521 inv=91 hid=fce75cc27705b57e depth=3 name=chip.run.runner_run.device_wall.orch ts=15903 dur=4131774 clk=dev
[mono_ns=182601859722490][T0x74909972a740][TIMING] emit_host_span: [STRACE] v=1 pid=473521 tid=473521 inv=91 hid=fce75cc27705b57e depth=3 name=chip.run.runner_run.device_wall.sched ts=16501 dur=5431619 clk=dev
[mono_ns=182601859723772][T0x74909972a740][TIMING] emit_host_span: [STRACE] v=1 pid=473521 tid=473521 inv=91 hid=fce75cc27705b57e depth=1 name=chip.run.claim_release ts=182601859723111 dur=110
[mono_ns=182601859725405][T0x74909972a740][TIMING] emit_host_span: [STRACE] v=1 pid=473521 tid=473521 inv=91 hid=fce75cc27705b57e depth=0 name=chip.run ts=182601732383515 dur=127341199 run_id=0 dispatch_id=0 slot_id=0 generation=91 run_epoch=91
[mono_ns=182601973204998][T0x74909972a740][TIMING] emit_host_span: [STRACE] v=1 pid=473521 tid=473521 inv=92 hid=fce75cc27705b57e depth=2 name=chip.run.bind.args ts=182601860090673 dur=113107155
[mono_ns=182601973229245][T0x74909972a740][TIMING] emit_host_span: [STRACE] v=1 pid=473521 tid=473521 inv=92 hid=fce75cc27705b57e depth=2 name=chip.run.bind.prebuilt ts=182601973225970 dur=2443
[mono_ns=182601973231748][T0x74909972a740][TIMING] emit_host_span: [STRACE] v=1 pid=473521 tid=473521 inv=92 hid=fce75cc27705b57e depth=1 name=chip.run.bind ts=182601860085385 dur=113145061
[mono_ns=182601978638343][T0x74909972a740][WARN] prepare_execution: [device_runner.cpp:343] AICPU CPU_TOPO unavailable; using json_fallback: soc=Ascend950PR_9579 occupy=0x3e stable_reachable=5 requested=0 effective=5 affinity=[1, 2, 3, 4, 5(orch)]
[mono_ns=182601984523717][T0x74909972a740][TIMING] emit_host_span: [STRACE] v=1 pid=473521 tid=473521 inv=92 hid=fce75cc27705b57e depth=1 name=chip.run.runner_run ts=182601978698083 dur=5823841
[mono_ns=182601984808174][T0x74909972a740][TIMING] emit_host_span: [STRACE] v=1 pid=473521 tid=473521 inv=92 hid=fce75cc27705b57e depth=1 name=chip.run.validate ts=182601984527733 dur=279640
[mono_ns=182601984810167][T0x74909972a740][TIMING] emit_host_span: [STRACE] v=1 pid=473521 tid=473521 inv=92 hid=fce75cc27705b57e depth=2 name=chip.run.runner_run.device_wall ts=0 dur=5601608 clk=dev
[mono_ns=182601984811839][T0x74909972a740][TIMING] emit_host_span: [STRACE] v=1 pid=473521 tid=473521 inv=92 hid=fce75cc27705b57e depth=3 name=chip.run.runner_run.device_wall.preamble ts=0 dur=14812 clk=dev
[mono_ns=182601984813041][T0x74909972a740][TIMING] emit_host_span: [STRACE] v=1 pid=473521 tid=473521 inv=92 hid=fce75cc27705b57e depth=3 name=chip.run.runner_run.device_wall.graph_build ts=4075 dur=5592581 clk=dev
[mono_ns=182601984814083][T0x74909972a740][TIMING] emit_host_span: [STRACE] v=1 pid=473521 tid=473521 inv=92 hid=fce75cc27705b57e depth=3 name=chip.run.runner_run.device_wall.config_validate ts=4532 dur=1894 clk=dev
[mono_ns=182601984815064][T0x74909972a740][TIMING] emit_host_span: [STRACE] v=1 pid=473521 tid=473521 inv=92 hid=fce75cc27705b57e depth=3 name=chip.run.runner_run.device_wall.arena_wire ts=6444 dur=4170 clk=dev
[mono_ns=182601984816046][T0x74909972a740][TIMING] emit_host_span: [STRACE] v=1 pid=473521 tid=473521 inv=92 hid=fce75cc27705b57e depth=3 name=chip.run.runner_run.device_wall.sm_reset ts=10634 dur=7593 clk=dev
[mono_ns=182601984817067][T0x74909972a740][TIMING] emit_host_span: [STRACE] v=1 pid=473521 tid=473521 inv=92 hid=fce75cc27705b57e depth=3 name=chip.run.runner_run.device_wall.post_orch ts=5596681 dur=4186 clk=dev
[mono_ns=182601984818099][T0x74909972a740][TIMING] emit_host_span: [STRACE] v=1 pid=473521 tid=473521 inv=92 hid=fce75cc27705b57e depth=3 name=chip.run.runner_run.device_wall.orch ts=18252 dur=4147844 clk=dev
[mono_ns=182601984819060][T0x74909972a740][TIMING] emit_host_span: [STRACE] v=1 pid=473521 tid=473521 inv=92 hid=fce75cc27705b57e depth=3 name=chip.run.runner_run.device_wall.sched ts=18984 dur=5561388 clk=dev
[mono_ns=182601984820272][T0x74909972a740][TIMING] emit_host_span: [STRACE] v=1 pid=473521 tid=473521 inv=92 hid=fce75cc27705b57e depth=1 name=chip.run.claim_release ts=182601984819611 dur=100
[mono_ns=182601984821714][T0x74909972a740][TIMING] emit_host_span: [STRACE] v=1 pid=473521 tid=473521 inv=92 hid=fce75cc27705b57e depth=0 name=chip.run ts=182601860079496 dur=124741597 run_id=0 dispatch_id=0 slot_id=0 generation=92 run_epoch=92
[mono_ns=182602097272303][T0x74909972a740][TIMING] emit_host_span: [STRACE] v=1 pid=473521 tid=473521 inv=93 hid=fce75cc27705b57e depth=2 name=chip.run.bind.args ts=182601985130738 dur=112133864
[mono_ns=182602097297151][T0x74909972a740][TIMING] emit_host_span: [STRACE] v=1 pid=473521 tid=473521 inv=93 hid=fce75cc27705b57e depth=2 name=chip.run.bind.prebuilt ts=182602097293535 dur=2704
[mono_ns=182602097299404][T0x74909972a740][TIMING] emit_host_span: [STRACE] v=1 pid=473521 tid=473521 inv=93 hid=fce75cc27705b57e depth=1 name=chip.run.bind ts=182601985126281 dur=112171881
[mono_ns=182602102541272][T0x74909972a740][WARN] prepare_execution: [device_runner.cpp:343] AICPU CPU_TOPO unavailable; using json_fallback: soc=Ascend950PR_9579 occupy=0x3e stable_reachable=5 requested=0 effective=5 affinity=[1, 2, 3, 4, 5(orch)]
[mono_ns=182602108324522][T0x74909972a740][TIMING] emit_host_span: [STRACE] v=1 pid=473521 tid=473521 inv=93 hid=fce75cc27705b57e depth=1 name=chip.run.runner_run ts=182602102601041 dur=5721778
[mono_ns=182602108611012][T0x74909972a740][TIMING] emit_host_span: [STRACE] v=1 pid=473521 tid=473521 inv=93 hid=fce75cc27705b57e depth=1 name=chip.run.validate ts=182602108335048 dur=275103
[mono_ns=182602108613135][T0x74909972a740][TIMING] emit_host_span: [STRACE] v=1 pid=473521 tid=473521 inv=93 hid=fce75cc27705b57e depth=2 name=chip.run.runner_run.device_wall ts=0 dur=5500596 clk=dev
[mono_ns=182602108614677][T0x74909972a740][TIMING] emit_host_span: [STRACE] v=1 pid=473521 tid=473521 inv=93 hid=fce75cc27705b57e depth=3 name=chip.run.runner_run.device_wall.preamble ts=0 dur=13737 clk=dev
[mono_ns=182602108615819][T0x74909972a740][TIMING] emit_host_span: [STRACE] v=1 pid=473521 tid=473521 inv=93 hid=fce75cc27705b57e depth=3 name=chip.run.runner_run.device_wall.graph_build ts=3670 dur=5491813 clk=dev
[mono_ns=182602108616841][T0x74909972a740][TIMING] emit_host_span: [STRACE] v=1 pid=473521 tid=473521 inv=93 hid=fce75cc27705b57e depth=3 name=chip.run.runner_run.device_wall.config_validate ts=4138 dur=1315 clk=dev
[mono_ns=182602108617822][T0x74909972a740][TIMING] emit_host_span: [STRACE] v=1 pid=473521 tid=473521 inv=93 hid=fce75cc27705b57e depth=3 name=chip.run.runner_run.device_wall.arena_wire ts=5467 dur=3479 clk=dev
[mono_ns=182602108618783][T0x74909972a740][TIMING] emit_host_span: [STRACE] v=1 pid=473521 tid=473521 inv=93 hid=fce75cc27705b57e depth=3 name=chip.run.runner_run.device_wall.sm_reset ts=8967 dur=7520 clk=dev
[mono_ns=182602108619995][T0x74909972a740][TIMING] emit_host_span: [STRACE] v=1 pid=473521 tid=473521 inv=93 hid=fce75cc27705b57e depth=3 name=chip.run.runner_run.device_wall.post_orch ts=5495623 dur=4432 clk=dev
[mono_ns=182602108620997][T0x74909972a740][TIMING] emit_host_span: [STRACE] v=1 pid=473521 tid=473521 inv=93 hid=fce75cc27705b57e depth=3 name=chip.run.runner_run.device_wall.orch ts=16620 dur=4195183 clk=dev
[mono_ns=182602108621958][T0x74909972a740][TIMING] emit_host_span: [STRACE] v=1 pid=473521 tid=473521 inv=93 hid=fce75cc27705b57e depth=3 name=chip.run.runner_run.device_wall.sched ts=17455 dur=5463215 clk=dev
[mono_ns=182602108623360][T0x74909972a740][TIMING] emit_host_span: [STRACE] v=1 pid=473521 tid=473521 inv=93 hid=fce75cc27705b57e depth=1 name=chip.run.claim_release ts=182602108622749 dur=81
[mono_ns=182602108624853][T0x74909972a740][TIMING] emit_host_span: [STRACE] v=1 pid=473521 tid=473521 inv=93 hid=fce75cc27705b57e depth=0 name=chip.run ts=182601985122425 dur=123501787 run_id=0 dispatch_id=0 slot_id=0 generation=93 run_epoch=93
[mono_ns=182602221573640][T0x74909972a740][TIMING] emit_host_span: [STRACE] v=1 pid=473521 tid=473521 inv=94 hid=fce75cc27705b57e depth=2 name=chip.run.bind.args ts=182602108919254 dur=112646434
[mono_ns=182602221599408][T0x74909972a740][TIMING] emit_host_span: [STRACE] v=1 pid=473521 tid=473521 inv=94 hid=fce75cc27705b57e depth=2 name=chip.run.bind.prebuilt ts=182602221594731 dur=3846
[mono_ns=182602221601401][T0x74909972a740][TIMING] emit_host_span: [STRACE] v=1 pid=473521 tid=473521 inv=94 hid=fce75cc27705b57e depth=1 name=chip.run.bind ts=182602108915309 dur=112685081
[mono_ns=182602226915778][T0x74909972a740][WARN] prepare_execution: [device_runner.cpp:343] AICPU CPU_TOPO unavailable; using json_fallback: soc=Ascend950PR_9579 occupy=0x3e stable_reachable=5 requested=0 effective=5 affinity=[1, 2, 3, 4, 5(orch)]
[mono_ns=182602232659909][T0x74909972a740][TIMING] emit_host_span: [STRACE] v=1 pid=473521 tid=473521 inv=94 hid=fce75cc27705b57e depth=1 name=chip.run.runner_run ts=182602226978692 dur=5679294
[mono_ns=182602232939839][T0x74909972a740][TIMING] emit_host_span: [STRACE] v=1 pid=473521 tid=473521 inv=94 hid=fce75cc27705b57e depth=1 name=chip.run.validate ts=182602232663485 dur=275533
[mono_ns=182602232941983][T0x74909972a740][TIMING] emit_host_span: [STRACE] v=1 pid=473521 tid=473521 inv=94 hid=fce75cc27705b57e depth=2 name=chip.run.runner_run.device_wall ts=0 dur=5463448 clk=dev
[mono_ns=182602232943455][T0x74909972a740][TIMING] emit_host_span: [STRACE] v=1 pid=473521 tid=473521 inv=94 hid=fce75cc27705b57e depth=3 name=chip.run.runner_run.device_wall.preamble ts=0 dur=13538 clk=dev
[mono_ns=182602232951337][T0x74909972a740][TIMING] emit_host_span: [STRACE] v=1 pid=473521 tid=473521 inv=94 hid=fce75cc27705b57e depth=3 name=chip.run.runner_run.device_wall.graph_build ts=4162 dur=5454893 clk=dev
[mono_ns=182602232952338][T0x74909972a740][TIMING] emit_host_span: [STRACE] v=1 pid=473521 tid=473521 inv=94 hid=fce75cc27705b57e depth=3 name=chip.run.runner_run.device_wall.config_validate ts=4814 dur=1582 clk=dev
[mono_ns=182602232953330][T0x74909972a740][TIMING] emit_host_span: [STRACE] v=1 pid=473521 tid=473521 inv=94 hid=fce75cc27705b57e depth=3 name=chip.run.runner_run.device_wall.arena_wire ts=6415 dur=3098 clk=dev
[mono_ns=182602232954311][T0x74909972a740][TIMING] emit_host_span: [STRACE] v=1 pid=473521 tid=473521 inv=94 hid=fce75cc27705b57e depth=3 name=chip.run.runner_run.device_wall.sm_reset ts=9621 dur=7235 clk=dev
[mono_ns=182602232955323][T0x74909972a740][TIMING] emit_host_span: [STRACE] v=1 pid=473521 tid=473521 inv=94 hid=fce75cc27705b57e depth=3 name=chip.run.runner_run.device_wall.post_orch ts=5459086 dur=4152 clk=dev
[mono_ns=182602232956304][T0x74909972a740][TIMING] emit_host_span: [STRACE] v=1 pid=473521 tid=473521 inv=94 hid=fce75cc27705b57e depth=3 name=chip.run.runner_run.device_wall.orch ts=16880 dur=4041183 clk=dev
[mono_ns=182602232957296][T0x74909972a740][TIMING] emit_host_span: [STRACE] v=1 pid=473521 tid=473521 inv=94 hid=fce75cc27705b57e depth=3 name=chip.run.runner_run.device_wall.sched ts=17824 dur=5424660 clk=dev
[mono_ns=182602232958537][T0x74909972a740][TIMING] emit_host_span: [STRACE] v=1 pid=473521 tid=473521 inv=94 hid=fce75cc27705b57e depth=1 name=chip.run.claim_release ts=182602232957896 dur=91
[mono_ns=182602232959970][T0x74909972a740][TIMING] emit_host_span: [STRACE] v=1 pid=473521 tid=473521 inv=94 hid=fce75cc27705b57e depth=0 name=chip.run ts=182602108910561 dur=124048798 run_id=0 dispatch_id=0 slot_id=0 generation=94 run_epoch=94
[mono_ns=182602345653774][T0x74909972a740][TIMING] emit_host_span: [STRACE] v=1 pid=473521 tid=473521 inv=95 hid=fce75cc27705b57e depth=2 name=chip.run.bind.args ts=182602233287471 dur=112357189
[mono_ns=182602345683368][T0x74909972a740][TIMING] emit_host_span: [STRACE] v=1 pid=473521 tid=473521 inv=95 hid=fce75cc27705b57e depth=2 name=chip.run.bind.prebuilt ts=182602345679312 dur=3185
[mono_ns=182602345686042][T0x74909972a740][TIMING] emit_host_span: [STRACE] v=1 pid=473521 tid=473521 inv=95 hid=fce75cc27705b57e depth=1 name=chip.run.bind ts=182602233282884 dur=112401936
[mono_ns=182602350961380][T0x74909972a740][WARN] prepare_execution: [device_runner.cpp:343] AICPU CPU_TOPO unavailable; using json_fallback: soc=Ascend950PR_9579 occupy=0x3e stable_reachable=5 requested=0 effective=5 affinity=[1, 2, 3, 4, 5(orch)]
[mono_ns=182602356638141][T0x74909972a740][TIMING] emit_host_span: [STRACE] v=1 pid=473521 tid=473521 inv=95 hid=fce75cc27705b57e depth=1 name=chip.run.runner_run ts=182602351030203 dur=5606525
[mono_ns=182602356910259][T0x74909972a740][TIMING] emit_host_span: [STRACE] v=1 pid=473521 tid=473521 inv=95 hid=fce75cc27705b57e depth=1 name=chip.run.validate ts=182602356642717 dur=266701
[mono_ns=182602356912392][T0x74909972a740][TIMING] emit_host_span: [STRACE] v=1 pid=473521 tid=473521 inv=95 hid=fce75cc27705b57e depth=2 name=chip.run.runner_run.device_wall ts=0 dur=5384826 clk=dev
[mono_ns=182602356914015][T0x74909972a740][TIMING] emit_host_span: [STRACE] v=1 pid=473521 tid=473521 inv=95 hid=fce75cc27705b57e depth=3 name=chip.run.runner_run.device_wall.preamble ts=0 dur=14178 clk=dev
[mono_ns=182602356915337][T0x74909972a740][TIMING] emit_host_span: [STRACE] v=1 pid=473521 tid=473521 inv=95 hid=fce75cc27705b57e depth=3 name=chip.run.runner_run.device_wall.graph_build ts=3606 dur=5376673 clk=dev
[mono_ns=182602356916358][T0x74909972a740][TIMING] emit_host_span: [STRACE] v=1 pid=473521 tid=473521 inv=95 hid=fce75cc27705b57e depth=3 name=chip.run.runner_run.device_wall.config_validate ts=4116 dur=2171 clk=dev
[mono_ns=182602356917350][T0x74909972a740][TIMING] emit_host_span: [STRACE] v=1 pid=473521 tid=473521 inv=95 hid=fce75cc27705b57e depth=3 name=chip.run.runner_run.device_wall.arena_wire ts=6308 dur=3425 clk=dev
[mono_ns=182602356924370][T0x74909972a740][TIMING] emit_host_span: [STRACE] v=1 pid=473521 tid=473521 inv=95 hid=fce75cc27705b57e depth=3 name=chip.run.runner_run.device_wall.sm_reset ts=10065 dur=6394 clk=dev
[mono_ns=182602356925472][T0x74909972a740][TIMING] emit_host_span: [STRACE] v=1 pid=473521 tid=473521 inv=95 hid=fce75cc27705b57e depth=3 name=chip.run.runner_run.device_wall.post_orch ts=5380298 dur=4111 clk=dev
[mono_ns=182602356926453][T0x74909972a740][TIMING] emit_host_span: [STRACE] v=1 pid=473521 tid=473521 inv=95 hid=fce75cc27705b57e depth=3 name=chip.run.runner_run.device_wall.orch ts=16713 dur=4028263 clk=dev
[mono_ns=182602356927445][T0x74909972a740][TIMING] emit_host_span: [STRACE] v=1 pid=473521 tid=473521 inv=95 hid=fce75cc27705b57e depth=3 name=chip.run.runner_run.device_wall.sched ts=17129 dur=5349333 clk=dev
[mono_ns=182602356928897][T0x74909972a740][TIMING] emit_host_span: [STRACE] v=1 pid=473521 tid=473521 inv=95 hid=fce75cc27705b57e depth=1 name=chip.run.claim_release ts=182602356928046 dur=290
[mono_ns=182602356930339][T0x74909972a740][TIMING] emit_host_span: [STRACE] v=1 pid=473521 tid=473521 inv=95 hid=fce75cc27705b57e depth=0 name=chip.run ts=182602233277857 dur=123651901 run_id=0 dispatch_id=0 slot_id=0 generation=95 run_epoch=95
[mono_ns=182602467582830][T0x74909972a740][TIMING] emit_host_span: [STRACE] v=1 pid=473521 tid=473521 inv=96 hid=fce75cc27705b57e depth=2 name=chip.run.bind.args ts=182602357252723 dur=110323807
[mono_ns=182602467605774][T0x74909972a740][TIMING] emit_host_span: [STRACE] v=1 pid=473521 tid=473521 inv=96 hid=fce75cc27705b57e depth=2 name=chip.run.bind.prebuilt ts=182602467602489 dur=2514
[mono_ns=182602467608188][T0x74909972a740][TIMING] emit_host_span: [STRACE] v=1 pid=473521 tid=473521 inv=96 hid=fce75cc27705b57e depth=1 name=chip.run.bind ts=182602357247405 dur=110359571
[mono_ns=182602472749004][T0x74909972a740][WARN] prepare_execution: [device_runner.cpp:343] AICPU CPU_TOPO unavailable; using json_fallback: soc=Ascend950PR_9579 occupy=0x3e stable_reachable=5 requested=0 effective=5 affinity=[1, 2, 3, 4, 5(orch)]
[mono_ns=182602478505974][T0x74909972a740][TIMING] emit_host_span: [STRACE] v=1 pid=473521 tid=473521 inv=96 hid=fce75cc27705b57e depth=1 name=chip.run.runner_run ts=182602472809504 dur=5694567
[mono_ns=182602478782049][T0x74909972a740][TIMING] emit_host_span: [STRACE] v=1 pid=473521 tid=473521 inv=96 hid=fce75cc27705b57e depth=1 name=chip.run.validate ts=182602478509530 dur=271687
[mono_ns=182602478784092][T0x74909972a740][TIMING] emit_host_span: [STRACE] v=1 pid=473521 tid=473521 inv=96 hid=fce75cc27705b57e depth=2 name=chip.run.runner_run.device_wall ts=0 dur=5481487 clk=dev
[mono_ns=182602478785784][T0x74909972a740][TIMING] emit_host_span: [STRACE] v=1 pid=473521 tid=473521 inv=96 hid=fce75cc27705b57e depth=3 name=chip.run.runner_run.device_wall.preamble ts=0 dur=13499 clk=dev
[mono_ns=182602478786906][T0x74909972a740][TIMING] emit_host_span: [STRACE] v=1 pid=473521 tid=473521 inv=96 hid=fce75cc27705b57e depth=3 name=chip.run.runner_run.device_wall.graph_build ts=4213 dur=5471489 clk=dev
[mono_ns=182602478787917][T0x74909972a740][TIMING] emit_host_span: [STRACE] v=1 pid=473521 tid=473521 inv=96 hid=fce75cc27705b57e depth=3 name=chip.run.runner_run.device_wall.config_validate ts=4829 dur=1785 clk=dev
[mono_ns=182602478788909][T0x74909972a740][TIMING] emit_host_span: [STRACE] v=1 pid=473521 tid=473521 inv=96 hid=fce75cc27705b57e depth=3 name=chip.run.runner_run.device_wall.arena_wire ts=6630 dur=3167 clk=dev
[mono_ns=182602478789880][T0x74909972a740][TIMING] emit_host_span: [STRACE] v=1 pid=473521 tid=473521 inv=96 hid=fce75cc27705b57e depth=3 name=chip.run.runner_run.device_wall.sm_reset ts=10147 dur=6427 clk=dev
[mono_ns=182602478791162][T0x74909972a740][TIMING] emit_host_span: [STRACE] v=1 pid=473521 tid=473521 inv=96 hid=fce75cc27705b57e depth=3 name=chip.run.runner_run.device_wall.post_orch ts=5475722 dur=4625 clk=dev
[mono_ns=182602478798583][T0x74909972a740][TIMING] emit_host_span: [STRACE] v=1 pid=473521 tid=473521 inv=96 hid=fce75cc27705b57e depth=3 name=chip.run.runner_run.device_wall.orch ts=16827 dur=4040906 clk=dev
[mono_ns=182602478799565][T0x74909972a740][TIMING] emit_host_span: [STRACE] v=1 pid=473521 tid=473521 inv=96 hid=fce75cc27705b57e depth=3 name=chip.run.runner_run.device_wall.sched ts=17309 dur=5444607 clk=dev
[mono_ns=182602478800817][T0x74909972a740][TIMING] emit_host_span: [STRACE] v=1 pid=473521 tid=473521 inv=96 hid=fce75cc27705b57e depth=1 name=chip.run.claim_release ts=182602478800146 dur=100
[mono_ns=182602478802439][T0x74909972a740][TIMING] emit_host_span: [STRACE] v=1 pid=473521 tid=473521 inv=96 hid=fce75cc27705b57e depth=0 name=chip.run ts=182602357242588 dur=121559260 run_id=0 dispatch_id=0 slot_id=0 generation=96 run_epoch=96
[mono_ns=182602590924866][T0x74909972a740][TIMING] emit_host_span: [STRACE] v=1 pid=473521 tid=473521 inv=97 hid=fce75cc27705b57e depth=2 name=chip.run.bind.args ts=182602479130952 dur=111785632
[mono_ns=182602590952918][T0x74909972a740][TIMING] emit_host_span: [STRACE] v=1 pid=473521 tid=473521 inv=97 hid=fce75cc27705b57e depth=2 name=chip.run.bind.prebuilt ts=182602590949052 dur=3195
[mono_ns=182602590955702][T0x74909972a740][TIMING] emit_host_span: [STRACE] v=1 pid=473521 tid=473521 inv=97 hid=fce75cc27705b57e depth=1 name=chip.run.bind ts=182602479125965 dur=111828435
[mono_ns=182602596163809][T0x74909972a740][WARN] prepare_execution: [device_runner.cpp:343] AICPU CPU_TOPO unavailable; using json_fallback: soc=Ascend950PR_9579 occupy=0x3e stable_reachable=5 requested=0 effective=5 affinity=[1, 2, 3, 4, 5(orch)]
[mono_ns=182602601926398][T0x74909972a740][TIMING] emit_host_span: [STRACE] v=1 pid=473521 tid=473521 inv=97 hid=fce75cc27705b57e depth=1 name=chip.run.runner_run ts=182602596227615 dur=5697291
[mono_ns=182602602205427][T0x74909972a740][TIMING] emit_host_span: [STRACE] v=1 pid=473521 tid=473521 inv=97 hid=fce75cc27705b57e depth=1 name=chip.run.validate ts=182602601929944 dur=274392
[mono_ns=182602602209674][T0x74909972a740][TIMING] emit_host_span: [STRACE] v=1 pid=473521 tid=473521 inv=97 hid=fce75cc27705b57e depth=2 name=chip.run.runner_run.device_wall ts=0 dur=5475060 clk=dev
[mono_ns=182602602211476][T0x74909972a740][TIMING] emit_host_span: [STRACE] v=1 pid=473521 tid=473521 inv=97 hid=fce75cc27705b57e depth=3 name=chip.run.runner_run.device_wall.preamble ts=0 dur=13487 clk=dev
[mono_ns=182602602212578][T0x74909972a740][TIMING] emit_host_span: [STRACE] v=1 pid=473521 tid=473521 inv=97 hid=fce75cc27705b57e depth=3 name=chip.run.runner_run.device_wall.graph_build ts=3226 dur=5466708 clk=dev
[mono_ns=182602602213569][T0x74909972a740][TIMING] emit_host_span: [STRACE] v=1 pid=473521 tid=473521 inv=97 hid=fce75cc27705b57e depth=3 name=chip.run.runner_run.device_wall.config_validate ts=3932 dur=1682 clk=dev
[mono_ns=182602602214551][T0x74909972a740][TIMING] emit_host_span: [STRACE] v=1 pid=473521 tid=473521 inv=97 hid=fce75cc27705b57e depth=3 name=chip.run.runner_run.device_wall.arena_wire ts=5636 dur=3666 clk=dev
[mono_ns=182602602215542][T0x74909972a740][TIMING] emit_host_span: [STRACE] v=1 pid=473521 tid=473521 inv=97 hid=fce75cc27705b57e depth=3 name=chip.run.runner_run.device_wall.sm_reset ts=9322 dur=6246 clk=dev
[mono_ns=182602602216524][T0x74909972a740][TIMING] emit_host_span: [STRACE] v=1 pid=473521 tid=473521 inv=97 hid=fce75cc27705b57e depth=3 name=chip.run.runner_run.device_wall.post_orch ts=5469952 dur=4199 clk=dev
[mono_ns=182602602217495][T0x74909972a740][TIMING] emit_host_span: [STRACE] v=1 pid=473521 tid=473521 inv=97 hid=fce75cc27705b57e depth=3 name=chip.run.runner_run.device_wall.orch ts=15775 dur=4044009 clk=dev
[mono_ns=182602602218467][T0x74909972a740][TIMING] emit_host_span: [STRACE] v=1 pid=473521 tid=473521 inv=97 hid=fce75cc27705b57e depth=3 name=chip.run.runner_run.device_wall.sched ts=16294 dur=5436800 clk=dev
[mono_ns=182602602219679][T0x74909972a740][TIMING] emit_host_span: [STRACE] v=1 pid=473521 tid=473521 inv=97 hid=fce75cc27705b57e depth=1 name=chip.run.claim_release ts=182602602219048 dur=80
[mono_ns=182602602228181][T0x74909972a740][TIMING] emit_host_span: [STRACE] v=1 pid=473521 tid=473521 inv=97 hid=fce75cc27705b57e depth=0 name=chip.run ts=182602479121218 dur=123106292 run_id=0 dispatch_id=0 slot_id=0 generation=97 run_epoch=97
[mono_ns=182602714141334][T0x74909972a740][TIMING] emit_host_span: [STRACE] v=1 pid=473521 tid=473521 inv=98 hid=fce75cc27705b57e depth=2 name=chip.run.bind.args ts=182602602523625 dur=111608806
[mono_ns=182602714166652][T0x74909972a740][TIMING] emit_host_span: [STRACE] v=1 pid=473521 tid=473521 inv=98 hid=fce75cc27705b57e depth=2 name=chip.run.bind.prebuilt ts=182602714162876 dur=3015
[mono_ns=182602714169296][T0x74909972a740][TIMING] emit_host_span: [STRACE] v=1 pid=473521 tid=473521 inv=98 hid=fce75cc27705b57e depth=1 name=chip.run.bind ts=182602602519338 dur=111648486
[mono_ns=182602719357984][T0x74909972a740][WARN] prepare_execution: [device_runner.cpp:343] AICPU CPU_TOPO unavailable; using json_fallback: soc=Ascend950PR_9579 occupy=0x3e stable_reachable=5 requested=0 effective=5 affinity=[1, 2, 3, 4, 5(orch)]
[mono_ns=182602724990618][T0x74909972a740][TIMING] emit_host_span: [STRACE] v=1 pid=473521 tid=473521 inv=98 hid=fce75cc27705b57e depth=1 name=chip.run.runner_run ts=182602719416351 dur=5572484
[mono_ns=182602725286612][T0x74909972a740][TIMING] emit_host_span: [STRACE] v=1 pid=473521 tid=473521 inv=98 hid=fce75cc27705b57e depth=1 name=chip.run.validate ts=182602724994093 dur=291608
[mono_ns=182602725289376][T0x74909972a740][TIMING] emit_host_span: [STRACE] v=1 pid=473521 tid=473521 inv=98 hid=fce75cc27705b57e depth=2 name=chip.run.runner_run.device_wall ts=0 dur=5355577 clk=dev
[mono_ns=182602725290879][T0x74909972a740][TIMING] emit_host_span: [STRACE] v=1 pid=473521 tid=473521 inv=98 hid=fce75cc27705b57e depth=3 name=chip.run.runner_run.device_wall.preamble ts=0 dur=13635 clk=dev
[mono_ns=182602725291970][T0x74909972a740][TIMING] emit_host_span: [STRACE] v=1 pid=473521 tid=473521 inv=98 hid=fce75cc27705b57e depth=3 name=chip.run.runner_run.device_wall.graph_build ts=3794 dur=5346544 clk=dev
[mono_ns=182602725292952][T0x74909972a740][TIMING] emit_host_span: [STRACE] v=1 pid=473521 tid=473521 inv=98 hid=fce75cc27705b57e depth=3 name=chip.run.runner_run.device_wall.config_validate ts=4447 dur=1548 clk=dev
[mono_ns=182602725293963][T0x74909972a740][TIMING] emit_host_span: [STRACE] v=1 pid=473521 tid=473521 inv=98 hid=fce75cc27705b57e depth=3 name=chip.run.runner_run.device_wall.arena_wire ts=6027 dur=3846 clk=dev
[mono_ns=182602725294955][T0x74909972a740][TIMING] emit_host_span: [STRACE] v=1 pid=473521 tid=473521 inv=98 hid=fce75cc27705b57e depth=3 name=chip.run.runner_run.device_wall.sm_reset ts=9891 dur=5896 clk=dev
[mono_ns=182602725296247][T0x74909972a740][TIMING] emit_host_span: [STRACE] v=1 pid=473521 tid=473521 inv=98 hid=fce75cc27705b57e depth=3 name=chip.run.runner_run.device_wall.post_orch ts=5350360 dur=4721 clk=dev
[mono_ns=182602725297248][T0x74909972a740][TIMING] emit_host_span: [STRACE] v=1 pid=473521 tid=473521 inv=98 hid=fce75cc27705b57e depth=3 name=chip.run.runner_run.device_wall.orch ts=16053 dur=4068506 clk=dev
[mono_ns=182602725298220][T0x74909972a740][TIMING] emit_host_span: [STRACE] v=1 pid=473521 tid=473521 inv=98 hid=fce75cc27705b57e depth=3 name=chip.run.runner_run.device_wall.sched ts=16548 dur=5317383 clk=dev
[mono_ns=182602725299461][T0x74909972a740][TIMING] emit_host_span: [STRACE] v=1 pid=473521 tid=473521 inv=98 hid=fce75cc27705b57e depth=1 name=chip.run.claim_release ts=182602725298800 dur=81
[mono_ns=182602725300884][T0x74909972a740][TIMING] emit_host_span: [STRACE] v=1 pid=473521 tid=473521 inv=98 hid=fce75cc27705b57e depth=0 name=chip.run ts=182602602514080 dur=122786203 run_id=0 dispatch_id=0 slot_id=0 generation=98 run_epoch=98
[mono_ns=182602836741477][T0x74909972a740][TIMING] emit_host_span: [STRACE] v=1 pid=473521 tid=473521 inv=99 hid=fce75cc27705b57e depth=2 name=chip.run.bind.args ts=182602725610959 dur=111122235
[mono_ns=182602836768578][T0x74909972a740][TIMING] emit_host_span: [STRACE] v=1 pid=473521 tid=473521 inv=99 hid=fce75cc27705b57e depth=2 name=chip.run.bind.prebuilt ts=182602836765533 dur=2303
[mono_ns=182602836777691][T0x74909972a740][TIMING] emit_host_span: [STRACE] v=1 pid=473521 tid=473521 inv=99 hid=fce75cc27705b57e depth=1 name=chip.run.bind ts=182602725606863 dur=111169596
[mono_ns=182602841943825][T0x74909972a740][WARN] prepare_execution: [device_runner.cpp:343] AICPU CPU_TOPO unavailable; using json_fallback: soc=Ascend950PR_9579 occupy=0x3e stable_reachable=5 requested=0 effective=5 affinity=[1, 2, 3, 4, 5(orch)]
[mono_ns=182602847790420][T0x74909972a740][TIMING] emit_host_span: [STRACE] v=1 pid=473521 tid=473521 inv=99 hid=fce75cc27705b57e depth=1 name=chip.run.runner_run ts=182602841998457 dur=5790071
[mono_ns=182602848060235][T0x74909972a740][TIMING] emit_host_span: [STRACE] v=1 pid=473521 tid=473521 inv=99 hid=fce75cc27705b57e depth=1 name=chip.run.validate ts=182602847795458 dur=263816
[mono_ns=182602848063160][T0x74909972a740][TIMING] emit_host_span: [STRACE] v=1 pid=473521 tid=473521 inv=99 hid=fce75cc27705b57e depth=2 name=chip.run.runner_run.device_wall ts=0 dur=5568726 clk=dev
[mono_ns=182602848064973][T0x74909972a740][TIMING] emit_host_span: [STRACE] v=1 pid=473521 tid=473521 inv=99 hid=fce75cc27705b57e depth=3 name=chip.run.runner_run.device_wall.preamble ts=0 dur=14762 clk=dev
[mono_ns=182602848066104][T0x74909972a740][TIMING] emit_host_span: [STRACE] v=1 pid=473521 tid=473521 inv=99 hid=fce75cc27705b57e depth=3 name=chip.run.runner_run.device_wall.graph_build ts=4034 dur=5559973 clk=dev
[mono_ns=182602848067116][T0x74909972a740][TIMING] emit_host_span: [STRACE] v=1 pid=473521 tid=473521 inv=99 hid=fce75cc27705b57e depth=3 name=chip.run.runner_run.device_wall.config_validate ts=4681 dur=1877 clk=dev
[mono_ns=182602848068067][T0x74909972a740][TIMING] emit_host_span: [STRACE] v=1 pid=473521 tid=473521 inv=99 hid=fce75cc27705b57e depth=3 name=chip.run.runner_run.device_wall.arena_wire ts=6577 dur=3529 clk=dev
[mono_ns=182602848069079][T0x74909972a740][TIMING] emit_host_span: [STRACE] v=1 pid=473521 tid=473521 inv=99 hid=fce75cc27705b57e depth=3 name=chip.run.runner_run.device_wall.sm_reset ts=10309 dur=5108 clk=dev
[mono_ns=182602848070311][T0x74909972a740][TIMING] emit_host_span: [STRACE] v=1 pid=473521 tid=473521 inv=99 hid=fce75cc27705b57e depth=3 name=chip.run.runner_run.device_wall.post_orch ts=5564112 dur=4237 clk=dev
[mono_ns=182602848071302][T0x74909972a740][TIMING] emit_host_span: [STRACE] v=1 pid=473521 tid=473521 inv=99 hid=fce75cc27705b57e depth=3 name=chip.run.runner_run.device_wall.orch ts=15668 dur=4102101 clk=dev
[mono_ns=182602848072304][T0x74909972a740][TIMING] emit_host_span: [STRACE] v=1 pid=473521 tid=473521 inv=99 hid=fce75cc27705b57e depth=3 name=chip.run.runner_run.device_wall.sched ts=16107 dur=5533278 clk=dev
[mono_ns=182602848074016][T0x74909972a740][TIMING] emit_host_span: [STRACE] v=1 pid=473521 tid=473521 inv=99 hid=fce75cc27705b57e depth=1 name=chip.run.claim_release ts=182602848073135 dur=300
[mono_ns=182602848075468][T0x74909972a740][TIMING] emit_host_span: [STRACE] v=1 pid=473521 tid=473521 inv=99 hid=fce75cc27705b57e depth=0 name=chip.run ts=182602725602026 dur=122472821 run_id=0 dispatch_id=0 slot_id=0 generation=99 run_epoch=99
[mono_ns=182602970772106][T0x74909972a740][TIMING] emit_host_span: [STRACE] v=1 pid=473521 tid=473521 inv=100 hid=fce75cc27705b57e depth=2 name=chip.run.bind.args ts=182602848361548 dur=122397198
[mono_ns=182602970793979][T0x74909972a740][TIMING] emit_host_span: [STRACE] v=1 pid=473521 tid=473521 inv=100 hid=fce75cc27705b57e depth=2 name=chip.run.bind.prebuilt ts=182602970789733 dur=3144
[mono_ns=182602970798025][T0x74909972a740][TIMING] emit_host_span: [STRACE] v=1 pid=473521 tid=473521 inv=100 hid=fce75cc27705b57e depth=1 name=chip.run.bind ts=182602848355829 dur=122440393
[mono_ns=182602976078050][T0x74909972a740][WARN] prepare_execution: [device_runner.cpp:343] AICPU CPU_TOPO unavailable; using json_fallback: soc=Ascend950PR_9579 occupy=0x3e stable_reachable=5 requested=0 effective=5 affinity=[1, 2, 3, 4, 5(orch)]
[mono_ns=182602981820619][T0x74909972a740][TIMING] emit_host_span: [STRACE] v=1 pid=473521 tid=473521 inv=100 hid=fce75cc27705b57e depth=1 name=chip.run.runner_run ts=182602976130058 dur=5688248
[mono_ns=182602982146348][T0x74909972a740][TIMING] emit_host_span: [STRACE] v=1 pid=473521 tid=473521 inv=100 hid=fce75cc27705b57e depth=1 name=chip.run.validate ts=182602981825406 dur=320051
[mono_ns=182602982149433][T0x74909972a740][TIMING] emit_host_span: [STRACE] v=1 pid=473521 tid=473521 inv=100 hid=fce75cc27705b57e depth=2 name=chip.run.runner_run.device_wall ts=0 dur=5485906 clk=dev
[mono_ns=182602982150855][T0x74909972a740][TIMING] emit_host_span: [STRACE] v=1 pid=473521 tid=473521 inv=100 hid=fce75cc27705b57e depth=3 name=chip.run.runner_run.device_wall.preamble ts=0 dur=13810 clk=dev
[mono_ns=182602982152026][T0x74909972a740][TIMING] emit_host_span: [STRACE] v=1 pid=473521 tid=473521 inv=100 hid=fce75cc27705b57e depth=3 name=chip.run.runner_run.device_wall.graph_build ts=3469 dur=5477212 clk=dev
[mono_ns=182602982153038][T0x74909972a740][TIMING] emit_host_span: [STRACE] v=1 pid=473521 tid=473521 inv=100 hid=fce75cc27705b57e depth=3 name=chip.run.runner_run.device_wall.config_validate ts=4128 dur=1822 clk=dev
[mono_ns=182602982154019][T0x74909972a740][TIMING] emit_host_span: [STRACE] v=1 pid=473521 tid=473521 inv=100 hid=fce75cc27705b57e depth=3 name=chip.run.runner_run.device_wall.arena_wire ts=5981 dur=3647 clk=dev
[mono_ns=182602982155011][T0x74909972a740][TIMING] emit_host_span: [STRACE] v=1 pid=473521 tid=473521 inv=100 hid=fce75cc27705b57e depth=3 name=chip.run.runner_run.device_wall.sm_reset ts=9649 dur=5950 clk=dev
[mono_ns=182602982156002][T0x74909972a740][TIMING] emit_host_span: [STRACE] v=1 pid=473521 tid=473521 inv=100 hid=fce75cc27705b57e depth=3 name=chip.run.runner_run.device_wall.post_orch ts=5480740 dur=4588 clk=dev
[mono_ns=182602982157004][T0x74909972a740][TIMING] emit_host_span: [STRACE] v=1 pid=473521 tid=473521 inv=100 hid=fce75cc27705b57e depth=3 name=chip.run.runner_run.device_wall.orch ts=15841 dur=4050759 clk=dev
[mono_ns=182602982157975][T0x74909972a740][TIMING] emit_host_span: [STRACE] v=1 pid=473521 tid=473521 inv=100 hid=fce75cc27705b57e depth=3 name=chip.run.runner_run.device_wall.sched ts=16439 dur=5447960 clk=dev
[mono_ns=182602982159538][T0x74909972a740][TIMING] emit_host_span: [STRACE] v=1 pid=473521 tid=473521 inv=100 hid=fce75cc27705b57e depth=1 name=chip.run.claim_release ts=182602982158636 dur=291
[mono_ns=182602982161441][T0x74909972a740][TIMING] emit_host_span: [STRACE] v=1 pid=473521 tid=473521 inv=100 hid=fce75cc27705b57e depth=0 name=chip.run ts=182602848350111 dur=133810588 run_id=0 dispatch_id=0 slot_id=0 generation=100 run_epoch=100
  TestBatchPagedAttention::Case1 PASSED
