[mono_ns=182519071112293][T0x7a6cc9e7b740][TIMING] clock_anchor: [CLOCK_ANCHOR] v=1 pid=462205 mono_ns=182519071111141 wall_ns=1787828900715255316

=== Runtime: tensormap_and_ringbuffer  Level: 2 ===
  TestBenchmarkBgemm::Case0 ...
[mono_ns=182521709027701][T0x7a6cc9e7b740][TIMING] emit_host_span: [STRACE] v=1 pid=462205 tid=462205 inv=1 hid=3d601e71d3e3806f depth=2 name=chip.run.bind.args ts=182521662985516 dur=46033963
[mono_ns=182521737155679][T0x7a6cc9e7b740][TIMING] emit_host_span: [STRACE] v=1 pid=462205 tid=462205 inv=1 hid=3d601e71d3e3806f depth=2 name=chip.run.bind.prebuilt ts=182521709059739 dur=28087828
[mono_ns=182521737180667][T0x7a6cc9e7b740][TIMING] emit_host_span: [STRACE] v=1 pid=462205 tid=462205 inv=1 hid=3d601e71d3e3806f depth=1 name=chip.run.bind ts=182521662099516 dur=75078787
[mono_ns=182521746194826][T0x7a6cc9e7b740][WARN] query_cpu_topo: [aicpu_topology_probe.cpp:125] aicpu_topology_probe: halGetDeviceInfoByBuff(CPU_TOPO) rc=65534 total=0
[mono_ns=182521748399916][T0x7a6cc9e7b740][WARN] query_cpu_topo: [aicpu_topology_probe.cpp:137] aicpu_topology_probe: dsmi_get_device_info(CPU_TOPO) rc=65534 total=0
[mono_ns=182521748537492][T0x7a6cc9e7b740][WARN] prepare_execution: [device_runner.cpp:343] AICPU CPU_TOPO unavailable; using json_fallback: soc=Ascend950PR_9579 occupy=0x3e stable_reachable=5 requested=0 effective=5 affinity=[1, 2, 3, 4, 5(orch)]
[mono_ns=182521750928261][T0x7a6cc9e7b740][TIMING] emit_host_span: [STRACE] v=1 pid=462205 tid=462205 inv=1 hid=3d601e71d3e3806f depth=1 name=chip.run.runner_run ts=182521748633396 dur=2292141
[mono_ns=182521759449420][T0x7a6cc9e7b740][TIMING] emit_host_span: [STRACE] v=1 pid=462205 tid=462205 inv=1 hid=3d601e71d3e3806f depth=1 name=chip.run.validate ts=182521750934260 dur=8513067
[mono_ns=182521759455159][T0x7a6cc9e7b740][TIMING] emit_host_span: [STRACE] v=1 pid=462205 tid=462205 inv=1 hid=3d601e71d3e3806f depth=2 name=chip.run.runner_run.device_wall ts=0 dur=1317033 clk=dev
[mono_ns=182521759456922][T0x7a6cc9e7b740][TIMING] emit_host_span: [STRACE] v=1 pid=462205 tid=462205 inv=1 hid=3d601e71d3e3806f depth=3 name=chip.run.runner_run.device_wall.preamble ts=0 dur=315406 clk=dev
[mono_ns=182521759458414][T0x7a6cc9e7b740][TIMING] emit_host_span: [STRACE] v=1 pid=462205 tid=462205 inv=1 hid=3d601e71d3e3806f depth=3 name=chip.run.runner_run.device_wall.graph_build ts=44938 dur=1256350 clk=dev
[mono_ns=182521759459485][T0x7a6cc9e7b740][TIMING] emit_host_span: [STRACE] v=1 pid=462205 tid=462205 inv=1 hid=3d601e71d3e3806f depth=3 name=chip.run.runner_run.device_wall.config_validate ts=49971 dur=4399 clk=dev
[mono_ns=182521759460537][T0x7a6cc9e7b740][TIMING] emit_host_span: [STRACE] v=1 pid=462205 tid=462205 inv=1 hid=3d601e71d3e3806f depth=3 name=chip.run.runner_run.device_wall.arena_wire ts=54407 dur=20744 clk=dev
[mono_ns=182521759461518][T0x7a6cc9e7b740][TIMING] emit_host_span: [STRACE] v=1 pid=462205 tid=462205 inv=1 hid=3d601e71d3e3806f depth=3 name=chip.run.runner_run.device_wall.sm_reset ts=75188 dur=57922 clk=dev
[mono_ns=182521759462530][T0x7a6cc9e7b740][TIMING] emit_host_span: [STRACE] v=1 pid=462205 tid=462205 inv=1 hid=3d601e71d3e3806f depth=3 name=chip.run.runner_run.device_wall.post_orch ts=1301352 dur=10850 clk=dev
[mono_ns=182521759463531][T0x7a6cc9e7b740][TIMING] emit_host_span: [STRACE] v=1 pid=462205 tid=462205 inv=1 hid=3d601e71d3e3806f depth=3 name=chip.run.runner_run.device_wall.orch ts=134523 dur=1063331 clk=dev
[mono_ns=182521759464533][T0x7a6cc9e7b740][TIMING] emit_host_span: [STRACE] v=1 pid=462205 tid=462205 inv=1 hid=3d601e71d3e3806f depth=3 name=chip.run.runner_run.device_wall.sched ts=318033 dur=945676 clk=dev
[mono_ns=182521759466205][T0x7a6cc9e7b740][TIMING] emit_host_span: [STRACE] v=1 pid=462205 tid=462205 inv=1 hid=3d601e71d3e3806f depth=1 name=chip.run.claim_release ts=182521759465344 dur=220
[mono_ns=182521759468218][T0x7a6cc9e7b740][TIMING] emit_host_span: [STRACE] v=1 pid=462205 tid=462205 inv=1 hid=3d601e71d3e3806f depth=0 name=chip.run ts=182521662045455 dur=97421802 run_id=0 dispatch_id=0 slot_id=0 generation=1 run_epoch=1
[mono_ns=182521803403001][T0x7a6cc9e7b740][TIMING] emit_host_span: [STRACE] v=1 pid=462205 tid=462205 inv=2 hid=3d601e71d3e3806f depth=2 name=chip.run.bind.args ts=182521760055911 dur=43344256
[mono_ns=182521803411724][T0x7a6cc9e7b740][TIMING] emit_host_span: [STRACE] v=1 pid=462205 tid=462205 inv=2 hid=3d601e71d3e3806f depth=2 name=chip.run.bind.prebuilt ts=182521803409170 dur=1703
[mono_ns=182521803413807][T0x7a6cc9e7b740][TIMING] emit_host_span: [STRACE] v=1 pid=462205 tid=462205 inv=2 hid=3d601e71d3e3806f depth=1 name=chip.run.bind ts=182521760049561 dur=43363405
[mono_ns=182521808240011][T0x7a6cc9e7b740][WARN] prepare_execution: [device_runner.cpp:343] AICPU CPU_TOPO unavailable; using json_fallback: soc=Ascend950PR_9579 occupy=0x3e stable_reachable=5 requested=0 effective=5 affinity=[1, 2, 3, 4, 5(orch)]
[mono_ns=182521809804499][T0x7a6cc9e7b740][TIMING] emit_host_span: [STRACE] v=1 pid=462205 tid=462205 inv=2 hid=3d601e71d3e3806f depth=1 name=chip.run.runner_run ts=182521808297457 dur=1505680
[mono_ns=182521816440629][T0x7a6cc9e7b740][TIMING] emit_host_span: [STRACE] v=1 pid=462205 tid=462205 inv=2 hid=3d601e71d3e3806f depth=1 name=chip.run.validate ts=182521809807594 dur=6631814
[mono_ns=182521816443063][T0x7a6cc9e7b740][TIMING] emit_host_span: [STRACE] v=1 pid=462205 tid=462205 inv=2 hid=3d601e71d3e3806f depth=2 name=chip.run.runner_run.device_wall ts=0 dur=1336498 clk=dev
[mono_ns=182521816444836][T0x7a6cc9e7b740][TIMING] emit_host_span: [STRACE] v=1 pid=462205 tid=462205 inv=2 hid=3d601e71d3e3806f depth=3 name=chip.run.runner_run.device_wall.preamble ts=0 dur=13682 clk=dev
[mono_ns=182521816446008][T0x7a6cc9e7b740][TIMING] emit_host_span: [STRACE] v=1 pid=462205 tid=462205 inv=2 hid=3d601e71d3e3806f depth=3 name=chip.run.runner_run.device_wall.graph_build ts=3423 dur=1328340 clk=dev
[mono_ns=182521816447039][T0x7a6cc9e7b740][TIMING] emit_host_span: [STRACE] v=1 pid=462205 tid=462205 inv=2 hid=3d601e71d3e3806f depth=3 name=chip.run.runner_run.device_wall.config_validate ts=4239 dur=1331 clk=dev
[mono_ns=182521816448031][T0x7a6cc9e7b740][TIMING] emit_host_span: [STRACE] v=1 pid=462205 tid=462205 inv=2 hid=3d601e71d3e3806f depth=3 name=chip.run.runner_run.device_wall.arena_wire ts=5852 dur=4408 clk=dev
[mono_ns=182521816449022][T0x7a6cc9e7b740][TIMING] emit_host_span: [STRACE] v=1 pid=462205 tid=462205 inv=2 hid=3d601e71d3e3806f depth=3 name=chip.run.runner_run.device_wall.sm_reset ts=10370 dur=4927 clk=dev
[mono_ns=182521816450054][T0x7a6cc9e7b740][TIMING] emit_host_span: [STRACE] v=1 pid=462205 tid=462205 inv=2 hid=3d601e71d3e3806f depth=3 name=chip.run.runner_run.device_wall.post_orch ts=1331812 dur=3841 clk=dev
[mono_ns=182521816451065][T0x7a6cc9e7b740][TIMING] emit_host_span: [STRACE] v=1 pid=462205 tid=462205 inv=2 hid=3d601e71d3e3806f depth=3 name=chip.run.runner_run.device_wall.orch ts=15385 dur=1196503 clk=dev
[mono_ns=182521816452047][T0x7a6cc9e7b740][TIMING] emit_host_span: [STRACE] v=1 pid=462205 tid=462205 inv=2 hid=3d601e71d3e3806f depth=3 name=chip.run.runner_run.device_wall.sched ts=16354 dur=1302818 clk=dev
[mono_ns=182521816453349][T0x7a6cc9e7b740][TIMING] emit_host_span: [STRACE] v=1 pid=462205 tid=462205 inv=2 hid=3d601e71d3e3806f depth=1 name=chip.run.claim_release ts=182521816452648 dur=90
[mono_ns=182521816454881][T0x7a6cc9e7b740][TIMING] emit_host_span: [STRACE] v=1 pid=462205 tid=462205 inv=2 hid=3d601e71d3e3806f depth=0 name=chip.run ts=182521760042721 dur=56411349 run_id=0 dispatch_id=0 slot_id=0 generation=2 run_epoch=2
[mono_ns=182521855791051][T0x7a6cc9e7b740][TIMING] emit_host_span: [STRACE] v=1 pid=462205 tid=462205 inv=3 hid=3d601e71d3e3806f depth=2 name=chip.run.bind.args ts=182521816888271 dur=38901118
[mono_ns=182521855797090][T0x7a6cc9e7b740][TIMING] emit_host_span: [STRACE] v=1 pid=462205 tid=462205 inv=3 hid=3d601e71d3e3806f depth=2 name=chip.run.bind.prebuilt ts=182521855794847 dur=1592
[mono_ns=182521855798402][T0x7a6cc9e7b740][TIMING] emit_host_span: [STRACE] v=1 pid=462205 tid=462205 inv=3 hid=3d601e71d3e3806f depth=1 name=chip.run.bind ts=182521816884205 dur=38913606
[mono_ns=182521860494871][T0x7a6cc9e7b740][WARN] prepare_execution: [device_runner.cpp:343] AICPU CPU_TOPO unavailable; using json_fallback: soc=Ascend950PR_9579 occupy=0x3e stable_reachable=5 requested=0 effective=5 affinity=[1, 2, 3, 4, 5(orch)]
[mono_ns=182521862052099][T0x7a6cc9e7b740][TIMING] emit_host_span: [STRACE] v=1 pid=462205 tid=462205 inv=3 hid=3d601e71d3e3806f depth=1 name=chip.run.runner_run ts=182521860554591 dur=1496396
[mono_ns=182521869073978][T0x7a6cc9e7b740][TIMING] emit_host_span: [STRACE] v=1 pid=462205 tid=462205 inv=3 hid=3d601e71d3e3806f depth=1 name=chip.run.validate ts=182521862054502 dur=7018454
[mono_ns=182521869076662][T0x7a6cc9e7b740][TIMING] emit_host_span: [STRACE] v=1 pid=462205 tid=462205 inv=3 hid=3d601e71d3e3806f depth=2 name=chip.run.runner_run.device_wall ts=0 dur=1345880 clk=dev
[mono_ns=182521869078104][T0x7a6cc9e7b740][TIMING] emit_host_span: [STRACE] v=1 pid=462205 tid=462205 inv=3 hid=3d601e71d3e3806f depth=3 name=chip.run.runner_run.device_wall.preamble ts=0 dur=14306 clk=dev
[mono_ns=182521869079316][T0x7a6cc9e7b740][TIMING] emit_host_span: [STRACE] v=1 pid=462205 tid=462205 inv=3 hid=3d601e71d3e3806f depth=3 name=chip.run.runner_run.device_wall.graph_build ts=3739 dur=1336624 clk=dev
[mono_ns=182521869080347][T0x7a6cc9e7b740][TIMING] emit_host_span: [STRACE] v=1 pid=462205 tid=462205 inv=3 hid=3d601e71d3e3806f depth=3 name=chip.run.runner_run.device_wall.config_validate ts=4667 dur=1525 clk=dev
[mono_ns=182521869081359][T0x7a6cc9e7b740][TIMING] emit_host_span: [STRACE] v=1 pid=462205 tid=462205 inv=3 hid=3d601e71d3e3806f depth=3 name=chip.run.runner_run.device_wall.arena_wire ts=6221 dur=3102 clk=dev
[mono_ns=182521869082340][T0x7a6cc9e7b740][TIMING] emit_host_span: [STRACE] v=1 pid=462205 tid=462205 inv=3 hid=3d601e71d3e3806f depth=3 name=chip.run.runner_run.device_wall.sm_reset ts=9392 dur=5077 clk=dev
[mono_ns=182521869083352][T0x7a6cc9e7b740][TIMING] emit_host_span: [STRACE] v=1 pid=462205 tid=462205 inv=3 hid=3d601e71d3e3806f depth=3 name=chip.run.runner_run.device_wall.post_orch ts=1340417 dur=4978 clk=dev
[mono_ns=182521869084353][T0x7a6cc9e7b740][TIMING] emit_host_span: [STRACE] v=1 pid=462205 tid=462205 inv=3 hid=3d601e71d3e3806f depth=3 name=chip.run.runner_run.device_wall.orch ts=14541 dur=1215757 clk=dev
[mono_ns=182521869085355][T0x7a6cc9e7b740][TIMING] emit_host_span: [STRACE] v=1 pid=462205 tid=462205 inv=3 hid=3d601e71d3e3806f depth=3 name=chip.run.runner_run.device_wall.sched ts=15407 dur=1311688 clk=dev
[mono_ns=182521869086607][T0x7a6cc9e7b740][TIMING] emit_host_span: [STRACE] v=1 pid=462205 tid=462205 inv=3 hid=3d601e71d3e3806f depth=1 name=chip.run.claim_release ts=182521869086006 dur=60
[mono_ns=182521869087909][T0x7a6cc9e7b740][TIMING] emit_host_span: [STRACE] v=1 pid=462205 tid=462205 inv=3 hid=3d601e71d3e3806f depth=0 name=chip.run ts=182521816880259 dur=52207029 run_id=0 dispatch_id=0 slot_id=0 generation=3 run_epoch=3
[mono_ns=182521905776065][T0x7a6cc9e7b740][TIMING] emit_host_span: [STRACE] v=1 pid=462205 tid=462205 inv=4 hid=3d601e71d3e3806f depth=2 name=chip.run.bind.args ts=182521869453417 dur=36320925
[mono_ns=182521905781303][T0x7a6cc9e7b740][TIMING] emit_host_span: [STRACE] v=1 pid=462205 tid=462205 inv=4 hid=3d601e71d3e3806f depth=2 name=chip.run.bind.prebuilt ts=182521905779300 dur=1392
[mono_ns=182521905782565][T0x7a6cc9e7b740][TIMING] emit_host_span: [STRACE] v=1 pid=462205 tid=462205 inv=4 hid=3d601e71d3e3806f depth=1 name=chip.run.bind ts=182521869449421 dur=36332543
[mono_ns=182521910513405][T0x7a6cc9e7b740][WARN] prepare_execution: [device_runner.cpp:343] AICPU CPU_TOPO unavailable; using json_fallback: soc=Ascend950PR_9579 occupy=0x3e stable_reachable=5 requested=0 effective=5 affinity=[1, 2, 3, 4, 5(orch)]
[mono_ns=182521912075440][T0x7a6cc9e7b740][TIMING] emit_host_span: [STRACE] v=1 pid=462205 tid=462205 inv=4 hid=3d601e71d3e3806f depth=1 name=chip.run.runner_run ts=182521910570711 dur=1503447
[mono_ns=182521919324500][T0x7a6cc9e7b740][TIMING] emit_host_span: [STRACE] v=1 pid=462205 tid=462205 inv=4 hid=3d601e71d3e3806f depth=1 name=chip.run.validate ts=182521912078013 dur=7245205
[mono_ns=182521919331971][T0x7a6cc9e7b740][TIMING] emit_host_span: [STRACE] v=1 pid=462205 tid=462205 inv=4 hid=3d601e71d3e3806f depth=2 name=chip.run.runner_run.device_wall ts=0 dur=1345656 clk=dev
[mono_ns=182521919333373][T0x7a6cc9e7b740][TIMING] emit_host_span: [STRACE] v=1 pid=462205 tid=462205 inv=4 hid=3d601e71d3e3806f depth=3 name=chip.run.runner_run.device_wall.preamble ts=0 dur=13334 clk=dev
[mono_ns=182521919334425][T0x7a6cc9e7b740][TIMING] emit_host_span: [STRACE] v=1 pid=462205 tid=462205 inv=4 hid=3d601e71d3e3806f depth=3 name=chip.run.runner_run.device_wall.graph_build ts=3679 dur=1337551 clk=dev
[mono_ns=182521919335456][T0x7a6cc9e7b740][TIMING] emit_host_span: [STRACE] v=1 pid=462205 tid=462205 inv=4 hid=3d601e71d3e3806f depth=3 name=chip.run.runner_run.device_wall.config_validate ts=4185 dur=1086 clk=dev
[mono_ns=182521919336428][T0x7a6cc9e7b740][TIMING] emit_host_span: [STRACE] v=1 pid=462205 tid=462205 inv=4 hid=3d601e71d3e3806f depth=3 name=chip.run.runner_run.device_wall.arena_wire ts=5721 dur=2470 clk=dev
[mono_ns=182521919337399][T0x7a6cc9e7b740][TIMING] emit_host_span: [STRACE] v=1 pid=462205 tid=462205 inv=4 hid=3d601e71d3e3806f depth=3 name=chip.run.runner_run.device_wall.sm_reset ts=8264 dur=4368 clk=dev
[mono_ns=182521919338441][T0x7a6cc9e7b740][TIMING] emit_host_span: [STRACE] v=1 pid=462205 tid=462205 inv=4 hid=3d601e71d3e3806f depth=3 name=chip.run.runner_run.device_wall.post_orch ts=1341264 dur=3897 clk=dev
[mono_ns=182521919339432][T0x7a6cc9e7b740][TIMING] emit_host_span: [STRACE] v=1 pid=462205 tid=462205 inv=4 hid=3d601e71d3e3806f depth=3 name=chip.run.runner_run.device_wall.orch ts=12704 dur=1237016 clk=dev
[mono_ns=182521919340424][T0x7a6cc9e7b740][TIMING] emit_host_span: [STRACE] v=1 pid=462205 tid=462205 inv=4 hid=3d601e71d3e3806f depth=3 name=chip.run.runner_run.device_wall.sched ts=13930 dur=1311986 clk=dev
[mono_ns=182521919341766][T0x7a6cc9e7b740][TIMING] emit_host_span: [STRACE] v=1 pid=462205 tid=462205 inv=4 hid=3d601e71d3e3806f depth=1 name=chip.run.claim_release ts=182521919341205 dur=40
[mono_ns=182521919343058][T0x7a6cc9e7b740][TIMING] emit_host_span: [STRACE] v=1 pid=462205 tid=462205 inv=4 hid=3d601e71d3e3806f depth=0 name=chip.run ts=182521869446397 dur=49896050 run_id=0 dispatch_id=0 slot_id=0 generation=4 run_epoch=4
[mono_ns=182521954759475][T0x7a6cc9e7b740][TIMING] emit_host_span: [STRACE] v=1 pid=462205 tid=462205 inv=5 hid=3d601e71d3e3806f depth=2 name=chip.run.bind.args ts=182521919735797 dur=35022156
[mono_ns=182521954766055][T0x7a6cc9e7b740][TIMING] emit_host_span: [STRACE] v=1 pid=462205 tid=462205 inv=5 hid=3d601e71d3e3806f depth=2 name=chip.run.bind.prebuilt ts=182521954763801 dur=1663
[mono_ns=182521954767597][T0x7a6cc9e7b740][TIMING] emit_host_span: [STRACE] v=1 pid=462205 tid=462205 inv=5 hid=3d601e71d3e3806f depth=1 name=chip.run.bind ts=182521919732402 dur=35034644
[mono_ns=182521959443936][T0x7a6cc9e7b740][WARN] prepare_execution: [device_runner.cpp:343] AICPU CPU_TOPO unavailable; using json_fallback: soc=Ascend950PR_9579 occupy=0x3e stable_reachable=5 requested=0 effective=5 affinity=[1, 2, 3, 4, 5(orch)]
[mono_ns=182521961071168][T0x7a6cc9e7b740][TIMING] emit_host_span: [STRACE] v=1 pid=462205 tid=462205 inv=5 hid=3d601e71d3e3806f depth=1 name=chip.run.runner_run ts=182521959500761 dur=1569576
[mono_ns=182521967857614][T0x7a6cc9e7b740][TIMING] emit_host_span: [STRACE] v=1 pid=462205 tid=462205 inv=5 hid=3d601e71d3e3806f depth=1 name=chip.run.validate ts=182521961073732 dur=6782821
[mono_ns=182521967860458][T0x7a6cc9e7b740][TIMING] emit_host_span: [STRACE] v=1 pid=462205 tid=462205 inv=5 hid=3d601e71d3e3806f depth=2 name=chip.run.runner_run.device_wall ts=0 dur=1417208 clk=dev
[mono_ns=182521967861790][T0x7a6cc9e7b740][TIMING] emit_host_span: [STRACE] v=1 pid=462205 tid=462205 inv=5 hid=3d601e71d3e3806f depth=3 name=chip.run.runner_run.device_wall.preamble ts=0 dur=12840 clk=dev
[mono_ns=182521967863132][T0x7a6cc9e7b740][TIMING] emit_host_span: [STRACE] v=1 pid=462205 tid=462205 inv=5 hid=3d601e71d3e3806f depth=3 name=chip.run.runner_run.device_wall.graph_build ts=3808 dur=1408938 clk=dev
[mono_ns=182521967869322][T0x7a6cc9e7b740][TIMING] emit_host_span: [STRACE] v=1 pid=462205 tid=462205 inv=5 hid=3d601e71d3e3806f depth=3 name=chip.run.runner_run.device_wall.config_validate ts=4213 dur=1008 clk=dev
[mono_ns=182521967870343][T0x7a6cc9e7b740][TIMING] emit_host_span: [STRACE] v=1 pid=462205 tid=462205 inv=5 hid=3d601e71d3e3806f depth=3 name=chip.run.runner_run.device_wall.arena_wire ts=5535 dur=2979 clk=dev
[mono_ns=182521967871325][T0x7a6cc9e7b740][TIMING] emit_host_span: [STRACE] v=1 pid=462205 tid=462205 inv=5 hid=3d601e71d3e3806f depth=3 name=chip.run.runner_run.device_wall.sm_reset ts=8597 dur=5169 clk=dev
[mono_ns=182521967872316][T0x7a6cc9e7b740][TIMING] emit_host_span: [STRACE] v=1 pid=462205 tid=462205 inv=5 hid=3d601e71d3e3806f depth=3 name=chip.run.runner_run.device_wall.post_orch ts=1412772 dur=3813 clk=dev
[mono_ns=182521967873298][T0x7a6cc9e7b740][TIMING] emit_host_span: [STRACE] v=1 pid=462205 tid=462205 inv=5 hid=3d601e71d3e3806f depth=3 name=chip.run.runner_run.device_wall.orch ts=13785 dur=1303295 clk=dev
[mono_ns=182521967874279][T0x7a6cc9e7b740][TIMING] emit_host_span: [STRACE] v=1 pid=462205 tid=462205 inv=5 hid=3d601e71d3e3806f depth=3 name=chip.run.runner_run.device_wall.sched ts=14430 dur=1385871 clk=dev
[mono_ns=182521967875531][T0x7a6cc9e7b740][TIMING] emit_host_span: [STRACE] v=1 pid=462205 tid=462205 inv=5 hid=3d601e71d3e3806f depth=1 name=chip.run.claim_release ts=182521967874940 dur=50
[mono_ns=182521967876773][T0x7a6cc9e7b740][TIMING] emit_host_span: [STRACE] v=1 pid=462205 tid=462205 inv=5 hid=3d601e71d3e3806f depth=0 name=chip.run ts=182521919728857 dur=48147305 run_id=0 dispatch_id=0 slot_id=0 generation=5 run_epoch=5
[mono_ns=182522005772181][T0x7a6cc9e7b740][TIMING] emit_host_span: [STRACE] v=1 pid=462205 tid=462205 inv=6 hid=3d601e71d3e3806f depth=2 name=chip.run.bind.args ts=182521968229923 dur=37540906
[mono_ns=182522005779241][T0x7a6cc9e7b740][TIMING] emit_host_span: [STRACE] v=1 pid=462205 tid=462205 inv=6 hid=3d601e71d3e3806f depth=2 name=chip.run.bind.prebuilt ts=182522005777168 dur=1443
[mono_ns=182522005780563][T0x7a6cc9e7b740][TIMING] emit_host_span: [STRACE] v=1 pid=462205 tid=462205 inv=6 hid=3d601e71d3e3806f depth=1 name=chip.run.bind ts=182521968226808 dur=37553205
[mono_ns=182522010444644][T0x7a6cc9e7b740][WARN] prepare_execution: [device_runner.cpp:343] AICPU CPU_TOPO unavailable; using json_fallback: soc=Ascend950PR_9579 occupy=0x3e stable_reachable=5 requested=0 effective=5 affinity=[1, 2, 3, 4, 5(orch)]
[mono_ns=182522012042001][T0x7a6cc9e7b740][TIMING] emit_host_span: [STRACE] v=1 pid=462205 tid=462205 inv=6 hid=3d601e71d3e3806f depth=1 name=chip.run.runner_run ts=182522010504494 dur=1536516
[mono_ns=182522019060546][T0x7a6cc9e7b740][TIMING] emit_host_span: [STRACE] v=1 pid=462205 tid=462205 inv=6 hid=3d601e71d3e3806f depth=1 name=chip.run.validate ts=182522012044685 dur=7014919
[mono_ns=182522019063450][T0x7a6cc9e7b740][TIMING] emit_host_span: [STRACE] v=1 pid=462205 tid=462205 inv=6 hid=3d601e71d3e3806f depth=2 name=chip.run.runner_run.device_wall ts=0 dur=1372646 clk=dev
[mono_ns=182522019064672][T0x7a6cc9e7b740][TIMING] emit_host_span: [STRACE] v=1 pid=462205 tid=462205 inv=6 hid=3d601e71d3e3806f depth=3 name=chip.run.runner_run.device_wall.preamble ts=0 dur=13477 clk=dev
[mono_ns=182522019065713][T0x7a6cc9e7b740][TIMING] emit_host_span: [STRACE] v=1 pid=462205 tid=462205 inv=6 hid=3d601e71d3e3806f depth=3 name=chip.run.runner_run.device_wall.graph_build ts=3919 dur=1364626 clk=dev
[mono_ns=182522019066715][T0x7a6cc9e7b740][TIMING] emit_host_span: [STRACE] v=1 pid=462205 tid=462205 inv=6 hid=3d601e71d3e3806f depth=3 name=chip.run.runner_run.device_wall.config_validate ts=4500 dur=1189 clk=dev
[mono_ns=182522019067706][T0x7a6cc9e7b740][TIMING] emit_host_span: [STRACE] v=1 pid=462205 tid=462205 inv=6 hid=3d601e71d3e3806f depth=3 name=chip.run.runner_run.device_wall.arena_wire ts=5711 dur=2860 clk=dev
[mono_ns=182522019068698][T0x7a6cc9e7b740][TIMING] emit_host_span: [STRACE] v=1 pid=462205 tid=462205 inv=6 hid=3d601e71d3e3806f depth=3 name=chip.run.runner_run.device_wall.sm_reset ts=8638 dur=4664 clk=dev
[mono_ns=182522019074276][T0x7a6cc9e7b740][TIMING] emit_host_span: [STRACE] v=1 pid=462205 tid=462205 inv=6 hid=3d601e71d3e3806f depth=3 name=chip.run.runner_run.device_wall.post_orch ts=1368567 dur=3658 clk=dev
[mono_ns=182522019075268][T0x7a6cc9e7b740][TIMING] emit_host_span: [STRACE] v=1 pid=462205 tid=462205 inv=6 hid=3d601e71d3e3806f depth=3 name=chip.run.runner_run.device_wall.orch ts=13434 dur=1272043 clk=dev
[mono_ns=182522019076259][T0x7a6cc9e7b740][TIMING] emit_host_span: [STRACE] v=1 pid=462205 tid=462205 inv=6 hid=3d601e71d3e3806f depth=3 name=chip.run.runner_run.device_wall.sched ts=14213 dur=1339654 clk=dev
[mono_ns=182522019077481][T0x7a6cc9e7b740][TIMING] emit_host_span: [STRACE] v=1 pid=462205 tid=462205 inv=6 hid=3d601e71d3e3806f depth=1 name=chip.run.claim_release ts=182522019076870 dur=50
[mono_ns=182522019078743][T0x7a6cc9e7b740][TIMING] emit_host_span: [STRACE] v=1 pid=462205 tid=462205 inv=6 hid=3d601e71d3e3806f depth=0 name=chip.run ts=182521968223704 dur=50854448 run_id=0 dispatch_id=0 slot_id=0 generation=6 run_epoch=6
[mono_ns=182522059019711][T0x7a6cc9e7b740][TIMING] emit_host_span: [STRACE] v=1 pid=462205 tid=462205 inv=7 hid=3d601e71d3e3806f depth=2 name=chip.run.bind.args ts=182522019435358 dur=39582801
[mono_ns=182522059026561][T0x7a6cc9e7b740][TIMING] emit_host_span: [STRACE] v=1 pid=462205 tid=462205 inv=7 hid=3d601e71d3e3806f depth=2 name=chip.run.bind.prebuilt ts=182522059024999 dur=911
[mono_ns=182522059028584][T0x7a6cc9e7b740][TIMING] emit_host_span: [STRACE] v=1 pid=462205 tid=462205 inv=7 hid=3d601e71d3e3806f depth=1 name=chip.run.bind ts=182522019431893 dur=39595910
[mono_ns=182522063765714][T0x7a6cc9e7b740][WARN] prepare_execution: [device_runner.cpp:343] AICPU CPU_TOPO unavailable; using json_fallback: soc=Ascend950PR_9579 occupy=0x3e stable_reachable=5 requested=0 effective=5 affinity=[1, 2, 3, 4, 5(orch)]
[mono_ns=182522065451865][T0x7a6cc9e7b740][TIMING] emit_host_span: [STRACE] v=1 pid=462205 tid=462205 inv=7 hid=3d601e71d3e3806f depth=1 name=chip.run.runner_run ts=182522063826646 dur=1623967
[mono_ns=182522072368977][T0x7a6cc9e7b740][TIMING] emit_host_span: [STRACE] v=1 pid=462205 tid=462205 inv=7 hid=3d601e71d3e3806f depth=1 name=chip.run.validate ts=182522065455451 dur=6912615
[mono_ns=182522072373224][T0x7a6cc9e7b740][TIMING] emit_host_span: [STRACE] v=1 pid=462205 tid=462205 inv=7 hid=3d601e71d3e3806f depth=2 name=chip.run.runner_run.device_wall ts=0 dur=1486797 clk=dev
[mono_ns=182522072374536][T0x7a6cc9e7b740][TIMING] emit_host_span: [STRACE] v=1 pid=462205 tid=462205 inv=7 hid=3d601e71d3e3806f depth=3 name=chip.run.runner_run.device_wall.preamble ts=0 dur=12862 clk=dev
[mono_ns=182522072375567][T0x7a6cc9e7b740][TIMING] emit_host_span: [STRACE] v=1 pid=462205 tid=462205 inv=7 hid=3d601e71d3e3806f depth=3 name=chip.run.runner_run.device_wall.graph_build ts=3447 dur=1478168 clk=dev
[mono_ns=182522072376619][T0x7a6cc9e7b740][TIMING] emit_host_span: [STRACE] v=1 pid=462205 tid=462205 inv=7 hid=3d601e71d3e3806f depth=3 name=chip.run.runner_run.device_wall.config_validate ts=3742 dur=943 clk=dev
[mono_ns=182522072377630][T0x7a6cc9e7b740][TIMING] emit_host_span: [STRACE] v=1 pid=462205 tid=462205 inv=7 hid=3d601e71d3e3806f depth=3 name=chip.run.runner_run.device_wall.arena_wire ts=4750 dur=2827 clk=dev
[mono_ns=182522072378622][T0x7a6cc9e7b740][TIMING] emit_host_span: [STRACE] v=1 pid=462205 tid=462205 inv=7 hid=3d601e71d3e3806f depth=3 name=chip.run.runner_run.device_wall.sm_reset ts=7651 dur=4407 clk=dev
[mono_ns=182522072379623][T0x7a6cc9e7b740][TIMING] emit_host_span: [STRACE] v=1 pid=462205 tid=462205 inv=7 hid=3d601e71d3e3806f depth=3 name=chip.run.runner_run.device_wall.post_orch ts=1481635 dur=4681 clk=dev
[mono_ns=182522072380615][T0x7a6cc9e7b740][TIMING] emit_host_span: [STRACE] v=1 pid=462205 tid=462205 inv=7 hid=3d601e71d3e3806f depth=3 name=chip.run.runner_run.device_wall.orch ts=12232 dur=1375532 clk=dev
[mono_ns=182522072386063][T0x7a6cc9e7b740][TIMING] emit_host_span: [STRACE] v=1 pid=462205 tid=462205 inv=7 hid=3d601e71d3e3806f depth=3 name=chip.run.runner_run.device_wall.sched ts=13331 dur=1453581 clk=dev
[mono_ns=182522072387315][T0x7a6cc9e7b740][TIMING] emit_host_span: [STRACE] v=1 pid=462205 tid=462205 inv=7 hid=3d601e71d3e3806f depth=1 name=chip.run.claim_release ts=182522072386674 dur=60
[mono_ns=182522072388637][T0x7a6cc9e7b740][TIMING] emit_host_span: [STRACE] v=1 pid=462205 tid=462205 inv=7 hid=3d601e71d3e3806f depth=0 name=chip.run ts=182522019428768 dur=52959258 run_id=0 dispatch_id=0 slot_id=0 generation=7 run_epoch=7
[mono_ns=182522111485548][T0x7a6cc9e7b740][TIMING] emit_host_span: [STRACE] v=1 pid=462205 tid=462205 inv=8 hid=3d601e71d3e3806f depth=2 name=chip.run.bind.args ts=182522072748026 dur=38734978
[mono_ns=182522111491277][T0x7a6cc9e7b740][TIMING] emit_host_span: [STRACE] v=1 pid=462205 tid=462205 inv=8 hid=3d601e71d3e3806f depth=2 name=chip.run.bind.prebuilt ts=182522111489594 dur=1002
[mono_ns=182522111492779][T0x7a6cc9e7b740][TIMING] emit_host_span: [STRACE] v=1 pid=462205 tid=462205 inv=8 hid=3d601e71d3e3806f depth=1 name=chip.run.bind ts=182522072744781 dur=38747377
[mono_ns=182522116143279][T0x7a6cc9e7b740][WARN] prepare_execution: [device_runner.cpp:343] AICPU CPU_TOPO unavailable; using json_fallback: soc=Ascend950PR_9579 occupy=0x3e stable_reachable=5 requested=0 effective=5 affinity=[1, 2, 3, 4, 5(orch)]
[mono_ns=182522117607236][T0x7a6cc9e7b740][TIMING] emit_host_span: [STRACE] v=1 pid=462205 tid=462205 inv=8 hid=3d601e71d3e3806f depth=1 name=chip.run.runner_run ts=182522116204170 dur=1401804
[mono_ns=182522124613602][T0x7a6cc9e7b740][TIMING] emit_host_span: [STRACE] v=1 pid=462205 tid=462205 inv=8 hid=3d601e71d3e3806f depth=1 name=chip.run.validate ts=182522117609840 dur=7002651
[mono_ns=182522124616677][T0x7a6cc9e7b740][TIMING] emit_host_span: [STRACE] v=1 pid=462205 tid=462205 inv=8 hid=3d601e71d3e3806f depth=2 name=chip.run.runner_run.device_wall ts=0 dur=1256926 clk=dev
[mono_ns=182522124617939][T0x7a6cc9e7b740][TIMING] emit_host_span: [STRACE] v=1 pid=462205 tid=462205 inv=8 hid=3d601e71d3e3806f depth=3 name=chip.run.runner_run.device_wall.preamble ts=0 dur=13110 clk=dev
[mono_ns=182522124618950][T0x7a6cc9e7b740][TIMING] emit_host_span: [STRACE] v=1 pid=462205 tid=462205 inv=8 hid=3d601e71d3e3806f depth=3 name=chip.run.runner_run.device_wall.graph_build ts=3897 dur=1248907 clk=dev
[mono_ns=182522124619982][T0x7a6cc9e7b740][TIMING] emit_host_span: [STRACE] v=1 pid=462205 tid=462205 inv=8 hid=3d601e71d3e3806f depth=3 name=chip.run.runner_run.device_wall.config_validate ts=4294 dur=950 clk=dev
[mono_ns=182522124620993][T0x7a6cc9e7b740][TIMING] emit_host_span: [STRACE] v=1 pid=462205 tid=462205 inv=8 hid=3d601e71d3e3806f depth=3 name=chip.run.runner_run.device_wall.arena_wire ts=5462 dur=3082 clk=dev
[mono_ns=182522124621965][T0x7a6cc9e7b740][TIMING] emit_host_span: [STRACE] v=1 pid=462205 tid=462205 inv=8 hid=3d601e71d3e3806f depth=3 name=chip.run.runner_run.device_wall.sm_reset ts=8615 dur=5088 clk=dev
[mono_ns=182522124622966][T0x7a6cc9e7b740][TIMING] emit_host_span: [STRACE] v=1 pid=462205 tid=462205 inv=8 hid=3d601e71d3e3806f depth=3 name=chip.run.runner_run.device_wall.post_orch ts=1252827 dur=3588 clk=dev
[mono_ns=182522124623968][T0x7a6cc9e7b740][TIMING] emit_host_span: [STRACE] v=1 pid=462205 tid=462205 inv=8 hid=3d601e71d3e3806f depth=3 name=chip.run.runner_run.device_wall.orch ts=13870 dur=1151777 clk=dev
[mono_ns=182522124624959][T0x7a6cc9e7b740][TIMING] emit_host_span: [STRACE] v=1 pid=462205 tid=462205 inv=8 hid=3d601e71d3e3806f depth=3 name=chip.run.runner_run.device_wall.sched ts=14433 dur=1223270 clk=dev
[mono_ns=182522124626452][T0x7a6cc9e7b740][TIMING] emit_host_span: [STRACE] v=1 pid=462205 tid=462205 inv=8 hid=3d601e71d3e3806f depth=1 name=chip.run.claim_release ts=182522124625841 dur=70
[mono_ns=182522124627964][T0x7a6cc9e7b740][TIMING] emit_host_span: [STRACE] v=1 pid=462205 tid=462205 inv=8 hid=3d601e71d3e3806f depth=0 name=chip.run ts=182522072742278 dur=51884865 run_id=0 dispatch_id=0 slot_id=0 generation=8 run_epoch=8
[mono_ns=182522161281888][T0x7a6cc9e7b740][TIMING] emit_host_span: [STRACE] v=1 pid=462205 tid=462205 inv=9 hid=3d601e71d3e3806f depth=2 name=chip.run.bind.args ts=182522125030688 dur=36249197
[mono_ns=182522161289380][T0x7a6cc9e7b740][TIMING] emit_host_span: [STRACE] v=1 pid=462205 tid=462205 inv=9 hid=3d601e71d3e3806f depth=2 name=chip.run.bind.prebuilt ts=182522161287958 dur=791
[mono_ns=182522161290742][T0x7a6cc9e7b740][TIMING] emit_host_span: [STRACE] v=1 pid=462205 tid=462205 inv=9 hid=3d601e71d3e3806f depth=1 name=chip.run.bind ts=182522124996928 dur=36293263
[mono_ns=182522165949624][T0x7a6cc9e7b740][WARN] prepare_execution: [device_runner.cpp:343] AICPU CPU_TOPO unavailable; using json_fallback: soc=Ascend950PR_9579 occupy=0x3e stable_reachable=5 requested=0 effective=5 affinity=[1, 2, 3, 4, 5(orch)]
[mono_ns=182522167463096][T0x7a6cc9e7b740][TIMING] emit_host_span: [STRACE] v=1 pid=462205 tid=462205 inv=9 hid=3d601e71d3e3806f depth=1 name=chip.run.runner_run ts=182522166012338 dur=1449546
[mono_ns=182522174393648][T0x7a6cc9e7b740][TIMING] emit_host_span: [STRACE] v=1 pid=462205 tid=462205 inv=9 hid=3d601e71d3e3806f depth=1 name=chip.run.validate ts=182522167466501 dur=6926186
[mono_ns=182522174396302][T0x7a6cc9e7b740][TIMING] emit_host_span: [STRACE] v=1 pid=462205 tid=462205 inv=9 hid=3d601e71d3e3806f depth=2 name=chip.run.runner_run.device_wall ts=0 dur=1304382 clk=dev
[mono_ns=182522174397424][T0x7a6cc9e7b740][TIMING] emit_host_span: [STRACE] v=1 pid=462205 tid=462205 inv=9 hid=3d601e71d3e3806f depth=3 name=chip.run.runner_run.device_wall.preamble ts=0 dur=12155 clk=dev
[mono_ns=182522174398475][T0x7a6cc9e7b740][TIMING] emit_host_span: [STRACE] v=1 pid=462205 tid=462205 inv=9 hid=3d601e71d3e3806f depth=3 name=chip.run.runner_run.device_wall.graph_build ts=2926 dur=1297695 clk=dev
[mono_ns=182522174399507][T0x7a6cc9e7b740][TIMING] emit_host_span: [STRACE] v=1 pid=462205 tid=462205 inv=9 hid=3d601e71d3e3806f depth=3 name=chip.run.runner_run.device_wall.config_validate ts=3182 dur=1160 clk=dev
[mono_ns=182522174400498][T0x7a6cc9e7b740][TIMING] emit_host_span: [STRACE] v=1 pid=462205 tid=462205 inv=9 hid=3d601e71d3e3806f depth=3 name=chip.run.runner_run.device_wall.arena_wire ts=4430 dur=3138 clk=dev
[mono_ns=182522174401490][T0x7a6cc9e7b740][TIMING] emit_host_span: [STRACE] v=1 pid=462205 tid=462205 inv=9 hid=3d601e71d3e3806f depth=3 name=chip.run.runner_run.device_wall.sm_reset ts=7635 dur=4309 clk=dev
[mono_ns=182522174402521][T0x7a6cc9e7b740][TIMING] emit_host_span: [STRACE] v=1 pid=462205 tid=462205 inv=9 hid=3d601e71d3e3806f depth=3 name=chip.run.runner_run.device_wall.post_orch ts=1300645 dur=3340 clk=dev
[mono_ns=182522174403533][T0x7a6cc9e7b740][TIMING] emit_host_span: [STRACE] v=1 pid=462205 tid=462205 inv=9 hid=3d601e71d3e3806f depth=3 name=chip.run.runner_run.device_wall.orch ts=12182 dur=1199724 clk=dev
[mono_ns=182522174404544][T0x7a6cc9e7b740][TIMING] emit_host_span: [STRACE] v=1 pid=462205 tid=462205 inv=9 hid=3d601e71d3e3806f depth=3 name=chip.run.runner_run.device_wall.sched ts=12886 dur=1273274 clk=dev
[mono_ns=182522174406167][T0x7a6cc9e7b740][TIMING] emit_host_span: [STRACE] v=1 pid=462205 tid=462205 inv=9 hid=3d601e71d3e3806f depth=1 name=chip.run.claim_release ts=182522174405566 dur=40
[mono_ns=182522174407659][T0x7a6cc9e7b740][TIMING] emit_host_span: [STRACE] v=1 pid=462205 tid=462205 inv=9 hid=3d601e71d3e3806f depth=0 name=chip.run ts=182522124993563 dur=49413495 run_id=0 dispatch_id=0 slot_id=0 generation=9 run_epoch=9
[mono_ns=182522212932752][T0x7a6cc9e7b740][TIMING] emit_host_span: [STRACE] v=1 pid=462205 tid=462205 inv=10 hid=3d601e71d3e3806f depth=2 name=chip.run.bind.args ts=182522174755992 dur=38175028
[mono_ns=182522212939192][T0x7a6cc9e7b740][TIMING] emit_host_span: [STRACE] v=1 pid=462205 tid=462205 inv=10 hid=3d601e71d3e3806f depth=2 name=chip.run.bind.prebuilt ts=182522212937449 dur=1142
[mono_ns=182522212940554][T0x7a6cc9e7b740][TIMING] emit_host_span: [STRACE] v=1 pid=462205 tid=462205 inv=10 hid=3d601e71d3e3806f depth=1 name=chip.run.bind ts=182522174752727 dur=38187246
[mono_ns=182522217605486][T0x7a6cc9e7b740][WARN] prepare_execution: [device_runner.cpp:343] AICPU CPU_TOPO unavailable; using json_fallback: soc=Ascend950PR_9579 occupy=0x3e stable_reachable=5 requested=0 effective=5 affinity=[1, 2, 3, 4, 5(orch)]
[mono_ns=182522219137585][T0x7a6cc9e7b740][TIMING] emit_host_span: [STRACE] v=1 pid=462205 tid=462205 inv=10 hid=3d601e71d3e3806f depth=1 name=chip.run.runner_run ts=182522217663923 dur=1472901
[mono_ns=182522225025953][T0x7a6cc9e7b740][TIMING] emit_host_span: [STRACE] v=1 pid=462205 tid=462205 inv=10 hid=3d601e71d3e3806f depth=1 name=chip.run.validate ts=182522219139758 dur=5885334
[mono_ns=182522225028196][T0x7a6cc9e7b740][TIMING] emit_host_span: [STRACE] v=1 pid=462205 tid=462205 inv=10 hid=3d601e71d3e3806f depth=2 name=chip.run.runner_run.device_wall ts=0 dur=1330821 clk=dev
[mono_ns=182522225029338][T0x7a6cc9e7b740][TIMING] emit_host_span: [STRACE] v=1 pid=462205 tid=462205 inv=10 hid=3d601e71d3e3806f depth=3 name=chip.run.runner_run.device_wall.preamble ts=0 dur=12242 clk=dev
[mono_ns=182522225030630][T0x7a6cc9e7b740][TIMING] emit_host_span: [STRACE] v=1 pid=462205 tid=462205 inv=10 hid=3d601e71d3e3806f depth=3 name=chip.run.runner_run.device_wall.graph_build ts=3906 dur=1322085 clk=dev
[mono_ns=182522225032042][T0x7a6cc9e7b740][TIMING] emit_host_span: [STRACE] v=1 pid=462205 tid=462205 inv=10 hid=3d601e71d3e3806f depth=3 name=chip.run.runner_run.device_wall.config_validate ts=4489 dur=1149 clk=dev
[mono_ns=182522225033585][T0x7a6cc9e7b740][TIMING] emit_host_span: [STRACE] v=1 pid=462205 tid=462205 inv=10 hid=3d601e71d3e3806f depth=3 name=chip.run.runner_run.device_wall.arena_wire ts=5765 dur=2722 clk=dev
[mono_ns=182522225034646][T0x7a6cc9e7b740][TIMING] emit_host_span: [STRACE] v=1 pid=462205 tid=462205 inv=10 hid=3d601e71d3e3806f depth=3 name=chip.run.runner_run.device_wall.sm_reset ts=8549 dur=4938 clk=dev
[mono_ns=182522225035688][T0x7a6cc9e7b740][TIMING] emit_host_span: [STRACE] v=1 pid=462205 tid=462205 inv=10 hid=3d601e71d3e3806f depth=3 name=chip.run.runner_run.device_wall.post_orch ts=1326008 dur=4391 clk=dev
[mono_ns=182522225036699][T0x7a6cc9e7b740][TIMING] emit_host_span: [STRACE] v=1 pid=462205 tid=462205 inv=10 hid=3d601e71d3e3806f depth=3 name=chip.run.runner_run.device_wall.orch ts=13508 dur=1217062 clk=dev
[mono_ns=182522225037701][T0x7a6cc9e7b740][TIMING] emit_host_span: [STRACE] v=1 pid=462205 tid=462205 inv=10 hid=3d601e71d3e3806f depth=3 name=chip.run.runner_run.device_wall.sched ts=14167 dur=1295999 clk=dev
[mono_ns=182522225039183][T0x7a6cc9e7b740][TIMING] emit_host_span: [STRACE] v=1 pid=462205 tid=462205 inv=10 hid=3d601e71d3e3806f depth=1 name=chip.run.claim_release ts=182522225038562 dur=60
[mono_ns=182522225040675][T0x7a6cc9e7b740][TIMING] emit_host_span: [STRACE] v=1 pid=462205 tid=462205 inv=10 hid=3d601e71d3e3806f depth=0 name=chip.run ts=182522174750203 dur=50289891 run_id=0 dispatch_id=0 slot_id=0 generation=10 run_epoch=10
[mono_ns=182522263068582][T0x7a6cc9e7b740][TIMING] emit_host_span: [STRACE] v=1 pid=462205 tid=462205 inv=11 hid=3d601e71d3e3806f depth=2 name=chip.run.bind.args ts=182522225381667 dur=37685343
[mono_ns=182522263074521][T0x7a6cc9e7b740][TIMING] emit_host_span: [STRACE] v=1 pid=462205 tid=462205 inv=11 hid=3d601e71d3e3806f depth=2 name=chip.run.bind.prebuilt ts=182522263073149 dur=771
[mono_ns=182522263075893][T0x7a6cc9e7b740][TIMING] emit_host_span: [STRACE] v=1 pid=462205 tid=462205 inv=11 hid=3d601e71d3e3806f depth=1 name=chip.run.bind ts=182522225378562 dur=37696620
[mono_ns=182522267729938][T0x7a6cc9e7b740][WARN] prepare_execution: [device_runner.cpp:343] AICPU CPU_TOPO unavailable; using json_fallback: soc=Ascend950PR_9579 occupy=0x3e stable_reachable=5 requested=0 effective=5 affinity=[1, 2, 3, 4, 5(orch)]
[mono_ns=182522269244231][T0x7a6cc9e7b740][TIMING] emit_host_span: [STRACE] v=1 pid=462205 tid=462205 inv=11 hid=3d601e71d3e3806f depth=1 name=chip.run.runner_run ts=182522267787815 dur=1455585
[mono_ns=182522276224498][T0x7a6cc9e7b740][TIMING] emit_host_span: [STRACE] v=1 pid=462205 tid=462205 inv=11 hid=3d601e71d3e3806f depth=1 name=chip.run.validate ts=182522269253866 dur=6969691
[mono_ns=182522276226992][T0x7a6cc9e7b740][TIMING] emit_host_span: [STRACE] v=1 pid=462205 tid=462205 inv=11 hid=3d601e71d3e3806f depth=2 name=chip.run.runner_run.device_wall ts=0 dur=1312983 clk=dev
[mono_ns=182522276228184][T0x7a6cc9e7b740][TIMING] emit_host_span: [STRACE] v=1 pid=462205 tid=462205 inv=11 hid=3d601e71d3e3806f depth=3 name=chip.run.runner_run.device_wall.preamble ts=0 dur=12921 clk=dev
[mono_ns=182522276229245][T0x7a6cc9e7b740][TIMING] emit_host_span: [STRACE] v=1 pid=462205 tid=462205 inv=11 hid=3d601e71d3e3806f depth=3 name=chip.run.runner_run.device_wall.graph_build ts=3722 dur=1304811 clk=dev
[mono_ns=182522276230287][T0x7a6cc9e7b740][TIMING] emit_host_span: [STRACE] v=1 pid=462205 tid=462205 inv=11 hid=3d601e71d3e3806f depth=3 name=chip.run.runner_run.device_wall.config_validate ts=4597 dur=1100 clk=dev
[mono_ns=182522276231308][T0x7a6cc9e7b740][TIMING] emit_host_span: [STRACE] v=1 pid=462205 tid=462205 inv=11 hid=3d601e71d3e3806f depth=3 name=chip.run.runner_run.device_wall.arena_wire ts=5718 dur=2818 clk=dev
[mono_ns=182522276232310][T0x7a6cc9e7b740][TIMING] emit_host_span: [STRACE] v=1 pid=462205 tid=462205 inv=11 hid=3d601e71d3e3806f depth=3 name=chip.run.runner_run.device_wall.sm_reset ts=8604 dur=4984 clk=dev
[mono_ns=182522276233331][T0x7a6cc9e7b740][TIMING] emit_host_span: [STRACE] v=1 pid=462205 tid=462205 inv=11 hid=3d601e71d3e3806f depth=3 name=chip.run.runner_run.device_wall.post_orch ts=1308559 dur=3631 clk=dev
[mono_ns=182522276234343][T0x7a6cc9e7b740][TIMING] emit_host_span: [STRACE] v=1 pid=462205 tid=462205 inv=11 hid=3d601e71d3e3806f depth=3 name=chip.run.runner_run.device_wall.orch ts=13818 dur=1203239 clk=dev
[mono_ns=182522276235344][T0x7a6cc9e7b740][TIMING] emit_host_span: [STRACE] v=1 pid=462205 tid=462205 inv=11 hid=3d601e71d3e3806f depth=3 name=chip.run.runner_run.device_wall.sched ts=14488 dur=1279989 clk=dev
[mono_ns=182522276236756][T0x7a6cc9e7b740][TIMING] emit_host_span: [STRACE] v=1 pid=462205 tid=462205 inv=11 hid=3d601e71d3e3806f depth=1 name=chip.run.claim_release ts=182522276236186 dur=40
[mono_ns=182522276238179][T0x7a6cc9e7b740][TIMING] emit_host_span: [STRACE] v=1 pid=462205 tid=462205 inv=11 hid=3d601e71d3e3806f depth=0 name=chip.run ts=182522225375858 dur=50861730 run_id=0 dispatch_id=0 slot_id=0 generation=11 run_epoch=11
[mono_ns=182522313475669][T0x7a6cc9e7b740][TIMING] emit_host_span: [STRACE] v=1 pid=462205 tid=462205 inv=12 hid=3d601e71d3e3806f depth=2 name=chip.run.bind.args ts=182522276585790 dur=36888597
[mono_ns=182522313480737][T0x7a6cc9e7b740][TIMING] emit_host_span: [STRACE] v=1 pid=462205 tid=462205 inv=12 hid=3d601e71d3e3806f depth=2 name=chip.run.bind.prebuilt ts=182522313479284 dur=852
[mono_ns=182522313481998][T0x7a6cc9e7b740][TIMING] emit_host_span: [STRACE] v=1 pid=462205 tid=462205 inv=12 hid=3d601e71d3e3806f depth=1 name=chip.run.bind ts=182522276582806 dur=36898622
[mono_ns=182522318139078][T0x7a6cc9e7b740][WARN] prepare_execution: [device_runner.cpp:343] AICPU CPU_TOPO unavailable; using json_fallback: soc=Ascend950PR_9579 occupy=0x3e stable_reachable=5 requested=0 effective=5 affinity=[1, 2, 3, 4, 5(orch)]
[mono_ns=182522319703807][T0x7a6cc9e7b740][TIMING] emit_host_span: [STRACE] v=1 pid=462205 tid=462205 inv=12 hid=3d601e71d3e3806f depth=1 name=chip.run.runner_run ts=182522318210295 dur=1492691
[mono_ns=182522326008750][T0x7a6cc9e7b740][TIMING] emit_host_span: [STRACE] v=1 pid=462205 tid=462205 inv=12 hid=3d601e71d3e3806f depth=1 name=chip.run.validate ts=182522319706231 dur=6301528
[mono_ns=182522326010843][T0x7a6cc9e7b740][TIMING] emit_host_span: [STRACE] v=1 pid=462205 tid=462205 inv=12 hid=3d601e71d3e3806f depth=2 name=chip.run.runner_run.device_wall ts=0 dur=1346096 clk=dev
[mono_ns=182522326011925][T0x7a6cc9e7b740][TIMING] emit_host_span: [STRACE] v=1 pid=462205 tid=462205 inv=12 hid=3d601e71d3e3806f depth=3 name=chip.run.runner_run.device_wall.preamble ts=0 dur=13706 clk=dev
[mono_ns=182522326017203][T0x7a6cc9e7b740][TIMING] emit_host_span: [STRACE] v=1 pid=462205 tid=462205 inv=12 hid=3d601e71d3e3806f depth=3 name=chip.run.runner_run.device_wall.graph_build ts=3263 dur=1338375 clk=dev
[mono_ns=182522326018294][T0x7a6cc9e7b740][TIMING] emit_host_span: [STRACE] v=1 pid=462205 tid=462205 inv=12 hid=3d601e71d3e3806f depth=3 name=chip.run.runner_run.device_wall.config_validate ts=4161 dur=1777 clk=dev
[mono_ns=182522326019276][T0x7a6cc9e7b740][TIMING] emit_host_span: [STRACE] v=1 pid=462205 tid=462205 inv=12 hid=3d601e71d3e3806f depth=3 name=chip.run.runner_run.device_wall.arena_wire ts=5963 dur=3217 clk=dev
[mono_ns=182522326020247][T0x7a6cc9e7b740][TIMING] emit_host_span: [STRACE] v=1 pid=462205 tid=462205 inv=12 hid=3d601e71d3e3806f depth=3 name=chip.run.runner_run.device_wall.sm_reset ts=9245 dur=6023 clk=dev
[mono_ns=182522326021249][T0x7a6cc9e7b740][TIMING] emit_host_span: [STRACE] v=1 pid=462205 tid=462205 inv=12 hid=3d601e71d3e3806f depth=3 name=chip.run.runner_run.device_wall.post_orch ts=1341668 dur=3666 clk=dev
[mono_ns=182522326022250][T0x7a6cc9e7b740][TIMING] emit_host_span: [STRACE] v=1 pid=462205 tid=462205 inv=12 hid=3d601e71d3e3806f depth=3 name=chip.run.runner_run.device_wall.orch ts=15444 dur=1244213 clk=dev
[mono_ns=182522326023222][T0x7a6cc9e7b740][TIMING] emit_host_span: [STRACE] v=1 pid=462205 tid=462205 inv=12 hid=3d601e71d3e3806f depth=3 name=chip.run.runner_run.device_wall.sched ts=16029 dur=1311358 clk=dev
[mono_ns=182522326024614][T0x7a6cc9e7b740][TIMING] emit_host_span: [STRACE] v=1 pid=462205 tid=462205 inv=12 hid=3d601e71d3e3806f depth=1 name=chip.run.claim_release ts=182522326024023 dur=40
[mono_ns=182522326026116][T0x7a6cc9e7b740][TIMING] emit_host_span: [STRACE] v=1 pid=462205 tid=462205 inv=12 hid=3d601e71d3e3806f depth=0 name=chip.run ts=182522276580242 dur=49445293 run_id=0 dispatch_id=0 slot_id=0 generation=12 run_epoch=12
[mono_ns=182522363097788][T0x7a6cc9e7b740][TIMING] emit_host_span: [STRACE] v=1 pid=462205 tid=462205 inv=13 hid=3d601e71d3e3806f depth=2 name=chip.run.bind.args ts=182522326360208 dur=36736148
[mono_ns=182522363104328][T0x7a6cc9e7b740][TIMING] emit_host_span: [STRACE] v=1 pid=462205 tid=462205 inv=13 hid=3d601e71d3e3806f depth=2 name=chip.run.bind.prebuilt ts=182522363102525 dur=891
[mono_ns=182522363105750][T0x7a6cc9e7b740][TIMING] emit_host_span: [STRACE] v=1 pid=462205 tid=462205 inv=13 hid=3d601e71d3e3806f depth=1 name=chip.run.bind ts=182522326357343 dur=36747836
[mono_ns=182522367825093][T0x7a6cc9e7b740][WARN] prepare_execution: [device_runner.cpp:343] AICPU CPU_TOPO unavailable; using json_fallback: soc=Ascend950PR_9579 occupy=0x3e stable_reachable=5 requested=0 effective=5 affinity=[1, 2, 3, 4, 5(orch)]
[mono_ns=182522369482491][T0x7a6cc9e7b740][TIMING] emit_host_span: [STRACE] v=1 pid=462205 tid=462205 inv=13 hid=3d601e71d3e3806f depth=1 name=chip.run.runner_run ts=182522367883481 dur=1598158
[mono_ns=182522376222517][T0x7a6cc9e7b740][TIMING] emit_host_span: [STRACE] v=1 pid=462205 tid=462205 inv=13 hid=3d601e71d3e3806f depth=1 name=chip.run.validate ts=182522369484884 dur=6736421
[mono_ns=182522376225822][T0x7a6cc9e7b740][TIMING] emit_host_span: [STRACE] v=1 pid=462205 tid=462205 inv=13 hid=3d601e71d3e3806f depth=2 name=chip.run.runner_run.device_wall ts=0 dur=1443297 clk=dev
[mono_ns=182522376227024][T0x7a6cc9e7b740][TIMING] emit_host_span: [STRACE] v=1 pid=462205 tid=462205 inv=13 hid=3d601e71d3e3806f depth=3 name=chip.run.runner_run.device_wall.preamble ts=0 dur=13715 clk=dev
[mono_ns=182522376228075][T0x7a6cc9e7b740][TIMING] emit_host_span: [STRACE] v=1 pid=462205 tid=462205 inv=13 hid=3d601e71d3e3806f depth=3 name=chip.run.runner_run.device_wall.graph_build ts=4368 dur=1434325 clk=dev
[mono_ns=182522376229077][T0x7a6cc9e7b740][TIMING] emit_host_span: [STRACE] v=1 pid=462205 tid=462205 inv=13 hid=3d601e71d3e3806f depth=3 name=chip.run.runner_run.device_wall.config_validate ts=5154 dur=1146 clk=dev
[mono_ns=182522376230068][T0x7a6cc9e7b740][TIMING] emit_host_span: [STRACE] v=1 pid=462205 tid=462205 inv=13 hid=3d601e71d3e3806f depth=3 name=chip.run.runner_run.device_wall.arena_wire ts=6615 dur=2809 clk=dev
[mono_ns=182522376234295][T0x7a6cc9e7b740][TIMING] emit_host_span: [STRACE] v=1 pid=462205 tid=462205 inv=13 hid=3d601e71d3e3806f depth=3 name=chip.run.runner_run.device_wall.sm_reset ts=9447 dur=5133 clk=dev
[mono_ns=182522376235326][T0x7a6cc9e7b740][TIMING] emit_host_span: [STRACE] v=1 pid=462205 tid=462205 inv=13 hid=3d601e71d3e3806f depth=3 name=chip.run.runner_run.device_wall.post_orch ts=1438724 dur=3982 clk=dev
[mono_ns=182522376236318][T0x7a6cc9e7b740][TIMING] emit_host_span: [STRACE] v=1 pid=462205 tid=462205 inv=13 hid=3d601e71d3e3806f depth=3 name=chip.run.runner_run.device_wall.orch ts=14651 dur=1331730 clk=dev
[mono_ns=182522376237319][T0x7a6cc9e7b740][TIMING] emit_host_span: [STRACE] v=1 pid=462205 tid=462205 inv=13 hid=3d601e71d3e3806f depth=3 name=chip.run.runner_run.device_wall.sched ts=15342 dur=1408842 clk=dev
[mono_ns=182522376238591][T0x7a6cc9e7b740][TIMING] emit_host_span: [STRACE] v=1 pid=462205 tid=462205 inv=13 hid=3d601e71d3e3806f depth=1 name=chip.run.claim_release ts=182522376237990 dur=50
[mono_ns=182522376240033][T0x7a6cc9e7b740][TIMING] emit_host_span: [STRACE] v=1 pid=462205 tid=462205 inv=13 hid=3d601e71d3e3806f depth=0 name=chip.run ts=182522326355100 dur=49884352 run_id=0 dispatch_id=0 slot_id=0 generation=13 run_epoch=13
[mono_ns=182522413259537][T0x7a6cc9e7b740][TIMING] emit_host_span: [STRACE] v=1 pid=462205 tid=462205 inv=14 hid=3d601e71d3e3806f depth=2 name=chip.run.bind.args ts=182522376589448 dur=36667625
[mono_ns=182522413265245][T0x7a6cc9e7b740][TIMING] emit_host_span: [STRACE] v=1 pid=462205 tid=462205 inv=14 hid=3d601e71d3e3806f depth=2 name=chip.run.bind.prebuilt ts=182522413263853 dur=751
[mono_ns=182522413266617][T0x7a6cc9e7b740][TIMING] emit_host_span: [STRACE] v=1 pid=462205 tid=462205 inv=14 hid=3d601e71d3e3806f depth=1 name=chip.run.bind ts=182522376586684 dur=36679332
[mono_ns=182522417913882][T0x7a6cc9e7b740][WARN] prepare_execution: [device_runner.cpp:343] AICPU CPU_TOPO unavailable; using json_fallback: soc=Ascend950PR_9579 occupy=0x3e stable_reachable=5 requested=0 effective=5 affinity=[1, 2, 3, 4, 5(orch)]
[mono_ns=182522419629618][T0x7a6cc9e7b740][TIMING] emit_host_span: [STRACE] v=1 pid=462205 tid=462205 inv=14 hid=3d601e71d3e3806f depth=1 name=chip.run.runner_run ts=182522417974784 dur=1654032
[mono_ns=182522426335442][T0x7a6cc9e7b740][TIMING] emit_host_span: [STRACE] v=1 pid=462205 tid=462205 inv=14 hid=3d601e71d3e3806f depth=1 name=chip.run.validate ts=182522419632251 dur=6702080
[mono_ns=182522426337906][T0x7a6cc9e7b740][TIMING] emit_host_span: [STRACE] v=1 pid=462205 tid=462205 inv=14 hid=3d601e71d3e3806f depth=2 name=chip.run.runner_run.device_wall ts=0 dur=1503801 clk=dev
[mono_ns=182522426339138][T0x7a6cc9e7b740][TIMING] emit_host_span: [STRACE] v=1 pid=462205 tid=462205 inv=14 hid=3d601e71d3e3806f depth=3 name=chip.run.runner_run.device_wall.preamble ts=0 dur=11706 clk=dev
[mono_ns=182522426340190][T0x7a6cc9e7b740][TIMING] emit_host_span: [STRACE] v=1 pid=462205 tid=462205 inv=14 hid=3d601e71d3e3806f depth=3 name=chip.run.runner_run.device_wall.graph_build ts=2847 dur=1496860 clk=dev
[mono_ns=182522426341221][T0x7a6cc9e7b740][TIMING] emit_host_span: [STRACE] v=1 pid=462205 tid=462205 inv=14 hid=3d601e71d3e3806f depth=3 name=chip.run.runner_run.device_wall.config_validate ts=3629 dur=818 clk=dev
[mono_ns=182522426342223][T0x7a6cc9e7b740][TIMING] emit_host_span: [STRACE] v=1 pid=462205 tid=462205 inv=14 hid=3d601e71d3e3806f depth=3 name=chip.run.runner_run.device_wall.arena_wire ts=4535 dur=2590 clk=dev
[mono_ns=182522426343194][T0x7a6cc9e7b740][TIMING] emit_host_span: [STRACE] v=1 pid=462205 tid=462205 inv=14 hid=3d601e71d3e3806f depth=3 name=chip.run.runner_run.device_wall.sm_reset ts=7146 dur=5691 clk=dev
[mono_ns=182522426344196][T0x7a6cc9e7b740][TIMING] emit_host_span: [STRACE] v=1 pid=462205 tid=462205 inv=14 hid=3d601e71d3e3806f depth=3 name=chip.run.runner_run.device_wall.post_orch ts=1499770 dur=3363 clk=dev
[mono_ns=182522426348532][T0x7a6cc9e7b740][TIMING] emit_host_span: [STRACE] v=1 pid=462205 tid=462205 inv=14 hid=3d601e71d3e3806f depth=3 name=chip.run.runner_run.device_wall.orch ts=12908 dur=1377601 clk=dev
[mono_ns=182522426349534][T0x7a6cc9e7b740][TIMING] emit_host_span: [STRACE] v=1 pid=462205 tid=462205 inv=14 hid=3d601e71d3e3806f depth=3 name=chip.run.runner_run.device_wall.sched ts=13563 dur=1470390 clk=dev
[mono_ns=182522426350795][T0x7a6cc9e7b740][TIMING] emit_host_span: [STRACE] v=1 pid=462205 tid=462205 inv=14 hid=3d601e71d3e3806f depth=1 name=chip.run.claim_release ts=182522426350215 dur=40
[mono_ns=182522426352298][T0x7a6cc9e7b740][TIMING] emit_host_span: [STRACE] v=1 pid=462205 tid=462205 inv=14 hid=3d601e71d3e3806f depth=0 name=chip.run ts=182522376584110 dur=49767567 run_id=0 dispatch_id=0 slot_id=0 generation=14 run_epoch=14
[mono_ns=182522462375195][T0x7a6cc9e7b740][TIMING] emit_host_span: [STRACE] v=1 pid=462205 tid=462205 inv=15 hid=3d601e71d3e3806f depth=2 name=chip.run.bind.args ts=182522426690205 dur=35681715
[mono_ns=182522462383237][T0x7a6cc9e7b740][TIMING] emit_host_span: [STRACE] v=1 pid=462205 tid=462205 inv=15 hid=3d601e71d3e3806f depth=2 name=chip.run.bind.prebuilt ts=182522462381505 dur=971
[mono_ns=182522462384900][T0x7a6cc9e7b740][TIMING] emit_host_span: [STRACE] v=1 pid=462205 tid=462205 inv=15 hid=3d601e71d3e3806f depth=1 name=chip.run.bind ts=182522426687280 dur=35696839
[mono_ns=182522467055230][T0x7a6cc9e7b740][WARN] prepare_execution: [device_runner.cpp:343] AICPU CPU_TOPO unavailable; using json_fallback: soc=Ascend950PR_9579 occupy=0x3e stable_reachable=5 requested=0 effective=5 affinity=[1, 2, 3, 4, 5(orch)]
[mono_ns=182522468646718][T0x7a6cc9e7b740][TIMING] emit_host_span: [STRACE] v=1 pid=462205 tid=462205 inv=15 hid=3d601e71d3e3806f depth=1 name=chip.run.runner_run ts=182522467116271 dur=1529546
[mono_ns=182522475060765][T0x7a6cc9e7b740][TIMING] emit_host_span: [STRACE] v=1 pid=462205 tid=462205 inv=15 hid=3d601e71d3e3806f depth=1 name=chip.run.validate ts=182522468649072 dur=6410111
[mono_ns=182522475064290][T0x7a6cc9e7b740][TIMING] emit_host_span: [STRACE] v=1 pid=462205 tid=462205 inv=15 hid=3d601e71d3e3806f depth=2 name=chip.run.runner_run.device_wall ts=0 dur=1377678 clk=dev
[mono_ns=182522475065432][T0x7a6cc9e7b740][TIMING] emit_host_span: [STRACE] v=1 pid=462205 tid=462205 inv=15 hid=3d601e71d3e3806f depth=3 name=chip.run.runner_run.device_wall.preamble ts=0 dur=12795 clk=dev
[mono_ns=182522475066464][T0x7a6cc9e7b740][TIMING] emit_host_span: [STRACE] v=1 pid=462205 tid=462205 inv=15 hid=3d601e71d3e3806f depth=3 name=chip.run.runner_run.device_wall.graph_build ts=3261 dur=1369996 clk=dev
[mono_ns=182522475067475][T0x7a6cc9e7b740][TIMING] emit_host_span: [STRACE] v=1 pid=462205 tid=462205 inv=15 hid=3d601e71d3e3806f depth=3 name=chip.run.runner_run.device_wall.config_validate ts=3867 dur=1285 clk=dev
[mono_ns=182522475068437][T0x7a6cc9e7b740][TIMING] emit_host_span: [STRACE] v=1 pid=462205 tid=462205 inv=15 hid=3d601e71d3e3806f depth=3 name=chip.run.runner_run.device_wall.arena_wire ts=5223 dur=2488 clk=dev
[mono_ns=182522475069408][T0x7a6cc9e7b740][TIMING] emit_host_span: [STRACE] v=1 pid=462205 tid=462205 inv=15 hid=3d601e71d3e3806f depth=3 name=chip.run.runner_run.device_wall.sm_reset ts=7733 dur=4162 clk=dev
[mono_ns=182522475070400][T0x7a6cc9e7b740][TIMING] emit_host_span: [STRACE] v=1 pid=462205 tid=462205 inv=15 hid=3d601e71d3e3806f depth=3 name=chip.run.runner_run.device_wall.post_orch ts=1373289 dur=3756 clk=dev
[mono_ns=182522475071391][T0x7a6cc9e7b740][TIMING] emit_host_span: [STRACE] v=1 pid=462205 tid=462205 inv=15 hid=3d601e71d3e3806f depth=3 name=chip.run.runner_run.device_wall.orch ts=11950 dur=1275410 clk=dev
[mono_ns=182522475072373][T0x7a6cc9e7b740][TIMING] emit_host_span: [STRACE] v=1 pid=462205 tid=462205 inv=15 hid=3d601e71d3e3806f depth=3 name=chip.run.runner_run.device_wall.sched ts=13379 dur=1346071 clk=dev
[mono_ns=182522475073634][T0x7a6cc9e7b740][TIMING] emit_host_span: [STRACE] v=1 pid=462205 tid=462205 inv=15 hid=3d601e71d3e3806f depth=1 name=chip.run.claim_release ts=182522475073004 dur=80
[mono_ns=182522475079153][T0x7a6cc9e7b740][TIMING] emit_host_span: [STRACE] v=1 pid=462205 tid=462205 inv=15 hid=3d601e71d3e3806f depth=0 name=chip.run ts=182522426684957 dur=48393535 run_id=0 dispatch_id=0 slot_id=0 generation=15 run_epoch=15
[mono_ns=182522513248292][T0x7a6cc9e7b740][TIMING] emit_host_span: [STRACE] v=1 pid=462205 tid=462205 inv=16 hid=3d601e71d3e3806f depth=2 name=chip.run.bind.args ts=182522475437831 dur=37808327
[mono_ns=182522513253970][T0x7a6cc9e7b740][TIMING] emit_host_span: [STRACE] v=1 pid=462205 tid=462205 inv=16 hid=3d601e71d3e3806f depth=2 name=chip.run.bind.prebuilt ts=182522513252678 dur=721
[mono_ns=182522513255412][T0x7a6cc9e7b740][TIMING] emit_host_span: [STRACE] v=1 pid=462205 tid=462205 inv=16 hid=3d601e71d3e3806f depth=1 name=chip.run.bind ts=182522475434787 dur=37819944
[mono_ns=182522517944871][T0x7a6cc9e7b740][WARN] prepare_execution: [device_runner.cpp:343] AICPU CPU_TOPO unavailable; using json_fallback: soc=Ascend950PR_9579 occupy=0x3e stable_reachable=5 requested=0 effective=5 affinity=[1, 2, 3, 4, 5(orch)]
[mono_ns=182522519412183][T0x7a6cc9e7b740][TIMING] emit_host_span: [STRACE] v=1 pid=462205 tid=462205 inv=16 hid=3d601e71d3e3806f depth=1 name=chip.run.runner_run ts=182522518009097 dur=1401864
[mono_ns=182522525836706][T0x7a6cc9e7b740][TIMING] emit_host_span: [STRACE] v=1 pid=462205 tid=462205 inv=16 hid=3d601e71d3e3806f depth=1 name=chip.run.validate ts=182522519414867 dur=6420877
[mono_ns=182522525840752][T0x7a6cc9e7b740][TIMING] emit_host_span: [STRACE] v=1 pid=462205 tid=462205 inv=16 hid=3d601e71d3e3806f depth=2 name=chip.run.runner_run.device_wall ts=0 dur=1260497 clk=dev
[mono_ns=182522525841944][T0x7a6cc9e7b740][TIMING] emit_host_span: [STRACE] v=1 pid=462205 tid=462205 inv=16 hid=3d601e71d3e3806f depth=3 name=chip.run.runner_run.device_wall.preamble ts=0 dur=12455 clk=dev
[mono_ns=182522525842975][T0x7a6cc9e7b740][TIMING] emit_host_span: [STRACE] v=1 pid=462205 tid=462205 inv=16 hid=3d601e71d3e3806f depth=3 name=chip.run.runner_run.device_wall.graph_build ts=3363 dur=1252556 clk=dev
[mono_ns=182522525843957][T0x7a6cc9e7b740][TIMING] emit_host_span: [STRACE] v=1 pid=462205 tid=462205 inv=16 hid=3d601e71d3e3806f depth=3 name=chip.run.runner_run.device_wall.config_validate ts=3648 dur=1285 clk=dev
[mono_ns=182522525844938][T0x7a6cc9e7b740][TIMING] emit_host_span: [STRACE] v=1 pid=462205 tid=462205 inv=16 hid=3d601e71d3e3806f depth=3 name=chip.run.runner_run.device_wall.arena_wire ts=4945 dur=3433 clk=dev
[mono_ns=182522525845920][T0x7a6cc9e7b740][TIMING] emit_host_span: [STRACE] v=1 pid=462205 tid=462205 inv=16 hid=3d601e71d3e3806f depth=3 name=chip.run.runner_run.device_wall.sm_reset ts=8452 dur=3992 clk=dev
[mono_ns=182522525846921][T0x7a6cc9e7b740][TIMING] emit_host_span: [STRACE] v=1 pid=462205 tid=462205 inv=16 hid=3d601e71d3e3806f depth=3 name=chip.run.runner_run.device_wall.post_orch ts=1255983 dur=3953 clk=dev
[mono_ns=182522525847903][T0x7a6cc9e7b740][TIMING] emit_host_span: [STRACE] v=1 pid=462205 tid=462205 inv=16 hid=3d601e71d3e3806f depth=3 name=chip.run.runner_run.device_wall.orch ts=12485 dur=1149063 clk=dev
[mono_ns=182522525848884][T0x7a6cc9e7b740][TIMING] emit_host_span: [STRACE] v=1 pid=462205 tid=462205 inv=16 hid=3d601e71d3e3806f depth=3 name=chip.run.runner_run.device_wall.sched ts=13367 dur=1229031 clk=dev
[mono_ns=182522525850036][T0x7a6cc9e7b740][TIMING] emit_host_span: [STRACE] v=1 pid=462205 tid=462205 inv=16 hid=3d601e71d3e3806f depth=1 name=chip.run.claim_release ts=182522525849475 dur=40
[mono_ns=182522525851448][T0x7a6cc9e7b740][TIMING] emit_host_span: [STRACE] v=1 pid=462205 tid=462205 inv=16 hid=3d601e71d3e3806f depth=0 name=chip.run ts=182522475431862 dur=50418985 run_id=0 dispatch_id=0 slot_id=0 generation=16 run_epoch=16
[mono_ns=182522561759944][T0x7a6cc9e7b740][TIMING] emit_host_span: [STRACE] v=1 pid=462205 tid=462205 inv=17 hid=3d601e71d3e3806f depth=2 name=chip.run.bind.args ts=182522526214222 dur=35543488
[mono_ns=182522561768276][T0x7a6cc9e7b740][TIMING] emit_host_span: [STRACE] v=1 pid=462205 tid=462205 inv=17 hid=3d601e71d3e3806f depth=2 name=chip.run.bind.prebuilt ts=182522561767034 dur=641
[mono_ns=182522561774846][T0x7a6cc9e7b740][TIMING] emit_host_span: [STRACE] v=1 pid=462205 tid=462205 inv=17 hid=3d601e71d3e3806f depth=1 name=chip.run.bind ts=182522526211478 dur=35562787
[mono_ns=182522566435331][T0x7a6cc9e7b740][WARN] prepare_execution: [device_runner.cpp:343] AICPU CPU_TOPO unavailable; using json_fallback: soc=Ascend950PR_9579 occupy=0x3e stable_reachable=5 requested=0 effective=5 affinity=[1, 2, 3, 4, 5(orch)]
[mono_ns=182522568035623][T0x7a6cc9e7b740][TIMING] emit_host_span: [STRACE] v=1 pid=462205 tid=462205 inv=17 hid=3d601e71d3e3806f depth=1 name=chip.run.runner_run ts=182522566492337 dur=1542385
[mono_ns=182522573851702][T0x7a6cc9e7b740][TIMING] emit_host_span: [STRACE] v=1 pid=462205 tid=462205 inv=17 hid=3d601e71d3e3806f depth=1 name=chip.run.validate ts=182522568038517 dur=5811924
[mono_ns=182522573854366][T0x7a6cc9e7b740][TIMING] emit_host_span: [STRACE] v=1 pid=462205 tid=462205 inv=17 hid=3d601e71d3e3806f depth=2 name=chip.run.runner_run.device_wall ts=0 dur=1395862 clk=dev
[mono_ns=182522573855478][T0x7a6cc9e7b740][TIMING] emit_host_span: [STRACE] v=1 pid=462205 tid=462205 inv=17 hid=3d601e71d3e3806f depth=3 name=chip.run.runner_run.device_wall.preamble ts=0 dur=12847 clk=dev
[mono_ns=182522573856500][T0x7a6cc9e7b740][TIMING] emit_host_span: [STRACE] v=1 pid=462205 tid=462205 inv=17 hid=3d601e71d3e3806f depth=3 name=chip.run.runner_run.device_wall.graph_build ts=3753 dur=1387929 clk=dev
[mono_ns=182522573857461][T0x7a6cc9e7b740][TIMING] emit_host_span: [STRACE] v=1 pid=462205 tid=462205 inv=17 hid=3d601e71d3e3806f depth=3 name=chip.run.runner_run.device_wall.config_validate ts=4596 dur=1062 clk=dev
[mono_ns=182522573858453][T0x7a6cc9e7b740][TIMING] emit_host_span: [STRACE] v=1 pid=462205 tid=462205 inv=17 hid=3d601e71d3e3806f depth=3 name=chip.run.runner_run.device_wall.arena_wire ts=5678 dur=3225 clk=dev
[mono_ns=182522573859644][T0x7a6cc9e7b740][TIMING] emit_host_span: [STRACE] v=1 pid=462205 tid=462205 inv=17 hid=3d601e71d3e3806f depth=3 name=chip.run.runner_run.device_wall.sm_reset ts=8980 dur=5497 clk=dev
[mono_ns=182522573860656][T0x7a6cc9e7b740][TIMING] emit_host_span: [STRACE] v=1 pid=462205 tid=462205 inv=17 hid=3d601e71d3e3806f depth=3 name=chip.run.runner_run.device_wall.post_orch ts=1391724 dur=3676 clk=dev
[mono_ns=182522573861647][T0x7a6cc9e7b740][TIMING] emit_host_span: [STRACE] v=1 pid=462205 tid=462205 inv=17 hid=3d601e71d3e3806f depth=3 name=chip.run.runner_run.device_wall.orch ts=14548 dur=1238514 clk=dev
[mono_ns=182522573862649][T0x7a6cc9e7b740][TIMING] emit_host_span: [STRACE] v=1 pid=462205 tid=462205 inv=17 hid=3d601e71d3e3806f depth=3 name=chip.run.runner_run.device_wall.sched ts=15370 dur=1362258 clk=dev
[mono_ns=182522573864021][T0x7a6cc9e7b740][TIMING] emit_host_span: [STRACE] v=1 pid=462205 tid=462205 inv=17 hid=3d601e71d3e3806f depth=1 name=chip.run.claim_release ts=182522573863460 dur=30
[mono_ns=182522573865523][T0x7a6cc9e7b740][TIMING] emit_host_span: [STRACE] v=1 pid=462205 tid=462205 inv=17 hid=3d601e71d3e3806f depth=0 name=chip.run ts=182522526208163 dur=47656749 run_id=0 dispatch_id=0 slot_id=0 generation=17 run_epoch=17
[mono_ns=182522611311597][T0x7a6cc9e7b740][TIMING] emit_host_span: [STRACE] v=1 pid=462205 tid=462205 inv=18 hid=3d601e71d3e3806f depth=2 name=chip.run.bind.args ts=182522574224161 dur=37085693
[mono_ns=182522611318647][T0x7a6cc9e7b740][TIMING] emit_host_span: [STRACE] v=1 pid=462205 tid=462205 inv=18 hid=3d601e71d3e3806f depth=2 name=chip.run.bind.prebuilt ts=182522611317325 dur=751
[mono_ns=182522611320019][T0x7a6cc9e7b740][TIMING] emit_host_span: [STRACE] v=1 pid=462205 tid=462205 inv=18 hid=3d601e71d3e3806f depth=1 name=chip.run.bind ts=182522574221548 dur=37097910
[mono_ns=182522616031791][T0x7a6cc9e7b740][WARN] prepare_execution: [device_runner.cpp:343] AICPU CPU_TOPO unavailable; using json_fallback: soc=Ascend950PR_9579 occupy=0x3e stable_reachable=5 requested=0 effective=5 affinity=[1, 2, 3, 4, 5(orch)]
[mono_ns=182522617674196][T0x7a6cc9e7b740][TIMING] emit_host_span: [STRACE] v=1 pid=462205 tid=462205 inv=18 hid=3d601e71d3e3806f depth=1 name=chip.run.runner_run ts=182522616095988 dur=1577317
[mono_ns=182522624492380][T0x7a6cc9e7b740][TIMING] emit_host_span: [STRACE] v=1 pid=462205 tid=462205 inv=18 hid=3d601e71d3e3806f depth=1 name=chip.run.validate ts=182522617676600 dur=6814819
[mono_ns=182522624494804][T0x7a6cc9e7b740][TIMING] emit_host_span: [STRACE] v=1 pid=462205 tid=462205 inv=18 hid=3d601e71d3e3806f depth=2 name=chip.run.runner_run.device_wall ts=0 dur=1434003 clk=dev
[mono_ns=182522624496035][T0x7a6cc9e7b740][TIMING] emit_host_span: [STRACE] v=1 pid=462205 tid=462205 inv=18 hid=3d601e71d3e3806f depth=3 name=chip.run.runner_run.device_wall.preamble ts=0 dur=11645 clk=dev
[mono_ns=182522624497077][T0x7a6cc9e7b740][TIMING] emit_host_span: [STRACE] v=1 pid=462205 tid=462205 inv=18 hid=3d601e71d3e3806f depth=3 name=chip.run.runner_run.device_wall.graph_build ts=2262 dur=1427649 clk=dev
[mono_ns=182522624498099][T0x7a6cc9e7b740][TIMING] emit_host_span: [STRACE] v=1 pid=462205 tid=462205 inv=18 hid=3d601e71d3e3806f depth=3 name=chip.run.runner_run.device_wall.config_validate ts=2851 dur=888 clk=dev
[mono_ns=182522624499090][T0x7a6cc9e7b740][TIMING] emit_host_span: [STRACE] v=1 pid=462205 tid=462205 inv=18 hid=3d601e71d3e3806f depth=3 name=chip.run.runner_run.device_wall.arena_wire ts=3798 dur=2983 clk=dev
[mono_ns=182522624500062][T0x7a6cc9e7b740][TIMING] emit_host_span: [STRACE] v=1 pid=462205 tid=462205 inv=18 hid=3d601e71d3e3806f depth=3 name=chip.run.runner_run.device_wall.sm_reset ts=6849 dur=4840 clk=dev
[mono_ns=182522624501063][T0x7a6cc9e7b740][TIMING] emit_host_span: [STRACE] v=1 pid=462205 tid=462205 inv=18 hid=3d601e71d3e3806f depth=3 name=chip.run.runner_run.device_wall.post_orch ts=1429925 dur=4002 clk=dev
[mono_ns=182522624502055][T0x7a6cc9e7b740][TIMING] emit_host_span: [STRACE] v=1 pid=462205 tid=462205 inv=18 hid=3d601e71d3e3806f depth=3 name=chip.run.runner_run.device_wall.orch ts=11715 dur=1321540 clk=dev
[mono_ns=182522624503046][T0x7a6cc9e7b740][TIMING] emit_host_span: [STRACE] v=1 pid=462205 tid=462205 inv=18 hid=3d601e71d3e3806f depth=3 name=chip.run.runner_run.device_wall.sched ts=12392 dur=1401350 clk=dev
[mono_ns=182522624504248][T0x7a6cc9e7b740][TIMING] emit_host_span: [STRACE] v=1 pid=462205 tid=462205 inv=18 hid=3d601e71d3e3806f depth=1 name=chip.run.claim_release ts=182522624503687 dur=40
[mono_ns=182522624505660][T0x7a6cc9e7b740][TIMING] emit_host_span: [STRACE] v=1 pid=462205 tid=462205 inv=18 hid=3d601e71d3e3806f depth=0 name=chip.run ts=182522574218673 dur=50286386 run_id=0 dispatch_id=0 slot_id=0 generation=18 run_epoch=18
[mono_ns=182522661739885][T0x7a6cc9e7b740][TIMING] emit_host_span: [STRACE] v=1 pid=462205 tid=462205 inv=19 hid=3d601e71d3e3806f depth=2 name=chip.run.bind.args ts=182522624853883 dur=36884510
[mono_ns=182522661746385][T0x7a6cc9e7b740][TIMING] emit_host_span: [STRACE] v=1 pid=462205 tid=462205 inv=19 hid=3d601e71d3e3806f depth=2 name=chip.run.bind.prebuilt ts=182522661745173 dur=601
[mono_ns=182522661747587][T0x7a6cc9e7b740][TIMING] emit_host_span: [STRACE] v=1 pid=462205 tid=462205 inv=19 hid=3d601e71d3e3806f depth=1 name=chip.run.bind ts=182522624851168 dur=36895868
[mono_ns=182522666425929][T0x7a6cc9e7b740][WARN] prepare_execution: [device_runner.cpp:343] AICPU CPU_TOPO unavailable; using json_fallback: soc=Ascend950PR_9579 occupy=0x3e stable_reachable=5 requested=0 effective=5 affinity=[1, 2, 3, 4, 5(orch)]
[mono_ns=182522667912029][T0x7a6cc9e7b740][TIMING] emit_host_span: [STRACE] v=1 pid=462205 tid=462205 inv=19 hid=3d601e71d3e3806f depth=1 name=chip.run.runner_run ts=182522666482644 dur=1428484
[mono_ns=182522674245836][T0x7a6cc9e7b740][TIMING] emit_host_span: [STRACE] v=1 pid=462205 tid=462205 inv=19 hid=3d601e71d3e3806f depth=1 name=chip.run.validate ts=182522667914523 dur=6329961
[mono_ns=182522674248580][T0x7a6cc9e7b740][TIMING] emit_host_span: [STRACE] v=1 pid=462205 tid=462205 inv=19 hid=3d601e71d3e3806f depth=2 name=chip.run.runner_run.device_wall ts=0 dur=1295621 clk=dev
[mono_ns=182522674259486][T0x7a6cc9e7b740][TIMING] emit_host_span: [STRACE] v=1 pid=462205 tid=462205 inv=19 hid=3d601e71d3e3806f depth=3 name=chip.run.runner_run.device_wall.preamble ts=0 dur=11800 clk=dev
[mono_ns=182522674260548][T0x7a6cc9e7b740][TIMING] emit_host_span: [STRACE] v=1 pid=462205 tid=462205 inv=19 hid=3d601e71d3e3806f depth=3 name=chip.run.runner_run.device_wall.graph_build ts=2981 dur=1287277 clk=dev
[mono_ns=182522674261560][T0x7a6cc9e7b740][TIMING] emit_host_span: [STRACE] v=1 pid=462205 tid=462205 inv=19 hid=3d601e71d3e3806f depth=3 name=chip.run.runner_run.device_wall.config_validate ts=3413 dur=861 clk=dev
[mono_ns=182522674262541][T0x7a6cc9e7b740][TIMING] emit_host_span: [STRACE] v=1 pid=462205 tid=462205 inv=19 hid=3d601e71d3e3806f depth=3 name=chip.run.runner_run.device_wall.arena_wire ts=4349 dur=3000 clk=dev
[mono_ns=182522674263512][T0x7a6cc9e7b740][TIMING] emit_host_span: [STRACE] v=1 pid=462205 tid=462205 inv=19 hid=3d601e71d3e3806f depth=3 name=chip.run.runner_run.device_wall.sm_reset ts=7369 dur=3594 clk=dev
[mono_ns=182522674264494][T0x7a6cc9e7b740][TIMING] emit_host_span: [STRACE] v=1 pid=462205 tid=462205 inv=19 hid=3d601e71d3e3806f depth=3 name=chip.run.runner_run.device_wall.post_orch ts=1290278 dur=4444 clk=dev
[mono_ns=182522674265485][T0x7a6cc9e7b740][TIMING] emit_host_span: [STRACE] v=1 pid=462205 tid=462205 inv=19 hid=3d601e71d3e3806f depth=3 name=chip.run.runner_run.device_wall.orch ts=11036 dur=1186940 clk=dev
[mono_ns=182522674266457][T0x7a6cc9e7b740][TIMING] emit_host_span: [STRACE] v=1 pid=462205 tid=462205 inv=19 hid=3d601e71d3e3806f depth=3 name=chip.run.runner_run.device_wall.sched ts=12194 dur=1262530 clk=dev
[mono_ns=182522674267709][T0x7a6cc9e7b740][TIMING] emit_host_span: [STRACE] v=1 pid=462205 tid=462205 inv=19 hid=3d601e71d3e3806f depth=1 name=chip.run.claim_release ts=182522674267128 dur=50
[mono_ns=182522674269131][T0x7a6cc9e7b740][TIMING] emit_host_span: [STRACE] v=1 pid=462205 tid=462205 inv=19 hid=3d601e71d3e3806f depth=0 name=chip.run ts=182522624848174 dur=49420436 run_id=0 dispatch_id=0 slot_id=0 generation=19 run_epoch=19
[mono_ns=182522711157567][T0x7a6cc9e7b740][TIMING] emit_host_span: [STRACE] v=1 pid=462205 tid=462205 inv=20 hid=3d601e71d3e3806f depth=2 name=chip.run.bind.args ts=182522674617293 dur=36535878
[mono_ns=182522711170938][T0x7a6cc9e7b740][TIMING] emit_host_span: [STRACE] v=1 pid=462205 tid=462205 inv=20 hid=3d601e71d3e3806f depth=2 name=chip.run.bind.prebuilt ts=182522711169125 dur=831
[mono_ns=182522711173682][T0x7a6cc9e7b740][TIMING] emit_host_span: [STRACE] v=1 pid=462205 tid=462205 inv=20 hid=3d601e71d3e3806f depth=1 name=chip.run.bind ts=182522674614720 dur=36557770
[mono_ns=182522716034628][T0x7a6cc9e7b740][WARN] prepare_execution: [device_runner.cpp:343] AICPU CPU_TOPO unavailable; using json_fallback: soc=Ascend950PR_9579 occupy=0x3e stable_reachable=5 requested=0 effective=5 affinity=[1, 2, 3, 4, 5(orch)]
[mono_ns=182522717788620][T0x7a6cc9e7b740][TIMING] emit_host_span: [STRACE] v=1 pid=462205 tid=462205 inv=20 hid=3d601e71d3e3806f depth=1 name=chip.run.runner_run ts=182522716099775 dur=1687673
[mono_ns=182522724634505][T0x7a6cc9e7b740][TIMING] emit_host_span: [STRACE] v=1 pid=462205 tid=462205 inv=20 hid=3d601e71d3e3806f depth=1 name=chip.run.validate ts=182522717791935 dur=6841128
[mono_ns=182522724637350][T0x7a6cc9e7b740][TIMING] emit_host_span: [STRACE] v=1 pid=462205 tid=462205 inv=20 hid=3d601e71d3e3806f depth=2 name=chip.run.runner_run.device_wall ts=0 dur=1529648 clk=dev
[mono_ns=182522724638732][T0x7a6cc9e7b740][TIMING] emit_host_span: [STRACE] v=1 pid=462205 tid=462205 inv=20 hid=3d601e71d3e3806f depth=3 name=chip.run.runner_run.device_wall.preamble ts=0 dur=12087 clk=dev
[mono_ns=182522724639823][T0x7a6cc9e7b740][TIMING] emit_host_span: [STRACE] v=1 pid=462205 tid=462205 inv=20 hid=3d601e71d3e3806f depth=3 name=chip.run.runner_run.device_wall.graph_build ts=3029 dur=1522375 clk=dev
[mono_ns=182522724640865][T0x7a6cc9e7b740][TIMING] emit_host_span: [STRACE] v=1 pid=462205 tid=462205 inv=20 hid=3d601e71d3e3806f depth=3 name=chip.run.runner_run.device_wall.config_validate ts=3546 dur=1838 clk=dev
[mono_ns=182522724649247][T0x7a6cc9e7b740][TIMING] emit_host_span: [STRACE] v=1 pid=462205 tid=462205 inv=20 hid=3d601e71d3e3806f depth=3 name=chip.run.runner_run.device_wall.arena_wire ts=5451 dur=2925 clk=dev
[mono_ns=182522724650279][T0x7a6cc9e7b740][TIMING] emit_host_span: [STRACE] v=1 pid=462205 tid=462205 inv=20 hid=3d601e71d3e3806f depth=3 name=chip.run.runner_run.device_wall.sm_reset ts=8398 dur=3737 clk=dev
[mono_ns=182522724651300][T0x7a6cc9e7b740][TIMING] emit_host_span: [STRACE] v=1 pid=462205 tid=462205 inv=20 hid=3d601e71d3e3806f depth=3 name=chip.run.runner_run.device_wall.post_orch ts=1525422 dur=3702 clk=dev
[mono_ns=182522724652342][T0x7a6cc9e7b740][TIMING] emit_host_span: [STRACE] v=1 pid=462205 tid=462205 inv=20 hid=3d601e71d3e3806f depth=3 name=chip.run.runner_run.device_wall.orch ts=12208 dur=1403766 clk=dev
[mono_ns=182522724653323][T0x7a6cc9e7b740][TIMING] emit_host_span: [STRACE] v=1 pid=462205 tid=462205 inv=20 hid=3d601e71d3e3806f depth=3 name=chip.run.runner_run.device_wall.sched ts=13161 dur=1498000 clk=dev
[mono_ns=182522724654746][T0x7a6cc9e7b740][TIMING] emit_host_span: [STRACE] v=1 pid=462205 tid=462205 inv=20 hid=3d601e71d3e3806f depth=1 name=chip.run.claim_release ts=182522724654015 dur=120
[mono_ns=182522724656338][T0x7a6cc9e7b740][TIMING] emit_host_span: [STRACE] v=1 pid=462205 tid=462205 inv=20 hid=3d601e71d3e3806f depth=0 name=chip.run ts=182522674610403 dur=50045204 run_id=0 dispatch_id=0 slot_id=0 generation=20 run_epoch=20
[mono_ns=182522761704164][T0x7a6cc9e7b740][TIMING] emit_host_span: [STRACE] v=1 pid=462205 tid=462205 inv=21 hid=3d601e71d3e3806f depth=2 name=chip.run.bind.args ts=182522725054295 dur=36648096
[mono_ns=182522761710013][T0x7a6cc9e7b740][TIMING] emit_host_span: [STRACE] v=1 pid=462205 tid=462205 inv=21 hid=3d601e71d3e3806f depth=2 name=chip.run.bind.prebuilt ts=182522761708761 dur=631
[mono_ns=182522761711284][T0x7a6cc9e7b740][TIMING] emit_host_span: [STRACE] v=1 pid=462205 tid=462205 inv=21 hid=3d601e71d3e3806f depth=1 name=chip.run.bind ts=182522725051141 dur=36659533
[mono_ns=182522767227834][T0x7a6cc9e7b740][WARN] prepare_execution: [device_runner.cpp:343] AICPU CPU_TOPO unavailable; using json_fallback: soc=Ascend950PR_9579 occupy=0x3e stable_reachable=5 requested=0 effective=5 affinity=[1, 2, 3, 4, 5(orch)]
[mono_ns=182522768829689][T0x7a6cc9e7b740][TIMING] emit_host_span: [STRACE] v=1 pid=462205 tid=462205 inv=21 hid=3d601e71d3e3806f depth=1 name=chip.run.runner_run ts=182522767293453 dur=1535294
[mono_ns=182522775579249][T0x7a6cc9e7b740][TIMING] emit_host_span: [STRACE] v=1 pid=462205 tid=462205 inv=21 hid=3d601e71d3e3806f depth=1 name=chip.run.validate ts=182522768832703 dur=6745565
[mono_ns=182522775581533][T0x7a6cc9e7b740][TIMING] emit_host_span: [STRACE] v=1 pid=462205 tid=462205 inv=21 hid=3d601e71d3e3806f depth=2 name=chip.run.runner_run.device_wall ts=0 dur=1385386 clk=dev
[mono_ns=182522775582815][T0x7a6cc9e7b740][TIMING] emit_host_span: [STRACE] v=1 pid=462205 tid=462205 inv=21 hid=3d601e71d3e3806f depth=3 name=chip.run.runner_run.device_wall.preamble ts=0 dur=12384 clk=dev
[mono_ns=182522775583906][T0x7a6cc9e7b740][TIMING] emit_host_span: [STRACE] v=1 pid=462205 tid=462205 inv=21 hid=3d601e71d3e3806f depth=3 name=chip.run.runner_run.device_wall.graph_build ts=3321 dur=1376814 clk=dev
[mono_ns=182522775584908][T0x7a6cc9e7b740][TIMING] emit_host_span: [STRACE] v=1 pid=462205 tid=462205 inv=21 hid=3d601e71d3e3806f depth=3 name=chip.run.runner_run.device_wall.config_validate ts=3949 dur=846 clk=dev
[mono_ns=182522775585919][T0x7a6cc9e7b740][TIMING] emit_host_span: [STRACE] v=1 pid=462205 tid=462205 inv=21 hid=3d601e71d3e3806f depth=3 name=chip.run.runner_run.device_wall.arena_wire ts=5029 dur=2557 clk=dev
[mono_ns=182522775586901][T0x7a6cc9e7b740][TIMING] emit_host_span: [STRACE] v=1 pid=462205 tid=462205 inv=21 hid=3d601e71d3e3806f depth=3 name=chip.run.runner_run.device_wall.sm_reset ts=7662 dur=3916 clk=dev
[mono_ns=182522775589595][T0x7a6cc9e7b740][TIMING] emit_host_span: [STRACE] v=1 pid=462205 tid=462205 inv=21 hid=3d601e71d3e3806f depth=3 name=chip.run.runner_run.device_wall.post_orch ts=1380166 dur=4415 clk=dev
[mono_ns=182522775590606][T0x7a6cc9e7b740][TIMING] emit_host_span: [STRACE] v=1 pid=462205 tid=462205 inv=21 hid=3d601e71d3e3806f depth=3 name=chip.run.runner_run.device_wall.orch ts=11649 dur=1274201 clk=dev
[mono_ns=182522775591598][T0x7a6cc9e7b740][TIMING] emit_host_span: [STRACE] v=1 pid=462205 tid=462205 inv=21 hid=3d601e71d3e3806f depth=3 name=chip.run.runner_run.device_wall.sched ts=13059 dur=1351504 clk=dev
[mono_ns=182522775592840][T0x7a6cc9e7b740][TIMING] emit_host_span: [STRACE] v=1 pid=462205 tid=462205 inv=21 hid=3d601e71d3e3806f depth=1 name=chip.run.claim_release ts=182522775592249 dur=60
[mono_ns=182522775594122][T0x7a6cc9e7b740][TIMING] emit_host_span: [STRACE] v=1 pid=462205 tid=462205 inv=21 hid=3d601e71d3e3806f depth=0 name=chip.run ts=182522725047776 dur=50545695 run_id=0 dispatch_id=0 slot_id=0 generation=21 run_epoch=21
[mono_ns=182522813307156][T0x7a6cc9e7b740][TIMING] emit_host_span: [STRACE] v=1 pid=462205 tid=462205 inv=22 hid=3d601e71d3e3806f depth=2 name=chip.run.bind.args ts=182522775936706 dur=37368317
[mono_ns=182522813314176][T0x7a6cc9e7b740][TIMING] emit_host_span: [STRACE] v=1 pid=462205 tid=462205 inv=22 hid=3d601e71d3e3806f depth=2 name=chip.run.bind.prebuilt ts=182522813312964 dur=601
[mono_ns=182522813316179][T0x7a6cc9e7b740][TIMING] emit_host_span: [STRACE] v=1 pid=462205 tid=462205 inv=22 hid=3d601e71d3e3806f depth=1 name=chip.run.bind ts=182522775934222 dur=37381206
[mono_ns=182522818340821][T0x7a6cc9e7b740][WARN] prepare_execution: [device_runner.cpp:343] AICPU CPU_TOPO unavailable; using json_fallback: soc=Ascend950PR_9579 occupy=0x3e stable_reachable=5 requested=0 effective=5 affinity=[1, 2, 3, 4, 5(orch)]
[mono_ns=182522819994283][T0x7a6cc9e7b740][TIMING] emit_host_span: [STRACE] v=1 pid=462205 tid=462205 inv=22 hid=3d601e71d3e3806f depth=1 name=chip.run.runner_run ts=182522818400490 dur=1592871
[mono_ns=182522826397473][T0x7a6cc9e7b740][TIMING] emit_host_span: [STRACE] v=1 pid=462205 tid=462205 inv=22 hid=3d601e71d3e3806f depth=1 name=chip.run.validate ts=182522819997177 dur=6399345
[mono_ns=182522826399877][T0x7a6cc9e7b740][TIMING] emit_host_span: [STRACE] v=1 pid=462205 tid=462205 inv=22 hid=3d601e71d3e3806f depth=2 name=chip.run.runner_run.device_wall ts=0 dur=1439885 clk=dev
[mono_ns=182522826401159][T0x7a6cc9e7b740][TIMING] emit_host_span: [STRACE] v=1 pid=462205 tid=462205 inv=22 hid=3d601e71d3e3806f depth=3 name=chip.run.runner_run.device_wall.preamble ts=0 dur=12376 clk=dev
[mono_ns=182522826402230][T0x7a6cc9e7b740][TIMING] emit_host_span: [STRACE] v=1 pid=462205 tid=462205 inv=22 hid=3d601e71d3e3806f depth=3 name=chip.run.runner_run.device_wall.graph_build ts=3033 dur=1431616 clk=dev
[mono_ns=182522826403252][T0x7a6cc9e7b740][TIMING] emit_host_span: [STRACE] v=1 pid=462205 tid=462205 inv=22 hid=3d601e71d3e3806f depth=3 name=chip.run.runner_run.device_wall.config_validate ts=3401 dur=1275 clk=dev
[mono_ns=182522826404253][T0x7a6cc9e7b740][TIMING] emit_host_span: [STRACE] v=1 pid=462205 tid=462205 inv=22 hid=3d601e71d3e3806f depth=3 name=chip.run.runner_run.device_wall.arena_wire ts=4743 dur=3591 clk=dev
[mono_ns=182522826405235][T0x7a6cc9e7b740][TIMING] emit_host_span: [STRACE] v=1 pid=462205 tid=462205 inv=22 hid=3d601e71d3e3806f depth=3 name=chip.run.runner_run.device_wall.sm_reset ts=8413 dur=3547 clk=dev
[mono_ns=182522826406256][T0x7a6cc9e7b740][TIMING] emit_host_span: [STRACE] v=1 pid=462205 tid=462205 inv=22 hid=3d601e71d3e3806f depth=3 name=chip.run.runner_run.device_wall.post_orch ts=1434678 dur=4424 clk=dev
[mono_ns=182522826407258][T0x7a6cc9e7b740][TIMING] emit_host_span: [STRACE] v=1 pid=462205 tid=462205 inv=22 hid=3d601e71d3e3806f depth=3 name=chip.run.runner_run.device_wall.orch ts=12103 dur=1332670 clk=dev
[mono_ns=182522826408229][T0x7a6cc9e7b740][TIMING] emit_host_span: [STRACE] v=1 pid=462205 tid=462205 inv=22 hid=3d601e71d3e3806f depth=3 name=chip.run.runner_run.device_wall.sched ts=12850 dur=1406056 clk=dev
[mono_ns=182522826410883][T0x7a6cc9e7b740][TIMING] emit_host_span: [STRACE] v=1 pid=462205 tid=462205 inv=22 hid=3d601e71d3e3806f depth=1 name=chip.run.claim_release ts=182522826410242 dur=61
[mono_ns=182522826412205][T0x7a6cc9e7b740][TIMING] emit_host_span: [STRACE] v=1 pid=462205 tid=462205 inv=22 hid=3d601e71d3e3806f depth=0 name=chip.run ts=182522775931348 dur=50480246 run_id=0 dispatch_id=0 slot_id=0 generation=22 run_epoch=22
[mono_ns=182522865516628][T0x7a6cc9e7b740][TIMING] emit_host_span: [STRACE] v=1 pid=462205 tid=462205 inv=23 hid=3d601e71d3e3806f depth=2 name=chip.run.bind.args ts=182522826751975 dur=38762740
[mono_ns=182522865521936][T0x7a6cc9e7b740][TIMING] emit_host_span: [STRACE] v=1 pid=462205 tid=462205 inv=23 hid=3d601e71d3e3806f depth=2 name=chip.run.bind.prebuilt ts=182522865520444 dur=901
[mono_ns=182522865523168][T0x7a6cc9e7b740][TIMING] emit_host_span: [STRACE] v=1 pid=462205 tid=462205 inv=23 hid=3d601e71d3e3806f depth=1 name=chip.run.bind ts=182522826749952 dur=38772645
[mono_ns=182522870864635][T0x7a6cc9e7b740][WARN] prepare_execution: [device_runner.cpp:343] AICPU CPU_TOPO unavailable; using json_fallback: soc=Ascend950PR_9579 occupy=0x3e stable_reachable=5 requested=0 effective=5 affinity=[1, 2, 3, 4, 5(orch)]
[mono_ns=182522872381241][T0x7a6cc9e7b740][TIMING] emit_host_span: [STRACE] v=1 pid=462205 tid=462205 inv=23 hid=3d601e71d3e3806f depth=1 name=chip.run.runner_run ts=182522870926918 dur=1453532
[mono_ns=182522878675328][T0x7a6cc9e7b740][TIMING] emit_host_span: [STRACE] v=1 pid=462205 tid=462205 inv=23 hid=3d601e71d3e3806f depth=1 name=chip.run.validate ts=182522872383725 dur=6290662
[mono_ns=182522878677622][T0x7a6cc9e7b740][TIMING] emit_host_span: [STRACE] v=1 pid=462205 tid=462205 inv=23 hid=3d601e71d3e3806f depth=2 name=chip.run.runner_run.device_wall ts=0 dur=1317765 clk=dev
[mono_ns=182522878678853][T0x7a6cc9e7b740][TIMING] emit_host_span: [STRACE] v=1 pid=462205 tid=462205 inv=23 hid=3d601e71d3e3806f depth=3 name=chip.run.runner_run.device_wall.preamble ts=0 dur=12541 clk=dev
[mono_ns=182522878679915][T0x7a6cc9e7b740][TIMING] emit_host_span: [STRACE] v=1 pid=462205 tid=462205 inv=23 hid=3d601e71d3e3806f depth=3 name=chip.run.runner_run.device_wall.graph_build ts=3397 dur=1309559 clk=dev
[mono_ns=182522878680937][T0x7a6cc9e7b740][TIMING] emit_host_span: [STRACE] v=1 pid=462205 tid=462205 inv=23 hid=3d601e71d3e3806f depth=3 name=chip.run.runner_run.device_wall.config_validate ts=3737 dur=1497 clk=dev
[mono_ns=182522878681928][T0x7a6cc9e7b740][TIMING] emit_host_span: [STRACE] v=1 pid=462205 tid=462205 inv=23 hid=3d601e71d3e3806f depth=3 name=chip.run.runner_run.device_wall.arena_wire ts=5295 dur=2642 clk=dev
[mono_ns=182522878682950][T0x7a6cc9e7b740][TIMING] emit_host_span: [STRACE] v=1 pid=462205 tid=462205 inv=23 hid=3d601e71d3e3806f depth=3 name=chip.run.runner_run.device_wall.sm_reset ts=8033 dur=3940 clk=dev
[mono_ns=182522878683941][T0x7a6cc9e7b740][TIMING] emit_host_span: [STRACE] v=1 pid=462205 tid=462205 inv=23 hid=3d601e71d3e3806f depth=3 name=chip.run.runner_run.device_wall.post_orch ts=1312985 dur=4377 clk=dev
[mono_ns=182522878684933][T0x7a6cc9e7b740][TIMING] emit_host_span: [STRACE] v=1 pid=462205 tid=462205 inv=23 hid=3d601e71d3e3806f depth=3 name=chip.run.runner_run.device_wall.orch ts=12044 dur=1208802 clk=dev
[mono_ns=182522878685904][T0x7a6cc9e7b740][TIMING] emit_host_span: [STRACE] v=1 pid=462205 tid=462205 inv=23 hid=3d601e71d3e3806f depth=3 name=chip.run.runner_run.device_wall.sched ts=13180 dur=1285456 clk=dev
[mono_ns=182522878687186][T0x7a6cc9e7b740][TIMING] emit_host_span: [STRACE] v=1 pid=462205 tid=462205 inv=23 hid=3d601e71d3e3806f depth=1 name=chip.run.claim_release ts=182522878686565 dur=70
[mono_ns=182522878688858][T0x7a6cc9e7b740][TIMING] emit_host_span: [STRACE] v=1 pid=462205 tid=462205 inv=23 hid=3d601e71d3e3806f depth=0 name=chip.run ts=182522826747489 dur=51940548 run_id=0 dispatch_id=0 slot_id=0 generation=23 run_epoch=23
[mono_ns=182522913963012][T0x7a6cc9e7b740][TIMING] emit_host_span: [STRACE] v=1 pid=462205 tid=462205 inv=24 hid=3d601e71d3e3806f depth=2 name=chip.run.bind.args ts=182522879043060 dur=34918410
[mono_ns=182522913969752][T0x7a6cc9e7b740][TIMING] emit_host_span: [STRACE] v=1 pid=462205 tid=462205 inv=24 hid=3d601e71d3e3806f depth=2 name=chip.run.bind.prebuilt ts=182522913968590 dur=581
[mono_ns=182522913971214][T0x7a6cc9e7b740][TIMING] emit_host_span: [STRACE] v=1 pid=462205 tid=462205 inv=24 hid=3d601e71d3e3806f depth=1 name=chip.run.bind ts=182522879040977 dur=34929687
[mono_ns=182522919019922][T0x7a6cc9e7b740][WARN] prepare_execution: [device_runner.cpp:343] AICPU CPU_TOPO unavailable; using json_fallback: soc=Ascend950PR_9579 occupy=0x3e stable_reachable=5 requested=0 effective=5 affinity=[1, 2, 3, 4, 5(orch)]
[mono_ns=182522920539713][T0x7a6cc9e7b740][TIMING] emit_host_span: [STRACE] v=1 pid=462205 tid=462205 inv=24 hid=3d601e71d3e3806f depth=1 name=chip.run.runner_run ts=182522919080573 dur=1458039
[mono_ns=182522927442373][T0x7a6cc9e7b740][TIMING] emit_host_span: [STRACE] v=1 pid=462205 tid=462205 inv=24 hid=3d601e71d3e3806f depth=1 name=chip.run.validate ts=182522920542037 dur=6899375
[mono_ns=182522927444477][T0x7a6cc9e7b740][TIMING] emit_host_span: [STRACE] v=1 pid=462205 tid=462205 inv=24 hid=3d601e71d3e3806f depth=2 name=chip.run.runner_run.device_wall ts=0 dur=1321608 clk=dev
[mono_ns=182522927445538][T0x7a6cc9e7b740][TIMING] emit_host_span: [STRACE] v=1 pid=462205 tid=462205 inv=24 hid=3d601e71d3e3806f depth=3 name=chip.run.runner_run.device_wall.preamble ts=0 dur=12853 clk=dev
[mono_ns=182522927446560][T0x7a6cc9e7b740][TIMING] emit_host_span: [STRACE] v=1 pid=462205 tid=462205 inv=24 hid=3d601e71d3e3806f depth=3 name=chip.run.runner_run.device_wall.graph_build ts=3816 dur=1313298 clk=dev
[mono_ns=182522927447561][T0x7a6cc9e7b740][TIMING] emit_host_span: [STRACE] v=1 pid=462205 tid=462205 inv=24 hid=3d601e71d3e3806f depth=3 name=chip.run.runner_run.device_wall.config_validate ts=4491 dur=959 clk=dev
[mono_ns=182522927448543][T0x7a6cc9e7b740][TIMING] emit_host_span: [STRACE] v=1 pid=462205 tid=462205 inv=24 hid=3d601e71d3e3806f depth=3 name=chip.run.runner_run.device_wall.arena_wire ts=5681 dur=2713 clk=dev
[mono_ns=182522927449524][T0x7a6cc9e7b740][TIMING] emit_host_span: [STRACE] v=1 pid=462205 tid=462205 inv=24 hid=3d601e71d3e3806f depth=3 name=chip.run.runner_run.device_wall.sm_reset ts=8667 dur=3887 clk=dev
[mono_ns=182522927450556][T0x7a6cc9e7b740][TIMING] emit_host_span: [STRACE] v=1 pid=462205 tid=462205 inv=24 hid=3d601e71d3e3806f depth=3 name=chip.run.runner_run.device_wall.post_orch ts=1317191 dur=3858 clk=dev
[mono_ns=182522927451537][T0x7a6cc9e7b740][TIMING] emit_host_span: [STRACE] v=1 pid=462205 tid=462205 inv=24 hid=3d601e71d3e3806f depth=3 name=chip.run.runner_run.device_wall.orch ts=12626 dur=1213949 clk=dev
[mono_ns=182522927452519][T0x7a6cc9e7b740][TIMING] emit_host_span: [STRACE] v=1 pid=462205 tid=462205 inv=24 hid=3d601e71d3e3806f depth=3 name=chip.run.runner_run.device_wall.sched ts=13286 dur=1289488 clk=dev
[mono_ns=182522927453700][T0x7a6cc9e7b740][TIMING] emit_host_span: [STRACE] v=1 pid=462205 tid=462205 inv=24 hid=3d601e71d3e3806f depth=1 name=chip.run.claim_release ts=182522927453150 dur=30
[mono_ns=182522927454932][T0x7a6cc9e7b740][TIMING] emit_host_span: [STRACE] v=1 pid=462205 tid=462205 inv=24 hid=3d601e71d3e3806f depth=0 name=chip.run ts=182522879038393 dur=48415948 run_id=0 dispatch_id=0 slot_id=0 generation=24 run_epoch=24
[mono_ns=182522964625052][T0x7a6cc9e7b740][TIMING] emit_host_span: [STRACE] v=1 pid=462205 tid=462205 inv=25 hid=3d601e71d3e3806f depth=2 name=chip.run.bind.args ts=182522927789194 dur=36834486
[mono_ns=182522964632924][T0x7a6cc9e7b740][TIMING] emit_host_span: [STRACE] v=1 pid=462205 tid=462205 inv=25 hid=3d601e71d3e3806f depth=2 name=chip.run.bind.prebuilt ts=182522964631902 dur=461
[mono_ns=182522964634526][T0x7a6cc9e7b740][TIMING] emit_host_span: [STRACE] v=1 pid=462205 tid=462205 inv=25 hid=3d601e71d3e3806f depth=1 name=chip.run.bind ts=182522927787231 dur=36846754
[mono_ns=182522969672217][T0x7a6cc9e7b740][WARN] prepare_execution: [device_runner.cpp:343] AICPU CPU_TOPO unavailable; using json_fallback: soc=Ascend950PR_9579 occupy=0x3e stable_reachable=5 requested=0 effective=5 affinity=[1, 2, 3, 4, 5(orch)]
[mono_ns=182522971401332][T0x7a6cc9e7b740][TIMING] emit_host_span: [STRACE] v=1 pid=462205 tid=462205 inv=25 hid=3d601e71d3e3806f depth=1 name=chip.run.runner_run ts=182522969736113 dur=1664378
[mono_ns=182522978367608][T0x7a6cc9e7b740][TIMING] emit_host_span: [STRACE] v=1 pid=462205 tid=462205 inv=25 hid=3d601e71d3e3806f depth=1 name=chip.run.validate ts=182522971403866 dur=6962831
[mono_ns=182522978369741][T0x7a6cc9e7b740][TIMING] emit_host_span: [STRACE] v=1 pid=462205 tid=462205 inv=25 hid=3d601e71d3e3806f depth=2 name=chip.run.runner_run.device_wall ts=0 dur=1492499 clk=dev
[mono_ns=182522978370833][T0x7a6cc9e7b740][TIMING] emit_host_span: [STRACE] v=1 pid=462205 tid=462205 inv=25 hid=3d601e71d3e3806f depth=3 name=chip.run.runner_run.device_wall.preamble ts=0 dur=15481 clk=dev
[mono_ns=182522978371865][T0x7a6cc9e7b740][TIMING] emit_host_span: [STRACE] v=1 pid=462205 tid=462205 inv=25 hid=3d601e71d3e3806f depth=3 name=chip.run.runner_run.device_wall.graph_build ts=4977 dur=1482562 clk=dev
[mono_ns=182522978372856][T0x7a6cc9e7b740][TIMING] emit_host_span: [STRACE] v=1 pid=462205 tid=462205 inv=25 hid=3d601e71d3e3806f depth=3 name=chip.run.runner_run.device_wall.config_validate ts=5682 dur=1105 clk=dev
[mono_ns=182522978373827][T0x7a6cc9e7b740][TIMING] emit_host_span: [STRACE] v=1 pid=462205 tid=462205 inv=25 hid=3d601e71d3e3806f depth=3 name=chip.run.runner_run.device_wall.arena_wire ts=6879 dur=2722 clk=dev
[mono_ns=182522978374769][T0x7a6cc9e7b740][TIMING] emit_host_span: [STRACE] v=1 pid=462205 tid=462205 inv=25 hid=3d601e71d3e3806f depth=3 name=chip.run.runner_run.device_wall.sm_reset ts=9674 dur=3299 clk=dev
[mono_ns=182522978375750][T0x7a6cc9e7b740][TIMING] emit_host_span: [STRACE] v=1 pid=462205 tid=462205 inv=25 hid=3d601e71d3e3806f depth=3 name=chip.run.runner_run.device_wall.post_orch ts=1487554 dur=3885 clk=dev
[mono_ns=182522978376722][T0x7a6cc9e7b740][TIMING] emit_host_span: [STRACE] v=1 pid=462205 tid=462205 inv=25 hid=3d601e71d3e3806f depth=3 name=chip.run.runner_run.device_wall.orch ts=13002 dur=1364223 clk=dev
[mono_ns=182522978377733][T0x7a6cc9e7b740][TIMING] emit_host_span: [STRACE] v=1 pid=462205 tid=462205 inv=25 hid=3d601e71d3e3806f depth=3 name=chip.run.runner_run.device_wall.sched ts=15291 dur=1457744 clk=dev
[mono_ns=182522978379135][T0x7a6cc9e7b740][TIMING] emit_host_span: [STRACE] v=1 pid=462205 tid=462205 inv=25 hid=3d601e71d3e3806f depth=1 name=chip.run.claim_release ts=182522978378394 dur=231
[mono_ns=182522978380698][T0x7a6cc9e7b740][TIMING] emit_host_span: [STRACE] v=1 pid=462205 tid=462205 inv=25 hid=3d601e71d3e3806f depth=0 name=chip.run ts=182522927784908 dur=50595219 run_id=0 dispatch_id=0 slot_id=0 generation=25 run_epoch=25
[mono_ns=182523016420462][T0x7a6cc9e7b740][TIMING] emit_host_span: [STRACE] v=1 pid=462205 tid=462205 inv=26 hid=3d601e71d3e3806f depth=2 name=chip.run.bind.args ts=182522978720628 dur=37698112
[mono_ns=182523016427603][T0x7a6cc9e7b740][TIMING] emit_host_span: [STRACE] v=1 pid=462205 tid=462205 inv=26 hid=3d601e71d3e3806f depth=2 name=chip.run.bind.prebuilt ts=182523016426501 dur=551
[mono_ns=182523016428825][T0x7a6cc9e7b740][TIMING] emit_host_span: [STRACE] v=1 pid=462205 tid=462205 inv=26 hid=3d601e71d3e3806f depth=1 name=chip.run.bind ts=182522978718325 dur=37709979
[mono_ns=182523021492555][T0x7a6cc9e7b740][WARN] prepare_execution: [device_runner.cpp:343] AICPU CPU_TOPO unavailable; using json_fallback: soc=Ascend950PR_9579 occupy=0x3e stable_reachable=5 requested=0 effective=5 affinity=[1, 2, 3, 4, 5(orch)]
[mono_ns=182523023169723][T0x7a6cc9e7b740][TIMING] emit_host_span: [STRACE] v=1 pid=462205 tid=462205 inv=26 hid=3d601e71d3e3806f depth=1 name=chip.run.runner_run ts=182523021552916 dur=1616045
[mono_ns=182523029571241][T0x7a6cc9e7b740][TIMING] emit_host_span: [STRACE] v=1 pid=462205 tid=462205 inv=26 hid=3d601e71d3e3806f depth=1 name=chip.run.validate ts=182523023171896 dur=6398373
[mono_ns=182523029575647][T0x7a6cc9e7b740][TIMING] emit_host_span: [STRACE] v=1 pid=462205 tid=462205 inv=26 hid=3d601e71d3e3806f depth=2 name=chip.run.runner_run.device_wall ts=0 dur=1483178 clk=dev
[mono_ns=182523029576709][T0x7a6cc9e7b740][TIMING] emit_host_span: [STRACE] v=1 pid=462205 tid=462205 inv=26 hid=3d601e71d3e3806f depth=3 name=chip.run.runner_run.device_wall.preamble ts=0 dur=14028 clk=dev
[mono_ns=182523029577710][T0x7a6cc9e7b740][TIMING] emit_host_span: [STRACE] v=1 pid=462205 tid=462205 inv=26 hid=3d601e71d3e3806f depth=3 name=chip.run.runner_run.device_wall.graph_build ts=5412 dur=1473374 clk=dev
[mono_ns=182523029578702][T0x7a6cc9e7b740][TIMING] emit_host_span: [STRACE] v=1 pid=462205 tid=462205 inv=26 hid=3d601e71d3e3806f depth=3 name=chip.run.runner_run.device_wall.config_validate ts=5723 dur=1233 clk=dev
[mono_ns=182523029579683][T0x7a6cc9e7b740][TIMING] emit_host_span: [STRACE] v=1 pid=462205 tid=462205 inv=26 hid=3d601e71d3e3806f depth=3 name=chip.run.runner_run.device_wall.arena_wire ts=7027 dur=2694 clk=dev
[mono_ns=182523029580695][T0x7a6cc9e7b740][TIMING] emit_host_span: [STRACE] v=1 pid=462205 tid=462205 inv=26 hid=3d601e71d3e3806f depth=3 name=chip.run.runner_run.device_wall.sm_reset ts=10023 dur=3614 clk=dev
[mono_ns=182523029581676][T0x7a6cc9e7b740][TIMING] emit_host_span: [STRACE] v=1 pid=462205 tid=462205 inv=26 hid=3d601e71d3e3806f depth=3 name=chip.run.runner_run.device_wall.post_orch ts=1478804 dur=4159 clk=dev
[mono_ns=182523029582708][T0x7a6cc9e7b740][TIMING] emit_host_span: [STRACE] v=1 pid=462205 tid=462205 inv=26 hid=3d601e71d3e3806f depth=3 name=chip.run.runner_run.device_wall.orch ts=13662 dur=1363333 clk=dev
[mono_ns=182523029583669][T0x7a6cc9e7b740][TIMING] emit_host_span: [STRACE] v=1 pid=462205 tid=462205 inv=26 hid=3d601e71d3e3806f depth=3 name=chip.run.runner_run.device_wall.sched ts=14572 dur=1448201 clk=dev
[mono_ns=182523029584841][T0x7a6cc9e7b740][TIMING] emit_host_span: [STRACE] v=1 pid=462205 tid=462205 inv=26 hid=3d601e71d3e3806f depth=1 name=chip.run.claim_release ts=182523029584250 dur=60
[mono_ns=182523029586033][T0x7a6cc9e7b740][TIMING] emit_host_span: [STRACE] v=1 pid=462205 tid=462205 inv=26 hid=3d601e71d3e3806f depth=0 name=chip.run ts=182522978715811 dur=50869661 run_id=0 dispatch_id=0 slot_id=0 generation=26 run_epoch=26
[mono_ns=182523068524897][T0x7a6cc9e7b740][TIMING] emit_host_span: [STRACE] v=1 pid=462205 tid=462205 inv=27 hid=3d601e71d3e3806f depth=2 name=chip.run.bind.args ts=182523029926163 dur=38597332
[mono_ns=182523068531787][T0x7a6cc9e7b740][TIMING] emit_host_span: [STRACE] v=1 pid=462205 tid=462205 inv=27 hid=3d601e71d3e3806f depth=2 name=chip.run.bind.prebuilt ts=182523068530716 dur=531
[mono_ns=182523068533400][T0x7a6cc9e7b740][TIMING] emit_host_span: [STRACE] v=1 pid=462205 tid=462205 inv=27 hid=3d601e71d3e3806f depth=1 name=chip.run.bind ts=182523029924170 dur=38608388
[mono_ns=182523073940175][T0x7a6cc9e7b740][WARN] prepare_execution: [device_runner.cpp:343] AICPU CPU_TOPO unavailable; using json_fallback: soc=Ascend950PR_9579 occupy=0x3e stable_reachable=5 requested=0 effective=5 affinity=[1, 2, 3, 4, 5(orch)]
[mono_ns=182523075409220][T0x7a6cc9e7b740][TIMING] emit_host_span: [STRACE] v=1 pid=462205 tid=462205 inv=27 hid=3d601e71d3e3806f depth=1 name=chip.run.runner_run ts=182523073996179 dur=1412230
[mono_ns=182523082076757][T0x7a6cc9e7b740][TIMING] emit_host_span: [STRACE] v=1 pid=462205 tid=462205 inv=27 hid=3d601e71d3e3806f depth=1 name=chip.run.validate ts=182523075411563 dur=6664253
[mono_ns=182523082079762][T0x7a6cc9e7b740][TIMING] emit_host_span: [STRACE] v=1 pid=462205 tid=462205 inv=27 hid=3d601e71d3e3806f depth=2 name=chip.run.runner_run.device_wall ts=0 dur=1278891 clk=dev
[mono_ns=182523082081064][T0x7a6cc9e7b740][TIMING] emit_host_span: [STRACE] v=1 pid=462205 tid=462205 inv=27 hid=3d601e71d3e3806f depth=3 name=chip.run.runner_run.device_wall.preamble ts=0 dur=13193 clk=dev
[mono_ns=182523082082105][T0x7a6cc9e7b740][TIMING] emit_host_span: [STRACE] v=1 pid=462205 tid=462205 inv=27 hid=3d601e71d3e3806f depth=3 name=chip.run.runner_run.device_wall.graph_build ts=2875 dur=1271781 clk=dev
[mono_ns=182523082084869][T0x7a6cc9e7b740][TIMING] emit_host_span: [STRACE] v=1 pid=462205 tid=462205 inv=27 hid=3d601e71d3e3806f depth=3 name=chip.run.runner_run.device_wall.config_validate ts=3260 dur=980 clk=dev
[mono_ns=182523082085871][T0x7a6cc9e7b740][TIMING] emit_host_span: [STRACE] v=1 pid=462205 tid=462205 inv=27 hid=3d601e71d3e3806f depth=3 name=chip.run.runner_run.device_wall.arena_wire ts=4555 dur=2159 clk=dev
[mono_ns=182523082086842][T0x7a6cc9e7b740][TIMING] emit_host_span: [STRACE] v=1 pid=462205 tid=462205 inv=27 hid=3d601e71d3e3806f depth=3 name=chip.run.runner_run.device_wall.sm_reset ts=6798 dur=2827 clk=dev
[mono_ns=182523082087844][T0x7a6cc9e7b740][TIMING] emit_host_span: [STRACE] v=1 pid=462205 tid=462205 inv=27 hid=3d601e71d3e3806f depth=3 name=chip.run.runner_run.device_wall.post_orch ts=1274736 dur=4029 clk=dev
[mono_ns=182523082088815][T0x7a6cc9e7b740][TIMING] emit_host_span: [STRACE] v=1 pid=462205 tid=462205 inv=27 hid=3d601e71d3e3806f depth=3 name=chip.run.runner_run.device_wall.orch ts=9692 dur=1165242 clk=dev
[mono_ns=182523082089817][T0x7a6cc9e7b740][TIMING] emit_host_span: [STRACE] v=1 pid=462205 tid=462205 inv=27 hid=3d601e71d3e3806f depth=3 name=chip.run.runner_run.device_wall.sched ts=12735 dur=1246786 clk=dev
[mono_ns=182523082090999][T0x7a6cc9e7b740][TIMING] emit_host_span: [STRACE] v=1 pid=462205 tid=462205 inv=27 hid=3d601e71d3e3806f depth=1 name=chip.run.claim_release ts=182523082090428 dur=50
[mono_ns=182523082092210][T0x7a6cc9e7b740][TIMING] emit_host_span: [STRACE] v=1 pid=462205 tid=462205 inv=27 hid=3d601e71d3e3806f depth=0 name=chip.run ts=182523029921897 dur=52169743 run_id=0 dispatch_id=0 slot_id=0 generation=27 run_epoch=27
[mono_ns=182523118462840][T0x7a6cc9e7b740][TIMING] emit_host_span: [STRACE] v=1 pid=462205 tid=462205 inv=28 hid=3d601e71d3e3806f depth=2 name=chip.run.bind.args ts=182523082423798 dur=36037139
[mono_ns=182523118467196][T0x7a6cc9e7b740][TIMING] emit_host_span: [STRACE] v=1 pid=462205 tid=462205 inv=28 hid=3d601e71d3e3806f depth=2 name=chip.run.bind.prebuilt ts=182523118466085 dur=551
[mono_ns=182523118468508][T0x7a6cc9e7b740][TIMING] emit_host_span: [STRACE] v=1 pid=462205 tid=462205 inv=28 hid=3d601e71d3e3806f depth=1 name=chip.run.bind ts=182523082421685 dur=36046293
[mono_ns=182523123598047][T0x7a6cc9e7b740][WARN] prepare_execution: [device_runner.cpp:343] AICPU CPU_TOPO unavailable; using json_fallback: soc=Ascend950PR_9579 occupy=0x3e stable_reachable=5 requested=0 effective=5 affinity=[1, 2, 3, 4, 5(orch)]
[mono_ns=182523125262596][T0x7a6cc9e7b740][TIMING] emit_host_span: [STRACE] v=1 pid=462205 tid=462205 inv=28 hid=3d601e71d3e3806f depth=1 name=chip.run.runner_run ts=182523123656114 dur=1605741
[mono_ns=182523131937604][T0x7a6cc9e7b740][TIMING] emit_host_span: [STRACE] v=1 pid=462205 tid=462205 inv=28 hid=3d601e71d3e3806f depth=1 name=chip.run.validate ts=182523125264669 dur=6672024
[mono_ns=182523131939738][T0x7a6cc9e7b740][TIMING] emit_host_span: [STRACE] v=1 pid=462205 tid=462205 inv=28 hid=3d601e71d3e3806f depth=2 name=chip.run.runner_run.device_wall ts=0 dur=1463556 clk=dev
[mono_ns=182523131940909][T0x7a6cc9e7b740][TIMING] emit_host_span: [STRACE] v=1 pid=462205 tid=462205 inv=28 hid=3d601e71d3e3806f depth=3 name=chip.run.runner_run.device_wall.preamble ts=0 dur=11703 clk=dev
[mono_ns=182523131941961][T0x7a6cc9e7b740][TIMING] emit_host_span: [STRACE] v=1 pid=462205 tid=462205 inv=28 hid=3d601e71d3e3806f depth=3 name=chip.run.runner_run.device_wall.graph_build ts=2484 dur=1456666 clk=dev
[mono_ns=182523131942942][T0x7a6cc9e7b740][TIMING] emit_host_span: [STRACE] v=1 pid=462205 tid=462205 inv=28 hid=3d601e71d3e3806f depth=3 name=chip.run.runner_run.device_wall.config_validate ts=2788 dur=1524 clk=dev
[mono_ns=182523131943914][T0x7a6cc9e7b740][TIMING] emit_host_span: [STRACE] v=1 pid=462205 tid=462205 inv=28 hid=3d601e71d3e3806f depth=3 name=chip.run.runner_run.device_wall.arena_wire ts=4375 dur=3276 clk=dev
[mono_ns=182523131946748][T0x7a6cc9e7b740][TIMING] emit_host_span: [STRACE] v=1 pid=462205 tid=462205 inv=28 hid=3d601e71d3e3806f depth=3 name=chip.run.runner_run.device_wall.sm_reset ts=7673 dur=3784 clk=dev
[mono_ns=182523131947770][T0x7a6cc9e7b740][TIMING] emit_host_span: [STRACE] v=1 pid=462205 tid=462205 inv=28 hid=3d601e71d3e3806f depth=3 name=chip.run.runner_run.device_wall.post_orch ts=1459186 dur=3968 clk=dev
[mono_ns=182523131948751][T0x7a6cc9e7b740][TIMING] emit_host_span: [STRACE] v=1 pid=462205 tid=462205 inv=28 hid=3d601e71d3e3806f depth=3 name=chip.run.runner_run.device_wall.orch ts=11481 dur=1353351 clk=dev
[mono_ns=182523131949723][T0x7a6cc9e7b740][TIMING] emit_host_span: [STRACE] v=1 pid=462205 tid=462205 inv=28 hid=3d601e71d3e3806f depth=3 name=chip.run.runner_run.device_wall.sched ts=12237 dur=1432651 clk=dev
[mono_ns=182523131950994][T0x7a6cc9e7b740][TIMING] emit_host_span: [STRACE] v=1 pid=462205 tid=462205 inv=28 hid=3d601e71d3e3806f depth=1 name=chip.run.claim_release ts=182523131950384 dur=60
[mono_ns=182523131952196][T0x7a6cc9e7b740][TIMING] emit_host_span: [STRACE] v=1 pid=462205 tid=462205 inv=28 hid=3d601e71d3e3806f depth=0 name=chip.run ts=182523082419452 dur=49532153 run_id=0 dispatch_id=0 slot_id=0 generation=28 run_epoch=28
[mono_ns=182523167118178][T0x7a6cc9e7b740][TIMING] emit_host_span: [STRACE] v=1 pid=462205 tid=462205 inv=29 hid=3d601e71d3e3806f depth=2 name=chip.run.bind.args ts=182523132297575 dur=34819311
[mono_ns=182523167122714][T0x7a6cc9e7b740][TIMING] emit_host_span: [STRACE] v=1 pid=462205 tid=462205 inv=29 hid=3d601e71d3e3806f depth=2 name=chip.run.bind.prebuilt ts=182523167121703 dur=471
[mono_ns=182523167124056][T0x7a6cc9e7b740][TIMING] emit_host_span: [STRACE] v=1 pid=462205 tid=462205 inv=29 hid=3d601e71d3e3806f depth=1 name=chip.run.bind ts=182523132294851 dur=34828655
[mono_ns=182523172242208][T0x7a6cc9e7b740][WARN] prepare_execution: [device_runner.cpp:343] AICPU CPU_TOPO unavailable; using json_fallback: soc=Ascend950PR_9579 occupy=0x3e stable_reachable=5 requested=0 effective=5 affinity=[1, 2, 3, 4, 5(orch)]
[mono_ns=182523173759566][T0x7a6cc9e7b740][TIMING] emit_host_span: [STRACE] v=1 pid=462205 tid=462205 inv=29 hid=3d601e71d3e3806f depth=1 name=chip.run.runner_run ts=182523172297241 dur=1461223
[mono_ns=182523180836187][T0x7a6cc9e7b740][TIMING] emit_host_span: [STRACE] v=1 pid=462205 tid=462205 inv=29 hid=3d601e71d3e3806f depth=1 name=chip.run.validate ts=182523173762039 dur=7073217
[mono_ns=182523180838521][T0x7a6cc9e7b740][TIMING] emit_host_span: [STRACE] v=1 pid=462205 tid=462205 inv=29 hid=3d601e71d3e3806f depth=2 name=chip.run.runner_run.device_wall ts=0 dur=1318961 clk=dev
[mono_ns=182523180839682][T0x7a6cc9e7b740][TIMING] emit_host_span: [STRACE] v=1 pid=462205 tid=462205 inv=29 hid=3d601e71d3e3806f depth=3 name=chip.run.runner_run.device_wall.preamble ts=0 dur=12119 clk=dev
[mono_ns=182523180840724][T0x7a6cc9e7b740][TIMING] emit_host_span: [STRACE] v=1 pid=462205 tid=462205 inv=29 hid=3d601e71d3e3806f depth=3 name=chip.run.runner_run.device_wall.graph_build ts=2536 dur=1312248 clk=dev
[mono_ns=182523180841715][T0x7a6cc9e7b740][TIMING] emit_host_span: [STRACE] v=1 pid=462205 tid=462205 inv=29 hid=3d601e71d3e3806f depth=3 name=chip.run.runner_run.device_wall.config_validate ts=2804 dur=1055 clk=dev
[mono_ns=182523180842687][T0x7a6cc9e7b740][TIMING] emit_host_span: [STRACE] v=1 pid=462205 tid=462205 inv=29 hid=3d601e71d3e3806f depth=3 name=chip.run.runner_run.device_wall.arena_wire ts=3938 dur=3030 clk=dev
[mono_ns=182523180843658][T0x7a6cc9e7b740][TIMING] emit_host_span: [STRACE] v=1 pid=462205 tid=462205 inv=29 hid=3d601e71d3e3806f depth=3 name=chip.run.runner_run.device_wall.sm_reset ts=6990 dur=4124 clk=dev
[mono_ns=182523180844650][T0x7a6cc9e7b740][TIMING] emit_host_span: [STRACE] v=1 pid=462205 tid=462205 inv=29 hid=3d601e71d3e3806f depth=3 name=chip.run.runner_run.device_wall.post_orch ts=1314814 dur=4038 clk=dev
[mono_ns=182523180845611][T0x7a6cc9e7b740][TIMING] emit_host_span: [STRACE] v=1 pid=462205 tid=462205 inv=29 hid=3d601e71d3e3806f depth=3 name=chip.run.runner_run.device_wall.orch ts=11190 dur=1160826 clk=dev
[mono_ns=182523180848245][T0x7a6cc9e7b740][TIMING] emit_host_span: [STRACE] v=1 pid=462205 tid=462205 inv=29 hid=3d601e71d3e3806f depth=3 name=chip.run.runner_run.device_wall.sched ts=12475 dur=1287551 clk=dev
[mono_ns=182523180849487][T0x7a6cc9e7b740][TIMING] emit_host_span: [STRACE] v=1 pid=462205 tid=462205 inv=29 hid=3d601e71d3e3806f depth=1 name=chip.run.claim_release ts=182523180848926 dur=50
[mono_ns=182523180850709][T0x7a6cc9e7b740][TIMING] emit_host_span: [STRACE] v=1 pid=462205 tid=462205 inv=29 hid=3d601e71d3e3806f depth=0 name=chip.run ts=182523132292637 dur=48557481 run_id=0 dispatch_id=0 slot_id=0 generation=29 run_epoch=29
[mono_ns=182523217178724][T0x7a6cc9e7b740][TIMING] emit_host_span: [STRACE] v=1 pid=462205 tid=462205 inv=30 hid=3d601e71d3e3806f depth=2 name=chip.run.bind.args ts=182523181197930 dur=35979022
[mono_ns=182523217183001][T0x7a6cc9e7b740][TIMING] emit_host_span: [STRACE] v=1 pid=462205 tid=462205 inv=30 hid=3d601e71d3e3806f depth=2 name=chip.run.bind.prebuilt ts=182523217181949 dur=511
[mono_ns=182523217184323][T0x7a6cc9e7b740][TIMING] emit_host_span: [STRACE] v=1 pid=462205 tid=462205 inv=30 hid=3d601e71d3e3806f depth=1 name=chip.run.bind ts=182523181195547 dur=35988215
[mono_ns=182523222252450][T0x7a6cc9e7b740][WARN] prepare_execution: [device_runner.cpp:343] AICPU CPU_TOPO unavailable; using json_fallback: soc=Ascend950PR_9579 occupy=0x3e stable_reachable=5 requested=0 effective=5 affinity=[1, 2, 3, 4, 5(orch)]
[mono_ns=182523223884840][T0x7a6cc9e7b740][TIMING] emit_host_span: [STRACE] v=1 pid=462205 tid=462205 inv=30 hid=3d601e71d3e3806f depth=1 name=chip.run.runner_run ts=182523222306411 dur=1577718
[mono_ns=182523230554721][T0x7a6cc9e7b740][TIMING] emit_host_span: [STRACE] v=1 pid=462205 tid=462205 inv=30 hid=3d601e71d3e3806f depth=1 name=chip.run.validate ts=182523223887414 dur=6666435
[mono_ns=182523230556914][T0x7a6cc9e7b740][TIMING] emit_host_span: [STRACE] v=1 pid=462205 tid=462205 inv=30 hid=3d601e71d3e3806f depth=2 name=chip.run.runner_run.device_wall ts=0 dur=1448982 clk=dev
[mono_ns=182523230558086][T0x7a6cc9e7b740][TIMING] emit_host_span: [STRACE] v=1 pid=462205 tid=462205 inv=30 hid=3d601e71d3e3806f depth=3 name=chip.run.runner_run.device_wall.preamble ts=0 dur=13849 clk=dev
[mono_ns=182523230559107][T0x7a6cc9e7b740][TIMING] emit_host_span: [STRACE] v=1 pid=462205 tid=462205 inv=30 hid=3d601e71d3e3806f depth=3 name=chip.run.runner_run.device_wall.graph_build ts=4434 dur=1440187 clk=dev
[mono_ns=182523230560119][T0x7a6cc9e7b740][TIMING] emit_host_span: [STRACE] v=1 pid=462205 tid=462205 inv=30 hid=3d601e71d3e3806f depth=3 name=chip.run.runner_run.device_wall.config_validate ts=4964 dur=814 clk=dev
[mono_ns=182523230561110][T0x7a6cc9e7b740][TIMING] emit_host_span: [STRACE] v=1 pid=462205 tid=462205 inv=30 hid=3d601e71d3e3806f depth=3 name=chip.run.runner_run.device_wall.arena_wire ts=5847 dur=2814 clk=dev
[mono_ns=182523230562082][T0x7a6cc9e7b740][TIMING] emit_host_span: [STRACE] v=1 pid=462205 tid=462205 inv=30 hid=3d601e71d3e3806f depth=3 name=chip.run.runner_run.device_wall.sm_reset ts=8731 dur=4328 clk=dev
[mono_ns=182523230563093][T0x7a6cc9e7b740][TIMING] emit_host_span: [STRACE] v=1 pid=462205 tid=462205 inv=30 hid=3d601e71d3e3806f depth=3 name=chip.run.runner_run.device_wall.post_orch ts=1444638 dur=3662 clk=dev
[mono_ns=182523230564075][T0x7a6cc9e7b740][TIMING] emit_host_span: [STRACE] v=1 pid=462205 tid=462205 inv=30 hid=3d601e71d3e3806f depth=3 name=chip.run.runner_run.device_wall.orch ts=13123 dur=1345629 clk=dev
[mono_ns=182523230565066][T0x7a6cc9e7b740][TIMING] emit_host_span: [STRACE] v=1 pid=462205 tid=462205 inv=30 hid=3d601e71d3e3806f depth=3 name=chip.run.runner_run.device_wall.sched ts=14232 dur=1415586 clk=dev
[mono_ns=182523230566198][T0x7a6cc9e7b740][TIMING] emit_host_span: [STRACE] v=1 pid=462205 tid=462205 inv=30 hid=3d601e71d3e3806f depth=1 name=chip.run.claim_release ts=182523230565657 dur=40
[mono_ns=182523230567400][T0x7a6cc9e7b740][TIMING] emit_host_span: [STRACE] v=1 pid=462205 tid=462205 inv=30 hid=3d601e71d3e3806f depth=0 name=chip.run ts=182523181192883 dur=49373946 run_id=0 dispatch_id=0 slot_id=0 generation=30 run_epoch=30
[mono_ns=182523265825199][T0x7a6cc9e7b740][TIMING] emit_host_span: [STRACE] v=1 pid=462205 tid=462205 inv=31 hid=3d601e71d3e3806f depth=2 name=chip.run.bind.args ts=182523230897075 dur=34926321
[mono_ns=182523265832269][T0x7a6cc9e7b740][TIMING] emit_host_span: [STRACE] v=1 pid=462205 tid=462205 inv=31 hid=3d601e71d3e3806f depth=2 name=chip.run.bind.prebuilt ts=182523265831118 dur=581
[mono_ns=182523265833812][T0x7a6cc9e7b740][TIMING] emit_host_span: [STRACE] v=1 pid=462205 tid=462205 inv=31 hid=3d601e71d3e3806f depth=1 name=chip.run.bind ts=182523230894621 dur=34938490
[mono_ns=182523270851463][T0x7a6cc9e7b740][WARN] prepare_execution: [device_runner.cpp:343] AICPU CPU_TOPO unavailable; using json_fallback: soc=Ascend950PR_9579 occupy=0x3e stable_reachable=5 requested=0 effective=5 affinity=[1, 2, 3, 4, 5(orch)]
[mono_ns=182523272484203][T0x7a6cc9e7b740][TIMING] emit_host_span: [STRACE] v=1 pid=462205 tid=462205 inv=31 hid=3d601e71d3e3806f depth=1 name=chip.run.runner_run ts=182523270907156 dur=1576266
[mono_ns=182523278307534][T0x7a6cc9e7b740][TIMING] emit_host_span: [STRACE] v=1 pid=462205 tid=462205 inv=31 hid=3d601e71d3e3806f depth=1 name=chip.run.validate ts=182523272486817 dur=5819825
[mono_ns=182523278310628][T0x7a6cc9e7b740][TIMING] emit_host_span: [STRACE] v=1 pid=462205 tid=462205 inv=31 hid=3d601e71d3e3806f depth=2 name=chip.run.runner_run.device_wall ts=0 dur=1433382 clk=dev
[mono_ns=182523278311780][T0x7a6cc9e7b740][TIMING] emit_host_span: [STRACE] v=1 pid=462205 tid=462205 inv=31 hid=3d601e71d3e3806f depth=3 name=chip.run.runner_run.device_wall.preamble ts=0 dur=11314 clk=dev
[mono_ns=182523278312822][T0x7a6cc9e7b740][TIMING] emit_host_span: [STRACE] v=1 pid=462205 tid=462205 inv=31 hid=3d601e71d3e3806f depth=3 name=chip.run.runner_run.device_wall.graph_build ts=2390 dur=1426762 clk=dev
[mono_ns=182523278313793][T0x7a6cc9e7b740][TIMING] emit_host_span: [STRACE] v=1 pid=462205 tid=462205 inv=31 hid=3d601e71d3e3806f depth=3 name=chip.run.runner_run.device_wall.config_validate ts=2660 dur=1081 clk=dev
[mono_ns=182523278314745][T0x7a6cc9e7b740][TIMING] emit_host_span: [STRACE] v=1 pid=462205 tid=462205 inv=31 hid=3d601e71d3e3806f depth=3 name=chip.run.runner_run.device_wall.arena_wire ts=3807 dur=2508 clk=dev
[mono_ns=182523278315786][T0x7a6cc9e7b740][TIMING] emit_host_span: [STRACE] v=1 pid=462205 tid=462205 inv=31 hid=3d601e71d3e3806f depth=3 name=chip.run.runner_run.device_wall.sm_reset ts=6508 dur=3801 clk=dev
[mono_ns=182523278316818][T0x7a6cc9e7b740][TIMING] emit_host_span: [STRACE] v=1 pid=462205 tid=462205 inv=31 hid=3d601e71d3e3806f depth=3 name=chip.run.runner_run.device_wall.post_orch ts=1429169 dur=3786 clk=dev
[mono_ns=182523278317799][T0x7a6cc9e7b740][TIMING] emit_host_span: [STRACE] v=1 pid=462205 tid=462205 inv=31 hid=3d601e71d3e3806f depth=3 name=chip.run.runner_run.device_wall.orch ts=10472 dur=1258774 clk=dev
[mono_ns=182523278318811][T0x7a6cc9e7b740][TIMING] emit_host_span: [STRACE] v=1 pid=462205 tid=462205 inv=31 hid=3d601e71d3e3806f depth=3 name=chip.run.runner_run.device_wall.sched ts=11420 dur=1403464 clk=dev
[mono_ns=182523278320163][T0x7a6cc9e7b740][TIMING] emit_host_span: [STRACE] v=1 pid=462205 tid=462205 inv=31 hid=3d601e71d3e3806f depth=1 name=chip.run.claim_release ts=182523278319562 dur=40
[mono_ns=182523278321345][T0x7a6cc9e7b740][TIMING] emit_host_span: [STRACE] v=1 pid=462205 tid=462205 inv=31 hid=3d601e71d3e3806f depth=0 name=chip.run ts=182523230892398 dur=47428396 run_id=0 dispatch_id=0 slot_id=0 generation=31 run_epoch=31
[mono_ns=182523316219477][T0x7a6cc9e7b740][TIMING] emit_host_span: [STRACE] v=1 pid=462205 tid=462205 inv=32 hid=3d601e71d3e3806f depth=2 name=chip.run.bind.args ts=182523278655095 dur=37563050
[mono_ns=182523316225666][T0x7a6cc9e7b740][TIMING] emit_host_span: [STRACE] v=1 pid=462205 tid=462205 inv=32 hid=3d601e71d3e3806f depth=2 name=chip.run.bind.prebuilt ts=182523316224504 dur=611
[mono_ns=182523316230072][T0x7a6cc9e7b740][TIMING] emit_host_span: [STRACE] v=1 pid=462205 tid=462205 inv=32 hid=3d601e71d3e3806f depth=1 name=chip.run.bind ts=182523278652632 dur=37576870
[mono_ns=182523320987874][T0x7a6cc9e7b740][WARN] prepare_execution: [device_runner.cpp:343] AICPU CPU_TOPO unavailable; using json_fallback: soc=Ascend950PR_9579 occupy=0x3e stable_reachable=5 requested=0 effective=5 affinity=[1, 2, 3, 4, 5(orch)]
[mono_ns=182523322516909][T0x7a6cc9e7b740][TIMING] emit_host_span: [STRACE] v=1 pid=462205 tid=462205 inv=32 hid=3d601e71d3e3806f depth=1 name=chip.run.runner_run ts=182523321050057 dur=1465890
[mono_ns=182523329016935][T0x7a6cc9e7b740][TIMING] emit_host_span: [STRACE] v=1 pid=462205 tid=462205 inv=32 hid=3d601e71d3e3806f depth=1 name=chip.run.validate ts=182523322519072 dur=6496881
[mono_ns=182523329019348][T0x7a6cc9e7b740][TIMING] emit_host_span: [STRACE] v=1 pid=462205 tid=462205 inv=32 hid=3d601e71d3e3806f depth=2 name=chip.run.runner_run.device_wall ts=0 dur=1325311 clk=dev
[mono_ns=182523329020450][T0x7a6cc9e7b740][TIMING] emit_host_span: [STRACE] v=1 pid=462205 tid=462205 inv=32 hid=3d601e71d3e3806f depth=3 name=chip.run.runner_run.device_wall.preamble ts=0 dur=13020 clk=dev
[mono_ns=182523329021471][T0x7a6cc9e7b740][TIMING] emit_host_span: [STRACE] v=1 pid=462205 tid=462205 inv=32 hid=3d601e71d3e3806f depth=3 name=chip.run.runner_run.device_wall.graph_build ts=2519 dur=1318467 clk=dev
[mono_ns=182523329022443][T0x7a6cc9e7b740][TIMING] emit_host_span: [STRACE] v=1 pid=462205 tid=462205 inv=32 hid=3d601e71d3e3806f depth=3 name=chip.run.runner_run.device_wall.config_validate ts=3230 dur=1801 clk=dev
[mono_ns=182523329023414][T0x7a6cc9e7b740][TIMING] emit_host_span: [STRACE] v=1 pid=462205 tid=462205 inv=32 hid=3d601e71d3e3806f depth=3 name=chip.run.runner_run.device_wall.arena_wire ts=5095 dur=3100 clk=dev
[mono_ns=182523329024406][T0x7a6cc9e7b740][TIMING] emit_host_span: [STRACE] v=1 pid=462205 tid=462205 inv=32 hid=3d601e71d3e3806f depth=3 name=chip.run.runner_run.device_wall.sm_reset ts=8284 dur=4977 clk=dev
[mono_ns=182523329025377][T0x7a6cc9e7b740][TIMING] emit_host_span: [STRACE] v=1 pid=462205 tid=462205 inv=32 hid=3d601e71d3e3806f depth=3 name=chip.run.runner_run.device_wall.post_orch ts=1321001 dur=3669 clk=dev
[mono_ns=182523329026359][T0x7a6cc9e7b740][TIMING] emit_host_span: [STRACE] v=1 pid=462205 tid=462205 inv=32 hid=3d601e71d3e3806f depth=3 name=chip.run.runner_run.device_wall.orch ts=13507 dur=1213428 clk=dev
[mono_ns=182523329027340][T0x7a6cc9e7b740][TIMING] emit_host_span: [STRACE] v=1 pid=462205 tid=462205 inv=32 hid=3d601e71d3e3806f depth=3 name=chip.run.runner_run.device_wall.sched ts=14076 dur=1291339 clk=dev
[mono_ns=182523329028522][T0x7a6cc9e7b740][TIMING] emit_host_span: [STRACE] v=1 pid=462205 tid=462205 inv=32 hid=3d601e71d3e3806f depth=1 name=chip.run.claim_release ts=182523329027971 dur=40
[mono_ns=182523329029794][T0x7a6cc9e7b740][TIMING] emit_host_span: [STRACE] v=1 pid=462205 tid=462205 inv=32 hid=3d601e71d3e3806f depth=0 name=chip.run ts=182523278649687 dur=50379526 run_id=0 dispatch_id=0 slot_id=0 generation=32 run_epoch=32
[mono_ns=182523364944739][T0x7a6cc9e7b740][TIMING] emit_host_span: [STRACE] v=1 pid=462205 tid=462205 inv=33 hid=3d601e71d3e3806f depth=2 name=chip.run.bind.args ts=182523329365468 dur=35577939
[mono_ns=182523364951199][T0x7a6cc9e7b740][TIMING] emit_host_span: [STRACE] v=1 pid=462205 tid=462205 inv=33 hid=3d601e71d3e3806f depth=2 name=chip.run.bind.prebuilt ts=182523364949757 dur=871
[mono_ns=182523364952461][T0x7a6cc9e7b740][TIMING] emit_host_span: [STRACE] v=1 pid=462205 tid=462205 inv=33 hid=3d601e71d3e3806f depth=1 name=chip.run.bind ts=182523329363044 dur=35588856
[mono_ns=182523369610903][T0x7a6cc9e7b740][WARN] prepare_execution: [device_runner.cpp:343] AICPU CPU_TOPO unavailable; using json_fallback: soc=Ascend950PR_9579 occupy=0x3e stable_reachable=5 requested=0 effective=5 affinity=[1, 2, 3, 4, 5(orch)]
[mono_ns=182523371162992][T0x7a6cc9e7b740][TIMING] emit_host_span: [STRACE] v=1 pid=462205 tid=462205 inv=33 hid=3d601e71d3e3806f depth=1 name=chip.run.runner_run ts=182523369669441 dur=1492780
[mono_ns=182523377571050][T0x7a6cc9e7b740][TIMING] emit_host_span: [STRACE] v=1 pid=462205 tid=462205 inv=33 hid=3d601e71d3e3806f depth=1 name=chip.run.validate ts=182523371169632 dur=6400417
[mono_ns=182523377573664][T0x7a6cc9e7b740][TIMING] emit_host_span: [STRACE] v=1 pid=462205 tid=462205 inv=33 hid=3d601e71d3e3806f depth=2 name=chip.run.runner_run.device_wall ts=0 dur=1335784 clk=dev
[mono_ns=182523377574856][T0x7a6cc9e7b740][TIMING] emit_host_span: [STRACE] v=1 pid=462205 tid=462205 inv=33 hid=3d601e71d3e3806f depth=3 name=chip.run.runner_run.device_wall.preamble ts=0 dur=11888 clk=dev
[mono_ns=182523377575878][T0x7a6cc9e7b740][TIMING] emit_host_span: [STRACE] v=1 pid=462205 tid=462205 inv=33 hid=3d601e71d3e3806f depth=3 name=chip.run.runner_run.device_wall.graph_build ts=2131 dur=1328913 clk=dev
[mono_ns=182523377576859][T0x7a6cc9e7b740][TIMING] emit_host_span: [STRACE] v=1 pid=462205 tid=462205 inv=33 hid=3d601e71d3e3806f depth=3 name=chip.run.runner_run.device_wall.config_validate ts=2941 dur=1242 clk=dev
[mono_ns=182523377577831][T0x7a6cc9e7b740][TIMING] emit_host_span: [STRACE] v=1 pid=462205 tid=462205 inv=33 hid=3d601e71d3e3806f depth=3 name=chip.run.runner_run.device_wall.arena_wire ts=4263 dur=3170 clk=dev
[mono_ns=182523377578822][T0x7a6cc9e7b740][TIMING] emit_host_span: [STRACE] v=1 pid=462205 tid=462205 inv=33 hid=3d601e71d3e3806f depth=3 name=chip.run.runner_run.device_wall.sm_reset ts=7631 dur=4869 clk=dev
[mono_ns=182523377579834][T0x7a6cc9e7b740][TIMING] emit_host_span: [STRACE] v=1 pid=462205 tid=462205 inv=33 hid=3d601e71d3e3806f depth=3 name=chip.run.runner_run.device_wall.post_orch ts=1331062 dur=4516 clk=dev
[mono_ns=182523377580805][T0x7a6cc9e7b740][TIMING] emit_host_span: [STRACE] v=1 pid=462205 tid=462205 inv=33 hid=3d601e71d3e3806f depth=3 name=chip.run.runner_run.device_wall.orch ts=12572 dur=1217545 clk=dev
[mono_ns=182523377581766][T0x7a6cc9e7b740][TIMING] emit_host_span: [STRACE] v=1 pid=462205 tid=462205 inv=33 hid=3d601e71d3e3806f depth=3 name=chip.run.runner_run.device_wall.sched ts=13437 dur=1303096 clk=dev
[mono_ns=182523377583108][T0x7a6cc9e7b740][TIMING] emit_host_span: [STRACE] v=1 pid=462205 tid=462205 inv=33 hid=3d601e71d3e3806f depth=1 name=chip.run.claim_release ts=182523377582558 dur=30
[mono_ns=182523377584350][T0x7a6cc9e7b740][TIMING] emit_host_span: [STRACE] v=1 pid=462205 tid=462205 inv=33 hid=3d601e71d3e3806f depth=0 name=chip.run ts=182523329359759 dur=48224020 run_id=0 dispatch_id=0 slot_id=0 generation=33 run_epoch=33
[mono_ns=182523413888119][T0x7a6cc9e7b740][TIMING] emit_host_span: [STRACE] v=1 pid=462205 tid=462205 inv=34 hid=3d601e71d3e3806f depth=2 name=chip.run.bind.args ts=182523377916048 dur=35970559
[mono_ns=182523413894369][T0x7a6cc9e7b740][TIMING] emit_host_span: [STRACE] v=1 pid=462205 tid=462205 inv=34 hid=3d601e71d3e3806f depth=2 name=chip.run.bind.prebuilt ts=182523413893247 dur=591
[mono_ns=182523413895711][T0x7a6cc9e7b740][TIMING] emit_host_span: [STRACE] v=1 pid=462205 tid=462205 inv=34 hid=3d601e71d3e3806f depth=1 name=chip.run.bind ts=182523377913614 dur=35981566
[mono_ns=182523418561614][T0x7a6cc9e7b740][WARN] prepare_execution: [device_runner.cpp:343] AICPU CPU_TOPO unavailable; using json_fallback: soc=Ascend950PR_9579 occupy=0x3e stable_reachable=5 requested=0 effective=5 affinity=[1, 2, 3, 4, 5(orch)]
[mono_ns=182523420160103][T0x7a6cc9e7b740][TIMING] emit_host_span: [STRACE] v=1 pid=462205 tid=462205 inv=34 hid=3d601e71d3e3806f depth=1 name=chip.run.runner_run ts=182523418621954 dur=1537338
[mono_ns=182523426920019][T0x7a6cc9e7b740][TIMING] emit_host_span: [STRACE] v=1 pid=462205 tid=462205 inv=34 hid=3d601e71d3e3806f depth=1 name=chip.run.validate ts=182523420162577 dur=6756471
[mono_ns=182523426922533][T0x7a6cc9e7b740][TIMING] emit_host_span: [STRACE] v=1 pid=462205 tid=462205 inv=34 hid=3d601e71d3e3806f depth=2 name=chip.run.runner_run.device_wall ts=0 dur=1384966 clk=dev
[mono_ns=182523426923715][T0x7a6cc9e7b740][TIMING] emit_host_span: [STRACE] v=1 pid=462205 tid=462205 inv=34 hid=3d601e71d3e3806f depth=3 name=chip.run.runner_run.device_wall.preamble ts=0 dur=12074 clk=dev
[mono_ns=182523426929163][T0x7a6cc9e7b740][TIMING] emit_host_span: [STRACE] v=1 pid=462205 tid=462205 inv=34 hid=3d601e71d3e3806f depth=3 name=chip.run.runner_run.device_wall.graph_build ts=2633 dur=1376480 clk=dev
[mono_ns=182523426930194][T0x7a6cc9e7b740][TIMING] emit_host_span: [STRACE] v=1 pid=462205 tid=462205 inv=34 hid=3d601e71d3e3806f depth=3 name=chip.run.runner_run.device_wall.config_validate ts=3345 dur=1570 clk=dev
[mono_ns=182523426931186][T0x7a6cc9e7b740][TIMING] emit_host_span: [STRACE] v=1 pid=462205 tid=462205 inv=34 hid=3d601e71d3e3806f depth=3 name=chip.run.runner_run.device_wall.arena_wire ts=4935 dur=2730 clk=dev
[mono_ns=182523426932137][T0x7a6cc9e7b740][TIMING] emit_host_span: [STRACE] v=1 pid=462205 tid=462205 inv=34 hid=3d601e71d3e3806f depth=3 name=chip.run.runner_run.device_wall.sm_reset ts=8054 dur=4223 clk=dev
[mono_ns=182523426933139][T0x7a6cc9e7b740][TIMING] emit_host_span: [STRACE] v=1 pid=462205 tid=462205 inv=34 hid=3d601e71d3e3806f depth=3 name=chip.run.runner_run.device_wall.post_orch ts=1379515 dur=5363 clk=dev
[mono_ns=182523426934100][T0x7a6cc9e7b740][TIMING] emit_host_span: [STRACE] v=1 pid=462205 tid=462205 inv=34 hid=3d601e71d3e3806f depth=3 name=chip.run.runner_run.device_wall.orch ts=12511 dur=1265333 clk=dev
[mono_ns=182523426935052][T0x7a6cc9e7b740][TIMING] emit_host_span: [STRACE] v=1 pid=462205 tid=462205 inv=34 hid=3d601e71d3e3806f depth=3 name=chip.run.runner_run.device_wall.sched ts=13264 dur=1351310 clk=dev
[mono_ns=182523426936444][T0x7a6cc9e7b740][TIMING] emit_host_span: [STRACE] v=1 pid=462205 tid=462205 inv=34 hid=3d601e71d3e3806f depth=1 name=chip.run.claim_release ts=182523426935883 dur=40
[mono_ns=182523426937596][T0x7a6cc9e7b740][TIMING] emit_host_span: [STRACE] v=1 pid=462205 tid=462205 inv=34 hid=3d601e71d3e3806f depth=0 name=chip.run ts=182523377910750 dur=49026305 run_id=0 dispatch_id=0 slot_id=0 generation=34 run_epoch=34
[mono_ns=182523462805811][T0x7a6cc9e7b740][TIMING] emit_host_span: [STRACE] v=1 pid=462205 tid=462205 inv=35 hid=3d601e71d3e3806f depth=2 name=chip.run.bind.args ts=182523427273009 dur=35530829
[mono_ns=182523462812130][T0x7a6cc9e7b740][TIMING] emit_host_span: [STRACE] v=1 pid=462205 tid=462205 inv=35 hid=3d601e71d3e3806f depth=2 name=chip.run.bind.prebuilt ts=182523462810969 dur=580
[mono_ns=182523462813933][T0x7a6cc9e7b740][TIMING] emit_host_span: [STRACE] v=1 pid=462205 tid=462205 inv=35 hid=3d601e71d3e3806f depth=1 name=chip.run.bind ts=182523427270605 dur=35542667
[mono_ns=182523467494929][T0x7a6cc9e7b740][WARN] prepare_execution: [device_runner.cpp:343] AICPU CPU_TOPO unavailable; using json_fallback: soc=Ascend950PR_9579 occupy=0x3e stable_reachable=5 requested=0 effective=5 affinity=[1, 2, 3, 4, 5(orch)]
[mono_ns=182523468986568][T0x7a6cc9e7b740][TIMING] emit_host_span: [STRACE] v=1 pid=462205 tid=462205 inv=35 hid=3d601e71d3e3806f depth=1 name=chip.run.runner_run ts=182523467553326 dur=1432481
[mono_ns=182523475535197][T0x7a6cc9e7b740][TIMING] emit_host_span: [STRACE] v=1 pid=462205 tid=462205 inv=35 hid=3d601e71d3e3806f depth=1 name=chip.run.validate ts=182523468988891 dur=6545154
[mono_ns=182523475537740][T0x7a6cc9e7b740][TIMING] emit_host_span: [STRACE] v=1 pid=462205 tid=462205 inv=35 hid=3d601e71d3e3806f depth=2 name=chip.run.runner_run.device_wall ts=0 dur=1292970 clk=dev
[mono_ns=182523475538892][T0x7a6cc9e7b740][TIMING] emit_host_span: [STRACE] v=1 pid=462205 tid=462205 inv=35 hid=3d601e71d3e3806f depth=3 name=chip.run.runner_run.device_wall.preamble ts=0 dur=12997 clk=dev
[mono_ns=182523475539924][T0x7a6cc9e7b740][TIMING] emit_host_span: [STRACE] v=1 pid=462205 tid=462205 inv=35 hid=3d601e71d3e3806f depth=3 name=chip.run.runner_run.device_wall.graph_build ts=3893 dur=1284946 clk=dev
[mono_ns=182523475540935][T0x7a6cc9e7b740][TIMING] emit_host_span: [STRACE] v=1 pid=462205 tid=462205 inv=35 hid=3d601e71d3e3806f depth=3 name=chip.run.runner_run.device_wall.config_validate ts=4138 dur=950 clk=dev
[mono_ns=182523475545502][T0x7a6cc9e7b740][TIMING] emit_host_span: [STRACE] v=1 pid=462205 tid=462205 inv=35 hid=3d601e71d3e3806f depth=3 name=chip.run.runner_run.device_wall.arena_wire ts=5330 dur=2156 clk=dev
[mono_ns=182523475546494][T0x7a6cc9e7b740][TIMING] emit_host_span: [STRACE] v=1 pid=462205 tid=462205 inv=35 hid=3d601e71d3e3806f depth=3 name=chip.run.runner_run.device_wall.sm_reset ts=7549 dur=5502 clk=dev
[mono_ns=182523475547515][T0x7a6cc9e7b740][TIMING] emit_host_span: [STRACE] v=1 pid=462205 tid=462205 inv=35 hid=3d601e71d3e3806f depth=3 name=chip.run.runner_run.device_wall.post_orch ts=1288873 dur=3757 clk=dev
[mono_ns=182523475548507][T0x7a6cc9e7b740][TIMING] emit_host_span: [STRACE] v=1 pid=462205 tid=462205 inv=35 hid=3d601e71d3e3806f depth=3 name=chip.run.runner_run.device_wall.orch ts=13129 dur=1171264 clk=dev
[mono_ns=182523475549498][T0x7a6cc9e7b740][TIMING] emit_host_span: [STRACE] v=1 pid=462205 tid=462205 inv=35 hid=3d601e71d3e3806f depth=3 name=chip.run.runner_run.device_wall.sched ts=14031 dur=1260541 clk=dev
[mono_ns=182523475550660][T0x7a6cc9e7b740][TIMING] emit_host_span: [STRACE] v=1 pid=462205 tid=462205 inv=35 hid=3d601e71d3e3806f depth=1 name=chip.run.claim_release ts=182523475550089 dur=40
[mono_ns=182523475551872][T0x7a6cc9e7b740][TIMING] emit_host_span: [STRACE] v=1 pid=462205 tid=462205 inv=35 hid=3d601e71d3e3806f depth=0 name=chip.run ts=182523427268112 dur=48283209 run_id=0 dispatch_id=0 slot_id=0 generation=35 run_epoch=35
[mono_ns=182523511865706][T0x7a6cc9e7b740][TIMING] emit_host_span: [STRACE] v=1 pid=462205 tid=462205 inv=36 hid=3d601e71d3e3806f depth=2 name=chip.run.bind.args ts=182523475888016 dur=35976097
[mono_ns=182523511872796][T0x7a6cc9e7b740][TIMING] emit_host_span: [STRACE] v=1 pid=462205 tid=462205 inv=36 hid=3d601e71d3e3806f depth=2 name=chip.run.bind.prebuilt ts=182523511871705 dur=551
[mono_ns=182523511874118][T0x7a6cc9e7b740][TIMING] emit_host_span: [STRACE] v=1 pid=462205 tid=462205 inv=36 hid=3d601e71d3e3806f depth=1 name=chip.run.bind ts=182523475885222 dur=35988356
[mono_ns=182523516499371][T0x7a6cc9e7b740][WARN] prepare_execution: [device_runner.cpp:343] AICPU CPU_TOPO unavailable; using json_fallback: soc=Ascend950PR_9579 occupy=0x3e stable_reachable=5 requested=0 effective=5 affinity=[1, 2, 3, 4, 5(orch)]
[mono_ns=182523518199212][T0x7a6cc9e7b740][TIMING] emit_host_span: [STRACE] v=1 pid=462205 tid=462205 inv=36 hid=3d601e71d3e3806f depth=1 name=chip.run.runner_run ts=182523516557558 dur=1640963
[mono_ns=182523525082513][T0x7a6cc9e7b740][TIMING] emit_host_span: [STRACE] v=1 pid=462205 tid=462205 inv=36 hid=3d601e71d3e3806f depth=1 name=chip.run.validate ts=182523518201485 dur=6880067
[mono_ns=182523525084857][T0x7a6cc9e7b740][TIMING] emit_host_span: [STRACE] v=1 pid=462205 tid=462205 inv=36 hid=3d601e71d3e3806f depth=2 name=chip.run.runner_run.device_wall ts=0 dur=1496764 clk=dev
[mono_ns=182523525086109][T0x7a6cc9e7b740][TIMING] emit_host_span: [STRACE] v=1 pid=462205 tid=462205 inv=36 hid=3d601e71d3e3806f depth=3 name=chip.run.runner_run.device_wall.preamble ts=0 dur=11090 clk=dev
[mono_ns=182523525087100][T0x7a6cc9e7b740][TIMING] emit_host_span: [STRACE] v=1 pid=462205 tid=462205 inv=36 hid=3d601e71d3e3806f depth=3 name=chip.run.runner_run.device_wall.graph_build ts=2745 dur=1489028 clk=dev
[mono_ns=182523525088102][T0x7a6cc9e7b740][TIMING] emit_host_span: [STRACE] v=1 pid=462205 tid=462205 inv=36 hid=3d601e71d3e3806f depth=3 name=chip.run.runner_run.device_wall.config_validate ts=3379 dur=1266 clk=dev
[mono_ns=182523525089083][T0x7a6cc9e7b740][TIMING] emit_host_span: [STRACE] v=1 pid=462205 tid=462205 inv=36 hid=3d601e71d3e3806f depth=3 name=chip.run.runner_run.device_wall.arena_wire ts=4711 dur=2748 clk=dev
[mono_ns=182523525090064][T0x7a6cc9e7b740][TIMING] emit_host_span: [STRACE] v=1 pid=462205 tid=462205 inv=36 hid=3d601e71d3e3806f depth=3 name=chip.run.runner_run.device_wall.sm_reset ts=7478 dur=4056 clk=dev
[mono_ns=182523525091076][T0x7a6cc9e7b740][TIMING] emit_host_span: [STRACE] v=1 pid=462205 tid=462205 inv=36 hid=3d601e71d3e3806f depth=3 name=chip.run.runner_run.device_wall.post_orch ts=1491798 dur=4430 clk=dev
[mono_ns=182523525094171][T0x7a6cc9e7b740][TIMING] emit_host_span: [STRACE] v=1 pid=462205 tid=462205 inv=36 hid=3d601e71d3e3806f depth=3 name=chip.run.runner_run.device_wall.orch ts=11603 dur=1361997 clk=dev
[mono_ns=182523525095172][T0x7a6cc9e7b740][TIMING] emit_host_span: [STRACE] v=1 pid=462205 tid=462205 inv=36 hid=3d601e71d3e3806f depth=3 name=chip.run.runner_run.device_wall.sched ts=12167 dur=1465083 clk=dev
[mono_ns=182523525096404][T0x7a6cc9e7b740][TIMING] emit_host_span: [STRACE] v=1 pid=462205 tid=462205 inv=36 hid=3d601e71d3e3806f depth=1 name=chip.run.claim_release ts=182523525095793 dur=50
[mono_ns=182523525097616][T0x7a6cc9e7b740][TIMING] emit_host_span: [STRACE] v=1 pid=462205 tid=462205 inv=36 hid=3d601e71d3e3806f depth=0 name=chip.run ts=182523475882888 dur=49214187 run_id=0 dispatch_id=0 slot_id=0 generation=36 run_epoch=36
[mono_ns=182523561663318][T0x7a6cc9e7b740][TIMING] emit_host_span: [STRACE] v=1 pid=462205 tid=462205 inv=37 hid=3d601e71d3e3806f depth=2 name=chip.run.bind.args ts=182523525440801 dur=36221275
[mono_ns=182523561668576][T0x7a6cc9e7b740][TIMING] emit_host_span: [STRACE] v=1 pid=462205 tid=462205 inv=37 hid=3d601e71d3e3806f depth=2 name=chip.run.bind.prebuilt ts=182523561667394 dur=621
[mono_ns=182523561670649][T0x7a6cc9e7b740][TIMING] emit_host_span: [STRACE] v=1 pid=462205 tid=462205 inv=37 hid=3d601e71d3e3806f depth=1 name=chip.run.bind ts=182523525438077 dur=36231500
[mono_ns=182523566301169][T0x7a6cc9e7b740][WARN] prepare_execution: [device_runner.cpp:343] AICPU CPU_TOPO unavailable; using json_fallback: soc=Ascend950PR_9579 occupy=0x3e stable_reachable=5 requested=0 effective=5 affinity=[1, 2, 3, 4, 5(orch)]
[mono_ns=182523567848802][T0x7a6cc9e7b740][TIMING] emit_host_span: [STRACE] v=1 pid=462205 tid=462205 inv=37 hid=3d601e71d3e3806f depth=1 name=chip.run.runner_run ts=182523566361550 dur=1486611
[mono_ns=182523574419143][T0x7a6cc9e7b740][TIMING] emit_host_span: [STRACE] v=1 pid=462205 tid=462205 inv=37 hid=3d601e71d3e3806f depth=1 name=chip.run.validate ts=182523567851155 dur=6567067
[mono_ns=182523574422428][T0x7a6cc9e7b740][TIMING] emit_host_span: [STRACE] v=1 pid=462205 tid=462205 inv=37 hid=3d601e71d3e3806f depth=2 name=chip.run.runner_run.device_wall ts=0 dur=1340427 clk=dev
[mono_ns=182523574423630][T0x7a6cc9e7b740][TIMING] emit_host_span: [STRACE] v=1 pid=462205 tid=462205 inv=37 hid=3d601e71d3e3806f depth=3 name=chip.run.runner_run.device_wall.preamble ts=0 dur=12407 clk=dev
[mono_ns=182523574424672][T0x7a6cc9e7b740][TIMING] emit_host_span: [STRACE] v=1 pid=462205 tid=462205 inv=37 hid=3d601e71d3e3806f depth=3 name=chip.run.runner_run.device_wall.graph_build ts=3356 dur=1332489 clk=dev
[mono_ns=182523574425653][T0x7a6cc9e7b740][TIMING] emit_host_span: [STRACE] v=1 pid=462205 tid=462205 inv=37 hid=3d601e71d3e3806f depth=3 name=chip.run.runner_run.device_wall.config_validate ts=3674 dur=1131 clk=dev
[mono_ns=182523574426635][T0x7a6cc9e7b740][TIMING] emit_host_span: [STRACE] v=1 pid=462205 tid=462205 inv=37 hid=3d601e71d3e3806f depth=3 name=chip.run.runner_run.device_wall.arena_wire ts=4871 dur=3088 clk=dev
[mono_ns=182523574427636][T0x7a6cc9e7b740][TIMING] emit_host_span: [STRACE] v=1 pid=462205 tid=462205 inv=37 hid=3d601e71d3e3806f depth=3 name=chip.run.runner_run.device_wall.sm_reset ts=7979 dur=4300 clk=dev
[mono_ns=182523574428658][T0x7a6cc9e7b740][TIMING] emit_host_span: [STRACE] v=1 pid=462205 tid=462205 inv=37 hid=3d601e71d3e3806f depth=3 name=chip.run.runner_run.device_wall.post_orch ts=1335870 dur=3711 clk=dev
[mono_ns=182523574429669][T0x7a6cc9e7b740][TIMING] emit_host_span: [STRACE] v=1 pid=462205 tid=462205 inv=37 hid=3d601e71d3e3806f depth=3 name=chip.run.runner_run.device_wall.orch ts=12300 dur=1220326 clk=dev
[mono_ns=182523574430661][T0x7a6cc9e7b740][TIMING] emit_host_span: [STRACE] v=1 pid=462205 tid=462205 inv=37 hid=3d601e71d3e3806f depth=3 name=chip.run.runner_run.device_wall.sched ts=13200 dur=1306812 clk=dev
[mono_ns=182523574431853][T0x7a6cc9e7b740][TIMING] emit_host_span: [STRACE] v=1 pid=462205 tid=462205 inv=37 hid=3d601e71d3e3806f depth=1 name=chip.run.claim_release ts=182523574431282 dur=40
[mono_ns=182523574435248][T0x7a6cc9e7b740][TIMING] emit_host_span: [STRACE] v=1 pid=462205 tid=462205 inv=37 hid=3d601e71d3e3806f depth=0 name=chip.run ts=182523525435443 dur=48999204 run_id=0 dispatch_id=0 slot_id=0 generation=37 run_epoch=37
[mono_ns=182523609570423][T0x7a6cc9e7b740][TIMING] emit_host_span: [STRACE] v=1 pid=462205 tid=462205 inv=38 hid=3d601e71d3e3806f depth=2 name=chip.run.bind.args ts=182523574779955 dur=34788405
[mono_ns=182523609576412][T0x7a6cc9e7b740][TIMING] emit_host_span: [STRACE] v=1 pid=462205 tid=462205 inv=38 hid=3d601e71d3e3806f depth=2 name=chip.run.bind.prebuilt ts=182523609575090 dur=761
[mono_ns=182523609578294][T0x7a6cc9e7b740][TIMING] emit_host_span: [STRACE] v=1 pid=462205 tid=462205 inv=38 hid=3d601e71d3e3806f depth=1 name=chip.run.bind ts=182523574776820 dur=34800803
[mono_ns=182523614211418][T0x7a6cc9e7b740][WARN] prepare_execution: [device_runner.cpp:343] AICPU CPU_TOPO unavailable; using json_fallback: soc=Ascend950PR_9579 occupy=0x3e stable_reachable=5 requested=0 effective=5 affinity=[1, 2, 3, 4, 5(orch)]
[mono_ns=182523615673323][T0x7a6cc9e7b740][TIMING] emit_host_span: [STRACE] v=1 pid=462205 tid=462205 inv=38 hid=3d601e71d3e3806f depth=1 name=chip.run.runner_run ts=182523614270707 dur=1401945
[mono_ns=182523622215151][T0x7a6cc9e7b740][TIMING] emit_host_span: [STRACE] v=1 pid=462205 tid=462205 inv=38 hid=3d601e71d3e3806f depth=1 name=chip.run.validate ts=182523615675556 dur=6538704
[mono_ns=182523622217385][T0x7a6cc9e7b740][TIMING] emit_host_span: [STRACE] v=1 pid=462205 tid=462205 inv=38 hid=3d601e71d3e3806f depth=2 name=chip.run.runner_run.device_wall ts=0 dur=1262741 clk=dev
[mono_ns=182523622218637][T0x7a6cc9e7b740][TIMING] emit_host_span: [STRACE] v=1 pid=462205 tid=462205 inv=38 hid=3d601e71d3e3806f depth=3 name=chip.run.runner_run.device_wall.preamble ts=0 dur=12756 clk=dev
[mono_ns=182523622219628][T0x7a6cc9e7b740][TIMING] emit_host_span: [STRACE] v=1 pid=462205 tid=462205 inv=38 hid=3d601e71d3e3806f depth=3 name=chip.run.runner_run.device_wall.graph_build ts=2505 dur=1256000 clk=dev
[mono_ns=182523622220600][T0x7a6cc9e7b740][TIMING] emit_host_span: [STRACE] v=1 pid=462205 tid=462205 inv=38 hid=3d601e71d3e3806f depth=3 name=chip.run.runner_run.device_wall.config_validate ts=3181 dur=1365 clk=dev
[mono_ns=182523622221561][T0x7a6cc9e7b740][TIMING] emit_host_span: [STRACE] v=1 pid=462205 tid=462205 inv=38 hid=3d601e71d3e3806f depth=3 name=chip.run.runner_run.device_wall.arena_wire ts=4636 dur=2989 clk=dev
[mono_ns=182523622222542][T0x7a6cc9e7b740][TIMING] emit_host_span: [STRACE] v=1 pid=462205 tid=462205 inv=38 hid=3d601e71d3e3806f depth=3 name=chip.run.runner_run.device_wall.sm_reset ts=7923 dur=4143 clk=dev
[mono_ns=182523622223544][T0x7a6cc9e7b740][TIMING] emit_host_span: [STRACE] v=1 pid=462205 tid=462205 inv=38 hid=3d601e71d3e3806f depth=3 name=chip.run.runner_run.device_wall.post_orch ts=1258530 dur=3904 clk=dev
[mono_ns=182523622224525][T0x7a6cc9e7b740][TIMING] emit_host_span: [STRACE] v=1 pid=462205 tid=462205 inv=38 hid=3d601e71d3e3806f depth=3 name=chip.run.runner_run.device_wall.orch ts=12138 dur=1165688 clk=dev
[mono_ns=182523622225487][T0x7a6cc9e7b740][TIMING] emit_host_span: [STRACE] v=1 pid=462205 tid=462205 inv=38 hid=3d601e71d3e3806f depth=3 name=chip.run.runner_run.device_wall.sched ts=13457 dur=1231295 clk=dev
[mono_ns=182523622226609][T0x7a6cc9e7b740][TIMING] emit_host_span: [STRACE] v=1 pid=462205 tid=462205 inv=38 hid=3d601e71d3e3806f depth=1 name=chip.run.claim_release ts=182523622226068 dur=50
[mono_ns=182523622227810][T0x7a6cc9e7b740][TIMING] emit_host_span: [STRACE] v=1 pid=462205 tid=462205 inv=38 hid=3d601e71d3e3806f depth=0 name=chip.run ts=182523574774497 dur=47452733 run_id=0 dispatch_id=0 slot_id=0 generation=38 run_epoch=38
[mono_ns=182523660464591][T0x7a6cc9e7b740][TIMING] emit_host_span: [STRACE] v=1 pid=462205 tid=462205 inv=39 hid=3d601e71d3e3806f depth=2 name=chip.run.bind.args ts=182523622573629 dur=37889419
[mono_ns=182523660472883][T0x7a6cc9e7b740][TIMING] emit_host_span: [STRACE] v=1 pid=462205 tid=462205 inv=39 hid=3d601e71d3e3806f depth=2 name=chip.run.bind.prebuilt ts=182523660471511 dur=791
[mono_ns=182523660474055][T0x7a6cc9e7b740][TIMING] emit_host_span: [STRACE] v=1 pid=462205 tid=462205 inv=39 hid=3d601e71d3e3806f depth=1 name=chip.run.bind ts=182523622570715 dur=37902789
[mono_ns=182523665240239][T0x7a6cc9e7b740][WARN] prepare_execution: [device_runner.cpp:343] AICPU CPU_TOPO unavailable; using json_fallback: soc=Ascend950PR_9579 occupy=0x3e stable_reachable=5 requested=0 effective=5 affinity=[1, 2, 3, 4, 5(orch)]
[mono_ns=182523666780941][T0x7a6cc9e7b740][TIMING] emit_host_span: [STRACE] v=1 pid=462205 tid=462205 inv=39 hid=3d601e71d3e3806f depth=1 name=chip.run.runner_run ts=182523665299247 dur=1481013
[mono_ns=182523673238063][T0x7a6cc9e7b740][TIMING] emit_host_span: [STRACE] v=1 pid=462205 tid=462205 inv=39 hid=3d601e71d3e3806f depth=1 name=chip.run.validate ts=182523666783245 dur=6453916
[mono_ns=182523673240126][T0x7a6cc9e7b740][TIMING] emit_host_span: [STRACE] v=1 pid=462205 tid=462205 inv=39 hid=3d601e71d3e3806f depth=2 name=chip.run.runner_run.device_wall ts=0 dur=1337177 clk=dev
[mono_ns=182523673241247][T0x7a6cc9e7b740][TIMING] emit_host_span: [STRACE] v=1 pid=462205 tid=462205 inv=39 hid=3d601e71d3e3806f depth=3 name=chip.run.runner_run.device_wall.preamble ts=0 dur=11816 clk=dev
[mono_ns=182523673242269][T0x7a6cc9e7b740][TIMING] emit_host_span: [STRACE] v=1 pid=462205 tid=462205 inv=39 hid=3d601e71d3e3806f depth=3 name=chip.run.runner_run.device_wall.graph_build ts=2268 dur=1330660 clk=dev
[mono_ns=182523673243270][T0x7a6cc9e7b740][TIMING] emit_host_span: [STRACE] v=1 pid=462205 tid=462205 inv=39 hid=3d601e71d3e3806f depth=3 name=chip.run.runner_run.device_wall.config_validate ts=2798 dur=1032 clk=dev
[mono_ns=182523673244272][T0x7a6cc9e7b740][TIMING] emit_host_span: [STRACE] v=1 pid=462205 tid=462205 inv=39 hid=3d601e71d3e3806f depth=3 name=chip.run.runner_run.device_wall.arena_wire ts=3853 dur=2586 clk=dev
[mono_ns=182523673245253][T0x7a6cc9e7b740][TIMING] emit_host_span: [STRACE] v=1 pid=462205 tid=462205 inv=39 hid=3d601e71d3e3806f depth=3 name=chip.run.runner_run.device_wall.sm_reset ts=6513 dur=5621 clk=dev
[mono_ns=182523673246265][T0x7a6cc9e7b740][TIMING] emit_host_span: [STRACE] v=1 pid=462205 tid=462205 inv=39 hid=3d601e71d3e3806f depth=3 name=chip.run.runner_run.device_wall.post_orch ts=1332965 dur=4088 clk=dev
[mono_ns=182523673247256][T0x7a6cc9e7b740][TIMING] emit_host_span: [STRACE] v=1 pid=462205 tid=462205 inv=39 hid=3d601e71d3e3806f depth=3 name=chip.run.runner_run.device_wall.orch ts=12368 dur=1190154 clk=dev
[mono_ns=182523673248228][T0x7a6cc9e7b740][TIMING] emit_host_span: [STRACE] v=1 pid=462205 tid=462205 inv=39 hid=3d601e71d3e3806f depth=3 name=chip.run.runner_run.device_wall.sched ts=13117 dur=1304524 clk=dev
[mono_ns=182523673249480][T0x7a6cc9e7b740][TIMING] emit_host_span: [STRACE] v=1 pid=462205 tid=462205 inv=39 hid=3d601e71d3e3806f depth=1 name=chip.run.claim_release ts=182523673248899 dur=50
[mono_ns=182523673250702][T0x7a6cc9e7b740][TIMING] emit_host_span: [STRACE] v=1 pid=462205 tid=462205 inv=39 hid=3d601e71d3e3806f depth=0 name=chip.run ts=182523622567921 dur=50682200 run_id=0 dispatch_id=0 slot_id=0 generation=39 run_epoch=39
[mono_ns=182523708089312][T0x7a6cc9e7b740][TIMING] emit_host_span: [STRACE] v=1 pid=462205 tid=462205 inv=40 hid=3d601e71d3e3806f depth=2 name=chip.run.bind.args ts=182523673595519 dur=34492160
[mono_ns=182523708094800][T0x7a6cc9e7b740][TIMING] emit_host_span: [STRACE] v=1 pid=462205 tid=462205 inv=40 hid=3d601e71d3e3806f depth=2 name=chip.run.bind.prebuilt ts=182523708093738 dur=531
[mono_ns=182523708096172][T0x7a6cc9e7b740][TIMING] emit_host_span: [STRACE] v=1 pid=462205 tid=462205 inv=40 hid=3d601e71d3e3806f depth=1 name=chip.run.bind ts=182523673592505 dur=34502946
[mono_ns=182523713313863][T0x7a6cc9e7b740][WARN] prepare_execution: [device_runner.cpp:343] AICPU CPU_TOPO unavailable; using json_fallback: soc=Ascend950PR_9579 occupy=0x3e stable_reachable=5 requested=0 effective=5 affinity=[1, 2, 3, 4, 5(orch)]
[mono_ns=182523714971792][T0x7a6cc9e7b740][TIMING] emit_host_span: [STRACE] v=1 pid=462205 tid=462205 inv=40 hid=3d601e71d3e3806f depth=1 name=chip.run.runner_run ts=182523713376037 dur=1594993
[mono_ns=182523721385077][T0x7a6cc9e7b740][TIMING] emit_host_span: [STRACE] v=1 pid=462205 tid=462205 inv=40 hid=3d601e71d3e3806f depth=1 name=chip.run.validate ts=182523714973855 dur=6410351
[mono_ns=182523721387321][T0x7a6cc9e7b740][TIMING] emit_host_span: [STRACE] v=1 pid=462205 tid=462205 inv=40 hid=3d601e71d3e3806f depth=2 name=chip.run.runner_run.device_wall ts=0 dur=1450936 clk=dev
[mono_ns=182523721388422][T0x7a6cc9e7b740][TIMING] emit_host_span: [STRACE] v=1 pid=462205 tid=462205 inv=40 hid=3d601e71d3e3806f depth=3 name=chip.run.runner_run.device_wall.preamble ts=0 dur=12713 clk=dev
[mono_ns=182523721389474][T0x7a6cc9e7b740][TIMING] emit_host_span: [STRACE] v=1 pid=462205 tid=462205 inv=40 hid=3d601e71d3e3806f depth=3 name=chip.run.runner_run.device_wall.graph_build ts=3170 dur=1442446 clk=dev
[mono_ns=182523721390446][T0x7a6cc9e7b740][TIMING] emit_host_span: [STRACE] v=1 pid=462205 tid=462205 inv=40 hid=3d601e71d3e3806f depth=3 name=chip.run.runner_run.device_wall.config_validate ts=3646 dur=1521 clk=dev
[mono_ns=182523721391427][T0x7a6cc9e7b740][TIMING] emit_host_span: [STRACE] v=1 pid=462205 tid=462205 inv=40 hid=3d601e71d3e3806f depth=3 name=chip.run.runner_run.device_wall.arena_wire ts=5234 dur=3227 clk=dev
[mono_ns=182523721392398][T0x7a6cc9e7b740][TIMING] emit_host_span: [STRACE] v=1 pid=462205 tid=462205 inv=40 hid=3d601e71d3e3806f depth=3 name=chip.run.runner_run.device_wall.sm_reset ts=8739 dur=5210 clk=dev
[mono_ns=182523721393400][T0x7a6cc9e7b740][TIMING] emit_host_span: [STRACE] v=1 pid=462205 tid=462205 inv=40 hid=3d601e71d3e3806f depth=3 name=chip.run.runner_run.device_wall.post_orch ts=1445630 dur=4467 clk=dev
[mono_ns=182523721394381][T0x7a6cc9e7b740][TIMING] emit_host_span: [STRACE] v=1 pid=462205 tid=462205 inv=40 hid=3d601e71d3e3806f depth=3 name=chip.run.runner_run.device_wall.orch ts=14236 dur=1333104 clk=dev
[mono_ns=182523721395363][T0x7a6cc9e7b740][TIMING] emit_host_span: [STRACE] v=1 pid=462205 tid=462205 inv=40 hid=3d601e71d3e3806f depth=3 name=chip.run.runner_run.device_wall.sched ts=14921 dur=1414739 clk=dev
[mono_ns=182523721396685][T0x7a6cc9e7b740][TIMING] emit_host_span: [STRACE] v=1 pid=462205 tid=462205 inv=40 hid=3d601e71d3e3806f depth=1 name=chip.run.claim_release ts=182523721396134 dur=40
[mono_ns=182523721397967][T0x7a6cc9e7b740][TIMING] emit_host_span: [STRACE] v=1 pid=462205 tid=462205 inv=40 hid=3d601e71d3e3806f depth=0 name=chip.run ts=182523673589851 dur=47807555 run_id=0 dispatch_id=0 slot_id=0 generation=40 run_epoch=40
[mono_ns=182523758454185][T0x7a6cc9e7b740][TIMING] emit_host_span: [STRACE] v=1 pid=462205 tid=462205 inv=41 hid=3d601e71d3e3806f depth=2 name=chip.run.bind.args ts=182523721742574 dur=36710129
[mono_ns=182523758458011][T0x7a6cc9e7b740][TIMING] emit_host_span: [STRACE] v=1 pid=462205 tid=462205 inv=41 hid=3d601e71d3e3806f depth=2 name=chip.run.bind.prebuilt ts=182523758456979 dur=501
[mono_ns=182523758459403][T0x7a6cc9e7b740][TIMING] emit_host_span: [STRACE] v=1 pid=462205 tid=462205 inv=41 hid=3d601e71d3e3806f depth=1 name=chip.run.bind ts=182523721739429 dur=36719443
[mono_ns=182523763126718][T0x7a6cc9e7b740][WARN] prepare_execution: [device_runner.cpp:343] AICPU CPU_TOPO unavailable; using json_fallback: soc=Ascend950PR_9579 occupy=0x3e stable_reachable=5 requested=0 effective=5 affinity=[1, 2, 3, 4, 5(orch)]
[mono_ns=182523764872228][T0x7a6cc9e7b740][TIMING] emit_host_span: [STRACE] v=1 pid=462205 tid=462205 inv=41 hid=3d601e71d3e3806f depth=1 name=chip.run.runner_run ts=182523763187860 dur=1681914
[mono_ns=182523771717542][T0x7a6cc9e7b740][TIMING] emit_host_span: [STRACE] v=1 pid=462205 tid=462205 inv=41 hid=3d601e71d3e3806f depth=1 name=chip.run.validate ts=182523764885538 dur=6830753
[mono_ns=182523771720387][T0x7a6cc9e7b740][TIMING] emit_host_span: [STRACE] v=1 pid=462205 tid=462205 inv=41 hid=3d601e71d3e3806f depth=2 name=chip.run.runner_run.device_wall ts=0 dur=1418041 clk=dev
[mono_ns=182523771723622][T0x7a6cc9e7b740][TIMING] emit_host_span: [STRACE] v=1 pid=462205 tid=462205 inv=41 hid=3d601e71d3e3806f depth=3 name=chip.run.runner_run.device_wall.preamble ts=0 dur=12993 clk=dev
[mono_ns=182523771724663][T0x7a6cc9e7b740][TIMING] emit_host_span: [STRACE] v=1 pid=462205 tid=462205 inv=41 hid=3d601e71d3e3806f depth=3 name=chip.run.runner_run.device_wall.graph_build ts=3204 dur=1410170 clk=dev
[mono_ns=182523771725675][T0x7a6cc9e7b740][TIMING] emit_host_span: [STRACE] v=1 pid=462205 tid=462205 inv=41 hid=3d601e71d3e3806f depth=3 name=chip.run.runner_run.device_wall.config_validate ts=3948 dur=1079 clk=dev
[mono_ns=182523771726646][T0x7a6cc9e7b740][TIMING] emit_host_span: [STRACE] v=1 pid=462205 tid=462205 inv=41 hid=3d601e71d3e3806f depth=3 name=chip.run.runner_run.device_wall.arena_wire ts=5090 dur=3040 clk=dev
[mono_ns=182523771727618][T0x7a6cc9e7b740][TIMING] emit_host_span: [STRACE] v=1 pid=462205 tid=462205 inv=41 hid=3d601e71d3e3806f depth=3 name=chip.run.runner_run.device_wall.sm_reset ts=8197 dur=4208 clk=dev
[mono_ns=182523771728649][T0x7a6cc9e7b740][TIMING] emit_host_span: [STRACE] v=1 pid=462205 tid=462205 inv=41 hid=3d601e71d3e3806f depth=3 name=chip.run.runner_run.device_wall.post_orch ts=1413444 dur=3982 clk=dev
[mono_ns=182523771729631][T0x7a6cc9e7b740][TIMING] emit_host_span: [STRACE] v=1 pid=462205 tid=462205 inv=41 hid=3d601e71d3e3806f depth=3 name=chip.run.runner_run.device_wall.orch ts=12633 dur=1271638 clk=dev
[mono_ns=182523771730622][T0x7a6cc9e7b740][TIMING] emit_host_span: [STRACE] v=1 pid=462205 tid=462205 inv=41 hid=3d601e71d3e3806f depth=3 name=chip.run.runner_run.device_wall.sched ts=13723 dur=1385742 clk=dev
[mono_ns=182523771732064][T0x7a6cc9e7b740][TIMING] emit_host_span: [STRACE] v=1 pid=462205 tid=462205 inv=41 hid=3d601e71d3e3806f depth=1 name=chip.run.claim_release ts=182523771731473 dur=60
[mono_ns=182523771733416][T0x7a6cc9e7b740][TIMING] emit_host_span: [STRACE] v=1 pid=462205 tid=462205 inv=41 hid=3d601e71d3e3806f depth=0 name=chip.run ts=182523721735844 dur=49997001 run_id=0 dispatch_id=0 slot_id=0 generation=41 run_epoch=41
[mono_ns=182523808390405][T0x7a6cc9e7b740][TIMING] emit_host_span: [STRACE] v=1 pid=462205 tid=462205 inv=42 hid=3d601e71d3e3806f depth=2 name=chip.run.bind.args ts=182523772303812 dur=36079363
[mono_ns=182523808398968][T0x7a6cc9e7b740][TIMING] emit_host_span: [STRACE] v=1 pid=462205 tid=462205 inv=42 hid=3d601e71d3e3806f depth=2 name=chip.run.bind.prebuilt ts=182523808397696 dur=651
[mono_ns=182523808400851][T0x7a6cc9e7b740][TIMING] emit_host_span: [STRACE] v=1 pid=462205 tid=462205 inv=42 hid=3d601e71d3e3806f depth=1 name=chip.run.bind ts=182523772298434 dur=36101486
[mono_ns=182523813084200][T0x7a6cc9e7b740][WARN] prepare_execution: [device_runner.cpp:343] AICPU CPU_TOPO unavailable; using json_fallback: soc=Ascend950PR_9579 occupy=0x3e stable_reachable=5 requested=0 effective=5 affinity=[1, 2, 3, 4, 5(orch)]
[mono_ns=182523814756651][T0x7a6cc9e7b740][TIMING] emit_host_span: [STRACE] v=1 pid=462205 tid=462205 inv=42 hid=3d601e71d3e3806f depth=1 name=chip.run.runner_run ts=182523813143970 dur=1611809
[mono_ns=182523821443717][T0x7a6cc9e7b740][TIMING] emit_host_span: [STRACE] v=1 pid=462205 tid=462205 inv=42 hid=3d601e71d3e3806f depth=1 name=chip.run.validate ts=182523814759235 dur=6683491
[mono_ns=182523821446462][T0x7a6cc9e7b740][TIMING] emit_host_span: [STRACE] v=1 pid=462205 tid=462205 inv=42 hid=3d601e71d3e3806f depth=2 name=chip.run.runner_run.device_wall ts=0 dur=1468015 clk=dev
[mono_ns=182523821447663][T0x7a6cc9e7b740][TIMING] emit_host_span: [STRACE] v=1 pid=462205 tid=462205 inv=42 hid=3d601e71d3e3806f depth=3 name=chip.run.runner_run.device_wall.preamble ts=0 dur=12707 clk=dev
[mono_ns=182523821448705][T0x7a6cc9e7b740][TIMING] emit_host_span: [STRACE] v=1 pid=462205 tid=462205 inv=42 hid=3d601e71d3e3806f depth=3 name=chip.run.runner_run.device_wall.graph_build ts=3063 dur=1460897 clk=dev
[mono_ns=182523821451790][T0x7a6cc9e7b740][TIMING] emit_host_span: [STRACE] v=1 pid=462205 tid=462205 inv=42 hid=3d601e71d3e3806f depth=3 name=chip.run.runner_run.device_wall.config_validate ts=3403 dur=1478 clk=dev
[mono_ns=182523821452771][T0x7a6cc9e7b740][TIMING] emit_host_span: [STRACE] v=1 pid=462205 tid=462205 inv=42 hid=3d601e71d3e3806f depth=3 name=chip.run.runner_run.device_wall.arena_wire ts=4944 dur=3028 clk=dev
[mono_ns=182523821453732][T0x7a6cc9e7b740][TIMING] emit_host_span: [STRACE] v=1 pid=462205 tid=462205 inv=42 hid=3d601e71d3e3806f depth=3 name=chip.run.runner_run.device_wall.sm_reset ts=8043 dur=4914 clk=dev
[mono_ns=182523821454734][T0x7a6cc9e7b740][TIMING] emit_host_span: [STRACE] v=1 pid=462205 tid=462205 inv=42 hid=3d601e71d3e3806f depth=3 name=chip.run.runner_run.device_wall.post_orch ts=1463980 dur=3605 clk=dev
[mono_ns=182523821455725][T0x7a6cc9e7b740][TIMING] emit_host_span: [STRACE] v=1 pid=462205 tid=462205 inv=42 hid=3d601e71d3e3806f depth=3 name=chip.run.runner_run.device_wall.orch ts=13026 dur=1345741 clk=dev
[mono_ns=182523821456707][T0x7a6cc9e7b740][TIMING] emit_host_span: [STRACE] v=1 pid=462205 tid=462205 inv=42 hid=3d601e71d3e3806f depth=3 name=chip.run.runner_run.device_wall.sched ts=13932 dur=1435998 clk=dev
[mono_ns=182523821458129][T0x7a6cc9e7b740][TIMING] emit_host_span: [STRACE] v=1 pid=462205 tid=462205 inv=42 hid=3d601e71d3e3806f depth=1 name=chip.run.claim_release ts=182523821457538 dur=50
[mono_ns=182523821459341][T0x7a6cc9e7b740][TIMING] emit_host_span: [STRACE] v=1 pid=462205 tid=462205 inv=42 hid=3d601e71d3e3806f depth=0 name=chip.run ts=182523772295330 dur=49163460 run_id=0 dispatch_id=0 slot_id=0 generation=42 run_epoch=42
[mono_ns=182523858128288][T0x7a6cc9e7b740][TIMING] emit_host_span: [STRACE] v=1 pid=462205 tid=462205 inv=43 hid=3d601e71d3e3806f depth=2 name=chip.run.bind.args ts=182523821809967 dur=36316709
[mono_ns=182523858133626][T0x7a6cc9e7b740][TIMING] emit_host_span: [STRACE] v=1 pid=462205 tid=462205 inv=43 hid=3d601e71d3e3806f depth=2 name=chip.run.bind.prebuilt ts=182523858132204 dur=831
[mono_ns=182523858134878][T0x7a6cc9e7b740][TIMING] emit_host_span: [STRACE] v=1 pid=462205 tid=462205 inv=43 hid=3d601e71d3e3806f depth=1 name=chip.run.bind ts=182523821807133 dur=36327184
[mono_ns=182523862790385][T0x7a6cc9e7b740][WARN] prepare_execution: [device_runner.cpp:343] AICPU CPU_TOPO unavailable; using json_fallback: soc=Ascend950PR_9579 occupy=0x3e stable_reachable=5 requested=0 effective=5 affinity=[1, 2, 3, 4, 5(orch)]
[mono_ns=182523864300091][T0x7a6cc9e7b740][TIMING] emit_host_span: [STRACE] v=1 pid=462205 tid=462205 inv=43 hid=3d601e71d3e3806f depth=1 name=chip.run.runner_run ts=182523862845979 dur=1453141
[mono_ns=182523871205916][T0x7a6cc9e7b740][TIMING] emit_host_span: [STRACE] v=1 pid=462205 tid=462205 inv=43 hid=3d601e71d3e3806f depth=1 name=chip.run.validate ts=182523864302265 dur=6902750
[mono_ns=182523871209492][T0x7a6cc9e7b740][TIMING] emit_host_span: [STRACE] v=1 pid=462205 tid=462205 inv=43 hid=3d601e71d3e3806f depth=2 name=chip.run.runner_run.device_wall ts=0 dur=1309957 clk=dev
[mono_ns=182523871210664][T0x7a6cc9e7b740][TIMING] emit_host_span: [STRACE] v=1 pid=462205 tid=462205 inv=43 hid=3d601e71d3e3806f depth=3 name=chip.run.runner_run.device_wall.preamble ts=0 dur=11742 clk=dev
[mono_ns=182523871211705][T0x7a6cc9e7b740][TIMING] emit_host_span: [STRACE] v=1 pid=462205 tid=462205 inv=43 hid=3d601e71d3e3806f depth=3 name=chip.run.runner_run.device_wall.graph_build ts=3105 dur=1302293 clk=dev
[mono_ns=182523871212717][T0x7a6cc9e7b740][TIMING] emit_host_span: [STRACE] v=1 pid=462205 tid=462205 inv=43 hid=3d601e71d3e3806f depth=3 name=chip.run.runner_run.device_wall.config_validate ts=3909 dur=1135 clk=dev
[mono_ns=182523871213708][T0x7a6cc9e7b740][TIMING] emit_host_span: [STRACE] v=1 pid=462205 tid=462205 inv=43 hid=3d601e71d3e3806f depth=3 name=chip.run.runner_run.device_wall.arena_wire ts=5298 dur=2703 clk=dev
[mono_ns=182523871214670][T0x7a6cc9e7b740][TIMING] emit_host_span: [STRACE] v=1 pid=462205 tid=462205 inv=43 hid=3d601e71d3e3806f depth=3 name=chip.run.runner_run.device_wall.sm_reset ts=8077 dur=4315 clk=dev
[mono_ns=182523871217294][T0x7a6cc9e7b740][TIMING] emit_host_span: [STRACE] v=1 pid=462205 tid=462205 inv=43 hid=3d601e71d3e3806f depth=3 name=chip.run.runner_run.device_wall.post_orch ts=1305417 dur=4104 clk=dev
[mono_ns=182523871218275][T0x7a6cc9e7b740][TIMING] emit_host_span: [STRACE] v=1 pid=462205 tid=462205 inv=43 hid=3d601e71d3e3806f depth=3 name=chip.run.runner_run.device_wall.orch ts=12463 dur=1190572 clk=dev
[mono_ns=182523871219256][T0x7a6cc9e7b740][TIMING] emit_host_span: [STRACE] v=1 pid=462205 tid=462205 inv=43 hid=3d601e71d3e3806f depth=3 name=chip.run.runner_run.device_wall.sched ts=13124 dur=1276541 clk=dev
[mono_ns=182523871220598][T0x7a6cc9e7b740][TIMING] emit_host_span: [STRACE] v=1 pid=462205 tid=462205 inv=43 hid=3d601e71d3e3806f depth=1 name=chip.run.claim_release ts=182523871220008 dur=40
[mono_ns=182523871221780][T0x7a6cc9e7b740][TIMING] emit_host_span: [STRACE] v=1 pid=462205 tid=462205 inv=43 hid=3d601e71d3e3806f depth=0 name=chip.run ts=182523821804239 dur=49417000 run_id=0 dispatch_id=0 slot_id=0 generation=43 run_epoch=43
[mono_ns=182523906957326][T0x7a6cc9e7b740][TIMING] emit_host_span: [STRACE] v=1 pid=462205 tid=462205 inv=44 hid=3d601e71d3e3806f depth=2 name=chip.run.bind.args ts=182523871572577 dur=35383538
[mono_ns=182523906965709][T0x7a6cc9e7b740][TIMING] emit_host_span: [STRACE] v=1 pid=462205 tid=462205 inv=44 hid=3d601e71d3e3806f depth=2 name=chip.run.bind.prebuilt ts=182523906964627 dur=511
[mono_ns=182523906967001][T0x7a6cc9e7b740][TIMING] emit_host_span: [STRACE] v=1 pid=462205 tid=462205 inv=44 hid=3d601e71d3e3806f depth=1 name=chip.run.bind ts=182523871569903 dur=35396557
[mono_ns=182523911618062][T0x7a6cc9e7b740][WARN] prepare_execution: [device_runner.cpp:343] AICPU CPU_TOPO unavailable; using json_fallback: soc=Ascend950PR_9579 occupy=0x3e stable_reachable=5 requested=0 effective=5 affinity=[1, 2, 3, 4, 5(orch)]
[mono_ns=182523913311183][T0x7a6cc9e7b740][TIMING] emit_host_span: [STRACE] v=1 pid=462205 tid=462205 inv=44 hid=3d601e71d3e3806f depth=1 name=chip.run.runner_run ts=182523911686284 dur=1624078
[mono_ns=182523919297228][T0x7a6cc9e7b740][TIMING] emit_host_span: [STRACE] v=1 pid=462205 tid=462205 inv=44 hid=3d601e71d3e3806f depth=1 name=chip.run.validate ts=182523913313497 dur=5982779
[mono_ns=182523919299731][T0x7a6cc9e7b740][TIMING] emit_host_span: [STRACE] v=1 pid=462205 tid=462205 inv=44 hid=3d601e71d3e3806f depth=2 name=chip.run.runner_run.device_wall ts=0 dur=1485769 clk=dev
[mono_ns=182523919300943][T0x7a6cc9e7b740][TIMING] emit_host_span: [STRACE] v=1 pid=462205 tid=462205 inv=44 hid=3d601e71d3e3806f depth=3 name=chip.run.runner_run.device_wall.preamble ts=0 dur=11908 clk=dev
[mono_ns=182523919301995][T0x7a6cc9e7b740][TIMING] emit_host_span: [STRACE] v=1 pid=462205 tid=462205 inv=44 hid=3d601e71d3e3806f depth=3 name=chip.run.runner_run.device_wall.graph_build ts=3038 dur=1478653 clk=dev
[mono_ns=182523919302996][T0x7a6cc9e7b740][TIMING] emit_host_span: [STRACE] v=1 pid=462205 tid=462205 inv=44 hid=3d601e71d3e3806f depth=3 name=chip.run.runner_run.device_wall.config_validate ts=3691 dur=1503 clk=dev
[mono_ns=182523919303978][T0x7a6cc9e7b740][TIMING] emit_host_span: [STRACE] v=1 pid=462205 tid=462205 inv=44 hid=3d601e71d3e3806f depth=3 name=chip.run.runner_run.device_wall.arena_wire ts=5256 dur=2811 clk=dev
[mono_ns=182523919304939][T0x7a6cc9e7b740][TIMING] emit_host_span: [STRACE] v=1 pid=462205 tid=462205 inv=44 hid=3d601e71d3e3806f depth=3 name=chip.run.runner_run.device_wall.sm_reset ts=8129 dur=4872 clk=dev
[mono_ns=182523919305921][T0x7a6cc9e7b740][TIMING] emit_host_span: [STRACE] v=1 pid=462205 tid=462205 inv=44 hid=3d601e71d3e3806f depth=3 name=chip.run.runner_run.device_wall.post_orch ts=1481708 dur=3659 clk=dev
[mono_ns=182523919306912][T0x7a6cc9e7b740][TIMING] emit_host_span: [STRACE] v=1 pid=462205 tid=462205 inv=44 hid=3d601e71d3e3806f depth=3 name=chip.run.runner_run.device_wall.orch ts=13023 dur=1381915 clk=dev
[mono_ns=182523919307944][T0x7a6cc9e7b740][TIMING] emit_host_span: [STRACE] v=1 pid=462205 tid=462205 inv=44 hid=3d601e71d3e3806f depth=3 name=chip.run.runner_run.device_wall.sched ts=13926 dur=1453976 clk=dev
[mono_ns=182523919310978][T0x7a6cc9e7b740][TIMING] emit_host_span: [STRACE] v=1 pid=462205 tid=462205 inv=44 hid=3d601e71d3e3806f depth=1 name=chip.run.claim_release ts=182523919310367 dur=40
[mono_ns=182523919312350][T0x7a6cc9e7b740][TIMING] emit_host_span: [STRACE] v=1 pid=462205 tid=462205 inv=44 hid=3d601e71d3e3806f depth=0 name=chip.run ts=182523871566788 dur=47745012 run_id=0 dispatch_id=0 slot_id=0 generation=44 run_epoch=44
[mono_ns=182523954812683][T0x7a6cc9e7b740][TIMING] emit_host_span: [STRACE] v=1 pid=462205 tid=462205 inv=45 hid=3d601e71d3e3806f depth=2 name=chip.run.bind.args ts=182523919650288 dur=35161184
[mono_ns=182523954817381][T0x7a6cc9e7b740][TIMING] emit_host_span: [STRACE] v=1 pid=462205 tid=462205 inv=45 hid=3d601e71d3e3806f depth=2 name=chip.run.bind.prebuilt ts=182523954816129 dur=681
[mono_ns=182523954818783][T0x7a6cc9e7b740][TIMING] emit_host_span: [STRACE] v=1 pid=462205 tid=462205 inv=45 hid=3d601e71d3e3806f depth=1 name=chip.run.bind ts=182523919647684 dur=35170528
[mono_ns=182523959472247][T0x7a6cc9e7b740][WARN] prepare_execution: [device_runner.cpp:343] AICPU CPU_TOPO unavailable; using json_fallback: soc=Ascend950PR_9579 occupy=0x3e stable_reachable=5 requested=0 effective=5 affinity=[1, 2, 3, 4, 5(orch)]
[mono_ns=182523960959910][T0x7a6cc9e7b740][TIMING] emit_host_span: [STRACE] v=1 pid=462205 tid=462205 inv=45 hid=3d601e71d3e3806f depth=1 name=chip.run.runner_run ts=182523959531696 dur=1427042
[mono_ns=182523967664293][T0x7a6cc9e7b740][TIMING] emit_host_span: [STRACE] v=1 pid=462205 tid=462205 inv=45 hid=3d601e71d3e3806f depth=1 name=chip.run.validate ts=182523960962464 dur=6700647
[mono_ns=182523967666897][T0x7a6cc9e7b740][TIMING] emit_host_span: [STRACE] v=1 pid=462205 tid=462205 inv=45 hid=3d601e71d3e3806f depth=2 name=chip.run.runner_run.device_wall ts=0 dur=1285260 clk=dev
[mono_ns=182523967668058][T0x7a6cc9e7b740][TIMING] emit_host_span: [STRACE] v=1 pid=462205 tid=462205 inv=45 hid=3d601e71d3e3806f depth=3 name=chip.run.runner_run.device_wall.preamble ts=0 dur=12911 clk=dev
[mono_ns=182523967669090][T0x7a6cc9e7b740][TIMING] emit_host_span: [STRACE] v=1 pid=462205 tid=462205 inv=45 hid=3d601e71d3e3806f depth=3 name=chip.run.runner_run.device_wall.graph_build ts=2977 dur=1278051 clk=dev
[mono_ns=182523967670071][T0x7a6cc9e7b740][TIMING] emit_host_span: [STRACE] v=1 pid=462205 tid=462205 inv=45 hid=3d601e71d3e3806f depth=3 name=chip.run.runner_run.device_wall.config_validate ts=3775 dur=1184 clk=dev
[mono_ns=182523967671043][T0x7a6cc9e7b740][TIMING] emit_host_span: [STRACE] v=1 pid=462205 tid=462205 inv=45 hid=3d601e71d3e3806f depth=3 name=chip.run.runner_run.device_wall.arena_wire ts=5229 dur=2384 clk=dev
[mono_ns=182523967672004][T0x7a6cc9e7b740][TIMING] emit_host_span: [STRACE] v=1 pid=462205 tid=462205 inv=45 hid=3d601e71d3e3806f depth=3 name=chip.run.runner_run.device_wall.sm_reset ts=7889 dur=3993 clk=dev
[mono_ns=182523967672976][T0x7a6cc9e7b740][TIMING] emit_host_span: [STRACE] v=1 pid=462205 tid=462205 inv=45 hid=3d601e71d3e3806f depth=3 name=chip.run.runner_run.device_wall.post_orch ts=1281053 dur=4067 clk=dev
[mono_ns=182523967673967][T0x7a6cc9e7b740][TIMING] emit_host_span: [STRACE] v=1 pid=462205 tid=462205 inv=45 hid=3d601e71d3e3806f depth=3 name=chip.run.runner_run.device_wall.orch ts=11945 dur=1183432 clk=dev
[mono_ns=182523967674939][T0x7a6cc9e7b740][TIMING] emit_host_span: [STRACE] v=1 pid=462205 tid=462205 inv=45 hid=3d601e71d3e3806f depth=3 name=chip.run.runner_run.device_wall.sched ts=13509 dur=1252567 clk=dev
[mono_ns=182523967676090][T0x7a6cc9e7b740][TIMING] emit_host_span: [STRACE] v=1 pid=462205 tid=462205 inv=45 hid=3d601e71d3e3806f depth=1 name=chip.run.claim_release ts=182523967675540 dur=40
[mono_ns=182523967677472][T0x7a6cc9e7b740][TIMING] emit_host_span: [STRACE] v=1 pid=462205 tid=462205 inv=45 hid=3d601e71d3e3806f depth=0 name=chip.run ts=182523919644619 dur=48032273 run_id=0 dispatch_id=0 slot_id=0 generation=45 run_epoch=45
[mono_ns=182524006177778][T0x7a6cc9e7b740][TIMING] emit_host_span: [STRACE] v=1 pid=462205 tid=462205 inv=46 hid=3d601e71d3e3806f depth=2 name=chip.run.bind.args ts=182523968038274 dur=38138343
[mono_ns=182524006184398][T0x7a6cc9e7b740][TIMING] emit_host_span: [STRACE] v=1 pid=462205 tid=462205 inv=46 hid=3d601e71d3e3806f depth=2 name=chip.run.bind.prebuilt ts=182524006183146 dur=671
[mono_ns=182524006186652][T0x7a6cc9e7b740][TIMING] emit_host_span: [STRACE] v=1 pid=462205 tid=462205 inv=46 hid=3d601e71d3e3806f depth=1 name=chip.run.bind ts=182523968035540 dur=38149920
[mono_ns=182524010822600][T0x7a6cc9e7b740][WARN] prepare_execution: [device_runner.cpp:343] AICPU CPU_TOPO unavailable; using json_fallback: soc=Ascend950PR_9579 occupy=0x3e stable_reachable=5 requested=0 effective=5 affinity=[1, 2, 3, 4, 5(orch)]
[mono_ns=182524012447939][T0x7a6cc9e7b740][TIMING] emit_host_span: [STRACE] v=1 pid=462205 tid=462205 inv=46 hid=3d601e71d3e3806f depth=1 name=chip.run.runner_run ts=182524010884282 dur=1562826
[mono_ns=182524019241236][T0x7a6cc9e7b740][TIMING] emit_host_span: [STRACE] v=1 pid=462205 tid=462205 inv=46 hid=3d601e71d3e3806f depth=1 name=chip.run.validate ts=182524012450353 dur=6789961
[mono_ns=182524019244380][T0x7a6cc9e7b740][TIMING] emit_host_span: [STRACE] v=1 pid=462205 tid=462205 inv=46 hid=3d601e71d3e3806f depth=2 name=chip.run.runner_run.device_wall ts=0 dur=1422118 clk=dev
[mono_ns=182524019245883][T0x7a6cc9e7b740][TIMING] emit_host_span: [STRACE] v=1 pid=462205 tid=462205 inv=46 hid=3d601e71d3e3806f depth=3 name=chip.run.runner_run.device_wall.preamble ts=0 dur=14416 clk=dev
[mono_ns=182524019247034][T0x7a6cc9e7b740][TIMING] emit_host_span: [STRACE] v=1 pid=462205 tid=462205 inv=46 hid=3d601e71d3e3806f depth=3 name=chip.run.runner_run.device_wall.graph_build ts=5140 dur=1412277 clk=dev
[mono_ns=182524019248056][T0x7a6cc9e7b740][TIMING] emit_host_span: [STRACE] v=1 pid=462205 tid=462205 inv=46 hid=3d601e71d3e3806f depth=3 name=chip.run.runner_run.device_wall.config_validate ts=5873 dur=1089 clk=dev
[mono_ns=182524019249047][T0x7a6cc9e7b740][TIMING] emit_host_span: [STRACE] v=1 pid=462205 tid=462205 inv=46 hid=3d601e71d3e3806f depth=3 name=chip.run.runner_run.device_wall.arena_wire ts=7064 dur=2697 clk=dev
[mono_ns=182524019250019][T0x7a6cc9e7b740][TIMING] emit_host_span: [STRACE] v=1 pid=462205 tid=462205 inv=46 hid=3d601e71d3e3806f depth=3 name=chip.run.runner_run.device_wall.sm_reset ts=9889 dur=4210 clk=dev
[mono_ns=182524019251010][T0x7a6cc9e7b740][TIMING] emit_host_span: [STRACE] v=1 pid=462205 tid=462205 inv=46 hid=3d601e71d3e3806f depth=3 name=chip.run.runner_run.device_wall.post_orch ts=1417488 dur=4282 clk=dev
[mono_ns=182524019252002][T0x7a6cc9e7b740][TIMING] emit_host_span: [STRACE] v=1 pid=462205 tid=462205 inv=46 hid=3d601e71d3e3806f depth=3 name=chip.run.runner_run.device_wall.orch ts=14171 dur=1303580 clk=dev
[mono_ns=182524019252973][T0x7a6cc9e7b740][TIMING] emit_host_span: [STRACE] v=1 pid=462205 tid=462205 inv=46 hid=3d601e71d3e3806f depth=3 name=chip.run.runner_run.device_wall.sched ts=14865 dur=1386760 clk=dev
[mono_ns=182524019254155][T0x7a6cc9e7b740][TIMING] emit_host_span: [STRACE] v=1 pid=462205 tid=462205 inv=46 hid=3d601e71d3e3806f depth=1 name=chip.run.claim_release ts=182524019253584 dur=30
[mono_ns=182524019255487][T0x7a6cc9e7b740][TIMING] emit_host_span: [STRACE] v=1 pid=462205 tid=462205 inv=46 hid=3d601e71d3e3806f depth=0 name=chip.run ts=182523968032706 dur=51222240 run_id=0 dispatch_id=0 slot_id=0 generation=46 run_epoch=46
[mono_ns=182524055937574][T0x7a6cc9e7b740][TIMING] emit_host_span: [STRACE] v=1 pid=462205 tid=462205 inv=47 hid=3d601e71d3e3806f depth=2 name=chip.run.bind.args ts=182524019610470 dur=36325361
[mono_ns=182524055942501][T0x7a6cc9e7b740][TIMING] emit_host_span: [STRACE] v=1 pid=462205 tid=462205 inv=47 hid=3d601e71d3e3806f depth=2 name=chip.run.bind.prebuilt ts=182524055941440 dur=480
[mono_ns=182524055943963][T0x7a6cc9e7b740][TIMING] emit_host_span: [STRACE] v=1 pid=462205 tid=462205 inv=47 hid=3d601e71d3e3806f depth=1 name=chip.run.bind ts=182524019607686 dur=36335717
[mono_ns=182524060675185][T0x7a6cc9e7b740][WARN] prepare_execution: [device_runner.cpp:343] AICPU CPU_TOPO unavailable; using json_fallback: soc=Ascend950PR_9579 occupy=0x3e stable_reachable=5 requested=0 effective=5 affinity=[1, 2, 3, 4, 5(orch)]
[mono_ns=182524062357389][T0x7a6cc9e7b740][TIMING] emit_host_span: [STRACE] v=1 pid=462205 tid=462205 inv=47 hid=3d601e71d3e3806f depth=1 name=chip.run.runner_run ts=182524060733803 dur=1622805
[mono_ns=182524068714681][T0x7a6cc9e7b740][TIMING] emit_host_span: [STRACE] v=1 pid=462205 tid=462205 inv=47 hid=3d601e71d3e3806f depth=1 name=chip.run.validate ts=182524062359863 dur=6353636
[mono_ns=182524068717315][T0x7a6cc9e7b740][TIMING] emit_host_span: [STRACE] v=1 pid=462205 tid=462205 inv=47 hid=3d601e71d3e3806f depth=2 name=chip.run.runner_run.device_wall ts=0 dur=1485445 clk=dev
[mono_ns=182524068718497][T0x7a6cc9e7b740][TIMING] emit_host_span: [STRACE] v=1 pid=462205 tid=462205 inv=47 hid=3d601e71d3e3806f depth=3 name=chip.run.runner_run.device_wall.preamble ts=0 dur=12001 clk=dev
[mono_ns=182524068719538][T0x7a6cc9e7b740][TIMING] emit_host_span: [STRACE] v=1 pid=462205 tid=462205 inv=47 hid=3d601e71d3e3806f depth=3 name=chip.run.runner_run.device_wall.graph_build ts=2632 dur=1478671 clk=dev
[mono_ns=182524068720560][T0x7a6cc9e7b740][TIMING] emit_host_span: [STRACE] v=1 pid=462205 tid=462205 inv=47 hid=3d601e71d3e3806f depth=3 name=chip.run.runner_run.device_wall.config_validate ts=2876 dur=1051 clk=dev
[mono_ns=182524068721531][T0x7a6cc9e7b740][TIMING] emit_host_span: [STRACE] v=1 pid=462205 tid=462205 inv=47 hid=3d601e71d3e3806f depth=3 name=chip.run.runner_run.device_wall.arena_wire ts=4004 dur=3544 clk=dev
[mono_ns=182524068722523][T0x7a6cc9e7b740][TIMING] emit_host_span: [STRACE] v=1 pid=462205 tid=462205 inv=47 hid=3d601e71d3e3806f depth=3 name=chip.run.runner_run.device_wall.sm_reset ts=7616 dur=5056 clk=dev
[mono_ns=182524068723544][T0x7a6cc9e7b740][TIMING] emit_host_span: [STRACE] v=1 pid=462205 tid=462205 inv=47 hid=3d601e71d3e3806f depth=3 name=chip.run.runner_run.device_wall.post_orch ts=1481321 dur=3795 clk=dev
[mono_ns=182524068724556][T0x7a6cc9e7b740][TIMING] emit_host_span: [STRACE] v=1 pid=462205 tid=462205 inv=47 hid=3d601e71d3e3806f depth=3 name=chip.run.runner_run.device_wall.orch ts=12746 dur=1376955 clk=dev
[mono_ns=182524068725547][T0x7a6cc9e7b740][TIMING] emit_host_span: [STRACE] v=1 pid=462205 tid=462205 inv=47 hid=3d601e71d3e3806f depth=3 name=chip.run.runner_run.device_wall.sched ts=13556 dur=1454140 clk=dev
[mono_ns=182524068726749][T0x7a6cc9e7b740][TIMING] emit_host_span: [STRACE] v=1 pid=462205 tid=462205 inv=47 hid=3d601e71d3e3806f depth=1 name=chip.run.claim_release ts=182524068726198 dur=31
[mono_ns=182524068728101][T0x7a6cc9e7b740][TIMING] emit_host_span: [STRACE] v=1 pid=462205 tid=462205 inv=47 hid=3d601e71d3e3806f depth=0 name=chip.run ts=182524019604821 dur=49122719 run_id=0 dispatch_id=0 slot_id=0 generation=47 run_epoch=47
[mono_ns=182524105184890][T0x7a6cc9e7b740][TIMING] emit_host_span: [STRACE] v=1 pid=462205 tid=462205 inv=48 hid=3d601e71d3e3806f depth=2 name=chip.run.bind.args ts=182524069090105 dur=36093323
[mono_ns=182524105190899][T0x7a6cc9e7b740][TIMING] emit_host_span: [STRACE] v=1 pid=462205 tid=462205 inv=48 hid=3d601e71d3e3806f depth=2 name=chip.run.bind.prebuilt ts=182524105189657 dur=671
[mono_ns=182524105192521][T0x7a6cc9e7b740][TIMING] emit_host_span: [STRACE] v=1 pid=462205 tid=462205 inv=48 hid=3d601e71d3e3806f depth=1 name=chip.run.bind ts=182524069087310 dur=36104561
[mono_ns=182524109847038][T0x7a6cc9e7b740][WARN] prepare_execution: [device_runner.cpp:343] AICPU CPU_TOPO unavailable; using json_fallback: soc=Ascend950PR_9579 occupy=0x3e stable_reachable=5 requested=0 effective=5 affinity=[1, 2, 3, 4, 5(orch)]
[mono_ns=182524111440810][T0x7a6cc9e7b740][TIMING] emit_host_span: [STRACE] v=1 pid=462205 tid=462205 inv=48 hid=3d601e71d3e3806f depth=1 name=chip.run.runner_run ts=182524109905005 dur=1534993
[mono_ns=182524118462709][T0x7a6cc9e7b740][TIMING] emit_host_span: [STRACE] v=1 pid=462205 tid=462205 inv=48 hid=3d601e71d3e3806f depth=1 name=chip.run.validate ts=182524111443574 dur=7018164
[mono_ns=182524118467797][T0x7a6cc9e7b740][TIMING] emit_host_span: [STRACE] v=1 pid=462205 tid=462205 inv=48 hid=3d601e71d3e3806f depth=2 name=chip.run.runner_run.device_wall ts=0 dur=1391282 clk=dev
[mono_ns=182524118468908][T0x7a6cc9e7b740][TIMING] emit_host_span: [STRACE] v=1 pid=462205 tid=462205 inv=48 hid=3d601e71d3e3806f depth=3 name=chip.run.runner_run.device_wall.preamble ts=0 dur=12146 clk=dev
[mono_ns=182524118469960][T0x7a6cc9e7b740][TIMING] emit_host_span: [STRACE] v=1 pid=462205 tid=462205 inv=48 hid=3d601e71d3e3806f depth=3 name=chip.run.runner_run.device_wall.graph_build ts=2503 dur=1384907 clk=dev
[mono_ns=182524118470961][T0x7a6cc9e7b740][TIMING] emit_host_span: [STRACE] v=1 pid=462205 tid=462205 inv=48 hid=3d601e71d3e3806f depth=3 name=chip.run.runner_run.device_wall.config_validate ts=2905 dur=1495 clk=dev
[mono_ns=182524118471963][T0x7a6cc9e7b740][TIMING] emit_host_span: [STRACE] v=1 pid=462205 tid=462205 inv=48 hid=3d601e71d3e3806f depth=3 name=chip.run.runner_run.device_wall.arena_wire ts=4410 dur=3002 clk=dev
[mono_ns=182524118472944][T0x7a6cc9e7b740][TIMING] emit_host_span: [STRACE] v=1 pid=462205 tid=462205 inv=48 hid=3d601e71d3e3806f depth=3 name=chip.run.runner_run.device_wall.sm_reset ts=7492 dur=4825 clk=dev
[mono_ns=182524118473956][T0x7a6cc9e7b740][TIMING] emit_host_span: [STRACE] v=1 pid=462205 tid=462205 inv=48 hid=3d601e71d3e3806f depth=3 name=chip.run.runner_run.device_wall.post_orch ts=1387428 dur=3510 clk=dev
[mono_ns=182524118474937][T0x7a6cc9e7b740][TIMING] emit_host_span: [STRACE] v=1 pid=462205 tid=462205 inv=48 hid=3d601e71d3e3806f depth=3 name=chip.run.runner_run.device_wall.orch ts=12410 dur=1243813 clk=dev
[mono_ns=182524118475919][T0x7a6cc9e7b740][TIMING] emit_host_span: [STRACE] v=1 pid=462205 tid=462205 inv=48 hid=3d601e71d3e3806f depth=3 name=chip.run.runner_run.device_wall.sched ts=13249 dur=1358227 clk=dev
[mono_ns=182524118477191][T0x7a6cc9e7b740][TIMING] emit_host_span: [STRACE] v=1 pid=462205 tid=462205 inv=48 hid=3d601e71d3e3806f depth=1 name=chip.run.claim_release ts=182524118476610 dur=40
[mono_ns=182524118478563][T0x7a6cc9e7b740][TIMING] emit_host_span: [STRACE] v=1 pid=462205 tid=462205 inv=48 hid=3d601e71d3e3806f depth=0 name=chip.run ts=182524069084416 dur=49393576 run_id=0 dispatch_id=0 slot_id=0 generation=48 run_epoch=48
[mono_ns=182524154467730][T0x7a6cc9e7b740][TIMING] emit_host_span: [STRACE] v=1 pid=462205 tid=462205 inv=49 hid=3d601e71d3e3806f depth=2 name=chip.run.bind.args ts=182524118822850 dur=35643668
[mono_ns=182524154472136][T0x7a6cc9e7b740][TIMING] emit_host_span: [STRACE] v=1 pid=462205 tid=462205 inv=49 hid=3d601e71d3e3806f depth=2 name=chip.run.bind.prebuilt ts=182524154470754 dur=831
[mono_ns=182524154473729][T0x7a6cc9e7b740][TIMING] emit_host_span: [STRACE] v=1 pid=462205 tid=462205 inv=49 hid=3d601e71d3e3806f depth=1 name=chip.run.bind ts=182524118820316 dur=35652732
[mono_ns=182524159153442][T0x7a6cc9e7b740][WARN] prepare_execution: [device_runner.cpp:343] AICPU CPU_TOPO unavailable; using json_fallback: soc=Ascend950PR_9579 occupy=0x3e stable_reachable=5 requested=0 effective=5 affinity=[1, 2, 3, 4, 5(orch)]
[mono_ns=182524160763068][T0x7a6cc9e7b740][TIMING] emit_host_span: [STRACE] v=1 pid=462205 tid=462205 inv=49 hid=3d601e71d3e3806f depth=1 name=chip.run.runner_run ts=182524159208976 dur=1553341
[mono_ns=182524167405949][T0x7a6cc9e7b740][TIMING] emit_host_span: [STRACE] v=1 pid=462205 tid=462205 inv=49 hid=3d601e71d3e3806f depth=1 name=chip.run.validate ts=182524160765662 dur=6639335
[mono_ns=182524167409865][T0x7a6cc9e7b740][TIMING] emit_host_span: [STRACE] v=1 pid=462205 tid=462205 inv=49 hid=3d601e71d3e3806f depth=2 name=chip.run.runner_run.device_wall ts=0 dur=1407778 clk=dev
[mono_ns=182524167410946][T0x7a6cc9e7b740][TIMING] emit_host_span: [STRACE] v=1 pid=462205 tid=462205 inv=49 hid=3d601e71d3e3806f depth=3 name=chip.run.runner_run.device_wall.preamble ts=0 dur=12271 clk=dev
[mono_ns=182524167415353][T0x7a6cc9e7b740][TIMING] emit_host_span: [STRACE] v=1 pid=462205 tid=462205 inv=49 hid=3d601e71d3e3806f depth=3 name=chip.run.runner_run.device_wall.graph_build ts=2380 dur=1400582 clk=dev
[mono_ns=182524167416405][T0x7a6cc9e7b740][TIMING] emit_host_span: [STRACE] v=1 pid=462205 tid=462205 inv=49 hid=3d601e71d3e3806f depth=3 name=chip.run.runner_run.device_wall.config_validate ts=3183 dur=1581 clk=dev
[mono_ns=182524167417386][T0x7a6cc9e7b740][TIMING] emit_host_span: [STRACE] v=1 pid=462205 tid=462205 inv=49 hid=3d601e71d3e3806f depth=3 name=chip.run.runner_run.device_wall.arena_wire ts=4834 dur=2949 clk=dev
[mono_ns=182524167418398][T0x7a6cc9e7b740][TIMING] emit_host_span: [STRACE] v=1 pid=462205 tid=462205 inv=49 hid=3d601e71d3e3806f depth=3 name=chip.run.runner_run.device_wall.sm_reset ts=7846 dur=4443 clk=dev
[mono_ns=182524167419409][T0x7a6cc9e7b740][TIMING] emit_host_span: [STRACE] v=1 pid=462205 tid=462205 inv=49 hid=3d601e71d3e3806f depth=3 name=chip.run.runner_run.device_wall.post_orch ts=1402985 dur=4151 clk=dev
[mono_ns=182524167420421][T0x7a6cc9e7b740][TIMING] emit_host_span: [STRACE] v=1 pid=462205 tid=462205 inv=49 hid=3d601e71d3e3806f depth=3 name=chip.run.runner_run.device_wall.orch ts=12320 dur=1291204 clk=dev
[mono_ns=182524167421432][T0x7a6cc9e7b740][TIMING] emit_host_span: [STRACE] v=1 pid=462205 tid=462205 inv=49 hid=3d601e71d3e3806f depth=3 name=chip.run.runner_run.device_wall.sched ts=13159 dur=1376097 clk=dev
[mono_ns=182524167422634][T0x7a6cc9e7b740][TIMING] emit_host_span: [STRACE] v=1 pid=462205 tid=462205 inv=49 hid=3d601e71d3e3806f depth=1 name=chip.run.claim_release ts=182524167422053 dur=30
[mono_ns=182524167423956][T0x7a6cc9e7b740][TIMING] emit_host_span: [STRACE] v=1 pid=462205 tid=462205 inv=49 hid=3d601e71d3e3806f depth=0 name=chip.run ts=182524118817872 dur=48605523 run_id=0 dispatch_id=0 slot_id=0 generation=49 run_epoch=49
[mono_ns=182524202569987][T0x7a6cc9e7b740][TIMING] emit_host_span: [STRACE] v=1 pid=462205 tid=462205 inv=50 hid=3d601e71d3e3806f depth=2 name=chip.run.bind.args ts=182524167768924 dur=34799501
[mono_ns=182524202575005][T0x7a6cc9e7b740][TIMING] emit_host_span: [STRACE] v=1 pid=462205 tid=462205 inv=50 hid=3d601e71d3e3806f depth=2 name=chip.run.bind.prebuilt ts=182524202573713 dur=711
[mono_ns=182524202576497][T0x7a6cc9e7b740][TIMING] emit_host_span: [STRACE] v=1 pid=462205 tid=462205 inv=50 hid=3d601e71d3e3806f depth=1 name=chip.run.bind ts=182524167766159 dur=34809637
[mono_ns=182524207214438][T0x7a6cc9e7b740][WARN] prepare_execution: [device_runner.cpp:343] AICPU CPU_TOPO unavailable; using json_fallback: soc=Ascend950PR_9579 occupy=0x3e stable_reachable=5 requested=0 effective=5 affinity=[1, 2, 3, 4, 5(orch)]
[mono_ns=182524208883353][T0x7a6cc9e7b740][TIMING] emit_host_span: [STRACE] v=1 pid=462205 tid=462205 inv=50 hid=3d601e71d3e3806f depth=1 name=chip.run.runner_run ts=182524207274308 dur=1608254
[mono_ns=182524215705893][T0x7a6cc9e7b740][TIMING] emit_host_span: [STRACE] v=1 pid=462205 tid=462205 inv=50 hid=3d601e71d3e3806f depth=1 name=chip.run.validate ts=182524208885747 dur=6819235
[mono_ns=182524215708587][T0x7a6cc9e7b740][TIMING] emit_host_span: [STRACE] v=1 pid=462205 tid=462205 inv=50 hid=3d601e71d3e3806f depth=2 name=chip.run.runner_run.device_wall ts=0 dur=1452872 clk=dev
[mono_ns=182524215709719][T0x7a6cc9e7b740][TIMING] emit_host_span: [STRACE] v=1 pid=462205 tid=462205 inv=50 hid=3d601e71d3e3806f depth=3 name=chip.run.runner_run.device_wall.preamble ts=0 dur=12925 clk=dev
[mono_ns=182524215710821][T0x7a6cc9e7b740][TIMING] emit_host_span: [STRACE] v=1 pid=462205 tid=462205 inv=50 hid=3d601e71d3e3806f depth=3 name=chip.run.runner_run.device_wall.graph_build ts=3740 dur=1444605 clk=dev
[mono_ns=182524215711862][T0x7a6cc9e7b740][TIMING] emit_host_span: [STRACE] v=1 pid=462205 tid=462205 inv=50 hid=3d601e71d3e3806f depth=3 name=chip.run.runner_run.device_wall.config_validate ts=4099 dur=1461 clk=dev
[mono_ns=182524215712854][T0x7a6cc9e7b740][TIMING] emit_host_span: [STRACE] v=1 pid=462205 tid=462205 inv=50 hid=3d601e71d3e3806f depth=3 name=chip.run.runner_run.device_wall.arena_wire ts=5864 dur=3063 clk=dev
[mono_ns=182524215716449][T0x7a6cc9e7b740][TIMING] emit_host_span: [STRACE] v=1 pid=462205 tid=462205 inv=50 hid=3d601e71d3e3806f depth=3 name=chip.run.runner_run.device_wall.sm_reset ts=8959 dur=3926 clk=dev
[mono_ns=182524215717521][T0x7a6cc9e7b740][TIMING] emit_host_span: [STRACE] v=1 pid=462205 tid=462205 inv=50 hid=3d601e71d3e3806f depth=3 name=chip.run.runner_run.device_wall.post_orch ts=1448376 dur=3622 clk=dev
[mono_ns=182524215718542][T0x7a6cc9e7b740][TIMING] emit_host_span: [STRACE] v=1 pid=462205 tid=462205 inv=50 hid=3d601e71d3e3806f depth=3 name=chip.run.runner_run.device_wall.orch ts=12958 dur=1350502 clk=dev
[mono_ns=182524215719544][T0x7a6cc9e7b740][TIMING] emit_host_span: [STRACE] v=1 pid=462205 tid=462205 inv=50 hid=3d601e71d3e3806f depth=3 name=chip.run.runner_run.device_wall.sched ts=13610 dur=1419588 clk=dev
[mono_ns=182524215720806][T0x7a6cc9e7b740][TIMING] emit_host_span: [STRACE] v=1 pid=462205 tid=462205 inv=50 hid=3d601e71d3e3806f depth=1 name=chip.run.claim_release ts=182524215720205 dur=40
[mono_ns=182524215722168][T0x7a6cc9e7b740][TIMING] emit_host_span: [STRACE] v=1 pid=462205 tid=462205 inv=50 hid=3d601e71d3e3806f depth=0 name=chip.run ts=182524167763646 dur=47957941 run_id=0 dispatch_id=0 slot_id=0 generation=50 run_epoch=50
[mono_ns=182524253472468][T0x7a6cc9e7b740][TIMING] emit_host_span: [STRACE] v=1 pid=462205 tid=462205 inv=51 hid=3d601e71d3e3806f depth=2 name=chip.run.bind.args ts=182524216083169 dur=37387887
[mono_ns=182524253476424][T0x7a6cc9e7b740][TIMING] emit_host_span: [STRACE] v=1 pid=462205 tid=462205 inv=51 hid=3d601e71d3e3806f depth=2 name=chip.run.bind.prebuilt ts=182524253475302 dur=541
[mono_ns=182524253478066][T0x7a6cc9e7b740][TIMING] emit_host_span: [STRACE] v=1 pid=462205 tid=462205 inv=51 hid=3d601e71d3e3806f depth=1 name=chip.run.bind ts=182524216080816 dur=37396559
[mono_ns=182524258221436][T0x7a6cc9e7b740][WARN] prepare_execution: [device_runner.cpp:343] AICPU CPU_TOPO unavailable; using json_fallback: soc=Ascend950PR_9579 occupy=0x3e stable_reachable=5 requested=0 effective=5 affinity=[1, 2, 3, 4, 5(orch)]
[mono_ns=182524259853355][T0x7a6cc9e7b740][TIMING] emit_host_span: [STRACE] v=1 pid=462205 tid=462205 inv=51 hid=3d601e71d3e3806f depth=1 name=chip.run.runner_run ts=182524258284700 dur=1567994
[mono_ns=182524266146851][T0x7a6cc9e7b740][TIMING] emit_host_span: [STRACE] v=1 pid=462205 tid=462205 inv=51 hid=3d601e71d3e3806f depth=1 name=chip.run.validate ts=182524259855799 dur=6289810
[mono_ns=182524266149014][T0x7a6cc9e7b740][TIMING] emit_host_span: [STRACE] v=1 pid=462205 tid=462205 inv=51 hid=3d601e71d3e3806f depth=2 name=chip.run.runner_run.device_wall ts=0 dur=1431678 clk=dev
[mono_ns=182524266150136][T0x7a6cc9e7b740][TIMING] emit_host_span: [STRACE] v=1 pid=462205 tid=462205 inv=51 hid=3d601e71d3e3806f depth=3 name=chip.run.runner_run.device_wall.preamble ts=0 dur=13215 clk=dev
[mono_ns=182524266151177][T0x7a6cc9e7b740][TIMING] emit_host_span: [STRACE] v=1 pid=462205 tid=462205 inv=51 hid=3d601e71d3e3806f depth=3 name=chip.run.runner_run.device_wall.graph_build ts=4133 dur=1421978 clk=dev
[mono_ns=182524266152199][T0x7a6cc9e7b740][TIMING] emit_host_span: [STRACE] v=1 pid=462205 tid=462205 inv=51 hid=3d601e71d3e3806f depth=3 name=chip.run.runner_run.device_wall.config_validate ts=4886 dur=1446 clk=dev
[mono_ns=182524266153180][T0x7a6cc9e7b740][TIMING] emit_host_span: [STRACE] v=1 pid=462205 tid=462205 inv=51 hid=3d601e71d3e3806f depth=3 name=chip.run.runner_run.device_wall.arena_wire ts=6391 dur=3148 clk=dev
[mono_ns=182524266154162][T0x7a6cc9e7b740][TIMING] emit_host_span: [STRACE] v=1 pid=462205 tid=462205 inv=51 hid=3d601e71d3e3806f depth=3 name=chip.run.runner_run.device_wall.sm_reset ts=9560 dur=4558 clk=dev
[mono_ns=182524266155163][T0x7a6cc9e7b740][TIMING] emit_host_span: [STRACE] v=1 pid=462205 tid=462205 inv=51 hid=3d601e71d3e3806f depth=3 name=chip.run.runner_run.device_wall.post_orch ts=1426134 dur=4686 clk=dev
[mono_ns=182524266156145][T0x7a6cc9e7b740][TIMING] emit_host_span: [STRACE] v=1 pid=462205 tid=462205 inv=51 hid=3d601e71d3e3806f depth=3 name=chip.run.runner_run.device_wall.orch ts=14290 dur=1315825 clk=dev
[mono_ns=182524266159540][T0x7a6cc9e7b740][TIMING] emit_host_span: [STRACE] v=1 pid=462205 tid=462205 inv=51 hid=3d601e71d3e3806f depth=3 name=chip.run.runner_run.device_wall.sched ts=15010 dur=1395846 clk=dev
[mono_ns=182524266160692][T0x7a6cc9e7b740][TIMING] emit_host_span: [STRACE] v=1 pid=462205 tid=462205 inv=51 hid=3d601e71d3e3806f depth=1 name=chip.run.claim_release ts=182524266160121 dur=40
[mono_ns=182524266162134][T0x7a6cc9e7b740][TIMING] emit_host_span: [STRACE] v=1 pid=462205 tid=462205 inv=51 hid=3d601e71d3e3806f depth=0 name=chip.run ts=182524216078262 dur=50083301 run_id=0 dispatch_id=0 slot_id=0 generation=51 run_epoch=51
[mono_ns=182524302144450][T0x7a6cc9e7b740][TIMING] emit_host_span: [STRACE] v=1 pid=462205 tid=462205 inv=52 hid=3d601e71d3e3806f depth=2 name=chip.run.bind.args ts=182524266487713 dur=35655135
[mono_ns=182524302149488][T0x7a6cc9e7b740][TIMING] emit_host_span: [STRACE] v=1 pid=462205 tid=462205 inv=52 hid=3d601e71d3e3806f depth=2 name=chip.run.bind.prebuilt ts=182524302148466 dur=491
[mono_ns=182524302150930][T0x7a6cc9e7b740][TIMING] emit_host_span: [STRACE] v=1 pid=462205 tid=462205 inv=52 hid=3d601e71d3e3806f depth=1 name=chip.run.bind ts=182524266485329 dur=35664940
[mono_ns=182524306842602][T0x7a6cc9e7b740][WARN] prepare_execution: [device_runner.cpp:343] AICPU CPU_TOPO unavailable; using json_fallback: soc=Ascend950PR_9579 occupy=0x3e stable_reachable=5 requested=0 effective=5 affinity=[1, 2, 3, 4, 5(orch)]
[mono_ns=182524308400110][T0x7a6cc9e7b740][TIMING] emit_host_span: [STRACE] v=1 pid=462205 tid=462205 inv=52 hid=3d601e71d3e3806f depth=1 name=chip.run.runner_run ts=182524306905927 dur=1493482
[mono_ns=182524315349090][T0x7a6cc9e7b740][TIMING] emit_host_span: [STRACE] v=1 pid=462205 tid=462205 inv=52 hid=3d601e71d3e3806f depth=1 name=chip.run.validate ts=182524308402443 dur=6945515
[mono_ns=182524315351123][T0x7a6cc9e7b740][TIMING] emit_host_span: [STRACE] v=1 pid=462205 tid=462205 inv=52 hid=3d601e71d3e3806f depth=2 name=chip.run.runner_run.device_wall ts=0 dur=1330835 clk=dev
[mono_ns=182524315352314][T0x7a6cc9e7b740][TIMING] emit_host_span: [STRACE] v=1 pid=462205 tid=462205 inv=52 hid=3d601e71d3e3806f depth=3 name=chip.run.runner_run.device_wall.preamble ts=0 dur=12626 clk=dev
[mono_ns=182524315353356][T0x7a6cc9e7b740][TIMING] emit_host_span: [STRACE] v=1 pid=462205 tid=462205 inv=52 hid=3d601e71d3e3806f depth=3 name=chip.run.runner_run.device_wall.graph_build ts=3387 dur=1323085 clk=dev
[mono_ns=182524315354347][T0x7a6cc9e7b740][TIMING] emit_host_span: [STRACE] v=1 pid=462205 tid=462205 inv=52 hid=3d601e71d3e3806f depth=3 name=chip.run.runner_run.device_wall.config_validate ts=3975 dur=1657 clk=dev
[mono_ns=182524315355349][T0x7a6cc9e7b740][TIMING] emit_host_span: [STRACE] v=1 pid=462205 tid=462205 inv=52 hid=3d601e71d3e3806f depth=3 name=chip.run.runner_run.device_wall.arena_wire ts=5930 dur=2702 clk=dev
[mono_ns=182524315356330][T0x7a6cc9e7b740][TIMING] emit_host_span: [STRACE] v=1 pid=462205 tid=462205 inv=52 hid=3d601e71d3e3806f depth=3 name=chip.run.runner_run.device_wall.sm_reset ts=8651 dur=5151 clk=dev
[mono_ns=182524315357312][T0x7a6cc9e7b740][TIMING] emit_host_span: [STRACE] v=1 pid=462205 tid=462205 inv=52 hid=3d601e71d3e3806f depth=3 name=chip.run.runner_run.device_wall.post_orch ts=1326503 dur=3996 clk=dev
[mono_ns=182524315358293][T0x7a6cc9e7b740][TIMING] emit_host_span: [STRACE] v=1 pid=462205 tid=462205 inv=52 hid=3d601e71d3e3806f depth=3 name=chip.run.runner_run.device_wall.orch ts=13872 dur=1224839 clk=dev
[mono_ns=182524315359275][T0x7a6cc9e7b740][TIMING] emit_host_span: [STRACE] v=1 pid=462205 tid=462205 inv=52 hid=3d601e71d3e3806f depth=3 name=chip.run.runner_run.device_wall.sched ts=14760 dur=1296487 clk=dev
[mono_ns=182524315360497][T0x7a6cc9e7b740][TIMING] emit_host_span: [STRACE] v=1 pid=462205 tid=462205 inv=52 hid=3d601e71d3e3806f depth=1 name=chip.run.claim_release ts=182524315359946 dur=50
[mono_ns=182524315363611][T0x7a6cc9e7b740][TIMING] emit_host_span: [STRACE] v=1 pid=462205 tid=462205 inv=52 hid=3d601e71d3e3806f depth=0 name=chip.run ts=182524266482825 dur=48880205 run_id=0 dispatch_id=0 slot_id=0 generation=52 run_epoch=52
[mono_ns=182524351878517][T0x7a6cc9e7b740][TIMING] emit_host_span: [STRACE] v=1 pid=462205 tid=462205 inv=53 hid=3d601e71d3e3806f depth=2 name=chip.run.bind.args ts=182524315703872 dur=36170649
[mono_ns=182524351889724][T0x7a6cc9e7b740][TIMING] emit_host_span: [STRACE] v=1 pid=462205 tid=462205 inv=53 hid=3d601e71d3e3806f depth=2 name=chip.run.bind.prebuilt ts=182524351886609 dur=2514
[mono_ns=182524351891276][T0x7a6cc9e7b740][TIMING] emit_host_span: [STRACE] v=1 pid=462205 tid=462205 inv=53 hid=3d601e71d3e3806f depth=1 name=chip.run.bind ts=182524315700607 dur=36189918
[mono_ns=182524356688667][T0x7a6cc9e7b740][WARN] prepare_execution: [device_runner.cpp:343] AICPU CPU_TOPO unavailable; using json_fallback: soc=Ascend950PR_9579 occupy=0x3e stable_reachable=5 requested=0 effective=5 affinity=[1, 2, 3, 4, 5(orch)]
[mono_ns=182524358234337][T0x7a6cc9e7b740][TIMING] emit_host_span: [STRACE] v=1 pid=462205 tid=462205 inv=53 hid=3d601e71d3e3806f depth=1 name=chip.run.runner_run ts=182524356751391 dur=1481854
[mono_ns=182524365174614][T0x7a6cc9e7b740][TIMING] emit_host_span: [STRACE] v=1 pid=462205 tid=462205 inv=53 hid=3d601e71d3e3806f depth=1 name=chip.run.validate ts=182524358237221 dur=6936391
[mono_ns=182524365177688][T0x7a6cc9e7b740][TIMING] emit_host_span: [STRACE] v=1 pid=462205 tid=462205 inv=53 hid=3d601e71d3e3806f depth=2 name=chip.run.runner_run.device_wall ts=0 dur=1321128 clk=dev
[mono_ns=182524365178930][T0x7a6cc9e7b740][TIMING] emit_host_span: [STRACE] v=1 pid=462205 tid=462205 inv=53 hid=3d601e71d3e3806f depth=3 name=chip.run.runner_run.device_wall.preamble ts=0 dur=12911 clk=dev
[mono_ns=182524365179982][T0x7a6cc9e7b740][TIMING] emit_host_span: [STRACE] v=1 pid=462205 tid=462205 inv=53 hid=3d601e71d3e3806f depth=3 name=chip.run.runner_run.device_wall.graph_build ts=3427 dur=1312841 clk=dev
[mono_ns=182524365180973][T0x7a6cc9e7b740][TIMING] emit_host_span: [STRACE] v=1 pid=462205 tid=462205 inv=53 hid=3d601e71d3e3806f depth=3 name=chip.run.runner_run.device_wall.config_validate ts=3921 dur=1399 clk=dev
[mono_ns=182524365181945][T0x7a6cc9e7b740][TIMING] emit_host_span: [STRACE] v=1 pid=462205 tid=462205 inv=53 hid=3d601e71d3e3806f depth=3 name=chip.run.runner_run.device_wall.arena_wire ts=5383 dur=3061 clk=dev
[mono_ns=182524365182926][T0x7a6cc9e7b740][TIMING] emit_host_span: [STRACE] v=1 pid=462205 tid=462205 inv=53 hid=3d601e71d3e3806f depth=3 name=chip.run.runner_run.device_wall.sm_reset ts=8517 dur=5032 clk=dev
[mono_ns=182524365183928][T0x7a6cc9e7b740][TIMING] emit_host_span: [STRACE] v=1 pid=462205 tid=462205 inv=53 hid=3d601e71d3e3806f depth=3 name=chip.run.runner_run.device_wall.post_orch ts=1316286 dur=4002 clk=dev
[mono_ns=182524365184919][T0x7a6cc9e7b740][TIMING] emit_host_span: [STRACE] v=1 pid=462205 tid=462205 inv=53 hid=3d601e71d3e3806f depth=3 name=chip.run.runner_run.device_wall.orch ts=13782 dur=1189418 clk=dev
[mono_ns=182524365185921][T0x7a6cc9e7b740][TIMING] emit_host_span: [STRACE] v=1 pid=462205 tid=462205 inv=53 hid=3d601e71d3e3806f depth=3 name=chip.run.runner_run.device_wall.sched ts=14298 dur=1287654 clk=dev
[mono_ns=182524365187223][T0x7a6cc9e7b740][TIMING] emit_host_span: [STRACE] v=1 pid=462205 tid=462205 inv=53 hid=3d601e71d3e3806f depth=1 name=chip.run.claim_release ts=182524365186592 dur=70
[mono_ns=182524365188835][T0x7a6cc9e7b740][TIMING] emit_host_span: [STRACE] v=1 pid=462205 tid=462205 inv=53 hid=3d601e71d3e3806f depth=0 name=chip.run ts=182524315697613 dur=49490591 run_id=0 dispatch_id=0 slot_id=0 generation=53 run_epoch=53
[mono_ns=182524403038194][T0x7a6cc9e7b740][TIMING] emit_host_span: [STRACE] v=1 pid=462205 tid=462205 inv=54 hid=3d601e71d3e3806f depth=2 name=chip.run.bind.args ts=182524365618270 dur=37418612
[mono_ns=182524403044694][T0x7a6cc9e7b740][TIMING] emit_host_span: [STRACE] v=1 pid=462205 tid=462205 inv=54 hid=3d601e71d3e3806f depth=2 name=chip.run.bind.prebuilt ts=182524403043462 dur=641
[mono_ns=182524403050673][T0x7a6cc9e7b740][TIMING] emit_host_span: [STRACE] v=1 pid=462205 tid=462205 inv=54 hid=3d601e71d3e3806f depth=1 name=chip.run.bind ts=182524365614223 dur=37435789
[mono_ns=182524407673331][T0x7a6cc9e7b740][WARN] prepare_execution: [device_runner.cpp:343] AICPU CPU_TOPO unavailable; using json_fallback: soc=Ascend950PR_9579 occupy=0x3e stable_reachable=5 requested=0 effective=5 affinity=[1, 2, 3, 4, 5(orch)]
[mono_ns=182524409325681][T0x7a6cc9e7b740][TIMING] emit_host_span: [STRACE] v=1 pid=462205 tid=462205 inv=54 hid=3d601e71d3e3806f depth=1 name=chip.run.runner_run ts=182524407733701 dur=1591018
[mono_ns=182524415217424][T0x7a6cc9e7b740][TIMING] emit_host_span: [STRACE] v=1 pid=462205 tid=462205 inv=54 hid=3d601e71d3e3806f depth=1 name=chip.run.validate ts=182524409327764 dur=5888648
[mono_ns=182524415220098][T0x7a6cc9e7b740][TIMING] emit_host_span: [STRACE] v=1 pid=462205 tid=462205 inv=54 hid=3d601e71d3e3806f depth=2 name=chip.run.runner_run.device_wall ts=0 dur=1439158 clk=dev
[mono_ns=182524415221270][T0x7a6cc9e7b740][TIMING] emit_host_span: [STRACE] v=1 pid=462205 tid=462205 inv=54 hid=3d601e71d3e3806f depth=3 name=chip.run.runner_run.device_wall.preamble ts=0 dur=12070 clk=dev
[mono_ns=182524415222311][T0x7a6cc9e7b740][TIMING] emit_host_span: [STRACE] v=1 pid=462205 tid=462205 inv=54 hid=3d601e71d3e3806f depth=3 name=chip.run.runner_run.device_wall.graph_build ts=2944 dur=1432092 clk=dev
[mono_ns=182524415223313][T0x7a6cc9e7b740][TIMING] emit_host_span: [STRACE] v=1 pid=462205 tid=462205 inv=54 hid=3d601e71d3e3806f depth=3 name=chip.run.runner_run.device_wall.config_validate ts=3735 dur=1294 clk=dev
[mono_ns=182524415224314][T0x7a6cc9e7b740][TIMING] emit_host_span: [STRACE] v=1 pid=462205 tid=462205 inv=54 hid=3d601e71d3e3806f depth=3 name=chip.run.runner_run.device_wall.arena_wire ts=5090 dur=3084 clk=dev
[mono_ns=182524415225286][T0x7a6cc9e7b740][TIMING] emit_host_span: [STRACE] v=1 pid=462205 tid=462205 inv=54 hid=3d601e71d3e3806f depth=3 name=chip.run.runner_run.device_wall.sm_reset ts=8197 dur=4571 clk=dev
[mono_ns=182524415226347][T0x7a6cc9e7b740][TIMING] emit_host_span: [STRACE] v=1 pid=462205 tid=462205 inv=54 hid=3d601e71d3e3806f depth=3 name=chip.run.runner_run.device_wall.post_orch ts=1435055 dur=3962 clk=dev
[mono_ns=182524415227349][T0x7a6cc9e7b740][TIMING] emit_host_span: [STRACE] v=1 pid=462205 tid=462205 inv=54 hid=3d601e71d3e3806f depth=3 name=chip.run.runner_run.device_wall.orch ts=12788 dur=1317941 clk=dev
[mono_ns=182524415228350][T0x7a6cc9e7b740][TIMING] emit_host_span: [STRACE] v=1 pid=462205 tid=462205 inv=54 hid=3d601e71d3e3806f depth=3 name=chip.run.runner_run.device_wall.sched ts=13484 dur=1407099 clk=dev
[mono_ns=182524415229772][T0x7a6cc9e7b740][TIMING] emit_host_span: [STRACE] v=1 pid=462205 tid=462205 inv=54 hid=3d601e71d3e3806f depth=1 name=chip.run.claim_release ts=182524415229192 dur=50
[mono_ns=182524415231164][T0x7a6cc9e7b740][TIMING] emit_host_span: [STRACE] v=1 pid=462205 tid=462205 inv=54 hid=3d601e71d3e3806f depth=0 name=chip.run ts=182524365609697 dur=49620867 run_id=0 dispatch_id=0 slot_id=0 generation=54 run_epoch=54
[mono_ns=182524453618270][T0x7a6cc9e7b740][TIMING] emit_host_span: [STRACE] v=1 pid=462205 tid=462205 inv=55 hid=3d601e71d3e3806f depth=2 name=chip.run.bind.args ts=182524415572597 dur=38044241
[mono_ns=182524453623298][T0x7a6cc9e7b740][TIMING] emit_host_span: [STRACE] v=1 pid=462205 tid=462205 inv=55 hid=3d601e71d3e3806f depth=2 name=chip.run.bind.prebuilt ts=182524453622046 dur=711
[mono_ns=182524453624760][T0x7a6cc9e7b740][TIMING] emit_host_span: [STRACE] v=1 pid=462205 tid=462205 inv=55 hid=3d601e71d3e3806f depth=1 name=chip.run.bind ts=182524415569392 dur=38054677
[mono_ns=182524458305896][T0x7a6cc9e7b740][WARN] prepare_execution: [device_runner.cpp:343] AICPU CPU_TOPO unavailable; using json_fallback: soc=Ascend950PR_9579 occupy=0x3e stable_reachable=5 requested=0 effective=5 affinity=[1, 2, 3, 4, 5(orch)]
[mono_ns=182524459848632][T0x7a6cc9e7b740][TIMING] emit_host_span: [STRACE] v=1 pid=462205 tid=462205 inv=55 hid=3d601e71d3e3806f depth=1 name=chip.run.runner_run ts=182524458369712 dur=1478108
[mono_ns=182524465978732][T0x7a6cc9e7b740][TIMING] emit_host_span: [STRACE] v=1 pid=462205 tid=462205 inv=55 hid=3d601e71d3e3806f depth=1 name=chip.run.validate ts=182524459851536 dur=6126235
[mono_ns=182524465982108][T0x7a6cc9e7b740][TIMING] emit_host_span: [STRACE] v=1 pid=462205 tid=462205 inv=55 hid=3d601e71d3e3806f depth=2 name=chip.run.runner_run.device_wall ts=0 dur=1341717 clk=dev
[mono_ns=182524465983139][T0x7a6cc9e7b740][TIMING] emit_host_span: [STRACE] v=1 pid=462205 tid=462205 inv=55 hid=3d601e71d3e3806f depth=3 name=chip.run.runner_run.device_wall.preamble ts=0 dur=12584 clk=dev
[mono_ns=182524465984151][T0x7a6cc9e7b740][TIMING] emit_host_span: [STRACE] v=1 pid=462205 tid=462205 inv=55 hid=3d601e71d3e3806f depth=3 name=chip.run.runner_run.device_wall.graph_build ts=3693 dur=1333381 clk=dev
[mono_ns=182524465985172][T0x7a6cc9e7b740][TIMING] emit_host_span: [STRACE] v=1 pid=462205 tid=462205 inv=55 hid=3d601e71d3e3806f depth=3 name=chip.run.runner_run.device_wall.config_validate ts=4009 dur=1187 clk=dev
[mono_ns=182524465986184][T0x7a6cc9e7b740][TIMING] emit_host_span: [STRACE] v=1 pid=462205 tid=462205 inv=55 hid=3d601e71d3e3806f depth=3 name=chip.run.runner_run.device_wall.arena_wire ts=5306 dur=2700 clk=dev
[mono_ns=182524465987135][T0x7a6cc9e7b740][TIMING] emit_host_span: [STRACE] v=1 pid=462205 tid=462205 inv=55 hid=3d601e71d3e3806f depth=3 name=chip.run.runner_run.device_wall.sm_reset ts=8026 dur=5073 clk=dev
[mono_ns=182524465988127][T0x7a6cc9e7b740][TIMING] emit_host_span: [STRACE] v=1 pid=462205 tid=462205 inv=55 hid=3d601e71d3e3806f depth=3 name=chip.run.runner_run.device_wall.post_orch ts=1337136 dur=3790 clk=dev
[mono_ns=182524465989138][T0x7a6cc9e7b740][TIMING] emit_host_span: [STRACE] v=1 pid=462205 tid=462205 inv=55 hid=3d601e71d3e3806f depth=3 name=chip.run.runner_run.device_wall.orch ts=13332 dur=1246066 clk=dev
[mono_ns=182524465990140][T0x7a6cc9e7b740][TIMING] emit_host_span: [STRACE] v=1 pid=462205 tid=462205 inv=55 hid=3d601e71d3e3806f depth=3 name=chip.run.runner_run.device_wall.sched ts=13844 dur=1307327 clk=dev
[mono_ns=182524465991532][T0x7a6cc9e7b740][TIMING] emit_host_span: [STRACE] v=1 pid=462205 tid=462205 inv=55 hid=3d601e71d3e3806f depth=1 name=chip.run.claim_release ts=182524465990991 dur=40
[mono_ns=182524465992964][T0x7a6cc9e7b740][TIMING] emit_host_span: [STRACE] v=1 pid=462205 tid=462205 inv=55 hid=3d601e71d3e3806f depth=0 name=chip.run ts=182524415566778 dur=50425605 run_id=0 dispatch_id=0 slot_id=0 generation=55 run_epoch=55
[mono_ns=182524501795881][T0x7a6cc9e7b740][TIMING] emit_host_span: [STRACE] v=1 pid=462205 tid=462205 inv=56 hid=3d601e71d3e3806f depth=2 name=chip.run.bind.args ts=182524466341948 dur=35452801
[mono_ns=182524501801259][T0x7a6cc9e7b740][TIMING] emit_host_span: [STRACE] v=1 pid=462205 tid=462205 inv=56 hid=3d601e71d3e3806f depth=2 name=chip.run.bind.prebuilt ts=182524501800158 dur=530
[mono_ns=182524501802892][T0x7a6cc9e7b740][TIMING] emit_host_span: [STRACE] v=1 pid=462205 tid=462205 inv=56 hid=3d601e71d3e3806f depth=1 name=chip.run.bind ts=182524466339063 dur=35462947
[mono_ns=182524506470808][T0x7a6cc9e7b740][WARN] prepare_execution: [device_runner.cpp:343] AICPU CPU_TOPO unavailable; using json_fallback: soc=Ascend950PR_9579 occupy=0x3e stable_reachable=5 requested=0 effective=5 affinity=[1, 2, 3, 4, 5(orch)]
[mono_ns=182524508067124][T0x7a6cc9e7b740][TIMING] emit_host_span: [STRACE] v=1 pid=462205 tid=462205 inv=56 hid=3d601e71d3e3806f depth=1 name=chip.run.runner_run ts=182524506526261 dur=1540062
[mono_ns=182524514884005][T0x7a6cc9e7b740][TIMING] emit_host_span: [STRACE] v=1 pid=462205 tid=462205 inv=56 hid=3d601e71d3e3806f depth=1 name=chip.run.validate ts=182524508069277 dur=6813757
[mono_ns=182524514886389][T0x7a6cc9e7b740][TIMING] emit_host_span: [STRACE] v=1 pid=462205 tid=462205 inv=56 hid=3d601e71d3e3806f depth=2 name=chip.run.runner_run.device_wall ts=0 dur=1390750 clk=dev
[mono_ns=182524514896674][T0x7a6cc9e7b740][TIMING] emit_host_span: [STRACE] v=1 pid=462205 tid=462205 inv=56 hid=3d601e71d3e3806f depth=3 name=chip.run.runner_run.device_wall.preamble ts=0 dur=14852 clk=dev
[mono_ns=182524514897776][T0x7a6cc9e7b740][TIMING] emit_host_span: [STRACE] v=1 pid=462205 tid=462205 inv=56 hid=3d601e71d3e3806f depth=3 name=chip.run.runner_run.device_wall.graph_build ts=5886 dur=1380411 clk=dev
[mono_ns=182524514898818][T0x7a6cc9e7b740][TIMING] emit_host_span: [STRACE] v=1 pid=462205 tid=462205 inv=56 hid=3d601e71d3e3806f depth=3 name=chip.run.runner_run.device_wall.config_validate ts=6550 dur=1397 clk=dev
[mono_ns=182524514899839][T0x7a6cc9e7b740][TIMING] emit_host_span: [STRACE] v=1 pid=462205 tid=462205 inv=56 hid=3d601e71d3e3806f depth=3 name=chip.run.runner_run.device_wall.arena_wire ts=8013 dur=2711 clk=dev
[mono_ns=182524514900831][T0x7a6cc9e7b740][TIMING] emit_host_span: [STRACE] v=1 pid=462205 tid=462205 inv=56 hid=3d601e71d3e3806f depth=3 name=chip.run.runner_run.device_wall.sm_reset ts=10792 dur=4794 clk=dev
[mono_ns=182524514901822][T0x7a6cc9e7b740][TIMING] emit_host_span: [STRACE] v=1 pid=462205 tid=462205 inv=56 hid=3d601e71d3e3806f depth=3 name=chip.run.runner_run.device_wall.post_orch ts=1386320 dur=4111 clk=dev
[mono_ns=182524514902794][T0x7a6cc9e7b740][TIMING] emit_host_span: [STRACE] v=1 pid=462205 tid=462205 inv=56 hid=3d601e71d3e3806f depth=3 name=chip.run.runner_run.device_wall.orch ts=15611 dur=1246016 clk=dev
[mono_ns=182524514903765][T0x7a6cc9e7b740][TIMING] emit_host_span: [STRACE] v=1 pid=462205 tid=462205 inv=56 hid=3d601e71d3e3806f depth=3 name=chip.run.runner_run.device_wall.sched ts=16413 dur=1355322 clk=dev
[mono_ns=182524514905147][T0x7a6cc9e7b740][TIMING] emit_host_span: [STRACE] v=1 pid=462205 tid=462205 inv=56 hid=3d601e71d3e3806f depth=1 name=chip.run.claim_release ts=182524514904576 dur=30
[mono_ns=182524514906529][T0x7a6cc9e7b740][TIMING] emit_host_span: [STRACE] v=1 pid=462205 tid=462205 inv=56 hid=3d601e71d3e3806f depth=0 name=chip.run ts=182524466336469 dur=48569499 run_id=0 dispatch_id=0 slot_id=0 generation=56 run_epoch=56
[mono_ns=182524550185600][T0x7a6cc9e7b740][TIMING] emit_host_span: [STRACE] v=1 pid=462205 tid=462205 inv=57 hid=3d601e71d3e3806f depth=2 name=chip.run.bind.args ts=182524515255853 dur=34927985
[mono_ns=182524550190407][T0x7a6cc9e7b740][TIMING] emit_host_span: [STRACE] v=1 pid=462205 tid=462205 inv=57 hid=3d601e71d3e3806f depth=2 name=chip.run.bind.prebuilt ts=182524550189216 dur=591
[mono_ns=182524550192000][T0x7a6cc9e7b740][TIMING] emit_host_span: [STRACE] v=1 pid=462205 tid=462205 inv=57 hid=3d601e71d3e3806f depth=1 name=chip.run.bind ts=182524515252939 dur=34938230
[mono_ns=182524555154208][T0x7a6cc9e7b740][WARN] prepare_execution: [device_runner.cpp:343] AICPU CPU_TOPO unavailable; using json_fallback: soc=Ascend950PR_9579 occupy=0x3e stable_reachable=5 requested=0 effective=5 affinity=[1, 2, 3, 4, 5(orch)]
[mono_ns=182524556749372][T0x7a6cc9e7b740][TIMING] emit_host_span: [STRACE] v=1 pid=462205 tid=462205 inv=57 hid=3d601e71d3e3806f depth=1 name=chip.run.runner_run ts=182524555212075 dur=1536466
[mono_ns=182524563699453][T0x7a6cc9e7b740][TIMING] emit_host_span: [STRACE] v=1 pid=462205 tid=462205 inv=57 hid=3d601e71d3e3806f depth=1 name=chip.run.validate ts=182524556751695 dur=6946707
[mono_ns=182524563702678][T0x7a6cc9e7b740][TIMING] emit_host_span: [STRACE] v=1 pid=462205 tid=462205 inv=57 hid=3d601e71d3e3806f depth=2 name=chip.run.runner_run.device_wall ts=0 dur=1390966 clk=dev
[mono_ns=182524563703970][T0x7a6cc9e7b740][TIMING] emit_host_span: [STRACE] v=1 pid=462205 tid=462205 inv=57 hid=3d601e71d3e3806f depth=3 name=chip.run.runner_run.device_wall.preamble ts=0 dur=11912 clk=dev
[mono_ns=182524563704992][T0x7a6cc9e7b740][TIMING] emit_host_span: [STRACE] v=1 pid=462205 tid=462205 inv=57 hid=3d601e71d3e3806f depth=3 name=chip.run.runner_run.device_wall.graph_build ts=2519 dur=1384218 clk=dev
[mono_ns=182524563706033][T0x7a6cc9e7b740][TIMING] emit_host_span: [STRACE] v=1 pid=462205 tid=462205 inv=57 hid=3d601e71d3e3806f depth=3 name=chip.run.runner_run.device_wall.config_validate ts=3420 dur=1202 clk=dev
[mono_ns=182524563709118][T0x7a6cc9e7b740][TIMING] emit_host_span: [STRACE] v=1 pid=462205 tid=462205 inv=57 hid=3d601e71d3e3806f depth=3 name=chip.run.runner_run.device_wall.arena_wire ts=4641 dur=2971 clk=dev
[mono_ns=182524563710099][T0x7a6cc9e7b740][TIMING] emit_host_span: [STRACE] v=1 pid=462205 tid=462205 inv=57 hid=3d601e71d3e3806f depth=3 name=chip.run.runner_run.device_wall.sm_reset ts=7635 dur=4646 clk=dev
[mono_ns=182524563711071][T0x7a6cc9e7b740][TIMING] emit_host_span: [STRACE] v=1 pid=462205 tid=462205 inv=57 hid=3d601e71d3e3806f depth=3 name=chip.run.runner_run.device_wall.post_orch ts=1386760 dur=3834 clk=dev
[mono_ns=182524563712052][T0x7a6cc9e7b740][TIMING] emit_host_span: [STRACE] v=1 pid=462205 tid=462205 inv=57 hid=3d601e71d3e3806f depth=3 name=chip.run.runner_run.device_wall.orch ts=12389 dur=1266370 clk=dev
[mono_ns=182524563713044][T0x7a6cc9e7b740][TIMING] emit_host_span: [STRACE] v=1 pid=462205 tid=462205 inv=57 hid=3d601e71d3e3806f depth=3 name=chip.run.runner_run.device_wall.sched ts=13064 dur=1358728 clk=dev
[mono_ns=182524563714466][T0x7a6cc9e7b740][TIMING] emit_host_span: [STRACE] v=1 pid=462205 tid=462205 inv=57 hid=3d601e71d3e3806f depth=1 name=chip.run.claim_release ts=182524563713875 dur=50
[mono_ns=182524563715838][T0x7a6cc9e7b740][TIMING] emit_host_span: [STRACE] v=1 pid=462205 tid=462205 inv=57 hid=3d601e71d3e3806f depth=0 name=chip.run ts=182524515250145 dur=48465122 run_id=0 dispatch_id=0 slot_id=0 generation=57 run_epoch=57
[mono_ns=182524599954710][T0x7a6cc9e7b740][TIMING] emit_host_span: [STRACE] v=1 pid=462205 tid=462205 inv=58 hid=3d601e71d3e3806f depth=2 name=chip.run.bind.args ts=182524564072293 dur=35881185
[mono_ns=182524599959427][T0x7a6cc9e7b740][TIMING] emit_host_span: [STRACE] v=1 pid=462205 tid=462205 inv=58 hid=3d601e71d3e3806f depth=2 name=chip.run.bind.prebuilt ts=182524599958275 dur=561
[mono_ns=182524599960729][T0x7a6cc9e7b740][TIMING] emit_host_span: [STRACE] v=1 pid=462205 tid=462205 inv=58 hid=3d601e71d3e3806f depth=1 name=chip.run.bind ts=182524564069359 dur=35890829
[mono_ns=182524604625720][T0x7a6cc9e7b740][WARN] prepare_execution: [device_runner.cpp:343] AICPU CPU_TOPO unavailable; using json_fallback: soc=Ascend950PR_9579 occupy=0x3e stable_reachable=5 requested=0 effective=5 affinity=[1, 2, 3, 4, 5(orch)]
[mono_ns=182524606104380][T0x7a6cc9e7b740][TIMING] emit_host_span: [STRACE] v=1 pid=462205 tid=462205 inv=58 hid=3d601e71d3e3806f depth=1 name=chip.run.runner_run ts=182524604679461 dur=1424188
[mono_ns=182524612381141][T0x7a6cc9e7b740][TIMING] emit_host_span: [STRACE] v=1 pid=462205 tid=462205 inv=58 hid=3d601e71d3e3806f depth=1 name=chip.run.validate ts=182524606106583 dur=6273586
[mono_ns=182524612383204][T0x7a6cc9e7b740][TIMING] emit_host_span: [STRACE] v=1 pid=462205 tid=462205 inv=58 hid=3d601e71d3e3806f depth=2 name=chip.run.runner_run.device_wall ts=0 dur=1277879 clk=dev
[mono_ns=182524612384496][T0x7a6cc9e7b740][TIMING] emit_host_span: [STRACE] v=1 pid=462205 tid=462205 inv=58 hid=3d601e71d3e3806f depth=3 name=chip.run.runner_run.device_wall.preamble ts=0 dur=12608 clk=dev
[mono_ns=182524612385507][T0x7a6cc9e7b740][TIMING] emit_host_span: [STRACE] v=1 pid=462205 tid=462205 inv=58 hid=3d601e71d3e3806f depth=3 name=chip.run.runner_run.device_wall.graph_build ts=3587 dur=1269495 clk=dev
[mono_ns=182524612386489][T0x7a6cc9e7b740][TIMING] emit_host_span: [STRACE] v=1 pid=462205 tid=462205 inv=58 hid=3d601e71d3e3806f depth=3 name=chip.run.runner_run.device_wall.config_validate ts=4229 dur=1343 clk=dev
[mono_ns=182524612387460][T0x7a6cc9e7b740][TIMING] emit_host_span: [STRACE] v=1 pid=462205 tid=462205 inv=58 hid=3d601e71d3e3806f depth=3 name=chip.run.runner_run.device_wall.arena_wire ts=5631 dur=3249 clk=dev
[mono_ns=182524612388442][T0x7a6cc9e7b740][TIMING] emit_host_span: [STRACE] v=1 pid=462205 tid=462205 inv=58 hid=3d601e71d3e3806f depth=3 name=chip.run.runner_run.device_wall.sm_reset ts=8947 dur=5844 clk=dev
[mono_ns=182524612389443][T0x7a6cc9e7b740][TIMING] emit_host_span: [STRACE] v=1 pid=462205 tid=462205 inv=58 hid=3d601e71d3e3806f depth=3 name=chip.run.runner_run.device_wall.post_orch ts=1273108 dur=4202 clk=dev
[mono_ns=182524612392287][T0x7a6cc9e7b740][TIMING] emit_host_span: [STRACE] v=1 pid=462205 tid=462205 inv=58 hid=3d601e71d3e3806f depth=3 name=chip.run.runner_run.device_wall.orch ts=14858 dur=1158476 clk=dev
[mono_ns=182524612393259][T0x7a6cc9e7b740][TIMING] emit_host_span: [STRACE] v=1 pid=462205 tid=462205 inv=58 hid=3d601e71d3e3806f depth=3 name=chip.run.runner_run.device_wall.sched ts=15787 dur=1243789 clk=dev
[mono_ns=182524612394661][T0x7a6cc9e7b740][TIMING] emit_host_span: [STRACE] v=1 pid=462205 tid=462205 inv=58 hid=3d601e71d3e3806f depth=1 name=chip.run.claim_release ts=182524612394070 dur=60
[mono_ns=182524612396073][T0x7a6cc9e7b740][TIMING] emit_host_span: [STRACE] v=1 pid=462205 tid=462205 inv=58 hid=3d601e71d3e3806f depth=0 name=chip.run ts=182524564066524 dur=48328978 run_id=0 dispatch_id=0 slot_id=0 generation=58 run_epoch=58
[mono_ns=182524648433292][T0x7a6cc9e7b740][TIMING] emit_host_span: [STRACE] v=1 pid=462205 tid=462205 inv=59 hid=3d601e71d3e3806f depth=2 name=chip.run.bind.args ts=182524612737706 dur=35694204
[mono_ns=182524648438019][T0x7a6cc9e7b740][TIMING] emit_host_span: [STRACE] v=1 pid=462205 tid=462205 inv=59 hid=3d601e71d3e3806f depth=2 name=chip.run.bind.prebuilt ts=182524648436847 dur=551
[mono_ns=182524648439471][T0x7a6cc9e7b740][TIMING] emit_host_span: [STRACE] v=1 pid=462205 tid=462205 inv=59 hid=3d601e71d3e3806f depth=1 name=chip.run.bind ts=182524612735242 dur=35703658
[mono_ns=182524653067778][T0x7a6cc9e7b740][WARN] prepare_execution: [device_runner.cpp:343] AICPU CPU_TOPO unavailable; using json_fallback: soc=Ascend950PR_9579 occupy=0x3e stable_reachable=5 requested=0 effective=5 affinity=[1, 2, 3, 4, 5(orch)]
[mono_ns=182524654693879][T0x7a6cc9e7b740][TIMING] emit_host_span: [STRACE] v=1 pid=462205 tid=462205 inv=59 hid=3d601e71d3e3806f depth=1 name=chip.run.runner_run ts=182524653135370 dur=1557697
[mono_ns=182524661280375][T0x7a6cc9e7b740][TIMING] emit_host_span: [STRACE] v=1 pid=462205 tid=462205 inv=59 hid=3d601e71d3e3806f depth=1 name=chip.run.validate ts=182524654696653 dur=6582450
[mono_ns=182524661283008][T0x7a6cc9e7b740][TIMING] emit_host_span: [STRACE] v=1 pid=462205 tid=462205 inv=59 hid=3d601e71d3e3806f depth=2 name=chip.run.runner_run.device_wall ts=0 dur=1411614 clk=dev
[mono_ns=182524661284250][T0x7a6cc9e7b740][TIMING] emit_host_span: [STRACE] v=1 pid=462205 tid=462205 inv=59 hid=3d601e71d3e3806f depth=3 name=chip.run.runner_run.device_wall.preamble ts=0 dur=14026 clk=dev
[mono_ns=182524661285272][T0x7a6cc9e7b740][TIMING] emit_host_span: [STRACE] v=1 pid=462205 tid=462205 inv=59 hid=3d601e71d3e3806f depth=3 name=chip.run.runner_run.device_wall.graph_build ts=4515 dur=1402778 clk=dev
[mono_ns=182524661286283][T0x7a6cc9e7b740][TIMING] emit_host_span: [STRACE] v=1 pid=462205 tid=462205 inv=59 hid=3d601e71d3e3806f depth=3 name=chip.run.runner_run.device_wall.config_validate ts=4667 dur=1113 clk=dev
[mono_ns=182524661287235][T0x7a6cc9e7b740][TIMING] emit_host_span: [STRACE] v=1 pid=462205 tid=462205 inv=59 hid=3d601e71d3e3806f depth=3 name=chip.run.runner_run.device_wall.arena_wire ts=5844 dur=3101 clk=dev
[mono_ns=182524661288226][T0x7a6cc9e7b740][TIMING] emit_host_span: [STRACE] v=1 pid=462205 tid=462205 inv=59 hid=3d601e71d3e3806f depth=3 name=chip.run.runner_run.device_wall.sm_reset ts=9039 dur=4165 clk=dev
[mono_ns=182524661289428][T0x7a6cc9e7b740][TIMING] emit_host_span: [STRACE] v=1 pid=462205 tid=462205 inv=59 hid=3d601e71d3e3806f depth=3 name=chip.run.runner_run.device_wall.post_orch ts=1407317 dur=3514 clk=dev
[mono_ns=182524661290420][T0x7a6cc9e7b740][TIMING] emit_host_span: [STRACE] v=1 pid=462205 tid=462205 inv=59 hid=3d601e71d3e3806f depth=3 name=chip.run.runner_run.device_wall.orch ts=13228 dur=1246284 clk=dev
[mono_ns=182524661291401][T0x7a6cc9e7b740][TIMING] emit_host_span: [STRACE] v=1 pid=462205 tid=462205 inv=59 hid=3d601e71d3e3806f depth=3 name=chip.run.runner_run.device_wall.sched ts=14695 dur=1377684 clk=dev
[mono_ns=182524661295016][T0x7a6cc9e7b740][TIMING] emit_host_span: [STRACE] v=1 pid=462205 tid=462205 inv=59 hid=3d601e71d3e3806f depth=1 name=chip.run.claim_release ts=182524661294416 dur=50
[mono_ns=182524661296358][T0x7a6cc9e7b740][TIMING] emit_host_span: [STRACE] v=1 pid=462205 tid=462205 inv=59 hid=3d601e71d3e3806f depth=0 name=chip.run ts=182524612732568 dur=48563210 run_id=0 dispatch_id=0 slot_id=0 generation=59 run_epoch=59
[mono_ns=182524698018966][T0x7a6cc9e7b740][TIMING] emit_host_span: [STRACE] v=1 pid=462205 tid=462205 inv=60 hid=3d601e71d3e3806f depth=2 name=chip.run.bind.args ts=182524661635427 dur=36382217
[mono_ns=182524698024214][T0x7a6cc9e7b740][TIMING] emit_host_span: [STRACE] v=1 pid=462205 tid=462205 inv=60 hid=3d601e71d3e3806f depth=2 name=chip.run.bind.prebuilt ts=182524698023052 dur=561
[mono_ns=182524698025736][T0x7a6cc9e7b740][TIMING] emit_host_span: [STRACE] v=1 pid=462205 tid=462205 inv=60 hid=3d601e71d3e3806f depth=1 name=chip.run.bind ts=182524661632403 dur=36392622
[mono_ns=182524702695575][T0x7a6cc9e7b740][WARN] prepare_execution: [device_runner.cpp:343] AICPU CPU_TOPO unavailable; using json_fallback: soc=Ascend950PR_9579 occupy=0x3e stable_reachable=5 requested=0 effective=5 affinity=[1, 2, 3, 4, 5(orch)]
[mono_ns=182524704250319][T0x7a6cc9e7b740][TIMING] emit_host_span: [STRACE] v=1 pid=462205 tid=462205 inv=60 hid=3d601e71d3e3806f depth=1 name=chip.run.runner_run ts=182524702755726 dur=1493802
[mono_ns=182524710747120][T0x7a6cc9e7b740][TIMING] emit_host_span: [STRACE] v=1 pid=462205 tid=462205 inv=60 hid=3d601e71d3e3806f depth=1 name=chip.run.validate ts=182524704252953 dur=6493196
[mono_ns=182524710749263][T0x7a6cc9e7b740][TIMING] emit_host_span: [STRACE] v=1 pid=462205 tid=462205 inv=60 hid=3d601e71d3e3806f depth=2 name=chip.run.runner_run.device_wall ts=0 dur=1327061 clk=dev
[mono_ns=182524710750455][T0x7a6cc9e7b740][TIMING] emit_host_span: [STRACE] v=1 pid=462205 tid=462205 inv=60 hid=3d601e71d3e3806f depth=3 name=chip.run.runner_run.device_wall.preamble ts=0 dur=12059 clk=dev
[mono_ns=182524710751587][T0x7a6cc9e7b740][TIMING] emit_host_span: [STRACE] v=1 pid=462205 tid=462205 inv=60 hid=3d601e71d3e3806f depth=3 name=chip.run.runner_run.device_wall.graph_build ts=3183 dur=1318682 clk=dev
[mono_ns=182524710752608][T0x7a6cc9e7b740][TIMING] emit_host_span: [STRACE] v=1 pid=462205 tid=462205 inv=60 hid=3d601e71d3e3806f depth=3 name=chip.run.runner_run.device_wall.config_validate ts=3752 dur=1012 clk=dev
[mono_ns=182524710753580][T0x7a6cc9e7b740][TIMING] emit_host_span: [STRACE] v=1 pid=462205 tid=462205 inv=60 hid=3d601e71d3e3806f depth=3 name=chip.run.runner_run.device_wall.arena_wire ts=5027 dur=2722 clk=dev
[mono_ns=182524710754551][T0x7a6cc9e7b740][TIMING] emit_host_span: [STRACE] v=1 pid=462205 tid=462205 inv=60 hid=3d601e71d3e3806f depth=3 name=chip.run.runner_run.device_wall.sm_reset ts=7768 dur=4651 clk=dev
[mono_ns=182524710755543][T0x7a6cc9e7b740][TIMING] emit_host_span: [STRACE] v=1 pid=462205 tid=462205 inv=60 hid=3d601e71d3e3806f depth=3 name=chip.run.runner_run.device_wall.post_orch ts=1321890 dur=4320 clk=dev
[mono_ns=182524710756514][T0x7a6cc9e7b740][TIMING] emit_host_span: [STRACE] v=1 pid=462205 tid=462205 inv=60 hid=3d601e71d3e3806f depth=3 name=chip.run.runner_run.device_wall.orch ts=12483 dur=1205835 clk=dev
[mono_ns=182524710757506][T0x7a6cc9e7b740][TIMING] emit_host_span: [STRACE] v=1 pid=462205 tid=462205 inv=60 hid=3d601e71d3e3806f depth=3 name=chip.run.runner_run.device_wall.sched ts=13370 dur=1293012 clk=dev
[mono_ns=182524710758607][T0x7a6cc9e7b740][TIMING] emit_host_span: [STRACE] v=1 pid=462205 tid=462205 inv=60 hid=3d601e71d3e3806f depth=1 name=chip.run.claim_release ts=182524710758057 dur=50
[mono_ns=182524710760200][T0x7a6cc9e7b740][TIMING] emit_host_span: [STRACE] v=1 pid=462205 tid=462205 inv=60 hid=3d601e71d3e3806f depth=0 name=chip.run ts=182524661629769 dur=49129850 run_id=0 dispatch_id=0 slot_id=0 generation=60 run_epoch=60
[mono_ns=182524746813653][T0x7a6cc9e7b740][TIMING] emit_host_span: [STRACE] v=1 pid=462205 tid=462205 inv=61 hid=3d601e71d3e3806f depth=2 name=chip.run.bind.args ts=182524711128543 dur=35683638
[mono_ns=182524746821305][T0x7a6cc9e7b740][TIMING] emit_host_span: [STRACE] v=1 pid=462205 tid=462205 inv=61 hid=3d601e71d3e3806f depth=2 name=chip.run.bind.prebuilt ts=182524746820133 dur=611
[mono_ns=182524746822637][T0x7a6cc9e7b740][TIMING] emit_host_span: [STRACE] v=1 pid=462205 tid=462205 inv=61 hid=3d601e71d3e3806f depth=1 name=chip.run.bind ts=182524711125608 dur=35696478
[mono_ns=182524751511845][T0x7a6cc9e7b740][WARN] prepare_execution: [device_runner.cpp:343] AICPU CPU_TOPO unavailable; using json_fallback: soc=Ascend950PR_9579 occupy=0x3e stable_reachable=5 requested=0 effective=5 affinity=[1, 2, 3, 4, 5(orch)]
[mono_ns=182524753172958][T0x7a6cc9e7b740][TIMING] emit_host_span: [STRACE] v=1 pid=462205 tid=462205 inv=61 hid=3d601e71d3e3806f depth=1 name=chip.run.runner_run ts=182524751567799 dur=1604438
[mono_ns=182524759600335][T0x7a6cc9e7b740][TIMING] emit_host_span: [STRACE] v=1 pid=462205 tid=462205 inv=61 hid=3d601e71d3e3806f depth=1 name=chip.run.validate ts=182524753176553 dur=6422870
[mono_ns=182524759602618][T0x7a6cc9e7b740][TIMING] emit_host_span: [STRACE] v=1 pid=462205 tid=462205 inv=61 hid=3d601e71d3e3806f depth=2 name=chip.run.runner_run.device_wall ts=0 dur=1462381 clk=dev
[mono_ns=182524759603710][T0x7a6cc9e7b740][TIMING] emit_host_span: [STRACE] v=1 pid=462205 tid=462205 inv=61 hid=3d601e71d3e3806f depth=3 name=chip.run.runner_run.device_wall.preamble ts=0 dur=11277 clk=dev
[mono_ns=182524759604721][T0x7a6cc9e7b740][TIMING] emit_host_span: [STRACE] v=1 pid=462205 tid=462205 inv=61 hid=3d601e71d3e3806f depth=3 name=chip.run.runner_run.device_wall.graph_build ts=2965 dur=1455521 clk=dev
[mono_ns=182524759605743][T0x7a6cc9e7b740][TIMING] emit_host_span: [STRACE] v=1 pid=462205 tid=462205 inv=61 hid=3d601e71d3e3806f depth=3 name=chip.run.runner_run.device_wall.config_validate ts=3540 dur=1712 clk=dev
[mono_ns=182524759606724][T0x7a6cc9e7b740][TIMING] emit_host_span: [STRACE] v=1 pid=462205 tid=462205 inv=61 hid=3d601e71d3e3806f depth=3 name=chip.run.runner_run.device_wall.arena_wire ts=5319 dur=3151 clk=dev
[mono_ns=182524759607696][T0x7a6cc9e7b740][TIMING] emit_host_span: [STRACE] v=1 pid=462205 tid=462205 inv=61 hid=3d601e71d3e3806f depth=3 name=chip.run.runner_run.device_wall.sm_reset ts=8536 dur=4583 clk=dev
[mono_ns=182524759608697][T0x7a6cc9e7b740][TIMING] emit_host_span: [STRACE] v=1 pid=462205 tid=462205 inv=61 hid=3d601e71d3e3806f depth=3 name=chip.run.runner_run.device_wall.post_orch ts=1458504 dur=3519 clk=dev
[mono_ns=182524759609669][T0x7a6cc9e7b740][TIMING] emit_host_span: [STRACE] v=1 pid=462205 tid=462205 inv=61 hid=3d601e71d3e3806f depth=3 name=chip.run.runner_run.device_wall.orch ts=13145 dur=1352265 clk=dev
[mono_ns=182524759610640][T0x7a6cc9e7b740][TIMING] emit_host_span: [STRACE] v=1 pid=462205 tid=462205 inv=61 hid=3d601e71d3e3806f depth=3 name=chip.run.runner_run.device_wall.sched ts=14101 dur=1428627 clk=dev
[mono_ns=182524759612333][T0x7a6cc9e7b740][TIMING] emit_host_span: [STRACE] v=1 pid=462205 tid=462205 inv=61 hid=3d601e71d3e3806f depth=1 name=chip.run.claim_release ts=182524759611622 dur=210
[mono_ns=182524759613725][T0x7a6cc9e7b740][TIMING] emit_host_span: [STRACE] v=1 pid=462205 tid=462205 inv=61 hid=3d601e71d3e3806f depth=0 name=chip.run ts=182524711123205 dur=48489959 run_id=0 dispatch_id=0 slot_id=0 generation=61 run_epoch=61
[mono_ns=182524796546027][T0x7a6cc9e7b740][TIMING] emit_host_span: [STRACE] v=1 pid=462205 tid=462205 inv=62 hid=3d601e71d3e3806f depth=2 name=chip.run.bind.args ts=182524759951772 dur=36592743
[mono_ns=182524796551886][T0x7a6cc9e7b740][TIMING] emit_host_span: [STRACE] v=1 pid=462205 tid=462205 inv=62 hid=3d601e71d3e3806f depth=2 name=chip.run.bind.prebuilt ts=182524796550744 dur=581
[mono_ns=182524796553338][T0x7a6cc9e7b740][TIMING] emit_host_span: [STRACE] v=1 pid=462205 tid=462205 inv=62 hid=3d601e71d3e3806f depth=1 name=chip.run.bind ts=182524759949098 dur=36603649
[mono_ns=182524801195646][T0x7a6cc9e7b740][WARN] prepare_execution: [device_runner.cpp:343] AICPU CPU_TOPO unavailable; using json_fallback: soc=Ascend950PR_9579 occupy=0x3e stable_reachable=5 requested=0 effective=5 affinity=[1, 2, 3, 4, 5(orch)]
[mono_ns=182524802714175][T0x7a6cc9e7b740][TIMING] emit_host_span: [STRACE] v=1 pid=462205 tid=462205 inv=62 hid=3d601e71d3e3806f depth=1 name=chip.run.runner_run ts=182524801255266 dur=1458178
[mono_ns=182524809184266][T0x7a6cc9e7b740][TIMING] emit_host_span: [STRACE] v=1 pid=462205 tid=462205 inv=62 hid=3d601e71d3e3806f depth=1 name=chip.run.validate ts=182524802716399 dur=6466686
[mono_ns=182524809186309][T0x7a6cc9e7b740][TIMING] emit_host_span: [STRACE] v=1 pid=462205 tid=462205 inv=62 hid=3d601e71d3e3806f depth=2 name=chip.run.runner_run.device_wall ts=0 dur=1315601 clk=dev
[mono_ns=182524809187431][T0x7a6cc9e7b740][TIMING] emit_host_span: [STRACE] v=1 pid=462205 tid=462205 inv=62 hid=3d601e71d3e3806f depth=3 name=chip.run.runner_run.device_wall.preamble ts=0 dur=12013 clk=dev
[mono_ns=182524809188443][T0x7a6cc9e7b740][TIMING] emit_host_span: [STRACE] v=1 pid=462205 tid=462205 inv=62 hid=3d601e71d3e3806f depth=3 name=chip.run.runner_run.device_wall.graph_build ts=2962 dur=1308568 clk=dev
[mono_ns=182524809189434][T0x7a6cc9e7b740][TIMING] emit_host_span: [STRACE] v=1 pid=462205 tid=462205 inv=62 hid=3d601e71d3e3806f depth=3 name=chip.run.runner_run.device_wall.config_validate ts=3272 dur=1075 clk=dev
[mono_ns=182524809190456][T0x7a6cc9e7b740][TIMING] emit_host_span: [STRACE] v=1 pid=462205 tid=462205 inv=62 hid=3d601e71d3e3806f depth=3 name=chip.run.runner_run.device_wall.arena_wire ts=4407 dur=2842 clk=dev
[mono_ns=182524809191437][T0x7a6cc9e7b740][TIMING] emit_host_span: [STRACE] v=1 pid=462205 tid=462205 inv=62 hid=3d601e71d3e3806f depth=3 name=chip.run.runner_run.device_wall.sm_reset ts=7319 dur=4829 clk=dev
[mono_ns=182524809192429][T0x7a6cc9e7b740][TIMING] emit_host_span: [STRACE] v=1 pid=462205 tid=462205 inv=62 hid=3d601e71d3e3806f depth=3 name=chip.run.runner_run.device_wall.post_orch ts=1311551 dur=3992 clk=dev
[mono_ns=182524809193380][T0x7a6cc9e7b740][TIMING] emit_host_span: [STRACE] v=1 pid=462205 tid=462205 inv=62 hid=3d601e71d3e3806f depth=3 name=chip.run.runner_run.device_wall.orch ts=12222 dur=1200980 clk=dev
[mono_ns=182524809194361][T0x7a6cc9e7b740][TIMING] emit_host_span: [STRACE] v=1 pid=462205 tid=462205 inv=62 hid=3d601e71d3e3806f depth=3 name=chip.run.runner_run.device_wall.sched ts=12829 dur=1284091 clk=dev
[mono_ns=182524809195703][T0x7a6cc9e7b740][TIMING] emit_host_span: [STRACE] v=1 pid=462205 tid=462205 inv=62 hid=3d601e71d3e3806f depth=1 name=chip.run.claim_release ts=182524809195153 dur=40
[mono_ns=182524809197106][T0x7a6cc9e7b740][TIMING] emit_host_span: [STRACE] v=1 pid=462205 tid=462205 inv=62 hid=3d601e71d3e3806f depth=0 name=chip.run ts=182524759946264 dur=49250261 run_id=0 dispatch_id=0 slot_id=0 generation=62 run_epoch=62
[mono_ns=182524845441506][T0x7a6cc9e7b740][TIMING] emit_host_span: [STRACE] v=1 pid=462205 tid=462205 inv=63 hid=3d601e71d3e3806f depth=2 name=chip.run.bind.args ts=182524809530706 dur=35909317
[mono_ns=182524845446423][T0x7a6cc9e7b740][TIMING] emit_host_span: [STRACE] v=1 pid=462205 tid=462205 inv=63 hid=3d601e71d3e3806f depth=2 name=chip.run.bind.prebuilt ts=182524845445281 dur=571
[mono_ns=182524845447935][T0x7a6cc9e7b740][TIMING] emit_host_span: [STRACE] v=1 pid=462205 tid=462205 inv=63 hid=3d601e71d3e3806f depth=1 name=chip.run.bind ts=182524809528253 dur=35919061
[mono_ns=182524850101109][T0x7a6cc9e7b740][WARN] prepare_execution: [device_runner.cpp:343] AICPU CPU_TOPO unavailable; using json_fallback: soc=Ascend950PR_9579 occupy=0x3e stable_reachable=5 requested=0 effective=5 affinity=[1, 2, 3, 4, 5(orch)]
[mono_ns=182524851792378][T0x7a6cc9e7b740][TIMING] emit_host_span: [STRACE] v=1 pid=462205 tid=462205 inv=63 hid=3d601e71d3e3806f depth=1 name=chip.run.runner_run ts=182524850166577 dur=1624689
[mono_ns=182524858312774][T0x7a6cc9e7b740][TIMING] emit_host_span: [STRACE] v=1 pid=462205 tid=462205 inv=63 hid=3d601e71d3e3806f depth=1 name=chip.run.validate ts=182524851794311 dur=6517522
[mono_ns=182524858318423][T0x7a6cc9e7b740][TIMING] emit_host_span: [STRACE] v=1 pid=462205 tid=462205 inv=63 hid=3d601e71d3e3806f depth=2 name=chip.run.runner_run.device_wall ts=0 dur=1479711 clk=dev
[mono_ns=182524858319504][T0x7a6cc9e7b740][TIMING] emit_host_span: [STRACE] v=1 pid=462205 tid=462205 inv=63 hid=3d601e71d3e3806f depth=3 name=chip.run.runner_run.device_wall.preamble ts=0 dur=13753 clk=dev
[mono_ns=182524858320506][T0x7a6cc9e7b740][TIMING] emit_host_span: [STRACE] v=1 pid=462205 tid=462205 inv=63 hid=3d601e71d3e3806f depth=3 name=chip.run.runner_run.device_wall.graph_build ts=4399 dur=1471075 clk=dev
[mono_ns=182524858321487][T0x7a6cc9e7b740][TIMING] emit_host_span: [STRACE] v=1 pid=462205 tid=462205 inv=63 hid=3d601e71d3e3806f depth=3 name=chip.run.runner_run.device_wall.config_validate ts=5411 dur=1715 clk=dev
[mono_ns=182524858322459][T0x7a6cc9e7b740][TIMING] emit_host_span: [STRACE] v=1 pid=462205 tid=462205 inv=63 hid=3d601e71d3e3806f depth=3 name=chip.run.runner_run.device_wall.arena_wire ts=7189 dur=2988 clk=dev
[mono_ns=182524858323450][T0x7a6cc9e7b740][TIMING] emit_host_span: [STRACE] v=1 pid=462205 tid=462205 inv=63 hid=3d601e71d3e3806f depth=3 name=chip.run.runner_run.device_wall.sm_reset ts=10198 dur=4510 clk=dev
[mono_ns=182524858324452][T0x7a6cc9e7b740][TIMING] emit_host_span: [STRACE] v=1 pid=462205 tid=462205 inv=63 hid=3d601e71d3e3806f depth=3 name=chip.run.runner_run.device_wall.post_orch ts=1475492 dur=4133 clk=dev
[mono_ns=182524858325443][T0x7a6cc9e7b740][TIMING] emit_host_span: [STRACE] v=1 pid=462205 tid=462205 inv=63 hid=3d601e71d3e3806f depth=3 name=chip.run.runner_run.device_wall.orch ts=14780 dur=1345824 clk=dev
[mono_ns=182524858326415][T0x7a6cc9e7b740][TIMING] emit_host_span: [STRACE] v=1 pid=462205 tid=462205 inv=63 hid=3d601e71d3e3806f depth=3 name=chip.run.runner_run.device_wall.sched ts=15417 dur=1445420 clk=dev
[mono_ns=182524858327757][T0x7a6cc9e7b740][TIMING] emit_host_span: [STRACE] v=1 pid=462205 tid=462205 inv=63 hid=3d601e71d3e3806f depth=1 name=chip.run.claim_release ts=182524858327046 dur=210
[mono_ns=182524858329199][T0x7a6cc9e7b740][TIMING] emit_host_span: [STRACE] v=1 pid=462205 tid=462205 inv=63 hid=3d601e71d3e3806f depth=0 name=chip.run ts=182524809525208 dur=48803380 run_id=0 dispatch_id=0 slot_id=0 generation=63 run_epoch=63
[mono_ns=182524893068610][T0x7a6cc9e7b740][TIMING] emit_host_span: [STRACE] v=1 pid=462205 tid=462205 inv=64 hid=3d601e71d3e3806f depth=2 name=chip.run.bind.args ts=182524858670071 dur=34397517
[mono_ns=182524893074339][T0x7a6cc9e7b740][TIMING] emit_host_span: [STRACE] v=1 pid=462205 tid=462205 inv=64 hid=3d601e71d3e3806f depth=2 name=chip.run.bind.prebuilt ts=182524893073177 dur=571
[mono_ns=182524893075801][T0x7a6cc9e7b740][TIMING] emit_host_span: [STRACE] v=1 pid=462205 tid=462205 inv=64 hid=3d601e71d3e3806f depth=1 name=chip.run.bind ts=182524858667407 dur=34407773
[mono_ns=182524897726511][T0x7a6cc9e7b740][WARN] prepare_execution: [device_runner.cpp:343] AICPU CPU_TOPO unavailable; using json_fallback: soc=Ascend950PR_9579 occupy=0x3e stable_reachable=5 requested=0 effective=5 affinity=[1, 2, 3, 4, 5(orch)]
[mono_ns=182524899208075][T0x7a6cc9e7b740][TIMING] emit_host_span: [STRACE] v=1 pid=462205 tid=462205 inv=64 hid=3d601e71d3e3806f depth=1 name=chip.run.runner_run ts=182524897785359 dur=1421995
[mono_ns=182524905692377][T0x7a6cc9e7b740][TIMING] emit_host_span: [STRACE] v=1 pid=462205 tid=462205 inv=64 hid=3d601e71d3e3806f depth=1 name=chip.run.validate ts=182524899210488 dur=6480788
[mono_ns=182524905695011][T0x7a6cc9e7b740][TIMING] emit_host_span: [STRACE] v=1 pid=462205 tid=462205 inv=64 hid=3d601e71d3e3806f depth=2 name=chip.run.runner_run.device_wall ts=0 dur=1272986 clk=dev
[mono_ns=182524905696093][T0x7a6cc9e7b740][TIMING] emit_host_span: [STRACE] v=1 pid=462205 tid=462205 inv=64 hid=3d601e71d3e3806f depth=3 name=chip.run.runner_run.device_wall.preamble ts=0 dur=13348 clk=dev
[mono_ns=182524905697134][T0x7a6cc9e7b740][TIMING] emit_host_span: [STRACE] v=1 pid=462205 tid=462205 inv=64 hid=3d601e71d3e3806f depth=3 name=chip.run.runner_run.device_wall.graph_build ts=3208 dur=1265735 clk=dev
[mono_ns=182524905700549][T0x7a6cc9e7b740][TIMING] emit_host_span: [STRACE] v=1 pid=462205 tid=462205 inv=64 hid=3d601e71d3e3806f depth=3 name=chip.run.runner_run.device_wall.config_validate ts=3807 dur=1115 clk=dev
[mono_ns=182524905701551][T0x7a6cc9e7b740][TIMING] emit_host_span: [STRACE] v=1 pid=462205 tid=462205 inv=64 hid=3d601e71d3e3806f depth=3 name=chip.run.runner_run.device_wall.arena_wire ts=4940 dur=2792 clk=dev
[mono_ns=182524905702522][T0x7a6cc9e7b740][TIMING] emit_host_span: [STRACE] v=1 pid=462205 tid=462205 inv=64 hid=3d601e71d3e3806f depth=3 name=chip.run.runner_run.device_wall.sm_reset ts=7754 dur=5214 clk=dev
[mono_ns=182524905703524][T0x7a6cc9e7b740][TIMING] emit_host_span: [STRACE] v=1 pid=462205 tid=462205 inv=64 hid=3d601e71d3e3806f depth=3 name=chip.run.runner_run.device_wall.post_orch ts=1268957 dur=3616 clk=dev
[mono_ns=182524905704505][T0x7a6cc9e7b740][TIMING] emit_host_span: [STRACE] v=1 pid=462205 tid=462205 inv=64 hid=3d601e71d3e3806f depth=3 name=chip.run.runner_run.device_wall.orch ts=13040 dur=1172689 clk=dev
[mono_ns=182524905705487][T0x7a6cc9e7b740][TIMING] emit_host_span: [STRACE] v=1 pid=462205 tid=462205 inv=64 hid=3d601e71d3e3806f depth=3 name=chip.run.runner_run.device_wall.sched ts=13969 dur=1242391 clk=dev
[mono_ns=182524905706789][T0x7a6cc9e7b740][TIMING] emit_host_span: [STRACE] v=1 pid=462205 tid=462205 inv=64 hid=3d601e71d3e3806f depth=1 name=chip.run.claim_release ts=182524905706148 dur=100
[mono_ns=182524905708181][T0x7a6cc9e7b740][TIMING] emit_host_span: [STRACE] v=1 pid=462205 tid=462205 inv=64 hid=3d601e71d3e3806f depth=0 name=chip.run ts=182524858664502 dur=47043138 run_id=0 dispatch_id=0 slot_id=0 generation=64 run_epoch=64
[mono_ns=182524941898239][T0x7a6cc9e7b740][TIMING] emit_host_span: [STRACE] v=1 pid=462205 tid=462205 inv=65 hid=3d601e71d3e3806f depth=2 name=chip.run.bind.args ts=182524906068902 dur=35827935
[mono_ns=182524941902265][T0x7a6cc9e7b740][TIMING] emit_host_span: [STRACE] v=1 pid=462205 tid=462205 inv=65 hid=3d601e71d3e3806f depth=2 name=chip.run.bind.prebuilt ts=182524941901134 dur=560
[mono_ns=182524941903838][T0x7a6cc9e7b740][TIMING] emit_host_span: [STRACE] v=1 pid=462205 tid=462205 inv=65 hid=3d601e71d3e3806f depth=1 name=chip.run.bind ts=182524906065828 dur=35837439
[mono_ns=182524946566766][T0x7a6cc9e7b740][WARN] prepare_execution: [device_runner.cpp:343] AICPU CPU_TOPO unavailable; using json_fallback: soc=Ascend950PR_9579 occupy=0x3e stable_reachable=5 requested=0 effective=5 affinity=[1, 2, 3, 4, 5(orch)]
[mono_ns=182524948182121][T0x7a6cc9e7b740][TIMING] emit_host_span: [STRACE] v=1 pid=462205 tid=462205 inv=65 hid=3d601e71d3e3806f depth=1 name=chip.run.runner_run ts=182524946623091 dur=1557708
[mono_ns=182524954560294][T0x7a6cc9e7b740][TIMING] emit_host_span: [STRACE] v=1 pid=462205 tid=462205 inv=65 hid=3d601e71d3e3806f depth=1 name=chip.run.validate ts=182524948184845 dur=6374498
[mono_ns=182524954562507][T0x7a6cc9e7b740][TIMING] emit_host_span: [STRACE] v=1 pid=462205 tid=462205 inv=65 hid=3d601e71d3e3806f depth=2 name=chip.run.runner_run.device_wall ts=0 dur=1403423 clk=dev
[mono_ns=182524954563699][T0x7a6cc9e7b740][TIMING] emit_host_span: [STRACE] v=1 pid=462205 tid=462205 inv=65 hid=3d601e71d3e3806f depth=3 name=chip.run.runner_run.device_wall.preamble ts=0 dur=12628 clk=dev
[mono_ns=182524954564731][T0x7a6cc9e7b740][TIMING] emit_host_span: [STRACE] v=1 pid=462205 tid=462205 inv=65 hid=3d601e71d3e3806f depth=3 name=chip.run.runner_run.device_wall.graph_build ts=3710 dur=1396185 clk=dev
[mono_ns=182524954565742][T0x7a6cc9e7b740][TIMING] emit_host_span: [STRACE] v=1 pid=462205 tid=462205 inv=65 hid=3d601e71d3e3806f depth=3 name=chip.run.runner_run.device_wall.config_validate ts=4484 dur=1060 clk=dev
[mono_ns=182524954566754][T0x7a6cc9e7b740][TIMING] emit_host_span: [STRACE] v=1 pid=462205 tid=462205 inv=65 hid=3d601e71d3e3806f depth=3 name=chip.run.runner_run.device_wall.arena_wire ts=5885 dur=3015 clk=dev
[mono_ns=182524954573113][T0x7a6cc9e7b740][TIMING] emit_host_span: [STRACE] v=1 pid=462205 tid=462205 inv=65 hid=3d601e71d3e3806f depth=3 name=chip.run.runner_run.device_wall.sm_reset ts=8927 dur=4927 clk=dev
[mono_ns=182524954574095][T0x7a6cc9e7b740][TIMING] emit_host_span: [STRACE] v=1 pid=462205 tid=462205 inv=65 hid=3d601e71d3e3806f depth=3 name=chip.run.runner_run.device_wall.post_orch ts=1399914 dur=2774 clk=dev
[mono_ns=182524954575096][T0x7a6cc9e7b740][TIMING] emit_host_span: [STRACE] v=1 pid=462205 tid=462205 inv=65 hid=3d601e71d3e3806f depth=3 name=chip.run.runner_run.device_wall.orch ts=13927 dur=1294468 clk=dev
[mono_ns=182524954576078][T0x7a6cc9e7b740][TIMING] emit_host_span: [STRACE] v=1 pid=462205 tid=462205 inv=65 hid=3d601e71d3e3806f depth=3 name=chip.run.runner_run.device_wall.sched ts=14626 dur=1369118 clk=dev
[mono_ns=182524954577410][T0x7a6cc9e7b740][TIMING] emit_host_span: [STRACE] v=1 pid=462205 tid=462205 inv=65 hid=3d601e71d3e3806f depth=1 name=chip.run.claim_release ts=182524954576709 dur=190
[mono_ns=182524954579032][T0x7a6cc9e7b740][TIMING] emit_host_span: [STRACE] v=1 pid=462205 tid=462205 inv=65 hid=3d601e71d3e3806f depth=0 name=chip.run ts=182524906063274 dur=48515187 run_id=0 dispatch_id=0 slot_id=0 generation=65 run_epoch=65
[mono_ns=182524990771384][T0x7a6cc9e7b740][TIMING] emit_host_span: [STRACE] v=1 pid=462205 tid=462205 inv=66 hid=3d601e71d3e3806f depth=2 name=chip.run.bind.args ts=182524954912923 dur=35856748
[mono_ns=182524990775801][T0x7a6cc9e7b740][TIMING] emit_host_span: [STRACE] v=1 pid=462205 tid=462205 inv=66 hid=3d601e71d3e3806f depth=2 name=chip.run.bind.prebuilt ts=182524990774699 dur=531
[mono_ns=182524990777363][T0x7a6cc9e7b740][TIMING] emit_host_span: [STRACE] v=1 pid=462205 tid=462205 inv=66 hid=3d601e71d3e3806f depth=1 name=chip.run.bind ts=182524954910219 dur=35866563
[mono_ns=182524995407482][T0x7a6cc9e7b740][WARN] prepare_execution: [device_runner.cpp:343] AICPU CPU_TOPO unavailable; using json_fallback: soc=Ascend950PR_9579 occupy=0x3e stable_reachable=5 requested=0 effective=5 affinity=[1, 2, 3, 4, 5(orch)]
[mono_ns=182524997012411][T0x7a6cc9e7b740][TIMING] emit_host_span: [STRACE] v=1 pid=462205 tid=462205 inv=66 hid=3d601e71d3e3806f depth=1 name=chip.run.runner_run ts=182524995469115 dur=1542505
[mono_ns=182525003522122][T0x7a6cc9e7b740][TIMING] emit_host_span: [STRACE] v=1 pid=462205 tid=462205 inv=66 hid=3d601e71d3e3806f depth=1 name=chip.run.validate ts=182524997014875 dur=6505945
[mono_ns=182525003524565][T0x7a6cc9e7b740][TIMING] emit_host_span: [STRACE] v=1 pid=462205 tid=462205 inv=66 hid=3d601e71d3e3806f depth=2 name=chip.run.runner_run.device_wall ts=0 dur=1390352 clk=dev
[mono_ns=182525003525837][T0x7a6cc9e7b740][TIMING] emit_host_span: [STRACE] v=1 pid=462205 tid=462205 inv=66 hid=3d601e71d3e3806f depth=3 name=chip.run.runner_run.device_wall.preamble ts=0 dur=12714 clk=dev
[mono_ns=182525003526859][T0x7a6cc9e7b740][TIMING] emit_host_span: [STRACE] v=1 pid=462205 tid=462205 inv=66 hid=3d601e71d3e3806f depth=3 name=chip.run.runner_run.device_wall.graph_build ts=3345 dur=1382566 clk=dev
[mono_ns=182525003527830][T0x7a6cc9e7b740][TIMING] emit_host_span: [STRACE] v=1 pid=462205 tid=462205 inv=66 hid=3d601e71d3e3806f depth=3 name=chip.run.runner_run.device_wall.config_validate ts=3872 dur=1171 clk=dev
[mono_ns=182525003528802][T0x7a6cc9e7b740][TIMING] emit_host_span: [STRACE] v=1 pid=462205 tid=462205 inv=66 hid=3d601e71d3e3806f depth=3 name=chip.run.runner_run.device_wall.arena_wire ts=5112 dur=3564 clk=dev
[mono_ns=182525003529783][T0x7a6cc9e7b740][TIMING] emit_host_span: [STRACE] v=1 pid=462205 tid=462205 inv=66 hid=3d601e71d3e3806f depth=3 name=chip.run.runner_run.device_wall.sm_reset ts=8698 dur=4853 clk=dev
[mono_ns=182525003530785][T0x7a6cc9e7b740][TIMING] emit_host_span: [STRACE] v=1 pid=462205 tid=462205 inv=66 hid=3d601e71d3e3806f depth=3 name=chip.run.runner_run.device_wall.post_orch ts=1385925 dur=3962 clk=dev
[mono_ns=182525003531766][T0x7a6cc9e7b740][TIMING] emit_host_span: [STRACE] v=1 pid=462205 tid=462205 inv=66 hid=3d601e71d3e3806f depth=3 name=chip.run.runner_run.device_wall.orch ts=13567 dur=1274251 clk=dev
[mono_ns=182525003535231][T0x7a6cc9e7b740][TIMING] emit_host_span: [STRACE] v=1 pid=462205 tid=462205 inv=66 hid=3d601e71d3e3806f depth=3 name=chip.run.runner_run.device_wall.sched ts=14293 dur=1355688 clk=dev
[mono_ns=182525003536583][T0x7a6cc9e7b740][TIMING] emit_host_span: [STRACE] v=1 pid=462205 tid=462205 inv=66 hid=3d601e71d3e3806f depth=1 name=chip.run.claim_release ts=182525003535872 dur=171
[mono_ns=182525003537996][T0x7a6cc9e7b740][TIMING] emit_host_span: [STRACE] v=1 pid=462205 tid=462205 inv=66 hid=3d601e71d3e3806f depth=0 name=chip.run ts=182524954907635 dur=48629780 run_id=0 dispatch_id=0 slot_id=0 generation=66 run_epoch=66
[mono_ns=182525041018010][T0x7a6cc9e7b740][TIMING] emit_host_span: [STRACE] v=1 pid=462205 tid=462205 inv=67 hid=3d601e71d3e3806f depth=2 name=chip.run.bind.args ts=182525003876414 dur=37139533
[mono_ns=182525041024630][T0x7a6cc9e7b740][TIMING] emit_host_span: [STRACE] v=1 pid=462205 tid=462205 inv=67 hid=3d601e71d3e3806f depth=2 name=chip.run.bind.prebuilt ts=182525041023338 dur=541
[mono_ns=182525041026543][T0x7a6cc9e7b740][TIMING] emit_host_span: [STRACE] v=1 pid=462205 tid=462205 inv=67 hid=3d601e71d3e3806f depth=1 name=chip.run.bind ts=182525003873940 dur=37152062
[mono_ns=182525045760258][T0x7a6cc9e7b740][WARN] prepare_execution: [device_runner.cpp:343] AICPU CPU_TOPO unavailable; using json_fallback: soc=Ascend950PR_9579 occupy=0x3e stable_reachable=5 requested=0 effective=5 affinity=[1, 2, 3, 4, 5(orch)]
[mono_ns=182525047420750][T0x7a6cc9e7b740][TIMING] emit_host_span: [STRACE] v=1 pid=462205 tid=462205 inv=67 hid=3d601e71d3e3806f depth=1 name=chip.run.runner_run ts=182525045822621 dur=1597057
[mono_ns=182525053925143][T0x7a6cc9e7b740][TIMING] emit_host_span: [STRACE] v=1 pid=462205 tid=462205 inv=67 hid=3d601e71d3e3806f depth=1 name=chip.run.validate ts=182525047424335 dur=6499696
[mono_ns=182525053928528][T0x7a6cc9e7b740][TIMING] emit_host_span: [STRACE] v=1 pid=462205 tid=462205 inv=67 hid=3d601e71d3e3806f depth=2 name=chip.run.runner_run.device_wall ts=0 dur=1453156 clk=dev
[mono_ns=182525053929750][T0x7a6cc9e7b740][TIMING] emit_host_span: [STRACE] v=1 pid=462205 tid=462205 inv=67 hid=3d601e71d3e3806f depth=3 name=chip.run.runner_run.device_wall.preamble ts=0 dur=11830 clk=dev
[mono_ns=182525053930781][T0x7a6cc9e7b740][TIMING] emit_host_span: [STRACE] v=1 pid=462205 tid=462205 inv=67 hid=3d601e71d3e3806f depth=3 name=chip.run.runner_run.device_wall.graph_build ts=2919 dur=1445235 clk=dev
[mono_ns=182525053931763][T0x7a6cc9e7b740][TIMING] emit_host_span: [STRACE] v=1 pid=462205 tid=462205 inv=67 hid=3d601e71d3e3806f depth=3 name=chip.run.runner_run.device_wall.config_validate ts=3286 dur=1476 clk=dev
[mono_ns=182525053932744][T0x7a6cc9e7b740][TIMING] emit_host_span: [STRACE] v=1 pid=462205 tid=462205 inv=67 hid=3d601e71d3e3806f depth=3 name=chip.run.runner_run.device_wall.arena_wire ts=4822 dur=2616 clk=dev
[mono_ns=182525053933716][T0x7a6cc9e7b740][TIMING] emit_host_span: [STRACE] v=1 pid=462205 tid=462205 inv=67 hid=3d601e71d3e3806f depth=3 name=chip.run.runner_run.device_wall.sm_reset ts=7535 dur=4495 clk=dev
[mono_ns=182525053934727][T0x7a6cc9e7b740][TIMING] emit_host_span: [STRACE] v=1 pid=462205 tid=462205 inv=67 hid=3d601e71d3e3806f depth=3 name=chip.run.runner_run.device_wall.post_orch ts=1448181 dur=4433 clk=dev
[mono_ns=182525053935708][T0x7a6cc9e7b740][TIMING] emit_host_span: [STRACE] v=1 pid=462205 tid=462205 inv=67 hid=3d601e71d3e3806f depth=3 name=chip.run.runner_run.device_wall.orch ts=12106 dur=1350410 clk=dev
[mono_ns=182525053936680][T0x7a6cc9e7b740][TIMING] emit_host_span: [STRACE] v=1 pid=462205 tid=462205 inv=67 hid=3d601e71d3e3806f depth=3 name=chip.run.runner_run.device_wall.sched ts=12828 dur=1420703 clk=dev
[mono_ns=182525053937932][T0x7a6cc9e7b740][TIMING] emit_host_span: [STRACE] v=1 pid=462205 tid=462205 inv=67 hid=3d601e71d3e3806f depth=1 name=chip.run.claim_release ts=182525053937291 dur=140
[mono_ns=182525053939354][T0x7a6cc9e7b740][TIMING] emit_host_span: [STRACE] v=1 pid=462205 tid=462205 inv=67 hid=3d601e71d3e3806f depth=0 name=chip.run ts=182525003871176 dur=50067597 run_id=0 dispatch_id=0 slot_id=0 generation=67 run_epoch=67
[mono_ns=182525090736483][T0x7a6cc9e7b740][TIMING] emit_host_span: [STRACE] v=1 pid=462205 tid=462205 inv=68 hid=3d601e71d3e3806f depth=2 name=chip.run.bind.args ts=182525054283070 dur=36452362
[mono_ns=182525090741110][T0x7a6cc9e7b740][TIMING] emit_host_span: [STRACE] v=1 pid=462205 tid=462205 inv=68 hid=3d601e71d3e3806f depth=2 name=chip.run.bind.prebuilt ts=182525090740079 dur=461
[mono_ns=182525090742523][T0x7a6cc9e7b740][TIMING] emit_host_span: [STRACE] v=1 pid=462205 tid=462205 inv=68 hid=3d601e71d3e3806f depth=1 name=chip.run.bind ts=182525054280626 dur=36461226
[mono_ns=182525095399052][T0x7a6cc9e7b740][WARN] prepare_execution: [device_runner.cpp:343] AICPU CPU_TOPO unavailable; using json_fallback: soc=Ascend950PR_9579 occupy=0x3e stable_reachable=5 requested=0 effective=5 affinity=[1, 2, 3, 4, 5(orch)]
[mono_ns=182525097020615][T0x7a6cc9e7b740][TIMING] emit_host_span: [STRACE] v=1 pid=462205 tid=462205 inv=68 hid=3d601e71d3e3806f depth=1 name=chip.run.runner_run ts=182525095457930 dur=1561944
[mono_ns=182525103366871][T0x7a6cc9e7b740][TIMING] emit_host_span: [STRACE] v=1 pid=462205 tid=462205 inv=68 hid=3d601e71d3e3806f depth=1 name=chip.run.validate ts=182525097023069 dur=6342770
[mono_ns=182525103370626][T0x7a6cc9e7b740][TIMING] emit_host_span: [STRACE] v=1 pid=462205 tid=462205 inv=68 hid=3d601e71d3e3806f depth=2 name=chip.run.runner_run.device_wall ts=0 dur=1411163 clk=dev
[mono_ns=182525103371798][T0x7a6cc9e7b740][TIMING] emit_host_span: [STRACE] v=1 pid=462205 tid=462205 inv=68 hid=3d601e71d3e3806f depth=3 name=chip.run.runner_run.device_wall.preamble ts=0 dur=11479 clk=dev
[mono_ns=182525103372810][T0x7a6cc9e7b740][TIMING] emit_host_span: [STRACE] v=1 pid=462205 tid=462205 inv=68 hid=3d601e71d3e3806f depth=3 name=chip.run.runner_run.device_wall.graph_build ts=2315 dur=1404666 clk=dev
[mono_ns=182525103373801][T0x7a6cc9e7b740][TIMING] emit_host_span: [STRACE] v=1 pid=462205 tid=462205 inv=68 hid=3d601e71d3e3806f depth=3 name=chip.run.runner_run.device_wall.config_validate ts=2756 dur=1127 clk=dev
[mono_ns=182525103374753][T0x7a6cc9e7b740][TIMING] emit_host_span: [STRACE] v=1 pid=462205 tid=462205 inv=68 hid=3d601e71d3e3806f depth=3 name=chip.run.runner_run.device_wall.arena_wire ts=3949 dur=2952 clk=dev
[mono_ns=182525103375744][T0x7a6cc9e7b740][TIMING] emit_host_span: [STRACE] v=1 pid=462205 tid=462205 inv=68 hid=3d601e71d3e3806f depth=3 name=chip.run.runner_run.device_wall.sm_reset ts=6920 dur=4897 clk=dev
[mono_ns=182525103376725][T0x7a6cc9e7b740][TIMING] emit_host_span: [STRACE] v=1 pid=462205 tid=462205 inv=68 hid=3d601e71d3e3806f depth=3 name=chip.run.runner_run.device_wall.post_orch ts=1407007 dur=3824 clk=dev
[mono_ns=182525103377707][T0x7a6cc9e7b740][TIMING] emit_host_span: [STRACE] v=1 pid=462205 tid=462205 inv=68 hid=3d601e71d3e3806f depth=3 name=chip.run.runner_run.device_wall.orch ts=11841 dur=1306361 clk=dev
[mono_ns=182525103378688][T0x7a6cc9e7b740][TIMING] emit_host_span: [STRACE] v=1 pid=462205 tid=462205 inv=68 hid=3d601e71d3e3806f depth=3 name=chip.run.runner_run.device_wall.sched ts=12613 dur=1379227 clk=dev
[mono_ns=182525103380131][T0x7a6cc9e7b740][TIMING] emit_host_span: [STRACE] v=1 pid=462205 tid=462205 inv=68 hid=3d601e71d3e3806f depth=1 name=chip.run.claim_release ts=182525103379339 dur=281
[mono_ns=182525103381553][T0x7a6cc9e7b740][TIMING] emit_host_span: [STRACE] v=1 pid=462205 tid=462205 inv=68 hid=3d601e71d3e3806f depth=0 name=chip.run ts=182525054277421 dur=49103551 run_id=0 dispatch_id=0 slot_id=0 generation=68 run_epoch=68
[mono_ns=182525140371111][T0x7a6cc9e7b740][TIMING] emit_host_span: [STRACE] v=1 pid=462205 tid=462205 inv=69 hid=3d601e71d3e3806f depth=2 name=chip.run.bind.args ts=182525103724938 dur=36644961
[mono_ns=182525140375387][T0x7a6cc9e7b740][TIMING] emit_host_span: [STRACE] v=1 pid=462205 tid=462205 inv=69 hid=3d601e71d3e3806f depth=2 name=chip.run.bind.prebuilt ts=182525140374296 dur=541
[mono_ns=182525140380185][T0x7a6cc9e7b740][TIMING] emit_host_span: [STRACE] v=1 pid=462205 tid=462205 inv=69 hid=3d601e71d3e3806f depth=1 name=chip.run.bind ts=182525103722374 dur=36657100
[mono_ns=182525145006418][T0x7a6cc9e7b740][WARN] prepare_execution: [device_runner.cpp:343] AICPU CPU_TOPO unavailable; using json_fallback: soc=Ascend950PR_9579 occupy=0x3e stable_reachable=5 requested=0 effective=5 affinity=[1, 2, 3, 4, 5(orch)]
[mono_ns=182525146593961][T0x7a6cc9e7b740][TIMING] emit_host_span: [STRACE] v=1 pid=462205 tid=462205 inv=69 hid=3d601e71d3e3806f depth=1 name=chip.run.runner_run ts=182525145072828 dur=1520322
[mono_ns=182525152931954][T0x7a6cc9e7b740][TIMING] emit_host_span: [STRACE] v=1 pid=462205 tid=462205 inv=69 hid=3d601e71d3e3806f depth=1 name=chip.run.validate ts=182525146596094 dur=6334848
[mono_ns=182525152934077][T0x7a6cc9e7b740][TIMING] emit_host_span: [STRACE] v=1 pid=462205 tid=462205 inv=69 hid=3d601e71d3e3806f depth=2 name=chip.run.runner_run.device_wall ts=0 dur=1372042 clk=dev
[mono_ns=182525152935159][T0x7a6cc9e7b740][TIMING] emit_host_span: [STRACE] v=1 pid=462205 tid=462205 inv=69 hid=3d601e71d3e3806f depth=3 name=chip.run.runner_run.device_wall.preamble ts=0 dur=13142 clk=dev
[mono_ns=182525152936170][T0x7a6cc9e7b740][TIMING] emit_host_span: [STRACE] v=1 pid=462205 tid=462205 inv=69 hid=3d601e71d3e3806f depth=3 name=chip.run.runner_run.device_wall.graph_build ts=3897 dur=1364137 clk=dev
[mono_ns=182525152937172][T0x7a6cc9e7b740][TIMING] emit_host_span: [STRACE] v=1 pid=462205 tid=462205 inv=69 hid=3d601e71d3e3806f depth=3 name=chip.run.runner_run.device_wall.config_validate ts=4250 dur=1114 clk=dev
[mono_ns=182525152938143][T0x7a6cc9e7b740][TIMING] emit_host_span: [STRACE] v=1 pid=462205 tid=462205 inv=69 hid=3d601e71d3e3806f depth=3 name=chip.run.runner_run.device_wall.arena_wire ts=5678 dur=2982 clk=dev
[mono_ns=182525152939105][T0x7a6cc9e7b740][TIMING] emit_host_span: [STRACE] v=1 pid=462205 tid=462205 inv=69 hid=3d601e71d3e3806f depth=3 name=chip.run.runner_run.device_wall.sm_reset ts=8746 dur=4305 clk=dev
[mono_ns=182525152940156][T0x7a6cc9e7b740][TIMING] emit_host_span: [STRACE] v=1 pid=462205 tid=462205 inv=69 hid=3d601e71d3e3806f depth=3 name=chip.run.runner_run.device_wall.post_orch ts=1368067 dur=3594 clk=dev
[mono_ns=182525152941178][T0x7a6cc9e7b740][TIMING] emit_host_span: [STRACE] v=1 pid=462205 tid=462205 inv=69 hid=3d601e71d3e3806f depth=3 name=chip.run.runner_run.device_wall.orch ts=13075 dur=1268347 clk=dev
[mono_ns=182525152942159][T0x7a6cc9e7b740][TIMING] emit_host_span: [STRACE] v=1 pid=462205 tid=462205 inv=69 hid=3d601e71d3e3806f depth=3 name=chip.run.runner_run.device_wall.sched ts=13795 dur=1340242 clk=dev
[mono_ns=182525152943431][T0x7a6cc9e7b740][TIMING] emit_host_span: [STRACE] v=1 pid=462205 tid=462205 inv=69 hid=3d601e71d3e3806f depth=1 name=chip.run.claim_release ts=182525152942820 dur=110
[mono_ns=182525152944873][T0x7a6cc9e7b740][TIMING] emit_host_span: [STRACE] v=1 pid=462205 tid=462205 inv=69 hid=3d601e71d3e3806f depth=0 name=chip.run ts=182525103719620 dur=49224682 run_id=0 dispatch_id=0 slot_id=0 generation=69 run_epoch=69
[mono_ns=182525188147700][T0x7a6cc9e7b740][TIMING] emit_host_span: [STRACE] v=1 pid=462205 tid=462205 inv=70 hid=3d601e71d3e3806f depth=2 name=chip.run.bind.args ts=182525153290612 dur=34855636
[mono_ns=182525188153068][T0x7a6cc9e7b740][TIMING] emit_host_span: [STRACE] v=1 pid=462205 tid=462205 inv=70 hid=3d601e71d3e3806f depth=2 name=chip.run.bind.prebuilt ts=182525188151996 dur=511
[mono_ns=182525188154420][T0x7a6cc9e7b740][TIMING] emit_host_span: [STRACE] v=1 pid=462205 tid=462205 inv=70 hid=3d601e71d3e3806f depth=1 name=chip.run.bind ts=182525153287958 dur=34865901
[mono_ns=182525192924850][T0x7a6cc9e7b740][WARN] prepare_execution: [device_runner.cpp:343] AICPU CPU_TOPO unavailable; using json_fallback: soc=Ascend950PR_9579 occupy=0x3e stable_reachable=5 requested=0 effective=5 affinity=[1, 2, 3, 4, 5(orch)]
[mono_ns=182525194535598][T0x7a6cc9e7b740][TIMING] emit_host_span: [STRACE] v=1 pid=462205 tid=462205 inv=70 hid=3d601e71d3e3806f depth=1 name=chip.run.runner_run ts=182525192983278 dur=1551599
[mono_ns=182525201511047][T0x7a6cc9e7b740][TIMING] emit_host_span: [STRACE] v=1 pid=462205 tid=462205 inv=70 hid=3d601e71d3e3806f depth=1 name=chip.run.validate ts=182525194540725 dur=6969391
[mono_ns=182525201513491][T0x7a6cc9e7b740][TIMING] emit_host_span: [STRACE] v=1 pid=462205 tid=462205 inv=70 hid=3d601e71d3e3806f depth=2 name=chip.run.runner_run.device_wall ts=0 dur=1398780 clk=dev
[mono_ns=182525201514562][T0x7a6cc9e7b740][TIMING] emit_host_span: [STRACE] v=1 pid=462205 tid=462205 inv=70 hid=3d601e71d3e3806f depth=3 name=chip.run.runner_run.device_wall.preamble ts=0 dur=11943 clk=dev
[mono_ns=182525201515594][T0x7a6cc9e7b740][TIMING] emit_host_span: [STRACE] v=1 pid=462205 tid=462205 inv=70 hid=3d601e71d3e3806f depth=3 name=chip.run.runner_run.device_wall.graph_build ts=2887 dur=1390477 clk=dev
[mono_ns=182525201516596][T0x7a6cc9e7b740][TIMING] emit_host_span: [STRACE] v=1 pid=462205 tid=462205 inv=70 hid=3d601e71d3e3806f depth=3 name=chip.run.runner_run.device_wall.config_validate ts=3747 dur=1806 clk=dev
[mono_ns=182525201517557][T0x7a6cc9e7b740][TIMING] emit_host_span: [STRACE] v=1 pid=462205 tid=462205 inv=70 hid=3d601e71d3e3806f depth=3 name=chip.run.runner_run.device_wall.arena_wire ts=5621 dur=2978 clk=dev
[mono_ns=182525201518538][T0x7a6cc9e7b740][TIMING] emit_host_span: [STRACE] v=1 pid=462205 tid=462205 inv=70 hid=3d601e71d3e3806f depth=3 name=chip.run.runner_run.device_wall.sm_reset ts=8671 dur=3782 clk=dev
[mono_ns=182525201519540][T0x7a6cc9e7b740][TIMING] emit_host_span: [STRACE] v=1 pid=462205 tid=462205 inv=70 hid=3d601e71d3e3806f depth=3 name=chip.run.runner_run.device_wall.post_orch ts=1393388 dur=4896 clk=dev
[mono_ns=182525201520511][T0x7a6cc9e7b740][TIMING] emit_host_span: [STRACE] v=1 pid=462205 tid=462205 inv=70 hid=3d601e71d3e3806f depth=3 name=chip.run.runner_run.device_wall.orch ts=12689 dur=1272621 clk=dev
[mono_ns=182525201521493][T0x7a6cc9e7b740][TIMING] emit_host_span: [STRACE] v=1 pid=462205 tid=462205 inv=70 hid=3d601e71d3e3806f depth=3 name=chip.run.runner_run.device_wall.sched ts=13560 dur=1365929 clk=dev
[mono_ns=182525201522905][T0x7a6cc9e7b740][TIMING] emit_host_span: [STRACE] v=1 pid=462205 tid=462205 inv=70 hid=3d601e71d3e3806f depth=1 name=chip.run.claim_release ts=182525201522324 dur=50
[mono_ns=182525201524327][T0x7a6cc9e7b740][TIMING] emit_host_span: [STRACE] v=1 pid=462205 tid=462205 inv=70 hid=3d601e71d3e3806f depth=0 name=chip.run ts=182525153285555 dur=48238181 run_id=0 dispatch_id=0 slot_id=0 generation=70 run_epoch=70
[mono_ns=182525238754857][T0x7a6cc9e7b740][TIMING] emit_host_span: [STRACE] v=1 pid=462205 tid=462205 inv=71 hid=3d601e71d3e3806f depth=2 name=chip.run.bind.args ts=182525201849996 dur=36903619
[mono_ns=182525238759404][T0x7a6cc9e7b740][TIMING] emit_host_span: [STRACE] v=1 pid=462205 tid=462205 inv=71 hid=3d601e71d3e3806f depth=2 name=chip.run.bind.prebuilt ts=182525238758292 dur=531
[mono_ns=182525238760606][T0x7a6cc9e7b740][TIMING] emit_host_span: [STRACE] v=1 pid=462205 tid=462205 inv=71 hid=3d601e71d3e3806f depth=1 name=chip.run.bind ts=182525201847462 dur=36912583
[mono_ns=182525243360920][T0x7a6cc9e7b740][WARN] prepare_execution: [device_runner.cpp:343] AICPU CPU_TOPO unavailable; using json_fallback: soc=Ascend950PR_9579 occupy=0x3e stable_reachable=5 requested=0 effective=5 affinity=[1, 2, 3, 4, 5(orch)]
[mono_ns=182525244958018][T0x7a6cc9e7b740][TIMING] emit_host_span: [STRACE] v=1 pid=462205 tid=462205 inv=71 hid=3d601e71d3e3806f depth=1 name=chip.run.runner_run ts=182525243428211 dur=1529065
[mono_ns=182525251672015][T0x7a6cc9e7b740][TIMING] emit_host_span: [STRACE] v=1 pid=462205 tid=462205 inv=71 hid=3d601e71d3e3806f depth=1 name=chip.run.validate ts=182525244960241 dur=6710392
[mono_ns=182525251674168][T0x7a6cc9e7b740][TIMING] emit_host_span: [STRACE] v=1 pid=462205 tid=462205 inv=71 hid=3d601e71d3e3806f depth=2 name=chip.run.runner_run.device_wall ts=0 dur=1386193 clk=dev
[mono_ns=182525251675270][T0x7a6cc9e7b740][TIMING] emit_host_span: [STRACE] v=1 pid=462205 tid=462205 inv=71 hid=3d601e71d3e3806f depth=3 name=chip.run.runner_run.device_wall.preamble ts=0 dur=12110 clk=dev
[mono_ns=182525251679706][T0x7a6cc9e7b740][TIMING] emit_host_span: [STRACE] v=1 pid=462205 tid=462205 inv=71 hid=3d601e71d3e3806f depth=3 name=chip.run.runner_run.device_wall.graph_build ts=3220 dur=1378022 clk=dev
[mono_ns=182525251680738][T0x7a6cc9e7b740][TIMING] emit_host_span: [STRACE] v=1 pid=462205 tid=462205 inv=71 hid=3d601e71d3e3806f depth=3 name=chip.run.runner_run.device_wall.config_validate ts=3692 dur=1794 clk=dev
[mono_ns=182525251681759][T0x7a6cc9e7b740][TIMING] emit_host_span: [STRACE] v=1 pid=462205 tid=462205 inv=71 hid=3d601e71d3e3806f depth=3 name=chip.run.runner_run.device_wall.arena_wire ts=5506 dur=3268 clk=dev
[mono_ns=182525251682751][T0x7a6cc9e7b740][TIMING] emit_host_span: [STRACE] v=1 pid=462205 tid=462205 inv=71 hid=3d601e71d3e3806f depth=3 name=chip.run.runner_run.device_wall.sm_reset ts=8794 dur=4517 clk=dev
[mono_ns=182525251683742][T0x7a6cc9e7b740][TIMING] emit_host_span: [STRACE] v=1 pid=462205 tid=462205 inv=71 hid=3d601e71d3e3806f depth=3 name=chip.run.runner_run.device_wall.post_orch ts=1381260 dur=4558 clk=dev
[mono_ns=182525251684724][T0x7a6cc9e7b740][TIMING] emit_host_span: [STRACE] v=1 pid=462205 tid=462205 inv=71 hid=3d601e71d3e3806f depth=3 name=chip.run.runner_run.device_wall.orch ts=13330 dur=1281144 clk=dev
[mono_ns=182525251685705][T0x7a6cc9e7b740][TIMING] emit_host_span: [STRACE] v=1 pid=462205 tid=462205 inv=71 hid=3d601e71d3e3806f depth=3 name=chip.run.runner_run.device_wall.sched ts=14289 dur=1352565 clk=dev
[mono_ns=182525251687047][T0x7a6cc9e7b740][TIMING] emit_host_span: [STRACE] v=1 pid=462205 tid=462205 inv=71 hid=3d601e71d3e3806f depth=1 name=chip.run.claim_release ts=182525251686486 dur=41
[mono_ns=182525251688640][T0x7a6cc9e7b740][TIMING] emit_host_span: [STRACE] v=1 pid=462205 tid=462205 inv=71 hid=3d601e71d3e3806f depth=0 name=chip.run ts=182525201844418 dur=49843631 run_id=0 dispatch_id=0 slot_id=0 generation=71 run_epoch=71
[mono_ns=182525285827179][T0x7a6cc9e7b740][TIMING] emit_host_span: [STRACE] v=1 pid=462205 tid=462205 inv=72 hid=3d601e71d3e3806f depth=2 name=chip.run.bind.args ts=182525252045686 dur=33779830
[mono_ns=182525285832847][T0x7a6cc9e7b740][TIMING] emit_host_span: [STRACE] v=1 pid=462205 tid=462205 inv=72 hid=3d601e71d3e3806f depth=2 name=chip.run.bind.prebuilt ts=182525285831716 dur=561
[mono_ns=182525285834089][T0x7a6cc9e7b740][TIMING] emit_host_span: [STRACE] v=1 pid=462205 tid=462205 inv=72 hid=3d601e71d3e3806f depth=1 name=chip.run.bind ts=182525252043362 dur=33790166
[mono_ns=182525290773032][T0x7a6cc9e7b740][WARN] prepare_execution: [device_runner.cpp:343] AICPU CPU_TOPO unavailable; using json_fallback: soc=Ascend950PR_9579 occupy=0x3e stable_reachable=5 requested=0 effective=5 affinity=[1, 2, 3, 4, 5(orch)]
[mono_ns=182525292406945][T0x7a6cc9e7b740][TIMING] emit_host_span: [STRACE] v=1 pid=462205 tid=462205 inv=72 hid=3d601e71d3e3806f depth=1 name=chip.run.runner_run ts=182525290829827 dur=1576146
[mono_ns=182525298873701][T0x7a6cc9e7b740][TIMING] emit_host_span: [STRACE] v=1 pid=462205 tid=462205 inv=72 hid=3d601e71d3e3806f depth=1 name=chip.run.validate ts=182525292409378 dur=6463071
[mono_ns=182525298876875][T0x7a6cc9e7b740][TIMING] emit_host_span: [STRACE] v=1 pid=462205 tid=462205 inv=72 hid=3d601e71d3e3806f depth=2 name=chip.run.runner_run.device_wall ts=0 dur=1432308 clk=dev
[mono_ns=182525298878077][T0x7a6cc9e7b740][TIMING] emit_host_span: [STRACE] v=1 pid=462205 tid=462205 inv=72 hid=3d601e71d3e3806f depth=3 name=chip.run.runner_run.device_wall.preamble ts=0 dur=11148 clk=dev
[mono_ns=182525298879109][T0x7a6cc9e7b740][TIMING] emit_host_span: [STRACE] v=1 pid=462205 tid=462205 inv=72 hid=3d601e71d3e3806f depth=3 name=chip.run.runner_run.device_wall.graph_build ts=2752 dur=1425342 clk=dev
[mono_ns=182525298880090][T0x7a6cc9e7b740][TIMING] emit_host_span: [STRACE] v=1 pid=462205 tid=462205 inv=72 hid=3d601e71d3e3806f depth=3 name=chip.run.runner_run.device_wall.config_validate ts=3355 dur=1064 clk=dev
[mono_ns=182525298884347][T0x7a6cc9e7b740][TIMING] emit_host_span: [STRACE] v=1 pid=462205 tid=462205 inv=72 hid=3d601e71d3e3806f depth=3 name=chip.run.runner_run.device_wall.arena_wire ts=4481 dur=3030 clk=dev
[mono_ns=182525298885348][T0x7a6cc9e7b740][TIMING] emit_host_span: [STRACE] v=1 pid=462205 tid=462205 inv=72 hid=3d601e71d3e3806f depth=3 name=chip.run.runner_run.device_wall.sm_reset ts=7826 dur=4024 clk=dev
[mono_ns=182525298886400][T0x7a6cc9e7b740][TIMING] emit_host_span: [STRACE] v=1 pid=462205 tid=462205 inv=72 hid=3d601e71d3e3806f depth=3 name=chip.run.runner_run.device_wall.post_orch ts=1428152 dur=3813 clk=dev
[mono_ns=182525298887391][T0x7a6cc9e7b740][TIMING] emit_host_span: [STRACE] v=1 pid=462205 tid=462205 inv=72 hid=3d601e71d3e3806f depth=3 name=chip.run.runner_run.device_wall.orch ts=11920 dur=1320328 clk=dev
[mono_ns=182525298888393][T0x7a6cc9e7b740][TIMING] emit_host_span: [STRACE] v=1 pid=462205 tid=462205 inv=72 hid=3d601e71d3e3806f depth=3 name=chip.run.runner_run.device_wall.sched ts=13133 dur=1399116 clk=dev
[mono_ns=182525298889845][T0x7a6cc9e7b740][TIMING] emit_host_span: [STRACE] v=1 pid=462205 tid=462205 inv=72 hid=3d601e71d3e3806f depth=1 name=chip.run.claim_release ts=182525298889254 dur=50
[mono_ns=182525298891437][T0x7a6cc9e7b740][TIMING] emit_host_span: [STRACE] v=1 pid=462205 tid=462205 inv=72 hid=3d601e71d3e3806f depth=0 name=chip.run ts=182525252040478 dur=46850388 run_id=0 dispatch_id=0 slot_id=0 generation=72 run_epoch=72
[mono_ns=182525334227524][T0x7a6cc9e7b740][TIMING] emit_host_span: [STRACE] v=1 pid=462205 tid=462205 inv=73 hid=3d601e71d3e3806f depth=2 name=chip.run.bind.args ts=182525299231708 dur=34994113
[mono_ns=182525334232061][T0x7a6cc9e7b740][TIMING] emit_host_span: [STRACE] v=1 pid=462205 tid=462205 inv=73 hid=3d601e71d3e3806f depth=2 name=chip.run.bind.prebuilt ts=182525334230969 dur=541
[mono_ns=182525334233363][T0x7a6cc9e7b740][TIMING] emit_host_span: [STRACE] v=1 pid=462205 tid=462205 inv=73 hid=3d601e71d3e3806f depth=1 name=chip.run.bind ts=182525299229475 dur=35003347
[mono_ns=182525339311845][T0x7a6cc9e7b740][WARN] prepare_execution: [device_runner.cpp:343] AICPU CPU_TOPO unavailable; using json_fallback: soc=Ascend950PR_9579 occupy=0x3e stable_reachable=5 requested=0 effective=5 affinity=[1, 2, 3, 4, 5(orch)]
[mono_ns=182525340877485][T0x7a6cc9e7b740][TIMING] emit_host_span: [STRACE] v=1 pid=462205 tid=462205 inv=73 hid=3d601e71d3e3806f depth=1 name=chip.run.runner_run ts=182525339372356 dur=1503907
[mono_ns=182525347779935][T0x7a6cc9e7b740][TIMING] emit_host_span: [STRACE] v=1 pid=462205 tid=462205 inv=73 hid=3d601e71d3e3806f depth=1 name=chip.run.validate ts=182525340881020 dur=6897593
[mono_ns=182525347782409][T0x7a6cc9e7b740][TIMING] emit_host_span: [STRACE] v=1 pid=462205 tid=462205 inv=73 hid=3d601e71d3e3806f depth=2 name=chip.run.runner_run.device_wall ts=0 dur=1358788 clk=dev
[mono_ns=182525347783580][T0x7a6cc9e7b740][TIMING] emit_host_span: [STRACE] v=1 pid=462205 tid=462205 inv=73 hid=3d601e71d3e3806f depth=3 name=chip.run.runner_run.device_wall.preamble ts=0 dur=12753 clk=dev
[mono_ns=182525347784622][T0x7a6cc9e7b740][TIMING] emit_host_span: [STRACE] v=1 pid=462205 tid=462205 inv=73 hid=3d601e71d3e3806f depth=3 name=chip.run.runner_run.device_wall.graph_build ts=4086 dur=1350104 clk=dev
[mono_ns=182525347785583][T0x7a6cc9e7b740][TIMING] emit_host_span: [STRACE] v=1 pid=462205 tid=462205 inv=73 hid=3d601e71d3e3806f depth=3 name=chip.run.runner_run.device_wall.config_validate ts=4451 dur=1251 clk=dev
[mono_ns=182525347786535][T0x7a6cc9e7b740][TIMING] emit_host_span: [STRACE] v=1 pid=462205 tid=462205 inv=73 hid=3d601e71d3e3806f depth=3 name=chip.run.runner_run.device_wall.arena_wire ts=5748 dur=2790 clk=dev
[mono_ns=182525347787506][T0x7a6cc9e7b740][TIMING] emit_host_span: [STRACE] v=1 pid=462205 tid=462205 inv=73 hid=3d601e71d3e3806f depth=3 name=chip.run.runner_run.device_wall.sm_reset ts=8569 dur=4617 clk=dev
[mono_ns=182525347788488][T0x7a6cc9e7b740][TIMING] emit_host_span: [STRACE] v=1 pid=462205 tid=462205 inv=73 hid=3d601e71d3e3806f depth=3 name=chip.run.runner_run.device_wall.post_orch ts=1354208 dur=4127 clk=dev
[mono_ns=182525347792324][T0x7a6cc9e7b740][TIMING] emit_host_span: [STRACE] v=1 pid=462205 tid=462205 inv=73 hid=3d601e71d3e3806f depth=3 name=chip.run.runner_run.device_wall.orch ts=13256 dur=1250220 clk=dev
[mono_ns=182525347793325][T0x7a6cc9e7b740][TIMING] emit_host_span: [STRACE] v=1 pid=462205 tid=462205 inv=73 hid=3d601e71d3e3806f depth=3 name=chip.run.runner_run.device_wall.sched ts=14164 dur=1325878 clk=dev
[mono_ns=182525347794897][T0x7a6cc9e7b740][TIMING] emit_host_span: [STRACE] v=1 pid=462205 tid=462205 inv=73 hid=3d601e71d3e3806f depth=1 name=chip.run.claim_release ts=182525347794307 dur=60
[mono_ns=182525347796320][T0x7a6cc9e7b740][TIMING] emit_host_span: [STRACE] v=1 pid=462205 tid=462205 inv=73 hid=3d601e71d3e3806f depth=0 name=chip.run ts=182525299226370 dur=48569389 run_id=0 dispatch_id=0 slot_id=0 generation=73 run_epoch=73
[mono_ns=182525384037264][T0x7a6cc9e7b740][TIMING] emit_host_span: [STRACE] v=1 pid=462205 tid=462205 inv=74 hid=3d601e71d3e3806f depth=2 name=chip.run.bind.args ts=182525348151072 dur=35884991
[mono_ns=182525384042062][T0x7a6cc9e7b740][TIMING] emit_host_span: [STRACE] v=1 pid=462205 tid=462205 inv=74 hid=3d601e71d3e3806f depth=2 name=chip.run.bind.prebuilt ts=182525384040960 dur=531
[mono_ns=182525384043484][T0x7a6cc9e7b740][TIMING] emit_host_span: [STRACE] v=1 pid=462205 tid=462205 inv=74 hid=3d601e71d3e3806f depth=1 name=chip.run.bind ts=182525348148698 dur=35894155
[mono_ns=182525389416698][T0x7a6cc9e7b740][WARN] prepare_execution: [device_runner.cpp:343] AICPU CPU_TOPO unavailable; using json_fallback: soc=Ascend950PR_9579 occupy=0x3e stable_reachable=5 requested=0 effective=5 affinity=[1, 2, 3, 4, 5(orch)]
[mono_ns=182525390928908][T0x7a6cc9e7b740][TIMING] emit_host_span: [STRACE] v=1 pid=462205 tid=462205 inv=74 hid=3d601e71d3e3806f depth=1 name=chip.run.runner_run ts=182525389472182 dur=1456015
[mono_ns=182525397842445][T0x7a6cc9e7b740][TIMING] emit_host_span: [STRACE] v=1 pid=462205 tid=462205 inv=74 hid=3d601e71d3e3806f depth=1 name=chip.run.validate ts=182525390931172 dur=6909771
[mono_ns=182525397845059][T0x7a6cc9e7b740][TIMING] emit_host_span: [STRACE] v=1 pid=462205 tid=462205 inv=74 hid=3d601e71d3e3806f depth=2 name=chip.run.runner_run.device_wall ts=0 dur=1308083 clk=dev
[mono_ns=182525397846260][T0x7a6cc9e7b740][TIMING] emit_host_span: [STRACE] v=1 pid=462205 tid=462205 inv=74 hid=3d601e71d3e3806f depth=3 name=chip.run.runner_run.device_wall.preamble ts=0 dur=12220 clk=dev
[mono_ns=182525397847272][T0x7a6cc9e7b740][TIMING] emit_host_span: [STRACE] v=1 pid=462205 tid=462205 inv=74 hid=3d601e71d3e3806f depth=3 name=chip.run.runner_run.device_wall.graph_build ts=2622 dur=1301261 clk=dev
[mono_ns=182525397848233][T0x7a6cc9e7b740][TIMING] emit_host_span: [STRACE] v=1 pid=462205 tid=462205 inv=74 hid=3d601e71d3e3806f depth=3 name=chip.run.runner_run.device_wall.config_validate ts=2969 dur=1401 clk=dev
[mono_ns=182525397849205][T0x7a6cc9e7b740][TIMING] emit_host_span: [STRACE] v=1 pid=462205 tid=462205 inv=74 hid=3d601e71d3e3806f depth=3 name=chip.run.runner_run.device_wall.arena_wire ts=4437 dur=3072 clk=dev
[mono_ns=182525397850166][T0x7a6cc9e7b740][TIMING] emit_host_span: [STRACE] v=1 pid=462205 tid=462205 inv=74 hid=3d601e71d3e3806f depth=3 name=chip.run.runner_run.device_wall.sm_reset ts=7593 dur=4221 clk=dev
[mono_ns=182525397851168][T0x7a6cc9e7b740][TIMING] emit_host_span: [STRACE] v=1 pid=462205 tid=462205 inv=74 hid=3d601e71d3e3806f depth=3 name=chip.run.runner_run.device_wall.post_orch ts=1303901 dur=3695 clk=dev
[mono_ns=182525397852149][T0x7a6cc9e7b740][TIMING] emit_host_span: [STRACE] v=1 pid=462205 tid=462205 inv=74 hid=3d601e71d3e3806f depth=3 name=chip.run.runner_run.device_wall.orch ts=12046 dur=1190395 clk=dev
[mono_ns=182525397853101][T0x7a6cc9e7b740][TIMING] emit_host_span: [STRACE] v=1 pid=462205 tid=462205 inv=74 hid=3d601e71d3e3806f depth=3 name=chip.run.runner_run.device_wall.sched ts=12846 dur=1276561 clk=dev
[mono_ns=182525397854453][T0x7a6cc9e7b740][TIMING] emit_host_span: [STRACE] v=1 pid=462205 tid=462205 inv=74 hid=3d601e71d3e3806f depth=1 name=chip.run.claim_release ts=182525397853742 dur=210
[mono_ns=182525397861614][T0x7a6cc9e7b740][TIMING] emit_host_span: [STRACE] v=1 pid=462205 tid=462205 inv=74 hid=3d601e71d3e3806f depth=0 name=chip.run ts=182525348146105 dur=49714908 run_id=0 dispatch_id=0 slot_id=0 generation=74 run_epoch=74
[mono_ns=182525433766754][T0x7a6cc9e7b740][TIMING] emit_host_span: [STRACE] v=1 pid=462205 tid=462205 inv=75 hid=3d601e71d3e3806f depth=2 name=chip.run.bind.args ts=182525398206121 dur=35559141
[mono_ns=182525433773234][T0x7a6cc9e7b740][TIMING] emit_host_span: [STRACE] v=1 pid=462205 tid=462205 inv=75 hid=3d601e71d3e3806f depth=2 name=chip.run.bind.prebuilt ts=182525433772212 dur=481
[mono_ns=182525433774686][T0x7a6cc9e7b740][TIMING] emit_host_span: [STRACE] v=1 pid=462205 tid=462205 inv=75 hid=3d601e71d3e3806f depth=1 name=chip.run.bind ts=182525398203487 dur=35570638
[mono_ns=182525438758997][T0x7a6cc9e7b740][WARN] prepare_execution: [device_runner.cpp:343] AICPU CPU_TOPO unavailable; using json_fallback: soc=Ascend950PR_9579 occupy=0x3e stable_reachable=5 requested=0 effective=5 affinity=[1, 2, 3, 4, 5(orch)]
[mono_ns=182525440364567][T0x7a6cc9e7b740][TIMING] emit_host_span: [STRACE] v=1 pid=462205 tid=462205 inv=75 hid=3d601e71d3e3806f depth=1 name=chip.run.runner_run ts=182525438829693 dur=1533732
[mono_ns=182525447404834][T0x7a6cc9e7b740][TIMING] emit_host_span: [STRACE] v=1 pid=462205 tid=462205 inv=75 hid=3d601e71d3e3806f depth=1 name=chip.run.validate ts=182525440367481 dur=7036111
[mono_ns=182525447407728][T0x7a6cc9e7b740][TIMING] emit_host_span: [STRACE] v=1 pid=462205 tid=462205 inv=75 hid=3d601e71d3e3806f depth=2 name=chip.run.runner_run.device_wall ts=0 dur=1385042 clk=dev
[mono_ns=182525447408870][T0x7a6cc9e7b740][TIMING] emit_host_span: [STRACE] v=1 pid=462205 tid=462205 inv=75 hid=3d601e71d3e3806f depth=3 name=chip.run.runner_run.device_wall.preamble ts=0 dur=11773 clk=dev
[mono_ns=182525447409932][T0x7a6cc9e7b740][TIMING] emit_host_span: [STRACE] v=1 pid=462205 tid=462205 inv=75 hid=3d601e71d3e3806f depth=3 name=chip.run.runner_run.device_wall.graph_build ts=2854 dur=1377942 clk=dev
[mono_ns=182525447410953][T0x7a6cc9e7b740][TIMING] emit_host_span: [STRACE] v=1 pid=462205 tid=462205 inv=75 hid=3d601e71d3e3806f depth=3 name=chip.run.runner_run.device_wall.config_validate ts=3848 dur=1054 clk=dev
[mono_ns=182525447411915][T0x7a6cc9e7b740][TIMING] emit_host_span: [STRACE] v=1 pid=462205 tid=462205 inv=75 hid=3d601e71d3e3806f depth=3 name=chip.run.runner_run.device_wall.arena_wire ts=4987 dur=3564 clk=dev
[mono_ns=182525447412906][T0x7a6cc9e7b740][TIMING] emit_host_span: [STRACE] v=1 pid=462205 tid=462205 inv=75 hid=3d601e71d3e3806f depth=3 name=chip.run.runner_run.device_wall.sm_reset ts=8571 dur=4903 clk=dev
[mono_ns=182525447413908][T0x7a6cc9e7b740][TIMING] emit_host_span: [STRACE] v=1 pid=462205 tid=462205 inv=75 hid=3d601e71d3e3806f depth=3 name=chip.run.runner_run.device_wall.post_orch ts=1380855 dur=3780 clk=dev
[mono_ns=182525447414909][T0x7a6cc9e7b740][TIMING] emit_host_span: [STRACE] v=1 pid=462205 tid=462205 inv=75 hid=3d601e71d3e3806f depth=3 name=chip.run.runner_run.device_wall.orch ts=13708 dur=1264090 clk=dev
[mono_ns=182525447415901][T0x7a6cc9e7b740][TIMING] emit_host_span: [STRACE] v=1 pid=462205 tid=462205 inv=75 hid=3d601e71d3e3806f depth=3 name=chip.run.runner_run.device_wall.sched ts=14338 dur=1352125 clk=dev
[mono_ns=182525447417313][T0x7a6cc9e7b740][TIMING] emit_host_span: [STRACE] v=1 pid=462205 tid=462205 inv=75 hid=3d601e71d3e3806f depth=1 name=chip.run.claim_release ts=182525447416732 dur=40
[mono_ns=182525447418955][T0x7a6cc9e7b740][TIMING] emit_host_span: [STRACE] v=1 pid=462205 tid=462205 inv=75 hid=3d601e71d3e3806f depth=0 name=chip.run ts=182525398200202 dur=49218162 run_id=0 dispatch_id=0 slot_id=0 generation=75 run_epoch=75
[mono_ns=182525484879150][T0x7a6cc9e7b740][TIMING] emit_host_span: [STRACE] v=1 pid=462205 tid=462205 inv=76 hid=3d601e71d3e3806f depth=2 name=chip.run.bind.args ts=182525447752065 dur=37122939
[mono_ns=182525484892320][T0x7a6cc9e7b740][TIMING] emit_host_span: [STRACE] v=1 pid=462205 tid=462205 inv=76 hid=3d601e71d3e3806f depth=2 name=chip.run.bind.prebuilt ts=182525484890206 dur=1082
[mono_ns=182525484894052][T0x7a6cc9e7b740][TIMING] emit_host_span: [STRACE] v=1 pid=462205 tid=462205 inv=76 hid=3d601e71d3e3806f depth=1 name=chip.run.bind ts=182525447749832 dur=37143499
[mono_ns=182525489562519][T0x7a6cc9e7b740][WARN] prepare_execution: [device_runner.cpp:343] AICPU CPU_TOPO unavailable; using json_fallback: soc=Ascend950PR_9579 occupy=0x3e stable_reachable=5 requested=0 effective=5 affinity=[1, 2, 3, 4, 5(orch)]
[mono_ns=182525491239056][T0x7a6cc9e7b740][TIMING] emit_host_span: [STRACE] v=1 pid=462205 tid=462205 inv=76 hid=3d601e71d3e3806f depth=1 name=chip.run.runner_run ts=182525489630671 dur=1606832
[mono_ns=182525498175416][T0x7a6cc9e7b740][TIMING] emit_host_span: [STRACE] v=1 pid=462205 tid=462205 inv=76 hid=3d601e71d3e3806f depth=1 name=chip.run.validate ts=182525491242340 dur=6931905
[mono_ns=182525498178741][T0x7a6cc9e7b740][TIMING] emit_host_span: [STRACE] v=1 pid=462205 tid=462205 inv=76 hid=3d601e71d3e3806f depth=2 name=chip.run.runner_run.device_wall ts=0 dur=1445267 clk=dev
[mono_ns=182525498180104][T0x7a6cc9e7b740][TIMING] emit_host_span: [STRACE] v=1 pid=462205 tid=462205 inv=76 hid=3d601e71d3e3806f depth=3 name=chip.run.runner_run.device_wall.preamble ts=0 dur=12196 clk=dev
[mono_ns=182525498181285][T0x7a6cc9e7b740][TIMING] emit_host_span: [STRACE] v=1 pid=462205 tid=462205 inv=76 hid=3d601e71d3e3806f depth=3 name=chip.run.runner_run.device_wall.graph_build ts=3332 dur=1436739 clk=dev
[mono_ns=182525498182337][T0x7a6cc9e7b740][TIMING] emit_host_span: [STRACE] v=1 pid=462205 tid=462205 inv=76 hid=3d601e71d3e3806f depth=3 name=chip.run.runner_run.device_wall.config_validate ts=3914 dur=1244 clk=dev
[mono_ns=182525498183358][T0x7a6cc9e7b740][TIMING] emit_host_span: [STRACE] v=1 pid=462205 tid=462205 inv=76 hid=3d601e71d3e3806f depth=3 name=chip.run.runner_run.device_wall.arena_wire ts=5400 dur=4101 clk=dev
[mono_ns=182525498184340][T0x7a6cc9e7b740][TIMING] emit_host_span: [STRACE] v=1 pid=462205 tid=462205 inv=76 hid=3d601e71d3e3806f depth=3 name=chip.run.runner_run.device_wall.sm_reset ts=9591 dur=5278 clk=dev
[mono_ns=182525498185381][T0x7a6cc9e7b740][TIMING] emit_host_span: [STRACE] v=1 pid=462205 tid=462205 inv=76 hid=3d601e71d3e3806f depth=3 name=chip.run.runner_run.device_wall.post_orch ts=1440199 dur=4223 clk=dev
[mono_ns=182525498186373][T0x7a6cc9e7b740][TIMING] emit_host_span: [STRACE] v=1 pid=462205 tid=462205 inv=76 hid=3d601e71d3e3806f depth=3 name=chip.run.runner_run.device_wall.orch ts=14940 dur=1327307 clk=dev
[mono_ns=182525498187364][T0x7a6cc9e7b740][TIMING] emit_host_span: [STRACE] v=1 pid=462205 tid=462205 inv=76 hid=3d601e71d3e3806f depth=3 name=chip.run.runner_run.device_wall.sched ts=15794 dur=1408266 clk=dev
[mono_ns=182525498188817][T0x7a6cc9e7b740][TIMING] emit_host_span: [STRACE] v=1 pid=462205 tid=462205 inv=76 hid=3d601e71d3e3806f depth=1 name=chip.run.claim_release ts=182525498188075 dur=131
[mono_ns=182525498190609][T0x7a6cc9e7b740][TIMING] emit_host_span: [STRACE] v=1 pid=462205 tid=462205 inv=76 hid=3d601e71d3e3806f depth=0 name=chip.run ts=182525447746917 dur=50442951 run_id=0 dispatch_id=0 slot_id=0 generation=76 run_epoch=76
[mono_ns=182525535348200][T0x7a6cc9e7b740][TIMING] emit_host_span: [STRACE] v=1 pid=462205 tid=462205 inv=77 hid=3d601e71d3e3806f depth=2 name=chip.run.bind.args ts=182525498555707 dur=36790620
[mono_ns=182525535354950][T0x7a6cc9e7b740][TIMING] emit_host_span: [STRACE] v=1 pid=462205 tid=462205 inv=77 hid=3d601e71d3e3806f depth=2 name=chip.run.bind.prebuilt ts=182525535353658 dur=691
[mono_ns=182525535356302][T0x7a6cc9e7b740][TIMING] emit_host_span: [STRACE] v=1 pid=462205 tid=462205 inv=77 hid=3d601e71d3e3806f depth=1 name=chip.run.bind ts=182525498552162 dur=36803499
[mono_ns=182525539995505][T0x7a6cc9e7b740][WARN] prepare_execution: [device_runner.cpp:343] AICPU CPU_TOPO unavailable; using json_fallback: soc=Ascend950PR_9579 occupy=0x3e stable_reachable=5 requested=0 effective=5 affinity=[1, 2, 3, 4, 5(orch)]
[mono_ns=182525541722617][T0x7a6cc9e7b740][TIMING] emit_host_span: [STRACE] v=1 pid=462205 tid=462205 inv=77 hid=3d601e71d3e3806f depth=1 name=chip.run.runner_run ts=182525540064979 dur=1656156
[mono_ns=182525548652228][T0x7a6cc9e7b740][TIMING] emit_host_span: [STRACE] v=1 pid=462205 tid=462205 inv=77 hid=3d601e71d3e3806f depth=1 name=chip.run.validate ts=182525541726083 dur=6925184
[mono_ns=182525548654351][T0x7a6cc9e7b740][TIMING] emit_host_span: [STRACE] v=1 pid=462205 tid=462205 inv=77 hid=3d601e71d3e3806f depth=2 name=chip.run.runner_run.device_wall ts=0 dur=1501986 clk=dev
[mono_ns=182525548655443][T0x7a6cc9e7b740][TIMING] emit_host_span: [STRACE] v=1 pid=462205 tid=462205 inv=77 hid=3d601e71d3e3806f depth=3 name=chip.run.runner_run.device_wall.preamble ts=0 dur=12273 clk=dev
[mono_ns=182525548656474][T0x7a6cc9e7b740][TIMING] emit_host_span: [STRACE] v=1 pid=462205 tid=462205 inv=77 hid=3d601e71d3e3806f depth=3 name=chip.run.runner_run.device_wall.graph_build ts=2982 dur=1495058 clk=dev
[mono_ns=182525548657506][T0x7a6cc9e7b740][TIMING] emit_host_span: [STRACE] v=1 pid=462205 tid=462205 inv=77 hid=3d601e71d3e3806f depth=3 name=chip.run.runner_run.device_wall.config_validate ts=3958 dur=1020 clk=dev
[mono_ns=182525548658508][T0x7a6cc9e7b740][TIMING] emit_host_span: [STRACE] v=1 pid=462205 tid=462205 inv=77 hid=3d601e71d3e3806f depth=3 name=chip.run.runner_run.device_wall.arena_wire ts=5224 dur=2239 clk=dev
[mono_ns=182525548659479][T0x7a6cc9e7b740][TIMING] emit_host_span: [STRACE] v=1 pid=462205 tid=462205 inv=77 hid=3d601e71d3e3806f depth=3 name=chip.run.runner_run.device_wall.sm_reset ts=7747 dur=4434 clk=dev
[mono_ns=182525548660490][T0x7a6cc9e7b740][TIMING] emit_host_span: [STRACE] v=1 pid=462205 tid=462205 inv=77 hid=3d601e71d3e3806f depth=3 name=chip.run.runner_run.device_wall.post_orch ts=1498059 dur=3563 clk=dev
[mono_ns=182525548661472][T0x7a6cc9e7b740][TIMING] emit_host_span: [STRACE] v=1 pid=462205 tid=462205 inv=77 hid=3d601e71d3e3806f depth=3 name=chip.run.runner_run.device_wall.orch ts=12255 dur=1361841 clk=dev
[mono_ns=182525548662453][T0x7a6cc9e7b740][TIMING] emit_host_span: [STRACE] v=1 pid=462205 tid=462205 inv=77 hid=3d601e71d3e3806f depth=3 name=chip.run.runner_run.device_wall.sched ts=13121 dur=1469071 clk=dev
[mono_ns=182525548663805][T0x7a6cc9e7b740][TIMING] emit_host_span: [STRACE] v=1 pid=462205 tid=462205 inv=77 hid=3d601e71d3e3806f depth=1 name=chip.run.claim_release ts=182525548663165 dur=100
[mono_ns=182525548665248][T0x7a6cc9e7b740][TIMING] emit_host_span: [STRACE] v=1 pid=462205 tid=462205 inv=77 hid=3d601e71d3e3806f depth=0 name=chip.run ts=182525498548446 dur=50116201 run_id=0 dispatch_id=0 slot_id=0 generation=77 run_epoch=77
[mono_ns=182525586684351][T0x7a6cc9e7b740][TIMING] emit_host_span: [STRACE] v=1 pid=462205 tid=462205 inv=78 hid=3d601e71d3e3806f depth=2 name=chip.run.bind.args ts=182525549029655 dur=37653565
[mono_ns=182525586689729][T0x7a6cc9e7b740][TIMING] emit_host_span: [STRACE] v=1 pid=462205 tid=462205 inv=78 hid=3d601e71d3e3806f depth=2 name=chip.run.bind.prebuilt ts=182525586688568 dur=550
[mono_ns=182525586691111][T0x7a6cc9e7b740][TIMING] emit_host_span: [STRACE] v=1 pid=462205 tid=462205 inv=78 hid=3d601e71d3e3806f depth=1 name=chip.run.bind ts=182525549026961 dur=37663459
[mono_ns=182525591396043][T0x7a6cc9e7b740][WARN] prepare_execution: [device_runner.cpp:343] AICPU CPU_TOPO unavailable; using json_fallback: soc=Ascend950PR_9579 occupy=0x3e stable_reachable=5 requested=0 effective=5 affinity=[1, 2, 3, 4, 5(orch)]
[mono_ns=182525593024517][T0x7a6cc9e7b740][TIMING] emit_host_span: [STRACE] v=1 pid=462205 tid=462205 inv=78 hid=3d601e71d3e3806f depth=1 name=chip.run.runner_run ts=182525591459388 dur=1563958
[mono_ns=182525599788489][T0x7a6cc9e7b740][TIMING] emit_host_span: [STRACE] v=1 pid=462205 tid=462205 inv=78 hid=3d601e71d3e3806f depth=1 name=chip.run.validate ts=182525593026641 dur=6760807
[mono_ns=182525599790663][T0x7a6cc9e7b740][TIMING] emit_host_span: [STRACE] v=1 pid=462205 tid=462205 inv=78 hid=3d601e71d3e3806f depth=2 name=chip.run.runner_run.device_wall ts=0 dur=1386910 clk=dev
[mono_ns=182525599795460][T0x7a6cc9e7b740][TIMING] emit_host_span: [STRACE] v=1 pid=462205 tid=462205 inv=78 hid=3d601e71d3e3806f depth=3 name=chip.run.runner_run.device_wall.preamble ts=0 dur=12049 clk=dev
[mono_ns=182525599796532][T0x7a6cc9e7b740][TIMING] emit_host_span: [STRACE] v=1 pid=462205 tid=462205 inv=78 hid=3d601e71d3e3806f depth=3 name=chip.run.runner_run.device_wall.graph_build ts=2595 dur=1380166 clk=dev
[mono_ns=182525599797573][T0x7a6cc9e7b740][TIMING] emit_host_span: [STRACE] v=1 pid=462205 tid=462205 inv=78 hid=3d601e71d3e3806f depth=3 name=chip.run.runner_run.device_wall.config_validate ts=3210 dur=923 clk=dev
[mono_ns=182525599798565][T0x7a6cc9e7b740][TIMING] emit_host_span: [STRACE] v=1 pid=462205 tid=462205 inv=78 hid=3d601e71d3e3806f depth=3 name=chip.run.runner_run.device_wall.arena_wire ts=4277 dur=2868 clk=dev
[mono_ns=182525599799546][T0x7a6cc9e7b740][TIMING] emit_host_span: [STRACE] v=1 pid=462205 tid=462205 inv=78 hid=3d601e71d3e3806f depth=3 name=chip.run.runner_run.device_wall.sm_reset ts=7455 dur=4742 clk=dev
[mono_ns=182525599800558][T0x7a6cc9e7b740][TIMING] emit_host_span: [STRACE] v=1 pid=462205 tid=462205 inv=78 hid=3d601e71d3e3806f depth=3 name=chip.run.runner_run.device_wall.post_orch ts=1382783 dur=3730 clk=dev
[mono_ns=182525599801529][T0x7a6cc9e7b740][TIMING] emit_host_span: [STRACE] v=1 pid=462205 tid=462205 inv=78 hid=3d601e71d3e3806f depth=3 name=chip.run.runner_run.device_wall.orch ts=12255 dur=1264909 clk=dev
[mono_ns=182525599802531][T0x7a6cc9e7b740][TIMING] emit_host_span: [STRACE] v=1 pid=462205 tid=462205 inv=78 hid=3d601e71d3e3806f depth=3 name=chip.run.runner_run.device_wall.sched ts=13114 dur=1355562 clk=dev
[mono_ns=182525599803712][T0x7a6cc9e7b740][TIMING] emit_host_span: [STRACE] v=1 pid=462205 tid=462205 inv=78 hid=3d601e71d3e3806f depth=1 name=chip.run.claim_release ts=182525599803121 dur=61
[mono_ns=182525599805144][T0x7a6cc9e7b740][TIMING] emit_host_span: [STRACE] v=1 pid=462205 tid=462205 inv=78 hid=3d601e71d3e3806f depth=0 name=chip.run ts=182525549023986 dur=50780558 run_id=0 dispatch_id=0 slot_id=0 generation=78 run_epoch=78
[mono_ns=182525637130647][T0x7a6cc9e7b740][TIMING] emit_host_span: [STRACE] v=1 pid=462205 tid=462205 inv=79 hid=3d601e71d3e3806f depth=2 name=chip.run.bind.args ts=182525600162641 dur=36966594
[mono_ns=182525637137027][T0x7a6cc9e7b740][TIMING] emit_host_span: [STRACE] v=1 pid=462205 tid=462205 inv=79 hid=3d601e71d3e3806f depth=2 name=chip.run.bind.prebuilt ts=182525637135865 dur=601
[mono_ns=182525637138409][T0x7a6cc9e7b740][TIMING] emit_host_span: [STRACE] v=1 pid=462205 tid=462205 inv=79 hid=3d601e71d3e3806f depth=1 name=chip.run.bind ts=182525600160207 dur=36977631
[mono_ns=182525641778894][T0x7a6cc9e7b740][WARN] prepare_execution: [device_runner.cpp:343] AICPU CPU_TOPO unavailable; using json_fallback: soc=Ascend950PR_9579 occupy=0x3e stable_reachable=5 requested=0 effective=5 affinity=[1, 2, 3, 4, 5(orch)]
[mono_ns=182525643368119][T0x7a6cc9e7b740][TIMING] emit_host_span: [STRACE] v=1 pid=462205 tid=462205 inv=79 hid=3d601e71d3e3806f depth=1 name=chip.run.runner_run ts=182525641840146 dur=1526641
[mono_ns=182525650317329][T0x7a6cc9e7b740][TIMING] emit_host_span: [STRACE] v=1 pid=462205 tid=462205 inv=79 hid=3d601e71d3e3806f depth=1 name=chip.run.validate ts=182525643370813 dur=6945354
[mono_ns=182525650320204][T0x7a6cc9e7b740][TIMING] emit_host_span: [STRACE] v=1 pid=462205 tid=462205 inv=79 hid=3d601e71d3e3806f depth=2 name=chip.run.runner_run.device_wall ts=0 dur=1362619 clk=dev
[mono_ns=182525650321465][T0x7a6cc9e7b740][TIMING] emit_host_span: [STRACE] v=1 pid=462205 tid=462205 inv=79 hid=3d601e71d3e3806f depth=3 name=chip.run.runner_run.device_wall.preamble ts=0 dur=12628 clk=dev
[mono_ns=182525650322647][T0x7a6cc9e7b740][TIMING] emit_host_span: [STRACE] v=1 pid=462205 tid=462205 inv=79 hid=3d601e71d3e3806f depth=3 name=chip.run.runner_run.device_wall.graph_build ts=3078 dur=1355221 clk=dev
[mono_ns=182525650326904][T0x7a6cc9e7b740][TIMING] emit_host_span: [STRACE] v=1 pid=462205 tid=462205 inv=79 hid=3d601e71d3e3806f depth=3 name=chip.run.runner_run.device_wall.config_validate ts=3373 dur=1306 clk=dev
[mono_ns=182525650327935][T0x7a6cc9e7b740][TIMING] emit_host_span: [STRACE] v=1 pid=462205 tid=462205 inv=79 hid=3d601e71d3e3806f depth=3 name=chip.run.runner_run.device_wall.arena_wire ts=4745 dur=2945 clk=dev
[mono_ns=182525650328907][T0x7a6cc9e7b740][TIMING] emit_host_span: [STRACE] v=1 pid=462205 tid=462205 inv=79 hid=3d601e71d3e3806f depth=3 name=chip.run.runner_run.device_wall.sm_reset ts=7951 dur=4459 clk=dev
[mono_ns=182525650329948][T0x7a6cc9e7b740][TIMING] emit_host_span: [STRACE] v=1 pid=462205 tid=462205 inv=79 hid=3d601e71d3e3806f depth=3 name=chip.run.runner_run.device_wall.post_orch ts=1358323 dur=4037 clk=dev
[mono_ns=182525650330940][T0x7a6cc9e7b740][TIMING] emit_host_span: [STRACE] v=1 pid=462205 tid=462205 inv=79 hid=3d601e71d3e3806f depth=3 name=chip.run.runner_run.device_wall.orch ts=12434 dur=1250051 clk=dev
[mono_ns=182525650331931][T0x7a6cc9e7b740][TIMING] emit_host_span: [STRACE] v=1 pid=462205 tid=462205 inv=79 hid=3d601e71d3e3806f depth=3 name=chip.run.runner_run.device_wall.sched ts=13169 dur=1330288 clk=dev
[mono_ns=182525650333143][T0x7a6cc9e7b740][TIMING] emit_host_span: [STRACE] v=1 pid=462205 tid=462205 inv=79 hid=3d601e71d3e3806f depth=1 name=chip.run.claim_release ts=182525650332572 dur=60
[mono_ns=182525650334565][T0x7a6cc9e7b740][TIMING] emit_host_span: [STRACE] v=1 pid=462205 tid=462205 inv=79 hid=3d601e71d3e3806f depth=0 name=chip.run ts=182525600157543 dur=50176461 run_id=0 dispatch_id=0 slot_id=0 generation=79 run_epoch=79
[mono_ns=182525687750674][T0x7a6cc9e7b740][TIMING] emit_host_span: [STRACE] v=1 pid=462205 tid=462205 inv=80 hid=3d601e71d3e3806f depth=2 name=chip.run.bind.args ts=182525650663499 dur=37085913
[mono_ns=182525687755461][T0x7a6cc9e7b740][TIMING] emit_host_span: [STRACE] v=1 pid=462205 tid=462205 inv=80 hid=3d601e71d3e3806f depth=2 name=chip.run.bind.prebuilt ts=182525687754279 dur=591
[mono_ns=182525687756713][T0x7a6cc9e7b740][TIMING] emit_host_span: [STRACE] v=1 pid=462205 tid=462205 inv=80 hid=3d601e71d3e3806f depth=1 name=chip.run.bind ts=182525650660865 dur=37095267
[mono_ns=182525692489757][T0x7a6cc9e7b740][WARN] prepare_execution: [device_runner.cpp:343] AICPU CPU_TOPO unavailable; using json_fallback: soc=Ascend950PR_9579 occupy=0x3e stable_reachable=5 requested=0 effective=5 affinity=[1, 2, 3, 4, 5(orch)]
[mono_ns=182525694149578][T0x7a6cc9e7b740][TIMING] emit_host_span: [STRACE] v=1 pid=462205 tid=462205 inv=80 hid=3d601e71d3e3806f depth=1 name=chip.run.runner_run ts=182525692553502 dur=1594453
[mono_ns=182525700895773][T0x7a6cc9e7b740][TIMING] emit_host_span: [STRACE] v=1 pid=462205 tid=462205 inv=80 hid=3d601e71d3e3806f depth=1 name=chip.run.validate ts=182525694152402 dur=6742370
[mono_ns=182525700898618][T0x7a6cc9e7b740][TIMING] emit_host_span: [STRACE] v=1 pid=462205 tid=462205 inv=80 hid=3d601e71d3e3806f depth=2 name=chip.run.runner_run.device_wall ts=0 dur=1437010 clk=dev
[mono_ns=182525700899789][T0x7a6cc9e7b740][TIMING] emit_host_span: [STRACE] v=1 pid=462205 tid=462205 inv=80 hid=3d601e71d3e3806f depth=3 name=chip.run.runner_run.device_wall.preamble ts=0 dur=14035 clk=dev
[mono_ns=182525700900851][T0x7a6cc9e7b740][TIMING] emit_host_span: [STRACE] v=1 pid=462205 tid=462205 inv=80 hid=3d601e71d3e3806f depth=3 name=chip.run.runner_run.device_wall.graph_build ts=3232 dur=1429347 clk=dev
[mono_ns=182525700901913][T0x7a6cc9e7b740][TIMING] emit_host_span: [STRACE] v=1 pid=462205 tid=462205 inv=80 hid=3d601e71d3e3806f depth=3 name=chip.run.runner_run.device_wall.config_validate ts=4043 dur=849 clk=dev
[mono_ns=182525700902934][T0x7a6cc9e7b740][TIMING] emit_host_span: [STRACE] v=1 pid=462205 tid=462205 inv=80 hid=3d601e71d3e3806f depth=3 name=chip.run.runner_run.device_wall.arena_wire ts=5134 dur=2769 clk=dev
[mono_ns=182525700903896][T0x7a6cc9e7b740][TIMING] emit_host_span: [STRACE] v=1 pid=462205 tid=462205 inv=80 hid=3d601e71d3e3806f depth=3 name=chip.run.runner_run.device_wall.sm_reset ts=7970 dur=4447 clk=dev
[mono_ns=182525700907852][T0x7a6cc9e7b740][TIMING] emit_host_span: [STRACE] v=1 pid=462205 tid=462205 inv=80 hid=3d601e71d3e3806f depth=3 name=chip.run.runner_run.device_wall.post_orch ts=1432593 dur=3620 clk=dev
[mono_ns=182525700908853][T0x7a6cc9e7b740][TIMING] emit_host_span: [STRACE] v=1 pid=462205 tid=462205 inv=80 hid=3d601e71d3e3806f depth=3 name=chip.run.runner_run.device_wall.orch ts=12474 dur=1322254 clk=dev
[mono_ns=182525700909865][T0x7a6cc9e7b740][TIMING] emit_host_span: [STRACE] v=1 pid=462205 tid=462205 inv=80 hid=3d601e71d3e3806f depth=3 name=chip.run.runner_run.device_wall.sched ts=13811 dur=1402743 clk=dev
[mono_ns=182525700911136][T0x7a6cc9e7b740][TIMING] emit_host_span: [STRACE] v=1 pid=462205 tid=462205 inv=80 hid=3d601e71d3e3806f depth=1 name=chip.run.claim_release ts=182525700910546 dur=60
[mono_ns=182525700912559][T0x7a6cc9e7b740][TIMING] emit_host_span: [STRACE] v=1 pid=462205 tid=462205 inv=80 hid=3d601e71d3e3806f depth=0 name=chip.run ts=182525650658011 dur=50253977 run_id=0 dispatch_id=0 slot_id=0 generation=80 run_epoch=80
[mono_ns=182525738038331][T0x7a6cc9e7b740][TIMING] emit_host_span: [STRACE] v=1 pid=462205 tid=462205 inv=81 hid=3d601e71d3e3806f depth=2 name=chip.run.bind.args ts=182525701250496 dur=36786744
[mono_ns=182525738043379][T0x7a6cc9e7b740][TIMING] emit_host_span: [STRACE] v=1 pid=462205 tid=462205 inv=81 hid=3d601e71d3e3806f depth=2 name=chip.run.bind.prebuilt ts=182525738042237 dur=561
[mono_ns=182525738044721][T0x7a6cc9e7b740][TIMING] emit_host_span: [STRACE] v=1 pid=462205 tid=462205 inv=81 hid=3d601e71d3e3806f depth=1 name=chip.run.bind ts=182525701247922 dur=36796218
[mono_ns=182525742720178][T0x7a6cc9e7b740][WARN] prepare_execution: [device_runner.cpp:343] AICPU CPU_TOPO unavailable; using json_fallback: soc=Ascend950PR_9579 occupy=0x3e stable_reachable=5 requested=0 effective=5 affinity=[1, 2, 3, 4, 5(orch)]
[mono_ns=182525744301221][T0x7a6cc9e7b740][TIMING] emit_host_span: [STRACE] v=1 pid=462205 tid=462205 inv=81 hid=3d601e71d3e3806f depth=1 name=chip.run.runner_run ts=182525742780068 dur=1519932
[mono_ns=182525750878343][T0x7a6cc9e7b740][TIMING] emit_host_span: [STRACE] v=1 pid=462205 tid=462205 inv=81 hid=3d601e71d3e3806f depth=1 name=chip.run.validate ts=182525744304116 dur=6573216
[mono_ns=182525750880847][T0x7a6cc9e7b740][TIMING] emit_host_span: [STRACE] v=1 pid=462205 tid=462205 inv=81 hid=3d601e71d3e3806f depth=2 name=chip.run.runner_run.device_wall ts=0 dur=1377966 clk=dev
[mono_ns=182525750882069][T0x7a6cc9e7b740][TIMING] emit_host_span: [STRACE] v=1 pid=462205 tid=462205 inv=81 hid=3d601e71d3e3806f depth=3 name=chip.run.runner_run.device_wall.preamble ts=0 dur=11671 clk=dev
[mono_ns=182525750883160][T0x7a6cc9e7b740][TIMING] emit_host_span: [STRACE] v=1 pid=462205 tid=462205 inv=81 hid=3d601e71d3e3806f depth=3 name=chip.run.runner_run.device_wall.graph_build ts=2298 dur=1371146 clk=dev
[mono_ns=182525750884182][T0x7a6cc9e7b740][TIMING] emit_host_span: [STRACE] v=1 pid=462205 tid=462205 inv=81 hid=3d601e71d3e3806f depth=3 name=chip.run.runner_run.device_wall.config_validate ts=2498 dur=1509 clk=dev
[mono_ns=182525750885163][T0x7a6cc9e7b740][TIMING] emit_host_span: [STRACE] v=1 pid=462205 tid=462205 inv=81 hid=3d601e71d3e3806f depth=3 name=chip.run.runner_run.device_wall.arena_wire ts=4069 dur=2540 clk=dev
[mono_ns=182525750886165][T0x7a6cc9e7b740][TIMING] emit_host_span: [STRACE] v=1 pid=462205 tid=462205 inv=81 hid=3d601e71d3e3806f depth=3 name=chip.run.runner_run.device_wall.sm_reset ts=6880 dur=3614 clk=dev
[mono_ns=182525750887186][T0x7a6cc9e7b740][TIMING] emit_host_span: [STRACE] v=1 pid=462205 tid=462205 inv=81 hid=3d601e71d3e3806f depth=3 name=chip.run.runner_run.device_wall.post_orch ts=1373463 dur=3740 clk=dev
[mono_ns=182525750888178][T0x7a6cc9e7b740][TIMING] emit_host_span: [STRACE] v=1 pid=462205 tid=462205 inv=81 hid=3d601e71d3e3806f depth=3 name=chip.run.runner_run.device_wall.orch ts=10664 dur=1222177 clk=dev
[mono_ns=182525750889199][T0x7a6cc9e7b740][TIMING] emit_host_span: [STRACE] v=1 pid=462205 tid=462205 inv=81 hid=3d601e71d3e3806f depth=3 name=chip.run.runner_run.device_wall.sched ts=11940 dur=1346764 clk=dev
[mono_ns=182525750892755][T0x7a6cc9e7b740][TIMING] emit_host_span: [STRACE] v=1 pid=462205 tid=462205 inv=81 hid=3d601e71d3e3806f depth=1 name=chip.run.claim_release ts=182525750892144 dur=50
[mono_ns=182525750894147][T0x7a6cc9e7b740][TIMING] emit_host_span: [STRACE] v=1 pid=462205 tid=462205 inv=81 hid=3d601e71d3e3806f depth=0 name=chip.run ts=182525701245328 dur=49648228 run_id=0 dispatch_id=0 slot_id=0 generation=81 run_epoch=81
[mono_ns=182525787289563][T0x7a6cc9e7b740][TIMING] emit_host_span: [STRACE] v=1 pid=462205 tid=462205 inv=82 hid=3d601e71d3e3806f depth=2 name=chip.run.bind.args ts=182525751232204 dur=36056268
[mono_ns=182525787297045][T0x7a6cc9e7b740][TIMING] emit_host_span: [STRACE] v=1 pid=462205 tid=462205 inv=82 hid=3d601e71d3e3806f depth=2 name=chip.run.bind.prebuilt ts=182525787295993 dur=461
[mono_ns=182525787298257][T0x7a6cc9e7b740][TIMING] emit_host_span: [STRACE] v=1 pid=462205 tid=462205 inv=82 hid=3d601e71d3e3806f depth=1 name=chip.run.bind ts=182525751229991 dur=36067705
[mono_ns=182525792004801][T0x7a6cc9e7b740][WARN] prepare_execution: [device_runner.cpp:343] AICPU CPU_TOPO unavailable; using json_fallback: soc=Ascend950PR_9579 occupy=0x3e stable_reachable=5 requested=0 effective=5 affinity=[1, 2, 3, 4, 5(orch)]
[mono_ns=182525793578362][T0x7a6cc9e7b740][TIMING] emit_host_span: [STRACE] v=1 pid=462205 tid=462205 inv=82 hid=3d601e71d3e3806f depth=1 name=chip.run.runner_run ts=182525792066183 dur=1511368
[mono_ns=182525800479050][T0x7a6cc9e7b740][TIMING] emit_host_span: [STRACE] v=1 pid=462205 tid=462205 inv=82 hid=3d601e71d3e3806f depth=1 name=chip.run.validate ts=182525793580706 dur=6897282
[mono_ns=182525800482004][T0x7a6cc9e7b740][TIMING] emit_host_span: [STRACE] v=1 pid=462205 tid=462205 inv=82 hid=3d601e71d3e3806f depth=2 name=chip.run.runner_run.device_wall ts=0 dur=1367630 clk=dev
[mono_ns=182525800483116][T0x7a6cc9e7b740][TIMING] emit_host_span: [STRACE] v=1 pid=462205 tid=462205 inv=82 hid=3d601e71d3e3806f depth=3 name=chip.run.runner_run.device_wall.preamble ts=0 dur=12285 clk=dev
[mono_ns=182525800484127][T0x7a6cc9e7b740][TIMING] emit_host_span: [STRACE] v=1 pid=462205 tid=462205 inv=82 hid=3d601e71d3e3806f depth=3 name=chip.run.runner_run.device_wall.graph_build ts=2461 dur=1361274 clk=dev
[mono_ns=182525800485139][T0x7a6cc9e7b740][TIMING] emit_host_span: [STRACE] v=1 pid=462205 tid=462205 inv=82 hid=3d601e71d3e3806f depth=3 name=chip.run.runner_run.device_wall.config_validate ts=3033 dur=1131 clk=dev
[mono_ns=182525800486150][T0x7a6cc9e7b740][TIMING] emit_host_span: [STRACE] v=1 pid=462205 tid=462205 inv=82 hid=3d601e71d3e3806f depth=3 name=chip.run.runner_run.device_wall.arena_wire ts=4223 dur=3300 clk=dev
[mono_ns=182525800487132][T0x7a6cc9e7b740][TIMING] emit_host_span: [STRACE] v=1 pid=462205 tid=462205 inv=82 hid=3d601e71d3e3806f depth=3 name=chip.run.runner_run.device_wall.sm_reset ts=7545 dur=4118 clk=dev
[mono_ns=182525800488154][T0x7a6cc9e7b740][TIMING] emit_host_span: [STRACE] v=1 pid=462205 tid=462205 inv=82 hid=3d601e71d3e3806f depth=3 name=chip.run.runner_run.device_wall.post_orch ts=1363794 dur=3460 clk=dev
[mono_ns=182525800489135][T0x7a6cc9e7b740][TIMING] emit_host_span: [STRACE] v=1 pid=462205 tid=462205 inv=82 hid=3d601e71d3e3806f depth=3 name=chip.run.runner_run.device_wall.orch ts=11735 dur=1254203 clk=dev
[mono_ns=182525800490106][T0x7a6cc9e7b740][TIMING] emit_host_span: [STRACE] v=1 pid=462205 tid=462205 inv=82 hid=3d601e71d3e3806f depth=3 name=chip.run.runner_run.device_wall.sched ts=12986 dur=1335874 clk=dev
[mono_ns=182525800491428][T0x7a6cc9e7b740][TIMING] emit_host_span: [STRACE] v=1 pid=462205 tid=462205 inv=82 hid=3d601e71d3e3806f depth=1 name=chip.run.claim_release ts=182525800490878 dur=30
[mono_ns=182525800492911][T0x7a6cc9e7b740][TIMING] emit_host_span: [STRACE] v=1 pid=462205 tid=462205 inv=82 hid=3d601e71d3e3806f depth=0 name=chip.run ts=182525751227748 dur=49264562 run_id=0 dispatch_id=0 slot_id=0 generation=82 run_epoch=82
[mono_ns=182525836864281][T0x7a6cc9e7b740][TIMING] emit_host_span: [STRACE] v=1 pid=462205 tid=462205 inv=83 hid=3d601e71d3e3806f depth=2 name=chip.run.bind.args ts=182525800825880 dur=36036258
[mono_ns=182525836869749][T0x7a6cc9e7b740][TIMING] emit_host_span: [STRACE] v=1 pid=462205 tid=462205 inv=83 hid=3d601e71d3e3806f depth=2 name=chip.run.bind.prebuilt ts=182525836868698 dur=501
[mono_ns=182525836871292][T0x7a6cc9e7b740][TIMING] emit_host_span: [STRACE] v=1 pid=462205 tid=462205 inv=83 hid=3d601e71d3e3806f depth=1 name=chip.run.bind ts=182525800823607 dur=36047034
[mono_ns=182525841511877][T0x7a6cc9e7b740][WARN] prepare_execution: [device_runner.cpp:343] AICPU CPU_TOPO unavailable; using json_fallback: soc=Ascend950PR_9579 occupy=0x3e stable_reachable=5 requested=0 effective=5 affinity=[1, 2, 3, 4, 5(orch)]
[mono_ns=182525843044016][T0x7a6cc9e7b740][TIMING] emit_host_span: [STRACE] v=1 pid=462205 tid=462205 inv=83 hid=3d601e71d3e3806f depth=1 name=chip.run.runner_run ts=182525841578617 dur=1464678
[mono_ns=182525849725835][T0x7a6cc9e7b740][TIMING] emit_host_span: [STRACE] v=1 pid=462205 tid=462205 inv=83 hid=3d601e71d3e3806f depth=1 name=chip.run.validate ts=182525843046380 dur=6678524
[mono_ns=182525849728930][T0x7a6cc9e7b740][TIMING] emit_host_span: [STRACE] v=1 pid=462205 tid=462205 inv=83 hid=3d601e71d3e3806f depth=2 name=chip.run.runner_run.device_wall ts=0 dur=1315394 clk=dev
[mono_ns=182525849730162][T0x7a6cc9e7b740][TIMING] emit_host_span: [STRACE] v=1 pid=462205 tid=462205 inv=83 hid=3d601e71d3e3806f depth=3 name=chip.run.runner_run.device_wall.preamble ts=0 dur=13020 clk=dev
[mono_ns=182525849731183][T0x7a6cc9e7b740][TIMING] emit_host_span: [STRACE] v=1 pid=462205 tid=462205 inv=83 hid=3d601e71d3e3806f depth=3 name=chip.run.runner_run.device_wall.graph_build ts=3293 dur=1307271 clk=dev
[mono_ns=182525849732205][T0x7a6cc9e7b740][TIMING] emit_host_span: [STRACE] v=1 pid=462205 tid=462205 inv=83 hid=3d601e71d3e3806f depth=3 name=chip.run.runner_run.device_wall.config_validate ts=3678 dur=1381 clk=dev
[mono_ns=182525849733196][T0x7a6cc9e7b740][TIMING] emit_host_span: [STRACE] v=1 pid=462205 tid=462205 inv=83 hid=3d601e71d3e3806f depth=3 name=chip.run.runner_run.device_wall.arena_wire ts=5125 dur=3052 clk=dev
[mono_ns=182525849734158][T0x7a6cc9e7b740][TIMING] emit_host_span: [STRACE] v=1 pid=462205 tid=462205 inv=83 hid=3d601e71d3e3806f depth=3 name=chip.run.runner_run.device_wall.sm_reset ts=8483 dur=4346 clk=dev
[mono_ns=182525849735169][T0x7a6cc9e7b740][TIMING] emit_host_span: [STRACE] v=1 pid=462205 tid=462205 inv=83 hid=3d601e71d3e3806f depth=3 name=chip.run.runner_run.device_wall.post_orch ts=1310621 dur=4041 clk=dev
[mono_ns=182525849736161][T0x7a6cc9e7b740][TIMING] emit_host_span: [STRACE] v=1 pid=462205 tid=462205 inv=83 hid=3d601e71d3e3806f depth=3 name=chip.run.runner_run.device_wall.orch ts=12901 dur=1218740 clk=dev
[mono_ns=182525849737142][T0x7a6cc9e7b740][TIMING] emit_host_span: [STRACE] v=1 pid=462205 tid=462205 inv=83 hid=3d601e71d3e3806f depth=3 name=chip.run.runner_run.device_wall.sched ts=13485 dur=1281901 clk=dev
[mono_ns=182525849738464][T0x7a6cc9e7b740][TIMING] emit_host_span: [STRACE] v=1 pid=462205 tid=462205 inv=83 hid=3d601e71d3e3806f depth=1 name=chip.run.claim_release ts=182525849737923 dur=40
[mono_ns=182525849739836][T0x7a6cc9e7b740][TIMING] emit_host_span: [STRACE] v=1 pid=462205 tid=462205 inv=83 hid=3d601e71d3e3806f depth=0 name=chip.run ts=182525800821153 dur=48918132 run_id=0 dispatch_id=0 slot_id=0 generation=83 run_epoch=83
[mono_ns=182525886253921][T0x7a6cc9e7b740][TIMING] emit_host_span: [STRACE] v=1 pid=462205 tid=462205 inv=84 hid=3d601e71d3e3806f depth=2 name=chip.run.bind.args ts=182525850088700 dur=36163689
[mono_ns=182525886258808][T0x7a6cc9e7b740][TIMING] emit_host_span: [STRACE] v=1 pid=462205 tid=462205 inv=84 hid=3d601e71d3e3806f depth=2 name=chip.run.bind.prebuilt ts=182525886257797 dur=440
[mono_ns=182525886260361][T0x7a6cc9e7b740][TIMING] emit_host_span: [STRACE] v=1 pid=462205 tid=462205 inv=84 hid=3d601e71d3e3806f depth=1 name=chip.run.bind ts=182525850086366 dur=36173294
[mono_ns=182525890934076][T0x7a6cc9e7b740][WARN] prepare_execution: [device_runner.cpp:343] AICPU CPU_TOPO unavailable; using json_fallback: soc=Ascend950PR_9579 occupy=0x3e stable_reachable=5 requested=0 effective=5 affinity=[1, 2, 3, 4, 5(orch)]
[mono_ns=182525892496300][T0x7a6cc9e7b740][TIMING] emit_host_span: [STRACE] v=1 pid=462205 tid=462205 inv=84 hid=3d601e71d3e3806f depth=1 name=chip.run.runner_run ts=182525890993645 dur=1501944
[mono_ns=182525898476055][T0x7a6cc9e7b740][TIMING] emit_host_span: [STRACE] v=1 pid=462205 tid=462205 inv=84 hid=3d601e71d3e3806f depth=1 name=chip.run.validate ts=182525892498604 dur=5976450
[mono_ns=182525898478329][T0x7a6cc9e7b740][TIMING] emit_host_span: [STRACE] v=1 pid=462205 tid=462205 inv=84 hid=3d601e71d3e3806f depth=2 name=chip.run.runner_run.device_wall ts=0 dur=1356793 clk=dev
[mono_ns=182525898479420][T0x7a6cc9e7b740][TIMING] emit_host_span: [STRACE] v=1 pid=462205 tid=462205 inv=84 hid=3d601e71d3e3806f depth=3 name=chip.run.runner_run.device_wall.preamble ts=0 dur=12728 clk=dev
[mono_ns=182525898480442][T0x7a6cc9e7b740][TIMING] emit_host_span: [STRACE] v=1 pid=462205 tid=462205 inv=84 hid=3d601e71d3e3806f depth=3 name=chip.run.runner_run.device_wall.graph_build ts=3657 dur=1348971 clk=dev
[mono_ns=182525898481484][T0x7a6cc9e7b740][TIMING] emit_host_span: [STRACE] v=1 pid=462205 tid=462205 inv=84 hid=3d601e71d3e3806f depth=3 name=chip.run.runner_run.device_wall.config_validate ts=4223 dur=896 clk=dev
[mono_ns=182525898482505][T0x7a6cc9e7b740][TIMING] emit_host_span: [STRACE] v=1 pid=462205 tid=462205 inv=84 hid=3d601e71d3e3806f depth=3 name=chip.run.runner_run.device_wall.arena_wire ts=5375 dur=2894 clk=dev
[mono_ns=182525898483497][T0x7a6cc9e7b740][TIMING] emit_host_span: [STRACE] v=1 pid=462205 tid=462205 inv=84 hid=3d601e71d3e3806f depth=3 name=chip.run.runner_run.device_wall.sm_reset ts=8300 dur=5170 clk=dev
[mono_ns=182525898484478][T0x7a6cc9e7b740][TIMING] emit_host_span: [STRACE] v=1 pid=462205 tid=462205 inv=84 hid=3d601e71d3e3806f depth=3 name=chip.run.runner_run.device_wall.post_orch ts=1352652 dur=3734 clk=dev
[mono_ns=182525898485470][T0x7a6cc9e7b740][TIMING] emit_host_span: [STRACE] v=1 pid=462205 tid=462205 inv=84 hid=3d601e71d3e3806f depth=3 name=chip.run.runner_run.device_wall.orch ts=13712 dur=1250229 clk=dev
[mono_ns=182525898486471][T0x7a6cc9e7b740][TIMING] emit_host_span: [STRACE] v=1 pid=462205 tid=462205 inv=84 hid=3d601e71d3e3806f depth=3 name=chip.run.runner_run.device_wall.sched ts=14399 dur=1324991 clk=dev
[mono_ns=182525898487663][T0x7a6cc9e7b740][TIMING] emit_host_span: [STRACE] v=1 pid=462205 tid=462205 inv=84 hid=3d601e71d3e3806f depth=1 name=chip.run.claim_release ts=182525898487112 dur=40
[mono_ns=182525898489065][T0x7a6cc9e7b740][TIMING] emit_host_span: [STRACE] v=1 pid=462205 tid=462205 inv=84 hid=3d601e71d3e3806f depth=0 name=chip.run ts=182525850083482 dur=48405042 run_id=0 dispatch_id=0 slot_id=0 generation=84 run_epoch=84
[mono_ns=182525935463130][T0x7a6cc9e7b740][TIMING] emit_host_span: [STRACE] v=1 pid=462205 tid=462205 inv=85 hid=3d601e71d3e3806f depth=2 name=chip.run.bind.args ts=182525898827753 dur=36633534
[mono_ns=182525935467076][T0x7a6cc9e7b740][TIMING] emit_host_span: [STRACE] v=1 pid=462205 tid=462205 inv=85 hid=3d601e71d3e3806f depth=2 name=chip.run.bind.prebuilt ts=182525935466044 dur=471
[mono_ns=182525935468568][T0x7a6cc9e7b740][TIMING] emit_host_span: [STRACE] v=1 pid=462205 tid=462205 inv=85 hid=3d601e71d3e3806f depth=1 name=chip.run.bind ts=182525898824979 dur=36642958
[mono_ns=182525940167481][T0x7a6cc9e7b740][WARN] prepare_execution: [device_runner.cpp:343] AICPU CPU_TOPO unavailable; using json_fallback: soc=Ascend950PR_9579 occupy=0x3e stable_reachable=5 requested=0 effective=5 affinity=[1, 2, 3, 4, 5(orch)]
[mono_ns=182525941910367][T0x7a6cc9e7b740][TIMING] emit_host_span: [STRACE] v=1 pid=462205 tid=462205 inv=85 hid=3d601e71d3e3806f depth=1 name=chip.run.runner_run ts=182525940227221 dur=1681874
[mono_ns=182525948409071][T0x7a6cc9e7b740][TIMING] emit_host_span: [STRACE] v=1 pid=462205 tid=462205 inv=85 hid=3d601e71d3e3806f depth=1 name=chip.run.validate ts=182525941912580 dur=6495409
[mono_ns=182525948413698][T0x7a6cc9e7b740][TIMING] emit_host_span: [STRACE] v=1 pid=462205 tid=462205 inv=85 hid=3d601e71d3e3806f depth=2 name=chip.run.runner_run.device_wall ts=0 dur=1536536 clk=dev
[mono_ns=182525948414779][T0x7a6cc9e7b740][TIMING] emit_host_span: [STRACE] v=1 pid=462205 tid=462205 inv=85 hid=3d601e71d3e3806f depth=3 name=chip.run.runner_run.device_wall.preamble ts=0 dur=12106 clk=dev
[mono_ns=182525948415811][T0x7a6cc9e7b740][TIMING] emit_host_span: [STRACE] v=1 pid=462205 tid=462205 inv=85 hid=3d601e71d3e3806f depth=3 name=chip.run.runner_run.device_wall.graph_build ts=3108 dur=1528684 clk=dev
[mono_ns=182525948416823][T0x7a6cc9e7b740][TIMING] emit_host_span: [STRACE] v=1 pid=462205 tid=462205 inv=85 hid=3d601e71d3e3806f depth=3 name=chip.run.runner_run.device_wall.config_validate ts=3819 dur=1626 clk=dev
[mono_ns=182525948417814][T0x7a6cc9e7b740][TIMING] emit_host_span: [STRACE] v=1 pid=462205 tid=462205 inv=85 hid=3d601e71d3e3806f depth=3 name=chip.run.runner_run.device_wall.arena_wire ts=5750 dur=3204 clk=dev
[mono_ns=182525948418795][T0x7a6cc9e7b740][TIMING] emit_host_span: [STRACE] v=1 pid=462205 tid=462205 inv=85 hid=3d601e71d3e3806f depth=3 name=chip.run.runner_run.device_wall.sm_reset ts=9033 dur=3963 clk=dev
[mono_ns=182525948419787][T0x7a6cc9e7b740][TIMING] emit_host_span: [STRACE] v=1 pid=462205 tid=462205 inv=85 hid=3d601e71d3e3806f depth=3 name=chip.run.runner_run.device_wall.post_orch ts=1531805 dur=4552 clk=dev
[mono_ns=182525948420768][T0x7a6cc9e7b740][TIMING] emit_host_span: [STRACE] v=1 pid=462205 tid=462205 inv=85 hid=3d601e71d3e3806f depth=3 name=chip.run.runner_run.device_wall.orch ts=13126 dur=1420360 clk=dev
[mono_ns=182525948421740][T0x7a6cc9e7b740][TIMING] emit_host_span: [STRACE] v=1 pid=462205 tid=462205 inv=85 hid=3d601e71d3e3806f depth=3 name=chip.run.runner_run.device_wall.sched ts=13910 dur=1505332 clk=dev
[mono_ns=182525948422932][T0x7a6cc9e7b740][TIMING] emit_host_span: [STRACE] v=1 pid=462205 tid=462205 inv=85 hid=3d601e71d3e3806f depth=1 name=chip.run.claim_release ts=182525948422371 dur=40
[mono_ns=182525948424344][T0x7a6cc9e7b740][TIMING] emit_host_span: [STRACE] v=1 pid=462205 tid=462205 inv=85 hid=3d601e71d3e3806f depth=0 name=chip.run ts=182525898822606 dur=49601177 run_id=0 dispatch_id=0 slot_id=0 generation=85 run_epoch=85
[mono_ns=182525984419269][T0x7a6cc9e7b740][TIMING] emit_host_span: [STRACE] v=1 pid=462205 tid=462205 inv=86 hid=3d601e71d3e3806f depth=2 name=chip.run.bind.args ts=182525948752947 dur=35664670
[mono_ns=182525984424217][T0x7a6cc9e7b740][TIMING] emit_host_span: [STRACE] v=1 pid=462205 tid=462205 inv=86 hid=3d601e71d3e3806f depth=2 name=chip.run.bind.prebuilt ts=182525984423185 dur=471
[mono_ns=182525984425859][T0x7a6cc9e7b740][TIMING] emit_host_span: [STRACE] v=1 pid=462205 tid=462205 inv=86 hid=3d601e71d3e3806f depth=1 name=chip.run.bind ts=182525948750233 dur=35674955
[mono_ns=182525989093425][T0x7a6cc9e7b740][WARN] prepare_execution: [device_runner.cpp:343] AICPU CPU_TOPO unavailable; using json_fallback: soc=Ascend950PR_9579 occupy=0x3e stable_reachable=5 requested=0 effective=5 affinity=[1, 2, 3, 4, 5(orch)]
[mono_ns=182525990686856][T0x7a6cc9e7b740][TIMING] emit_host_span: [STRACE] v=1 pid=462205 tid=462205 inv=86 hid=3d601e71d3e3806f depth=1 name=chip.run.runner_run ts=182525989152513 dur=1533552
[mono_ns=182525997254043][T0x7a6cc9e7b740][TIMING] emit_host_span: [STRACE] v=1 pid=462205 tid=462205 inv=86 hid=3d601e71d3e3806f depth=1 name=chip.run.validate ts=182525990689540 dur=6563532
[mono_ns=182525997256216][T0x7a6cc9e7b740][TIMING] emit_host_span: [STRACE] v=1 pid=462205 tid=462205 inv=86 hid=3d601e71d3e3806f depth=2 name=chip.run.runner_run.device_wall ts=0 dur=1382144 clk=dev
[mono_ns=182525997257438][T0x7a6cc9e7b740][TIMING] emit_host_span: [STRACE] v=1 pid=462205 tid=462205 inv=86 hid=3d601e71d3e3806f depth=3 name=chip.run.runner_run.device_wall.preamble ts=0 dur=12888 clk=dev
[mono_ns=182525997263568][T0x7a6cc9e7b740][TIMING] emit_host_span: [STRACE] v=1 pid=462205 tid=462205 inv=86 hid=3d601e71d3e3806f depth=3 name=chip.run.runner_run.device_wall.graph_build ts=3452 dur=1374011 clk=dev
[mono_ns=182525997264609][T0x7a6cc9e7b740][TIMING] emit_host_span: [STRACE] v=1 pid=462205 tid=462205 inv=86 hid=3d601e71d3e3806f depth=3 name=chip.run.runner_run.device_wall.config_validate ts=4030 dur=1377 clk=dev
[mono_ns=182525997265621][T0x7a6cc9e7b740][TIMING] emit_host_span: [STRACE] v=1 pid=462205 tid=462205 inv=86 hid=3d601e71d3e3806f depth=3 name=chip.run.runner_run.device_wall.arena_wire ts=5651 dur=2939 clk=dev
[mono_ns=182525997266632][T0x7a6cc9e7b740][TIMING] emit_host_span: [STRACE] v=1 pid=462205 tid=462205 inv=86 hid=3d601e71d3e3806f depth=3 name=chip.run.runner_run.device_wall.sm_reset ts=8666 dur=4061 clk=dev
[mono_ns=182525997267934][T0x7a6cc9e7b740][TIMING] emit_host_span: [STRACE] v=1 pid=462205 tid=462205 inv=86 hid=3d601e71d3e3806f depth=3 name=chip.run.runner_run.device_wall.post_orch ts=1377477 dur=3946 clk=dev
[mono_ns=182525997268916][T0x7a6cc9e7b740][TIMING] emit_host_span: [STRACE] v=1 pid=462205 tid=462205 inv=86 hid=3d601e71d3e3806f depth=3 name=chip.run.runner_run.device_wall.orch ts=12842 dur=1237898 clk=dev
[mono_ns=182525997269917][T0x7a6cc9e7b740][TIMING] emit_host_span: [STRACE] v=1 pid=462205 tid=462205 inv=86 hid=3d601e71d3e3806f depth=3 name=chip.run.runner_run.device_wall.sched ts=13470 dur=1349242 clk=dev
[mono_ns=182525997271089][T0x7a6cc9e7b740][TIMING] emit_host_span: [STRACE] v=1 pid=462205 tid=462205 inv=86 hid=3d601e71d3e3806f depth=1 name=chip.run.claim_release ts=182525997270538 dur=30
[mono_ns=182525997272571][T0x7a6cc9e7b740][TIMING] emit_host_span: [STRACE] v=1 pid=462205 tid=462205 inv=86 hid=3d601e71d3e3806f depth=0 name=chip.run ts=182525948747819 dur=48524141 run_id=0 dispatch_id=0 slot_id=0 generation=86 run_epoch=86
[mono_ns=182526033935319][T0x7a6cc9e7b740][TIMING] emit_host_span: [STRACE] v=1 pid=462205 tid=462205 inv=87 hid=3d601e71d3e3806f depth=2 name=chip.run.bind.args ts=182525997594344 dur=36338752
[mono_ns=182526033940437][T0x7a6cc9e7b740][TIMING] emit_host_span: [STRACE] v=1 pid=462205 tid=462205 inv=87 hid=3d601e71d3e3806f depth=2 name=chip.run.bind.prebuilt ts=182526033939295 dur=541
[mono_ns=182526033942059][T0x7a6cc9e7b740][TIMING] emit_host_span: [STRACE] v=1 pid=462205 tid=462205 inv=87 hid=3d601e71d3e3806f depth=1 name=chip.run.bind ts=182525997591590 dur=36349748
[mono_ns=182526038570236][T0x7a6cc9e7b740][WARN] prepare_execution: [device_runner.cpp:343] AICPU CPU_TOPO unavailable; using json_fallback: soc=Ascend950PR_9579 occupy=0x3e stable_reachable=5 requested=0 effective=5 affinity=[1, 2, 3, 4, 5(orch)]
[mono_ns=182526040234433][T0x7a6cc9e7b740][TIMING] emit_host_span: [STRACE] v=1 pid=462205 tid=462205 inv=87 hid=3d601e71d3e3806f depth=1 name=chip.run.runner_run ts=182526038629364 dur=1604248
[mono_ns=182526046859707][T0x7a6cc9e7b740][TIMING] emit_host_span: [STRACE] v=1 pid=462205 tid=462205 inv=87 hid=3d601e71d3e3806f depth=1 name=chip.run.validate ts=182526040236627 dur=6621879
[mono_ns=182526046861881][T0x7a6cc9e7b740][TIMING] emit_host_span: [STRACE] v=1 pid=462205 tid=462205 inv=87 hid=3d601e71d3e3806f depth=2 name=chip.run.runner_run.device_wall ts=0 dur=1461050 clk=dev
[mono_ns=182526046863022][T0x7a6cc9e7b740][TIMING] emit_host_span: [STRACE] v=1 pid=462205 tid=462205 inv=87 hid=3d601e71d3e3806f depth=3 name=chip.run.runner_run.device_wall.preamble ts=0 dur=12155 clk=dev
[mono_ns=182526046864054][T0x7a6cc9e7b740][TIMING] emit_host_span: [STRACE] v=1 pid=462205 tid=462205 inv=87 hid=3d601e71d3e3806f depth=3 name=chip.run.runner_run.device_wall.graph_build ts=2509 dur=1454423 clk=dev
[mono_ns=182526046865065][T0x7a6cc9e7b740][TIMING] emit_host_span: [STRACE] v=1 pid=462205 tid=462205 inv=87 hid=3d601e71d3e3806f depth=3 name=chip.run.runner_run.device_wall.config_validate ts=3150 dur=1277 clk=dev
[mono_ns=182526046866067][T0x7a6cc9e7b740][TIMING] emit_host_span: [STRACE] v=1 pid=462205 tid=462205 inv=87 hid=3d601e71d3e3806f depth=3 name=chip.run.runner_run.device_wall.arena_wire ts=4492 dur=3013 clk=dev
[mono_ns=182526046868621][T0x7a6cc9e7b740][TIMING] emit_host_span: [STRACE] v=1 pid=462205 tid=462205 inv=87 hid=3d601e71d3e3806f depth=3 name=chip.run.runner_run.device_wall.sm_reset ts=7528 dur=5032 clk=dev
[mono_ns=182526046869642][T0x7a6cc9e7b740][TIMING] emit_host_span: [STRACE] v=1 pid=462205 tid=462205 inv=87 hid=3d601e71d3e3806f depth=3 name=chip.run.runner_run.device_wall.post_orch ts=1456946 dur=3710 clk=dev
[mono_ns=182526046870624][T0x7a6cc9e7b740][TIMING] emit_host_span: [STRACE] v=1 pid=462205 tid=462205 inv=87 hid=3d601e71d3e3806f depth=3 name=chip.run.runner_run.device_wall.orch ts=12809 dur=1352303 clk=dev
[mono_ns=182526046871595][T0x7a6cc9e7b740][TIMING] emit_host_span: [STRACE] v=1 pid=462205 tid=462205 inv=87 hid=3d601e71d3e3806f depth=3 name=chip.run.runner_run.device_wall.sched ts=13251 dur=1429436 clk=dev
[mono_ns=182526046872777][T0x7a6cc9e7b740][TIMING] emit_host_span: [STRACE] v=1 pid=462205 tid=462205 inv=87 hid=3d601e71d3e3806f depth=1 name=chip.run.claim_release ts=182526046872196 dur=40
[mono_ns=182526046874199][T0x7a6cc9e7b740][TIMING] emit_host_span: [STRACE] v=1 pid=462205 tid=462205 inv=87 hid=3d601e71d3e3806f depth=0 name=chip.run ts=182525997588786 dur=49284822 run_id=0 dispatch_id=0 slot_id=0 generation=87 run_epoch=87
[mono_ns=182526082881954][T0x7a6cc9e7b740][TIMING] emit_host_span: [STRACE] v=1 pid=462205 tid=462205 inv=88 hid=3d601e71d3e3806f depth=2 name=chip.run.bind.args ts=182526047213639 dur=35667393
[mono_ns=182526082889465][T0x7a6cc9e7b740][TIMING] emit_host_span: [STRACE] v=1 pid=462205 tid=462205 inv=88 hid=3d601e71d3e3806f depth=2 name=chip.run.bind.prebuilt ts=182526082888404 dur=510
[mono_ns=182526082891047][T0x7a6cc9e7b740][TIMING] emit_host_span: [STRACE] v=1 pid=462205 tid=462205 inv=88 hid=3d601e71d3e3806f depth=1 name=chip.run.bind ts=182526047210714 dur=35679602
[mono_ns=182526087487516][T0x7a6cc9e7b740][WARN] prepare_execution: [device_runner.cpp:343] AICPU CPU_TOPO unavailable; using json_fallback: soc=Ascend950PR_9579 occupy=0x3e stable_reachable=5 requested=0 effective=5 affinity=[1, 2, 3, 4, 5(orch)]
[mono_ns=182526089138855][T0x7a6cc9e7b740][TIMING] emit_host_span: [STRACE] v=1 pid=462205 tid=462205 inv=88 hid=3d601e71d3e3806f depth=1 name=chip.run.runner_run ts=182526087548338 dur=1589425
[mono_ns=182526095776518][T0x7a6cc9e7b740][TIMING] emit_host_span: [STRACE] v=1 pid=462205 tid=462205 inv=88 hid=3d601e71d3e3806f depth=1 name=chip.run.validate ts=182526089141058 dur=6634138
[mono_ns=182526095779252][T0x7a6cc9e7b740][TIMING] emit_host_span: [STRACE] v=1 pid=462205 tid=462205 inv=88 hid=3d601e71d3e3806f depth=2 name=chip.run.runner_run.device_wall ts=0 dur=1439877 clk=dev
[mono_ns=182526095780463][T0x7a6cc9e7b740][TIMING] emit_host_span: [STRACE] v=1 pid=462205 tid=462205 inv=88 hid=3d601e71d3e3806f depth=3 name=chip.run.runner_run.device_wall.preamble ts=0 dur=23316 clk=dev
[mono_ns=182526095781465][T0x7a6cc9e7b740][TIMING] emit_host_span: [STRACE] v=1 pid=462205 tid=462205 inv=88 hid=3d601e71d3e3806f depth=3 name=chip.run.runner_run.device_wall.graph_build ts=3428 dur=1431276 clk=dev
[mono_ns=182526095782517][T0x7a6cc9e7b740][TIMING] emit_host_span: [STRACE] v=1 pid=462205 tid=462205 inv=88 hid=3d601e71d3e3806f depth=3 name=chip.run.runner_run.device_wall.config_validate ts=3909 dur=1355 clk=dev
[mono_ns=182526095783578][T0x7a6cc9e7b740][TIMING] emit_host_span: [STRACE] v=1 pid=462205 tid=462205 inv=88 hid=3d601e71d3e3806f depth=3 name=chip.run.runner_run.device_wall.arena_wire ts=5446 dur=10639 clk=dev
[mono_ns=182526095784620][T0x7a6cc9e7b740][TIMING] emit_host_span: [STRACE] v=1 pid=462205 tid=462205 inv=88 hid=3d601e71d3e3806f depth=3 name=chip.run.runner_run.device_wall.sm_reset ts=16188 dur=4050 clk=dev
[mono_ns=182526095785611][T0x7a6cc9e7b740][TIMING] emit_host_span: [STRACE] v=1 pid=462205 tid=462205 inv=88 hid=3d601e71d3e3806f depth=3 name=chip.run.runner_run.device_wall.post_orch ts=1434723 dur=4330 clk=dev
[mono_ns=182526095786573][T0x7a6cc9e7b740][TIMING] emit_host_span: [STRACE] v=1 pid=462205 tid=462205 inv=88 hid=3d601e71d3e3806f depth=3 name=chip.run.runner_run.device_wall.orch ts=20308 dur=1321599 clk=dev
[mono_ns=182526095789767][T0x7a6cc9e7b740][TIMING] emit_host_span: [STRACE] v=1 pid=462205 tid=462205 inv=88 hid=3d601e71d3e3806f depth=3 name=chip.run.runner_run.device_wall.sched ts=22764 dur=1397281 clk=dev
[mono_ns=182526095791019][T0x7a6cc9e7b740][TIMING] emit_host_span: [STRACE] v=1 pid=462205 tid=462205 inv=88 hid=3d601e71d3e3806f depth=1 name=chip.run.claim_release ts=182526095790448 dur=40
[mono_ns=182526095792391][T0x7a6cc9e7b740][TIMING] emit_host_span: [STRACE] v=1 pid=462205 tid=462205 inv=88 hid=3d601e71d3e3806f depth=0 name=chip.run ts=182526047207990 dur=48583830 run_id=0 dispatch_id=0 slot_id=0 generation=88 run_epoch=88
[mono_ns=182526131939996][T0x7a6cc9e7b740][TIMING] emit_host_span: [STRACE] v=1 pid=462205 tid=462205 inv=89 hid=3d601e71d3e3806f depth=2 name=chip.run.bind.args ts=182526096138190 dur=35799853
[mono_ns=182526131944072][T0x7a6cc9e7b740][TIMING] emit_host_span: [STRACE] v=1 pid=462205 tid=462205 inv=89 hid=3d601e71d3e3806f depth=2 name=chip.run.bind.prebuilt ts=182526131942890 dur=631
[mono_ns=182526131945594][T0x7a6cc9e7b740][TIMING] emit_host_span: [STRACE] v=1 pid=462205 tid=462205 inv=89 hid=3d601e71d3e3806f depth=1 name=chip.run.bind ts=182526096135837 dur=35809136
[mono_ns=182526136701483][T0x7a6cc9e7b740][WARN] prepare_execution: [device_runner.cpp:343] AICPU CPU_TOPO unavailable; using json_fallback: soc=Ascend950PR_9579 occupy=0x3e stable_reachable=5 requested=0 effective=5 affinity=[1, 2, 3, 4, 5(orch)]
[mono_ns=182526138289426][T0x7a6cc9e7b740][TIMING] emit_host_span: [STRACE] v=1 pid=462205 tid=462205 inv=89 hid=3d601e71d3e3806f depth=1 name=chip.run.runner_run ts=182526136761503 dur=1527032
[mono_ns=182526145131115][T0x7a6cc9e7b740][TIMING] emit_host_span: [STRACE] v=1 pid=462205 tid=462205 inv=89 hid=3d601e71d3e3806f depth=1 name=chip.run.validate ts=182526138292180 dur=6837743
[mono_ns=182526145133729][T0x7a6cc9e7b740][TIMING] emit_host_span: [STRACE] v=1 pid=462205 tid=462205 inv=89 hid=3d601e71d3e3806f depth=2 name=chip.run.runner_run.device_wall ts=0 dur=1346275 clk=dev
[mono_ns=182526145134961][T0x7a6cc9e7b740][TIMING] emit_host_span: [STRACE] v=1 pid=462205 tid=462205 inv=89 hid=3d601e71d3e3806f depth=3 name=chip.run.runner_run.device_wall.preamble ts=0 dur=12900 clk=dev
[mono_ns=182526145135972][T0x7a6cc9e7b740][TIMING] emit_host_span: [STRACE] v=1 pid=462205 tid=462205 inv=89 hid=3d601e71d3e3806f depth=3 name=chip.run.runner_run.device_wall.graph_build ts=3239 dur=1338607 clk=dev
[mono_ns=182526145136984][T0x7a6cc9e7b740][TIMING] emit_host_span: [STRACE] v=1 pid=462205 tid=462205 inv=89 hid=3d601e71d3e3806f depth=3 name=chip.run.runner_run.device_wall.config_validate ts=4042 dur=1639 clk=dev
[mono_ns=182526145137975][T0x7a6cc9e7b740][TIMING] emit_host_span: [STRACE] v=1 pid=462205 tid=462205 inv=89 hid=3d601e71d3e3806f depth=3 name=chip.run.runner_run.device_wall.arena_wire ts=5906 dur=3510 clk=dev
[mono_ns=182526145138947][T0x7a6cc9e7b740][TIMING] emit_host_span: [STRACE] v=1 pid=462205 tid=462205 inv=89 hid=3d601e71d3e3806f depth=3 name=chip.run.runner_run.device_wall.sm_reset ts=9484 dur=5820 clk=dev
[mono_ns=182526145139958][T0x7a6cc9e7b740][TIMING] emit_host_span: [STRACE] v=1 pid=462205 tid=462205 inv=89 hid=3d601e71d3e3806f depth=3 name=chip.run.runner_run.device_wall.post_orch ts=1341924 dur=3596 clk=dev
[mono_ns=182526145140960][T0x7a6cc9e7b740][TIMING] emit_host_span: [STRACE] v=1 pid=462205 tid=462205 inv=89 hid=3d601e71d3e3806f depth=3 name=chip.run.runner_run.device_wall.orch ts=15324 dur=1197331 clk=dev
[mono_ns=182526145141951][T0x7a6cc9e7b740][TIMING] emit_host_span: [STRACE] v=1 pid=462205 tid=462205 inv=89 hid=3d601e71d3e3806f depth=3 name=chip.run.runner_run.device_wall.sched ts=16290 dur=1309723 clk=dev
[mono_ns=182526145143203][T0x7a6cc9e7b740][TIMING] emit_host_span: [STRACE] v=1 pid=462205 tid=462205 inv=89 hid=3d601e71d3e3806f depth=1 name=chip.run.claim_release ts=182526145142632 dur=50
[mono_ns=182526145146568][T0x7a6cc9e7b740][TIMING] emit_host_span: [STRACE] v=1 pid=462205 tid=462205 inv=89 hid=3d601e71d3e3806f depth=0 name=chip.run ts=182526096133033 dur=49012944 run_id=0 dispatch_id=0 slot_id=0 generation=89 run_epoch=89
[mono_ns=182526181563727][T0x7a6cc9e7b740][TIMING] emit_host_span: [STRACE] v=1 pid=462205 tid=462205 inv=90 hid=3d601e71d3e3806f depth=2 name=chip.run.bind.args ts=182526145477865 dur=36084620
[mono_ns=182526181568745][T0x7a6cc9e7b740][TIMING] emit_host_span: [STRACE] v=1 pid=462205 tid=462205 inv=90 hid=3d601e71d3e3806f depth=2 name=chip.run.bind.prebuilt ts=182526181567633 dur=561
[mono_ns=182526181570117][T0x7a6cc9e7b740][TIMING] emit_host_span: [STRACE] v=1 pid=462205 tid=462205 inv=90 hid=3d601e71d3e3806f depth=1 name=chip.run.bind ts=182526145475041 dur=36094495
[mono_ns=182526186294758][T0x7a6cc9e7b740][WARN] prepare_execution: [device_runner.cpp:343] AICPU CPU_TOPO unavailable; using json_fallback: soc=Ascend950PR_9579 occupy=0x3e stable_reachable=5 requested=0 effective=5 affinity=[1, 2, 3, 4, 5(orch)]
[mono_ns=182526187828380][T0x7a6cc9e7b740][TIMING] emit_host_span: [STRACE] v=1 pid=462205 tid=462205 inv=90 hid=3d601e71d3e3806f depth=1 name=chip.run.runner_run ts=182526186355860 dur=1471208
[mono_ns=182526194297039][T0x7a6cc9e7b740][TIMING] emit_host_span: [STRACE] v=1 pid=462205 tid=462205 inv=90 hid=3d601e71d3e3806f depth=1 name=chip.run.validate ts=182526187830954 dur=6465133
[mono_ns=182526194299362][T0x7a6cc9e7b740][TIMING] emit_host_span: [STRACE] v=1 pid=462205 tid=462205 inv=90 hid=3d601e71d3e3806f depth=2 name=chip.run.runner_run.device_wall ts=0 dur=1328420 clk=dev
[mono_ns=182526194300554][T0x7a6cc9e7b740][TIMING] emit_host_span: [STRACE] v=1 pid=462205 tid=462205 inv=90 hid=3d601e71d3e3806f depth=3 name=chip.run.runner_run.device_wall.preamble ts=0 dur=11554 clk=dev
[mono_ns=182526194301566][T0x7a6cc9e7b740][TIMING] emit_host_span: [STRACE] v=1 pid=462205 tid=462205 inv=90 hid=3d601e71d3e3806f depth=3 name=chip.run.runner_run.device_wall.graph_build ts=3189 dur=1320881 clk=dev
[mono_ns=182526194302587][T0x7a6cc9e7b740][TIMING] emit_host_span: [STRACE] v=1 pid=462205 tid=462205 inv=90 hid=3d601e71d3e3806f depth=3 name=chip.run.runner_run.device_wall.config_validate ts=3865 dur=1617 clk=dev
[mono_ns=182526194303629][T0x7a6cc9e7b740][TIMING] emit_host_span: [STRACE] v=1 pid=462205 tid=462205 inv=90 hid=3d601e71d3e3806f depth=3 name=chip.run.runner_run.device_wall.arena_wire ts=5499 dur=3403 clk=dev
[mono_ns=182526194304600][T0x7a6cc9e7b740][TIMING] emit_host_span: [STRACE] v=1 pid=462205 tid=462205 inv=90 hid=3d601e71d3e3806f depth=3 name=chip.run.runner_run.device_wall.sm_reset ts=9003 dur=4587 clk=dev
[mono_ns=182526194305622][T0x7a6cc9e7b740][TIMING] emit_host_span: [STRACE] v=1 pid=462205 tid=462205 inv=90 hid=3d601e71d3e3806f depth=3 name=chip.run.runner_run.device_wall.post_orch ts=1324092 dur=4072 clk=dev
[mono_ns=182526194306603][T0x7a6cc9e7b740][TIMING] emit_host_span: [STRACE] v=1 pid=462205 tid=462205 inv=90 hid=3d601e71d3e3806f depth=3 name=chip.run.runner_run.device_wall.orch ts=13658 dur=1216953 clk=dev
[mono_ns=182526194307595][T0x7a6cc9e7b740][TIMING] emit_host_span: [STRACE] v=1 pid=462205 tid=462205 inv=90 hid=3d601e71d3e3806f depth=3 name=chip.run.runner_run.device_wall.sched ts=14504 dur=1295917 clk=dev
[mono_ns=182526194308857][T0x7a6cc9e7b740][TIMING] emit_host_span: [STRACE] v=1 pid=462205 tid=462205 inv=90 hid=3d601e71d3e3806f depth=1 name=chip.run.claim_release ts=182526194308256 dur=50
[mono_ns=182526194310229][T0x7a6cc9e7b740][TIMING] emit_host_span: [STRACE] v=1 pid=462205 tid=462205 inv=90 hid=3d601e71d3e3806f depth=0 name=chip.run ts=182526145472057 dur=48837631 run_id=0 dispatch_id=0 slot_id=0 generation=90 run_epoch=90
[mono_ns=182526232322582][T0x7a6cc9e7b740][TIMING] emit_host_span: [STRACE] v=1 pid=462205 tid=462205 inv=91 hid=3d601e71d3e3806f depth=2 name=chip.run.bind.args ts=182526194636629 dur=37684541
[mono_ns=182526232327720][T0x7a6cc9e7b740][TIMING] emit_host_span: [STRACE] v=1 pid=462205 tid=462205 inv=91 hid=3d601e71d3e3806f depth=2 name=chip.run.bind.prebuilt ts=182526232326558 dur=591
[mono_ns=182526232333058][T0x7a6cc9e7b740][TIMING] emit_host_span: [STRACE] v=1 pid=462205 tid=462205 inv=91 hid=3d601e71d3e3806f depth=1 name=chip.run.bind ts=182526194633704 dur=37698783
[mono_ns=182526237313393][T0x7a6cc9e7b740][WARN] prepare_execution: [device_runner.cpp:343] AICPU CPU_TOPO unavailable; using json_fallback: soc=Ascend950PR_9579 occupy=0x3e stable_reachable=5 requested=0 effective=5 affinity=[1, 2, 3, 4, 5(orch)]
[mono_ns=182526239020856][T0x7a6cc9e7b740][TIMING] emit_host_span: [STRACE] v=1 pid=462205 tid=462205 inv=91 hid=3d601e71d3e3806f depth=1 name=chip.run.runner_run ts=182526237373323 dur=1646541
[mono_ns=182526245665198][T0x7a6cc9e7b740][TIMING] emit_host_span: [STRACE] v=1 pid=462205 tid=462205 inv=91 hid=3d601e71d3e3806f depth=1 name=chip.run.validate ts=182526239023309 dur=6640788
[mono_ns=182526245667592][T0x7a6cc9e7b740][TIMING] emit_host_span: [STRACE] v=1 pid=462205 tid=462205 inv=91 hid=3d601e71d3e3806f depth=2 name=chip.run.runner_run.device_wall ts=0 dur=1488912 clk=dev
[mono_ns=182526245668774][T0x7a6cc9e7b740][TIMING] emit_host_span: [STRACE] v=1 pid=462205 tid=462205 inv=91 hid=3d601e71d3e3806f depth=3 name=chip.run.runner_run.device_wall.preamble ts=0 dur=12337 clk=dev
[mono_ns=182526245669805][T0x7a6cc9e7b740][TIMING] emit_host_span: [STRACE] v=1 pid=462205 tid=462205 inv=91 hid=3d601e71d3e3806f depth=3 name=chip.run.runner_run.device_wall.graph_build ts=3690 dur=1480706 clk=dev
[mono_ns=182526245670817][T0x7a6cc9e7b740][TIMING] emit_host_span: [STRACE] v=1 pid=462205 tid=462205 inv=91 hid=3d601e71d3e3806f depth=3 name=chip.run.runner_run.device_wall.config_validate ts=4432 dur=1742 clk=dev
[mono_ns=182526245671798][T0x7a6cc9e7b740][TIMING] emit_host_span: [STRACE] v=1 pid=462205 tid=462205 inv=91 hid=3d601e71d3e3806f depth=3 name=chip.run.runner_run.device_wall.arena_wire ts=6240 dur=2391 clk=dev
[mono_ns=182526245672800][T0x7a6cc9e7b740][TIMING] emit_host_span: [STRACE] v=1 pid=462205 tid=462205 inv=91 hid=3d601e71d3e3806f depth=3 name=chip.run.runner_run.device_wall.sm_reset ts=8653 dur=5053 clk=dev
[mono_ns=182526245673821][T0x7a6cc9e7b740][TIMING] emit_host_span: [STRACE] v=1 pid=462205 tid=462205 inv=91 hid=3d601e71d3e3806f depth=3 name=chip.run.runner_run.device_wall.post_orch ts=1484421 dur=3609 clk=dev
[mono_ns=182526245674823][T0x7a6cc9e7b740][TIMING] emit_host_span: [STRACE] v=1 pid=462205 tid=462205 inv=91 hid=3d601e71d3e3806f depth=3 name=chip.run.runner_run.device_wall.orch ts=13729 dur=1379495 clk=dev
[mono_ns=182526245675804][T0x7a6cc9e7b740][TIMING] emit_host_span: [STRACE] v=1 pid=462205 tid=462205 inv=91 hid=3d601e71d3e3806f depth=3 name=chip.run.runner_run.device_wall.sched ts=14419 dur=1454523 clk=dev
[mono_ns=182526245677266][T0x7a6cc9e7b740][TIMING] emit_host_span: [STRACE] v=1 pid=462205 tid=462205 inv=91 hid=3d601e71d3e3806f depth=1 name=chip.run.claim_release ts=182526245676676 dur=50
[mono_ns=182526245678699][T0x7a6cc9e7b740][TIMING] emit_host_span: [STRACE] v=1 pid=462205 tid=462205 inv=91 hid=3d601e71d3e3806f depth=0 name=chip.run ts=182526194631110 dur=51047038 run_id=0 dispatch_id=0 slot_id=0 generation=91 run_epoch=91
[mono_ns=182526282597721][T0x7a6cc9e7b740][TIMING] emit_host_span: [STRACE] v=1 pid=462205 tid=462205 inv=92 hid=3d601e71d3e3806f depth=2 name=chip.run.bind.args ts=182526246024257 dur=36572012
[mono_ns=182526282602058][T0x7a6cc9e7b740][TIMING] emit_host_span: [STRACE] v=1 pid=462205 tid=462205 inv=92 hid=3d601e71d3e3806f depth=2 name=chip.run.bind.prebuilt ts=182526282600846 dur=641
[mono_ns=182526282603540][T0x7a6cc9e7b740][TIMING] emit_host_span: [STRACE] v=1 pid=462205 tid=462205 inv=92 hid=3d601e71d3e3806f depth=1 name=chip.run.bind ts=182526246021163 dur=36581756
[mono_ns=182526287245146][T0x7a6cc9e7b740][WARN] prepare_execution: [device_runner.cpp:343] AICPU CPU_TOPO unavailable; using json_fallback: soc=Ascend950PR_9579 occupy=0x3e stable_reachable=5 requested=0 effective=5 affinity=[1, 2, 3, 4, 5(orch)]
[mono_ns=182526288857366][T0x7a6cc9e7b740][TIMING] emit_host_span: [STRACE] v=1 pid=462205 tid=462205 inv=92 hid=3d601e71d3e3806f depth=1 name=chip.run.runner_run ts=182526287302613 dur=1553812
[mono_ns=182526295394999][T0x7a6cc9e7b740][TIMING] emit_host_span: [STRACE] v=1 pid=462205 tid=462205 inv=92 hid=3d601e71d3e3806f depth=1 name=chip.run.validate ts=182526288864777 dur=6529100
[mono_ns=182526295397563][T0x7a6cc9e7b740][TIMING] emit_host_span: [STRACE] v=1 pid=462205 tid=462205 inv=92 hid=3d601e71d3e3806f depth=2 name=chip.run.runner_run.device_wall ts=0 dur=1417567 clk=dev
[mono_ns=182526295398704][T0x7a6cc9e7b740][TIMING] emit_host_span: [STRACE] v=1 pid=462205 tid=462205 inv=92 hid=3d601e71d3e3806f depth=3 name=chip.run.runner_run.device_wall.preamble ts=0 dur=12458 clk=dev
[mono_ns=182526295399736][T0x7a6cc9e7b740][TIMING] emit_host_span: [STRACE] v=1 pid=462205 tid=462205 inv=92 hid=3d601e71d3e3806f depth=3 name=chip.run.runner_run.device_wall.graph_build ts=2491 dur=1410589 clk=dev
[mono_ns=182526295400737][T0x7a6cc9e7b740][TIMING] emit_host_span: [STRACE] v=1 pid=462205 tid=462205 inv=92 hid=3d601e71d3e3806f depth=3 name=chip.run.runner_run.device_wall.config_validate ts=3045 dur=1462 clk=dev
[mono_ns=182526295401749][T0x7a6cc9e7b740][TIMING] emit_host_span: [STRACE] v=1 pid=462205 tid=462205 inv=92 hid=3d601e71d3e3806f depth=3 name=chip.run.runner_run.device_wall.arena_wire ts=4578 dur=3045 clk=dev
[mono_ns=182526295402730][T0x7a6cc9e7b740][TIMING] emit_host_span: [STRACE] v=1 pid=462205 tid=462205 inv=92 hid=3d601e71d3e3806f depth=3 name=chip.run.runner_run.device_wall.sm_reset ts=7645 dur=4120 clk=dev
[mono_ns=182526295403722][T0x7a6cc9e7b740][TIMING] emit_host_span: [STRACE] v=1 pid=462205 tid=462205 inv=92 hid=3d601e71d3e3806f depth=3 name=chip.run.runner_run.device_wall.post_orch ts=1413137 dur=3946 clk=dev
[mono_ns=182526295404713][T0x7a6cc9e7b740][TIMING] emit_host_span: [STRACE] v=1 pid=462205 tid=462205 inv=92 hid=3d601e71d3e3806f depth=3 name=chip.run.runner_run.device_wall.orch ts=12140 dur=1312372 clk=dev
[mono_ns=182526295405695][T0x7a6cc9e7b740][TIMING] emit_host_span: [STRACE] v=1 pid=462205 tid=462205 inv=92 hid=3d601e71d3e3806f depth=3 name=chip.run.runner_run.device_wall.sched ts=12908 dur=1385472 clk=dev
[mono_ns=182526295406907][T0x7a6cc9e7b740][TIMING] emit_host_span: [STRACE] v=1 pid=462205 tid=462205 inv=92 hid=3d601e71d3e3806f depth=1 name=chip.run.claim_release ts=182526295406346 dur=40
[mono_ns=182526295408279][T0x7a6cc9e7b740][TIMING] emit_host_span: [STRACE] v=1 pid=462205 tid=462205 inv=92 hid=3d601e71d3e3806f depth=0 name=chip.run ts=182526246018348 dur=49389400 run_id=0 dispatch_id=0 slot_id=0 generation=92 run_epoch=92
[mono_ns=182526330969313][T0x7a6cc9e7b740][TIMING] emit_host_span: [STRACE] v=1 pid=462205 tid=462205 inv=93 hid=3d601e71d3e3806f depth=2 name=chip.run.bind.args ts=182526295736952 dur=35230538
[mono_ns=182526330973780][T0x7a6cc9e7b740][TIMING] emit_host_span: [STRACE] v=1 pid=462205 tid=462205 inv=93 hid=3d601e71d3e3806f depth=2 name=chip.run.bind.prebuilt ts=182526330972638 dur=591
[mono_ns=182526330975202][T0x7a6cc9e7b740][TIMING] emit_host_span: [STRACE] v=1 pid=462205 tid=462205 inv=93 hid=3d601e71d3e3806f depth=1 name=chip.run.bind ts=182526295734238 dur=35240313
[mono_ns=182526335585171][T0x7a6cc9e7b740][WARN] prepare_execution: [device_runner.cpp:343] AICPU CPU_TOPO unavailable; using json_fallback: soc=Ascend950PR_9579 occupy=0x3e stable_reachable=5 requested=0 effective=5 affinity=[1, 2, 3, 4, 5(orch)]
[mono_ns=182526337283881][T0x7a6cc9e7b740][TIMING] emit_host_span: [STRACE] v=1 pid=462205 tid=462205 inv=93 hid=3d601e71d3e3806f depth=1 name=chip.run.runner_run ts=182526335645592 dur=1637377
[mono_ns=182526343602144][T0x7a6cc9e7b740][TIMING] emit_host_span: [STRACE] v=1 pid=462205 tid=462205 inv=93 hid=3d601e71d3e3806f depth=1 name=chip.run.validate ts=182526337286144 dur=6315068
[mono_ns=182526343604467][T0x7a6cc9e7b740][TIMING] emit_host_span: [STRACE] v=1 pid=462205 tid=462205 inv=93 hid=3d601e71d3e3806f depth=2 name=chip.run.runner_run.device_wall ts=0 dur=1495720 clk=dev
[mono_ns=182526343608634][T0x7a6cc9e7b740][TIMING] emit_host_span: [STRACE] v=1 pid=462205 tid=462205 inv=93 hid=3d601e71d3e3806f depth=3 name=chip.run.runner_run.device_wall.preamble ts=0 dur=12140 clk=dev
[mono_ns=182526343609705][T0x7a6cc9e7b740][TIMING] emit_host_span: [STRACE] v=1 pid=462205 tid=462205 inv=93 hid=3d601e71d3e3806f depth=3 name=chip.run.runner_run.device_wall.graph_build ts=3251 dur=1488204 clk=dev
[mono_ns=182526343610747][T0x7a6cc9e7b740][TIMING] emit_host_span: [STRACE] v=1 pid=462205 tid=462205 inv=93 hid=3d601e71d3e3806f depth=3 name=chip.run.runner_run.device_wall.config_validate ts=3562 dur=1494 clk=dev
[mono_ns=182526343611758][T0x7a6cc9e7b740][TIMING] emit_host_span: [STRACE] v=1 pid=462205 tid=462205 inv=93 hid=3d601e71d3e3806f depth=3 name=chip.run.runner_run.device_wall.arena_wire ts=5116 dur=2999 clk=dev
[mono_ns=182526343612750][T0x7a6cc9e7b740][TIMING] emit_host_span: [STRACE] v=1 pid=462205 tid=462205 inv=93 hid=3d601e71d3e3806f depth=3 name=chip.run.runner_run.device_wall.sm_reset ts=8290 dur=5122 clk=dev
[mono_ns=182526343613751][T0x7a6cc9e7b740][TIMING] emit_host_span: [STRACE] v=1 pid=462205 tid=462205 inv=93 hid=3d601e71d3e3806f depth=3 name=chip.run.runner_run.device_wall.post_orch ts=1491470 dur=3667 clk=dev
[mono_ns=182526343614723][T0x7a6cc9e7b740][TIMING] emit_host_span: [STRACE] v=1 pid=462205 tid=462205 inv=93 hid=3d601e71d3e3806f depth=3 name=chip.run.runner_run.device_wall.orch ts=13431 dur=1375841 clk=dev
[mono_ns=182526343615694][T0x7a6cc9e7b740][TIMING] emit_host_span: [STRACE] v=1 pid=462205 tid=462205 inv=93 hid=3d601e71d3e3806f depth=3 name=chip.run.runner_run.device_wall.sched ts=14270 dur=1463588 clk=dev
[mono_ns=182526343616886][T0x7a6cc9e7b740][TIMING] emit_host_span: [STRACE] v=1 pid=462205 tid=462205 inv=93 hid=3d601e71d3e3806f depth=1 name=chip.run.claim_release ts=182526343616335 dur=40
[mono_ns=182526343618288][T0x7a6cc9e7b740][TIMING] emit_host_span: [STRACE] v=1 pid=462205 tid=462205 inv=93 hid=3d601e71d3e3806f depth=0 name=chip.run ts=182526295732055 dur=47885682 run_id=0 dispatch_id=0 slot_id=0 generation=93 run_epoch=93
[mono_ns=182526380352643][T0x7a6cc9e7b740][TIMING] emit_host_span: [STRACE] v=1 pid=462205 tid=462205 inv=94 hid=3d601e71d3e3806f depth=2 name=chip.run.bind.args ts=182526343944307 dur=36407225
[mono_ns=182526380358732][T0x7a6cc9e7b740][TIMING] emit_host_span: [STRACE] v=1 pid=462205 tid=462205 inv=94 hid=3d601e71d3e3806f depth=2 name=chip.run.bind.prebuilt ts=182526380357601 dur=561
[mono_ns=182526380360225][T0x7a6cc9e7b740][TIMING] emit_host_span: [STRACE] v=1 pid=462205 tid=462205 inv=94 hid=3d601e71d3e3806f depth=1 name=chip.run.bind ts=182526343942184 dur=36417300
[mono_ns=182526385006118][T0x7a6cc9e7b740][WARN] prepare_execution: [device_runner.cpp:343] AICPU CPU_TOPO unavailable; using json_fallback: soc=Ascend950PR_9579 occupy=0x3e stable_reachable=5 requested=0 effective=5 affinity=[1, 2, 3, 4, 5(orch)]
[mono_ns=182526386561142][T0x7a6cc9e7b740][TIMING] emit_host_span: [STRACE] v=1 pid=462205 tid=462205 inv=94 hid=3d601e71d3e3806f depth=1 name=chip.run.runner_run ts=182526385065146 dur=1494854
[mono_ns=182526392876160][T0x7a6cc9e7b740][TIMING] emit_host_span: [STRACE] v=1 pid=462205 tid=462205 inv=94 hid=3d601e71d3e3806f depth=1 name=chip.run.validate ts=182526386563676 dur=6311513
[mono_ns=182526392878874][T0x7a6cc9e7b740][TIMING] emit_host_span: [STRACE] v=1 pid=462205 tid=462205 inv=94 hid=3d601e71d3e3806f depth=2 name=chip.run.runner_run.device_wall ts=0 dur=1348255 clk=dev
[mono_ns=182526392880126][T0x7a6cc9e7b740][TIMING] emit_host_span: [STRACE] v=1 pid=462205 tid=462205 inv=94 hid=3d601e71d3e3806f depth=3 name=chip.run.runner_run.device_wall.preamble ts=0 dur=12147 clk=dev
[mono_ns=182526392881248][T0x7a6cc9e7b740][TIMING] emit_host_span: [STRACE] v=1 pid=462205 tid=462205 inv=94 hid=3d601e71d3e3806f depth=3 name=chip.run.runner_run.device_wall.graph_build ts=2840 dur=1340620 clk=dev
[mono_ns=182526392882289][T0x7a6cc9e7b740][TIMING] emit_host_span: [STRACE] v=1 pid=462205 tid=462205 inv=94 hid=3d601e71d3e3806f depth=3 name=chip.run.runner_run.device_wall.config_validate ts=3396 dur=1754 clk=dev
[mono_ns=182526392886125][T0x7a6cc9e7b740][TIMING] emit_host_span: [STRACE] v=1 pid=462205 tid=462205 inv=94 hid=3d601e71d3e3806f depth=3 name=chip.run.runner_run.device_wall.arena_wire ts=5220 dur=2932 clk=dev
[mono_ns=182526392887137][T0x7a6cc9e7b740][TIMING] emit_host_span: [STRACE] v=1 pid=462205 tid=462205 inv=94 hid=3d601e71d3e3806f depth=3 name=chip.run.runner_run.device_wall.sm_reset ts=8216 dur=4357 clk=dev
[mono_ns=182526392888118][T0x7a6cc9e7b740][TIMING] emit_host_span: [STRACE] v=1 pid=462205 tid=462205 inv=94 hid=3d601e71d3e3806f depth=3 name=chip.run.runner_run.device_wall.post_orch ts=1343483 dur=4692 clk=dev
[mono_ns=182526392889120][T0x7a6cc9e7b740][TIMING] emit_host_span: [STRACE] v=1 pid=462205 tid=462205 inv=94 hid=3d601e71d3e3806f depth=3 name=chip.run.runner_run.device_wall.orch ts=12809 dur=1216193 clk=dev
[mono_ns=182526392890101][T0x7a6cc9e7b740][TIMING] emit_host_span: [STRACE] v=1 pid=462205 tid=462205 inv=94 hid=3d601e71d3e3806f depth=3 name=chip.run.runner_run.device_wall.sched ts=13340 dur=1315913 clk=dev
[mono_ns=182526392891363][T0x7a6cc9e7b740][TIMING] emit_host_span: [STRACE] v=1 pid=462205 tid=462205 inv=94 hid=3d601e71d3e3806f depth=1 name=chip.run.claim_release ts=182526392890772 dur=50
[mono_ns=182526392892715][T0x7a6cc9e7b740][TIMING] emit_host_span: [STRACE] v=1 pid=462205 tid=462205 inv=94 hid=3d601e71d3e3806f depth=0 name=chip.run ts=182526343939670 dur=48952504 run_id=0 dispatch_id=0 slot_id=0 generation=94 run_epoch=94
[mono_ns=182526447271273][T0x7a6cc9e7b740][TIMING] emit_host_span: [STRACE] v=1 pid=462205 tid=462205 inv=95 hid=3d601e71d3e3806f depth=2 name=chip.run.bind.args ts=182526393230051 dur=54027601
[mono_ns=182526447303922][T0x7a6cc9e7b740][TIMING] emit_host_span: [STRACE] v=1 pid=462205 tid=462205 inv=95 hid=3d601e71d3e3806f depth=2 name=chip.run.bind.prebuilt ts=182526447298484 dur=4196
[mono_ns=182526447308589][T0x7a6cc9e7b740][TIMING] emit_host_span: [STRACE] v=1 pid=462205 tid=462205 inv=95 hid=3d601e71d3e3806f depth=1 name=chip.run.bind ts=182526393228299 dur=54077355
[mono_ns=182526452128964][T0x7a6cc9e7b740][WARN] prepare_execution: [device_runner.cpp:343] AICPU CPU_TOPO unavailable; using json_fallback: soc=Ascend950PR_9579 occupy=0x3e stable_reachable=5 requested=0 effective=5 affinity=[1, 2, 3, 4, 5(orch)]
[mono_ns=182526453921504][T0x7a6cc9e7b740][TIMING] emit_host_span: [STRACE] v=1 pid=462205 tid=462205 inv=95 hid=3d601e71d3e3806f depth=1 name=chip.run.runner_run ts=182526452206250 dur=1713341
[mono_ns=182526462570826][T0x7a6cc9e7b740][TIMING] emit_host_span: [STRACE] v=1 pid=462205 tid=462205 inv=95 hid=3d601e71d3e3806f depth=1 name=chip.run.validate ts=182526453925801 dur=8642572
[mono_ns=182526462575794][T0x7a6cc9e7b740][TIMING] emit_host_span: [STRACE] v=1 pid=462205 tid=462205 inv=95 hid=3d601e71d3e3806f depth=2 name=chip.run.runner_run.device_wall ts=0 dur=1490432 clk=dev
[mono_ns=182526462577596][T0x7a6cc9e7b740][TIMING] emit_host_span: [STRACE] v=1 pid=462205 tid=462205 inv=95 hid=3d601e71d3e3806f depth=3 name=chip.run.runner_run.device_wall.preamble ts=0 dur=12399 clk=dev
[mono_ns=182526462578838][T0x7a6cc9e7b740][TIMING] emit_host_span: [STRACE] v=1 pid=462205 tid=462205 inv=95 hid=3d601e71d3e3806f depth=3 name=chip.run.runner_run.device_wall.graph_build ts=2998 dur=1483393 clk=dev
[mono_ns=182526462579880][T0x7a6cc9e7b740][TIMING] emit_host_span: [STRACE] v=1 pid=462205 tid=462205 inv=95 hid=3d601e71d3e3806f depth=3 name=chip.run.runner_run.device_wall.config_validate ts=3623 dur=1126 clk=dev
[mono_ns=182526462581022][T0x7a6cc9e7b740][TIMING] emit_host_span: [STRACE] v=1 pid=462205 tid=462205 inv=95 hid=3d601e71d3e3806f depth=3 name=chip.run.runner_run.device_wall.arena_wire ts=4816 dur=3401 clk=dev
[mono_ns=182526462582003][T0x7a6cc9e7b740][TIMING] emit_host_span: [STRACE] v=1 pid=462205 tid=462205 inv=95 hid=3d601e71d3e3806f depth=3 name=chip.run.runner_run.device_wall.sm_reset ts=8285 dur=4640 clk=dev
[mono_ns=182526462583014][T0x7a6cc9e7b740][TIMING] emit_host_span: [STRACE] v=1 pid=462205 tid=462205 inv=95 hid=3d601e71d3e3806f depth=3 name=chip.run.runner_run.device_wall.post_orch ts=1486451 dur=3616 clk=dev
[mono_ns=182526462589524][T0x7a6cc9e7b740][TIMING] emit_host_span: [STRACE] v=1 pid=462205 tid=462205 inv=95 hid=3d601e71d3e3806f depth=3 name=chip.run.runner_run.device_wall.orch ts=12999 dur=1336283 clk=dev
[mono_ns=182526462590556][T0x7a6cc9e7b740][TIMING] emit_host_span: [STRACE] v=1 pid=462205 tid=462205 inv=95 hid=3d601e71d3e3806f depth=3 name=chip.run.runner_run.device_wall.sched ts=13757 dur=1457795 clk=dev
[mono_ns=182526462592068][T0x7a6cc9e7b740][TIMING] emit_host_span: [STRACE] v=1 pid=462205 tid=462205 inv=95 hid=3d601e71d3e3806f depth=1 name=chip.run.claim_release ts=182526462591327 dur=130
[mono_ns=182526462594161][T0x7a6cc9e7b740][TIMING] emit_host_span: [STRACE] v=1 pid=462205 tid=462205 inv=95 hid=3d601e71d3e3806f depth=0 name=chip.run ts=182526393225805 dur=69367435 run_id=0 dispatch_id=0 slot_id=0 generation=95 run_epoch=95
[mono_ns=182526509941516][T0x7a6cc9e7b740][TIMING] emit_host_span: [STRACE] v=1 pid=462205 tid=462205 inv=96 hid=3d601e71d3e3806f depth=2 name=chip.run.bind.args ts=182526463140712 dur=46797929
[mono_ns=182526509951721][T0x7a6cc9e7b740][TIMING] emit_host_span: [STRACE] v=1 pid=462205 tid=462205 inv=96 hid=3d601e71d3e3806f depth=2 name=chip.run.bind.prebuilt ts=182526509949578 dur=1232
[mono_ns=182526509953674][T0x7a6cc9e7b740][TIMING] emit_host_span: [STRACE] v=1 pid=462205 tid=462205 inv=96 hid=3d601e71d3e3806f depth=1 name=chip.run.bind ts=182526463133611 dur=46819172
[mono_ns=182526514622842][T0x7a6cc9e7b740][WARN] prepare_execution: [device_runner.cpp:343] AICPU CPU_TOPO unavailable; using json_fallback: soc=Ascend950PR_9579 occupy=0x3e stable_reachable=5 requested=0 effective=5 affinity=[1, 2, 3, 4, 5(orch)]
[mono_ns=182526516161712][T0x7a6cc9e7b740][TIMING] emit_host_span: [STRACE] v=1 pid=462205 tid=462205 inv=96 hid=3d601e71d3e3806f depth=1 name=chip.run.runner_run ts=182526514685696 dur=1474764
[mono_ns=182526522994908][T0x7a6cc9e7b740][TIMING] emit_host_span: [STRACE] v=1 pid=462205 tid=462205 inv=96 hid=3d601e71d3e3806f depth=1 name=chip.run.validate ts=182526516165397 dur=6827918
[mono_ns=182526522999034][T0x7a6cc9e7b740][TIMING] emit_host_span: [STRACE] v=1 pid=462205 tid=462205 inv=96 hid=3d601e71d3e3806f depth=2 name=chip.run.runner_run.device_wall ts=0 dur=1313695 clk=dev
[mono_ns=182526523005223][T0x7a6cc9e7b740][TIMING] emit_host_span: [STRACE] v=1 pid=462205 tid=462205 inv=96 hid=3d601e71d3e3806f depth=3 name=chip.run.runner_run.device_wall.preamble ts=0 dur=13339 clk=dev
[mono_ns=182526523007447][T0x7a6cc9e7b740][TIMING] emit_host_span: [STRACE] v=1 pid=462205 tid=462205 inv=96 hid=3d601e71d3e3806f depth=3 name=chip.run.runner_run.device_wall.graph_build ts=3650 dur=1304883 clk=dev
[mono_ns=182526523008999][T0x7a6cc9e7b740][TIMING] emit_host_span: [STRACE] v=1 pid=462205 tid=462205 inv=96 hid=3d601e71d3e3806f depth=3 name=chip.run.runner_run.device_wall.config_validate ts=4053 dur=1861 clk=dev
[mono_ns=182526523010541][T0x7a6cc9e7b740][TIMING] emit_host_span: [STRACE] v=1 pid=462205 tid=462205 inv=96 hid=3d601e71d3e3806f depth=3 name=chip.run.runner_run.device_wall.arena_wire ts=5976 dur=2983 clk=dev
[mono_ns=182526523012234][T0x7a6cc9e7b740][TIMING] emit_host_span: [STRACE] v=1 pid=462205 tid=462205 inv=96 hid=3d601e71d3e3806f depth=3 name=chip.run.runner_run.device_wall.sm_reset ts=8995 dur=4209 clk=dev
[mono_ns=182526523014037][T0x7a6cc9e7b740][TIMING] emit_host_span: [STRACE] v=1 pid=462205 tid=462205 inv=96 hid=3d601e71d3e3806f depth=3 name=chip.run.runner_run.device_wall.post_orch ts=1308595 dur=4909 clk=dev
[mono_ns=182526523015649][T0x7a6cc9e7b740][TIMING] emit_host_span: [STRACE] v=1 pid=462205 tid=462205 inv=96 hid=3d601e71d3e3806f depth=3 name=chip.run.runner_run.device_wall.orch ts=13274 dur=1188622 clk=dev
[mono_ns=182526523017141][T0x7a6cc9e7b740][TIMING] emit_host_span: [STRACE] v=1 pid=462205 tid=462205 inv=96 hid=3d601e71d3e3806f depth=3 name=chip.run.runner_run.device_wall.sched ts=14143 dur=1278578 clk=dev
[mono_ns=182526523022860][T0x7a6cc9e7b740][TIMING] emit_host_span: [STRACE] v=1 pid=462205 tid=462205 inv=96 hid=3d601e71d3e3806f depth=1 name=chip.run.claim_release ts=182526523021968 dur=111
[mono_ns=182526523025484][T0x7a6cc9e7b740][TIMING] emit_host_span: [STRACE] v=1 pid=462205 tid=462205 inv=96 hid=3d601e71d3e3806f depth=0 name=chip.run ts=182526463126140 dur=59898222 run_id=0 dispatch_id=0 slot_id=0 generation=96 run_epoch=96
[mono_ns=182526567355009][T0x7a6cc9e7b740][TIMING] emit_host_span: [STRACE] v=1 pid=462205 tid=462205 inv=97 hid=3d601e71d3e3806f depth=2 name=chip.run.bind.args ts=182526523392475 dur=43959950
[mono_ns=182526567363912][T0x7a6cc9e7b740][TIMING] emit_host_span: [STRACE] v=1 pid=462205 tid=462205 inv=97 hid=3d601e71d3e3806f depth=2 name=chip.run.bind.prebuilt ts=182526567362180 dur=1001
[mono_ns=182526567365585][T0x7a6cc9e7b740][TIMING] emit_host_span: [STRACE] v=1 pid=462205 tid=462205 inv=97 hid=3d601e71d3e3806f depth=1 name=chip.run.bind ts=182526523389140 dur=43975744
[mono_ns=182526572039840][T0x7a6cc9e7b740][WARN] prepare_execution: [device_runner.cpp:343] AICPU CPU_TOPO unavailable; using json_fallback: soc=Ascend950PR_9579 occupy=0x3e stable_reachable=5 requested=0 effective=5 affinity=[1, 2, 3, 4, 5(orch)]
[mono_ns=182526573624689][T0x7a6cc9e7b740][TIMING] emit_host_span: [STRACE] v=1 pid=462205 tid=462205 inv=97 hid=3d601e71d3e3806f depth=1 name=chip.run.runner_run ts=182526572105679 dur=1517798
[mono_ns=182526580077074][T0x7a6cc9e7b740][TIMING] emit_host_span: [STRACE] v=1 pid=462205 tid=462205 inv=97 hid=3d601e71d3e3806f depth=1 name=chip.run.validate ts=182526573628505 dur=6447367
[mono_ns=182526580079758][T0x7a6cc9e7b740][TIMING] emit_host_span: [STRACE] v=1 pid=462205 tid=462205 inv=97 hid=3d601e71d3e3806f depth=2 name=chip.run.runner_run.device_wall ts=0 dur=1350890 clk=dev
[mono_ns=182526580081450][T0x7a6cc9e7b740][TIMING] emit_host_span: [STRACE] v=1 pid=462205 tid=462205 inv=97 hid=3d601e71d3e3806f depth=3 name=chip.run.runner_run.device_wall.preamble ts=0 dur=12811 clk=dev
[mono_ns=182526580082532][T0x7a6cc9e7b740][TIMING] emit_host_span: [STRACE] v=1 pid=462205 tid=462205 inv=97 hid=3d601e71d3e3806f depth=3 name=chip.run.runner_run.device_wall.graph_build ts=3302 dur=1343119 clk=dev
[mono_ns=182526580083553][T0x7a6cc9e7b740][TIMING] emit_host_span: [STRACE] v=1 pid=462205 tid=462205 inv=97 hid=3d601e71d3e3806f depth=3 name=chip.run.runner_run.device_wall.config_validate ts=3970 dur=1339 clk=dev
[mono_ns=182526580084545][T0x7a6cc9e7b740][TIMING] emit_host_span: [STRACE] v=1 pid=462205 tid=462205 inv=97 hid=3d601e71d3e3806f depth=3 name=chip.run.runner_run.device_wall.arena_wire ts=5529 dur=3795 clk=dev
[mono_ns=182526580085536][T0x7a6cc9e7b740][TIMING] emit_host_span: [STRACE] v=1 pid=462205 tid=462205 inv=97 hid=3d601e71d3e3806f depth=3 name=chip.run.runner_run.device_wall.sm_reset ts=9502 dur=4858 clk=dev
[mono_ns=182526580086558][T0x7a6cc9e7b740][TIMING] emit_host_span: [STRACE] v=1 pid=462205 tid=462205 inv=97 hid=3d601e71d3e3806f depth=3 name=chip.run.runner_run.device_wall.post_orch ts=1346440 dur=3591 clk=dev
[mono_ns=182526580087559][T0x7a6cc9e7b740][TIMING] emit_host_span: [STRACE] v=1 pid=462205 tid=462205 inv=97 hid=3d601e71d3e3806f depth=3 name=chip.run.runner_run.device_wall.orch ts=14437 dur=1239589 clk=dev
[mono_ns=182526580088541][T0x7a6cc9e7b740][TIMING] emit_host_span: [STRACE] v=1 pid=462205 tid=462205 inv=97 hid=3d601e71d3e3806f depth=3 name=chip.run.runner_run.device_wall.sched ts=15158 dur=1316078 clk=dev
[mono_ns=182526580089903][T0x7a6cc9e7b740][TIMING] emit_host_span: [STRACE] v=1 pid=462205 tid=462205 inv=97 hid=3d601e71d3e3806f depth=1 name=chip.run.claim_release ts=182526580089242 dur=90
[mono_ns=182526580091375][T0x7a6cc9e7b740][TIMING] emit_host_span: [STRACE] v=1 pid=462205 tid=462205 inv=97 hid=3d601e71d3e3806f depth=0 name=chip.run ts=182526523384352 dur=56706322 run_id=0 dispatch_id=0 slot_id=0 generation=97 run_epoch=97
[mono_ns=182526621311022][T0x7a6cc9e7b740][TIMING] emit_host_span: [STRACE] v=1 pid=462205 tid=462205 inv=98 hid=3d601e71d3e3806f depth=2 name=chip.run.bind.args ts=182526580456914 dur=40852075
[mono_ns=182526621323711][T0x7a6cc9e7b740][TIMING] emit_host_span: [STRACE] v=1 pid=462205 tid=462205 inv=98 hid=3d601e71d3e3806f depth=2 name=chip.run.bind.prebuilt ts=182526621322139 dur=881
[mono_ns=182526621325314][T0x7a6cc9e7b740][TIMING] emit_host_span: [STRACE] v=1 pid=462205 tid=462205 inv=98 hid=3d601e71d3e3806f depth=1 name=chip.run.bind ts=182526580454049 dur=40870644
[mono_ns=182526625961092][T0x7a6cc9e7b740][WARN] prepare_execution: [device_runner.cpp:343] AICPU CPU_TOPO unavailable; using json_fallback: soc=Ascend950PR_9579 occupy=0x3e stable_reachable=5 requested=0 effective=5 affinity=[1, 2, 3, 4, 5(orch)]
[mono_ns=182526627526201][T0x7a6cc9e7b740][TIMING] emit_host_span: [STRACE] v=1 pid=462205 tid=462205 inv=98 hid=3d601e71d3e3806f depth=1 name=chip.run.runner_run ts=182526626029454 dur=1495295
[mono_ns=182526634265837][T0x7a6cc9e7b740][TIMING] emit_host_span: [STRACE] v=1 pid=462205 tid=462205 inv=98 hid=3d601e71d3e3806f depth=1 name=chip.run.validate ts=182526627529286 dur=6734898
[mono_ns=182526634269682][T0x7a6cc9e7b740][TIMING] emit_host_span: [STRACE] v=1 pid=462205 tid=462205 inv=98 hid=3d601e71d3e3806f depth=2 name=chip.run.runner_run.device_wall ts=0 dur=1336326 clk=dev
[mono_ns=182526634271114][T0x7a6cc9e7b740][TIMING] emit_host_span: [STRACE] v=1 pid=462205 tid=462205 inv=98 hid=3d601e71d3e3806f depth=3 name=chip.run.runner_run.device_wall.preamble ts=0 dur=13617 clk=dev
[mono_ns=182526634272216][T0x7a6cc9e7b740][TIMING] emit_host_span: [STRACE] v=1 pid=462205 tid=462205 inv=98 hid=3d601e71d3e3806f depth=3 name=chip.run.runner_run.device_wall.graph_build ts=4021 dur=1327688 clk=dev
[mono_ns=182526634273308][T0x7a6cc9e7b740][TIMING] emit_host_span: [STRACE] v=1 pid=462205 tid=462205 inv=98 hid=3d601e71d3e3806f depth=3 name=chip.run.runner_run.device_wall.config_validate ts=4689 dur=1008 clk=dev
[mono_ns=182526634274319][T0x7a6cc9e7b740][TIMING] emit_host_span: [STRACE] v=1 pid=462205 tid=462205 inv=98 hid=3d601e71d3e3806f depth=3 name=chip.run.runner_run.device_wall.arena_wire ts=5957 dur=3070 clk=dev
[mono_ns=182526634275291][T0x7a6cc9e7b740][TIMING] emit_host_span: [STRACE] v=1 pid=462205 tid=462205 inv=98 hid=3d601e71d3e3806f depth=3 name=chip.run.runner_run.device_wall.sm_reset ts=9090 dur=4919 clk=dev
[mono_ns=182526634276352][T0x7a6cc9e7b740][TIMING] emit_host_span: [STRACE] v=1 pid=462205 tid=462205 inv=98 hid=3d601e71d3e3806f depth=3 name=chip.run.runner_run.device_wall.post_orch ts=1331733 dur=4270 clk=dev
[mono_ns=182526634277354][T0x7a6cc9e7b740][TIMING] emit_host_span: [STRACE] v=1 pid=462205 tid=462205 inv=98 hid=3d601e71d3e3806f depth=3 name=chip.run.runner_run.device_wall.orch ts=14027 dur=1216017 clk=dev
[mono_ns=182526634278365][T0x7a6cc9e7b740][TIMING] emit_host_span: [STRACE] v=1 pid=462205 tid=462205 inv=98 hid=3d601e71d3e3806f depth=3 name=chip.run.runner_run.device_wall.sched ts=14653 dur=1302344 clk=dev
[mono_ns=182526634279727][T0x7a6cc9e7b740][TIMING] emit_host_span: [STRACE] v=1 pid=462205 tid=462205 inv=98 hid=3d601e71d3e3806f depth=1 name=chip.run.claim_release ts=182526634279056 dur=91
[mono_ns=182526634281190][T0x7a6cc9e7b740][TIMING] emit_host_span: [STRACE] v=1 pid=462205 tid=462205 inv=98 hid=3d601e71d3e3806f depth=0 name=chip.run ts=182526580450114 dur=53830405 run_id=0 dispatch_id=0 slot_id=0 generation=98 run_epoch=98
[mono_ns=182526672944110][T0x7a6cc9e7b740][TIMING] emit_host_span: [STRACE] v=1 pid=462205 tid=462205 inv=99 hid=3d601e71d3e3806f depth=2 name=chip.run.bind.args ts=182526634640449 dur=38301778
[mono_ns=182526672951771][T0x7a6cc9e7b740][TIMING] emit_host_span: [STRACE] v=1 pid=462205 tid=462205 inv=99 hid=3d601e71d3e3806f depth=2 name=chip.run.bind.prebuilt ts=182526672950389 dur=751
[mono_ns=182526672953293][T0x7a6cc9e7b740][TIMING] emit_host_span: [STRACE] v=1 pid=462205 tid=462205 inv=99 hid=3d601e71d3e3806f depth=1 name=chip.run.bind ts=182526634637074 dur=38315568
[mono_ns=182526677656182][T0x7a6cc9e7b740][WARN] prepare_execution: [device_runner.cpp:343] AICPU CPU_TOPO unavailable; using json_fallback: soc=Ascend950PR_9579 occupy=0x3e stable_reachable=5 requested=0 effective=5 affinity=[1, 2, 3, 4, 5(orch)]
[mono_ns=182526679250865][T0x7a6cc9e7b740][TIMING] emit_host_span: [STRACE] v=1 pid=462205 tid=462205 inv=99 hid=3d601e71d3e3806f depth=1 name=chip.run.runner_run ts=182526677722151 dur=1527423
[mono_ns=182526685849530][T0x7a6cc9e7b740][TIMING] emit_host_span: [STRACE] v=1 pid=462205 tid=462205 inv=99 hid=3d601e71d3e3806f depth=1 name=chip.run.validate ts=182526679254641 dur=6593557
[mono_ns=182526685852464][T0x7a6cc9e7b740][TIMING] emit_host_span: [STRACE] v=1 pid=462205 tid=462205 inv=99 hid=3d601e71d3e3806f depth=2 name=chip.run.runner_run.device_wall ts=0 dur=1354386 clk=dev
[mono_ns=182526685854066][T0x7a6cc9e7b740][TIMING] emit_host_span: [STRACE] v=1 pid=462205 tid=462205 inv=99 hid=3d601e71d3e3806f depth=3 name=chip.run.runner_run.device_wall.preamble ts=0 dur=12662 clk=dev
[mono_ns=182526685855148][T0x7a6cc9e7b740][TIMING] emit_host_span: [STRACE] v=1 pid=462205 tid=462205 inv=99 hid=3d601e71d3e3806f depth=3 name=chip.run.runner_run.device_wall.graph_build ts=3145 dur=1346918 clk=dev
[mono_ns=182526685856159][T0x7a6cc9e7b740][TIMING] emit_host_span: [STRACE] v=1 pid=462205 tid=462205 inv=99 hid=3d601e71d3e3806f depth=3 name=chip.run.runner_run.device_wall.config_validate ts=3746 dur=1409 clk=dev
[mono_ns=182526685857141][T0x7a6cc9e7b740][TIMING] emit_host_span: [STRACE] v=1 pid=462205 tid=462205 inv=99 hid=3d601e71d3e3806f depth=3 name=chip.run.runner_run.device_wall.arena_wire ts=5215 dur=3272 clk=dev
[mono_ns=182526685858112][T0x7a6cc9e7b740][TIMING] emit_host_span: [STRACE] v=1 pid=462205 tid=462205 inv=99 hid=3d601e71d3e3806f depth=3 name=chip.run.runner_run.device_wall.sm_reset ts=8683 dur=4852 clk=dev
[mono_ns=182526685859104][T0x7a6cc9e7b740][TIMING] emit_host_span: [STRACE] v=1 pid=462205 tid=462205 inv=99 hid=3d601e71d3e3806f depth=3 name=chip.run.runner_run.device_wall.post_orch ts=1350082 dur=3963 clk=dev
[mono_ns=182526685860105][T0x7a6cc9e7b740][TIMING] emit_host_span: [STRACE] v=1 pid=462205 tid=462205 inv=99 hid=3d601e71d3e3806f depth=3 name=chip.run.runner_run.device_wall.orch ts=13555 dur=1251883 clk=dev
[mono_ns=182526685861077][T0x7a6cc9e7b740][TIMING] emit_host_span: [STRACE] v=1 pid=462205 tid=462205 inv=99 hid=3d601e71d3e3806f depth=3 name=chip.run.runner_run.device_wall.sched ts=14280 dur=1321481 clk=dev
[mono_ns=182526685862379][T0x7a6cc9e7b740][TIMING] emit_host_span: [STRACE] v=1 pid=462205 tid=462205 inv=99 hid=3d601e71d3e3806f depth=1 name=chip.run.claim_release ts=182526685861748 dur=80
[mono_ns=182526685863831][T0x7a6cc9e7b740][TIMING] emit_host_span: [STRACE] v=1 pid=462205 tid=462205 inv=99 hid=3d601e71d3e3806f depth=0 name=chip.run ts=182526634633068 dur=51230122 run_id=0 dispatch_id=0 slot_id=0 generation=99 run_epoch=99
[mono_ns=182526723922103][T0x7a6cc9e7b740][TIMING] emit_host_span: [STRACE] v=1 pid=462205 tid=462205 inv=100 hid=3d601e71d3e3806f depth=2 name=chip.run.bind.args ts=182526686218904 dur=37700906
[mono_ns=182526723930356][T0x7a6cc9e7b740][TIMING] emit_host_span: [STRACE] v=1 pid=462205 tid=462205 inv=100 hid=3d601e71d3e3806f depth=2 name=chip.run.bind.prebuilt ts=182526723928854 dur=791
[mono_ns=182526723931818][T0x7a6cc9e7b740][TIMING] emit_host_span: [STRACE] v=1 pid=462205 tid=462205 inv=100 hid=3d601e71d3e3806f depth=1 name=chip.run.bind ts=182526686216150 dur=37715027
[mono_ns=182526728706975][T0x7a6cc9e7b740][WARN] prepare_execution: [device_runner.cpp:343] AICPU CPU_TOPO unavailable; using json_fallback: soc=Ascend950PR_9579 occupy=0x3e stable_reachable=5 requested=0 effective=5 affinity=[1, 2, 3, 4, 5(orch)]
[mono_ns=182526730270221][T0x7a6cc9e7b740][TIMING] emit_host_span: [STRACE] v=1 pid=462205 tid=462205 inv=100 hid=3d601e71d3e3806f depth=1 name=chip.run.runner_run ts=182526728771342 dur=1496957
[mono_ns=182526736734974][T0x7a6cc9e7b740][TIMING] emit_host_span: [STRACE] v=1 pid=462205 tid=462205 inv=100 hid=3d601e71d3e3806f depth=1 name=chip.run.validate ts=182526730274898 dur=6458644
[mono_ns=182526736742025][T0x7a6cc9e7b740][TIMING] emit_host_span: [STRACE] v=1 pid=462205 tid=462205 inv=100 hid=3d601e71d3e3806f depth=2 name=chip.run.runner_run.device_wall ts=0 dur=1339985 clk=dev
[mono_ns=182526736743307][T0x7a6cc9e7b740][TIMING] emit_host_span: [STRACE] v=1 pid=462205 tid=462205 inv=100 hid=3d601e71d3e3806f depth=3 name=chip.run.runner_run.device_wall.preamble ts=0 dur=12699 clk=dev
[mono_ns=182526736744419][T0x7a6cc9e7b740][TIMING] emit_host_span: [STRACE] v=1 pid=462205 tid=462205 inv=100 hid=3d601e71d3e3806f depth=3 name=chip.run.runner_run.device_wall.graph_build ts=2505 dur=1332576 clk=dev
[mono_ns=182526736745410][T0x7a6cc9e7b740][TIMING] emit_host_span: [STRACE] v=1 pid=462205 tid=462205 inv=100 hid=3d601e71d3e3806f depth=3 name=chip.run.runner_run.device_wall.config_validate ts=2776 dur=1263 clk=dev
[mono_ns=182526736746402][T0x7a6cc9e7b740][TIMING] emit_host_span: [STRACE] v=1 pid=462205 tid=462205 inv=100 hid=3d601e71d3e3806f depth=3 name=chip.run.runner_run.device_wall.arena_wire ts=4100 dur=2759 clk=dev
[mono_ns=182526736747393][T0x7a6cc9e7b740][TIMING] emit_host_span: [STRACE] v=1 pid=462205 tid=462205 inv=100 hid=3d601e71d3e3806f depth=3 name=chip.run.runner_run.device_wall.sm_reset ts=7047 dur=5263 clk=dev
[mono_ns=182526736748395][T0x7a6cc9e7b740][TIMING] emit_host_span: [STRACE] v=1 pid=462205 tid=462205 inv=100 hid=3d601e71d3e3806f depth=3 name=chip.run.runner_run.device_wall.post_orch ts=1335094 dur=4492 clk=dev
[mono_ns=182526736749386][T0x7a6cc9e7b740][TIMING] emit_host_span: [STRACE] v=1 pid=462205 tid=462205 inv=100 hid=3d601e71d3e3806f depth=3 name=chip.run.runner_run.device_wall.orch ts=12381 dur=1195196 clk=dev
[mono_ns=182526736750418][T0x7a6cc9e7b740][TIMING] emit_host_span: [STRACE] v=1 pid=462205 tid=462205 inv=100 hid=3d601e71d3e3806f depth=3 name=chip.run.runner_run.device_wall.sched ts=13354 dur=1306902 clk=dev
[mono_ns=182526736751790][T0x7a6cc9e7b740][TIMING] emit_host_span: [STRACE] v=1 pid=462205 tid=462205 inv=100 hid=3d601e71d3e3806f depth=1 name=chip.run.claim_release ts=182526736751129 dur=120
[mono_ns=182526736753653][T0x7a6cc9e7b740][TIMING] emit_host_span: [STRACE] v=1 pid=462205 tid=462205 inv=100 hid=3d601e71d3e3806f depth=0 name=chip.run ts=182526686212875 dur=50539926 run_id=0 dispatch_id=0 slot_id=0 generation=100 run_epoch=100
  TestBenchmarkBgemm::Case0 PASSED
