[mono_ns=182529064452851][T0x74a0a4d67740][TIMING] clock_anchor: [CLOCK_ANCHOR] v=1 pid=463306 mono_ns=182529064452020 wall_ns=1787828910708596034

=== Runtime: tensormap_and_ringbuffer  Level: 2 ===
  TestPagedAttentionUnroll::Case1 ...
[mono_ns=182533785683558][T0x74a0a4d67740][TIMING] emit_host_span: [STRACE] v=1 pid=463306 tid=463306 inv=1 hid=f0c29cefd733b2d6 depth=2 name=chip.run.bind.args ts=182533625715529 dur=159950943
[mono_ns=182533810919835][T0x74a0a4d67740][TIMING] emit_host_span: [STRACE] v=1 pid=463306 tid=463306 inv=1 hid=f0c29cefd733b2d6 depth=2 name=chip.run.bind.prebuilt ts=182533785716788 dur=25194955
[mono_ns=182533810942800][T0x74a0a4d67740][TIMING] emit_host_span: [STRACE] v=1 pid=463306 tid=463306 inv=1 hid=f0c29cefd733b2d6 depth=1 name=chip.run.bind ts=182533624116248 dur=186821524
[mono_ns=182533819667285][T0x74a0a4d67740][WARN] query_cpu_topo: [aicpu_topology_probe.cpp:125] aicpu_topology_probe: halGetDeviceInfoByBuff(CPU_TOPO) rc=65534 total=0
[mono_ns=182533821692935][T0x74a0a4d67740][WARN] query_cpu_topo: [aicpu_topology_probe.cpp:137] aicpu_topology_probe: dsmi_get_device_info(CPU_TOPO) rc=65534 total=0
[mono_ns=182533821804432][T0x74a0a4d67740][WARN] prepare_execution: [device_runner.cpp:343] AICPU CPU_TOPO unavailable; using json_fallback: soc=Ascend950PR_9579 occupy=0x3e stable_reachable=5 requested=0 effective=5 affinity=[1, 2, 3, 4, 5(orch)]
[mono_ns=182533824552517][T0x74a0a4d67740][TIMING] emit_host_span: [STRACE] v=1 pid=463306 tid=463306 inv=1 hid=f0c29cefd733b2d6 depth=1 name=chip.run.runner_run ts=182533821879565 dur=2670158
[mono_ns=182533824895512][T0x74a0a4d67740][TIMING] emit_host_span: [STRACE] v=1 pid=463306 tid=463306 inv=1 hid=f0c29cefd733b2d6 depth=1 name=chip.run.validate ts=182533824558376 dur=336004
[mono_ns=182533824897635][T0x74a0a4d67740][TIMING] emit_host_span: [STRACE] v=1 pid=463306 tid=463306 inv=1 hid=f0c29cefd733b2d6 depth=2 name=chip.run.runner_run.device_wall ts=0 dur=1830795 clk=dev
[mono_ns=182533824899348][T0x74a0a4d67740][TIMING] emit_host_span: [STRACE] v=1 pid=463306 tid=463306 inv=1 hid=f0c29cefd733b2d6 depth=3 name=chip.run.runner_run.device_wall.preamble ts=0 dur=354960 clk=dev
[mono_ns=182533824900629][T0x74a0a4d67740][TIMING] emit_host_span: [STRACE] v=1 pid=463306 tid=463306 inv=1 hid=f0c29cefd733b2d6 depth=3 name=chip.run.runner_run.device_wall.graph_build ts=71087 dur=1744485 clk=dev
[mono_ns=182533824901691][T0x74a0a4d67740][TIMING] emit_host_span: [STRACE] v=1 pid=463306 tid=463306 inv=1 hid=f0c29cefd733b2d6 depth=3 name=chip.run.runner_run.device_wall.config_validate ts=77386 dur=3281 clk=dev
[mono_ns=182533824902853][T0x74a0a4d67740][TIMING] emit_host_span: [STRACE] v=1 pid=463306 tid=463306 inv=1 hid=f0c29cefd733b2d6 depth=3 name=chip.run.runner_run.device_wall.arena_wire ts=80706 dur=18087 clk=dev
[mono_ns=182533824903864][T0x74a0a4d67740][TIMING] emit_host_span: [STRACE] v=1 pid=463306 tid=463306 inv=1 hid=f0c29cefd733b2d6 depth=3 name=chip.run.runner_run.device_wall.sm_reset ts=98829 dur=52221 clk=dev
[mono_ns=182533824904886][T0x74a0a4d67740][TIMING] emit_host_span: [STRACE] v=1 pid=463306 tid=463306 inv=1 hid=f0c29cefd733b2d6 depth=3 name=chip.run.runner_run.device_wall.post_orch ts=1815686 dur=9452 clk=dev
[mono_ns=182533824905887][T0x74a0a4d67740][TIMING] emit_host_span: [STRACE] v=1 pid=463306 tid=463306 inv=1 hid=f0c29cefd733b2d6 depth=3 name=chip.run.runner_run.device_wall.orch ts=152793 dur=1209390 clk=dev
[mono_ns=182533824906879][T0x74a0a4d67740][TIMING] emit_host_span: [STRACE] v=1 pid=463306 tid=463306 inv=1 hid=f0c29cefd733b2d6 depth=3 name=chip.run.runner_run.device_wall.sched ts=357615 dur=1428812 clk=dev
[mono_ns=182533824908241][T0x74a0a4d67740][TIMING] emit_host_span: [STRACE] v=1 pid=463306 tid=463306 inv=1 hid=f0c29cefd733b2d6 depth=1 name=chip.run.claim_release ts=182533824907490 dur=130
[mono_ns=182533824910404][T0x74a0a4d67740][TIMING] emit_host_span: [STRACE] v=1 pid=463306 tid=463306 inv=1 hid=f0c29cefd733b2d6 depth=0 name=chip.run ts=182533624036769 dur=200872564 run_id=0 dispatch_id=0 slot_id=0 generation=1 run_epoch=1
[mono_ns=182533968944037][T0x74a0a4d67740][TIMING] emit_host_span: [STRACE] v=1 pid=463306 tid=463306 inv=2 hid=f0c29cefd733b2d6 depth=2 name=chip.run.bind.args ts=182533825510665 dur=143425841
[mono_ns=182533968969175][T0x74a0a4d67740][TIMING] emit_host_span: [STRACE] v=1 pid=463306 tid=463306 inv=2 hid=f0c29cefd733b2d6 depth=2 name=chip.run.bind.prebuilt ts=182533968965249 dur=3084
[mono_ns=182533968971839][T0x74a0a4d67740][TIMING] emit_host_span: [STRACE] v=1 pid=463306 tid=463306 inv=2 hid=f0c29cefd733b2d6 depth=1 name=chip.run.bind ts=182533825505287 dur=143465280
[mono_ns=182533973681357][T0x74a0a4d67740][WARN] prepare_execution: [device_runner.cpp:343] AICPU CPU_TOPO unavailable; using json_fallback: soc=Ascend950PR_9579 occupy=0x3e stable_reachable=5 requested=0 effective=5 affinity=[1, 2, 3, 4, 5(orch)]
[mono_ns=182533975548930][T0x74a0a4d67740][TIMING] emit_host_span: [STRACE] v=1 pid=463306 tid=463306 inv=2 hid=f0c29cefd733b2d6 depth=1 name=chip.run.runner_run ts=182533973739074 dur=1808615
[mono_ns=182533975861540][T0x74a0a4d67740][TIMING] emit_host_span: [STRACE] v=1 pid=463306 tid=463306 inv=2 hid=f0c29cefd733b2d6 depth=1 name=chip.run.validate ts=182533975552726 dur=307942
[mono_ns=182533975863412][T0x74a0a4d67740][TIMING] emit_host_span: [STRACE] v=1 pid=463306 tid=463306 inv=2 hid=f0c29cefd733b2d6 depth=2 name=chip.run.runner_run.device_wall ts=0 dur=1595950 clk=dev
[mono_ns=182533975865045][T0x74a0a4d67740][TIMING] emit_host_span: [STRACE] v=1 pid=463306 tid=463306 inv=2 hid=f0c29cefd733b2d6 depth=3 name=chip.run.runner_run.device_wall.preamble ts=0 dur=14521 clk=dev
[mono_ns=182533975866207][T0x74a0a4d67740][TIMING] emit_host_span: [STRACE] v=1 pid=463306 tid=463306 inv=2 hid=f0c29cefd733b2d6 depth=3 name=chip.run.runner_run.device_wall.graph_build ts=3208 dur=1588053 clk=dev
[mono_ns=182533975867218][T0x74a0a4d67740][TIMING] emit_host_span: [STRACE] v=1 pid=463306 tid=463306 inv=2 hid=f0c29cefd733b2d6 depth=3 name=chip.run.runner_run.device_wall.config_validate ts=3751 dur=2014 clk=dev
[mono_ns=182533975868180][T0x74a0a4d67740][TIMING] emit_host_span: [STRACE] v=1 pid=463306 tid=463306 inv=2 hid=f0c29cefd733b2d6 depth=3 name=chip.run.runner_run.device_wall.arena_wire ts=5789 dur=5618 clk=dev
[mono_ns=182533975869181][T0x74a0a4d67740][TIMING] emit_host_span: [STRACE] v=1 pid=463306 tid=463306 inv=2 hid=f0c29cefd733b2d6 depth=3 name=chip.run.runner_run.device_wall.sm_reset ts=11433 dur=6642 clk=dev
[mono_ns=182533975870283][T0x74a0a4d67740][TIMING] emit_host_span: [STRACE] v=1 pid=463306 tid=463306 inv=2 hid=f0c29cefd733b2d6 depth=3 name=chip.run.runner_run.device_wall.post_orch ts=1591285 dur=4027 clk=dev
[mono_ns=182533975871274][T0x74a0a4d67740][TIMING] emit_host_span: [STRACE] v=1 pid=463306 tid=463306 inv=2 hid=f0c29cefd733b2d6 depth=3 name=chip.run.runner_run.device_wall.orch ts=18278 dur=1309028 clk=dev
[mono_ns=182533975872246][T0x74a0a4d67740][TIMING] emit_host_span: [STRACE] v=1 pid=463306 tid=463306 inv=2 hid=f0c29cefd733b2d6 depth=3 name=chip.run.runner_run.device_wall.sched ts=18882 dur=1558089 clk=dev
[mono_ns=182533975873598][T0x74a0a4d67740][TIMING] emit_host_span: [STRACE] v=1 pid=463306 tid=463306 inv=2 hid=f0c29cefd733b2d6 depth=1 name=chip.run.claim_release ts=182533975872897 dur=110
[mono_ns=182533975875130][T0x74a0a4d67740][TIMING] emit_host_span: [STRACE] v=1 pid=463306 tid=463306 inv=2 hid=f0c29cefd733b2d6 depth=0 name=chip.run ts=182533825500510 dur=150373919 run_id=0 dispatch_id=0 slot_id=0 generation=2 run_epoch=2
[mono_ns=182534127625335][T0x74a0a4d67740][TIMING] emit_host_span: [STRACE] v=1 pid=463306 tid=463306 inv=3 hid=f0c29cefd733b2d6 depth=2 name=chip.run.bind.args ts=182533976309602 dur=151304796
[mono_ns=182534127654529][T0x74a0a4d67740][TIMING] emit_host_span: [STRACE] v=1 pid=463306 tid=463306 inv=3 hid=f0c29cefd733b2d6 depth=2 name=chip.run.bind.prebuilt ts=182534127649992 dur=3435
[mono_ns=182534127657824][T0x74a0a4d67740][TIMING] emit_host_span: [STRACE] v=1 pid=463306 tid=463306 inv=3 hid=f0c29cefd733b2d6 depth=1 name=chip.run.bind ts=182533976304304 dur=151352168
[mono_ns=182534132373401][T0x74a0a4d67740][WARN] prepare_execution: [device_runner.cpp:343] AICPU CPU_TOPO unavailable; using json_fallback: soc=Ascend950PR_9579 occupy=0x3e stable_reachable=5 requested=0 effective=5 affinity=[1, 2, 3, 4, 5(orch)]
[mono_ns=182534134171190][T0x74a0a4d67740][TIMING] emit_host_span: [STRACE] v=1 pid=463306 tid=463306 inv=3 hid=f0c29cefd733b2d6 depth=1 name=chip.run.runner_run ts=182534132433992 dur=1735615
[mono_ns=182534134491711][T0x74a0a4d67740][TIMING] emit_host_span: [STRACE] v=1 pid=463306 tid=463306 inv=3 hid=f0c29cefd733b2d6 depth=1 name=chip.run.validate ts=182534134176578 dur=314111
[mono_ns=182534134493744][T0x74a0a4d67740][TIMING] emit_host_span: [STRACE] v=1 pid=463306 tid=463306 inv=3 hid=f0c29cefd733b2d6 depth=2 name=chip.run.runner_run.device_wall ts=0 dur=1521841 clk=dev
[mono_ns=182534134495336][T0x74a0a4d67740][TIMING] emit_host_span: [STRACE] v=1 pid=463306 tid=463306 inv=3 hid=f0c29cefd733b2d6 depth=3 name=chip.run.runner_run.device_wall.preamble ts=0 dur=14110 clk=dev
[mono_ns=182534134496508][T0x74a0a4d67740][TIMING] emit_host_span: [STRACE] v=1 pid=463306 tid=463306 inv=3 hid=f0c29cefd733b2d6 depth=3 name=chip.run.runner_run.device_wall.graph_build ts=3428 dur=1512797 clk=dev
[mono_ns=182534134497509][T0x74a0a4d67740][TIMING] emit_host_span: [STRACE] v=1 pid=463306 tid=463306 inv=3 hid=f0c29cefd733b2d6 depth=3 name=chip.run.runner_run.device_wall.config_validate ts=4603 dur=1447 clk=dev
[mono_ns=182534134498471][T0x74a0a4d67740][TIMING] emit_host_span: [STRACE] v=1 pid=463306 tid=463306 inv=3 hid=f0c29cefd733b2d6 depth=3 name=chip.run.runner_run.device_wall.arena_wire ts=6088 dur=3793 clk=dev
[mono_ns=182534134499422][T0x74a0a4d67740][TIMING] emit_host_span: [STRACE] v=1 pid=463306 tid=463306 inv=3 hid=f0c29cefd733b2d6 depth=3 name=chip.run.runner_run.device_wall.sm_reset ts=9904 dur=5015 clk=dev
[mono_ns=182534134500544][T0x74a0a4d67740][TIMING] emit_host_span: [STRACE] v=1 pid=463306 tid=463306 inv=3 hid=f0c29cefd733b2d6 depth=3 name=chip.run.runner_run.device_wall.post_orch ts=1516362 dur=4707 clk=dev
[mono_ns=182534134501505][T0x74a0a4d67740][TIMING] emit_host_span: [STRACE] v=1 pid=463306 tid=463306 inv=3 hid=f0c29cefd733b2d6 depth=3 name=chip.run.runner_run.device_wall.orch ts=14966 dur=1292759 clk=dev
[mono_ns=182534134502477][T0x74a0a4d67740][TIMING] emit_host_span: [STRACE] v=1 pid=463306 tid=463306 inv=3 hid=f0c29cefd733b2d6 depth=3 name=chip.run.runner_run.device_wall.sched ts=15738 dur=1488740 clk=dev
[mono_ns=182534134503979][T0x74a0a4d67740][TIMING] emit_host_span: [STRACE] v=1 pid=463306 tid=463306 inv=3 hid=f0c29cefd733b2d6 depth=1 name=chip.run.claim_release ts=182534134503128 dur=220
[mono_ns=182534134505702][T0x74a0a4d67740][TIMING] emit_host_span: [STRACE] v=1 pid=463306 tid=463306 inv=3 hid=f0c29cefd733b2d6 depth=0 name=chip.run ts=182533976300188 dur=158204753 run_id=0 dispatch_id=0 slot_id=0 generation=3 run_epoch=3
[mono_ns=182534272323525][T0x74a0a4d67740][TIMING] emit_host_span: [STRACE] v=1 pid=463306 tid=463306 inv=4 hid=f0c29cefd733b2d6 depth=2 name=chip.run.bind.args ts=182534134967325 dur=137346976
[mono_ns=182534272349694][T0x74a0a4d67740][TIMING] emit_host_span: [STRACE] v=1 pid=463306 tid=463306 inv=4 hid=f0c29cefd733b2d6 depth=2 name=chip.run.bind.prebuilt ts=182534272346179 dur=2584
[mono_ns=182534272352849][T0x74a0a4d67740][TIMING] emit_host_span: [STRACE] v=1 pid=463306 tid=463306 inv=4 hid=f0c29cefd733b2d6 depth=1 name=chip.run.bind ts=182534134961926 dur=137389561
[mono_ns=182534276922007][T0x74a0a4d67740][WARN] prepare_execution: [device_runner.cpp:343] AICPU CPU_TOPO unavailable; using json_fallback: soc=Ascend950PR_9579 occupy=0x3e stable_reachable=5 requested=0 effective=5 affinity=[1, 2, 3, 4, 5(orch)]
[mono_ns=182534278710592][T0x74a0a4d67740][TIMING] emit_host_span: [STRACE] v=1 pid=463306 tid=463306 inv=4 hid=f0c29cefd733b2d6 depth=1 name=chip.run.runner_run ts=182534276981657 dur=1727122
[mono_ns=182534279033486][T0x74a0a4d67740][TIMING] emit_host_span: [STRACE] v=1 pid=463306 tid=463306 inv=4 hid=f0c29cefd733b2d6 depth=1 name=chip.run.validate ts=182534278714868 dur=317326
[mono_ns=182534279048579][T0x74a0a4d67740][TIMING] emit_host_span: [STRACE] v=1 pid=463306 tid=463306 inv=4 hid=f0c29cefd733b2d6 depth=2 name=chip.run.runner_run.device_wall ts=0 dur=1523107 clk=dev
[mono_ns=182534279050121][T0x74a0a4d67740][TIMING] emit_host_span: [STRACE] v=1 pid=463306 tid=463306 inv=4 hid=f0c29cefd733b2d6 depth=3 name=chip.run.runner_run.device_wall.preamble ts=0 dur=14113 clk=dev
[mono_ns=182534279051283][T0x74a0a4d67740][TIMING] emit_host_span: [STRACE] v=1 pid=463306 tid=463306 inv=4 hid=f0c29cefd733b2d6 depth=3 name=chip.run.runner_run.device_wall.graph_build ts=3457 dur=1513865 clk=dev
[mono_ns=182534279052345][T0x74a0a4d67740][TIMING] emit_host_span: [STRACE] v=1 pid=463306 tid=463306 inv=4 hid=f0c29cefd733b2d6 depth=3 name=chip.run.runner_run.device_wall.config_validate ts=4029 dur=1035 clk=dev
[mono_ns=182534279053336][T0x74a0a4d67740][TIMING] emit_host_span: [STRACE] v=1 pid=463306 tid=463306 inv=4 hid=f0c29cefd733b2d6 depth=3 name=chip.run.runner_run.device_wall.arena_wire ts=5302 dur=3480 clk=dev
[mono_ns=182534279054308][T0x74a0a4d67740][TIMING] emit_host_span: [STRACE] v=1 pid=463306 tid=463306 inv=4 hid=f0c29cefd733b2d6 depth=3 name=chip.run.runner_run.device_wall.sm_reset ts=8798 dur=4767 clk=dev
[mono_ns=182534279055309][T0x74a0a4d67740][TIMING] emit_host_span: [STRACE] v=1 pid=463306 tid=463306 inv=4 hid=f0c29cefd733b2d6 depth=3 name=chip.run.runner_run.device_wall.post_orch ts=1517343 dur=5013 clk=dev
[mono_ns=182534279056301][T0x74a0a4d67740][TIMING] emit_host_span: [STRACE] v=1 pid=463306 tid=463306 inv=4 hid=f0c29cefd733b2d6 depth=3 name=chip.run.runner_run.device_wall.orch ts=13828 dur=1295522 clk=dev
[mono_ns=182534279057272][T0x74a0a4d67740][TIMING] emit_host_span: [STRACE] v=1 pid=463306 tid=463306 inv=4 hid=f0c29cefd733b2d6 depth=3 name=chip.run.runner_run.device_wall.sched ts=14722 dur=1489624 clk=dev
[mono_ns=182534279058844][T0x74a0a4d67740][TIMING] emit_host_span: [STRACE] v=1 pid=463306 tid=463306 inv=4 hid=f0c29cefd733b2d6 depth=1 name=chip.run.claim_release ts=182534279058053 dur=200
[mono_ns=182534279060827][T0x74a0a4d67740][TIMING] emit_host_span: [STRACE] v=1 pid=463306 tid=463306 inv=4 hid=f0c29cefd733b2d6 depth=0 name=chip.run ts=182534134956088 dur=144103688 run_id=0 dispatch_id=0 slot_id=0 generation=4 run_epoch=4
[mono_ns=182534418167966][T0x74a0a4d67740][TIMING] emit_host_span: [STRACE] v=1 pid=463306 tid=463306 inv=5 hid=f0c29cefd733b2d6 depth=2 name=chip.run.bind.args ts=182534279526626 dur=138630864
[mono_ns=182534418193524][T0x74a0a4d67740][TIMING] emit_host_span: [STRACE] v=1 pid=463306 tid=463306 inv=5 hid=f0c29cefd733b2d6 depth=2 name=chip.run.bind.prebuilt ts=182534418189869 dur=2784
[mono_ns=182534418196379][T0x74a0a4d67740][TIMING] emit_host_span: [STRACE] v=1 pid=463306 tid=463306 inv=5 hid=f0c29cefd733b2d6 depth=1 name=chip.run.bind ts=182534279521369 dur=138673407
[mono_ns=182534422888341][T0x74a0a4d67740][WARN] prepare_execution: [device_runner.cpp:343] AICPU CPU_TOPO unavailable; using json_fallback: soc=Ascend950PR_9579 occupy=0x3e stable_reachable=5 requested=0 effective=5 affinity=[1, 2, 3, 4, 5(orch)]
[mono_ns=182534424686850][T0x74a0a4d67740][TIMING] emit_host_span: [STRACE] v=1 pid=463306 tid=463306 inv=5 hid=f0c29cefd733b2d6 depth=1 name=chip.run.runner_run ts=182534422953759 dur=1731268
[mono_ns=182534425012539][T0x74a0a4d67740][TIMING] emit_host_span: [STRACE] v=1 pid=463306 tid=463306 inv=5 hid=f0c29cefd733b2d6 depth=1 name=chip.run.validate ts=182534424691357 dur=320151
[mono_ns=182534425015203][T0x74a0a4d67740][TIMING] emit_host_span: [STRACE] v=1 pid=463306 tid=463306 inv=5 hid=f0c29cefd733b2d6 depth=2 name=chip.run.runner_run.device_wall ts=0 dur=1541679 clk=dev
[mono_ns=182534425016825][T0x74a0a4d67740][TIMING] emit_host_span: [STRACE] v=1 pid=463306 tid=463306 inv=5 hid=f0c29cefd733b2d6 depth=3 name=chip.run.runner_run.device_wall.preamble ts=0 dur=13917 clk=dev
[mono_ns=182534425018087][T0x74a0a4d67740][TIMING] emit_host_span: [STRACE] v=1 pid=463306 tid=463306 inv=5 hid=f0c29cefd733b2d6 depth=3 name=chip.run.runner_run.device_wall.graph_build ts=3322 dur=1533624 clk=dev
[mono_ns=182534425025809][T0x74a0a4d67740][TIMING] emit_host_span: [STRACE] v=1 pid=463306 tid=463306 inv=5 hid=f0c29cefd733b2d6 depth=3 name=chip.run.runner_run.device_wall.config_validate ts=4152 dur=1563 clk=dev
[mono_ns=182534425026881][T0x74a0a4d67740][TIMING] emit_host_span: [STRACE] v=1 pid=463306 tid=463306 inv=5 hid=f0c29cefd733b2d6 depth=3 name=chip.run.runner_run.device_wall.arena_wire ts=5732 dur=3799 clk=dev
[mono_ns=182534425027862][T0x74a0a4d67740][TIMING] emit_host_span: [STRACE] v=1 pid=463306 tid=463306 inv=5 hid=f0c29cefd733b2d6 depth=3 name=chip.run.runner_run.device_wall.sm_reset ts=9833 dur=5862 clk=dev
[mono_ns=182534425028974][T0x74a0a4d67740][TIMING] emit_host_span: [STRACE] v=1 pid=463306 tid=463306 inv=5 hid=f0c29cefd733b2d6 depth=3 name=chip.run.runner_run.device_wall.post_orch ts=1537020 dur=4436 clk=dev
[mono_ns=182534425030065][T0x74a0a4d67740][TIMING] emit_host_span: [STRACE] v=1 pid=463306 tid=463306 inv=5 hid=f0c29cefd733b2d6 depth=3 name=chip.run.runner_run.device_wall.orch ts=15741 dur=1322286 clk=dev
[mono_ns=182534425031097][T0x74a0a4d67740][TIMING] emit_host_span: [STRACE] v=1 pid=463306 tid=463306 inv=5 hid=f0c29cefd733b2d6 depth=3 name=chip.run.runner_run.device_wall.sched ts=16487 dur=1508997 clk=dev
[mono_ns=182534425032459][T0x74a0a4d67740][TIMING] emit_host_span: [STRACE] v=1 pid=463306 tid=463306 inv=5 hid=f0c29cefd733b2d6 depth=1 name=chip.run.claim_release ts=182534425031728 dur=120
[mono_ns=182534425034602][T0x74a0a4d67740][TIMING] emit_host_span: [STRACE] v=1 pid=463306 tid=463306 inv=5 hid=f0c29cefd733b2d6 depth=0 name=chip.run ts=182534279515950 dur=145517400 run_id=0 dispatch_id=0 slot_id=0 generation=5 run_epoch=5
[mono_ns=182534562609741][T0x74a0a4d67740][TIMING] emit_host_span: [STRACE] v=1 pid=463306 tid=463306 inv=6 hid=f0c29cefd733b2d6 depth=2 name=chip.run.bind.args ts=182534425458168 dur=137143111
[mono_ns=182534562628600][T0x74a0a4d67740][TIMING] emit_host_span: [STRACE] v=1 pid=463306 tid=463306 inv=6 hid=f0c29cefd733b2d6 depth=2 name=chip.run.bind.prebuilt ts=182534562624764 dur=3085
[mono_ns=182534562630943][T0x74a0a4d67740][TIMING] emit_host_span: [STRACE] v=1 pid=463306 tid=463306 inv=6 hid=f0c29cefd733b2d6 depth=1 name=chip.run.bind ts=182534425452880 dur=137176821
[mono_ns=182534567161924][T0x74a0a4d67740][WARN] prepare_execution: [device_runner.cpp:343] AICPU CPU_TOPO unavailable; using json_fallback: soc=Ascend950PR_9579 occupy=0x3e stable_reachable=5 requested=0 effective=5 affinity=[1, 2, 3, 4, 5(orch)]
[mono_ns=182534568979221][T0x74a0a4d67740][TIMING] emit_host_span: [STRACE] v=1 pid=463306 tid=463306 inv=6 hid=f0c29cefd733b2d6 depth=1 name=chip.run.runner_run ts=182534567216986 dur=1759982
[mono_ns=182534569319973][T0x74a0a4d67740][TIMING] emit_host_span: [STRACE] v=1 pid=463306 tid=463306 inv=6 hid=f0c29cefd733b2d6 depth=1 name=chip.run.validate ts=182534568982957 dur=336054
[mono_ns=182534569322917][T0x74a0a4d67740][TIMING] emit_host_span: [STRACE] v=1 pid=463306 tid=463306 inv=6 hid=f0c29cefd733b2d6 depth=2 name=chip.run.runner_run.device_wall ts=0 dur=1568813 clk=dev
[mono_ns=182534569324570][T0x74a0a4d67740][TIMING] emit_host_span: [STRACE] v=1 pid=463306 tid=463306 inv=6 hid=f0c29cefd733b2d6 depth=3 name=chip.run.runner_run.device_wall.preamble ts=0 dur=14094 clk=dev
[mono_ns=182534569325762][T0x74a0a4d67740][TIMING] emit_host_span: [STRACE] v=1 pid=463306 tid=463306 inv=6 hid=f0c29cefd733b2d6 depth=3 name=chip.run.runner_run.device_wall.graph_build ts=3594 dur=1561033 clk=dev
[mono_ns=182534569326773][T0x74a0a4d67740][TIMING] emit_host_span: [STRACE] v=1 pid=463306 tid=463306 inv=6 hid=f0c29cefd733b2d6 depth=3 name=chip.run.runner_run.device_wall.config_validate ts=4297 dur=1083 clk=dev
[mono_ns=182534569327745][T0x74a0a4d67740][TIMING] emit_host_span: [STRACE] v=1 pid=463306 tid=463306 inv=6 hid=f0c29cefd733b2d6 depth=3 name=chip.run.runner_run.device_wall.arena_wire ts=5640 dur=3113 clk=dev
[mono_ns=182534569336087][T0x74a0a4d67740][TIMING] emit_host_span: [STRACE] v=1 pid=463306 tid=463306 inv=6 hid=f0c29cefd733b2d6 depth=3 name=chip.run.runner_run.device_wall.sm_reset ts=9112 dur=5492 clk=dev
[mono_ns=182534569337149][T0x74a0a4d67740][TIMING] emit_host_span: [STRACE] v=1 pid=463306 tid=463306 inv=6 hid=f0c29cefd733b2d6 depth=3 name=chip.run.runner_run.device_wall.post_orch ts=1564688 dur=4043 clk=dev
[mono_ns=182534569338180][T0x74a0a4d67740][TIMING] emit_host_span: [STRACE] v=1 pid=463306 tid=463306 inv=6 hid=f0c29cefd733b2d6 depth=3 name=chip.run.runner_run.device_wall.orch ts=14924 dur=1306039 clk=dev
[mono_ns=182534569339172][T0x74a0a4d67740][TIMING] emit_host_span: [STRACE] v=1 pid=463306 tid=463306 inv=6 hid=f0c29cefd733b2d6 depth=3 name=chip.run.runner_run.device_wall.sched ts=15324 dur=1533807 clk=dev
[mono_ns=182534569340854][T0x74a0a4d67740][TIMING] emit_host_span: [STRACE] v=1 pid=463306 tid=463306 inv=6 hid=f0c29cefd733b2d6 depth=1 name=chip.run.claim_release ts=182534569339913 dur=320
[mono_ns=182534569342427][T0x74a0a4d67740][TIMING] emit_host_span: [STRACE] v=1 pid=463306 tid=463306 inv=6 hid=f0c29cefd733b2d6 depth=0 name=chip.run ts=182534425447412 dur=143894283 run_id=0 dispatch_id=0 slot_id=0 generation=6 run_epoch=6
[mono_ns=182534719609926][T0x74a0a4d67740][TIMING] emit_host_span: [STRACE] v=1 pid=463306 tid=463306 inv=7 hid=f0c29cefd733b2d6 depth=2 name=chip.run.bind.args ts=182534569728516 dur=149874389
[mono_ns=182534719629045][T0x74a0a4d67740][TIMING] emit_host_span: [STRACE] v=1 pid=463306 tid=463306 inv=7 hid=f0c29cefd733b2d6 depth=2 name=chip.run.bind.prebuilt ts=182534719625309 dur=2884
[mono_ns=182534719631558][T0x74a0a4d67740][TIMING] emit_host_span: [STRACE] v=1 pid=463306 tid=463306 inv=7 hid=f0c29cefd733b2d6 depth=1 name=chip.run.bind ts=182534569722597 dur=149907700
[mono_ns=182534724167016][T0x74a0a4d67740][WARN] prepare_execution: [device_runner.cpp:343] AICPU CPU_TOPO unavailable; using json_fallback: soc=Ascend950PR_9579 occupy=0x3e stable_reachable=5 requested=0 effective=5 affinity=[1, 2, 3, 4, 5(orch)]
[mono_ns=182534725891274][T0x74a0a4d67740][TIMING] emit_host_span: [STRACE] v=1 pid=463306 tid=463306 inv=7 hid=f0c29cefd733b2d6 depth=1 name=chip.run.runner_run ts=182534724224953 dur=1664768
[mono_ns=182534726211625][T0x74a0a4d67740][TIMING] emit_host_span: [STRACE] v=1 pid=463306 tid=463306 inv=7 hid=f0c29cefd733b2d6 depth=1 name=chip.run.validate ts=182534725895380 dur=315303
[mono_ns=182534726213738][T0x74a0a4d67740][TIMING] emit_host_span: [STRACE] v=1 pid=463306 tid=463306 inv=7 hid=f0c29cefd733b2d6 depth=2 name=chip.run.runner_run.device_wall ts=0 dur=1484502 clk=dev
[mono_ns=182534726215250][T0x74a0a4d67740][TIMING] emit_host_span: [STRACE] v=1 pid=463306 tid=463306 inv=7 hid=f0c29cefd733b2d6 depth=3 name=chip.run.runner_run.device_wall.preamble ts=0 dur=13853 clk=dev
[mono_ns=182534726216502][T0x74a0a4d67740][TIMING] emit_host_span: [STRACE] v=1 pid=463306 tid=463306 inv=7 hid=f0c29cefd733b2d6 depth=3 name=chip.run.runner_run.device_wall.graph_build ts=3763 dur=1476432 clk=dev
[mono_ns=182534726217543][T0x74a0a4d67740][TIMING] emit_host_span: [STRACE] v=1 pid=463306 tid=463306 inv=7 hid=f0c29cefd733b2d6 depth=3 name=chip.run.runner_run.device_wall.config_validate ts=4346 dur=1180 clk=dev
[mono_ns=182534726218525][T0x74a0a4d67740][TIMING] emit_host_span: [STRACE] v=1 pid=463306 tid=463306 inv=7 hid=f0c29cefd733b2d6 depth=3 name=chip.run.runner_run.device_wall.arena_wire ts=5594 dur=2760 clk=dev
[mono_ns=182534726219496][T0x74a0a4d67740][TIMING] emit_host_span: [STRACE] v=1 pid=463306 tid=463306 inv=7 hid=f0c29cefd733b2d6 depth=3 name=chip.run.runner_run.device_wall.sm_reset ts=8458 dur=5054 clk=dev
[mono_ns=182534726220598][T0x74a0a4d67740][TIMING] emit_host_span: [STRACE] v=1 pid=463306 tid=463306 inv=7 hid=f0c29cefd733b2d6 depth=3 name=chip.run.runner_run.device_wall.post_orch ts=1480250 dur=3953 clk=dev
[mono_ns=182534726221570][T0x74a0a4d67740][TIMING] emit_host_span: [STRACE] v=1 pid=463306 tid=463306 inv=7 hid=f0c29cefd733b2d6 depth=3 name=chip.run.runner_run.device_wall.orch ts=13758 dur=1273282 clk=dev
[mono_ns=182534726235100][T0x74a0a4d67740][TIMING] emit_host_span: [STRACE] v=1 pid=463306 tid=463306 inv=7 hid=f0c29cefd733b2d6 depth=3 name=chip.run.runner_run.device_wall.sched ts=14416 dur=1454285 clk=dev
[mono_ns=182534726236612][T0x74a0a4d67740][TIMING] emit_host_span: [STRACE] v=1 pid=463306 tid=463306 inv=7 hid=f0c29cefd733b2d6 depth=1 name=chip.run.claim_release ts=182534726235821 dur=210
[mono_ns=182534726238545][T0x74a0a4d67740][TIMING] emit_host_span: [STRACE] v=1 pid=463306 tid=463306 inv=7 hid=f0c29cefd733b2d6 depth=0 name=chip.run ts=182534569717259 dur=156520295 run_id=0 dispatch_id=0 slot_id=0 generation=7 run_epoch=7
[mono_ns=182534863893855][T0x74a0a4d67740][TIMING] emit_host_span: [STRACE] v=1 pid=463306 tid=463306 inv=8 hid=f0c29cefd733b2d6 depth=2 name=chip.run.bind.args ts=182534726636362 dur=137245264
[mono_ns=182534863923439][T0x74a0a4d67740][TIMING] emit_host_span: [STRACE] v=1 pid=463306 tid=463306 inv=8 hid=f0c29cefd733b2d6 depth=2 name=chip.run.bind.prebuilt ts=182534863919974 dur=2403
[mono_ns=182534863926874][T0x74a0a4d67740][TIMING] emit_host_span: [STRACE] v=1 pid=463306 tid=463306 inv=8 hid=f0c29cefd733b2d6 depth=1 name=chip.run.bind ts=182534726631214 dur=137294278
[mono_ns=182534868759037][T0x74a0a4d67740][WARN] prepare_execution: [device_runner.cpp:343] AICPU CPU_TOPO unavailable; using json_fallback: soc=Ascend950PR_9579 occupy=0x3e stable_reachable=5 requested=0 effective=5 affinity=[1, 2, 3, 4, 5(orch)]
[mono_ns=182534870552428][T0x74a0a4d67740][TIMING] emit_host_span: [STRACE] v=1 pid=463306 tid=463306 inv=8 hid=f0c29cefd733b2d6 depth=1 name=chip.run.runner_run ts=182534868821561 dur=1728614
[mono_ns=182534870862904][T0x74a0a4d67740][TIMING] emit_host_span: [STRACE] v=1 pid=463306 tid=463306 inv=8 hid=f0c29cefd733b2d6 depth=1 name=chip.run.validate ts=182534870557396 dur=304587
[mono_ns=182534870864928][T0x74a0a4d67740][TIMING] emit_host_span: [STRACE] v=1 pid=463306 tid=463306 inv=8 hid=f0c29cefd733b2d6 depth=2 name=chip.run.runner_run.device_wall ts=0 dur=1508786 clk=dev
[mono_ns=182534870866500][T0x74a0a4d67740][TIMING] emit_host_span: [STRACE] v=1 pid=463306 tid=463306 inv=8 hid=f0c29cefd733b2d6 depth=3 name=chip.run.runner_run.device_wall.preamble ts=0 dur=13708 clk=dev
[mono_ns=182534870867662][T0x74a0a4d67740][TIMING] emit_host_span: [STRACE] v=1 pid=463306 tid=463306 inv=8 hid=f0c29cefd733b2d6 depth=3 name=chip.run.runner_run.device_wall.graph_build ts=3155 dur=1501217 clk=dev
[mono_ns=182534870868723][T0x74a0a4d67740][TIMING] emit_host_span: [STRACE] v=1 pid=463306 tid=463306 inv=8 hid=f0c29cefd733b2d6 depth=3 name=chip.run.runner_run.device_wall.config_validate ts=3936 dur=1401 clk=dev
[mono_ns=182534870869695][T0x74a0a4d67740][TIMING] emit_host_span: [STRACE] v=1 pid=463306 tid=463306 inv=8 hid=f0c29cefd733b2d6 depth=3 name=chip.run.runner_run.device_wall.arena_wire ts=5406 dur=3606 clk=dev
[mono_ns=182534870870686][T0x74a0a4d67740][TIMING] emit_host_span: [STRACE] v=1 pid=463306 tid=463306 inv=8 hid=f0c29cefd733b2d6 depth=3 name=chip.run.runner_run.device_wall.sm_reset ts=9049 dur=4189 clk=dev
[mono_ns=182534870871808][T0x74a0a4d67740][TIMING] emit_host_span: [STRACE] v=1 pid=463306 tid=463306 inv=8 hid=f0c29cefd733b2d6 depth=3 name=chip.run.runner_run.device_wall.post_orch ts=1504388 dur=4274 clk=dev
[mono_ns=182534870872819][T0x74a0a4d67740][TIMING] emit_host_span: [STRACE] v=1 pid=463306 tid=463306 inv=8 hid=f0c29cefd733b2d6 depth=3 name=chip.run.runner_run.device_wall.orch ts=13553 dur=1289081 clk=dev
[mono_ns=182534870873801][T0x74a0a4d67740][TIMING] emit_host_span: [STRACE] v=1 pid=463306 tid=463306 inv=8 hid=f0c29cefd733b2d6 depth=3 name=chip.run.runner_run.device_wall.sched ts=14144 dur=1478073 clk=dev
[mono_ns=182534870875383][T0x74a0a4d67740][TIMING] emit_host_span: [STRACE] v=1 pid=463306 tid=463306 inv=8 hid=f0c29cefd733b2d6 depth=1 name=chip.run.claim_release ts=182534870874502 dur=300
[mono_ns=182534870877106][T0x74a0a4d67740][TIMING] emit_host_span: [STRACE] v=1 pid=463306 tid=463306 inv=8 hid=f0c29cefd733b2d6 depth=0 name=chip.run ts=182534726625886 dur=144250369 run_id=0 dispatch_id=0 slot_id=0 generation=8 run_epoch=8
[mono_ns=182535009499777][T0x74a0a4d67740][TIMING] emit_host_span: [STRACE] v=1 pid=463306 tid=463306 inv=9 hid=f0c29cefd733b2d6 depth=2 name=chip.run.bind.args ts=182534871355584 dur=138133808
[mono_ns=182535009525426][T0x74a0a4d67740][TIMING] emit_host_span: [STRACE] v=1 pid=463306 tid=463306 inv=9 hid=f0c29cefd733b2d6 depth=2 name=chip.run.bind.prebuilt ts=182535009521760 dur=2865
[mono_ns=182535009528430][T0x74a0a4d67740][TIMING] emit_host_span: [STRACE] v=1 pid=463306 tid=463306 inv=9 hid=f0c29cefd733b2d6 depth=1 name=chip.run.bind ts=182534871349835 dur=138177163
[mono_ns=182535014140613][T0x74a0a4d67740][WARN] prepare_execution: [device_runner.cpp:343] AICPU CPU_TOPO unavailable; using json_fallback: soc=Ascend950PR_9579 occupy=0x3e stable_reachable=5 requested=0 effective=5 affinity=[1, 2, 3, 4, 5(orch)]
[mono_ns=182535015967435][T0x74a0a4d67740][TIMING] emit_host_span: [STRACE] v=1 pid=463306 tid=463306 inv=9 hid=f0c29cefd733b2d6 depth=1 name=chip.run.runner_run ts=182535014200623 dur=1764909
[mono_ns=182535016293815][T0x74a0a4d67740][TIMING] emit_host_span: [STRACE] v=1 pid=463306 tid=463306 inv=9 hid=f0c29cefd733b2d6 depth=1 name=chip.run.validate ts=182535015970830 dur=322093
[mono_ns=182535016296228][T0x74a0a4d67740][TIMING] emit_host_span: [STRACE] v=1 pid=463306 tid=463306 inv=9 hid=f0c29cefd733b2d6 depth=2 name=chip.run.runner_run.device_wall ts=0 dur=1573504 clk=dev
[mono_ns=182535016297730][T0x74a0a4d67740][TIMING] emit_host_span: [STRACE] v=1 pid=463306 tid=463306 inv=9 hid=f0c29cefd733b2d6 depth=3 name=chip.run.runner_run.device_wall.preamble ts=0 dur=12851 clk=dev
[mono_ns=182535016298872][T0x74a0a4d67740][TIMING] emit_host_span: [STRACE] v=1 pid=463306 tid=463306 inv=9 hid=f0c29cefd733b2d6 depth=3 name=chip.run.runner_run.device_wall.graph_build ts=3387 dur=1565390 clk=dev
[mono_ns=182535016299914][T0x74a0a4d67740][TIMING] emit_host_span: [STRACE] v=1 pid=463306 tid=463306 inv=9 hid=f0c29cefd733b2d6 depth=3 name=chip.run.runner_run.device_wall.config_validate ts=3829 dur=1286 clk=dev
[mono_ns=182535016300935][T0x74a0a4d67740][TIMING] emit_host_span: [STRACE] v=1 pid=463306 tid=463306 inv=9 hid=f0c29cefd733b2d6 depth=3 name=chip.run.runner_run.device_wall.arena_wire ts=5229 dur=4084 clk=dev
[mono_ns=182535016301927][T0x74a0a4d67740][TIMING] emit_host_span: [STRACE] v=1 pid=463306 tid=463306 inv=9 hid=f0c29cefd733b2d6 depth=3 name=chip.run.runner_run.device_wall.sm_reset ts=9402 dur=4061 clk=dev
[mono_ns=182535016303048][T0x74a0a4d67740][TIMING] emit_host_span: [STRACE] v=1 pid=463306 tid=463306 inv=9 hid=f0c29cefd733b2d6 depth=3 name=chip.run.runner_run.device_wall.post_orch ts=1568818 dur=4627 clk=dev
[mono_ns=182535016304030][T0x74a0a4d67740][TIMING] emit_host_span: [STRACE] v=1 pid=463306 tid=463306 inv=9 hid=f0c29cefd733b2d6 depth=3 name=chip.run.runner_run.device_wall.orch ts=13703 dur=1307118 clk=dev
[mono_ns=182535016305011][T0x74a0a4d67740][TIMING] emit_host_span: [STRACE] v=1 pid=463306 tid=463306 inv=9 hid=f0c29cefd733b2d6 depth=3 name=chip.run.runner_run.device_wall.sched ts=14112 dur=1540838 clk=dev
[mono_ns=182535016306383][T0x74a0a4d67740][TIMING] emit_host_span: [STRACE] v=1 pid=463306 tid=463306 inv=9 hid=f0c29cefd733b2d6 depth=1 name=chip.run.claim_release ts=182535016305672 dur=111
[mono_ns=182535016308396][T0x74a0a4d67740][TIMING] emit_host_span: [STRACE] v=1 pid=463306 tid=463306 inv=9 hid=f0c29cefd733b2d6 depth=0 name=chip.run ts=182534871344017 dur=144963198 run_id=0 dispatch_id=0 slot_id=0 generation=9 run_epoch=9
[mono_ns=182535153739640][T0x74a0a4d67740][TIMING] emit_host_span: [STRACE] v=1 pid=463306 tid=463306 inv=10 hid=f0c29cefd733b2d6 depth=2 name=chip.run.bind.args ts=182535016710760 dur=137021969
[mono_ns=182535153757296][T0x74a0a4d67740][TIMING] emit_host_span: [STRACE] v=1 pid=463306 tid=463306 inv=10 hid=f0c29cefd733b2d6 depth=2 name=chip.run.bind.prebuilt ts=182535153754151 dur=2404
[mono_ns=182535153760160][T0x74a0a4d67740][TIMING] emit_host_span: [STRACE] v=1 pid=463306 tid=463306 inv=10 hid=f0c29cefd733b2d6 depth=1 name=chip.run.bind ts=182535016705623 dur=137053005
[mono_ns=182535158308417][T0x74a0a4d67740][WARN] prepare_execution: [device_runner.cpp:343] AICPU CPU_TOPO unavailable; using json_fallback: soc=Ascend950PR_9579 occupy=0x3e stable_reachable=5 requested=0 effective=5 affinity=[1, 2, 3, 4, 5(orch)]
[mono_ns=182535160061849][T0x74a0a4d67740][TIMING] emit_host_span: [STRACE] v=1 pid=463306 tid=463306 inv=10 hid=f0c29cefd733b2d6 depth=1 name=chip.run.runner_run ts=182535158368307 dur=1692190
[mono_ns=182535160372986][T0x74a0a4d67740][TIMING] emit_host_span: [STRACE] v=1 pid=463306 tid=463306 inv=10 hid=f0c29cefd733b2d6 depth=1 name=chip.run.validate ts=182535160065624 dur=306410
[mono_ns=182535160374668][T0x74a0a4d67740][TIMING] emit_host_span: [STRACE] v=1 pid=463306 tid=463306 inv=10 hid=f0c29cefd733b2d6 depth=2 name=chip.run.runner_run.device_wall ts=0 dur=1509562 clk=dev
[mono_ns=182535160376010][T0x74a0a4d67740][TIMING] emit_host_span: [STRACE] v=1 pid=463306 tid=463306 inv=10 hid=f0c29cefd733b2d6 depth=3 name=chip.run.runner_run.device_wall.preamble ts=0 dur=13658 clk=dev
[mono_ns=182535160377132][T0x74a0a4d67740][TIMING] emit_host_span: [STRACE] v=1 pid=463306 tid=463306 inv=10 hid=f0c29cefd733b2d6 depth=3 name=chip.run.runner_run.device_wall.graph_build ts=3140 dur=1501652 clk=dev
[mono_ns=182535160378123][T0x74a0a4d67740][TIMING] emit_host_span: [STRACE] v=1 pid=463306 tid=463306 inv=10 hid=f0c29cefd733b2d6 depth=3 name=chip.run.runner_run.device_wall.config_validate ts=3723 dur=1246 clk=dev
[mono_ns=182535160379125][T0x74a0a4d67740][TIMING] emit_host_span: [STRACE] v=1 pid=463306 tid=463306 inv=10 hid=f0c29cefd733b2d6 depth=3 name=chip.run.runner_run.device_wall.arena_wire ts=5064 dur=4029 clk=dev
[mono_ns=182535160380086][T0x74a0a4d67740][TIMING] emit_host_span: [STRACE] v=1 pid=463306 tid=463306 inv=10 hid=f0c29cefd733b2d6 depth=3 name=chip.run.runner_run.device_wall.sm_reset ts=9113 dur=5199 clk=dev
[mono_ns=182535160381078][T0x74a0a4d67740][TIMING] emit_host_span: [STRACE] v=1 pid=463306 tid=463306 inv=10 hid=f0c29cefd733b2d6 depth=3 name=chip.run.runner_run.device_wall.post_orch ts=1504825 dur=4238 clk=dev
[mono_ns=182535160382059][T0x74a0a4d67740][TIMING] emit_host_span: [STRACE] v=1 pid=463306 tid=463306 inv=10 hid=f0c29cefd733b2d6 depth=3 name=chip.run.runner_run.device_wall.orch ts=14381 dur=1262446 clk=dev
[mono_ns=182535160383031][T0x74a0a4d67740][TIMING] emit_host_span: [STRACE] v=1 pid=463306 tid=463306 inv=10 hid=f0c29cefd733b2d6 depth=3 name=chip.run.runner_run.device_wall.sched ts=15230 dur=1477248 clk=dev
[mono_ns=182535160384453][T0x74a0a4d67740][TIMING] emit_host_span: [STRACE] v=1 pid=463306 tid=463306 inv=10 hid=f0c29cefd733b2d6 depth=1 name=chip.run.claim_release ts=182535160383712 dur=200
[mono_ns=182535160386115][T0x74a0a4d67740][TIMING] emit_host_span: [STRACE] v=1 pid=463306 tid=463306 inv=10 hid=f0c29cefd733b2d6 depth=0 name=chip.run ts=182535016700064 dur=143685411 run_id=0 dispatch_id=0 slot_id=0 generation=10 run_epoch=10
[mono_ns=182535306939330][T0x74a0a4d67740][TIMING] emit_host_span: [STRACE] v=1 pid=463306 tid=463306 inv=11 hid=f0c29cefd733b2d6 depth=2 name=chip.run.bind.args ts=182535160793487 dur=146137811
[mono_ns=182535306960622][T0x74a0a4d67740][TIMING] emit_host_span: [STRACE] v=1 pid=463306 tid=463306 inv=11 hid=f0c29cefd733b2d6 depth=2 name=chip.run.bind.prebuilt ts=182535306957077 dur=2704
[mono_ns=182535306963106][T0x74a0a4d67740][TIMING] emit_host_span: [STRACE] v=1 pid=463306 tid=463306 inv=11 hid=f0c29cefd733b2d6 depth=1 name=chip.run.bind ts=182535160789080 dur=146172744
[mono_ns=182535311593866][T0x74a0a4d67740][WARN] prepare_execution: [device_runner.cpp:343] AICPU CPU_TOPO unavailable; using json_fallback: soc=Ascend950PR_9579 occupy=0x3e stable_reachable=5 requested=0 effective=5 affinity=[1, 2, 3, 4, 5(orch)]
[mono_ns=182535313357293][T0x74a0a4d67740][TIMING] emit_host_span: [STRACE] v=1 pid=463306 tid=463306 inv=11 hid=f0c29cefd733b2d6 depth=1 name=chip.run.runner_run ts=182535311647647 dur=1708424
[mono_ns=182535313676762][T0x74a0a4d67740][TIMING] emit_host_span: [STRACE] v=1 pid=463306 tid=463306 inv=11 hid=f0c29cefd733b2d6 depth=1 name=chip.run.validate ts=182535313369251 dur=306560
[mono_ns=182535313679086][T0x74a0a4d67740][TIMING] emit_host_span: [STRACE] v=1 pid=463306 tid=463306 inv=11 hid=f0c29cefd733b2d6 depth=2 name=chip.run.runner_run.device_wall ts=0 dur=1527868 clk=dev
[mono_ns=182535313680538][T0x74a0a4d67740][TIMING] emit_host_span: [STRACE] v=1 pid=463306 tid=463306 inv=11 hid=f0c29cefd733b2d6 depth=3 name=chip.run.runner_run.device_wall.preamble ts=0 dur=13193 clk=dev
[mono_ns=182535313681800][T0x74a0a4d67740][TIMING] emit_host_span: [STRACE] v=1 pid=463306 tid=463306 inv=11 hid=f0c29cefd733b2d6 depth=3 name=chip.run.runner_run.device_wall.graph_build ts=3048 dur=1520537 clk=dev
[mono_ns=182535313682831][T0x74a0a4d67740][TIMING] emit_host_span: [STRACE] v=1 pid=463306 tid=463306 inv=11 hid=f0c29cefd733b2d6 depth=3 name=chip.run.runner_run.device_wall.config_validate ts=3593 dur=1275 clk=dev
[mono_ns=182535313683863][T0x74a0a4d67740][TIMING] emit_host_span: [STRACE] v=1 pid=463306 tid=463306 inv=11 hid=f0c29cefd733b2d6 depth=3 name=chip.run.runner_run.device_wall.arena_wire ts=4933 dur=3001 clk=dev
[mono_ns=182535313684845][T0x74a0a4d67740][TIMING] emit_host_span: [STRACE] v=1 pid=463306 tid=463306 inv=11 hid=f0c29cefd733b2d6 depth=3 name=chip.run.runner_run.device_wall.sm_reset ts=7961 dur=4970 clk=dev
[mono_ns=182535313685846][T0x74a0a4d67740][TIMING] emit_host_span: [STRACE] v=1 pid=463306 tid=463306 inv=11 hid=f0c29cefd733b2d6 depth=3 name=chip.run.runner_run.device_wall.post_orch ts=1523645 dur=3752 clk=dev
[mono_ns=182535313686838][T0x74a0a4d67740][TIMING] emit_host_span: [STRACE] v=1 pid=463306 tid=463306 inv=11 hid=f0c29cefd733b2d6 depth=3 name=chip.run.runner_run.device_wall.orch ts=13138 dur=1312662 clk=dev
[mono_ns=182535313687819][T0x74a0a4d67740][TIMING] emit_host_span: [STRACE] v=1 pid=463306 tid=463306 inv=11 hid=f0c29cefd733b2d6 depth=3 name=chip.run.runner_run.device_wall.sched ts=13854 dur=1495216 clk=dev
[mono_ns=182535313689161][T0x74a0a4d67740][TIMING] emit_host_span: [STRACE] v=1 pid=463306 tid=463306 inv=11 hid=f0c29cefd733b2d6 depth=1 name=chip.run.claim_release ts=182535313688440 dur=100
[mono_ns=182535313690733][T0x74a0a4d67740][TIMING] emit_host_span: [STRACE] v=1 pid=463306 tid=463306 inv=11 hid=f0c29cefd733b2d6 depth=0 name=chip.run ts=182535160784313 dur=152905729 run_id=0 dispatch_id=0 slot_id=0 generation=11 run_epoch=11
[mono_ns=182535448599601][T0x74a0a4d67740][TIMING] emit_host_span: [STRACE] v=1 pid=463306 tid=463306 inv=12 hid=f0c29cefd733b2d6 depth=2 name=chip.run.bind.args ts=182535314138325 dur=134453354
[mono_ns=182535448623446][T0x74a0a4d67740][TIMING] emit_host_span: [STRACE] v=1 pid=463306 tid=463306 inv=12 hid=f0c29cefd733b2d6 depth=2 name=chip.run.bind.prebuilt ts=182535448619931 dur=2534
[mono_ns=182535448626131][T0x74a0a4d67740][TIMING] emit_host_span: [STRACE] v=1 pid=463306 tid=463306 inv=12 hid=f0c29cefd733b2d6 depth=1 name=chip.run.bind ts=182535314133027 dur=134491681
[mono_ns=182535453262169][T0x74a0a4d67740][WARN] prepare_execution: [device_runner.cpp:343] AICPU CPU_TOPO unavailable; using json_fallback: soc=Ascend950PR_9579 occupy=0x3e stable_reachable=5 requested=0 effective=5 affinity=[1, 2, 3, 4, 5(orch)]
[mono_ns=182535455011835][T0x74a0a4d67740][TIMING] emit_host_span: [STRACE] v=1 pid=463306 tid=463306 inv=12 hid=f0c29cefd733b2d6 depth=1 name=chip.run.runner_run ts=182535453321458 dur=1688915
[mono_ns=182535455329582][T0x74a0a4d67740][TIMING] emit_host_span: [STRACE] v=1 pid=463306 tid=463306 inv=12 hid=f0c29cefd733b2d6 depth=1 name=chip.run.validate ts=182535455015490 dur=313100
[mono_ns=182535455331705][T0x74a0a4d67740][TIMING] emit_host_span: [STRACE] v=1 pid=463306 tid=463306 inv=12 hid=f0c29cefd733b2d6 depth=2 name=chip.run.runner_run.device_wall ts=0 dur=1510799 clk=dev
[mono_ns=182535455333337][T0x74a0a4d67740][TIMING] emit_host_span: [STRACE] v=1 pid=463306 tid=463306 inv=12 hid=f0c29cefd733b2d6 depth=3 name=chip.run.runner_run.device_wall.preamble ts=0 dur=13193 clk=dev
[mono_ns=182535455342581][T0x74a0a4d67740][TIMING] emit_host_span: [STRACE] v=1 pid=463306 tid=463306 inv=12 hid=f0c29cefd733b2d6 depth=3 name=chip.run.runner_run.device_wall.graph_build ts=3367 dur=1503282 clk=dev
[mono_ns=182535455343673][T0x74a0a4d67740][TIMING] emit_host_span: [STRACE] v=1 pid=463306 tid=463306 inv=12 hid=f0c29cefd733b2d6 depth=3 name=chip.run.runner_run.device_wall.config_validate ts=4096 dur=1432 clk=dev
[mono_ns=182535455344785][T0x74a0a4d67740][TIMING] emit_host_span: [STRACE] v=1 pid=463306 tid=463306 inv=12 hid=f0c29cefd733b2d6 depth=3 name=chip.run.runner_run.device_wall.arena_wire ts=5596 dur=3109 clk=dev
[mono_ns=182535455345786][T0x74a0a4d67740][TIMING] emit_host_span: [STRACE] v=1 pid=463306 tid=463306 inv=12 hid=f0c29cefd733b2d6 depth=3 name=chip.run.runner_run.device_wall.sm_reset ts=8776 dur=5036 clk=dev
[mono_ns=182535455346928][T0x74a0a4d67740][TIMING] emit_host_span: [STRACE] v=1 pid=463306 tid=463306 inv=12 hid=f0c29cefd733b2d6 depth=3 name=chip.run.runner_run.device_wall.post_orch ts=1506672 dur=4058 clk=dev
[mono_ns=182535455348060][T0x74a0a4d67740][TIMING] emit_host_span: [STRACE] v=1 pid=463306 tid=463306 inv=12 hid=f0c29cefd733b2d6 depth=3 name=chip.run.runner_run.device_wall.orch ts=14128 dur=1268524 clk=dev
[mono_ns=182535455349031][T0x74a0a4d67740][TIMING] emit_host_span: [STRACE] v=1 pid=463306 tid=463306 inv=12 hid=f0c29cefd733b2d6 depth=3 name=chip.run.runner_run.device_wall.sched ts=14551 dur=1478405 clk=dev
[mono_ns=182535455350293][T0x74a0a4d67740][TIMING] emit_host_span: [STRACE] v=1 pid=463306 tid=463306 inv=12 hid=f0c29cefd733b2d6 depth=1 name=chip.run.claim_release ts=182535455349612 dur=90
[mono_ns=182535455351935][T0x74a0a4d67740][TIMING] emit_host_span: [STRACE] v=1 pid=463306 tid=463306 inv=12 hid=f0c29cefd733b2d6 depth=0 name=chip.run ts=182535314125876 dur=141225228 run_id=0 dispatch_id=0 slot_id=0 generation=12 run_epoch=12
[mono_ns=182535599271197][T0x74a0a4d67740][TIMING] emit_host_span: [STRACE] v=1 pid=463306 tid=463306 inv=13 hid=f0c29cefd733b2d6 depth=2 name=chip.run.bind.args ts=182535455768501 dur=143492641
[mono_ns=182535599296344][T0x74a0a4d67740][TIMING] emit_host_span: [STRACE] v=1 pid=463306 tid=463306 inv=13 hid=f0c29cefd733b2d6 depth=2 name=chip.run.bind.prebuilt ts=182535599292519 dur=2824
[mono_ns=182535599299329][T0x74a0a4d67740][TIMING] emit_host_span: [STRACE] v=1 pid=463306 tid=463306 inv=13 hid=f0c29cefd733b2d6 depth=1 name=chip.run.bind ts=182535455762201 dur=143535555
[mono_ns=182535603944581][T0x74a0a4d67740][WARN] prepare_execution: [device_runner.cpp:343] AICPU CPU_TOPO unavailable; using json_fallback: soc=Ascend950PR_9579 occupy=0x3e stable_reachable=5 requested=0 effective=5 affinity=[1, 2, 3, 4, 5(orch)]
[mono_ns=182535605838794][T0x74a0a4d67740][TIMING] emit_host_span: [STRACE] v=1 pid=463306 tid=463306 inv=13 hid=f0c29cefd733b2d6 depth=1 name=chip.run.runner_run ts=182535604006314 dur=1830157
[mono_ns=182535606152956][T0x74a0a4d67740][TIMING] emit_host_span: [STRACE] v=1 pid=463306 tid=463306 inv=13 hid=f0c29cefd733b2d6 depth=1 name=chip.run.validate ts=182535605842409 dur=309615
[mono_ns=182535606155189][T0x74a0a4d67740][TIMING] emit_host_span: [STRACE] v=1 pid=463306 tid=463306 inv=13 hid=f0c29cefd733b2d6 depth=2 name=chip.run.runner_run.device_wall ts=0 dur=1636460 clk=dev
[mono_ns=182535606157082][T0x74a0a4d67740][TIMING] emit_host_span: [STRACE] v=1 pid=463306 tid=463306 inv=13 hid=f0c29cefd733b2d6 depth=3 name=chip.run.runner_run.device_wall.preamble ts=0 dur=13674 clk=dev
[mono_ns=182535606158244][T0x74a0a4d67740][TIMING] emit_host_span: [STRACE] v=1 pid=463306 tid=463306 inv=13 hid=f0c29cefd733b2d6 depth=3 name=chip.run.runner_run.device_wall.graph_build ts=3295 dur=1628520 clk=dev
[mono_ns=182535606159285][T0x74a0a4d67740][TIMING] emit_host_span: [STRACE] v=1 pid=463306 tid=463306 inv=13 hid=f0c29cefd733b2d6 depth=3 name=chip.run.runner_run.device_wall.config_validate ts=3943 dur=1202 clk=dev
[mono_ns=182535606160287][T0x74a0a4d67740][TIMING] emit_host_span: [STRACE] v=1 pid=463306 tid=463306 inv=13 hid=f0c29cefd733b2d6 depth=3 name=chip.run.runner_run.device_wall.arena_wire ts=5218 dur=3670 clk=dev
[mono_ns=182535606169891][T0x74a0a4d67740][TIMING] emit_host_span: [STRACE] v=1 pid=463306 tid=463306 inv=13 hid=f0c29cefd733b2d6 depth=3 name=chip.run.runner_run.device_wall.sm_reset ts=8957 dur=4882 clk=dev
[mono_ns=182535606170983][T0x74a0a4d67740][TIMING] emit_host_span: [STRACE] v=1 pid=463306 tid=463306 inv=13 hid=f0c29cefd733b2d6 depth=3 name=chip.run.runner_run.device_wall.post_orch ts=1631938 dur=3965 clk=dev
[mono_ns=182535606172024][T0x74a0a4d67740][TIMING] emit_host_span: [STRACE] v=1 pid=463306 tid=463306 inv=13 hid=f0c29cefd733b2d6 depth=3 name=chip.run.runner_run.device_wall.orch ts=14155 dur=1286464 clk=dev
[mono_ns=182535606173036][T0x74a0a4d67740][TIMING] emit_host_span: [STRACE] v=1 pid=463306 tid=463306 inv=13 hid=f0c29cefd733b2d6 depth=3 name=chip.run.runner_run.device_wall.sched ts=14548 dur=1604465 clk=dev
[mono_ns=182535606174338][T0x74a0a4d67740][TIMING] emit_host_span: [STRACE] v=1 pid=463306 tid=463306 inv=13 hid=f0c29cefd733b2d6 depth=1 name=chip.run.claim_release ts=182535606173637 dur=120
[mono_ns=182535606175890][T0x74a0a4d67740][TIMING] emit_host_span: [STRACE] v=1 pid=463306 tid=463306 inv=13 hid=f0c29cefd733b2d6 depth=0 name=chip.run ts=182535455756182 dur=150419007 run_id=0 dispatch_id=0 slot_id=0 generation=13 run_epoch=13
[mono_ns=182535742523767][T0x74a0a4d67740][TIMING] emit_host_span: [STRACE] v=1 pid=463306 tid=463306 inv=14 hid=f0c29cefd733b2d6 depth=2 name=chip.run.bind.args ts=182535606594538 dur=135920146
[mono_ns=182535742548334][T0x74a0a4d67740][TIMING] emit_host_span: [STRACE] v=1 pid=463306 tid=463306 inv=14 hid=f0c29cefd733b2d6 depth=2 name=chip.run.bind.prebuilt ts=182535742544318 dur=3065
[mono_ns=182535742551899][T0x74a0a4d67740][TIMING] emit_host_span: [STRACE] v=1 pid=463306 tid=463306 inv=14 hid=f0c29cefd733b2d6 depth=1 name=chip.run.bind ts=182535606589451 dur=135961056
[mono_ns=182535747084613][T0x74a0a4d67740][WARN] prepare_execution: [device_runner.cpp:343] AICPU CPU_TOPO unavailable; using json_fallback: soc=Ascend950PR_9579 occupy=0x3e stable_reachable=5 requested=0 effective=5 affinity=[1, 2, 3, 4, 5(orch)]
[mono_ns=182535748895120][T0x74a0a4d67740][TIMING] emit_host_span: [STRACE] v=1 pid=463306 tid=463306 inv=14 hid=f0c29cefd733b2d6 depth=1 name=chip.run.runner_run ts=182535747144172 dur=1749205
[mono_ns=182535749217234][T0x74a0a4d67740][TIMING] emit_host_span: [STRACE] v=1 pid=463306 tid=463306 inv=14 hid=f0c29cefd733b2d6 depth=1 name=chip.run.validate ts=182535748899817 dur=316445
[mono_ns=182535749219938][T0x74a0a4d67740][TIMING] emit_host_span: [STRACE] v=1 pid=463306 tid=463306 inv=14 hid=f0c29cefd733b2d6 depth=2 name=chip.run.runner_run.device_wall ts=0 dur=1560771 clk=dev
[mono_ns=182535749221560][T0x74a0a4d67740][TIMING] emit_host_span: [STRACE] v=1 pid=463306 tid=463306 inv=14 hid=f0c29cefd733b2d6 depth=3 name=chip.run.runner_run.device_wall.preamble ts=0 dur=13177 clk=dev
[mono_ns=182535749222812][T0x74a0a4d67740][TIMING] emit_host_span: [STRACE] v=1 pid=463306 tid=463306 inv=14 hid=f0c29cefd733b2d6 depth=3 name=chip.run.runner_run.device_wall.graph_build ts=3020 dur=1553415 clk=dev
[mono_ns=182535749223853][T0x74a0a4d67740][TIMING] emit_host_span: [STRACE] v=1 pid=463306 tid=463306 inv=14 hid=f0c29cefd733b2d6 depth=3 name=chip.run.runner_run.device_wall.config_validate ts=3706 dur=1650 clk=dev
[mono_ns=182535749224845][T0x74a0a4d67740][TIMING] emit_host_span: [STRACE] v=1 pid=463306 tid=463306 inv=14 hid=f0c29cefd733b2d6 depth=3 name=chip.run.runner_run.device_wall.arena_wire ts=5632 dur=2855 clk=dev
[mono_ns=182535749225816][T0x74a0a4d67740][TIMING] emit_host_span: [STRACE] v=1 pid=463306 tid=463306 inv=14 hid=f0c29cefd733b2d6 depth=3 name=chip.run.runner_run.device_wall.sm_reset ts=8571 dur=4405 clk=dev
[mono_ns=182535749226838][T0x74a0a4d67740][TIMING] emit_host_span: [STRACE] v=1 pid=463306 tid=463306 inv=14 hid=f0c29cefd733b2d6 depth=3 name=chip.run.runner_run.device_wall.post_orch ts=1556473 dur=4240 clk=dev
[mono_ns=182535749234990][T0x74a0a4d67740][TIMING] emit_host_span: [STRACE] v=1 pid=463306 tid=463306 inv=14 hid=f0c29cefd733b2d6 depth=3 name=chip.run.runner_run.device_wall.orch ts=13291 dur=1268783 clk=dev
[mono_ns=182535749236002][T0x74a0a4d67740][TIMING] emit_host_span: [STRACE] v=1 pid=463306 tid=463306 inv=14 hid=f0c29cefd733b2d6 depth=3 name=chip.run.runner_run.device_wall.sched ts=13756 dur=1529093 clk=dev
[mono_ns=182535749237304][T0x74a0a4d67740][TIMING] emit_host_span: [STRACE] v=1 pid=463306 tid=463306 inv=14 hid=f0c29cefd733b2d6 depth=1 name=chip.run.claim_release ts=182535749236603 dur=110
[mono_ns=182535749238936][T0x74a0a4d67740][TIMING] emit_host_span: [STRACE] v=1 pid=463306 tid=463306 inv=14 hid=f0c29cefd733b2d6 depth=0 name=chip.run ts=182535606584343 dur=142653892 run_id=0 dispatch_id=0 slot_id=0 generation=14 run_epoch=14
[mono_ns=182535887786805][T0x74a0a4d67740][TIMING] emit_host_span: [STRACE] v=1 pid=463306 tid=463306 inv=15 hid=f0c29cefd733b2d6 depth=2 name=chip.run.bind.args ts=182535749641040 dur=138138404
[mono_ns=182535887811122][T0x74a0a4d67740][TIMING] emit_host_span: [STRACE] v=1 pid=463306 tid=463306 inv=15 hid=f0c29cefd733b2d6 depth=2 name=chip.run.bind.prebuilt ts=182535887807546 dur=2724
[mono_ns=182535887814066][T0x74a0a4d67740][TIMING] emit_host_span: [STRACE] v=1 pid=463306 tid=463306 inv=15 hid=f0c29cefd733b2d6 depth=1 name=chip.run.bind ts=182535749635531 dur=138176963
[mono_ns=182535892359549][T0x74a0a4d67740][WARN] prepare_execution: [device_runner.cpp:343] AICPU CPU_TOPO unavailable; using json_fallback: soc=Ascend950PR_9579 occupy=0x3e stable_reachable=5 requested=0 effective=5 affinity=[1, 2, 3, 4, 5(orch)]
[mono_ns=182535894091358][T0x74a0a4d67740][TIMING] emit_host_span: [STRACE] v=1 pid=463306 tid=463306 inv=15 hid=f0c29cefd733b2d6 depth=1 name=chip.run.runner_run ts=182535892416484 dur=1672320
[mono_ns=182535894397377][T0x74a0a4d67740][TIMING] emit_host_span: [STRACE] v=1 pid=463306 tid=463306 inv=15 hid=f0c29cefd733b2d6 depth=1 name=chip.run.validate ts=182535894099150 dur=297276
[mono_ns=182535894399240][T0x74a0a4d67740][TIMING] emit_host_span: [STRACE] v=1 pid=463306 tid=463306 inv=15 hid=f0c29cefd733b2d6 depth=2 name=chip.run.runner_run.device_wall ts=0 dur=1498069 clk=dev
[mono_ns=182535894400772][T0x74a0a4d67740][TIMING] emit_host_span: [STRACE] v=1 pid=463306 tid=463306 inv=15 hid=f0c29cefd733b2d6 depth=3 name=chip.run.runner_run.device_wall.preamble ts=0 dur=12636 clk=dev
[mono_ns=182535894401974][T0x74a0a4d67740][TIMING] emit_host_span: [STRACE] v=1 pid=463306 tid=463306 inv=15 hid=f0c29cefd733b2d6 depth=3 name=chip.run.runner_run.device_wall.graph_build ts=2797 dur=1491000 clk=dev
[mono_ns=182535894402976][T0x74a0a4d67740][TIMING] emit_host_span: [STRACE] v=1 pid=463306 tid=463306 inv=15 hid=f0c29cefd733b2d6 depth=3 name=chip.run.runner_run.device_wall.config_validate ts=3486 dur=1243 clk=dev
[mono_ns=182535894403947][T0x74a0a4d67740][TIMING] emit_host_span: [STRACE] v=1 pid=463306 tid=463306 inv=15 hid=f0c29cefd733b2d6 depth=3 name=chip.run.runner_run.device_wall.arena_wire ts=4761 dur=3092 clk=dev
[mono_ns=182535894404919][T0x74a0a4d67740][TIMING] emit_host_span: [STRACE] v=1 pid=463306 tid=463306 inv=15 hid=f0c29cefd733b2d6 depth=3 name=chip.run.runner_run.device_wall.sm_reset ts=8087 dur=5397 clk=dev
[mono_ns=182535894406070][T0x74a0a4d67740][TIMING] emit_host_span: [STRACE] v=1 pid=463306 tid=463306 inv=15 hid=f0c29cefd733b2d6 depth=3 name=chip.run.runner_run.device_wall.post_orch ts=1493826 dur=3863 clk=dev
[mono_ns=182535894407072][T0x74a0a4d67740][TIMING] emit_host_span: [STRACE] v=1 pid=463306 tid=463306 inv=15 hid=f0c29cefd733b2d6 depth=3 name=chip.run.runner_run.device_wall.orch ts=13553 dur=1270154 clk=dev
[mono_ns=182535894408043][T0x74a0a4d67740][TIMING] emit_host_span: [STRACE] v=1 pid=463306 tid=463306 inv=15 hid=f0c29cefd733b2d6 depth=3 name=chip.run.runner_run.device_wall.sched ts=14347 dur=1467327 clk=dev
[mono_ns=182535894409295][T0x74a0a4d67740][TIMING] emit_host_span: [STRACE] v=1 pid=463306 tid=463306 inv=15 hid=f0c29cefd733b2d6 depth=1 name=chip.run.claim_release ts=182535894408624 dur=100
[mono_ns=182535894418899][T0x74a0a4d67740][TIMING] emit_host_span: [STRACE] v=1 pid=463306 tid=463306 inv=15 hid=f0c29cefd733b2d6 depth=0 name=chip.run ts=182535749629783 dur=144788115 run_id=0 dispatch_id=0 slot_id=0 generation=15 run_epoch=15
[mono_ns=182536036440963][T0x74a0a4d67740][TIMING] emit_host_span: [STRACE] v=1 pid=463306 tid=463306 inv=16 hid=f0c29cefd733b2d6 depth=2 name=chip.run.bind.args ts=182535894800142 dur=141633610
[mono_ns=182536036465730][T0x74a0a4d67740][TIMING] emit_host_span: [STRACE] v=1 pid=463306 tid=463306 inv=16 hid=f0c29cefd733b2d6 depth=2 name=chip.run.bind.prebuilt ts=182536036462075 dur=2804
[mono_ns=182536036468334][T0x74a0a4d67740][TIMING] emit_host_span: [STRACE] v=1 pid=463306 tid=463306 inv=16 hid=f0c29cefd733b2d6 depth=1 name=chip.run.bind ts=182535894795184 dur=141671988
[mono_ns=182536040997973][T0x74a0a4d67740][WARN] prepare_execution: [device_runner.cpp:343] AICPU CPU_TOPO unavailable; using json_fallback: soc=Ascend950PR_9579 occupy=0x3e stable_reachable=5 requested=0 effective=5 affinity=[1, 2, 3, 4, 5(orch)]
[mono_ns=182536042768310][T0x74a0a4d67740][TIMING] emit_host_span: [STRACE] v=1 pid=463306 tid=463306 inv=16 hid=f0c29cefd733b2d6 depth=1 name=chip.run.runner_run ts=182536041062700 dur=1703777
[mono_ns=182536043076853][T0x74a0a4d67740][TIMING] emit_host_span: [STRACE] v=1 pid=463306 tid=463306 inv=16 hid=f0c29cefd733b2d6 depth=1 name=chip.run.validate ts=182536042772957 dur=302744
[mono_ns=182536043079427][T0x74a0a4d67740][TIMING] emit_host_span: [STRACE] v=1 pid=463306 tid=463306 inv=16 hid=f0c29cefd733b2d6 depth=2 name=chip.run.runner_run.device_wall ts=0 dur=1529765 clk=dev
[mono_ns=182536043081029][T0x74a0a4d67740][TIMING] emit_host_span: [STRACE] v=1 pid=463306 tid=463306 inv=16 hid=f0c29cefd733b2d6 depth=3 name=chip.run.runner_run.device_wall.preamble ts=0 dur=13905 clk=dev
[mono_ns=182536043082281][T0x74a0a4d67740][TIMING] emit_host_span: [STRACE] v=1 pid=463306 tid=463306 inv=16 hid=f0c29cefd733b2d6 depth=3 name=chip.run.runner_run.device_wall.graph_build ts=3211 dur=1522457 clk=dev
[mono_ns=182536043083293][T0x74a0a4d67740][TIMING] emit_host_span: [STRACE] v=1 pid=463306 tid=463306 inv=16 hid=f0c29cefd733b2d6 depth=3 name=chip.run.runner_run.device_wall.config_validate ts=3943 dur=1018 clk=dev
[mono_ns=182536043084294][T0x74a0a4d67740][TIMING] emit_host_span: [STRACE] v=1 pid=463306 tid=463306 inv=16 hid=f0c29cefd733b2d6 depth=3 name=chip.run.runner_run.device_wall.arena_wire ts=5045 dur=3070 clk=dev
[mono_ns=182536043085256][T0x74a0a4d67740][TIMING] emit_host_span: [STRACE] v=1 pid=463306 tid=463306 inv=16 hid=f0c29cefd733b2d6 depth=3 name=chip.run.runner_run.device_wall.sm_reset ts=8183 dur=4543 clk=dev
[mono_ns=182536043086267][T0x74a0a4d67740][TIMING] emit_host_span: [STRACE] v=1 pid=463306 tid=463306 inv=16 hid=f0c29cefd733b2d6 depth=3 name=chip.run.runner_run.device_wall.post_orch ts=1525974 dur=3323 clk=dev
[mono_ns=182536043087269][T0x74a0a4d67740][TIMING] emit_host_span: [STRACE] v=1 pid=463306 tid=463306 inv=16 hid=f0c29cefd733b2d6 depth=3 name=chip.run.runner_run.device_wall.orch ts=12908 dur=1268779 clk=dev
[mono_ns=182536043088230][T0x74a0a4d67740][TIMING] emit_host_span: [STRACE] v=1 pid=463306 tid=463306 inv=16 hid=f0c29cefd733b2d6 depth=3 name=chip.run.runner_run.device_wall.sched ts=14453 dur=1498901 clk=dev
[mono_ns=182536043089572][T0x74a0a4d67740][TIMING] emit_host_span: [STRACE] v=1 pid=463306 tid=463306 inv=16 hid=f0c29cefd733b2d6 depth=1 name=chip.run.claim_release ts=182536043088881 dur=110
[mono_ns=182536043091315][T0x74a0a4d67740][TIMING] emit_host_span: [STRACE] v=1 pid=463306 tid=463306 inv=16 hid=f0c29cefd733b2d6 depth=0 name=chip.run ts=182535894790587 dur=148299967 run_id=0 dispatch_id=0 slot_id=0 generation=16 run_epoch=16
[mono_ns=182536184085886][T0x74a0a4d67740][TIMING] emit_host_span: [STRACE] v=1 pid=463306 tid=463306 inv=17 hid=f0c29cefd733b2d6 depth=2 name=chip.run.bind.args ts=182536043485066 dur=140589774
[mono_ns=182536184122081][T0x74a0a4d67740][TIMING] emit_host_span: [STRACE] v=1 pid=463306 tid=463306 inv=17 hid=f0c29cefd733b2d6 depth=2 name=chip.run.bind.prebuilt ts=182536184117654 dur=2904
[mono_ns=182536184125195][T0x74a0a4d67740][TIMING] emit_host_span: [STRACE] v=1 pid=463306 tid=463306 inv=17 hid=f0c29cefd733b2d6 depth=1 name=chip.run.bind ts=182536043480108 dur=140643575
[mono_ns=182536188732521][T0x74a0a4d67740][WARN] prepare_execution: [device_runner.cpp:343] AICPU CPU_TOPO unavailable; using json_fallback: soc=Ascend950PR_9579 occupy=0x3e stable_reachable=5 requested=0 effective=5 affinity=[1, 2, 3, 4, 5(orch)]
[mono_ns=182536190539733][T0x74a0a4d67740][TIMING] emit_host_span: [STRACE] v=1 pid=463306 tid=463306 inv=17 hid=f0c29cefd733b2d6 depth=1 name=chip.run.runner_run ts=182536188794063 dur=1743867
[mono_ns=182536191367996][T0x74a0a4d67740][TIMING] emit_host_span: [STRACE] v=1 pid=463306 tid=463306 inv=17 hid=f0c29cefd733b2d6 depth=1 name=chip.run.validate ts=182536190544891 dur=820872
[mono_ns=182536191374075][T0x74a0a4d67740][TIMING] emit_host_span: [STRACE] v=1 pid=463306 tid=463306 inv=17 hid=f0c29cefd733b2d6 depth=2 name=chip.run.runner_run.device_wall ts=0 dur=1531735 clk=dev
[mono_ns=182536191375377][T0x74a0a4d67740][TIMING] emit_host_span: [STRACE] v=1 pid=463306 tid=463306 inv=17 hid=f0c29cefd733b2d6 depth=3 name=chip.run.runner_run.device_wall.preamble ts=0 dur=13238 clk=dev
[mono_ns=182536191376559][T0x74a0a4d67740][TIMING] emit_host_span: [STRACE] v=1 pid=463306 tid=463306 inv=17 hid=f0c29cefd733b2d6 depth=3 name=chip.run.runner_run.device_wall.graph_build ts=3194 dur=1524107 clk=dev
[mono_ns=182536191377550][T0x74a0a4d67740][TIMING] emit_host_span: [STRACE] v=1 pid=463306 tid=463306 inv=17 hid=f0c29cefd733b2d6 depth=3 name=chip.run.runner_run.device_wall.config_validate ts=3875 dur=1255 clk=dev
[mono_ns=182536191378542][T0x74a0a4d67740][TIMING] emit_host_span: [STRACE] v=1 pid=463306 tid=463306 inv=17 hid=f0c29cefd733b2d6 depth=3 name=chip.run.runner_run.device_wall.arena_wire ts=5220 dur=3235 clk=dev
[mono_ns=182536191379493][T0x74a0a4d67740][TIMING] emit_host_span: [STRACE] v=1 pid=463306 tid=463306 inv=17 hid=f0c29cefd733b2d6 depth=3 name=chip.run.runner_run.device_wall.sm_reset ts=8522 dur=4271 clk=dev
[mono_ns=182536191380625][T0x74a0a4d67740][TIMING] emit_host_span: [STRACE] v=1 pid=463306 tid=463306 inv=17 hid=f0c29cefd733b2d6 depth=3 name=chip.run.runner_run.device_wall.post_orch ts=1527343 dur=3865 clk=dev
[mono_ns=182536191381617][T0x74a0a4d67740][TIMING] emit_host_span: [STRACE] v=1 pid=463306 tid=463306 inv=17 hid=f0c29cefd733b2d6 depth=3 name=chip.run.runner_run.device_wall.orch ts=13094 dur=1290594 clk=dev
[mono_ns=182536191382578][T0x74a0a4d67740][TIMING] emit_host_span: [STRACE] v=1 pid=463306 tid=463306 inv=17 hid=f0c29cefd733b2d6 depth=3 name=chip.run.runner_run.device_wall.sched ts=13678 dur=1499824 clk=dev
[mono_ns=182536191384611][T0x74a0a4d67740][TIMING] emit_host_span: [STRACE] v=1 pid=463306 tid=463306 inv=17 hid=f0c29cefd733b2d6 depth=1 name=chip.run.claim_release ts=182536191383399 dur=601
[mono_ns=182536191386384][T0x74a0a4d67740][TIMING] emit_host_span: [STRACE] v=1 pid=463306 tid=463306 inv=17 hid=f0c29cefd733b2d6 depth=0 name=chip.run ts=182536043473909 dur=147911694 run_id=0 dispatch_id=0 slot_id=0 generation=17 run_epoch=17
[mono_ns=182536341778070][T0x74a0a4d67740][TIMING] emit_host_span: [STRACE] v=1 pid=463306 tid=463306 inv=18 hid=f0c29cefd733b2d6 depth=2 name=chip.run.bind.args ts=182536192207666 dur=149562692
[mono_ns=182536341804129][T0x74a0a4d67740][TIMING] emit_host_span: [STRACE] v=1 pid=463306 tid=463306 inv=18 hid=f0c29cefd733b2d6 depth=2 name=chip.run.bind.prebuilt ts=182536341800353 dur=2784
[mono_ns=182536341806843][T0x74a0a4d67740][TIMING] emit_host_span: [STRACE] v=1 pid=463306 tid=463306 inv=18 hid=f0c29cefd733b2d6 depth=1 name=chip.run.bind ts=182536192200876 dur=149604555
[mono_ns=182536346428449][T0x74a0a4d67740][WARN] prepare_execution: [device_runner.cpp:343] AICPU CPU_TOPO unavailable; using json_fallback: soc=Ascend950PR_9579 occupy=0x3e stable_reachable=5 requested=0 effective=5 affinity=[1, 2, 3, 4, 5(orch)]
[mono_ns=182536348322212][T0x74a0a4d67740][TIMING] emit_host_span: [STRACE] v=1 pid=463306 tid=463306 inv=18 hid=f0c29cefd733b2d6 depth=1 name=chip.run.runner_run ts=182536346493207 dur=1827112
[mono_ns=182536348675422][T0x74a0a4d67740][TIMING] emit_host_span: [STRACE] v=1 pid=463306 tid=463306 inv=18 hid=f0c29cefd733b2d6 depth=1 name=chip.run.validate ts=182536348326588 dur=347903
[mono_ns=182536348677365][T0x74a0a4d67740][TIMING] emit_host_span: [STRACE] v=1 pid=463306 tid=463306 inv=18 hid=f0c29cefd733b2d6 depth=2 name=chip.run.runner_run.device_wall ts=0 dur=1644683 clk=dev
[mono_ns=182536348678967][T0x74a0a4d67740][TIMING] emit_host_span: [STRACE] v=1 pid=463306 tid=463306 inv=18 hid=f0c29cefd733b2d6 depth=3 name=chip.run.runner_run.device_wall.preamble ts=0 dur=16575 clk=dev
[mono_ns=182536348680239][T0x74a0a4d67740][TIMING] emit_host_span: [STRACE] v=1 pid=463306 tid=463306 inv=18 hid=f0c29cefd733b2d6 depth=3 name=chip.run.runner_run.device_wall.graph_build ts=4882 dur=1634929 clk=dev
[mono_ns=182536348681261][T0x74a0a4d67740][TIMING] emit_host_span: [STRACE] v=1 pid=463306 tid=463306 inv=18 hid=f0c29cefd733b2d6 depth=3 name=chip.run.runner_run.device_wall.config_validate ts=5515 dur=1472 clk=dev
[mono_ns=182536348682252][T0x74a0a4d67740][TIMING] emit_host_span: [STRACE] v=1 pid=463306 tid=463306 inv=18 hid=f0c29cefd733b2d6 depth=3 name=chip.run.runner_run.device_wall.arena_wire ts=7185 dur=2910 clk=dev
[mono_ns=182536348683234][T0x74a0a4d67740][TIMING] emit_host_span: [STRACE] v=1 pid=463306 tid=463306 inv=18 hid=f0c29cefd733b2d6 depth=3 name=chip.run.runner_run.device_wall.sm_reset ts=10114 dur=5189 clk=dev
[mono_ns=182536348684275][T0x74a0a4d67740][TIMING] emit_host_span: [STRACE] v=1 pid=463306 tid=463306 inv=18 hid=f0c29cefd733b2d6 depth=3 name=chip.run.runner_run.device_wall.post_orch ts=1639886 dur=4330 clk=dev
[mono_ns=182536348685277][T0x74a0a4d67740][TIMING] emit_host_span: [STRACE] v=1 pid=463306 tid=463306 inv=18 hid=f0c29cefd733b2d6 depth=3 name=chip.run.runner_run.device_wall.orch ts=15511 dur=1273094 clk=dev
[mono_ns=182536348686278][T0x74a0a4d67740][TIMING] emit_host_span: [STRACE] v=1 pid=463306 tid=463306 inv=18 hid=f0c29cefd733b2d6 depth=3 name=chip.run.runner_run.device_wall.sched ts=16712 dur=1608509 clk=dev
[mono_ns=182536348687600][T0x74a0a4d67740][TIMING] emit_host_span: [STRACE] v=1 pid=463306 tid=463306 inv=18 hid=f0c29cefd733b2d6 depth=1 name=chip.run.claim_release ts=182536348686869 dur=120
[mono_ns=182536348689343][T0x74a0a4d67740][TIMING] emit_host_span: [STRACE] v=1 pid=463306 tid=463306 inv=18 hid=f0c29cefd733b2d6 depth=0 name=chip.run ts=182536192189489 dur=156499043 run_id=0 dispatch_id=0 slot_id=0 generation=18 run_epoch=18
[mono_ns=182536499231595][T0x74a0a4d67740][TIMING] emit_host_span: [STRACE] v=1 pid=463306 tid=463306 inv=19 hid=f0c29cefd733b2d6 depth=2 name=chip.run.bind.args ts=182536349118277 dur=150102802
[mono_ns=182536499257163][T0x74a0a4d67740][TIMING] emit_host_span: [STRACE] v=1 pid=463306 tid=463306 inv=19 hid=f0c29cefd733b2d6 depth=2 name=chip.run.bind.prebuilt ts=182536499253417 dur=2654
[mono_ns=182536499260248][T0x74a0a4d67740][TIMING] emit_host_span: [STRACE] v=1 pid=463306 tid=463306 inv=19 hid=f0c29cefd733b2d6 depth=1 name=chip.run.bind ts=182536349113560 dur=150145285
[mono_ns=182536503915365][T0x74a0a4d67740][WARN] prepare_execution: [device_runner.cpp:343] AICPU CPU_TOPO unavailable; using json_fallback: soc=Ascend950PR_9579 occupy=0x3e stable_reachable=5 requested=0 effective=5 affinity=[1, 2, 3, 4, 5(orch)]
[mono_ns=182536505775456][T0x74a0a4d67740][TIMING] emit_host_span: [STRACE] v=1 pid=463306 tid=463306 inv=19 hid=f0c29cefd733b2d6 depth=1 name=chip.run.runner_run ts=182536503972450 dur=1801334
[mono_ns=182536506140344][T0x74a0a4d67740][TIMING] emit_host_span: [STRACE] v=1 pid=463306 tid=463306 inv=19 hid=f0c29cefd733b2d6 depth=1 name=chip.run.validate ts=182536505780083 dur=359330
[mono_ns=182536506143329][T0x74a0a4d67740][TIMING] emit_host_span: [STRACE] v=1 pid=463306 tid=463306 inv=19 hid=f0c29cefd733b2d6 depth=2 name=chip.run.runner_run.device_wall ts=0 dur=1613904 clk=dev
[mono_ns=182536506155657][T0x74a0a4d67740][TIMING] emit_host_span: [STRACE] v=1 pid=463306 tid=463306 inv=19 hid=f0c29cefd733b2d6 depth=3 name=chip.run.runner_run.device_wall.preamble ts=0 dur=35717 clk=dev
[mono_ns=182536506156889][T0x74a0a4d67740][TIMING] emit_host_span: [STRACE] v=1 pid=463306 tid=463306 inv=19 hid=f0c29cefd733b2d6 depth=3 name=chip.run.runner_run.device_wall.graph_build ts=3762 dur=1605995 clk=dev
[mono_ns=182536506158021][T0x74a0a4d67740][TIMING] emit_host_span: [STRACE] v=1 pid=463306 tid=463306 inv=19 hid=f0c29cefd733b2d6 depth=3 name=chip.run.runner_run.device_wall.config_validate ts=4437 dur=13703 clk=dev
[mono_ns=182536506159032][T0x74a0a4d67740][TIMING] emit_host_span: [STRACE] v=1 pid=463306 tid=463306 inv=19 hid=f0c29cefd733b2d6 depth=3 name=chip.run.runner_run.device_wall.arena_wire ts=18157 dur=3194 clk=dev
[mono_ns=182536506160014][T0x74a0a4d67740][TIMING] emit_host_span: [STRACE] v=1 pid=463306 tid=463306 inv=19 hid=f0c29cefd733b2d6 depth=3 name=chip.run.runner_run.device_wall.sm_reset ts=21415 dur=4459 clk=dev
[mono_ns=182536506161015][T0x74a0a4d67740][TIMING] emit_host_span: [STRACE] v=1 pid=463306 tid=463306 inv=19 hid=f0c29cefd733b2d6 depth=3 name=chip.run.runner_run.device_wall.post_orch ts=1609774 dur=4034 clk=dev
[mono_ns=182536506161987][T0x74a0a4d67740][TIMING] emit_host_span: [STRACE] v=1 pid=463306 tid=463306 inv=19 hid=f0c29cefd733b2d6 depth=3 name=chip.run.runner_run.device_wall.orch ts=26239 dur=1307505 clk=dev
[mono_ns=182536506162958][T0x74a0a4d67740][TIMING] emit_host_span: [STRACE] v=1 pid=463306 tid=463306 inv=19 hid=f0c29cefd733b2d6 depth=3 name=chip.run.runner_run.device_wall.sched ts=35292 dur=1560109 clk=dev
[mono_ns=182536506164330][T0x74a0a4d67740][TIMING] emit_host_span: [STRACE] v=1 pid=463306 tid=463306 inv=19 hid=f0c29cefd733b2d6 depth=1 name=chip.run.claim_release ts=182536506163629 dur=120
[mono_ns=182536506166113][T0x74a0a4d67740][TIMING] emit_host_span: [STRACE] v=1 pid=463306 tid=463306 inv=19 hid=f0c29cefd733b2d6 depth=0 name=chip.run ts=182536349108402 dur=157056930 run_id=0 dispatch_id=0 slot_id=0 generation=19 run_epoch=19
[mono_ns=182536650190231][T0x74a0a4d67740][TIMING] emit_host_span: [STRACE] v=1 pid=463306 tid=463306 inv=20 hid=f0c29cefd733b2d6 depth=2 name=chip.run.bind.args ts=182536506573094 dur=143609005
[mono_ns=182536650212154][T0x74a0a4d67740][TIMING] emit_host_span: [STRACE] v=1 pid=463306 tid=463306 inv=20 hid=f0c29cefd733b2d6 depth=2 name=chip.run.bind.prebuilt ts=182536650208659 dur=2714
[mono_ns=182536650215109][T0x74a0a4d67740][TIMING] emit_host_span: [STRACE] v=1 pid=463306 tid=463306 inv=20 hid=f0c29cefd733b2d6 depth=1 name=chip.run.bind ts=182536506567906 dur=143645540
[mono_ns=182536655244097][T0x74a0a4d67740][WARN] prepare_execution: [device_runner.cpp:343] AICPU CPU_TOPO unavailable; using json_fallback: soc=Ascend950PR_9579 occupy=0x3e stable_reachable=5 requested=0 effective=5 affinity=[1, 2, 3, 4, 5(orch)]
[mono_ns=182536657022987][T0x74a0a4d67740][TIMING] emit_host_span: [STRACE] v=1 pid=463306 tid=463306 inv=20 hid=f0c29cefd733b2d6 depth=1 name=chip.run.runner_run ts=182536655298498 dur=1722476
[mono_ns=182536657372511][T0x74a0a4d67740][TIMING] emit_host_span: [STRACE] v=1 pid=463306 tid=463306 inv=20 hid=f0c29cefd733b2d6 depth=1 name=chip.run.validate ts=182536657027273 dur=344297
[mono_ns=182536657374494][T0x74a0a4d67740][TIMING] emit_host_span: [STRACE] v=1 pid=463306 tid=463306 inv=20 hid=f0c29cefd733b2d6 depth=2 name=chip.run.runner_run.device_wall ts=0 dur=1545174 clk=dev
[mono_ns=182536657376097][T0x74a0a4d67740][TIMING] emit_host_span: [STRACE] v=1 pid=463306 tid=463306 inv=20 hid=f0c29cefd733b2d6 depth=3 name=chip.run.runner_run.device_wall.preamble ts=0 dur=13315 clk=dev
[mono_ns=182536657377429][T0x74a0a4d67740][TIMING] emit_host_span: [STRACE] v=1 pid=463306 tid=463306 inv=20 hid=f0c29cefd733b2d6 depth=3 name=chip.run.runner_run.device_wall.graph_build ts=3676 dur=1536942 clk=dev
[mono_ns=182536657383057][T0x74a0a4d67740][TIMING] emit_host_span: [STRACE] v=1 pid=463306 tid=463306 inv=20 hid=f0c29cefd733b2d6 depth=3 name=chip.run.runner_run.device_wall.config_validate ts=4271 dur=1138 clk=dev
[mono_ns=182536657384039][T0x74a0a4d67740][TIMING] emit_host_span: [STRACE] v=1 pid=463306 tid=463306 inv=20 hid=f0c29cefd733b2d6 depth=3 name=chip.run.runner_run.device_wall.arena_wire ts=5613 dur=3000 clk=dev
[mono_ns=182536657385040][T0x74a0a4d67740][TIMING] emit_host_span: [STRACE] v=1 pid=463306 tid=463306 inv=20 hid=f0c29cefd733b2d6 depth=3 name=chip.run.runner_run.device_wall.sm_reset ts=8754 dur=5417 clk=dev
[mono_ns=182536657386142][T0x74a0a4d67740][TIMING] emit_host_span: [STRACE] v=1 pid=463306 tid=463306 inv=20 hid=f0c29cefd733b2d6 depth=3 name=chip.run.runner_run.device_wall.post_orch ts=1540680 dur=4081 clk=dev
[mono_ns=182536657387123][T0x74a0a4d67740][TIMING] emit_host_span: [STRACE] v=1 pid=463306 tid=463306 inv=20 hid=f0c29cefd733b2d6 depth=3 name=chip.run.runner_run.device_wall.orch ts=14480 dur=1325317 clk=dev
[mono_ns=182536657388115][T0x74a0a4d67740][TIMING] emit_host_span: [STRACE] v=1 pid=463306 tid=463306 inv=20 hid=f0c29cefd733b2d6 depth=3 name=chip.run.runner_run.device_wall.sched ts=14905 dur=1512534 clk=dev
[mono_ns=182536657389657][T0x74a0a4d67740][TIMING] emit_host_span: [STRACE] v=1 pid=463306 tid=463306 inv=20 hid=f0c29cefd733b2d6 depth=1 name=chip.run.claim_release ts=182536657388846 dur=200
[mono_ns=182536657391500][T0x74a0a4d67740][TIMING] emit_host_span: [STRACE] v=1 pid=463306 tid=463306 inv=20 hid=f0c29cefd733b2d6 depth=0 name=chip.run ts=182536506562578 dur=150827920 run_id=0 dispatch_id=0 slot_id=0 generation=20 run_epoch=20
[mono_ns=182536792199045][T0x74a0a4d67740][TIMING] emit_host_span: [STRACE] v=1 pid=463306 tid=463306 inv=21 hid=f0c29cefd733b2d6 depth=2 name=chip.run.bind.args ts=182536657778831 dur=134413794
[mono_ns=182536792220878][T0x74a0a4d67740][TIMING] emit_host_span: [STRACE] v=1 pid=463306 tid=463306 inv=21 hid=f0c29cefd733b2d6 depth=2 name=chip.run.bind.prebuilt ts=182536792217403 dur=2754
[mono_ns=182536792223702][T0x74a0a4d67740][TIMING] emit_host_span: [STRACE] v=1 pid=463306 tid=463306 inv=21 hid=f0c29cefd733b2d6 depth=1 name=chip.run.bind ts=182536657774284 dur=134447966
[mono_ns=182536797169415][T0x74a0a4d67740][WARN] prepare_execution: [device_runner.cpp:343] AICPU CPU_TOPO unavailable; using json_fallback: soc=Ascend950PR_9579 occupy=0x3e stable_reachable=5 requested=0 effective=5 affinity=[1, 2, 3, 4, 5(orch)]
[mono_ns=182536798930288][T0x74a0a4d67740][TIMING] emit_host_span: [STRACE] v=1 pid=463306 tid=463306 inv=21 hid=f0c29cefd733b2d6 depth=1 name=chip.run.runner_run ts=182536797226741 dur=1702065
[mono_ns=182536799279202][T0x74a0a4d67740][TIMING] emit_host_span: [STRACE] v=1 pid=463306 tid=463306 inv=21 hid=f0c29cefd733b2d6 depth=1 name=chip.run.validate ts=182536798934244 dur=344036
[mono_ns=182536799281585][T0x74a0a4d67740][TIMING] emit_host_span: [STRACE] v=1 pid=463306 tid=463306 inv=21 hid=f0c29cefd733b2d6 depth=2 name=chip.run.runner_run.device_wall ts=0 dur=1529050 clk=dev
[mono_ns=182536799283188][T0x74a0a4d67740][TIMING] emit_host_span: [STRACE] v=1 pid=463306 tid=463306 inv=21 hid=f0c29cefd733b2d6 depth=3 name=chip.run.runner_run.device_wall.preamble ts=0 dur=13638 clk=dev
[mono_ns=182536799284370][T0x74a0a4d67740][TIMING] emit_host_span: [STRACE] v=1 pid=463306 tid=463306 inv=21 hid=f0c29cefd733b2d6 depth=3 name=chip.run.runner_run.device_wall.graph_build ts=3458 dur=1521553 clk=dev
[mono_ns=182536799285371][T0x74a0a4d67740][TIMING] emit_host_span: [STRACE] v=1 pid=463306 tid=463306 inv=21 hid=f0c29cefd733b2d6 depth=3 name=chip.run.runner_run.device_wall.config_validate ts=4222 dur=1151 clk=dev
[mono_ns=182536799286353][T0x74a0a4d67740][TIMING] emit_host_span: [STRACE] v=1 pid=463306 tid=463306 inv=21 hid=f0c29cefd733b2d6 depth=3 name=chip.run.runner_run.device_wall.arena_wire ts=5539 dur=3277 clk=dev
[mono_ns=182536799287334][T0x74a0a4d67740][TIMING] emit_host_span: [STRACE] v=1 pid=463306 tid=463306 inv=21 hid=f0c29cefd733b2d6 depth=3 name=chip.run.runner_run.device_wall.sm_reset ts=9047 dur=4218 clk=dev
[mono_ns=182536799293463][T0x74a0a4d67740][TIMING] emit_host_span: [STRACE] v=1 pid=463306 tid=463306 inv=21 hid=f0c29cefd733b2d6 depth=3 name=chip.run.runner_run.device_wall.post_orch ts=1525074 dur=3885 clk=dev
[mono_ns=182536799294505][T0x74a0a4d67740][TIMING] emit_host_span: [STRACE] v=1 pid=463306 tid=463306 inv=21 hid=f0c29cefd733b2d6 depth=3 name=chip.run.runner_run.device_wall.orch ts=13298 dur=1272563 clk=dev
[mono_ns=182536799295466][T0x74a0a4d67740][TIMING] emit_host_span: [STRACE] v=1 pid=463306 tid=463306 inv=21 hid=f0c29cefd733b2d6 depth=3 name=chip.run.runner_run.device_wall.sched ts=13902 dur=1498374 clk=dev
[mono_ns=182536799296818][T0x74a0a4d67740][TIMING] emit_host_span: [STRACE] v=1 pid=463306 tid=463306 inv=21 hid=f0c29cefd733b2d6 depth=1 name=chip.run.claim_release ts=182536799296067 dur=110
[mono_ns=182536799298521][T0x74a0a4d67740][TIMING] emit_host_span: [STRACE] v=1 pid=463306 tid=463306 inv=21 hid=f0c29cefd733b2d6 depth=0 name=chip.run ts=182536657768706 dur=141529024 run_id=0 dispatch_id=0 slot_id=0 generation=21 run_epoch=21
[mono_ns=182536936553079][T0x74a0a4d67740][TIMING] emit_host_span: [STRACE] v=1 pid=463306 tid=463306 inv=22 hid=f0c29cefd733b2d6 depth=2 name=chip.run.bind.args ts=182536799685612 dur=136860777
[mono_ns=182536936574160][T0x74a0a4d67740][TIMING] emit_host_span: [STRACE] v=1 pid=463306 tid=463306 inv=22 hid=f0c29cefd733b2d6 depth=2 name=chip.run.bind.prebuilt ts=182536936571106 dur=2193
[mono_ns=182536936576975][T0x74a0a4d67740][TIMING] emit_host_span: [STRACE] v=1 pid=463306 tid=463306 inv=22 hid=f0c29cefd733b2d6 depth=1 name=chip.run.bind ts=182536799681285 dur=136894298
[mono_ns=182536941625903][T0x74a0a4d67740][WARN] prepare_execution: [device_runner.cpp:343] AICPU CPU_TOPO unavailable; using json_fallback: soc=Ascend950PR_9579 occupy=0x3e stable_reachable=5 requested=0 effective=5 affinity=[1, 2, 3, 4, 5(orch)]
[mono_ns=182536943440296][T0x74a0a4d67740][TIMING] emit_host_span: [STRACE] v=1 pid=463306 tid=463306 inv=22 hid=f0c29cefd733b2d6 depth=1 name=chip.run.runner_run ts=182536941681947 dur=1756456
[mono_ns=182536943797813][T0x74a0a4d67740][TIMING] emit_host_span: [STRACE] v=1 pid=463306 tid=463306 inv=22 hid=f0c29cefd733b2d6 depth=1 name=chip.run.validate ts=182536943444522 dur=352409
[mono_ns=182536943799495][T0x74a0a4d67740][TIMING] emit_host_span: [STRACE] v=1 pid=463306 tid=463306 inv=22 hid=f0c29cefd733b2d6 depth=2 name=chip.run.runner_run.device_wall ts=0 dur=1581333 clk=dev
[mono_ns=182536943801027][T0x74a0a4d67740][TIMING] emit_host_span: [STRACE] v=1 pid=463306 tid=463306 inv=22 hid=f0c29cefd733b2d6 depth=3 name=chip.run.runner_run.device_wall.preamble ts=0 dur=12497 clk=dev
[mono_ns=182536943802279][T0x74a0a4d67740][TIMING] emit_host_span: [STRACE] v=1 pid=463306 tid=463306 inv=22 hid=f0c29cefd733b2d6 depth=3 name=chip.run.runner_run.device_wall.graph_build ts=2800 dur=1574188 clk=dev
[mono_ns=182536943803311][T0x74a0a4d67740][TIMING] emit_host_span: [STRACE] v=1 pid=463306 tid=463306 inv=22 hid=f0c29cefd733b2d6 depth=3 name=chip.run.runner_run.device_wall.config_validate ts=3498 dur=1148 clk=dev
[mono_ns=182536943804302][T0x74a0a4d67740][TIMING] emit_host_span: [STRACE] v=1 pid=463306 tid=463306 inv=22 hid=f0c29cefd733b2d6 depth=3 name=chip.run.runner_run.device_wall.arena_wire ts=4719 dur=3498 clk=dev
[mono_ns=182536943805344][T0x74a0a4d67740][TIMING] emit_host_span: [STRACE] v=1 pid=463306 tid=463306 inv=22 hid=f0c29cefd733b2d6 depth=3 name=chip.run.runner_run.device_wall.sm_reset ts=8705 dur=4113 clk=dev
[mono_ns=182536943806436][T0x74a0a4d67740][TIMING] emit_host_span: [STRACE] v=1 pid=463306 tid=463306 inv=22 hid=f0c29cefd733b2d6 depth=3 name=chip.run.runner_run.device_wall.post_orch ts=1577017 dur=3864 clk=dev
[mono_ns=182536943807427][T0x74a0a4d67740][TIMING] emit_host_span: [STRACE] v=1 pid=463306 tid=463306 inv=22 hid=f0c29cefd733b2d6 depth=3 name=chip.run.runner_run.device_wall.orch ts=13066 dur=1276644 clk=dev
[mono_ns=182536943808409][T0x74a0a4d67740][TIMING] emit_host_span: [STRACE] v=1 pid=463306 tid=463306 inv=22 hid=f0c29cefd733b2d6 depth=3 name=chip.run.runner_run.device_wall.sched ts=13635 dur=1550424 clk=dev
[mono_ns=182536943815008][T0x74a0a4d67740][TIMING] emit_host_span: [STRACE] v=1 pid=463306 tid=463306 inv=22 hid=f0c29cefd733b2d6 depth=1 name=chip.run.claim_release ts=182536943814257 dur=120
[mono_ns=182536943817011][T0x74a0a4d67740][TIMING] emit_host_span: [STRACE] v=1 pid=463306 tid=463306 inv=22 hid=f0c29cefd733b2d6 depth=0 name=chip.run ts=182536799676408 dur=144139472 run_id=0 dispatch_id=0 slot_id=0 generation=22 run_epoch=22
[mono_ns=182537088975993][T0x74a0a4d67740][TIMING] emit_host_span: [STRACE] v=1 pid=463306 tid=463306 inv=23 hid=f0c29cefd733b2d6 depth=2 name=chip.run.bind.args ts=182536944221078 dur=144749107
[mono_ns=182537088993880][T0x74a0a4d67740][TIMING] emit_host_span: [STRACE] v=1 pid=463306 tid=463306 inv=23 hid=f0c29cefd733b2d6 depth=2 name=chip.run.bind.prebuilt ts=182537088990936 dur=2123
[mono_ns=182537088996524][T0x74a0a4d67740][TIMING] emit_host_span: [STRACE] v=1 pid=463306 tid=463306 inv=23 hid=f0c29cefd733b2d6 depth=1 name=chip.run.bind ts=182536944215510 dur=144779712
[mono_ns=182537093931201][T0x74a0a4d67740][WARN] prepare_execution: [device_runner.cpp:343] AICPU CPU_TOPO unavailable; using json_fallback: soc=Ascend950PR_9579 occupy=0x3e stable_reachable=5 requested=0 effective=5 affinity=[1, 2, 3, 4, 5(orch)]
[mono_ns=182537095659385][T0x74a0a4d67740][TIMING] emit_host_span: [STRACE] v=1 pid=463306 tid=463306 inv=23 hid=f0c29cefd733b2d6 depth=1 name=chip.run.runner_run ts=182537093983099 dur=1674693
[mono_ns=182537096013596][T0x74a0a4d67740][TIMING] emit_host_span: [STRACE] v=1 pid=463306 tid=463306 inv=23 hid=f0c29cefd733b2d6 depth=1 name=chip.run.validate ts=182537095663320 dur=349415
[mono_ns=182537096015870][T0x74a0a4d67740][TIMING] emit_host_span: [STRACE] v=1 pid=463306 tid=463306 inv=23 hid=f0c29cefd733b2d6 depth=2 name=chip.run.runner_run.device_wall ts=0 dur=1494185 clk=dev
[mono_ns=182537096017442][T0x74a0a4d67740][TIMING] emit_host_span: [STRACE] v=1 pid=463306 tid=463306 inv=23 hid=f0c29cefd733b2d6 depth=3 name=chip.run.runner_run.device_wall.preamble ts=0 dur=13620 clk=dev
[mono_ns=182537096018654][T0x74a0a4d67740][TIMING] emit_host_span: [STRACE] v=1 pid=463306 tid=463306 inv=23 hid=f0c29cefd733b2d6 depth=3 name=chip.run.runner_run.device_wall.graph_build ts=3190 dur=1486167 clk=dev
[mono_ns=182537096019685][T0x74a0a4d67740][TIMING] emit_host_span: [STRACE] v=1 pid=463306 tid=463306 inv=23 hid=f0c29cefd733b2d6 depth=3 name=chip.run.runner_run.device_wall.config_validate ts=3771 dur=1423 clk=dev
[mono_ns=182537096020657][T0x74a0a4d67740][TIMING] emit_host_span: [STRACE] v=1 pid=463306 tid=463306 inv=23 hid=f0c29cefd733b2d6 depth=3 name=chip.run.runner_run.device_wall.arena_wire ts=5337 dur=3012 clk=dev
[mono_ns=182537096021638][T0x74a0a4d67740][TIMING] emit_host_span: [STRACE] v=1 pid=463306 tid=463306 inv=23 hid=f0c29cefd733b2d6 depth=3 name=chip.run.runner_run.device_wall.sm_reset ts=8426 dur=4248 clk=dev
[mono_ns=182537096022670][T0x74a0a4d67740][TIMING] emit_host_span: [STRACE] v=1 pid=463306 tid=463306 inv=23 hid=f0c29cefd733b2d6 depth=3 name=chip.run.runner_run.device_wall.post_orch ts=1489387 dur=4437 clk=dev
[mono_ns=182537096023651][T0x74a0a4d67740][TIMING] emit_host_span: [STRACE] v=1 pid=463306 tid=463306 inv=23 hid=f0c29cefd733b2d6 depth=3 name=chip.run.runner_run.device_wall.orch ts=12775 dur=1249844 clk=dev
[mono_ns=182537096024633][T0x74a0a4d67740][TIMING] emit_host_span: [STRACE] v=1 pid=463306 tid=463306 inv=23 hid=f0c29cefd733b2d6 depth=3 name=chip.run.runner_run.device_wall.sched ts=14056 dur=1459166 clk=dev
[mono_ns=182537096026155][T0x74a0a4d67740][TIMING] emit_host_span: [STRACE] v=1 pid=463306 tid=463306 inv=23 hid=f0c29cefd733b2d6 depth=1 name=chip.run.claim_release ts=182537096025454 dur=90
[mono_ns=182537096027667][T0x74a0a4d67740][TIMING] emit_host_span: [STRACE] v=1 pid=463306 tid=463306 inv=23 hid=f0c29cefd733b2d6 depth=0 name=chip.run ts=182536944209470 dur=151817506 run_id=0 dispatch_id=0 slot_id=0 generation=23 run_epoch=23
[mono_ns=182537235352593][T0x74a0a4d67740][TIMING] emit_host_span: [STRACE] v=1 pid=463306 tid=463306 inv=24 hid=f0c29cefd733b2d6 depth=2 name=chip.run.bind.args ts=182537096441508 dur=138901040
[mono_ns=182537235379734][T0x74a0a4d67740][TIMING] emit_host_span: [STRACE] v=1 pid=463306 tid=463306 inv=24 hid=f0c29cefd733b2d6 depth=2 name=chip.run.bind.prebuilt ts=182537235375968 dur=2684
[mono_ns=182537235383008][T0x74a0a4d67740][TIMING] emit_host_span: [STRACE] v=1 pid=463306 tid=463306 inv=24 hid=f0c29cefd733b2d6 depth=1 name=chip.run.bind ts=182537096436050 dur=138945546
[mono_ns=182537240461040][T0x74a0a4d67740][WARN] prepare_execution: [device_runner.cpp:343] AICPU CPU_TOPO unavailable; using json_fallback: soc=Ascend950PR_9579 occupy=0x3e stable_reachable=5 requested=0 effective=5 affinity=[1, 2, 3, 4, 5(orch)]
[mono_ns=182537242286370][T0x74a0a4d67740][TIMING] emit_host_span: [STRACE] v=1 pid=463306 tid=463306 inv=24 hid=f0c29cefd733b2d6 depth=1 name=chip.run.runner_run ts=182537240520369 dur=1763938
[mono_ns=182537242645669][T0x74a0a4d67740][TIMING] emit_host_span: [STRACE] v=1 pid=463306 tid=463306 inv=24 hid=f0c29cefd733b2d6 depth=1 name=chip.run.validate ts=182537242291878 dur=352790
[mono_ns=182537242647772][T0x74a0a4d67740][TIMING] emit_host_span: [STRACE] v=1 pid=463306 tid=463306 inv=24 hid=f0c29cefd733b2d6 depth=2 name=chip.run.runner_run.device_wall ts=0 dur=1532250 clk=dev
[mono_ns=182537242649495][T0x74a0a4d67740][TIMING] emit_host_span: [STRACE] v=1 pid=463306 tid=463306 inv=24 hid=f0c29cefd733b2d6 depth=3 name=chip.run.runner_run.device_wall.preamble ts=0 dur=13119 clk=dev
[mono_ns=182537242650737][T0x74a0a4d67740][TIMING] emit_host_span: [STRACE] v=1 pid=463306 tid=463306 inv=24 hid=f0c29cefd733b2d6 depth=3 name=chip.run.runner_run.device_wall.graph_build ts=2979 dur=1525105 clk=dev
[mono_ns=182537242651748][T0x74a0a4d67740][TIMING] emit_host_span: [STRACE] v=1 pid=463306 tid=463306 inv=24 hid=f0c29cefd733b2d6 depth=3 name=chip.run.runner_run.device_wall.config_validate ts=3469 dur=983 clk=dev
[mono_ns=182537242652750][T0x74a0a4d67740][TIMING] emit_host_span: [STRACE] v=1 pid=463306 tid=463306 inv=24 hid=f0c29cefd733b2d6 depth=3 name=chip.run.runner_run.device_wall.arena_wire ts=4470 dur=2964 clk=dev
[mono_ns=182537242653721][T0x74a0a4d67740][TIMING] emit_host_span: [STRACE] v=1 pid=463306 tid=463306 inv=24 hid=f0c29cefd733b2d6 depth=3 name=chip.run.runner_run.device_wall.sm_reset ts=7455 dur=5024 clk=dev
[mono_ns=182537242654703][T0x74a0a4d67740][TIMING] emit_host_span: [STRACE] v=1 pid=463306 tid=463306 inv=24 hid=f0c29cefd733b2d6 depth=3 name=chip.run.runner_run.device_wall.post_orch ts=1528153 dur=4037 clk=dev
[mono_ns=182537242655714][T0x74a0a4d67740][TIMING] emit_host_span: [STRACE] v=1 pid=463306 tid=463306 inv=24 hid=f0c29cefd733b2d6 depth=3 name=chip.run.runner_run.device_wall.orch ts=12687 dur=1283639 clk=dev
[mono_ns=182537242656706][T0x74a0a4d67740][TIMING] emit_host_span: [STRACE] v=1 pid=463306 tid=463306 inv=24 hid=f0c29cefd733b2d6 depth=3 name=chip.run.runner_run.device_wall.sched ts=13359 dur=1498797 clk=dev
[mono_ns=182537242658158][T0x74a0a4d67740][TIMING] emit_host_span: [STRACE] v=1 pid=463306 tid=463306 inv=24 hid=f0c29cefd733b2d6 depth=1 name=chip.run.claim_release ts=182537242657357 dur=210
[mono_ns=182537242660001][T0x74a0a4d67740][TIMING] emit_host_span: [STRACE] v=1 pid=463306 tid=463306 inv=24 hid=f0c29cefd733b2d6 depth=0 name=chip.run ts=182537096430842 dur=146228307 run_id=0 dispatch_id=0 slot_id=0 generation=24 run_epoch=24
[mono_ns=182537388116569][T0x74a0a4d67740][TIMING] emit_host_span: [STRACE] v=1 pid=463306 tid=463306 inv=25 hid=f0c29cefd733b2d6 depth=2 name=chip.run.bind.args ts=182537243106791 dur=145000895
[mono_ns=182537388140245][T0x74a0a4d67740][TIMING] emit_host_span: [STRACE] v=1 pid=463306 tid=463306 inv=25 hid=f0c29cefd733b2d6 depth=2 name=chip.run.bind.prebuilt ts=182537388136860 dur=2533
[mono_ns=182537388142979][T0x74a0a4d67740][TIMING] emit_host_span: [STRACE] v=1 pid=463306 tid=463306 inv=25 hid=f0c29cefd733b2d6 depth=1 name=chip.run.bind ts=182537243101343 dur=145040114
[mono_ns=182537392943945][T0x74a0a4d67740][WARN] prepare_execution: [device_runner.cpp:343] AICPU CPU_TOPO unavailable; using json_fallback: soc=Ascend950PR_9579 occupy=0x3e stable_reachable=5 requested=0 effective=5 affinity=[1, 2, 3, 4, 5(orch)]
[mono_ns=182537394740521][T0x74a0a4d67740][TIMING] emit_host_span: [STRACE] v=1 pid=463306 tid=463306 inv=25 hid=f0c29cefd733b2d6 depth=1 name=chip.run.runner_run ts=182537392996884 dur=1742145
[mono_ns=182537395101102][T0x74a0a4d67740][TIMING] emit_host_span: [STRACE] v=1 pid=463306 tid=463306 inv=25 hid=f0c29cefd733b2d6 depth=1 name=chip.run.validate ts=182537394745018 dur=355163
[mono_ns=182537395103696][T0x74a0a4d67740][TIMING] emit_host_span: [STRACE] v=1 pid=463306 tid=463306 inv=25 hid=f0c29cefd733b2d6 depth=2 name=chip.run.runner_run.device_wall ts=0 dur=1560075 clk=dev
[mono_ns=182537395105239][T0x74a0a4d67740][TIMING] emit_host_span: [STRACE] v=1 pid=463306 tid=463306 inv=25 hid=f0c29cefd733b2d6 depth=3 name=chip.run.runner_run.device_wall.preamble ts=0 dur=13904 clk=dev
[mono_ns=182537395106501][T0x74a0a4d67740][TIMING] emit_host_span: [STRACE] v=1 pid=463306 tid=463306 inv=25 hid=f0c29cefd733b2d6 depth=3 name=chip.run.runner_run.device_wall.graph_build ts=3644 dur=1552029 clk=dev
[mono_ns=182537395107512][T0x74a0a4d67740][TIMING] emit_host_span: [STRACE] v=1 pid=463306 tid=463306 inv=25 hid=f0c29cefd733b2d6 depth=3 name=chip.run.runner_run.device_wall.config_validate ts=4318 dur=1517 clk=dev
[mono_ns=182537395108484][T0x74a0a4d67740][TIMING] emit_host_span: [STRACE] v=1 pid=463306 tid=463306 inv=25 hid=f0c29cefd733b2d6 depth=3 name=chip.run.runner_run.device_wall.arena_wire ts=6109 dur=3137 clk=dev
[mono_ns=182537395109455][T0x74a0a4d67740][TIMING] emit_host_span: [STRACE] v=1 pid=463306 tid=463306 inv=25 hid=f0c29cefd733b2d6 depth=3 name=chip.run.runner_run.device_wall.sm_reset ts=9359 dur=5285 clk=dev
[mono_ns=182537395110557][T0x74a0a4d67740][TIMING] emit_host_span: [STRACE] v=1 pid=463306 tid=463306 inv=25 hid=f0c29cefd733b2d6 depth=3 name=chip.run.runner_run.device_wall.post_orch ts=1555734 dur=4189 clk=dev
[mono_ns=182537395111578][T0x74a0a4d67740][TIMING] emit_host_span: [STRACE] v=1 pid=463306 tid=463306 inv=25 hid=f0c29cefd733b2d6 depth=3 name=chip.run.runner_run.device_wall.orch ts=14946 dur=1276505 clk=dev
[mono_ns=182537395112570][T0x74a0a4d67740][TIMING] emit_host_span: [STRACE] v=1 pid=463306 tid=463306 inv=25 hid=f0c29cefd733b2d6 depth=3 name=chip.run.runner_run.device_wall.sched ts=15546 dur=1524560 clk=dev
[mono_ns=182537395114012][T0x74a0a4d67740][TIMING] emit_host_span: [STRACE] v=1 pid=463306 tid=463306 inv=25 hid=f0c29cefd733b2d6 depth=1 name=chip.run.claim_release ts=182537395113221 dur=200
[mono_ns=182537395115654][T0x74a0a4d67740][TIMING] emit_host_span: [STRACE] v=1 pid=463306 tid=463306 inv=25 hid=f0c29cefd733b2d6 depth=0 name=chip.run ts=182537243095624 dur=152019269 run_id=0 dispatch_id=0 slot_id=0 generation=25 run_epoch=25
[mono_ns=182537540932073][T0x74a0a4d67740][TIMING] emit_host_span: [STRACE] v=1 pid=463306 tid=463306 inv=26 hid=f0c29cefd733b2d6 depth=2 name=chip.run.bind.args ts=182537395506140 dur=145418712
[mono_ns=182537540952724][T0x74a0a4d67740][TIMING] emit_host_span: [STRACE] v=1 pid=463306 tid=463306 inv=26 hid=f0c29cefd733b2d6 depth=2 name=chip.run.bind.prebuilt ts=182537540949579 dur=2224
[mono_ns=182537540955528][T0x74a0a4d67740][TIMING] emit_host_span: [STRACE] v=1 pid=463306 tid=463306 inv=26 hid=f0c29cefd733b2d6 depth=1 name=chip.run.bind ts=182537395500211 dur=145454055
[mono_ns=182537545495292][T0x74a0a4d67740][WARN] prepare_execution: [device_runner.cpp:343] AICPU CPU_TOPO unavailable; using json_fallback: soc=Ascend950PR_9579 occupy=0x3e stable_reachable=5 requested=0 effective=5 affinity=[1, 2, 3, 4, 5(orch)]
[mono_ns=182537547277387][T0x74a0a4d67740][TIMING] emit_host_span: [STRACE] v=1 pid=463306 tid=463306 inv=26 hid=f0c29cefd733b2d6 depth=1 name=chip.run.runner_run ts=182537545545708 dur=1729896
[mono_ns=182537547632069][T0x74a0a4d67740][TIMING] emit_host_span: [STRACE] v=1 pid=463306 tid=463306 inv=26 hid=f0c29cefd733b2d6 depth=1 name=chip.run.validate ts=182537547281924 dur=349284
[mono_ns=182537547638389][T0x74a0a4d67740][TIMING] emit_host_span: [STRACE] v=1 pid=463306 tid=463306 inv=26 hid=f0c29cefd733b2d6 depth=2 name=chip.run.runner_run.device_wall ts=0 dur=1554761 clk=dev
[mono_ns=182537547639881][T0x74a0a4d67740][TIMING] emit_host_span: [STRACE] v=1 pid=463306 tid=463306 inv=26 hid=f0c29cefd733b2d6 depth=3 name=chip.run.runner_run.device_wall.preamble ts=0 dur=13382 clk=dev
[mono_ns=182537547641093][T0x74a0a4d67740][TIMING] emit_host_span: [STRACE] v=1 pid=463306 tid=463306 inv=26 hid=f0c29cefd733b2d6 depth=3 name=chip.run.runner_run.device_wall.graph_build ts=3303 dur=1548027 clk=dev
[mono_ns=182537547642124][T0x74a0a4d67740][TIMING] emit_host_span: [STRACE] v=1 pid=463306 tid=463306 inv=26 hid=f0c29cefd733b2d6 depth=3 name=chip.run.runner_run.device_wall.config_validate ts=3963 dur=1353 clk=dev
[mono_ns=182537547643116][T0x74a0a4d67740][TIMING] emit_host_span: [STRACE] v=1 pid=463306 tid=463306 inv=26 hid=f0c29cefd733b2d6 depth=3 name=chip.run.runner_run.device_wall.arena_wire ts=5577 dur=2763 clk=dev
[mono_ns=182537547644077][T0x74a0a4d67740][TIMING] emit_host_span: [STRACE] v=1 pid=463306 tid=463306 inv=26 hid=f0c29cefd733b2d6 depth=3 name=chip.run.runner_run.device_wall.sm_reset ts=8430 dur=4692 clk=dev
[mono_ns=182537547645099][T0x74a0a4d67740][TIMING] emit_host_span: [STRACE] v=1 pid=463306 tid=463306 inv=26 hid=f0c29cefd733b2d6 depth=3 name=chip.run.runner_run.device_wall.post_orch ts=1551352 dur=3097 clk=dev
[mono_ns=182537547646090][T0x74a0a4d67740][TIMING] emit_host_span: [STRACE] v=1 pid=463306 tid=463306 inv=26 hid=f0c29cefd733b2d6 depth=3 name=chip.run.runner_run.device_wall.orch ts=13427 dur=1288426 clk=dev
[mono_ns=182537547647072][T0x74a0a4d67740][TIMING] emit_host_span: [STRACE] v=1 pid=463306 tid=463306 inv=26 hid=f0c29cefd733b2d6 depth=3 name=chip.run.runner_run.device_wall.sched ts=13863 dur=1524925 clk=dev
[mono_ns=182537547648434][T0x74a0a4d67740][TIMING] emit_host_span: [STRACE] v=1 pid=463306 tid=463306 inv=26 hid=f0c29cefd733b2d6 depth=1 name=chip.run.claim_release ts=182537547647643 dur=190
[mono_ns=182537547650076][T0x74a0a4d67740][TIMING] emit_host_span: [STRACE] v=1 pid=463306 tid=463306 inv=26 hid=f0c29cefd733b2d6 depth=0 name=chip.run ts=182537395495484 dur=152153871 run_id=0 dispatch_id=0 slot_id=0 generation=26 run_epoch=26
[mono_ns=182537680926273][T0x74a0a4d67740][TIMING] emit_host_span: [STRACE] v=1 pid=463306 tid=463306 inv=27 hid=f0c29cefd733b2d6 depth=2 name=chip.run.bind.args ts=182537548056126 dur=132862556
[mono_ns=182537680948516][T0x74a0a4d67740][TIMING] emit_host_span: [STRACE] v=1 pid=463306 tid=463306 inv=27 hid=f0c29cefd733b2d6 depth=2 name=chip.run.bind.prebuilt ts=182537680945272 dur=2503
[mono_ns=182537680950710][T0x74a0a4d67740][TIMING] emit_host_span: [STRACE] v=1 pid=463306 tid=463306 inv=27 hid=f0c29cefd733b2d6 depth=1 name=chip.run.bind ts=182537548050137 dur=132899441
[mono_ns=182537685511515][T0x74a0a4d67740][WARN] prepare_execution: [device_runner.cpp:343] AICPU CPU_TOPO unavailable; using json_fallback: soc=Ascend950PR_9579 occupy=0x3e stable_reachable=5 requested=0 effective=5 affinity=[1, 2, 3, 4, 5(orch)]
[mono_ns=182537687276664][T0x74a0a4d67740][TIMING] emit_host_span: [STRACE] v=1 pid=463306 tid=463306 inv=27 hid=f0c29cefd733b2d6 depth=1 name=chip.run.runner_run ts=182537685566518 dur=1708274
[mono_ns=182537687619399][T0x74a0a4d67740][TIMING] emit_host_span: [STRACE] v=1 pid=463306 tid=463306 inv=27 hid=f0c29cefd733b2d6 depth=1 name=chip.run.validate ts=182537687281822 dur=336655
[mono_ns=182537687621232][T0x74a0a4d67740][TIMING] emit_host_span: [STRACE] v=1 pid=463306 tid=463306 inv=27 hid=f0c29cefd733b2d6 depth=2 name=chip.run.runner_run.device_wall ts=0 dur=1539431 clk=dev
[mono_ns=182537687622934][T0x74a0a4d67740][TIMING] emit_host_span: [STRACE] v=1 pid=463306 tid=463306 inv=27 hid=f0c29cefd733b2d6 depth=3 name=chip.run.runner_run.device_wall.preamble ts=0 dur=15469 clk=dev
[mono_ns=182537687629935][T0x74a0a4d67740][TIMING] emit_host_span: [STRACE] v=1 pid=463306 tid=463306 inv=27 hid=f0c29cefd733b2d6 depth=3 name=chip.run.runner_run.device_wall.graph_build ts=4935 dur=1529673 clk=dev
[mono_ns=182537687630986][T0x74a0a4d67740][TIMING] emit_host_span: [STRACE] v=1 pid=463306 tid=463306 inv=27 hid=f0c29cefd733b2d6 depth=3 name=chip.run.runner_run.device_wall.config_validate ts=5614 dur=1354 clk=dev
[mono_ns=182537687631978][T0x74a0a4d67740][TIMING] emit_host_span: [STRACE] v=1 pid=463306 tid=463306 inv=27 hid=f0c29cefd733b2d6 depth=3 name=chip.run.runner_run.device_wall.arena_wire ts=7053 dur=3364 clk=dev
[mono_ns=182537687632979][T0x74a0a4d67740][TIMING] emit_host_span: [STRACE] v=1 pid=463306 tid=463306 inv=27 hid=f0c29cefd733b2d6 depth=3 name=chip.run.runner_run.device_wall.sm_reset ts=10632 dur=5546 clk=dev
[mono_ns=182537687634001][T0x74a0a4d67740][TIMING] emit_host_span: [STRACE] v=1 pid=463306 tid=463306 inv=27 hid=f0c29cefd733b2d6 depth=3 name=chip.run.runner_run.device_wall.post_orch ts=1534716 dur=3700 clk=dev
[mono_ns=182537687634982][T0x74a0a4d67740][TIMING] emit_host_span: [STRACE] v=1 pid=463306 tid=463306 inv=27 hid=f0c29cefd733b2d6 depth=3 name=chip.run.runner_run.device_wall.orch ts=16467 dur=1265633 clk=dev
[mono_ns=182537687635974][T0x74a0a4d67740][TIMING] emit_host_span: [STRACE] v=1 pid=463306 tid=463306 inv=27 hid=f0c29cefd733b2d6 depth=3 name=chip.run.runner_run.device_wall.sched ts=16871 dur=1504866 clk=dev
[mono_ns=182537687637666][T0x74a0a4d67740][TIMING] emit_host_span: [STRACE] v=1 pid=463306 tid=463306 inv=27 hid=f0c29cefd733b2d6 depth=1 name=chip.run.claim_release ts=182537687636645 dur=430
[mono_ns=182537687639279][T0x74a0a4d67740][TIMING] emit_host_span: [STRACE] v=1 pid=463306 tid=463306 inv=27 hid=f0c29cefd733b2d6 depth=0 name=chip.run ts=182537548044388 dur=139594180 run_id=0 dispatch_id=0 slot_id=0 generation=27 run_epoch=27
[mono_ns=182537824275839][T0x74a0a4d67740][TIMING] emit_host_span: [STRACE] v=1 pid=463306 tid=463306 inv=28 hid=f0c29cefd733b2d6 depth=2 name=chip.run.bind.args ts=182537688031157 dur=136237992
[mono_ns=182537824296891][T0x74a0a4d67740][TIMING] emit_host_span: [STRACE] v=1 pid=463306 tid=463306 inv=28 hid=f0c29cefd733b2d6 depth=2 name=chip.run.bind.prebuilt ts=182537824293686 dur=2363
[mono_ns=182537824299324][T0x74a0a4d67740][TIMING] emit_host_span: [STRACE] v=1 pid=463306 tid=463306 inv=28 hid=f0c29cefd733b2d6 depth=1 name=chip.run.bind ts=182537688025528 dur=136272575
[mono_ns=182537828832388][T0x74a0a4d67740][WARN] prepare_execution: [device_runner.cpp:343] AICPU CPU_TOPO unavailable; using json_fallback: soc=Ascend950PR_9579 occupy=0x3e stable_reachable=5 requested=0 effective=5 affinity=[1, 2, 3, 4, 5(orch)]
[mono_ns=182537830713451][T0x74a0a4d67740][TIMING] emit_host_span: [STRACE] v=1 pid=463306 tid=463306 inv=28 hid=f0c29cefd733b2d6 depth=1 name=chip.run.runner_run ts=182537828886529 dur=1825190
[mono_ns=182537831102305][T0x74a0a4d67740][TIMING] emit_host_span: [STRACE] v=1 pid=463306 tid=463306 inv=28 hid=f0c29cefd733b2d6 depth=1 name=chip.run.validate ts=182537830717678 dur=383756
[mono_ns=182537831104979][T0x74a0a4d67740][TIMING] emit_host_span: [STRACE] v=1 pid=463306 tid=463306 inv=28 hid=f0c29cefd733b2d6 depth=2 name=chip.run.runner_run.device_wall ts=0 dur=1654713 clk=dev
[mono_ns=182537831106602][T0x74a0a4d67740][TIMING] emit_host_span: [STRACE] v=1 pid=463306 tid=463306 inv=28 hid=f0c29cefd733b2d6 depth=3 name=chip.run.runner_run.device_wall.preamble ts=0 dur=13776 clk=dev
[mono_ns=182537831107853][T0x74a0a4d67740][TIMING] emit_host_span: [STRACE] v=1 pid=463306 tid=463306 inv=28 hid=f0c29cefd733b2d6 depth=3 name=chip.run.runner_run.device_wall.graph_build ts=3213 dur=1647417 clk=dev
[mono_ns=182537831108905][T0x74a0a4d67740][TIMING] emit_host_span: [STRACE] v=1 pid=463306 tid=463306 inv=28 hid=f0c29cefd733b2d6 depth=3 name=chip.run.runner_run.device_wall.config_validate ts=3864 dur=1230 clk=dev
[mono_ns=182537831109886][T0x74a0a4d67740][TIMING] emit_host_span: [STRACE] v=1 pid=463306 tid=463306 inv=28 hid=f0c29cefd733b2d6 depth=3 name=chip.run.runner_run.device_wall.arena_wire ts=5208 dur=3401 clk=dev
[mono_ns=182537831115455][T0x74a0a4d67740][TIMING] emit_host_span: [STRACE] v=1 pid=463306 tid=463306 inv=28 hid=f0c29cefd733b2d6 depth=3 name=chip.run.runner_run.device_wall.sm_reset ts=8681 dur=4819 clk=dev
[mono_ns=182537831116476][T0x74a0a4d67740][TIMING] emit_host_span: [STRACE] v=1 pid=463306 tid=463306 inv=28 hid=f0c29cefd733b2d6 depth=3 name=chip.run.runner_run.device_wall.post_orch ts=1650687 dur=3614 clk=dev
[mono_ns=182537831117568][T0x74a0a4d67740][TIMING] emit_host_span: [STRACE] v=1 pid=463306 tid=463306 inv=28 hid=f0c29cefd733b2d6 depth=3 name=chip.run.runner_run.device_wall.orch ts=13697 dur=1308083 clk=dev
[mono_ns=182537831118539][T0x74a0a4d67740][TIMING] emit_host_span: [STRACE] v=1 pid=463306 tid=463306 inv=28 hid=f0c29cefd733b2d6 depth=3 name=chip.run.runner_run.device_wall.sched ts=14299 dur=1621945 clk=dev
[mono_ns=182537831119761][T0x74a0a4d67740][TIMING] emit_host_span: [STRACE] v=1 pid=463306 tid=463306 inv=28 hid=f0c29cefd733b2d6 depth=1 name=chip.run.claim_release ts=182537831119110 dur=80
[mono_ns=182537831121484][T0x74a0a4d67740][TIMING] emit_host_span: [STRACE] v=1 pid=463306 tid=463306 inv=28 hid=f0c29cefd733b2d6 depth=0 name=chip.run ts=182537688020371 dur=143100232 run_id=0 dispatch_id=0 slot_id=0 generation=28 run_epoch=28
[mono_ns=182537968377955][T0x74a0a4d67740][TIMING] emit_host_span: [STRACE] v=1 pid=463306 tid=463306 inv=29 hid=f0c29cefd733b2d6 depth=2 name=chip.run.bind.args ts=182537831485911 dur=136882650
[mono_ns=182537968406538][T0x74a0a4d67740][TIMING] emit_host_span: [STRACE] v=1 pid=463306 tid=463306 inv=29 hid=f0c29cefd733b2d6 depth=2 name=chip.run.bind.prebuilt ts=182537968402992 dur=2754
[mono_ns=182537968409612][T0x74a0a4d67740][TIMING] emit_host_span: [STRACE] v=1 pid=463306 tid=463306 inv=29 hid=f0c29cefd733b2d6 depth=1 name=chip.run.bind ts=182537831481494 dur=136926706
[mono_ns=182537973057929][T0x74a0a4d67740][WARN] prepare_execution: [device_runner.cpp:343] AICPU CPU_TOPO unavailable; using json_fallback: soc=Ascend950PR_9579 occupy=0x3e stable_reachable=5 requested=0 effective=5 affinity=[1, 2, 3, 4, 5(orch)]
[mono_ns=182537974825983][T0x74a0a4d67740][TIMING] emit_host_span: [STRACE] v=1 pid=463306 tid=463306 inv=29 hid=f0c29cefd733b2d6 depth=1 name=chip.run.runner_run ts=182537973114824 dur=1709156
[mono_ns=182537975179924][T0x74a0a4d67740][TIMING] emit_host_span: [STRACE] v=1 pid=463306 tid=463306 inv=29 hid=f0c29cefd733b2d6 depth=1 name=chip.run.validate ts=182537974830139 dur=348924
[mono_ns=182537975182037][T0x74a0a4d67740][TIMING] emit_host_span: [STRACE] v=1 pid=463306 tid=463306 inv=29 hid=f0c29cefd733b2d6 depth=2 name=chip.run.runner_run.device_wall ts=0 dur=1530371 clk=dev
[mono_ns=182537975183640][T0x74a0a4d67740][TIMING] emit_host_span: [STRACE] v=1 pid=463306 tid=463306 inv=29 hid=f0c29cefd733b2d6 depth=3 name=chip.run.runner_run.device_wall.preamble ts=0 dur=15654 clk=dev
[mono_ns=182537975184982][T0x74a0a4d67740][TIMING] emit_host_span: [STRACE] v=1 pid=463306 tid=463306 inv=29 hid=f0c29cefd733b2d6 depth=3 name=chip.run.runner_run.device_wall.graph_build ts=4505 dur=1520427 clk=dev
[mono_ns=182537975186053][T0x74a0a4d67740][TIMING] emit_host_span: [STRACE] v=1 pid=463306 tid=463306 inv=29 hid=f0c29cefd733b2d6 depth=3 name=chip.run.runner_run.device_wall.config_validate ts=5068 dur=1410 clk=dev
[mono_ns=182537975187035][T0x74a0a4d67740][TIMING] emit_host_span: [STRACE] v=1 pid=463306 tid=463306 inv=29 hid=f0c29cefd733b2d6 depth=3 name=chip.run.runner_run.device_wall.arena_wire ts=6729 dur=3203 clk=dev
[mono_ns=182537975187996][T0x74a0a4d67740][TIMING] emit_host_span: [STRACE] v=1 pid=463306 tid=463306 inv=29 hid=f0c29cefd733b2d6 depth=3 name=chip.run.runner_run.device_wall.sm_reset ts=9954 dur=4746 clk=dev
[mono_ns=182537975189028][T0x74a0a4d67740][TIMING] emit_host_span: [STRACE] v=1 pid=463306 tid=463306 inv=29 hid=f0c29cefd733b2d6 depth=3 name=chip.run.runner_run.device_wall.post_orch ts=1525089 dur=4430 clk=dev
[mono_ns=182537975195377][T0x74a0a4d67740][TIMING] emit_host_span: [STRACE] v=1 pid=463306 tid=463306 inv=29 hid=f0c29cefd733b2d6 depth=3 name=chip.run.runner_run.device_wall.orch ts=15010 dur=1297245 clk=dev
[mono_ns=182537975196489][T0x74a0a4d67740][TIMING] emit_host_span: [STRACE] v=1 pid=463306 tid=463306 inv=29 hid=f0c29cefd733b2d6 depth=3 name=chip.run.runner_run.device_wall.sched ts=16239 dur=1496077 clk=dev
[mono_ns=182537975197941][T0x74a0a4d67740][TIMING] emit_host_span: [STRACE] v=1 pid=463306 tid=463306 inv=29 hid=f0c29cefd733b2d6 depth=1 name=chip.run.claim_release ts=182537975197180 dur=120
[mono_ns=182537975199644][T0x74a0a4d67740][TIMING] emit_host_span: [STRACE] v=1 pid=463306 tid=463306 inv=29 hid=f0c29cefd733b2d6 depth=0 name=chip.run ts=182537831477408 dur=143721494 run_id=0 dispatch_id=0 slot_id=0 generation=29 run_epoch=29
[mono_ns=182538112077697][T0x74a0a4d67740][TIMING] emit_host_span: [STRACE] v=1 pid=463306 tid=463306 inv=30 hid=f0c29cefd733b2d6 depth=2 name=chip.run.bind.args ts=182537975589288 dur=136478203
[mono_ns=182538112104627][T0x74a0a4d67740][TIMING] emit_host_span: [STRACE] v=1 pid=463306 tid=463306 inv=30 hid=f0c29cefd733b2d6 depth=2 name=chip.run.bind.prebuilt ts=182538112100811 dur=2804
[mono_ns=182538112107862][T0x74a0a4d67740][TIMING] emit_host_span: [STRACE] v=1 pid=463306 tid=463306 inv=30 hid=f0c29cefd733b2d6 depth=1 name=chip.run.bind ts=182537975583610 dur=136522760
[mono_ns=182538116728817][T0x74a0a4d67740][WARN] prepare_execution: [device_runner.cpp:343] AICPU CPU_TOPO unavailable; using json_fallback: soc=Ascend950PR_9579 occupy=0x3e stable_reachable=5 requested=0 effective=5 affinity=[1, 2, 3, 4, 5(orch)]
[mono_ns=182538118547397][T0x74a0a4d67740][TIMING] emit_host_span: [STRACE] v=1 pid=463306 tid=463306 inv=30 hid=f0c29cefd733b2d6 depth=1 name=chip.run.runner_run ts=182538116785342 dur=1760413
[mono_ns=182538118895359][T0x74a0a4d67740][TIMING] emit_host_span: [STRACE] v=1 pid=463306 tid=463306 inv=30 hid=f0c29cefd733b2d6 depth=1 name=chip.run.validate ts=182538118552324 dur=342034
[mono_ns=182538118897693][T0x74a0a4d67740][TIMING] emit_host_span: [STRACE] v=1 pid=463306 tid=463306 inv=30 hid=f0c29cefd733b2d6 depth=2 name=chip.run.runner_run.device_wall ts=0 dur=1583716 clk=dev
[mono_ns=182538118899245][T0x74a0a4d67740][TIMING] emit_host_span: [STRACE] v=1 pid=463306 tid=463306 inv=30 hid=f0c29cefd733b2d6 depth=3 name=chip.run.runner_run.device_wall.preamble ts=0 dur=12445 clk=dev
[mono_ns=182538118900457][T0x74a0a4d67740][TIMING] emit_host_span: [STRACE] v=1 pid=463306 tid=463306 inv=30 hid=f0c29cefd733b2d6 depth=3 name=chip.run.runner_run.device_wall.graph_build ts=2555 dur=1577456 clk=dev
[mono_ns=182538118901498][T0x74a0a4d67740][TIMING] emit_host_span: [STRACE] v=1 pid=463306 tid=463306 inv=30 hid=f0c29cefd733b2d6 depth=3 name=chip.run.runner_run.device_wall.config_validate ts=3214 dur=1427 clk=dev
[mono_ns=182538118902480][T0x74a0a4d67740][TIMING] emit_host_span: [STRACE] v=1 pid=463306 tid=463306 inv=30 hid=f0c29cefd733b2d6 depth=3 name=chip.run.runner_run.device_wall.arena_wire ts=4706 dur=4037 clk=dev
[mono_ns=182538118903501][T0x74a0a4d67740][TIMING] emit_host_span: [STRACE] v=1 pid=463306 tid=463306 inv=30 hid=f0c29cefd733b2d6 depth=3 name=chip.run.runner_run.device_wall.sm_reset ts=8805 dur=4246 clk=dev
[mono_ns=182538118904613][T0x74a0a4d67740][TIMING] emit_host_span: [STRACE] v=1 pid=463306 tid=463306 inv=30 hid=f0c29cefd733b2d6 depth=3 name=chip.run.runner_run.device_wall.post_orch ts=1580042 dur=3363 clk=dev
[mono_ns=182538118905625][T0x74a0a4d67740][TIMING] emit_host_span: [STRACE] v=1 pid=463306 tid=463306 inv=30 hid=f0c29cefd733b2d6 depth=3 name=chip.run.runner_run.device_wall.orch ts=13256 dur=1279130 clk=dev
[mono_ns=182538118906596][T0x74a0a4d67740][TIMING] emit_host_span: [STRACE] v=1 pid=463306 tid=463306 inv=30 hid=f0c29cefd733b2d6 depth=3 name=chip.run.runner_run.device_wall.sched ts=13917 dur=1552969 clk=dev
[mono_ns=182538118908088][T0x74a0a4d67740][TIMING] emit_host_span: [STRACE] v=1 pid=463306 tid=463306 inv=30 hid=f0c29cefd733b2d6 depth=1 name=chip.run.claim_release ts=182538118907257 dur=210
[mono_ns=182538118914909][T0x74a0a4d67740][TIMING] emit_host_span: [STRACE] v=1 pid=463306 tid=463306 inv=30 hid=f0c29cefd733b2d6 depth=0 name=chip.run ts=182537975577461 dur=143336546 run_id=0 dispatch_id=0 slot_id=0 generation=30 run_epoch=30
[mono_ns=182538249288228][T0x74a0a4d67740][TIMING] emit_host_span: [STRACE] v=1 pid=463306 tid=463306 inv=31 hid=f0c29cefd733b2d6 depth=2 name=chip.run.bind.args ts=182538119329331 dur=129949243
[mono_ns=182538249308419][T0x74a0a4d67740][TIMING] emit_host_span: [STRACE] v=1 pid=463306 tid=463306 inv=31 hid=f0c29cefd733b2d6 depth=2 name=chip.run.bind.prebuilt ts=182538249304843 dur=2674
[mono_ns=182538249311343][T0x74a0a4d67740][TIMING] emit_host_span: [STRACE] v=1 pid=463306 tid=463306 inv=31 hid=f0c29cefd733b2d6 depth=1 name=chip.run.bind ts=182538119323923 dur=129985908
[mono_ns=182538253964127][T0x74a0a4d67740][WARN] prepare_execution: [device_runner.cpp:343] AICPU CPU_TOPO unavailable; using json_fallback: soc=Ascend950PR_9579 occupy=0x3e stable_reachable=5 requested=0 effective=5 affinity=[1, 2, 3, 4, 5(orch)]
[mono_ns=182538255747523][T0x74a0a4d67740][TIMING] emit_host_span: [STRACE] v=1 pid=463306 tid=463306 inv=31 hid=f0c29cefd733b2d6 depth=1 name=chip.run.runner_run ts=182538254020561 dur=1725140
[mono_ns=182538256105280][T0x74a0a4d67740][TIMING] emit_host_span: [STRACE] v=1 pid=463306 tid=463306 inv=31 hid=f0c29cefd733b2d6 depth=1 name=chip.run.validate ts=182538255751840 dur=352469
[mono_ns=182538256107534][T0x74a0a4d67740][TIMING] emit_host_span: [STRACE] v=1 pid=463306 tid=463306 inv=31 hid=f0c29cefd733b2d6 depth=2 name=chip.run.runner_run.device_wall ts=0 dur=1551710 clk=dev
[mono_ns=182538256109086][T0x74a0a4d67740][TIMING] emit_host_span: [STRACE] v=1 pid=463306 tid=463306 inv=31 hid=f0c29cefd733b2d6 depth=3 name=chip.run.runner_run.device_wall.preamble ts=0 dur=13446 clk=dev
[mono_ns=182538256110358][T0x74a0a4d67740][TIMING] emit_host_span: [STRACE] v=1 pid=463306 tid=463306 inv=31 hid=f0c29cefd733b2d6 depth=3 name=chip.run.runner_run.device_wall.graph_build ts=3756 dur=1542944 clk=dev
[mono_ns=182538256111379][T0x74a0a4d67740][TIMING] emit_host_span: [STRACE] v=1 pid=463306 tid=463306 inv=31 hid=f0c29cefd733b2d6 depth=3 name=chip.run.runner_run.device_wall.config_validate ts=4402 dur=1516 clk=dev
[mono_ns=182538256112391][T0x74a0a4d67740][TIMING] emit_host_span: [STRACE] v=1 pid=463306 tid=463306 inv=31 hid=f0c29cefd733b2d6 depth=3 name=chip.run.runner_run.device_wall.arena_wire ts=5988 dur=2759 clk=dev
[mono_ns=182538256113362][T0x74a0a4d67740][TIMING] emit_host_span: [STRACE] v=1 pid=463306 tid=463306 inv=31 hid=f0c29cefd733b2d6 depth=3 name=chip.run.runner_run.device_wall.sm_reset ts=8949 dur=5292 clk=dev
[mono_ns=182538256114404][T0x74a0a4d67740][TIMING] emit_host_span: [STRACE] v=1 pid=463306 tid=463306 inv=31 hid=f0c29cefd733b2d6 depth=3 name=chip.run.runner_run.device_wall.post_orch ts=1546742 dur=4357 clk=dev
[mono_ns=182538256115375][T0x74a0a4d67740][TIMING] emit_host_span: [STRACE] v=1 pid=463306 tid=463306 inv=31 hid=f0c29cefd733b2d6 depth=3 name=chip.run.runner_run.device_wall.orch ts=14274 dur=1280259 clk=dev
[mono_ns=182538256116337][T0x74a0a4d67740][TIMING] emit_host_span: [STRACE] v=1 pid=463306 tid=463306 inv=31 hid=f0c29cefd733b2d6 depth=3 name=chip.run.runner_run.device_wall.sched ts=14884 dur=1519568 clk=dev
[mono_ns=182538256117739][T0x74a0a4d67740][TIMING] emit_host_span: [STRACE] v=1 pid=463306 tid=463306 inv=31 hid=f0c29cefd733b2d6 depth=1 name=chip.run.claim_release ts=182538256116988 dur=190
[mono_ns=182538256119612][T0x74a0a4d67740][TIMING] emit_host_span: [STRACE] v=1 pid=463306 tid=463306 inv=31 hid=f0c29cefd733b2d6 depth=0 name=chip.run ts=182538119318895 dur=136799665 run_id=0 dispatch_id=0 slot_id=0 generation=31 run_epoch=31
[mono_ns=182538391525926][T0x74a0a4d67740][TIMING] emit_host_span: [STRACE] v=1 pid=463306 tid=463306 inv=32 hid=f0c29cefd733b2d6 depth=2 name=chip.run.bind.args ts=182538256507143 dur=135011061
[mono_ns=182538391541860][T0x74a0a4d67740][TIMING] emit_host_span: [STRACE] v=1 pid=463306 tid=463306 inv=32 hid=f0c29cefd733b2d6 depth=2 name=chip.run.bind.prebuilt ts=182538391538445 dur=2503
[mono_ns=182538391549591][T0x74a0a4d67740][TIMING] emit_host_span: [STRACE] v=1 pid=463306 tid=463306 inv=32 hid=f0c29cefd733b2d6 depth=1 name=chip.run.bind ts=182538256502136 dur=135046053
[mono_ns=182538396049535][T0x74a0a4d67740][WARN] prepare_execution: [device_runner.cpp:343] AICPU CPU_TOPO unavailable; using json_fallback: soc=Ascend950PR_9579 occupy=0x3e stable_reachable=5 requested=0 effective=5 affinity=[1, 2, 3, 4, 5(orch)]
[mono_ns=182538397923468][T0x74a0a4d67740][TIMING] emit_host_span: [STRACE] v=1 pid=463306 tid=463306 inv=32 hid=f0c29cefd733b2d6 depth=1 name=chip.run.runner_run ts=182538396110857 dur=1810888
[mono_ns=182538398266613][T0x74a0a4d67740][TIMING] emit_host_span: [STRACE] v=1 pid=463306 tid=463306 inv=32 hid=f0c29cefd733b2d6 depth=1 name=chip.run.validate ts=182538397927204 dur=338518
[mono_ns=182538398268936][T0x74a0a4d67740][TIMING] emit_host_span: [STRACE] v=1 pid=463306 tid=463306 inv=32 hid=f0c29cefd733b2d6 depth=2 name=chip.run.runner_run.device_wall ts=0 dur=1575014 clk=dev
[mono_ns=182538398270319][T0x74a0a4d67740][TIMING] emit_host_span: [STRACE] v=1 pid=463306 tid=463306 inv=32 hid=f0c29cefd733b2d6 depth=3 name=chip.run.runner_run.device_wall.preamble ts=0 dur=13978 clk=dev
[mono_ns=182538398271621][T0x74a0a4d67740][TIMING] emit_host_span: [STRACE] v=1 pid=463306 tid=463306 inv=32 hid=f0c29cefd733b2d6 depth=3 name=chip.run.runner_run.device_wall.graph_build ts=3340 dur=1567011 clk=dev
[mono_ns=182538398272622][T0x74a0a4d67740][TIMING] emit_host_span: [STRACE] v=1 pid=463306 tid=463306 inv=32 hid=f0c29cefd733b2d6 depth=3 name=chip.run.runner_run.device_wall.config_validate ts=3992 dur=1503 clk=dev
[mono_ns=182538398273603][T0x74a0a4d67740][TIMING] emit_host_span: [STRACE] v=1 pid=463306 tid=463306 inv=32 hid=f0c29cefd733b2d6 depth=3 name=chip.run.runner_run.device_wall.arena_wire ts=5570 dur=3282 clk=dev
[mono_ns=182538398274595][T0x74a0a4d67740][TIMING] emit_host_span: [STRACE] v=1 pid=463306 tid=463306 inv=32 hid=f0c29cefd733b2d6 depth=3 name=chip.run.runner_run.device_wall.sm_reset ts=9000 dur=6180 clk=dev
[mono_ns=182538398275827][T0x74a0a4d67740][TIMING] emit_host_span: [STRACE] v=1 pid=463306 tid=463306 inv=32 hid=f0c29cefd733b2d6 depth=3 name=chip.run.runner_run.device_wall.post_orch ts=1570366 dur=4132 clk=dev
[mono_ns=182538398276838][T0x74a0a4d67740][TIMING] emit_host_span: [STRACE] v=1 pid=463306 tid=463306 inv=32 hid=f0c29cefd733b2d6 depth=3 name=chip.run.runner_run.device_wall.orch ts=15209 dur=1285774 clk=dev
[mono_ns=182538398277820][T0x74a0a4d67740][TIMING] emit_host_span: [STRACE] v=1 pid=463306 tid=463306 inv=32 hid=f0c29cefd733b2d6 depth=3 name=chip.run.runner_run.device_wall.sched ts=16274 dur=1541196 clk=dev
[mono_ns=182538398279372][T0x74a0a4d67740][TIMING] emit_host_span: [STRACE] v=1 pid=463306 tid=463306 inv=32 hid=f0c29cefd733b2d6 depth=1 name=chip.run.claim_release ts=182538398278581 dur=210
[mono_ns=182538398280944][T0x74a0a4d67740][TIMING] emit_host_span: [STRACE] v=1 pid=463306 tid=463306 inv=32 hid=f0c29cefd733b2d6 depth=0 name=chip.run ts=182538256497199 dur=141783004 run_id=0 dispatch_id=0 slot_id=0 generation=32 run_epoch=32
[mono_ns=182538541459163][T0x74a0a4d67740][TIMING] emit_host_span: [STRACE] v=1 pid=463306 tid=463306 inv=33 hid=f0c29cefd733b2d6 depth=2 name=chip.run.bind.args ts=182538398665021 dur=142784688
[mono_ns=182538541475438][T0x74a0a4d67740][TIMING] emit_host_span: [STRACE] v=1 pid=463306 tid=463306 inv=33 hid=f0c29cefd733b2d6 depth=2 name=chip.run.bind.prebuilt ts=182538541471442 dur=3145
[mono_ns=182538541478482][T0x74a0a4d67740][TIMING] emit_host_span: [STRACE] v=1 pid=463306 tid=463306 inv=33 hid=f0c29cefd733b2d6 depth=1 name=chip.run.bind ts=182538398660114 dur=142816916
[mono_ns=182538546087831][T0x74a0a4d67740][WARN] prepare_execution: [device_runner.cpp:343] AICPU CPU_TOPO unavailable; using json_fallback: soc=Ascend950PR_9579 occupy=0x3e stable_reachable=5 requested=0 effective=5 affinity=[1, 2, 3, 4, 5(orch)]
[mono_ns=182538547850817][T0x74a0a4d67740][TIMING] emit_host_span: [STRACE] v=1 pid=463306 tid=463306 inv=33 hid=f0c29cefd733b2d6 depth=1 name=chip.run.runner_run ts=182538546154751 dur=1693953
[mono_ns=182538548204778][T0x74a0a4d67740][TIMING] emit_host_span: [STRACE] v=1 pid=463306 tid=463306 inv=33 hid=f0c29cefd733b2d6 depth=1 name=chip.run.validate ts=182538547855223 dur=348664
[mono_ns=182538548207082][T0x74a0a4d67740][TIMING] emit_host_span: [STRACE] v=1 pid=463306 tid=463306 inv=33 hid=f0c29cefd733b2d6 depth=2 name=chip.run.runner_run.device_wall ts=0 dur=1482351 clk=dev
[mono_ns=182538548208894][T0x74a0a4d67740][TIMING] emit_host_span: [STRACE] v=1 pid=463306 tid=463306 inv=33 hid=f0c29cefd733b2d6 depth=3 name=chip.run.runner_run.device_wall.preamble ts=0 dur=14521 clk=dev
[mono_ns=182538548210216][T0x74a0a4d67740][TIMING] emit_host_span: [STRACE] v=1 pid=463306 tid=463306 inv=33 hid=f0c29cefd733b2d6 depth=3 name=chip.run.runner_run.device_wall.graph_build ts=3723 dur=1473832 clk=dev
[mono_ns=182538548211288][T0x74a0a4d67740][TIMING] emit_host_span: [STRACE] v=1 pid=463306 tid=463306 inv=33 hid=f0c29cefd733b2d6 depth=3 name=chip.run.runner_run.device_wall.config_validate ts=4514 dur=1611 clk=dev
[mono_ns=182538548212269][T0x74a0a4d67740][TIMING] emit_host_span: [STRACE] v=1 pid=463306 tid=463306 inv=33 hid=f0c29cefd733b2d6 depth=3 name=chip.run.runner_run.device_wall.arena_wire ts=6386 dur=2905 clk=dev
[mono_ns=182538548213261][T0x74a0a4d67740][TIMING] emit_host_span: [STRACE] v=1 pid=463306 tid=463306 inv=33 hid=f0c29cefd733b2d6 depth=3 name=chip.run.runner_run.device_wall.sm_reset ts=9493 dur=4500 clk=dev
[mono_ns=182538548214543][T0x74a0a4d67740][TIMING] emit_host_span: [STRACE] v=1 pid=463306 tid=463306 inv=33 hid=f0c29cefd733b2d6 depth=3 name=chip.run.runner_run.device_wall.post_orch ts=1477592 dur=3817 clk=dev
[mono_ns=182538548215534][T0x74a0a4d67740][TIMING] emit_host_span: [STRACE] v=1 pid=463306 tid=463306 inv=33 hid=f0c29cefd733b2d6 depth=3 name=chip.run.runner_run.device_wall.orch ts=14200 dur=1250154 clk=dev
[mono_ns=182538548216516][T0x74a0a4d67740][TIMING] emit_host_span: [STRACE] v=1 pid=463306 tid=463306 inv=33 hid=f0c29cefd733b2d6 depth=3 name=chip.run.runner_run.device_wall.sched ts=14929 dur=1449336 clk=dev
[mono_ns=182538548217958][T0x74a0a4d67740][TIMING] emit_host_span: [STRACE] v=1 pid=463306 tid=463306 inv=33 hid=f0c29cefd733b2d6 depth=1 name=chip.run.claim_release ts=182538548217147 dur=220
[mono_ns=182538548219570][T0x74a0a4d67740][TIMING] emit_host_span: [STRACE] v=1 pid=463306 tid=463306 inv=33 hid=f0c29cefd733b2d6 depth=0 name=chip.run ts=182538398654856 dur=149564003 run_id=0 dispatch_id=0 slot_id=0 generation=33 run_epoch=33
[mono_ns=182538682535678][T0x74a0a4d67740][TIMING] emit_host_span: [STRACE] v=1 pid=463306 tid=463306 inv=34 hid=f0c29cefd733b2d6 depth=2 name=chip.run.bind.args ts=182538548637768 dur=133886643
[mono_ns=182538682553445][T0x74a0a4d67740][TIMING] emit_host_span: [STRACE] v=1 pid=463306 tid=463306 inv=34 hid=f0c29cefd733b2d6 depth=2 name=chip.run.bind.prebuilt ts=182538682550570 dur=1923
[mono_ns=182538682557471][T0x74a0a4d67740][TIMING] emit_host_span: [STRACE] v=1 pid=463306 tid=463306 inv=34 hid=f0c29cefd733b2d6 depth=1 name=chip.run.bind ts=182538548632270 dur=133922727
[mono_ns=182538687155552][T0x74a0a4d67740][WARN] prepare_execution: [device_runner.cpp:343] AICPU CPU_TOPO unavailable; using json_fallback: soc=Ascend950PR_9579 occupy=0x3e stable_reachable=5 requested=0 effective=5 affinity=[1, 2, 3, 4, 5(orch)]
[mono_ns=182538688959349][T0x74a0a4d67740][TIMING] emit_host_span: [STRACE] v=1 pid=463306 tid=463306 inv=34 hid=f0c29cefd733b2d6 depth=1 name=chip.run.runner_run ts=182538687205757 dur=1750528
[mono_ns=182538689321243][T0x74a0a4d67740][TIMING] emit_host_span: [STRACE] v=1 pid=463306 tid=463306 inv=34 hid=f0c29cefd733b2d6 depth=1 name=chip.run.validate ts=182538688963766 dur=356495
[mono_ns=182538689323886][T0x74a0a4d67740][TIMING] emit_host_span: [STRACE] v=1 pid=463306 tid=463306 inv=34 hid=f0c29cefd733b2d6 depth=2 name=chip.run.runner_run.device_wall ts=0 dur=1554125 clk=dev
[mono_ns=182538689330326][T0x74a0a4d67740][TIMING] emit_host_span: [STRACE] v=1 pid=463306 tid=463306 inv=34 hid=f0c29cefd733b2d6 depth=3 name=chip.run.runner_run.device_wall.preamble ts=0 dur=14854 clk=dev
[mono_ns=182538689331688][T0x74a0a4d67740][TIMING] emit_host_span: [STRACE] v=1 pid=463306 tid=463306 inv=34 hid=f0c29cefd733b2d6 depth=3 name=chip.run.runner_run.device_wall.graph_build ts=5058 dur=1544492 clk=dev
[mono_ns=182538689332730][T0x74a0a4d67740][TIMING] emit_host_span: [STRACE] v=1 pid=463306 tid=463306 inv=34 hid=f0c29cefd733b2d6 depth=3 name=chip.run.runner_run.device_wall.config_validate ts=5627 dur=1312 clk=dev
[mono_ns=182538689333731][T0x74a0a4d67740][TIMING] emit_host_span: [STRACE] v=1 pid=463306 tid=463306 inv=34 hid=f0c29cefd733b2d6 depth=3 name=chip.run.runner_run.device_wall.arena_wire ts=7016 dur=2654 clk=dev
[mono_ns=182538689334773][T0x74a0a4d67740][TIMING] emit_host_span: [STRACE] v=1 pid=463306 tid=463306 inv=34 hid=f0c29cefd733b2d6 depth=3 name=chip.run.runner_run.device_wall.sm_reset ts=9690 dur=5492 clk=dev
[mono_ns=182538689335854][T0x74a0a4d67740][TIMING] emit_host_span: [STRACE] v=1 pid=463306 tid=463306 inv=34 hid=f0c29cefd733b2d6 depth=3 name=chip.run.runner_run.device_wall.post_orch ts=1549595 dur=3808 clk=dev
[mono_ns=182538689336866][T0x74a0a4d67740][TIMING] emit_host_span: [STRACE] v=1 pid=463306 tid=463306 inv=34 hid=f0c29cefd733b2d6 depth=3 name=chip.run.runner_run.device_wall.orch ts=15484 dur=1262053 clk=dev
[mono_ns=182538689337857][T0x74a0a4d67740][TIMING] emit_host_span: [STRACE] v=1 pid=463306 tid=463306 inv=34 hid=f0c29cefd733b2d6 depth=3 name=chip.run.runner_run.device_wall.sched ts=15843 dur=1518908 clk=dev
[mono_ns=182538689339300][T0x74a0a4d67740][TIMING] emit_host_span: [STRACE] v=1 pid=463306 tid=463306 inv=34 hid=f0c29cefd733b2d6 depth=1 name=chip.run.claim_release ts=182538689338498 dur=211
[mono_ns=182538689341142][T0x74a0a4d67740][TIMING] emit_host_span: [STRACE] v=1 pid=463306 tid=463306 inv=34 hid=f0c29cefd733b2d6 depth=0 name=chip.run ts=182538548627623 dur=140712688 run_id=0 dispatch_id=0 slot_id=0 generation=34 run_epoch=34
[mono_ns=182538834531101][T0x74a0a4d67740][TIMING] emit_host_span: [STRACE] v=1 pid=463306 tid=463306 inv=35 hid=f0c29cefd733b2d6 depth=2 name=chip.run.bind.args ts=182538689950837 dur=144573714
[mono_ns=182538834549458][T0x74a0a4d67740][TIMING] emit_host_span: [STRACE] v=1 pid=463306 tid=463306 inv=35 hid=f0c29cefd733b2d6 depth=2 name=chip.run.bind.prebuilt ts=182538834546193 dur=2544
[mono_ns=182538834552182][T0x74a0a4d67740][TIMING] emit_host_span: [STRACE] v=1 pid=463306 tid=463306 inv=35 hid=f0c29cefd733b2d6 depth=1 name=chip.run.bind ts=182538689946201 dur=144604710
[mono_ns=182538839138256][T0x74a0a4d67740][WARN] prepare_execution: [device_runner.cpp:343] AICPU CPU_TOPO unavailable; using json_fallback: soc=Ascend950PR_9579 occupy=0x3e stable_reachable=5 requested=0 effective=5 affinity=[1, 2, 3, 4, 5(orch)]
[mono_ns=182538840972459][T0x74a0a4d67740][TIMING] emit_host_span: [STRACE] v=1 pid=463306 tid=463306 inv=35 hid=f0c29cefd733b2d6 depth=1 name=chip.run.runner_run ts=182538839192928 dur=1778149
[mono_ns=182538841319910][T0x74a0a4d67740][TIMING] emit_host_span: [STRACE] v=1 pid=463306 tid=463306 inv=35 hid=f0c29cefd733b2d6 depth=1 name=chip.run.validate ts=182538840976234 dur=342775
[mono_ns=182538841322294][T0x74a0a4d67740][TIMING] emit_host_span: [STRACE] v=1 pid=463306 tid=463306 inv=35 hid=f0c29cefd733b2d6 depth=2 name=chip.run.runner_run.device_wall ts=0 dur=1606135 clk=dev
[mono_ns=182538841323886][T0x74a0a4d67740][TIMING] emit_host_span: [STRACE] v=1 pid=463306 tid=463306 inv=35 hid=f0c29cefd733b2d6 depth=3 name=chip.run.runner_run.device_wall.preamble ts=0 dur=13269 clk=dev
[mono_ns=182538841325028][T0x74a0a4d67740][TIMING] emit_host_span: [STRACE] v=1 pid=463306 tid=463306 inv=35 hid=f0c29cefd733b2d6 depth=3 name=chip.run.runner_run.device_wall.graph_build ts=2980 dur=1598567 clk=dev
[mono_ns=182538841326029][T0x74a0a4d67740][TIMING] emit_host_span: [STRACE] v=1 pid=463306 tid=463306 inv=35 hid=f0c29cefd733b2d6 depth=3 name=chip.run.runner_run.device_wall.config_validate ts=3654 dur=1452 clk=dev
[mono_ns=182538841331918][T0x74a0a4d67740][TIMING] emit_host_span: [STRACE] v=1 pid=463306 tid=463306 inv=35 hid=f0c29cefd733b2d6 depth=3 name=chip.run.runner_run.device_wall.arena_wire ts=5229 dur=3103 clk=dev
[mono_ns=182538841332930][T0x74a0a4d67740][TIMING] emit_host_span: [STRACE] v=1 pid=463306 tid=463306 inv=35 hid=f0c29cefd733b2d6 depth=3 name=chip.run.runner_run.device_wall.sm_reset ts=8402 dur=5515 clk=dev
[mono_ns=182538841334122][T0x74a0a4d67740][TIMING] emit_host_span: [STRACE] v=1 pid=463306 tid=463306 inv=35 hid=f0c29cefd733b2d6 depth=3 name=chip.run.runner_run.device_wall.post_orch ts=1601571 dur=4005 clk=dev
[mono_ns=182538841335243][T0x74a0a4d67740][TIMING] emit_host_span: [STRACE] v=1 pid=463306 tid=463306 inv=35 hid=f0c29cefd733b2d6 depth=3 name=chip.run.runner_run.device_wall.orch ts=14254 dur=1353857 clk=dev
[mono_ns=182538841336245][T0x74a0a4d67740][TIMING] emit_host_span: [STRACE] v=1 pid=463306 tid=463306 inv=35 hid=f0c29cefd733b2d6 depth=3 name=chip.run.runner_run.device_wall.sched ts=14838 dur=1574279 clk=dev
[mono_ns=182538841337647][T0x74a0a4d67740][TIMING] emit_host_span: [STRACE] v=1 pid=463306 tid=463306 inv=35 hid=f0c29cefd733b2d6 depth=1 name=chip.run.claim_release ts=182538841336866 dur=190
[mono_ns=182538841339219][T0x74a0a4d67740][TIMING] emit_host_span: [STRACE] v=1 pid=463306 tid=463306 inv=35 hid=f0c29cefd733b2d6 depth=0 name=chip.run ts=182538689940852 dur=151397706 run_id=0 dispatch_id=0 slot_id=0 generation=35 run_epoch=35
[mono_ns=182538986637660][T0x74a0a4d67740][TIMING] emit_host_span: [STRACE] v=1 pid=463306 tid=463306 inv=36 hid=f0c29cefd733b2d6 depth=2 name=chip.run.bind.args ts=182538841679951 dur=144950288
[mono_ns=182538986658752][T0x74a0a4d67740][TIMING] emit_host_span: [STRACE] v=1 pid=463306 tid=463306 inv=36 hid=f0c29cefd733b2d6 depth=2 name=chip.run.bind.prebuilt ts=182538986654986 dur=2745
[mono_ns=182538986661817][T0x74a0a4d67740][TIMING] emit_host_span: [STRACE] v=1 pid=463306 tid=463306 inv=36 hid=f0c29cefd733b2d6 depth=1 name=chip.run.bind ts=182538841675073 dur=144985081
[mono_ns=182538991220279][T0x74a0a4d67740][WARN] prepare_execution: [device_runner.cpp:343] AICPU CPU_TOPO unavailable; using json_fallback: soc=Ascend950PR_9579 occupy=0x3e stable_reachable=5 requested=0 effective=5 affinity=[1, 2, 3, 4, 5(orch)]
[mono_ns=182538992984577][T0x74a0a4d67740][TIMING] emit_host_span: [STRACE] v=1 pid=463306 tid=463306 inv=36 hid=f0c29cefd733b2d6 depth=1 name=chip.run.runner_run ts=182538991275922 dur=1706972
[mono_ns=182538993338258][T0x74a0a4d67740][TIMING] emit_host_span: [STRACE] v=1 pid=463306 tid=463306 inv=36 hid=f0c29cefd733b2d6 depth=1 name=chip.run.validate ts=182538992989003 dur=348273
[mono_ns=182538993340541][T0x74a0a4d67740][TIMING] emit_host_span: [STRACE] v=1 pid=463306 tid=463306 inv=36 hid=f0c29cefd733b2d6 depth=2 name=chip.run.runner_run.device_wall ts=0 dur=1528794 clk=dev
[mono_ns=182538993342063][T0x74a0a4d67740][TIMING] emit_host_span: [STRACE] v=1 pid=463306 tid=463306 inv=36 hid=f0c29cefd733b2d6 depth=3 name=chip.run.runner_run.device_wall.preamble ts=0 dur=13370 clk=dev
[mono_ns=182538993343425][T0x74a0a4d67740][TIMING] emit_host_span: [STRACE] v=1 pid=463306 tid=463306 inv=36 hid=f0c29cefd733b2d6 depth=3 name=chip.run.runner_run.device_wall.graph_build ts=2827 dur=1521329 clk=dev
[mono_ns=182538993344477][T0x74a0a4d67740][TIMING] emit_host_span: [STRACE] v=1 pid=463306 tid=463306 inv=36 hid=f0c29cefd733b2d6 depth=3 name=chip.run.runner_run.device_wall.config_validate ts=3521 dur=1294 clk=dev
[mono_ns=182538993345468][T0x74a0a4d67740][TIMING] emit_host_span: [STRACE] v=1 pid=463306 tid=463306 inv=36 hid=f0c29cefd733b2d6 depth=3 name=chip.run.runner_run.device_wall.arena_wire ts=4887 dur=2889 clk=dev
[mono_ns=182538993346430][T0x74a0a4d67740][TIMING] emit_host_span: [STRACE] v=1 pid=463306 tid=463306 inv=36 hid=f0c29cefd733b2d6 depth=3 name=chip.run.runner_run.device_wall.sm_reset ts=7835 dur=4917 clk=dev
[mono_ns=182538993353350][T0x74a0a4d67740][TIMING] emit_host_span: [STRACE] v=1 pid=463306 tid=463306 inv=36 hid=f0c29cefd733b2d6 depth=3 name=chip.run.runner_run.device_wall.post_orch ts=1524194 dur=3761 clk=dev
[mono_ns=182538993354402][T0x74a0a4d67740][TIMING] emit_host_span: [STRACE] v=1 pid=463306 tid=463306 inv=36 hid=f0c29cefd733b2d6 depth=3 name=chip.run.runner_run.device_wall.orch ts=12782 dur=1303047 clk=dev
[mono_ns=182538993355403][T0x74a0a4d67740][TIMING] emit_host_span: [STRACE] v=1 pid=463306 tid=463306 inv=36 hid=f0c29cefd733b2d6 depth=3 name=chip.run.runner_run.device_wall.sched ts=13713 dur=1497120 clk=dev
[mono_ns=182538993356896][T0x74a0a4d67740][TIMING] emit_host_span: [STRACE] v=1 pid=463306 tid=463306 inv=36 hid=f0c29cefd733b2d6 depth=1 name=chip.run.claim_release ts=182538993356044 dur=251
[mono_ns=182538993359069][T0x74a0a4d67740][TIMING] emit_host_span: [STRACE] v=1 pid=463306 tid=463306 inv=36 hid=f0c29cefd733b2d6 depth=0 name=chip.run ts=182538841670567 dur=151687340 run_id=0 dispatch_id=0 slot_id=0 generation=36 run_epoch=36
[mono_ns=182539131018915][T0x74a0a4d67740][TIMING] emit_host_span: [STRACE] v=1 pid=463306 tid=463306 inv=37 hid=f0c29cefd733b2d6 depth=2 name=chip.run.bind.args ts=182538993733170 dur=137279536
[mono_ns=182539131035540][T0x74a0a4d67740][TIMING] emit_host_span: [STRACE] v=1 pid=463306 tid=463306 inv=37 hid=f0c29cefd733b2d6 depth=2 name=chip.run.bind.prebuilt ts=182539131032566 dur=2253
[mono_ns=182539131038144][T0x74a0a4d67740][TIMING] emit_host_span: [STRACE] v=1 pid=463306 tid=463306 inv=37 hid=f0c29cefd733b2d6 depth=1 name=chip.run.bind ts=182538993727982 dur=137308720
[mono_ns=182539135589255][T0x74a0a4d67740][WARN] prepare_execution: [device_runner.cpp:343] AICPU CPU_TOPO unavailable; using json_fallback: soc=Ascend950PR_9579 occupy=0x3e stable_reachable=5 requested=0 effective=5 affinity=[1, 2, 3, 4, 5(orch)]
[mono_ns=182539137333883][T0x74a0a4d67740][TIMING] emit_host_span: [STRACE] v=1 pid=463306 tid=463306 inv=37 hid=f0c29cefd733b2d6 depth=1 name=chip.run.runner_run ts=182539135643416 dur=1688845
[mono_ns=182539137679412][T0x74a0a4d67740][TIMING] emit_host_span: [STRACE] v=1 pid=463306 tid=463306 inv=37 hid=f0c29cefd733b2d6 depth=1 name=chip.run.validate ts=182539137337429 dur=341052
[mono_ns=182539137681315][T0x74a0a4d67740][TIMING] emit_host_span: [STRACE] v=1 pid=463306 tid=463306 inv=37 hid=f0c29cefd733b2d6 depth=2 name=chip.run.runner_run.device_wall ts=0 dur=1515690 clk=dev
[mono_ns=182539137682887][T0x74a0a4d67740][TIMING] emit_host_span: [STRACE] v=1 pid=463306 tid=463306 inv=37 hid=f0c29cefd733b2d6 depth=3 name=chip.run.runner_run.device_wall.preamble ts=0 dur=14586 clk=dev
[mono_ns=182539137684179][T0x74a0a4d67740][TIMING] emit_host_span: [STRACE] v=1 pid=463306 tid=463306 inv=37 hid=f0c29cefd733b2d6 depth=3 name=chip.run.runner_run.device_wall.graph_build ts=3312 dur=1506081 clk=dev
[mono_ns=182539137685231][T0x74a0a4d67740][TIMING] emit_host_span: [STRACE] v=1 pid=463306 tid=463306 inv=37 hid=f0c29cefd733b2d6 depth=3 name=chip.run.runner_run.device_wall.config_validate ts=3735 dur=1737 clk=dev
[mono_ns=182539137686252][T0x74a0a4d67740][TIMING] emit_host_span: [STRACE] v=1 pid=463306 tid=463306 inv=37 hid=f0c29cefd733b2d6 depth=3 name=chip.run.runner_run.device_wall.arena_wire ts=5533 dur=2925 clk=dev
[mono_ns=182539137687234][T0x74a0a4d67740][TIMING] emit_host_span: [STRACE] v=1 pid=463306 tid=463306 inv=37 hid=f0c29cefd733b2d6 depth=3 name=chip.run.runner_run.device_wall.sm_reset ts=8479 dur=4449 clk=dev
[mono_ns=182539137688345][T0x74a0a4d67740][TIMING] emit_host_span: [STRACE] v=1 pid=463306 tid=463306 inv=37 hid=f0c29cefd733b2d6 depth=3 name=chip.run.runner_run.device_wall.post_orch ts=1509485 dur=5190 clk=dev
[mono_ns=182539137689327][T0x74a0a4d67740][TIMING] emit_host_span: [STRACE] v=1 pid=463306 tid=463306 inv=37 hid=f0c29cefd733b2d6 depth=3 name=chip.run.runner_run.device_wall.orch ts=13154 dur=1307961 clk=dev
[mono_ns=182539137690308][T0x74a0a4d67740][TIMING] emit_host_span: [STRACE] v=1 pid=463306 tid=463306 inv=37 hid=f0c29cefd733b2d6 depth=3 name=chip.run.runner_run.device_wall.sched ts=14375 dur=1480394 clk=dev
[mono_ns=182539137697389][T0x74a0a4d67740][TIMING] emit_host_span: [STRACE] v=1 pid=463306 tid=463306 inv=37 hid=f0c29cefd733b2d6 depth=1 name=chip.run.claim_release ts=182539137696588 dur=220
[mono_ns=182539137699432][T0x74a0a4d67740][TIMING] emit_host_span: [STRACE] v=1 pid=463306 tid=463306 inv=37 hid=f0c29cefd733b2d6 depth=0 name=chip.run ts=182538993723616 dur=143974744 run_id=0 dispatch_id=0 slot_id=0 generation=37 run_epoch=37
[mono_ns=182539281774397][T0x74a0a4d67740][TIMING] emit_host_span: [STRACE] v=1 pid=463306 tid=463306 inv=38 hid=f0c29cefd733b2d6 depth=2 name=chip.run.bind.args ts=182539138052061 dur=143711810
[mono_ns=182539281797291][T0x74a0a4d67740][TIMING] emit_host_span: [STRACE] v=1 pid=463306 tid=463306 inv=38 hid=f0c29cefd733b2d6 depth=2 name=chip.run.bind.prebuilt ts=182539281793235 dur=3245
[mono_ns=182539281800186][T0x74a0a4d67740][TIMING] emit_host_span: [STRACE] v=1 pid=463306 tid=463306 inv=38 hid=f0c29cefd733b2d6 depth=1 name=chip.run.bind ts=182539138046773 dur=143751910
[mono_ns=182539286451547][T0x74a0a4d67740][WARN] prepare_execution: [device_runner.cpp:343] AICPU CPU_TOPO unavailable; using json_fallback: soc=Ascend950PR_9579 occupy=0x3e stable_reachable=5 requested=0 effective=5 affinity=[1, 2, 3, 4, 5(orch)]
[mono_ns=182539288340773][T0x74a0a4d67740][TIMING] emit_host_span: [STRACE] v=1 pid=463306 tid=463306 inv=38 hid=f0c29cefd733b2d6 depth=1 name=chip.run.runner_run ts=182539286521131 dur=1817819
[mono_ns=182539288757548][T0x74a0a4d67740][TIMING] emit_host_span: [STRACE] v=1 pid=463306 tid=463306 inv=38 hid=f0c29cefd733b2d6 depth=1 name=chip.run.validate ts=182539288345960 dur=410486
[mono_ns=182539288759882][T0x74a0a4d67740][TIMING] emit_host_span: [STRACE] v=1 pid=463306 tid=463306 inv=38 hid=f0c29cefd733b2d6 depth=2 name=chip.run.runner_run.device_wall ts=0 dur=1609959 clk=dev
[mono_ns=182539288761564][T0x74a0a4d67740][TIMING] emit_host_span: [STRACE] v=1 pid=463306 tid=463306 inv=38 hid=f0c29cefd733b2d6 depth=3 name=chip.run.runner_run.device_wall.preamble ts=0 dur=12901 clk=dev
[mono_ns=182539288762756][T0x74a0a4d67740][TIMING] emit_host_span: [STRACE] v=1 pid=463306 tid=463306 inv=38 hid=f0c29cefd733b2d6 depth=3 name=chip.run.runner_run.device_wall.graph_build ts=3314 dur=1602229 clk=dev
[mono_ns=182539288763797][T0x74a0a4d67740][TIMING] emit_host_span: [STRACE] v=1 pid=463306 tid=463306 inv=38 hid=f0c29cefd733b2d6 depth=3 name=chip.run.runner_run.device_wall.config_validate ts=3944 dur=1663 clk=dev
[mono_ns=182539288764779][T0x74a0a4d67740][TIMING] emit_host_span: [STRACE] v=1 pid=463306 tid=463306 inv=38 hid=f0c29cefd733b2d6 depth=3 name=chip.run.runner_run.device_wall.arena_wire ts=5675 dur=2579 clk=dev
[mono_ns=182539288765770][T0x74a0a4d67740][TIMING] emit_host_span: [STRACE] v=1 pid=463306 tid=463306 inv=38 hid=f0c29cefd733b2d6 depth=3 name=chip.run.runner_run.device_wall.sm_reset ts=8328 dur=6464 clk=dev
[mono_ns=182539288766782][T0x74a0a4d67740][TIMING] emit_host_span: [STRACE] v=1 pid=463306 tid=463306 inv=38 hid=f0c29cefd733b2d6 depth=3 name=chip.run.runner_run.device_wall.post_orch ts=1605569 dur=3989 clk=dev
[mono_ns=182539288767854][T0x74a0a4d67740][TIMING] emit_host_span: [STRACE] v=1 pid=463306 tid=463306 inv=38 hid=f0c29cefd733b2d6 depth=3 name=chip.run.runner_run.device_wall.orch ts=14987 dur=1300720 clk=dev
[mono_ns=182539288768835][T0x74a0a4d67740][TIMING] emit_host_span: [STRACE] v=1 pid=463306 tid=463306 inv=38 hid=f0c29cefd733b2d6 depth=3 name=chip.run.runner_run.device_wall.sched ts=15459 dur=1576413 clk=dev
[mono_ns=182539288770427][T0x74a0a4d67740][TIMING] emit_host_span: [STRACE] v=1 pid=463306 tid=463306 inv=38 hid=f0c29cefd733b2d6 depth=1 name=chip.run.claim_release ts=182539288769506 dur=310
[mono_ns=182539288772010][T0x74a0a4d67740][TIMING] emit_host_span: [STRACE] v=1 pid=463306 tid=463306 inv=38 hid=f0c29cefd733b2d6 depth=0 name=chip.run ts=182539138041515 dur=150729774 run_id=0 dispatch_id=0 slot_id=0 generation=38 run_epoch=38
[mono_ns=182539432618231][T0x74a0a4d67740][TIMING] emit_host_span: [STRACE] v=1 pid=463306 tid=463306 inv=39 hid=f0c29cefd733b2d6 depth=2 name=chip.run.bind.args ts=182539289423407 dur=143188555
[mono_ns=182539432635878][T0x74a0a4d67740][TIMING] emit_host_span: [STRACE] v=1 pid=463306 tid=463306 inv=39 hid=f0c29cefd733b2d6 depth=2 name=chip.run.bind.prebuilt ts=182539432632493 dur=2504
[mono_ns=182539432638842][T0x74a0a4d67740][TIMING] emit_host_span: [STRACE] v=1 pid=463306 tid=463306 inv=39 hid=f0c29cefd733b2d6 depth=1 name=chip.run.bind ts=182539289417298 dur=143220002
[mono_ns=182539437200499][T0x74a0a4d67740][WARN] prepare_execution: [device_runner.cpp:343] AICPU CPU_TOPO unavailable; using json_fallback: soc=Ascend950PR_9579 occupy=0x3e stable_reachable=5 requested=0 effective=5 affinity=[1, 2, 3, 4, 5(orch)]
[mono_ns=182539439011968][T0x74a0a4d67740][TIMING] emit_host_span: [STRACE] v=1 pid=463306 tid=463306 inv=39 hid=f0c29cefd733b2d6 depth=1 name=chip.run.runner_run ts=182539437258135 dur=1752451
[mono_ns=182539439365539][T0x74a0a4d67740][TIMING] emit_host_span: [STRACE] v=1 pid=463306 tid=463306 inv=39 hid=f0c29cefd733b2d6 depth=1 name=chip.run.validate ts=182539439015824 dur=348773
[mono_ns=182539439367471][T0x74a0a4d67740][TIMING] emit_host_span: [STRACE] v=1 pid=463306 tid=463306 inv=39 hid=f0c29cefd733b2d6 depth=2 name=chip.run.runner_run.device_wall ts=0 dur=1576543 clk=dev
[mono_ns=182539439369014][T0x74a0a4d67740][TIMING] emit_host_span: [STRACE] v=1 pid=463306 tid=463306 inv=39 hid=f0c29cefd733b2d6 depth=3 name=chip.run.runner_run.device_wall.preamble ts=0 dur=13481 clk=dev
[mono_ns=182539439370165][T0x74a0a4d67740][TIMING] emit_host_span: [STRACE] v=1 pid=463306 tid=463306 inv=39 hid=f0c29cefd733b2d6 depth=3 name=chip.run.runner_run.device_wall.graph_build ts=3268 dur=1568734 clk=dev
[mono_ns=182539439371197][T0x74a0a4d67740][TIMING] emit_host_span: [STRACE] v=1 pid=463306 tid=463306 inv=39 hid=f0c29cefd733b2d6 depth=3 name=chip.run.runner_run.device_wall.config_validate ts=3992 dur=1015 clk=dev
[mono_ns=182539439372148][T0x74a0a4d67740][TIMING] emit_host_span: [STRACE] v=1 pid=463306 tid=463306 inv=39 hid=f0c29cefd733b2d6 depth=3 name=chip.run.runner_run.device_wall.arena_wire ts=5080 dur=2558 clk=dev
[mono_ns=182539439373140][T0x74a0a4d67740][TIMING] emit_host_span: [STRACE] v=1 pid=463306 tid=463306 inv=39 hid=f0c29cefd733b2d6 depth=3 name=chip.run.runner_run.device_wall.sm_reset ts=7672 dur=5250 clk=dev
[mono_ns=182539439374151][T0x74a0a4d67740][TIMING] emit_host_span: [STRACE] v=1 pid=463306 tid=463306 inv=39 hid=f0c29cefd733b2d6 depth=3 name=chip.run.runner_run.device_wall.post_orch ts=1572141 dur=3715 clk=dev
[mono_ns=182539439375123][T0x74a0a4d67740][TIMING] emit_host_span: [STRACE] v=1 pid=463306 tid=463306 inv=39 hid=f0c29cefd733b2d6 depth=3 name=chip.run.runner_run.device_wall.orch ts=13234 dur=1296767 clk=dev
[mono_ns=182539439376094][T0x74a0a4d67740][TIMING] emit_host_span: [STRACE] v=1 pid=463306 tid=463306 inv=39 hid=f0c29cefd733b2d6 depth=3 name=chip.run.runner_run.device_wall.sched ts=14205 dur=1544330 clk=dev
[mono_ns=182539439377426][T0x74a0a4d67740][TIMING] emit_host_span: [STRACE] v=1 pid=463306 tid=463306 inv=39 hid=f0c29cefd733b2d6 depth=1 name=chip.run.claim_release ts=182539439376715 dur=151
[mono_ns=182539439378999][T0x74a0a4d67740][TIMING] emit_host_span: [STRACE] v=1 pid=463306 tid=463306 inv=39 hid=f0c29cefd733b2d6 depth=0 name=chip.run ts=182539289412922 dur=149965346 run_id=0 dispatch_id=0 slot_id=0 generation=39 run_epoch=39
[mono_ns=182539589818977][T0x74a0a4d67740][TIMING] emit_host_span: [STRACE] v=1 pid=463306 tid=463306 inv=40 hid=f0c29cefd733b2d6 depth=2 name=chip.run.bind.args ts=182539439764928 dur=150043353
[mono_ns=182539589844185][T0x74a0a4d67740][TIMING] emit_host_span: [STRACE] v=1 pid=463306 tid=463306 inv=40 hid=f0c29cefd733b2d6 depth=2 name=chip.run.bind.prebuilt ts=182539589840589 dur=2404
[mono_ns=182539589847670][T0x74a0a4d67740][TIMING] emit_host_span: [STRACE] v=1 pid=463306 tid=463306 inv=40 hid=f0c29cefd733b2d6 depth=1 name=chip.run.bind ts=182539439760421 dur=150085847
[mono_ns=182539594486723][T0x74a0a4d67740][WARN] prepare_execution: [device_runner.cpp:343] AICPU CPU_TOPO unavailable; using json_fallback: soc=Ascend950PR_9579 occupy=0x3e stable_reachable=5 requested=0 effective=5 affinity=[1, 2, 3, 4, 5(orch)]
[mono_ns=182539596240746][T0x74a0a4d67740][TIMING] emit_host_span: [STRACE] v=1 pid=463306 tid=463306 inv=40 hid=f0c29cefd733b2d6 depth=1 name=chip.run.runner_run ts=182539594547744 dur=1690979
[mono_ns=182539596591923][T0x74a0a4d67740][TIMING] emit_host_span: [STRACE] v=1 pid=463306 tid=463306 inv=40 hid=f0c29cefd733b2d6 depth=1 name=chip.run.validate ts=182539596244191 dur=346850
[mono_ns=182539596593896][T0x74a0a4d67740][TIMING] emit_host_span: [STRACE] v=1 pid=463306 tid=463306 inv=40 hid=f0c29cefd733b2d6 depth=2 name=chip.run.runner_run.device_wall ts=0 dur=1511421 clk=dev
[mono_ns=182539596595338][T0x74a0a4d67740][TIMING] emit_host_span: [STRACE] v=1 pid=463306 tid=463306 inv=40 hid=f0c29cefd733b2d6 depth=3 name=chip.run.runner_run.device_wall.preamble ts=0 dur=16732 clk=dev
[mono_ns=182539596596439][T0x74a0a4d67740][TIMING] emit_host_span: [STRACE] v=1 pid=463306 tid=463306 inv=40 hid=f0c29cefd733b2d6 depth=3 name=chip.run.runner_run.device_wall.graph_build ts=5689 dur=1500406 clk=dev
[mono_ns=182539596597471][T0x74a0a4d67740][TIMING] emit_host_span: [STRACE] v=1 pid=463306 tid=463306 inv=40 hid=f0c29cefd733b2d6 depth=3 name=chip.run.runner_run.device_wall.config_validate ts=6172 dur=1533 clk=dev
[mono_ns=182539596598442][T0x74a0a4d67740][TIMING] emit_host_span: [STRACE] v=1 pid=463306 tid=463306 inv=40 hid=f0c29cefd733b2d6 depth=3 name=chip.run.runner_run.device_wall.arena_wire ts=7804 dur=2859 clk=dev
[mono_ns=182539596599424][T0x74a0a4d67740][TIMING] emit_host_span: [STRACE] v=1 pid=463306 tid=463306 inv=40 hid=f0c29cefd733b2d6 depth=3 name=chip.run.runner_run.device_wall.sm_reset ts=10682 dur=4977 clk=dev
[mono_ns=182539596600435][T0x74a0a4d67740][TIMING] emit_host_span: [STRACE] v=1 pid=463306 tid=463306 inv=40 hid=f0c29cefd733b2d6 depth=3 name=chip.run.runner_run.device_wall.post_orch ts=1506117 dur=4858 clk=dev
[mono_ns=182539596601417][T0x74a0a4d67740][TIMING] emit_host_span: [STRACE] v=1 pid=463306 tid=463306 inv=40 hid=f0c29cefd733b2d6 depth=3 name=chip.run.runner_run.device_wall.orch ts=15868 dur=1282172 clk=dev
[mono_ns=182539596602388][T0x74a0a4d67740][TIMING] emit_host_span: [STRACE] v=1 pid=463306 tid=463306 inv=40 hid=f0c29cefd733b2d6 depth=3 name=chip.run.runner_run.device_wall.sched ts=17320 dur=1472705 clk=dev
[mono_ns=182539596603770][T0x74a0a4d67740][TIMING] emit_host_span: [STRACE] v=1 pid=463306 tid=463306 inv=40 hid=f0c29cefd733b2d6 depth=1 name=chip.run.claim_release ts=182539596603029 dur=120
[mono_ns=182539596605813][T0x74a0a4d67740][TIMING] emit_host_span: [STRACE] v=1 pid=463306 tid=463306 inv=40 hid=f0c29cefd733b2d6 depth=0 name=chip.run ts=182539439756485 dur=156848157 run_id=0 dispatch_id=0 slot_id=0 generation=40 run_epoch=40
[mono_ns=182539733685078][T0x74a0a4d67740][TIMING] emit_host_span: [STRACE] v=1 pid=463306 tid=463306 inv=41 hid=f0c29cefd733b2d6 depth=2 name=chip.run.bind.args ts=182539597046385 dur=136632174
[mono_ns=182539733702004][T0x74a0a4d67740][TIMING] emit_host_span: [STRACE] v=1 pid=463306 tid=463306 inv=41 hid=f0c29cefd733b2d6 depth=2 name=chip.run.bind.prebuilt ts=182539733698759 dur=2394
[mono_ns=182539733704628][T0x74a0a4d67740][TIMING] emit_host_span: [STRACE] v=1 pid=463306 tid=463306 inv=41 hid=f0c29cefd733b2d6 depth=1 name=chip.run.bind ts=182539597041157 dur=136662089
[mono_ns=182539738321247][T0x74a0a4d67740][WARN] prepare_execution: [device_runner.cpp:343] AICPU CPU_TOPO unavailable; using json_fallback: soc=Ascend950PR_9579 occupy=0x3e stable_reachable=5 requested=0 effective=5 affinity=[1, 2, 3, 4, 5(orch)]
[mono_ns=182539740104453][T0x74a0a4d67740][TIMING] emit_host_span: [STRACE] v=1 pid=463306 tid=463306 inv=41 hid=f0c29cefd733b2d6 depth=1 name=chip.run.runner_run ts=182539738380195 dur=1722325
[mono_ns=182539740461680][T0x74a0a4d67740][TIMING] emit_host_span: [STRACE] v=1 pid=463306 tid=463306 inv=41 hid=f0c29cefd733b2d6 depth=1 name=chip.run.validate ts=182539740108199 dur=352669
[mono_ns=182539740469952][T0x74a0a4d67740][TIMING] emit_host_span: [STRACE] v=1 pid=463306 tid=463306 inv=41 hid=f0c29cefd733b2d6 depth=2 name=chip.run.runner_run.device_wall ts=0 dur=1540583 clk=dev
[mono_ns=182539740471374][T0x74a0a4d67740][TIMING] emit_host_span: [STRACE] v=1 pid=463306 tid=463306 inv=41 hid=f0c29cefd733b2d6 depth=3 name=chip.run.runner_run.device_wall.preamble ts=0 dur=13058 clk=dev
[mono_ns=182539740472486][T0x74a0a4d67740][TIMING] emit_host_span: [STRACE] v=1 pid=463306 tid=463306 inv=41 hid=f0c29cefd733b2d6 depth=3 name=chip.run.runner_run.device_wall.graph_build ts=3356 dur=1532770 clk=dev
[mono_ns=182539740473487][T0x74a0a4d67740][TIMING] emit_host_span: [STRACE] v=1 pid=463306 tid=463306 inv=41 hid=f0c29cefd733b2d6 depth=3 name=chip.run.runner_run.device_wall.config_validate ts=3929 dur=1181 clk=dev
[mono_ns=182539740474469][T0x74a0a4d67740][TIMING] emit_host_span: [STRACE] v=1 pid=463306 tid=463306 inv=41 hid=f0c29cefd733b2d6 depth=3 name=chip.run.runner_run.device_wall.arena_wire ts=5239 dur=3357 clk=dev
[mono_ns=182539740475420][T0x74a0a4d67740][TIMING] emit_host_span: [STRACE] v=1 pid=463306 tid=463306 inv=41 hid=f0c29cefd733b2d6 depth=3 name=chip.run.runner_run.device_wall.sm_reset ts=8619 dur=5319 clk=dev
[mono_ns=182539740476562][T0x74a0a4d67740][TIMING] emit_host_span: [STRACE] v=1 pid=463306 tid=463306 inv=41 hid=f0c29cefd733b2d6 depth=3 name=chip.run.runner_run.device_wall.post_orch ts=1536268 dur=4014 clk=dev
[mono_ns=182539740477563][T0x74a0a4d67740][TIMING] emit_host_span: [STRACE] v=1 pid=463306 tid=463306 inv=41 hid=f0c29cefd733b2d6 depth=3 name=chip.run.runner_run.device_wall.orch ts=14182 dur=1291376 clk=dev
[mono_ns=182539740478545][T0x74a0a4d67740][TIMING] emit_host_span: [STRACE] v=1 pid=463306 tid=463306 inv=41 hid=f0c29cefd733b2d6 depth=3 name=chip.run.runner_run.device_wall.sched ts=14780 dur=1508726 clk=dev
[mono_ns=182539740480127][T0x74a0a4d67740][TIMING] emit_host_span: [STRACE] v=1 pid=463306 tid=463306 inv=41 hid=f0c29cefd733b2d6 depth=1 name=chip.run.claim_release ts=182539740479376 dur=170
[mono_ns=182539740481559][T0x74a0a4d67740][TIMING] emit_host_span: [STRACE] v=1 pid=463306 tid=463306 inv=41 hid=f0c29cefd733b2d6 depth=0 name=chip.run ts=182539597034517 dur=143446401 run_id=0 dispatch_id=0 slot_id=0 generation=41 run_epoch=41
[mono_ns=182539888368406][T0x74a0a4d67740][TIMING] emit_host_span: [STRACE] v=1 pid=463306 tid=463306 inv=42 hid=f0c29cefd733b2d6 depth=2 name=chip.run.bind.args ts=182539740912196 dur=147447336
[mono_ns=182539888390208][T0x74a0a4d67740][TIMING] emit_host_span: [STRACE] v=1 pid=463306 tid=463306 inv=42 hid=f0c29cefd733b2d6 depth=2 name=chip.run.bind.prebuilt ts=182539888386252 dur=2945
[mono_ns=182539888393173][T0x74a0a4d67740][TIMING] emit_host_span: [STRACE] v=1 pid=463306 tid=463306 inv=42 hid=f0c29cefd733b2d6 depth=1 name=chip.run.bind ts=182539740907148 dur=147484623
[mono_ns=182539893166247][T0x74a0a4d67740][WARN] prepare_execution: [device_runner.cpp:343] AICPU CPU_TOPO unavailable; using json_fallback: soc=Ascend950PR_9579 occupy=0x3e stable_reachable=5 requested=0 effective=5 affinity=[1, 2, 3, 4, 5(orch)]
[mono_ns=182539894906379][T0x74a0a4d67740][TIMING] emit_host_span: [STRACE] v=1 pid=463306 tid=463306 inv=42 hid=f0c29cefd733b2d6 depth=1 name=chip.run.runner_run ts=182539893211805 dur=1692510
[mono_ns=182539895258327][T0x74a0a4d67740][TIMING] emit_host_span: [STRACE] v=1 pid=463306 tid=463306 inv=42 hid=f0c29cefd733b2d6 depth=1 name=chip.run.validate ts=182539894910525 dur=346780
[mono_ns=182539895260660][T0x74a0a4d67740][TIMING] emit_host_span: [STRACE] v=1 pid=463306 tid=463306 inv=42 hid=f0c29cefd733b2d6 depth=2 name=chip.run.runner_run.device_wall ts=0 dur=1509433 clk=dev
[mono_ns=182539895262293][T0x74a0a4d67740][TIMING] emit_host_span: [STRACE] v=1 pid=463306 tid=463306 inv=42 hid=f0c29cefd733b2d6 depth=3 name=chip.run.runner_run.device_wall.preamble ts=0 dur=12552 clk=dev
[mono_ns=182539895263555][T0x74a0a4d67740][TIMING] emit_host_span: [STRACE] v=1 pid=463306 tid=463306 inv=42 hid=f0c29cefd733b2d6 depth=3 name=chip.run.runner_run.device_wall.graph_build ts=2175 dur=1503035 clk=dev
[mono_ns=182539895269584][T0x74a0a4d67740][TIMING] emit_host_span: [STRACE] v=1 pid=463306 tid=463306 inv=42 hid=f0c29cefd733b2d6 depth=3 name=chip.run.runner_run.device_wall.config_validate ts=2597 dur=1446 clk=dev
[mono_ns=182539895270605][T0x74a0a4d67740][TIMING] emit_host_span: [STRACE] v=1 pid=463306 tid=463306 inv=42 hid=f0c29cefd733b2d6 depth=3 name=chip.run.runner_run.device_wall.arena_wire ts=4138 dur=3982 clk=dev
[mono_ns=182539895271597][T0x74a0a4d67740][TIMING] emit_host_span: [STRACE] v=1 pid=463306 tid=463306 inv=42 hid=f0c29cefd733b2d6 depth=3 name=chip.run.runner_run.device_wall.sm_reset ts=8318 dur=4622 clk=dev
[mono_ns=182539895272628][T0x74a0a4d67740][TIMING] emit_host_span: [STRACE] v=1 pid=463306 tid=463306 inv=42 hid=f0c29cefd733b2d6 depth=3 name=chip.run.runner_run.device_wall.post_orch ts=1505227 dur=4156 clk=dev
[mono_ns=182539895273600][T0x74a0a4d67740][TIMING] emit_host_span: [STRACE] v=1 pid=463306 tid=463306 inv=42 hid=f0c29cefd733b2d6 depth=3 name=chip.run.runner_run.device_wall.orch ts=13166 dur=1266760 clk=dev
[mono_ns=182539895274581][T0x74a0a4d67740][TIMING] emit_host_span: [STRACE] v=1 pid=463306 tid=463306 inv=42 hid=f0c29cefd733b2d6 depth=3 name=chip.run.runner_run.device_wall.sched ts=13915 dur=1479737 clk=dev
[mono_ns=182539895276134][T0x74a0a4d67740][TIMING] emit_host_span: [STRACE] v=1 pid=463306 tid=463306 inv=42 hid=f0c29cefd733b2d6 depth=1 name=chip.run.claim_release ts=182539895275302 dur=231
[mono_ns=182539895278117][T0x74a0a4d67740][TIMING] emit_host_span: [STRACE] v=1 pid=463306 tid=463306 inv=42 hid=f0c29cefd733b2d6 depth=0 name=chip.run ts=182539740901039 dur=154376046 run_id=0 dispatch_id=0 slot_id=0 generation=42 run_epoch=42
[mono_ns=182540045045275][T0x74a0a4d67740][TIMING] emit_host_span: [STRACE] v=1 pid=463306 tid=463306 inv=43 hid=f0c29cefd733b2d6 depth=2 name=chip.run.bind.args ts=182539895695703 dur=149340388
[mono_ns=182540045066106][T0x74a0a4d67740][TIMING] emit_host_span: [STRACE] v=1 pid=463306 tid=463306 inv=43 hid=f0c29cefd733b2d6 depth=2 name=chip.run.bind.prebuilt ts=182540045062811 dur=2534
[mono_ns=182540045068991][T0x74a0a4d67740][TIMING] emit_host_span: [STRACE] v=1 pid=463306 tid=463306 inv=43 hid=f0c29cefd733b2d6 depth=1 name=chip.run.bind ts=182539895690526 dur=149377002
[mono_ns=182540049683807][T0x74a0a4d67740][WARN] prepare_execution: [device_runner.cpp:343] AICPU CPU_TOPO unavailable; using json_fallback: soc=Ascend950PR_9579 occupy=0x3e stable_reachable=5 requested=0 effective=5 affinity=[1, 2, 3, 4, 5(orch)]
[mono_ns=182540051470649][T0x74a0a4d67740][TIMING] emit_host_span: [STRACE] v=1 pid=463306 tid=463306 inv=43 hid=f0c29cefd733b2d6 depth=1 name=chip.run.runner_run ts=182540049726641 dur=1742265
[mono_ns=182540051833564][T0x74a0a4d67740][TIMING] emit_host_span: [STRACE] v=1 pid=463306 tid=463306 inv=43 hid=f0c29cefd733b2d6 depth=1 name=chip.run.validate ts=182540051474134 dur=358578
[mono_ns=182540051835647][T0x74a0a4d67740][TIMING] emit_host_span: [STRACE] v=1 pid=463306 tid=463306 inv=43 hid=f0c29cefd733b2d6 depth=2 name=chip.run.runner_run.device_wall ts=0 dur=1561460 clk=dev
[mono_ns=182540051837239][T0x74a0a4d67740][TIMING] emit_host_span: [STRACE] v=1 pid=463306 tid=463306 inv=43 hid=f0c29cefd733b2d6 depth=3 name=chip.run.runner_run.device_wall.preamble ts=0 dur=14078 clk=dev
[mono_ns=182540051838501][T0x74a0a4d67740][TIMING] emit_host_span: [STRACE] v=1 pid=463306 tid=463306 inv=43 hid=f0c29cefd733b2d6 depth=3 name=chip.run.runner_run.device_wall.graph_build ts=3334 dur=1553726 clk=dev
[mono_ns=182540051839493][T0x74a0a4d67740][TIMING] emit_host_span: [STRACE] v=1 pid=463306 tid=463306 inv=43 hid=f0c29cefd733b2d6 depth=3 name=chip.run.runner_run.device_wall.config_validate ts=4109 dur=1527 clk=dev
[mono_ns=182540051840454][T0x74a0a4d67740][TIMING] emit_host_span: [STRACE] v=1 pid=463306 tid=463306 inv=43 hid=f0c29cefd733b2d6 depth=3 name=chip.run.runner_run.device_wall.arena_wire ts=5925 dur=3979 clk=dev
[mono_ns=182540051846243][T0x74a0a4d67740][TIMING] emit_host_span: [STRACE] v=1 pid=463306 tid=463306 inv=43 hid=f0c29cefd733b2d6 depth=3 name=chip.run.runner_run.device_wall.sm_reset ts=9966 dur=5039 clk=dev
[mono_ns=182540051847354][T0x74a0a4d67740][TIMING] emit_host_span: [STRACE] v=1 pid=463306 tid=463306 inv=43 hid=f0c29cefd733b2d6 depth=3 name=chip.run.runner_run.device_wall.post_orch ts=1557140 dur=3900 clk=dev
[mono_ns=182540051848346][T0x74a0a4d67740][TIMING] emit_host_span: [STRACE] v=1 pid=463306 tid=463306 inv=43 hid=f0c29cefd733b2d6 depth=3 name=chip.run.runner_run.device_wall.orch ts=15224 dur=1337577 clk=dev
[mono_ns=182540051849307][T0x74a0a4d67740][TIMING] emit_host_span: [STRACE] v=1 pid=463306 tid=463306 inv=43 hid=f0c29cefd733b2d6 depth=3 name=chip.run.runner_run.device_wall.sched ts=15862 dur=1526149 clk=dev
[mono_ns=182540051850729][T0x74a0a4d67740][TIMING] emit_host_span: [STRACE] v=1 pid=463306 tid=463306 inv=43 hid=f0c29cefd733b2d6 depth=1 name=chip.run.claim_release ts=182540051849918 dur=220
[mono_ns=182540051852502][T0x74a0a4d67740][TIMING] emit_host_span: [STRACE] v=1 pid=463306 tid=463306 inv=43 hid=f0c29cefd733b2d6 depth=0 name=chip.run ts=182539895684747 dur=156167104 run_id=0 dispatch_id=0 slot_id=0 generation=43 run_epoch=43
[mono_ns=182540207077032][T0x74a0a4d67740][TIMING] emit_host_span: [STRACE] v=1 pid=463306 tid=463306 inv=44 hid=f0c29cefd733b2d6 depth=2 name=chip.run.bind.args ts=182540052237840 dur=154832391
[mono_ns=182540207094568][T0x74a0a4d67740][TIMING] emit_host_span: [STRACE] v=1 pid=463306 tid=463306 inv=44 hid=f0c29cefd733b2d6 depth=2 name=chip.run.bind.prebuilt ts=182540207091664 dur=2063
[mono_ns=182540207096931][T0x74a0a4d67740][TIMING] emit_host_span: [STRACE] v=1 pid=463306 tid=463306 inv=44 hid=f0c29cefd733b2d6 depth=1 name=chip.run.bind ts=182540052232733 dur=154862876
[mono_ns=182540211708393][T0x74a0a4d67740][WARN] prepare_execution: [device_runner.cpp:343] AICPU CPU_TOPO unavailable; using json_fallback: soc=Ascend950PR_9579 occupy=0x3e stable_reachable=5 requested=0 effective=5 affinity=[1, 2, 3, 4, 5(orch)]
[mono_ns=182540213424038][T0x74a0a4d67740][TIMING] emit_host_span: [STRACE] v=1 pid=463306 tid=463306 inv=44 hid=f0c29cefd733b2d6 depth=1 name=chip.run.runner_run ts=182540211752139 dur=1670317
[mono_ns=182540213730057][T0x74a0a4d67740][TIMING] emit_host_span: [STRACE] v=1 pid=463306 tid=463306 inv=44 hid=f0c29cefd733b2d6 depth=1 name=chip.run.validate ts=182540213427683 dur=301443
[mono_ns=182540213731760][T0x74a0a4d67740][TIMING] emit_host_span: [STRACE] v=1 pid=463306 tid=463306 inv=44 hid=f0c29cefd733b2d6 depth=2 name=chip.run.runner_run.device_wall ts=0 dur=1510930 clk=dev
[mono_ns=182540213733342][T0x74a0a4d67740][TIMING] emit_host_span: [STRACE] v=1 pid=463306 tid=463306 inv=44 hid=f0c29cefd733b2d6 depth=3 name=chip.run.runner_run.device_wall.preamble ts=0 dur=14070 clk=dev
[mono_ns=182540213734584][T0x74a0a4d67740][TIMING] emit_host_span: [STRACE] v=1 pid=463306 tid=463306 inv=44 hid=f0c29cefd733b2d6 depth=3 name=chip.run.runner_run.device_wall.graph_build ts=3477 dur=1503276 clk=dev
[mono_ns=182540213735565][T0x74a0a4d67740][TIMING] emit_host_span: [STRACE] v=1 pid=463306 tid=463306 inv=44 hid=f0c29cefd733b2d6 depth=3 name=chip.run.runner_run.device_wall.config_validate ts=4093 dur=1196 clk=dev
[mono_ns=182540213736537][T0x74a0a4d67740][TIMING] emit_host_span: [STRACE] v=1 pid=463306 tid=463306 inv=44 hid=f0c29cefd733b2d6 depth=3 name=chip.run.runner_run.device_wall.arena_wire ts=5355 dur=3517 clk=dev
[mono_ns=182540213737498][T0x74a0a4d67740][TIMING] emit_host_span: [STRACE] v=1 pid=463306 tid=463306 inv=44 hid=f0c29cefd733b2d6 depth=3 name=chip.run.runner_run.device_wall.sm_reset ts=8959 dur=4892 clk=dev
[mono_ns=182540213738510][T0x74a0a4d67740][TIMING] emit_host_span: [STRACE] v=1 pid=463306 tid=463306 inv=44 hid=f0c29cefd733b2d6 depth=3 name=chip.run.runner_run.device_wall.post_orch ts=1506829 dur=3369 clk=dev
[mono_ns=182540213739451][T0x74a0a4d67740][TIMING] emit_host_span: [STRACE] v=1 pid=463306 tid=463306 inv=44 hid=f0c29cefd733b2d6 depth=3 name=chip.run.runner_run.device_wall.orch ts=13922 dur=1315549 clk=dev
[mono_ns=182540213746131][T0x74a0a4d67740][TIMING] emit_host_span: [STRACE] v=1 pid=463306 tid=463306 inv=44 hid=f0c29cefd733b2d6 depth=3 name=chip.run.runner_run.device_wall.sched ts=14503 dur=1479991 clk=dev
[mono_ns=182540213747634][T0x74a0a4d67740][TIMING] emit_host_span: [STRACE] v=1 pid=463306 tid=463306 inv=44 hid=f0c29cefd733b2d6 depth=1 name=chip.run.claim_release ts=182540213746762 dur=311
[mono_ns=182540213749166][T0x74a0a4d67740][TIMING] emit_host_span: [STRACE] v=1 pid=463306 tid=463306 inv=44 hid=f0c29cefd733b2d6 depth=0 name=chip.run ts=182540052228066 dur=161520419 run_id=0 dispatch_id=0 slot_id=0 generation=44 run_epoch=44
[mono_ns=182540358373315][T0x74a0a4d67740][TIMING] emit_host_span: [STRACE] v=1 pid=463306 tid=463306 inv=45 hid=f0c29cefd733b2d6 depth=2 name=chip.run.bind.args ts=182540214134164 dur=144234083
[mono_ns=182540358390170][T0x74a0a4d67740][TIMING] emit_host_span: [STRACE] v=1 pid=463306 tid=463306 inv=45 hid=f0c29cefd733b2d6 depth=2 name=chip.run.bind.prebuilt ts=182540358386936 dur=2283
[mono_ns=182540358392584][T0x74a0a4d67740][TIMING] emit_host_span: [STRACE] v=1 pid=463306 tid=463306 inv=45 hid=f0c29cefd733b2d6 depth=1 name=chip.run.bind ts=182540214130108 dur=144261124
[mono_ns=182540363027220][T0x74a0a4d67740][WARN] prepare_execution: [device_runner.cpp:343] AICPU CPU_TOPO unavailable; using json_fallback: soc=Ascend950PR_9579 occupy=0x3e stable_reachable=5 requested=0 effective=5 affinity=[1, 2, 3, 4, 5(orch)]
[mono_ns=182540364750106][T0x74a0a4d67740][TIMING] emit_host_span: [STRACE] v=1 pid=463306 tid=463306 inv=45 hid=f0c29cefd733b2d6 depth=1 name=chip.run.runner_run ts=182540363068963 dur=1679961
[mono_ns=182540365088754][T0x74a0a4d67740][TIMING] emit_host_span: [STRACE] v=1 pid=463306 tid=463306 inv=45 hid=f0c29cefd733b2d6 depth=1 name=chip.run.validate ts=182540364753341 dur=334542
[mono_ns=182540365091048][T0x74a0a4d67740][TIMING] emit_host_span: [STRACE] v=1 pid=463306 tid=463306 inv=45 hid=f0c29cefd733b2d6 depth=2 name=chip.run.runner_run.device_wall ts=0 dur=1528562 clk=dev
[mono_ns=182540365092660][T0x74a0a4d67740][TIMING] emit_host_span: [STRACE] v=1 pid=463306 tid=463306 inv=45 hid=f0c29cefd733b2d6 depth=3 name=chip.run.runner_run.device_wall.preamble ts=0 dur=13495 clk=dev
[mono_ns=182540365093922][T0x74a0a4d67740][TIMING] emit_host_span: [STRACE] v=1 pid=463306 tid=463306 inv=45 hid=f0c29cefd733b2d6 depth=3 name=chip.run.runner_run.device_wall.graph_build ts=3082 dur=1521357 clk=dev
[mono_ns=182540365094964][T0x74a0a4d67740][TIMING] emit_host_span: [STRACE] v=1 pid=463306 tid=463306 inv=45 hid=f0c29cefd733b2d6 depth=3 name=chip.run.runner_run.device_wall.config_validate ts=3716 dur=1421 clk=dev
[mono_ns=182540365095975][T0x74a0a4d67740][TIMING] emit_host_span: [STRACE] v=1 pid=463306 tid=463306 inv=45 hid=f0c29cefd733b2d6 depth=3 name=chip.run.runner_run.device_wall.arena_wire ts=5194 dur=3553 clk=dev
[mono_ns=182540365096967][T0x74a0a4d67740][TIMING] emit_host_span: [STRACE] v=1 pid=463306 tid=463306 inv=45 hid=f0c29cefd733b2d6 depth=3 name=chip.run.runner_run.device_wall.sm_reset ts=8816 dur=5473 clk=dev
[mono_ns=182540365097958][T0x74a0a4d67740][TIMING] emit_host_span: [STRACE] v=1 pid=463306 tid=463306 inv=45 hid=f0c29cefd733b2d6 depth=3 name=chip.run.runner_run.device_wall.post_orch ts=1524460 dur=3775 clk=dev
[mono_ns=182540365098910][T0x74a0a4d67740][TIMING] emit_host_span: [STRACE] v=1 pid=463306 tid=463306 inv=45 hid=f0c29cefd733b2d6 depth=3 name=chip.run.runner_run.device_wall.orch ts=14590 dur=1323290 clk=dev
[mono_ns=182540365099881][T0x74a0a4d67740][TIMING] emit_host_span: [STRACE] v=1 pid=463306 tid=463306 inv=45 hid=f0c29cefd733b2d6 depth=3 name=chip.run.runner_run.device_wall.sched ts=15040 dur=1493206 clk=dev
[mono_ns=182540365101193][T0x74a0a4d67740][TIMING] emit_host_span: [STRACE] v=1 pid=463306 tid=463306 inv=45 hid=f0c29cefd733b2d6 depth=1 name=chip.run.claim_release ts=182540365100512 dur=90
[mono_ns=182540365113772][T0x74a0a4d67740][TIMING] emit_host_span: [STRACE] v=1 pid=463306 tid=463306 inv=45 hid=f0c29cefd733b2d6 depth=0 name=chip.run ts=182540214125561 dur=150987149 run_id=0 dispatch_id=0 slot_id=0 generation=45 run_epoch=45
[mono_ns=182540532812875][T0x74a0a4d67740][TIMING] emit_host_span: [STRACE] v=1 pid=463306 tid=463306 inv=46 hid=f0c29cefd733b2d6 depth=2 name=chip.run.bind.args ts=182540365457097 dur=167345492
[mono_ns=182540532836009][T0x74a0a4d67740][TIMING] emit_host_span: [STRACE] v=1 pid=463306 tid=463306 inv=46 hid=f0c29cefd733b2d6 depth=2 name=chip.run.bind.prebuilt ts=182540532832404 dur=2624
[mono_ns=182540532839174][T0x74a0a4d67740][TIMING] emit_host_span: [STRACE] v=1 pid=463306 tid=463306 inv=46 hid=f0c29cefd733b2d6 depth=1 name=chip.run.bind ts=182540365452580 dur=167385182
[mono_ns=182540537532639][T0x74a0a4d67740][WARN] prepare_execution: [device_runner.cpp:343] AICPU CPU_TOPO unavailable; using json_fallback: soc=Ascend950PR_9579 occupy=0x3e stable_reachable=5 requested=0 effective=5 affinity=[1, 2, 3, 4, 5(orch)]
[mono_ns=182540539294984][T0x74a0a4d67740][TIMING] emit_host_span: [STRACE] v=1 pid=463306 tid=463306 inv=46 hid=f0c29cefd733b2d6 depth=1 name=chip.run.runner_run ts=182540537600000 dur=1693011
[mono_ns=182540539662385][T0x74a0a4d67740][TIMING] emit_host_span: [STRACE] v=1 pid=463306 tid=463306 inv=46 hid=f0c29cefd733b2d6 depth=1 name=chip.run.validate ts=182540539299190 dur=361953
[mono_ns=182540539664679][T0x74a0a4d67740][TIMING] emit_host_span: [STRACE] v=1 pid=463306 tid=463306 inv=46 hid=f0c29cefd733b2d6 depth=2 name=chip.run.runner_run.device_wall ts=0 dur=1498720 clk=dev
[mono_ns=182540539666421][T0x74a0a4d67740][TIMING] emit_host_span: [STRACE] v=1 pid=463306 tid=463306 inv=46 hid=f0c29cefd733b2d6 depth=3 name=chip.run.runner_run.device_wall.preamble ts=0 dur=15658 clk=dev
[mono_ns=182540539667663][T0x74a0a4d67740][TIMING] emit_host_span: [STRACE] v=1 pid=463306 tid=463306 inv=46 hid=f0c29cefd733b2d6 depth=3 name=chip.run.runner_run.device_wall.graph_build ts=4808 dur=1489178 clk=dev
[mono_ns=182540539668705][T0x74a0a4d67740][TIMING] emit_host_span: [STRACE] v=1 pid=463306 tid=463306 inv=46 hid=f0c29cefd733b2d6 depth=3 name=chip.run.runner_run.device_wall.config_validate ts=5553 dur=1147 clk=dev
[mono_ns=182540539669686][T0x74a0a4d67740][TIMING] emit_host_span: [STRACE] v=1 pid=463306 tid=463306 inv=46 hid=f0c29cefd733b2d6 depth=3 name=chip.run.runner_run.device_wall.arena_wire ts=6766 dur=3523 clk=dev
[mono_ns=182540539670688][T0x74a0a4d67740][TIMING] emit_host_span: [STRACE] v=1 pid=463306 tid=463306 inv=46 hid=f0c29cefd733b2d6 depth=3 name=chip.run.runner_run.device_wall.sm_reset ts=10314 dur=4880 clk=dev
[mono_ns=182540539671699][T0x74a0a4d67740][TIMING] emit_host_span: [STRACE] v=1 pid=463306 tid=463306 inv=46 hid=f0c29cefd733b2d6 depth=3 name=chip.run.runner_run.device_wall.post_orch ts=1494042 dur=3998 clk=dev
[mono_ns=182540539672681][T0x74a0a4d67740][TIMING] emit_host_span: [STRACE] v=1 pid=463306 tid=463306 inv=46 hid=f0c29cefd733b2d6 depth=3 name=chip.run.runner_run.device_wall.orch ts=15488 dur=1263486 clk=dev
[mono_ns=182540539673652][T0x74a0a4d67740][TIMING] emit_host_span: [STRACE] v=1 pid=463306 tid=463306 inv=46 hid=f0c29cefd733b2d6 depth=3 name=chip.run.runner_run.device_wall.sched ts=15937 dur=1461843 clk=dev
[mono_ns=182540539675134][T0x74a0a4d67740][TIMING] emit_host_span: [STRACE] v=1 pid=463306 tid=463306 inv=46 hid=f0c29cefd733b2d6 depth=1 name=chip.run.claim_release ts=182540539674293 dur=221
[mono_ns=182540539676967][T0x74a0a4d67740][TIMING] emit_host_span: [STRACE] v=1 pid=463306 tid=463306 inv=46 hid=f0c29cefd733b2d6 depth=0 name=chip.run ts=182540365448404 dur=174227752 run_id=0 dispatch_id=0 slot_id=0 generation=46 run_epoch=46
[mono_ns=182540685311833][T0x74a0a4d67740][TIMING] emit_host_span: [STRACE] v=1 pid=463306 tid=463306 inv=47 hid=f0c29cefd733b2d6 depth=2 name=chip.run.bind.args ts=182540540125200 dur=145178712
[mono_ns=182540685331523][T0x74a0a4d67740][TIMING] emit_host_span: [STRACE] v=1 pid=463306 tid=463306 inv=47 hid=f0c29cefd733b2d6 depth=2 name=chip.run.bind.prebuilt ts=182540685328028 dur=2143
[mono_ns=182540685348158][T0x74a0a4d67740][TIMING] emit_host_span: [STRACE] v=1 pid=463306 tid=463306 inv=47 hid=f0c29cefd733b2d6 depth=1 name=chip.run.bind ts=182540540119401 dur=145227235
[mono_ns=182540690028893][T0x74a0a4d67740][WARN] prepare_execution: [device_runner.cpp:343] AICPU CPU_TOPO unavailable; using json_fallback: soc=Ascend950PR_9579 occupy=0x3e stable_reachable=5 requested=0 effective=5 affinity=[1, 2, 3, 4, 5(orch)]
[mono_ns=182540691790768][T0x74a0a4d67740][TIMING] emit_host_span: [STRACE] v=1 pid=463306 tid=463306 inv=47 hid=f0c29cefd733b2d6 depth=1 name=chip.run.runner_run ts=182540690098528 dur=1690157
[mono_ns=182540692165180][T0x74a0a4d67740][TIMING] emit_host_span: [STRACE] v=1 pid=463306 tid=463306 inv=47 hid=f0c29cefd733b2d6 depth=1 name=chip.run.validate ts=182540691796136 dur=367862
[mono_ns=182540692168525][T0x74a0a4d67740][TIMING] emit_host_span: [STRACE] v=1 pid=463306 tid=463306 inv=47 hid=f0c29cefd733b2d6 depth=2 name=chip.run.runner_run.device_wall ts=0 dur=1506179 clk=dev
[mono_ns=182540692170277][T0x74a0a4d67740][TIMING] emit_host_span: [STRACE] v=1 pid=463306 tid=463306 inv=47 hid=f0c29cefd733b2d6 depth=3 name=chip.run.runner_run.device_wall.preamble ts=0 dur=13882 clk=dev
[mono_ns=182540692171499][T0x74a0a4d67740][TIMING] emit_host_span: [STRACE] v=1 pid=463306 tid=463306 inv=47 hid=f0c29cefd733b2d6 depth=3 name=chip.run.runner_run.device_wall.graph_build ts=3357 dur=1498198 clk=dev
[mono_ns=182540692172561][T0x74a0a4d67740][TIMING] emit_host_span: [STRACE] v=1 pid=463306 tid=463306 inv=47 hid=f0c29cefd733b2d6 depth=3 name=chip.run.runner_run.device_wall.config_validate ts=3939 dur=1390 clk=dev
[mono_ns=182540692173542][T0x74a0a4d67740][TIMING] emit_host_span: [STRACE] v=1 pid=463306 tid=463306 inv=47 hid=f0c29cefd733b2d6 depth=3 name=chip.run.runner_run.device_wall.arena_wire ts=5390 dur=3813 clk=dev
[mono_ns=182540692174504][T0x74a0a4d67740][TIMING] emit_host_span: [STRACE] v=1 pid=463306 tid=463306 inv=47 hid=f0c29cefd733b2d6 depth=3 name=chip.run.runner_run.device_wall.sm_reset ts=9334 dur=5173 clk=dev
[mono_ns=182540692175645][T0x74a0a4d67740][TIMING] emit_host_span: [STRACE] v=1 pid=463306 tid=463306 inv=47 hid=f0c29cefd733b2d6 depth=3 name=chip.run.runner_run.device_wall.post_orch ts=1501615 dur=4135 clk=dev
[mono_ns=182540692176637][T0x74a0a4d67740][TIMING] emit_host_span: [STRACE] v=1 pid=463306 tid=463306 inv=47 hid=f0c29cefd733b2d6 depth=3 name=chip.run.runner_run.device_wall.orch ts=14761 dur=1277584 clk=dev
[mono_ns=182540692177618][T0x74a0a4d67740][TIMING] emit_host_span: [STRACE] v=1 pid=463306 tid=463306 inv=47 hid=f0c29cefd733b2d6 depth=3 name=chip.run.runner_run.device_wall.sched ts=15197 dur=1474254 clk=dev
[mono_ns=182540692179081][T0x74a0a4d67740][TIMING] emit_host_span: [STRACE] v=1 pid=463306 tid=463306 inv=47 hid=f0c29cefd733b2d6 depth=1 name=chip.run.claim_release ts=182540692178249 dur=221
[mono_ns=182540692181084][T0x74a0a4d67740][TIMING] emit_host_span: [STRACE] v=1 pid=463306 tid=463306 inv=47 hid=f0c29cefd733b2d6 depth=0 name=chip.run ts=182540540115035 dur=152065187 run_id=0 dispatch_id=0 slot_id=0 generation=47 run_epoch=47
[mono_ns=182540839236232][T0x74a0a4d67740][TIMING] emit_host_span: [STRACE] v=1 pid=463306 tid=463306 inv=48 hid=f0c29cefd733b2d6 depth=2 name=chip.run.bind.args ts=182540692550498 dur=146676830
[mono_ns=182540839261720][T0x74a0a4d67740][TIMING] emit_host_span: [STRACE] v=1 pid=463306 tid=463306 inv=48 hid=f0c29cefd733b2d6 depth=2 name=chip.run.bind.prebuilt ts=182540839258445 dur=2343
[mono_ns=182540839264454][T0x74a0a4d67740][TIMING] emit_host_span: [STRACE] v=1 pid=463306 tid=463306 inv=48 hid=f0c29cefd733b2d6 depth=1 name=chip.run.bind ts=182540692545450 dur=146717792
[mono_ns=182540843901654][T0x74a0a4d67740][WARN] prepare_execution: [device_runner.cpp:343] AICPU CPU_TOPO unavailable; using json_fallback: soc=Ascend950PR_9579 occupy=0x3e stable_reachable=5 requested=0 effective=5 affinity=[1, 2, 3, 4, 5(orch)]
[mono_ns=182540845683649][T0x74a0a4d67740][TIMING] emit_host_span: [STRACE] v=1 pid=463306 tid=463306 inv=48 hid=f0c29cefd733b2d6 depth=1 name=chip.run.runner_run ts=182540843957077 dur=1724969
[mono_ns=182540846056749][T0x74a0a4d67740][TIMING] emit_host_span: [STRACE] v=1 pid=463306 tid=463306 inv=48 hid=f0c29cefd733b2d6 depth=1 name=chip.run.validate ts=182540845694775 dur=361042
[mono_ns=182540846058912][T0x74a0a4d67740][TIMING] emit_host_span: [STRACE] v=1 pid=463306 tid=463306 inv=48 hid=f0c29cefd733b2d6 depth=2 name=chip.run.runner_run.device_wall ts=0 dur=1543412 clk=dev
[mono_ns=182540846060424][T0x74a0a4d67740][TIMING] emit_host_span: [STRACE] v=1 pid=463306 tid=463306 inv=48 hid=f0c29cefd733b2d6 depth=3 name=chip.run.runner_run.device_wall.preamble ts=0 dur=15517 clk=dev
[mono_ns=182540846061566][T0x74a0a4d67740][TIMING] emit_host_span: [STRACE] v=1 pid=463306 tid=463306 inv=48 hid=f0c29cefd733b2d6 depth=3 name=chip.run.runner_run.device_wall.graph_build ts=4564 dur=1534016 clk=dev
[mono_ns=182540846062597][T0x74a0a4d67740][TIMING] emit_host_span: [STRACE] v=1 pid=463306 tid=463306 inv=48 hid=f0c29cefd733b2d6 depth=3 name=chip.run.runner_run.device_wall.config_validate ts=5135 dur=1198 clk=dev
[mono_ns=182540846063569][T0x74a0a4d67740][TIMING] emit_host_span: [STRACE] v=1 pid=463306 tid=463306 inv=48 hid=f0c29cefd733b2d6 depth=3 name=chip.run.runner_run.device_wall.arena_wire ts=6382 dur=3443 clk=dev
[mono_ns=182540846064550][T0x74a0a4d67740][TIMING] emit_host_span: [STRACE] v=1 pid=463306 tid=463306 inv=48 hid=f0c29cefd733b2d6 depth=3 name=chip.run.runner_run.device_wall.sm_reset ts=9932 dur=4532 clk=dev
[mono_ns=182540846065662][T0x74a0a4d67740][TIMING] emit_host_span: [STRACE] v=1 pid=463306 tid=463306 inv=48 hid=f0c29cefd733b2d6 depth=3 name=chip.run.runner_run.device_wall.post_orch ts=1538638 dur=3660 clk=dev
[mono_ns=182540846066663][T0x74a0a4d67740][TIMING] emit_host_span: [STRACE] v=1 pid=463306 tid=463306 inv=48 hid=f0c29cefd733b2d6 depth=3 name=chip.run.runner_run.device_wall.orch ts=14766 dur=1295233 clk=dev
[mono_ns=182540846067655][T0x74a0a4d67740][TIMING] emit_host_span: [STRACE] v=1 pid=463306 tid=463306 inv=48 hid=f0c29cefd733b2d6 depth=3 name=chip.run.runner_run.device_wall.sched ts=15867 dur=1510045 clk=dev
[mono_ns=182540846069187][T0x74a0a4d67740][TIMING] emit_host_span: [STRACE] v=1 pid=463306 tid=463306 inv=48 hid=f0c29cefd733b2d6 depth=1 name=chip.run.claim_release ts=182540846068306 dur=300
[mono_ns=182540846070890][T0x74a0a4d67740][TIMING] emit_host_span: [STRACE] v=1 pid=463306 tid=463306 inv=48 hid=f0c29cefd733b2d6 depth=0 name=chip.run ts=182540692540914 dur=153529235 run_id=0 dispatch_id=0 slot_id=0 generation=48 run_epoch=48
[mono_ns=182540989495108][T0x74a0a4d67740][TIMING] emit_host_span: [STRACE] v=1 pid=463306 tid=463306 inv=49 hid=f0c29cefd733b2d6 depth=2 name=chip.run.bind.args ts=182540846469468 dur=143018389
[mono_ns=182540989516710][T0x74a0a4d67740][TIMING] emit_host_span: [STRACE] v=1 pid=463306 tid=463306 inv=49 hid=f0c29cefd733b2d6 depth=2 name=chip.run.bind.prebuilt ts=182540989513395 dur=2384
[mono_ns=182540989519645][T0x74a0a4d67740][TIMING] emit_host_span: [STRACE] v=1 pid=463306 tid=463306 inv=49 hid=f0c29cefd733b2d6 depth=1 name=chip.run.bind ts=182540846464260 dur=143054013
[mono_ns=182540994090395][T0x74a0a4d67740][WARN] prepare_execution: [device_runner.cpp:343] AICPU CPU_TOPO unavailable; using json_fallback: soc=Ascend950PR_9579 occupy=0x3e stable_reachable=5 requested=0 effective=5 affinity=[1, 2, 3, 4, 5(orch)]
[mono_ns=182540995855184][T0x74a0a4d67740][TIMING] emit_host_span: [STRACE] v=1 pid=463306 tid=463306 inv=49 hid=f0c29cefd733b2d6 depth=1 name=chip.run.runner_run ts=182540994147040 dur=1706842
[mono_ns=182540996208274][T0x74a0a4d67740][TIMING] emit_host_span: [STRACE] v=1 pid=463306 tid=463306 inv=49 hid=f0c29cefd733b2d6 depth=1 name=chip.run.validate ts=182540995859030 dur=348343
[mono_ns=182540996210918][T0x74a0a4d67740][TIMING] emit_host_span: [STRACE] v=1 pid=463306 tid=463306 inv=49 hid=f0c29cefd733b2d6 depth=2 name=chip.run.runner_run.device_wall ts=0 dur=1542251 clk=dev
[mono_ns=182540996217568][T0x74a0a4d67740][TIMING] emit_host_span: [STRACE] v=1 pid=463306 tid=463306 inv=49 hid=f0c29cefd733b2d6 depth=3 name=chip.run.runner_run.device_wall.preamble ts=0 dur=14372 clk=dev
[mono_ns=182540996218760][T0x74a0a4d67740][TIMING] emit_host_span: [STRACE] v=1 pid=463306 tid=463306 inv=49 hid=f0c29cefd733b2d6 depth=3 name=chip.run.runner_run.device_wall.graph_build ts=3667 dur=1534100 clk=dev
[mono_ns=182540996219791][T0x74a0a4d67740][TIMING] emit_host_span: [STRACE] v=1 pid=463306 tid=463306 inv=49 hid=f0c29cefd733b2d6 depth=3 name=chip.run.runner_run.device_wall.config_validate ts=4343 dur=1496 clk=dev
[mono_ns=182540996220793][T0x74a0a4d67740][TIMING] emit_host_span: [STRACE] v=1 pid=463306 tid=463306 inv=49 hid=f0c29cefd733b2d6 depth=3 name=chip.run.runner_run.device_wall.arena_wire ts=5906 dur=3239 clk=dev
[mono_ns=182540996221784][T0x74a0a4d67740][TIMING] emit_host_span: [STRACE] v=1 pid=463306 tid=463306 inv=49 hid=f0c29cefd733b2d6 depth=3 name=chip.run.runner_run.device_wall.sm_reset ts=9227 dur=4877 clk=dev
[mono_ns=182540996222896][T0x74a0a4d67740][TIMING] emit_host_span: [STRACE] v=1 pid=463306 tid=463306 inv=49 hid=f0c29cefd733b2d6 depth=3 name=chip.run.runner_run.device_wall.post_orch ts=1537823 dur=3888 clk=dev
[mono_ns=182540996223887][T0x74a0a4d67740][TIMING] emit_host_span: [STRACE] v=1 pid=463306 tid=463306 inv=49 hid=f0c29cefd733b2d6 depth=3 name=chip.run.runner_run.device_wall.orch ts=14408 dur=1301272 clk=dev
[mono_ns=182540996224869][T0x74a0a4d67740][TIMING] emit_host_span: [STRACE] v=1 pid=463306 tid=463306 inv=49 hid=f0c29cefd733b2d6 depth=3 name=chip.run.runner_run.device_wall.sched ts=14812 dur=1507923 clk=dev
[mono_ns=182540996226281][T0x74a0a4d67740][TIMING] emit_host_span: [STRACE] v=1 pid=463306 tid=463306 inv=49 hid=f0c29cefd733b2d6 depth=1 name=chip.run.claim_release ts=182540996225490 dur=210
[mono_ns=182540996227893][T0x74a0a4d67740][TIMING] emit_host_span: [STRACE] v=1 pid=463306 tid=463306 inv=49 hid=f0c29cefd733b2d6 depth=0 name=chip.run ts=182540846459613 dur=149767639 run_id=0 dispatch_id=0 slot_id=0 generation=49 run_epoch=49
[mono_ns=182541142102419][T0x74a0a4d67740][TIMING] emit_host_span: [STRACE] v=1 pid=463306 tid=463306 inv=50 hid=f0c29cefd733b2d6 depth=2 name=chip.run.bind.args ts=182540996583838 dur=145512672
[mono_ns=182541142115869][T0x74a0a4d67740][TIMING] emit_host_span: [STRACE] v=1 pid=463306 tid=463306 inv=50 hid=f0c29cefd733b2d6 depth=2 name=chip.run.bind.prebuilt ts=182541142113025 dur=2173
[mono_ns=182541142118964][T0x74a0a4d67740][TIMING] emit_host_span: [STRACE] v=1 pid=463306 tid=463306 inv=50 hid=f0c29cefd733b2d6 depth=1 name=chip.run.bind ts=182540996578229 dur=145539143
[mono_ns=182541150891211][T0x74a0a4d67740][WARN] prepare_execution: [device_runner.cpp:343] AICPU CPU_TOPO unavailable; using json_fallback: soc=Ascend950PR_9579 occupy=0x3e stable_reachable=5 requested=0 effective=5 affinity=[1, 2, 3, 4, 5(orch)]
[mono_ns=182541152629970][T0x74a0a4d67740][TIMING] emit_host_span: [STRACE] v=1 pid=463306 tid=463306 inv=50 hid=f0c29cefd733b2d6 depth=1 name=chip.run.runner_run ts=182541150945402 dur=1683276
[mono_ns=182541152975048][T0x74a0a4d67740][TIMING] emit_host_span: [STRACE] v=1 pid=463306 tid=463306 inv=50 hid=f0c29cefd733b2d6 depth=1 name=chip.run.validate ts=182541152633856 dur=340321
[mono_ns=182541152976921][T0x74a0a4d67740][TIMING] emit_host_span: [STRACE] v=1 pid=463306 tid=463306 inv=50 hid=f0c29cefd733b2d6 depth=2 name=chip.run.runner_run.device_wall ts=0 dur=1511244 clk=dev
[mono_ns=182541152978473][T0x74a0a4d67740][TIMING] emit_host_span: [STRACE] v=1 pid=463306 tid=463306 inv=50 hid=f0c29cefd733b2d6 depth=3 name=chip.run.runner_run.device_wall.preamble ts=0 dur=14114 clk=dev
[mono_ns=182541152979665][T0x74a0a4d67740][TIMING] emit_host_span: [STRACE] v=1 pid=463306 tid=463306 inv=50 hid=f0c29cefd733b2d6 depth=3 name=chip.run.runner_run.device_wall.graph_build ts=3238 dur=1503377 clk=dev
[mono_ns=182541152980707][T0x74a0a4d67740][TIMING] emit_host_span: [STRACE] v=1 pid=463306 tid=463306 inv=50 hid=f0c29cefd733b2d6 depth=3 name=chip.run.runner_run.device_wall.config_validate ts=3943 dur=1328 clk=dev
[mono_ns=182541152986515][T0x74a0a4d67740][TIMING] emit_host_span: [STRACE] v=1 pid=463306 tid=463306 inv=50 hid=f0c29cefd733b2d6 depth=3 name=chip.run.runner_run.device_wall.arena_wire ts=5398 dur=2840 clk=dev
[mono_ns=182541152987507][T0x74a0a4d67740][TIMING] emit_host_span: [STRACE] v=1 pid=463306 tid=463306 inv=50 hid=f0c29cefd733b2d6 depth=3 name=chip.run.runner_run.device_wall.sm_reset ts=8302 dur=5433 clk=dev
[mono_ns=182541152988779][T0x74a0a4d67740][TIMING] emit_host_span: [STRACE] v=1 pid=463306 tid=463306 inv=50 hid=f0c29cefd733b2d6 depth=3 name=chip.run.runner_run.device_wall.post_orch ts=1506638 dur=4041 clk=dev
[mono_ns=182541152989890][T0x74a0a4d67740][TIMING] emit_host_span: [STRACE] v=1 pid=463306 tid=463306 inv=50 hid=f0c29cefd733b2d6 depth=3 name=chip.run.runner_run.device_wall.orch ts=14031 dur=1269977 clk=dev
[mono_ns=182541152990862][T0x74a0a4d67740][TIMING] emit_host_span: [STRACE] v=1 pid=463306 tid=463306 inv=50 hid=f0c29cefd733b2d6 depth=3 name=chip.run.runner_run.device_wall.sched ts=14567 dur=1479760 clk=dev
[mono_ns=182541152992334][T0x74a0a4d67740][TIMING] emit_host_span: [STRACE] v=1 pid=463306 tid=463306 inv=50 hid=f0c29cefd733b2d6 depth=1 name=chip.run.claim_release ts=182541152991473 dur=290
[mono_ns=182541152993756][T0x74a0a4d67740][TIMING] emit_host_span: [STRACE] v=1 pid=463306 tid=463306 inv=50 hid=f0c29cefd733b2d6 depth=0 name=chip.run ts=182540996572991 dur=156420154 run_id=0 dispatch_id=0 slot_id=0 generation=50 run_epoch=50
[mono_ns=182541295416041][T0x74a0a4d67740][TIMING] emit_host_span: [STRACE] v=1 pid=463306 tid=463306 inv=51 hid=f0c29cefd733b2d6 depth=2 name=chip.run.bind.args ts=182541153368469 dur=142042133
[mono_ns=182541295429962][T0x74a0a4d67740][TIMING] emit_host_span: [STRACE] v=1 pid=463306 tid=463306 inv=51 hid=f0c29cefd733b2d6 depth=2 name=chip.run.bind.prebuilt ts=182541295427688 dur=1562
[mono_ns=182541295432165][T0x74a0a4d67740][TIMING] emit_host_span: [STRACE] v=1 pid=463306 tid=463306 inv=51 hid=f0c29cefd733b2d6 depth=1 name=chip.run.bind ts=182541153363661 dur=142067252
[mono_ns=182541300050857][T0x74a0a4d67740][WARN] prepare_execution: [device_runner.cpp:343] AICPU CPU_TOPO unavailable; using json_fallback: soc=Ascend950PR_9579 occupy=0x3e stable_reachable=5 requested=0 effective=5 affinity=[1, 2, 3, 4, 5(orch)]
[mono_ns=182541301811530][T0x74a0a4d67740][TIMING] emit_host_span: [STRACE] v=1 pid=463306 tid=463306 inv=51 hid=f0c29cefd733b2d6 depth=1 name=chip.run.runner_run ts=182541300106951 dur=1703086
[mono_ns=182541302153173][T0x74a0a4d67740][TIMING] emit_host_span: [STRACE] v=1 pid=463306 tid=463306 inv=51 hid=f0c29cefd733b2d6 depth=1 name=chip.run.validate ts=182541301815045 dur=337246
[mono_ns=182541302155386][T0x74a0a4d67740][TIMING] emit_host_span: [STRACE] v=1 pid=463306 tid=463306 inv=51 hid=f0c29cefd733b2d6 depth=2 name=chip.run.runner_run.device_wall ts=0 dur=1536490 clk=dev
[mono_ns=182541302156958][T0x74a0a4d67740][TIMING] emit_host_span: [STRACE] v=1 pid=463306 tid=463306 inv=51 hid=f0c29cefd733b2d6 depth=3 name=chip.run.runner_run.device_wall.preamble ts=0 dur=13671 clk=dev
[mono_ns=182541302158080][T0x74a0a4d67740][TIMING] emit_host_span: [STRACE] v=1 pid=463306 tid=463306 inv=51 hid=f0c29cefd733b2d6 depth=3 name=chip.run.runner_run.device_wall.graph_build ts=3289 dur=1528939 clk=dev
[mono_ns=182541302159091][T0x74a0a4d67740][TIMING] emit_host_span: [STRACE] v=1 pid=463306 tid=463306 inv=51 hid=f0c29cefd733b2d6 depth=3 name=chip.run.runner_run.device_wall.config_validate ts=3970 dur=1423 clk=dev
[mono_ns=182541302160073][T0x74a0a4d67740][TIMING] emit_host_span: [STRACE] v=1 pid=463306 tid=463306 inv=51 hid=f0c29cefd733b2d6 depth=3 name=chip.run.runner_run.device_wall.arena_wire ts=5454 dur=3286 clk=dev
[mono_ns=182541302161064][T0x74a0a4d67740][TIMING] emit_host_span: [STRACE] v=1 pid=463306 tid=463306 inv=51 hid=f0c29cefd733b2d6 depth=3 name=chip.run.runner_run.device_wall.sm_reset ts=8762 dur=4997 clk=dev
[mono_ns=182541302162176][T0x74a0a4d67740][TIMING] emit_host_span: [STRACE] v=1 pid=463306 tid=463306 inv=51 hid=f0c29cefd733b2d6 depth=3 name=chip.run.runner_run.device_wall.post_orch ts=1532248 dur=3811 clk=dev
[mono_ns=182541302167123][T0x74a0a4d67740][TIMING] emit_host_span: [STRACE] v=1 pid=463306 tid=463306 inv=51 hid=f0c29cefd733b2d6 depth=3 name=chip.run.runner_run.device_wall.orch ts=14061 dur=1296966 clk=dev
[mono_ns=182541302168145][T0x74a0a4d67740][TIMING] emit_host_span: [STRACE] v=1 pid=463306 tid=463306 inv=51 hid=f0c29cefd733b2d6 depth=3 name=chip.run.runner_run.device_wall.sched ts=14460 dur=1502684 clk=dev
[mono_ns=182541302169517][T0x74a0a4d67740][TIMING] emit_host_span: [STRACE] v=1 pid=463306 tid=463306 inv=51 hid=f0c29cefd733b2d6 depth=1 name=chip.run.claim_release ts=182541302168776 dur=170
[mono_ns=182541302171380][T0x74a0a4d67740][TIMING] emit_host_span: [STRACE] v=1 pid=463306 tid=463306 inv=51 hid=f0c29cefd733b2d6 depth=0 name=chip.run ts=182541153358934 dur=148811424 run_id=0 dispatch_id=0 slot_id=0 generation=51 run_epoch=51
[mono_ns=182541442477618][T0x74a0a4d67740][TIMING] emit_host_span: [STRACE] v=1 pid=463306 tid=463306 inv=52 hid=f0c29cefd733b2d6 depth=2 name=chip.run.bind.args ts=182541302512121 dur=139957175
[mono_ns=182541442497678][T0x74a0a4d67740][TIMING] emit_host_span: [STRACE] v=1 pid=463306 tid=463306 inv=52 hid=f0c29cefd733b2d6 depth=2 name=chip.run.bind.prebuilt ts=182541442493722 dur=3135
[mono_ns=182541442500452][T0x74a0a4d67740][TIMING] emit_host_span: [STRACE] v=1 pid=463306 tid=463306 inv=52 hid=f0c29cefd733b2d6 depth=1 name=chip.run.bind ts=182541302507234 dur=139991656
[mono_ns=182541447108429][T0x74a0a4d67740][WARN] prepare_execution: [device_runner.cpp:343] AICPU CPU_TOPO unavailable; using json_fallback: soc=Ascend950PR_9579 occupy=0x3e stable_reachable=5 requested=0 effective=5 affinity=[1, 2, 3, 4, 5(orch)]
[mono_ns=182541448919297][T0x74a0a4d67740][TIMING] emit_host_span: [STRACE] v=1 pid=463306 tid=463306 inv=52 hid=f0c29cefd733b2d6 depth=1 name=chip.run.runner_run ts=182541447177853 dur=1739240
[mono_ns=182541449272046][T0x74a0a4d67740][TIMING] emit_host_span: [STRACE] v=1 pid=463306 tid=463306 inv=52 hid=f0c29cefd733b2d6 depth=1 name=chip.run.validate ts=182541448923253 dur=347762
[mono_ns=182541449274480][T0x74a0a4d67740][TIMING] emit_host_span: [STRACE] v=1 pid=463306 tid=463306 inv=52 hid=f0c29cefd733b2d6 depth=2 name=chip.run.runner_run.device_wall ts=0 dur=1554948 clk=dev
[mono_ns=182541449276242][T0x74a0a4d67740][TIMING] emit_host_span: [STRACE] v=1 pid=463306 tid=463306 inv=52 hid=f0c29cefd733b2d6 depth=3 name=chip.run.runner_run.device_wall.preamble ts=0 dur=13098 clk=dev
[mono_ns=182541449277484][T0x74a0a4d67740][TIMING] emit_host_span: [STRACE] v=1 pid=463306 tid=463306 inv=52 hid=f0c29cefd733b2d6 depth=3 name=chip.run.runner_run.device_wall.graph_build ts=3484 dur=1547108 clk=dev
[mono_ns=182541449278516][T0x74a0a4d67740][TIMING] emit_host_span: [STRACE] v=1 pid=463306 tid=463306 inv=52 hid=f0c29cefd733b2d6 depth=3 name=chip.run.runner_run.device_wall.config_validate ts=4096 dur=1345 clk=dev
[mono_ns=182541449279477][T0x74a0a4d67740][TIMING] emit_host_span: [STRACE] v=1 pid=463306 tid=463306 inv=52 hid=f0c29cefd733b2d6 depth=3 name=chip.run.runner_run.device_wall.arena_wire ts=5506 dur=3416 clk=dev
[mono_ns=182541449280489][T0x74a0a4d67740][TIMING] emit_host_span: [STRACE] v=1 pid=463306 tid=463306 inv=52 hid=f0c29cefd733b2d6 depth=3 name=chip.run.runner_run.device_wall.sm_reset ts=8990 dur=5327 clk=dev
[mono_ns=182541449281550][T0x74a0a4d67740][TIMING] emit_host_span: [STRACE] v=1 pid=463306 tid=463306 inv=52 hid=f0c29cefd733b2d6 depth=3 name=chip.run.runner_run.device_wall.post_orch ts=1550620 dur=3786 clk=dev
[mono_ns=182541449282552][T0x74a0a4d67740][TIMING] emit_host_span: [STRACE] v=1 pid=463306 tid=463306 inv=52 hid=f0c29cefd733b2d6 depth=3 name=chip.run.runner_run.device_wall.orch ts=14657 dur=1290571 clk=dev
[mono_ns=182541449283533][T0x74a0a4d67740][TIMING] emit_host_span: [STRACE] v=1 pid=463306 tid=463306 inv=52 hid=f0c29cefd733b2d6 depth=3 name=chip.run.runner_run.device_wall.sched ts=15047 dur=1523159 clk=dev
[mono_ns=182541449289693][T0x74a0a4d67740][TIMING] emit_host_span: [STRACE] v=1 pid=463306 tid=463306 inv=52 hid=f0c29cefd733b2d6 depth=1 name=chip.run.claim_release ts=182541449288771 dur=251
[mono_ns=182541449291365][T0x74a0a4d67740][TIMING] emit_host_span: [STRACE] v=1 pid=463306 tid=463306 inv=52 hid=f0c29cefd733b2d6 depth=0 name=chip.run ts=182541302503098 dur=146787526 run_id=0 dispatch_id=0 slot_id=0 generation=52 run_epoch=52
[mono_ns=182541603305578][T0x74a0a4d67740][TIMING] emit_host_span: [STRACE] v=1 pid=463306 tid=463306 inv=53 hid=f0c29cefd733b2d6 depth=2 name=chip.run.bind.args ts=182541449661270 dur=153636106
[mono_ns=182541603328793][T0x74a0a4d67740][TIMING] emit_host_span: [STRACE] v=1 pid=463306 tid=463306 inv=53 hid=f0c29cefd733b2d6 depth=2 name=chip.run.bind.prebuilt ts=182541603325348 dur=2403
[mono_ns=182541603331807][T0x74a0a4d67740][TIMING] emit_host_span: [STRACE] v=1 pid=463306 tid=463306 inv=53 hid=f0c29cefd733b2d6 depth=1 name=chip.run.bind ts=182541449656693 dur=153673652
[mono_ns=182541607991421][T0x74a0a4d67740][WARN] prepare_execution: [device_runner.cpp:343] AICPU CPU_TOPO unavailable; using json_fallback: soc=Ascend950PR_9579 occupy=0x3e stable_reachable=5 requested=0 effective=5 affinity=[1, 2, 3, 4, 5(orch)]
[mono_ns=182541609851663][T0x74a0a4d67740][TIMING] emit_host_span: [STRACE] v=1 pid=463306 tid=463306 inv=53 hid=f0c29cefd733b2d6 depth=1 name=chip.run.runner_run ts=182541608100695 dur=1749596
[mono_ns=182541610214187][T0x74a0a4d67740][TIMING] emit_host_span: [STRACE] v=1 pid=463306 tid=463306 inv=53 hid=f0c29cefd733b2d6 depth=1 name=chip.run.validate ts=182541609855859 dur=357317
[mono_ns=182541610216751][T0x74a0a4d67740][TIMING] emit_host_span: [STRACE] v=1 pid=463306 tid=463306 inv=53 hid=f0c29cefd733b2d6 depth=2 name=chip.run.runner_run.device_wall ts=0 dur=1563673 clk=dev
[mono_ns=182541610218574][T0x74a0a4d67740][TIMING] emit_host_span: [STRACE] v=1 pid=463306 tid=463306 inv=53 hid=f0c29cefd733b2d6 depth=3 name=chip.run.runner_run.device_wall.preamble ts=0 dur=13452 clk=dev
[mono_ns=182541610219876][T0x74a0a4d67740][TIMING] emit_host_span: [STRACE] v=1 pid=463306 tid=463306 inv=53 hid=f0c29cefd733b2d6 depth=3 name=chip.run.runner_run.device_wall.graph_build ts=3041 dur=1556028 clk=dev
[mono_ns=182541610220897][T0x74a0a4d67740][TIMING] emit_host_span: [STRACE] v=1 pid=463306 tid=463306 inv=53 hid=f0c29cefd733b2d6 depth=3 name=chip.run.runner_run.device_wall.config_validate ts=3500 dur=1623 clk=dev
[mono_ns=182541610221889][T0x74a0a4d67740][TIMING] emit_host_span: [STRACE] v=1 pid=463306 tid=463306 inv=53 hid=f0c29cefd733b2d6 depth=3 name=chip.run.runner_run.device_wall.arena_wire ts=5215 dur=3524 clk=dev
[mono_ns=182541610222870][T0x74a0a4d67740][TIMING] emit_host_span: [STRACE] v=1 pid=463306 tid=463306 inv=53 hid=f0c29cefd733b2d6 depth=3 name=chip.run.runner_run.device_wall.sm_reset ts=8947 dur=5430 clk=dev
[mono_ns=182541610223882][T0x74a0a4d67740][TIMING] emit_host_span: [STRACE] v=1 pid=463306 tid=463306 inv=53 hid=f0c29cefd733b2d6 depth=3 name=chip.run.runner_run.device_wall.post_orch ts=1559092 dur=4093 clk=dev
[mono_ns=182541610224883][T0x74a0a4d67740][TIMING] emit_host_span: [STRACE] v=1 pid=463306 tid=463306 inv=53 hid=f0c29cefd733b2d6 depth=3 name=chip.run.runner_run.device_wall.orch ts=14674 dur=1318025 clk=dev
[mono_ns=182541610225895][T0x74a0a4d67740][TIMING] emit_host_span: [STRACE] v=1 pid=463306 tid=463306 inv=53 hid=f0c29cefd733b2d6 depth=3 name=chip.run.runner_run.device_wall.sched ts=15466 dur=1531592 clk=dev
[mono_ns=182541610227307][T0x74a0a4d67740][TIMING] emit_host_span: [STRACE] v=1 pid=463306 tid=463306 inv=53 hid=f0c29cefd733b2d6 depth=1 name=chip.run.claim_release ts=182541610226506 dur=210
[mono_ns=182541610228979][T0x74a0a4d67740][TIMING] emit_host_span: [STRACE] v=1 pid=463306 tid=463306 inv=53 hid=f0c29cefd733b2d6 depth=0 name=chip.run ts=182541449652427 dur=160575831 run_id=0 dispatch_id=0 slot_id=0 generation=53 run_epoch=53
[mono_ns=182541748844921][T0x74a0a4d67740][TIMING] emit_host_span: [STRACE] v=1 pid=463306 tid=463306 inv=54 hid=f0c29cefd733b2d6 depth=2 name=chip.run.bind.args ts=182541610629080 dur=138210413
[mono_ns=182541748866563][T0x74a0a4d67740][TIMING] emit_host_span: [STRACE] v=1 pid=463306 tid=463306 inv=54 hid=f0c29cefd733b2d6 depth=2 name=chip.run.bind.prebuilt ts=182541748863689 dur=2113
[mono_ns=182541748869167][T0x74a0a4d67740][TIMING] emit_host_span: [STRACE] v=1 pid=463306 tid=463306 inv=54 hid=f0c29cefd733b2d6 depth=1 name=chip.run.bind ts=182541610624463 dur=138243302
[mono_ns=182541753504514][T0x74a0a4d67740][WARN] prepare_execution: [device_runner.cpp:343] AICPU CPU_TOPO unavailable; using json_fallback: soc=Ascend950PR_9579 occupy=0x3e stable_reachable=5 requested=0 effective=5 affinity=[1, 2, 3, 4, 5(orch)]
[mono_ns=182541755262363][T0x74a0a4d67740][TIMING] emit_host_span: [STRACE] v=1 pid=463306 tid=463306 inv=54 hid=f0c29cefd733b2d6 depth=1 name=chip.run.runner_run ts=182541753560148 dur=1700312
[mono_ns=182541755602994][T0x74a0a4d67740][TIMING] emit_host_span: [STRACE] v=1 pid=463306 tid=463306 inv=54 hid=f0c29cefd733b2d6 depth=1 name=chip.run.validate ts=182541755266459 dur=335704
[mono_ns=182541755604987][T0x74a0a4d67740][TIMING] emit_host_span: [STRACE] v=1 pid=463306 tid=463306 inv=54 hid=f0c29cefd733b2d6 depth=2 name=chip.run.runner_run.device_wall ts=0 dur=1531253 clk=dev
[mono_ns=182541755606489][T0x74a0a4d67740][TIMING] emit_host_span: [STRACE] v=1 pid=463306 tid=463306 inv=54 hid=f0c29cefd733b2d6 depth=3 name=chip.run.runner_run.device_wall.preamble ts=0 dur=13038 clk=dev
[mono_ns=182541755607661][T0x74a0a4d67740][TIMING] emit_host_span: [STRACE] v=1 pid=463306 tid=463306 inv=54 hid=f0c29cefd733b2d6 depth=3 name=chip.run.runner_run.device_wall.graph_build ts=2739 dur=1524153 clk=dev
[mono_ns=182541755608703][T0x74a0a4d67740][TIMING] emit_host_span: [STRACE] v=1 pid=463306 tid=463306 inv=54 hid=f0c29cefd733b2d6 depth=3 name=chip.run.runner_run.device_wall.config_validate ts=3281 dur=1404 clk=dev
[mono_ns=182541755609674][T0x74a0a4d67740][TIMING] emit_host_span: [STRACE] v=1 pid=463306 tid=463306 inv=54 hid=f0c29cefd733b2d6 depth=3 name=chip.run.runner_run.device_wall.arena_wire ts=4704 dur=3400 clk=dev
[mono_ns=182541755610656][T0x74a0a4d67740][TIMING] emit_host_span: [STRACE] v=1 pid=463306 tid=463306 inv=54 hid=f0c29cefd733b2d6 depth=3 name=chip.run.runner_run.device_wall.sm_reset ts=8121 dur=4539 clk=dev
[mono_ns=182541755611647][T0x74a0a4d67740][TIMING] emit_host_span: [STRACE] v=1 pid=463306 tid=463306 inv=54 hid=f0c29cefd733b2d6 depth=3 name=chip.run.runner_run.device_wall.post_orch ts=1526914 dur=3999 clk=dev
[mono_ns=182541755612649][T0x74a0a4d67740][TIMING] emit_host_span: [STRACE] v=1 pid=463306 tid=463306 inv=54 hid=f0c29cefd733b2d6 depth=3 name=chip.run.runner_run.device_wall.orch ts=12956 dur=1294131 clk=dev
[mono_ns=182541755613620][T0x74a0a4d67740][TIMING] emit_host_span: [STRACE] v=1 pid=463306 tid=463306 inv=54 hid=f0c29cefd733b2d6 depth=3 name=chip.run.runner_run.device_wall.sched ts=13574 dur=1501596 clk=dev
[mono_ns=182541755614892][T0x74a0a4d67740][TIMING] emit_host_span: [STRACE] v=1 pid=463306 tid=463306 inv=54 hid=f0c29cefd733b2d6 depth=1 name=chip.run.claim_release ts=182541755614171 dur=180
[mono_ns=182541755616605][T0x74a0a4d67740][TIMING] emit_host_span: [STRACE] v=1 pid=463306 tid=463306 inv=54 hid=f0c29cefd733b2d6 depth=0 name=chip.run ts=182541610620117 dur=144995736 run_id=0 dispatch_id=0 slot_id=0 generation=54 run_epoch=54
[mono_ns=182541910094143][T0x74a0a4d67740][TIMING] emit_host_span: [STRACE] v=1 pid=463306 tid=463306 inv=55 hid=f0c29cefd733b2d6 depth=2 name=chip.run.bind.args ts=182541755978548 dur=154108044
[mono_ns=182541910113592][T0x74a0a4d67740][TIMING] emit_host_span: [STRACE] v=1 pid=463306 tid=463306 inv=55 hid=f0c29cefd733b2d6 depth=2 name=chip.run.bind.prebuilt ts=182541910110487 dur=2364
[mono_ns=182541910116036][T0x74a0a4d67740][TIMING] emit_host_span: [STRACE] v=1 pid=463306 tid=463306 inv=55 hid=f0c29cefd733b2d6 depth=1 name=chip.run.bind ts=182541755974672 dur=154140022
[mono_ns=182541914712575][T0x74a0a4d67740][WARN] prepare_execution: [device_runner.cpp:343] AICPU CPU_TOPO unavailable; using json_fallback: soc=Ascend950PR_9579 occupy=0x3e stable_reachable=5 requested=0 effective=5 affinity=[1, 2, 3, 4, 5(orch)]
[mono_ns=182541916498065][T0x74a0a4d67740][TIMING] emit_host_span: [STRACE] v=1 pid=463306 tid=463306 inv=55 hid=f0c29cefd733b2d6 depth=1 name=chip.run.runner_run ts=182541914774007 dur=1722906
[mono_ns=182541916843623][T0x74a0a4d67740][TIMING] emit_host_span: [STRACE] v=1 pid=463306 tid=463306 inv=55 hid=f0c29cefd733b2d6 depth=1 name=chip.run.validate ts=182541916502642 dur=340190
[mono_ns=182541916845516][T0x74a0a4d67740][TIMING] emit_host_span: [STRACE] v=1 pid=463306 tid=463306 inv=55 hid=f0c29cefd733b2d6 depth=2 name=chip.run.runner_run.device_wall ts=0 dur=1539658 clk=dev
[mono_ns=182541916847129][T0x74a0a4d67740][TIMING] emit_host_span: [STRACE] v=1 pid=463306 tid=463306 inv=55 hid=f0c29cefd733b2d6 depth=3 name=chip.run.runner_run.device_wall.preamble ts=0 dur=13459 clk=dev
[mono_ns=182541916848300][T0x74a0a4d67740][TIMING] emit_host_span: [STRACE] v=1 pid=463306 tid=463306 inv=55 hid=f0c29cefd733b2d6 depth=3 name=chip.run.runner_run.device_wall.graph_build ts=2984 dur=1532001 clk=dev
[mono_ns=182541916849312][T0x74a0a4d67740][TIMING] emit_host_span: [STRACE] v=1 pid=463306 tid=463306 inv=55 hid=f0c29cefd733b2d6 depth=3 name=chip.run.runner_run.device_wall.config_validate ts=3827 dur=1381 clk=dev
[mono_ns=182541916850333][T0x74a0a4d67740][TIMING] emit_host_span: [STRACE] v=1 pid=463306 tid=463306 inv=55 hid=f0c29cefd733b2d6 depth=3 name=chip.run.runner_run.device_wall.arena_wire ts=5487 dur=3401 clk=dev
[mono_ns=182541916851295][T0x74a0a4d67740][TIMING] emit_host_span: [STRACE] v=1 pid=463306 tid=463306 inv=55 hid=f0c29cefd733b2d6 depth=3 name=chip.run.runner_run.device_wall.sm_reset ts=9229 dur=5099 clk=dev
[mono_ns=182541916852316][T0x74a0a4d67740][TIMING] emit_host_span: [STRACE] v=1 pid=463306 tid=463306 inv=55 hid=f0c29cefd733b2d6 depth=3 name=chip.run.runner_run.device_wall.post_orch ts=1535054 dur=3838 clk=dev
[mono_ns=182541916853288][T0x74a0a4d67740][TIMING] emit_host_span: [STRACE] v=1 pid=463306 tid=463306 inv=55 hid=f0c29cefd733b2d6 depth=3 name=chip.run.runner_run.device_wall.orch ts=14511 dur=1295476 clk=dev
[mono_ns=182541916854269][T0x74a0a4d67740][TIMING] emit_host_span: [STRACE] v=1 pid=463306 tid=463306 inv=55 hid=f0c29cefd733b2d6 depth=3 name=chip.run.runner_run.device_wall.sched ts=15390 dur=1506862 clk=dev
[mono_ns=182541916855641][T0x74a0a4d67740][TIMING] emit_host_span: [STRACE] v=1 pid=463306 tid=463306 inv=55 hid=f0c29cefd733b2d6 depth=1 name=chip.run.claim_release ts=182541916854860 dur=210
[mono_ns=182541916857364][T0x74a0a4d67740][TIMING] emit_host_span: [STRACE] v=1 pid=463306 tid=463306 inv=55 hid=f0c29cefd733b2d6 depth=0 name=chip.run ts=182541755970676 dur=160886017 run_id=0 dispatch_id=0 slot_id=0 generation=55 run_epoch=55
[mono_ns=182542059263714][T0x74a0a4d67740][TIMING] emit_host_span: [STRACE] v=1 pid=463306 tid=463306 inv=56 hid=f0c29cefd733b2d6 depth=2 name=chip.run.bind.args ts=182541917248351 dur=142009455
[mono_ns=182542059282883][T0x74a0a4d67740][TIMING] emit_host_span: [STRACE] v=1 pid=463306 tid=463306 inv=56 hid=f0c29cefd733b2d6 depth=2 name=chip.run.bind.prebuilt ts=182542059279789 dur=2283
[mono_ns=182542059285427][T0x74a0a4d67740][TIMING] emit_host_span: [STRACE] v=1 pid=463306 tid=463306 inv=56 hid=f0c29cefd733b2d6 depth=1 name=chip.run.bind ts=182541917243253 dur=142040782
[mono_ns=182542063824239][T0x74a0a4d67740][WARN] prepare_execution: [device_runner.cpp:343] AICPU CPU_TOPO unavailable; using json_fallback: soc=Ascend950PR_9579 occupy=0x3e stable_reachable=5 requested=0 effective=5 affinity=[1, 2, 3, 4, 5(orch)]
[mono_ns=182542065574066][T0x74a0a4d67740][TIMING] emit_host_span: [STRACE] v=1 pid=463306 tid=463306 inv=56 hid=f0c29cefd733b2d6 depth=1 name=chip.run.runner_run ts=182542063874575 dur=1697548
[mono_ns=182542065934677][T0x74a0a4d67740][TIMING] emit_host_span: [STRACE] v=1 pid=463306 tid=463306 inv=56 hid=f0c29cefd733b2d6 depth=1 name=chip.run.validate ts=182542065578883 dur=355003
[mono_ns=182542065945794][T0x74a0a4d67740][TIMING] emit_host_span: [STRACE] v=1 pid=463306 tid=463306 inv=56 hid=f0c29cefd733b2d6 depth=2 name=chip.run.runner_run.device_wall ts=0 dur=1525788 clk=dev
[mono_ns=182542065947276][T0x74a0a4d67740][TIMING] emit_host_span: [STRACE] v=1 pid=463306 tid=463306 inv=56 hid=f0c29cefd733b2d6 depth=3 name=chip.run.runner_run.device_wall.preamble ts=0 dur=14935 clk=dev
[mono_ns=182542065948528][T0x74a0a4d67740][TIMING] emit_host_span: [STRACE] v=1 pid=463306 tid=463306 inv=56 hid=f0c29cefd733b2d6 depth=3 name=chip.run.runner_run.device_wall.graph_build ts=4269 dur=1516656 clk=dev
[mono_ns=182542065949549][T0x74a0a4d67740][TIMING] emit_host_span: [STRACE] v=1 pid=463306 tid=463306 inv=56 hid=f0c29cefd733b2d6 depth=3 name=chip.run.runner_run.device_wall.config_validate ts=4817 dur=1226 clk=dev
[mono_ns=182542065950541][T0x74a0a4d67740][TIMING] emit_host_span: [STRACE] v=1 pid=463306 tid=463306 inv=56 hid=f0c29cefd733b2d6 depth=3 name=chip.run.runner_run.device_wall.arena_wire ts=6093 dur=3431 clk=dev
[mono_ns=182542065951532][T0x74a0a4d67740][TIMING] emit_host_span: [STRACE] v=1 pid=463306 tid=463306 inv=56 hid=f0c29cefd733b2d6 depth=3 name=chip.run.runner_run.device_wall.sm_reset ts=9619 dur=4681 clk=dev
[mono_ns=182542065952554][T0x74a0a4d67740][TIMING] emit_host_span: [STRACE] v=1 pid=463306 tid=463306 inv=56 hid=f0c29cefd733b2d6 depth=3 name=chip.run.runner_run.device_wall.post_orch ts=1520997 dur=3924 clk=dev
[mono_ns=182542065953545][T0x74a0a4d67740][TIMING] emit_host_span: [STRACE] v=1 pid=463306 tid=463306 inv=56 hid=f0c29cefd733b2d6 depth=3 name=chip.run.runner_run.device_wall.orch ts=14483 dur=1281674 clk=dev
[mono_ns=182542065954507][T0x74a0a4d67740][TIMING] emit_host_span: [STRACE] v=1 pid=463306 tid=463306 inv=56 hid=f0c29cefd733b2d6 depth=3 name=chip.run.runner_run.device_wall.sched ts=15271 dur=1493479 clk=dev
[mono_ns=182542065955879][T0x74a0a4d67740][TIMING] emit_host_span: [STRACE] v=1 pid=463306 tid=463306 inv=56 hid=f0c29cefd733b2d6 depth=1 name=chip.run.claim_release ts=182542065955118 dur=230
[mono_ns=182542065957772][T0x74a0a4d67740][TIMING] emit_host_span: [STRACE] v=1 pid=463306 tid=463306 inv=56 hid=f0c29cefd733b2d6 depth=0 name=chip.run ts=182541917238055 dur=148718675 run_id=0 dispatch_id=0 slot_id=0 generation=56 run_epoch=56
[mono_ns=182542206524110][T0x74a0a4d67740][TIMING] emit_host_span: [STRACE] v=1 pid=463306 tid=463306 inv=57 hid=f0c29cefd733b2d6 depth=2 name=chip.run.bind.args ts=182542066297101 dur=140218737
[mono_ns=182542206542408][T0x74a0a4d67740][TIMING] emit_host_span: [STRACE] v=1 pid=463306 tid=463306 inv=57 hid=f0c29cefd733b2d6 depth=2 name=chip.run.bind.prebuilt ts=182542206539113 dur=2343
[mono_ns=182542206545162][T0x74a0a4d67740][TIMING] emit_host_span: [STRACE] v=1 pid=463306 tid=463306 inv=57 hid=f0c29cefd733b2d6 depth=1 name=chip.run.bind ts=182542066291993 dur=140251697
[mono_ns=182542211108782][T0x74a0a4d67740][WARN] prepare_execution: [device_runner.cpp:343] AICPU CPU_TOPO unavailable; using json_fallback: soc=Ascend950PR_9579 occupy=0x3e stable_reachable=5 requested=0 effective=5 affinity=[1, 2, 3, 4, 5(orch)]
[mono_ns=182542212871397][T0x74a0a4d67740][TIMING] emit_host_span: [STRACE] v=1 pid=463306 tid=463306 inv=57 hid=f0c29cefd733b2d6 depth=1 name=chip.run.runner_run ts=182542211165246 dur=1703748
[mono_ns=182542213221733][T0x74a0a4d67740][TIMING] emit_host_span: [STRACE] v=1 pid=463306 tid=463306 inv=57 hid=f0c29cefd733b2d6 depth=1 name=chip.run.validate ts=182542212875633 dur=344978
[mono_ns=182542213223936][T0x74a0a4d67740][TIMING] emit_host_span: [STRACE] v=1 pid=463306 tid=463306 inv=57 hid=f0c29cefd733b2d6 depth=2 name=chip.run.runner_run.device_wall ts=0 dur=1529186 clk=dev
[mono_ns=182542213225459][T0x74a0a4d67740][TIMING] emit_host_span: [STRACE] v=1 pid=463306 tid=463306 inv=57 hid=f0c29cefd733b2d6 depth=3 name=chip.run.runner_run.device_wall.preamble ts=0 dur=14745 clk=dev
[mono_ns=182542213226690][T0x74a0a4d67740][TIMING] emit_host_span: [STRACE] v=1 pid=463306 tid=463306 inv=57 hid=f0c29cefd733b2d6 depth=3 name=chip.run.runner_run.device_wall.graph_build ts=5030 dur=1519513 clk=dev
[mono_ns=182542213232940][T0x74a0a4d67740][TIMING] emit_host_span: [STRACE] v=1 pid=463306 tid=463306 inv=57 hid=f0c29cefd733b2d6 depth=3 name=chip.run.runner_run.device_wall.config_validate ts=5761 dur=1227 clk=dev
[mono_ns=182542213233941][T0x74a0a4d67740][TIMING] emit_host_span: [STRACE] v=1 pid=463306 tid=463306 inv=57 hid=f0c29cefd733b2d6 depth=3 name=chip.run.runner_run.device_wall.arena_wire ts=7084 dur=2780 clk=dev
[mono_ns=182542213234973][T0x74a0a4d67740][TIMING] emit_host_span: [STRACE] v=1 pid=463306 tid=463306 inv=57 hid=f0c29cefd733b2d6 depth=3 name=chip.run.runner_run.device_wall.sm_reset ts=9934 dur=4798 clk=dev
[mono_ns=182542213236255][T0x74a0a4d67740][TIMING] emit_host_span: [STRACE] v=1 pid=463306 tid=463306 inv=57 hid=f0c29cefd733b2d6 depth=3 name=chip.run.runner_run.device_wall.post_orch ts=1524582 dur=4244 clk=dev
[mono_ns=182542213237236][T0x74a0a4d67740][TIMING] emit_host_span: [STRACE] v=1 pid=463306 tid=463306 inv=57 hid=f0c29cefd733b2d6 depth=3 name=chip.run.runner_run.device_wall.orch ts=14990 dur=1328524 clk=dev
[mono_ns=182542213238218][T0x74a0a4d67740][TIMING] emit_host_span: [STRACE] v=1 pid=463306 tid=463306 inv=57 hid=f0c29cefd733b2d6 depth=3 name=chip.run.runner_run.device_wall.sched ts=15401 dur=1497606 clk=dev
[mono_ns=182542213239850][T0x74a0a4d67740][TIMING] emit_host_span: [STRACE] v=1 pid=463306 tid=463306 inv=57 hid=f0c29cefd733b2d6 depth=1 name=chip.run.claim_release ts=182542213238939 dur=310
[mono_ns=182542213241853][T0x74a0a4d67740][TIMING] emit_host_span: [STRACE] v=1 pid=463306 tid=463306 inv=57 hid=f0c29cefd733b2d6 depth=0 name=chip.run ts=182542066287847 dur=146953025 run_id=0 dispatch_id=0 slot_id=0 generation=57 run_epoch=57
[mono_ns=182542373833378][T0x74a0a4d67740][TIMING] emit_host_span: [STRACE] v=1 pid=463306 tid=463306 inv=58 hid=f0c29cefd733b2d6 depth=2 name=chip.run.bind.args ts=182542213606681 dur=160218304
[mono_ns=182542373857044][T0x74a0a4d67740][TIMING] emit_host_span: [STRACE] v=1 pid=463306 tid=463306 inv=58 hid=f0c29cefd733b2d6 depth=2 name=chip.run.bind.prebuilt ts=182542373853328 dur=2694
[mono_ns=182542373859678][T0x74a0a4d67740][TIMING] emit_host_span: [STRACE] v=1 pid=463306 tid=463306 inv=58 hid=f0c29cefd733b2d6 depth=1 name=chip.run.bind ts=182542213601283 dur=160256942
[mono_ns=182542378498851][T0x74a0a4d67740][WARN] prepare_execution: [device_runner.cpp:343] AICPU CPU_TOPO unavailable; using json_fallback: soc=Ascend950PR_9579 occupy=0x3e stable_reachable=5 requested=0 effective=5 affinity=[1, 2, 3, 4, 5(orch)]
[mono_ns=182542380277370][T0x74a0a4d67740][TIMING] emit_host_span: [STRACE] v=1 pid=463306 tid=463306 inv=58 hid=f0c29cefd733b2d6 depth=1 name=chip.run.runner_run ts=182542378561965 dur=1713272
[mono_ns=182542380647876][T0x74a0a4d67740][TIMING] emit_host_span: [STRACE] v=1 pid=463306 tid=463306 inv=58 hid=f0c29cefd733b2d6 depth=1 name=chip.run.validate ts=182542380282968 dur=363967
[mono_ns=182542380649969][T0x74a0a4d67740][TIMING] emit_host_span: [STRACE] v=1 pid=463306 tid=463306 inv=58 hid=f0c29cefd733b2d6 depth=2 name=chip.run.runner_run.device_wall ts=0 dur=1536716 clk=dev
[mono_ns=182542380651822][T0x74a0a4d67740][TIMING] emit_host_span: [STRACE] v=1 pid=463306 tid=463306 inv=58 hid=f0c29cefd733b2d6 depth=3 name=chip.run.runner_run.device_wall.preamble ts=0 dur=16488 clk=dev
[mono_ns=182542380653605][T0x74a0a4d67740][TIMING] emit_host_span: [STRACE] v=1 pid=463306 tid=463306 inv=58 hid=f0c29cefd733b2d6 depth=3 name=chip.run.runner_run.device_wall.graph_build ts=5961 dur=1525995 clk=dev
[mono_ns=182542380655037][T0x74a0a4d67740][TIMING] emit_host_span: [STRACE] v=1 pid=463306 tid=463306 inv=58 hid=f0c29cefd733b2d6 depth=3 name=chip.run.runner_run.device_wall.config_validate ts=6647 dur=1508 clk=dev
[mono_ns=182542380656409][T0x74a0a4d67740][TIMING] emit_host_span: [STRACE] v=1 pid=463306 tid=463306 inv=58 hid=f0c29cefd733b2d6 depth=3 name=chip.run.runner_run.device_wall.arena_wire ts=8338 dur=4391 clk=dev
[mono_ns=182542380664151][T0x74a0a4d67740][TIMING] emit_host_span: [STRACE] v=1 pid=463306 tid=463306 inv=58 hid=f0c29cefd733b2d6 depth=3 name=chip.run.runner_run.device_wall.sm_reset ts=12834 dur=5476 clk=dev
[mono_ns=182542380665793][T0x74a0a4d67740][TIMING] emit_host_span: [STRACE] v=1 pid=463306 tid=463306 inv=58 hid=f0c29cefd733b2d6 depth=3 name=chip.run.runner_run.device_wall.post_orch ts=1531971 dur=3897 clk=dev
[mono_ns=182542380667295][T0x74a0a4d67740][TIMING] emit_host_span: [STRACE] v=1 pid=463306 tid=463306 inv=58 hid=f0c29cefd733b2d6 depth=3 name=chip.run.runner_run.device_wall.orch ts=18613 dur=1292582 clk=dev
[mono_ns=182542380668687][T0x74a0a4d67740][TIMING] emit_host_span: [STRACE] v=1 pid=463306 tid=463306 inv=58 hid=f0c29cefd733b2d6 depth=3 name=chip.run.runner_run.device_wall.sched ts=19078 dur=1499290 clk=dev
[mono_ns=182542380670650][T0x74a0a4d67740][TIMING] emit_host_span: [STRACE] v=1 pid=463306 tid=463306 inv=58 hid=f0c29cefd733b2d6 depth=1 name=chip.run.claim_release ts=182542380669619 dur=220
[mono_ns=182542380673214][T0x74a0a4d67740][TIMING] emit_host_span: [STRACE] v=1 pid=463306 tid=463306 inv=58 hid=f0c29cefd733b2d6 depth=0 name=chip.run ts=182542213595604 dur=167076448 run_id=0 dispatch_id=0 slot_id=0 generation=58 run_epoch=58
[mono_ns=182542537442462][T0x74a0a4d67740][TIMING] emit_host_span: [STRACE] v=1 pid=463306 tid=463306 inv=59 hid=f0c29cefd733b2d6 depth=2 name=chip.run.bind.args ts=182542381095097 dur=156338872
[mono_ns=182542537465917][T0x74a0a4d67740][TIMING] emit_host_span: [STRACE] v=1 pid=463306 tid=463306 inv=59 hid=f0c29cefd733b2d6 depth=2 name=chip.run.bind.prebuilt ts=182542537462292 dur=2564
[mono_ns=182542537468621][T0x74a0a4d67740][TIMING] emit_host_span: [STRACE] v=1 pid=463306 tid=463306 inv=59 hid=f0c29cefd733b2d6 depth=1 name=chip.run.bind ts=182542381089689 dur=156377640
[mono_ns=182542542095716][T0x74a0a4d67740][WARN] prepare_execution: [device_runner.cpp:343] AICPU CPU_TOPO unavailable; using json_fallback: soc=Ascend950PR_9579 occupy=0x3e stable_reachable=5 requested=0 effective=5 affinity=[1, 2, 3, 4, 5(orch)]
[mono_ns=182542543869719][T0x74a0a4d67740][TIMING] emit_host_span: [STRACE] v=1 pid=463306 tid=463306 inv=59 hid=f0c29cefd733b2d6 depth=1 name=chip.run.runner_run ts=182542542153723 dur=1714293
[mono_ns=182542544218502][T0x74a0a4d67740][TIMING] emit_host_span: [STRACE] v=1 pid=463306 tid=463306 inv=59 hid=f0c29cefd733b2d6 depth=1 name=chip.run.validate ts=182542543874075 dur=343466
[mono_ns=182542544221166][T0x74a0a4d67740][TIMING] emit_host_span: [STRACE] v=1 pid=463306 tid=463306 inv=59 hid=f0c29cefd733b2d6 depth=2 name=chip.run.runner_run.device_wall ts=0 dur=1531641 clk=dev
[mono_ns=182542544222729][T0x74a0a4d67740][TIMING] emit_host_span: [STRACE] v=1 pid=463306 tid=463306 inv=59 hid=f0c29cefd733b2d6 depth=3 name=chip.run.runner_run.device_wall.preamble ts=0 dur=13334 clk=dev
[mono_ns=182542544223901][T0x74a0a4d67740][TIMING] emit_host_span: [STRACE] v=1 pid=463306 tid=463306 inv=59 hid=f0c29cefd733b2d6 depth=3 name=chip.run.runner_run.device_wall.graph_build ts=3236 dur=1523980 clk=dev
[mono_ns=182542544224952][T0x74a0a4d67740][TIMING] emit_host_span: [STRACE] v=1 pid=463306 tid=463306 inv=59 hid=f0c29cefd733b2d6 depth=3 name=chip.run.runner_run.device_wall.config_validate ts=3882 dur=1282 clk=dev
[mono_ns=182542544225944][T0x74a0a4d67740][TIMING] emit_host_span: [STRACE] v=1 pid=463306 tid=463306 inv=59 hid=f0c29cefd733b2d6 depth=3 name=chip.run.runner_run.device_wall.arena_wire ts=5304 dur=3100 clk=dev
[mono_ns=182542544226915][T0x74a0a4d67740][TIMING] emit_host_span: [STRACE] v=1 pid=463306 tid=463306 inv=59 hid=f0c29cefd733b2d6 depth=3 name=chip.run.runner_run.device_wall.sm_reset ts=8432 dur=5045 clk=dev
[mono_ns=182542544228027][T0x74a0a4d67740][TIMING] emit_host_span: [STRACE] v=1 pid=463306 tid=463306 inv=59 hid=f0c29cefd733b2d6 depth=3 name=chip.run.runner_run.device_wall.post_orch ts=1527238 dur=3929 clk=dev
[mono_ns=182542544228998][T0x74a0a4d67740][TIMING] emit_host_span: [STRACE] v=1 pid=463306 tid=463306 inv=59 hid=f0c29cefd733b2d6 depth=3 name=chip.run.runner_run.device_wall.orch ts=13788 dur=1255465 clk=dev
[mono_ns=182542544243911][T0x74a0a4d67740][TIMING] emit_host_span: [STRACE] v=1 pid=463306 tid=463306 inv=59 hid=f0c29cefd733b2d6 depth=3 name=chip.run.runner_run.device_wall.sched ts=14248 dur=1500923 clk=dev
[mono_ns=182542544245503][T0x74a0a4d67740][TIMING] emit_host_span: [STRACE] v=1 pid=463306 tid=463306 inv=59 hid=f0c29cefd733b2d6 depth=1 name=chip.run.claim_release ts=182542544244572 dur=310
[mono_ns=182542544247286][T0x74a0a4d67740][TIMING] emit_host_span: [STRACE] v=1 pid=463306 tid=463306 inv=59 hid=f0c29cefd733b2d6 depth=0 name=chip.run ts=182542381085934 dur=163160610 run_id=0 dispatch_id=0 slot_id=0 generation=59 run_epoch=59
[mono_ns=182542689617214][T0x74a0a4d67740][TIMING] emit_host_span: [STRACE] v=1 pid=463306 tid=463306 inv=60 hid=f0c29cefd733b2d6 depth=2 name=chip.run.bind.args ts=182542544646124 dur=144965251
[mono_ns=182542689636623][T0x74a0a4d67740][TIMING] emit_host_span: [STRACE] v=1 pid=463306 tid=463306 inv=60 hid=f0c29cefd733b2d6 depth=2 name=chip.run.bind.prebuilt ts=182542689633589 dur=2263
[mono_ns=182542689638887][T0x74a0a4d67740][TIMING] emit_host_span: [STRACE] v=1 pid=463306 tid=463306 inv=60 hid=f0c29cefd733b2d6 depth=1 name=chip.run.bind ts=182542544640706 dur=144996999
[mono_ns=182542694241465][T0x74a0a4d67740][WARN] prepare_execution: [device_runner.cpp:343] AICPU CPU_TOPO unavailable; using json_fallback: soc=Ascend950PR_9579 occupy=0x3e stable_reachable=5 requested=0 effective=5 affinity=[1, 2, 3, 4, 5(orch)]
[mono_ns=182542696080605][T0x74a0a4d67740][TIMING] emit_host_span: [STRACE] v=1 pid=463306 tid=463306 inv=60 hid=f0c29cefd733b2d6 depth=1 name=chip.run.runner_run ts=182542694296748 dur=1782054
[mono_ns=182542696432133][T0x74a0a4d67740][TIMING] emit_host_span: [STRACE] v=1 pid=463306 tid=463306 inv=60 hid=f0c29cefd733b2d6 depth=1 name=chip.run.validate ts=182542696084972 dur=346299
[mono_ns=182542696434106][T0x74a0a4d67740][TIMING] emit_host_span: [STRACE] v=1 pid=463306 tid=463306 inv=60 hid=f0c29cefd733b2d6 depth=2 name=chip.run.runner_run.device_wall ts=0 dur=1606776 clk=dev
[mono_ns=182542696435678][T0x74a0a4d67740][TIMING] emit_host_span: [STRACE] v=1 pid=463306 tid=463306 inv=60 hid=f0c29cefd733b2d6 depth=3 name=chip.run.runner_run.device_wall.preamble ts=0 dur=14670 clk=dev
[mono_ns=182542696437010][T0x74a0a4d67740][TIMING] emit_host_span: [STRACE] v=1 pid=463306 tid=463306 inv=60 hid=f0c29cefd733b2d6 depth=3 name=chip.run.runner_run.device_wall.graph_build ts=4495 dur=1597890 clk=dev
[mono_ns=182542696438042][T0x74a0a4d67740][TIMING] emit_host_span: [STRACE] v=1 pid=463306 tid=463306 inv=60 hid=f0c29cefd733b2d6 depth=3 name=chip.run.runner_run.device_wall.config_validate ts=5080 dur=1417 clk=dev
[mono_ns=182542696439063][T0x74a0a4d67740][TIMING] emit_host_span: [STRACE] v=1 pid=463306 tid=463306 inv=60 hid=f0c29cefd733b2d6 depth=3 name=chip.run.runner_run.device_wall.arena_wire ts=6613 dur=4018 clk=dev
[mono_ns=182542696440085][T0x74a0a4d67740][TIMING] emit_host_span: [STRACE] v=1 pid=463306 tid=463306 inv=60 hid=f0c29cefd733b2d6 depth=3 name=chip.run.runner_run.device_wall.sm_reset ts=10712 dur=4443 clk=dev
[mono_ns=182542696441076][T0x74a0a4d67740][TIMING] emit_host_span: [STRACE] v=1 pid=463306 tid=463306 inv=60 hid=f0c29cefd733b2d6 depth=3 name=chip.run.runner_run.device_wall.post_orch ts=1602403 dur=4002 clk=dev
[mono_ns=182542696442048][T0x74a0a4d67740][TIMING] emit_host_span: [STRACE] v=1 pid=463306 tid=463306 inv=60 hid=f0c29cefd733b2d6 depth=3 name=chip.run.runner_run.device_wall.orch ts=15396 dur=1312033 clk=dev
[mono_ns=182542696443019][T0x74a0a4d67740][TIMING] emit_host_span: [STRACE] v=1 pid=463306 tid=463306 inv=60 hid=f0c29cefd733b2d6 depth=3 name=chip.run.runner_run.device_wall.sched ts=16103 dur=1571778 clk=dev
[mono_ns=182542696444441][T0x74a0a4d67740][TIMING] emit_host_span: [STRACE] v=1 pid=463306 tid=463306 inv=60 hid=f0c29cefd733b2d6 depth=1 name=chip.run.claim_release ts=182542696443540 dur=300
[mono_ns=182542696446024][T0x74a0a4d67740][TIMING] emit_host_span: [STRACE] v=1 pid=463306 tid=463306 inv=60 hid=f0c29cefd733b2d6 depth=0 name=chip.run ts=182542544635198 dur=151809944 run_id=0 dispatch_id=0 slot_id=0 generation=60 run_epoch=60
[mono_ns=182542850419555][T0x74a0a4d67740][TIMING] emit_host_span: [STRACE] v=1 pid=463306 tid=463306 inv=61 hid=f0c29cefd733b2d6 depth=2 name=chip.run.bind.args ts=182542696795688 dur=153614263
[mono_ns=182542850442099][T0x74a0a4d67740][TIMING] emit_host_span: [STRACE] v=1 pid=463306 tid=463306 inv=61 hid=f0c29cefd733b2d6 depth=2 name=chip.run.bind.prebuilt ts=182542850438995 dur=2313
[mono_ns=182542850445314][T0x74a0a4d67740][TIMING] emit_host_span: [STRACE] v=1 pid=463306 tid=463306 inv=61 hid=f0c29cefd733b2d6 depth=1 name=chip.run.bind ts=182542696790300 dur=153653532
[mono_ns=182542855038518][T0x74a0a4d67740][WARN] prepare_execution: [device_runner.cpp:343] AICPU CPU_TOPO unavailable; using json_fallback: soc=Ascend950PR_9579 occupy=0x3e stable_reachable=5 requested=0 effective=5 affinity=[1, 2, 3, 4, 5(orch)]
[mono_ns=182542856811670][T0x74a0a4d67740][TIMING] emit_host_span: [STRACE] v=1 pid=463306 tid=463306 inv=61 hid=f0c29cefd733b2d6 depth=1 name=chip.run.runner_run ts=182542855098889 dur=1711318
[mono_ns=182542857172782][T0x74a0a4d67740][TIMING] emit_host_span: [STRACE] v=1 pid=463306 tid=463306 inv=61 hid=f0c29cefd733b2d6 depth=1 name=chip.run.validate ts=182542856815445 dur=356475
[mono_ns=182542857175215][T0x74a0a4d67740][TIMING] emit_host_span: [STRACE] v=1 pid=463306 tid=463306 inv=61 hid=f0c29cefd733b2d6 depth=2 name=chip.run.runner_run.device_wall ts=0 dur=1530871 clk=dev
[mono_ns=182542857176657][T0x74a0a4d67740][TIMING] emit_host_span: [STRACE] v=1 pid=463306 tid=463306 inv=61 hid=f0c29cefd733b2d6 depth=3 name=chip.run.runner_run.device_wall.preamble ts=0 dur=13609 clk=dev
[mono_ns=182542857177849][T0x74a0a4d67740][TIMING] emit_host_span: [STRACE] v=1 pid=463306 tid=463306 inv=61 hid=f0c29cefd733b2d6 depth=3 name=chip.run.runner_run.device_wall.graph_build ts=3566 dur=1523013 clk=dev
[mono_ns=182542857178901][T0x74a0a4d67740][TIMING] emit_host_span: [STRACE] v=1 pid=463306 tid=463306 inv=61 hid=f0c29cefd733b2d6 depth=3 name=chip.run.runner_run.device_wall.config_validate ts=4279 dur=1283 clk=dev
[mono_ns=182542857179912][T0x74a0a4d67740][TIMING] emit_host_span: [STRACE] v=1 pid=463306 tid=463306 inv=61 hid=f0c29cefd733b2d6 depth=3 name=chip.run.runner_run.device_wall.arena_wire ts=5677 dur=3079 clk=dev
[mono_ns=182542857180894][T0x74a0a4d67740][TIMING] emit_host_span: [STRACE] v=1 pid=463306 tid=463306 inv=61 hid=f0c29cefd733b2d6 depth=3 name=chip.run.runner_run.device_wall.sm_reset ts=8874 dur=4781 clk=dev
[mono_ns=182542857181885][T0x74a0a4d67740][TIMING] emit_host_span: [STRACE] v=1 pid=463306 tid=463306 inv=61 hid=f0c29cefd733b2d6 depth=3 name=chip.run.runner_run.device_wall.post_orch ts=1526639 dur=4143 clk=dev
[mono_ns=182542857182877][T0x74a0a4d67740][TIMING] emit_host_span: [STRACE] v=1 pid=463306 tid=463306 inv=61 hid=f0c29cefd733b2d6 depth=3 name=chip.run.runner_run.device_wall.orch ts=13963 dur=1289864 clk=dev
[mono_ns=182542857183858][T0x74a0a4d67740][TIMING] emit_host_span: [STRACE] v=1 pid=463306 tid=463306 inv=61 hid=f0c29cefd733b2d6 depth=3 name=chip.run.runner_run.device_wall.sched ts=14450 dur=1499092 clk=dev
[mono_ns=182542857185070][T0x74a0a4d67740][TIMING] emit_host_span: [STRACE] v=1 pid=463306 tid=463306 inv=61 hid=f0c29cefd733b2d6 depth=1 name=chip.run.claim_release ts=182542857184409 dur=90
[mono_ns=182542857186963][T0x74a0a4d67740][TIMING] emit_host_span: [STRACE] v=1 pid=463306 tid=463306 inv=61 hid=f0c29cefd733b2d6 depth=0 name=chip.run ts=182542696786114 dur=160399907 run_id=0 dispatch_id=0 slot_id=0 generation=61 run_epoch=61
[mono_ns=182543008980913][T0x74a0a4d67740][TIMING] emit_host_span: [STRACE] v=1 pid=463306 tid=463306 inv=62 hid=f0c29cefd733b2d6 depth=2 name=chip.run.bind.args ts=182542857590058 dur=151383434
[mono_ns=182543008995766][T0x74a0a4d67740][TIMING] emit_host_span: [STRACE] v=1 pid=463306 tid=463306 inv=62 hid=f0c29cefd733b2d6 depth=2 name=chip.run.bind.prebuilt ts=182543008992701 dur=2233
[mono_ns=182543009008395][T0x74a0a4d67740][TIMING] emit_host_span: [STRACE] v=1 pid=463306 tid=463306 inv=62 hid=f0c29cefd733b2d6 depth=1 name=chip.run.bind ts=182542857585551 dur=151421071
[mono_ns=182543013696371][T0x74a0a4d67740][WARN] prepare_execution: [device_runner.cpp:343] AICPU CPU_TOPO unavailable; using json_fallback: soc=Ascend950PR_9579 occupy=0x3e stable_reachable=5 requested=0 effective=5 affinity=[1, 2, 3, 4, 5(orch)]
[mono_ns=182543015441861][T0x74a0a4d67740][TIMING] emit_host_span: [STRACE] v=1 pid=463306 tid=463306 inv=62 hid=f0c29cefd733b2d6 depth=1 name=chip.run.runner_run ts=182543013753867 dur=1686101
[mono_ns=182543015787600][T0x74a0a4d67740][TIMING] emit_host_span: [STRACE] v=1 pid=463306 tid=463306 inv=62 hid=f0c29cefd733b2d6 depth=1 name=chip.run.validate ts=182543015445276 dur=341392
[mono_ns=182543015789633][T0x74a0a4d67740][TIMING] emit_host_span: [STRACE] v=1 pid=463306 tid=463306 inv=62 hid=f0c29cefd733b2d6 depth=2 name=chip.run.runner_run.device_wall ts=0 dur=1504672 clk=dev
[mono_ns=182543015791055][T0x74a0a4d67740][TIMING] emit_host_span: [STRACE] v=1 pid=463306 tid=463306 inv=62 hid=f0c29cefd733b2d6 depth=3 name=chip.run.runner_run.device_wall.preamble ts=0 dur=13290 clk=dev
[mono_ns=182543015792227][T0x74a0a4d67740][TIMING] emit_host_span: [STRACE] v=1 pid=463306 tid=463306 inv=62 hid=f0c29cefd733b2d6 depth=3 name=chip.run.runner_run.device_wall.graph_build ts=3534 dur=1495320 clk=dev
[mono_ns=182543015793238][T0x74a0a4d67740][TIMING] emit_host_span: [STRACE] v=1 pid=463306 tid=463306 inv=62 hid=f0c29cefd733b2d6 depth=3 name=chip.run.runner_run.device_wall.config_validate ts=4242 dur=1734 clk=dev
[mono_ns=182543015794240][T0x74a0a4d67740][TIMING] emit_host_span: [STRACE] v=1 pid=463306 tid=463306 inv=62 hid=f0c29cefd733b2d6 depth=3 name=chip.run.runner_run.device_wall.arena_wire ts=6039 dur=3213 clk=dev
[mono_ns=182543015795211][T0x74a0a4d67740][TIMING] emit_host_span: [STRACE] v=1 pid=463306 tid=463306 inv=62 hid=f0c29cefd733b2d6 depth=3 name=chip.run.runner_run.device_wall.sm_reset ts=9320 dur=5096 clk=dev
[mono_ns=182543015796343][T0x74a0a4d67740][TIMING] emit_host_span: [STRACE] v=1 pid=463306 tid=463306 inv=62 hid=f0c29cefd733b2d6 depth=3 name=chip.run.runner_run.device_wall.post_orch ts=1498869 dur=5185 clk=dev
[mono_ns=182543015797334][T0x74a0a4d67740][TIMING] emit_host_span: [STRACE] v=1 pid=463306 tid=463306 inv=62 hid=f0c29cefd733b2d6 depth=3 name=chip.run.runner_run.device_wall.orch ts=14664 dur=1272568 clk=dev
[mono_ns=182543015798326][T0x74a0a4d67740][TIMING] emit_host_span: [STRACE] v=1 pid=463306 tid=463306 inv=62 hid=f0c29cefd733b2d6 depth=3 name=chip.run.runner_run.device_wall.sched ts=15085 dur=1471632 clk=dev
[mono_ns=182543015799888][T0x74a0a4d67740][TIMING] emit_host_span: [STRACE] v=1 pid=463306 tid=463306 inv=62 hid=f0c29cefd733b2d6 depth=1 name=chip.run.claim_release ts=182543015798887 dur=410
[mono_ns=182543015801691][T0x74a0a4d67740][TIMING] emit_host_span: [STRACE] v=1 pid=463306 tid=463306 inv=62 hid=f0c29cefd733b2d6 depth=0 name=chip.run ts=182542857580774 dur=158220146 run_id=0 dispatch_id=0 slot_id=0 generation=62 run_epoch=62
[mono_ns=182543166842841][T0x74a0a4d67740][TIMING] emit_host_span: [STRACE] v=1 pid=463306 tid=463306 inv=63 hid=f0c29cefd733b2d6 depth=2 name=chip.run.bind.args ts=182543016179888 dur=150652418
[mono_ns=182543166872185][T0x74a0a4d67740][TIMING] emit_host_span: [STRACE] v=1 pid=463306 tid=463306 inv=63 hid=f0c29cefd733b2d6 depth=2 name=chip.run.bind.prebuilt ts=182543166868219 dur=2835
[mono_ns=182543166875570][T0x74a0a4d67740][TIMING] emit_host_span: [STRACE] v=1 pid=463306 tid=463306 inv=63 hid=f0c29cefd733b2d6 depth=1 name=chip.run.bind ts=182543016174971 dur=150699077
[mono_ns=182543171553261][T0x74a0a4d67740][WARN] prepare_execution: [device_runner.cpp:343] AICPU CPU_TOPO unavailable; using json_fallback: soc=Ascend950PR_9579 occupy=0x3e stable_reachable=5 requested=0 effective=5 affinity=[1, 2, 3, 4, 5(orch)]
[mono_ns=182543173315857][T0x74a0a4d67740][TIMING] emit_host_span: [STRACE] v=1 pid=463306 tid=463306 inv=63 hid=f0c29cefd733b2d6 depth=1 name=chip.run.runner_run ts=182543171612811 dur=1701824
[mono_ns=182543173968486][T0x74a0a4d67740][TIMING] emit_host_span: [STRACE] v=1 pid=463306 tid=463306 inv=63 hid=f0c29cefd733b2d6 depth=1 name=chip.run.validate ts=182543173324930 dur=625209
[mono_ns=182543173989017][T0x74a0a4d67740][TIMING] emit_host_span: [STRACE] v=1 pid=463306 tid=463306 inv=63 hid=f0c29cefd733b2d6 depth=2 name=chip.run.runner_run.device_wall ts=0 dur=1510578 clk=dev
[mono_ns=182543173995116][T0x74a0a4d67740][TIMING] emit_host_span: [STRACE] v=1 pid=463306 tid=463306 inv=63 hid=f0c29cefd733b2d6 depth=3 name=chip.run.runner_run.device_wall.preamble ts=0 dur=12578 clk=dev
[mono_ns=182543173999633][T0x74a0a4d67740][TIMING] emit_host_span: [STRACE] v=1 pid=463306 tid=463306 inv=63 hid=f0c29cefd733b2d6 depth=3 name=chip.run.runner_run.device_wall.graph_build ts=3078 dur=1503381 clk=dev
[mono_ns=182543174018041][T0x74a0a4d67740][TIMING] emit_host_span: [STRACE] v=1 pid=463306 tid=463306 inv=63 hid=f0c29cefd733b2d6 depth=3 name=chip.run.runner_run.device_wall.config_validate ts=3744 dur=1669 clk=dev
[mono_ns=182543174021526][T0x74a0a4d67740][TIMING] emit_host_span: [STRACE] v=1 pid=463306 tid=463306 inv=63 hid=f0c29cefd733b2d6 depth=3 name=chip.run.runner_run.device_wall.arena_wire ts=5434 dur=4791 clk=dev
[mono_ns=182543174025201][T0x74a0a4d67740][TIMING] emit_host_span: [STRACE] v=1 pid=463306 tid=463306 inv=63 hid=f0c29cefd733b2d6 depth=3 name=chip.run.runner_run.device_wall.sm_reset ts=10293 dur=5242 clk=dev
[mono_ns=182543174028947][T0x74a0a4d67740][TIMING] emit_host_span: [STRACE] v=1 pid=463306 tid=463306 inv=63 hid=f0c29cefd733b2d6 depth=3 name=chip.run.runner_run.device_wall.post_orch ts=1506482 dur=4038 clk=dev
[mono_ns=182543174032282][T0x74a0a4d67740][TIMING] emit_host_span: [STRACE] v=1 pid=463306 tid=463306 inv=63 hid=f0c29cefd733b2d6 depth=3 name=chip.run.runner_run.device_wall.orch ts=15957 dur=1302626 clk=dev
[mono_ns=182543174035527][T0x74a0a4d67740][TIMING] emit_host_span: [STRACE] v=1 pid=463306 tid=463306 inv=63 hid=f0c29cefd733b2d6 depth=3 name=chip.run.runner_run.device_wall.sched ts=16350 dur=1476051 clk=dev
[mono_ns=182543174042227][T0x74a0a4d67740][TIMING] emit_host_span: [STRACE] v=1 pid=463306 tid=463306 inv=63 hid=f0c29cefd733b2d6 depth=1 name=chip.run.claim_release ts=182543174039082 dur=1032
[mono_ns=182543174048887][T0x74a0a4d67740][TIMING] emit_host_span: [STRACE] v=1 pid=463306 tid=463306 inv=63 hid=f0c29cefd733b2d6 depth=0 name=chip.run ts=182543016170064 dur=157876189 run_id=0 dispatch_id=0 slot_id=0 generation=63 run_epoch=63
[mono_ns=182543345900412][T0x74a0a4d67740][TIMING] emit_host_span: [STRACE] v=1 pid=463306 tid=463306 inv=64 hid=f0c29cefd733b2d6 depth=2 name=chip.run.bind.args ts=182543174701897 dur=171190453
[mono_ns=182543345921494][T0x74a0a4d67740][TIMING] emit_host_span: [STRACE] v=1 pid=463306 tid=463306 inv=64 hid=f0c29cefd733b2d6 depth=2 name=chip.run.bind.prebuilt ts=182543345918059 dur=2614
[mono_ns=182543345924068][T0x74a0a4d67740][TIMING] emit_host_span: [STRACE] v=1 pid=463306 tid=463306 inv=64 hid=f0c29cefd733b2d6 depth=1 name=chip.run.bind ts=182543174688457 dur=171234409
[mono_ns=182543350581058][T0x74a0a4d67740][WARN] prepare_execution: [device_runner.cpp:343] AICPU CPU_TOPO unavailable; using json_fallback: soc=Ascend950PR_9579 occupy=0x3e stable_reachable=5 requested=0 effective=5 affinity=[1, 2, 3, 4, 5(orch)]
[mono_ns=182543352358145][T0x74a0a4d67740][TIMING] emit_host_span: [STRACE] v=1 pid=463306 tid=463306 inv=64 hid=f0c29cefd733b2d6 depth=1 name=chip.run.runner_run ts=182543350643501 dur=1713222
[mono_ns=182543352718396][T0x74a0a4d67740][TIMING] emit_host_span: [STRACE] v=1 pid=463306 tid=463306 inv=64 hid=f0c29cefd733b2d6 depth=1 name=chip.run.validate ts=182543352361921 dur=355573
[mono_ns=182543352720429][T0x74a0a4d67740][TIMING] emit_host_span: [STRACE] v=1 pid=463306 tid=463306 inv=64 hid=f0c29cefd733b2d6 depth=2 name=chip.run.runner_run.device_wall ts=0 dur=1520993 clk=dev
[mono_ns=182543352722031][T0x74a0a4d67740][TIMING] emit_host_span: [STRACE] v=1 pid=463306 tid=463306 inv=64 hid=f0c29cefd733b2d6 depth=3 name=chip.run.runner_run.device_wall.preamble ts=0 dur=14707 clk=dev
[mono_ns=182543352728681][T0x74a0a4d67740][TIMING] emit_host_span: [STRACE] v=1 pid=463306 tid=463306 inv=64 hid=f0c29cefd733b2d6 depth=3 name=chip.run.runner_run.device_wall.graph_build ts=3636 dur=1514045 clk=dev
[mono_ns=182543352729763][T0x74a0a4d67740][TIMING] emit_host_span: [STRACE] v=1 pid=463306 tid=463306 inv=64 hid=f0c29cefd733b2d6 depth=3 name=chip.run.runner_run.device_wall.config_validate ts=4205 dur=1818 clk=dev
[mono_ns=182543352730764][T0x74a0a4d67740][TIMING] emit_host_span: [STRACE] v=1 pid=463306 tid=463306 inv=64 hid=f0c29cefd733b2d6 depth=3 name=chip.run.runner_run.device_wall.arena_wire ts=6082 dur=3017 clk=dev
[mono_ns=182543352731746][T0x74a0a4d67740][TIMING] emit_host_span: [STRACE] v=1 pid=463306 tid=463306 inv=64 hid=f0c29cefd733b2d6 depth=3 name=chip.run.runner_run.device_wall.sm_reset ts=9159 dur=5412 clk=dev
[mono_ns=182543352732807][T0x74a0a4d67740][TIMING] emit_host_span: [STRACE] v=1 pid=463306 tid=463306 inv=64 hid=f0c29cefd733b2d6 depth=3 name=chip.run.runner_run.device_wall.post_orch ts=1517701 dur=3204 clk=dev
[mono_ns=182543352733919][T0x74a0a4d67740][TIMING] emit_host_span: [STRACE] v=1 pid=463306 tid=463306 inv=64 hid=f0c29cefd733b2d6 depth=3 name=chip.run.runner_run.device_wall.orch ts=14960 dur=1282807 clk=dev
[mono_ns=182543352734940][T0x74a0a4d67740][TIMING] emit_host_span: [STRACE] v=1 pid=463306 tid=463306 inv=64 hid=f0c29cefd733b2d6 depth=3 name=chip.run.runner_run.device_wall.sched ts=15543 dur=1489108 clk=dev
[mono_ns=182543352736342][T0x74a0a4d67740][TIMING] emit_host_span: [STRACE] v=1 pid=463306 tid=463306 inv=64 hid=f0c29cefd733b2d6 depth=1 name=chip.run.claim_release ts=182543352735561 dur=201
[mono_ns=182543352737965][T0x74a0a4d67740][TIMING] emit_host_span: [STRACE] v=1 pid=463306 tid=463306 inv=64 hid=f0c29cefd733b2d6 depth=0 name=chip.run ts=182543174647526 dur=178089718 run_id=0 dispatch_id=0 slot_id=0 generation=64 run_epoch=64
[mono_ns=182543493549952][T0x74a0a4d67740][TIMING] emit_host_span: [STRACE] v=1 pid=463306 tid=463306 inv=65 hid=f0c29cefd733b2d6 depth=2 name=chip.run.bind.args ts=182543353263243 dur=140275583
[mono_ns=182543493575240][T0x74a0a4d67740][TIMING] emit_host_span: [STRACE] v=1 pid=463306 tid=463306 inv=65 hid=f0c29cefd733b2d6 depth=2 name=chip.run.bind.prebuilt ts=182543493571575 dur=2514
[mono_ns=182543493578115][T0x74a0a4d67740][TIMING] emit_host_span: [STRACE] v=1 pid=463306 tid=463306 inv=65 hid=f0c29cefd733b2d6 depth=1 name=chip.run.bind ts=182543353258837 dur=140318036
[mono_ns=182543498274103][T0x74a0a4d67740][WARN] prepare_execution: [device_runner.cpp:343] AICPU CPU_TOPO unavailable; using json_fallback: soc=Ascend950PR_9579 occupy=0x3e stable_reachable=5 requested=0 effective=5 affinity=[1, 2, 3, 4, 5(orch)]
[mono_ns=182543500041536][T0x74a0a4d67740][TIMING] emit_host_span: [STRACE] v=1 pid=463306 tid=463306 inv=65 hid=f0c29cefd733b2d6 depth=1 name=chip.run.runner_run ts=182543498322035 dur=1717287
[mono_ns=182543500402998][T0x74a0a4d67740][TIMING] emit_host_span: [STRACE] v=1 pid=463306 tid=463306 inv=65 hid=f0c29cefd733b2d6 depth=1 name=chip.run.validate ts=182543500046103 dur=355934
[mono_ns=182543500405292][T0x74a0a4d67740][TIMING] emit_host_span: [STRACE] v=1 pid=463306 tid=463306 inv=65 hid=f0c29cefd733b2d6 depth=2 name=chip.run.runner_run.device_wall ts=0 dur=1527452 clk=dev
[mono_ns=182543500406934][T0x74a0a4d67740][TIMING] emit_host_span: [STRACE] v=1 pid=463306 tid=463306 inv=65 hid=f0c29cefd733b2d6 depth=3 name=chip.run.runner_run.device_wall.preamble ts=0 dur=15324 clk=dev
[mono_ns=182543500408356][T0x74a0a4d67740][TIMING] emit_host_span: [STRACE] v=1 pid=463306 tid=463306 inv=65 hid=f0c29cefd733b2d6 depth=3 name=chip.run.runner_run.device_wall.graph_build ts=5153 dur=1517373 clk=dev
[mono_ns=182543500409368][T0x74a0a4d67740][TIMING] emit_host_span: [STRACE] v=1 pid=463306 tid=463306 inv=65 hid=f0c29cefd733b2d6 depth=3 name=chip.run.runner_run.device_wall.config_validate ts=5847 dur=1066 clk=dev
[mono_ns=182543500415197][T0x74a0a4d67740][TIMING] emit_host_span: [STRACE] v=1 pid=463306 tid=463306 inv=65 hid=f0c29cefd733b2d6 depth=3 name=chip.run.runner_run.device_wall.arena_wire ts=6995 dur=4897 clk=dev
[mono_ns=182543500416248][T0x74a0a4d67740][TIMING] emit_host_span: [STRACE] v=1 pid=463306 tid=463306 inv=65 hid=f0c29cefd733b2d6 depth=3 name=chip.run.runner_run.device_wall.sm_reset ts=11988 dur=5465 clk=dev
[mono_ns=182543500417250][T0x74a0a4d67740][TIMING] emit_host_span: [STRACE] v=1 pid=463306 tid=463306 inv=65 hid=f0c29cefd733b2d6 depth=3 name=chip.run.runner_run.device_wall.post_orch ts=1522541 dur=4411 clk=dev
[mono_ns=182543500418231][T0x74a0a4d67740][TIMING] emit_host_span: [STRACE] v=1 pid=463306 tid=463306 inv=65 hid=f0c29cefd733b2d6 depth=3 name=chip.run.runner_run.device_wall.orch ts=17482 dur=1267763 clk=dev
[mono_ns=182543500419203][T0x74a0a4d67740][TIMING] emit_host_span: [STRACE] v=1 pid=463306 tid=463306 inv=65 hid=f0c29cefd733b2d6 depth=3 name=chip.run.runner_run.device_wall.sched ts=18417 dur=1492345 clk=dev
[mono_ns=182543500420795][T0x74a0a4d67740][TIMING] emit_host_span: [STRACE] v=1 pid=463306 tid=463306 inv=65 hid=f0c29cefd733b2d6 depth=1 name=chip.run.claim_release ts=182543500419864 dur=310
[mono_ns=182543500422608][T0x74a0a4d67740][TIMING] emit_host_span: [STRACE] v=1 pid=463306 tid=463306 inv=65 hid=f0c29cefd733b2d6 depth=0 name=chip.run ts=182543353253849 dur=147167927 run_id=0 dispatch_id=0 slot_id=0 generation=65 run_epoch=65
[mono_ns=182543643452724][T0x74a0a4d67740][TIMING] emit_host_span: [STRACE] v=1 pid=463306 tid=463306 inv=66 hid=f0c29cefd733b2d6 depth=2 name=chip.run.bind.args ts=182543500889188 dur=142557237
[mono_ns=182543643468428][T0x74a0a4d67740][TIMING] emit_host_span: [STRACE] v=1 pid=463306 tid=463306 inv=66 hid=f0c29cefd733b2d6 depth=2 name=chip.run.bind.prebuilt ts=182543643465564 dur=2073
[mono_ns=182543643471012][T0x74a0a4d67740][TIMING] emit_host_span: [STRACE] v=1 pid=463306 tid=463306 inv=66 hid=f0c29cefd733b2d6 depth=1 name=chip.run.bind ts=182543500883229 dur=142586461
[mono_ns=182543648064096][T0x74a0a4d67740][WARN] prepare_execution: [device_runner.cpp:343] AICPU CPU_TOPO unavailable; using json_fallback: soc=Ascend950PR_9579 occupy=0x3e stable_reachable=5 requested=0 effective=5 affinity=[1, 2, 3, 4, 5(orch)]
[mono_ns=182543649862224][T0x74a0a4d67740][TIMING] emit_host_span: [STRACE] v=1 pid=463306 tid=463306 inv=66 hid=f0c29cefd733b2d6 depth=1 name=chip.run.runner_run ts=182543648103505 dur=1757307
[mono_ns=182543650217317][T0x74a0a4d67740][TIMING] emit_host_span: [STRACE] v=1 pid=463306 tid=463306 inv=66 hid=f0c29cefd733b2d6 depth=1 name=chip.run.validate ts=182543649865870 dur=350576
[mono_ns=182543650219921][T0x74a0a4d67740][TIMING] emit_host_span: [STRACE] v=1 pid=463306 tid=463306 inv=66 hid=f0c29cefd733b2d6 depth=2 name=chip.run.runner_run.device_wall ts=0 dur=1598599 clk=dev
[mono_ns=182543650221554][T0x74a0a4d67740][TIMING] emit_host_span: [STRACE] v=1 pid=463306 tid=463306 inv=66 hid=f0c29cefd733b2d6 depth=3 name=chip.run.runner_run.device_wall.preamble ts=0 dur=12306 clk=dev
[mono_ns=182543650222846][T0x74a0a4d67740][TIMING] emit_host_span: [STRACE] v=1 pid=463306 tid=463306 inv=66 hid=f0c29cefd733b2d6 depth=3 name=chip.run.runner_run.device_wall.graph_build ts=1823 dur=1593029 clk=dev
[mono_ns=182543650223897][T0x74a0a4d67740][TIMING] emit_host_span: [STRACE] v=1 pid=463306 tid=463306 inv=66 hid=f0c29cefd733b2d6 depth=3 name=chip.run.runner_run.device_wall.config_validate ts=2435 dur=1573 clk=dev
[mono_ns=182543650224869][T0x74a0a4d67740][TIMING] emit_host_span: [STRACE] v=1 pid=463306 tid=463306 inv=66 hid=f0c29cefd733b2d6 depth=3 name=chip.run.runner_run.device_wall.arena_wire ts=4077 dur=4358 clk=dev
[mono_ns=182543650225850][T0x74a0a4d67740][TIMING] emit_host_span: [STRACE] v=1 pid=463306 tid=463306 inv=66 hid=f0c29cefd733b2d6 depth=3 name=chip.run.runner_run.device_wall.sm_reset ts=8498 dur=5033 clk=dev
[mono_ns=182543650226862][T0x74a0a4d67740][TIMING] emit_host_span: [STRACE] v=1 pid=463306 tid=463306 inv=66 hid=f0c29cefd733b2d6 depth=3 name=chip.run.runner_run.device_wall.post_orch ts=1594869 dur=3255 clk=dev
[mono_ns=182543650232410][T0x74a0a4d67740][TIMING] emit_host_span: [STRACE] v=1 pid=463306 tid=463306 inv=66 hid=f0c29cefd733b2d6 depth=3 name=chip.run.runner_run.device_wall.orch ts=13825 dur=1326127 clk=dev
[mono_ns=182543650233452][T0x74a0a4d67740][TIMING] emit_host_span: [STRACE] v=1 pid=463306 tid=463306 inv=66 hid=f0c29cefd733b2d6 depth=3 name=chip.run.runner_run.device_wall.sched ts=14399 dur=1568836 clk=dev
[mono_ns=182543650235074][T0x74a0a4d67740][TIMING] emit_host_span: [STRACE] v=1 pid=463306 tid=463306 inv=66 hid=f0c29cefd733b2d6 depth=1 name=chip.run.claim_release ts=182543650234373 dur=110
[mono_ns=182543650237047][T0x74a0a4d67740][TIMING] emit_host_span: [STRACE] v=1 pid=463306 tid=463306 inv=66 hid=f0c29cefd733b2d6 depth=0 name=chip.run ts=182543500876559 dur=149359396 run_id=0 dispatch_id=0 slot_id=0 generation=66 run_epoch=66
[mono_ns=182543795659905][T0x74a0a4d67740][TIMING] emit_host_span: [STRACE] v=1 pid=463306 tid=463306 inv=67 hid=f0c29cefd733b2d6 depth=2 name=chip.run.bind.args ts=182543650631179 dur=145020634
[mono_ns=182543795678934][T0x74a0a4d67740][TIMING] emit_host_span: [STRACE] v=1 pid=463306 tid=463306 inv=67 hid=f0c29cefd733b2d6 depth=2 name=chip.run.bind.prebuilt ts=182543795675659 dur=2423
[mono_ns=182543795681858][T0x74a0a4d67740][TIMING] emit_host_span: [STRACE] v=1 pid=463306 tid=463306 inv=67 hid=f0c29cefd733b2d6 depth=1 name=chip.run.bind ts=182543650626251 dur=145054155
[mono_ns=182543800297125][T0x74a0a4d67740][WARN] prepare_execution: [device_runner.cpp:343] AICPU CPU_TOPO unavailable; using json_fallback: soc=Ascend950PR_9579 occupy=0x3e stable_reachable=5 requested=0 effective=5 affinity=[1, 2, 3, 4, 5(orch)]
[mono_ns=182543802098519][T0x74a0a4d67740][TIMING] emit_host_span: [STRACE] v=1 pid=463306 tid=463306 inv=67 hid=f0c29cefd733b2d6 depth=1 name=chip.run.runner_run ts=182543800342173 dur=1754934
[mono_ns=182543802435725][T0x74a0a4d67740][TIMING] emit_host_span: [STRACE] v=1 pid=463306 tid=463306 inv=67 hid=f0c29cefd733b2d6 depth=1 name=chip.run.validate ts=182543802102555 dur=332229
[mono_ns=182543802437698][T0x74a0a4d67740][TIMING] emit_host_span: [STRACE] v=1 pid=463306 tid=463306 inv=67 hid=f0c29cefd733b2d6 depth=2 name=chip.run.runner_run.device_wall ts=0 dur=1586887 clk=dev
[mono_ns=182543802439290][T0x74a0a4d67740][TIMING] emit_host_span: [STRACE] v=1 pid=463306 tid=463306 inv=67 hid=f0c29cefd733b2d6 depth=3 name=chip.run.runner_run.device_wall.preamble ts=0 dur=15222 clk=dev
[mono_ns=182543802440382][T0x74a0a4d67740][TIMING] emit_host_span: [STRACE] v=1 pid=463306 tid=463306 inv=67 hid=f0c29cefd733b2d6 depth=3 name=chip.run.runner_run.device_wall.graph_build ts=5076 dur=1577312 clk=dev
[mono_ns=182543802441414][T0x74a0a4d67740][TIMING] emit_host_span: [STRACE] v=1 pid=463306 tid=463306 inv=67 hid=f0c29cefd733b2d6 depth=3 name=chip.run.runner_run.device_wall.config_validate ts=5677 dur=1193 clk=dev
[mono_ns=182543802442425][T0x74a0a4d67740][TIMING] emit_host_span: [STRACE] v=1 pid=463306 tid=463306 inv=67 hid=f0c29cefd733b2d6 depth=3 name=chip.run.runner_run.device_wall.arena_wire ts=7060 dur=3324 clk=dev
[mono_ns=182543802443457][T0x74a0a4d67740][TIMING] emit_host_span: [STRACE] v=1 pid=463306 tid=463306 inv=67 hid=f0c29cefd733b2d6 depth=3 name=chip.run.runner_run.device_wall.sm_reset ts=10718 dur=5734 clk=dev
[mono_ns=182543802444578][T0x74a0a4d67740][TIMING] emit_host_span: [STRACE] v=1 pid=463306 tid=463306 inv=67 hid=f0c29cefd733b2d6 depth=3 name=chip.run.runner_run.device_wall.post_orch ts=1582404 dur=4084 clk=dev
[mono_ns=182543802445560][T0x74a0a4d67740][TIMING] emit_host_span: [STRACE] v=1 pid=463306 tid=463306 inv=67 hid=f0c29cefd733b2d6 depth=3 name=chip.run.runner_run.device_wall.orch ts=16721 dur=1265760 clk=dev
[mono_ns=182543802446551][T0x74a0a4d67740][TIMING] emit_host_span: [STRACE] v=1 pid=463306 tid=463306 inv=67 hid=f0c29cefd733b2d6 depth=3 name=chip.run.runner_run.device_wall.sched ts=17438 dur=1549233 clk=dev
[mono_ns=182543802453512][T0x74a0a4d67740][TIMING] emit_host_span: [STRACE] v=1 pid=463306 tid=463306 inv=67 hid=f0c29cefd733b2d6 depth=1 name=chip.run.claim_release ts=182543802452680 dur=221
[mono_ns=182543802455114][T0x74a0a4d67740][TIMING] emit_host_span: [STRACE] v=1 pid=463306 tid=463306 inv=67 hid=f0c29cefd733b2d6 depth=0 name=chip.run ts=182543650620913 dur=151833520 run_id=0 dispatch_id=0 slot_id=0 generation=67 run_epoch=67
[mono_ns=182543944608315][T0x74a0a4d67740][TIMING] emit_host_span: [STRACE] v=1 pid=463306 tid=463306 inv=68 hid=f0c29cefd733b2d6 depth=2 name=chip.run.bind.args ts=182543802836717 dur=141763976
[mono_ns=182543944627183][T0x74a0a4d67740][TIMING] emit_host_span: [STRACE] v=1 pid=463306 tid=463306 inv=68 hid=f0c29cefd733b2d6 depth=2 name=chip.run.bind.prebuilt ts=182543944623828 dur=2534
[mono_ns=182543944629677][T0x74a0a4d67740][TIMING] emit_host_span: [STRACE] v=1 pid=463306 tid=463306 inv=68 hid=f0c29cefd733b2d6 depth=1 name=chip.run.bind ts=182543802832200 dur=141796014
[mono_ns=182543949251704][T0x74a0a4d67740][WARN] prepare_execution: [device_runner.cpp:343] AICPU CPU_TOPO unavailable; using json_fallback: soc=Ascend950PR_9579 occupy=0x3e stable_reachable=5 requested=0 effective=5 affinity=[1, 2, 3, 4, 5(orch)]
[mono_ns=182543950988250][T0x74a0a4d67740][TIMING] emit_host_span: [STRACE] v=1 pid=463306 tid=463306 inv=68 hid=f0c29cefd733b2d6 depth=1 name=chip.run.runner_run ts=182543949293066 dur=1693983
[mono_ns=182543951328321][T0x74a0a4d67740][TIMING] emit_host_span: [STRACE] v=1 pid=463306 tid=463306 inv=68 hid=f0c29cefd733b2d6 depth=1 name=chip.run.validate ts=182543950992056 dur=335393
[mono_ns=182543951331215][T0x74a0a4d67740][TIMING] emit_host_span: [STRACE] v=1 pid=463306 tid=463306 inv=68 hid=f0c29cefd733b2d6 depth=2 name=chip.run.runner_run.device_wall ts=0 dur=1533033 clk=dev
[mono_ns=182543951332797][T0x74a0a4d67740][TIMING] emit_host_span: [STRACE] v=1 pid=463306 tid=463306 inv=68 hid=f0c29cefd733b2d6 depth=3 name=chip.run.runner_run.device_wall.preamble ts=0 dur=15495 clk=dev
[mono_ns=182543951333899][T0x74a0a4d67740][TIMING] emit_host_span: [STRACE] v=1 pid=463306 tid=463306 inv=68 hid=f0c29cefd733b2d6 depth=3 name=chip.run.runner_run.device_wall.graph_build ts=5817 dur=1522050 clk=dev
[mono_ns=182543951334901][T0x74a0a4d67740][TIMING] emit_host_span: [STRACE] v=1 pid=463306 tid=463306 inv=68 hid=f0c29cefd733b2d6 depth=3 name=chip.run.runner_run.device_wall.config_validate ts=6367 dur=1394 clk=dev
[mono_ns=182543951335892][T0x74a0a4d67740][TIMING] emit_host_span: [STRACE] v=1 pid=463306 tid=463306 inv=68 hid=f0c29cefd733b2d6 depth=3 name=chip.run.runner_run.device_wall.arena_wire ts=7822 dur=2860 clk=dev
[mono_ns=182543951336914][T0x74a0a4d67740][TIMING] emit_host_span: [STRACE] v=1 pid=463306 tid=463306 inv=68 hid=f0c29cefd733b2d6 depth=3 name=chip.run.runner_run.device_wall.sm_reset ts=10821 dur=4617 clk=dev
[mono_ns=182543951337935][T0x74a0a4d67740][TIMING] emit_host_span: [STRACE] v=1 pid=463306 tid=463306 inv=68 hid=f0c29cefd733b2d6 depth=3 name=chip.run.runner_run.device_wall.post_orch ts=1527937 dur=4436 clk=dev
[mono_ns=182543951338957][T0x74a0a4d67740][TIMING] emit_host_span: [STRACE] v=1 pid=463306 tid=463306 inv=68 hid=f0c29cefd733b2d6 depth=3 name=chip.run.runner_run.device_wall.orch ts=15742 dur=1288148 clk=dev
[mono_ns=182543951339938][T0x74a0a4d67740][TIMING] emit_host_span: [STRACE] v=1 pid=463306 tid=463306 inv=68 hid=f0c29cefd733b2d6 depth=3 name=chip.run.runner_run.device_wall.sched ts=16274 dur=1498830 clk=dev
[mono_ns=182543951341360][T0x74a0a4d67740][TIMING] emit_host_span: [STRACE] v=1 pid=463306 tid=463306 inv=68 hid=f0c29cefd733b2d6 depth=1 name=chip.run.claim_release ts=182543951340569 dur=200
[mono_ns=182543951343233][T0x74a0a4d67740][TIMING] emit_host_span: [STRACE] v=1 pid=463306 tid=463306 inv=68 hid=f0c29cefd733b2d6 depth=0 name=chip.run ts=182543802827503 dur=148514739 run_id=0 dispatch_id=0 slot_id=0 generation=68 run_epoch=68
[mono_ns=182544096576887][T0x74a0a4d67740][TIMING] emit_host_span: [STRACE] v=1 pid=463306 tid=463306 inv=69 hid=f0c29cefd733b2d6 depth=2 name=chip.run.bind.args ts=182543951710504 dur=144861215
[mono_ns=182544096599681][T0x74a0a4d67740][TIMING] emit_host_span: [STRACE] v=1 pid=463306 tid=463306 inv=69 hid=f0c29cefd733b2d6 depth=2 name=chip.run.bind.prebuilt ts=182544096596487 dur=2423
[mono_ns=182544096602285][T0x74a0a4d67740][TIMING] emit_host_span: [STRACE] v=1 pid=463306 tid=463306 inv=69 hid=f0c29cefd733b2d6 depth=1 name=chip.run.bind ts=182543951706028 dur=144894995
[mono_ns=182544101201829][T0x74a0a4d67740][WARN] prepare_execution: [device_runner.cpp:343] AICPU CPU_TOPO unavailable; using json_fallback: soc=Ascend950PR_9579 occupy=0x3e stable_reachable=5 requested=0 effective=5 affinity=[1, 2, 3, 4, 5(orch)]
[mono_ns=182544102941911][T0x74a0a4d67740][TIMING] emit_host_span: [STRACE] v=1 pid=463306 tid=463306 inv=69 hid=f0c29cefd733b2d6 depth=1 name=chip.run.runner_run ts=182544101251864 dur=1688334
[mono_ns=182544103293368][T0x74a0a4d67740][TIMING] emit_host_span: [STRACE] v=1 pid=463306 tid=463306 inv=69 hid=f0c29cefd733b2d6 depth=1 name=chip.run.validate ts=182544102945806 dur=346621
[mono_ns=182544103295551][T0x74a0a4d67740][TIMING] emit_host_span: [STRACE] v=1 pid=463306 tid=463306 inv=69 hid=f0c29cefd733b2d6 depth=2 name=chip.run.runner_run.device_wall ts=0 dur=1532318 clk=dev
[mono_ns=182544103297244][T0x74a0a4d67740][TIMING] emit_host_span: [STRACE] v=1 pid=463306 tid=463306 inv=69 hid=f0c29cefd733b2d6 depth=3 name=chip.run.runner_run.device_wall.preamble ts=0 dur=13276 clk=dev
[mono_ns=182544103298295][T0x74a0a4d67740][TIMING] emit_host_span: [STRACE] v=1 pid=463306 tid=463306 inv=69 hid=f0c29cefd733b2d6 depth=3 name=chip.run.runner_run.device_wall.graph_build ts=2905 dur=1524544 clk=dev
[mono_ns=182544103299287][T0x74a0a4d67740][TIMING] emit_host_span: [STRACE] v=1 pid=463306 tid=463306 inv=69 hid=f0c29cefd733b2d6 depth=3 name=chip.run.runner_run.device_wall.config_validate ts=3529 dur=1192 clk=dev
[mono_ns=182544103300278][T0x74a0a4d67740][TIMING] emit_host_span: [STRACE] v=1 pid=463306 tid=463306 inv=69 hid=f0c29cefd733b2d6 depth=3 name=chip.run.runner_run.device_wall.arena_wire ts=4817 dur=4151 clk=dev
[mono_ns=182544103301240][T0x74a0a4d67740][TIMING] emit_host_span: [STRACE] v=1 pid=463306 tid=463306 inv=69 hid=f0c29cefd733b2d6 depth=3 name=chip.run.runner_run.device_wall.sm_reset ts=9026 dur=5173 clk=dev
[mono_ns=182544103302251][T0x74a0a4d67740][TIMING] emit_host_span: [STRACE] v=1 pid=463306 tid=463306 inv=69 hid=f0c29cefd733b2d6 depth=3 name=chip.run.runner_run.device_wall.post_orch ts=1527509 dur=4109 clk=dev
[mono_ns=182544103303243][T0x74a0a4d67740][TIMING] emit_host_span: [STRACE] v=1 pid=463306 tid=463306 inv=69 hid=f0c29cefd733b2d6 depth=3 name=chip.run.runner_run.device_wall.orch ts=14588 dur=1290138 clk=dev
[mono_ns=182544103304224][T0x74a0a4d67740][TIMING] emit_host_span: [STRACE] v=1 pid=463306 tid=463306 inv=69 hid=f0c29cefd733b2d6 depth=3 name=chip.run.runner_run.device_wall.sched ts=15197 dur=1499995 clk=dev
[mono_ns=182544103305576][T0x74a0a4d67740][TIMING] emit_host_span: [STRACE] v=1 pid=463306 tid=463306 inv=69 hid=f0c29cefd733b2d6 depth=1 name=chip.run.claim_release ts=182544103304845 dur=161
[mono_ns=182544103307209][T0x74a0a4d67740][TIMING] emit_host_span: [STRACE] v=1 pid=463306 tid=463306 inv=69 hid=f0c29cefd733b2d6 depth=0 name=chip.run ts=182543951701381 dur=151605097 run_id=0 dispatch_id=0 slot_id=0 generation=69 run_epoch=69
[mono_ns=182544244253247][T0x74a0a4d67740][TIMING] emit_host_span: [STRACE] v=1 pid=463306 tid=463306 inv=70 hid=f0c29cefd733b2d6 depth=2 name=chip.run.bind.args ts=182544103663073 dur=140582703
[mono_ns=182544244270163][T0x74a0a4d67740][TIMING] emit_host_span: [STRACE] v=1 pid=463306 tid=463306 inv=70 hid=f0c29cefd733b2d6 depth=2 name=chip.run.bind.prebuilt ts=182544244267329 dur=2203
[mono_ns=182544244272727][T0x74a0a4d67740][TIMING] emit_host_span: [STRACE] v=1 pid=463306 tid=463306 inv=70 hid=f0c29cefd733b2d6 depth=1 name=chip.run.bind ts=182544103657424 dur=140614171
[mono_ns=182544248902566][T0x74a0a4d67740][WARN] prepare_execution: [device_runner.cpp:343] AICPU CPU_TOPO unavailable; using json_fallback: soc=Ascend950PR_9579 occupy=0x3e stable_reachable=5 requested=0 effective=5 affinity=[1, 2, 3, 4, 5(orch)]
[mono_ns=182544250631240][T0x74a0a4d67740][TIMING] emit_host_span: [STRACE] v=1 pid=463306 tid=463306 inv=70 hid=f0c29cefd733b2d6 depth=1 name=chip.run.runner_run ts=182544248976417 dur=1653822
[mono_ns=182544250964691][T0x74a0a4d67740][TIMING] emit_host_span: [STRACE] v=1 pid=463306 tid=463306 inv=70 hid=f0c29cefd733b2d6 depth=1 name=chip.run.validate ts=182544250634535 dur=329315
[mono_ns=182544250966413][T0x74a0a4d67740][TIMING] emit_host_span: [STRACE] v=1 pid=463306 tid=463306 inv=70 hid=f0c29cefd733b2d6 depth=2 name=chip.run.runner_run.device_wall ts=0 dur=1498308 clk=dev
[mono_ns=182544250968036][T0x74a0a4d67740][TIMING] emit_host_span: [STRACE] v=1 pid=463306 tid=463306 inv=70 hid=f0c29cefd733b2d6 depth=3 name=chip.run.runner_run.device_wall.preamble ts=0 dur=13609 clk=dev
[mono_ns=182544250969087][T0x74a0a4d67740][TIMING] emit_host_span: [STRACE] v=1 pid=463306 tid=463306 inv=70 hid=f0c29cefd733b2d6 depth=3 name=chip.run.runner_run.device_wall.graph_build ts=3853 dur=1489492 clk=dev
[mono_ns=182544250970089][T0x74a0a4d67740][TIMING] emit_host_span: [STRACE] v=1 pid=463306 tid=463306 inv=70 hid=f0c29cefd733b2d6 depth=3 name=chip.run.runner_run.device_wall.config_validate ts=4463 dur=1498 clk=dev
[mono_ns=182544250971070][T0x74a0a4d67740][TIMING] emit_host_span: [STRACE] v=1 pid=463306 tid=463306 inv=70 hid=f0c29cefd733b2d6 depth=3 name=chip.run.runner_run.device_wall.arena_wire ts=6052 dur=3058 clk=dev
[mono_ns=182544250972032][T0x74a0a4d67740][TIMING] emit_host_span: [STRACE] v=1 pid=463306 tid=463306 inv=70 hid=f0c29cefd733b2d6 depth=3 name=chip.run.runner_run.device_wall.sm_reset ts=9181 dur=4999 clk=dev
[mono_ns=182544250973113][T0x74a0a4d67740][TIMING] emit_host_span: [STRACE] v=1 pid=463306 tid=463306 inv=70 hid=f0c29cefd733b2d6 depth=3 name=chip.run.runner_run.device_wall.post_orch ts=1493381 dur=4241 clk=dev
[mono_ns=182544250974105][T0x74a0a4d67740][TIMING] emit_host_span: [STRACE] v=1 pid=463306 tid=463306 inv=70 hid=f0c29cefd733b2d6 depth=3 name=chip.run.runner_run.device_wall.orch ts=14384 dur=1278871 clk=dev
[mono_ns=182544250975106][T0x74a0a4d67740][TIMING] emit_host_span: [STRACE] v=1 pid=463306 tid=463306 inv=70 hid=f0c29cefd733b2d6 depth=3 name=chip.run.runner_run.device_wall.sched ts=15167 dur=1466113 clk=dev
[mono_ns=182544250976499][T0x74a0a4d67740][TIMING] emit_host_span: [STRACE] v=1 pid=463306 tid=463306 inv=70 hid=f0c29cefd733b2d6 depth=1 name=chip.run.claim_release ts=182544250975757 dur=181
[mono_ns=182544250977971][T0x74a0a4d67740][TIMING] emit_host_span: [STRACE] v=1 pid=463306 tid=463306 inv=70 hid=f0c29cefd733b2d6 depth=0 name=chip.run ts=182544103652978 dur=147324332 run_id=0 dispatch_id=0 slot_id=0 generation=70 run_epoch=70
[mono_ns=182544387887841][T0x74a0a4d67740][TIMING] emit_host_span: [STRACE] v=1 pid=463306 tid=463306 inv=71 hid=f0c29cefd733b2d6 depth=2 name=chip.run.bind.args ts=182544251333214 dur=136546045
[mono_ns=182544387906660][T0x74a0a4d67740][TIMING] emit_host_span: [STRACE] v=1 pid=463306 tid=463306 inv=71 hid=f0c29cefd733b2d6 depth=2 name=chip.run.bind.prebuilt ts=182544387903505 dur=2383
[mono_ns=182544387909524][T0x74a0a4d67740][TIMING] emit_host_span: [STRACE] v=1 pid=463306 tid=463306 inv=71 hid=f0c29cefd733b2d6 depth=1 name=chip.run.bind ts=182544251328847 dur=136578984
[mono_ns=182544392819203][T0x74a0a4d67740][WARN] prepare_execution: [device_runner.cpp:343] AICPU CPU_TOPO unavailable; using json_fallback: soc=Ascend950PR_9579 occupy=0x3e stable_reachable=5 requested=0 effective=5 affinity=[1, 2, 3, 4, 5(orch)]
[mono_ns=182544394612505][T0x74a0a4d67740][TIMING] emit_host_span: [STRACE] v=1 pid=463306 tid=463306 inv=71 hid=f0c29cefd733b2d6 depth=1 name=chip.run.runner_run ts=182544392876619 dur=1734443
[mono_ns=182544394944833][T0x74a0a4d67740][TIMING] emit_host_span: [STRACE] v=1 pid=463306 tid=463306 inv=71 hid=f0c29cefd733b2d6 depth=1 name=chip.run.validate ts=182544394616711 dur=327261
[mono_ns=182544394952966][T0x74a0a4d67740][TIMING] emit_host_span: [STRACE] v=1 pid=463306 tid=463306 inv=71 hid=f0c29cefd733b2d6 depth=2 name=chip.run.runner_run.device_wall ts=0 dur=1564611 clk=dev
[mono_ns=182544394954368][T0x74a0a4d67740][TIMING] emit_host_span: [STRACE] v=1 pid=463306 tid=463306 inv=71 hid=f0c29cefd733b2d6 depth=3 name=chip.run.runner_run.device_wall.preamble ts=0 dur=15147 clk=dev
[mono_ns=182544394955590][T0x74a0a4d67740][TIMING] emit_host_span: [STRACE] v=1 pid=463306 tid=463306 inv=71 hid=f0c29cefd733b2d6 depth=3 name=chip.run.runner_run.device_wall.graph_build ts=4580 dur=1555309 clk=dev
[mono_ns=182544394956631][T0x74a0a4d67740][TIMING] emit_host_span: [STRACE] v=1 pid=463306 tid=463306 inv=71 hid=f0c29cefd733b2d6 depth=3 name=chip.run.runner_run.device_wall.config_validate ts=5090 dur=1235 clk=dev
[mono_ns=182544394957643][T0x74a0a4d67740][TIMING] emit_host_span: [STRACE] v=1 pid=463306 tid=463306 inv=71 hid=f0c29cefd733b2d6 depth=3 name=chip.run.runner_run.device_wall.arena_wire ts=6441 dur=4561 clk=dev
[mono_ns=182544394958664][T0x74a0a4d67740][TIMING] emit_host_span: [STRACE] v=1 pid=463306 tid=463306 inv=71 hid=f0c29cefd733b2d6 depth=3 name=chip.run.runner_run.device_wall.sm_reset ts=11071 dur=4545 clk=dev
[mono_ns=182544394959766][T0x74a0a4d67740][TIMING] emit_host_span: [STRACE] v=1 pid=463306 tid=463306 inv=71 hid=f0c29cefd733b2d6 depth=3 name=chip.run.runner_run.device_wall.post_orch ts=1559906 dur=3869 clk=dev
[mono_ns=182544394960777][T0x74a0a4d67740][TIMING] emit_host_span: [STRACE] v=1 pid=463306 tid=463306 inv=71 hid=f0c29cefd733b2d6 depth=3 name=chip.run.runner_run.device_wall.orch ts=15820 dur=1298055 clk=dev
[mono_ns=182544394961769][T0x74a0a4d67740][TIMING] emit_host_span: [STRACE] v=1 pid=463306 tid=463306 inv=71 hid=f0c29cefd733b2d6 depth=3 name=chip.run.runner_run.device_wall.sched ts=16439 dur=1531465 clk=dev
[mono_ns=182544394963271][T0x74a0a4d67740][TIMING] emit_host_span: [STRACE] v=1 pid=463306 tid=463306 inv=71 hid=f0c29cefd733b2d6 depth=1 name=chip.run.claim_release ts=182544394962390 dur=300
[mono_ns=182544394964994][T0x74a0a4d67740][TIMING] emit_host_span: [STRACE] v=1 pid=463306 tid=463306 inv=71 hid=f0c29cefd733b2d6 depth=0 name=chip.run ts=182544251324972 dur=143639321 run_id=0 dispatch_id=0 slot_id=0 generation=71 run_epoch=71
[mono_ns=182544541415314][T0x74a0a4d67740][TIMING] emit_host_span: [STRACE] v=1 pid=463306 tid=463306 inv=72 hid=f0c29cefd733b2d6 depth=2 name=chip.run.bind.args ts=182544395357593 dur=146051261
[mono_ns=182544541431839][T0x74a0a4d67740][TIMING] emit_host_span: [STRACE] v=1 pid=463306 tid=463306 inv=72 hid=f0c29cefd733b2d6 depth=2 name=chip.run.bind.prebuilt ts=182544541428664 dur=2373
[mono_ns=182544541434302][T0x74a0a4d67740][TIMING] emit_host_span: [STRACE] v=1 pid=463306 tid=463306 inv=72 hid=f0c29cefd733b2d6 depth=1 name=chip.run.bind ts=182544395352655 dur=146080435
[mono_ns=182544546070401][T0x74a0a4d67740][WARN] prepare_execution: [device_runner.cpp:343] AICPU CPU_TOPO unavailable; using json_fallback: soc=Ascend950PR_9579 occupy=0x3e stable_reachable=5 requested=0 effective=5 affinity=[1, 2, 3, 4, 5(orch)]
[mono_ns=182544547864493][T0x74a0a4d67740][TIMING] emit_host_span: [STRACE] v=1 pid=463306 tid=463306 inv=72 hid=f0c29cefd733b2d6 depth=1 name=chip.run.runner_run ts=182544546122689 dur=1740032
[mono_ns=182544548231554][T0x74a0a4d67740][TIMING] emit_host_span: [STRACE] v=1 pid=463306 tid=463306 inv=72 hid=f0c29cefd733b2d6 depth=1 name=chip.run.validate ts=182544547868630 dur=361983
[mono_ns=182544548234078][T0x74a0a4d67740][TIMING] emit_host_span: [STRACE] v=1 pid=463306 tid=463306 inv=72 hid=f0c29cefd733b2d6 depth=2 name=chip.run.runner_run.device_wall ts=0 dur=1533781 clk=dev
[mono_ns=182544548235641][T0x74a0a4d67740][TIMING] emit_host_span: [STRACE] v=1 pid=463306 tid=463306 inv=72 hid=f0c29cefd733b2d6 depth=3 name=chip.run.runner_run.device_wall.preamble ts=0 dur=12458 clk=dev
[mono_ns=182544548236842][T0x74a0a4d67740][TIMING] emit_host_span: [STRACE] v=1 pid=463306 tid=463306 inv=72 hid=f0c29cefd733b2d6 depth=3 name=chip.run.runner_run.device_wall.graph_build ts=2026 dur=1527568 clk=dev
[mono_ns=182544548242190][T0x74a0a4d67740][TIMING] emit_host_span: [STRACE] v=1 pid=463306 tid=463306 inv=72 hid=f0c29cefd733b2d6 depth=3 name=chip.run.runner_run.device_wall.config_validate ts=2703 dur=1322 clk=dev
[mono_ns=182544548243242][T0x74a0a4d67740][TIMING] emit_host_span: [STRACE] v=1 pid=463306 tid=463306 inv=72 hid=f0c29cefd733b2d6 depth=3 name=chip.run.runner_run.device_wall.arena_wire ts=4241 dur=4780 clk=dev
[mono_ns=182544548244223][T0x74a0a4d67740][TIMING] emit_host_span: [STRACE] v=1 pid=463306 tid=463306 inv=72 hid=f0c29cefd733b2d6 depth=3 name=chip.run.runner_run.device_wall.sm_reset ts=9041 dur=4776 clk=dev
[mono_ns=182544548245335][T0x74a0a4d67740][TIMING] emit_host_span: [STRACE] v=1 pid=463306 tid=463306 inv=72 hid=f0c29cefd733b2d6 depth=3 name=chip.run.runner_run.device_wall.post_orch ts=1529610 dur=3740 clk=dev
[mono_ns=182544548246357][T0x74a0a4d67740][TIMING] emit_host_span: [STRACE] v=1 pid=463306 tid=463306 inv=72 hid=f0c29cefd733b2d6 depth=3 name=chip.run.runner_run.device_wall.orch ts=14119 dur=1284532 clk=dev
[mono_ns=182544548247348][T0x74a0a4d67740][TIMING] emit_host_span: [STRACE] v=1 pid=463306 tid=463306 inv=72 hid=f0c29cefd733b2d6 depth=3 name=chip.run.runner_run.device_wall.sched ts=14730 dur=1502307 clk=dev
[mono_ns=182544548248850][T0x74a0a4d67740][TIMING] emit_host_span: [STRACE] v=1 pid=463306 tid=463306 inv=72 hid=f0c29cefd733b2d6 depth=1 name=chip.run.claim_release ts=182544548247969 dur=310
[mono_ns=182544548250503][T0x74a0a4d67740][TIMING] emit_host_span: [STRACE] v=1 pid=463306 tid=463306 inv=72 hid=f0c29cefd733b2d6 depth=0 name=chip.run ts=182544395347658 dur=152902094 run_id=0 dispatch_id=0 slot_id=0 generation=72 run_epoch=72
[mono_ns=182544696875727][T0x74a0a4d67740][TIMING] emit_host_span: [STRACE] v=1 pid=463306 tid=463306 inv=73 hid=f0c29cefd733b2d6 depth=2 name=chip.run.bind.args ts=182544548623382 dur=148242841
[mono_ns=182544696894826][T0x74a0a4d67740][TIMING] emit_host_span: [STRACE] v=1 pid=463306 tid=463306 inv=73 hid=f0c29cefd733b2d6 depth=2 name=chip.run.bind.prebuilt ts=182544696891401 dur=2614
[mono_ns=182544696897820][T0x74a0a4d67740][TIMING] emit_host_span: [STRACE] v=1 pid=463306 tid=463306 inv=73 hid=f0c29cefd733b2d6 depth=1 name=chip.run.bind ts=182544548618936 dur=148277502
[mono_ns=182544701870885][T0x74a0a4d67740][WARN] prepare_execution: [device_runner.cpp:343] AICPU CPU_TOPO unavailable; using json_fallback: soc=Ascend950PR_9579 occupy=0x3e stable_reachable=5 requested=0 effective=5 affinity=[1, 2, 3, 4, 5(orch)]
[mono_ns=182544703624346][T0x74a0a4d67740][TIMING] emit_host_span: [STRACE] v=1 pid=463306 tid=463306 inv=73 hid=f0c29cefd733b2d6 depth=1 name=chip.run.runner_run ts=182544701913679 dur=1709115
[mono_ns=182544703962153][T0x74a0a4d67740][TIMING] emit_host_span: [STRACE] v=1 pid=463306 tid=463306 inv=73 hid=f0c29cefd733b2d6 depth=1 name=chip.run.validate ts=182544703629724 dur=331448
[mono_ns=182544703964477][T0x74a0a4d67740][TIMING] emit_host_span: [STRACE] v=1 pid=463306 tid=463306 inv=73 hid=f0c29cefd733b2d6 depth=2 name=chip.run.runner_run.device_wall ts=0 dur=1536366 clk=dev
[mono_ns=182544703966019][T0x74a0a4d67740][TIMING] emit_host_span: [STRACE] v=1 pid=463306 tid=463306 inv=73 hid=f0c29cefd733b2d6 depth=3 name=chip.run.runner_run.device_wall.preamble ts=0 dur=13367 clk=dev
[mono_ns=182544703967291][T0x74a0a4d67740][TIMING] emit_host_span: [STRACE] v=1 pid=463306 tid=463306 inv=73 hid=f0c29cefd733b2d6 depth=3 name=chip.run.runner_run.device_wall.graph_build ts=3606 dur=1527638 clk=dev
[mono_ns=182544703968313][T0x74a0a4d67740][TIMING] emit_host_span: [STRACE] v=1 pid=463306 tid=463306 inv=73 hid=f0c29cefd733b2d6 depth=3 name=chip.run.runner_run.device_wall.config_validate ts=4221 dur=1185 clk=dev
[mono_ns=182544703969314][T0x74a0a4d67740][TIMING] emit_host_span: [STRACE] v=1 pid=463306 tid=463306 inv=73 hid=f0c29cefd733b2d6 depth=3 name=chip.run.runner_run.device_wall.arena_wire ts=5510 dur=3772 clk=dev
[mono_ns=182544703970306][T0x74a0a4d67740][TIMING] emit_host_span: [STRACE] v=1 pid=463306 tid=463306 inv=73 hid=f0c29cefd733b2d6 depth=3 name=chip.run.runner_run.device_wall.sm_reset ts=9367 dur=5397 clk=dev
[mono_ns=182544703987722][T0x74a0a4d67740][TIMING] emit_host_span: [STRACE] v=1 pid=463306 tid=463306 inv=73 hid=f0c29cefd733b2d6 depth=3 name=chip.run.runner_run.device_wall.post_orch ts=1531262 dur=4626 clk=dev
[mono_ns=182544703988743][T0x74a0a4d67740][TIMING] emit_host_span: [STRACE] v=1 pid=463306 tid=463306 inv=73 hid=f0c29cefd733b2d6 depth=3 name=chip.run.runner_run.device_wall.orch ts=14947 dur=1262536 clk=dev
[mono_ns=182544703989735][T0x74a0a4d67740][TIMING] emit_host_span: [STRACE] v=1 pid=463306 tid=463306 inv=73 hid=f0c29cefd733b2d6 depth=3 name=chip.run.runner_run.device_wall.sched ts=15356 dur=1502512 clk=dev
[mono_ns=182544703991227][T0x74a0a4d67740][TIMING] emit_host_span: [STRACE] v=1 pid=463306 tid=463306 inv=73 hid=f0c29cefd733b2d6 depth=1 name=chip.run.claim_release ts=182544703990326 dur=300
[mono_ns=182544703992940][T0x74a0a4d67740][TIMING] emit_host_span: [STRACE] v=1 pid=463306 tid=463306 inv=73 hid=f0c29cefd733b2d6 depth=0 name=chip.run ts=182544548614159 dur=155378009 run_id=0 dispatch_id=0 slot_id=0 generation=73 run_epoch=73
[mono_ns=182544848789488][T0x74a0a4d67740][TIMING] emit_host_span: [STRACE] v=1 pid=463306 tid=463306 inv=74 hid=f0c29cefd733b2d6 depth=2 name=chip.run.bind.args ts=182544704368864 dur=144414605
[mono_ns=182544848805922][T0x74a0a4d67740][TIMING] emit_host_span: [STRACE] v=1 pid=463306 tid=463306 inv=74 hid=f0c29cefd733b2d6 depth=2 name=chip.run.bind.prebuilt ts=182544848802517 dur=2574
[mono_ns=182544848808676][T0x74a0a4d67740][TIMING] emit_host_span: [STRACE] v=1 pid=463306 tid=463306 inv=74 hid=f0c29cefd733b2d6 depth=1 name=chip.run.bind ts=182544704363716 dur=144443488
[mono_ns=182544853411645][T0x74a0a4d67740][WARN] prepare_execution: [device_runner.cpp:343] AICPU CPU_TOPO unavailable; using json_fallback: soc=Ascend950PR_9579 occupy=0x3e stable_reachable=5 requested=0 effective=5 affinity=[1, 2, 3, 4, 5(orch)]
[mono_ns=182544855113950][T0x74a0a4d67740][TIMING] emit_host_span: [STRACE] v=1 pid=463306 tid=463306 inv=74 hid=f0c29cefd733b2d6 depth=1 name=chip.run.runner_run ts=182544853454149 dur=1658028
[mono_ns=182544855475513][T0x74a0a4d67740][TIMING] emit_host_span: [STRACE] v=1 pid=463306 tid=463306 inv=74 hid=f0c29cefd733b2d6 depth=1 name=chip.run.validate ts=182544855117525 dur=357096
[mono_ns=182544855477586][T0x74a0a4d67740][TIMING] emit_host_span: [STRACE] v=1 pid=463306 tid=463306 inv=74 hid=f0c29cefd733b2d6 depth=2 name=chip.run.runner_run.device_wall ts=0 dur=1502227 clk=dev
[mono_ns=182544855479118][T0x74a0a4d67740][TIMING] emit_host_span: [STRACE] v=1 pid=463306 tid=463306 inv=74 hid=f0c29cefd733b2d6 depth=3 name=chip.run.runner_run.device_wall.preamble ts=0 dur=13543 clk=dev
[mono_ns=182544855480320][T0x74a0a4d67740][TIMING] emit_host_span: [STRACE] v=1 pid=463306 tid=463306 inv=74 hid=f0c29cefd733b2d6 depth=3 name=chip.run.runner_run.device_wall.graph_build ts=3457 dur=1494191 clk=dev
[mono_ns=182544855481342][T0x74a0a4d67740][TIMING] emit_host_span: [STRACE] v=1 pid=463306 tid=463306 inv=74 hid=f0c29cefd733b2d6 depth=3 name=chip.run.runner_run.device_wall.config_validate ts=4187 dur=1930 clk=dev
[mono_ns=182544855482323][T0x74a0a4d67740][TIMING] emit_host_span: [STRACE] v=1 pid=463306 tid=463306 inv=74 hid=f0c29cefd733b2d6 depth=3 name=chip.run.runner_run.device_wall.arena_wire ts=6154 dur=3488 clk=dev
[mono_ns=182544855483325][T0x74a0a4d67740][TIMING] emit_host_span: [STRACE] v=1 pid=463306 tid=463306 inv=74 hid=f0c29cefd733b2d6 depth=3 name=chip.run.runner_run.device_wall.sm_reset ts=9664 dur=4043 clk=dev
[mono_ns=182544855484556][T0x74a0a4d67740][TIMING] emit_host_span: [STRACE] v=1 pid=463306 tid=463306 inv=74 hid=f0c29cefd733b2d6 depth=3 name=chip.run.runner_run.device_wall.post_orch ts=1497670 dur=3759 clk=dev
[mono_ns=182544855485538][T0x74a0a4d67740][TIMING] emit_host_span: [STRACE] v=1 pid=463306 tid=463306 inv=74 hid=f0c29cefd733b2d6 depth=3 name=chip.run.runner_run.device_wall.orch ts=13947 dur=1228659 clk=dev
[mono_ns=182544855492829][T0x74a0a4d67740][TIMING] emit_host_span: [STRACE] v=1 pid=463306 tid=463306 inv=74 hid=f0c29cefd733b2d6 depth=3 name=chip.run.runner_run.device_wall.sched ts=14364 dur=1470664 clk=dev
[mono_ns=182544855494211][T0x74a0a4d67740][TIMING] emit_host_span: [STRACE] v=1 pid=463306 tid=463306 inv=74 hid=f0c29cefd733b2d6 depth=1 name=chip.run.claim_release ts=182544855493510 dur=120
[mono_ns=182544855496284][T0x74a0a4d67740][TIMING] emit_host_span: [STRACE] v=1 pid=463306 tid=463306 inv=74 hid=f0c29cefd733b2d6 depth=0 name=chip.run ts=182544704358829 dur=151136413 run_id=0 dispatch_id=0 slot_id=0 generation=74 run_epoch=74
[mono_ns=182545001095637][T0x74a0a4d67740][TIMING] emit_host_span: [STRACE] v=1 pid=463306 tid=463306 inv=75 hid=f0c29cefd733b2d6 depth=2 name=chip.run.bind.args ts=182544855975423 dur=145114465
[mono_ns=182545001110329][T0x74a0a4d67740][TIMING] emit_host_span: [STRACE] v=1 pid=463306 tid=463306 inv=75 hid=f0c29cefd733b2d6 depth=2 name=chip.run.bind.prebuilt ts=182545001107645 dur=1953
[mono_ns=182545001112913][T0x74a0a4d67740][TIMING] emit_host_span: [STRACE] v=1 pid=463306 tid=463306 inv=75 hid=f0c29cefd733b2d6 depth=1 name=chip.run.bind ts=182544855970736 dur=145140905
[mono_ns=182545005717504][T0x74a0a4d67740][WARN] prepare_execution: [device_runner.cpp:343] AICPU CPU_TOPO unavailable; using json_fallback: soc=Ascend950PR_9579 occupy=0x3e stable_reachable=5 requested=0 effective=5 affinity=[1, 2, 3, 4, 5(orch)]
[mono_ns=182545007421021][T0x74a0a4d67740][TIMING] emit_host_span: [STRACE] v=1 pid=463306 tid=463306 inv=75 hid=f0c29cefd733b2d6 depth=1 name=chip.run.runner_run ts=182545005759437 dur=1660112
[mono_ns=182545007751096][T0x74a0a4d67740][TIMING] emit_host_span: [STRACE] v=1 pid=463306 tid=463306 inv=75 hid=f0c29cefd733b2d6 depth=1 name=chip.run.validate ts=182545007424907 dur=325378
[mono_ns=182545007753079][T0x74a0a4d67740][TIMING] emit_host_span: [STRACE] v=1 pid=463306 tid=463306 inv=75 hid=f0c29cefd733b2d6 depth=2 name=chip.run.runner_run.device_wall ts=0 dur=1513632 clk=dev
[mono_ns=182545007754511][T0x74a0a4d67740][TIMING] emit_host_span: [STRACE] v=1 pid=463306 tid=463306 inv=75 hid=f0c29cefd733b2d6 depth=3 name=chip.run.runner_run.device_wall.preamble ts=0 dur=14042 clk=dev
[mono_ns=182545007755903][T0x74a0a4d67740][TIMING] emit_host_span: [STRACE] v=1 pid=463306 tid=463306 inv=75 hid=f0c29cefd733b2d6 depth=3 name=chip.run.runner_run.device_wall.graph_build ts=3936 dur=1504902 clk=dev
[mono_ns=182545007756875][T0x74a0a4d67740][TIMING] emit_host_span: [STRACE] v=1 pid=463306 tid=463306 inv=75 hid=f0c29cefd733b2d6 depth=3 name=chip.run.runner_run.device_wall.config_validate ts=4889 dur=1544 clk=dev
[mono_ns=182545007757836][T0x74a0a4d67740][TIMING] emit_host_span: [STRACE] v=1 pid=463306 tid=463306 inv=75 hid=f0c29cefd733b2d6 depth=3 name=chip.run.runner_run.device_wall.arena_wire ts=6668 dur=3326 clk=dev
[mono_ns=182545007758808][T0x74a0a4d67740][TIMING] emit_host_span: [STRACE] v=1 pid=463306 tid=463306 inv=75 hid=f0c29cefd733b2d6 depth=3 name=chip.run.runner_run.device_wall.sm_reset ts=10016 dur=4894 clk=dev
[mono_ns=182545007759799][T0x74a0a4d67740][TIMING] emit_host_span: [STRACE] v=1 pid=463306 tid=463306 inv=75 hid=f0c29cefd733b2d6 depth=3 name=chip.run.runner_run.device_wall.post_orch ts=1508857 dur=3693 clk=dev
[mono_ns=182545007760761][T0x74a0a4d67740][TIMING] emit_host_span: [STRACE] v=1 pid=463306 tid=463306 inv=75 hid=f0c29cefd733b2d6 depth=3 name=chip.run.runner_run.device_wall.orch ts=15222 dur=1274179 clk=dev
[mono_ns=182545007761782][T0x74a0a4d67740][TIMING] emit_host_span: [STRACE] v=1 pid=463306 tid=463306 inv=75 hid=f0c29cefd733b2d6 depth=3 name=chip.run.runner_run.device_wall.sched ts=15697 dur=1477364 clk=dev
[mono_ns=182545007763014][T0x74a0a4d67740][TIMING] emit_host_span: [STRACE] v=1 pid=463306 tid=463306 inv=75 hid=f0c29cefd733b2d6 depth=1 name=chip.run.claim_release ts=182545007762393 dur=100
[mono_ns=182545007764977][T0x74a0a4d67740][TIMING] emit_host_span: [STRACE] v=1 pid=463306 tid=463306 inv=75 hid=f0c29cefd733b2d6 depth=0 name=chip.run ts=182544855966129 dur=151797836 run_id=0 dispatch_id=0 slot_id=0 generation=75 run_epoch=75
[mono_ns=182545164576609][T0x74a0a4d67740][TIMING] emit_host_span: [STRACE] v=1 pid=463306 tid=463306 inv=76 hid=f0c29cefd733b2d6 depth=2 name=chip.run.bind.args ts=182545008139469 dur=156430890
[mono_ns=182545164592813][T0x74a0a4d67740][TIMING] emit_host_span: [STRACE] v=1 pid=463306 tid=463306 inv=76 hid=f0c29cefd733b2d6 depth=2 name=chip.run.bind.prebuilt ts=182545164589868 dur=2204
[mono_ns=182545164595267][T0x74a0a4d67740][TIMING] emit_host_span: [STRACE] v=1 pid=463306 tid=463306 inv=76 hid=f0c29cefd733b2d6 depth=1 name=chip.run.bind ts=182545008135463 dur=156458502
[mono_ns=182545169213368][T0x74a0a4d67740][WARN] prepare_execution: [device_runner.cpp:343] AICPU CPU_TOPO unavailable; using json_fallback: soc=Ascend950PR_9579 occupy=0x3e stable_reachable=5 requested=0 effective=5 affinity=[1, 2, 3, 4, 5(orch)]
[mono_ns=182545170962443][T0x74a0a4d67740][TIMING] emit_host_span: [STRACE] v=1 pid=463306 tid=463306 inv=76 hid=f0c29cefd733b2d6 depth=1 name=chip.run.runner_run ts=182545169262952 dur=1697849
[mono_ns=182545171300581][T0x74a0a4d67740][TIMING] emit_host_span: [STRACE] v=1 pid=463306 tid=463306 inv=76 hid=f0c29cefd733b2d6 depth=1 name=chip.run.validate ts=182545170966299 dur=333340
[mono_ns=182545171302904][T0x74a0a4d67740][TIMING] emit_host_span: [STRACE] v=1 pid=463306 tid=463306 inv=76 hid=f0c29cefd733b2d6 depth=2 name=chip.run.runner_run.device_wall ts=0 dur=1540821 clk=dev
[mono_ns=182545171304537][T0x74a0a4d67740][TIMING] emit_host_span: [STRACE] v=1 pid=463306 tid=463306 inv=76 hid=f0c29cefd733b2d6 depth=3 name=chip.run.runner_run.device_wall.preamble ts=0 dur=12948 clk=dev
[mono_ns=182545171305979][T0x74a0a4d67740][TIMING] emit_host_span: [STRACE] v=1 pid=463306 tid=463306 inv=76 hid=f0c29cefd733b2d6 depth=3 name=chip.run.runner_run.device_wall.graph_build ts=3028 dur=1533332 clk=dev
[mono_ns=182545171306990][T0x74a0a4d67740][TIMING] emit_host_span: [STRACE] v=1 pid=463306 tid=463306 inv=76 hid=f0c29cefd733b2d6 depth=3 name=chip.run.runner_run.device_wall.config_validate ts=3907 dur=1782 clk=dev
[mono_ns=182545171307982][T0x74a0a4d67740][TIMING] emit_host_span: [STRACE] v=1 pid=463306 tid=463306 inv=76 hid=f0c29cefd733b2d6 depth=3 name=chip.run.runner_run.device_wall.arena_wire ts=5702 dur=2929 clk=dev
[mono_ns=182545171308973][T0x74a0a4d67740][TIMING] emit_host_span: [STRACE] v=1 pid=463306 tid=463306 inv=76 hid=f0c29cefd733b2d6 depth=3 name=chip.run.runner_run.device_wall.sm_reset ts=8700 dur=5063 clk=dev
[mono_ns=182545171309945][T0x74a0a4d67740][TIMING] emit_host_span: [STRACE] v=1 pid=463306 tid=463306 inv=76 hid=f0c29cefd733b2d6 depth=3 name=chip.run.runner_run.device_wall.post_orch ts=1536417 dur=3704 clk=dev
[mono_ns=182545171310946][T0x74a0a4d67740][TIMING] emit_host_span: [STRACE] v=1 pid=463306 tid=463306 inv=76 hid=f0c29cefd733b2d6 depth=3 name=chip.run.runner_run.device_wall.orch ts=14072 dur=1296143 clk=dev
[mono_ns=182545171311988][T0x74a0a4d67740][TIMING] emit_host_span: [STRACE] v=1 pid=463306 tid=463306 inv=76 hid=f0c29cefd733b2d6 depth=3 name=chip.run.runner_run.device_wall.sched ts=14497 dur=1507348 clk=dev
[mono_ns=182545171313340][T0x74a0a4d67740][TIMING] emit_host_span: [STRACE] v=1 pid=463306 tid=463306 inv=76 hid=f0c29cefd733b2d6 depth=1 name=chip.run.claim_release ts=182545171312689 dur=90
[mono_ns=182545171315113][T0x74a0a4d67740][TIMING] emit_host_span: [STRACE] v=1 pid=463306 tid=463306 inv=76 hid=f0c29cefd733b2d6 depth=0 name=chip.run ts=182545008130966 dur=163183165 run_id=0 dispatch_id=0 slot_id=0 generation=76 run_epoch=76
[mono_ns=182545313990807][T0x74a0a4d67740][TIMING] emit_host_span: [STRACE] v=1 pid=463306 tid=463306 inv=77 hid=f0c29cefd733b2d6 depth=2 name=chip.run.bind.args ts=182545171665699 dur=142316295
[mono_ns=182545314014162][T0x74a0a4d67740][TIMING] emit_host_span: [STRACE] v=1 pid=463306 tid=463306 inv=77 hid=f0c29cefd733b2d6 depth=2 name=chip.run.bind.prebuilt ts=182545314010617 dur=2654
[mono_ns=182545314017397][T0x74a0a4d67740][TIMING] emit_host_span: [STRACE] v=1 pid=463306 tid=463306 inv=77 hid=f0c29cefd733b2d6 depth=1 name=chip.run.bind ts=182545171661332 dur=142354643
[mono_ns=182545318617141][T0x74a0a4d67740][WARN] prepare_execution: [device_runner.cpp:343] AICPU CPU_TOPO unavailable; using json_fallback: soc=Ascend950PR_9579 occupy=0x3e stable_reachable=5 requested=0 effective=5 affinity=[1, 2, 3, 4, 5(orch)]
[mono_ns=182545320325745][T0x74a0a4d67740][TIMING] emit_host_span: [STRACE] v=1 pid=463306 tid=463306 inv=77 hid=f0c29cefd733b2d6 depth=1 name=chip.run.runner_run ts=182545318672454 dur=1652170
[mono_ns=182545320625936][T0x74a0a4d67740][TIMING] emit_host_span: [STRACE] v=1 pid=463306 tid=463306 inv=77 hid=f0c29cefd733b2d6 depth=1 name=chip.run.validate ts=182545320328910 dur=296155
[mono_ns=182545320627669][T0x74a0a4d67740][TIMING] emit_host_span: [STRACE] v=1 pid=463306 tid=463306 inv=77 hid=f0c29cefd733b2d6 depth=2 name=chip.run.runner_run.device_wall ts=0 dur=1496169 clk=dev
[mono_ns=182545320629131][T0x74a0a4d67740][TIMING] emit_host_span: [STRACE] v=1 pid=463306 tid=463306 inv=77 hid=f0c29cefd733b2d6 depth=3 name=chip.run.runner_run.device_wall.preamble ts=0 dur=14850 clk=dev
[mono_ns=182545320630313][T0x74a0a4d67740][TIMING] emit_host_span: [STRACE] v=1 pid=463306 tid=463306 inv=77 hid=f0c29cefd733b2d6 depth=3 name=chip.run.runner_run.device_wall.graph_build ts=4143 dur=1486677 clk=dev
[mono_ns=182545320631334][T0x74a0a4d67740][TIMING] emit_host_span: [STRACE] v=1 pid=463306 tid=463306 inv=77 hid=f0c29cefd733b2d6 depth=3 name=chip.run.runner_run.device_wall.config_validate ts=4758 dur=1223 clk=dev
[mono_ns=182545320632296][T0x74a0a4d67740][TIMING] emit_host_span: [STRACE] v=1 pid=463306 tid=463306 inv=77 hid=f0c29cefd733b2d6 depth=3 name=chip.run.runner_run.device_wall.arena_wire ts=6056 dur=3070 clk=dev
[mono_ns=182545320633267][T0x74a0a4d67740][TIMING] emit_host_span: [STRACE] v=1 pid=463306 tid=463306 inv=77 hid=f0c29cefd733b2d6 depth=3 name=chip.run.runner_run.device_wall.sm_reset ts=9215 dur=5930 clk=dev
[mono_ns=182545320634359][T0x74a0a4d67740][TIMING] emit_host_span: [STRACE] v=1 pid=463306 tid=463306 inv=77 hid=f0c29cefd733b2d6 depth=3 name=chip.run.runner_run.device_wall.post_orch ts=1490835 dur=4465 clk=dev
[mono_ns=182545320635340][T0x74a0a4d67740][TIMING] emit_host_span: [STRACE] v=1 pid=463306 tid=463306 inv=77 hid=f0c29cefd733b2d6 depth=3 name=chip.run.runner_run.device_wall.orch ts=15449 dur=1285584 clk=dev
[mono_ns=182545320636312][T0x74a0a4d67740][TIMING] emit_host_span: [STRACE] v=1 pid=463306 tid=463306 inv=77 hid=f0c29cefd733b2d6 depth=3 name=chip.run.runner_run.device_wall.sched ts=16010 dur=1462718 clk=dev
[mono_ns=182545320638084][T0x74a0a4d67740][TIMING] emit_host_span: [STRACE] v=1 pid=463306 tid=463306 inv=77 hid=f0c29cefd733b2d6 depth=1 name=chip.run.claim_release ts=182545320636973 dur=540
[mono_ns=182545320639917][T0x74a0a4d67740][TIMING] emit_host_span: [STRACE] v=1 pid=463306 tid=463306 inv=77 hid=f0c29cefd733b2d6 depth=0 name=chip.run ts=182545171657446 dur=148981450 run_id=0 dispatch_id=0 slot_id=0 generation=77 run_epoch=77
[mono_ns=182545466519491][T0x74a0a4d67740][TIMING] emit_host_span: [STRACE] v=1 pid=463306 tid=463306 inv=78 hid=f0c29cefd733b2d6 depth=2 name=chip.run.bind.args ts=182545321017354 dur=145495356
[mono_ns=182545466537828][T0x74a0a4d67740][TIMING] emit_host_span: [STRACE] v=1 pid=463306 tid=463306 inv=78 hid=f0c29cefd733b2d6 depth=2 name=chip.run.bind.prebuilt ts=182545466534533 dur=2534
[mono_ns=182545466540212][T0x74a0a4d67740][TIMING] emit_host_span: [STRACE] v=1 pid=463306 tid=463306 inv=78 hid=f0c29cefd733b2d6 depth=1 name=chip.run.bind ts=182545320996703 dur=145542257
[mono_ns=182545471242870][T0x74a0a4d67740][WARN] prepare_execution: [device_runner.cpp:343] AICPU CPU_TOPO unavailable; using json_fallback: soc=Ascend950PR_9579 occupy=0x3e stable_reachable=5 requested=0 effective=5 affinity=[1, 2, 3, 4, 5(orch)]
[mono_ns=182545473006036][T0x74a0a4d67740][TIMING] emit_host_span: [STRACE] v=1 pid=463306 tid=463306 inv=78 hid=f0c29cefd733b2d6 depth=1 name=chip.run.runner_run ts=182545471298093 dur=1706862
[mono_ns=182545473341981][T0x74a0a4d67740][TIMING] emit_host_span: [STRACE] v=1 pid=463306 tid=463306 inv=78 hid=f0c29cefd733b2d6 depth=1 name=chip.run.validate ts=182545473013387 dur=327382
[mono_ns=182545473343833][T0x74a0a4d67740][TIMING] emit_host_span: [STRACE] v=1 pid=463306 tid=463306 inv=78 hid=f0c29cefd733b2d6 depth=2 name=chip.run.runner_run.device_wall ts=0 dur=1523579 clk=dev
[mono_ns=182545473345175][T0x74a0a4d67740][TIMING] emit_host_span: [STRACE] v=1 pid=463306 tid=463306 inv=78 hid=f0c29cefd733b2d6 depth=3 name=chip.run.runner_run.device_wall.preamble ts=0 dur=15039 clk=dev
[mono_ns=182545473346417][T0x74a0a4d67740][TIMING] emit_host_span: [STRACE] v=1 pid=463306 tid=463306 inv=78 hid=f0c29cefd733b2d6 depth=3 name=chip.run.runner_run.device_wall.graph_build ts=4346 dur=1513934 clk=dev
[mono_ns=182545473347419][T0x74a0a4d67740][TIMING] emit_host_span: [STRACE] v=1 pid=463306 tid=463306 inv=78 hid=f0c29cefd733b2d6 depth=3 name=chip.run.runner_run.device_wall.config_validate ts=5043 dur=1531 clk=dev
[mono_ns=182545473348390][T0x74a0a4d67740][TIMING] emit_host_span: [STRACE] v=1 pid=463306 tid=463306 inv=78 hid=f0c29cefd733b2d6 depth=3 name=chip.run.runner_run.device_wall.arena_wire ts=6643 dur=3564 clk=dev
[mono_ns=182545473349392][T0x74a0a4d67740][TIMING] emit_host_span: [STRACE] v=1 pid=463306 tid=463306 inv=78 hid=f0c29cefd733b2d6 depth=3 name=chip.run.runner_run.device_wall.sm_reset ts=10229 dur=4481 clk=dev
[mono_ns=182545473350493][T0x74a0a4d67740][TIMING] emit_host_span: [STRACE] v=1 pid=463306 tid=463306 inv=78 hid=f0c29cefd733b2d6 depth=3 name=chip.run.runner_run.device_wall.post_orch ts=1518297 dur=4736 clk=dev
[mono_ns=182545473351535][T0x74a0a4d67740][TIMING] emit_host_span: [STRACE] v=1 pid=463306 tid=463306 inv=78 hid=f0c29cefd733b2d6 depth=3 name=chip.run.runner_run.device_wall.orch ts=14951 dur=1294273 clk=dev
[mono_ns=182545473352496][T0x74a0a4d67740][TIMING] emit_host_span: [STRACE] v=1 pid=463306 tid=463306 inv=78 hid=f0c29cefd733b2d6 depth=3 name=chip.run.runner_run.device_wall.sched ts=15687 dur=1488484 clk=dev
[mono_ns=182545473353888][T0x74a0a4d67740][TIMING] emit_host_span: [STRACE] v=1 pid=463306 tid=463306 inv=78 hid=f0c29cefd733b2d6 depth=1 name=chip.run.claim_release ts=182545473353127 dur=181
[mono_ns=182545473355371][T0x74a0a4d67740][TIMING] emit_host_span: [STRACE] v=1 pid=463306 tid=463306 inv=78 hid=f0c29cefd733b2d6 depth=0 name=chip.run ts=182545320991995 dur=152362705 run_id=0 dispatch_id=0 slot_id=0 generation=78 run_epoch=78
[mono_ns=182545622015277][T0x74a0a4d67740][TIMING] emit_host_span: [STRACE] v=1 pid=463306 tid=463306 inv=79 hid=f0c29cefd733b2d6 depth=2 name=chip.run.bind.args ts=182545473694039 dur=148300677
[mono_ns=182545622039944][T0x74a0a4d67740][TIMING] emit_host_span: [STRACE] v=1 pid=463306 tid=463306 inv=79 hid=f0c29cefd733b2d6 depth=2 name=chip.run.bind.prebuilt ts=182545622036098 dur=2815
[mono_ns=182545622042949][T0x74a0a4d67740][TIMING] emit_host_span: [STRACE] v=1 pid=463306 tid=463306 inv=79 hid=f0c29cefd733b2d6 depth=1 name=chip.run.bind ts=182545473689783 dur=148351854
[mono_ns=182545626641491][T0x74a0a4d67740][WARN] prepare_execution: [device_runner.cpp:343] AICPU CPU_TOPO unavailable; using json_fallback: soc=Ascend950PR_9579 occupy=0x3e stable_reachable=5 requested=0 effective=5 affinity=[1, 2, 3, 4, 5(orch)]
[mono_ns=182545628369054][T0x74a0a4d67740][TIMING] emit_host_span: [STRACE] v=1 pid=463306 tid=463306 inv=79 hid=f0c29cefd733b2d6 depth=1 name=chip.run.runner_run ts=182545626696684 dur=1670517
[mono_ns=182545628708503][T0x74a0a4d67740][TIMING] emit_host_span: [STRACE] v=1 pid=463306 tid=463306 inv=79 hid=f0c29cefd733b2d6 depth=1 name=chip.run.validate ts=182545628372950 dur=334642
[mono_ns=182545628710626][T0x74a0a4d67740][TIMING] emit_host_span: [STRACE] v=1 pid=463306 tid=463306 inv=79 hid=f0c29cefd733b2d6 depth=2 name=chip.run.runner_run.device_wall ts=0 dur=1486969 clk=dev
[mono_ns=182545628712209][T0x74a0a4d67740][TIMING] emit_host_span: [STRACE] v=1 pid=463306 tid=463306 inv=79 hid=f0c29cefd733b2d6 depth=3 name=chip.run.runner_run.device_wall.preamble ts=0 dur=13682 clk=dev
[mono_ns=182545628730336][T0x74a0a4d67740][TIMING] emit_host_span: [STRACE] v=1 pid=463306 tid=463306 inv=79 hid=f0c29cefd733b2d6 depth=3 name=chip.run.runner_run.device_wall.graph_build ts=3416 dur=1478977 clk=dev
[mono_ns=182545628731578][T0x74a0a4d67740][TIMING] emit_host_span: [STRACE] v=1 pid=463306 tid=463306 inv=79 hid=f0c29cefd733b2d6 depth=3 name=chip.run.runner_run.device_wall.config_validate ts=4231 dur=1221 clk=dev
[mono_ns=182545628732730][T0x74a0a4d67740][TIMING] emit_host_span: [STRACE] v=1 pid=463306 tid=463306 inv=79 hid=f0c29cefd733b2d6 depth=3 name=chip.run.runner_run.device_wall.arena_wire ts=5611 dur=3051 clk=dev
[mono_ns=182545628733721][T0x74a0a4d67740][TIMING] emit_host_span: [STRACE] v=1 pid=463306 tid=463306 inv=79 hid=f0c29cefd733b2d6 depth=3 name=chip.run.runner_run.device_wall.sm_reset ts=8729 dur=5665 clk=dev
[mono_ns=182545628734853][T0x74a0a4d67740][TIMING] emit_host_span: [STRACE] v=1 pid=463306 tid=463306 inv=79 hid=f0c29cefd733b2d6 depth=3 name=chip.run.runner_run.device_wall.post_orch ts=1482412 dur=3775 clk=dev
[mono_ns=182545628735834][T0x74a0a4d67740][TIMING] emit_host_span: [STRACE] v=1 pid=463306 tid=463306 inv=79 hid=f0c29cefd733b2d6 depth=3 name=chip.run.runner_run.device_wall.orch ts=14667 dur=1282098 clk=dev
[mono_ns=182545628736816][T0x74a0a4d67740][TIMING] emit_host_span: [STRACE] v=1 pid=463306 tid=463306 inv=79 hid=f0c29cefd733b2d6 depth=3 name=chip.run.runner_run.device_wall.sched ts=15280 dur=1451122 clk=dev
[mono_ns=182545628738368][T0x74a0a4d67740][TIMING] emit_host_span: [STRACE] v=1 pid=463306 tid=463306 inv=79 hid=f0c29cefd733b2d6 depth=1 name=chip.run.claim_release ts=182545628737427 dur=320
[mono_ns=182545628740171][T0x74a0a4d67740][TIMING] emit_host_span: [STRACE] v=1 pid=463306 tid=463306 inv=79 hid=f0c29cefd733b2d6 depth=0 name=chip.run ts=182545473685726 dur=155053593 run_id=0 dispatch_id=0 slot_id=0 generation=79 run_epoch=79
[mono_ns=182545766938095][T0x74a0a4d67740][TIMING] emit_host_span: [STRACE] v=1 pid=463306 tid=463306 inv=80 hid=f0c29cefd733b2d6 depth=2 name=chip.run.bind.args ts=182545629267983 dur=137659956
[mono_ns=182545767123443][T0x74a0a4d67740][TIMING] emit_host_span: [STRACE] v=1 pid=463306 tid=463306 inv=80 hid=f0c29cefd733b2d6 depth=2 name=chip.run.bind.prebuilt ts=182545767118886 dur=2814
[mono_ns=182545767128280][T0x74a0a4d67740][TIMING] emit_host_span: [STRACE] v=1 pid=463306 tid=463306 inv=80 hid=f0c29cefd733b2d6 depth=1 name=chip.run.bind ts=182545629261744 dur=137864944
[mono_ns=182545771822055][T0x74a0a4d67740][WARN] prepare_execution: [device_runner.cpp:343] AICPU CPU_TOPO unavailable; using json_fallback: soc=Ascend950PR_9579 occupy=0x3e stable_reachable=5 requested=0 effective=5 affinity=[1, 2, 3, 4, 5(orch)]
[mono_ns=182545773618111][T0x74a0a4d67740][TIMING] emit_host_span: [STRACE] v=1 pid=463306 tid=463306 inv=80 hid=f0c29cefd733b2d6 depth=1 name=chip.run.runner_run ts=182545771865430 dur=1751118
[mono_ns=182545773968457][T0x74a0a4d67740][TIMING] emit_host_span: [STRACE] v=1 pid=463306 tid=463306 inv=80 hid=f0c29cefd733b2d6 depth=1 name=chip.run.validate ts=182545773621997 dur=345528
[mono_ns=182545773970670][T0x74a0a4d67740][TIMING] emit_host_span: [STRACE] v=1 pid=463306 tid=463306 inv=80 hid=f0c29cefd733b2d6 depth=2 name=chip.run.runner_run.device_wall ts=0 dur=1580145 clk=dev
[mono_ns=182545773972413][T0x74a0a4d67740][TIMING] emit_host_span: [STRACE] v=1 pid=463306 tid=463306 inv=80 hid=f0c29cefd733b2d6 depth=3 name=chip.run.runner_run.device_wall.preamble ts=0 dur=12959 clk=dev
[mono_ns=182545773973494][T0x74a0a4d67740][TIMING] emit_host_span: [STRACE] v=1 pid=463306 tid=463306 inv=80 hid=f0c29cefd733b2d6 depth=3 name=chip.run.runner_run.device_wall.graph_build ts=2913 dur=1572559 clk=dev
[mono_ns=182545773974526][T0x74a0a4d67740][TIMING] emit_host_span: [STRACE] v=1 pid=463306 tid=463306 inv=80 hid=f0c29cefd733b2d6 depth=3 name=chip.run.runner_run.device_wall.config_validate ts=3788 dur=1565 clk=dev
[mono_ns=182545773975517][T0x74a0a4d67740][TIMING] emit_host_span: [STRACE] v=1 pid=463306 tid=463306 inv=80 hid=f0c29cefd733b2d6 depth=3 name=chip.run.runner_run.device_wall.arena_wire ts=5424 dur=4549 clk=dev
[mono_ns=182545773982458][T0x74a0a4d67740][TIMING] emit_host_span: [STRACE] v=1 pid=463306 tid=463306 inv=80 hid=f0c29cefd733b2d6 depth=3 name=chip.run.runner_run.device_wall.sm_reset ts=10033 dur=4364 clk=dev
[mono_ns=182545773983589][T0x74a0a4d67740][TIMING] emit_host_span: [STRACE] v=1 pid=463306 tid=463306 inv=80 hid=f0c29cefd733b2d6 depth=3 name=chip.run.runner_run.device_wall.post_orch ts=1575491 dur=3836 clk=dev
[mono_ns=182545773984581][T0x74a0a4d67740][TIMING] emit_host_span: [STRACE] v=1 pid=463306 tid=463306 inv=80 hid=f0c29cefd733b2d6 depth=3 name=chip.run.runner_run.device_wall.orch ts=14427 dur=1295265 clk=dev
[mono_ns=182545773985562][T0x74a0a4d67740][TIMING] emit_host_span: [STRACE] v=1 pid=463306 tid=463306 inv=80 hid=f0c29cefd733b2d6 depth=3 name=chip.run.runner_run.device_wall.sched ts=15337 dur=1545702 clk=dev
[mono_ns=182545773987065][T0x74a0a4d67740][TIMING] emit_host_span: [STRACE] v=1 pid=463306 tid=463306 inv=80 hid=f0c29cefd733b2d6 depth=1 name=chip.run.claim_release ts=182545773986283 dur=211
[mono_ns=182545773988677][T0x74a0a4d67740][TIMING] emit_host_span: [STRACE] v=1 pid=463306 tid=463306 inv=80 hid=f0c29cefd733b2d6 depth=0 name=chip.run ts=182545629255073 dur=144732893 run_id=0 dispatch_id=0 slot_id=0 generation=80 run_epoch=80
[mono_ns=182545924285500][T0x74a0a4d67740][TIMING] emit_host_span: [STRACE] v=1 pid=463306 tid=463306 inv=81 hid=f0c29cefd733b2d6 depth=2 name=chip.run.bind.args ts=182545774378792 dur=149900399
[mono_ns=182545924302886][T0x74a0a4d67740][TIMING] emit_host_span: [STRACE] v=1 pid=463306 tid=463306 inv=81 hid=f0c29cefd733b2d6 depth=2 name=chip.run.bind.prebuilt ts=182545924300192 dur=1943
[mono_ns=182545924305460][T0x74a0a4d67740][TIMING] emit_host_span: [STRACE] v=1 pid=463306 tid=463306 inv=81 hid=f0c29cefd733b2d6 depth=1 name=chip.run.bind ts=182545774374136 dur=149930072
[mono_ns=182545928908639][T0x74a0a4d67740][WARN] prepare_execution: [device_runner.cpp:343] AICPU CPU_TOPO unavailable; using json_fallback: soc=Ascend950PR_9579 occupy=0x3e stable_reachable=5 requested=0 effective=5 affinity=[1, 2, 3, 4, 5(orch)]
[mono_ns=182545930635000][T0x74a0a4d67740][TIMING] emit_host_span: [STRACE] v=1 pid=463306 tid=463306 inv=81 hid=f0c29cefd733b2d6 depth=1 name=chip.run.runner_run ts=182545928949090 dur=1684478
[mono_ns=182545930977735][T0x74a0a4d67740][TIMING] emit_host_span: [STRACE] v=1 pid=463306 tid=463306 inv=81 hid=f0c29cefd733b2d6 depth=1 name=chip.run.validate ts=182545930638396 dur=338508
[mono_ns=182545930979598][T0x74a0a4d67740][TIMING] emit_host_span: [STRACE] v=1 pid=463306 tid=463306 inv=81 hid=f0c29cefd733b2d6 depth=2 name=chip.run.runner_run.device_wall ts=0 dur=1518589 clk=dev
[mono_ns=182545930981150][T0x74a0a4d67740][TIMING] emit_host_span: [STRACE] v=1 pid=463306 tid=463306 inv=81 hid=f0c29cefd733b2d6 depth=3 name=chip.run.runner_run.device_wall.preamble ts=0 dur=13536 clk=dev
[mono_ns=182545930982332][T0x74a0a4d67740][TIMING] emit_host_span: [STRACE] v=1 pid=463306 tid=463306 inv=81 hid=f0c29cefd733b2d6 depth=3 name=chip.run.runner_run.device_wall.graph_build ts=3678 dur=1510789 clk=dev
[mono_ns=182545930983343][T0x74a0a4d67740][TIMING] emit_host_span: [STRACE] v=1 pid=463306 tid=463306 inv=81 hid=f0c29cefd733b2d6 depth=3 name=chip.run.runner_run.device_wall.config_validate ts=4109 dur=1408 clk=dev
[mono_ns=182545930984315][T0x74a0a4d67740][TIMING] emit_host_span: [STRACE] v=1 pid=463306 tid=463306 inv=81 hid=f0c29cefd733b2d6 depth=3 name=chip.run.runner_run.device_wall.arena_wire ts=5600 dur=3575 clk=dev
[mono_ns=182545930985346][T0x74a0a4d67740][TIMING] emit_host_span: [STRACE] v=1 pid=463306 tid=463306 inv=81 hid=f0c29cefd733b2d6 depth=3 name=chip.run.runner_run.device_wall.sm_reset ts=9197 dur=4450 clk=dev
[mono_ns=182545930986338][T0x74a0a4d67740][TIMING] emit_host_span: [STRACE] v=1 pid=463306 tid=463306 inv=81 hid=f0c29cefd733b2d6 depth=3 name=chip.run.runner_run.device_wall.post_orch ts=1514481 dur=3532 clk=dev
[mono_ns=182545930990885][T0x74a0a4d67740][TIMING] emit_host_span: [STRACE] v=1 pid=463306 tid=463306 inv=81 hid=f0c29cefd733b2d6 depth=3 name=chip.run.runner_run.device_wall.orch ts=13868 dur=1266819 clk=dev
[mono_ns=182545930991916][T0x74a0a4d67740][TIMING] emit_host_span: [STRACE] v=1 pid=463306 tid=463306 inv=81 hid=f0c29cefd733b2d6 depth=3 name=chip.run.runner_run.device_wall.sched ts=14443 dur=1487752 clk=dev
[mono_ns=182545930993499][T0x74a0a4d67740][TIMING] emit_host_span: [STRACE] v=1 pid=463306 tid=463306 inv=81 hid=f0c29cefd733b2d6 depth=1 name=chip.run.claim_release ts=182545930992647 dur=271
[mono_ns=182545930995411][T0x74a0a4d67740][TIMING] emit_host_span: [STRACE] v=1 pid=463306 tid=463306 inv=81 hid=f0c29cefd733b2d6 depth=0 name=chip.run ts=182545774369388 dur=156625002 run_id=0 dispatch_id=0 slot_id=0 generation=81 run_epoch=81
[mono_ns=182546086058128][T0x74a0a4d67740][TIMING] emit_host_span: [STRACE] v=1 pid=463306 tid=463306 inv=82 hid=f0c29cefd733b2d6 depth=2 name=chip.run.bind.args ts=182545931364385 dur=154685821
[mono_ns=182546086075654][T0x74a0a4d67740][TIMING] emit_host_span: [STRACE] v=1 pid=463306 tid=463306 inv=82 hid=f0c29cefd733b2d6 depth=2 name=chip.run.bind.prebuilt ts=182546086072520 dur=2333
[mono_ns=182546086077778][T0x74a0a4d67740][TIMING] emit_host_span: [STRACE] v=1 pid=463306 tid=463306 inv=82 hid=f0c29cefd733b2d6 depth=1 name=chip.run.bind ts=182545931359598 dur=154717178
[mono_ns=182546090720095][T0x74a0a4d67740][WARN] prepare_execution: [device_runner.cpp:343] AICPU CPU_TOPO unavailable; using json_fallback: soc=Ascend950PR_9579 occupy=0x3e stable_reachable=5 requested=0 effective=5 affinity=[1, 2, 3, 4, 5(orch)]
[mono_ns=182546092439796][T0x74a0a4d67740][TIMING] emit_host_span: [STRACE] v=1 pid=463306 tid=463306 inv=82 hid=f0c29cefd733b2d6 depth=1 name=chip.run.runner_run ts=182546090756901 dur=1681143
[mono_ns=182546092778164][T0x74a0a4d67740][TIMING] emit_host_span: [STRACE] v=1 pid=463306 tid=463306 inv=82 hid=f0c29cefd733b2d6 depth=1 name=chip.run.validate ts=182546092443903 dur=333340
[mono_ns=182546092780348][T0x74a0a4d67740][TIMING] emit_host_span: [STRACE] v=1 pid=463306 tid=463306 inv=82 hid=f0c29cefd733b2d6 depth=2 name=chip.run.runner_run.device_wall ts=0 dur=1520887 clk=dev
[mono_ns=182546092781850][T0x74a0a4d67740][TIMING] emit_host_span: [STRACE] v=1 pid=463306 tid=463306 inv=82 hid=f0c29cefd733b2d6 depth=3 name=chip.run.runner_run.device_wall.preamble ts=0 dur=13671 clk=dev
[mono_ns=182546092783032][T0x74a0a4d67740][TIMING] emit_host_span: [STRACE] v=1 pid=463306 tid=463306 inv=82 hid=f0c29cefd733b2d6 depth=3 name=chip.run.runner_run.device_wall.graph_build ts=2014 dur=1514603 clk=dev
[mono_ns=182546092784033][T0x74a0a4d67740][TIMING] emit_host_span: [STRACE] v=1 pid=463306 tid=463306 inv=82 hid=f0c29cefd733b2d6 depth=3 name=chip.run.runner_run.device_wall.config_validate ts=2772 dur=1348 clk=dev
[mono_ns=182546092784995][T0x74a0a4d67740][TIMING] emit_host_span: [STRACE] v=1 pid=463306 tid=463306 inv=82 hid=f0c29cefd733b2d6 depth=3 name=chip.run.runner_run.device_wall.arena_wire ts=4203 dur=3425 clk=dev
[mono_ns=182546092785986][T0x74a0a4d67740][TIMING] emit_host_span: [STRACE] v=1 pid=463306 tid=463306 inv=82 hid=f0c29cefd733b2d6 depth=3 name=chip.run.runner_run.device_wall.sm_reset ts=7659 dur=4941 clk=dev
[mono_ns=182546092787088][T0x74a0a4d67740][TIMING] emit_host_span: [STRACE] v=1 pid=463306 tid=463306 inv=82 hid=f0c29cefd733b2d6 depth=3 name=chip.run.runner_run.device_wall.post_orch ts=1516644 dur=3802 clk=dev
[mono_ns=182546092788059][T0x74a0a4d67740][TIMING] emit_host_span: [STRACE] v=1 pid=463306 tid=463306 inv=82 hid=f0c29cefd733b2d6 depth=3 name=chip.run.runner_run.device_wall.orch ts=12629 dur=1293917 clk=dev
[mono_ns=182546092789041][T0x74a0a4d67740][TIMING] emit_host_span: [STRACE] v=1 pid=463306 tid=463306 inv=82 hid=f0c29cefd733b2d6 depth=3 name=chip.run.runner_run.device_wall.sched ts=13885 dur=1486993 clk=dev
[mono_ns=182546092790493][T0x74a0a4d67740][TIMING] emit_host_span: [STRACE] v=1 pid=463306 tid=463306 inv=82 hid=f0c29cefd733b2d6 depth=1 name=chip.run.claim_release ts=182546092789672 dur=220
[mono_ns=182546092809782][T0x74a0a4d67740][TIMING] emit_host_span: [STRACE] v=1 pid=463306 tid=463306 inv=82 hid=f0c29cefd733b2d6 depth=0 name=chip.run ts=182545931355322 dur=161453558 run_id=0 dispatch_id=0 slot_id=0 generation=82 run_epoch=82
[mono_ns=182546237286730][T0x74a0a4d67740][TIMING] emit_host_span: [STRACE] v=1 pid=463306 tid=463306 inv=83 hid=f0c29cefd733b2d6 depth=2 name=chip.run.bind.args ts=182546093197744 dur=144083167
[mono_ns=182546237303695][T0x74a0a4d67740][TIMING] emit_host_span: [STRACE] v=1 pid=463306 tid=463306 inv=83 hid=f0c29cefd733b2d6 depth=2 name=chip.run.bind.prebuilt ts=182546237300761 dur=2143
[mono_ns=182546237306199][T0x74a0a4d67740][TIMING] emit_host_span: [STRACE] v=1 pid=463306 tid=463306 inv=83 hid=f0c29cefd733b2d6 depth=1 name=chip.run.bind ts=182546093192446 dur=144112451
[mono_ns=182546241927215][T0x74a0a4d67740][WARN] prepare_execution: [device_runner.cpp:343] AICPU CPU_TOPO unavailable; using json_fallback: soc=Ascend950PR_9579 occupy=0x3e stable_reachable=5 requested=0 effective=5 affinity=[1, 2, 3, 4, 5(orch)]
[mono_ns=182546243629079][T0x74a0a4d67740][TIMING] emit_host_span: [STRACE] v=1 pid=463306 tid=463306 inv=83 hid=f0c29cefd733b2d6 depth=1 name=chip.run.runner_run ts=182546241968847 dur=1658970
[mono_ns=182546243957382][T0x74a0a4d67740][TIMING] emit_host_span: [STRACE] v=1 pid=463306 tid=463306 inv=83 hid=f0c29cefd733b2d6 depth=1 name=chip.run.validate ts=182546243632545 dur=324096
[mono_ns=182546243959275][T0x74a0a4d67740][TIMING] emit_host_span: [STRACE] v=1 pid=463306 tid=463306 inv=83 hid=f0c29cefd733b2d6 depth=2 name=chip.run.runner_run.device_wall ts=0 dur=1501148 clk=dev
[mono_ns=182546243960837][T0x74a0a4d67740][TIMING] emit_host_span: [STRACE] v=1 pid=463306 tid=463306 inv=83 hid=f0c29cefd733b2d6 depth=3 name=chip.run.runner_run.device_wall.preamble ts=0 dur=15661 clk=dev
[mono_ns=182546243962129][T0x74a0a4d67740][TIMING] emit_host_span: [STRACE] v=1 pid=463306 tid=463306 inv=83 hid=f0c29cefd733b2d6 depth=3 name=chip.run.runner_run.device_wall.graph_build ts=4939 dur=1489878 clk=dev
[mono_ns=182546243963141][T0x74a0a4d67740][TIMING] emit_host_span: [STRACE] v=1 pid=463306 tid=463306 inv=83 hid=f0c29cefd733b2d6 depth=3 name=chip.run.runner_run.device_wall.config_validate ts=5594 dur=1203 clk=dev
[mono_ns=182546243964092][T0x74a0a4d67740][TIMING] emit_host_span: [STRACE] v=1 pid=463306 tid=463306 inv=83 hid=f0c29cefd733b2d6 depth=3 name=chip.run.runner_run.device_wall.arena_wire ts=6907 dur=2776 clk=dev
[mono_ns=182546243965054][T0x74a0a4d67740][TIMING] emit_host_span: [STRACE] v=1 pid=463306 tid=463306 inv=83 hid=f0c29cefd733b2d6 depth=3 name=chip.run.runner_run.device_wall.sm_reset ts=9751 dur=5687 clk=dev
[mono_ns=182546243966155][T0x74a0a4d67740][TIMING] emit_host_span: [STRACE] v=1 pid=463306 tid=463306 inv=83 hid=f0c29cefd733b2d6 depth=3 name=chip.run.runner_run.device_wall.post_orch ts=1494839 dur=5542 clk=dev
[mono_ns=182546243967167][T0x74a0a4d67740][TIMING] emit_host_span: [STRACE] v=1 pid=463306 tid=463306 inv=83 hid=f0c29cefd733b2d6 depth=3 name=chip.run.runner_run.device_wall.orch ts=15690 dur=1267868 clk=dev
[mono_ns=182546243968148][T0x74a0a4d67740][TIMING] emit_host_span: [STRACE] v=1 pid=463306 tid=463306 inv=83 hid=f0c29cefd733b2d6 depth=3 name=chip.run.runner_run.device_wall.sched ts=16157 dur=1466964 clk=dev
[mono_ns=182546243969520][T0x74a0a4d67740][TIMING] emit_host_span: [STRACE] v=1 pid=463306 tid=463306 inv=83 hid=f0c29cefd733b2d6 depth=1 name=chip.run.claim_release ts=182546243968769 dur=180
[mono_ns=182546243971083][T0x74a0a4d67740][TIMING] emit_host_span: [STRACE] v=1 pid=463306 tid=463306 inv=83 hid=f0c29cefd733b2d6 depth=0 name=chip.run ts=182546093187499 dur=150782712 run_id=0 dispatch_id=0 slot_id=0 generation=83 run_epoch=83
[mono_ns=182546388411236][T0x74a0a4d67740][TIMING] emit_host_span: [STRACE] v=1 pid=463306 tid=463306 inv=84 hid=f0c29cefd733b2d6 depth=2 name=chip.run.bind.args ts=182546244325164 dur=144078010
[mono_ns=182546388433759][T0x74a0a4d67740][TIMING] emit_host_span: [STRACE] v=1 pid=463306 tid=463306 inv=84 hid=f0c29cefd733b2d6 depth=2 name=chip.run.bind.prebuilt ts=182546388430515 dur=2523
[mono_ns=182546388435722][T0x74a0a4d67740][TIMING] emit_host_span: [STRACE] v=1 pid=463306 tid=463306 inv=84 hid=f0c29cefd733b2d6 depth=1 name=chip.run.bind ts=182546244321268 dur=144113363
[mono_ns=182546393182287][T0x74a0a4d67740][WARN] prepare_execution: [device_runner.cpp:343] AICPU CPU_TOPO unavailable; using json_fallback: soc=Ascend950PR_9579 occupy=0x3e stable_reachable=5 requested=0 effective=5 affinity=[1, 2, 3, 4, 5(orch)]
[mono_ns=182546394928437][T0x74a0a4d67740][TIMING] emit_host_span: [STRACE] v=1 pid=463306 tid=463306 inv=84 hid=f0c29cefd733b2d6 depth=1 name=chip.run.runner_run ts=182546393234495 dur=1692370
[mono_ns=182546395265954][T0x74a0a4d67740][TIMING] emit_host_span: [STRACE] v=1 pid=463306 tid=463306 inv=84 hid=f0c29cefd733b2d6 depth=1 name=chip.run.validate ts=182546394933185 dur=331667
[mono_ns=182546395268107][T0x74a0a4d67740][TIMING] emit_host_span: [STRACE] v=1 pid=463306 tid=463306 inv=84 hid=f0c29cefd733b2d6 depth=2 name=chip.run.runner_run.device_wall ts=0 dur=1528561 clk=dev
[mono_ns=182546395269610][T0x74a0a4d67740][TIMING] emit_host_span: [STRACE] v=1 pid=463306 tid=463306 inv=84 hid=f0c29cefd733b2d6 depth=3 name=chip.run.runner_run.device_wall.preamble ts=0 dur=13056 clk=dev
[mono_ns=182546395270761][T0x74a0a4d67740][TIMING] emit_host_span: [STRACE] v=1 pid=463306 tid=463306 inv=84 hid=f0c29cefd733b2d6 depth=3 name=chip.run.runner_run.device_wall.graph_build ts=2142 dur=1521903 clk=dev
[mono_ns=182546395271773][T0x74a0a4d67740][TIMING] emit_host_span: [STRACE] v=1 pid=463306 tid=463306 inv=84 hid=f0c29cefd733b2d6 depth=3 name=chip.run.runner_run.device_wall.config_validate ts=2907 dur=1434 clk=dev
[mono_ns=182546395272774][T0x74a0a4d67740][TIMING] emit_host_span: [STRACE] v=1 pid=463306 tid=463306 inv=84 hid=f0c29cefd733b2d6 depth=3 name=chip.run.runner_run.device_wall.arena_wire ts=4480 dur=3750 clk=dev
[mono_ns=182546395273766][T0x74a0a4d67740][TIMING] emit_host_span: [STRACE] v=1 pid=463306 tid=463306 inv=84 hid=f0c29cefd733b2d6 depth=3 name=chip.run.runner_run.device_wall.sm_reset ts=8297 dur=5699 clk=dev
[mono_ns=182546395274988][T0x74a0a4d67740][TIMING] emit_host_span: [STRACE] v=1 pid=463306 tid=463306 inv=84 hid=f0c29cefd733b2d6 depth=3 name=chip.run.runner_run.device_wall.post_orch ts=1524158 dur=3737 clk=dev
[mono_ns=182546395275949][T0x74a0a4d67740][TIMING] emit_host_span: [STRACE] v=1 pid=463306 tid=463306 inv=84 hid=f0c29cefd733b2d6 depth=3 name=chip.run.runner_run.device_wall.orch ts=14201 dur=1307833 clk=dev
[mono_ns=182546395276931][T0x74a0a4d67740][TIMING] emit_host_span: [STRACE] v=1 pid=463306 tid=463306 inv=84 hid=f0c29cefd733b2d6 depth=3 name=chip.run.runner_run.device_wall.sched ts=14779 dur=1493442 clk=dev
[mono_ns=182546395278323][T0x74a0a4d67740][TIMING] emit_host_span: [STRACE] v=1 pid=463306 tid=463306 inv=84 hid=f0c29cefd733b2d6 depth=1 name=chip.run.claim_release ts=182546395277561 dur=211
[mono_ns=182546395279965][T0x74a0a4d67740][TIMING] emit_host_span: [STRACE] v=1 pid=463306 tid=463306 inv=84 hid=f0c29cefd733b2d6 depth=0 name=chip.run ts=182546244317122 dur=150961932 run_id=0 dispatch_id=0 slot_id=0 generation=84 run_epoch=84
[mono_ns=182546536552914][T0x74a0a4d67740][TIMING] emit_host_span: [STRACE] v=1 pid=463306 tid=463306 inv=85 hid=f0c29cefd733b2d6 depth=2 name=chip.run.bind.args ts=182546395640486 dur=140903655
[mono_ns=182546536572444][T0x74a0a4d67740][TIMING] emit_host_span: [STRACE] v=1 pid=463306 tid=463306 inv=85 hid=f0c29cefd733b2d6 depth=2 name=chip.run.bind.prebuilt ts=182546536569099 dur=2443
[mono_ns=182546536575058][T0x74a0a4d67740][TIMING] emit_host_span: [STRACE] v=1 pid=463306 tid=463306 inv=85 hid=f0c29cefd733b2d6 depth=1 name=chip.run.bind ts=182546395636480 dur=140937286
[mono_ns=182546541328112][T0x74a0a4d67740][WARN] prepare_execution: [device_runner.cpp:343] AICPU CPU_TOPO unavailable; using json_fallback: soc=Ascend950PR_9579 occupy=0x3e stable_reachable=5 requested=0 effective=5 affinity=[1, 2, 3, 4, 5(orch)]
[mono_ns=182546543031618][T0x74a0a4d67740][TIMING] emit_host_span: [STRACE] v=1 pid=463306 tid=463306 inv=85 hid=f0c29cefd733b2d6 depth=1 name=chip.run.runner_run ts=182546541389704 dur=1640783
[mono_ns=182546543333201][T0x74a0a4d67740][TIMING] emit_host_span: [STRACE] v=1 pid=463306 tid=463306 inv=85 hid=f0c29cefd733b2d6 depth=1 name=chip.run.validate ts=182546543034593 dur=297717
[mono_ns=182546543335164][T0x74a0a4d67740][TIMING] emit_host_span: [STRACE] v=1 pid=463306 tid=463306 inv=85 hid=f0c29cefd733b2d6 depth=2 name=chip.run.runner_run.device_wall ts=0 dur=1468158 clk=dev
[mono_ns=182546543336666][T0x74a0a4d67740][TIMING] emit_host_span: [STRACE] v=1 pid=463306 tid=463306 inv=85 hid=f0c29cefd733b2d6 depth=3 name=chip.run.runner_run.device_wall.preamble ts=0 dur=13679 clk=dev
[mono_ns=182546543337758][T0x74a0a4d67740][TIMING] emit_host_span: [STRACE] v=1 pid=463306 tid=463306 inv=85 hid=f0c29cefd733b2d6 depth=3 name=chip.run.runner_run.device_wall.graph_build ts=3328 dur=1460748 clk=dev
[mono_ns=182546543338749][T0x74a0a4d67740][TIMING] emit_host_span: [STRACE] v=1 pid=463306 tid=463306 inv=85 hid=f0c29cefd733b2d6 depth=3 name=chip.run.runner_run.device_wall.config_validate ts=3762 dur=1262 clk=dev
[mono_ns=182546543339711][T0x74a0a4d67740][TIMING] emit_host_span: [STRACE] v=1 pid=463306 tid=463306 inv=85 hid=f0c29cefd733b2d6 depth=3 name=chip.run.runner_run.device_wall.arena_wire ts=5125 dur=2921 clk=dev
[mono_ns=182546543340672][T0x74a0a4d67740][TIMING] emit_host_span: [STRACE] v=1 pid=463306 tid=463306 inv=85 hid=f0c29cefd733b2d6 depth=3 name=chip.run.runner_run.device_wall.sm_reset ts=8219 dur=4651 clk=dev
[mono_ns=182546543341854][T0x74a0a4d67740][TIMING] emit_host_span: [STRACE] v=1 pid=463306 tid=463306 inv=85 hid=f0c29cefd733b2d6 depth=3 name=chip.run.runner_run.device_wall.post_orch ts=1464099 dur=3992 clk=dev
[mono_ns=182546543342846][T0x74a0a4d67740][TIMING] emit_host_span: [STRACE] v=1 pid=463306 tid=463306 inv=85 hid=f0c29cefd733b2d6 depth=3 name=chip.run.runner_run.device_wall.orch ts=13116 dur=1241062 clk=dev
[mono_ns=182546543343817][T0x74a0a4d67740][TIMING] emit_host_span: [STRACE] v=1 pid=463306 tid=463306 inv=85 hid=f0c29cefd733b2d6 depth=3 name=chip.run.runner_run.device_wall.sched ts=14148 dur=1437494 clk=dev
[mono_ns=182546543345329][T0x74a0a4d67740][TIMING] emit_host_span: [STRACE] v=1 pid=463306 tid=463306 inv=85 hid=f0c29cefd733b2d6 depth=1 name=chip.run.claim_release ts=182546543344438 dur=320
[mono_ns=182546543346932][T0x74a0a4d67740][TIMING] emit_host_span: [STRACE] v=1 pid=463306 tid=463306 inv=85 hid=f0c29cefd733b2d6 depth=0 name=chip.run ts=182546395632204 dur=147713967 run_id=0 dispatch_id=0 slot_id=0 generation=85 run_epoch=85
[mono_ns=182546678491803][T0x74a0a4d67740][TIMING] emit_host_span: [STRACE] v=1 pid=463306 tid=463306 inv=86 hid=f0c29cefd733b2d6 depth=2 name=chip.run.bind.args ts=182546543717047 dur=134766914
[mono_ns=182546678512715][T0x74a0a4d67740][TIMING] emit_host_span: [STRACE] v=1 pid=463306 tid=463306 inv=86 hid=f0c29cefd733b2d6 depth=2 name=chip.run.bind.prebuilt ts=182546678509410 dur=2513
[mono_ns=182546678515779][T0x74a0a4d67740][TIMING] emit_host_span: [STRACE] v=1 pid=463306 tid=463306 inv=86 hid=f0c29cefd733b2d6 depth=1 name=chip.run.bind ts=182546543712170 dur=134802147
[mono_ns=182546683166099][T0x74a0a4d67740][WARN] prepare_execution: [device_runner.cpp:343] AICPU CPU_TOPO unavailable; using json_fallback: soc=Ascend950PR_9579 occupy=0x3e stable_reachable=5 requested=0 effective=5 affinity=[1, 2, 3, 4, 5(orch)]
[mono_ns=182546684901914][T0x74a0a4d67740][TIMING] emit_host_span: [STRACE] v=1 pid=463306 tid=463306 inv=86 hid=f0c29cefd733b2d6 depth=1 name=chip.run.runner_run ts=182546683222704 dur=1677778
[mono_ns=182546685238590][T0x74a0a4d67740][TIMING] emit_host_span: [STRACE] v=1 pid=463306 tid=463306 inv=86 hid=f0c29cefd733b2d6 depth=1 name=chip.run.validate ts=182546684905750 dur=331778
[mono_ns=182546685241504][T0x74a0a4d67740][TIMING] emit_host_span: [STRACE] v=1 pid=463306 tid=463306 inv=86 hid=f0c29cefd733b2d6 depth=2 name=chip.run.runner_run.device_wall ts=0 dur=1507914 clk=dev
[mono_ns=182546685247743][T0x74a0a4d67740][TIMING] emit_host_span: [STRACE] v=1 pid=463306 tid=463306 inv=86 hid=f0c29cefd733b2d6 depth=3 name=chip.run.runner_run.device_wall.preamble ts=0 dur=11885 clk=dev
[mono_ns=182546685249115][T0x74a0a4d67740][TIMING] emit_host_span: [STRACE] v=1 pid=463306 tid=463306 inv=86 hid=f0c29cefd733b2d6 depth=3 name=chip.run.runner_run.device_wall.graph_build ts=1998 dur=1501321 clk=dev
[mono_ns=182546685250177][T0x74a0a4d67740][TIMING] emit_host_span: [STRACE] v=1 pid=463306 tid=463306 inv=86 hid=f0c29cefd733b2d6 depth=3 name=chip.run.runner_run.device_wall.config_validate ts=2614 dur=1486 clk=dev
[mono_ns=182546685251229][T0x74a0a4d67740][TIMING] emit_host_span: [STRACE] v=1 pid=463306 tid=463306 inv=86 hid=f0c29cefd733b2d6 depth=3 name=chip.run.runner_run.device_wall.arena_wire ts=4167 dur=3975 clk=dev
[mono_ns=182546685252280][T0x74a0a4d67740][TIMING] emit_host_span: [STRACE] v=1 pid=463306 tid=463306 inv=86 hid=f0c29cefd733b2d6 depth=3 name=chip.run.runner_run.device_wall.sm_reset ts=8226 dur=4814 clk=dev
[mono_ns=182546685253382][T0x74a0a4d67740][TIMING] emit_host_span: [STRACE] v=1 pid=463306 tid=463306 inv=86 hid=f0c29cefd733b2d6 depth=3 name=chip.run.runner_run.device_wall.post_orch ts=1503332 dur=4339 clk=dev
[mono_ns=182546685254383][T0x74a0a4d67740][TIMING] emit_host_span: [STRACE] v=1 pid=463306 tid=463306 inv=86 hid=f0c29cefd733b2d6 depth=3 name=chip.run.runner_run.device_wall.orch ts=13073 dur=1290578 clk=dev
[mono_ns=182546685255385][T0x74a0a4d67740][TIMING] emit_host_span: [STRACE] v=1 pid=463306 tid=463306 inv=86 hid=f0c29cefd733b2d6 depth=3 name=chip.run.runner_run.device_wall.sched ts=13914 dur=1476443 clk=dev
[mono_ns=182546685256897][T0x74a0a4d67740][TIMING] emit_host_span: [STRACE] v=1 pid=463306 tid=463306 inv=86 hid=f0c29cefd733b2d6 depth=1 name=chip.run.claim_release ts=182546685256026 dur=280
[mono_ns=182546685258600][T0x74a0a4d67740][TIMING] emit_host_span: [STRACE] v=1 pid=463306 tid=463306 inv=86 hid=f0c29cefd733b2d6 depth=0 name=chip.run ts=182546543706762 dur=141551086 run_id=0 dispatch_id=0 slot_id=0 generation=86 run_epoch=86
[mono_ns=182546828413133][T0x74a0a4d67740][TIMING] emit_host_span: [STRACE] v=1 pid=463306 tid=463306 inv=87 hid=f0c29cefd733b2d6 depth=2 name=chip.run.bind.args ts=182546685623928 dur=142783346
[mono_ns=182546828428867][T0x74a0a4d67740][TIMING] emit_host_span: [STRACE] v=1 pid=463306 tid=463306 inv=87 hid=f0c29cefd733b2d6 depth=2 name=chip.run.bind.prebuilt ts=182546828425812 dur=2263
[mono_ns=182546828431430][T0x74a0a4d67740][TIMING] emit_host_span: [STRACE] v=1 pid=463306 tid=463306 inv=87 hid=f0c29cefd733b2d6 depth=1 name=chip.run.bind ts=182546685618670 dur=142811509
[mono_ns=182546833146558][T0x74a0a4d67740][WARN] prepare_execution: [device_runner.cpp:343] AICPU CPU_TOPO unavailable; using json_fallback: soc=Ascend950PR_9579 occupy=0x3e stable_reachable=5 requested=0 effective=5 affinity=[1, 2, 3, 4, 5(orch)]
[mono_ns=182546834917506][T0x74a0a4d67740][TIMING] emit_host_span: [STRACE] v=1 pid=463306 tid=463306 inv=87 hid=f0c29cefd733b2d6 depth=1 name=chip.run.runner_run ts=182546833194710 dur=1721534
[mono_ns=182546835280991][T0x74a0a4d67740][TIMING] emit_host_span: [STRACE] v=1 pid=463306 tid=463306 inv=87 hid=f0c29cefd733b2d6 depth=1 name=chip.run.validate ts=182546834921371 dur=358819
[mono_ns=182546835283525][T0x74a0a4d67740][TIMING] emit_host_span: [STRACE] v=1 pid=463306 tid=463306 inv=87 hid=f0c29cefd733b2d6 depth=2 name=chip.run.runner_run.device_wall ts=0 dur=1550543 clk=dev
[mono_ns=182546835285167][T0x74a0a4d67740][TIMING] emit_host_span: [STRACE] v=1 pid=463306 tid=463306 inv=87 hid=f0c29cefd733b2d6 depth=3 name=chip.run.runner_run.device_wall.preamble ts=0 dur=14857 clk=dev
[mono_ns=182546835286509][T0x74a0a4d67740][TIMING] emit_host_span: [STRACE] v=1 pid=463306 tid=463306 inv=87 hid=f0c29cefd733b2d6 depth=3 name=chip.run.runner_run.device_wall.graph_build ts=4909 dur=1541174 clk=dev
[mono_ns=182546835292408][T0x74a0a4d67740][TIMING] emit_host_span: [STRACE] v=1 pid=463306 tid=463306 inv=87 hid=f0c29cefd733b2d6 depth=3 name=chip.run.runner_run.device_wall.config_validate ts=5607 dur=1837 clk=dev
[mono_ns=182546835293440][T0x74a0a4d67740][TIMING] emit_host_span: [STRACE] v=1 pid=463306 tid=463306 inv=87 hid=f0c29cefd733b2d6 depth=3 name=chip.run.runner_run.device_wall.arena_wire ts=7461 dur=3729 clk=dev
[mono_ns=182546835294451][T0x74a0a4d67740][TIMING] emit_host_span: [STRACE] v=1 pid=463306 tid=463306 inv=87 hid=f0c29cefd733b2d6 depth=3 name=chip.run.runner_run.device_wall.sm_reset ts=11209 dur=4108 clk=dev
[mono_ns=182546835295673][T0x74a0a4d67740][TIMING] emit_host_span: [STRACE] v=1 pid=463306 tid=463306 inv=87 hid=f0c29cefd733b2d6 depth=3 name=chip.run.runner_run.device_wall.post_orch ts=1546097 dur=4046 clk=dev
[mono_ns=182546835296935][T0x74a0a4d67740][TIMING] emit_host_span: [STRACE] v=1 pid=463306 tid=463306 inv=87 hid=f0c29cefd733b2d6 depth=3 name=chip.run.runner_run.device_wall.orch ts=15532 dur=1289754 clk=dev
[mono_ns=182546835297937][T0x74a0a4d67740][TIMING] emit_host_span: [STRACE] v=1 pid=463306 tid=463306 inv=87 hid=f0c29cefd733b2d6 depth=3 name=chip.run.runner_run.device_wall.sched ts=15906 dur=1517350 clk=dev
[mono_ns=182546835299299][T0x74a0a4d67740][TIMING] emit_host_span: [STRACE] v=1 pid=463306 tid=463306 inv=87 hid=f0c29cefd733b2d6 depth=1 name=chip.run.claim_release ts=182546835298547 dur=191
[mono_ns=182546835301121][T0x74a0a4d67740][TIMING] emit_host_span: [STRACE] v=1 pid=463306 tid=463306 inv=87 hid=f0c29cefd733b2d6 depth=0 name=chip.run ts=182546685613412 dur=149686788 run_id=0 dispatch_id=0 slot_id=0 generation=87 run_epoch=87
[mono_ns=182546983183611][T0x74a0a4d67740][TIMING] emit_host_span: [STRACE] v=1 pid=463306 tid=463306 inv=88 hid=f0c29cefd733b2d6 depth=2 name=chip.run.bind.args ts=182546835652799 dur=147524663
[mono_ns=182546983200977][T0x74a0a4d67740][TIMING] emit_host_span: [STRACE] v=1 pid=463306 tid=463306 inv=88 hid=f0c29cefd733b2d6 depth=2 name=chip.run.bind.prebuilt ts=182546983197792 dur=2364
[mono_ns=182546983203851][T0x74a0a4d67740][TIMING] emit_host_span: [STRACE] v=1 pid=463306 tid=463306 inv=88 hid=f0c29cefd733b2d6 depth=1 name=chip.run.bind ts=182546835648463 dur=147553916
[mono_ns=182546987824657][T0x74a0a4d67740][WARN] prepare_execution: [device_runner.cpp:343] AICPU CPU_TOPO unavailable; using json_fallback: soc=Ascend950PR_9579 occupy=0x3e stable_reachable=5 requested=0 effective=5 affinity=[1, 2, 3, 4, 5(orch)]
[mono_ns=182546989589005][T0x74a0a4d67740][TIMING] emit_host_span: [STRACE] v=1 pid=463306 tid=463306 inv=88 hid=f0c29cefd733b2d6 depth=1 name=chip.run.runner_run ts=182546987866390 dur=1720822
[mono_ns=182546989929126][T0x74a0a4d67740][TIMING] emit_host_span: [STRACE] v=1 pid=463306 tid=463306 inv=88 hid=f0c29cefd733b2d6 depth=1 name=chip.run.validate ts=182546989593031 dur=335203
[mono_ns=182546989930968][T0x74a0a4d67740][TIMING] emit_host_span: [STRACE] v=1 pid=463306 tid=463306 inv=88 hid=f0c29cefd733b2d6 depth=2 name=chip.run.runner_run.device_wall ts=0 dur=1524395 clk=dev
[mono_ns=182546989932581][T0x74a0a4d67740][TIMING] emit_host_span: [STRACE] v=1 pid=463306 tid=463306 inv=88 hid=f0c29cefd733b2d6 depth=3 name=chip.run.runner_run.device_wall.preamble ts=0 dur=14912 clk=dev
[mono_ns=182546989933652][T0x74a0a4d67740][TIMING] emit_host_span: [STRACE] v=1 pid=463306 tid=463306 inv=88 hid=f0c29cefd733b2d6 depth=3 name=chip.run.runner_run.device_wall.graph_build ts=5162 dur=1514760 clk=dev
[mono_ns=182546989934694][T0x74a0a4d67740][TIMING] emit_host_span: [STRACE] v=1 pid=463306 tid=463306 inv=88 hid=f0c29cefd733b2d6 depth=3 name=chip.run.runner_run.device_wall.config_validate ts=5833 dur=1390 clk=dev
[mono_ns=182546989935695][T0x74a0a4d67740][TIMING] emit_host_span: [STRACE] v=1 pid=463306 tid=463306 inv=88 hid=f0c29cefd733b2d6 depth=3 name=chip.run.runner_run.device_wall.arena_wire ts=7493 dur=3072 clk=dev
[mono_ns=182546989936717][T0x74a0a4d67740][TIMING] emit_host_span: [STRACE] v=1 pid=463306 tid=463306 inv=88 hid=f0c29cefd733b2d6 depth=3 name=chip.run.runner_run.device_wall.sm_reset ts=10587 dur=4848 clk=dev
[mono_ns=182546989941995][T0x74a0a4d67740][TIMING] emit_host_span: [STRACE] v=1 pid=463306 tid=463306 inv=88 hid=f0c29cefd733b2d6 depth=3 name=chip.run.runner_run.device_wall.post_orch ts=1519946 dur=3742 clk=dev
[mono_ns=182546989943106][T0x74a0a4d67740][TIMING] emit_host_span: [STRACE] v=1 pid=463306 tid=463306 inv=88 hid=f0c29cefd733b2d6 depth=3 name=chip.run.runner_run.device_wall.orch ts=15645 dur=1312536 clk=dev
[mono_ns=182546989944098][T0x74a0a4d67740][TIMING] emit_host_span: [STRACE] v=1 pid=463306 tid=463306 inv=88 hid=f0c29cefd733b2d6 depth=3 name=chip.run.runner_run.device_wall.sched ts=16112 dur=1487747 clk=dev
[mono_ns=182546989945640][T0x74a0a4d67740][TIMING] emit_host_span: [STRACE] v=1 pid=463306 tid=463306 inv=88 hid=f0c29cefd733b2d6 depth=1 name=chip.run.claim_release ts=182546989944729 dur=340
[mono_ns=182546989947263][T0x74a0a4d67740][TIMING] emit_host_span: [STRACE] v=1 pid=463306 tid=463306 inv=88 hid=f0c29cefd733b2d6 depth=0 name=chip.run ts=182546835643926 dur=154302666 run_id=0 dispatch_id=0 slot_id=0 generation=88 run_epoch=88
[mono_ns=182547131231399][T0x74a0a4d67740][TIMING] emit_host_span: [STRACE] v=1 pid=463306 tid=463306 inv=89 hid=f0c29cefd733b2d6 depth=2 name=chip.run.bind.args ts=182546990297178 dur=140928252
[mono_ns=182547131248334][T0x74a0a4d67740][TIMING] emit_host_span: [STRACE] v=1 pid=463306 tid=463306 inv=89 hid=f0c29cefd733b2d6 depth=2 name=chip.run.bind.prebuilt ts=182547131245490 dur=2083
[mono_ns=182547131250698][T0x74a0a4d67740][TIMING] emit_host_span: [STRACE] v=1 pid=463306 tid=463306 inv=89 hid=f0c29cefd733b2d6 depth=1 name=chip.run.bind ts=182546990292992 dur=140956514
[mono_ns=182547135858954][T0x74a0a4d67740][WARN] prepare_execution: [device_runner.cpp:343] AICPU CPU_TOPO unavailable; using json_fallback: soc=Ascend950PR_9579 occupy=0x3e stable_reachable=5 requested=0 effective=5 affinity=[1, 2, 3, 4, 5(orch)]
[mono_ns=182547137595611][T0x74a0a4d67740][TIMING] emit_host_span: [STRACE] v=1 pid=463306 tid=463306 inv=89 hid=f0c29cefd733b2d6 depth=1 name=chip.run.runner_run ts=182547135899756 dur=1694513
[mono_ns=182547137941720][T0x74a0a4d67740][TIMING] emit_host_span: [STRACE] v=1 pid=463306 tid=463306 inv=89 hid=f0c29cefd733b2d6 depth=1 name=chip.run.validate ts=182547137599397 dur=341492
[mono_ns=182547137943693][T0x74a0a4d67740][TIMING] emit_host_span: [STRACE] v=1 pid=463306 tid=463306 inv=89 hid=f0c29cefd733b2d6 depth=2 name=chip.run.runner_run.device_wall ts=0 dur=1549437 clk=dev
[mono_ns=182547137945286][T0x74a0a4d67740][TIMING] emit_host_span: [STRACE] v=1 pid=463306 tid=463306 inv=89 hid=f0c29cefd733b2d6 depth=3 name=chip.run.runner_run.device_wall.preamble ts=0 dur=13180 clk=dev
[mono_ns=182547137946528][T0x74a0a4d67740][TIMING] emit_host_span: [STRACE] v=1 pid=463306 tid=463306 inv=89 hid=f0c29cefd733b2d6 depth=3 name=chip.run.runner_run.device_wall.graph_build ts=3081 dur=1541449 clk=dev
[mono_ns=182547137947559][T0x74a0a4d67740][TIMING] emit_host_span: [STRACE] v=1 pid=463306 tid=463306 inv=89 hid=f0c29cefd733b2d6 depth=3 name=chip.run.runner_run.device_wall.config_validate ts=3799 dur=1418 clk=dev
[mono_ns=182547137948541][T0x74a0a4d67740][TIMING] emit_host_span: [STRACE] v=1 pid=463306 tid=463306 inv=89 hid=f0c29cefd733b2d6 depth=3 name=chip.run.runner_run.device_wall.arena_wire ts=5331 dur=3707 clk=dev
[mono_ns=182547137949522][T0x74a0a4d67740][TIMING] emit_host_span: [STRACE] v=1 pid=463306 tid=463306 inv=89 hid=f0c29cefd733b2d6 depth=3 name=chip.run.runner_run.device_wall.sm_reset ts=9113 dur=4768 clk=dev
[mono_ns=182547137950804][T0x74a0a4d67740][TIMING] emit_host_span: [STRACE] v=1 pid=463306 tid=463306 inv=89 hid=f0c29cefd733b2d6 depth=3 name=chip.run.runner_run.device_wall.post_orch ts=1544585 dur=4742 clk=dev
[mono_ns=182547137951796][T0x74a0a4d67740][TIMING] emit_host_span: [STRACE] v=1 pid=463306 tid=463306 inv=89 hid=f0c29cefd733b2d6 depth=3 name=chip.run.runner_run.device_wall.orch ts=14081 dur=1308813 clk=dev
[mono_ns=182547137952787][T0x74a0a4d67740][TIMING] emit_host_span: [STRACE] v=1 pid=463306 tid=463306 inv=89 hid=f0c29cefd733b2d6 depth=3 name=chip.run.runner_run.device_wall.sched ts=14714 dur=1518366 clk=dev
[mono_ns=182547137959297][T0x74a0a4d67740][TIMING] emit_host_span: [STRACE] v=1 pid=463306 tid=463306 inv=89 hid=f0c29cefd733b2d6 depth=1 name=chip.run.claim_release ts=182547137958646 dur=70
[mono_ns=182547137960929][T0x74a0a4d67740][TIMING] emit_host_span: [STRACE] v=1 pid=463306 tid=463306 inv=89 hid=f0c29cefd733b2d6 depth=0 name=chip.run ts=182546990288355 dur=147671893 run_id=0 dispatch_id=0 slot_id=0 generation=89 run_epoch=89
[mono_ns=182547291146438][T0x74a0a4d67740][TIMING] emit_host_span: [STRACE] v=1 pid=463306 tid=463306 inv=90 hid=f0c29cefd733b2d6 depth=2 name=chip.run.bind.args ts=182547138303654 dur=152833601
[mono_ns=182547291167680][T0x74a0a4d67740][TIMING] emit_host_span: [STRACE] v=1 pid=463306 tid=463306 inv=90 hid=f0c29cefd733b2d6 depth=2 name=chip.run.bind.prebuilt ts=182547291164115 dur=2644
[mono_ns=182547291170555][T0x74a0a4d67740][TIMING] emit_host_span: [STRACE] v=1 pid=463306 tid=463306 inv=90 hid=f0c29cefd733b2d6 depth=1 name=chip.run.bind ts=182547138299778 dur=152869354
[mono_ns=182547295799422][T0x74a0a4d67740][WARN] prepare_execution: [device_runner.cpp:343] AICPU CPU_TOPO unavailable; using json_fallback: soc=Ascend950PR_9579 occupy=0x3e stable_reachable=5 requested=0 effective=5 affinity=[1, 2, 3, 4, 5(orch)]
[mono_ns=182547297551622][T0x74a0a4d67740][TIMING] emit_host_span: [STRACE] v=1 pid=463306 tid=463306 inv=90 hid=f0c29cefd733b2d6 depth=1 name=chip.run.runner_run ts=182547295839663 dur=1710467
[mono_ns=182547297882399][T0x74a0a4d67740][TIMING] emit_host_span: [STRACE] v=1 pid=463306 tid=463306 inv=90 hid=f0c29cefd733b2d6 depth=1 name=chip.run.validate ts=182547297555418 dur=326149
[mono_ns=182547297884191][T0x74a0a4d67740][TIMING] emit_host_span: [STRACE] v=1 pid=463306 tid=463306 inv=90 hid=f0c29cefd733b2d6 depth=2 name=chip.run.runner_run.device_wall ts=0 dur=1535783 clk=dev
[mono_ns=182547297885794][T0x74a0a4d67740][TIMING] emit_host_span: [STRACE] v=1 pid=463306 tid=463306 inv=90 hid=f0c29cefd733b2d6 depth=3 name=chip.run.runner_run.device_wall.preamble ts=0 dur=15174 clk=dev
[mono_ns=182547297887096][T0x74a0a4d67740][TIMING] emit_host_span: [STRACE] v=1 pid=463306 tid=463306 inv=90 hid=f0c29cefd733b2d6 depth=3 name=chip.run.runner_run.device_wall.graph_build ts=5223 dur=1526286 clk=dev
[mono_ns=182547297888147][T0x74a0a4d67740][TIMING] emit_host_span: [STRACE] v=1 pid=463306 tid=463306 inv=90 hid=f0c29cefd733b2d6 depth=3 name=chip.run.runner_run.device_wall.config_validate ts=5487 dur=1396 clk=dev
[mono_ns=182547297889159][T0x74a0a4d67740][TIMING] emit_host_span: [STRACE] v=1 pid=463306 tid=463306 inv=90 hid=f0c29cefd733b2d6 depth=3 name=chip.run.runner_run.device_wall.arena_wire ts=7140 dur=3107 clk=dev
[mono_ns=182547297890180][T0x74a0a4d67740][TIMING] emit_host_span: [STRACE] v=1 pid=463306 tid=463306 inv=90 hid=f0c29cefd733b2d6 depth=3 name=chip.run.runner_run.device_wall.sm_reset ts=10264 dur=5499 clk=dev
[mono_ns=182547297891222][T0x74a0a4d67740][TIMING] emit_host_span: [STRACE] v=1 pid=463306 tid=463306 inv=90 hid=f0c29cefd733b2d6 depth=3 name=chip.run.runner_run.device_wall.post_orch ts=1531528 dur=3693 clk=dev
[mono_ns=182547297892223][T0x74a0a4d67740][TIMING] emit_host_span: [STRACE] v=1 pid=463306 tid=463306 inv=90 hid=f0c29cefd733b2d6 depth=3 name=chip.run.runner_run.device_wall.orch ts=15815 dur=1323789 clk=dev
[mono_ns=182547297893225][T0x74a0a4d67740][TIMING] emit_host_span: [STRACE] v=1 pid=463306 tid=463306 inv=90 hid=f0c29cefd733b2d6 depth=3 name=chip.run.runner_run.device_wall.sched ts=16617 dur=1500762 clk=dev
[mono_ns=182547297894507][T0x74a0a4d67740][TIMING] emit_host_span: [STRACE] v=1 pid=463306 tid=463306 inv=90 hid=f0c29cefd733b2d6 depth=1 name=chip.run.claim_release ts=182547297893846 dur=100
[mono_ns=182547297895939][T0x74a0a4d67740][TIMING] emit_host_span: [STRACE] v=1 pid=463306 tid=463306 inv=90 hid=f0c29cefd733b2d6 depth=0 name=chip.run ts=182547138295401 dur=159599897 run_id=0 dispatch_id=0 slot_id=0 generation=90 run_epoch=90
[mono_ns=182547447439251][T0x74a0a4d67740][TIMING] emit_host_span: [STRACE] v=1 pid=463306 tid=463306 inv=91 hid=f0c29cefd733b2d6 depth=2 name=chip.run.bind.args ts=182547298294767 dur=149136643
[mono_ns=182547447459111][T0x74a0a4d67740][TIMING] emit_host_span: [STRACE] v=1 pid=463306 tid=463306 inv=91 hid=f0c29cefd733b2d6 depth=2 name=chip.run.bind.prebuilt ts=182547447455786 dur=2464
[mono_ns=182547447462046][T0x74a0a4d67740][TIMING] emit_host_span: [STRACE] v=1 pid=463306 tid=463306 inv=91 hid=f0c29cefd733b2d6 depth=1 name=chip.run.bind ts=182547298290251 dur=149170312
[mono_ns=182547452096692][T0x74a0a4d67740][WARN] prepare_execution: [device_runner.cpp:343] AICPU CPU_TOPO unavailable; using json_fallback: soc=Ascend950PR_9579 occupy=0x3e stable_reachable=5 requested=0 effective=5 affinity=[1, 2, 3, 4, 5(orch)]
[mono_ns=182547453838306][T0x74a0a4d67740][TIMING] emit_host_span: [STRACE] v=1 pid=463306 tid=463306 inv=91 hid=f0c29cefd733b2d6 depth=1 name=chip.run.runner_run ts=182547452140938 dur=1696106
[mono_ns=182547454172638][T0x74a0a4d67740][TIMING] emit_host_span: [STRACE] v=1 pid=463306 tid=463306 inv=91 hid=f0c29cefd733b2d6 depth=1 name=chip.run.validate ts=182547453842682 dur=329034
[mono_ns=182547454174891][T0x74a0a4d67740][TIMING] emit_host_span: [STRACE] v=1 pid=463306 tid=463306 inv=91 hid=f0c29cefd733b2d6 depth=2 name=chip.run.runner_run.device_wall ts=0 dur=1542270 clk=dev
[mono_ns=182547454176594][T0x74a0a4d67740][TIMING] emit_host_span: [STRACE] v=1 pid=463306 tid=463306 inv=91 hid=f0c29cefd733b2d6 depth=3 name=chip.run.runner_run.device_wall.preamble ts=0 dur=13838 clk=dev
[mono_ns=182547454177926][T0x74a0a4d67740][TIMING] emit_host_span: [STRACE] v=1 pid=463306 tid=463306 inv=91 hid=f0c29cefd733b2d6 depth=3 name=chip.run.runner_run.device_wall.graph_build ts=3445 dur=1534612 clk=dev
[mono_ns=182547454178947][T0x74a0a4d67740][TIMING] emit_host_span: [STRACE] v=1 pid=463306 tid=463306 inv=91 hid=f0c29cefd733b2d6 depth=3 name=chip.run.runner_run.device_wall.config_validate ts=4153 dur=1677 clk=dev
[mono_ns=182547454179929][T0x74a0a4d67740][TIMING] emit_host_span: [STRACE] v=1 pid=463306 tid=463306 inv=91 hid=f0c29cefd733b2d6 depth=3 name=chip.run.runner_run.device_wall.arena_wire ts=5920 dur=2776 clk=dev
[mono_ns=182547454180950][T0x74a0a4d67740][TIMING] emit_host_span: [STRACE] v=1 pid=463306 tid=463306 inv=91 hid=f0c29cefd733b2d6 depth=3 name=chip.run.runner_run.device_wall.sm_reset ts=8794 dur=5152 clk=dev
[mono_ns=182547454182222][T0x74a0a4d67740][TIMING] emit_host_span: [STRACE] v=1 pid=463306 tid=463306 inv=91 hid=f0c29cefd733b2d6 depth=3 name=chip.run.runner_run.device_wall.post_orch ts=1538079 dur=4133 clk=dev
[mono_ns=182547454183213][T0x74a0a4d67740][TIMING] emit_host_span: [STRACE] v=1 pid=463306 tid=463306 inv=91 hid=f0c29cefd733b2d6 depth=3 name=chip.run.runner_run.device_wall.orch ts=14120 dur=1275995 clk=dev
[mono_ns=182547454184205][T0x74a0a4d67740][TIMING] emit_host_span: [STRACE] v=1 pid=463306 tid=463306 inv=91 hid=f0c29cefd733b2d6 depth=3 name=chip.run.runner_run.device_wall.sched ts=14586 dur=1510672 clk=dev
[mono_ns=182547454185817][T0x74a0a4d67740][TIMING] emit_host_span: [STRACE] v=1 pid=463306 tid=463306 inv=91 hid=f0c29cefd733b2d6 depth=1 name=chip.run.claim_release ts=182547454184956 dur=311
[mono_ns=182547454187931][T0x74a0a4d67740][TIMING] emit_host_span: [STRACE] v=1 pid=463306 tid=463306 inv=91 hid=f0c29cefd733b2d6 depth=0 name=chip.run ts=182547298285363 dur=155901466 run_id=0 dispatch_id=0 slot_id=0 generation=91 run_epoch=91
[mono_ns=182547596519469][T0x74a0a4d67740][TIMING] emit_host_span: [STRACE] v=1 pid=463306 tid=463306 inv=92 hid=f0c29cefd733b2d6 depth=2 name=chip.run.bind.args ts=182547454551286 dur=141962775
[mono_ns=182547596537295][T0x74a0a4d67740][TIMING] emit_host_span: [STRACE] v=1 pid=463306 tid=463306 inv=92 hid=f0c29cefd733b2d6 depth=2 name=chip.run.bind.prebuilt ts=182547596534161 dur=2373
[mono_ns=182547596539779][T0x74a0a4d67740][TIMING] emit_host_span: [STRACE] v=1 pid=463306 tid=463306 inv=92 hid=f0c29cefd733b2d6 depth=1 name=chip.run.bind ts=182547454546549 dur=141992038
[mono_ns=182547601215147][T0x74a0a4d67740][WARN] prepare_execution: [device_runner.cpp:343] AICPU CPU_TOPO unavailable; using json_fallback: soc=Ascend950PR_9579 occupy=0x3e stable_reachable=5 requested=0 effective=5 affinity=[1, 2, 3, 4, 5(orch)]
[mono_ns=182547602925934][T0x74a0a4d67740][TIMING] emit_host_span: [STRACE] v=1 pid=463306 tid=463306 inv=92 hid=f0c29cefd733b2d6 depth=1 name=chip.run.runner_run ts=182547601271321 dur=1653271
[mono_ns=182547603262610][T0x74a0a4d67740][TIMING] emit_host_span: [STRACE] v=1 pid=463306 tid=463306 inv=92 hid=f0c29cefd733b2d6 depth=1 name=chip.run.validate ts=182547602930922 dur=330816
[mono_ns=182547603264863][T0x74a0a4d67740][TIMING] emit_host_span: [STRACE] v=1 pid=463306 tid=463306 inv=92 hid=f0c29cefd733b2d6 depth=2 name=chip.run.runner_run.device_wall ts=0 dur=1494096 clk=dev
[mono_ns=182547603266455][T0x74a0a4d67740][TIMING] emit_host_span: [STRACE] v=1 pid=463306 tid=463306 inv=92 hid=f0c29cefd733b2d6 depth=3 name=chip.run.runner_run.device_wall.preamble ts=0 dur=14131 clk=dev
[mono_ns=182547603267757][T0x74a0a4d67740][TIMING] emit_host_span: [STRACE] v=1 pid=463306 tid=463306 inv=92 hid=f0c29cefd733b2d6 depth=3 name=chip.run.runner_run.device_wall.graph_build ts=3334 dur=1486263 clk=dev
[mono_ns=182547603268819][T0x74a0a4d67740][TIMING] emit_host_span: [STRACE] v=1 pid=463306 tid=463306 inv=92 hid=f0c29cefd733b2d6 depth=3 name=chip.run.runner_run.device_wall.config_validate ts=4081 dur=1550 clk=dev
[mono_ns=182547603269830][T0x74a0a4d67740][TIMING] emit_host_span: [STRACE] v=1 pid=463306 tid=463306 inv=92 hid=f0c29cefd733b2d6 depth=3 name=chip.run.runner_run.device_wall.arena_wire ts=5822 dur=3211 clk=dev
[mono_ns=182547603270842][T0x74a0a4d67740][TIMING] emit_host_span: [STRACE] v=1 pid=463306 tid=463306 inv=92 hid=f0c29cefd733b2d6 depth=3 name=chip.run.runner_run.device_wall.sm_reset ts=9101 dur=5398 clk=dev
[mono_ns=182547603271863][T0x74a0a4d67740][TIMING] emit_host_span: [STRACE] v=1 pid=463306 tid=463306 inv=92 hid=f0c29cefd733b2d6 depth=3 name=chip.run.runner_run.device_wall.post_orch ts=1489664 dur=4241 clk=dev
[mono_ns=182547603272865][T0x74a0a4d67740][TIMING] emit_host_span: [STRACE] v=1 pid=463306 tid=463306 inv=92 hid=f0c29cefd733b2d6 depth=3 name=chip.run.runner_run.device_wall.orch ts=14540 dur=1287172 clk=dev
[mono_ns=182547603273846][T0x74a0a4d67740][TIMING] emit_host_span: [STRACE] v=1 pid=463306 tid=463306 inv=92 hid=f0c29cefd733b2d6 depth=3 name=chip.run.runner_run.device_wall.sched ts=15208 dur=1461975 clk=dev
[mono_ns=182547603275389][T0x74a0a4d67740][TIMING] emit_host_span: [STRACE] v=1 pid=463306 tid=463306 inv=92 hid=f0c29cefd733b2d6 depth=1 name=chip.run.claim_release ts=182547603274608 dur=200
[mono_ns=182547603276841][T0x74a0a4d67740][TIMING] emit_host_span: [STRACE] v=1 pid=463306 tid=463306 inv=92 hid=f0c29cefd733b2d6 depth=0 name=chip.run ts=182547454541571 dur=148734629 run_id=0 dispatch_id=0 slot_id=0 generation=92 run_epoch=92
[mono_ns=182547744900366][T0x74a0a4d67740][TIMING] emit_host_span: [STRACE] v=1 pid=463306 tid=463306 inv=93 hid=f0c29cefd733b2d6 depth=2 name=chip.run.bind.args ts=182547603639195 dur=141253189
[mono_ns=182547744921648][T0x74a0a4d67740][TIMING] emit_host_span: [STRACE] v=1 pid=463306 tid=463306 inv=93 hid=f0c29cefd733b2d6 depth=2 name=chip.run.bind.prebuilt ts=182547744918163 dur=2564
[mono_ns=182547744924403][T0x74a0a4d67740][TIMING] emit_host_span: [STRACE] v=1 pid=463306 tid=463306 inv=93 hid=f0c29cefd733b2d6 depth=1 name=chip.run.bind ts=182547603634378 dur=141288632
[mono_ns=182547749561142][T0x74a0a4d67740][WARN] prepare_execution: [device_runner.cpp:343] AICPU CPU_TOPO unavailable; using json_fallback: soc=Ascend950PR_9579 occupy=0x3e stable_reachable=5 requested=0 effective=5 affinity=[1, 2, 3, 4, 5(orch)]
[mono_ns=182547751346922][T0x74a0a4d67740][TIMING] emit_host_span: [STRACE] v=1 pid=463306 tid=463306 inv=93 hid=f0c29cefd733b2d6 depth=1 name=chip.run.runner_run ts=182547749623936 dur=1721244
[mono_ns=182547751685721][T0x74a0a4d67740][TIMING] emit_host_span: [STRACE] v=1 pid=463306 tid=463306 inv=93 hid=f0c29cefd733b2d6 depth=1 name=chip.run.validate ts=182547751356426 dur=328413
[mono_ns=182547751687624][T0x74a0a4d67740][TIMING] emit_host_span: [STRACE] v=1 pid=463306 tid=463306 inv=93 hid=f0c29cefd733b2d6 depth=2 name=chip.run.runner_run.device_wall ts=0 dur=1538801 clk=dev
[mono_ns=182547751689006][T0x74a0a4d67740][TIMING] emit_host_span: [STRACE] v=1 pid=463306 tid=463306 inv=93 hid=f0c29cefd733b2d6 depth=3 name=chip.run.runner_run.device_wall.preamble ts=0 dur=13278 clk=dev
[mono_ns=182547751690067][T0x74a0a4d67740][TIMING] emit_host_span: [STRACE] v=1 pid=463306 tid=463306 inv=93 hid=f0c29cefd733b2d6 depth=3 name=chip.run.runner_run.device_wall.graph_build ts=3046 dur=1531746 clk=dev
[mono_ns=182547751691109][T0x74a0a4d67740][TIMING] emit_host_span: [STRACE] v=1 pid=463306 tid=463306 inv=93 hid=f0c29cefd733b2d6 depth=3 name=chip.run.runner_run.device_wall.config_validate ts=3794 dur=1349 clk=dev
[mono_ns=182547751692110][T0x74a0a4d67740][TIMING] emit_host_span: [STRACE] v=1 pid=463306 tid=463306 inv=93 hid=f0c29cefd733b2d6 depth=3 name=chip.run.runner_run.device_wall.arena_wire ts=5202 dur=3296 clk=dev
[mono_ns=182547751693142][T0x74a0a4d67740][TIMING] emit_host_span: [STRACE] v=1 pid=463306 tid=463306 inv=93 hid=f0c29cefd733b2d6 depth=3 name=chip.run.runner_run.device_wall.sm_reset ts=8520 dur=4534 clk=dev
[mono_ns=182547751694264][T0x74a0a4d67740][TIMING] emit_host_span: [STRACE] v=1 pid=463306 tid=463306 inv=93 hid=f0c29cefd733b2d6 depth=3 name=chip.run.runner_run.device_wall.post_orch ts=1534810 dur=3933 clk=dev
[mono_ns=182547751695275][T0x74a0a4d67740][TIMING] emit_host_span: [STRACE] v=1 pid=463306 tid=463306 inv=93 hid=f0c29cefd733b2d6 depth=3 name=chip.run.runner_run.device_wall.orch ts=13235 dur=1297337 clk=dev
[mono_ns=182547751696267][T0x74a0a4d67740][TIMING] emit_host_span: [STRACE] v=1 pid=463306 tid=463306 inv=93 hid=f0c29cefd733b2d6 depth=3 name=chip.run.runner_run.device_wall.sched ts=13699 dur=1508314 clk=dev
[mono_ns=182547751697769][T0x74a0a4d67740][TIMING] emit_host_span: [STRACE] v=1 pid=463306 tid=463306 inv=93 hid=f0c29cefd733b2d6 depth=1 name=chip.run.claim_release ts=182547751696968 dur=220
[mono_ns=182547751699592][T0x74a0a4d67740][TIMING] emit_host_span: [STRACE] v=1 pid=463306 tid=463306 inv=93 hid=f0c29cefd733b2d6 depth=0 name=chip.run ts=182547603629991 dur=148068669 run_id=0 dispatch_id=0 slot_id=0 generation=93 run_epoch=93
[mono_ns=182547896898754][T0x74a0a4d67740][TIMING] emit_host_span: [STRACE] v=1 pid=463306 tid=463306 inv=94 hid=f0c29cefd733b2d6 depth=2 name=chip.run.bind.args ts=182547752103338 dur=144787894
[mono_ns=182547896919735][T0x74a0a4d67740][TIMING] emit_host_span: [STRACE] v=1 pid=463306 tid=463306 inv=94 hid=f0c29cefd733b2d6 depth=2 name=chip.run.bind.prebuilt ts=182547896916100 dur=2764
[mono_ns=182547896922670][T0x74a0a4d67740][TIMING] emit_host_span: [STRACE] v=1 pid=463306 tid=463306 inv=94 hid=f0c29cefd733b2d6 depth=1 name=chip.run.bind ts=182547752098160 dur=144822957
[mono_ns=182547901518237][T0x74a0a4d67740][WARN] prepare_execution: [device_runner.cpp:343] AICPU CPU_TOPO unavailable; using json_fallback: soc=Ascend950PR_9579 occupy=0x3e stable_reachable=5 requested=0 effective=5 affinity=[1, 2, 3, 4, 5(orch)]
[mono_ns=182547903356917][T0x74a0a4d67740][TIMING] emit_host_span: [STRACE] v=1 pid=463306 tid=463306 inv=94 hid=f0c29cefd733b2d6 depth=1 name=chip.run.runner_run ts=182547901574221 dur=1781094
[mono_ns=182547903708004][T0x74a0a4d67740][TIMING] emit_host_span: [STRACE] v=1 pid=463306 tid=463306 inv=94 hid=f0c29cefd733b2d6 depth=1 name=chip.run.validate ts=182547903360873 dur=346240
[mono_ns=182547903709887][T0x74a0a4d67740][TIMING] emit_host_span: [STRACE] v=1 pid=463306 tid=463306 inv=94 hid=f0c29cefd733b2d6 depth=2 name=chip.run.runner_run.device_wall ts=0 dur=1606385 clk=dev
[mono_ns=182547903711499][T0x74a0a4d67740][TIMING] emit_host_span: [STRACE] v=1 pid=463306 tid=463306 inv=94 hid=f0c29cefd733b2d6 depth=3 name=chip.run.runner_run.device_wall.preamble ts=0 dur=13658 clk=dev
[mono_ns=182547903717668][T0x74a0a4d67740][TIMING] emit_host_span: [STRACE] v=1 pid=463306 tid=463306 inv=94 hid=f0c29cefd733b2d6 depth=3 name=chip.run.runner_run.device_wall.graph_build ts=3546 dur=1598542 clk=dev
[mono_ns=182547903718740][T0x74a0a4d67740][TIMING] emit_host_span: [STRACE] v=1 pid=463306 tid=463306 inv=94 hid=f0c29cefd733b2d6 depth=3 name=chip.run.runner_run.device_wall.config_validate ts=4121 dur=1218 clk=dev
[mono_ns=182547903719772][T0x74a0a4d67740][TIMING] emit_host_span: [STRACE] v=1 pid=463306 tid=463306 inv=94 hid=f0c29cefd733b2d6 depth=3 name=chip.run.runner_run.device_wall.arena_wire ts=5403 dur=2726 clk=dev
[mono_ns=182547903720793][T0x74a0a4d67740][TIMING] emit_host_span: [STRACE] v=1 pid=463306 tid=463306 inv=94 hid=f0c29cefd733b2d6 depth=3 name=chip.run.runner_run.device_wall.sm_reset ts=8353 dur=5234 clk=dev
[mono_ns=182547903721835][T0x74a0a4d67740][TIMING] emit_host_span: [STRACE] v=1 pid=463306 tid=463306 inv=94 hid=f0c29cefd733b2d6 depth=3 name=chip.run.runner_run.device_wall.post_orch ts=1602104 dur=4127 clk=dev
[mono_ns=182547903722866][T0x74a0a4d67740][TIMING] emit_host_span: [STRACE] v=1 pid=463306 tid=463306 inv=94 hid=f0c29cefd733b2d6 depth=3 name=chip.run.runner_run.device_wall.orch ts=13927 dur=1276812 clk=dev
[mono_ns=182547903723898][T0x74a0a4d67740][TIMING] emit_host_span: [STRACE] v=1 pid=463306 tid=463306 inv=94 hid=f0c29cefd733b2d6 depth=3 name=chip.run.runner_run.device_wall.sched ts=14562 dur=1572244 clk=dev
[mono_ns=182547903725330][T0x74a0a4d67740][TIMING] emit_host_span: [STRACE] v=1 pid=463306 tid=463306 inv=94 hid=f0c29cefd733b2d6 depth=1 name=chip.run.claim_release ts=182547903724519 dur=200
[mono_ns=182547903727042][T0x74a0a4d67740][TIMING] emit_host_span: [STRACE] v=1 pid=463306 tid=463306 inv=94 hid=f0c29cefd733b2d6 depth=0 name=chip.run ts=182547752093523 dur=151632768 run_id=0 dispatch_id=0 slot_id=0 generation=94 run_epoch=94
[mono_ns=182548041014510][T0x74a0a4d67740][TIMING] emit_host_span: [STRACE] v=1 pid=463306 tid=463306 inv=95 hid=f0c29cefd733b2d6 depth=2 name=chip.run.bind.args ts=182547904134825 dur=136871993
[mono_ns=182548041036904][T0x74a0a4d67740][TIMING] emit_host_span: [STRACE] v=1 pid=463306 tid=463306 inv=95 hid=f0c29cefd733b2d6 depth=2 name=chip.run.bind.prebuilt ts=182548041033538 dur=2394
[mono_ns=182548041039648][T0x74a0a4d67740][TIMING] emit_host_span: [STRACE] v=1 pid=463306 tid=463306 inv=95 hid=f0c29cefd733b2d6 depth=1 name=chip.run.bind ts=182547904130358 dur=136907747
[mono_ns=182548045684489][T0x74a0a4d67740][WARN] prepare_execution: [device_runner.cpp:343] AICPU CPU_TOPO unavailable; using json_fallback: soc=Ascend950PR_9579 occupy=0x3e stable_reachable=5 requested=0 effective=5 affinity=[1, 2, 3, 4, 5(orch)]
[mono_ns=182548047424411][T0x74a0a4d67740][TIMING] emit_host_span: [STRACE] v=1 pid=463306 tid=463306 inv=95 hid=f0c29cefd733b2d6 depth=1 name=chip.run.runner_run ts=182548045725601 dur=1697087
[mono_ns=182548047777811][T0x74a0a4d67740][TIMING] emit_host_span: [STRACE] v=1 pid=463306 tid=463306 inv=95 hid=f0c29cefd733b2d6 depth=1 name=chip.run.validate ts=182548047428447 dur=348453
[mono_ns=182548047779874][T0x74a0a4d67740][TIMING] emit_host_span: [STRACE] v=1 pid=463306 tid=463306 inv=95 hid=f0c29cefd733b2d6 depth=2 name=chip.run.runner_run.device_wall ts=0 dur=1528953 clk=dev
[mono_ns=182548047781477][T0x74a0a4d67740][TIMING] emit_host_span: [STRACE] v=1 pid=463306 tid=463306 inv=95 hid=f0c29cefd733b2d6 depth=3 name=chip.run.runner_run.device_wall.preamble ts=0 dur=15268 clk=dev
[mono_ns=182548047782638][T0x74a0a4d67740][TIMING] emit_host_span: [STRACE] v=1 pid=463306 tid=463306 inv=95 hid=f0c29cefd733b2d6 depth=3 name=chip.run.runner_run.device_wall.graph_build ts=4381 dur=1520289 clk=dev
[mono_ns=182548047783670][T0x74a0a4d67740][TIMING] emit_host_span: [STRACE] v=1 pid=463306 tid=463306 inv=95 hid=f0c29cefd733b2d6 depth=3 name=chip.run.runner_run.device_wall.config_validate ts=5325 dur=1752 clk=dev
[mono_ns=182548047784651][T0x74a0a4d67740][TIMING] emit_host_span: [STRACE] v=1 pid=463306 tid=463306 inv=95 hid=f0c29cefd733b2d6 depth=3 name=chip.run.runner_run.device_wall.arena_wire ts=7127 dur=3067 clk=dev
[mono_ns=182548047790350][T0x74a0a4d67740][TIMING] emit_host_span: [STRACE] v=1 pid=463306 tid=463306 inv=95 hid=f0c29cefd733b2d6 depth=3 name=chip.run.runner_run.device_wall.sm_reset ts=10263 dur=5208 clk=dev
[mono_ns=182548047791472][T0x74a0a4d67740][TIMING] emit_host_span: [STRACE] v=1 pid=463306 tid=463306 inv=95 hid=f0c29cefd733b2d6 depth=3 name=chip.run.runner_run.device_wall.post_orch ts=1524696 dur=3627 clk=dev
[mono_ns=182548047792493][T0x74a0a4d67740][TIMING] emit_host_span: [STRACE] v=1 pid=463306 tid=463306 inv=95 hid=f0c29cefd733b2d6 depth=3 name=chip.run.runner_run.device_wall.orch ts=15674 dur=1281482 clk=dev
[mono_ns=182548047793475][T0x74a0a4d67740][TIMING] emit_host_span: [STRACE] v=1 pid=463306 tid=463306 inv=95 hid=f0c29cefd733b2d6 depth=3 name=chip.run.runner_run.device_wall.sched ts=16191 dur=1494015 clk=dev
[mono_ns=182548047794967][T0x74a0a4d67740][TIMING] emit_host_span: [STRACE] v=1 pid=463306 tid=463306 inv=95 hid=f0c29cefd733b2d6 depth=1 name=chip.run.claim_release ts=182548047794106 dur=300
[mono_ns=182548047796609][T0x74a0a4d67740][TIMING] emit_host_span: [STRACE] v=1 pid=463306 tid=463306 inv=95 hid=f0c29cefd733b2d6 depth=0 name=chip.run ts=182547904125050 dur=143670808 run_id=0 dispatch_id=0 slot_id=0 generation=95 run_epoch=95
[mono_ns=182548199224831][T0x74a0a4d67740][TIMING] emit_host_span: [STRACE] v=1 pid=463306 tid=463306 inv=96 hid=f0c29cefd733b2d6 depth=2 name=chip.run.bind.args ts=182548048294797 dur=150922863
[mono_ns=182548199244460][T0x74a0a4d67740][TIMING] emit_host_span: [STRACE] v=1 pid=463306 tid=463306 inv=96 hid=f0c29cefd733b2d6 depth=2 name=chip.run.bind.prebuilt ts=182548199241286 dur=2483
[mono_ns=182548199246974][T0x74a0a4d67740][TIMING] emit_host_span: [STRACE] v=1 pid=463306 tid=463306 inv=96 hid=f0c29cefd733b2d6 depth=1 name=chip.run.bind ts=182548048289960 dur=150955582
[mono_ns=182548203949322][T0x74a0a4d67740][WARN] prepare_execution: [device_runner.cpp:343] AICPU CPU_TOPO unavailable; using json_fallback: soc=Ascend950PR_9579 occupy=0x3e stable_reachable=5 requested=0 effective=5 affinity=[1, 2, 3, 4, 5(orch)]
[mono_ns=182548205736735][T0x74a0a4d67740][TIMING] emit_host_span: [STRACE] v=1 pid=463306 tid=463306 inv=96 hid=f0c29cefd733b2d6 depth=1 name=chip.run.runner_run ts=182548203989883 dur=1745069
[mono_ns=182548206089875][T0x74a0a4d67740][TIMING] emit_host_span: [STRACE] v=1 pid=463306 tid=463306 inv=96 hid=f0c29cefd733b2d6 depth=1 name=chip.run.validate ts=182548205741091 dur=347702
[mono_ns=182548206092078][T0x74a0a4d67740][TIMING] emit_host_span: [STRACE] v=1 pid=463306 tid=463306 inv=96 hid=f0c29cefd733b2d6 depth=2 name=chip.run.runner_run.device_wall ts=0 dur=1583279 clk=dev
[mono_ns=182548206093751][T0x74a0a4d67740][TIMING] emit_host_span: [STRACE] v=1 pid=463306 tid=463306 inv=96 hid=f0c29cefd733b2d6 depth=3 name=chip.run.runner_run.device_wall.preamble ts=0 dur=13889 clk=dev
[mono_ns=182548206095163][T0x74a0a4d67740][TIMING] emit_host_span: [STRACE] v=1 pid=463306 tid=463306 inv=96 hid=f0c29cefd733b2d6 depth=3 name=chip.run.runner_run.device_wall.graph_build ts=4283 dur=1573418 clk=dev
[mono_ns=182548206096184][T0x74a0a4d67740][TIMING] emit_host_span: [STRACE] v=1 pid=463306 tid=463306 inv=96 hid=f0c29cefd733b2d6 depth=3 name=chip.run.runner_run.device_wall.config_validate ts=5050 dur=1667 clk=dev
[mono_ns=182548206097176][T0x74a0a4d67740][TIMING] emit_host_span: [STRACE] v=1 pid=463306 tid=463306 inv=96 hid=f0c29cefd733b2d6 depth=3 name=chip.run.runner_run.device_wall.arena_wire ts=6736 dur=3484 clk=dev
[mono_ns=182548206098197][T0x74a0a4d67740][TIMING] emit_host_span: [STRACE] v=1 pid=463306 tid=463306 inv=96 hid=f0c29cefd733b2d6 depth=3 name=chip.run.runner_run.device_wall.sm_reset ts=10293 dur=4912 clk=dev
[mono_ns=182548206099399][T0x74a0a4d67740][TIMING] emit_host_span: [STRACE] v=1 pid=463306 tid=463306 inv=96 hid=f0c29cefd733b2d6 depth=3 name=chip.run.runner_run.device_wall.post_orch ts=1577716 dur=4782 clk=dev
[mono_ns=182548206109324][T0x74a0a4d67740][TIMING] emit_host_span: [STRACE] v=1 pid=463306 tid=463306 inv=96 hid=f0c29cefd733b2d6 depth=3 name=chip.run.runner_run.device_wall.orch ts=15276 dur=1292420 clk=dev
[mono_ns=182548206110345][T0x74a0a4d67740][TIMING] emit_host_span: [STRACE] v=1 pid=463306 tid=463306 inv=96 hid=f0c29cefd733b2d6 depth=3 name=chip.run.runner_run.device_wall.sched ts=15950 dur=1549843 clk=dev
[mono_ns=182548206111627][T0x74a0a4d67740][TIMING] emit_host_span: [STRACE] v=1 pid=463306 tid=463306 inv=96 hid=f0c29cefd733b2d6 depth=1 name=chip.run.claim_release ts=182548206110986 dur=60
[mono_ns=182548206113300][T0x74a0a4d67740][TIMING] emit_host_span: [STRACE] v=1 pid=463306 tid=463306 inv=96 hid=f0c29cefd733b2d6 depth=0 name=chip.run ts=182548048283450 dur=157829149 run_id=0 dispatch_id=0 slot_id=0 generation=96 run_epoch=96
[mono_ns=182548359991999][T0x74a0a4d67740][TIMING] emit_host_span: [STRACE] v=1 pid=463306 tid=463306 inv=97 hid=f0c29cefd733b2d6 depth=2 name=chip.run.bind.args ts=182548206473290 dur=153513301
[mono_ns=182548360018409][T0x74a0a4d67740][TIMING] emit_host_span: [STRACE] v=1 pid=463306 tid=463306 inv=97 hid=f0c29cefd733b2d6 depth=2 name=chip.run.bind.prebuilt ts=182548360015144 dur=2544
[mono_ns=182548360021664][T0x74a0a4d67740][TIMING] emit_host_span: [STRACE] v=1 pid=463306 tid=463306 inv=97 hid=f0c29cefd733b2d6 depth=1 name=chip.run.bind ts=182548206468263 dur=153551999
[mono_ns=182548364619845][T0x74a0a4d67740][WARN] prepare_execution: [device_runner.cpp:343] AICPU CPU_TOPO unavailable; using json_fallback: soc=Ascend950PR_9579 occupy=0x3e stable_reachable=5 requested=0 effective=5 affinity=[1, 2, 3, 4, 5(orch)]
[mono_ns=182548366412406][T0x74a0a4d67740][TIMING] emit_host_span: [STRACE] v=1 pid=463306 tid=463306 inv=97 hid=f0c29cefd733b2d6 depth=1 name=chip.run.runner_run ts=182548364662399 dur=1748415
[mono_ns=182548366761039][T0x74a0a4d67740][TIMING] emit_host_span: [STRACE] v=1 pid=463306 tid=463306 inv=97 hid=f0c29cefd733b2d6 depth=1 name=chip.run.validate ts=182548366417474 dur=342724
[mono_ns=182548366763022][T0x74a0a4d67740][TIMING] emit_host_span: [STRACE] v=1 pid=463306 tid=463306 inv=97 hid=f0c29cefd733b2d6 depth=2 name=chip.run.runner_run.device_wall ts=0 dur=1573847 clk=dev
[mono_ns=182548366764645][T0x74a0a4d67740][TIMING] emit_host_span: [STRACE] v=1 pid=463306 tid=463306 inv=97 hid=f0c29cefd733b2d6 depth=3 name=chip.run.runner_run.device_wall.preamble ts=0 dur=12123 clk=dev
[mono_ns=182548366766077][T0x74a0a4d67740][TIMING] emit_host_span: [STRACE] v=1 pid=463306 tid=463306 inv=97 hid=f0c29cefd733b2d6 depth=3 name=chip.run.runner_run.device_wall.graph_build ts=2409 dur=1567187 clk=dev
[mono_ns=182548366767088][T0x74a0a4d67740][TIMING] emit_host_span: [STRACE] v=1 pid=463306 tid=463306 inv=97 hid=f0c29cefd733b2d6 depth=3 name=chip.run.runner_run.device_wall.config_validate ts=3082 dur=1610 clk=dev
[mono_ns=182548366768060][T0x74a0a4d67740][TIMING] emit_host_span: [STRACE] v=1 pid=463306 tid=463306 inv=97 hid=f0c29cefd733b2d6 depth=3 name=chip.run.runner_run.device_wall.arena_wire ts=4758 dur=3525 clk=dev
[mono_ns=182548366769031][T0x74a0a4d67740][TIMING] emit_host_span: [STRACE] v=1 pid=463306 tid=463306 inv=97 hid=f0c29cefd733b2d6 depth=3 name=chip.run.runner_run.device_wall.sm_reset ts=8361 dur=5467 clk=dev
[mono_ns=182548366770073][T0x74a0a4d67740][TIMING] emit_host_span: [STRACE] v=1 pid=463306 tid=463306 inv=97 hid=f0c29cefd733b2d6 depth=3 name=chip.run.runner_run.device_wall.post_orch ts=1569653 dur=3901 clk=dev
[mono_ns=182548366771054][T0x74a0a4d67740][TIMING] emit_host_span: [STRACE] v=1 pid=463306 tid=463306 inv=97 hid=f0c29cefd733b2d6 depth=3 name=chip.run.runner_run.device_wall.orch ts=14128 dur=1280930 clk=dev
[mono_ns=182548366772036][T0x74a0a4d67740][TIMING] emit_host_span: [STRACE] v=1 pid=463306 tid=463306 inv=97 hid=f0c29cefd733b2d6 depth=3 name=chip.run.runner_run.device_wall.sched ts=14544 dur=1539298 clk=dev
[mono_ns=182548366773458][T0x74a0a4d67740][TIMING] emit_host_span: [STRACE] v=1 pid=463306 tid=463306 inv=97 hid=f0c29cefd733b2d6 depth=1 name=chip.run.claim_release ts=182548366772576 dur=331
[mono_ns=182548366779176][T0x74a0a4d67740][TIMING] emit_host_span: [STRACE] v=1 pid=463306 tid=463306 inv=97 hid=f0c29cefd733b2d6 depth=0 name=chip.run ts=182548206462955 dur=160315490 run_id=0 dispatch_id=0 slot_id=0 generation=97 run_epoch=97
[mono_ns=182548510317776][T0x74a0a4d67740][TIMING] emit_host_span: [STRACE] v=1 pid=463306 tid=463306 inv=98 hid=f0c29cefd733b2d6 depth=2 name=chip.run.bind.args ts=182548367151085 dur=143157457
[mono_ns=182548510339779][T0x74a0a4d67740][TIMING] emit_host_span: [STRACE] v=1 pid=463306 tid=463306 inv=98 hid=f0c29cefd733b2d6 depth=2 name=chip.run.bind.prebuilt ts=182548510336474 dur=2484
[mono_ns=182548510342784][T0x74a0a4d67740][TIMING] emit_host_span: [STRACE] v=1 pid=463306 tid=463306 inv=98 hid=f0c29cefd733b2d6 depth=1 name=chip.run.bind ts=182548367146848 dur=143194403
[mono_ns=182548514958642][T0x74a0a4d67740][WARN] prepare_execution: [device_runner.cpp:343] AICPU CPU_TOPO unavailable; using json_fallback: soc=Ascend950PR_9579 occupy=0x3e stable_reachable=5 requested=0 effective=5 affinity=[1, 2, 3, 4, 5(orch)]
[mono_ns=182548516705173][T0x74a0a4d67740][TIMING] emit_host_span: [STRACE] v=1 pid=463306 tid=463306 inv=98 hid=f0c29cefd733b2d6 depth=1 name=chip.run.runner_run ts=182548515008366 dur=1694894
[mono_ns=182548517044232][T0x74a0a4d67740][TIMING] emit_host_span: [STRACE] v=1 pid=463306 tid=463306 inv=98 hid=f0c29cefd733b2d6 depth=1 name=chip.run.validate ts=182548516709329 dur=334002
[mono_ns=182548517047457][T0x74a0a4d67740][TIMING] emit_host_span: [STRACE] v=1 pid=463306 tid=463306 inv=98 hid=f0c29cefd733b2d6 depth=2 name=chip.run.runner_run.device_wall ts=0 dur=1529850 clk=dev
[mono_ns=182548517049069][T0x74a0a4d67740][TIMING] emit_host_span: [STRACE] v=1 pid=463306 tid=463306 inv=98 hid=f0c29cefd733b2d6 depth=3 name=chip.run.runner_run.device_wall.preamble ts=0 dur=15235 clk=dev
[mono_ns=182548517050161][T0x74a0a4d67740][TIMING] emit_host_span: [STRACE] v=1 pid=463306 tid=463306 inv=98 hid=f0c29cefd733b2d6 depth=3 name=chip.run.runner_run.device_wall.graph_build ts=5234 dur=1519229 clk=dev
[mono_ns=182548517051173][T0x74a0a4d67740][TIMING] emit_host_span: [STRACE] v=1 pid=463306 tid=463306 inv=98 hid=f0c29cefd733b2d6 depth=3 name=chip.run.runner_run.device_wall.config_validate ts=5888 dur=1303 clk=dev
[mono_ns=182548517052134][T0x74a0a4d67740][TIMING] emit_host_span: [STRACE] v=1 pid=463306 tid=463306 inv=98 hid=f0c29cefd733b2d6 depth=3 name=chip.run.runner_run.device_wall.arena_wire ts=7321 dur=3535 clk=dev
[mono_ns=182548517053156][T0x74a0a4d67740][TIMING] emit_host_span: [STRACE] v=1 pid=463306 tid=463306 inv=98 hid=f0c29cefd733b2d6 depth=3 name=chip.run.runner_run.device_wall.sm_reset ts=10937 dur=5320 clk=dev
[mono_ns=182548517054257][T0x74a0a4d67740][TIMING] emit_host_span: [STRACE] v=1 pid=463306 tid=463306 inv=98 hid=f0c29cefd733b2d6 depth=3 name=chip.run.runner_run.device_wall.post_orch ts=1524752 dur=4991 clk=dev
[mono_ns=182548517055259][T0x74a0a4d67740][TIMING] emit_host_span: [STRACE] v=1 pid=463306 tid=463306 inv=98 hid=f0c29cefd733b2d6 depth=3 name=chip.run.runner_run.device_wall.orch ts=16297 dur=1274821 clk=dev
[mono_ns=182548517056250][T0x74a0a4d67740][TIMING] emit_host_span: [STRACE] v=1 pid=463306 tid=463306 inv=98 hid=f0c29cefd733b2d6 depth=3 name=chip.run.runner_run.device_wall.sched ts=16923 dur=1482718 clk=dev
[mono_ns=182548517057802][T0x74a0a4d67740][TIMING] emit_host_span: [STRACE] v=1 pid=463306 tid=463306 inv=98 hid=f0c29cefd733b2d6 depth=1 name=chip.run.claim_release ts=182548517056991 dur=221
[mono_ns=182548517059565][T0x74a0a4d67740][TIMING] emit_host_span: [STRACE] v=1 pid=463306 tid=463306 inv=98 hid=f0c29cefd733b2d6 depth=0 name=chip.run ts=182548367142522 dur=149916252 run_id=0 dispatch_id=0 slot_id=0 generation=98 run_epoch=98
[mono_ns=182548672524746][T0x74a0a4d67740][TIMING] emit_host_span: [STRACE] v=1 pid=463306 tid=463306 inv=99 hid=f0c29cefd733b2d6 depth=2 name=chip.run.bind.args ts=182548517439716 dur=155079592
[mono_ns=182548672543434][T0x74a0a4d67740][TIMING] emit_host_span: [STRACE] v=1 pid=463306 tid=463306 inv=99 hid=f0c29cefd733b2d6 depth=2 name=chip.run.bind.prebuilt ts=182548672540530 dur=2073
[mono_ns=182548672560890][T0x74a0a4d67740][TIMING] emit_host_span: [STRACE] v=1 pid=463306 tid=463306 inv=99 hid=f0c29cefd733b2d6 depth=1 name=chip.run.bind ts=182548517434858 dur=155124570
[mono_ns=182548677433894][T0x74a0a4d67740][WARN] prepare_execution: [device_runner.cpp:343] AICPU CPU_TOPO unavailable; using json_fallback: soc=Ascend950PR_9579 occupy=0x3e stable_reachable=5 requested=0 effective=5 affinity=[1, 2, 3, 4, 5(orch)]
[mono_ns=182548679197621][T0x74a0a4d67740][TIMING] emit_host_span: [STRACE] v=1 pid=463306 tid=463306 inv=99 hid=f0c29cefd733b2d6 depth=1 name=chip.run.runner_run ts=182548677482627 dur=1713652
[mono_ns=182548679527977][T0x74a0a4d67740][TIMING] emit_host_span: [STRACE] v=1 pid=463306 tid=463306 inv=99 hid=f0c29cefd733b2d6 depth=1 name=chip.run.validate ts=182548679201617 dur=325609
[mono_ns=182548679529800][T0x74a0a4d67740][TIMING] emit_host_span: [STRACE] v=1 pid=463306 tid=463306 inv=99 hid=f0c29cefd733b2d6 depth=2 name=chip.run.runner_run.device_wall ts=0 dur=1557453 clk=dev
[mono_ns=182548679531132][T0x74a0a4d67740][TIMING] emit_host_span: [STRACE] v=1 pid=463306 tid=463306 inv=99 hid=f0c29cefd733b2d6 depth=3 name=chip.run.runner_run.device_wall.preamble ts=0 dur=15109 clk=dev
[mono_ns=182548679532424][T0x74a0a4d67740][TIMING] emit_host_span: [STRACE] v=1 pid=463306 tid=463306 inv=99 hid=f0c29cefd733b2d6 depth=3 name=chip.run.runner_run.device_wall.graph_build ts=5133 dur=1547462 clk=dev
[mono_ns=182548679533465][T0x74a0a4d67740][TIMING] emit_host_span: [STRACE] v=1 pid=463306 tid=463306 inv=99 hid=f0c29cefd733b2d6 depth=3 name=chip.run.runner_run.device_wall.config_validate ts=6034 dur=1207 clk=dev
[mono_ns=182548679534467][T0x74a0a4d67740][TIMING] emit_host_span: [STRACE] v=1 pid=463306 tid=463306 inv=99 hid=f0c29cefd733b2d6 depth=3 name=chip.run.runner_run.device_wall.arena_wire ts=7315 dur=2715 clk=dev
[mono_ns=182548679535458][T0x74a0a4d67740][TIMING] emit_host_span: [STRACE] v=1 pid=463306 tid=463306 inv=99 hid=f0c29cefd733b2d6 depth=3 name=chip.run.runner_run.device_wall.sm_reset ts=10053 dur=5981 clk=dev
[mono_ns=182548679536480][T0x74a0a4d67740][TIMING] emit_host_span: [STRACE] v=1 pid=463306 tid=463306 inv=99 hid=f0c29cefd733b2d6 depth=3 name=chip.run.runner_run.device_wall.post_orch ts=1552650 dur=4175 clk=dev
[mono_ns=182548679537471][T0x74a0a4d67740][TIMING] emit_host_span: [STRACE] v=1 pid=463306 tid=463306 inv=99 hid=f0c29cefd733b2d6 depth=3 name=chip.run.runner_run.device_wall.orch ts=16350 dur=1279103 clk=dev
[mono_ns=182548679538463][T0x74a0a4d67740][TIMING] emit_host_span: [STRACE] v=1 pid=463306 tid=463306 inv=99 hid=f0c29cefd733b2d6 depth=3 name=chip.run.runner_run.device_wall.sched ts=16966 dur=1521512 clk=dev
[mono_ns=182548679539825][T0x74a0a4d67740][TIMING] emit_host_span: [STRACE] v=1 pid=463306 tid=463306 inv=99 hid=f0c29cefd733b2d6 depth=1 name=chip.run.claim_release ts=182548679539084 dur=160
[mono_ns=182548679541397][T0x74a0a4d67740][TIMING] emit_host_span: [STRACE] v=1 pid=463306 tid=463306 inv=99 hid=f0c29cefd733b2d6 depth=0 name=chip.run ts=182548517430201 dur=162110495 run_id=0 dispatch_id=0 slot_id=0 generation=99 run_epoch=99
[mono_ns=182548822724313][T0x74a0a4d67740][TIMING] emit_host_span: [STRACE] v=1 pid=463306 tid=463306 inv=100 hid=f0c29cefd733b2d6 depth=2 name=chip.run.bind.args ts=182548679904843 dur=142812290
[mono_ns=182548822741940][T0x74a0a4d67740][TIMING] emit_host_span: [STRACE] v=1 pid=463306 tid=463306 inv=100 hid=f0c29cefd733b2d6 depth=2 name=chip.run.bind.prebuilt ts=182548822738815 dur=2414
[mono_ns=182548822744654][T0x74a0a4d67740][TIMING] emit_host_span: [STRACE] v=1 pid=463306 tid=463306 inv=100 hid=f0c29cefd733b2d6 depth=1 name=chip.run.bind ts=182548679900636 dur=142842616
[mono_ns=182548827848124][T0x74a0a4d67740][WARN] prepare_execution: [device_runner.cpp:343] AICPU CPU_TOPO unavailable; using json_fallback: soc=Ascend950PR_9579 occupy=0x3e stable_reachable=5 requested=0 effective=5 affinity=[1, 2, 3, 4, 5(orch)]
[mono_ns=182548829613413][T0x74a0a4d67740][TIMING] emit_host_span: [STRACE] v=1 pid=463306 tid=463306 inv=100 hid=f0c29cefd733b2d6 depth=1 name=chip.run.runner_run ts=182548827907102 dur=1705200
[mono_ns=182548829912662][T0x74a0a4d67740][TIMING] emit_host_span: [STRACE] v=1 pid=463306 tid=463306 inv=100 hid=f0c29cefd733b2d6 depth=1 name=chip.run.validate ts=182548829617309 dur=294342
[mono_ns=182548829914455][T0x74a0a4d67740][TIMING] emit_host_span: [STRACE] v=1 pid=463306 tid=463306 inv=100 hid=f0c29cefd733b2d6 depth=2 name=chip.run.runner_run.device_wall ts=0 dur=1550645 clk=dev
[mono_ns=182548829915827][T0x74a0a4d67740][TIMING] emit_host_span: [STRACE] v=1 pid=463306 tid=463306 inv=100 hid=f0c29cefd733b2d6 depth=3 name=chip.run.runner_run.device_wall.preamble ts=0 dur=13149 clk=dev
[mono_ns=182548829917179][T0x74a0a4d67740][TIMING] emit_host_span: [STRACE] v=1 pid=463306 tid=463306 inv=100 hid=f0c29cefd733b2d6 depth=3 name=chip.run.runner_run.device_wall.graph_build ts=3199 dur=1542590 clk=dev
[mono_ns=182548829918201][T0x74a0a4d67740][TIMING] emit_host_span: [STRACE] v=1 pid=463306 tid=463306 inv=100 hid=f0c29cefd733b2d6 depth=3 name=chip.run.runner_run.device_wall.config_validate ts=3838 dur=1407 clk=dev
[mono_ns=182548829919182][T0x74a0a4d67740][TIMING] emit_host_span: [STRACE] v=1 pid=463306 tid=463306 inv=100 hid=f0c29cefd733b2d6 depth=3 name=chip.run.runner_run.device_wall.arena_wire ts=5310 dur=3312 clk=dev
[mono_ns=182548829920164][T0x74a0a4d67740][TIMING] emit_host_span: [STRACE] v=1 pid=463306 tid=463306 inv=100 hid=f0c29cefd733b2d6 depth=3 name=chip.run.runner_run.device_wall.sm_reset ts=8741 dur=5371 clk=dev
[mono_ns=182548829921275][T0x74a0a4d67740][TIMING] emit_host_span: [STRACE] v=1 pid=463306 tid=463306 inv=100 hid=f0c29cefd733b2d6 depth=3 name=chip.run.runner_run.device_wall.post_orch ts=1546135 dur=4234 clk=dev
[mono_ns=182548829922267][T0x74a0a4d67740][TIMING] emit_host_span: [STRACE] v=1 pid=463306 tid=463306 inv=100 hid=f0c29cefd733b2d6 depth=3 name=chip.run.runner_run.device_wall.orch ts=14418 dur=1350452 clk=dev
[mono_ns=182548829923248][T0x74a0a4d67740][TIMING] emit_host_span: [STRACE] v=1 pid=463306 tid=463306 inv=100 hid=f0c29cefd733b2d6 depth=3 name=chip.run.runner_run.device_wall.sched ts=14862 dur=1518477 clk=dev
[mono_ns=182548829924690][T0x74a0a4d67740][TIMING] emit_host_span: [STRACE] v=1 pid=463306 tid=463306 inv=100 hid=f0c29cefd733b2d6 depth=1 name=chip.run.claim_release ts=182548829923959 dur=171
[mono_ns=182548829926373][T0x74a0a4d67740][TIMING] emit_host_span: [STRACE] v=1 pid=463306 tid=463306 inv=100 hid=f0c29cefd733b2d6 depth=0 name=chip.run ts=182548679897271 dur=150028351 run_id=0 dispatch_id=0 slot_id=0 generation=100 run_epoch=100
  TestPagedAttentionUnroll::Case1 PASSED
