[mono_ns=182559089482309][T0x727f8d8ef740][TIMING] clock_anchor: [CLOCK_ANCHOR] v=1 pid=467927 mono_ns=182559089481488 wall_ns=1787828940733625422

=== Runtime: tensormap_and_ringbuffer  Level: 2 ===
  TestPagedAttentionUnrollManualScope::Case1 ...
[mono_ns=182563533427172][T0x727f8d8ef740][TIMING] emit_host_span: [STRACE] v=1 pid=467927 tid=467927 inv=1 hid=6bd2711823aaa57e depth=2 name=chip.run.bind.args ts=182563409318395 dur=124087505
[mono_ns=182563564526269][T0x727f8d8ef740][TIMING] emit_host_span: [STRACE] v=1 pid=467927 tid=467927 inv=1 hid=6bd2711823aaa57e depth=2 name=chip.run.bind.prebuilt ts=182563533465980 dur=31052307
[mono_ns=182563564559008][T0x727f8d8ef740][TIMING] emit_host_span: [STRACE] v=1 pid=467927 tid=467927 inv=1 hid=6bd2711823aaa57e depth=1 name=chip.run.bind ts=182563407749790 dur=156795458
[mono_ns=182563574329693][T0x727f8d8ef740][WARN] query_cpu_topo: [aicpu_topology_probe.cpp:125] aicpu_topology_probe: halGetDeviceInfoByBuff(CPU_TOPO) rc=65534 total=0
[mono_ns=182563576558529][T0x727f8d8ef740][WARN] query_cpu_topo: [aicpu_topology_probe.cpp:137] aicpu_topology_probe: dsmi_get_device_info(CPU_TOPO) rc=65534 total=0
[mono_ns=182563576688033][T0x727f8d8ef740][WARN] prepare_execution: [device_runner.cpp:343] AICPU CPU_TOPO unavailable; using json_fallback: soc=Ascend950PR_9579 occupy=0x3e stable_reachable=5 requested=0 effective=5 affinity=[1, 2, 3, 4, 5(orch)]
[mono_ns=182563579603949][T0x727f8d8ef740][TIMING] emit_host_span: [STRACE] v=1 pid=467927 tid=467927 inv=1 hid=6bd2711823aaa57e depth=1 name=chip.run.runner_run ts=182563576774202 dur=2827474
[mono_ns=182563579835457][T0x727f8d8ef740][TIMING] emit_host_span: [STRACE] v=1 pid=467927 tid=467927 inv=1 hid=6bd2711823aaa57e depth=1 name=chip.run.validate ts=182563579609388 dur=224947
[mono_ns=182563579837710][T0x727f8d8ef740][TIMING] emit_host_span: [STRACE] v=1 pid=467927 tid=467927 inv=1 hid=6bd2711823aaa57e depth=2 name=chip.run.runner_run.device_wall ts=0 dur=1769485 clk=dev
[mono_ns=182563579839623][T0x727f8d8ef740][TIMING] emit_host_span: [STRACE] v=1 pid=467927 tid=467927 inv=1 hid=6bd2711823aaa57e depth=3 name=chip.run.runner_run.device_wall.preamble ts=0 dur=334774 clk=dev
[mono_ns=182563579841135][T0x727f8d8ef740][TIMING] emit_host_span: [STRACE] v=1 pid=467927 tid=467927 inv=1 hid=6bd2711823aaa57e depth=3 name=chip.run.runner_run.device_wall.graph_build ts=49462 dur=1704247 clk=dev
[mono_ns=182563579842157][T0x727f8d8ef740][TIMING] emit_host_span: [STRACE] v=1 pid=467927 tid=467927 inv=1 hid=6bd2711823aaa57e depth=3 name=chip.run.runner_run.device_wall.config_validate ts=55414 dur=3344 clk=dev
[mono_ns=182563579843169][T0x727f8d8ef740][TIMING] emit_host_span: [STRACE] v=1 pid=467927 tid=467927 inv=1 hid=6bd2711823aaa57e depth=3 name=chip.run.runner_run.device_wall.arena_wire ts=58795 dur=17872 clk=dev
[mono_ns=182563579844160][T0x727f8d8ef740][TIMING] emit_host_span: [STRACE] v=1 pid=467927 tid=467927 inv=1 hid=6bd2711823aaa57e depth=3 name=chip.run.runner_run.device_wall.sm_reset ts=76702 dur=40272 clk=dev
[mono_ns=182563579845182][T0x727f8d8ef740][TIMING] emit_host_span: [STRACE] v=1 pid=467927 tid=467927 inv=1 hid=6bd2711823aaa57e depth=3 name=chip.run.runner_run.device_wall.post_orch ts=1753788 dur=9995 clk=dev
[mono_ns=182563579846163][T0x727f8d8ef740][TIMING] emit_host_span: [STRACE] v=1 pid=467927 tid=467927 inv=1 hid=6bd2711823aaa57e depth=3 name=chip.run.runner_run.device_wall.orch ts=118860 dur=1029435 clk=dev
[mono_ns=182563579847165][T0x727f8d8ef740][TIMING] emit_host_span: [STRACE] v=1 pid=467927 tid=467927 inv=1 hid=6bd2711823aaa57e depth=3 name=chip.run.runner_run.device_wall.sched ts=338198 dur=1383218 clk=dev
[mono_ns=182563579848557][T0x727f8d8ef740][TIMING] emit_host_span: [STRACE] v=1 pid=467927 tid=467927 inv=1 hid=6bd2711823aaa57e depth=1 name=chip.run.claim_release ts=182563579847826 dur=120
[mono_ns=182563579850359][T0x727f8d8ef740][TIMING] emit_host_span: [STRACE] v=1 pid=467927 tid=467927 inv=1 hid=6bd2711823aaa57e depth=0 name=chip.run ts=182563407690021 dur=172159607 run_id=0 dispatch_id=0 slot_id=0 generation=1 run_epoch=1
[mono_ns=182563698437519][T0x727f8d8ef740][TIMING] emit_host_span: [STRACE] v=1 pid=467927 tid=467927 inv=2 hid=6bd2711823aaa57e depth=2 name=chip.run.bind.args ts=182563580449288 dur=117981671
[mono_ns=182563698457519][T0x727f8d8ef740][TIMING] emit_host_span: [STRACE] v=1 pid=467927 tid=467927 inv=2 hid=6bd2711823aaa57e depth=2 name=chip.run.bind.prebuilt ts=182563698454475 dur=2313
[mono_ns=182563698460133][T0x727f8d8ef740][TIMING] emit_host_span: [STRACE] v=1 pid=467927 tid=467927 inv=2 hid=6bd2711823aaa57e depth=1 name=chip.run.bind ts=182563580444741 dur=118014090
[mono_ns=182563703707339][T0x727f8d8ef740][WARN] prepare_execution: [device_runner.cpp:343] AICPU CPU_TOPO unavailable; using json_fallback: soc=Ascend950PR_9579 occupy=0x3e stable_reachable=5 requested=0 effective=5 affinity=[1, 2, 3, 4, 5(orch)]
[mono_ns=182563705492678][T0x727f8d8ef740][TIMING] emit_host_span: [STRACE] v=1 pid=467927 tid=467927 inv=2 hid=6bd2711823aaa57e depth=1 name=chip.run.runner_run ts=182563703783523 dur=1707493
[mono_ns=182563705715072][T0x727f8d8ef740][TIMING] emit_host_span: [STRACE] v=1 pid=467927 tid=467927 inv=2 hid=6bd2711823aaa57e depth=1 name=chip.run.validate ts=182563705498507 dur=215624
[mono_ns=182563705717125][T0x727f8d8ef740][TIMING] emit_host_span: [STRACE] v=1 pid=467927 tid=467927 inv=2 hid=6bd2711823aaa57e depth=2 name=chip.run.runner_run.device_wall ts=0 dur=1489292 clk=dev
[mono_ns=182563705718708][T0x727f8d8ef740][TIMING] emit_host_span: [STRACE] v=1 pid=467927 tid=467927 inv=2 hid=6bd2711823aaa57e depth=3 name=chip.run.runner_run.device_wall.preamble ts=0 dur=14097 clk=dev
[mono_ns=182563705719969][T0x727f8d8ef740][TIMING] emit_host_span: [STRACE] v=1 pid=467927 tid=467927 inv=2 hid=6bd2711823aaa57e depth=3 name=chip.run.runner_run.device_wall.graph_build ts=4293 dur=1481418 clk=dev
[mono_ns=182563705720971][T0x727f8d8ef740][TIMING] emit_host_span: [STRACE] v=1 pid=467927 tid=467927 inv=2 hid=6bd2711823aaa57e depth=3 name=chip.run.runner_run.device_wall.config_validate ts=4606 dur=1306 clk=dev
[mono_ns=182563705721932][T0x727f8d8ef740][TIMING] emit_host_span: [STRACE] v=1 pid=467927 tid=467927 inv=2 hid=6bd2711823aaa57e depth=3 name=chip.run.runner_run.device_wall.arena_wire ts=5980 dur=5032 clk=dev
[mono_ns=182563705722934][T0x727f8d8ef740][TIMING] emit_host_span: [STRACE] v=1 pid=467927 tid=467927 inv=2 hid=6bd2711823aaa57e depth=3 name=chip.run.runner_run.device_wall.sm_reset ts=11093 dur=6542 clk=dev
[mono_ns=182563705723935][T0x727f8d8ef740][TIMING] emit_host_span: [STRACE] v=1 pid=467927 tid=467927 inv=2 hid=6bd2711823aaa57e depth=3 name=chip.run.runner_run.device_wall.post_orch ts=1485764 dur=3377 clk=dev
[mono_ns=182563705724937][T0x727f8d8ef740][TIMING] emit_host_span: [STRACE] v=1 pid=467927 tid=467927 inv=2 hid=6bd2711823aaa57e depth=3 name=chip.run.runner_run.device_wall.orch ts=17781 dur=1175655 clk=dev
[mono_ns=182563705725918][T0x727f8d8ef740][TIMING] emit_host_span: [STRACE] v=1 pid=467927 tid=467927 inv=2 hid=6bd2711823aaa57e depth=3 name=chip.run.runner_run.device_wall.sched ts=18564 dur=1452091 clk=dev
[mono_ns=182563705727321][T0x727f8d8ef740][TIMING] emit_host_span: [STRACE] v=1 pid=467927 tid=467927 inv=2 hid=6bd2711823aaa57e depth=1 name=chip.run.claim_release ts=182563705726529 dur=181
[mono_ns=182563705729123][T0x727f8d8ef740][TIMING] emit_host_span: [STRACE] v=1 pid=467927 tid=467927 inv=2 hid=6bd2711823aaa57e depth=0 name=chip.run ts=182563580440836 dur=125287286 run_id=0 dispatch_id=0 slot_id=0 generation=2 run_epoch=2
[mono_ns=182563813347600][T0x727f8d8ef740][TIMING] emit_host_span: [STRACE] v=1 pid=467927 tid=467927 inv=3 hid=6bd2711823aaa57e depth=2 name=chip.run.bind.args ts=182563706080160 dur=107258426
[mono_ns=182563813372457][T0x727f8d8ef740][TIMING] emit_host_span: [STRACE] v=1 pid=467927 tid=467927 inv=3 hid=6bd2711823aaa57e depth=2 name=chip.run.bind.prebuilt ts=182563813368601 dur=3005
[mono_ns=182563813375051][T0x727f8d8ef740][TIMING] emit_host_span: [STRACE] v=1 pid=467927 tid=467927 inv=3 hid=6bd2711823aaa57e depth=1 name=chip.run.bind ts=182563706076124 dur=107297765
[mono_ns=182563818642547][T0x727f8d8ef740][WARN] prepare_execution: [device_runner.cpp:343] AICPU CPU_TOPO unavailable; using json_fallback: soc=Ascend950PR_9579 occupy=0x3e stable_reachable=5 requested=0 effective=5 affinity=[1, 2, 3, 4, 5(orch)]
[mono_ns=182563820450661][T0x727f8d8ef740][TIMING] emit_host_span: [STRACE] v=1 pid=467927 tid=467927 inv=3 hid=6bd2711823aaa57e depth=1 name=chip.run.runner_run ts=182563818699503 dur=1749926
[mono_ns=182563820665874][T0x727f8d8ef740][TIMING] emit_host_span: [STRACE] v=1 pid=467927 tid=467927 inv=3 hid=6bd2711823aaa57e depth=1 name=chip.run.validate ts=182563820453676 dur=211267
[mono_ns=182563820667577][T0x727f8d8ef740][TIMING] emit_host_span: [STRACE] v=1 pid=467927 tid=467927 inv=3 hid=6bd2711823aaa57e depth=2 name=chip.run.runner_run.device_wall ts=0 dur=1542115 clk=dev
[mono_ns=182563820669009][T0x727f8d8ef740][TIMING] emit_host_span: [STRACE] v=1 pid=467927 tid=467927 inv=3 hid=6bd2711823aaa57e depth=3 name=chip.run.runner_run.device_wall.preamble ts=0 dur=11523 clk=dev
[mono_ns=182563820670231][T0x727f8d8ef740][TIMING] emit_host_span: [STRACE] v=1 pid=467927 tid=467927 inv=3 hid=6bd2711823aaa57e depth=3 name=chip.run.runner_run.device_wall.graph_build ts=2954 dur=1534448 clk=dev
[mono_ns=182563820671222][T0x727f8d8ef740][TIMING] emit_host_span: [STRACE] v=1 pid=467927 tid=467927 inv=3 hid=6bd2711823aaa57e depth=3 name=chip.run.runner_run.device_wall.config_validate ts=3203 dur=1204 clk=dev
[mono_ns=182563820672204][T0x727f8d8ef740][TIMING] emit_host_span: [STRACE] v=1 pid=467927 tid=467927 inv=3 hid=6bd2711823aaa57e depth=3 name=chip.run.runner_run.device_wall.arena_wire ts=4536 dur=3982 clk=dev
[mono_ns=182563820673165][T0x727f8d8ef740][TIMING] emit_host_span: [STRACE] v=1 pid=467927 tid=467927 inv=3 hid=6bd2711823aaa57e depth=3 name=chip.run.runner_run.device_wall.sm_reset ts=8539 dur=4430 clk=dev
[mono_ns=182563820674176][T0x727f8d8ef740][TIMING] emit_host_span: [STRACE] v=1 pid=467927 tid=467927 inv=3 hid=6bd2711823aaa57e depth=3 name=chip.run.runner_run.device_wall.post_orch ts=1537492 dur=4101 clk=dev
[mono_ns=182563820675218][T0x727f8d8ef740][TIMING] emit_host_span: [STRACE] v=1 pid=467927 tid=467927 inv=3 hid=6bd2711823aaa57e depth=3 name=chip.run.runner_run.device_wall.orch ts=12992 dur=1185196 clk=dev
[mono_ns=182563820676210][T0x727f8d8ef740][TIMING] emit_host_span: [STRACE] v=1 pid=467927 tid=467927 inv=3 hid=6bd2711823aaa57e depth=3 name=chip.run.runner_run.device_wall.sched ts=13746 dur=1510320 clk=dev
[mono_ns=182563820677521][T0x727f8d8ef740][TIMING] emit_host_span: [STRACE] v=1 pid=467927 tid=467927 inv=3 hid=6bd2711823aaa57e depth=1 name=chip.run.claim_release ts=182563820676830 dur=101
[mono_ns=182563820679094][T0x727f8d8ef740][TIMING] emit_host_span: [STRACE] v=1 pid=467927 tid=467927 inv=3 hid=6bd2711823aaa57e depth=0 name=chip.run ts=182563706071928 dur=114606505 run_id=0 dispatch_id=0 slot_id=0 generation=3 run_epoch=3
[mono_ns=182563941159445][T0x727f8d8ef740][TIMING] emit_host_span: [STRACE] v=1 pid=467927 tid=467927 inv=4 hid=6bd2711823aaa57e depth=2 name=chip.run.bind.args ts=182563821043100 dur=120107492
[mono_ns=182563941182900][T0x727f8d8ef740][TIMING] emit_host_span: [STRACE] v=1 pid=467927 tid=467927 inv=4 hid=6bd2711823aaa57e depth=2 name=chip.run.bind.prebuilt ts=182563941179295 dur=2644
[mono_ns=182563941185765][T0x727f8d8ef740][TIMING] emit_host_span: [STRACE] v=1 pid=467927 tid=467927 inv=4 hid=6bd2711823aaa57e depth=1 name=chip.run.bind ts=182563821038113 dur=120146099
[mono_ns=182563946343967][T0x727f8d8ef740][WARN] prepare_execution: [device_runner.cpp:343] AICPU CPU_TOPO unavailable; using json_fallback: soc=Ascend950PR_9579 occupy=0x3e stable_reachable=5 requested=0 effective=5 affinity=[1, 2, 3, 4, 5(orch)]
[mono_ns=182563948106532][T0x727f8d8ef740][TIMING] emit_host_span: [STRACE] v=1 pid=467927 tid=467927 inv=4 hid=6bd2711823aaa57e depth=1 name=chip.run.runner_run ts=182563946402605 dur=1702695
[mono_ns=182563948332091][T0x727f8d8ef740][TIMING] emit_host_span: [STRACE] v=1 pid=467927 tid=467927 inv=4 hid=6bd2711823aaa57e depth=1 name=chip.run.validate ts=182563948109527 dur=221612
[mono_ns=182563948341204][T0x727f8d8ef740][TIMING] emit_host_span: [STRACE] v=1 pid=467927 tid=467927 inv=4 hid=6bd2711823aaa57e depth=2 name=chip.run.runner_run.device_wall ts=0 dur=1511594 clk=dev
[mono_ns=182563948342677][T0x727f8d8ef740][TIMING] emit_host_span: [STRACE] v=1 pid=467927 tid=467927 inv=4 hid=6bd2711823aaa57e depth=3 name=chip.run.runner_run.device_wall.preamble ts=0 dur=12203 clk=dev
[mono_ns=182563948343808][T0x727f8d8ef740][TIMING] emit_host_span: [STRACE] v=1 pid=467927 tid=467927 inv=4 hid=6bd2711823aaa57e depth=3 name=chip.run.runner_run.device_wall.graph_build ts=3058 dur=1503180 clk=dev
[mono_ns=182563948344850][T0x727f8d8ef740][TIMING] emit_host_span: [STRACE] v=1 pid=467927 tid=467927 inv=4 hid=6bd2711823aaa57e depth=3 name=chip.run.runner_run.device_wall.config_validate ts=3252 dur=1385 clk=dev
[mono_ns=182563948345851][T0x727f8d8ef740][TIMING] emit_host_span: [STRACE] v=1 pid=467927 tid=467927 inv=4 hid=6bd2711823aaa57e depth=3 name=chip.run.runner_run.device_wall.arena_wire ts=4707 dur=3578 clk=dev
[mono_ns=182563948346843][T0x727f8d8ef740][TIMING] emit_host_span: [STRACE] v=1 pid=467927 tid=467927 inv=4 hid=6bd2711823aaa57e depth=3 name=chip.run.runner_run.device_wall.sm_reset ts=8303 dur=5292 clk=dev
[mono_ns=182563948347844][T0x727f8d8ef740][TIMING] emit_host_span: [STRACE] v=1 pid=467927 tid=467927 inv=4 hid=6bd2711823aaa57e depth=3 name=chip.run.runner_run.device_wall.post_orch ts=1506312 dur=4851 clk=dev
[mono_ns=182563948348856][T0x727f8d8ef740][TIMING] emit_host_span: [STRACE] v=1 pid=467927 tid=467927 inv=4 hid=6bd2711823aaa57e depth=3 name=chip.run.runner_run.device_wall.orch ts=13658 dur=1182156 clk=dev
[mono_ns=182563948349857][T0x727f8d8ef740][TIMING] emit_host_span: [STRACE] v=1 pid=467927 tid=467927 inv=4 hid=6bd2711823aaa57e depth=3 name=chip.run.runner_run.device_wall.sched ts=14318 dur=1478951 clk=dev
[mono_ns=182563948351300][T0x727f8d8ef740][TIMING] emit_host_span: [STRACE] v=1 pid=467927 tid=467927 inv=4 hid=6bd2711823aaa57e depth=1 name=chip.run.claim_release ts=182563948350478 dur=221
[mono_ns=182563948353182][T0x727f8d8ef740][TIMING] emit_host_span: [STRACE] v=1 pid=467927 tid=467927 inv=4 hid=6bd2711823aaa57e depth=0 name=chip.run ts=182563821033956 dur=127318245 run_id=0 dispatch_id=0 slot_id=0 generation=4 run_epoch=4
[mono_ns=182564076140801][T0x727f8d8ef740][TIMING] emit_host_span: [STRACE] v=1 pid=467927 tid=467927 inv=5 hid=6bd2711823aaa57e depth=2 name=chip.run.bind.args ts=182563948743688 dur=127381550
[mono_ns=182564076176084][T0x727f8d8ef740][TIMING] emit_host_span: [STRACE] v=1 pid=467927 tid=467927 inv=5 hid=6bd2711823aaa57e depth=2 name=chip.run.bind.prebuilt ts=182564076169975 dur=5068
[mono_ns=182564076179349][T0x727f8d8ef740][TIMING] emit_host_span: [STRACE] v=1 pid=467927 tid=467927 inv=5 hid=6bd2711823aaa57e depth=1 name=chip.run.bind ts=182563948739021 dur=127438816
[mono_ns=182564081332534][T0x727f8d8ef740][WARN] prepare_execution: [device_runner.cpp:343] AICPU CPU_TOPO unavailable; using json_fallback: soc=Ascend950PR_9579 occupy=0x3e stable_reachable=5 requested=0 effective=5 affinity=[1, 2, 3, 4, 5(orch)]
[mono_ns=182564083236541][T0x727f8d8ef740][TIMING] emit_host_span: [STRACE] v=1 pid=467927 tid=467927 inv=5 hid=6bd2711823aaa57e depth=1 name=chip.run.runner_run ts=182564081400536 dur=1834413
[mono_ns=182564083911665][T0x727f8d8ef740][TIMING] emit_host_span: [STRACE] v=1 pid=467927 tid=467927 inv=5 hid=6bd2711823aaa57e depth=1 name=chip.run.validate ts=182564083240718 dur=669855
[mono_ns=182564083913978][T0x727f8d8ef740][TIMING] emit_host_span: [STRACE] v=1 pid=467927 tid=467927 inv=5 hid=6bd2711823aaa57e depth=2 name=chip.run.runner_run.device_wall ts=0 dur=1567023 clk=dev
[mono_ns=182564083915490][T0x727f8d8ef740][TIMING] emit_host_span: [STRACE] v=1 pid=467927 tid=467927 inv=5 hid=6bd2711823aaa57e depth=3 name=chip.run.runner_run.device_wall.preamble ts=0 dur=11940 clk=dev
[mono_ns=182564083916953][T0x727f8d8ef740][TIMING] emit_host_span: [STRACE] v=1 pid=467927 tid=467927 inv=5 hid=6bd2711823aaa57e depth=3 name=chip.run.runner_run.device_wall.graph_build ts=3020 dur=1559318 clk=dev
[mono_ns=182564083925485][T0x727f8d8ef740][TIMING] emit_host_span: [STRACE] v=1 pid=467927 tid=467927 inv=5 hid=6bd2711823aaa57e depth=3 name=chip.run.runner_run.device_wall.config_validate ts=3530 dur=1310 clk=dev
[mono_ns=182564083926557][T0x727f8d8ef740][TIMING] emit_host_span: [STRACE] v=1 pid=467927 tid=467927 inv=5 hid=6bd2711823aaa57e depth=3 name=chip.run.runner_run.device_wall.arena_wire ts=4943 dur=3620 clk=dev
[mono_ns=182564083927609][T0x727f8d8ef740][TIMING] emit_host_span: [STRACE] v=1 pid=467927 tid=467927 inv=5 hid=6bd2711823aaa57e depth=3 name=chip.run.runner_run.device_wall.sm_reset ts=8583 dur=5966 clk=dev
[mono_ns=182564083928620][T0x727f8d8ef740][TIMING] emit_host_span: [STRACE] v=1 pid=467927 tid=467927 inv=5 hid=6bd2711823aaa57e depth=3 name=chip.run.runner_run.device_wall.post_orch ts=1562359 dur=4505 clk=dev
[mono_ns=182564083929612][T0x727f8d8ef740][TIMING] emit_host_span: [STRACE] v=1 pid=467927 tid=467927 inv=5 hid=6bd2711823aaa57e depth=3 name=chip.run.runner_run.device_wall.orch ts=14625 dur=1184946 clk=dev
[mono_ns=182564083930593][T0x727f8d8ef740][TIMING] emit_host_span: [STRACE] v=1 pid=467927 tid=467927 inv=5 hid=6bd2711823aaa57e depth=3 name=chip.run.runner_run.device_wall.sched ts=15285 dur=1533105 clk=dev
[mono_ns=182564083931895][T0x727f8d8ef740][TIMING] emit_host_span: [STRACE] v=1 pid=467927 tid=467927 inv=5 hid=6bd2711823aaa57e depth=1 name=chip.run.claim_release ts=182564083931144 dur=130
[mono_ns=182564083933938][T0x727f8d8ef740][TIMING] emit_host_span: [STRACE] v=1 pid=467927 tid=467927 inv=5 hid=6bd2711823aaa57e depth=0 name=chip.run ts=182563948734014 dur=135198752 run_id=0 dispatch_id=0 slot_id=0 generation=5 run_epoch=5
[mono_ns=182564213692265][T0x727f8d8ef740][TIMING] emit_host_span: [STRACE] v=1 pid=467927 tid=467927 inv=6 hid=6bd2711823aaa57e depth=2 name=chip.run.bind.args ts=182564084709422 dur=128977515
[mono_ns=182564213710673][T0x727f8d8ef740][TIMING] emit_host_span: [STRACE] v=1 pid=467927 tid=467927 inv=6 hid=6bd2711823aaa57e depth=2 name=chip.run.bind.prebuilt ts=182564213707237 dur=2624
[mono_ns=182564213713056][T0x727f8d8ef740][TIMING] emit_host_span: [STRACE] v=1 pid=467927 tid=467927 inv=6 hid=6bd2711823aaa57e depth=1 name=chip.run.bind ts=182564084705186 dur=129006738
[mono_ns=182564218852180][T0x727f8d8ef740][WARN] prepare_execution: [device_runner.cpp:343] AICPU CPU_TOPO unavailable; using json_fallback: soc=Ascend950PR_9579 occupy=0x3e stable_reachable=5 requested=0 effective=5 affinity=[1, 2, 3, 4, 5(orch)]
[mono_ns=182564220650859][T0x727f8d8ef740][TIMING] emit_host_span: [STRACE] v=1 pid=467927 tid=467927 inv=6 hid=6bd2711823aaa57e depth=1 name=chip.run.runner_run ts=182564218906651 dur=1742165
[mono_ns=182564220934575][T0x727f8d8ef740][TIMING] emit_host_span: [STRACE] v=1 pid=467927 tid=467927 inv=6 hid=6bd2711823aaa57e depth=1 name=chip.run.validate ts=182564220656748 dur=276816
[mono_ns=182564220936758][T0x727f8d8ef740][TIMING] emit_host_span: [STRACE] v=1 pid=467927 tid=467927 inv=6 hid=6bd2711823aaa57e depth=2 name=chip.run.runner_run.device_wall ts=0 dur=1519629 clk=dev
[mono_ns=182564220938200][T0x727f8d8ef740][TIMING] emit_host_span: [STRACE] v=1 pid=467927 tid=467927 inv=6 hid=6bd2711823aaa57e depth=3 name=chip.run.runner_run.device_wall.preamble ts=0 dur=11470 clk=dev
[mono_ns=182564220939462][T0x727f8d8ef740][TIMING] emit_host_span: [STRACE] v=1 pid=467927 tid=467927 inv=6 hid=6bd2711823aaa57e depth=3 name=chip.run.runner_run.device_wall.graph_build ts=2854 dur=1512569 clk=dev
[mono_ns=182564220940454][T0x727f8d8ef740][TIMING] emit_host_span: [STRACE] v=1 pid=467927 tid=467927 inv=6 hid=6bd2711823aaa57e depth=3 name=chip.run.runner_run.device_wall.config_validate ts=3082 dur=1412 clk=dev
[mono_ns=182564220941415][T0x727f8d8ef740][TIMING] emit_host_span: [STRACE] v=1 pid=467927 tid=467927 inv=6 hid=6bd2711823aaa57e depth=3 name=chip.run.runner_run.device_wall.arena_wire ts=4509 dur=4198 clk=dev
[mono_ns=182564220948336][T0x727f8d8ef740][TIMING] emit_host_span: [STRACE] v=1 pid=467927 tid=467927 inv=6 hid=6bd2711823aaa57e depth=3 name=chip.run.runner_run.device_wall.sm_reset ts=8798 dur=5003 clk=dev
[mono_ns=182564220949387][T0x727f8d8ef740][TIMING] emit_host_span: [STRACE] v=1 pid=467927 tid=467927 inv=6 hid=6bd2711823aaa57e depth=3 name=chip.run.runner_run.device_wall.post_orch ts=1515465 dur=3763 clk=dev
[mono_ns=182564220950399][T0x727f8d8ef740][TIMING] emit_host_span: [STRACE] v=1 pid=467927 tid=467927 inv=6 hid=6bd2711823aaa57e depth=3 name=chip.run.runner_run.device_wall.orch ts=13830 dur=1208159 clk=dev
[mono_ns=182564220951420][T0x727f8d8ef740][TIMING] emit_host_span: [STRACE] v=1 pid=467927 tid=467927 inv=6 hid=6bd2711823aaa57e depth=3 name=chip.run.runner_run.device_wall.sched ts=14665 dur=1487425 clk=dev
[mono_ns=182564220952822][T0x727f8d8ef740][TIMING] emit_host_span: [STRACE] v=1 pid=467927 tid=467927 inv=6 hid=6bd2711823aaa57e depth=1 name=chip.run.claim_release ts=182564220952011 dur=231
[mono_ns=182564220954795][T0x727f8d8ef740][TIMING] emit_host_span: [STRACE] v=1 pid=467927 tid=467927 inv=6 hid=6bd2711823aaa57e depth=0 name=chip.run ts=182564084700389 dur=136253445 run_id=0 dispatch_id=0 slot_id=0 generation=6 run_epoch=6
[mono_ns=182564337049204][T0x727f8d8ef740][TIMING] emit_host_span: [STRACE] v=1 pid=467927 tid=467927 inv=7 hid=6bd2711823aaa57e depth=2 name=chip.run.bind.args ts=182564221302197 dur=115741869
[mono_ns=182564337061642][T0x727f8d8ef740][TIMING] emit_host_span: [STRACE] v=1 pid=467927 tid=467927 inv=7 hid=6bd2711823aaa57e depth=2 name=chip.run.bind.prebuilt ts=182564337058468 dur=2303
[mono_ns=182564337064206][T0x727f8d8ef740][TIMING] emit_host_span: [STRACE] v=1 pid=467927 tid=467927 inv=7 hid=6bd2711823aaa57e depth=1 name=chip.run.bind ts=182564221298421 dur=115764493
[mono_ns=182564342483761][T0x727f8d8ef740][WARN] prepare_execution: [device_runner.cpp:343] AICPU CPU_TOPO unavailable; using json_fallback: soc=Ascend950PR_9579 occupy=0x3e stable_reachable=5 requested=0 effective=5 affinity=[1, 2, 3, 4, 5(orch)]
[mono_ns=182564344202851][T0x727f8d8ef740][TIMING] emit_host_span: [STRACE] v=1 pid=467927 tid=467927 inv=7 hid=6bd2711823aaa57e depth=1 name=chip.run.runner_run ts=182564342536610 dur=1664638
[mono_ns=182564344487168][T0x727f8d8ef740][TIMING] emit_host_span: [STRACE] v=1 pid=467927 tid=467927 inv=7 hid=6bd2711823aaa57e depth=1 name=chip.run.validate ts=182564344206466 dur=279830
[mono_ns=182564344489140][T0x727f8d8ef740][TIMING] emit_host_span: [STRACE] v=1 pid=467927 tid=467927 inv=7 hid=6bd2711823aaa57e depth=2 name=chip.run.runner_run.device_wall ts=0 dur=1500220 clk=dev
[mono_ns=182564344490593][T0x727f8d8ef740][TIMING] emit_host_span: [STRACE] v=1 pid=467927 tid=467927 inv=7 hid=6bd2711823aaa57e depth=3 name=chip.run.runner_run.device_wall.preamble ts=0 dur=11953 clk=dev
[mono_ns=182564344491804][T0x727f8d8ef740][TIMING] emit_host_span: [STRACE] v=1 pid=467927 tid=467927 inv=7 hid=6bd2711823aaa57e depth=3 name=chip.run.runner_run.device_wall.graph_build ts=3449 dur=1491502 clk=dev
[mono_ns=182564344492796][T0x727f8d8ef740][TIMING] emit_host_span: [STRACE] v=1 pid=467927 tid=467927 inv=7 hid=6bd2711823aaa57e depth=3 name=chip.run.runner_run.device_wall.config_validate ts=3999 dur=1041 clk=dev
[mono_ns=182564344493777][T0x727f8d8ef740][TIMING] emit_host_span: [STRACE] v=1 pid=467927 tid=467927 inv=7 hid=6bd2711823aaa57e depth=3 name=chip.run.runner_run.device_wall.arena_wire ts=5079 dur=3322 clk=dev
[mono_ns=182564344494779][T0x727f8d8ef740][TIMING] emit_host_span: [STRACE] v=1 pid=467927 tid=467927 inv=7 hid=6bd2711823aaa57e depth=3 name=chip.run.runner_run.device_wall.sm_reset ts=8422 dur=4914 clk=dev
[mono_ns=182564344495810][T0x727f8d8ef740][TIMING] emit_host_span: [STRACE] v=1 pid=467927 tid=467927 inv=7 hid=6bd2711823aaa57e depth=3 name=chip.run.runner_run.device_wall.post_orch ts=1495032 dur=4684 clk=dev
[mono_ns=182564344496802][T0x727f8d8ef740][TIMING] emit_host_span: [STRACE] v=1 pid=467927 tid=467927 inv=7 hid=6bd2711823aaa57e depth=3 name=chip.run.runner_run.device_wall.orch ts=13494 dur=1177783 clk=dev
[mono_ns=182564344503202][T0x727f8d8ef740][TIMING] emit_host_span: [STRACE] v=1 pid=467927 tid=467927 inv=7 hid=6bd2711823aaa57e depth=3 name=chip.run.runner_run.device_wall.sched ts=14110 dur=1466452 clk=dev
[mono_ns=182564344504684][T0x727f8d8ef740][TIMING] emit_host_span: [STRACE] v=1 pid=467927 tid=467927 inv=7 hid=6bd2711823aaa57e depth=1 name=chip.run.claim_release ts=182564344503933 dur=170
[mono_ns=182564344506446][T0x727f8d8ef740][TIMING] emit_host_span: [STRACE] v=1 pid=467927 tid=467927 inv=7 hid=6bd2711823aaa57e depth=0 name=chip.run ts=182564221294125 dur=123211430 run_id=0 dispatch_id=0 slot_id=0 generation=7 run_epoch=7
[mono_ns=182564453798625][T0x727f8d8ef740][TIMING] emit_host_span: [STRACE] v=1 pid=467927 tid=467927 inv=8 hid=6bd2711823aaa57e depth=2 name=chip.run.bind.args ts=182564344835100 dur=108958448
[mono_ns=182564453812236][T0x727f8d8ef740][TIMING] emit_host_span: [STRACE] v=1 pid=467927 tid=467927 inv=8 hid=6bd2711823aaa57e depth=2 name=chip.run.bind.prebuilt ts=182564453809211 dur=2284
[mono_ns=182564453814830][T0x727f8d8ef740][TIMING] emit_host_span: [STRACE] v=1 pid=467927 tid=467927 inv=8 hid=6bd2711823aaa57e depth=1 name=chip.run.bind ts=182564344830523 dur=108982944
[mono_ns=182564458866281][T0x727f8d8ef740][WARN] prepare_execution: [device_runner.cpp:343] AICPU CPU_TOPO unavailable; using json_fallback: soc=Ascend950PR_9579 occupy=0x3e stable_reachable=5 requested=0 effective=5 affinity=[1, 2, 3, 4, 5(orch)]
[mono_ns=182564460585372][T0x727f8d8ef740][TIMING] emit_host_span: [STRACE] v=1 pid=467927 tid=467927 inv=8 hid=6bd2711823aaa57e depth=1 name=chip.run.runner_run ts=182564458925160 dur=1658579
[mono_ns=182564460873013][T0x727f8d8ef740][TIMING] emit_host_span: [STRACE] v=1 pid=467927 tid=467927 inv=8 hid=6bd2711823aaa57e depth=1 name=chip.run.validate ts=182564460588667 dur=283595
[mono_ns=182564460874596][T0x727f8d8ef740][TIMING] emit_host_span: [STRACE] v=1 pid=467927 tid=467927 inv=8 hid=6bd2711823aaa57e depth=2 name=chip.run.runner_run.device_wall ts=0 dur=1498104 clk=dev
[mono_ns=182564460876228][T0x727f8d8ef740][TIMING] emit_host_span: [STRACE] v=1 pid=467927 tid=467927 inv=8 hid=6bd2711823aaa57e depth=3 name=chip.run.runner_run.device_wall.preamble ts=0 dur=12126 clk=dev
[mono_ns=182564460877300][T0x727f8d8ef740][TIMING] emit_host_span: [STRACE] v=1 pid=467927 tid=467927 inv=8 hid=6bd2711823aaa57e depth=3 name=chip.run.runner_run.device_wall.graph_build ts=2968 dur=1490575 clk=dev
[mono_ns=182564460878281][T0x727f8d8ef740][TIMING] emit_host_span: [STRACE] v=1 pid=467927 tid=467927 inv=8 hid=6bd2711823aaa57e depth=3 name=chip.run.runner_run.device_wall.config_validate ts=3296 dur=1766 clk=dev
[mono_ns=182564460879283][T0x727f8d8ef740][TIMING] emit_host_span: [STRACE] v=1 pid=467927 tid=467927 inv=8 hid=6bd2711823aaa57e depth=3 name=chip.run.runner_run.device_wall.arena_wire ts=5348 dur=3588 clk=dev
[mono_ns=182564460880244][T0x727f8d8ef740][TIMING] emit_host_span: [STRACE] v=1 pid=467927 tid=467927 inv=8 hid=6bd2711823aaa57e depth=3 name=chip.run.runner_run.device_wall.sm_reset ts=9006 dur=4594 clk=dev
[mono_ns=182564460881236][T0x727f8d8ef740][TIMING] emit_host_span: [STRACE] v=1 pid=467927 tid=467927 inv=8 hid=6bd2711823aaa57e depth=3 name=chip.run.runner_run.device_wall.post_orch ts=1493563 dur=3744 clk=dev
[mono_ns=182564460882227][T0x727f8d8ef740][TIMING] emit_host_span: [STRACE] v=1 pid=467927 tid=467927 inv=8 hid=6bd2711823aaa57e depth=3 name=chip.run.runner_run.device_wall.orch ts=13670 dur=1192551 clk=dev
[mono_ns=182564460883229][T0x727f8d8ef740][TIMING] emit_host_span: [STRACE] v=1 pid=467927 tid=467927 inv=8 hid=6bd2711823aaa57e depth=3 name=chip.run.runner_run.device_wall.sched ts=14280 dur=1463392 clk=dev
[mono_ns=182564460884601][T0x727f8d8ef740][TIMING] emit_host_span: [STRACE] v=1 pid=467927 tid=467927 inv=8 hid=6bd2711823aaa57e depth=1 name=chip.run.claim_release ts=182564460883950 dur=80
[mono_ns=182564460886433][T0x727f8d8ef740][TIMING] emit_host_span: [STRACE] v=1 pid=467927 tid=467927 inv=8 hid=6bd2711823aaa57e depth=0 name=chip.run ts=182564344825385 dur=116060117 run_id=0 dispatch_id=0 slot_id=0 generation=8 run_epoch=8
[mono_ns=182564567316516][T0x727f8d8ef740][TIMING] emit_host_span: [STRACE] v=1 pid=467927 tid=467927 inv=9 hid=6bd2711823aaa57e depth=2 name=chip.run.bind.args ts=182564461213715 dur=106096392
[mono_ns=182564567331339][T0x727f8d8ef740][TIMING] emit_host_span: [STRACE] v=1 pid=467927 tid=467927 inv=9 hid=6bd2711823aaa57e depth=2 name=chip.run.bind.prebuilt ts=182564567328114 dur=2373
[mono_ns=182564567334033][T0x727f8d8ef740][TIMING] emit_host_span: [STRACE] v=1 pid=467927 tid=467927 inv=9 hid=6bd2711823aaa57e depth=1 name=chip.run.bind ts=182564461210169 dur=106122432
[mono_ns=182564572492375][T0x727f8d8ef740][WARN] prepare_execution: [device_runner.cpp:343] AICPU CPU_TOPO unavailable; using json_fallback: soc=Ascend950PR_9579 occupy=0x3e stable_reachable=5 requested=0 effective=5 affinity=[1, 2, 3, 4, 5(orch)]
[mono_ns=182564574246458][T0x727f8d8ef740][TIMING] emit_host_span: [STRACE] v=1 pid=467927 tid=467927 inv=9 hid=6bd2711823aaa57e depth=1 name=chip.run.runner_run ts=182564572549711 dur=1695034
[mono_ns=182564574520419][T0x727f8d8ef740][TIMING] emit_host_span: [STRACE] v=1 pid=467927 tid=467927 inv=9 hid=6bd2711823aaa57e depth=1 name=chip.run.validate ts=182564574250153 dur=269455
[mono_ns=182564574522161][T0x727f8d8ef740][TIMING] emit_host_span: [STRACE] v=1 pid=467927 tid=467927 inv=9 hid=6bd2711823aaa57e depth=2 name=chip.run.runner_run.device_wall ts=0 dur=1520235 clk=dev
[mono_ns=182564574523604][T0x727f8d8ef740][TIMING] emit_host_span: [STRACE] v=1 pid=467927 tid=467927 inv=9 hid=6bd2711823aaa57e depth=3 name=chip.run.runner_run.device_wall.preamble ts=0 dur=12548 clk=dev
[mono_ns=182564574524886][T0x727f8d8ef740][TIMING] emit_host_span: [STRACE] v=1 pid=467927 tid=467927 inv=9 hid=6bd2711823aaa57e depth=3 name=chip.run.runner_run.device_wall.graph_build ts=3238 dur=1511710 clk=dev
[mono_ns=182564574525867][T0x727f8d8ef740][TIMING] emit_host_span: [STRACE] v=1 pid=467927 tid=467927 inv=9 hid=6bd2711823aaa57e depth=3 name=chip.run.runner_run.device_wall.config_validate ts=3427 dur=1553 clk=dev
[mono_ns=182564574526849][T0x727f8d8ef740][TIMING] emit_host_span: [STRACE] v=1 pid=467927 tid=467927 inv=9 hid=6bd2711823aaa57e depth=3 name=chip.run.runner_run.device_wall.arena_wire ts=4998 dur=3307 clk=dev
[mono_ns=182564574527840][T0x727f8d8ef740][TIMING] emit_host_span: [STRACE] v=1 pid=467927 tid=467927 inv=9 hid=6bd2711823aaa57e depth=3 name=chip.run.runner_run.device_wall.sm_reset ts=8453 dur=4883 clk=dev
[mono_ns=182564574528942][T0x727f8d8ef740][TIMING] emit_host_span: [STRACE] v=1 pid=467927 tid=467927 inv=9 hid=6bd2711823aaa57e depth=3 name=chip.run.runner_run.device_wall.post_orch ts=1514966 dur=4615 clk=dev
[mono_ns=182564574529933][T0x727f8d8ef740][TIMING] emit_host_span: [STRACE] v=1 pid=467927 tid=467927 inv=9 hid=6bd2711823aaa57e depth=3 name=chip.run.runner_run.device_wall.orch ts=13407 dur=1187062 clk=dev
[mono_ns=182564574530925][T0x727f8d8ef740][TIMING] emit_host_span: [STRACE] v=1 pid=467927 tid=467927 inv=9 hid=6bd2711823aaa57e depth=3 name=chip.run.runner_run.device_wall.sched ts=14058 dur=1488257 clk=dev
[mono_ns=182564574532116][T0x727f8d8ef740][TIMING] emit_host_span: [STRACE] v=1 pid=467927 tid=467927 inv=9 hid=6bd2711823aaa57e depth=1 name=chip.run.claim_release ts=182564574531455 dur=101
[mono_ns=182564574533979][T0x727f8d8ef740][TIMING] emit_host_span: [STRACE] v=1 pid=467927 tid=467927 inv=9 hid=6bd2711823aaa57e depth=0 name=chip.run ts=182564461206414 dur=113326654 run_id=0 dispatch_id=0 slot_id=0 generation=9 run_epoch=9
[mono_ns=182564689027615][T0x727f8d8ef740][TIMING] emit_host_span: [STRACE] v=1 pid=467927 tid=467927 inv=10 hid=6bd2711823aaa57e depth=2 name=chip.run.bind.args ts=182564574868942 dur=114147797
[mono_ns=182564689046013][T0x727f8d8ef740][TIMING] emit_host_span: [STRACE] v=1 pid=467927 tid=467927 inv=10 hid=6bd2711823aaa57e depth=2 name=chip.run.bind.prebuilt ts=182564689042197 dur=2694
[mono_ns=182564689048907][T0x727f8d8ef740][TIMING] emit_host_span: [STRACE] v=1 pid=467927 tid=467927 inv=10 hid=6bd2711823aaa57e depth=1 name=chip.run.bind ts=182564574864545 dur=114183030
[mono_ns=182564694152657][T0x727f8d8ef740][WARN] prepare_execution: [device_runner.cpp:343] AICPU CPU_TOPO unavailable; using json_fallback: soc=Ascend950PR_9579 occupy=0x3e stable_reachable=5 requested=0 effective=5 affinity=[1, 2, 3, 4, 5(orch)]
[mono_ns=182564695956054][T0x727f8d8ef740][TIMING] emit_host_span: [STRACE] v=1 pid=467927 tid=467927 inv=10 hid=6bd2711823aaa57e depth=1 name=chip.run.runner_run ts=182564694215522 dur=1739120
[mono_ns=182564696239610][T0x727f8d8ef740][TIMING] emit_host_span: [STRACE] v=1 pid=467927 tid=467927 inv=10 hid=6bd2711823aaa57e depth=1 name=chip.run.validate ts=182564695959569 dur=279019
[mono_ns=182564696242063][T0x727f8d8ef740][TIMING] emit_host_span: [STRACE] v=1 pid=467927 tid=467927 inv=10 hid=6bd2711823aaa57e depth=2 name=chip.run.runner_run.device_wall ts=0 dur=1552182 clk=dev
[mono_ns=182564696243586][T0x727f8d8ef740][TIMING] emit_host_span: [STRACE] v=1 pid=467927 tid=467927 inv=10 hid=6bd2711823aaa57e depth=3 name=chip.run.runner_run.device_wall.preamble ts=0 dur=12145 clk=dev
[mono_ns=182564696244877][T0x727f8d8ef740][TIMING] emit_host_span: [STRACE] v=1 pid=467927 tid=467927 inv=10 hid=6bd2711823aaa57e depth=3 name=chip.run.runner_run.device_wall.graph_build ts=3107 dur=1543958 clk=dev
[mono_ns=182564696245889][T0x727f8d8ef740][TIMING] emit_host_span: [STRACE] v=1 pid=467927 tid=467927 inv=10 hid=6bd2711823aaa57e depth=3 name=chip.run.runner_run.device_wall.config_validate ts=3412 dur=1564 clk=dev
[mono_ns=182564696246860][T0x727f8d8ef740][TIMING] emit_host_span: [STRACE] v=1 pid=467927 tid=467927 inv=10 hid=6bd2711823aaa57e depth=3 name=chip.run.runner_run.device_wall.arena_wire ts=5067 dur=2799 clk=dev
[mono_ns=182564696247842][T0x727f8d8ef740][TIMING] emit_host_span: [STRACE] v=1 pid=467927 tid=467927 inv=10 hid=6bd2711823aaa57e depth=3 name=chip.run.runner_run.device_wall.sm_reset ts=7895 dur=5422 clk=dev
[mono_ns=182564696248984][T0x727f8d8ef740][TIMING] emit_host_span: [STRACE] v=1 pid=467927 tid=467927 inv=10 hid=6bd2711823aaa57e depth=3 name=chip.run.runner_run.device_wall.post_orch ts=1547124 dur=4356 clk=dev
[mono_ns=182564696249985][T0x727f8d8ef740][TIMING] emit_host_span: [STRACE] v=1 pid=467927 tid=467927 inv=10 hid=6bd2711823aaa57e depth=3 name=chip.run.runner_run.device_wall.orch ts=13574 dur=1163764 clk=dev
[mono_ns=182564696250947][T0x727f8d8ef740][TIMING] emit_host_span: [STRACE] v=1 pid=467927 tid=467927 inv=10 hid=6bd2711823aaa57e depth=3 name=chip.run.runner_run.device_wall.sched ts=14001 dur=1518830 clk=dev
[mono_ns=182564696252339][T0x727f8d8ef740][TIMING] emit_host_span: [STRACE] v=1 pid=467927 tid=467927 inv=10 hid=6bd2711823aaa57e depth=1 name=chip.run.claim_release ts=182564696251497 dur=241
[mono_ns=182564696254141][T0x727f8d8ef740][TIMING] emit_host_span: [STRACE] v=1 pid=467927 tid=467927 inv=10 hid=6bd2711823aaa57e depth=0 name=chip.run ts=182564574860309 dur=121393031 run_id=0 dispatch_id=0 slot_id=0 generation=10 run_epoch=10
[mono_ns=182564809540806][T0x727f8d8ef740][TIMING] emit_host_span: [STRACE] v=1 pid=467927 tid=467927 inv=11 hid=6bd2711823aaa57e depth=2 name=chip.run.bind.args ts=182564696643305 dur=112889418
[mono_ns=182564809553705][T0x727f8d8ef740][TIMING] emit_host_span: [STRACE] v=1 pid=467927 tid=467927 inv=11 hid=6bd2711823aaa57e depth=2 name=chip.run.bind.prebuilt ts=182564809550941 dur=1923
[mono_ns=182564809556349][T0x727f8d8ef740][TIMING] emit_host_span: [STRACE] v=1 pid=467927 tid=467927 inv=11 hid=6bd2711823aaa57e depth=1 name=chip.run.bind ts=182564696637587 dur=112917400
[mono_ns=182564814677025][T0x727f8d8ef740][WARN] prepare_execution: [device_runner.cpp:343] AICPU CPU_TOPO unavailable; using json_fallback: soc=Ascend950PR_9579 occupy=0x3e stable_reachable=5 requested=0 effective=5 affinity=[1, 2, 3, 4, 5(orch)]
[mono_ns=182564816429485][T0x727f8d8ef740][TIMING] emit_host_span: [STRACE] v=1 pid=467927 tid=467927 inv=11 hid=6bd2711823aaa57e depth=1 name=chip.run.runner_run ts=182564814734501 dur=1693271
[mono_ns=182564816672610][T0x727f8d8ef740][TIMING] emit_host_span: [STRACE] v=1 pid=467927 tid=467927 inv=11 hid=6bd2711823aaa57e depth=1 name=chip.run.validate ts=182564816437918 dur=233820
[mono_ns=182564816674342][T0x727f8d8ef740][TIMING] emit_host_span: [STRACE] v=1 pid=467927 tid=467927 inv=11 hid=6bd2711823aaa57e depth=2 name=chip.run.runner_run.device_wall ts=0 dur=1525806 clk=dev
[mono_ns=182564816675815][T0x727f8d8ef740][TIMING] emit_host_span: [STRACE] v=1 pid=467927 tid=467927 inv=11 hid=6bd2711823aaa57e depth=3 name=chip.run.runner_run.device_wall.preamble ts=0 dur=11996 clk=dev
[mono_ns=182564816677016][T0x727f8d8ef740][TIMING] emit_host_span: [STRACE] v=1 pid=467927 tid=467927 inv=11 hid=6bd2711823aaa57e depth=3 name=chip.run.runner_run.device_wall.graph_build ts=3102 dur=1517905 clk=dev
[mono_ns=182564816678028][T0x727f8d8ef740][TIMING] emit_host_span: [STRACE] v=1 pid=467927 tid=467927 inv=11 hid=6bd2711823aaa57e depth=3 name=chip.run.runner_run.device_wall.config_validate ts=3308 dur=1597 clk=dev
[mono_ns=182564816679009][T0x727f8d8ef740][TIMING] emit_host_span: [STRACE] v=1 pid=467927 tid=467927 inv=11 hid=6bd2711823aaa57e depth=3 name=chip.run.runner_run.device_wall.arena_wire ts=4927 dur=3705 clk=dev
[mono_ns=182564816679971][T0x727f8d8ef740][TIMING] emit_host_span: [STRACE] v=1 pid=467927 tid=467927 inv=11 hid=6bd2711823aaa57e depth=3 name=chip.run.runner_run.device_wall.sm_reset ts=8681 dur=4452 clk=dev
[mono_ns=182564816680952][T0x727f8d8ef740][TIMING] emit_host_span: [STRACE] v=1 pid=467927 tid=467927 inv=11 hid=6bd2711823aaa57e depth=3 name=chip.run.runner_run.device_wall.post_orch ts=1521035 dur=4221 clk=dev
[mono_ns=182564816681934][T0x727f8d8ef740][TIMING] emit_host_span: [STRACE] v=1 pid=467927 tid=467927 inv=11 hid=6bd2711823aaa57e depth=3 name=chip.run.runner_run.device_wall.orch ts=13332 dur=1163078 clk=dev
[mono_ns=182564816682905][T0x727f8d8ef740][TIMING] emit_host_span: [STRACE] v=1 pid=467927 tid=467927 inv=11 hid=6bd2711823aaa57e depth=3 name=chip.run.runner_run.device_wall.sched ts=13764 dur=1491894 clk=dev
[mono_ns=182564816684257][T0x727f8d8ef740][TIMING] emit_host_span: [STRACE] v=1 pid=467927 tid=467927 inv=11 hid=6bd2711823aaa57e depth=1 name=chip.run.claim_release ts=182564816683506 dur=200
[mono_ns=182564816686130][T0x727f8d8ef740][TIMING] emit_host_span: [STRACE] v=1 pid=467927 tid=467927 inv=11 hid=6bd2711823aaa57e depth=0 name=chip.run ts=182564696632029 dur=120053170 run_id=0 dispatch_id=0 slot_id=0 generation=11 run_epoch=11
[mono_ns=182564926247283][T0x727f8d8ef740][TIMING] emit_host_span: [STRACE] v=1 pid=467927 tid=467927 inv=12 hid=6bd2711823aaa57e depth=2 name=chip.run.bind.args ts=182564817099581 dur=109141602
[mono_ns=182564926264458][T0x727f8d8ef740][TIMING] emit_host_span: [STRACE] v=1 pid=467927 tid=467927 inv=12 hid=6bd2711823aaa57e depth=2 name=chip.run.bind.prebuilt ts=182564926261444 dur=2263
[mono_ns=182564926267253][T0x727f8d8ef740][TIMING] emit_host_span: [STRACE] v=1 pid=467927 tid=467927 inv=12 hid=6bd2711823aaa57e depth=1 name=chip.run.bind ts=182564817093792 dur=109172209
[mono_ns=182564931390101][T0x727f8d8ef740][WARN] prepare_execution: [device_runner.cpp:343] AICPU CPU_TOPO unavailable; using json_fallback: soc=Ascend950PR_9579 occupy=0x3e stable_reachable=5 requested=0 effective=5 affinity=[1, 2, 3, 4, 5(orch)]
[mono_ns=182564933173368][T0x727f8d8ef740][TIMING] emit_host_span: [STRACE] v=1 pid=467927 tid=467927 inv=12 hid=6bd2711823aaa57e depth=1 name=chip.run.runner_run ts=182564931449801 dur=1722025
[mono_ns=182564933448922][T0x727f8d8ef740][TIMING] emit_host_span: [STRACE] v=1 pid=467927 tid=467927 inv=12 hid=6bd2711823aaa57e depth=1 name=chip.run.validate ts=182564933176923 dur=271177
[mono_ns=182564933450814][T0x727f8d8ef740][TIMING] emit_host_span: [STRACE] v=1 pid=467927 tid=467927 inv=12 hid=6bd2711823aaa57e depth=2 name=chip.run.runner_run.device_wall ts=0 dur=1543092 clk=dev
[mono_ns=182564933452287][T0x727f8d8ef740][TIMING] emit_host_span: [STRACE] v=1 pid=467927 tid=467927 inv=12 hid=6bd2711823aaa57e depth=3 name=chip.run.runner_run.device_wall.preamble ts=0 dur=12379 clk=dev
[mono_ns=182564933459578][T0x727f8d8ef740][TIMING] emit_host_span: [STRACE] v=1 pid=467927 tid=467927 inv=12 hid=6bd2711823aaa57e depth=3 name=chip.run.runner_run.device_wall.graph_build ts=3127 dur=1535123 clk=dev
[mono_ns=182564933460619][T0x727f8d8ef740][TIMING] emit_host_span: [STRACE] v=1 pid=467927 tid=467927 inv=12 hid=6bd2711823aaa57e depth=3 name=chip.run.runner_run.device_wall.config_validate ts=3354 dur=1529 clk=dev
[mono_ns=182564933461601][T0x727f8d8ef740][TIMING] emit_host_span: [STRACE] v=1 pid=467927 tid=467927 inv=12 hid=6bd2711823aaa57e depth=3 name=chip.run.runner_run.device_wall.arena_wire ts=4902 dur=3174 clk=dev
[mono_ns=182564933462582][T0x727f8d8ef740][TIMING] emit_host_span: [STRACE] v=1 pid=467927 tid=467927 inv=12 hid=6bd2711823aaa57e depth=3 name=chip.run.runner_run.device_wall.sm_reset ts=8186 dur=4179 clk=dev
[mono_ns=182564933463674][T0x727f8d8ef740][TIMING] emit_host_span: [STRACE] v=1 pid=467927 tid=467927 inv=12 hid=6bd2711823aaa57e depth=3 name=chip.run.runner_run.device_wall.post_orch ts=1538277 dur=4512 clk=dev
[mono_ns=182564933464765][T0x727f8d8ef740][TIMING] emit_host_span: [STRACE] v=1 pid=467927 tid=467927 inv=12 hid=6bd2711823aaa57e depth=3 name=chip.run.runner_run.device_wall.orch ts=12439 dur=1195003 clk=dev
[mono_ns=182564933465727][T0x727f8d8ef740][TIMING] emit_host_span: [STRACE] v=1 pid=467927 tid=467927 inv=12 hid=6bd2711823aaa57e depth=3 name=chip.run.runner_run.device_wall.sched ts=13067 dur=1510656 clk=dev
[mono_ns=182564933467099][T0x727f8d8ef740][TIMING] emit_host_span: [STRACE] v=1 pid=467927 tid=467927 inv=12 hid=6bd2711823aaa57e depth=1 name=chip.run.claim_release ts=182564933466438 dur=100
[mono_ns=182564933468681][T0x727f8d8ef740][TIMING] emit_host_span: [STRACE] v=1 pid=467927 tid=467927 inv=12 hid=6bd2711823aaa57e depth=0 name=chip.run ts=182564817087793 dur=116380277 run_id=0 dispatch_id=0 slot_id=0 generation=12 run_epoch=12
[mono_ns=182565042489383][T0x727f8d8ef740][TIMING] emit_host_span: [STRACE] v=1 pid=467927 tid=467927 inv=13 hid=6bd2711823aaa57e depth=2 name=chip.run.bind.args ts=182564933832798 dur=108650075
[mono_ns=182565042504175][T0x727f8d8ef740][TIMING] emit_host_span: [STRACE] v=1 pid=467927 tid=467927 inv=13 hid=6bd2711823aaa57e depth=2 name=chip.run.bind.prebuilt ts=182565042501020 dur=2364
[mono_ns=182565042506568][T0x727f8d8ef740][TIMING] emit_host_span: [STRACE] v=1 pid=467927 tid=467927 inv=13 hid=6bd2711823aaa57e depth=1 name=chip.run.bind ts=182564933827420 dur=108678007
[mono_ns=182565047597429][T0x727f8d8ef740][WARN] prepare_execution: [device_runner.cpp:343] AICPU CPU_TOPO unavailable; using json_fallback: soc=Ascend950PR_9579 occupy=0x3e stable_reachable=5 requested=0 effective=5 affinity=[1, 2, 3, 4, 5(orch)]
[mono_ns=182565049288427][T0x727f8d8ef740][TIMING] emit_host_span: [STRACE] v=1 pid=467927 tid=467927 inv=13 hid=6bd2711823aaa57e depth=1 name=chip.run.runner_run ts=182565047639502 dur=1647013
[mono_ns=182565049572193][T0x727f8d8ef740][TIMING] emit_host_span: [STRACE] v=1 pid=467927 tid=467927 inv=13 hid=6bd2711823aaa57e depth=1 name=chip.run.validate ts=182565049292083 dur=279189
[mono_ns=182565049574186][T0x727f8d8ef740][TIMING] emit_host_span: [STRACE] v=1 pid=467927 tid=467927 inv=13 hid=6bd2711823aaa57e depth=2 name=chip.run.runner_run.device_wall ts=0 dur=1475729 clk=dev
[mono_ns=182565049575668][T0x727f8d8ef740][TIMING] emit_host_span: [STRACE] v=1 pid=467927 tid=467927 inv=13 hid=6bd2711823aaa57e depth=3 name=chip.run.runner_run.device_wall.preamble ts=0 dur=12588 clk=dev
[mono_ns=182565049577021][T0x727f8d8ef740][TIMING] emit_host_span: [STRACE] v=1 pid=467927 tid=467927 inv=13 hid=6bd2711823aaa57e depth=3 name=chip.run.runner_run.device_wall.graph_build ts=3429 dur=1468080 clk=dev
[mono_ns=182565049578022][T0x727f8d8ef740][TIMING] emit_host_span: [STRACE] v=1 pid=467927 tid=467927 inv=13 hid=6bd2711823aaa57e depth=3 name=chip.run.runner_run.device_wall.config_validate ts=3637 dur=1653 clk=dev
[mono_ns=182565049578983][T0x727f8d8ef740][TIMING] emit_host_span: [STRACE] v=1 pid=467927 tid=467927 inv=13 hid=6bd2711823aaa57e depth=3 name=chip.run.runner_run.device_wall.arena_wire ts=5310 dur=3425 clk=dev
[mono_ns=182565049583831][T0x727f8d8ef740][TIMING] emit_host_span: [STRACE] v=1 pid=467927 tid=467927 inv=13 hid=6bd2711823aaa57e depth=3 name=chip.run.runner_run.device_wall.sm_reset ts=8838 dur=5488 clk=dev
[mono_ns=182565049585043][T0x727f8d8ef740][TIMING] emit_host_span: [STRACE] v=1 pid=467927 tid=467927 inv=13 hid=6bd2711823aaa57e depth=3 name=chip.run.runner_run.device_wall.post_orch ts=1471557 dur=3775 clk=dev
[mono_ns=182565049586034][T0x727f8d8ef740][TIMING] emit_host_span: [STRACE] v=1 pid=467927 tid=467927 inv=13 hid=6bd2711823aaa57e depth=3 name=chip.run.runner_run.device_wall.orch ts=14398 dur=1169998 clk=dev
[mono_ns=182565049587026][T0x727f8d8ef740][TIMING] emit_host_span: [STRACE] v=1 pid=467927 tid=467927 inv=13 hid=6bd2711823aaa57e depth=3 name=chip.run.runner_run.device_wall.sched ts=15245 dur=1440447 clk=dev
[mono_ns=182565049588388][T0x727f8d8ef740][TIMING] emit_host_span: [STRACE] v=1 pid=467927 tid=467927 inv=13 hid=6bd2711823aaa57e depth=1 name=chip.run.claim_release ts=182565049587636 dur=191
[mono_ns=182565049590341][T0x727f8d8ef740][TIMING] emit_host_span: [STRACE] v=1 pid=467927 tid=467927 inv=13 hid=6bd2711823aaa57e depth=0 name=chip.run ts=182564933821941 dur=115767348 run_id=0 dispatch_id=0 slot_id=0 generation=13 run_epoch=13
[mono_ns=182565158139454][T0x727f8d8ef740][TIMING] emit_host_span: [STRACE] v=1 pid=467927 tid=467927 inv=14 hid=6bd2711823aaa57e depth=2 name=chip.run.bind.args ts=182565049948929 dur=108184246
[mono_ns=182565158158412][T0x727f8d8ef740][TIMING] emit_host_span: [STRACE] v=1 pid=467927 tid=467927 inv=14 hid=6bd2711823aaa57e depth=2 name=chip.run.bind.prebuilt ts=182565158155368 dur=2343
[mono_ns=182565158161096][T0x727f8d8ef740][TIMING] emit_host_span: [STRACE] v=1 pid=467927 tid=467927 inv=14 hid=6bd2711823aaa57e depth=1 name=chip.run.bind ts=182565049944422 dur=108215232
[mono_ns=182565163351377][T0x727f8d8ef740][WARN] prepare_execution: [device_runner.cpp:343] AICPU CPU_TOPO unavailable; using json_fallback: soc=Ascend950PR_9579 occupy=0x3e stable_reachable=5 requested=0 effective=5 affinity=[1, 2, 3, 4, 5(orch)]
[mono_ns=182565165183637][T0x727f8d8ef740][TIMING] emit_host_span: [STRACE] v=1 pid=467927 tid=467927 inv=14 hid=6bd2711823aaa57e depth=1 name=chip.run.runner_run ts=182565163391437 dur=1790397
[mono_ns=182565165474393][T0x727f8d8ef740][TIMING] emit_host_span: [STRACE] v=1 pid=467927 tid=467927 inv=14 hid=6bd2711823aaa57e depth=1 name=chip.run.validate ts=182565165187332 dur=286230
[mono_ns=182565165476176][T0x727f8d8ef740][TIMING] emit_host_span: [STRACE] v=1 pid=467927 tid=467927 inv=14 hid=6bd2711823aaa57e depth=2 name=chip.run.runner_run.device_wall ts=0 dur=1613701 clk=dev
[mono_ns=182565165477598][T0x727f8d8ef740][TIMING] emit_host_span: [STRACE] v=1 pid=467927 tid=467927 inv=14 hid=6bd2711823aaa57e depth=3 name=chip.run.runner_run.device_wall.preamble ts=0 dur=12823 clk=dev
[mono_ns=182565165478940][T0x727f8d8ef740][TIMING] emit_host_span: [STRACE] v=1 pid=467927 tid=467927 inv=14 hid=6bd2711823aaa57e depth=3 name=chip.run.runner_run.device_wall.graph_build ts=3068 dur=1606473 clk=dev
[mono_ns=182565165479951][T0x727f8d8ef740][TIMING] emit_host_span: [STRACE] v=1 pid=467927 tid=467927 inv=14 hid=6bd2711823aaa57e depth=3 name=chip.run.runner_run.device_wall.config_validate ts=3292 dur=1623 clk=dev
[mono_ns=182565165480913][T0x727f8d8ef740][TIMING] emit_host_span: [STRACE] v=1 pid=467927 tid=467927 inv=14 hid=6bd2711823aaa57e depth=3 name=chip.run.runner_run.device_wall.arena_wire ts=4925 dur=3434 clk=dev
[mono_ns=182565165481874][T0x727f8d8ef740][TIMING] emit_host_span: [STRACE] v=1 pid=467927 tid=467927 inv=14 hid=6bd2711823aaa57e depth=3 name=chip.run.runner_run.device_wall.sm_reset ts=8427 dur=4770 clk=dev
[mono_ns=182565165482866][T0x727f8d8ef740][TIMING] emit_host_span: [STRACE] v=1 pid=467927 tid=467927 inv=14 hid=6bd2711823aaa57e depth=3 name=chip.run.runner_run.device_wall.post_orch ts=1609575 dur=3902 clk=dev
[mono_ns=182565165490537][T0x727f8d8ef740][TIMING] emit_host_span: [STRACE] v=1 pid=467927 tid=467927 inv=14 hid=6bd2711823aaa57e depth=3 name=chip.run.runner_run.device_wall.orch ts=13273 dur=1165880 clk=dev
[mono_ns=182565165491509][T0x727f8d8ef740][TIMING] emit_host_span: [STRACE] v=1 pid=467927 tid=467927 inv=14 hid=6bd2711823aaa57e depth=3 name=chip.run.runner_run.device_wall.sched ts=13846 dur=1582387 clk=dev
[mono_ns=182565165492721][T0x727f8d8ef740][TIMING] emit_host_span: [STRACE] v=1 pid=467927 tid=467927 inv=14 hid=6bd2711823aaa57e depth=1 name=chip.run.claim_release ts=182565165492070 dur=80
[mono_ns=182565165494243][T0x727f8d8ef740][TIMING] emit_host_span: [STRACE] v=1 pid=467927 tid=467927 inv=14 hid=6bd2711823aaa57e depth=0 name=chip.run ts=182565049938273 dur=115555359 run_id=0 dispatch_id=0 slot_id=0 generation=14 run_epoch=14
[mono_ns=182565273913481][T0x727f8d8ef740][TIMING] emit_host_span: [STRACE] v=1 pid=467927 tid=467927 inv=15 hid=6bd2711823aaa57e depth=2 name=chip.run.bind.args ts=182565165845500 dur=108056865
[mono_ns=182565273936155][T0x727f8d8ef740][TIMING] emit_host_span: [STRACE] v=1 pid=467927 tid=467927 inv=15 hid=6bd2711823aaa57e depth=2 name=chip.run.bind.prebuilt ts=182565273932861 dur=2363
[mono_ns=182565273939050][T0x727f8d8ef740][TIMING] emit_host_span: [STRACE] v=1 pid=467927 tid=467927 inv=15 hid=6bd2711823aaa57e depth=1 name=chip.run.bind ts=182565165840653 dur=108097265
[mono_ns=182565279299265][T0x727f8d8ef740][WARN] prepare_execution: [device_runner.cpp:343] AICPU CPU_TOPO unavailable; using json_fallback: soc=Ascend950PR_9579 occupy=0x3e stable_reachable=5 requested=0 effective=5 affinity=[1, 2, 3, 4, 5(orch)]
[mono_ns=182565281062121][T0x727f8d8ef740][TIMING] emit_host_span: [STRACE] v=1 pid=467927 tid=467927 inv=15 hid=6bd2711823aaa57e depth=1 name=chip.run.runner_run ts=182565279341048 dur=1719380
[mono_ns=182565281355441][T0x727f8d8ef740][TIMING] emit_host_span: [STRACE] v=1 pid=467927 tid=467927 inv=15 hid=6bd2711823aaa57e depth=1 name=chip.run.validate ts=182565281066978 dur=287562
[mono_ns=182565281357254][T0x727f8d8ef740][TIMING] emit_host_span: [STRACE] v=1 pid=467927 tid=467927 inv=15 hid=6bd2711823aaa57e depth=2 name=chip.run.runner_run.device_wall ts=0 dur=1513487 clk=dev
[mono_ns=182565281358756][T0x727f8d8ef740][TIMING] emit_host_span: [STRACE] v=1 pid=467927 tid=467927 inv=15 hid=6bd2711823aaa57e depth=3 name=chip.run.runner_run.device_wall.preamble ts=0 dur=12727 clk=dev
[mono_ns=182565281359888][T0x727f8d8ef740][TIMING] emit_host_span: [STRACE] v=1 pid=467927 tid=467927 inv=15 hid=6bd2711823aaa57e depth=3 name=chip.run.runner_run.device_wall.graph_build ts=3103 dur=1505012 clk=dev
[mono_ns=182565281360950][T0x727f8d8ef740][TIMING] emit_host_span: [STRACE] v=1 pid=467927 tid=467927 inv=15 hid=6bd2711823aaa57e depth=3 name=chip.run.runner_run.device_wall.config_validate ts=3297 dur=1841 clk=dev
[mono_ns=182565281361971][T0x727f8d8ef740][TIMING] emit_host_span: [STRACE] v=1 pid=467927 tid=467927 inv=15 hid=6bd2711823aaa57e depth=3 name=chip.run.runner_run.device_wall.arena_wire ts=5156 dur=3348 clk=dev
[mono_ns=182565281362983][T0x727f8d8ef740][TIMING] emit_host_span: [STRACE] v=1 pid=467927 tid=467927 inv=15 hid=6bd2711823aaa57e depth=3 name=chip.run.runner_run.device_wall.sm_reset ts=8524 dur=4417 clk=dev
[mono_ns=182565281363984][T0x727f8d8ef740][TIMING] emit_host_span: [STRACE] v=1 pid=467927 tid=467927 inv=15 hid=6bd2711823aaa57e depth=3 name=chip.run.runner_run.device_wall.post_orch ts=1508168 dur=4758 clk=dev
[mono_ns=182565281364976][T0x727f8d8ef740][TIMING] emit_host_span: [STRACE] v=1 pid=467927 tid=467927 inv=15 hid=6bd2711823aaa57e depth=3 name=chip.run.runner_run.device_wall.orch ts=13199 dur=1176413 clk=dev
[mono_ns=182565281365927][T0x727f8d8ef740][TIMING] emit_host_span: [STRACE] v=1 pid=467927 tid=467927 inv=15 hid=6bd2711823aaa57e depth=3 name=chip.run.runner_run.device_wall.sched ts=13584 dur=1480598 clk=dev
[mono_ns=182565281367239][T0x727f8d8ef740][TIMING] emit_host_span: [STRACE] v=1 pid=467927 tid=467927 inv=15 hid=6bd2711823aaa57e depth=1 name=chip.run.claim_release ts=182565281366548 dur=110
[mono_ns=182565281375121][T0x727f8d8ef740][TIMING] emit_host_span: [STRACE] v=1 pid=467927 tid=467927 inv=15 hid=6bd2711823aaa57e depth=0 name=chip.run ts=182565165834784 dur=115539395 run_id=0 dispatch_id=0 slot_id=0 generation=15 run_epoch=15
[mono_ns=182565389122241][T0x727f8d8ef740][TIMING] emit_host_span: [STRACE] v=1 pid=467927 tid=467927 inv=16 hid=6bd2711823aaa57e depth=2 name=chip.run.bind.args ts=182565281747219 dur=107368562
[mono_ns=182565389142741][T0x727f8d8ef740][TIMING] emit_host_span: [STRACE] v=1 pid=467927 tid=467927 inv=16 hid=6bd2711823aaa57e depth=2 name=chip.run.bind.prebuilt ts=182565389139276 dur=2714
[mono_ns=182565389145195][T0x727f8d8ef740][TIMING] emit_host_span: [STRACE] v=1 pid=467927 tid=467927 inv=16 hid=6bd2711823aaa57e depth=1 name=chip.run.bind ts=182565281742422 dur=107401591
[mono_ns=182565394261344][T0x727f8d8ef740][WARN] prepare_execution: [device_runner.cpp:343] AICPU CPU_TOPO unavailable; using json_fallback: soc=Ascend950PR_9579 occupy=0x3e stable_reachable=5 requested=0 effective=5 affinity=[1, 2, 3, 4, 5(orch)]
[mono_ns=182565395923439][T0x727f8d8ef740][TIMING] emit_host_span: [STRACE] v=1 pid=467927 tid=467927 inv=16 hid=6bd2711823aaa57e depth=1 name=chip.run.runner_run ts=182565394300593 dur=1621283
[mono_ns=182565396199823][T0x727f8d8ef740][TIMING] emit_host_span: [STRACE] v=1 pid=467927 tid=467927 inv=16 hid=6bd2711823aaa57e depth=1 name=chip.run.validate ts=182565395927014 dur=271978
[mono_ns=182565396202157][T0x727f8d8ef740][TIMING] emit_host_span: [STRACE] v=1 pid=467927 tid=467927 inv=16 hid=6bd2711823aaa57e depth=2 name=chip.run.runner_run.device_wall ts=0 dur=1470238 clk=dev
[mono_ns=182565396203739][T0x727f8d8ef740][TIMING] emit_host_span: [STRACE] v=1 pid=467927 tid=467927 inv=16 hid=6bd2711823aaa57e depth=3 name=chip.run.runner_run.device_wall.preamble ts=0 dur=12793 clk=dev
[mono_ns=182565396205061][T0x727f8d8ef740][TIMING] emit_host_span: [STRACE] v=1 pid=467927 tid=467927 inv=16 hid=6bd2711823aaa57e depth=3 name=chip.run.runner_run.device_wall.graph_build ts=2882 dur=1462498 clk=dev
[mono_ns=182565396206033][T0x727f8d8ef740][TIMING] emit_host_span: [STRACE] v=1 pid=467927 tid=467927 inv=16 hid=6bd2711823aaa57e depth=3 name=chip.run.runner_run.device_wall.config_validate ts=3237 dur=1505 clk=dev
[mono_ns=182565396206994][T0x727f8d8ef740][TIMING] emit_host_span: [STRACE] v=1 pid=467927 tid=467927 inv=16 hid=6bd2711823aaa57e depth=3 name=chip.run.runner_run.device_wall.arena_wire ts=4752 dur=2851 clk=dev
[mono_ns=182565396207966][T0x727f8d8ef740][TIMING] emit_host_span: [STRACE] v=1 pid=467927 tid=467927 inv=16 hid=6bd2711823aaa57e depth=3 name=chip.run.runner_run.device_wall.sm_reset ts=7626 dur=5266 clk=dev
[mono_ns=182565396208947][T0x727f8d8ef740][TIMING] emit_host_span: [STRACE] v=1 pid=467927 tid=467927 inv=16 hid=6bd2711823aaa57e depth=3 name=chip.run.runner_run.device_wall.post_orch ts=1465465 dur=4306 clk=dev
[mono_ns=182565396209919][T0x727f8d8ef740][TIMING] emit_host_span: [STRACE] v=1 pid=467927 tid=467927 inv=16 hid=6bd2711823aaa57e depth=3 name=chip.run.runner_run.device_wall.orch ts=13168 dur=1177104 clk=dev
[mono_ns=182565396210880][T0x727f8d8ef740][TIMING] emit_host_span: [STRACE] v=1 pid=467927 tid=467927 inv=16 hid=6bd2711823aaa57e depth=3 name=chip.run.runner_run.device_wall.sched ts=13658 dur=1439466 clk=dev
[mono_ns=182565396212062][T0x727f8d8ef740][TIMING] emit_host_span: [STRACE] v=1 pid=467927 tid=467927 inv=16 hid=6bd2711823aaa57e depth=1 name=chip.run.claim_release ts=182565396211421 dur=80
[mono_ns=182565396213554][T0x727f8d8ef740][TIMING] emit_host_span: [STRACE] v=1 pid=467927 tid=467927 inv=16 hid=6bd2711823aaa57e depth=0 name=chip.run ts=182565281737364 dur=114475539 run_id=0 dispatch_id=0 slot_id=0 generation=16 run_epoch=16
[mono_ns=182565501464677][T0x727f8d8ef740][TIMING] emit_host_span: [STRACE] v=1 pid=467927 tid=467927 inv=17 hid=6bd2711823aaa57e depth=2 name=chip.run.bind.args ts=182565396522888 dur=104935680
[mono_ns=182565501491688][T0x727f8d8ef740][TIMING] emit_host_span: [STRACE] v=1 pid=467927 tid=467927 inv=17 hid=6bd2711823aaa57e depth=2 name=chip.run.bind.prebuilt ts=182565501488563 dur=2464
[mono_ns=182565501494202][T0x727f8d8ef740][TIMING] emit_host_span: [STRACE] v=1 pid=467927 tid=467927 inv=17 hid=6bd2711823aaa57e depth=1 name=chip.run.bind ts=182565396518522 dur=104974318
[mono_ns=182565506563440][T0x727f8d8ef740][WARN] prepare_execution: [device_runner.cpp:343] AICPU CPU_TOPO unavailable; using json_fallback: soc=Ascend950PR_9579 occupy=0x3e stable_reachable=5 requested=0 effective=5 affinity=[1, 2, 3, 4, 5(orch)]
[mono_ns=182565508258114][T0x727f8d8ef740][TIMING] emit_host_span: [STRACE] v=1 pid=467927 tid=467927 inv=17 hid=6bd2711823aaa57e depth=1 name=chip.run.runner_run ts=182565506612444 dur=1644278
[mono_ns=182565508527328][T0x727f8d8ef740][TIMING] emit_host_span: [STRACE] v=1 pid=467927 tid=467927 inv=17 hid=6bd2711823aaa57e depth=1 name=chip.run.validate ts=182565508262460 dur=264067
[mono_ns=182565508529111][T0x727f8d8ef740][TIMING] emit_host_span: [STRACE] v=1 pid=467927 tid=467927 inv=17 hid=6bd2711823aaa57e depth=2 name=chip.run.runner_run.device_wall ts=0 dur=1488049 clk=dev
[mono_ns=182565508530773][T0x727f8d8ef740][TIMING] emit_host_span: [STRACE] v=1 pid=467927 tid=467927 inv=17 hid=6bd2711823aaa57e depth=3 name=chip.run.runner_run.device_wall.preamble ts=0 dur=13254 clk=dev
[mono_ns=182565508532095][T0x727f8d8ef740][TIMING] emit_host_span: [STRACE] v=1 pid=467927 tid=467927 inv=17 hid=6bd2711823aaa57e depth=3 name=chip.run.runner_run.device_wall.graph_build ts=2920 dur=1480765 clk=dev
[mono_ns=182565508533097][T0x727f8d8ef740][TIMING] emit_host_span: [STRACE] v=1 pid=467927 tid=467927 inv=17 hid=6bd2711823aaa57e depth=3 name=chip.run.runner_run.device_wall.config_validate ts=3268 dur=1449 clk=dev
[mono_ns=182565508534068][T0x727f8d8ef740][TIMING] emit_host_span: [STRACE] v=1 pid=467927 tid=467927 inv=17 hid=6bd2711823aaa57e depth=3 name=chip.run.runner_run.device_wall.arena_wire ts=4738 dur=3070 clk=dev
[mono_ns=182565508535039][T0x727f8d8ef740][TIMING] emit_host_span: [STRACE] v=1 pid=467927 tid=467927 inv=17 hid=6bd2711823aaa57e depth=3 name=chip.run.runner_run.device_wall.sm_reset ts=7879 dur=5276 clk=dev
[mono_ns=182565508536031][T0x727f8d8ef740][TIMING] emit_host_span: [STRACE] v=1 pid=467927 tid=467927 inv=17 hid=6bd2711823aaa57e depth=3 name=chip.run.runner_run.device_wall.post_orch ts=1483742 dur=4116 clk=dev
[mono_ns=182565508537012][T0x727f8d8ef740][TIMING] emit_host_span: [STRACE] v=1 pid=467927 tid=467927 inv=17 hid=6bd2711823aaa57e depth=3 name=chip.run.runner_run.device_wall.orch ts=13314 dur=1155523 clk=dev
[mono_ns=182565508538024][T0x727f8d8ef740][TIMING] emit_host_span: [STRACE] v=1 pid=467927 tid=467927 inv=17 hid=6bd2711823aaa57e depth=3 name=chip.run.runner_run.device_wall.sched ts=13802 dur=1456419 clk=dev
[mono_ns=182565508539196][T0x727f8d8ef740][TIMING] emit_host_span: [STRACE] v=1 pid=467927 tid=467927 inv=17 hid=6bd2711823aaa57e depth=1 name=chip.run.claim_release ts=182565508538555 dur=80
[mono_ns=182565508540558][T0x727f8d8ef740][TIMING] emit_host_span: [STRACE] v=1 pid=467927 tid=467927 inv=17 hid=6bd2711823aaa57e depth=0 name=chip.run ts=182565396513614 dur=112026343 run_id=0 dispatch_id=0 slot_id=0 generation=17 run_epoch=17
[mono_ns=182565613950029][T0x727f8d8ef740][TIMING] emit_host_span: [STRACE] v=1 pid=467927 tid=467927 inv=18 hid=6bd2711823aaa57e depth=2 name=chip.run.bind.args ts=182565508866517 dur=105076652
[mono_ns=182565613970319][T0x727f8d8ef740][TIMING] emit_host_span: [STRACE] v=1 pid=467927 tid=467927 inv=18 hid=6bd2711823aaa57e depth=2 name=chip.run.bind.prebuilt ts=182565613967255 dur=2283
[mono_ns=182565613972903][T0x727f8d8ef740][TIMING] emit_host_span: [STRACE] v=1 pid=467927 tid=467927 inv=18 hid=6bd2711823aaa57e depth=1 name=chip.run.bind ts=182565508862271 dur=105109491
[mono_ns=182565619179428][T0x727f8d8ef740][WARN] prepare_execution: [device_runner.cpp:343] AICPU CPU_TOPO unavailable; using json_fallback: soc=Ascend950PR_9579 occupy=0x3e stable_reachable=5 requested=0 effective=5 affinity=[1, 2, 3, 4, 5(orch)]
[mono_ns=182565621171388][T0x727f8d8ef740][TIMING] emit_host_span: [STRACE] v=1 pid=467927 tid=467927 inv=18 hid=6bd2711823aaa57e depth=1 name=chip.run.runner_run ts=182565619464696 dur=1704548
[mono_ns=182565621512049][T0x727f8d8ef740][TIMING] emit_host_span: [STRACE] v=1 pid=467927 tid=467927 inv=18 hid=6bd2711823aaa57e depth=1 name=chip.run.validate ts=182565621175954 dur=334893
[mono_ns=182565621514292][T0x727f8d8ef740][TIMING] emit_host_span: [STRACE] v=1 pid=467927 tid=467927 inv=18 hid=6bd2711823aaa57e depth=2 name=chip.run.runner_run.device_wall ts=0 dur=1484635 clk=dev
[mono_ns=182565621515815][T0x727f8d8ef740][TIMING] emit_host_span: [STRACE] v=1 pid=467927 tid=467927 inv=18 hid=6bd2711823aaa57e depth=3 name=chip.run.runner_run.device_wall.preamble ts=0 dur=13492 clk=dev
[mono_ns=182565621517397][T0x727f8d8ef740][TIMING] emit_host_span: [STRACE] v=1 pid=467927 tid=467927 inv=18 hid=6bd2711823aaa57e depth=3 name=chip.run.runner_run.device_wall.graph_build ts=4785 dur=1475185 clk=dev
[mono_ns=182565621518448][T0x727f8d8ef740][TIMING] emit_host_span: [STRACE] v=1 pid=467927 tid=467927 inv=18 hid=6bd2711823aaa57e depth=3 name=chip.run.runner_run.device_wall.config_validate ts=5067 dur=1706 clk=dev
[mono_ns=182565621519420][T0x727f8d8ef740][TIMING] emit_host_span: [STRACE] v=1 pid=467927 tid=467927 inv=18 hid=6bd2711823aaa57e depth=3 name=chip.run.runner_run.device_wall.arena_wire ts=6819 dur=3906 clk=dev
[mono_ns=182565621520431][T0x727f8d8ef740][TIMING] emit_host_span: [STRACE] v=1 pid=467927 tid=467927 inv=18 hid=6bd2711823aaa57e depth=3 name=chip.run.runner_run.device_wall.sm_reset ts=10745 dur=4411 clk=dev
[mono_ns=182565621521443][T0x727f8d8ef740][TIMING] emit_host_span: [STRACE] v=1 pid=467927 tid=467927 inv=18 hid=6bd2711823aaa57e depth=3 name=chip.run.runner_run.device_wall.post_orch ts=1479992 dur=4483 clk=dev
[mono_ns=182565621522434][T0x727f8d8ef740][TIMING] emit_host_span: [STRACE] v=1 pid=467927 tid=467927 inv=18 hid=6bd2711823aaa57e depth=3 name=chip.run.runner_run.device_wall.orch ts=15227 dur=1159131 clk=dev
[mono_ns=182565621523446][T0x727f8d8ef740][TIMING] emit_host_span: [STRACE] v=1 pid=467927 tid=467927 inv=18 hid=6bd2711823aaa57e depth=3 name=chip.run.runner_run.device_wall.sched ts=15781 dur=1450598 clk=dev
[mono_ns=182565621524758][T0x727f8d8ef740][TIMING] emit_host_span: [STRACE] v=1 pid=467927 tid=467927 inv=18 hid=6bd2711823aaa57e depth=1 name=chip.run.claim_release ts=182565621524027 dur=130
[mono_ns=182565621526781][T0x727f8d8ef740][TIMING] emit_host_span: [STRACE] v=1 pid=467927 tid=467927 inv=18 hid=6bd2711823aaa57e depth=0 name=chip.run ts=182565508858134 dur=112667746 run_id=0 dispatch_id=0 slot_id=0 generation=18 run_epoch=18
[mono_ns=182565743413754][T0x727f8d8ef740][TIMING] emit_host_span: [STRACE] v=1 pid=467927 tid=467927 inv=19 hid=6bd2711823aaa57e depth=2 name=chip.run.bind.args ts=182565621914723 dur=121489276
[mono_ns=182565743435156][T0x727f8d8ef740][TIMING] emit_host_span: [STRACE] v=1 pid=467927 tid=467927 inv=19 hid=6bd2711823aaa57e depth=2 name=chip.run.bind.prebuilt ts=182565743431560 dur=2504
[mono_ns=182565743437840][T0x727f8d8ef740][TIMING] emit_host_span: [STRACE] v=1 pid=467927 tid=467927 inv=19 hid=6bd2711823aaa57e depth=1 name=chip.run.bind ts=182565621909295 dur=121527333
[mono_ns=182565748479196][T0x727f8d8ef740][WARN] prepare_execution: [device_runner.cpp:343] AICPU CPU_TOPO unavailable; using json_fallback: soc=Ascend950PR_9579 occupy=0x3e stable_reachable=5 requested=0 effective=5 affinity=[1, 2, 3, 4, 5(orch)]
[mono_ns=182565750266910][T0x727f8d8ef740][TIMING] emit_host_span: [STRACE] v=1 pid=467927 tid=467927 inv=19 hid=6bd2711823aaa57e depth=1 name=chip.run.runner_run ts=182565748548370 dur=1716857
[mono_ns=182565750562503][T0x727f8d8ef740][TIMING] emit_host_span: [STRACE] v=1 pid=467927 tid=467927 inv=19 hid=6bd2711823aaa57e depth=1 name=chip.run.validate ts=182565750271276 dur=290136
[mono_ns=182565750564586][T0x727f8d8ef740][TIMING] emit_host_span: [STRACE] v=1 pid=467927 tid=467927 inv=19 hid=6bd2711823aaa57e depth=2 name=chip.run.runner_run.device_wall ts=0 dur=1507033 clk=dev
[mono_ns=182565750577155][T0x727f8d8ef740][TIMING] emit_host_span: [STRACE] v=1 pid=467927 tid=467927 inv=19 hid=6bd2711823aaa57e depth=3 name=chip.run.runner_run.device_wall.preamble ts=0 dur=11501 clk=dev
[mono_ns=182565750578577][T0x727f8d8ef740][TIMING] emit_host_span: [STRACE] v=1 pid=467927 tid=467927 inv=19 hid=6bd2711823aaa57e depth=3 name=chip.run.runner_run.device_wall.graph_build ts=2216 dur=1499897 clk=dev
[mono_ns=182565750579669][T0x727f8d8ef740][TIMING] emit_host_span: [STRACE] v=1 pid=467927 tid=467927 inv=19 hid=6bd2711823aaa57e depth=3 name=chip.run.runner_run.device_wall.config_validate ts=2399 dur=1747 clk=dev
[mono_ns=182565750580650][T0x727f8d8ef740][TIMING] emit_host_span: [STRACE] v=1 pid=467927 tid=467927 inv=19 hid=6bd2711823aaa57e depth=3 name=chip.run.runner_run.device_wall.arena_wire ts=4164 dur=3941 clk=dev
[mono_ns=182565750581632][T0x727f8d8ef740][TIMING] emit_host_span: [STRACE] v=1 pid=467927 tid=467927 inv=19 hid=6bd2711823aaa57e depth=3 name=chip.run.runner_run.device_wall.sm_reset ts=8170 dur=3979 clk=dev
[mono_ns=182565750582633][T0x727f8d8ef740][TIMING] emit_host_span: [STRACE] v=1 pid=467927 tid=467927 inv=19 hid=6bd2711823aaa57e depth=3 name=chip.run.runner_run.device_wall.post_orch ts=1502149 dur=4160 clk=dev
[mono_ns=182565750583615][T0x727f8d8ef740][TIMING] emit_host_span: [STRACE] v=1 pid=467927 tid=467927 inv=19 hid=6bd2711823aaa57e depth=3 name=chip.run.runner_run.device_wall.orch ts=12408 dur=1194767 clk=dev
[mono_ns=182565750584606][T0x727f8d8ef740][TIMING] emit_host_span: [STRACE] v=1 pid=467927 tid=467927 inv=19 hid=6bd2711823aaa57e depth=3 name=chip.run.runner_run.device_wall.sched ts=12892 dur=1474924 clk=dev
[mono_ns=182565750586099][T0x727f8d8ef740][TIMING] emit_host_span: [STRACE] v=1 pid=467927 tid=467927 inv=19 hid=6bd2711823aaa57e depth=1 name=chip.run.claim_release ts=182565750585147 dur=331
[mono_ns=182565750587931][T0x727f8d8ef740][TIMING] emit_host_span: [STRACE] v=1 pid=467927 tid=467927 inv=19 hid=6bd2711823aaa57e depth=0 name=chip.run ts=182565621903727 dur=128683473 run_id=0 dispatch_id=0 slot_id=0 generation=19 run_epoch=19
[mono_ns=182565861910347][T0x727f8d8ef740][TIMING] emit_host_span: [STRACE] v=1 pid=467927 tid=467927 inv=20 hid=6bd2711823aaa57e depth=2 name=chip.run.bind.args ts=182565750949975 dur=110953913
[mono_ns=182565861929316][T0x727f8d8ef740][TIMING] emit_host_span: [STRACE] v=1 pid=467927 tid=467927 inv=20 hid=6bd2711823aaa57e depth=2 name=chip.run.bind.prebuilt ts=182565861926131 dur=2374
[mono_ns=182565861931719][T0x727f8d8ef740][TIMING] emit_host_span: [STRACE] v=1 pid=467927 tid=467927 inv=20 hid=6bd2711823aaa57e depth=1 name=chip.run.bind ts=182565750945268 dur=110985340
[mono_ns=182565867116852][T0x727f8d8ef740][WARN] prepare_execution: [device_runner.cpp:343] AICPU CPU_TOPO unavailable; using json_fallback: soc=Ascend950PR_9579 occupy=0x3e stable_reachable=5 requested=0 effective=5 affinity=[1, 2, 3, 4, 5(orch)]
[mono_ns=182565868892627][T0x727f8d8ef740][TIMING] emit_host_span: [STRACE] v=1 pid=467927 tid=467927 inv=20 hid=6bd2711823aaa57e depth=1 name=chip.run.runner_run ts=182565867172315 dur=1718600
[mono_ns=182565869186468][T0x727f8d8ef740][TIMING] emit_host_span: [STRACE] v=1 pid=467927 tid=467927 inv=20 hid=6bd2711823aaa57e depth=1 name=chip.run.validate ts=182565868896062 dur=289525
[mono_ns=182565869188842][T0x727f8d8ef740][TIMING] emit_host_span: [STRACE] v=1 pid=467927 tid=467927 inv=20 hid=6bd2711823aaa57e depth=2 name=chip.run.runner_run.device_wall ts=0 dur=1535866 clk=dev
[mono_ns=182565869190334][T0x727f8d8ef740][TIMING] emit_host_span: [STRACE] v=1 pid=467927 tid=467927 inv=20 hid=6bd2711823aaa57e depth=3 name=chip.run.runner_run.device_wall.preamble ts=0 dur=12580 clk=dev
[mono_ns=182565869191476][T0x727f8d8ef740][TIMING] emit_host_span: [STRACE] v=1 pid=467927 tid=467927 inv=20 hid=6bd2711823aaa57e depth=3 name=chip.run.runner_run.device_wall.graph_build ts=3055 dur=1528088 clk=dev
[mono_ns=182565869197294][T0x727f8d8ef740][TIMING] emit_host_span: [STRACE] v=1 pid=467927 tid=467927 inv=20 hid=6bd2711823aaa57e depth=3 name=chip.run.runner_run.device_wall.config_validate ts=3371 dur=1038 clk=dev
[mono_ns=182565869198296][T0x727f8d8ef740][TIMING] emit_host_span: [STRACE] v=1 pid=467927 tid=467927 inv=20 hid=6bd2711823aaa57e depth=3 name=chip.run.runner_run.device_wall.arena_wire ts=4430 dur=3557 clk=dev
[mono_ns=182565869199277][T0x727f8d8ef740][TIMING] emit_host_span: [STRACE] v=1 pid=467927 tid=467927 inv=20 hid=6bd2711823aaa57e depth=3 name=chip.run.runner_run.device_wall.sm_reset ts=8395 dur=5620 clk=dev
[mono_ns=182565869200299][T0x727f8d8ef740][TIMING] emit_host_span: [STRACE] v=1 pid=467927 tid=467927 inv=20 hid=6bd2711823aaa57e depth=3 name=chip.run.runner_run.device_wall.post_orch ts=1531271 dur=4230 clk=dev
[mono_ns=182565869201290][T0x727f8d8ef740][TIMING] emit_host_span: [STRACE] v=1 pid=467927 tid=467927 inv=20 hid=6bd2711823aaa57e depth=3 name=chip.run.runner_run.device_wall.orch ts=14092 dur=1153896 clk=dev
[mono_ns=182565869202272][T0x727f8d8ef740][TIMING] emit_host_span: [STRACE] v=1 pid=467927 tid=467927 inv=20 hid=6bd2711823aaa57e depth=3 name=chip.run.runner_run.device_wall.sched ts=14813 dur=1504764 clk=dev
[mono_ns=182565869203684][T0x727f8d8ef740][TIMING] emit_host_span: [STRACE] v=1 pid=467927 tid=467927 inv=20 hid=6bd2711823aaa57e depth=1 name=chip.run.claim_release ts=182565869203003 dur=110
[mono_ns=182565869205256][T0x727f8d8ef740][TIMING] emit_host_span: [STRACE] v=1 pid=467927 tid=467927 inv=20 hid=6bd2711823aaa57e depth=0 name=chip.run ts=182565750939739 dur=118264856 run_id=0 dispatch_id=0 slot_id=0 generation=20 run_epoch=20
[mono_ns=182565980125859][T0x727f8d8ef740][TIMING] emit_host_span: [STRACE] v=1 pid=467927 tid=467927 inv=21 hid=6bd2711823aaa57e depth=2 name=chip.run.bind.args ts=182565869532478 dur=110586691
[mono_ns=182565980144818][T0x727f8d8ef740][TIMING] emit_host_span: [STRACE] v=1 pid=467927 tid=467927 inv=21 hid=6bd2711823aaa57e depth=2 name=chip.run.bind.prebuilt ts=182565980141943 dur=2033
[mono_ns=182565980147372][T0x727f8d8ef740][TIMING] emit_host_span: [STRACE] v=1 pid=467927 tid=467927 inv=21 hid=6bd2711823aaa57e depth=1 name=chip.run.bind ts=182565869528642 dur=110617478
[mono_ns=182565985212474][T0x727f8d8ef740][WARN] prepare_execution: [device_runner.cpp:343] AICPU CPU_TOPO unavailable; using json_fallback: soc=Ascend950PR_9579 occupy=0x3e stable_reachable=5 requested=0 effective=5 affinity=[1, 2, 3, 4, 5(orch)]
[mono_ns=182565986909801][T0x727f8d8ef740][TIMING] emit_host_span: [STRACE] v=1 pid=467927 tid=467927 inv=21 hid=6bd2711823aaa57e depth=1 name=chip.run.runner_run ts=182565985261507 dur=1646712
[mono_ns=182565987174379][T0x727f8d8ef740][TIMING] emit_host_span: [STRACE] v=1 pid=467927 tid=467927 inv=21 hid=6bd2711823aaa57e depth=1 name=chip.run.validate ts=182565986913437 dur=260070
[mono_ns=182565987176592][T0x727f8d8ef740][TIMING] emit_host_span: [STRACE] v=1 pid=467927 tid=467927 inv=21 hid=6bd2711823aaa57e depth=2 name=chip.run.runner_run.device_wall ts=0 dur=1474360 clk=dev
[mono_ns=182565987178154][T0x727f8d8ef740][TIMING] emit_host_span: [STRACE] v=1 pid=467927 tid=467927 inv=21 hid=6bd2711823aaa57e depth=3 name=chip.run.runner_run.device_wall.preamble ts=0 dur=21659 clk=dev
[mono_ns=182565987179306][T0x727f8d8ef740][TIMING] emit_host_span: [STRACE] v=1 pid=467927 tid=467927 inv=21 hid=6bd2711823aaa57e depth=3 name=chip.run.runner_run.device_wall.graph_build ts=2614 dur=1467631 clk=dev
[mono_ns=182565987180297][T0x727f8d8ef740][TIMING] emit_host_span: [STRACE] v=1 pid=467927 tid=467927 inv=21 hid=6bd2711823aaa57e depth=3 name=chip.run.runner_run.device_wall.config_validate ts=3118 dur=1638 clk=dev
[mono_ns=182565987181269][T0x727f8d8ef740][TIMING] emit_host_span: [STRACE] v=1 pid=467927 tid=467927 inv=21 hid=6bd2711823aaa57e depth=3 name=chip.run.runner_run.device_wall.arena_wire ts=4835 dur=2875 clk=dev
[mono_ns=182565987182260][T0x727f8d8ef740][TIMING] emit_host_span: [STRACE] v=1 pid=467927 tid=467927 inv=21 hid=6bd2711823aaa57e depth=3 name=chip.run.runner_run.device_wall.sm_reset ts=8209 dur=11883 clk=dev
[mono_ns=182565987188069][T0x727f8d8ef740][TIMING] emit_host_span: [STRACE] v=1 pid=467927 tid=467927 inv=21 hid=6bd2711823aaa57e depth=3 name=chip.run.runner_run.device_wall.post_orch ts=1470281 dur=3812 clk=dev
[mono_ns=182565987189101][T0x727f8d8ef740][TIMING] emit_host_span: [STRACE] v=1 pid=467927 tid=467927 inv=21 hid=6bd2711823aaa57e depth=3 name=chip.run.runner_run.device_wall.orch ts=20352 dur=1189906 clk=dev
[mono_ns=182565987190092][T0x727f8d8ef740][TIMING] emit_host_span: [STRACE] v=1 pid=467927 tid=467927 inv=21 hid=6bd2711823aaa57e depth=3 name=chip.run.runner_run.device_wall.sched ts=20779 dur=1436115 clk=dev
[mono_ns=182565987191334][T0x727f8d8ef740][TIMING] emit_host_span: [STRACE] v=1 pid=467927 tid=467927 inv=21 hid=6bd2711823aaa57e depth=1 name=chip.run.claim_release ts=182565987190713 dur=80
[mono_ns=182565987192906][T0x727f8d8ef740][TIMING] emit_host_span: [STRACE] v=1 pid=467927 tid=467927 inv=21 hid=6bd2711823aaa57e depth=0 name=chip.run ts=182565869523915 dur=117668380 run_id=0 dispatch_id=0 slot_id=0 generation=21 run_epoch=21
[mono_ns=182566095900007][T0x727f8d8ef740][TIMING] emit_host_span: [STRACE] v=1 pid=467927 tid=467927 inv=22 hid=6bd2711823aaa57e depth=2 name=chip.run.bind.args ts=182565987513548 dur=108380220
[mono_ns=182566095918835][T0x727f8d8ef740][TIMING] emit_host_span: [STRACE] v=1 pid=467927 tid=467927 inv=22 hid=6bd2711823aaa57e depth=2 name=chip.run.bind.prebuilt ts=182566095915941 dur=2083
[mono_ns=182566095921499][T0x727f8d8ef740][TIMING] emit_host_span: [STRACE] v=1 pid=467927 tid=467927 inv=22 hid=6bd2711823aaa57e depth=1 name=chip.run.bind ts=182565987509161 dur=108411016
[mono_ns=182566100870788][T0x727f8d8ef740][WARN] prepare_execution: [device_runner.cpp:343] AICPU CPU_TOPO unavailable; using json_fallback: soc=Ascend950PR_9579 occupy=0x3e stable_reachable=5 requested=0 effective=5 affinity=[1, 2, 3, 4, 5(orch)]
[mono_ns=182566102612021][T0x727f8d8ef740][TIMING] emit_host_span: [STRACE] v=1 pid=467927 tid=467927 inv=22 hid=6bd2711823aaa57e depth=1 name=chip.run.runner_run ts=182566100921924 dur=1688745
[mono_ns=182566103071961][T0x727f8d8ef740][TIMING] emit_host_span: [STRACE] v=1 pid=467927 tid=467927 inv=22 hid=6bd2711823aaa57e depth=1 name=chip.run.validate ts=182566102617079 dur=453681
[mono_ns=182566103074085][T0x727f8d8ef740][TIMING] emit_host_span: [STRACE] v=1 pid=467927 tid=467927 inv=22 hid=6bd2711823aaa57e depth=2 name=chip.run.runner_run.device_wall ts=0 dur=1517440 clk=dev
[mono_ns=182566103075577][T0x727f8d8ef740][TIMING] emit_host_span: [STRACE] v=1 pid=467927 tid=467927 inv=22 hid=6bd2711823aaa57e depth=3 name=chip.run.runner_run.device_wall.preamble ts=0 dur=12979 clk=dev
[mono_ns=182566103076759][T0x727f8d8ef740][TIMING] emit_host_span: [STRACE] v=1 pid=467927 tid=467927 inv=22 hid=6bd2711823aaa57e depth=3 name=chip.run.runner_run.device_wall.graph_build ts=2909 dur=1510378 clk=dev
[mono_ns=182566103077890][T0x727f8d8ef740][TIMING] emit_host_span: [STRACE] v=1 pid=467927 tid=467927 inv=22 hid=6bd2711823aaa57e depth=3 name=chip.run.runner_run.device_wall.config_validate ts=3116 dur=1339 clk=dev
[mono_ns=182566103078912][T0x727f8d8ef740][TIMING] emit_host_span: [STRACE] v=1 pid=467927 tid=467927 inv=22 hid=6bd2711823aaa57e depth=3 name=chip.run.runner_run.device_wall.arena_wire ts=4471 dur=3793 clk=dev
[mono_ns=182566103079883][T0x727f8d8ef740][TIMING] emit_host_span: [STRACE] v=1 pid=467927 tid=467927 inv=22 hid=6bd2711823aaa57e depth=3 name=chip.run.runner_run.device_wall.sm_reset ts=8287 dur=4030 clk=dev
[mono_ns=182566103081075][T0x727f8d8ef740][TIMING] emit_host_span: [STRACE] v=1 pid=467927 tid=467927 inv=22 hid=6bd2711823aaa57e depth=3 name=chip.run.runner_run.device_wall.post_orch ts=1513370 dur=3936 clk=dev
[mono_ns=182566103082097][T0x727f8d8ef740][TIMING] emit_host_span: [STRACE] v=1 pid=467927 tid=467927 inv=22 hid=6bd2711823aaa57e depth=3 name=chip.run.runner_run.device_wall.orch ts=12570 dur=1167753 clk=dev
[mono_ns=182566103083078][T0x727f8d8ef740][TIMING] emit_host_span: [STRACE] v=1 pid=467927 tid=467927 inv=22 hid=6bd2711823aaa57e depth=3 name=chip.run.runner_run.device_wall.sched ts=13220 dur=1486504 clk=dev
[mono_ns=182566103088506][T0x727f8d8ef740][TIMING] emit_host_span: [STRACE] v=1 pid=467927 tid=467927 inv=22 hid=6bd2711823aaa57e depth=1 name=chip.run.claim_release ts=182566103087725 dur=190
[mono_ns=182566103090119][T0x727f8d8ef740][TIMING] emit_host_span: [STRACE] v=1 pid=467927 tid=467927 inv=22 hid=6bd2711823aaa57e depth=0 name=chip.run ts=182565987504634 dur=115584864 run_id=0 dispatch_id=0 slot_id=0 generation=22 run_epoch=22
[mono_ns=182566210667584][T0x727f8d8ef740][TIMING] emit_host_span: [STRACE] v=1 pid=467927 tid=467927 inv=23 hid=6bd2711823aaa57e depth=2 name=chip.run.bind.args ts=182566103442528 dur=107214800
[mono_ns=182566210686302][T0x727f8d8ef740][TIMING] emit_host_span: [STRACE] v=1 pid=467927 tid=467927 inv=23 hid=6bd2711823aaa57e depth=2 name=chip.run.bind.prebuilt ts=182566210683498 dur=2123
[mono_ns=182566210690268][T0x727f8d8ef740][TIMING] emit_host_span: [STRACE] v=1 pid=467927 tid=467927 inv=23 hid=6bd2711823aaa57e depth=1 name=chip.run.bind ts=182566103438882 dur=107248812
[mono_ns=182566215653487][T0x727f8d8ef740][WARN] prepare_execution: [device_runner.cpp:343] AICPU CPU_TOPO unavailable; using json_fallback: soc=Ascend950PR_9579 occupy=0x3e stable_reachable=5 requested=0 effective=5 affinity=[1, 2, 3, 4, 5(orch)]
[mono_ns=182566217368401][T0x727f8d8ef740][TIMING] emit_host_span: [STRACE] v=1 pid=467927 tid=467927 inv=23 hid=6bd2711823aaa57e depth=1 name=chip.run.runner_run ts=182566215709121 dur=1657678
[mono_ns=182566217640249][T0x727f8d8ef740][TIMING] emit_host_span: [STRACE] v=1 pid=467927 tid=467927 inv=23 hid=6bd2711823aaa57e depth=1 name=chip.run.validate ts=182566217371856 dur=267522
[mono_ns=182566217642022][T0x727f8d8ef740][TIMING] emit_host_span: [STRACE] v=1 pid=467927 tid=467927 inv=23 hid=6bd2711823aaa57e depth=2 name=chip.run.runner_run.device_wall ts=0 dur=1482552 clk=dev
[mono_ns=182566217643444][T0x727f8d8ef740][TIMING] emit_host_span: [STRACE] v=1 pid=467927 tid=467927 inv=23 hid=6bd2711823aaa57e depth=3 name=chip.run.runner_run.device_wall.preamble ts=0 dur=11622 clk=dev
[mono_ns=182566217644696][T0x727f8d8ef740][TIMING] emit_host_span: [STRACE] v=1 pid=467927 tid=467927 inv=23 hid=6bd2711823aaa57e depth=3 name=chip.run.runner_run.device_wall.graph_build ts=2943 dur=1475105 clk=dev
[mono_ns=182566217645677][T0x727f8d8ef740][TIMING] emit_host_span: [STRACE] v=1 pid=467927 tid=467927 inv=23 hid=6bd2711823aaa57e depth=3 name=chip.run.runner_run.device_wall.config_validate ts=3061 dur=2010 clk=dev
[mono_ns=182566217646659][T0x727f8d8ef740][TIMING] emit_host_span: [STRACE] v=1 pid=467927 tid=467927 inv=23 hid=6bd2711823aaa57e depth=3 name=chip.run.runner_run.device_wall.arena_wire ts=5088 dur=2736 clk=dev
[mono_ns=182566217647640][T0x727f8d8ef740][TIMING] emit_host_span: [STRACE] v=1 pid=467927 tid=467927 inv=23 hid=6bd2711823aaa57e depth=3 name=chip.run.runner_run.device_wall.sm_reset ts=7899 dur=5312 clk=dev
[mono_ns=182566217648642][T0x727f8d8ef740][TIMING] emit_host_span: [STRACE] v=1 pid=467927 tid=467927 inv=23 hid=6bd2711823aaa57e depth=3 name=chip.run.runner_run.device_wall.post_orch ts=1478104 dur=3979 clk=dev
[mono_ns=182566217649663][T0x727f8d8ef740][TIMING] emit_host_span: [STRACE] v=1 pid=467927 tid=467927 inv=23 hid=6bd2711823aaa57e depth=3 name=chip.run.runner_run.device_wall.orch ts=13238 dur=1183733 clk=dev
[mono_ns=182566217650625][T0x727f8d8ef740][TIMING] emit_host_span: [STRACE] v=1 pid=467927 tid=467927 inv=23 hid=6bd2711823aaa57e depth=3 name=chip.run.runner_run.device_wall.sched ts=13869 dur=1450004 clk=dev
[mono_ns=182566217651847][T0x727f8d8ef740][TIMING] emit_host_span: [STRACE] v=1 pid=467927 tid=467927 inv=23 hid=6bd2711823aaa57e depth=1 name=chip.run.claim_release ts=182566217651236 dur=60
[mono_ns=182566217653349][T0x727f8d8ef740][TIMING] emit_host_span: [STRACE] v=1 pid=467927 tid=467927 inv=23 hid=6bd2711823aaa57e depth=0 name=chip.run ts=182566103434185 dur=114218543 run_id=0 dispatch_id=0 slot_id=0 generation=23 run_epoch=23
[mono_ns=182566327805759][T0x727f8d8ef740][TIMING] emit_host_span: [STRACE] v=1 pid=467927 tid=467927 inv=24 hid=6bd2711823aaa57e depth=2 name=chip.run.bind.args ts=182566218071296 dur=109729215
[mono_ns=182566327822684][T0x727f8d8ef740][TIMING] emit_host_span: [STRACE] v=1 pid=467927 tid=467927 inv=24 hid=6bd2711823aaa57e depth=2 name=chip.run.bind.prebuilt ts=182566327819379 dur=2544
[mono_ns=182566327825178][T0x727f8d8ef740][TIMING] emit_host_span: [STRACE] v=1 pid=467927 tid=467927 inv=24 hid=6bd2711823aaa57e depth=1 name=chip.run.bind ts=182566218067410 dur=109756486
[mono_ns=182566332820956][T0x727f8d8ef740][WARN] prepare_execution: [device_runner.cpp:343] AICPU CPU_TOPO unavailable; using json_fallback: soc=Ascend950PR_9579 occupy=0x3e stable_reachable=5 requested=0 effective=5 affinity=[1, 2, 3, 4, 5(orch)]
[mono_ns=182566334594057][T0x727f8d8ef740][TIMING] emit_host_span: [STRACE] v=1 pid=467927 tid=467927 inv=24 hid=6bd2711823aaa57e depth=1 name=chip.run.runner_run ts=182566332873275 dur=1718840
[mono_ns=182566334875350][T0x727f8d8ef740][TIMING] emit_host_span: [STRACE] v=1 pid=467927 tid=467927 inv=24 hid=6bd2711823aaa57e depth=1 name=chip.run.validate ts=182566334597633 dur=276885
[mono_ns=182566334876942][T0x727f8d8ef740][TIMING] emit_host_span: [STRACE] v=1 pid=467927 tid=467927 inv=24 hid=6bd2711823aaa57e depth=2 name=chip.run.runner_run.device_wall ts=0 dur=1540631 clk=dev
[mono_ns=182566334878615][T0x727f8d8ef740][TIMING] emit_host_span: [STRACE] v=1 pid=467927 tid=467927 inv=24 hid=6bd2711823aaa57e depth=3 name=chip.run.runner_run.device_wall.preamble ts=0 dur=12331 clk=dev
[mono_ns=182566334879656][T0x727f8d8ef740][TIMING] emit_host_span: [STRACE] v=1 pid=467927 tid=467927 inv=24 hid=6bd2711823aaa57e depth=3 name=chip.run.runner_run.device_wall.graph_build ts=3128 dur=1532095 clk=dev
[mono_ns=182566334880638][T0x727f8d8ef740][TIMING] emit_host_span: [STRACE] v=1 pid=467927 tid=467927 inv=24 hid=6bd2711823aaa57e depth=3 name=chip.run.runner_run.device_wall.config_validate ts=3581 dur=1300 clk=dev
[mono_ns=182566334881599][T0x727f8d8ef740][TIMING] emit_host_span: [STRACE] v=1 pid=467927 tid=467927 inv=24 hid=6bd2711823aaa57e depth=3 name=chip.run.runner_run.device_wall.arena_wire ts=4901 dur=2643 clk=dev
[mono_ns=182566334882540][T0x727f8d8ef740][TIMING] emit_host_span: [STRACE] v=1 pid=467927 tid=467927 inv=24 hid=6bd2711823aaa57e depth=3 name=chip.run.runner_run.device_wall.sm_reset ts=7617 dur=4634 clk=dev
[mono_ns=182566334883512][T0x727f8d8ef740][TIMING] emit_host_span: [STRACE] v=1 pid=467927 tid=467927 inv=24 hid=6bd2711823aaa57e depth=3 name=chip.run.runner_run.device_wall.post_orch ts=1535267 dur=4833 clk=dev
[mono_ns=182566334884503][T0x727f8d8ef740][TIMING] emit_host_span: [STRACE] v=1 pid=467927 tid=467927 inv=24 hid=6bd2711823aaa57e depth=3 name=chip.run.runner_run.device_wall.orch ts=12281 dur=1188631 clk=dev
[mono_ns=182566334885505][T0x727f8d8ef740][TIMING] emit_host_span: [STRACE] v=1 pid=467927 tid=467927 inv=24 hid=6bd2711823aaa57e depth=3 name=chip.run.runner_run.device_wall.sched ts=12762 dur=1507624 clk=dev
[mono_ns=182566334886817][T0x727f8d8ef740][TIMING] emit_host_span: [STRACE] v=1 pid=467927 tid=467927 inv=24 hid=6bd2711823aaa57e depth=1 name=chip.run.claim_release ts=182566334886206 dur=90
[mono_ns=182566334888570][T0x727f8d8ef740][TIMING] emit_host_span: [STRACE] v=1 pid=467927 tid=467927 inv=24 hid=6bd2711823aaa57e depth=0 name=chip.run ts=182566218062122 dur=116825576 run_id=0 dispatch_id=0 slot_id=0 generation=24 run_epoch=24
[mono_ns=182566441406815][T0x727f8d8ef740][TIMING] emit_host_span: [STRACE] v=1 pid=467927 tid=467927 inv=25 hid=6bd2711823aaa57e depth=2 name=chip.run.bind.args ts=182566335202140 dur=106198986
[mono_ns=182566441422298][T0x727f8d8ef740][TIMING] emit_host_span: [STRACE] v=1 pid=467927 tid=467927 inv=25 hid=6bd2711823aaa57e depth=2 name=chip.run.bind.prebuilt ts=182566441419123 dur=2384
[mono_ns=182566441424742][T0x727f8d8ef740][TIMING] emit_host_span: [STRACE] v=1 pid=467927 tid=467927 inv=25 hid=6bd2711823aaa57e depth=1 name=chip.run.bind ts=182566335198374 dur=106225216
[mono_ns=182566448556656][T0x727f8d8ef740][WARN] prepare_execution: [device_runner.cpp:343] AICPU CPU_TOPO unavailable; using json_fallback: soc=Ascend950PR_9579 occupy=0x3e stable_reachable=5 requested=0 effective=5 affinity=[1, 2, 3, 4, 5(orch)]
[mono_ns=182566450291590][T0x727f8d8ef740][TIMING] emit_host_span: [STRACE] v=1 pid=467927 tid=467927 inv=25 hid=6bd2711823aaa57e depth=1 name=chip.run.runner_run ts=182566448618419 dur=1671419
[mono_ns=182566450587384][T0x727f8d8ef740][TIMING] emit_host_span: [STRACE] v=1 pid=467927 tid=467927 inv=25 hid=6bd2711823aaa57e depth=1 name=chip.run.validate ts=182566450295706 dur=290827
[mono_ns=182566450589047][T0x727f8d8ef740][TIMING] emit_host_span: [STRACE] v=1 pid=467927 tid=467927 inv=25 hid=6bd2711823aaa57e depth=2 name=chip.run.runner_run.device_wall ts=0 dur=1493040 clk=dev
[mono_ns=182566450590619][T0x727f8d8ef740][TIMING] emit_host_span: [STRACE] v=1 pid=467927 tid=467927 inv=25 hid=6bd2711823aaa57e depth=3 name=chip.run.runner_run.device_wall.preamble ts=0 dur=12247 clk=dev
[mono_ns=182566450591911][T0x727f8d8ef740][TIMING] emit_host_span: [STRACE] v=1 pid=467927 tid=467927 inv=25 hid=6bd2711823aaa57e depth=3 name=chip.run.runner_run.device_wall.graph_build ts=2809 dur=1485556 clk=dev
[mono_ns=182566450593023][T0x727f8d8ef740][TIMING] emit_host_span: [STRACE] v=1 pid=467927 tid=467927 inv=25 hid=6bd2711823aaa57e depth=3 name=chip.run.runner_run.device_wall.config_validate ts=3076 dur=1351 clk=dev
[mono_ns=182566450594064][T0x727f8d8ef740][TIMING] emit_host_span: [STRACE] v=1 pid=467927 tid=467927 inv=25 hid=6bd2711823aaa57e depth=3 name=chip.run.runner_run.device_wall.arena_wire ts=4457 dur=3312 clk=dev
[mono_ns=182566450595076][T0x727f8d8ef740][TIMING] emit_host_span: [STRACE] v=1 pid=467927 tid=467927 inv=25 hid=6bd2711823aaa57e depth=3 name=chip.run.runner_run.device_wall.sm_reset ts=7789 dur=4969 clk=dev
[mono_ns=182566450596107][T0x727f8d8ef740][TIMING] emit_host_span: [STRACE] v=1 pid=467927 tid=467927 inv=25 hid=6bd2711823aaa57e depth=3 name=chip.run.runner_run.device_wall.post_orch ts=1488441 dur=3773 clk=dev
[mono_ns=182566450597089][T0x727f8d8ef740][TIMING] emit_host_span: [STRACE] v=1 pid=467927 tid=467927 inv=25 hid=6bd2711823aaa57e depth=3 name=chip.run.runner_run.device_wall.orch ts=12830 dur=1188038 clk=dev
[mono_ns=182566450598080][T0x727f8d8ef740][TIMING] emit_host_span: [STRACE] v=1 pid=467927 tid=467927 inv=25 hid=6bd2711823aaa57e depth=3 name=chip.run.runner_run.device_wall.sched ts=13419 dur=1461337 clk=dev
[mono_ns=182566450599292][T0x727f8d8ef740][TIMING] emit_host_span: [STRACE] v=1 pid=467927 tid=467927 inv=25 hid=6bd2711823aaa57e depth=1 name=chip.run.claim_release ts=182566450598641 dur=70
[mono_ns=182566450600854][T0x727f8d8ef740][TIMING] emit_host_span: [STRACE] v=1 pid=467927 tid=467927 inv=25 hid=6bd2711823aaa57e depth=0 name=chip.run ts=182566335193417 dur=115406776 run_id=0 dispatch_id=0 slot_id=0 generation=25 run_epoch=25
[mono_ns=182566561194516][T0x727f8d8ef740][TIMING] emit_host_span: [STRACE] v=1 pid=467927 tid=467927 inv=26 hid=6bd2711823aaa57e depth=2 name=chip.run.bind.args ts=182566450909347 dur=110279381
[mono_ns=182566561211011][T0x727f8d8ef740][TIMING] emit_host_span: [STRACE] v=1 pid=467927 tid=467927 inv=26 hid=6bd2711823aaa57e depth=2 name=chip.run.bind.prebuilt ts=182566561208087 dur=2123
[mono_ns=182566561213705][T0x727f8d8ef740][TIMING] emit_host_span: [STRACE] v=1 pid=467927 tid=467927 inv=26 hid=6bd2711823aaa57e depth=1 name=chip.run.bind ts=182566450905121 dur=110307272
[mono_ns=182566566153239][T0x727f8d8ef740][WARN] prepare_execution: [device_runner.cpp:343] AICPU CPU_TOPO unavailable; using json_fallback: soc=Ascend950PR_9579 occupy=0x3e stable_reachable=5 requested=0 effective=5 affinity=[1, 2, 3, 4, 5(orch)]
[mono_ns=182566567909826][T0x727f8d8ef740][TIMING] emit_host_span: [STRACE] v=1 pid=467927 tid=467927 inv=26 hid=6bd2711823aaa57e depth=1 name=chip.run.runner_run ts=182566566218096 dur=1690588
[mono_ns=182566568207783][T0x727f8d8ef740][TIMING] emit_host_span: [STRACE] v=1 pid=467927 tid=467927 inv=26 hid=6bd2711823aaa57e depth=1 name=chip.run.validate ts=182566567913491 dur=293340
[mono_ns=182566568215575][T0x727f8d8ef740][TIMING] emit_host_span: [STRACE] v=1 pid=467927 tid=467927 inv=26 hid=6bd2711823aaa57e depth=2 name=chip.run.runner_run.device_wall ts=0 dur=1511325 clk=dev
[mono_ns=182566568216987][T0x727f8d8ef740][TIMING] emit_host_span: [STRACE] v=1 pid=467927 tid=467927 inv=26 hid=6bd2711823aaa57e depth=3 name=chip.run.runner_run.device_wall.preamble ts=0 dur=12623 clk=dev
[mono_ns=182566568218289][T0x727f8d8ef740][TIMING] emit_host_span: [STRACE] v=1 pid=467927 tid=467927 inv=26 hid=6bd2711823aaa57e depth=3 name=chip.run.runner_run.device_wall.graph_build ts=3199 dur=1504369 clk=dev
[mono_ns=182566568219360][T0x727f8d8ef740][TIMING] emit_host_span: [STRACE] v=1 pid=467927 tid=467927 inv=26 hid=6bd2711823aaa57e depth=3 name=chip.run.runner_run.device_wall.config_validate ts=3586 dur=1665 clk=dev
[mono_ns=182566568220372][T0x727f8d8ef740][TIMING] emit_host_span: [STRACE] v=1 pid=467927 tid=467927 inv=26 hid=6bd2711823aaa57e depth=3 name=chip.run.runner_run.device_wall.arena_wire ts=5268 dur=3566 clk=dev
[mono_ns=182566568221393][T0x727f8d8ef740][TIMING] emit_host_span: [STRACE] v=1 pid=467927 tid=467927 inv=26 hid=6bd2711823aaa57e depth=3 name=chip.run.runner_run.device_wall.sm_reset ts=8979 dur=5443 clk=dev
[mono_ns=182566568222615][T0x727f8d8ef740][TIMING] emit_host_span: [STRACE] v=1 pid=467927 tid=467927 inv=26 hid=6bd2711823aaa57e depth=3 name=chip.run.runner_run.device_wall.post_orch ts=1507585 dur=3613 clk=dev
[mono_ns=182566568223617][T0x727f8d8ef740][TIMING] emit_host_span: [STRACE] v=1 pid=467927 tid=467927 inv=26 hid=6bd2711823aaa57e depth=3 name=chip.run.runner_run.device_wall.orch ts=14476 dur=1176205 clk=dev
[mono_ns=182566568224608][T0x727f8d8ef740][TIMING] emit_host_span: [STRACE] v=1 pid=467927 tid=467927 inv=26 hid=6bd2711823aaa57e depth=3 name=chip.run.runner_run.device_wall.sched ts=15123 dur=1479444 clk=dev
[mono_ns=182566568226050][T0x727f8d8ef740][TIMING] emit_host_span: [STRACE] v=1 pid=467927 tid=467927 inv=26 hid=6bd2711823aaa57e depth=1 name=chip.run.claim_release ts=182566568225209 dur=260
[mono_ns=182566568227573][T0x727f8d8ef740][TIMING] emit_host_span: [STRACE] v=1 pid=467927 tid=467927 inv=26 hid=6bd2711823aaa57e depth=0 name=chip.run ts=182566450900354 dur=117326588 run_id=0 dispatch_id=0 slot_id=0 generation=26 run_epoch=26
[mono_ns=182566677762265][T0x727f8d8ef740][TIMING] emit_host_span: [STRACE] v=1 pid=467927 tid=467927 inv=27 hid=6bd2711823aaa57e depth=2 name=chip.run.bind.args ts=182566568531008 dur=109219850
[mono_ns=182566677784489][T0x727f8d8ef740][TIMING] emit_host_span: [STRACE] v=1 pid=467927 tid=467927 inv=27 hid=6bd2711823aaa57e depth=2 name=chip.run.bind.prebuilt ts=182566677781564 dur=1923
[mono_ns=182566677787934][T0x727f8d8ef740][TIMING] emit_host_span: [STRACE] v=1 pid=467927 tid=467927 inv=27 hid=6bd2711823aaa57e depth=1 name=chip.run.bind ts=182566568526691 dur=109259670
[mono_ns=182566682867037][T0x727f8d8ef740][WARN] prepare_execution: [device_runner.cpp:343] AICPU CPU_TOPO unavailable; using json_fallback: soc=Ascend950PR_9579 occupy=0x3e stable_reachable=5 requested=0 effective=5 affinity=[1, 2, 3, 4, 5(orch)]
[mono_ns=182566684677254][T0x727f8d8ef740][TIMING] emit_host_span: [STRACE] v=1 pid=467927 tid=467927 inv=27 hid=6bd2711823aaa57e depth=1 name=chip.run.runner_run ts=182566682982420 dur=1693001
[mono_ns=182566684977755][T0x727f8d8ef740][TIMING] emit_host_span: [STRACE] v=1 pid=467927 tid=467927 inv=27 hid=6bd2711823aaa57e depth=1 name=chip.run.validate ts=182566684682963 dur=293751
[mono_ns=182566684980159][T0x727f8d8ef740][TIMING] emit_host_span: [STRACE] v=1 pid=467927 tid=467927 inv=27 hid=6bd2711823aaa57e depth=2 name=chip.run.runner_run.device_wall ts=0 dur=1493690 clk=dev
[mono_ns=182566684981751][T0x727f8d8ef740][TIMING] emit_host_span: [STRACE] v=1 pid=467927 tid=467927 inv=27 hid=6bd2711823aaa57e depth=3 name=chip.run.runner_run.device_wall.preamble ts=0 dur=11590 clk=dev
[mono_ns=182566684987219][T0x727f8d8ef740][TIMING] emit_host_span: [STRACE] v=1 pid=467927 tid=467927 inv=27 hid=6bd2711823aaa57e depth=3 name=chip.run.runner_run.device_wall.graph_build ts=2774 dur=1485956 clk=dev
[mono_ns=182566684988311][T0x727f8d8ef740][TIMING] emit_host_span: [STRACE] v=1 pid=467927 tid=467927 inv=27 hid=6bd2711823aaa57e depth=3 name=chip.run.runner_run.device_wall.config_validate ts=2895 dur=1672 clk=dev
[mono_ns=182566684989302][T0x727f8d8ef740][TIMING] emit_host_span: [STRACE] v=1 pid=467927 tid=467927 inv=27 hid=6bd2711823aaa57e depth=3 name=chip.run.runner_run.device_wall.arena_wire ts=4588 dur=2849 clk=dev
[mono_ns=182566684990274][T0x727f8d8ef740][TIMING] emit_host_span: [STRACE] v=1 pid=467927 tid=467927 inv=27 hid=6bd2711823aaa57e depth=3 name=chip.run.runner_run.device_wall.sm_reset ts=7459 dur=5114 clk=dev
[mono_ns=182566684991285][T0x727f8d8ef740][TIMING] emit_host_span: [STRACE] v=1 pid=467927 tid=467927 inv=27 hid=6bd2711823aaa57e depth=3 name=chip.run.runner_run.device_wall.post_orch ts=1488755 dur=4447 clk=dev
[mono_ns=182566684992327][T0x727f8d8ef740][TIMING] emit_host_span: [STRACE] v=1 pid=467927 tid=467927 inv=27 hid=6bd2711823aaa57e depth=3 name=chip.run.runner_run.device_wall.orch ts=12830 dur=1178006 clk=dev
[mono_ns=182566684993339][T0x727f8d8ef740][TIMING] emit_host_span: [STRACE] v=1 pid=467927 tid=467927 inv=27 hid=6bd2711823aaa57e depth=3 name=chip.run.runner_run.device_wall.sched ts=13449 dur=1462412 clk=dev
[mono_ns=182566684994600][T0x727f8d8ef740][TIMING] emit_host_span: [STRACE] v=1 pid=467927 tid=467927 inv=27 hid=6bd2711823aaa57e depth=1 name=chip.run.claim_release ts=182566684993879 dur=121
[mono_ns=182566684996323][T0x727f8d8ef740][TIMING] emit_host_span: [STRACE] v=1 pid=467927 tid=467927 inv=27 hid=6bd2711823aaa57e depth=0 name=chip.run ts=182566568522415 dur=116473157 run_id=0 dispatch_id=0 slot_id=0 generation=27 run_epoch=27
[mono_ns=182566795301132][T0x727f8d8ef740][TIMING] emit_host_span: [STRACE] v=1 pid=467927 tid=467927 inv=28 hid=6bd2711823aaa57e depth=2 name=chip.run.bind.args ts=182566685335863 dur=109952870
[mono_ns=182566795327081][T0x727f8d8ef740][TIMING] emit_host_span: [STRACE] v=1 pid=467927 tid=467927 inv=28 hid=6bd2711823aaa57e depth=2 name=chip.run.bind.prebuilt ts=182566795322904 dur=3245
[mono_ns=182566795329795][T0x727f8d8ef740][TIMING] emit_host_span: [STRACE] v=1 pid=467927 tid=467927 inv=28 hid=6bd2711823aaa57e depth=1 name=chip.run.bind ts=182566685331486 dur=109997037
[mono_ns=182566800336109][T0x727f8d8ef740][WARN] prepare_execution: [device_runner.cpp:343] AICPU CPU_TOPO unavailable; using json_fallback: soc=Ascend950PR_9579 occupy=0x3e stable_reachable=5 requested=0 effective=5 affinity=[1, 2, 3, 4, 5(orch)]
[mono_ns=182566802219926][T0x727f8d8ef740][TIMING] emit_host_span: [STRACE] v=1 pid=467927 tid=467927 inv=28 hid=6bd2711823aaa57e depth=1 name=chip.run.runner_run ts=182566800403330 dur=1814603
[mono_ns=182566802588309][T0x727f8d8ef740][TIMING] emit_host_span: [STRACE] v=1 pid=467927 tid=467927 inv=28 hid=6bd2711823aaa57e depth=1 name=chip.run.validate ts=182566802224964 dur=362324
[mono_ns=182566802590312][T0x727f8d8ef740][TIMING] emit_host_span: [STRACE] v=1 pid=467927 tid=467927 inv=28 hid=6bd2711823aaa57e depth=2 name=chip.run.runner_run.device_wall ts=0 dur=1596685 clk=dev
[mono_ns=182566802591844][T0x727f8d8ef740][TIMING] emit_host_span: [STRACE] v=1 pid=467927 tid=467927 inv=28 hid=6bd2711823aaa57e depth=3 name=chip.run.runner_run.device_wall.preamble ts=0 dur=11443 clk=dev
[mono_ns=182566802593156][T0x727f8d8ef740][TIMING] emit_host_span: [STRACE] v=1 pid=467927 tid=467927 inv=28 hid=6bd2711823aaa57e depth=3 name=chip.run.runner_run.device_wall.graph_build ts=3106 dur=1589117 clk=dev
[mono_ns=182566802594158][T0x727f8d8ef740][TIMING] emit_host_span: [STRACE] v=1 pid=467927 tid=467927 inv=28 hid=6bd2711823aaa57e depth=3 name=chip.run.runner_run.device_wall.config_validate ts=3281 dur=1168 clk=dev
[mono_ns=182566802595189][T0x727f8d8ef740][TIMING] emit_host_span: [STRACE] v=1 pid=467927 tid=467927 inv=28 hid=6bd2711823aaa57e depth=3 name=chip.run.runner_run.device_wall.arena_wire ts=4517 dur=3646 clk=dev
[mono_ns=182566802601008][T0x727f8d8ef740][TIMING] emit_host_span: [STRACE] v=1 pid=467927 tid=467927 inv=28 hid=6bd2711823aaa57e depth=3 name=chip.run.runner_run.device_wall.sm_reset ts=8182 dur=5148 clk=dev
[mono_ns=182566802602170][T0x727f8d8ef740][TIMING] emit_host_span: [STRACE] v=1 pid=467927 tid=467927 inv=28 hid=6bd2711823aaa57e depth=3 name=chip.run.runner_run.device_wall.post_orch ts=1592260 dur=3951 clk=dev
[mono_ns=182566802603151][T0x727f8d8ef740][TIMING] emit_host_span: [STRACE] v=1 pid=467927 tid=467927 inv=28 hid=6bd2711823aaa57e depth=3 name=chip.run.runner_run.device_wall.orch ts=13359 dur=1174145 clk=dev
[mono_ns=182566802604133][T0x727f8d8ef740][TIMING] emit_host_span: [STRACE] v=1 pid=467927 tid=467927 inv=28 hid=6bd2711823aaa57e depth=3 name=chip.run.runner_run.device_wall.sched ts=14048 dur=1565444 clk=dev
[mono_ns=182566802605535][T0x727f8d8ef740][TIMING] emit_host_span: [STRACE] v=1 pid=467927 tid=467927 inv=28 hid=6bd2711823aaa57e depth=1 name=chip.run.claim_release ts=182566802604694 dur=220
[mono_ns=182566802607488][T0x727f8d8ef740][TIMING] emit_host_span: [STRACE] v=1 pid=467927 tid=467927 inv=28 hid=6bd2711823aaa57e depth=0 name=chip.run ts=182566685327150 dur=117279296 run_id=0 dispatch_id=0 slot_id=0 generation=28 run_epoch=28
[mono_ns=182566912334469][T0x727f8d8ef740][TIMING] emit_host_span: [STRACE] v=1 pid=467927 tid=467927 inv=29 hid=6bd2711823aaa57e depth=2 name=chip.run.bind.args ts=182566803472616 dur=108855754
[mono_ns=182566912355701][T0x727f8d8ef740][TIMING] emit_host_span: [STRACE] v=1 pid=467927 tid=467927 inv=29 hid=6bd2711823aaa57e depth=2 name=chip.run.bind.prebuilt ts=182566912352526 dur=2454
[mono_ns=182566912358275][T0x727f8d8ef740][TIMING] emit_host_span: [STRACE] v=1 pid=467927 tid=467927 inv=29 hid=6bd2711823aaa57e depth=1 name=chip.run.bind ts=182566803467008 dur=108889875
[mono_ns=182566917320122][T0x727f8d8ef740][WARN] prepare_execution: [device_runner.cpp:343] AICPU CPU_TOPO unavailable; using json_fallback: soc=Ascend950PR_9579 occupy=0x3e stable_reachable=5 requested=0 effective=5 affinity=[1, 2, 3, 4, 5(orch)]
[mono_ns=182566919066223][T0x727f8d8ef740][TIMING] emit_host_span: [STRACE] v=1 pid=467927 tid=467927 inv=29 hid=6bd2711823aaa57e depth=1 name=chip.run.runner_run ts=182566917377629 dur=1687082
[mono_ns=182566919364841][T0x727f8d8ef740][TIMING] emit_host_span: [STRACE] v=1 pid=467927 tid=467927 inv=29 hid=6bd2711823aaa57e depth=1 name=chip.run.validate ts=182566919070750 dur=293210
[mono_ns=182566919366714][T0x727f8d8ef740][TIMING] emit_host_span: [STRACE] v=1 pid=467927 tid=467927 inv=29 hid=6bd2711823aaa57e depth=2 name=chip.run.runner_run.device_wall ts=0 dur=1505543 clk=dev
[mono_ns=182566919368146][T0x727f8d8ef740][TIMING] emit_host_span: [STRACE] v=1 pid=467927 tid=467927 inv=29 hid=6bd2711823aaa57e depth=3 name=chip.run.runner_run.device_wall.preamble ts=0 dur=11519 clk=dev
[mono_ns=182566919369428][T0x727f8d8ef740][TIMING] emit_host_span: [STRACE] v=1 pid=467927 tid=467927 inv=29 hid=6bd2711823aaa57e depth=3 name=chip.run.runner_run.device_wall.graph_build ts=3070 dur=1498436 clk=dev
[mono_ns=182566919370470][T0x727f8d8ef740][TIMING] emit_host_span: [STRACE] v=1 pid=467927 tid=467927 inv=29 hid=6bd2711823aaa57e depth=3 name=chip.run.runner_run.device_wall.config_validate ts=3278 dur=1502 clk=dev
[mono_ns=182566919371471][T0x727f8d8ef740][TIMING] emit_host_span: [STRACE] v=1 pid=467927 tid=467927 inv=29 hid=6bd2711823aaa57e depth=3 name=chip.run.runner_run.device_wall.arena_wire ts=4799 dur=3005 clk=dev
[mono_ns=182566919372453][T0x727f8d8ef740][TIMING] emit_host_span: [STRACE] v=1 pid=467927 tid=467927 inv=29 hid=6bd2711823aaa57e depth=3 name=chip.run.runner_run.device_wall.sm_reset ts=7822 dur=5790 clk=dev
[mono_ns=182566919373644][T0x727f8d8ef740][TIMING] emit_host_span: [STRACE] v=1 pid=467927 tid=467927 inv=29 hid=6bd2711823aaa57e depth=3 name=chip.run.runner_run.device_wall.post_orch ts=1501525 dur=3276 clk=dev
[mono_ns=182566919378992][T0x727f8d8ef740][TIMING] emit_host_span: [STRACE] v=1 pid=467927 tid=467927 inv=29 hid=6bd2711823aaa57e depth=3 name=chip.run.runner_run.device_wall.orch ts=13680 dur=1191889 clk=dev
[mono_ns=182566919380014][T0x727f8d8ef740][TIMING] emit_host_span: [STRACE] v=1 pid=467927 tid=467927 inv=29 hid=6bd2711823aaa57e depth=3 name=chip.run.runner_run.device_wall.sched ts=14277 dur=1475025 clk=dev
[mono_ns=182566919381436][T0x727f8d8ef740][TIMING] emit_host_span: [STRACE] v=1 pid=467927 tid=467927 inv=29 hid=6bd2711823aaa57e depth=1 name=chip.run.claim_release ts=182566919380805 dur=70
[mono_ns=182566919383009][T0x727f8d8ef740][TIMING] emit_host_span: [STRACE] v=1 pid=467927 tid=467927 inv=29 hid=6bd2711823aaa57e depth=0 name=chip.run ts=182566803459867 dur=115922501 run_id=0 dispatch_id=0 slot_id=0 generation=29 run_epoch=29
[mono_ns=182567031485375][T0x727f8d8ef740][TIMING] emit_host_span: [STRACE] v=1 pid=467927 tid=467927 inv=30 hid=6bd2711823aaa57e depth=2 name=chip.run.bind.args ts=182566919741396 dur=111737079
[mono_ns=182567031504464][T0x727f8d8ef740][TIMING] emit_host_span: [STRACE] v=1 pid=467927 tid=467927 inv=30 hid=6bd2711823aaa57e depth=2 name=chip.run.bind.prebuilt ts=182567031501089 dur=2503
[mono_ns=182567031506948][T0x727f8d8ef740][TIMING] emit_host_span: [STRACE] v=1 pid=467927 tid=467927 inv=30 hid=6bd2711823aaa57e depth=1 name=chip.run.bind ts=182566919736098 dur=111769638
[mono_ns=182567036526992][T0x727f8d8ef740][WARN] prepare_execution: [device_runner.cpp:343] AICPU CPU_TOPO unavailable; using json_fallback: soc=Ascend950PR_9579 occupy=0x3e stable_reachable=5 requested=0 effective=5 affinity=[1, 2, 3, 4, 5(orch)]
[mono_ns=182567038281806][T0x727f8d8ef740][TIMING] emit_host_span: [STRACE] v=1 pid=467927 tid=467927 inv=30 hid=6bd2711823aaa57e depth=1 name=chip.run.runner_run ts=182567036582105 dur=1698519
[mono_ns=182567038572542][T0x727f8d8ef740][TIMING] emit_host_span: [STRACE] v=1 pid=467927 tid=467927 inv=30 hid=6bd2711823aaa57e depth=1 name=chip.run.validate ts=182567038285862 dur=285859
[mono_ns=182567038574455][T0x727f8d8ef740][TIMING] emit_host_span: [STRACE] v=1 pid=467927 tid=467927 inv=30 hid=6bd2711823aaa57e depth=2 name=chip.run.runner_run.device_wall ts=0 dur=1514563 clk=dev
[mono_ns=182567038575968][T0x727f8d8ef740][TIMING] emit_host_span: [STRACE] v=1 pid=467927 tid=467927 inv=30 hid=6bd2711823aaa57e depth=3 name=chip.run.runner_run.device_wall.preamble ts=0 dur=12010 clk=dev
[mono_ns=182567038577179][T0x727f8d8ef740][TIMING] emit_host_span: [STRACE] v=1 pid=467927 tid=467927 inv=30 hid=6bd2711823aaa57e depth=3 name=chip.run.runner_run.device_wall.graph_build ts=2810 dur=1506993 clk=dev
[mono_ns=182567038578181][T0x727f8d8ef740][TIMING] emit_host_span: [STRACE] v=1 pid=467927 tid=467927 inv=30 hid=6bd2711823aaa57e depth=3 name=chip.run.runner_run.device_wall.config_validate ts=3308 dur=1498 clk=dev
[mono_ns=182567038579142][T0x727f8d8ef740][TIMING] emit_host_span: [STRACE] v=1 pid=467927 tid=467927 inv=30 hid=6bd2711823aaa57e depth=3 name=chip.run.runner_run.device_wall.arena_wire ts=4823 dur=3657 clk=dev
[mono_ns=182567038580104][T0x727f8d8ef740][TIMING] emit_host_span: [STRACE] v=1 pid=467927 tid=467927 inv=30 hid=6bd2711823aaa57e depth=3 name=chip.run.runner_run.device_wall.sm_reset ts=8607 dur=5718 clk=dev
[mono_ns=182567038581386][T0x727f8d8ef740][TIMING] emit_host_span: [STRACE] v=1 pid=467927 tid=467927 inv=30 hid=6bd2711823aaa57e depth=3 name=chip.run.runner_run.device_wall.post_orch ts=1509827 dur=4030 clk=dev
[mono_ns=182567038582367][T0x727f8d8ef740][TIMING] emit_host_span: [STRACE] v=1 pid=467927 tid=467927 inv=30 hid=6bd2711823aaa57e depth=3 name=chip.run.runner_run.device_wall.orch ts=14409 dur=1178891 clk=dev
[mono_ns=182567038583389][T0x727f8d8ef740][TIMING] emit_host_span: [STRACE] v=1 pid=467927 tid=467927 inv=30 hid=6bd2711823aaa57e depth=3 name=chip.run.runner_run.device_wall.sched ts=15009 dur=1479716 clk=dev
[mono_ns=182567038584761][T0x727f8d8ef740][TIMING] emit_host_span: [STRACE] v=1 pid=467927 tid=467927 inv=30 hid=6bd2711823aaa57e depth=1 name=chip.run.claim_release ts=182567038584040 dur=160
[mono_ns=182567038591401][T0x727f8d8ef740][TIMING] emit_host_span: [STRACE] v=1 pid=467927 tid=467927 inv=30 hid=6bd2711823aaa57e depth=0 name=chip.run ts=182566919730190 dur=118860530 run_id=0 dispatch_id=0 slot_id=0 generation=30 run_epoch=30
[mono_ns=182567147976148][T0x727f8d8ef740][TIMING] emit_host_span: [STRACE] v=1 pid=467927 tid=467927 inv=31 hid=6bd2711823aaa57e depth=2 name=chip.run.bind.args ts=182567038937150 dur=109032999
[mono_ns=182567147991321][T0x727f8d8ef740][TIMING] emit_host_span: [STRACE] v=1 pid=467927 tid=467927 inv=31 hid=6bd2711823aaa57e depth=2 name=chip.run.bind.prebuilt ts=182567147988417 dur=2173
[mono_ns=182567147993945][T0x727f8d8ef740][TIMING] emit_host_span: [STRACE] v=1 pid=467927 tid=467927 inv=31 hid=6bd2711823aaa57e depth=1 name=chip.run.bind ts=182567038932483 dur=109060240
[mono_ns=182567153048932][T0x727f8d8ef740][WARN] prepare_execution: [device_runner.cpp:343] AICPU CPU_TOPO unavailable; using json_fallback: soc=Ascend950PR_9579 occupy=0x3e stable_reachable=5 requested=0 effective=5 affinity=[1, 2, 3, 4, 5(orch)]
[mono_ns=182567154793891][T0x727f8d8ef740][TIMING] emit_host_span: [STRACE] v=1 pid=467927 tid=467927 inv=31 hid=6bd2711823aaa57e depth=1 name=chip.run.runner_run ts=182567153100219 dur=1692561
[mono_ns=182567155096425][T0x727f8d8ef740][TIMING] emit_host_span: [STRACE] v=1 pid=467927 tid=467927 inv=31 hid=6bd2711823aaa57e depth=1 name=chip.run.validate ts=182567154796976 dur=298508
[mono_ns=182567155098919][T0x727f8d8ef740][TIMING] emit_host_span: [STRACE] v=1 pid=467927 tid=467927 inv=31 hid=6bd2711823aaa57e depth=2 name=chip.run.runner_run.device_wall ts=0 dur=1518903 clk=dev
[mono_ns=182567155100391][T0x727f8d8ef740][TIMING] emit_host_span: [STRACE] v=1 pid=467927 tid=467927 inv=31 hid=6bd2711823aaa57e depth=3 name=chip.run.runner_run.device_wall.preamble ts=0 dur=12635 clk=dev
[mono_ns=182567155101483][T0x727f8d8ef740][TIMING] emit_host_span: [STRACE] v=1 pid=467927 tid=467927 inv=31 hid=6bd2711823aaa57e depth=3 name=chip.run.runner_run.device_wall.graph_build ts=2771 dur=1511395 clk=dev
[mono_ns=182567155102464][T0x727f8d8ef740][TIMING] emit_host_span: [STRACE] v=1 pid=467927 tid=467927 inv=31 hid=6bd2711823aaa57e depth=3 name=chip.run.runner_run.device_wall.config_validate ts=2885 dur=1545 clk=dev
[mono_ns=182567155103456][T0x727f8d8ef740][TIMING] emit_host_span: [STRACE] v=1 pid=467927 tid=467927 inv=31 hid=6bd2711823aaa57e depth=3 name=chip.run.runner_run.device_wall.arena_wire ts=4447 dur=3832 clk=dev
[mono_ns=182567155104427][T0x727f8d8ef740][TIMING] emit_host_span: [STRACE] v=1 pid=467927 tid=467927 inv=31 hid=6bd2711823aaa57e depth=3 name=chip.run.runner_run.device_wall.sm_reset ts=8301 dur=5045 clk=dev
[mono_ns=182567155105649][T0x727f8d8ef740][TIMING] emit_host_span: [STRACE] v=1 pid=467927 tid=467927 inv=31 hid=6bd2711823aaa57e depth=3 name=chip.run.runner_run.device_wall.post_orch ts=1514189 dur=4428 clk=dev
[mono_ns=182567155106621][T0x727f8d8ef740][TIMING] emit_host_span: [STRACE] v=1 pid=467927 tid=467927 inv=31 hid=6bd2711823aaa57e depth=3 name=chip.run.runner_run.device_wall.orch ts=13474 dur=1174027 clk=dev
[mono_ns=182567155107592][T0x727f8d8ef740][TIMING] emit_host_span: [STRACE] v=1 pid=467927 tid=467927 inv=31 hid=6bd2711823aaa57e depth=3 name=chip.run.runner_run.device_wall.sched ts=13995 dur=1488178 clk=dev
[mono_ns=182567155109004][T0x727f8d8ef740][TIMING] emit_host_span: [STRACE] v=1 pid=467927 tid=467927 inv=31 hid=6bd2711823aaa57e depth=1 name=chip.run.claim_release ts=182567155108373 dur=90
[mono_ns=182567155110627][T0x727f8d8ef740][TIMING] emit_host_span: [STRACE] v=1 pid=467927 tid=467927 inv=31 hid=6bd2711823aaa57e depth=0 name=chip.run ts=182567038926974 dur=116183042 run_id=0 dispatch_id=0 slot_id=0 generation=31 run_epoch=31
[mono_ns=182567265963878][T0x727f8d8ef740][TIMING] emit_host_span: [STRACE] v=1 pid=467927 tid=467927 inv=32 hid=6bd2711823aaa57e depth=2 name=chip.run.bind.args ts=182567155433311 dur=110524008
[mono_ns=182567265982276][T0x727f8d8ef740][TIMING] emit_host_span: [STRACE] v=1 pid=467927 tid=467927 inv=32 hid=6bd2711823aaa57e depth=2 name=chip.run.bind.prebuilt ts=182567265978901 dur=2644
[mono_ns=182567265991009][T0x727f8d8ef740][TIMING] emit_host_span: [STRACE] v=1 pid=467927 tid=467927 inv=32 hid=6bd2711823aaa57e depth=1 name=chip.run.bind ts=182567155428584 dur=110560753
[mono_ns=182567270957023][T0x727f8d8ef740][WARN] prepare_execution: [device_runner.cpp:343] AICPU CPU_TOPO unavailable; using json_fallback: soc=Ascend950PR_9579 occupy=0x3e stable_reachable=5 requested=0 effective=5 affinity=[1, 2, 3, 4, 5(orch)]
[mono_ns=182567272693199][T0x727f8d8ef740][TIMING] emit_host_span: [STRACE] v=1 pid=467927 tid=467927 inv=32 hid=6bd2711823aaa57e depth=1 name=chip.run.runner_run ts=182567271019597 dur=1672330
[mono_ns=182567272981632][T0x727f8d8ef740][TIMING] emit_host_span: [STRACE] v=1 pid=467927 tid=467927 inv=32 hid=6bd2711823aaa57e depth=1 name=chip.run.validate ts=182567272696594 dur=284226
[mono_ns=182567272983284][T0x727f8d8ef740][TIMING] emit_host_span: [STRACE] v=1 pid=467927 tid=467927 inv=32 hid=6bd2711823aaa57e depth=2 name=chip.run.runner_run.device_wall ts=0 dur=1491654 clk=dev
[mono_ns=182567272984476][T0x727f8d8ef740][TIMING] emit_host_span: [STRACE] v=1 pid=467927 tid=467927 inv=32 hid=6bd2711823aaa57e depth=3 name=chip.run.runner_run.device_wall.preamble ts=0 dur=12442 clk=dev
[mono_ns=182567272985818][T0x727f8d8ef740][TIMING] emit_host_span: [STRACE] v=1 pid=467927 tid=467927 inv=32 hid=6bd2711823aaa57e depth=3 name=chip.run.runner_run.device_wall.graph_build ts=2869 dur=1482848 clk=dev
[mono_ns=182567272986819][T0x727f8d8ef740][TIMING] emit_host_span: [STRACE] v=1 pid=467927 tid=467927 inv=32 hid=6bd2711823aaa57e depth=3 name=chip.run.runner_run.device_wall.config_validate ts=3231 dur=1120 clk=dev
[mono_ns=182567272987791][T0x727f8d8ef740][TIMING] emit_host_span: [STRACE] v=1 pid=467927 tid=467927 inv=32 hid=6bd2711823aaa57e depth=3 name=chip.run.runner_run.device_wall.arena_wire ts=4452 dur=3383 clk=dev
[mono_ns=182567272988772][T0x727f8d8ef740][TIMING] emit_host_span: [STRACE] v=1 pid=467927 tid=467927 inv=32 hid=6bd2711823aaa57e depth=3 name=chip.run.runner_run.device_wall.sm_reset ts=8221 dur=5342 clk=dev
[mono_ns=182567272989924][T0x727f8d8ef740][TIMING] emit_host_span: [STRACE] v=1 pid=467927 tid=467927 inv=32 hid=6bd2711823aaa57e depth=3 name=chip.run.runner_run.device_wall.post_orch ts=1485758 dur=4809 clk=dev
[mono_ns=182567272990885][T0x727f8d8ef740][TIMING] emit_host_span: [STRACE] v=1 pid=467927 tid=467927 inv=32 hid=6bd2711823aaa57e depth=3 name=chip.run.runner_run.device_wall.orch ts=13821 dur=1166319 clk=dev
[mono_ns=182567272991867][T0x727f8d8ef740][TIMING] emit_host_span: [STRACE] v=1 pid=467927 tid=467927 inv=32 hid=6bd2711823aaa57e depth=3 name=chip.run.runner_run.device_wall.sched ts=14368 dur=1459330 clk=dev
[mono_ns=182567272993059][T0x727f8d8ef740][TIMING] emit_host_span: [STRACE] v=1 pid=467927 tid=467927 inv=32 hid=6bd2711823aaa57e depth=1 name=chip.run.claim_release ts=182567272992448 dur=80
[mono_ns=182567272994931][T0x727f8d8ef740][TIMING] emit_host_span: [STRACE] v=1 pid=467927 tid=467927 inv=32 hid=6bd2711823aaa57e depth=0 name=chip.run ts=182567155422755 dur=117571235 run_id=0 dispatch_id=0 slot_id=0 generation=32 run_epoch=32
[mono_ns=182567383173781][T0x727f8d8ef740][TIMING] emit_host_span: [STRACE] v=1 pid=467927 tid=467927 inv=33 hid=6bd2711823aaa57e depth=2 name=chip.run.bind.args ts=182567273340931 dur=109826320
[mono_ns=182567383193851][T0x727f8d8ef740][TIMING] emit_host_span: [STRACE] v=1 pid=467927 tid=467927 inv=33 hid=6bd2711823aaa57e depth=2 name=chip.run.bind.prebuilt ts=182567383190276 dur=2734
[mono_ns=182567383196936][T0x727f8d8ef740][TIMING] emit_host_span: [STRACE] v=1 pid=467927 tid=467927 inv=33 hid=6bd2711823aaa57e depth=1 name=chip.run.bind ts=182567273336504 dur=109859020
[mono_ns=182567388253455][T0x727f8d8ef740][WARN] prepare_execution: [device_runner.cpp:343] AICPU CPU_TOPO unavailable; using json_fallback: soc=Ascend950PR_9579 occupy=0x3e stable_reachable=5 requested=0 effective=5 affinity=[1, 2, 3, 4, 5(orch)]
[mono_ns=182567390023101][T0x727f8d8ef740][TIMING] emit_host_span: [STRACE] v=1 pid=467927 tid=467927 inv=33 hid=6bd2711823aaa57e depth=1 name=chip.run.runner_run ts=182567388319605 dur=1701714
[mono_ns=182567390300808][T0x727f8d8ef740][TIMING] emit_host_span: [STRACE] v=1 pid=467927 tid=467927 inv=33 hid=6bd2711823aaa57e depth=1 name=chip.run.validate ts=182567390026486 dur=273451
[mono_ns=182567390302551][T0x727f8d8ef740][TIMING] emit_host_span: [STRACE] v=1 pid=467927 tid=467927 inv=33 hid=6bd2711823aaa57e depth=2 name=chip.run.runner_run.device_wall ts=0 dur=1516772 clk=dev
[mono_ns=182567390303893][T0x727f8d8ef740][TIMING] emit_host_span: [STRACE] v=1 pid=467927 tid=467927 inv=33 hid=6bd2711823aaa57e depth=3 name=chip.run.runner_run.device_wall.preamble ts=0 dur=12453 clk=dev
[mono_ns=182567390305285][T0x727f8d8ef740][TIMING] emit_host_span: [STRACE] v=1 pid=467927 tid=467927 inv=33 hid=6bd2711823aaa57e depth=3 name=chip.run.runner_run.device_wall.graph_build ts=1892 dur=1509909 clk=dev
[mono_ns=182567390306266][T0x727f8d8ef740][TIMING] emit_host_span: [STRACE] v=1 pid=467927 tid=467927 inv=33 hid=6bd2711823aaa57e depth=3 name=chip.run.runner_run.device_wall.config_validate ts=2324 dur=1579 clk=dev
[mono_ns=182567390307238][T0x727f8d8ef740][TIMING] emit_host_span: [STRACE] v=1 pid=467927 tid=467927 inv=33 hid=6bd2711823aaa57e depth=3 name=chip.run.runner_run.device_wall.arena_wire ts=4116 dur=3677 clk=dev
[mono_ns=182567390308249][T0x727f8d8ef740][TIMING] emit_host_span: [STRACE] v=1 pid=467927 tid=467927 inv=33 hid=6bd2711823aaa57e depth=3 name=chip.run.runner_run.device_wall.sm_reset ts=7815 dur=4925 clk=dev
[mono_ns=182567390309261][T0x727f8d8ef740][TIMING] emit_host_span: [STRACE] v=1 pid=467927 tid=467927 inv=33 hid=6bd2711823aaa57e depth=3 name=chip.run.runner_run.device_wall.post_orch ts=1511904 dur=4712 clk=dev
[mono_ns=182567390310232][T0x727f8d8ef740][TIMING] emit_host_span: [STRACE] v=1 pid=467927 tid=467927 inv=33 hid=6bd2711823aaa57e depth=3 name=chip.run.runner_run.device_wall.orch ts=12768 dur=1191336 clk=dev
[mono_ns=182567390311224][T0x727f8d8ef740][TIMING] emit_host_span: [STRACE] v=1 pid=467927 tid=467927 inv=33 hid=6bd2711823aaa57e depth=3 name=chip.run.runner_run.device_wall.sched ts=13565 dur=1486877 clk=dev
[mono_ns=182567390312616][T0x727f8d8ef740][TIMING] emit_host_span: [STRACE] v=1 pid=467927 tid=467927 inv=33 hid=6bd2711823aaa57e depth=1 name=chip.run.claim_release ts=182567390311885 dur=200
[mono_ns=182567390314258][T0x727f8d8ef740][TIMING] emit_host_span: [STRACE] v=1 pid=467927 tid=467927 inv=33 hid=6bd2711823aaa57e depth=0 name=chip.run ts=182567273331437 dur=116982140 run_id=0 dispatch_id=0 slot_id=0 generation=33 run_epoch=33
[mono_ns=182567502531377][T0x727f8d8ef740][TIMING] emit_host_span: [STRACE] v=1 pid=467927 tid=467927 inv=34 hid=6bd2711823aaa57e depth=2 name=chip.run.bind.args ts=182567390665095 dur=111858541
[mono_ns=182567502551357][T0x727f8d8ef740][TIMING] emit_host_span: [STRACE] v=1 pid=467927 tid=467927 inv=34 hid=6bd2711823aaa57e depth=2 name=chip.run.bind.prebuilt ts=182567502548052 dur=2574
[mono_ns=182567502554221][T0x727f8d8ef740][TIMING] emit_host_span: [STRACE] v=1 pid=467927 tid=467927 inv=34 hid=6bd2711823aaa57e depth=1 name=chip.run.bind ts=182567390660318 dur=111892602
[mono_ns=182567507572423][T0x727f8d8ef740][WARN] prepare_execution: [device_runner.cpp:343] AICPU CPU_TOPO unavailable; using json_fallback: soc=Ascend950PR_9579 occupy=0x3e stable_reachable=5 requested=0 effective=5 affinity=[1, 2, 3, 4, 5(orch)]
[mono_ns=182567509311093][T0x727f8d8ef740][TIMING] emit_host_span: [STRACE] v=1 pid=467927 tid=467927 inv=34 hid=6bd2711823aaa57e depth=1 name=chip.run.runner_run ts=182567507629129 dur=1680732
[mono_ns=182567509647207][T0x727f8d8ef740][TIMING] emit_host_span: [STRACE] v=1 pid=467927 tid=467927 inv=34 hid=6bd2711823aaa57e depth=1 name=chip.run.validate ts=182567509315820 dur=330536
[mono_ns=182567509649060][T0x727f8d8ef740][TIMING] emit_host_span: [STRACE] v=1 pid=467927 tid=467927 inv=34 hid=6bd2711823aaa57e depth=2 name=chip.run.runner_run.device_wall ts=0 dur=1477315 clk=dev
[mono_ns=182567509655189][T0x727f8d8ef740][TIMING] emit_host_span: [STRACE] v=1 pid=467927 tid=467927 inv=34 hid=6bd2711823aaa57e depth=3 name=chip.run.runner_run.device_wall.preamble ts=0 dur=11552 clk=dev
[mono_ns=182567509656562][T0x727f8d8ef740][TIMING] emit_host_span: [STRACE] v=1 pid=467927 tid=467927 inv=34 hid=6bd2711823aaa57e depth=3 name=chip.run.runner_run.device_wall.graph_build ts=2785 dur=1470371 clk=dev
[mono_ns=182567509657583][T0x727f8d8ef740][TIMING] emit_host_span: [STRACE] v=1 pid=467927 tid=467927 inv=34 hid=6bd2711823aaa57e depth=3 name=chip.run.runner_run.device_wall.config_validate ts=2965 dur=1981 clk=dev
[mono_ns=182567509658555][T0x727f8d8ef740][TIMING] emit_host_span: [STRACE] v=1 pid=467927 tid=467927 inv=34 hid=6bd2711823aaa57e depth=3 name=chip.run.runner_run.device_wall.arena_wire ts=4965 dur=3644 clk=dev
[mono_ns=182567509659526][T0x727f8d8ef740][TIMING] emit_host_span: [STRACE] v=1 pid=467927 tid=467927 inv=34 hid=6bd2711823aaa57e depth=3 name=chip.run.runner_run.device_wall.sm_reset ts=8657 dur=5624 clk=dev
[mono_ns=182567509660698][T0x727f8d8ef740][TIMING] emit_host_span: [STRACE] v=1 pid=467927 tid=467927 inv=34 hid=6bd2711823aaa57e depth=3 name=chip.run.runner_run.device_wall.post_orch ts=1473181 dur=3775 clk=dev
[mono_ns=182567509661679][T0x727f8d8ef740][TIMING] emit_host_span: [STRACE] v=1 pid=467927 tid=467927 inv=34 hid=6bd2711823aaa57e depth=3 name=chip.run.runner_run.device_wall.orch ts=14538 dur=1172845 clk=dev
[mono_ns=182567509662661][T0x727f8d8ef740][TIMING] emit_host_span: [STRACE] v=1 pid=467927 tid=467927 inv=34 hid=6bd2711823aaa57e depth=3 name=chip.run.runner_run.device_wall.sched ts=15161 dur=1442004 clk=dev
[mono_ns=182567509663973][T0x727f8d8ef740][TIMING] emit_host_span: [STRACE] v=1 pid=467927 tid=467927 inv=34 hid=6bd2711823aaa57e depth=1 name=chip.run.claim_release ts=182567509663372 dur=60
[mono_ns=182567509665635][T0x727f8d8ef740][TIMING] emit_host_span: [STRACE] v=1 pid=467927 tid=467927 inv=34 hid=6bd2711823aaa57e depth=0 name=chip.run ts=182567390655220 dur=119009784 run_id=0 dispatch_id=0 slot_id=0 generation=34 run_epoch=34
[mono_ns=182567620636574][T0x727f8d8ef740][TIMING] emit_host_span: [STRACE] v=1 pid=467927 tid=467927 inv=35 hid=6bd2711823aaa57e depth=2 name=chip.run.bind.args ts=182567510025806 dur=110604358
[mono_ns=182567620655212][T0x727f8d8ef740][TIMING] emit_host_span: [STRACE] v=1 pid=467927 tid=467927 inv=35 hid=6bd2711823aaa57e depth=2 name=chip.run.bind.prebuilt ts=182567620652157 dur=2193
[mono_ns=182567620658226][T0x727f8d8ef740][TIMING] emit_host_span: [STRACE] v=1 pid=467927 tid=467927 inv=35 hid=6bd2711823aaa57e depth=1 name=chip.run.bind ts=182567510020818 dur=110635806
[mono_ns=182567625684410][T0x727f8d8ef740][WARN] prepare_execution: [device_runner.cpp:343] AICPU CPU_TOPO unavailable; using json_fallback: soc=Ascend950PR_9579 occupy=0x3e stable_reachable=5 requested=0 effective=5 affinity=[1, 2, 3, 4, 5(orch)]
[mono_ns=182567627483510][T0x727f8d8ef740][TIMING] emit_host_span: [STRACE] v=1 pid=467927 tid=467927 inv=35 hid=6bd2711823aaa57e depth=1 name=chip.run.runner_run ts=182567625734215 dur=1748033
[mono_ns=182567627781307][T0x727f8d8ef740][TIMING] emit_host_span: [STRACE] v=1 pid=467927 tid=467927 inv=35 hid=6bd2711823aaa57e depth=1 name=chip.run.validate ts=182567627487046 dur=293340
[mono_ns=182567627783591][T0x727f8d8ef740][TIMING] emit_host_span: [STRACE] v=1 pid=467927 tid=467927 inv=35 hid=6bd2711823aaa57e depth=2 name=chip.run.runner_run.device_wall ts=0 dur=1573245 clk=dev
[mono_ns=182567627785203][T0x727f8d8ef740][TIMING] emit_host_span: [STRACE] v=1 pid=467927 tid=467927 inv=35 hid=6bd2711823aaa57e depth=3 name=chip.run.runner_run.device_wall.preamble ts=0 dur=12238 clk=dev
[mono_ns=182567627786455][T0x727f8d8ef740][TIMING] emit_host_span: [STRACE] v=1 pid=467927 tid=467927 inv=35 hid=6bd2711823aaa57e depth=3 name=chip.run.runner_run.device_wall.graph_build ts=3146 dur=1565262 clk=dev
[mono_ns=182567627787446][T0x727f8d8ef740][TIMING] emit_host_span: [STRACE] v=1 pid=467927 tid=467927 inv=35 hid=6bd2711823aaa57e depth=3 name=chip.run.runner_run.device_wall.config_validate ts=3312 dur=1873 clk=dev
[mono_ns=182567627793956][T0x727f8d8ef740][TIMING] emit_host_span: [STRACE] v=1 pid=467927 tid=467927 inv=35 hid=6bd2711823aaa57e depth=3 name=chip.run.runner_run.device_wall.arena_wire ts=5266 dur=3531 clk=dev
[mono_ns=182567627794968][T0x727f8d8ef740][TIMING] emit_host_span: [STRACE] v=1 pid=467927 tid=467927 inv=35 hid=6bd2711823aaa57e depth=3 name=chip.run.runner_run.device_wall.sm_reset ts=8821 dur=5947 clk=dev
[mono_ns=182567627795999][T0x727f8d8ef740][TIMING] emit_host_span: [STRACE] v=1 pid=467927 tid=467927 inv=35 hid=6bd2711823aaa57e depth=3 name=chip.run.runner_run.device_wall.post_orch ts=1568426 dur=4079 clk=dev
[mono_ns=182567627796991][T0x727f8d8ef740][TIMING] emit_host_span: [STRACE] v=1 pid=467927 tid=467927 inv=35 hid=6bd2711823aaa57e depth=3 name=chip.run.runner_run.device_wall.orch ts=14843 dur=1173639 clk=dev
[mono_ns=182567627797972][T0x727f8d8ef740][TIMING] emit_host_span: [STRACE] v=1 pid=467927 tid=467927 inv=35 hid=6bd2711823aaa57e depth=3 name=chip.run.runner_run.device_wall.sched ts=15440 dur=1540694 clk=dev
[mono_ns=182567627799324][T0x727f8d8ef740][TIMING] emit_host_span: [STRACE] v=1 pid=467927 tid=467927 inv=35 hid=6bd2711823aaa57e depth=1 name=chip.run.claim_release ts=182567627798673 dur=90
[mono_ns=182567627801007][T0x727f8d8ef740][TIMING] emit_host_span: [STRACE] v=1 pid=467927 tid=467927 inv=35 hid=6bd2711823aaa57e depth=0 name=chip.run ts=182567510014629 dur=117785767 run_id=0 dispatch_id=0 slot_id=0 generation=35 run_epoch=35
[mono_ns=182567744305461][T0x727f8d8ef740][TIMING] emit_host_span: [STRACE] v=1 pid=467927 tid=467927 inv=36 hid=6bd2711823aaa57e depth=2 name=chip.run.bind.args ts=182567628157081 dur=116141619
[mono_ns=182567744322566][T0x727f8d8ef740][TIMING] emit_host_span: [STRACE] v=1 pid=467927 tid=467927 inv=36 hid=6bd2711823aaa57e depth=2 name=chip.run.bind.prebuilt ts=182567744319892 dur=2033
[mono_ns=182567744325190][T0x727f8d8ef740][TIMING] emit_host_span: [STRACE] v=1 pid=467927 tid=467927 inv=36 hid=6bd2711823aaa57e depth=1 name=chip.run.bind ts=182567628152194 dur=116171684
[mono_ns=182567749411965][T0x727f8d8ef740][WARN] prepare_execution: [device_runner.cpp:343] AICPU CPU_TOPO unavailable; using json_fallback: soc=Ascend950PR_9579 occupy=0x3e stable_reachable=5 requested=0 effective=5 affinity=[1, 2, 3, 4, 5(orch)]
[mono_ns=182567751157675][T0x727f8d8ef740][TIMING] emit_host_span: [STRACE] v=1 pid=467927 tid=467927 inv=36 hid=6bd2711823aaa57e depth=1 name=chip.run.runner_run ts=182567749469551 dur=1686812
[mono_ns=182567751439859][T0x727f8d8ef740][TIMING] emit_host_span: [STRACE] v=1 pid=467927 tid=467927 inv=36 hid=6bd2711823aaa57e depth=1 name=chip.run.validate ts=182567751161551 dur=277416
[mono_ns=182567751441842][T0x727f8d8ef740][TIMING] emit_host_span: [STRACE] v=1 pid=467927 tid=467927 inv=36 hid=6bd2711823aaa57e depth=2 name=chip.run.runner_run.device_wall ts=0 dur=1509254 clk=dev
[mono_ns=182567751443234][T0x727f8d8ef740][TIMING] emit_host_span: [STRACE] v=1 pid=467927 tid=467927 inv=36 hid=6bd2711823aaa57e depth=3 name=chip.run.runner_run.device_wall.preamble ts=0 dur=12561 clk=dev
[mono_ns=182567751444666][T0x727f8d8ef740][TIMING] emit_host_span: [STRACE] v=1 pid=467927 tid=467927 inv=36 hid=6bd2711823aaa57e depth=3 name=chip.run.runner_run.device_wall.graph_build ts=2472 dur=1502274 clk=dev
[mono_ns=182567751445667][T0x727f8d8ef740][TIMING] emit_host_span: [STRACE] v=1 pid=467927 tid=467927 inv=36 hid=6bd2711823aaa57e depth=3 name=chip.run.runner_run.device_wall.config_validate ts=2748 dur=1675 clk=dev
[mono_ns=182567751446679][T0x727f8d8ef740][TIMING] emit_host_span: [STRACE] v=1 pid=467927 tid=467927 inv=36 hid=6bd2711823aaa57e depth=3 name=chip.run.runner_run.device_wall.arena_wire ts=4643 dur=3293 clk=dev
[mono_ns=182567751447630][T0x727f8d8ef740][TIMING] emit_host_span: [STRACE] v=1 pid=467927 tid=467927 inv=36 hid=6bd2711823aaa57e depth=3 name=chip.run.runner_run.device_wall.sm_reset ts=8226 dur=4806 clk=dev
[mono_ns=182567751453579][T0x727f8d8ef740][TIMING] emit_host_span: [STRACE] v=1 pid=467927 tid=467927 inv=36 hid=6bd2711823aaa57e depth=3 name=chip.run.runner_run.device_wall.post_orch ts=1504818 dur=3944 clk=dev
[mono_ns=182567751454591][T0x727f8d8ef740][TIMING] emit_host_span: [STRACE] v=1 pid=467927 tid=467927 inv=36 hid=6bd2711823aaa57e depth=3 name=chip.run.runner_run.device_wall.orch ts=13108 dur=1164511 clk=dev
[mono_ns=182567751455582][T0x727f8d8ef740][TIMING] emit_host_span: [STRACE] v=1 pid=467927 tid=467927 inv=36 hid=6bd2711823aaa57e depth=3 name=chip.run.runner_run.device_wall.sched ts=13911 dur=1477470 clk=dev
[mono_ns=182567751457025][T0x727f8d8ef740][TIMING] emit_host_span: [STRACE] v=1 pid=467927 tid=467927 inv=36 hid=6bd2711823aaa57e depth=1 name=chip.run.claim_release ts=182567751456293 dur=181
[mono_ns=182567751458547][T0x727f8d8ef740][TIMING] emit_host_span: [STRACE] v=1 pid=467927 tid=467927 inv=36 hid=6bd2711823aaa57e depth=0 name=chip.run ts=182567628145274 dur=123312622 run_id=0 dispatch_id=0 slot_id=0 generation=36 run_epoch=36
[mono_ns=182567863956748][T0x727f8d8ef740][TIMING] emit_host_span: [STRACE] v=1 pid=467927 tid=467927 inv=37 hid=6bd2711823aaa57e depth=2 name=chip.run.bind.args ts=182567751802743 dur=112148106
[mono_ns=182567863973623][T0x727f8d8ef740][TIMING] emit_host_span: [STRACE] v=1 pid=467927 tid=467927 inv=37 hid=6bd2711823aaa57e depth=2 name=chip.run.bind.prebuilt ts=182567863970608 dur=2204
[mono_ns=182567863976197][T0x727f8d8ef740][TIMING] emit_host_span: [STRACE] v=1 pid=467927 tid=467927 inv=37 hid=6bd2711823aaa57e depth=1 name=chip.run.bind ts=182567751797756 dur=112177059
[mono_ns=182567869091044][T0x727f8d8ef740][WARN] prepare_execution: [device_runner.cpp:343] AICPU CPU_TOPO unavailable; using json_fallback: soc=Ascend950PR_9579 occupy=0x3e stable_reachable=5 requested=0 effective=5 affinity=[1, 2, 3, 4, 5(orch)]
[mono_ns=182567870829022][T0x727f8d8ef740][TIMING] emit_host_span: [STRACE] v=1 pid=467927 tid=467927 inv=37 hid=6bd2711823aaa57e depth=1 name=chip.run.runner_run ts=182567869148049 dur=1679621
[mono_ns=182567871132818][T0x727f8d8ef740][TIMING] emit_host_span: [STRACE] v=1 pid=467927 tid=467927 inv=37 hid=6bd2711823aaa57e depth=1 name=chip.run.validate ts=182567870832427 dur=299430
[mono_ns=182567871135282][T0x727f8d8ef740][TIMING] emit_host_span: [STRACE] v=1 pid=467927 tid=467927 inv=37 hid=6bd2711823aaa57e depth=2 name=chip.run.runner_run.device_wall ts=0 dur=1511088 clk=dev
[mono_ns=182567871136684][T0x727f8d8ef740][TIMING] emit_host_span: [STRACE] v=1 pid=467927 tid=467927 inv=37 hid=6bd2711823aaa57e depth=3 name=chip.run.runner_run.device_wall.preamble ts=0 dur=12399 clk=dev
[mono_ns=182567871138016][T0x727f8d8ef740][TIMING] emit_host_span: [STRACE] v=1 pid=467927 tid=467927 inv=37 hid=6bd2711823aaa57e depth=3 name=chip.run.runner_run.device_wall.graph_build ts=3129 dur=1502904 clk=dev
[mono_ns=182567871138987][T0x727f8d8ef740][TIMING] emit_host_span: [STRACE] v=1 pid=467927 tid=467927 inv=37 hid=6bd2711823aaa57e depth=3 name=chip.run.runner_run.device_wall.config_validate ts=3323 dur=1434 clk=dev
[mono_ns=182567871139959][T0x727f8d8ef740][TIMING] emit_host_span: [STRACE] v=1 pid=467927 tid=467927 inv=37 hid=6bd2711823aaa57e depth=3 name=chip.run.runner_run.device_wall.arena_wire ts=4776 dur=3580 clk=dev
[mono_ns=182567871140920][T0x727f8d8ef740][TIMING] emit_host_span: [STRACE] v=1 pid=467927 tid=467927 inv=37 hid=6bd2711823aaa57e depth=3 name=chip.run.runner_run.device_wall.sm_reset ts=8376 dur=4846 clk=dev
[mono_ns=182567871141892][T0x727f8d8ef740][TIMING] emit_host_span: [STRACE] v=1 pid=467927 tid=467927 inv=37 hid=6bd2711823aaa57e depth=3 name=chip.run.runner_run.device_wall.post_orch ts=1506056 dur=4520 clk=dev
[mono_ns=182567871142873][T0x727f8d8ef740][TIMING] emit_host_span: [STRACE] v=1 pid=467927 tid=467927 inv=37 hid=6bd2711823aaa57e depth=3 name=chip.run.runner_run.device_wall.orch ts=13254 dur=1183748 clk=dev
[mono_ns=182567871143825][T0x727f8d8ef740][TIMING] emit_host_span: [STRACE] v=1 pid=467927 tid=467927 inv=37 hid=6bd2711823aaa57e depth=3 name=chip.run.runner_run.device_wall.sched ts=13838 dur=1476341 clk=dev
[mono_ns=182567871150705][T0x727f8d8ef740][TIMING] emit_host_span: [STRACE] v=1 pid=467927 tid=467927 inv=37 hid=6bd2711823aaa57e depth=1 name=chip.run.claim_release ts=182567871149964 dur=160
[mono_ns=182567871152207][T0x727f8d8ef740][TIMING] emit_host_span: [STRACE] v=1 pid=467927 tid=467927 inv=37 hid=6bd2711823aaa57e depth=0 name=chip.run ts=182567751791577 dur=119360019 run_id=0 dispatch_id=0 slot_id=0 generation=37 run_epoch=37
[mono_ns=182567983444769][T0x727f8d8ef740][TIMING] emit_host_span: [STRACE] v=1 pid=467927 tid=467927 inv=38 hid=6bd2711823aaa57e depth=2 name=chip.run.bind.args ts=182567871484576 dur=111951050
[mono_ns=182567983466472][T0x727f8d8ef740][TIMING] emit_host_span: [STRACE] v=1 pid=467927 tid=467927 inv=38 hid=6bd2711823aaa57e depth=2 name=chip.run.bind.prebuilt ts=182567983463187 dur=2444
[mono_ns=182567983469396][T0x727f8d8ef740][TIMING] emit_host_span: [STRACE] v=1 pid=467927 tid=467927 inv=38 hid=6bd2711823aaa57e depth=1 name=chip.run.bind ts=182567871479639 dur=111988435
[mono_ns=182567988476111][T0x727f8d8ef740][WARN] prepare_execution: [device_runner.cpp:343] AICPU CPU_TOPO unavailable; using json_fallback: soc=Ascend950PR_9579 occupy=0x3e stable_reachable=5 requested=0 effective=5 affinity=[1, 2, 3, 4, 5(orch)]
[mono_ns=182567990231305][T0x727f8d8ef740][TIMING] emit_host_span: [STRACE] v=1 pid=467927 tid=467927 inv=38 hid=6bd2711823aaa57e depth=1 name=chip.run.runner_run ts=182567988534919 dur=1695185
[mono_ns=182567990527240][T0x727f8d8ef740][TIMING] emit_host_span: [STRACE] v=1 pid=467927 tid=467927 inv=38 hid=6bd2711823aaa57e depth=1 name=chip.run.validate ts=182567990235382 dur=290936
[mono_ns=182567990529102][T0x727f8d8ef740][TIMING] emit_host_span: [STRACE] v=1 pid=467927 tid=467927 inv=38 hid=6bd2711823aaa57e depth=2 name=chip.run.runner_run.device_wall ts=0 dur=1504920 clk=dev
[mono_ns=182567990530665][T0x727f8d8ef740][TIMING] emit_host_span: [STRACE] v=1 pid=467927 tid=467927 inv=38 hid=6bd2711823aaa57e depth=3 name=chip.run.runner_run.device_wall.preamble ts=0 dur=13053 clk=dev
[mono_ns=182567990531897][T0x727f8d8ef740][TIMING] emit_host_span: [STRACE] v=1 pid=467927 tid=467927 inv=38 hid=6bd2711823aaa57e depth=3 name=chip.run.runner_run.device_wall.graph_build ts=2803 dur=1497571 clk=dev
[mono_ns=182567990532908][T0x727f8d8ef740][TIMING] emit_host_span: [STRACE] v=1 pid=467927 tid=467927 inv=38 hid=6bd2711823aaa57e depth=3 name=chip.run.runner_run.device_wall.config_validate ts=3214 dur=1428 clk=dev
[mono_ns=182567990533900][T0x727f8d8ef740][TIMING] emit_host_span: [STRACE] v=1 pid=467927 tid=467927 inv=38 hid=6bd2711823aaa57e depth=3 name=chip.run.runner_run.device_wall.arena_wire ts=4700 dur=2788 clk=dev
[mono_ns=182567990534881][T0x727f8d8ef740][TIMING] emit_host_span: [STRACE] v=1 pid=467927 tid=467927 inv=38 hid=6bd2711823aaa57e depth=3 name=chip.run.runner_run.device_wall.sm_reset ts=7583 dur=5815 clk=dev
[mono_ns=182567990536063][T0x727f8d8ef740][TIMING] emit_host_span: [STRACE] v=1 pid=467927 tid=467927 inv=38 hid=6bd2711823aaa57e depth=3 name=chip.run.runner_run.device_wall.post_orch ts=1500399 dur=4327 clk=dev
[mono_ns=182567990537034][T0x727f8d8ef740][TIMING] emit_host_span: [STRACE] v=1 pid=467927 tid=467927 inv=38 hid=6bd2711823aaa57e depth=3 name=chip.run.runner_run.device_wall.orch ts=13440 dur=1183227 clk=dev
[mono_ns=182567990537996][T0x727f8d8ef740][TIMING] emit_host_span: [STRACE] v=1 pid=467927 tid=467927 inv=38 hid=6bd2711823aaa57e depth=3 name=chip.run.runner_run.device_wall.sched ts=14123 dur=1472933 clk=dev
[mono_ns=182567990539398][T0x727f8d8ef740][TIMING] emit_host_span: [STRACE] v=1 pid=467927 tid=467927 inv=38 hid=6bd2711823aaa57e depth=1 name=chip.run.claim_release ts=182567990538617 dur=220
[mono_ns=182567990541281][T0x727f8d8ef740][TIMING] emit_host_span: [STRACE] v=1 pid=467927 tid=467927 inv=38 hid=6bd2711823aaa57e depth=0 name=chip.run ts=182567871473149 dur=119067481 run_id=0 dispatch_id=0 slot_id=0 generation=38 run_epoch=38
[mono_ns=182568101461052][T0x727f8d8ef740][TIMING] emit_host_span: [STRACE] v=1 pid=467927 tid=467927 inv=39 hid=6bd2711823aaa57e depth=2 name=chip.run.bind.args ts=182567990914250 dur=110536837
[mono_ns=182568101483907][T0x727f8d8ef740][TIMING] emit_host_span: [STRACE] v=1 pid=467927 tid=467927 inv=39 hid=6bd2711823aaa57e depth=2 name=chip.run.bind.prebuilt ts=182568101480562 dur=2383
[mono_ns=182568101486731][T0x727f8d8ef740][TIMING] emit_host_span: [STRACE] v=1 pid=467927 tid=467927 inv=39 hid=6bd2711823aaa57e depth=1 name=chip.run.bind ts=182567990909664 dur=110575875
[mono_ns=182568106776901][T0x727f8d8ef740][WARN] prepare_execution: [device_runner.cpp:343] AICPU CPU_TOPO unavailable; using json_fallback: soc=Ascend950PR_9579 occupy=0x3e stable_reachable=5 requested=0 effective=5 affinity=[1, 2, 3, 4, 5(orch)]
[mono_ns=182568108563252][T0x727f8d8ef740][TIMING] emit_host_span: [STRACE] v=1 pid=467927 tid=467927 inv=39 hid=6bd2711823aaa57e depth=1 name=chip.run.runner_run ts=182568106835158 dur=1726602
[mono_ns=182568108846487][T0x727f8d8ef740][TIMING] emit_host_span: [STRACE] v=1 pid=467927 tid=467927 inv=39 hid=6bd2711823aaa57e depth=1 name=chip.run.validate ts=182568108567098 dur=278458
[mono_ns=182568108848420][T0x727f8d8ef740][TIMING] emit_host_span: [STRACE] v=1 pid=467927 tid=467927 inv=39 hid=6bd2711823aaa57e depth=2 name=chip.run.runner_run.device_wall ts=0 dur=1522935 clk=dev
[mono_ns=182568108849852][T0x727f8d8ef740][TIMING] emit_host_span: [STRACE] v=1 pid=467927 tid=467927 inv=39 hid=6bd2711823aaa57e depth=3 name=chip.run.runner_run.device_wall.preamble ts=0 dur=12768 clk=dev
[mono_ns=182568108851355][T0x727f8d8ef740][TIMING] emit_host_span: [STRACE] v=1 pid=467927 tid=467927 inv=39 hid=6bd2711823aaa57e depth=3 name=chip.run.runner_run.device_wall.graph_build ts=3307 dur=1515205 clk=dev
[mono_ns=182568108852446][T0x727f8d8ef740][TIMING] emit_host_span: [STRACE] v=1 pid=467927 tid=467927 inv=39 hid=6bd2711823aaa57e depth=3 name=chip.run.runner_run.device_wall.config_validate ts=3520 dur=1732 clk=dev
[mono_ns=182568108853478][T0x727f8d8ef740][TIMING] emit_host_span: [STRACE] v=1 pid=467927 tid=467927 inv=39 hid=6bd2711823aaa57e depth=3 name=chip.run.runner_run.device_wall.arena_wire ts=5284 dur=3008 clk=dev
[mono_ns=182568108854479][T0x727f8d8ef740][TIMING] emit_host_span: [STRACE] v=1 pid=467927 tid=467927 inv=39 hid=6bd2711823aaa57e depth=3 name=chip.run.runner_run.device_wall.sm_reset ts=8313 dur=5516 clk=dev
[mono_ns=182568108855481][T0x727f8d8ef740][TIMING] emit_host_span: [STRACE] v=1 pid=467927 tid=467927 inv=39 hid=6bd2711823aaa57e depth=3 name=chip.run.runner_run.device_wall.post_orch ts=1518532 dur=3901 clk=dev
[mono_ns=182568108856482][T0x727f8d8ef740][TIMING] emit_host_span: [STRACE] v=1 pid=467927 tid=467927 inv=39 hid=6bd2711823aaa57e depth=3 name=chip.run.runner_run.device_wall.orch ts=13854 dur=1182621 clk=dev
[mono_ns=182568108857534][T0x727f8d8ef740][TIMING] emit_host_span: [STRACE] v=1 pid=467927 tid=467927 inv=39 hid=6bd2711823aaa57e depth=3 name=chip.run.runner_run.device_wall.sched ts=14540 dur=1488456 clk=dev
[mono_ns=182568108858956][T0x727f8d8ef740][TIMING] emit_host_span: [STRACE] v=1 pid=467927 tid=467927 inv=39 hid=6bd2711823aaa57e depth=1 name=chip.run.claim_release ts=182568108858215 dur=110
[mono_ns=182568108860598][T0x727f8d8ef740][TIMING] emit_host_span: [STRACE] v=1 pid=467927 tid=467927 inv=39 hid=6bd2711823aaa57e depth=0 name=chip.run ts=182567990904165 dur=117955692 run_id=0 dispatch_id=0 slot_id=0 generation=39 run_epoch=39
[mono_ns=182568226380546][T0x727f8d8ef740][TIMING] emit_host_span: [STRACE] v=1 pid=467927 tid=467927 inv=40 hid=6bd2711823aaa57e depth=2 name=chip.run.bind.args ts=182568109224975 dur=117148761
[mono_ns=182568226399415][T0x727f8d8ef740][TIMING] emit_host_span: [STRACE] v=1 pid=467927 tid=467927 inv=40 hid=6bd2711823aaa57e depth=2 name=chip.run.bind.prebuilt ts=182568226396450 dur=2234
[mono_ns=182568226402740][T0x727f8d8ef740][TIMING] emit_host_span: [STRACE] v=1 pid=467927 tid=467927 inv=40 hid=6bd2711823aaa57e depth=1 name=chip.run.bind ts=182568109219197 dur=117181970
[mono_ns=182568231450997][T0x727f8d8ef740][WARN] prepare_execution: [device_runner.cpp:343] AICPU CPU_TOPO unavailable; using json_fallback: soc=Ascend950PR_9579 occupy=0x3e stable_reachable=5 requested=0 effective=5 affinity=[1, 2, 3, 4, 5(orch)]
[mono_ns=182568233175675][T0x727f8d8ef740][TIMING] emit_host_span: [STRACE] v=1 pid=467927 tid=467927 inv=40 hid=6bd2711823aaa57e depth=1 name=chip.run.runner_run ts=182568231509515 dur=1664197
[mono_ns=182568233469346][T0x727f8d8ef740][TIMING] emit_host_span: [STRACE] v=1 pid=467927 tid=467927 inv=40 hid=6bd2711823aaa57e depth=1 name=chip.run.validate ts=182568233180523 dur=287912
[mono_ns=182568233471249][T0x727f8d8ef740][TIMING] emit_host_span: [STRACE] v=1 pid=467927 tid=467927 inv=40 hid=6bd2711823aaa57e depth=2 name=chip.run.runner_run.device_wall ts=0 dur=1473524 clk=dev
[mono_ns=182568233472821][T0x727f8d8ef740][TIMING] emit_host_span: [STRACE] v=1 pid=467927 tid=467927 inv=40 hid=6bd2711823aaa57e depth=3 name=chip.run.runner_run.device_wall.preamble ts=0 dur=12039 clk=dev
[mono_ns=182568233474093][T0x727f8d8ef740][TIMING] emit_host_span: [STRACE] v=1 pid=467927 tid=467927 inv=40 hid=6bd2711823aaa57e depth=3 name=chip.run.runner_run.device_wall.graph_build ts=3390 dur=1465826 clk=dev
[mono_ns=182568233475075][T0x727f8d8ef740][TIMING] emit_host_span: [STRACE] v=1 pid=467927 tid=467927 inv=40 hid=6bd2711823aaa57e depth=3 name=chip.run.runner_run.device_wall.config_validate ts=3737 dur=1421 clk=dev
[mono_ns=182568233476066][T0x727f8d8ef740][TIMING] emit_host_span: [STRACE] v=1 pid=467927 tid=467927 inv=40 hid=6bd2711823aaa57e depth=3 name=chip.run.runner_run.device_wall.arena_wire ts=5175 dur=3247 clk=dev
[mono_ns=182568233477038][T0x727f8d8ef740][TIMING] emit_host_span: [STRACE] v=1 pid=467927 tid=467927 inv=40 hid=6bd2711823aaa57e depth=3 name=chip.run.runner_run.device_wall.sm_reset ts=8485 dur=5828 clk=dev
[mono_ns=182568233478059][T0x727f8d8ef740][TIMING] emit_host_span: [STRACE] v=1 pid=467927 tid=467927 inv=40 hid=6bd2711823aaa57e depth=3 name=chip.run.runner_run.device_wall.post_orch ts=1469241 dur=4197 clk=dev
[mono_ns=182568233479051][T0x727f8d8ef740][TIMING] emit_host_span: [STRACE] v=1 pid=467927 tid=467927 inv=40 hid=6bd2711823aaa57e depth=3 name=chip.run.runner_run.device_wall.orch ts=14384 dur=1187130 clk=dev
[mono_ns=182568233480032][T0x727f8d8ef740][TIMING] emit_host_span: [STRACE] v=1 pid=467927 tid=467927 inv=40 hid=6bd2711823aaa57e depth=3 name=chip.run.runner_run.device_wall.sched ts=15014 dur=1440370 clk=dev
[mono_ns=182568233481324][T0x727f8d8ef740][TIMING] emit_host_span: [STRACE] v=1 pid=467927 tid=467927 inv=40 hid=6bd2711823aaa57e depth=1 name=chip.run.claim_release ts=182568233480663 dur=110
[mono_ns=182568233483307][T0x727f8d8ef740][TIMING] emit_host_span: [STRACE] v=1 pid=467927 tid=467927 inv=40 hid=6bd2711823aaa57e depth=0 name=chip.run ts=182568109213578 dur=124268637 run_id=0 dispatch_id=0 slot_id=0 generation=40 run_epoch=40
[mono_ns=182568355532904][T0x727f8d8ef740][TIMING] emit_host_span: [STRACE] v=1 pid=467927 tid=467927 inv=41 hid=6bd2711823aaa57e depth=2 name=chip.run.bind.args ts=182568233865661 dur=121654974
[mono_ns=182568355553414][T0x727f8d8ef740][TIMING] emit_host_span: [STRACE] v=1 pid=467927 tid=467927 inv=41 hid=6bd2711823aaa57e depth=2 name=chip.run.bind.prebuilt ts=182568355549869 dur=2434
[mono_ns=182568355556709][T0x727f8d8ef740][TIMING] emit_host_span: [STRACE] v=1 pid=467927 tid=467927 inv=41 hid=6bd2711823aaa57e depth=1 name=chip.run.bind ts=182568233860573 dur=121694624
[mono_ns=182568360629363][T0x727f8d8ef740][WARN] prepare_execution: [device_runner.cpp:343] AICPU CPU_TOPO unavailable; using json_fallback: soc=Ascend950PR_9579 occupy=0x3e stable_reachable=5 requested=0 effective=5 affinity=[1, 2, 3, 4, 5(orch)]
[mono_ns=182568362411688][T0x727f8d8ef740][TIMING] emit_host_span: [STRACE] v=1 pid=467927 tid=467927 inv=41 hid=6bd2711823aaa57e depth=1 name=chip.run.runner_run ts=182568360689634 dur=1720632
[mono_ns=182568362704047][T0x727f8d8ef740][TIMING] emit_host_span: [STRACE] v=1 pid=467927 tid=467927 inv=41 hid=6bd2711823aaa57e depth=1 name=chip.run.validate ts=182568362415614 dur=287431
[mono_ns=182568362721663][T0x727f8d8ef740][TIMING] emit_host_span: [STRACE] v=1 pid=467927 tid=467927 inv=41 hid=6bd2711823aaa57e depth=2 name=chip.run.runner_run.device_wall ts=0 dur=1518927 clk=dev
[mono_ns=182568362723196][T0x727f8d8ef740][TIMING] emit_host_span: [STRACE] v=1 pid=467927 tid=467927 inv=41 hid=6bd2711823aaa57e depth=3 name=chip.run.runner_run.device_wall.preamble ts=0 dur=11895 clk=dev
[mono_ns=182568362724478][T0x727f8d8ef740][TIMING] emit_host_span: [STRACE] v=1 pid=467927 tid=467927 inv=41 hid=6bd2711823aaa57e depth=3 name=chip.run.runner_run.device_wall.graph_build ts=3013 dur=1511424 clk=dev
[mono_ns=182568362725519][T0x727f8d8ef740][TIMING] emit_host_span: [STRACE] v=1 pid=467927 tid=467927 inv=41 hid=6bd2711823aaa57e depth=3 name=chip.run.runner_run.device_wall.config_validate ts=3444 dur=1728 clk=dev
[mono_ns=182568362726511][T0x727f8d8ef740][TIMING] emit_host_span: [STRACE] v=1 pid=467927 tid=467927 inv=41 hid=6bd2711823aaa57e depth=3 name=chip.run.runner_run.device_wall.arena_wire ts=5191 dur=3149 clk=dev
[mono_ns=182568362727522][T0x727f8d8ef740][TIMING] emit_host_span: [STRACE] v=1 pid=467927 tid=467927 inv=41 hid=6bd2711823aaa57e depth=3 name=chip.run.runner_run.device_wall.sm_reset ts=8363 dur=5364 clk=dev
[mono_ns=182568362728534][T0x727f8d8ef740][TIMING] emit_host_span: [STRACE] v=1 pid=467927 tid=467927 inv=41 hid=6bd2711823aaa57e depth=3 name=chip.run.runner_run.device_wall.post_orch ts=1514454 dur=4293 clk=dev
[mono_ns=182568362729525][T0x727f8d8ef740][TIMING] emit_host_span: [STRACE] v=1 pid=467927 tid=467927 inv=41 hid=6bd2711823aaa57e depth=3 name=chip.run.runner_run.device_wall.orch ts=13987 dur=1166891 clk=dev
[mono_ns=182568362730527][T0x727f8d8ef740][TIMING] emit_host_span: [STRACE] v=1 pid=467927 tid=467927 inv=41 hid=6bd2711823aaa57e depth=3 name=chip.run.runner_run.device_wall.sched ts=14378 dur=1487295 clk=dev
[mono_ns=182568362731839][T0x727f8d8ef740][TIMING] emit_host_span: [STRACE] v=1 pid=467927 tid=467927 inv=41 hid=6bd2711823aaa57e depth=1 name=chip.run.claim_release ts=182568362731068 dur=130
[mono_ns=182568362733942][T0x727f8d8ef740][TIMING] emit_host_span: [STRACE] v=1 pid=467927 tid=467927 inv=41 hid=6bd2711823aaa57e depth=0 name=chip.run ts=182568233855436 dur=128877444 run_id=0 dispatch_id=0 slot_id=0 generation=41 run_epoch=41
[mono_ns=182568486329078][T0x727f8d8ef740][TIMING] emit_host_span: [STRACE] v=1 pid=467927 tid=467927 inv=42 hid=6bd2711823aaa57e depth=2 name=chip.run.bind.args ts=182568363146521 dur=123169448
[mono_ns=182568486357421][T0x727f8d8ef740][TIMING] emit_host_span: [STRACE] v=1 pid=467927 tid=467927 inv=42 hid=6bd2711823aaa57e depth=2 name=chip.run.bind.prebuilt ts=182568486353535 dur=2754
[mono_ns=182568486360766][T0x727f8d8ef740][TIMING] emit_host_span: [STRACE] v=1 pid=467927 tid=467927 inv=42 hid=6bd2711823aaa57e depth=1 name=chip.run.bind ts=182568363142575 dur=123216749
[mono_ns=182568491469814][T0x727f8d8ef740][WARN] prepare_execution: [device_runner.cpp:343] AICPU CPU_TOPO unavailable; using json_fallback: soc=Ascend950PR_9579 occupy=0x3e stable_reachable=5 requested=0 effective=5 affinity=[1, 2, 3, 4, 5(orch)]
[mono_ns=182568493322955][T0x727f8d8ef740][TIMING] emit_host_span: [STRACE] v=1 pid=467927 tid=467927 inv=42 hid=6bd2711823aaa57e depth=1 name=chip.run.runner_run ts=182568491522193 dur=1798860
[mono_ns=182568493602896][T0x727f8d8ef740][TIMING] emit_host_span: [STRACE] v=1 pid=467927 tid=467927 inv=42 hid=6bd2711823aaa57e depth=1 name=chip.run.validate ts=182568493328524 dur=273430
[mono_ns=182568493604919][T0x727f8d8ef740][TIMING] emit_host_span: [STRACE] v=1 pid=467927 tid=467927 inv=42 hid=6bd2711823aaa57e depth=2 name=chip.run.runner_run.device_wall ts=0 dur=1591110 clk=dev
[mono_ns=182568493606481][T0x727f8d8ef740][TIMING] emit_host_span: [STRACE] v=1 pid=467927 tid=467927 inv=42 hid=6bd2711823aaa57e depth=3 name=chip.run.runner_run.device_wall.preamble ts=0 dur=11811 clk=dev
[mono_ns=182568493607923][T0x727f8d8ef740][TIMING] emit_host_span: [STRACE] v=1 pid=467927 tid=467927 inv=42 hid=6bd2711823aaa57e depth=3 name=chip.run.runner_run.device_wall.graph_build ts=2674 dur=1583904 clk=dev
[mono_ns=182568493620322][T0x727f8d8ef740][TIMING] emit_host_span: [STRACE] v=1 pid=467927 tid=467927 inv=42 hid=6bd2711823aaa57e depth=3 name=chip.run.runner_run.device_wall.config_validate ts=3058 dur=1591 clk=dev
[mono_ns=182568493621383][T0x727f8d8ef740][TIMING] emit_host_span: [STRACE] v=1 pid=467927 tid=467927 inv=42 hid=6bd2711823aaa57e depth=3 name=chip.run.runner_run.device_wall.arena_wire ts=4691 dur=2947 clk=dev
[mono_ns=182568493622345][T0x727f8d8ef740][TIMING] emit_host_span: [STRACE] v=1 pid=467927 tid=467927 inv=42 hid=6bd2711823aaa57e depth=3 name=chip.run.runner_run.device_wall.sm_reset ts=7739 dur=5651 clk=dev
[mono_ns=182568493623366][T0x727f8d8ef740][TIMING] emit_host_span: [STRACE] v=1 pid=467927 tid=467927 inv=42 hid=6bd2711823aaa57e depth=3 name=chip.run.runner_run.device_wall.post_orch ts=1586601 dur=4168 clk=dev
[mono_ns=182568493624358][T0x727f8d8ef740][TIMING] emit_host_span: [STRACE] v=1 pid=467927 tid=467927 inv=42 hid=6bd2711823aaa57e depth=3 name=chip.run.runner_run.device_wall.orch ts=13416 dur=1167106 clk=dev
[mono_ns=182568493625379][T0x727f8d8ef740][TIMING] emit_host_span: [STRACE] v=1 pid=467927 tid=467927 inv=42 hid=6bd2711823aaa57e depth=3 name=chip.run.runner_run.device_wall.sched ts=14089 dur=1560606 clk=dev
[mono_ns=182568493626761][T0x727f8d8ef740][TIMING] emit_host_span: [STRACE] v=1 pid=467927 tid=467927 inv=42 hid=6bd2711823aaa57e depth=1 name=chip.run.claim_release ts=182568493626030 dur=111
[mono_ns=182568493628684][T0x727f8d8ef740][TIMING] emit_host_span: [STRACE] v=1 pid=467927 tid=467927 inv=42 hid=6bd2711823aaa57e depth=0 name=chip.run ts=182568363137918 dur=130490025 run_id=0 dispatch_id=0 slot_id=0 generation=42 run_epoch=42
[mono_ns=182568607584152][T0x727f8d8ef740][TIMING] emit_host_span: [STRACE] v=1 pid=467927 tid=467927 inv=43 hid=6bd2711823aaa57e depth=2 name=chip.run.bind.args ts=182568494023036 dur=113550641
[mono_ns=182568607609240][T0x727f8d8ef740][TIMING] emit_host_span: [STRACE] v=1 pid=467927 tid=467927 inv=43 hid=6bd2711823aaa57e depth=2 name=chip.run.bind.prebuilt ts=182568607605875 dur=2454
[mono_ns=182568607612164][T0x727f8d8ef740][TIMING] emit_host_span: [STRACE] v=1 pid=467927 tid=467927 inv=43 hid=6bd2711823aaa57e depth=1 name=chip.run.bind ts=182568494018339 dur=113592293
[mono_ns=182568612696375][T0x727f8d8ef740][WARN] prepare_execution: [device_runner.cpp:343] AICPU CPU_TOPO unavailable; using json_fallback: soc=Ascend950PR_9579 occupy=0x3e stable_reachable=5 requested=0 effective=5 affinity=[1, 2, 3, 4, 5(orch)]
[mono_ns=182568614439692][T0x727f8d8ef740][TIMING] emit_host_span: [STRACE] v=1 pid=467927 tid=467927 inv=43 hid=6bd2711823aaa57e depth=1 name=chip.run.runner_run ts=182568612739610 dur=1698099
[mono_ns=182568614724519][T0x727f8d8ef740][TIMING] emit_host_span: [STRACE] v=1 pid=467927 tid=467927 inv=43 hid=6bd2711823aaa57e depth=1 name=chip.run.validate ts=182568614444519 dur=279129
[mono_ns=182568614726362][T0x727f8d8ef740][TIMING] emit_host_span: [STRACE] v=1 pid=467927 tid=467927 inv=43 hid=6bd2711823aaa57e depth=2 name=chip.run.runner_run.device_wall ts=0 dur=1509527 clk=dev
[mono_ns=182568614727864][T0x727f8d8ef740][TIMING] emit_host_span: [STRACE] v=1 pid=467927 tid=467927 inv=43 hid=6bd2711823aaa57e depth=3 name=chip.run.runner_run.device_wall.preamble ts=0 dur=11766 clk=dev
[mono_ns=182568614728936][T0x727f8d8ef740][TIMING] emit_host_span: [STRACE] v=1 pid=467927 tid=467927 inv=43 hid=6bd2711823aaa57e depth=3 name=chip.run.runner_run.device_wall.graph_build ts=2336 dur=1501341 clk=dev
[mono_ns=182568614729938][T0x727f8d8ef740][TIMING] emit_host_span: [STRACE] v=1 pid=467927 tid=467927 inv=43 hid=6bd2711823aaa57e depth=3 name=chip.run.runner_run.device_wall.config_validate ts=2607 dur=1228 clk=dev
[mono_ns=182568614730909][T0x727f8d8ef740][TIMING] emit_host_span: [STRACE] v=1 pid=467927 tid=467927 inv=43 hid=6bd2711823aaa57e depth=3 name=chip.run.runner_run.device_wall.arena_wire ts=3853 dur=3820 clk=dev
[mono_ns=182568614736477][T0x727f8d8ef740][TIMING] emit_host_span: [STRACE] v=1 pid=467927 tid=467927 inv=43 hid=6bd2711823aaa57e depth=3 name=chip.run.runner_run.device_wall.sm_reset ts=7693 dur=5445 clk=dev
[mono_ns=182568614737519][T0x727f8d8ef740][TIMING] emit_host_span: [STRACE] v=1 pid=467927 tid=467927 inv=43 hid=6bd2711823aaa57e depth=3 name=chip.run.runner_run.device_wall.post_orch ts=1504036 dur=4975 clk=dev
[mono_ns=182568614738520][T0x727f8d8ef740][TIMING] emit_host_span: [STRACE] v=1 pid=467927 tid=467927 inv=43 hid=6bd2711823aaa57e depth=3 name=chip.run.runner_run.device_wall.orch ts=13387 dur=1191931 clk=dev
[mono_ns=182568614739512][T0x727f8d8ef740][TIMING] emit_host_span: [STRACE] v=1 pid=467927 tid=467927 inv=43 hid=6bd2711823aaa57e depth=3 name=chip.run.runner_run.device_wall.sched ts=13900 dur=1476623 clk=dev
[mono_ns=182568614740804][T0x727f8d8ef740][TIMING] emit_host_span: [STRACE] v=1 pid=467927 tid=467927 inv=43 hid=6bd2711823aaa57e depth=1 name=chip.run.claim_release ts=182568614740123 dur=110
[mono_ns=182568614742747][T0x727f8d8ef740][TIMING] emit_host_span: [STRACE] v=1 pid=467927 tid=467927 inv=43 hid=6bd2711823aaa57e depth=0 name=chip.run ts=182568494012571 dur=120729194 run_id=0 dispatch_id=0 slot_id=0 generation=43 run_epoch=43
[mono_ns=182568728711064][T0x727f8d8ef740][TIMING] emit_host_span: [STRACE] v=1 pid=467927 tid=467927 inv=44 hid=6bd2711823aaa57e depth=2 name=chip.run.bind.args ts=182568615120404 dur=113584601
[mono_ns=182568728728881][T0x727f8d8ef740][TIMING] emit_host_span: [STRACE] v=1 pid=467927 tid=467927 inv=44 hid=6bd2711823aaa57e depth=2 name=chip.run.bind.prebuilt ts=182568728726107 dur=1953
[mono_ns=182568728731775][T0x727f8d8ef740][TIMING] emit_host_span: [STRACE] v=1 pid=467927 tid=467927 inv=44 hid=6bd2711823aaa57e depth=1 name=chip.run.bind ts=182568615115476 dur=113614837
[mono_ns=182568733765781][T0x727f8d8ef740][WARN] prepare_execution: [device_runner.cpp:343] AICPU CPU_TOPO unavailable; using json_fallback: soc=Ascend950PR_9579 occupy=0x3e stable_reachable=5 requested=0 effective=5 affinity=[1, 2, 3, 4, 5(orch)]
[mono_ns=182568735557129][T0x727f8d8ef740][TIMING] emit_host_span: [STRACE] v=1 pid=467927 tid=467927 inv=44 hid=6bd2711823aaa57e depth=1 name=chip.run.runner_run ts=182568733807083 dur=1748704
[mono_ns=182568735854936][T0x727f8d8ef740][TIMING] emit_host_span: [STRACE] v=1 pid=467927 tid=467927 inv=44 hid=6bd2711823aaa57e depth=1 name=chip.run.validate ts=182568735561015 dur=293060
[mono_ns=182568735856729][T0x727f8d8ef740][TIMING] emit_host_span: [STRACE] v=1 pid=467927 tid=467927 inv=44 hid=6bd2711823aaa57e depth=2 name=chip.run.runner_run.device_wall ts=0 dur=1597328 clk=dev
[mono_ns=182568735858261][T0x727f8d8ef740][TIMING] emit_host_span: [STRACE] v=1 pid=467927 tid=467927 inv=44 hid=6bd2711823aaa57e depth=3 name=chip.run.runner_run.device_wall.preamble ts=0 dur=12064 clk=dev
[mono_ns=182568735859603][T0x727f8d8ef740][TIMING] emit_host_span: [STRACE] v=1 pid=467927 tid=467927 inv=44 hid=6bd2711823aaa57e depth=3 name=chip.run.runner_run.device_wall.graph_build ts=2634 dur=1590010 clk=dev
[mono_ns=182568735860615][T0x727f8d8ef740][TIMING] emit_host_span: [STRACE] v=1 pid=467927 tid=467927 inv=44 hid=6bd2711823aaa57e depth=3 name=chip.run.runner_run.device_wall.config_validate ts=2768 dur=928 clk=dev
[mono_ns=182568735861576][T0x727f8d8ef740][TIMING] emit_host_span: [STRACE] v=1 pid=467927 tid=467927 inv=44 hid=6bd2711823aaa57e depth=3 name=chip.run.runner_run.device_wall.arena_wire ts=3718 dur=3027 clk=dev
[mono_ns=182568735862548][T0x727f8d8ef740][TIMING] emit_host_span: [STRACE] v=1 pid=467927 tid=467927 inv=44 hid=6bd2711823aaa57e depth=3 name=chip.run.runner_run.device_wall.sm_reset ts=7068 dur=5093 clk=dev
[mono_ns=182568735863740][T0x727f8d8ef740][TIMING] emit_host_span: [STRACE] v=1 pid=467927 tid=467927 inv=44 hid=6bd2711823aaa57e depth=3 name=chip.run.runner_run.device_wall.post_orch ts=1592661 dur=4316 clk=dev
[mono_ns=182568735864721][T0x727f8d8ef740][TIMING] emit_host_span: [STRACE] v=1 pid=467927 tid=467927 inv=44 hid=6bd2711823aaa57e depth=3 name=chip.run.runner_run.device_wall.orch ts=12186 dur=1154114 clk=dev
[mono_ns=182568735870540][T0x727f8d8ef740][TIMING] emit_host_span: [STRACE] v=1 pid=467927 tid=467927 inv=44 hid=6bd2711823aaa57e depth=3 name=chip.run.runner_run.device_wall.sched ts=12931 dur=1564862 clk=dev
[mono_ns=182568735871962][T0x727f8d8ef740][TIMING] emit_host_span: [STRACE] v=1 pid=467927 tid=467927 inv=44 hid=6bd2711823aaa57e depth=1 name=chip.run.claim_release ts=182568735871211 dur=170
[mono_ns=182568735873444][T0x727f8d8ef740][TIMING] emit_host_span: [STRACE] v=1 pid=467927 tid=467927 inv=44 hid=6bd2711823aaa57e depth=0 name=chip.run ts=182568615109718 dur=120763085 run_id=0 dispatch_id=0 slot_id=0 generation=44 run_epoch=44
[mono_ns=182568852135484][T0x727f8d8ef740][TIMING] emit_host_span: [STRACE] v=1 pid=467927 tid=467927 inv=45 hid=6bd2711823aaa57e depth=2 name=chip.run.bind.args ts=182568736242889 dur=115883732
[mono_ns=182568852155755][T0x727f8d8ef740][TIMING] emit_host_span: [STRACE] v=1 pid=467927 tid=467927 inv=45 hid=6bd2711823aaa57e depth=2 name=chip.run.bind.prebuilt ts=182568852152580 dur=2233
[mono_ns=182568852158348][T0x727f8d8ef740][TIMING] emit_host_span: [STRACE] v=1 pid=467927 tid=467927 inv=45 hid=6bd2711823aaa57e depth=1 name=chip.run.bind ts=182568736239023 dur=115917993
[mono_ns=182568857206135][T0x727f8d8ef740][WARN] prepare_execution: [device_runner.cpp:343] AICPU CPU_TOPO unavailable; using json_fallback: soc=Ascend950PR_9579 occupy=0x3e stable_reachable=5 requested=0 effective=5 affinity=[1, 2, 3, 4, 5(orch)]
[mono_ns=182568858957543][T0x727f8d8ef740][TIMING] emit_host_span: [STRACE] v=1 pid=467927 tid=467927 inv=45 hid=6bd2711823aaa57e depth=1 name=chip.run.runner_run ts=182568857248819 dur=1707172
[mono_ns=182568859242601][T0x727f8d8ef740][TIMING] emit_host_span: [STRACE] v=1 pid=467927 tid=467927 inv=45 hid=6bd2711823aaa57e depth=1 name=chip.run.validate ts=182568858961419 dur=280321
[mono_ns=182568859244755][T0x727f8d8ef740][TIMING] emit_host_span: [STRACE] v=1 pid=467927 tid=467927 inv=45 hid=6bd2711823aaa57e depth=2 name=chip.run.runner_run.device_wall ts=0 dur=1538581 clk=dev
[mono_ns=182568859246427][T0x727f8d8ef740][TIMING] emit_host_span: [STRACE] v=1 pid=467927 tid=467927 inv=45 hid=6bd2711823aaa57e depth=3 name=chip.run.runner_run.device_wall.preamble ts=0 dur=12384 clk=dev
[mono_ns=182568859247679][T0x727f8d8ef740][TIMING] emit_host_span: [STRACE] v=1 pid=467927 tid=467927 inv=45 hid=6bd2711823aaa57e depth=3 name=chip.run.runner_run.device_wall.graph_build ts=3355 dur=1530197 clk=dev
[mono_ns=182568859248670][T0x727f8d8ef740][TIMING] emit_host_span: [STRACE] v=1 pid=467927 tid=467927 inv=45 hid=6bd2711823aaa57e depth=3 name=chip.run.runner_run.device_wall.config_validate ts=3498 dur=1518 clk=dev
[mono_ns=182568859249642][T0x727f8d8ef740][TIMING] emit_host_span: [STRACE] v=1 pid=467927 tid=467927 inv=45 hid=6bd2711823aaa57e depth=3 name=chip.run.runner_run.device_wall.arena_wire ts=5027 dur=3609 clk=dev
[mono_ns=182568859250633][T0x727f8d8ef740][TIMING] emit_host_span: [STRACE] v=1 pid=467927 tid=467927 inv=45 hid=6bd2711823aaa57e depth=3 name=chip.run.runner_run.device_wall.sm_reset ts=8704 dur=5205 clk=dev
[mono_ns=182568859251645][T0x727f8d8ef740][TIMING] emit_host_span: [STRACE] v=1 pid=467927 tid=467927 inv=45 hid=6bd2711823aaa57e depth=3 name=chip.run.runner_run.device_wall.post_orch ts=1533578 dur=4583 clk=dev
[mono_ns=182568859252636][T0x727f8d8ef740][TIMING] emit_host_span: [STRACE] v=1 pid=467927 tid=467927 inv=45 hid=6bd2711823aaa57e depth=3 name=chip.run.runner_run.device_wall.orch ts=13931 dur=1174621 clk=dev
[mono_ns=182568859253618][T0x727f8d8ef740][TIMING] emit_host_span: [STRACE] v=1 pid=467927 tid=467927 inv=45 hid=6bd2711823aaa57e depth=3 name=chip.run.runner_run.device_wall.sched ts=14602 dur=1505125 clk=dev
[mono_ns=182568859254920][T0x727f8d8ef740][TIMING] emit_host_span: [STRACE] v=1 pid=467927 tid=467927 inv=45 hid=6bd2711823aaa57e depth=1 name=chip.run.claim_release ts=182568859254249 dur=100
[mono_ns=182568859261390][T0x727f8d8ef740][TIMING] emit_host_span: [STRACE] v=1 pid=467927 tid=467927 inv=45 hid=6bd2711823aaa57e depth=0 name=chip.run ts=182568736233935 dur=123026773 run_id=0 dispatch_id=0 slot_id=0 generation=45 run_epoch=45
[mono_ns=182568981405638][T0x727f8d8ef740][TIMING] emit_host_span: [STRACE] v=1 pid=467927 tid=467927 inv=46 hid=6bd2711823aaa57e depth=2 name=chip.run.bind.args ts=182568859655231 dur=121737928
[mono_ns=182568981428873][T0x727f8d8ef740][TIMING] emit_host_span: [STRACE] v=1 pid=467927 tid=467927 inv=46 hid=6bd2711823aaa57e depth=2 name=chip.run.bind.prebuilt ts=182568981425318 dur=2253
[mono_ns=182568981432068][T0x727f8d8ef740][TIMING] emit_host_span: [STRACE] v=1 pid=467927 tid=467927 inv=46 hid=6bd2711823aaa57e depth=1 name=chip.run.bind ts=182568859651064 dur=121779562
[mono_ns=182568986556299][T0x727f8d8ef740][WARN] prepare_execution: [device_runner.cpp:343] AICPU CPU_TOPO unavailable; using json_fallback: soc=Ascend950PR_9579 occupy=0x3e stable_reachable=5 requested=0 effective=5 affinity=[1, 2, 3, 4, 5(orch)]
[mono_ns=182568988290442][T0x727f8d8ef740][TIMING] emit_host_span: [STRACE] v=1 pid=467927 tid=467927 inv=46 hid=6bd2711823aaa57e depth=1 name=chip.run.runner_run ts=182568986611051 dur=1677828
[mono_ns=182568988570622][T0x727f8d8ef740][TIMING] emit_host_span: [STRACE] v=1 pid=467927 tid=467927 inv=46 hid=6bd2711823aaa57e depth=1 name=chip.run.validate ts=182568988294548 dur=275053
[mono_ns=182568988572605][T0x727f8d8ef740][TIMING] emit_host_span: [STRACE] v=1 pid=467927 tid=467927 inv=46 hid=6bd2711823aaa57e depth=2 name=chip.run.runner_run.device_wall ts=0 dur=1492636 clk=dev
[mono_ns=182568988574218][T0x727f8d8ef740][TIMING] emit_host_span: [STRACE] v=1 pid=467927 tid=467927 inv=46 hid=6bd2711823aaa57e depth=3 name=chip.run.runner_run.device_wall.preamble ts=0 dur=11973 clk=dev
[mono_ns=182568988575540][T0x727f8d8ef740][TIMING] emit_host_span: [STRACE] v=1 pid=467927 tid=467927 inv=46 hid=6bd2711823aaa57e depth=3 name=chip.run.runner_run.device_wall.graph_build ts=3013 dur=1484740 clk=dev
[mono_ns=182568988576571][T0x727f8d8ef740][TIMING] emit_host_span: [STRACE] v=1 pid=467927 tid=467927 inv=46 hid=6bd2711823aaa57e depth=3 name=chip.run.runner_run.device_wall.config_validate ts=3183 dur=1630 clk=dev
[mono_ns=182568988577543][T0x727f8d8ef740][TIMING] emit_host_span: [STRACE] v=1 pid=467927 tid=467927 inv=46 hid=6bd2711823aaa57e depth=3 name=chip.run.runner_run.device_wall.arena_wire ts=4832 dur=3568 clk=dev
[mono_ns=182568988578494][T0x727f8d8ef740][TIMING] emit_host_span: [STRACE] v=1 pid=467927 tid=467927 inv=46 hid=6bd2711823aaa57e depth=3 name=chip.run.runner_run.device_wall.sm_reset ts=8422 dur=5124 clk=dev
[mono_ns=182568988579506][T0x727f8d8ef740][TIMING] emit_host_span: [STRACE] v=1 pid=467927 tid=467927 inv=46 hid=6bd2711823aaa57e depth=3 name=chip.run.runner_run.device_wall.post_orch ts=1487774 dur=4527 clk=dev
[mono_ns=182568988580477][T0x727f8d8ef740][TIMING] emit_host_span: [STRACE] v=1 pid=467927 tid=467927 inv=46 hid=6bd2711823aaa57e depth=3 name=chip.run.runner_run.device_wall.orch ts=13571 dur=1171525 clk=dev
[mono_ns=182568988581449][T0x727f8d8ef740][TIMING] emit_host_span: [STRACE] v=1 pid=467927 tid=467927 inv=46 hid=6bd2711823aaa57e depth=3 name=chip.run.runner_run.device_wall.sched ts=14216 dur=1460459 clk=dev
[mono_ns=182568988582700][T0x727f8d8ef740][TIMING] emit_host_span: [STRACE] v=1 pid=467927 tid=467927 inv=46 hid=6bd2711823aaa57e depth=1 name=chip.run.claim_release ts=182568988581989 dur=120
[mono_ns=182568988584413][T0x727f8d8ef740][TIMING] emit_host_span: [STRACE] v=1 pid=467927 tid=467927 inv=46 hid=6bd2711823aaa57e depth=0 name=chip.run ts=182568859645676 dur=128937976 run_id=0 dispatch_id=0 slot_id=0 generation=46 run_epoch=46
[mono_ns=182569102493952][T0x727f8d8ef740][TIMING] emit_host_span: [STRACE] v=1 pid=467927 tid=467927 inv=47 hid=6bd2711823aaa57e depth=2 name=chip.run.bind.args ts=182568988968039 dur=113519573
[mono_ns=182569102510947][T0x727f8d8ef740][TIMING] emit_host_span: [STRACE] v=1 pid=467927 tid=467927 inv=47 hid=6bd2711823aaa57e depth=2 name=chip.run.bind.prebuilt ts=182569102507663 dur=2573
[mono_ns=182569102527462][T0x727f8d8ef740][TIMING] emit_host_span: [STRACE] v=1 pid=467927 tid=467927 inv=47 hid=6bd2711823aaa57e depth=1 name=chip.run.bind ts=182568988963272 dur=113562548
[mono_ns=182569107555890][T0x727f8d8ef740][WARN] prepare_execution: [device_runner.cpp:343] AICPU CPU_TOPO unavailable; using json_fallback: soc=Ascend950PR_9579 occupy=0x3e stable_reachable=5 requested=0 effective=5 affinity=[1, 2, 3, 4, 5(orch)]
[mono_ns=182569109291675][T0x727f8d8ef740][TIMING] emit_host_span: [STRACE] v=1 pid=467927 tid=467927 inv=47 hid=6bd2711823aaa57e depth=1 name=chip.run.runner_run ts=182569107611954 dur=1678239
[mono_ns=182569109564164][T0x727f8d8ef740][TIMING] emit_host_span: [STRACE] v=1 pid=467927 tid=467927 inv=47 hid=6bd2711823aaa57e depth=1 name=chip.run.validate ts=182569109295440 dur=267822
[mono_ns=182569109565997][T0x727f8d8ef740][TIMING] emit_host_span: [STRACE] v=1 pid=467927 tid=467927 inv=47 hid=6bd2711823aaa57e depth=2 name=chip.run.runner_run.device_wall ts=0 dur=1511923 clk=dev
[mono_ns=182569109567529][T0x727f8d8ef740][TIMING] emit_host_span: [STRACE] v=1 pid=467927 tid=467927 inv=47 hid=6bd2711823aaa57e depth=3 name=chip.run.runner_run.device_wall.preamble ts=0 dur=12250 clk=dev
[mono_ns=182569109568881][T0x727f8d8ef740][TIMING] emit_host_span: [STRACE] v=1 pid=467927 tid=467927 inv=47 hid=6bd2711823aaa57e depth=3 name=chip.run.runner_run.device_wall.graph_build ts=2013 dur=1505105 clk=dev
[mono_ns=182569109569902][T0x727f8d8ef740][TIMING] emit_host_span: [STRACE] v=1 pid=467927 tid=467927 inv=47 hid=6bd2711823aaa57e depth=3 name=chip.run.runner_run.device_wall.config_validate ts=2305 dur=1731 clk=dev
[mono_ns=182569109570934][T0x727f8d8ef740][TIMING] emit_host_span: [STRACE] v=1 pid=467927 tid=467927 inv=47 hid=6bd2711823aaa57e depth=3 name=chip.run.runner_run.device_wall.arena_wire ts=4057 dur=4524 clk=dev
[mono_ns=182569109571915][T0x727f8d8ef740][TIMING] emit_host_span: [STRACE] v=1 pid=467927 tid=467927 inv=47 hid=6bd2711823aaa57e depth=3 name=chip.run.runner_run.device_wall.sm_reset ts=8602 dur=4496 clk=dev
[mono_ns=182569109572917][T0x727f8d8ef740][TIMING] emit_host_span: [STRACE] v=1 pid=467927 tid=467927 inv=47 hid=6bd2711823aaa57e depth=3 name=chip.run.runner_run.device_wall.post_orch ts=1507180 dur=3953 clk=dev
[mono_ns=182569109573888][T0x727f8d8ef740][TIMING] emit_host_span: [STRACE] v=1 pid=467927 tid=467927 inv=47 hid=6bd2711823aaa57e depth=3 name=chip.run.runner_run.device_wall.orch ts=13347 dur=1162961 clk=dev
[mono_ns=182569109574870][T0x727f8d8ef740][TIMING] emit_host_span: [STRACE] v=1 pid=467927 tid=467927 inv=47 hid=6bd2711823aaa57e depth=3 name=chip.run.runner_run.device_wall.sched ts=13908 dur=1477824 clk=dev
[mono_ns=182569109576292][T0x727f8d8ef740][TIMING] emit_host_span: [STRACE] v=1 pid=467927 tid=467927 inv=47 hid=6bd2711823aaa57e depth=1 name=chip.run.claim_release ts=182569109575471 dur=220
[mono_ns=182569109577954][T0x727f8d8ef740][TIMING] emit_host_span: [STRACE] v=1 pid=467927 tid=467927 inv=47 hid=6bd2711823aaa57e depth=0 name=chip.run ts=182568988957363 dur=120619870 run_id=0 dispatch_id=0 slot_id=0 generation=47 run_epoch=47
[mono_ns=182569223193542][T0x727f8d8ef740][TIMING] emit_host_span: [STRACE] v=1 pid=467927 tid=467927 inv=48 hid=6bd2711823aaa57e depth=2 name=chip.run.bind.args ts=182569109908431 dur=113278191
[mono_ns=182569223214794][T0x727f8d8ef740][TIMING] emit_host_span: [STRACE] v=1 pid=467927 tid=467927 inv=48 hid=6bd2711823aaa57e depth=2 name=chip.run.bind.prebuilt ts=182569223210898 dur=3055
[mono_ns=182569223217398][T0x727f8d8ef740][TIMING] emit_host_span: [STRACE] v=1 pid=467927 tid=467927 inv=48 hid=6bd2711823aaa57e depth=1 name=chip.run.bind ts=182569109904765 dur=113311501
[mono_ns=182569228359847][T0x727f8d8ef740][WARN] prepare_execution: [device_runner.cpp:343] AICPU CPU_TOPO unavailable; using json_fallback: soc=Ascend950PR_9579 occupy=0x3e stable_reachable=5 requested=0 effective=5 affinity=[1, 2, 3, 4, 5(orch)]
[mono_ns=182569230155712][T0x727f8d8ef740][TIMING] emit_host_span: [STRACE] v=1 pid=467927 tid=467927 inv=48 hid=6bd2711823aaa57e depth=1 name=chip.run.runner_run ts=182569228412295 dur=1741514
[mono_ns=182569230400509][T0x727f8d8ef740][TIMING] emit_host_span: [STRACE] v=1 pid=467927 tid=467927 inv=48 hid=6bd2711823aaa57e depth=1 name=chip.run.validate ts=182569230173949 dur=225689
[mono_ns=182569230402272][T0x727f8d8ef740][TIMING] emit_host_span: [STRACE] v=1 pid=467927 tid=467927 inv=48 hid=6bd2711823aaa57e depth=2 name=chip.run.runner_run.device_wall ts=0 dur=1576263 clk=dev
[mono_ns=182569230403644][T0x727f8d8ef740][TIMING] emit_host_span: [STRACE] v=1 pid=467927 tid=467927 inv=48 hid=6bd2711823aaa57e depth=3 name=chip.run.runner_run.device_wall.preamble ts=0 dur=12338 clk=dev
[mono_ns=182569230404936][T0x727f8d8ef740][TIMING] emit_host_span: [STRACE] v=1 pid=467927 tid=467927 inv=48 hid=6bd2711823aaa57e depth=3 name=chip.run.runner_run.device_wall.graph_build ts=3035 dur=1568170 clk=dev
[mono_ns=182569230405938][T0x727f8d8ef740][TIMING] emit_host_span: [STRACE] v=1 pid=467927 tid=467927 inv=48 hid=6bd2711823aaa57e depth=3 name=chip.run.runner_run.device_wall.config_validate ts=3263 dur=1890 clk=dev
[mono_ns=182569230406949][T0x727f8d8ef740][TIMING] emit_host_span: [STRACE] v=1 pid=467927 tid=467927 inv=48 hid=6bd2711823aaa57e depth=3 name=chip.run.runner_run.device_wall.arena_wire ts=5212 dur=3291 clk=dev
[mono_ns=182569230407911][T0x727f8d8ef740][TIMING] emit_host_span: [STRACE] v=1 pid=467927 tid=467927 inv=48 hid=6bd2711823aaa57e depth=3 name=chip.run.runner_run.device_wall.sm_reset ts=8562 dur=5006 clk=dev
[mono_ns=182569230409132][T0x727f8d8ef740][TIMING] emit_host_span: [STRACE] v=1 pid=467927 tid=467927 inv=48 hid=6bd2711823aaa57e depth=3 name=chip.run.runner_run.device_wall.post_orch ts=1571224 dur=4441 clk=dev
[mono_ns=182569230410114][T0x727f8d8ef740][TIMING] emit_host_span: [STRACE] v=1 pid=467927 tid=467927 inv=48 hid=6bd2711823aaa57e depth=3 name=chip.run.runner_run.device_wall.orch ts=13709 dur=1171180 clk=dev
[mono_ns=182569230411065][T0x727f8d8ef740][TIMING] emit_host_span: [STRACE] v=1 pid=467927 tid=467927 inv=48 hid=6bd2711823aaa57e depth=3 name=chip.run.runner_run.device_wall.sched ts=14239 dur=1544819 clk=dev
[mono_ns=182569230412317][T0x727f8d8ef740][TIMING] emit_host_span: [STRACE] v=1 pid=467927 tid=467927 inv=48 hid=6bd2711823aaa57e depth=1 name=chip.run.claim_release ts=182569230411636 dur=100
[mono_ns=182569230413879][T0x727f8d8ef740][TIMING] emit_host_span: [STRACE] v=1 pid=467927 tid=467927 inv=48 hid=6bd2711823aaa57e depth=0 name=chip.run ts=182569109900128 dur=120513080 run_id=0 dispatch_id=0 slot_id=0 generation=48 run_epoch=48
[mono_ns=182569344269588][T0x727f8d8ef740][TIMING] emit_host_span: [STRACE] v=1 pid=467927 tid=467927 inv=49 hid=6bd2711823aaa57e depth=2 name=chip.run.bind.args ts=182569230745237 dur=113517821
[mono_ns=182569344289878][T0x727f8d8ef740][TIMING] emit_host_span: [STRACE] v=1 pid=467927 tid=467927 inv=49 hid=6bd2711823aaa57e depth=2 name=chip.run.bind.prebuilt ts=182569344286743 dur=2424
[mono_ns=182569344292542][T0x727f8d8ef740][TIMING] emit_host_span: [STRACE] v=1 pid=467927 tid=467927 inv=49 hid=6bd2711823aaa57e depth=1 name=chip.run.bind ts=182569230740920 dur=113550190
[mono_ns=182569349322542][T0x727f8d8ef740][WARN] prepare_execution: [device_runner.cpp:343] AICPU CPU_TOPO unavailable; using json_fallback: soc=Ascend950PR_9579 occupy=0x3e stable_reachable=5 requested=0 effective=5 affinity=[1, 2, 3, 4, 5(orch)]
[mono_ns=182569351198267][T0x727f8d8ef740][TIMING] emit_host_span: [STRACE] v=1 pid=467927 tid=467927 inv=49 hid=6bd2711823aaa57e depth=1 name=chip.run.runner_run ts=182569349378676 dur=1817808
[mono_ns=182569351466700][T0x727f8d8ef740][TIMING] emit_host_span: [STRACE] v=1 pid=467927 tid=467927 inv=49 hid=6bd2711823aaa57e depth=1 name=chip.run.validate ts=182569351202433 dur=263286
[mono_ns=182569351468593][T0x727f8d8ef740][TIMING] emit_host_span: [STRACE] v=1 pid=467927 tid=467927 inv=49 hid=6bd2711823aaa57e depth=2 name=chip.run.runner_run.device_wall ts=0 dur=1638849 clk=dev
[mono_ns=182569351476044][T0x727f8d8ef740][TIMING] emit_host_span: [STRACE] v=1 pid=467927 tid=467927 inv=49 hid=6bd2711823aaa57e depth=3 name=chip.run.runner_run.device_wall.preamble ts=0 dur=10774 clk=dev
[mono_ns=182569351477386][T0x727f8d8ef740][TIMING] emit_host_span: [STRACE] v=1 pid=467927 tid=467927 inv=49 hid=6bd2711823aaa57e depth=3 name=chip.run.runner_run.device_wall.graph_build ts=2803 dur=1631636 clk=dev
[mono_ns=182569351478398][T0x727f8d8ef740][TIMING] emit_host_span: [STRACE] v=1 pid=467927 tid=467927 inv=49 hid=6bd2711823aaa57e depth=3 name=chip.run.runner_run.device_wall.config_validate ts=3357 dur=2082 clk=dev
[mono_ns=182569351479379][T0x727f8d8ef740][TIMING] emit_host_span: [STRACE] v=1 pid=467927 tid=467927 inv=49 hid=6bd2711823aaa57e depth=3 name=chip.run.runner_run.device_wall.arena_wire ts=5452 dur=4066 clk=dev
[mono_ns=182569351480391][T0x727f8d8ef740][TIMING] emit_host_span: [STRACE] v=1 pid=467927 tid=467927 inv=49 hid=6bd2711823aaa57e depth=3 name=chip.run.runner_run.device_wall.sm_reset ts=9832 dur=4998 clk=dev
[mono_ns=182569351481582][T0x727f8d8ef740][TIMING] emit_host_span: [STRACE] v=1 pid=467927 tid=467927 inv=49 hid=6bd2711823aaa57e depth=3 name=chip.run.runner_run.device_wall.post_orch ts=1634618 dur=3958 clk=dev
[mono_ns=182569351482574][T0x727f8d8ef740][TIMING] emit_host_span: [STRACE] v=1 pid=467927 tid=467927 inv=49 hid=6bd2711823aaa57e depth=3 name=chip.run.runner_run.device_wall.orch ts=14904 dur=1173350 clk=dev
[mono_ns=182569351483565][T0x727f8d8ef740][TIMING] emit_host_span: [STRACE] v=1 pid=467927 tid=467927 inv=49 hid=6bd2711823aaa57e depth=3 name=chip.run.runner_run.device_wall.sched ts=15718 dur=1605956 clk=dev
[mono_ns=182569351484967][T0x727f8d8ef740][TIMING] emit_host_span: [STRACE] v=1 pid=467927 tid=467927 inv=49 hid=6bd2711823aaa57e depth=1 name=chip.run.claim_release ts=182569351484226 dur=181
[mono_ns=182569351486380][T0x727f8d8ef740][TIMING] emit_host_span: [STRACE] v=1 pid=467927 tid=467927 inv=49 hid=6bd2711823aaa57e depth=0 name=chip.run ts=182569230735893 dur=120749846 run_id=0 dispatch_id=0 slot_id=0 generation=49 run_epoch=49
[mono_ns=182569469753178][T0x727f8d8ef740][TIMING] emit_host_span: [STRACE] v=1 pid=467927 tid=467927 inv=50 hid=6bd2711823aaa57e depth=2 name=chip.run.bind.args ts=182569351799920 dur=117946128
[mono_ns=182569469773168][T0x727f8d8ef740][TIMING] emit_host_span: [STRACE] v=1 pid=467927 tid=467927 inv=50 hid=6bd2711823aaa57e depth=2 name=chip.run.bind.prebuilt ts=182569469770575 dur=1822
[mono_ns=182569469775592][T0x727f8d8ef740][TIMING] emit_host_span: [STRACE] v=1 pid=467927 tid=467927 inv=50 hid=6bd2711823aaa57e depth=1 name=chip.run.bind ts=182569351795924 dur=117978356
[mono_ns=182569474952512][T0x727f8d8ef740][WARN] prepare_execution: [device_runner.cpp:343] AICPU CPU_TOPO unavailable; using json_fallback: soc=Ascend950PR_9579 occupy=0x3e stable_reachable=5 requested=0 effective=5 affinity=[1, 2, 3, 4, 5(orch)]
[mono_ns=182569476716951][T0x727f8d8ef740][TIMING] emit_host_span: [STRACE] v=1 pid=467927 tid=467927 inv=50 hid=6bd2711823aaa57e depth=1 name=chip.run.runner_run ts=182569475006233 dur=1709025
[mono_ns=182569476993786][T0x727f8d8ef740][TIMING] emit_host_span: [STRACE] v=1 pid=467927 tid=467927 inv=50 hid=6bd2711823aaa57e depth=1 name=chip.run.validate ts=182569476721447 dur=271468
[mono_ns=182569476995749][T0x727f8d8ef740][TIMING] emit_host_span: [STRACE] v=1 pid=467927 tid=467927 inv=50 hid=6bd2711823aaa57e depth=2 name=chip.run.runner_run.device_wall ts=0 dur=1496198 clk=dev
[mono_ns=182569476997271][T0x727f8d8ef740][TIMING] emit_host_span: [STRACE] v=1 pid=467927 tid=467927 inv=50 hid=6bd2711823aaa57e depth=3 name=chip.run.runner_run.device_wall.preamble ts=0 dur=12165 clk=dev
[mono_ns=182569476998543][T0x727f8d8ef740][TIMING] emit_host_span: [STRACE] v=1 pid=467927 tid=467927 inv=50 hid=6bd2711823aaa57e depth=3 name=chip.run.runner_run.device_wall.graph_build ts=2334 dur=1489234 clk=dev
[mono_ns=182569476999545][T0x727f8d8ef740][TIMING] emit_host_span: [STRACE] v=1 pid=467927 tid=467927 inv=50 hid=6bd2711823aaa57e depth=3 name=chip.run.runner_run.device_wall.config_validate ts=2580 dur=1787 clk=dev
[mono_ns=182569477009179][T0x727f8d8ef740][TIMING] emit_host_span: [STRACE] v=1 pid=467927 tid=467927 inv=50 hid=6bd2711823aaa57e depth=3 name=chip.run.runner_run.device_wall.arena_wire ts=4383 dur=3324 clk=dev
[mono_ns=182569477011392][T0x727f8d8ef740][TIMING] emit_host_span: [STRACE] v=1 pid=467927 tid=467927 inv=50 hid=6bd2711823aaa57e depth=3 name=chip.run.runner_run.device_wall.sm_reset ts=7728 dur=4874 clk=dev
[mono_ns=182569477013025][T0x727f8d8ef740][TIMING] emit_host_span: [STRACE] v=1 pid=467927 tid=467927 inv=50 hid=6bd2711823aaa57e depth=3 name=chip.run.runner_run.device_wall.post_orch ts=1491633 dur=4276 clk=dev
[mono_ns=182569477014006][T0x727f8d8ef740][TIMING] emit_host_span: [STRACE] v=1 pid=467927 tid=467927 inv=50 hid=6bd2711823aaa57e depth=3 name=chip.run.runner_run.device_wall.orch ts=12671 dur=1179951 clk=dev
[mono_ns=182569477014978][T0x727f8d8ef740][TIMING] emit_host_span: [STRACE] v=1 pid=467927 tid=467927 inv=50 hid=6bd2711823aaa57e depth=3 name=chip.run.runner_run.device_wall.sched ts=13431 dur=1463156 clk=dev
[mono_ns=182569477016430][T0x727f8d8ef740][TIMING] emit_host_span: [STRACE] v=1 pid=467927 tid=467927 inv=50 hid=6bd2711823aaa57e depth=1 name=chip.run.claim_release ts=182569477015709 dur=160
[mono_ns=182569477017702][T0x727f8d8ef740][TIMING] emit_host_span: [STRACE] v=1 pid=467927 tid=467927 inv=50 hid=6bd2711823aaa57e depth=0 name=chip.run ts=182569351791047 dur=125226044 run_id=0 dispatch_id=0 slot_id=0 generation=50 run_epoch=50
[mono_ns=182569592884308][T0x727f8d8ef740][TIMING] emit_host_span: [STRACE] v=1 pid=467927 tid=467927 inv=51 hid=6bd2711823aaa57e depth=2 name=chip.run.bind.args ts=182569477358343 dur=115516772
[mono_ns=182569592906892][T0x727f8d8ef740][TIMING] emit_host_span: [STRACE] v=1 pid=467927 tid=467927 inv=51 hid=6bd2711823aaa57e depth=2 name=chip.run.bind.prebuilt ts=182569592903748 dur=2313
[mono_ns=182569592910027][T0x727f8d8ef740][TIMING] emit_host_span: [STRACE] v=1 pid=467927 tid=467927 inv=51 hid=6bd2711823aaa57e depth=1 name=chip.run.bind ts=182569477354047 dur=115554438
[mono_ns=182569598287108][T0x727f8d8ef740][WARN] prepare_execution: [device_runner.cpp:343] AICPU CPU_TOPO unavailable; using json_fallback: soc=Ascend950PR_9579 occupy=0x3e stable_reachable=5 requested=0 effective=5 affinity=[1, 2, 3, 4, 5(orch)]
[mono_ns=182569599993579][T0x727f8d8ef740][TIMING] emit_host_span: [STRACE] v=1 pid=467927 tid=467927 inv=51 hid=6bd2711823aaa57e depth=1 name=chip.run.runner_run ts=182569598331324 dur=1661133
[mono_ns=182569600281711][T0x727f8d8ef740][TIMING] emit_host_span: [STRACE] v=1 pid=467927 tid=467927 inv=51 hid=6bd2711823aaa57e depth=1 name=chip.run.validate ts=182569599997545 dur=283315
[mono_ns=182569600283945][T0x727f8d8ef740][TIMING] emit_host_span: [STRACE] v=1 pid=467927 tid=467927 inv=51 hid=6bd2711823aaa57e depth=2 name=chip.run.runner_run.device_wall ts=0 dur=1470508 clk=dev
[mono_ns=182569600285497][T0x727f8d8ef740][TIMING] emit_host_span: [STRACE] v=1 pid=467927 tid=467927 inv=51 hid=6bd2711823aaa57e depth=3 name=chip.run.runner_run.device_wall.preamble ts=0 dur=12245 clk=dev
[mono_ns=182569600286559][T0x727f8d8ef740][TIMING] emit_host_span: [STRACE] v=1 pid=467927 tid=467927 inv=51 hid=6bd2711823aaa57e depth=3 name=chip.run.runner_run.device_wall.graph_build ts=2438 dur=1463052 clk=dev
[mono_ns=182569600287590][T0x727f8d8ef740][TIMING] emit_host_span: [STRACE] v=1 pid=467927 tid=467927 inv=51 hid=6bd2711823aaa57e depth=3 name=chip.run.runner_run.device_wall.config_validate ts=2702 dur=1527 clk=dev
[mono_ns=182569600288542][T0x727f8d8ef740][TIMING] emit_host_span: [STRACE] v=1 pid=467927 tid=467927 inv=51 hid=6bd2711823aaa57e depth=3 name=chip.run.runner_run.device_wall.arena_wire ts=4254 dur=3796 clk=dev
[mono_ns=182569600289523][T0x727f8d8ef740][TIMING] emit_host_span: [STRACE] v=1 pid=467927 tid=467927 inv=51 hid=6bd2711823aaa57e depth=3 name=chip.run.runner_run.device_wall.sm_reset ts=8070 dur=4814 clk=dev
[mono_ns=182569600290575][T0x727f8d8ef740][TIMING] emit_host_span: [STRACE] v=1 pid=467927 tid=467927 inv=51 hid=6bd2711823aaa57e depth=3 name=chip.run.runner_run.device_wall.post_orch ts=1465507 dur=4380 clk=dev
[mono_ns=182569600296283][T0x727f8d8ef740][TIMING] emit_host_span: [STRACE] v=1 pid=467927 tid=467927 inv=51 hid=6bd2711823aaa57e depth=3 name=chip.run.runner_run.device_wall.orch ts=12956 dur=1173678 clk=dev
[mono_ns=182569600297305][T0x727f8d8ef740][TIMING] emit_host_span: [STRACE] v=1 pid=467927 tid=467927 inv=51 hid=6bd2711823aaa57e depth=3 name=chip.run.runner_run.device_wall.sched ts=13594 dur=1440675 clk=dev
[mono_ns=182569600298667][T0x727f8d8ef740][TIMING] emit_host_span: [STRACE] v=1 pid=467927 tid=467927 inv=51 hid=6bd2711823aaa57e depth=1 name=chip.run.claim_release ts=182569600297966 dur=110
[mono_ns=182569600300299][T0x727f8d8ef740][TIMING] emit_host_span: [STRACE] v=1 pid=467927 tid=467927 inv=51 hid=6bd2711823aaa57e depth=0 name=chip.run ts=182569477348178 dur=122951490 run_id=0 dispatch_id=0 slot_id=0 generation=51 run_epoch=51
[mono_ns=182569715849159][T0x727f8d8ef740][TIMING] emit_host_span: [STRACE] v=1 pid=467927 tid=467927 inv=52 hid=6bd2711823aaa57e depth=2 name=chip.run.bind.args ts=182569600693640 dur=115150481
[mono_ns=182569715867466][T0x727f8d8ef740][TIMING] emit_host_span: [STRACE] v=1 pid=467927 tid=467927 inv=52 hid=6bd2711823aaa57e depth=2 name=chip.run.bind.prebuilt ts=182569715864862 dur=1883
[mono_ns=182569715870220][T0x727f8d8ef740][TIMING] emit_host_span: [STRACE] v=1 pid=467927 tid=467927 inv=52 hid=6bd2711823aaa57e depth=1 name=chip.run.bind ts=182569600688682 dur=115180026
[mono_ns=182569720880911][T0x727f8d8ef740][WARN] prepare_execution: [device_runner.cpp:343] AICPU CPU_TOPO unavailable; using json_fallback: soc=Ascend950PR_9579 occupy=0x3e stable_reachable=5 requested=0 effective=5 affinity=[1, 2, 3, 4, 5(orch)]
[mono_ns=182569722562325][T0x727f8d8ef740][TIMING] emit_host_span: [STRACE] v=1 pid=467927 tid=467927 inv=52 hid=6bd2711823aaa57e depth=1 name=chip.run.runner_run ts=182569720921862 dur=1638960
[mono_ns=182569722810507][T0x727f8d8ef740][TIMING] emit_host_span: [STRACE] v=1 pid=467927 tid=467927 inv=52 hid=6bd2711823aaa57e depth=1 name=chip.run.validate ts=182569722566261 dur=243395
[mono_ns=182569722812420][T0x727f8d8ef740][TIMING] emit_host_span: [STRACE] v=1 pid=467927 tid=467927 inv=52 hid=6bd2711823aaa57e depth=2 name=chip.run.runner_run.device_wall ts=0 dur=1464066 clk=dev
[mono_ns=182569722814092][T0x727f8d8ef740][TIMING] emit_host_span: [STRACE] v=1 pid=467927 tid=467927 inv=52 hid=6bd2711823aaa57e depth=3 name=chip.run.runner_run.device_wall.preamble ts=0 dur=11536 clk=dev
[mono_ns=182569722815424][T0x727f8d8ef740][TIMING] emit_host_span: [STRACE] v=1 pid=467927 tid=467927 inv=52 hid=6bd2711823aaa57e depth=3 name=chip.run.runner_run.device_wall.graph_build ts=3008 dur=1456283 clk=dev
[mono_ns=182569722816406][T0x727f8d8ef740][TIMING] emit_host_span: [STRACE] v=1 pid=467927 tid=467927 inv=52 hid=6bd2711823aaa57e depth=3 name=chip.run.runner_run.device_wall.config_validate ts=3282 dur=1827 clk=dev
[mono_ns=182569722817377][T0x727f8d8ef740][TIMING] emit_host_span: [STRACE] v=1 pid=467927 tid=467927 inv=52 hid=6bd2711823aaa57e depth=3 name=chip.run.runner_run.device_wall.arena_wire ts=5135 dur=3511 clk=dev
[mono_ns=182569722818359][T0x727f8d8ef740][TIMING] emit_host_span: [STRACE] v=1 pid=467927 tid=467927 inv=52 hid=6bd2711823aaa57e depth=3 name=chip.run.runner_run.device_wall.sm_reset ts=9096 dur=4645 clk=dev
[mono_ns=182569722819350][T0x727f8d8ef740][TIMING] emit_host_span: [STRACE] v=1 pid=467927 tid=467927 inv=52 hid=6bd2711823aaa57e depth=3 name=chip.run.runner_run.device_wall.post_orch ts=1459386 dur=4442 clk=dev
[mono_ns=182569722820362][T0x727f8d8ef740][TIMING] emit_host_span: [STRACE] v=1 pid=467927 tid=467927 inv=52 hid=6bd2711823aaa57e depth=3 name=chip.run.runner_run.device_wall.orch ts=13761 dur=1191973 clk=dev
[mono_ns=182569722821323][T0x727f8d8ef740][TIMING] emit_host_span: [STRACE] v=1 pid=467927 tid=467927 inv=52 hid=6bd2711823aaa57e depth=3 name=chip.run.runner_run.device_wall.sched ts=14635 dur=1433278 clk=dev
[mono_ns=182569722826731][T0x727f8d8ef740][TIMING] emit_host_span: [STRACE] v=1 pid=467927 tid=467927 inv=52 hid=6bd2711823aaa57e depth=1 name=chip.run.claim_release ts=182569722825990 dur=181
[mono_ns=182569722828464][T0x727f8d8ef740][TIMING] emit_host_span: [STRACE] v=1 pid=467927 tid=467927 inv=52 hid=6bd2711823aaa57e depth=0 name=chip.run ts=182569600683364 dur=122144199 run_id=0 dispatch_id=0 slot_id=0 generation=52 run_epoch=52
[mono_ns=182569838825316][T0x727f8d8ef740][TIMING] emit_host_span: [STRACE] v=1 pid=467927 tid=467927 inv=53 hid=6bd2711823aaa57e depth=2 name=chip.run.bind.args ts=182569723185340 dur=115629951
[mono_ns=182569838845657][T0x727f8d8ef740][TIMING] emit_host_span: [STRACE] v=1 pid=467927 tid=467927 inv=53 hid=6bd2711823aaa57e depth=2 name=chip.run.bind.prebuilt ts=182569838842572 dur=2243
[mono_ns=182569838848250][T0x727f8d8ef740][TIMING] emit_host_span: [STRACE] v=1 pid=467927 tid=467927 inv=53 hid=6bd2711823aaa57e depth=1 name=chip.run.bind ts=182569723181113 dur=115665845
[mono_ns=182569843951510][T0x727f8d8ef740][WARN] prepare_execution: [device_runner.cpp:343] AICPU CPU_TOPO unavailable; using json_fallback: soc=Ascend950PR_9579 occupy=0x3e stable_reachable=5 requested=0 effective=5 affinity=[1, 2, 3, 4, 5(orch)]
[mono_ns=182569845669158][T0x727f8d8ef740][TIMING] emit_host_span: [STRACE] v=1 pid=467927 tid=467927 inv=53 hid=6bd2711823aaa57e depth=1 name=chip.run.runner_run ts=182569844006032 dur=1661804
[mono_ns=182569845942568][T0x727f8d8ef740][TIMING] emit_host_span: [STRACE] v=1 pid=467927 tid=467927 inv=53 hid=6bd2711823aaa57e depth=1 name=chip.run.validate ts=182569845673454 dur=268293
[mono_ns=182569845944301][T0x727f8d8ef740][TIMING] emit_host_span: [STRACE] v=1 pid=467927 tid=467927 inv=53 hid=6bd2711823aaa57e depth=2 name=chip.run.runner_run.device_wall ts=0 dur=1492655 clk=dev
[mono_ns=182569845945793][T0x727f8d8ef740][TIMING] emit_host_span: [STRACE] v=1 pid=467927 tid=467927 inv=53 hid=6bd2711823aaa57e depth=3 name=chip.run.runner_run.device_wall.preamble ts=0 dur=12190 clk=dev
[mono_ns=182569845947295][T0x727f8d8ef740][TIMING] emit_host_span: [STRACE] v=1 pid=467927 tid=467927 inv=53 hid=6bd2711823aaa57e depth=3 name=chip.run.runner_run.device_wall.graph_build ts=2680 dur=1484800 clk=dev
[mono_ns=182569845948277][T0x727f8d8ef740][TIMING] emit_host_span: [STRACE] v=1 pid=467927 tid=467927 inv=53 hid=6bd2711823aaa57e depth=3 name=chip.run.runner_run.device_wall.config_validate ts=2938 dur=1585 clk=dev
[mono_ns=182569845949288][T0x727f8d8ef740][TIMING] emit_host_span: [STRACE] v=1 pid=467927 tid=467927 inv=53 hid=6bd2711823aaa57e depth=3 name=chip.run.runner_run.device_wall.arena_wire ts=4540 dur=3506 clk=dev
[mono_ns=182569845950230][T0x727f8d8ef740][TIMING] emit_host_span: [STRACE] v=1 pid=467927 tid=467927 inv=53 hid=6bd2711823aaa57e depth=3 name=chip.run.runner_run.device_wall.sm_reset ts=8241 dur=5971 clk=dev
[mono_ns=182569845951402][T0x727f8d8ef740][TIMING] emit_host_span: [STRACE] v=1 pid=467927 tid=467927 inv=53 hid=6bd2711823aaa57e depth=3 name=chip.run.runner_run.device_wall.post_orch ts=1487515 dur=4340 clk=dev
[mono_ns=182569845952373][T0x727f8d8ef740][TIMING] emit_host_span: [STRACE] v=1 pid=467927 tid=467927 inv=53 hid=6bd2711823aaa57e depth=3 name=chip.run.runner_run.device_wall.orch ts=14284 dur=1155441 clk=dev
[mono_ns=182569845953355][T0x727f8d8ef740][TIMING] emit_host_span: [STRACE] v=1 pid=467927 tid=467927 inv=53 hid=6bd2711823aaa57e depth=3 name=chip.run.runner_run.device_wall.sched ts=14859 dur=1457085 clk=dev
[mono_ns=182569845954637][T0x727f8d8ef740][TIMING] emit_host_span: [STRACE] v=1 pid=467927 tid=467927 inv=53 hid=6bd2711823aaa57e depth=1 name=chip.run.claim_release ts=182569845953945 dur=111
[mono_ns=182569845956219][T0x727f8d8ef740][TIMING] emit_host_span: [STRACE] v=1 pid=467927 tid=467927 inv=53 hid=6bd2711823aaa57e depth=0 name=chip.run ts=182569723177057 dur=122778501 run_id=0 dispatch_id=0 slot_id=0 generation=53 run_epoch=53
[mono_ns=182569962204628][T0x727f8d8ef740][TIMING] emit_host_span: [STRACE] v=1 pid=467927 tid=467927 inv=54 hid=6bd2711823aaa57e depth=2 name=chip.run.bind.args ts=182569846348708 dur=115847007
[mono_ns=182569962229386][T0x727f8d8ef740][TIMING] emit_host_span: [STRACE] v=1 pid=467927 tid=467927 inv=54 hid=6bd2711823aaa57e depth=2 name=chip.run.bind.prebuilt ts=182569962226151 dur=2413
[mono_ns=182569962231929][T0x727f8d8ef740][TIMING] emit_host_span: [STRACE] v=1 pid=467927 tid=467927 inv=54 hid=6bd2711823aaa57e depth=1 name=chip.run.bind ts=182569846344392 dur=115886225
[mono_ns=182569967456541][T0x727f8d8ef740][WARN] prepare_execution: [device_runner.cpp:343] AICPU CPU_TOPO unavailable; using json_fallback: soc=Ascend950PR_9579 occupy=0x3e stable_reachable=5 requested=0 effective=5 affinity=[1, 2, 3, 4, 5(orch)]
[mono_ns=182569969154439][T0x727f8d8ef740][TIMING] emit_host_span: [STRACE] v=1 pid=467927 tid=467927 inv=54 hid=6bd2711823aaa57e depth=1 name=chip.run.runner_run ts=182569967506366 dur=1646571
[mono_ns=182569969423383][T0x727f8d8ef740][TIMING] emit_host_span: [STRACE] v=1 pid=467927 tid=467927 inv=54 hid=6bd2711823aaa57e depth=1 name=chip.run.validate ts=182569969158085 dur=264427
[mono_ns=182569969425136][T0x727f8d8ef740][TIMING] emit_host_span: [STRACE] v=1 pid=467927 tid=467927 inv=54 hid=6bd2711823aaa57e depth=2 name=chip.run.runner_run.device_wall ts=0 dur=1472325 clk=dev
[mono_ns=182569969426508][T0x727f8d8ef740][TIMING] emit_host_span: [STRACE] v=1 pid=467927 tid=467927 inv=54 hid=6bd2711823aaa57e depth=3 name=chip.run.runner_run.device_wall.preamble ts=0 dur=12578 clk=dev
[mono_ns=182569969427559][T0x727f8d8ef740][TIMING] emit_host_span: [STRACE] v=1 pid=467927 tid=467927 inv=54 hid=6bd2711823aaa57e depth=3 name=chip.run.runner_run.device_wall.graph_build ts=3159 dur=1464025 clk=dev
[mono_ns=182569969428541][T0x727f8d8ef740][TIMING] emit_host_span: [STRACE] v=1 pid=467927 tid=467927 inv=54 hid=6bd2711823aaa57e depth=3 name=chip.run.runner_run.device_wall.config_validate ts=3381 dur=1653 clk=dev
[mono_ns=182569969429512][T0x727f8d8ef740][TIMING] emit_host_span: [STRACE] v=1 pid=467927 tid=467927 inv=54 hid=6bd2711823aaa57e depth=3 name=chip.run.runner_run.device_wall.arena_wire ts=5054 dur=3322 clk=dev
[mono_ns=182569969430514][T0x727f8d8ef740][TIMING] emit_host_span: [STRACE] v=1 pid=467927 tid=467927 inv=54 hid=6bd2711823aaa57e depth=3 name=chip.run.runner_run.device_wall.sm_reset ts=8398 dur=5290 clk=dev
[mono_ns=182569969431525][T0x727f8d8ef740][TIMING] emit_host_span: [STRACE] v=1 pid=467927 tid=467927 inv=54 hid=6bd2711823aaa57e depth=3 name=chip.run.runner_run.device_wall.post_orch ts=1467287 dur=4019 clk=dev
[mono_ns=182569969432537][T0x727f8d8ef740][TIMING] emit_host_span: [STRACE] v=1 pid=467927 tid=467927 inv=54 hid=6bd2711823aaa57e depth=3 name=chip.run.runner_run.device_wall.orch ts=13934 dur=1178535 clk=dev
[mono_ns=182569969433528][T0x727f8d8ef740][TIMING] emit_host_span: [STRACE] v=1 pid=467927 tid=467927 inv=54 hid=6bd2711823aaa57e depth=3 name=chip.run.runner_run.device_wall.sched ts=14412 dur=1440247 clk=dev
[mono_ns=182569969434800][T0x727f8d8ef740][TIMING] emit_host_span: [STRACE] v=1 pid=467927 tid=467927 inv=54 hid=6bd2711823aaa57e depth=1 name=chip.run.claim_release ts=182569969434149 dur=110
[mono_ns=182569969436353][T0x727f8d8ef740][TIMING] emit_host_span: [STRACE] v=1 pid=467927 tid=467927 inv=54 hid=6bd2711823aaa57e depth=0 name=chip.run ts=182569846338793 dur=123096929 run_id=0 dispatch_id=0 slot_id=0 generation=54 run_epoch=54
[mono_ns=182570090513540][T0x727f8d8ef740][TIMING] emit_host_span: [STRACE] v=1 pid=467927 tid=467927 inv=55 hid=6bd2711823aaa57e depth=2 name=chip.run.bind.args ts=182569969812337 dur=120694923
[mono_ns=182570090532088][T0x727f8d8ef740][TIMING] emit_host_span: [STRACE] v=1 pid=467927 tid=467927 inv=55 hid=6bd2711823aaa57e depth=2 name=chip.run.bind.prebuilt ts=182570090529193 dur=2063
[mono_ns=182570090534762][T0x727f8d8ef740][TIMING] emit_host_span: [STRACE] v=1 pid=467927 tid=467927 inv=55 hid=6bd2711823aaa57e depth=1 name=chip.run.bind ts=182569969807560 dur=120725809
[mono_ns=182570095792793][T0x727f8d8ef740][WARN] prepare_execution: [device_runner.cpp:343] AICPU CPU_TOPO unavailable; using json_fallback: soc=Ascend950PR_9579 occupy=0x3e stable_reachable=5 requested=0 effective=5 affinity=[1, 2, 3, 4, 5(orch)]
[mono_ns=182570097493125][T0x727f8d8ef740][TIMING] emit_host_span: [STRACE] v=1 pid=467927 tid=467927 inv=55 hid=6bd2711823aaa57e depth=1 name=chip.run.runner_run ts=182570095843119 dur=1648775
[mono_ns=182570097755199][T0x727f8d8ef740][TIMING] emit_host_span: [STRACE] v=1 pid=467927 tid=467927 inv=55 hid=6bd2711823aaa57e depth=1 name=chip.run.validate ts=182570097497752 dur=256676
[mono_ns=182570097757202][T0x727f8d8ef740][TIMING] emit_host_span: [STRACE] v=1 pid=467927 tid=467927 inv=55 hid=6bd2711823aaa57e depth=2 name=chip.run.runner_run.device_wall ts=0 dur=1490208 clk=dev
[mono_ns=182570097758624][T0x727f8d8ef740][TIMING] emit_host_span: [STRACE] v=1 pid=467927 tid=467927 inv=55 hid=6bd2711823aaa57e depth=3 name=chip.run.runner_run.device_wall.preamble ts=0 dur=11578 clk=dev
[mono_ns=182570097759946][T0x727f8d8ef740][TIMING] emit_host_span: [STRACE] v=1 pid=467927 tid=467927 inv=55 hid=6bd2711823aaa57e depth=3 name=chip.run.runner_run.device_wall.graph_build ts=2646 dur=1482477 clk=dev
[mono_ns=182570097760968][T0x727f8d8ef740][TIMING] emit_host_span: [STRACE] v=1 pid=467927 tid=467927 inv=55 hid=6bd2711823aaa57e depth=3 name=chip.run.runner_run.device_wall.config_validate ts=2912 dur=1583 clk=dev
[mono_ns=182570097761959][T0x727f8d8ef740][TIMING] emit_host_span: [STRACE] v=1 pid=467927 tid=467927 inv=55 hid=6bd2711823aaa57e depth=3 name=chip.run.runner_run.device_wall.arena_wire ts=4514 dur=3498 clk=dev
[mono_ns=182570097762950][T0x727f8d8ef740][TIMING] emit_host_span: [STRACE] v=1 pid=467927 tid=467927 inv=55 hid=6bd2711823aaa57e depth=3 name=chip.run.runner_run.device_wall.sm_reset ts=8033 dur=4442 clk=dev
[mono_ns=182570097764132][T0x727f8d8ef740][TIMING] emit_host_span: [STRACE] v=1 pid=467927 tid=467927 inv=55 hid=6bd2711823aaa57e depth=3 name=chip.run.runner_run.device_wall.post_orch ts=1485196 dur=4595 clk=dev
[mono_ns=182570097765144][T0x727f8d8ef740][TIMING] emit_host_span: [STRACE] v=1 pid=467927 tid=467927 inv=55 hid=6bd2711823aaa57e depth=3 name=chip.run.runner_run.device_wall.orch ts=12501 dur=1142151 clk=dev
[mono_ns=182570097766125][T0x727f8d8ef740][TIMING] emit_host_span: [STRACE] v=1 pid=467927 tid=467927 inv=55 hid=6bd2711823aaa57e depth=3 name=chip.run.runner_run.device_wall.sched ts=13124 dur=1459750 clk=dev
[mono_ns=182570097767527][T0x727f8d8ef740][TIMING] emit_host_span: [STRACE] v=1 pid=467927 tid=467927 inv=55 hid=6bd2711823aaa57e depth=1 name=chip.run.claim_release ts=182570097766836 dur=80
[mono_ns=182570097768939][T0x727f8d8ef740][TIMING] emit_host_span: [STRACE] v=1 pid=467927 tid=467927 inv=55 hid=6bd2711823aaa57e depth=0 name=chip.run ts=182569969803474 dur=127964774 run_id=0 dispatch_id=0 slot_id=0 generation=55 run_epoch=55
[mono_ns=182570213668986][T0x727f8d8ef740][TIMING] emit_host_span: [STRACE] v=1 pid=467927 tid=467927 inv=56 hid=6bd2711823aaa57e depth=2 name=chip.run.bind.args ts=182570098135209 dur=115527267
[mono_ns=182570213687985][T0x727f8d8ef740][TIMING] emit_host_span: [STRACE] v=1 pid=467927 tid=467927 inv=56 hid=6bd2711823aaa57e depth=2 name=chip.run.bind.prebuilt ts=182570213684600 dur=2473
[mono_ns=182570213690528][T0x727f8d8ef740][TIMING] emit_host_span: [STRACE] v=1 pid=467927 tid=467927 inv=56 hid=6bd2711823aaa57e depth=1 name=chip.run.bind ts=182570098130212 dur=115559115
[mono_ns=182570218722431][T0x727f8d8ef740][WARN] prepare_execution: [device_runner.cpp:343] AICPU CPU_TOPO unavailable; using json_fallback: soc=Ascend950PR_9579 occupy=0x3e stable_reachable=5 requested=0 effective=5 affinity=[1, 2, 3, 4, 5(orch)]
[mono_ns=182570220428982][T0x727f8d8ef740][TIMING] emit_host_span: [STRACE] v=1 pid=467927 tid=467927 inv=56 hid=6bd2711823aaa57e depth=1 name=chip.run.runner_run ts=182570218763833 dur=1663607
[mono_ns=182570220694581][T0x727f8d8ef740][TIMING] emit_host_span: [STRACE] v=1 pid=467927 tid=467927 inv=56 hid=6bd2711823aaa57e depth=1 name=chip.run.validate ts=182570220432968 dur=260682
[mono_ns=182570220705628][T0x727f8d8ef740][TIMING] emit_host_span: [STRACE] v=1 pid=467927 tid=467927 inv=56 hid=6bd2711823aaa57e depth=2 name=chip.run.runner_run.device_wall ts=0 dur=1501417 clk=dev
[mono_ns=182570220707100][T0x727f8d8ef740][TIMING] emit_host_span: [STRACE] v=1 pid=467927 tid=467927 inv=56 hid=6bd2711823aaa57e depth=3 name=chip.run.runner_run.device_wall.preamble ts=0 dur=11649 clk=dev
[mono_ns=182570220708392][T0x727f8d8ef740][TIMING] emit_host_span: [STRACE] v=1 pid=467927 tid=467927 inv=56 hid=6bd2711823aaa57e depth=3 name=chip.run.runner_run.device_wall.graph_build ts=1611 dur=1495236 clk=dev
[mono_ns=182570220709393][T0x727f8d8ef740][TIMING] emit_host_span: [STRACE] v=1 pid=467927 tid=467927 inv=56 hid=6bd2711823aaa57e depth=3 name=chip.run.runner_run.device_wall.config_validate ts=2089 dur=1179 clk=dev
[mono_ns=182570220710375][T0x727f8d8ef740][TIMING] emit_host_span: [STRACE] v=1 pid=467927 tid=467927 inv=56 hid=6bd2711823aaa57e depth=3 name=chip.run.runner_run.device_wall.arena_wire ts=3284 dur=3479 clk=dev
[mono_ns=182570220711346][T0x727f8d8ef740][TIMING] emit_host_span: [STRACE] v=1 pid=467927 tid=467927 inv=56 hid=6bd2711823aaa57e depth=3 name=chip.run.runner_run.device_wall.sm_reset ts=6794 dur=4570 clk=dev
[mono_ns=182570220712368][T0x727f8d8ef740][TIMING] emit_host_span: [STRACE] v=1 pid=467927 tid=467927 inv=56 hid=6bd2711823aaa57e depth=3 name=chip.run.runner_run.device_wall.post_orch ts=1496876 dur=3970 clk=dev
[mono_ns=182570220713359][T0x727f8d8ef740][TIMING] emit_host_span: [STRACE] v=1 pid=467927 tid=467927 inv=56 hid=6bd2711823aaa57e depth=3 name=chip.run.runner_run.device_wall.orch ts=11569 dur=1180454 clk=dev
[mono_ns=182570220714311][T0x727f8d8ef740][TIMING] emit_host_span: [STRACE] v=1 pid=467927 tid=467927 inv=56 hid=6bd2711823aaa57e depth=3 name=chip.run.runner_run.device_wall.sched ts=12319 dur=1469810 clk=dev
[mono_ns=182570220715592][T0x727f8d8ef740][TIMING] emit_host_span: [STRACE] v=1 pid=467927 tid=467927 inv=56 hid=6bd2711823aaa57e depth=1 name=chip.run.claim_release ts=182570220714891 dur=111
[mono_ns=182570220717135][T0x727f8d8ef740][TIMING] emit_host_span: [STRACE] v=1 pid=467927 tid=467927 inv=56 hid=6bd2711823aaa57e depth=0 name=chip.run ts=182570098125775 dur=122590659 run_id=0 dispatch_id=0 slot_id=0 generation=56 run_epoch=56
[mono_ns=182570335562729][T0x727f8d8ef740][TIMING] emit_host_span: [STRACE] v=1 pid=467927 tid=467927 inv=57 hid=6bd2711823aaa57e depth=2 name=chip.run.bind.args ts=182570221061281 dur=114493997
[mono_ns=182570335578803][T0x727f8d8ef740][TIMING] emit_host_span: [STRACE] v=1 pid=467927 tid=467927 inv=57 hid=6bd2711823aaa57e depth=2 name=chip.run.bind.prebuilt ts=182570335575879 dur=2143
[mono_ns=182570335581757][T0x727f8d8ef740][TIMING] emit_host_span: [STRACE] v=1 pid=467927 tid=467927 inv=57 hid=6bd2711823aaa57e depth=1 name=chip.run.bind ts=182570221056935 dur=114523220
[mono_ns=182570340656063][T0x727f8d8ef740][WARN] prepare_execution: [device_runner.cpp:343] AICPU CPU_TOPO unavailable; using json_fallback: soc=Ascend950PR_9579 occupy=0x3e stable_reachable=5 requested=0 effective=5 affinity=[1, 2, 3, 4, 5(orch)]
[mono_ns=182570342326200][T0x727f8d8ef740][TIMING] emit_host_span: [STRACE] v=1 pid=467927 tid=467927 inv=57 hid=6bd2711823aaa57e depth=1 name=chip.run.runner_run ts=182570340705037 dur=1619921
[mono_ns=182570342592360][T0x727f8d8ef740][TIMING] emit_host_span: [STRACE] v=1 pid=467927 tid=467927 inv=57 hid=6bd2711823aaa57e depth=1 name=chip.run.validate ts=182570342329125 dur=262363
[mono_ns=182570342594192][T0x727f8d8ef740][TIMING] emit_host_span: [STRACE] v=1 pid=467927 tid=467927 inv=57 hid=6bd2711823aaa57e depth=2 name=chip.run.runner_run.device_wall ts=0 dur=1468680 clk=dev
[mono_ns=182570342595564][T0x727f8d8ef740][TIMING] emit_host_span: [STRACE] v=1 pid=467927 tid=467927 inv=57 hid=6bd2711823aaa57e depth=3 name=chip.run.runner_run.device_wall.preamble ts=0 dur=11707 clk=dev
[mono_ns=182570342596876][T0x727f8d8ef740][TIMING] emit_host_span: [STRACE] v=1 pid=467927 tid=467927 inv=57 hid=6bd2711823aaa57e depth=3 name=chip.run.runner_run.device_wall.graph_build ts=2489 dur=1461933 clk=dev
[mono_ns=182570342603226][T0x727f8d8ef740][TIMING] emit_host_span: [STRACE] v=1 pid=467927 tid=467927 inv=57 hid=6bd2711823aaa57e depth=3 name=chip.run.runner_run.device_wall.config_validate ts=2912 dur=1367 clk=dev
[mono_ns=182570342604238][T0x727f8d8ef740][TIMING] emit_host_span: [STRACE] v=1 pid=467927 tid=467927 inv=57 hid=6bd2711823aaa57e depth=3 name=chip.run.runner_run.device_wall.arena_wire ts=4301 dur=3195 clk=dev
[mono_ns=182570342605209][T0x727f8d8ef740][TIMING] emit_host_span: [STRACE] v=1 pid=467927 tid=467927 inv=57 hid=6bd2711823aaa57e depth=3 name=chip.run.runner_run.device_wall.sm_reset ts=7666 dur=5422 clk=dev
[mono_ns=182570342606381][T0x727f8d8ef740][TIMING] emit_host_span: [STRACE] v=1 pid=467927 tid=467927 inv=57 hid=6bd2711823aaa57e depth=3 name=chip.run.runner_run.device_wall.post_orch ts=1464453 dur=4047 clk=dev
[mono_ns=182570342607382][T0x727f8d8ef740][TIMING] emit_host_span: [STRACE] v=1 pid=467927 tid=467927 inv=57 hid=6bd2711823aaa57e depth=3 name=chip.run.runner_run.device_wall.orch ts=13162 dur=1189510 clk=dev
[mono_ns=182570342608364][T0x727f8d8ef740][TIMING] emit_host_span: [STRACE] v=1 pid=467927 tid=467927 inv=57 hid=6bd2711823aaa57e depth=3 name=chip.run.runner_run.device_wall.sched ts=13878 dur=1438957 clk=dev
[mono_ns=182570342609716][T0x727f8d8ef740][TIMING] emit_host_span: [STRACE] v=1 pid=467927 tid=467927 inv=57 hid=6bd2711823aaa57e depth=1 name=chip.run.claim_release ts=182570342609045 dur=90
[mono_ns=182570342611178][T0x727f8d8ef740][TIMING] emit_host_span: [STRACE] v=1 pid=467927 tid=467927 inv=57 hid=6bd2711823aaa57e depth=0 name=chip.run ts=182570221052218 dur=121558279 run_id=0 dispatch_id=0 slot_id=0 generation=57 run_epoch=57
[mono_ns=182570458935511][T0x727f8d8ef740][TIMING] emit_host_span: [STRACE] v=1 pid=467927 tid=467927 inv=58 hid=6bd2711823aaa57e depth=2 name=chip.run.bind.args ts=182570342953692 dur=115971884
[mono_ns=182570458955541][T0x727f8d8ef740][TIMING] emit_host_span: [STRACE] v=1 pid=467927 tid=467927 inv=58 hid=6bd2711823aaa57e depth=2 name=chip.run.bind.prebuilt ts=182570458952066 dur=2534
[mono_ns=182570458958045][T0x727f8d8ef740][TIMING] emit_host_span: [STRACE] v=1 pid=467927 tid=467927 inv=58 hid=6bd2711823aaa57e depth=1 name=chip.run.bind ts=182570342949616 dur=116007157
[mono_ns=182570464060984][T0x727f8d8ef740][WARN] prepare_execution: [device_runner.cpp:343] AICPU CPU_TOPO unavailable; using json_fallback: soc=Ascend950PR_9579 occupy=0x3e stable_reachable=5 requested=0 effective=5 affinity=[1, 2, 3, 4, 5(orch)]
[mono_ns=182570465925122][T0x727f8d8ef740][TIMING] emit_host_span: [STRACE] v=1 pid=467927 tid=467927 inv=58 hid=6bd2711823aaa57e depth=1 name=chip.run.runner_run ts=182570464145231 dur=1776927
[mono_ns=182570466253365][T0x727f8d8ef740][TIMING] emit_host_span: [STRACE] v=1 pid=467927 tid=467927 inv=58 hid=6bd2711823aaa57e depth=1 name=chip.run.validate ts=182570465929939 dur=322054
[mono_ns=182570466256179][T0x727f8d8ef740][TIMING] emit_host_span: [STRACE] v=1 pid=467927 tid=467927 inv=58 hid=6bd2711823aaa57e depth=2 name=chip.run.runner_run.device_wall ts=0 dur=1557647 clk=dev
[mono_ns=182570466257862][T0x727f8d8ef740][TIMING] emit_host_span: [STRACE] v=1 pid=467927 tid=467927 inv=58 hid=6bd2711823aaa57e depth=3 name=chip.run.runner_run.device_wall.preamble ts=0 dur=11958 clk=dev
[mono_ns=182570466259224][T0x727f8d8ef740][TIMING] emit_host_span: [STRACE] v=1 pid=467927 tid=467927 inv=58 hid=6bd2711823aaa57e depth=3 name=chip.run.runner_run.device_wall.graph_build ts=1502 dur=1551073 clk=dev
[mono_ns=182570466260225][T0x727f8d8ef740][TIMING] emit_host_span: [STRACE] v=1 pid=467927 tid=467927 inv=58 hid=6bd2711823aaa57e depth=3 name=chip.run.runner_run.device_wall.config_validate ts=1985 dur=1742 clk=dev
[mono_ns=182570466261197][T0x727f8d8ef740][TIMING] emit_host_span: [STRACE] v=1 pid=467927 tid=467927 inv=58 hid=6bd2711823aaa57e depth=3 name=chip.run.runner_run.device_wall.arena_wire ts=3758 dur=4181 clk=dev
[mono_ns=182570466266485][T0x727f8d8ef740][TIMING] emit_host_span: [STRACE] v=1 pid=467927 tid=467927 inv=58 hid=6bd2711823aaa57e depth=3 name=chip.run.runner_run.device_wall.sm_reset ts=8055 dur=4774 clk=dev
[mono_ns=182570466267706][T0x727f8d8ef740][TIMING] emit_host_span: [STRACE] v=1 pid=467927 tid=467927 inv=58 hid=6bd2711823aaa57e depth=3 name=chip.run.runner_run.device_wall.post_orch ts=1552597 dur=4220 clk=dev
[mono_ns=182570466268718][T0x727f8d8ef740][TIMING] emit_host_span: [STRACE] v=1 pid=467927 tid=467927 inv=58 hid=6bd2711823aaa57e depth=3 name=chip.run.runner_run.device_wall.orch ts=12859 dur=1159319 clk=dev
[mono_ns=182570466269709][T0x727f8d8ef740][TIMING] emit_host_span: [STRACE] v=1 pid=467927 tid=467927 inv=58 hid=6bd2711823aaa57e depth=3 name=chip.run.runner_run.device_wall.sched ts=13559 dur=1527598 clk=dev
[mono_ns=182570466271262][T0x727f8d8ef740][TIMING] emit_host_span: [STRACE] v=1 pid=467927 tid=467927 inv=58 hid=6bd2711823aaa57e depth=1 name=chip.run.claim_release ts=182570466270360 dur=261
[mono_ns=182570466273245][T0x727f8d8ef740][TIMING] emit_host_span: [STRACE] v=1 pid=467927 tid=467927 inv=58 hid=6bd2711823aaa57e depth=0 name=chip.run ts=182570342945069 dur=123327144 run_id=0 dispatch_id=0 slot_id=0 generation=58 run_epoch=58
[mono_ns=182570601687150][T0x727f8d8ef740][TIMING] emit_host_span: [STRACE] v=1 pid=467927 tid=467927 inv=59 hid=6bd2711823aaa57e depth=2 name=chip.run.bind.args ts=182570466701407 dur=134973745
[mono_ns=182570601716424][T0x727f8d8ef740][TIMING] emit_host_span: [STRACE] v=1 pid=467927 tid=467927 inv=59 hid=6bd2711823aaa57e depth=2 name=chip.run.bind.prebuilt ts=182570601712929 dur=2463
[mono_ns=182570601719619][T0x727f8d8ef740][TIMING] emit_host_span: [STRACE] v=1 pid=467927 tid=467927 inv=59 hid=6bd2711823aaa57e depth=1 name=chip.run.bind ts=182570466695809 dur=135022448
[mono_ns=182570606705102][T0x727f8d8ef740][WARN] prepare_execution: [device_runner.cpp:343] AICPU CPU_TOPO unavailable; using json_fallback: soc=Ascend950PR_9579 occupy=0x3e stable_reachable=5 requested=0 effective=5 affinity=[1, 2, 3, 4, 5(orch)]
[mono_ns=182570608427206][T0x727f8d8ef740][TIMING] emit_host_span: [STRACE] v=1 pid=467927 tid=467927 inv=59 hid=6bd2711823aaa57e depth=1 name=chip.run.runner_run ts=182570606767605 dur=1657829
[mono_ns=182570608725374][T0x727f8d8ef740][TIMING] emit_host_span: [STRACE] v=1 pid=467927 tid=467927 inv=59 hid=6bd2711823aaa57e depth=1 name=chip.run.validate ts=182570608431833 dur=292549
[mono_ns=182570608727467][T0x727f8d8ef740][TIMING] emit_host_span: [STRACE] v=1 pid=467927 tid=467927 inv=59 hid=6bd2711823aaa57e depth=2 name=chip.run.runner_run.device_wall ts=0 dur=1464387 clk=dev
[mono_ns=182570608728989][T0x727f8d8ef740][TIMING] emit_host_span: [STRACE] v=1 pid=467927 tid=467927 inv=59 hid=6bd2711823aaa57e depth=3 name=chip.run.runner_run.device_wall.preamble ts=0 dur=11684 clk=dev
[mono_ns=182570608730451][T0x727f8d8ef740][TIMING] emit_host_span: [STRACE] v=1 pid=467927 tid=467927 inv=59 hid=6bd2711823aaa57e depth=3 name=chip.run.runner_run.device_wall.graph_build ts=1913 dur=1457477 clk=dev
[mono_ns=182570608731523][T0x727f8d8ef740][TIMING] emit_host_span: [STRACE] v=1 pid=467927 tid=467927 inv=59 hid=6bd2711823aaa57e depth=3 name=chip.run.runner_run.device_wall.config_validate ts=2516 dur=1666 clk=dev
[mono_ns=182570608732505][T0x727f8d8ef740][TIMING] emit_host_span: [STRACE] v=1 pid=467927 tid=467927 inv=59 hid=6bd2711823aaa57e depth=3 name=chip.run.runner_run.device_wall.arena_wire ts=4266 dur=3537 clk=dev
[mono_ns=182570608733486][T0x727f8d8ef740][TIMING] emit_host_span: [STRACE] v=1 pid=467927 tid=467927 inv=59 hid=6bd2711823aaa57e depth=3 name=chip.run.runner_run.device_wall.sm_reset ts=7825 dur=5264 clk=dev
[mono_ns=182570608734518][T0x727f8d8ef740][TIMING] emit_host_span: [STRACE] v=1 pid=467927 tid=467927 inv=59 hid=6bd2711823aaa57e depth=3 name=chip.run.runner_run.device_wall.post_orch ts=1459409 dur=4363 clk=dev
[mono_ns=182570608735509][T0x727f8d8ef740][TIMING] emit_host_span: [STRACE] v=1 pid=467927 tid=467927 inv=59 hid=6bd2711823aaa57e depth=3 name=chip.run.runner_run.device_wall.orch ts=13118 dur=1167942 clk=dev
[mono_ns=182570608741057][T0x727f8d8ef740][TIMING] emit_host_span: [STRACE] v=1 pid=467927 tid=467927 inv=59 hid=6bd2711823aaa57e depth=3 name=chip.run.runner_run.device_wall.sched ts=13837 dur=1429981 clk=dev
[mono_ns=182570608742570][T0x727f8d8ef740][TIMING] emit_host_span: [STRACE] v=1 pid=467927 tid=467927 inv=59 hid=6bd2711823aaa57e depth=1 name=chip.run.claim_release ts=182570608741728 dur=271
[mono_ns=182570608744593][T0x727f8d8ef740][TIMING] emit_host_span: [STRACE] v=1 pid=467927 tid=467927 inv=59 hid=6bd2711823aaa57e depth=0 name=chip.run ts=182570466688147 dur=142055364 run_id=0 dispatch_id=0 slot_id=0 generation=59 run_epoch=59
[mono_ns=182570732885017][T0x727f8d8ef740][TIMING] emit_host_span: [STRACE] v=1 pid=467927 tid=467927 inv=60 hid=6bd2711823aaa57e depth=2 name=chip.run.bind.args ts=182570609241919 dur=123632973
[mono_ns=182570732911728][T0x727f8d8ef740][TIMING] emit_host_span: [STRACE] v=1 pid=467927 tid=467927 inv=60 hid=6bd2711823aaa57e depth=2 name=chip.run.bind.prebuilt ts=182570732908122 dur=2554
[mono_ns=182570732914602][T0x727f8d8ef740][TIMING] emit_host_span: [STRACE] v=1 pid=467927 tid=467927 inv=60 hid=6bd2711823aaa57e depth=1 name=chip.run.bind ts=182570609236461 dur=123676789
[mono_ns=182570737913194][T0x727f8d8ef740][WARN] prepare_execution: [device_runner.cpp:343] AICPU CPU_TOPO unavailable; using json_fallback: soc=Ascend950PR_9579 occupy=0x3e stable_reachable=5 requested=0 effective=5 affinity=[1, 2, 3, 4, 5(orch)]
[mono_ns=182570739632435][T0x727f8d8ef740][TIMING] emit_host_span: [STRACE] v=1 pid=467927 tid=467927 inv=60 hid=6bd2711823aaa57e depth=1 name=chip.run.runner_run ts=182570737974096 dur=1656656
[mono_ns=182570739921909][T0x727f8d8ef740][TIMING] emit_host_span: [STRACE] v=1 pid=467927 tid=467927 inv=60 hid=6bd2711823aaa57e depth=1 name=chip.run.validate ts=182570739636871 dur=283776
[mono_ns=182570739923662][T0x727f8d8ef740][TIMING] emit_host_span: [STRACE] v=1 pid=467927 tid=467927 inv=60 hid=6bd2711823aaa57e depth=2 name=chip.run.runner_run.device_wall ts=0 dur=1465373 clk=dev
[mono_ns=182570739925164][T0x727f8d8ef740][TIMING] emit_host_span: [STRACE] v=1 pid=467927 tid=467927 inv=60 hid=6bd2711823aaa57e depth=3 name=chip.run.runner_run.device_wall.preamble ts=0 dur=11571 clk=dev
[mono_ns=182570739926526][T0x727f8d8ef740][TIMING] emit_host_span: [STRACE] v=1 pid=467927 tid=467927 inv=60 hid=6bd2711823aaa57e depth=3 name=chip.run.runner_run.device_wall.graph_build ts=2210 dur=1459375 clk=dev
[mono_ns=182570739927548][T0x727f8d8ef740][TIMING] emit_host_span: [STRACE] v=1 pid=467927 tid=467927 inv=60 hid=6bd2711823aaa57e depth=3 name=chip.run.runner_run.device_wall.config_validate ts=2663 dur=1400 clk=dev
[mono_ns=182570739928519][T0x727f8d8ef740][TIMING] emit_host_span: [STRACE] v=1 pid=467927 tid=467927 inv=60 hid=6bd2711823aaa57e depth=3 name=chip.run.runner_run.device_wall.arena_wire ts=4091 dur=3251 clk=dev
[mono_ns=182570739929491][T0x727f8d8ef740][TIMING] emit_host_span: [STRACE] v=1 pid=467927 tid=467927 inv=60 hid=6bd2711823aaa57e depth=3 name=chip.run.runner_run.device_wall.sm_reset ts=7362 dur=4736 clk=dev
[mono_ns=182570739930492][T0x727f8d8ef740][TIMING] emit_host_span: [STRACE] v=1 pid=467927 tid=467927 inv=60 hid=6bd2711823aaa57e depth=3 name=chip.run.runner_run.device_wall.post_orch ts=1461602 dur=3328 clk=dev
[mono_ns=182570739931484][T0x727f8d8ef740][TIMING] emit_host_span: [STRACE] v=1 pid=467927 tid=467927 inv=60 hid=6bd2711823aaa57e depth=3 name=chip.run.runner_run.device_wall.orch ts=12403 dur=1163189 clk=dev
[mono_ns=182570739932465][T0x727f8d8ef740][TIMING] emit_host_span: [STRACE] v=1 pid=467927 tid=467927 inv=60 hid=6bd2711823aaa57e depth=3 name=chip.run.runner_run.device_wall.sched ts=12755 dur=1437039 clk=dev
[mono_ns=182570739933747][T0x727f8d8ef740][TIMING] emit_host_span: [STRACE] v=1 pid=467927 tid=467927 inv=60 hid=6bd2711823aaa57e depth=1 name=chip.run.claim_release ts=182570739933026 dur=110
[mono_ns=182570739935410][T0x727f8d8ef740][TIMING] emit_host_span: [STRACE] v=1 pid=467927 tid=467927 inv=60 hid=6bd2711823aaa57e depth=0 name=chip.run ts=182570609229871 dur=130704817 run_id=0 dispatch_id=0 slot_id=0 generation=60 run_epoch=60
[mono_ns=182570864530827][T0x727f8d8ef740][TIMING] emit_host_span: [STRACE] v=1 pid=467927 tid=467927 inv=61 hid=6bd2711823aaa57e depth=2 name=chip.run.bind.args ts=182570740335260 dur=124188787
[mono_ns=182570864552930][T0x727f8d8ef740][TIMING] emit_host_span: [STRACE] v=1 pid=467927 tid=467927 inv=61 hid=6bd2711823aaa57e depth=2 name=chip.run.bind.prebuilt ts=182570864550306 dur=1983
[mono_ns=182570864555534][T0x727f8d8ef740][TIMING] emit_host_span: [STRACE] v=1 pid=467927 tid=467927 inv=61 hid=6bd2711823aaa57e depth=1 name=chip.run.bind ts=182570740330573 dur=124223669
[mono_ns=182570869864743][T0x727f8d8ef740][WARN] prepare_execution: [device_runner.cpp:343] AICPU CPU_TOPO unavailable; using json_fallback: soc=Ascend950PR_9579 occupy=0x3e stable_reachable=5 requested=0 effective=5 affinity=[1, 2, 3, 4, 5(orch)]
[mono_ns=182570871666497][T0x727f8d8ef740][TIMING] emit_host_span: [STRACE] v=1 pid=467927 tid=467927 inv=61 hid=6bd2711823aaa57e depth=1 name=chip.run.runner_run ts=182570869918173 dur=1746842
[mono_ns=182570871963914][T0x727f8d8ef740][TIMING] emit_host_span: [STRACE] v=1 pid=467927 tid=467927 inv=61 hid=6bd2711823aaa57e depth=1 name=chip.run.validate ts=182570871671415 dur=291547
[mono_ns=182570871965837][T0x727f8d8ef740][TIMING] emit_host_span: [STRACE] v=1 pid=467927 tid=467927 inv=61 hid=6bd2711823aaa57e depth=2 name=chip.run.runner_run.device_wall ts=0 dur=1557787 clk=dev
[mono_ns=182570871967529][T0x727f8d8ef740][TIMING] emit_host_span: [STRACE] v=1 pid=467927 tid=467927 inv=61 hid=6bd2711823aaa57e depth=3 name=chip.run.runner_run.device_wall.preamble ts=0 dur=11201 clk=dev
[mono_ns=182570871968821][T0x727f8d8ef740][TIMING] emit_host_span: [STRACE] v=1 pid=467927 tid=467927 inv=61 hid=6bd2711823aaa57e depth=3 name=chip.run.runner_run.device_wall.graph_build ts=1548 dur=1551202 clk=dev
[mono_ns=182570871969813][T0x727f8d8ef740][TIMING] emit_host_span: [STRACE] v=1 pid=467927 tid=467927 inv=61 hid=6bd2711823aaa57e depth=3 name=chip.run.runner_run.device_wall.config_validate ts=1982 dur=1227 clk=dev
[mono_ns=182570871970804][T0x727f8d8ef740][TIMING] emit_host_span: [STRACE] v=1 pid=467927 tid=467927 inv=61 hid=6bd2711823aaa57e depth=3 name=chip.run.runner_run.device_wall.arena_wire ts=3409 dur=3902 clk=dev
[mono_ns=182570871971765][T0x727f8d8ef740][TIMING] emit_host_span: [STRACE] v=1 pid=467927 tid=467927 inv=61 hid=6bd2711823aaa57e depth=3 name=chip.run.runner_run.device_wall.sm_reset ts=7890 dur=4011 clk=dev
[mono_ns=182570871972927][T0x727f8d8ef740][TIMING] emit_host_span: [STRACE] v=1 pid=467927 tid=467927 inv=61 hid=6bd2711823aaa57e depth=3 name=chip.run.runner_run.device_wall.post_orch ts=1552827 dur=4488 clk=dev
[mono_ns=182570871973939][T0x727f8d8ef740][TIMING] emit_host_span: [STRACE] v=1 pid=467927 tid=467927 inv=61 hid=6bd2711823aaa57e depth=3 name=chip.run.runner_run.device_wall.orch ts=12106 dur=1151956 clk=dev
[mono_ns=182570871974950][T0x727f8d8ef740][TIMING] emit_host_span: [STRACE] v=1 pid=467927 tid=467927 inv=61 hid=6bd2711823aaa57e depth=3 name=chip.run.runner_run.device_wall.sched ts=12600 dur=1526167 clk=dev
[mono_ns=182570871976282][T0x727f8d8ef740][TIMING] emit_host_span: [STRACE] v=1 pid=467927 tid=467927 inv=61 hid=6bd2711823aaa57e depth=1 name=chip.run.claim_release ts=182570871975491 dur=180
[mono_ns=182570871978135][T0x727f8d8ef740][TIMING] emit_host_span: [STRACE] v=1 pid=467927 tid=467927 inv=61 hid=6bd2711823aaa57e depth=0 name=chip.run ts=182570740324333 dur=131653091 run_id=0 dispatch_id=0 slot_id=0 generation=61 run_epoch=61
[mono_ns=182570996881805][T0x727f8d8ef740][TIMING] emit_host_span: [STRACE] v=1 pid=467927 tid=467927 inv=62 hid=6bd2711823aaa57e depth=2 name=chip.run.bind.args ts=182570872334850 dur=124538853
[mono_ns=182570996903448][T0x727f8d8ef740][TIMING] emit_host_span: [STRACE] v=1 pid=467927 tid=467927 inv=62 hid=6bd2711823aaa57e depth=2 name=chip.run.bind.prebuilt ts=182570996900233 dur=2173
[mono_ns=182570996911951][T0x727f8d8ef740][TIMING] emit_host_span: [STRACE] v=1 pid=467927 tid=467927 inv=62 hid=6bd2711823aaa57e depth=1 name=chip.run.bind ts=182570872329222 dur=124581196
[mono_ns=182571001960929][T0x727f8d8ef740][WARN] prepare_execution: [device_runner.cpp:343] AICPU CPU_TOPO unavailable; using json_fallback: soc=Ascend950PR_9579 occupy=0x3e stable_reachable=5 requested=0 effective=5 affinity=[1, 2, 3, 4, 5(orch)]
[mono_ns=182571003707200][T0x727f8d8ef740][TIMING] emit_host_span: [STRACE] v=1 pid=467927 tid=467927 inv=62 hid=6bd2711823aaa57e depth=1 name=chip.run.runner_run ts=182571002016973 dur=1688544
[mono_ns=182571004007280][T0x727f8d8ef740][TIMING] emit_host_span: [STRACE] v=1 pid=467927 tid=467927 inv=62 hid=6bd2711823aaa57e depth=1 name=chip.run.validate ts=182571003712087 dur=294322
[mono_ns=182571004010174][T0x727f8d8ef740][TIMING] emit_host_span: [STRACE] v=1 pid=467927 tid=467927 inv=62 hid=6bd2711823aaa57e depth=2 name=chip.run.runner_run.device_wall ts=0 dur=1509485 clk=dev
[mono_ns=182571004011937][T0x727f8d8ef740][TIMING] emit_host_span: [STRACE] v=1 pid=467927 tid=467927 inv=62 hid=6bd2711823aaa57e depth=3 name=chip.run.runner_run.device_wall.preamble ts=0 dur=11902 clk=dev
[mono_ns=182571004013429][T0x727f8d8ef740][TIMING] emit_host_span: [STRACE] v=1 pid=467927 tid=467927 inv=62 hid=6bd2711823aaa57e depth=3 name=chip.run.runner_run.device_wall.graph_build ts=3250 dur=1500975 clk=dev
[mono_ns=182571004014992][T0x727f8d8ef740][TIMING] emit_host_span: [STRACE] v=1 pid=467927 tid=467927 inv=62 hid=6bd2711823aaa57e depth=3 name=chip.run.runner_run.device_wall.config_validate ts=3725 dur=1491 clk=dev
[mono_ns=182571004015973][T0x727f8d8ef740][TIMING] emit_host_span: [STRACE] v=1 pid=467927 tid=467927 inv=62 hid=6bd2711823aaa57e depth=3 name=chip.run.runner_run.device_wall.arena_wire ts=5234 dur=3198 clk=dev
[mono_ns=182571004016935][T0x727f8d8ef740][TIMING] emit_host_span: [STRACE] v=1 pid=467927 tid=467927 inv=62 hid=6bd2711823aaa57e depth=3 name=chip.run.runner_run.device_wall.sm_reset ts=8501 dur=4449 clk=dev
[mono_ns=182571004017946][T0x727f8d8ef740][TIMING] emit_host_span: [STRACE] v=1 pid=467927 tid=467927 inv=62 hid=6bd2711823aaa57e depth=3 name=chip.run.runner_run.device_wall.post_orch ts=1504284 dur=4675 clk=dev
[mono_ns=182571004018948][T0x727f8d8ef740][TIMING] emit_host_span: [STRACE] v=1 pid=467927 tid=467927 inv=62 hid=6bd2711823aaa57e depth=3 name=chip.run.runner_run.device_wall.orch ts=12982 dur=1171308 clk=dev
[mono_ns=182571004019909][T0x727f8d8ef740][TIMING] emit_host_span: [STRACE] v=1 pid=467927 tid=467927 inv=62 hid=6bd2711823aaa57e depth=3 name=chip.run.runner_run.device_wall.sched ts=13607 dur=1476610 clk=dev
[mono_ns=182571004021261][T0x727f8d8ef740][TIMING] emit_host_span: [STRACE] v=1 pid=467927 tid=467927 inv=62 hid=6bd2711823aaa57e depth=1 name=chip.run.claim_release ts=182571004020560 dur=90
[mono_ns=182571004023264][T0x727f8d8ef740][TIMING] emit_host_span: [STRACE] v=1 pid=467927 tid=467927 inv=62 hid=6bd2711823aaa57e depth=0 name=chip.run ts=182570872323273 dur=131699260 run_id=0 dispatch_id=0 slot_id=0 generation=62 run_epoch=62
[mono_ns=182571122257735][T0x727f8d8ef740][TIMING] emit_host_span: [STRACE] v=1 pid=467927 tid=467927 inv=63 hid=6bd2711823aaa57e depth=2 name=chip.run.bind.args ts=182571004387301 dur=117864755
[mono_ns=182571122277013][T0x727f8d8ef740][TIMING] emit_host_span: [STRACE] v=1 pid=467927 tid=467927 inv=63 hid=6bd2711823aaa57e depth=2 name=chip.run.bind.prebuilt ts=182571122273859 dur=2303
[mono_ns=182571122279427][T0x727f8d8ef740][TIMING] emit_host_span: [STRACE] v=1 pid=467927 tid=467927 inv=63 hid=6bd2711823aaa57e depth=1 name=chip.run.bind ts=182571004381792 dur=117896463
[mono_ns=182571127802427][T0x727f8d8ef740][WARN] prepare_execution: [device_runner.cpp:343] AICPU CPU_TOPO unavailable; using json_fallback: soc=Ascend950PR_9579 occupy=0x3e stable_reachable=5 requested=0 effective=5 affinity=[1, 2, 3, 4, 5(orch)]
[mono_ns=182571129504962][T0x727f8d8ef740][TIMING] emit_host_span: [STRACE] v=1 pid=467927 tid=467927 inv=63 hid=6bd2711823aaa57e depth=1 name=chip.run.runner_run ts=182571127853273 dur=1650187
[mono_ns=182571129800405][T0x727f8d8ef740][TIMING] emit_host_span: [STRACE] v=1 pid=467927 tid=467927 inv=63 hid=6bd2711823aaa57e depth=1 name=chip.run.validate ts=182571129514416 dur=285038
[mono_ns=182571129802429][T0x727f8d8ef740][TIMING] emit_host_span: [STRACE] v=1 pid=467927 tid=467927 inv=63 hid=6bd2711823aaa57e depth=2 name=chip.run.runner_run.device_wall ts=0 dur=1464060 clk=dev
[mono_ns=182571129803921][T0x727f8d8ef740][TIMING] emit_host_span: [STRACE] v=1 pid=467927 tid=467927 inv=63 hid=6bd2711823aaa57e depth=3 name=chip.run.runner_run.device_wall.preamble ts=0 dur=12549 clk=dev
[mono_ns=182571129805243][T0x727f8d8ef740][TIMING] emit_host_span: [STRACE] v=1 pid=467927 tid=467927 inv=63 hid=6bd2711823aaa57e depth=3 name=chip.run.runner_run.device_wall.graph_build ts=2896 dur=1457025 clk=dev
[mono_ns=182571129806244][T0x727f8d8ef740][TIMING] emit_host_span: [STRACE] v=1 pid=467927 tid=467927 inv=63 hid=6bd2711823aaa57e depth=3 name=chip.run.runner_run.device_wall.config_validate ts=3215 dur=1342 clk=dev
[mono_ns=182571129807216][T0x727f8d8ef740][TIMING] emit_host_span: [STRACE] v=1 pid=467927 tid=467927 inv=63 hid=6bd2711823aaa57e depth=3 name=chip.run.runner_run.device_wall.arena_wire ts=4578 dur=3614 clk=dev
[mono_ns=182571129808197][T0x727f8d8ef740][TIMING] emit_host_span: [STRACE] v=1 pid=467927 tid=467927 inv=63 hid=6bd2711823aaa57e depth=3 name=chip.run.runner_run.device_wall.sm_reset ts=8258 dur=5024 clk=dev
[mono_ns=182571129809369][T0x727f8d8ef740][TIMING] emit_host_span: [STRACE] v=1 pid=467927 tid=467927 inv=63 hid=6bd2711823aaa57e depth=3 name=chip.run.runner_run.device_wall.post_orch ts=1459940 dur=3635 clk=dev
[mono_ns=182571129810360][T0x727f8d8ef740][TIMING] emit_host_span: [STRACE] v=1 pid=467927 tid=467927 inv=63 hid=6bd2711823aaa57e depth=3 name=chip.run.runner_run.device_wall.orch ts=13360 dur=1175514 clk=dev
[mono_ns=182571129811342][T0x727f8d8ef740][TIMING] emit_host_span: [STRACE] v=1 pid=467927 tid=467927 inv=63 hid=6bd2711823aaa57e depth=3 name=chip.run.runner_run.device_wall.sched ts=13971 dur=1434393 clk=dev
[mono_ns=182571129812604][T0x727f8d8ef740][TIMING] emit_host_span: [STRACE] v=1 pid=467927 tid=467927 inv=63 hid=6bd2711823aaa57e depth=1 name=chip.run.claim_release ts=182571129811933 dur=60
[mono_ns=182571129814166][T0x727f8d8ef740][TIMING] emit_host_span: [STRACE] v=1 pid=467927 tid=467927 inv=63 hid=6bd2711823aaa57e depth=0 name=chip.run ts=182571004375222 dur=125438303 run_id=0 dispatch_id=0 slot_id=0 generation=63 run_epoch=63
[mono_ns=182571247740674][T0x727f8d8ef740][TIMING] emit_host_span: [STRACE] v=1 pid=467927 tid=467927 inv=64 hid=6bd2711823aaa57e depth=2 name=chip.run.bind.args ts=182571130176360 dur=117554900
[mono_ns=182571247760865][T0x727f8d8ef740][TIMING] emit_host_span: [STRACE] v=1 pid=467927 tid=467927 inv=64 hid=6bd2711823aaa57e depth=2 name=chip.run.bind.prebuilt ts=182571247757389 dur=2584
[mono_ns=182571247763318][T0x727f8d8ef740][TIMING] emit_host_span: [STRACE] v=1 pid=467927 tid=467927 inv=64 hid=6bd2711823aaa57e depth=1 name=chip.run.bind ts=182571130171502 dur=117590564
[mono_ns=182571252709923][T0x727f8d8ef740][WARN] prepare_execution: [device_runner.cpp:343] AICPU CPU_TOPO unavailable; using json_fallback: soc=Ascend950PR_9579 occupy=0x3e stable_reachable=5 requested=0 effective=5 affinity=[1, 2, 3, 4, 5(orch)]
[mono_ns=182571254547080][T0x727f8d8ef740][TIMING] emit_host_span: [STRACE] v=1 pid=467927 tid=467927 inv=64 hid=6bd2711823aaa57e depth=1 name=chip.run.runner_run ts=182571252769462 dur=1776236
[mono_ns=182571254843155][T0x727f8d8ef740][TIMING] emit_host_span: [STRACE] v=1 pid=467927 tid=467927 inv=64 hid=6bd2711823aaa57e depth=1 name=chip.run.validate ts=182571254551437 dur=290616
[mono_ns=182571254845158][T0x727f8d8ef740][TIMING] emit_host_span: [STRACE] v=1 pid=467927 tid=467927 inv=64 hid=6bd2711823aaa57e depth=2 name=chip.run.runner_run.device_wall ts=0 dur=1580292 clk=dev
[mono_ns=182571254846640][T0x727f8d8ef740][TIMING] emit_host_span: [STRACE] v=1 pid=467927 tid=467927 inv=64 hid=6bd2711823aaa57e depth=3 name=chip.run.runner_run.device_wall.preamble ts=0 dur=11807 clk=dev
[mono_ns=182571254853530][T0x727f8d8ef740][TIMING] emit_host_span: [STRACE] v=1 pid=467927 tid=467927 inv=64 hid=6bd2711823aaa57e depth=3 name=chip.run.runner_run.device_wall.graph_build ts=1817 dur=1573072 clk=dev
[mono_ns=182571254854612][T0x727f8d8ef740][TIMING] emit_host_span: [STRACE] v=1 pid=467927 tid=467927 inv=64 hid=6bd2711823aaa57e depth=3 name=chip.run.runner_run.device_wall.config_validate ts=2031 dur=2195 clk=dev
[mono_ns=182571254855613][T0x727f8d8ef740][TIMING] emit_host_span: [STRACE] v=1 pid=467927 tid=467927 inv=64 hid=6bd2711823aaa57e depth=3 name=chip.run.runner_run.device_wall.arena_wire ts=4258 dur=4231 clk=dev
[mono_ns=182571254856595][T0x727f8d8ef740][TIMING] emit_host_span: [STRACE] v=1 pid=467927 tid=467927 inv=64 hid=6bd2711823aaa57e depth=3 name=chip.run.runner_run.device_wall.sm_reset ts=8521 dur=4386 clk=dev
[mono_ns=182571254857746][T0x727f8d8ef740][TIMING] emit_host_span: [STRACE] v=1 pid=467927 tid=467927 inv=64 hid=6bd2711823aaa57e depth=3 name=chip.run.runner_run.device_wall.post_orch ts=1574949 dur=4585 clk=dev
[mono_ns=182571254858728][T0x727f8d8ef740][TIMING] emit_host_span: [STRACE] v=1 pid=467927 tid=467927 inv=64 hid=6bd2711823aaa57e depth=3 name=chip.run.runner_run.device_wall.orch ts=13107 dur=1166908 clk=dev
[mono_ns=182571254859709][T0x727f8d8ef740][TIMING] emit_host_span: [STRACE] v=1 pid=467927 tid=467927 inv=64 hid=6bd2711823aaa57e depth=3 name=chip.run.runner_run.device_wall.sched ts=13810 dur=1548708 clk=dev
[mono_ns=182571254861152][T0x727f8d8ef740][TIMING] emit_host_span: [STRACE] v=1 pid=467927 tid=467927 inv=64 hid=6bd2711823aaa57e depth=1 name=chip.run.claim_release ts=182571254860340 dur=211
[mono_ns=182571254862774][T0x727f8d8ef740][TIMING] emit_host_span: [STRACE] v=1 pid=467927 tid=467927 inv=64 hid=6bd2711823aaa57e depth=0 name=chip.run ts=182571130165313 dur=124696790 run_id=0 dispatch_id=0 slot_id=0 generation=64 run_epoch=64
[mono_ns=182571372013698][T0x727f8d8ef740][TIMING] emit_host_span: [STRACE] v=1 pid=467927 tid=467927 inv=65 hid=6bd2711823aaa57e depth=2 name=chip.run.bind.args ts=182571255227281 dur=116771865
[mono_ns=182571372030774][T0x727f8d8ef740][TIMING] emit_host_span: [STRACE] v=1 pid=467927 tid=467927 inv=65 hid=6bd2711823aaa57e depth=2 name=chip.run.bind.prebuilt ts=182571372027889 dur=2073
[mono_ns=182571372033588][T0x727f8d8ef740][TIMING] emit_host_span: [STRACE] v=1 pid=467927 tid=467927 inv=65 hid=6bd2711823aaa57e depth=1 name=chip.run.bind ts=182571255222534 dur=116809672
[mono_ns=182571377053563][T0x727f8d8ef740][WARN] prepare_execution: [device_runner.cpp:343] AICPU CPU_TOPO unavailable; using json_fallback: soc=Ascend950PR_9579 occupy=0x3e stable_reachable=5 requested=0 effective=5 affinity=[1, 2, 3, 4, 5(orch)]
[mono_ns=182571378774155][T0x727f8d8ef740][TIMING] emit_host_span: [STRACE] v=1 pid=467927 tid=467927 inv=65 hid=6bd2711823aaa57e depth=1 name=chip.run.runner_run ts=182571377110718 dur=1662085
[mono_ns=182571379062648][T0x727f8d8ef740][TIMING] emit_host_span: [STRACE] v=1 pid=467927 tid=467927 inv=65 hid=6bd2711823aaa57e depth=1 name=chip.run.validate ts=182571378777690 dur=284067
[mono_ns=182571379065092][T0x727f8d8ef740][TIMING] emit_host_span: [STRACE] v=1 pid=467927 tid=467927 inv=65 hid=6bd2711823aaa57e depth=2 name=chip.run.runner_run.device_wall ts=0 dur=1482557 clk=dev
[mono_ns=182571379066894][T0x727f8d8ef740][TIMING] emit_host_span: [STRACE] v=1 pid=467927 tid=467927 inv=65 hid=6bd2711823aaa57e depth=3 name=chip.run.runner_run.device_wall.preamble ts=0 dur=11644 clk=dev
[mono_ns=182571379068196][T0x727f8d8ef740][TIMING] emit_host_span: [STRACE] v=1 pid=467927 tid=467927 inv=65 hid=6bd2711823aaa57e depth=3 name=chip.run.runner_run.device_wall.graph_build ts=2826 dur=1474381 clk=dev
[mono_ns=182571379069258][T0x727f8d8ef740][TIMING] emit_host_span: [STRACE] v=1 pid=467927 tid=467927 inv=65 hid=6bd2711823aaa57e depth=3 name=chip.run.runner_run.device_wall.config_validate ts=3018 dur=1331 clk=dev
[mono_ns=182571379075988][T0x727f8d8ef740][TIMING] emit_host_span: [STRACE] v=1 pid=467927 tid=467927 inv=65 hid=6bd2711823aaa57e depth=3 name=chip.run.runner_run.device_wall.arena_wire ts=4368 dur=3439 clk=dev
[mono_ns=182571379076990][T0x727f8d8ef740][TIMING] emit_host_span: [STRACE] v=1 pid=467927 tid=467927 inv=65 hid=6bd2711823aaa57e depth=3 name=chip.run.runner_run.device_wall.sm_reset ts=7829 dur=4655 clk=dev
[mono_ns=182571379077981][T0x727f8d8ef740][TIMING] emit_host_span: [STRACE] v=1 pid=467927 tid=467927 inv=65 hid=6bd2711823aaa57e depth=3 name=chip.run.runner_run.device_wall.post_orch ts=1477226 dur=4932 clk=dev
[mono_ns=182571379078952][T0x727f8d8ef740][TIMING] emit_host_span: [STRACE] v=1 pid=467927 tid=467927 inv=65 hid=6bd2711823aaa57e depth=3 name=chip.run.runner_run.device_wall.orch ts=12563 dur=1180148 clk=dev
[mono_ns=182571379079924][T0x727f8d8ef740][TIMING] emit_host_span: [STRACE] v=1 pid=467927 tid=467927 inv=65 hid=6bd2711823aaa57e depth=3 name=chip.run.runner_run.device_wall.sched ts=13106 dur=1450970 clk=dev
[mono_ns=182571379081166][T0x727f8d8ef740][TIMING] emit_host_span: [STRACE] v=1 pid=467927 tid=467927 inv=65 hid=6bd2711823aaa57e depth=1 name=chip.run.claim_release ts=182571379080465 dur=120
[mono_ns=182571379082908][T0x727f8d8ef740][TIMING] emit_host_span: [STRACE] v=1 pid=467927 tid=467927 inv=65 hid=6bd2711823aaa57e depth=0 name=chip.run ts=182571255216425 dur=123865802 run_id=0 dispatch_id=0 slot_id=0 generation=65 run_epoch=65
[mono_ns=182571501353206][T0x727f8d8ef740][TIMING] emit_host_span: [STRACE] v=1 pid=467927 tid=467927 inv=66 hid=6bd2711823aaa57e depth=2 name=chip.run.bind.args ts=182571379400846 dur=121943968
[mono_ns=182571501373447][T0x727f8d8ef740][TIMING] emit_host_span: [STRACE] v=1 pid=467927 tid=467927 inv=66 hid=6bd2711823aaa57e depth=2 name=chip.run.bind.prebuilt ts=182571501369551 dur=2984
[mono_ns=182571501376201][T0x727f8d8ef740][TIMING] emit_host_span: [STRACE] v=1 pid=467927 tid=467927 inv=66 hid=6bd2711823aaa57e depth=1 name=chip.run.bind ts=182571379396679 dur=121978170
[mono_ns=182571506346471][T0x727f8d8ef740][WARN] prepare_execution: [device_runner.cpp:343] AICPU CPU_TOPO unavailable; using json_fallback: soc=Ascend950PR_9579 occupy=0x3e stable_reachable=5 requested=0 effective=5 affinity=[1, 2, 3, 4, 5(orch)]
[mono_ns=182571508128856][T0x727f8d8ef740][TIMING] emit_host_span: [STRACE] v=1 pid=467927 tid=467927 inv=66 hid=6bd2711823aaa57e depth=1 name=chip.run.runner_run ts=182571506403657 dur=1723577
[mono_ns=182571508401615][T0x727f8d8ef740][TIMING] emit_host_span: [STRACE] v=1 pid=467927 tid=467927 inv=66 hid=6bd2711823aaa57e depth=1 name=chip.run.validate ts=182571508133082 dur=267662
[mono_ns=182571508403729][T0x727f8d8ef740][TIMING] emit_host_span: [STRACE] v=1 pid=467927 tid=467927 inv=66 hid=6bd2711823aaa57e depth=2 name=chip.run.runner_run.device_wall ts=0 dur=1533601 clk=dev
[mono_ns=182571508405471][T0x727f8d8ef740][TIMING] emit_host_span: [STRACE] v=1 pid=467927 tid=467927 inv=66 hid=6bd2711823aaa57e depth=3 name=chip.run.runner_run.device_wall.preamble ts=0 dur=11619 clk=dev
[mono_ns=182571508406703][T0x727f8d8ef740][TIMING] emit_host_span: [STRACE] v=1 pid=467927 tid=467927 inv=66 hid=6bd2711823aaa57e depth=3 name=chip.run.runner_run.device_wall.graph_build ts=1947 dur=1527076 clk=dev
[mono_ns=182571508407704][T0x727f8d8ef740][TIMING] emit_host_span: [STRACE] v=1 pid=467927 tid=467927 inv=66 hid=6bd2711823aaa57e depth=3 name=chip.run.runner_run.device_wall.config_validate ts=2572 dur=1474 clk=dev
[mono_ns=182571508408686][T0x727f8d8ef740][TIMING] emit_host_span: [STRACE] v=1 pid=467927 tid=467927 inv=66 hid=6bd2711823aaa57e depth=3 name=chip.run.runner_run.device_wall.arena_wire ts=4067 dur=4066 clk=dev
[mono_ns=182571508409647][T0x727f8d8ef740][TIMING] emit_host_span: [STRACE] v=1 pid=467927 tid=467927 inv=66 hid=6bd2711823aaa57e depth=3 name=chip.run.runner_run.device_wall.sm_reset ts=8151 dur=5021 clk=dev
[mono_ns=182571508410809][T0x727f8d8ef740][TIMING] emit_host_span: [STRACE] v=1 pid=467927 tid=467927 inv=66 hid=6bd2711823aaa57e depth=3 name=chip.run.runner_run.device_wall.post_orch ts=1529059 dur=3864 clk=dev
[mono_ns=182571508417229][T0x727f8d8ef740][TIMING] emit_host_span: [STRACE] v=1 pid=467927 tid=467927 inv=66 hid=6bd2711823aaa57e depth=3 name=chip.run.runner_run.device_wall.orch ts=13479 dur=1157229 clk=dev
[mono_ns=182571508418230][T0x727f8d8ef740][TIMING] emit_host_span: [STRACE] v=1 pid=467927 tid=467927 inv=66 hid=6bd2711823aaa57e depth=3 name=chip.run.runner_run.device_wall.sched ts=13985 dur=1502546 clk=dev
[mono_ns=182571508419632][T0x727f8d8ef740][TIMING] emit_host_span: [STRACE] v=1 pid=467927 tid=467927 inv=66 hid=6bd2711823aaa57e depth=1 name=chip.run.claim_release ts=182571508418821 dur=241
[mono_ns=182571508421215][T0x727f8d8ef740][TIMING] emit_host_span: [STRACE] v=1 pid=467927 tid=467927 inv=66 hid=6bd2711823aaa57e depth=0 name=chip.run ts=182571379391371 dur=129029193 run_id=0 dispatch_id=0 slot_id=0 generation=66 run_epoch=66
[mono_ns=182571624037756][T0x727f8d8ef740][TIMING] emit_host_span: [STRACE] v=1 pid=467927 tid=467927 inv=67 hid=6bd2711823aaa57e depth=2 name=chip.run.bind.args ts=182571508785652 dur=115245334
[mono_ns=182571624057085][T0x727f8d8ef740][TIMING] emit_host_span: [STRACE] v=1 pid=467927 tid=467927 inv=67 hid=6bd2711823aaa57e depth=2 name=chip.run.bind.prebuilt ts=182571624054050 dur=2274
[mono_ns=182571624059799][T0x727f8d8ef740][TIMING] emit_host_span: [STRACE] v=1 pid=467927 tid=467927 inv=67 hid=6bd2711823aaa57e depth=1 name=chip.run.bind ts=182571508781335 dur=115276942
[mono_ns=182571629022618][T0x727f8d8ef740][WARN] prepare_execution: [device_runner.cpp:343] AICPU CPU_TOPO unavailable; using json_fallback: soc=Ascend950PR_9579 occupy=0x3e stable_reachable=5 requested=0 effective=5 affinity=[1, 2, 3, 4, 5(orch)]
[mono_ns=182571630792354][T0x727f8d8ef740][TIMING] emit_host_span: [STRACE] v=1 pid=467927 tid=467927 inv=67 hid=6bd2711823aaa57e depth=1 name=chip.run.runner_run ts=182571629079403 dur=1710928
[mono_ns=182571631101268][T0x727f8d8ef740][TIMING] emit_host_span: [STRACE] v=1 pid=467927 tid=467927 inv=67 hid=6bd2711823aaa57e depth=1 name=chip.run.validate ts=182571630795579 dur=304847
[mono_ns=182571631103631][T0x727f8d8ef740][TIMING] emit_host_span: [STRACE] v=1 pid=467927 tid=467927 inv=67 hid=6bd2711823aaa57e depth=2 name=chip.run.runner_run.device_wall ts=0 dur=1519821 clk=dev
[mono_ns=182571631105194][T0x727f8d8ef740][TIMING] emit_host_span: [STRACE] v=1 pid=467927 tid=467927 inv=67 hid=6bd2711823aaa57e depth=3 name=chip.run.runner_run.device_wall.preamble ts=0 dur=12870 clk=dev
[mono_ns=182571631106455][T0x727f8d8ef740][TIMING] emit_host_span: [STRACE] v=1 pid=467927 tid=467927 inv=67 hid=6bd2711823aaa57e depth=3 name=chip.run.runner_run.device_wall.graph_build ts=3120 dur=1511923 clk=dev
[mono_ns=182571631107457][T0x727f8d8ef740][TIMING] emit_host_span: [STRACE] v=1 pid=467927 tid=467927 inv=67 hid=6bd2711823aaa57e depth=3 name=chip.run.runner_run.device_wall.config_validate ts=3387 dur=1545 clk=dev
[mono_ns=182571631108428][T0x727f8d8ef740][TIMING] emit_host_span: [STRACE] v=1 pid=467927 tid=467927 inv=67 hid=6bd2711823aaa57e depth=3 name=chip.run.runner_run.device_wall.arena_wire ts=4943 dur=3154 clk=dev
[mono_ns=182571631109410][T0x727f8d8ef740][TIMING] emit_host_span: [STRACE] v=1 pid=467927 tid=467927 inv=67 hid=6bd2711823aaa57e depth=3 name=chip.run.runner_run.device_wall.sm_reset ts=8117 dur=4303 clk=dev
[mono_ns=182571631110582][T0x727f8d8ef740][TIMING] emit_host_span: [STRACE] v=1 pid=467927 tid=467927 inv=67 hid=6bd2711823aaa57e depth=3 name=chip.run.runner_run.device_wall.post_orch ts=1515110 dur=4060 clk=dev
[mono_ns=182571631111573][T0x727f8d8ef740][TIMING] emit_host_span: [STRACE] v=1 pid=467927 tid=467927 inv=67 hid=6bd2711823aaa57e depth=3 name=chip.run.runner_run.device_wall.orch ts=12449 dur=1187370 clk=dev
[mono_ns=182571631112575][T0x727f8d8ef740][TIMING] emit_host_span: [STRACE] v=1 pid=467927 tid=467927 inv=67 hid=6bd2711823aaa57e depth=3 name=chip.run.runner_run.device_wall.sched ts=13457 dur=1488685 clk=dev
[mono_ns=182571631113957][T0x727f8d8ef740][TIMING] emit_host_span: [STRACE] v=1 pid=467927 tid=467927 inv=67 hid=6bd2711823aaa57e depth=1 name=chip.run.claim_release ts=182571631113256 dur=90
[mono_ns=182571631121808][T0x727f8d8ef740][TIMING] emit_host_span: [STRACE] v=1 pid=467927 tid=467927 inv=67 hid=6bd2711823aaa57e depth=0 name=chip.run ts=182571508775557 dur=122345320 run_id=0 dispatch_id=0 slot_id=0 generation=67 run_epoch=67
[mono_ns=182571745068393][T0x727f8d8ef740][TIMING] emit_host_span: [STRACE] v=1 pid=467927 tid=467927 inv=68 hid=6bd2711823aaa57e depth=2 name=chip.run.bind.args ts=182571631456691 dur=113606014
[mono_ns=182571745085268][T0x727f8d8ef740][TIMING] emit_host_span: [STRACE] v=1 pid=467927 tid=467927 inv=68 hid=6bd2711823aaa57e depth=2 name=chip.run.bind.prebuilt ts=182571745082264 dur=2243
[mono_ns=182571745088073][T0x727f8d8ef740][TIMING] emit_host_span: [STRACE] v=1 pid=467927 tid=467927 inv=68 hid=6bd2711823aaa57e depth=1 name=chip.run.bind ts=182571631452575 dur=113633945
[mono_ns=182571750058994][T0x727f8d8ef740][WARN] prepare_execution: [device_runner.cpp:343] AICPU CPU_TOPO unavailable; using json_fallback: soc=Ascend950PR_9579 occupy=0x3e stable_reachable=5 requested=0 effective=5 affinity=[1, 2, 3, 4, 5(orch)]
[mono_ns=182571751778805][T0x727f8d8ef740][TIMING] emit_host_span: [STRACE] v=1 pid=467927 tid=467927 inv=68 hid=6bd2711823aaa57e depth=1 name=chip.run.runner_run ts=182571750114156 dur=1663337
[mono_ns=182571752066717][T0x727f8d8ef740][TIMING] emit_host_span: [STRACE] v=1 pid=467927 tid=467927 inv=68 hid=6bd2711823aaa57e depth=1 name=chip.run.validate ts=182571751783161 dur=282685
[mono_ns=182571752069221][T0x727f8d8ef740][TIMING] emit_host_span: [STRACE] v=1 pid=467927 tid=467927 inv=68 hid=6bd2711823aaa57e depth=2 name=chip.run.runner_run.device_wall ts=0 dur=1481463 clk=dev
[mono_ns=182571752070853][T0x727f8d8ef740][TIMING] emit_host_span: [STRACE] v=1 pid=467927 tid=467927 inv=68 hid=6bd2711823aaa57e depth=3 name=chip.run.runner_run.device_wall.preamble ts=0 dur=11725 clk=dev
[mono_ns=182571752072105][T0x727f8d8ef740][TIMING] emit_host_span: [STRACE] v=1 pid=467927 tid=467927 inv=68 hid=6bd2711823aaa57e depth=3 name=chip.run.runner_run.device_wall.graph_build ts=2429 dur=1474087 clk=dev
[mono_ns=182571752073107][T0x727f8d8ef740][TIMING] emit_host_span: [STRACE] v=1 pid=467927 tid=467927 inv=68 hid=6bd2711823aaa57e depth=3 name=chip.run.runner_run.device_wall.config_validate ts=2611 dur=1273 clk=dev
[mono_ns=182571752074068][T0x727f8d8ef740][TIMING] emit_host_span: [STRACE] v=1 pid=467927 tid=467927 inv=68 hid=6bd2711823aaa57e depth=3 name=chip.run.runner_run.device_wall.arena_wire ts=3902 dur=3095 clk=dev
[mono_ns=182571752075040][T0x727f8d8ef740][TIMING] emit_host_span: [STRACE] v=1 pid=467927 tid=467927 inv=68 hid=6bd2711823aaa57e depth=3 name=chip.run.runner_run.device_wall.sm_reset ts=7342 dur=4809 clk=dev
[mono_ns=182571752076051][T0x727f8d8ef740][TIMING] emit_host_span: [STRACE] v=1 pid=467927 tid=467927 inv=68 hid=6bd2711823aaa57e depth=3 name=chip.run.runner_run.device_wall.post_orch ts=1476539 dur=4714 clk=dev
[mono_ns=182571752077033][T0x727f8d8ef740][TIMING] emit_host_span: [STRACE] v=1 pid=467927 tid=467927 inv=68 hid=6bd2711823aaa57e depth=3 name=chip.run.runner_run.device_wall.orch ts=12225 dur=1173204 clk=dev
[mono_ns=182571752078004][T0x727f8d8ef740][TIMING] emit_host_span: [STRACE] v=1 pid=467927 tid=467927 inv=68 hid=6bd2711823aaa57e depth=3 name=chip.run.runner_run.device_wall.sched ts=12726 dur=1449962 clk=dev
[mono_ns=182571752079196][T0x727f8d8ef740][TIMING] emit_host_span: [STRACE] v=1 pid=467927 tid=467927 inv=68 hid=6bd2711823aaa57e depth=1 name=chip.run.claim_release ts=182571752078525 dur=110
[mono_ns=182571752081109][T0x727f8d8ef740][TIMING] emit_host_span: [STRACE] v=1 pid=467927 tid=467927 inv=68 hid=6bd2711823aaa57e depth=0 name=chip.run ts=182571631446646 dur=120633441 run_id=0 dispatch_id=0 slot_id=0 generation=68 run_epoch=68
[mono_ns=182571867194474][T0x727f8d8ef740][TIMING] emit_host_span: [STRACE] v=1 pid=467927 tid=467927 inv=69 hid=6bd2711823aaa57e depth=2 name=chip.run.bind.args ts=182571752402641 dur=114784513
[mono_ns=182571867218390][T0x727f8d8ef740][TIMING] emit_host_span: [STRACE] v=1 pid=467927 tid=467927 inv=69 hid=6bd2711823aaa57e depth=2 name=chip.run.bind.prebuilt ts=182571867215406 dur=2253
[mono_ns=182571867220854][T0x727f8d8ef740][TIMING] emit_host_span: [STRACE] v=1 pid=467927 tid=467927 inv=69 hid=6bd2711823aaa57e depth=1 name=chip.run.bind ts=182571752398645 dur=114820877
[mono_ns=182571872169892][T0x727f8d8ef740][WARN] prepare_execution: [device_runner.cpp:343] AICPU CPU_TOPO unavailable; using json_fallback: soc=Ascend950PR_9579 occupy=0x3e stable_reachable=5 requested=0 effective=5 affinity=[1, 2, 3, 4, 5(orch)]
[mono_ns=182571873862543][T0x727f8d8ef740][TIMING] emit_host_span: [STRACE] v=1 pid=467927 tid=467927 inv=69 hid=6bd2711823aaa57e depth=1 name=chip.run.runner_run ts=182571872223583 dur=1637347
[mono_ns=182571874151506][T0x727f8d8ef740][TIMING] emit_host_span: [STRACE] v=1 pid=467927 tid=467927 inv=69 hid=6bd2711823aaa57e depth=1 name=chip.run.validate ts=182571873865878 dur=284777
[mono_ns=182571874153620][T0x727f8d8ef740][TIMING] emit_host_span: [STRACE] v=1 pid=467927 tid=467927 inv=69 hid=6bd2711823aaa57e depth=2 name=chip.run.runner_run.device_wall ts=0 dur=1459828 clk=dev
[mono_ns=182571874155092][T0x727f8d8ef740][TIMING] emit_host_span: [STRACE] v=1 pid=467927 tid=467927 inv=69 hid=6bd2711823aaa57e depth=3 name=chip.run.runner_run.device_wall.preamble ts=0 dur=12458 clk=dev
[mono_ns=182571874156394][T0x727f8d8ef740][TIMING] emit_host_span: [STRACE] v=1 pid=467927 tid=467927 inv=69 hid=6bd2711823aaa57e depth=3 name=chip.run.runner_run.device_wall.graph_build ts=1951 dur=1453232 clk=dev
[mono_ns=182571874157375][T0x727f8d8ef740][TIMING] emit_host_span: [STRACE] v=1 pid=467927 tid=467927 inv=69 hid=6bd2711823aaa57e depth=3 name=chip.run.runner_run.device_wall.config_validate ts=2719 dur=1215 clk=dev
[mono_ns=182571874158357][T0x727f8d8ef740][TIMING] emit_host_span: [STRACE] v=1 pid=467927 tid=467927 inv=69 hid=6bd2711823aaa57e depth=3 name=chip.run.runner_run.device_wall.arena_wire ts=3951 dur=3496 clk=dev
[mono_ns=182571874159338][T0x727f8d8ef740][TIMING] emit_host_span: [STRACE] v=1 pid=467927 tid=467927 inv=69 hid=6bd2711823aaa57e depth=3 name=chip.run.runner_run.device_wall.sm_reset ts=7470 dur=5063 clk=dev
[mono_ns=182571874160330][T0x727f8d8ef740][TIMING] emit_host_span: [STRACE] v=1 pid=467927 tid=467927 inv=69 hid=6bd2711823aaa57e depth=3 name=chip.run.runner_run.device_wall.post_orch ts=1455299 dur=4126 clk=dev
[mono_ns=182571874161311][T0x727f8d8ef740][TIMING] emit_host_span: [STRACE] v=1 pid=467927 tid=467927 inv=69 hid=6bd2711823aaa57e depth=3 name=chip.run.runner_run.device_wall.orch ts=12620 dur=1150737 clk=dev
[mono_ns=182571874162293][T0x727f8d8ef740][TIMING] emit_host_span: [STRACE] v=1 pid=467927 tid=467927 inv=69 hid=6bd2711823aaa57e depth=3 name=chip.run.runner_run.device_wall.sched ts=13193 dur=1426636 clk=dev
[mono_ns=182571874163454][T0x727f8d8ef740][TIMING] emit_host_span: [STRACE] v=1 pid=467927 tid=467927 inv=69 hid=6bd2711823aaa57e depth=1 name=chip.run.claim_release ts=182571874162813 dur=91
[mono_ns=182571874165097][T0x727f8d8ef740][TIMING] emit_host_span: [STRACE] v=1 pid=467927 tid=467927 inv=69 hid=6bd2711823aaa57e depth=0 name=chip.run ts=182571752393718 dur=121770728 run_id=0 dispatch_id=0 slot_id=0 generation=69 run_epoch=69
[mono_ns=182571989872204][T0x727f8d8ef740][TIMING] emit_host_span: [STRACE] v=1 pid=467927 tid=467927 inv=70 hid=6bd2711823aaa57e depth=2 name=chip.run.bind.args ts=182571874507341 dur=115356230
[mono_ns=182571989894007][T0x727f8d8ef740][TIMING] emit_host_span: [STRACE] v=1 pid=467927 tid=467927 inv=70 hid=6bd2711823aaa57e depth=2 name=chip.run.bind.prebuilt ts=182571989890752 dur=2393
[mono_ns=182571989896851][T0x727f8d8ef740][TIMING] emit_host_span: [STRACE] v=1 pid=467927 tid=467927 inv=70 hid=6bd2711823aaa57e depth=1 name=chip.run.bind ts=182571874503124 dur=115392355
[mono_ns=182571994945689][T0x727f8d8ef740][WARN] prepare_execution: [device_runner.cpp:343] AICPU CPU_TOPO unavailable; using json_fallback: soc=Ascend950PR_9579 occupy=0x3e stable_reachable=5 requested=0 effective=5 affinity=[1, 2, 3, 4, 5(orch)]
[mono_ns=182571996802376][T0x727f8d8ef740][TIMING] emit_host_span: [STRACE] v=1 pid=467927 tid=467927 inv=70 hid=6bd2711823aaa57e depth=1 name=chip.run.runner_run ts=182571995003455 dur=1797398
[mono_ns=182571997075435][T0x727f8d8ef740][TIMING] emit_host_span: [STRACE] v=1 pid=467927 tid=467927 inv=70 hid=6bd2711823aaa57e depth=1 name=chip.run.validate ts=182571996806241 dur=268283
[mono_ns=182571997078340][T0x727f8d8ef740][TIMING] emit_host_span: [STRACE] v=1 pid=467927 tid=467927 inv=70 hid=6bd2711823aaa57e depth=2 name=chip.run.runner_run.device_wall ts=0 dur=1617402 clk=dev
[mono_ns=182571997079802][T0x727f8d8ef740][TIMING] emit_host_span: [STRACE] v=1 pid=467927 tid=467927 inv=70 hid=6bd2711823aaa57e depth=3 name=chip.run.runner_run.device_wall.preamble ts=0 dur=13167 clk=dev
[mono_ns=182571997081184][T0x727f8d8ef740][TIMING] emit_host_span: [STRACE] v=1 pid=467927 tid=467927 inv=70 hid=6bd2711823aaa57e depth=3 name=chip.run.runner_run.device_wall.graph_build ts=3076 dur=1609520 clk=dev
[mono_ns=182571997082256][T0x727f8d8ef740][TIMING] emit_host_span: [STRACE] v=1 pid=467927 tid=467927 inv=70 hid=6bd2711823aaa57e depth=3 name=chip.run.runner_run.device_wall.config_validate ts=3352 dur=1151 clk=dev
[mono_ns=182571997083267][T0x727f8d8ef740][TIMING] emit_host_span: [STRACE] v=1 pid=467927 tid=467927 inv=70 hid=6bd2711823aaa57e depth=3 name=chip.run.runner_run.device_wall.arena_wire ts=4522 dur=3734 clk=dev
[mono_ns=182571997084239][T0x727f8d8ef740][TIMING] emit_host_span: [STRACE] v=1 pid=467927 tid=467927 inv=70 hid=6bd2711823aaa57e depth=3 name=chip.run.runner_run.device_wall.sm_reset ts=8276 dur=4983 clk=dev
[mono_ns=182571997085270][T0x727f8d8ef740][TIMING] emit_host_span: [STRACE] v=1 pid=467927 tid=467927 inv=70 hid=6bd2711823aaa57e depth=3 name=chip.run.runner_run.device_wall.post_orch ts=1612627 dur=4580 clk=dev
[mono_ns=182571997086262][T0x727f8d8ef740][TIMING] emit_host_span: [STRACE] v=1 pid=467927 tid=467927 inv=70 hid=6bd2711823aaa57e depth=3 name=chip.run.runner_run.device_wall.orch ts=13332 dur=1142777 clk=dev
[mono_ns=182571997087243][T0x727f8d8ef740][TIMING] emit_host_span: [STRACE] v=1 pid=467927 tid=467927 inv=70 hid=6bd2711823aaa57e depth=3 name=chip.run.runner_run.device_wall.sched ts=13998 dur=1586277 clk=dev
[mono_ns=182571997088445][T0x727f8d8ef740][TIMING] emit_host_span: [STRACE] v=1 pid=467927 tid=467927 inv=70 hid=6bd2711823aaa57e depth=1 name=chip.run.claim_release ts=182571997087774 dur=90
[mono_ns=182571997090398][T0x727f8d8ef740][TIMING] emit_host_span: [STRACE] v=1 pid=467927 tid=467927 inv=70 hid=6bd2711823aaa57e depth=0 name=chip.run ts=182571874497786 dur=122591570 run_id=0 dispatch_id=0 slot_id=0 generation=70 run_epoch=70
[mono_ns=182572115074482][T0x727f8d8ef740][TIMING] emit_host_span: [STRACE] v=1 pid=467927 tid=467927 inv=71 hid=6bd2711823aaa57e depth=2 name=chip.run.bind.args ts=182571997434715 dur=117631846
[mono_ns=182572115094092][T0x727f8d8ef740][TIMING] emit_host_span: [STRACE] v=1 pid=467927 tid=467927 inv=71 hid=6bd2711823aaa57e depth=2 name=chip.run.bind.prebuilt ts=182572115091308 dur=1792
[mono_ns=182572115096946][T0x727f8d8ef740][TIMING] emit_host_span: [STRACE] v=1 pid=467927 tid=467927 inv=71 hid=6bd2711823aaa57e depth=1 name=chip.run.bind ts=182571997429627 dur=117665737
[mono_ns=182572120117862][T0x727f8d8ef740][WARN] prepare_execution: [device_runner.cpp:343] AICPU CPU_TOPO unavailable; using json_fallback: soc=Ascend950PR_9579 occupy=0x3e stable_reachable=5 requested=0 effective=5 affinity=[1, 2, 3, 4, 5(orch)]
[mono_ns=182572121824353][T0x727f8d8ef740][TIMING] emit_host_span: [STRACE] v=1 pid=467927 tid=467927 inv=71 hid=6bd2711823aaa57e depth=1 name=chip.run.runner_run ts=182572120167837 dur=1655104
[mono_ns=182572122110423][T0x727f8d8ef740][TIMING] emit_host_span: [STRACE] v=1 pid=467927 tid=467927 inv=71 hid=6bd2711823aaa57e depth=1 name=chip.run.validate ts=182572121828480 dur=280941
[mono_ns=182572122113157][T0x727f8d8ef740][TIMING] emit_host_span: [STRACE] v=1 pid=467927 tid=467927 inv=71 hid=6bd2711823aaa57e depth=2 name=chip.run.runner_run.device_wall ts=0 dur=1470100 clk=dev
[mono_ns=182572122120117][T0x727f8d8ef740][TIMING] emit_host_span: [STRACE] v=1 pid=467927 tid=467927 inv=71 hid=6bd2711823aaa57e depth=3 name=chip.run.runner_run.device_wall.preamble ts=0 dur=11936 clk=dev
[mono_ns=182572122121439][T0x727f8d8ef740][TIMING] emit_host_span: [STRACE] v=1 pid=467927 tid=467927 inv=71 hid=6bd2711823aaa57e depth=3 name=chip.run.runner_run.device_wall.graph_build ts=2317 dur=1462981 clk=dev
[mono_ns=182572122122471][T0x727f8d8ef740][TIMING] emit_host_span: [STRACE] v=1 pid=467927 tid=467927 inv=71 hid=6bd2711823aaa57e depth=3 name=chip.run.runner_run.device_wall.config_validate ts=2798 dur=1648 clk=dev
[mono_ns=182572122123452][T0x727f8d8ef740][TIMING] emit_host_span: [STRACE] v=1 pid=467927 tid=467927 inv=71 hid=6bd2711823aaa57e depth=3 name=chip.run.runner_run.device_wall.arena_wire ts=4465 dur=3659 clk=dev
[mono_ns=182572122124444][T0x727f8d8ef740][TIMING] emit_host_span: [STRACE] v=1 pid=467927 tid=467927 inv=71 hid=6bd2711823aaa57e depth=3 name=chip.run.runner_run.device_wall.sm_reset ts=8443 dur=4014 clk=dev
[mono_ns=182572122125505][T0x727f8d8ef740][TIMING] emit_host_span: [STRACE] v=1 pid=467927 tid=467927 inv=71 hid=6bd2711823aaa57e depth=3 name=chip.run.runner_run.device_wall.post_orch ts=1465316 dur=4704 clk=dev
[mono_ns=182572122126517][T0x727f8d8ef740][TIMING] emit_host_span: [STRACE] v=1 pid=467927 tid=467927 inv=71 hid=6bd2711823aaa57e depth=3 name=chip.run.runner_run.device_wall.orch ts=12527 dur=1177195 clk=dev
[mono_ns=182572122127518][T0x727f8d8ef740][TIMING] emit_host_span: [STRACE] v=1 pid=467927 tid=467927 inv=71 hid=6bd2711823aaa57e depth=3 name=chip.run.runner_run.device_wall.sched ts=13277 dur=1439443 clk=dev
[mono_ns=182572122128820][T0x727f8d8ef740][TIMING] emit_host_span: [STRACE] v=1 pid=467927 tid=467927 inv=71 hid=6bd2711823aaa57e depth=1 name=chip.run.claim_release ts=182572122128079 dur=120
[mono_ns=182572122130613][T0x727f8d8ef740][TIMING] emit_host_span: [STRACE] v=1 pid=467927 tid=467927 inv=71 hid=6bd2711823aaa57e depth=0 name=chip.run ts=182571997423698 dur=124706184 run_id=0 dispatch_id=0 slot_id=0 generation=71 run_epoch=71
[mono_ns=182572239468528][T0x727f8d8ef740][TIMING] emit_host_span: [STRACE] v=1 pid=467927 tid=467927 inv=72 hid=6bd2711823aaa57e depth=2 name=chip.run.bind.args ts=182572122494239 dur=116967949
[mono_ns=182572239485013][T0x727f8d8ef740][TIMING] emit_host_span: [STRACE] v=1 pid=467927 tid=467927 inv=72 hid=6bd2711823aaa57e depth=2 name=chip.run.bind.prebuilt ts=182572239481978 dur=2183
[mono_ns=182572239488017][T0x727f8d8ef740][TIMING] emit_host_span: [STRACE] v=1 pid=467927 tid=467927 inv=72 hid=6bd2711823aaa57e depth=1 name=chip.run.bind ts=182572122488590 dur=116997925
[mono_ns=182572244479749][T0x727f8d8ef740][WARN] prepare_execution: [device_runner.cpp:343] AICPU CPU_TOPO unavailable; using json_fallback: soc=Ascend950PR_9579 occupy=0x3e stable_reachable=5 requested=0 effective=5 affinity=[1, 2, 3, 4, 5(orch)]
[mono_ns=182572246219781][T0x727f8d8ef740][TIMING] emit_host_span: [STRACE] v=1 pid=467927 tid=467927 inv=72 hid=6bd2711823aaa57e depth=1 name=chip.run.runner_run ts=182572244530746 dur=1687102
[mono_ns=182572246471268][T0x727f8d8ef740][TIMING] emit_host_span: [STRACE] v=1 pid=467927 tid=467927 inv=72 hid=6bd2711823aaa57e depth=1 name=chip.run.validate ts=182572246223917 dur=246440
[mono_ns=182572246473011][T0x727f8d8ef740][TIMING] emit_host_span: [STRACE] v=1 pid=467927 tid=467927 inv=72 hid=6bd2711823aaa57e depth=2 name=chip.run.runner_run.device_wall ts=0 dur=1516999 clk=dev
[mono_ns=182572246474513][T0x727f8d8ef740][TIMING] emit_host_span: [STRACE] v=1 pid=467927 tid=467927 inv=72 hid=6bd2711823aaa57e depth=3 name=chip.run.runner_run.device_wall.preamble ts=0 dur=12567 clk=dev
[mono_ns=182572246475905][T0x727f8d8ef740][TIMING] emit_host_span: [STRACE] v=1 pid=467927 tid=467927 inv=72 hid=6bd2711823aaa57e depth=3 name=chip.run.runner_run.device_wall.graph_build ts=3021 dur=1509621 clk=dev
[mono_ns=182572246481834][T0x727f8d8ef740][TIMING] emit_host_span: [STRACE] v=1 pid=467927 tid=467927 inv=72 hid=6bd2711823aaa57e depth=3 name=chip.run.runner_run.device_wall.config_validate ts=3338 dur=1426 clk=dev
[mono_ns=182572246482866][T0x727f8d8ef740][TIMING] emit_host_span: [STRACE] v=1 pid=467927 tid=467927 inv=72 hid=6bd2711823aaa57e depth=3 name=chip.run.runner_run.device_wall.arena_wire ts=4775 dur=3594 clk=dev
[mono_ns=182572246483907][T0x727f8d8ef740][TIMING] emit_host_span: [STRACE] v=1 pid=467927 tid=467927 inv=72 hid=6bd2711823aaa57e depth=3 name=chip.run.runner_run.device_wall.sm_reset ts=8389 dur=5234 clk=dev
[mono_ns=182572246485079][T0x727f8d8ef740][TIMING] emit_host_span: [STRACE] v=1 pid=467927 tid=467927 inv=72 hid=6bd2711823aaa57e depth=3 name=chip.run.runner_run.device_wall.post_orch ts=1512658 dur=3977 clk=dev
[mono_ns=182572246486071][T0x727f8d8ef740][TIMING] emit_host_span: [STRACE] v=1 pid=467927 tid=467927 inv=72 hid=6bd2711823aaa57e depth=3 name=chip.run.runner_run.device_wall.orch ts=13881 dur=1161832 clk=dev
[mono_ns=182572246487052][T0x727f8d8ef740][TIMING] emit_host_span: [STRACE] v=1 pid=467927 tid=467927 inv=72 hid=6bd2711823aaa57e depth=3 name=chip.run.runner_run.device_wall.sched ts=14270 dur=1486142 clk=dev
[mono_ns=182572246488574][T0x727f8d8ef740][TIMING] emit_host_span: [STRACE] v=1 pid=467927 tid=467927 inv=72 hid=6bd2711823aaa57e depth=1 name=chip.run.claim_release ts=182572246487713 dur=230
[mono_ns=182572246490417][T0x727f8d8ef740][TIMING] emit_host_span: [STRACE] v=1 pid=467927 tid=467927 inv=72 hid=6bd2711823aaa57e depth=0 name=chip.run ts=182572122481890 dur=124007596 run_id=0 dispatch_id=0 slot_id=0 generation=72 run_epoch=72
[mono_ns=182572362347429][T0x727f8d8ef740][TIMING] emit_host_span: [STRACE] v=1 pid=467927 tid=467927 inv=73 hid=6bd2711823aaa57e depth=2 name=chip.run.bind.args ts=182572246851800 dur=115488188
[mono_ns=182572362366858][T0x727f8d8ef740][TIMING] emit_host_span: [STRACE] v=1 pid=467927 tid=467927 inv=73 hid=6bd2711823aaa57e depth=2 name=chip.run.bind.prebuilt ts=182572362363734 dur=2313
[mono_ns=182572362370043][T0x727f8d8ef740][TIMING] emit_host_span: [STRACE] v=1 pid=467927 tid=467927 inv=73 hid=6bd2711823aaa57e depth=1 name=chip.run.bind ts=182572246846482 dur=115522139
[mono_ns=182572367448515][T0x727f8d8ef740][WARN] prepare_execution: [device_runner.cpp:343] AICPU CPU_TOPO unavailable; using json_fallback: soc=Ascend950PR_9579 occupy=0x3e stable_reachable=5 requested=0 effective=5 affinity=[1, 2, 3, 4, 5(orch)]
[mono_ns=182572369186975][T0x727f8d8ef740][TIMING] emit_host_span: [STRACE] v=1 pid=467927 tid=467927 inv=73 hid=6bd2711823aaa57e depth=1 name=chip.run.runner_run ts=182572367503618 dur=1681614
[mono_ns=182572369459023][T0x727f8d8ef740][TIMING] emit_host_span: [STRACE] v=1 pid=467927 tid=467927 inv=73 hid=6bd2711823aaa57e depth=1 name=chip.run.validate ts=182572369190760 dur=267342
[mono_ns=182572369461016][T0x727f8d8ef740][TIMING] emit_host_span: [STRACE] v=1 pid=467927 tid=467927 inv=73 hid=6bd2711823aaa57e depth=2 name=chip.run.runner_run.device_wall ts=0 dur=1501032 clk=dev
[mono_ns=182572369462508][T0x727f8d8ef740][TIMING] emit_host_span: [STRACE] v=1 pid=467927 tid=467927 inv=73 hid=6bd2711823aaa57e depth=3 name=chip.run.runner_run.device_wall.preamble ts=0 dur=11935 clk=dev
[mono_ns=182572369463860][T0x727f8d8ef740][TIMING] emit_host_span: [STRACE] v=1 pid=467927 tid=467927 inv=73 hid=6bd2711823aaa57e depth=3 name=chip.run.runner_run.device_wall.graph_build ts=2348 dur=1494270 clk=dev
[mono_ns=182572369464892][T0x727f8d8ef740][TIMING] emit_host_span: [STRACE] v=1 pid=467927 tid=467927 inv=73 hid=6bd2711823aaa57e depth=3 name=chip.run.runner_run.device_wall.config_validate ts=2834 dur=2032 clk=dev
[mono_ns=182572369465893][T0x727f8d8ef740][TIMING] emit_host_span: [STRACE] v=1 pid=467927 tid=467927 inv=73 hid=6bd2711823aaa57e depth=3 name=chip.run.runner_run.device_wall.arena_wire ts=4886 dur=3690 clk=dev
[mono_ns=182572369466865][T0x727f8d8ef740][TIMING] emit_host_span: [STRACE] v=1 pid=467927 tid=467927 inv=73 hid=6bd2711823aaa57e depth=3 name=chip.run.runner_run.device_wall.sm_reset ts=8596 dur=4726 clk=dev
[mono_ns=182572369473164][T0x727f8d8ef740][TIMING] emit_host_span: [STRACE] v=1 pid=467927 tid=467927 inv=73 hid=6bd2711823aaa57e depth=3 name=chip.run.runner_run.device_wall.post_orch ts=1496636 dur=4091 clk=dev
[mono_ns=182572369474176][T0x727f8d8ef740][TIMING] emit_host_span: [STRACE] v=1 pid=467927 tid=467927 inv=73 hid=6bd2711823aaa57e depth=3 name=chip.run.runner_run.device_wall.orch ts=13584 dur=1163360 clk=dev
[mono_ns=182572369475167][T0x727f8d8ef740][TIMING] emit_host_span: [STRACE] v=1 pid=467927 tid=467927 inv=73 hid=6bd2711823aaa57e depth=3 name=chip.run.runner_run.device_wall.sched ts=14002 dur=1470111 clk=dev
[mono_ns=182572369476840][T0x727f8d8ef740][TIMING] emit_host_span: [STRACE] v=1 pid=467927 tid=467927 inv=73 hid=6bd2711823aaa57e depth=1 name=chip.run.claim_release ts=182572369475918 dur=311
[mono_ns=182572369478502][T0x727f8d8ef740][TIMING] emit_host_span: [STRACE] v=1 pid=467927 tid=467927 inv=73 hid=6bd2711823aaa57e depth=0 name=chip.run ts=182572246840412 dur=122637379 run_id=0 dispatch_id=0 slot_id=0 generation=73 run_epoch=73
[mono_ns=182572486363247][T0x727f8d8ef740][TIMING] emit_host_span: [STRACE] v=1 pid=467927 tid=467927 inv=74 hid=6bd2711823aaa57e depth=2 name=chip.run.bind.args ts=182572369861477 dur=116492536
[mono_ns=182572486383367][T0x727f8d8ef740][TIMING] emit_host_span: [STRACE] v=1 pid=467927 tid=467927 inv=74 hid=6bd2711823aaa57e depth=2 name=chip.run.bind.prebuilt ts=182572486380413 dur=2153
[mono_ns=182572486386592][T0x727f8d8ef740][TIMING] emit_host_span: [STRACE] v=1 pid=467927 tid=467927 inv=74 hid=6bd2711823aaa57e depth=1 name=chip.run.bind ts=182572369855889 dur=116529080
[mono_ns=182572491363161][T0x727f8d8ef740][WARN] prepare_execution: [device_runner.cpp:343] AICPU CPU_TOPO unavailable; using json_fallback: soc=Ascend950PR_9579 occupy=0x3e stable_reachable=5 requested=0 effective=5 affinity=[1, 2, 3, 4, 5(orch)]
[mono_ns=182572493074410][T0x727f8d8ef740][TIMING] emit_host_span: [STRACE] v=1 pid=467927 tid=467927 inv=74 hid=6bd2711823aaa57e depth=1 name=chip.run.runner_run ts=182572491419987 dur=1652710
[mono_ns=182572493348071][T0x727f8d8ef740][TIMING] emit_host_span: [STRACE] v=1 pid=467927 tid=467927 inv=74 hid=6bd2711823aaa57e depth=1 name=chip.run.validate ts=182572493078596 dur=268453
[mono_ns=182572493350044][T0x727f8d8ef740][TIMING] emit_host_span: [STRACE] v=1 pid=467927 tid=467927 inv=74 hid=6bd2711823aaa57e depth=2 name=chip.run.runner_run.device_wall ts=0 dur=1461054 clk=dev
[mono_ns=182572493351506][T0x727f8d8ef740][TIMING] emit_host_span: [STRACE] v=1 pid=467927 tid=467927 inv=74 hid=6bd2711823aaa57e depth=3 name=chip.run.runner_run.device_wall.preamble ts=0 dur=12782 clk=dev
[mono_ns=182572493352657][T0x727f8d8ef740][TIMING] emit_host_span: [STRACE] v=1 pid=467927 tid=467927 inv=74 hid=6bd2711823aaa57e depth=3 name=chip.run.runner_run.device_wall.graph_build ts=2173 dur=1454673 clk=dev
[mono_ns=182572493353659][T0x727f8d8ef740][TIMING] emit_host_span: [STRACE] v=1 pid=467927 tid=467927 inv=74 hid=6bd2711823aaa57e depth=3 name=chip.run.runner_run.device_wall.config_validate ts=2889 dur=1649 clk=dev
[mono_ns=182572493354650][T0x727f8d8ef740][TIMING] emit_host_span: [STRACE] v=1 pid=467927 tid=467927 inv=74 hid=6bd2711823aaa57e depth=3 name=chip.run.runner_run.device_wall.arena_wire ts=4558 dur=3157 clk=dev
[mono_ns=182572493355622][T0x727f8d8ef740][TIMING] emit_host_span: [STRACE] v=1 pid=467927 tid=467927 inv=74 hid=6bd2711823aaa57e depth=3 name=chip.run.runner_run.device_wall.sm_reset ts=7732 dur=4513 clk=dev
[mono_ns=182572493356643][T0x727f8d8ef740][TIMING] emit_host_span: [STRACE] v=1 pid=467927 tid=467927 inv=74 hid=6bd2711823aaa57e depth=3 name=chip.run.runner_run.device_wall.post_orch ts=1456906 dur=3859 clk=dev
[mono_ns=182572493357655][T0x727f8d8ef740][TIMING] emit_host_span: [STRACE] v=1 pid=467927 tid=467927 inv=74 hid=6bd2711823aaa57e depth=3 name=chip.run.runner_run.device_wall.orch ts=12506 dur=1169456 clk=dev
[mono_ns=182572493366148][T0x727f8d8ef740][TIMING] emit_host_span: [STRACE] v=1 pid=467927 tid=467927 inv=74 hid=6bd2711823aaa57e depth=3 name=chip.run.runner_run.device_wall.sched ts=13271 dur=1429844 clk=dev
[mono_ns=182572493367690][T0x727f8d8ef740][TIMING] emit_host_span: [STRACE] v=1 pid=467927 tid=467927 inv=74 hid=6bd2711823aaa57e depth=1 name=chip.run.claim_release ts=182572493366879 dur=210
[mono_ns=182572493369493][T0x727f8d8ef740][TIMING] emit_host_span: [STRACE] v=1 pid=467927 tid=467927 inv=74 hid=6bd2711823aaa57e depth=0 name=chip.run ts=182572369849359 dur=123519463 run_id=0 dispatch_id=0 slot_id=0 generation=74 run_epoch=74
[mono_ns=182572612988030][T0x727f8d8ef740][TIMING] emit_host_span: [STRACE] v=1 pid=467927 tid=467927 inv=75 hid=6bd2711823aaa57e depth=2 name=chip.run.bind.args ts=182572493722342 dur=119254722
[mono_ns=182572613018556][T0x727f8d8ef740][TIMING] emit_host_span: [STRACE] v=1 pid=467927 tid=467927 inv=75 hid=6bd2711823aaa57e depth=2 name=chip.run.bind.prebuilt ts=182572613015231 dur=2194
[mono_ns=182572613022072][T0x727f8d8ef740][TIMING] emit_host_span: [STRACE] v=1 pid=467927 tid=467927 inv=75 hid=6bd2711823aaa57e depth=1 name=chip.run.bind ts=182572493717044 dur=119303405
[mono_ns=182572617996738][T0x727f8d8ef740][WARN] prepare_execution: [device_runner.cpp:343] AICPU CPU_TOPO unavailable; using json_fallback: soc=Ascend950PR_9579 occupy=0x3e stable_reachable=5 requested=0 effective=5 affinity=[1, 2, 3, 4, 5(orch)]
[mono_ns=182572619737291][T0x727f8d8ef740][TIMING] emit_host_span: [STRACE] v=1 pid=467927 tid=467927 inv=75 hid=6bd2711823aaa57e depth=1 name=chip.run.runner_run ts=182572618055546 dur=1679972
[mono_ns=182572620039033][T0x727f8d8ef740][TIMING] emit_host_span: [STRACE] v=1 pid=467927 tid=467927 inv=75 hid=6bd2711823aaa57e depth=1 name=chip.run.validate ts=182572619742458 dur=295514
[mono_ns=182572620041657][T0x727f8d8ef740][TIMING] emit_host_span: [STRACE] v=1 pid=467927 tid=467927 inv=75 hid=6bd2711823aaa57e depth=2 name=chip.run.runner_run.device_wall ts=0 dur=1480814 clk=dev
[mono_ns=182572620043190][T0x727f8d8ef740][TIMING] emit_host_span: [STRACE] v=1 pid=467927 tid=467927 inv=75 hid=6bd2711823aaa57e depth=3 name=chip.run.runner_run.device_wall.preamble ts=0 dur=11661 clk=dev
[mono_ns=182572620044622][T0x727f8d8ef740][TIMING] emit_host_span: [STRACE] v=1 pid=467927 tid=467927 inv=75 hid=6bd2711823aaa57e depth=3 name=chip.run.runner_run.device_wall.graph_build ts=2076 dur=1474172 clk=dev
[mono_ns=182572620045633][T0x727f8d8ef740][TIMING] emit_host_span: [STRACE] v=1 pid=467927 tid=467927 inv=75 hid=6bd2711823aaa57e depth=3 name=chip.run.runner_run.device_wall.config_validate ts=2662 dur=1343 clk=dev
[mono_ns=182572620046625][T0x727f8d8ef740][TIMING] emit_host_span: [STRACE] v=1 pid=467927 tid=467927 inv=75 hid=6bd2711823aaa57e depth=3 name=chip.run.runner_run.device_wall.arena_wire ts=4028 dur=2625 clk=dev
[mono_ns=182572620047616][T0x727f8d8ef740][TIMING] emit_host_span: [STRACE] v=1 pid=467927 tid=467927 inv=75 hid=6bd2711823aaa57e depth=3 name=chip.run.runner_run.device_wall.sm_reset ts=7005 dur=4729 clk=dev
[mono_ns=182572620048638][T0x727f8d8ef740][TIMING] emit_host_span: [STRACE] v=1 pid=467927 tid=467927 inv=75 hid=6bd2711823aaa57e depth=3 name=chip.run.runner_run.device_wall.post_orch ts=1476424 dur=4228 clk=dev
[mono_ns=182572620049629][T0x727f8d8ef740][TIMING] emit_host_span: [STRACE] v=1 pid=467927 tid=467927 inv=75 hid=6bd2711823aaa57e depth=3 name=chip.run.runner_run.device_wall.orch ts=11760 dur=1160998 clk=dev
[mono_ns=182572620050661][T0x727f8d8ef740][TIMING] emit_host_span: [STRACE] v=1 pid=467927 tid=467927 inv=75 hid=6bd2711823aaa57e depth=3 name=chip.run.runner_run.device_wall.sched ts=12423 dur=1451946 clk=dev
[mono_ns=182572620052073][T0x727f8d8ef740][TIMING] emit_host_span: [STRACE] v=1 pid=467927 tid=467927 inv=75 hid=6bd2711823aaa57e depth=1 name=chip.run.claim_release ts=182572620051342 dur=100
[mono_ns=182572620053766][T0x727f8d8ef740][TIMING] emit_host_span: [STRACE] v=1 pid=467927 tid=467927 inv=75 hid=6bd2711823aaa57e depth=0 name=chip.run ts=182572493710985 dur=126342059 run_id=0 dispatch_id=0 slot_id=0 generation=75 run_epoch=75
[mono_ns=182572744173910][T0x727f8d8ef740][TIMING] emit_host_span: [STRACE] v=1 pid=467927 tid=467927 inv=76 hid=6bd2711823aaa57e depth=2 name=chip.run.bind.args ts=182572620422669 dur=123743880
[mono_ns=182572744197816][T0x727f8d8ef740][TIMING] emit_host_span: [STRACE] v=1 pid=467927 tid=467927 inv=76 hid=6bd2711823aaa57e depth=2 name=chip.run.bind.prebuilt ts=182572744194771 dur=2133
[mono_ns=182572744201041][T0x727f8d8ef740][TIMING] emit_host_span: [STRACE] v=1 pid=467927 tid=467927 inv=76 hid=6bd2711823aaa57e depth=1 name=chip.run.bind ts=182572620417121 dur=123782377
[mono_ns=182572749228256][T0x727f8d8ef740][WARN] prepare_execution: [device_runner.cpp:343] AICPU CPU_TOPO unavailable; using json_fallback: soc=Ascend950PR_9579 occupy=0x3e stable_reachable=5 requested=0 effective=5 affinity=[1, 2, 3, 4, 5(orch)]
[mono_ns=182572751031633][T0x727f8d8ef740][TIMING] emit_host_span: [STRACE] v=1 pid=467927 tid=467927 inv=76 hid=6bd2711823aaa57e depth=1 name=chip.run.runner_run ts=182572749280364 dur=1749807
[mono_ns=182572751317832][T0x727f8d8ef740][TIMING] emit_host_span: [STRACE] v=1 pid=467927 tid=467927 inv=76 hid=6bd2711823aaa57e depth=1 name=chip.run.validate ts=182572751035739 dur=281172
[mono_ns=182572751319835][T0x727f8d8ef740][TIMING] emit_host_span: [STRACE] v=1 pid=467927 tid=467927 inv=76 hid=6bd2711823aaa57e depth=2 name=chip.run.runner_run.device_wall ts=0 dur=1567086 clk=dev
[mono_ns=182572751321177][T0x727f8d8ef740][TIMING] emit_host_span: [STRACE] v=1 pid=467927 tid=467927 inv=76 hid=6bd2711823aaa57e depth=3 name=chip.run.runner_run.device_wall.preamble ts=0 dur=13006 clk=dev
[mono_ns=182572751322579][T0x727f8d8ef740][TIMING] emit_host_span: [STRACE] v=1 pid=467927 tid=467927 inv=76 hid=6bd2711823aaa57e depth=3 name=chip.run.runner_run.device_wall.graph_build ts=3429 dur=1558745 clk=dev
[mono_ns=182572751323601][T0x727f8d8ef740][TIMING] emit_host_span: [STRACE] v=1 pid=467927 tid=467927 inv=76 hid=6bd2711823aaa57e depth=3 name=chip.run.runner_run.device_wall.config_validate ts=3663 dur=1331 clk=dev
[mono_ns=182572751324593][T0x727f8d8ef740][TIMING] emit_host_span: [STRACE] v=1 pid=467927 tid=467927 inv=76 hid=6bd2711823aaa57e depth=3 name=chip.run.runner_run.device_wall.arena_wire ts=5018 dur=3698 clk=dev
[mono_ns=182572751325584][T0x727f8d8ef740][TIMING] emit_host_span: [STRACE] v=1 pid=467927 tid=467927 inv=76 hid=6bd2711823aaa57e depth=3 name=chip.run.runner_run.device_wall.sm_reset ts=8739 dur=4798 clk=dev
[mono_ns=182572751326606][T0x727f8d8ef740][TIMING] emit_host_span: [STRACE] v=1 pid=467927 tid=467927 inv=76 hid=6bd2711823aaa57e depth=3 name=chip.run.runner_run.device_wall.post_orch ts=1562267 dur=4164 clk=dev
[mono_ns=182572751327597][T0x727f8d8ef740][TIMING] emit_host_span: [STRACE] v=1 pid=467927 tid=467927 inv=76 hid=6bd2711823aaa57e depth=3 name=chip.run.runner_run.device_wall.orch ts=13612 dur=1176259 clk=dev
[mono_ns=182572751328578][T0x727f8d8ef740][TIMING] emit_host_span: [STRACE] v=1 pid=467927 tid=467927 inv=76 hid=6bd2711823aaa57e depth=3 name=chip.run.runner_run.device_wall.sched ts=14287 dur=1532437 clk=dev
[mono_ns=182572751329810][T0x727f8d8ef740][TIMING] emit_host_span: [STRACE] v=1 pid=467927 tid=467927 inv=76 hid=6bd2711823aaa57e depth=1 name=chip.run.claim_release ts=182572751329129 dur=90
[mono_ns=182572751331593][T0x727f8d8ef740][TIMING] emit_host_span: [STRACE] v=1 pid=467927 tid=467927 inv=76 hid=6bd2711823aaa57e depth=0 name=chip.run ts=182572620410050 dur=130920822 run_id=0 dispatch_id=0 slot_id=0 generation=76 run_epoch=76
[mono_ns=182572872826537][T0x727f8d8ef740][TIMING] emit_host_span: [STRACE] v=1 pid=467927 tid=467927 inv=77 hid=6bd2711823aaa57e depth=2 name=chip.run.bind.args ts=182572751694418 dur=121123757
[mono_ns=182572872850723][T0x727f8d8ef740][TIMING] emit_host_span: [STRACE] v=1 pid=467927 tid=467927 inv=77 hid=6bd2711823aaa57e depth=2 name=chip.run.bind.prebuilt ts=182572872847499 dur=2383
[mono_ns=182572872853508][T0x727f8d8ef740][TIMING] emit_host_span: [STRACE] v=1 pid=467927 tid=467927 inv=77 hid=6bd2711823aaa57e depth=1 name=chip.run.bind ts=182572751689670 dur=121162415
[mono_ns=182572878251329][T0x727f8d8ef740][WARN] prepare_execution: [device_runner.cpp:343] AICPU CPU_TOPO unavailable; using json_fallback: soc=Ascend950PR_9579 occupy=0x3e stable_reachable=5 requested=0 effective=5 affinity=[1, 2, 3, 4, 5(orch)]
[mono_ns=182572879999784][T0x727f8d8ef740][TIMING] emit_host_span: [STRACE] v=1 pid=467927 tid=467927 inv=77 hid=6bd2711823aaa57e depth=1 name=chip.run.runner_run ts=182572878303117 dur=1694954
[mono_ns=182572880277821][T0x727f8d8ef740][TIMING] emit_host_span: [STRACE] v=1 pid=467927 tid=467927 inv=77 hid=6bd2711823aaa57e depth=1 name=chip.run.validate ts=182572880008146 dur=268844
[mono_ns=182572880279824][T0x727f8d8ef740][TIMING] emit_host_span: [STRACE] v=1 pid=467927 tid=467927 inv=77 hid=6bd2711823aaa57e depth=2 name=chip.run.runner_run.device_wall ts=0 dur=1511839 clk=dev
[mono_ns=182572880281286][T0x727f8d8ef740][TIMING] emit_host_span: [STRACE] v=1 pid=467927 tid=467927 inv=77 hid=6bd2711823aaa57e depth=3 name=chip.run.runner_run.device_wall.preamble ts=0 dur=12420 clk=dev
[mono_ns=182572880282348][T0x727f8d8ef740][TIMING] emit_host_span: [STRACE] v=1 pid=467927 tid=467927 inv=77 hid=6bd2711823aaa57e depth=3 name=chip.run.runner_run.device_wall.graph_build ts=2957 dur=1504009 clk=dev
[mono_ns=182572880283359][T0x727f8d8ef740][TIMING] emit_host_span: [STRACE] v=1 pid=467927 tid=467927 inv=77 hid=6bd2711823aaa57e depth=3 name=chip.run.runner_run.device_wall.config_validate ts=3199 dur=1289 clk=dev
[mono_ns=182572880284331][T0x727f8d8ef740][TIMING] emit_host_span: [STRACE] v=1 pid=467927 tid=467927 inv=77 hid=6bd2711823aaa57e depth=3 name=chip.run.runner_run.device_wall.arena_wire ts=4509 dur=3322 clk=dev
[mono_ns=182572880285292][T0x727f8d8ef740][TIMING] emit_host_span: [STRACE] v=1 pid=467927 tid=467927 inv=77 hid=6bd2711823aaa57e depth=3 name=chip.run.runner_run.device_wall.sm_reset ts=8403 dur=5266 clk=dev
[mono_ns=182572880286314][T0x727f8d8ef740][TIMING] emit_host_span: [STRACE] v=1 pid=467927 tid=467927 inv=77 hid=6bd2711823aaa57e depth=3 name=chip.run.runner_run.device_wall.post_orch ts=1507054 dur=4094 clk=dev
[mono_ns=182572880287315][T0x727f8d8ef740][TIMING] emit_host_span: [STRACE] v=1 pid=467927 tid=467927 inv=77 hid=6bd2711823aaa57e depth=3 name=chip.run.runner_run.device_wall.orch ts=13738 dur=1171500 clk=dev
[mono_ns=182572880288337][T0x727f8d8ef740][TIMING] emit_host_span: [STRACE] v=1 pid=467927 tid=467927 inv=77 hid=6bd2711823aaa57e depth=3 name=chip.run.runner_run.device_wall.sched ts=14434 dur=1477508 clk=dev
[mono_ns=182572880289709][T0x727f8d8ef740][TIMING] emit_host_span: [STRACE] v=1 pid=467927 tid=467927 inv=77 hid=6bd2711823aaa57e depth=1 name=chip.run.claim_release ts=182572880289088 dur=70
[mono_ns=182572880291261][T0x727f8d8ef740][TIMING] emit_host_span: [STRACE] v=1 pid=467927 tid=467927 inv=77 hid=6bd2711823aaa57e depth=0 name=chip.run ts=182572751684443 dur=128606167 run_id=0 dispatch_id=0 slot_id=0 generation=77 run_epoch=77
[mono_ns=182572997698290][T0x727f8d8ef740][TIMING] emit_host_span: [STRACE] v=1 pid=467927 tid=467927 inv=78 hid=6bd2711823aaa57e depth=2 name=chip.run.bind.args ts=182572880653605 dur=117033177
[mono_ns=182572997726742][T0x727f8d8ef740][TIMING] emit_host_span: [STRACE] v=1 pid=467927 tid=467927 inv=78 hid=6bd2711823aaa57e depth=2 name=chip.run.bind.prebuilt ts=182572997723277 dur=2474
[mono_ns=182572997729707][T0x727f8d8ef740][TIMING] emit_host_span: [STRACE] v=1 pid=467927 tid=467927 inv=78 hid=6bd2711823aaa57e depth=1 name=chip.run.bind ts=182572880648177 dur=117080158
[mono_ns=182573002677563][T0x727f8d8ef740][WARN] prepare_execution: [device_runner.cpp:343] AICPU CPU_TOPO unavailable; using json_fallback: soc=Ascend950PR_9579 occupy=0x3e stable_reachable=5 requested=0 effective=5 affinity=[1, 2, 3, 4, 5(orch)]
[mono_ns=182573004395742][T0x727f8d8ef740][TIMING] emit_host_span: [STRACE] v=1 pid=467927 tid=467927 inv=78 hid=6bd2711823aaa57e depth=1 name=chip.run.runner_run ts=182573002738244 dur=1655545
[mono_ns=182573004695562][T0x727f8d8ef740][TIMING] emit_host_span: [STRACE] v=1 pid=467927 tid=467927 inv=78 hid=6bd2711823aaa57e depth=1 name=chip.run.validate ts=182573004405907 dur=288683
[mono_ns=182573004697234][T0x727f8d8ef740][TIMING] emit_host_span: [STRACE] v=1 pid=467927 tid=467927 inv=78 hid=6bd2711823aaa57e depth=2 name=chip.run.runner_run.device_wall ts=0 dur=1476053 clk=dev
[mono_ns=182573004698536][T0x727f8d8ef740][TIMING] emit_host_span: [STRACE] v=1 pid=467927 tid=467927 inv=78 hid=6bd2711823aaa57e depth=3 name=chip.run.runner_run.device_wall.preamble ts=0 dur=12721 clk=dev
[mono_ns=182573004699888][T0x727f8d8ef740][TIMING] emit_host_span: [STRACE] v=1 pid=467927 tid=467927 inv=78 hid=6bd2711823aaa57e depth=3 name=chip.run.runner_run.device_wall.graph_build ts=3665 dur=1467285 clk=dev
[mono_ns=182573004700900][T0x727f8d8ef740][TIMING] emit_host_span: [STRACE] v=1 pid=467927 tid=467927 inv=78 hid=6bd2711823aaa57e depth=3 name=chip.run.runner_run.device_wall.config_validate ts=4026 dur=1672 clk=dev
[mono_ns=182573004701891][T0x727f8d8ef740][TIMING] emit_host_span: [STRACE] v=1 pid=467927 tid=467927 inv=78 hid=6bd2711823aaa57e depth=3 name=chip.run.runner_run.device_wall.arena_wire ts=5718 dur=3589 clk=dev
[mono_ns=182573004702883][T0x727f8d8ef740][TIMING] emit_host_span: [STRACE] v=1 pid=467927 tid=467927 inv=78 hid=6bd2711823aaa57e depth=3 name=chip.run.runner_run.device_wall.sm_reset ts=9338 dur=4975 clk=dev
[mono_ns=182573004704095][T0x727f8d8ef740][TIMING] emit_host_span: [STRACE] v=1 pid=467927 tid=467927 inv=78 hid=6bd2711823aaa57e depth=3 name=chip.run.runner_run.device_wall.post_orch ts=1470964 dur=4681 clk=dev
[mono_ns=182573004705096][T0x727f8d8ef740][TIMING] emit_host_span: [STRACE] v=1 pid=467927 tid=467927 inv=78 hid=6bd2711823aaa57e depth=3 name=chip.run.runner_run.device_wall.orch ts=14464 dur=1171049 clk=dev
[mono_ns=182573004706098][T0x727f8d8ef740][TIMING] emit_host_span: [STRACE] v=1 pid=467927 tid=467927 inv=78 hid=6bd2711823aaa57e depth=3 name=chip.run.runner_run.device_wall.sched ts=14980 dur=1443775 clk=dev
[mono_ns=182573004707440][T0x727f8d8ef740][TIMING] emit_host_span: [STRACE] v=1 pid=467927 tid=467927 inv=78 hid=6bd2711823aaa57e depth=1 name=chip.run.claim_release ts=182573004706729 dur=120
[mono_ns=182573004709092][T0x727f8d8ef740][TIMING] emit_host_span: [STRACE] v=1 pid=467927 tid=467927 inv=78 hid=6bd2711823aaa57e depth=0 name=chip.run ts=182572880642488 dur=124065873 run_id=0 dispatch_id=0 slot_id=0 generation=78 run_epoch=78
[mono_ns=182573123006697][T0x727f8d8ef740][TIMING] emit_host_span: [STRACE] v=1 pid=467927 tid=467927 inv=79 hid=6bd2711823aaa57e depth=2 name=chip.run.bind.args ts=182573005114300 dur=117875011
[mono_ns=182573123032536][T0x727f8d8ef740][TIMING] emit_host_span: [STRACE] v=1 pid=467927 tid=467927 inv=79 hid=6bd2711823aaa57e depth=2 name=chip.run.bind.prebuilt ts=182573123029141 dur=2364
[mono_ns=182573123035711][T0x727f8d8ef740][TIMING] emit_host_span: [STRACE] v=1 pid=467927 tid=467927 inv=79 hid=6bd2711823aaa57e depth=1 name=chip.run.bind ts=182573005108992 dur=117925217
[mono_ns=182573127991940][T0x727f8d8ef740][WARN] prepare_execution: [device_runner.cpp:343] AICPU CPU_TOPO unavailable; using json_fallback: soc=Ascend950PR_9579 occupy=0x3e stable_reachable=5 requested=0 effective=5 affinity=[1, 2, 3, 4, 5(orch)]
[mono_ns=182573129853324][T0x727f8d8ef740][TIMING] emit_host_span: [STRACE] v=1 pid=467927 tid=467927 inv=79 hid=6bd2711823aaa57e depth=1 name=chip.run.runner_run ts=182573128047163 dur=1804628
[mono_ns=182573130136348][T0x727f8d8ef740][TIMING] emit_host_span: [STRACE] v=1 pid=467927 tid=467927 inv=79 hid=6bd2711823aaa57e depth=1 name=chip.run.validate ts=182573129857730 dur=277647
[mono_ns=182573130138862][T0x727f8d8ef740][TIMING] emit_host_span: [STRACE] v=1 pid=467927 tid=467927 inv=79 hid=6bd2711823aaa57e depth=2 name=chip.run.runner_run.device_wall ts=0 dur=1620540 clk=dev
[mono_ns=182573130140354][T0x727f8d8ef740][TIMING] emit_host_span: [STRACE] v=1 pid=467927 tid=467927 inv=79 hid=6bd2711823aaa57e depth=3 name=chip.run.runner_run.device_wall.preamble ts=0 dur=12612 clk=dev
[mono_ns=182573130149528][T0x727f8d8ef740][TIMING] emit_host_span: [STRACE] v=1 pid=467927 tid=467927 inv=79 hid=6bd2711823aaa57e depth=3 name=chip.run.runner_run.device_wall.graph_build ts=2262 dur=1613794 clk=dev
[mono_ns=182573130150550][T0x727f8d8ef740][TIMING] emit_host_span: [STRACE] v=1 pid=467927 tid=467927 inv=79 hid=6bd2711823aaa57e depth=3 name=chip.run.runner_run.device_wall.config_validate ts=2797 dur=1420 clk=dev
[mono_ns=182573130151541][T0x727f8d8ef740][TIMING] emit_host_span: [STRACE] v=1 pid=467927 tid=467927 inv=79 hid=6bd2711823aaa57e depth=3 name=chip.run.runner_run.device_wall.arena_wire ts=4284 dur=3719 clk=dev
[mono_ns=182573130152553][T0x727f8d8ef740][TIMING] emit_host_span: [STRACE] v=1 pid=467927 tid=467927 inv=79 hid=6bd2711823aaa57e depth=3 name=chip.run.runner_run.device_wall.sm_reset ts=8074 dur=4744 clk=dev
[mono_ns=182573130153584][T0x727f8d8ef740][TIMING] emit_host_span: [STRACE] v=1 pid=467927 tid=467927 inv=79 hid=6bd2711823aaa57e depth=3 name=chip.run.runner_run.device_wall.post_orch ts=1616091 dur=4127 clk=dev
[mono_ns=182573130154566][T0x727f8d8ef740][TIMING] emit_host_span: [STRACE] v=1 pid=467927 tid=467927 inv=79 hid=6bd2711823aaa57e depth=3 name=chip.run.runner_run.device_wall.orch ts=13083 dur=1155044 clk=dev
[mono_ns=182573130155567][T0x727f8d8ef740][TIMING] emit_host_span: [STRACE] v=1 pid=467927 tid=467927 inv=79 hid=6bd2711823aaa57e depth=3 name=chip.run.runner_run.device_wall.sched ts=13515 dur=1588131 clk=dev
[mono_ns=182573130156949][T0x727f8d8ef740][TIMING] emit_host_span: [STRACE] v=1 pid=467927 tid=467927 inv=79 hid=6bd2711823aaa57e depth=1 name=chip.run.claim_release ts=182573130156108 dur=230
[mono_ns=182573130158742][T0x727f8d8ef740][TIMING] emit_host_span: [STRACE] v=1 pid=467927 tid=467927 inv=79 hid=6bd2711823aaa57e depth=0 name=chip.run ts=182573005102563 dur=125055438 run_id=0 dispatch_id=0 slot_id=0 generation=79 run_epoch=79
[mono_ns=182573248158240][T0x727f8d8ef740][TIMING] emit_host_span: [STRACE] v=1 pid=467927 tid=467927 inv=80 hid=6bd2711823aaa57e depth=2 name=chip.run.bind.args ts=182573130520725 dur=117632037
[mono_ns=182573248173222][T0x727f8d8ef740][TIMING] emit_host_span: [STRACE] v=1 pid=467927 tid=467927 inv=80 hid=6bd2711823aaa57e depth=2 name=chip.run.bind.prebuilt ts=182573248170458 dur=1923
[mono_ns=182573248175776][T0x727f8d8ef740][TIMING] emit_host_span: [STRACE] v=1 pid=467927 tid=467927 inv=80 hid=6bd2711823aaa57e depth=1 name=chip.run.bind ts=182573130515157 dur=117658957
[mono_ns=182573253141629][T0x727f8d8ef740][WARN] prepare_execution: [device_runner.cpp:343] AICPU CPU_TOPO unavailable; using json_fallback: soc=Ascend950PR_9579 occupy=0x3e stable_reachable=5 requested=0 effective=5 affinity=[1, 2, 3, 4, 5(orch)]
[mono_ns=182573254851536][T0x727f8d8ef740][TIMING] emit_host_span: [STRACE] v=1 pid=467927 tid=467927 inv=80 hid=6bd2711823aaa57e depth=1 name=chip.run.runner_run ts=182573253189151 dur=1660412
[mono_ns=182573255139528][T0x727f8d8ef740][TIMING] emit_host_span: [STRACE] v=1 pid=467927 tid=467927 inv=80 hid=6bd2711823aaa57e depth=1 name=chip.run.validate ts=182573254856023 dur=282564
[mono_ns=182573255141781][T0x727f8d8ef740][TIMING] emit_host_span: [STRACE] v=1 pid=467927 tid=467927 inv=80 hid=6bd2711823aaa57e depth=2 name=chip.run.runner_run.device_wall ts=0 dur=1493195 clk=dev
[mono_ns=182573255143434][T0x727f8d8ef740][TIMING] emit_host_span: [STRACE] v=1 pid=467927 tid=467927 inv=80 hid=6bd2711823aaa57e depth=3 name=chip.run.runner_run.device_wall.preamble ts=0 dur=11532 clk=dev
[mono_ns=182573255144796][T0x727f8d8ef740][TIMING] emit_host_span: [STRACE] v=1 pid=467927 tid=467927 inv=80 hid=6bd2711823aaa57e depth=3 name=chip.run.runner_run.device_wall.graph_build ts=2838 dur=1486326 clk=dev
[mono_ns=182573255145787][T0x727f8d8ef740][TIMING] emit_host_span: [STRACE] v=1 pid=467927 tid=467927 inv=80 hid=6bd2711823aaa57e depth=3 name=chip.run.runner_run.device_wall.config_validate ts=3105 dur=1372 clk=dev
[mono_ns=182573255146779][T0x727f8d8ef740][TIMING] emit_host_span: [STRACE] v=1 pid=467927 tid=467927 inv=80 hid=6bd2711823aaa57e depth=3 name=chip.run.runner_run.device_wall.arena_wire ts=4495 dur=3463 clk=dev
[mono_ns=182573255152237][T0x727f8d8ef740][TIMING] emit_host_span: [STRACE] v=1 pid=467927 tid=467927 inv=80 hid=6bd2711823aaa57e depth=3 name=chip.run.runner_run.device_wall.sm_reset ts=7979 dur=4405 clk=dev
[mono_ns=182573255153279][T0x727f8d8ef740][TIMING] emit_host_span: [STRACE] v=1 pid=467927 tid=467927 inv=80 hid=6bd2711823aaa57e depth=3 name=chip.run.runner_run.device_wall.post_orch ts=1489183 dur=3478 clk=dev
[mono_ns=182573255154310][T0x727f8d8ef740][TIMING] emit_host_span: [STRACE] v=1 pid=467927 tid=467927 inv=80 hid=6bd2711823aaa57e depth=3 name=chip.run.runner_run.device_wall.orch ts=12638 dur=1163666 clk=dev
[mono_ns=182573255155302][T0x727f8d8ef740][TIMING] emit_host_span: [STRACE] v=1 pid=467927 tid=467927 inv=80 hid=6bd2711823aaa57e depth=3 name=chip.run.runner_run.device_wall.sched ts=13200 dur=1463924 clk=dev
[mono_ns=182573255156564][T0x727f8d8ef740][TIMING] emit_host_span: [STRACE] v=1 pid=467927 tid=467927 inv=80 hid=6bd2711823aaa57e depth=1 name=chip.run.claim_release ts=182573255155873 dur=110
[mono_ns=182573255158136][T0x727f8d8ef740][TIMING] emit_host_span: [STRACE] v=1 pid=467927 tid=467927 inv=80 hid=6bd2711823aaa57e depth=0 name=chip.run ts=182573130507445 dur=124650040 run_id=0 dispatch_id=0 slot_id=0 generation=80 run_epoch=80
[mono_ns=182573368934705][T0x727f8d8ef740][TIMING] emit_host_span: [STRACE] v=1 pid=467927 tid=467927 inv=81 hid=6bd2711823aaa57e depth=2 name=chip.run.bind.args ts=182573255501031 dur=113429188
[mono_ns=182573368949818][T0x727f8d8ef740][TIMING] emit_host_span: [STRACE] v=1 pid=467927 tid=467927 inv=81 hid=6bd2711823aaa57e depth=2 name=chip.run.bind.prebuilt ts=182573368946924 dur=1963
[mono_ns=182573368952432][T0x727f8d8ef740][TIMING] emit_host_span: [STRACE] v=1 pid=467927 tid=467927 inv=81 hid=6bd2711823aaa57e depth=1 name=chip.run.bind ts=182573255495913 dur=113454887
[mono_ns=182573373898356][T0x727f8d8ef740][WARN] prepare_execution: [device_runner.cpp:343] AICPU CPU_TOPO unavailable; using json_fallback: soc=Ascend950PR_9579 occupy=0x3e stable_reachable=5 requested=0 effective=5 affinity=[1, 2, 3, 4, 5(orch)]
[mono_ns=182573375614161][T0x727f8d8ef740][TIMING] emit_host_span: [STRACE] v=1 pid=467927 tid=467927 inv=81 hid=6bd2711823aaa57e depth=1 name=chip.run.runner_run ts=182573373943003 dur=1669996
[mono_ns=182573375893119][T0x727f8d8ef740][TIMING] emit_host_span: [STRACE] v=1 pid=467927 tid=467927 inv=81 hid=6bd2711823aaa57e depth=1 name=chip.run.validate ts=182573375618017 dur=274281
[mono_ns=182573375894812][T0x727f8d8ef740][TIMING] emit_host_span: [STRACE] v=1 pid=467927 tid=467927 inv=81 hid=6bd2711823aaa57e depth=2 name=chip.run.runner_run.device_wall ts=0 dur=1507637 clk=dev
[mono_ns=182573375896314][T0x727f8d8ef740][TIMING] emit_host_span: [STRACE] v=1 pid=467927 tid=467927 inv=81 hid=6bd2711823aaa57e depth=3 name=chip.run.runner_run.device_wall.preamble ts=0 dur=12504 clk=dev
[mono_ns=182573375897606][T0x727f8d8ef740][TIMING] emit_host_span: [STRACE] v=1 pid=467927 tid=467927 inv=81 hid=6bd2711823aaa57e depth=3 name=chip.run.runner_run.device_wall.graph_build ts=2143 dur=1501133 clk=dev
[mono_ns=182573375898608][T0x727f8d8ef740][TIMING] emit_host_span: [STRACE] v=1 pid=467927 tid=467927 inv=81 hid=6bd2711823aaa57e depth=3 name=chip.run.runner_run.device_wall.config_validate ts=2679 dur=1973 clk=dev
[mono_ns=182573375899599][T0x727f8d8ef740][TIMING] emit_host_span: [STRACE] v=1 pid=467927 tid=467927 inv=81 hid=6bd2711823aaa57e depth=3 name=chip.run.runner_run.device_wall.arena_wire ts=4671 dur=3873 clk=dev
[mono_ns=182573375900571][T0x727f8d8ef740][TIMING] emit_host_span: [STRACE] v=1 pid=467927 tid=467927 inv=81 hid=6bd2711823aaa57e depth=3 name=chip.run.runner_run.device_wall.sm_reset ts=8834 dur=4774 clk=dev
[mono_ns=182573375901582][T0x727f8d8ef740][TIMING] emit_host_span: [STRACE] v=1 pid=467927 tid=467927 inv=81 hid=6bd2711823aaa57e depth=3 name=chip.run.runner_run.device_wall.post_orch ts=1503430 dur=3968 clk=dev
[mono_ns=182573375908012][T0x727f8d8ef740][TIMING] emit_host_span: [STRACE] v=1 pid=467927 tid=467927 inv=81 hid=6bd2711823aaa57e depth=3 name=chip.run.runner_run.device_wall.orch ts=13678 dur=1176973 clk=dev
[mono_ns=182573375909063][T0x727f8d8ef740][TIMING] emit_host_span: [STRACE] v=1 pid=467927 tid=467927 inv=81 hid=6bd2711823aaa57e depth=3 name=chip.run.runner_run.device_wall.sched ts=14434 dur=1476356 clk=dev
[mono_ns=182573375910285][T0x727f8d8ef740][TIMING] emit_host_span: [STRACE] v=1 pid=467927 tid=467927 inv=81 hid=6bd2711823aaa57e depth=1 name=chip.run.claim_release ts=182573375909604 dur=100
[mono_ns=182573375911818][T0x727f8d8ef740][TIMING] emit_host_span: [STRACE] v=1 pid=467927 tid=467927 inv=81 hid=6bd2711823aaa57e depth=0 name=chip.run ts=182573255488542 dur=120422605 run_id=0 dispatch_id=0 slot_id=0 generation=81 run_epoch=81
[mono_ns=182573497293792][T0x727f8d8ef740][TIMING] emit_host_span: [STRACE] v=1 pid=467927 tid=467927 inv=82 hid=6bd2711823aaa57e depth=2 name=chip.run.bind.args ts=182573376244116 dur=121039180
[mono_ns=182573497317648][T0x727f8d8ef740][TIMING] emit_host_span: [STRACE] v=1 pid=467927 tid=467927 inv=82 hid=6bd2711823aaa57e depth=2 name=chip.run.bind.prebuilt ts=182573497313952 dur=2604
[mono_ns=182573497320823][T0x727f8d8ef740][TIMING] emit_host_span: [STRACE] v=1 pid=467927 tid=467927 inv=82 hid=6bd2711823aaa57e depth=1 name=chip.run.bind ts=182573376239900 dur=121079440
[mono_ns=182573502377422][T0x727f8d8ef740][WARN] prepare_execution: [device_runner.cpp:343] AICPU CPU_TOPO unavailable; using json_fallback: soc=Ascend950PR_9579 occupy=0x3e stable_reachable=5 requested=0 effective=5 affinity=[1, 2, 3, 4, 5(orch)]
[mono_ns=182573504078435][T0x727f8d8ef740][TIMING] emit_host_span: [STRACE] v=1 pid=467927 tid=467927 inv=82 hid=6bd2711823aaa57e depth=1 name=chip.run.runner_run ts=182573502423972 dur=1652591
[mono_ns=182573504383043][T0x727f8d8ef740][TIMING] emit_host_span: [STRACE] v=1 pid=467927 tid=467927 inv=82 hid=6bd2711823aaa57e depth=1 name=chip.run.validate ts=182573504083162 dur=298949
[mono_ns=182573504385086][T0x727f8d8ef740][TIMING] emit_host_span: [STRACE] v=1 pid=467927 tid=467927 inv=82 hid=6bd2711823aaa57e depth=2 name=chip.run.runner_run.device_wall ts=0 dur=1450520 clk=dev
[mono_ns=182573504386608][T0x727f8d8ef740][TIMING] emit_host_span: [STRACE] v=1 pid=467927 tid=467927 inv=82 hid=6bd2711823aaa57e depth=3 name=chip.run.runner_run.device_wall.preamble ts=0 dur=13213 clk=dev
[mono_ns=182573504388010][T0x727f8d8ef740][TIMING] emit_host_span: [STRACE] v=1 pid=467927 tid=467927 inv=82 hid=6bd2711823aaa57e depth=3 name=chip.run.runner_run.device_wall.graph_build ts=3146 dur=1441988 clk=dev
[mono_ns=182573504389011][T0x727f8d8ef740][TIMING] emit_host_span: [STRACE] v=1 pid=467927 tid=467927 inv=82 hid=6bd2711823aaa57e depth=3 name=chip.run.runner_run.device_wall.config_validate ts=3391 dur=1540 clk=dev
[mono_ns=182573504389983][T0x727f8d8ef740][TIMING] emit_host_span: [STRACE] v=1 pid=467927 tid=467927 inv=82 hid=6bd2711823aaa57e depth=3 name=chip.run.runner_run.device_wall.arena_wire ts=4954 dur=3225 clk=dev
[mono_ns=182573504390954][T0x727f8d8ef740][TIMING] emit_host_span: [STRACE] v=1 pid=467927 tid=467927 inv=82 hid=6bd2711823aaa57e depth=3 name=chip.run.runner_run.device_wall.sm_reset ts=8287 dur=4325 clk=dev
[mono_ns=182573504392026][T0x727f8d8ef740][TIMING] emit_host_span: [STRACE] v=1 pid=467927 tid=467927 inv=82 hid=6bd2711823aaa57e depth=3 name=chip.run.runner_run.device_wall.post_orch ts=1445160 dur=4393 clk=dev
[mono_ns=182573504392997][T0x727f8d8ef740][TIMING] emit_host_span: [STRACE] v=1 pid=467927 tid=467927 inv=82 hid=6bd2711823aaa57e depth=3 name=chip.run.runner_run.device_wall.orch ts=12674 dur=1171839 clk=dev
[mono_ns=182573504393989][T0x727f8d8ef740][TIMING] emit_host_span: [STRACE] v=1 pid=467927 tid=467927 inv=82 hid=6bd2711823aaa57e depth=3 name=chip.run.runner_run.device_wall.sched ts=13698 dur=1417024 clk=dev
[mono_ns=182573504395231][T0x727f8d8ef740][TIMING] emit_host_span: [STRACE] v=1 pid=467927 tid=467927 inv=82 hid=6bd2711823aaa57e depth=1 name=chip.run.claim_release ts=182573504394540 dur=120
[mono_ns=182573504414970][T0x727f8d8ef740][TIMING] emit_host_span: [STRACE] v=1 pid=467927 tid=467927 inv=82 hid=6bd2711823aaa57e depth=0 name=chip.run ts=182573376234842 dur=128179347 run_id=0 dispatch_id=0 slot_id=0 generation=82 run_epoch=82
[mono_ns=182573637686030][T0x727f8d8ef740][TIMING] emit_host_span: [STRACE] v=1 pid=467927 tid=467927 inv=83 hid=6bd2711823aaa57e depth=2 name=chip.run.bind.args ts=182573504794079 dur=132882366
[mono_ns=182573637703626][T0x727f8d8ef740][TIMING] emit_host_span: [STRACE] v=1 pid=467927 tid=467927 inv=83 hid=6bd2711823aaa57e depth=2 name=chip.run.bind.prebuilt ts=182573637700281 dur=2283
[mono_ns=182573637706440][T0x727f8d8ef740][TIMING] emit_host_span: [STRACE] v=1 pid=467927 tid=467927 inv=83 hid=6bd2711823aaa57e depth=1 name=chip.run.bind ts=182573504789052 dur=132916196
[mono_ns=182573644027017][T0x727f8d8ef740][WARN] prepare_execution: [device_runner.cpp:343] AICPU CPU_TOPO unavailable; using json_fallback: soc=Ascend950PR_9579 occupy=0x3e stable_reachable=5 requested=0 effective=5 affinity=[1, 2, 3, 4, 5(orch)]
[mono_ns=182573645759227][T0x727f8d8ef740][TIMING] emit_host_span: [STRACE] v=1 pid=467927 tid=467927 inv=83 hid=6bd2711823aaa57e depth=1 name=chip.run.runner_run ts=182573644075359 dur=1682085
[mono_ns=182573646021881][T0x727f8d8ef740][TIMING] emit_host_span: [STRACE] v=1 pid=467927 tid=467927 inv=83 hid=6bd2711823aaa57e depth=1 name=chip.run.validate ts=182573645762932 dur=258028
[mono_ns=182573646024385][T0x727f8d8ef740][TIMING] emit_host_span: [STRACE] v=1 pid=467927 tid=467927 inv=83 hid=6bd2711823aaa57e depth=2 name=chip.run.runner_run.device_wall ts=0 dur=1511313 clk=dev
[mono_ns=182573646026017][T0x727f8d8ef740][TIMING] emit_host_span: [STRACE] v=1 pid=467927 tid=467927 inv=83 hid=6bd2711823aaa57e depth=3 name=chip.run.runner_run.device_wall.preamble ts=0 dur=11856 clk=dev
[mono_ns=182573646027329][T0x727f8d8ef740][TIMING] emit_host_span: [STRACE] v=1 pid=467927 tid=467927 inv=83 hid=6bd2711823aaa57e depth=3 name=chip.run.runner_run.device_wall.graph_build ts=2903 dur=1503363 clk=dev
[mono_ns=182573646028371][T0x727f8d8ef740][TIMING] emit_host_span: [STRACE] v=1 pid=467927 tid=467927 inv=83 hid=6bd2711823aaa57e depth=3 name=chip.run.runner_run.device_wall.config_validate ts=3120 dur=1385 clk=dev
[mono_ns=182573646029352][T0x727f8d8ef740][TIMING] emit_host_span: [STRACE] v=1 pid=467927 tid=467927 inv=83 hid=6bd2711823aaa57e depth=3 name=chip.run.runner_run.device_wall.arena_wire ts=4563 dur=3453 clk=dev
[mono_ns=182573646030354][T0x727f8d8ef740][TIMING] emit_host_span: [STRACE] v=1 pid=467927 tid=467927 inv=83 hid=6bd2711823aaa57e depth=3 name=chip.run.runner_run.device_wall.sm_reset ts=8087 dur=5480 clk=dev
[mono_ns=182573646031355][T0x727f8d8ef740][TIMING] emit_host_span: [STRACE] v=1 pid=467927 tid=467927 inv=83 hid=6bd2711823aaa57e depth=3 name=chip.run.runner_run.device_wall.post_orch ts=1506288 dur=4306 clk=dev
[mono_ns=182573646032347][T0x727f8d8ef740][TIMING] emit_host_span: [STRACE] v=1 pid=467927 tid=467927 inv=83 hid=6bd2711823aaa57e depth=3 name=chip.run.runner_run.device_wall.orch ts=13593 dur=1179806 clk=dev
[mono_ns=182573646033328][T0x727f8d8ef740][TIMING] emit_host_span: [STRACE] v=1 pid=467927 tid=467927 inv=83 hid=6bd2711823aaa57e depth=3 name=chip.run.runner_run.device_wall.sched ts=14337 dur=1476199 clk=dev
[mono_ns=182573646034730][T0x727f8d8ef740][TIMING] emit_host_span: [STRACE] v=1 pid=467927 tid=467927 inv=83 hid=6bd2711823aaa57e depth=1 name=chip.run.claim_release ts=182573646033999 dur=120
[mono_ns=182573646036423][T0x727f8d8ef740][TIMING] emit_host_span: [STRACE] v=1 pid=467927 tid=467927 inv=83 hid=6bd2711823aaa57e depth=0 name=chip.run ts=182573504782582 dur=141253110 run_id=0 dispatch_id=0 slot_id=0 generation=83 run_epoch=83
[mono_ns=182573765367028][T0x727f8d8ef740][TIMING] emit_host_span: [STRACE] v=1 pid=467927 tid=467927 inv=84 hid=6bd2711823aaa57e depth=2 name=chip.run.bind.args ts=182573646454290 dur=118907130
[mono_ns=182573765395621][T0x727f8d8ef740][TIMING] emit_host_span: [STRACE] v=1 pid=467927 tid=467927 inv=84 hid=6bd2711823aaa57e depth=2 name=chip.run.bind.prebuilt ts=182573765392807 dur=2063
[mono_ns=182573765397965][T0x727f8d8ef740][TIMING] emit_host_span: [STRACE] v=1 pid=467927 tid=467927 inv=84 hid=6bd2711823aaa57e depth=1 name=chip.run.bind ts=182573646449453 dur=118947290
[mono_ns=182573770643658][T0x727f8d8ef740][WARN] prepare_execution: [device_runner.cpp:343] AICPU CPU_TOPO unavailable; using json_fallback: soc=Ascend950PR_9579 occupy=0x3e stable_reachable=5 requested=0 effective=5 affinity=[1, 2, 3, 4, 5(orch)]
[mono_ns=182573772337270][T0x727f8d8ef740][TIMING] emit_host_span: [STRACE] v=1 pid=467927 tid=467927 inv=84 hid=6bd2711823aaa57e depth=1 name=chip.run.runner_run ts=182573770686002 dur=1649836
[mono_ns=182573772624792][T0x727f8d8ef740][TIMING] emit_host_span: [STRACE] v=1 pid=467927 tid=467927 inv=84 hid=6bd2711823aaa57e depth=1 name=chip.run.validate ts=182573772340525 dur=283205
[mono_ns=182573772626725][T0x727f8d8ef740][TIMING] emit_host_span: [STRACE] v=1 pid=467927 tid=467927 inv=84 hid=6bd2711823aaa57e depth=2 name=chip.run.runner_run.device_wall ts=0 dur=1490007 clk=dev
[mono_ns=182573772628237][T0x727f8d8ef740][TIMING] emit_host_span: [STRACE] v=1 pid=467927 tid=467927 inv=84 hid=6bd2711823aaa57e depth=3 name=chip.run.runner_run.device_wall.preamble ts=0 dur=12495 clk=dev
[mono_ns=182573772629439][T0x727f8d8ef740][TIMING] emit_host_span: [STRACE] v=1 pid=467927 tid=467927 inv=84 hid=6bd2711823aaa57e depth=3 name=chip.run.runner_run.device_wall.graph_build ts=3037 dur=1483177 clk=dev
[mono_ns=182573772630450][T0x727f8d8ef740][TIMING] emit_host_span: [STRACE] v=1 pid=467927 tid=467927 inv=84 hid=6bd2711823aaa57e depth=3 name=chip.run.runner_run.device_wall.config_validate ts=3359 dur=1593 clk=dev
[mono_ns=182573772631452][T0x727f8d8ef740][TIMING] emit_host_span: [STRACE] v=1 pid=467927 tid=467927 inv=84 hid=6bd2711823aaa57e depth=3 name=chip.run.runner_run.device_wall.arena_wire ts=5040 dur=3672 clk=dev
[mono_ns=182573772632433][T0x727f8d8ef740][TIMING] emit_host_span: [STRACE] v=1 pid=467927 tid=467927 inv=84 hid=6bd2711823aaa57e depth=3 name=chip.run.runner_run.device_wall.sm_reset ts=8737 dur=4590 clk=dev
[mono_ns=182573772633445][T0x727f8d8ef740][TIMING] emit_host_span: [STRACE] v=1 pid=467927 tid=467927 inv=84 hid=6bd2711823aaa57e depth=3 name=chip.run.runner_run.device_wall.post_orch ts=1486229 dur=3073 clk=dev
[mono_ns=182573772634416][T0x727f8d8ef740][TIMING] emit_host_span: [STRACE] v=1 pid=467927 tid=467927 inv=84 hid=6bd2711823aaa57e depth=3 name=chip.run.runner_run.device_wall.orch ts=13581 dur=1137769 clk=dev
[mono_ns=182573772635398][T0x727f8d8ef740][TIMING] emit_host_span: [STRACE] v=1 pid=467927 tid=467927 inv=84 hid=6bd2711823aaa57e depth=3 name=chip.run.runner_run.device_wall.sched ts=14055 dur=1460190 clk=dev
[mono_ns=182573772636690][T0x727f8d8ef740][TIMING] emit_host_span: [STRACE] v=1 pid=467927 tid=467927 inv=84 hid=6bd2711823aaa57e depth=1 name=chip.run.claim_release ts=182573772636019 dur=90
[mono_ns=182573772638402][T0x727f8d8ef740][TIMING] emit_host_span: [STRACE] v=1 pid=467927 tid=467927 inv=84 hid=6bd2711823aaa57e depth=0 name=chip.run ts=182573646444195 dur=126193556 run_id=0 dispatch_id=0 slot_id=0 generation=84 run_epoch=84
[mono_ns=182573888987813][T0x727f8d8ef740][TIMING] emit_host_span: [STRACE] v=1 pid=467927 tid=467927 inv=85 hid=6bd2711823aaa57e depth=2 name=chip.run.bind.args ts=182573772996129 dur=115984243
[mono_ns=182573889005830][T0x727f8d8ef740][TIMING] emit_host_span: [STRACE] v=1 pid=467927 tid=467927 inv=85 hid=6bd2711823aaa57e depth=2 name=chip.run.bind.prebuilt ts=182573888999831 dur=5258
[mono_ns=182573889008915][T0x727f8d8ef740][TIMING] emit_host_span: [STRACE] v=1 pid=467927 tid=467927 inv=85 hid=6bd2711823aaa57e depth=1 name=chip.run.bind ts=182573772991823 dur=116015710
[mono_ns=182573894019445][T0x727f8d8ef740][WARN] prepare_execution: [device_runner.cpp:343] AICPU CPU_TOPO unavailable; using json_fallback: soc=Ascend950PR_9579 occupy=0x3e stable_reachable=5 requested=0 effective=5 affinity=[1, 2, 3, 4, 5(orch)]
[mono_ns=182573895739217][T0x727f8d8ef740][TIMING] emit_host_span: [STRACE] v=1 pid=467927 tid=467927 inv=85 hid=6bd2711823aaa57e depth=1 name=chip.run.runner_run ts=182573894067517 dur=1670127
[mono_ns=182573895998806][T0x727f8d8ef740][TIMING] emit_host_span: [STRACE] v=1 pid=467927 tid=467927 inv=85 hid=6bd2711823aaa57e depth=1 name=chip.run.validate ts=182573895742321 dur=255614
[mono_ns=182573896003413][T0x727f8d8ef740][TIMING] emit_host_span: [STRACE] v=1 pid=467927 tid=467927 inv=85 hid=6bd2711823aaa57e depth=2 name=chip.run.runner_run.device_wall ts=0 dur=1521372 clk=dev
[mono_ns=182573896005646][T0x727f8d8ef740][TIMING] emit_host_span: [STRACE] v=1 pid=467927 tid=467927 inv=85 hid=6bd2711823aaa57e depth=3 name=chip.run.runner_run.device_wall.preamble ts=0 dur=11197 clk=dev
[mono_ns=182573896006858][T0x727f8d8ef740][TIMING] emit_host_span: [STRACE] v=1 pid=467927 tid=467927 inv=85 hid=6bd2711823aaa57e depth=3 name=chip.run.runner_run.device_wall.graph_build ts=1764 dur=1515359 clk=dev
[mono_ns=182573896007860][T0x727f8d8ef740][TIMING] emit_host_span: [STRACE] v=1 pid=467927 tid=467927 inv=85 hid=6bd2711823aaa57e depth=3 name=chip.run.runner_run.device_wall.config_validate ts=2116 dur=1420 clk=dev
[mono_ns=182573896008851][T0x727f8d8ef740][TIMING] emit_host_span: [STRACE] v=1 pid=467927 tid=467927 inv=85 hid=6bd2711823aaa57e depth=3 name=chip.run.runner_run.device_wall.arena_wire ts=3780 dur=3446 clk=dev
[mono_ns=182573896009833][T0x727f8d8ef740][TIMING] emit_host_span: [STRACE] v=1 pid=467927 tid=467927 inv=85 hid=6bd2711823aaa57e depth=3 name=chip.run.runner_run.device_wall.sm_reset ts=7540 dur=4434 clk=dev
[mono_ns=182573896010854][T0x727f8d8ef740][TIMING] emit_host_span: [STRACE] v=1 pid=467927 tid=467927 inv=85 hid=6bd2711823aaa57e depth=3 name=chip.run.runner_run.device_wall.post_orch ts=1517155 dur=3956 clk=dev
[mono_ns=182573896011876][T0x727f8d8ef740][TIMING] emit_host_span: [STRACE] v=1 pid=467927 tid=467927 inv=85 hid=6bd2711823aaa57e depth=3 name=chip.run.runner_run.device_wall.orch ts=11996 dur=1155357 clk=dev
[mono_ns=182573896012857][T0x727f8d8ef740][TIMING] emit_host_span: [STRACE] v=1 pid=467927 tid=467927 inv=85 hid=6bd2711823aaa57e depth=3 name=chip.run.runner_run.device_wall.sched ts=12829 dur=1491164 clk=dev
[mono_ns=182573896014139][T0x727f8d8ef740][TIMING] emit_host_span: [STRACE] v=1 pid=467927 tid=467927 inv=85 hid=6bd2711823aaa57e depth=1 name=chip.run.claim_release ts=182573896013498 dur=90
[mono_ns=182573896015722][T0x727f8d8ef740][TIMING] emit_host_span: [STRACE] v=1 pid=467927 tid=467927 inv=85 hid=6bd2711823aaa57e depth=0 name=chip.run ts=182573772986545 dur=123028546 run_id=0 dispatch_id=0 slot_id=0 generation=85 run_epoch=85
[mono_ns=182574010548065][T0x727f8d8ef740][TIMING] emit_host_span: [STRACE] v=1 pid=467927 tid=467927 inv=86 hid=6bd2711823aaa57e depth=2 name=chip.run.bind.args ts=182573896394059 dur=114144582
[mono_ns=182574010566884][T0x727f8d8ef740][TIMING] emit_host_span: [STRACE] v=1 pid=467927 tid=467927 inv=86 hid=6bd2711823aaa57e depth=2 name=chip.run.bind.prebuilt ts=182574010563859 dur=2253
[mono_ns=182574010569558][T0x727f8d8ef740][TIMING] emit_host_span: [STRACE] v=1 pid=467927 tid=467927 inv=86 hid=6bd2711823aaa57e depth=1 name=chip.run.bind ts=182573896389222 dur=114178994
[mono_ns=182574015706568][T0x727f8d8ef740][WARN] prepare_execution: [device_runner.cpp:343] AICPU CPU_TOPO unavailable; using json_fallback: soc=Ascend950PR_9579 occupy=0x3e stable_reachable=5 requested=0 effective=5 affinity=[1, 2, 3, 4, 5(orch)]
[mono_ns=182574017414692][T0x727f8d8ef740][TIMING] emit_host_span: [STRACE] v=1 pid=467927 tid=467927 inv=86 hid=6bd2711823aaa57e depth=1 name=chip.run.runner_run ts=182574015755561 dur=1657889
[mono_ns=182574017689855][T0x727f8d8ef740][TIMING] emit_host_span: [STRACE] v=1 pid=467927 tid=467927 inv=86 hid=6bd2711823aaa57e depth=1 name=chip.run.validate ts=182574017418407 dur=270646
[mono_ns=182574017691577][T0x727f8d8ef740][TIMING] emit_host_span: [STRACE] v=1 pid=467927 tid=467927 inv=86 hid=6bd2711823aaa57e depth=2 name=chip.run.runner_run.device_wall ts=0 dur=1472061 clk=dev
[mono_ns=182574017697336][T0x727f8d8ef740][TIMING] emit_host_span: [STRACE] v=1 pid=467927 tid=467927 inv=86 hid=6bd2711823aaa57e depth=3 name=chip.run.runner_run.device_wall.preamble ts=0 dur=11712 clk=dev
[mono_ns=182574017698888][T0x727f8d8ef740][TIMING] emit_host_span: [STRACE] v=1 pid=467927 tid=467927 inv=86 hid=6bd2711823aaa57e depth=3 name=chip.run.runner_run.device_wall.graph_build ts=2911 dur=1464624 clk=dev
[mono_ns=182574017699940][T0x727f8d8ef740][TIMING] emit_host_span: [STRACE] v=1 pid=467927 tid=467927 inv=86 hid=6bd2711823aaa57e depth=3 name=chip.run.runner_run.device_wall.config_validate ts=3277 dur=1399 clk=dev
[mono_ns=182574017700941][T0x727f8d8ef740][TIMING] emit_host_span: [STRACE] v=1 pid=467927 tid=467927 inv=86 hid=6bd2711823aaa57e depth=3 name=chip.run.runner_run.device_wall.arena_wire ts=4792 dur=3016 clk=dev
[mono_ns=182574017701943][T0x727f8d8ef740][TIMING] emit_host_span: [STRACE] v=1 pid=467927 tid=467927 inv=86 hid=6bd2711823aaa57e depth=3 name=chip.run.runner_run.device_wall.sm_reset ts=7829 dur=4917 clk=dev
[mono_ns=182574017702964][T0x727f8d8ef740][TIMING] emit_host_span: [STRACE] v=1 pid=467927 tid=467927 inv=86 hid=6bd2711823aaa57e depth=3 name=chip.run.runner_run.device_wall.post_orch ts=1467558 dur=3666 clk=dev
[mono_ns=182574017703946][T0x727f8d8ef740][TIMING] emit_host_span: [STRACE] v=1 pid=467927 tid=467927 inv=86 hid=6bd2711823aaa57e depth=3 name=chip.run.runner_run.device_wall.orch ts=12771 dur=1175203 clk=dev
[mono_ns=182574017704907][T0x727f8d8ef740][TIMING] emit_host_span: [STRACE] v=1 pid=467927 tid=467927 inv=86 hid=6bd2711823aaa57e depth=3 name=chip.run.runner_run.device_wall.sched ts=13481 dur=1442841 clk=dev
[mono_ns=182574017706239][T0x727f8d8ef740][TIMING] emit_host_span: [STRACE] v=1 pid=467927 tid=467927 inv=86 hid=6bd2711823aaa57e depth=1 name=chip.run.claim_release ts=182574017705538 dur=110
[mono_ns=182574017707892][T0x727f8d8ef740][TIMING] emit_host_span: [STRACE] v=1 pid=467927 tid=467927 inv=86 hid=6bd2711823aaa57e depth=0 name=chip.run ts=182573896383484 dur=121323757 run_id=0 dispatch_id=0 slot_id=0 generation=86 run_epoch=86
[mono_ns=182574133344673][T0x727f8d8ef740][TIMING] emit_host_span: [STRACE] v=1 pid=467927 tid=467927 inv=87 hid=6bd2711823aaa57e depth=2 name=chip.run.bind.args ts=182574018083395 dur=115255299
[mono_ns=182574133361248][T0x727f8d8ef740][TIMING] emit_host_span: [STRACE] v=1 pid=467927 tid=467927 inv=87 hid=6bd2711823aaa57e depth=2 name=chip.run.bind.prebuilt ts=182574133358033 dur=2414
[mono_ns=182574133363782][T0x727f8d8ef740][TIMING] emit_host_span: [STRACE] v=1 pid=467927 tid=467927 inv=87 hid=6bd2711823aaa57e depth=1 name=chip.run.bind ts=182574018078358 dur=115284212
[mono_ns=182574138403186][T0x727f8d8ef740][WARN] prepare_execution: [device_runner.cpp:343] AICPU CPU_TOPO unavailable; using json_fallback: soc=Ascend950PR_9579 occupy=0x3e stable_reachable=5 requested=0 effective=5 affinity=[1, 2, 3, 4, 5(orch)]
[mono_ns=182574140065170][T0x727f8d8ef740][TIMING] emit_host_span: [STRACE] v=1 pid=467927 tid=467927 inv=87 hid=6bd2711823aaa57e depth=1 name=chip.run.runner_run ts=182574138443386 dur=1620031
[mono_ns=182574140352211][T0x727f8d8ef740][TIMING] emit_host_span: [STRACE] v=1 pid=467927 tid=467927 inv=87 hid=6bd2711823aaa57e depth=1 name=chip.run.validate ts=182574140068755 dur=282535
[mono_ns=182574140354004][T0x727f8d8ef740][TIMING] emit_host_span: [STRACE] v=1 pid=467927 tid=467927 inv=87 hid=6bd2711823aaa57e depth=2 name=chip.run.runner_run.device_wall ts=0 dur=1474244 clk=dev
[mono_ns=182574140355626][T0x727f8d8ef740][TIMING] emit_host_span: [STRACE] v=1 pid=467927 tid=467927 inv=87 hid=6bd2711823aaa57e depth=3 name=chip.run.runner_run.device_wall.preamble ts=0 dur=11155 clk=dev
[mono_ns=182574140356938][T0x727f8d8ef740][TIMING] emit_host_span: [STRACE] v=1 pid=467927 tid=467927 inv=87 hid=6bd2711823aaa57e depth=3 name=chip.run.runner_run.device_wall.graph_build ts=2277 dur=1467937 clk=dev
[mono_ns=182574140362106][T0x727f8d8ef740][TIMING] emit_host_span: [STRACE] v=1 pid=467927 tid=467927 inv=87 hid=6bd2711823aaa57e depth=3 name=chip.run.runner_run.device_wall.config_validate ts=2516 dur=1726 clk=dev
[mono_ns=182574140363117][T0x727f8d8ef740][TIMING] emit_host_span: [STRACE] v=1 pid=467927 tid=467927 inv=87 hid=6bd2711823aaa57e depth=3 name=chip.run.runner_run.device_wall.arena_wire ts=4261 dur=3264 clk=dev
[mono_ns=182574140364099][T0x727f8d8ef740][TIMING] emit_host_span: [STRACE] v=1 pid=467927 tid=467927 inv=87 hid=6bd2711823aaa57e depth=3 name=chip.run.runner_run.device_wall.sm_reset ts=7547 dur=4104 clk=dev
[mono_ns=182574140365471][T0x727f8d8ef740][TIMING] emit_host_span: [STRACE] v=1 pid=467927 tid=467927 inv=87 hid=6bd2711823aaa57e depth=3 name=chip.run.runner_run.device_wall.post_orch ts=1470233 dur=3676 clk=dev
[mono_ns=182574140366583][T0x727f8d8ef740][TIMING] emit_host_span: [STRACE] v=1 pid=467927 tid=467927 inv=87 hid=6bd2711823aaa57e depth=3 name=chip.run.runner_run.device_wall.orch ts=11676 dur=1187565 clk=dev
[mono_ns=182574140367584][T0x727f8d8ef740][TIMING] emit_host_span: [STRACE] v=1 pid=467927 tid=467927 inv=87 hid=6bd2711823aaa57e depth=3 name=chip.run.runner_run.device_wall.sched ts=12401 dur=1442015 clk=dev
[mono_ns=182574140369086][T0x727f8d8ef740][TIMING] emit_host_span: [STRACE] v=1 pid=467927 tid=467927 inv=87 hid=6bd2711823aaa57e depth=1 name=chip.run.claim_release ts=182574140368325 dur=200
[mono_ns=182574140370749][T0x727f8d8ef740][TIMING] emit_host_span: [STRACE] v=1 pid=467927 tid=467927 inv=87 hid=6bd2711823aaa57e depth=0 name=chip.run ts=182574018072819 dur=122297259 run_id=0 dispatch_id=0 slot_id=0 generation=87 run_epoch=87
[mono_ns=182574256745338][T0x727f8d8ef740][TIMING] emit_host_span: [STRACE] v=1 pid=467927 tid=467927 inv=88 hid=6bd2711823aaa57e depth=2 name=chip.run.bind.args ts=182574140729327 dur=116009932
[mono_ns=182574256763345][T0x727f8d8ef740][TIMING] emit_host_span: [STRACE] v=1 pid=467927 tid=467927 inv=88 hid=6bd2711823aaa57e depth=2 name=chip.run.bind.prebuilt ts=182574256759749 dur=2784
[mono_ns=182574256766089][T0x727f8d8ef740][TIMING] emit_host_span: [STRACE] v=1 pid=467927 tid=467927 inv=88 hid=6bd2711823aaa57e depth=1 name=chip.run.bind ts=182574140724630 dur=116040077
[mono_ns=182574261828988][T0x727f8d8ef740][WARN] prepare_execution: [device_runner.cpp:343] AICPU CPU_TOPO unavailable; using json_fallback: soc=Ascend950PR_9579 occupy=0x3e stable_reachable=5 requested=0 effective=5 affinity=[1, 2, 3, 4, 5(orch)]
[mono_ns=182574263553035][T0x727f8d8ef740][TIMING] emit_host_span: [STRACE] v=1 pid=467927 tid=467927 inv=88 hid=6bd2711823aaa57e depth=1 name=chip.run.runner_run ts=182574261875718 dur=1675655
[mono_ns=182574263818183][T0x727f8d8ef740][TIMING] emit_host_span: [STRACE] v=1 pid=467927 tid=467927 inv=88 hid=6bd2711823aaa57e depth=1 name=chip.run.validate ts=182574263557031 dur=260361
[mono_ns=182574263820126][T0x727f8d8ef740][TIMING] emit_host_span: [STRACE] v=1 pid=467927 tid=467927 inv=88 hid=6bd2711823aaa57e depth=2 name=chip.run.runner_run.device_wall ts=0 dur=1514993 clk=dev
[mono_ns=182574263821578][T0x727f8d8ef740][TIMING] emit_host_span: [STRACE] v=1 pid=467927 tid=467927 inv=88 hid=6bd2711823aaa57e depth=3 name=chip.run.runner_run.device_wall.preamble ts=0 dur=11325 clk=dev
[mono_ns=182574263822830][T0x727f8d8ef740][TIMING] emit_host_span: [STRACE] v=1 pid=467927 tid=467927 inv=88 hid=6bd2711823aaa57e depth=3 name=chip.run.runner_run.device_wall.graph_build ts=2654 dur=1507768 clk=dev
[mono_ns=182574263823842][T0x727f8d8ef740][TIMING] emit_host_span: [STRACE] v=1 pid=467927 tid=467927 inv=88 hid=6bd2711823aaa57e depth=3 name=chip.run.runner_run.device_wall.config_validate ts=2956 dur=1444 clk=dev
[mono_ns=182574263824803][T0x727f8d8ef740][TIMING] emit_host_span: [STRACE] v=1 pid=467927 tid=467927 inv=88 hid=6bd2711823aaa57e depth=3 name=chip.run.runner_run.device_wall.arena_wire ts=4427 dur=3523 clk=dev
[mono_ns=182574263825795][T0x727f8d8ef740][TIMING] emit_host_span: [STRACE] v=1 pid=467927 tid=467927 inv=88 hid=6bd2711823aaa57e depth=3 name=chip.run.runner_run.device_wall.sm_reset ts=8013 dur=5189 clk=dev
[mono_ns=182574263830131][T0x727f8d8ef740][TIMING] emit_host_span: [STRACE] v=1 pid=467927 tid=467927 inv=88 hid=6bd2711823aaa57e depth=3 name=chip.run.runner_run.device_wall.post_orch ts=1510438 dur=4265 clk=dev
[mono_ns=182574263831153][T0x727f8d8ef740][TIMING] emit_host_span: [STRACE] v=1 pid=467927 tid=467927 inv=88 hid=6bd2711823aaa57e depth=3 name=chip.run.runner_run.device_wall.orch ts=13274 dur=1161256 clk=dev
[mono_ns=182574263832144][T0x727f8d8ef740][TIMING] emit_host_span: [STRACE] v=1 pid=467927 tid=467927 inv=88 hid=6bd2711823aaa57e depth=3 name=chip.run.runner_run.device_wall.sched ts=13888 dur=1484177 clk=dev
[mono_ns=182574263833376][T0x727f8d8ef740][TIMING] emit_host_span: [STRACE] v=1 pid=467927 tid=467927 inv=88 hid=6bd2711823aaa57e depth=1 name=chip.run.claim_release ts=182574263832695 dur=80
[mono_ns=182574263834878][T0x727f8d8ef740][TIMING] emit_host_span: [STRACE] v=1 pid=467927 tid=467927 inv=88 hid=6bd2711823aaa57e depth=0 name=chip.run ts=182574140718030 dur=123116238 run_id=0 dispatch_id=0 slot_id=0 generation=88 run_epoch=88
[mono_ns=182574380603939][T0x727f8d8ef740][TIMING] emit_host_span: [STRACE] v=1 pid=467927 tid=467927 inv=89 hid=6bd2711823aaa57e depth=2 name=chip.run.bind.args ts=182574264228499 dur=116367248
[mono_ns=182574380621626][T0x727f8d8ef740][TIMING] emit_host_span: [STRACE] v=1 pid=467927 tid=467927 inv=89 hid=6bd2711823aaa57e depth=2 name=chip.run.bind.prebuilt ts=182574380618712 dur=2093
[mono_ns=182574380624751][T0x727f8d8ef740][TIMING] emit_host_span: [STRACE] v=1 pid=467927 tid=467927 inv=89 hid=6bd2711823aaa57e depth=1 name=chip.run.bind ts=182574264224153 dur=116399115
[mono_ns=182574385677544][T0x727f8d8ef740][WARN] prepare_execution: [device_runner.cpp:343] AICPU CPU_TOPO unavailable; using json_fallback: soc=Ascend950PR_9579 occupy=0x3e stable_reachable=5 requested=0 effective=5 affinity=[1, 2, 3, 4, 5(orch)]
[mono_ns=182574387417246][T0x727f8d8ef740][TIMING] emit_host_span: [STRACE] v=1 pid=467927 tid=467927 inv=89 hid=6bd2711823aaa57e depth=1 name=chip.run.runner_run ts=182574385726278 dur=1689686
[mono_ns=182574387685158][T0x727f8d8ef740][TIMING] emit_host_span: [STRACE] v=1 pid=467927 tid=467927 inv=89 hid=6bd2711823aaa57e depth=1 name=chip.run.validate ts=182574387420240 dur=264076
[mono_ns=182574387686890][T0x727f8d8ef740][TIMING] emit_host_span: [STRACE] v=1 pid=467927 tid=467927 inv=89 hid=6bd2711823aaa57e depth=2 name=chip.run.runner_run.device_wall ts=0 dur=1533768 clk=dev
[mono_ns=182574387688383][T0x727f8d8ef740][TIMING] emit_host_span: [STRACE] v=1 pid=467927 tid=467927 inv=89 hid=6bd2711823aaa57e depth=3 name=chip.run.runner_run.device_wall.preamble ts=0 dur=11747 clk=dev
[mono_ns=182574387689715][T0x727f8d8ef740][TIMING] emit_host_span: [STRACE] v=1 pid=467927 tid=467927 inv=89 hid=6bd2711823aaa57e depth=3 name=chip.run.runner_run.device_wall.graph_build ts=2465 dur=1526706 clk=dev
[mono_ns=182574387690696][T0x727f8d8ef740][TIMING] emit_host_span: [STRACE] v=1 pid=467927 tid=467927 inv=89 hid=6bd2711823aaa57e depth=3 name=chip.run.runner_run.device_wall.config_validate ts=2924 dur=1841 clk=dev
[mono_ns=182574387691708][T0x727f8d8ef740][TIMING] emit_host_span: [STRACE] v=1 pid=467927 tid=467927 inv=89 hid=6bd2711823aaa57e depth=3 name=chip.run.runner_run.device_wall.arena_wire ts=4789 dur=3545 clk=dev
[mono_ns=182574387692679][T0x727f8d8ef740][TIMING] emit_host_span: [STRACE] v=1 pid=467927 tid=467927 inv=89 hid=6bd2711823aaa57e depth=3 name=chip.run.runner_run.device_wall.sm_reset ts=8405 dur=4115 clk=dev
[mono_ns=182574387693851][T0x727f8d8ef740][TIMING] emit_host_span: [STRACE] v=1 pid=467927 tid=467927 inv=89 hid=6bd2711823aaa57e depth=3 name=chip.run.runner_run.device_wall.post_orch ts=1529475 dur=3853 clk=dev
[mono_ns=182574387694852][T0x727f8d8ef740][TIMING] emit_host_span: [STRACE] v=1 pid=467927 tid=467927 inv=89 hid=6bd2711823aaa57e depth=3 name=chip.run.runner_run.device_wall.orch ts=12587 dur=1176913 clk=dev
[mono_ns=182574387695834][T0x727f8d8ef740][TIMING] emit_host_span: [STRACE] v=1 pid=467927 tid=467927 inv=89 hid=6bd2711823aaa57e depth=3 name=chip.run.runner_run.device_wall.sched ts=13386 dur=1504062 clk=dev
[mono_ns=182574387714151][T0x727f8d8ef740][TIMING] emit_host_span: [STRACE] v=1 pid=467927 tid=467927 inv=89 hid=6bd2711823aaa57e depth=1 name=chip.run.claim_release ts=182574387713440 dur=110
[mono_ns=182574387716014][T0x727f8d8ef740][TIMING] emit_host_span: [STRACE] v=1 pid=467927 tid=467927 inv=89 hid=6bd2711823aaa57e depth=0 name=chip.run ts=182574264218204 dur=123496859 run_id=0 dispatch_id=0 slot_id=0 generation=89 run_epoch=89
[mono_ns=182574501664662][T0x727f8d8ef740][TIMING] emit_host_span: [STRACE] v=1 pid=467927 tid=467927 inv=90 hid=6bd2711823aaa57e depth=2 name=chip.run.bind.args ts=182574388076766 dur=113581827
[mono_ns=182574501680125][T0x727f8d8ef740][TIMING] emit_host_span: [STRACE] v=1 pid=467927 tid=467927 inv=90 hid=6bd2711823aaa57e depth=2 name=chip.run.bind.prebuilt ts=182574501677020 dur=2374
[mono_ns=182574501682629][T0x727f8d8ef740][TIMING] emit_host_span: [STRACE] v=1 pid=467927 tid=467927 inv=90 hid=6bd2711823aaa57e depth=1 name=chip.run.bind ts=182574388072429 dur=113608908
[mono_ns=182574506853810][T0x727f8d8ef740][WARN] prepare_execution: [device_runner.cpp:343] AICPU CPU_TOPO unavailable; using json_fallback: soc=Ascend950PR_9579 occupy=0x3e stable_reachable=5 requested=0 effective=5 affinity=[1, 2, 3, 4, 5(orch)]
[mono_ns=182574508658799][T0x727f8d8ef740][TIMING] emit_host_span: [STRACE] v=1 pid=467927 tid=467927 inv=90 hid=6bd2711823aaa57e depth=1 name=chip.run.runner_run ts=182574506950485 dur=1705630
[mono_ns=182574508984348][T0x727f8d8ef740][TIMING] emit_host_span: [STRACE] v=1 pid=467927 tid=467927 inv=90 hid=6bd2711823aaa57e depth=1 name=chip.run.validate ts=182574508666371 dur=316815
[mono_ns=182574508986982][T0x727f8d8ef740][TIMING] emit_host_span: [STRACE] v=1 pid=467927 tid=467927 inv=90 hid=6bd2711823aaa57e depth=2 name=chip.run.runner_run.device_wall ts=0 dur=1481639 clk=dev
[mono_ns=182574508988705][T0x727f8d8ef740][TIMING] emit_host_span: [STRACE] v=1 pid=467927 tid=467927 inv=90 hid=6bd2711823aaa57e depth=3 name=chip.run.runner_run.device_wall.preamble ts=0 dur=11829 clk=dev
[mono_ns=182574508990057][T0x727f8d8ef740][TIMING] emit_host_span: [STRACE] v=1 pid=467927 tid=467927 inv=90 hid=6bd2711823aaa57e depth=3 name=chip.run.runner_run.device_wall.graph_build ts=2160 dur=1475140 clk=dev
[mono_ns=182574508991128][T0x727f8d8ef740][TIMING] emit_host_span: [STRACE] v=1 pid=467927 tid=467927 inv=90 hid=6bd2711823aaa57e depth=3 name=chip.run.runner_run.device_wall.config_validate ts=2697 dur=1652 clk=dev
[mono_ns=182574508992130][T0x727f8d8ef740][TIMING] emit_host_span: [STRACE] v=1 pid=467927 tid=467927 inv=90 hid=6bd2711823aaa57e depth=3 name=chip.run.runner_run.device_wall.arena_wire ts=4369 dur=3413 clk=dev
[mono_ns=182574508993141][T0x727f8d8ef740][TIMING] emit_host_span: [STRACE] v=1 pid=467927 tid=467927 inv=90 hid=6bd2711823aaa57e depth=3 name=chip.run.runner_run.device_wall.sm_reset ts=7803 dur=5278 clk=dev
[mono_ns=182574508994173][T0x727f8d8ef740][TIMING] emit_host_span: [STRACE] v=1 pid=467927 tid=467927 inv=90 hid=6bd2711823aaa57e depth=3 name=chip.run.runner_run.device_wall.post_orch ts=1477319 dur=4002 clk=dev
[mono_ns=182574508995154][T0x727f8d8ef740][TIMING] emit_host_span: [STRACE] v=1 pid=467927 tid=467927 inv=90 hid=6bd2711823aaa57e depth=3 name=chip.run.runner_run.device_wall.orch ts=13151 dur=1165610 clk=dev
[mono_ns=182574508996146][T0x727f8d8ef740][TIMING] emit_host_span: [STRACE] v=1 pid=467927 tid=467927 inv=90 hid=6bd2711823aaa57e depth=3 name=chip.run.runner_run.device_wall.sched ts=13902 dur=1449138 clk=dev
[mono_ns=182574508997378][T0x727f8d8ef740][TIMING] emit_host_span: [STRACE] v=1 pid=467927 tid=467927 inv=90 hid=6bd2711823aaa57e depth=1 name=chip.run.claim_release ts=182574508996697 dur=110
[mono_ns=182574508999321][T0x727f8d8ef740][TIMING] emit_host_span: [STRACE] v=1 pid=467927 tid=467927 inv=90 hid=6bd2711823aaa57e depth=0 name=chip.run ts=182574388067572 dur=120930877 run_id=0 dispatch_id=0 slot_id=0 generation=90 run_epoch=90
[mono_ns=182574646776152][T0x727f8d8ef740][TIMING] emit_host_span: [STRACE] v=1 pid=467927 tid=467927 inv=91 hid=6bd2711823aaa57e depth=2 name=chip.run.bind.args ts=182574509443137 dur=137324763
[mono_ns=182574646800930][T0x727f8d8ef740][TIMING] emit_host_span: [STRACE] v=1 pid=467927 tid=467927 inv=91 hid=6bd2711823aaa57e depth=2 name=chip.run.bind.prebuilt ts=182574646797184 dur=2834
[mono_ns=182574646803453][T0x727f8d8ef740][TIMING] emit_host_span: [STRACE] v=1 pid=467927 tid=467927 inv=91 hid=6bd2711823aaa57e depth=1 name=chip.run.bind ts=182574509436757 dur=137365495
[mono_ns=182574651808255][T0x727f8d8ef740][WARN] prepare_execution: [device_runner.cpp:343] AICPU CPU_TOPO unavailable; using json_fallback: soc=Ascend950PR_9579 occupy=0x3e stable_reachable=5 requested=0 effective=5 affinity=[1, 2, 3, 4, 5(orch)]
[mono_ns=182574653575728][T0x727f8d8ef740][TIMING] emit_host_span: [STRACE] v=1 pid=467927 tid=467927 inv=91 hid=6bd2711823aaa57e depth=1 name=chip.run.runner_run ts=182574651865992 dur=1708294
[mono_ns=182574653866244][T0x727f8d8ef740][TIMING] emit_host_span: [STRACE] v=1 pid=467927 tid=467927 inv=91 hid=6bd2711823aaa57e depth=1 name=chip.run.validate ts=182574653580065 dur=285248
[mono_ns=182574653868167][T0x727f8d8ef740][TIMING] emit_host_span: [STRACE] v=1 pid=467927 tid=467927 inv=91 hid=6bd2711823aaa57e depth=2 name=chip.run.runner_run.device_wall ts=0 dur=1530405 clk=dev
[mono_ns=182574653869699][T0x727f8d8ef740][TIMING] emit_host_span: [STRACE] v=1 pid=467927 tid=467927 inv=91 hid=6bd2711823aaa57e depth=3 name=chip.run.runner_run.device_wall.preamble ts=0 dur=12590 clk=dev
[mono_ns=182574653871031][T0x727f8d8ef740][TIMING] emit_host_span: [STRACE] v=1 pid=467927 tid=467927 inv=91 hid=6bd2711823aaa57e depth=3 name=chip.run.runner_run.device_wall.graph_build ts=2057 dur=1523852 clk=dev
[mono_ns=182574653872033][T0x727f8d8ef740][TIMING] emit_host_span: [STRACE] v=1 pid=467927 tid=467927 inv=91 hid=6bd2711823aaa57e depth=3 name=chip.run.runner_run.device_wall.config_validate ts=2543 dur=1403 clk=dev
[mono_ns=182574653873014][T0x727f8d8ef740][TIMING] emit_host_span: [STRACE] v=1 pid=467927 tid=467927 inv=91 hid=6bd2711823aaa57e depth=3 name=chip.run.runner_run.device_wall.arena_wire ts=3965 dur=3841 clk=dev
[mono_ns=182574653874006][T0x727f8d8ef740][TIMING] emit_host_span: [STRACE] v=1 pid=467927 tid=467927 inv=91 hid=6bd2711823aaa57e depth=3 name=chip.run.runner_run.device_wall.sm_reset ts=7826 dur=4721 clk=dev
[mono_ns=182574653875037][T0x727f8d8ef740][TIMING] emit_host_span: [STRACE] v=1 pid=467927 tid=467927 inv=91 hid=6bd2711823aaa57e depth=3 name=chip.run.runner_run.device_wall.post_orch ts=1525969 dur=4006 clk=dev
[mono_ns=182574653876059][T0x727f8d8ef740][TIMING] emit_host_span: [STRACE] v=1 pid=467927 tid=467927 inv=91 hid=6bd2711823aaa57e depth=3 name=chip.run.runner_run.device_wall.orch ts=12574 dur=1158494 clk=dev
[mono_ns=182574653877090][T0x727f8d8ef740][TIMING] emit_host_span: [STRACE] v=1 pid=467927 tid=467927 inv=91 hid=6bd2711823aaa57e depth=3 name=chip.run.runner_run.device_wall.sched ts=13203 dur=1498837 clk=dev
[mono_ns=182574653878563][T0x727f8d8ef740][TIMING] emit_host_span: [STRACE] v=1 pid=467927 tid=467927 inv=91 hid=6bd2711823aaa57e depth=1 name=chip.run.claim_release ts=182574653877711 dur=261
[mono_ns=182574653880235][T0x727f8d8ef740][TIMING] emit_host_span: [STRACE] v=1 pid=467927 tid=467927 inv=91 hid=6bd2711823aaa57e depth=0 name=chip.run ts=182574509429076 dur=144450498 run_id=0 dispatch_id=0 slot_id=0 generation=91 run_epoch=91
[mono_ns=182574778201401][T0x727f8d8ef740][TIMING] emit_host_span: [STRACE] v=1 pid=467927 tid=467927 inv=92 hid=6bd2711823aaa57e depth=2 name=chip.run.bind.args ts=182574654260566 dur=123929819
[mono_ns=182574778226329][T0x727f8d8ef740][TIMING] emit_host_span: [STRACE] v=1 pid=467927 tid=467927 inv=92 hid=6bd2711823aaa57e depth=2 name=chip.run.bind.prebuilt ts=182574778223024 dur=2373
[mono_ns=182574778229133][T0x727f8d8ef740][TIMING] emit_host_span: [STRACE] v=1 pid=467927 tid=467927 inv=92 hid=6bd2711823aaa57e depth=1 name=chip.run.bind ts=182574654254988 dur=123972673
[mono_ns=182574783211641][T0x727f8d8ef740][WARN] prepare_execution: [device_runner.cpp:343] AICPU CPU_TOPO unavailable; using json_fallback: soc=Ascend950PR_9579 occupy=0x3e stable_reachable=5 requested=0 effective=5 affinity=[1, 2, 3, 4, 5(orch)]
[mono_ns=182574784927887][T0x727f8d8ef740][TIMING] emit_host_span: [STRACE] v=1 pid=467927 tid=467927 inv=92 hid=6bd2711823aaa57e depth=1 name=chip.run.runner_run ts=182574783270930 dur=1655785
[mono_ns=182574785235549][T0x727f8d8ef740][TIMING] emit_host_span: [STRACE] v=1 pid=467927 tid=467927 inv=92 hid=6bd2711823aaa57e depth=1 name=chip.run.validate ts=182574784932294 dur=302363
[mono_ns=182574785237662][T0x727f8d8ef740][TIMING] emit_host_span: [STRACE] v=1 pid=467927 tid=467927 inv=92 hid=6bd2711823aaa57e depth=2 name=chip.run.runner_run.device_wall ts=0 dur=1459842 clk=dev
[mono_ns=182574785239184][T0x727f8d8ef740][TIMING] emit_host_span: [STRACE] v=1 pid=467927 tid=467927 inv=92 hid=6bd2711823aaa57e depth=3 name=chip.run.runner_run.device_wall.preamble ts=0 dur=12652 clk=dev
[mono_ns=182574785240426][T0x727f8d8ef740][TIMING] emit_host_span: [STRACE] v=1 pid=467927 tid=467927 inv=92 hid=6bd2711823aaa57e depth=3 name=chip.run.runner_run.device_wall.graph_build ts=2172 dur=1453769 clk=dev
[mono_ns=182574785241478][T0x727f8d8ef740][TIMING] emit_host_span: [STRACE] v=1 pid=467927 tid=467927 inv=92 hid=6bd2711823aaa57e depth=3 name=chip.run.runner_run.device_wall.config_validate ts=2956 dur=1416 clk=dev
[mono_ns=182574785242489][T0x727f8d8ef740][TIMING] emit_host_span: [STRACE] v=1 pid=467927 tid=467927 inv=92 hid=6bd2711823aaa57e depth=3 name=chip.run.runner_run.device_wall.arena_wire ts=4397 dur=3036 clk=dev
[mono_ns=182574785243451][T0x727f8d8ef740][TIMING] emit_host_span: [STRACE] v=1 pid=467927 tid=467927 inv=92 hid=6bd2711823aaa57e depth=3 name=chip.run.runner_run.device_wall.sm_reset ts=7467 dur=4658 clk=dev
[mono_ns=182574785244652][T0x727f8d8ef740][TIMING] emit_host_span: [STRACE] v=1 pid=467927 tid=467927 inv=92 hid=6bd2711823aaa57e depth=3 name=chip.run.runner_run.device_wall.post_orch ts=1456249 dur=3331 clk=dev
[mono_ns=182574785245684][T0x727f8d8ef740][TIMING] emit_host_span: [STRACE] v=1 pid=467927 tid=467927 inv=92 hid=6bd2711823aaa57e depth=3 name=chip.run.runner_run.device_wall.orch ts=12153 dur=1171116 clk=dev
[mono_ns=182574785246666][T0x727f8d8ef740][TIMING] emit_host_span: [STRACE] v=1 pid=467927 tid=467927 inv=92 hid=6bd2711823aaa57e depth=3 name=chip.run.runner_run.device_wall.sched ts=13035 dur=1429841 clk=dev
[mono_ns=182574785248048][T0x727f8d8ef740][TIMING] emit_host_span: [STRACE] v=1 pid=467927 tid=467927 inv=92 hid=6bd2711823aaa57e depth=1 name=chip.run.claim_release ts=182574785247337 dur=120
[mono_ns=182574785249880][T0x727f8d8ef740][TIMING] emit_host_span: [STRACE] v=1 pid=467927 tid=467927 inv=92 hid=6bd2711823aaa57e depth=0 name=chip.run ts=182574654248338 dur=131000861 run_id=0 dispatch_id=0 slot_id=0 generation=92 run_epoch=92
[mono_ns=182574905902670][T0x727f8d8ef740][TIMING] emit_host_span: [STRACE] v=1 pid=467927 tid=467927 inv=93 hid=6bd2711823aaa57e depth=2 name=chip.run.bind.args ts=182574785658704 dur=120235524
[mono_ns=182574905924704][T0x727f8d8ef740][TIMING] emit_host_span: [STRACE] v=1 pid=467927 tid=467927 inv=93 hid=6bd2711823aaa57e depth=2 name=chip.run.bind.prebuilt ts=182574905921338 dur=2594
[mono_ns=182574905927888][T0x727f8d8ef740][TIMING] emit_host_span: [STRACE] v=1 pid=467927 tid=467927 inv=93 hid=6bd2711823aaa57e depth=1 name=chip.run.bind ts=182574785653586 dur=120272690
[mono_ns=182574910910937][T0x727f8d8ef740][WARN] prepare_execution: [device_runner.cpp:343] AICPU CPU_TOPO unavailable; using json_fallback: soc=Ascend950PR_9579 occupy=0x3e stable_reachable=5 requested=0 effective=5 affinity=[1, 2, 3, 4, 5(orch)]
[mono_ns=182574912634194][T0x727f8d8ef740][TIMING] emit_host_span: [STRACE] v=1 pid=467927 tid=467927 inv=93 hid=6bd2711823aaa57e depth=1 name=chip.run.runner_run ts=182574910968704 dur=1664068
[mono_ns=182574912939582][T0x727f8d8ef740][TIMING] emit_host_span: [STRACE] v=1 pid=467927 tid=467927 inv=93 hid=6bd2711823aaa57e depth=1 name=chip.run.validate ts=182574912637659 dur=301032
[mono_ns=182574912947244][T0x727f8d8ef740][TIMING] emit_host_span: [STRACE] v=1 pid=467927 tid=467927 inv=93 hid=6bd2711823aaa57e depth=2 name=chip.run.runner_run.device_wall ts=0 dur=1480644 clk=dev
[mono_ns=182574912948646][T0x727f8d8ef740][TIMING] emit_host_span: [STRACE] v=1 pid=467927 tid=467927 inv=93 hid=6bd2711823aaa57e depth=3 name=chip.run.runner_run.device_wall.preamble ts=0 dur=13063 clk=dev
[mono_ns=182574912949758][T0x727f8d8ef740][TIMING] emit_host_span: [STRACE] v=1 pid=467927 tid=467927 inv=93 hid=6bd2711823aaa57e depth=3 name=chip.run.runner_run.device_wall.graph_build ts=3227 dur=1472955 clk=dev
[mono_ns=182574912950799][T0x727f8d8ef740][TIMING] emit_host_span: [STRACE] v=1 pid=467927 tid=467927 inv=93 hid=6bd2711823aaa57e depth=3 name=chip.run.runner_run.device_wall.config_validate ts=3777 dur=1204 clk=dev
[mono_ns=182574912951771][T0x727f8d8ef740][TIMING] emit_host_span: [STRACE] v=1 pid=467927 tid=467927 inv=93 hid=6bd2711823aaa57e depth=3 name=chip.run.runner_run.device_wall.arena_wire ts=5003 dur=2028 clk=dev
[mono_ns=182574912952742][T0x727f8d8ef740][TIMING] emit_host_span: [STRACE] v=1 pid=467927 tid=467927 inv=93 hid=6bd2711823aaa57e depth=3 name=chip.run.runner_run.device_wall.sm_reset ts=7048 dur=4469 clk=dev
[mono_ns=182574912953944][T0x727f8d8ef740][TIMING] emit_host_span: [STRACE] v=1 pid=467927 tid=467927 inv=93 hid=6bd2711823aaa57e depth=3 name=chip.run.runner_run.device_wall.post_orch ts=1476312 dur=3695 clk=dev
[mono_ns=182574912954935][T0x727f8d8ef740][TIMING] emit_host_span: [STRACE] v=1 pid=467927 tid=467927 inv=93 hid=6bd2711823aaa57e depth=3 name=chip.run.runner_run.device_wall.orch ts=11590 dur=1150554 clk=dev
[mono_ns=182574912955927][T0x727f8d8ef740][TIMING] emit_host_span: [STRACE] v=1 pid=467927 tid=467927 inv=93 hid=6bd2711823aaa57e depth=3 name=chip.run.runner_run.device_wall.sched ts=12639 dur=1450958 clk=dev
[mono_ns=182574912957369][T0x727f8d8ef740][TIMING] emit_host_span: [STRACE] v=1 pid=467927 tid=467927 inv=93 hid=6bd2711823aaa57e depth=1 name=chip.run.claim_release ts=182574912956558 dur=220
[mono_ns=182574912958981][T0x727f8d8ef740][TIMING] emit_host_span: [STRACE] v=1 pid=467927 tid=467927 inv=93 hid=6bd2711823aaa57e depth=0 name=chip.run ts=182574785646496 dur=127311804 run_id=0 dispatch_id=0 slot_id=0 generation=93 run_epoch=93
[mono_ns=182575031886552][T0x727f8d8ef740][TIMING] emit_host_span: [STRACE] v=1 pid=467927 tid=467927 inv=94 hid=6bd2711823aaa57e depth=2 name=chip.run.bind.args ts=182574913309958 dur=118568652
[mono_ns=182575031907804][T0x727f8d8ef740][TIMING] emit_host_span: [STRACE] v=1 pid=467927 tid=467927 inv=94 hid=6bd2711823aaa57e depth=2 name=chip.run.bind.prebuilt ts=182575031904749 dur=2043
[mono_ns=182575031910808][T0x727f8d8ef740][TIMING] emit_host_span: [STRACE] v=1 pid=467927 tid=467927 inv=94 hid=6bd2711823aaa57e depth=1 name=chip.run.bind ts=182574913304520 dur=118604726
[mono_ns=182575036923252][T0x727f8d8ef740][WARN] prepare_execution: [device_runner.cpp:343] AICPU CPU_TOPO unavailable; using json_fallback: soc=Ascend950PR_9579 occupy=0x3e stable_reachable=5 requested=0 effective=5 affinity=[1, 2, 3, 4, 5(orch)]
[mono_ns=182575038696123][T0x727f8d8ef740][TIMING] emit_host_span: [STRACE] v=1 pid=467927 tid=467927 inv=94 hid=6bd2711823aaa57e depth=1 name=chip.run.runner_run ts=182575036981820 dur=1712971
[mono_ns=182575038970665][T0x727f8d8ef740][TIMING] emit_host_span: [STRACE] v=1 pid=467927 tid=467927 inv=94 hid=6bd2711823aaa57e depth=1 name=chip.run.validate ts=182575038700339 dur=269484
[mono_ns=182575038972387][T0x727f8d8ef740][TIMING] emit_host_span: [STRACE] v=1 pid=467927 tid=467927 inv=94 hid=6bd2711823aaa57e depth=2 name=chip.run.runner_run.device_wall ts=0 dur=1536182 clk=dev
[mono_ns=182575038973809][T0x727f8d8ef740][TIMING] emit_host_span: [STRACE] v=1 pid=467927 tid=467927 inv=94 hid=6bd2711823aaa57e depth=3 name=chip.run.runner_run.device_wall.preamble ts=0 dur=13236 clk=dev
[mono_ns=182575038980640][T0x727f8d8ef740][TIMING] emit_host_span: [STRACE] v=1 pid=467927 tid=467927 inv=94 hid=6bd2711823aaa57e depth=3 name=chip.run.runner_run.device_wall.graph_build ts=3468 dur=1527968 clk=dev
[mono_ns=182575038981731][T0x727f8d8ef740][TIMING] emit_host_span: [STRACE] v=1 pid=467927 tid=467927 inv=94 hid=6bd2711823aaa57e depth=3 name=chip.run.runner_run.device_wall.config_validate ts=4024 dur=1209 clk=dev
[mono_ns=182575038982863][T0x727f8d8ef740][TIMING] emit_host_span: [STRACE] v=1 pid=467927 tid=467927 inv=94 hid=6bd2711823aaa57e depth=3 name=chip.run.runner_run.device_wall.arena_wire ts=5309 dur=3683 clk=dev
[mono_ns=182575038983855][T0x727f8d8ef740][TIMING] emit_host_span: [STRACE] v=1 pid=467927 tid=467927 inv=94 hid=6bd2711823aaa57e depth=3 name=chip.run.runner_run.device_wall.sm_reset ts=9014 dur=3989 clk=dev
[mono_ns=182575038984876][T0x727f8d8ef740][TIMING] emit_host_span: [STRACE] v=1 pid=467927 tid=467927 inv=94 hid=6bd2711823aaa57e depth=3 name=chip.run.runner_run.device_wall.post_orch ts=1531461 dur=4579 clk=dev
[mono_ns=182575038985868][T0x727f8d8ef740][TIMING] emit_host_span: [STRACE] v=1 pid=467927 tid=467927 inv=94 hid=6bd2711823aaa57e depth=3 name=chip.run.runner_run.device_wall.orch ts=13072 dur=1195864 clk=dev
[mono_ns=182575038986889][T0x727f8d8ef740][TIMING] emit_host_span: [STRACE] v=1 pid=467927 tid=467927 inv=94 hid=6bd2711823aaa57e depth=3 name=chip.run.runner_run.device_wall.sched ts=13701 dur=1503789 clk=dev
[mono_ns=182575038988221][T0x727f8d8ef740][TIMING] emit_host_span: [STRACE] v=1 pid=467927 tid=467927 inv=94 hid=6bd2711823aaa57e depth=1 name=chip.run.claim_release ts=182575038987450 dur=210
[mono_ns=182575038989783][T0x727f8d8ef740][TIMING] emit_host_span: [STRACE] v=1 pid=467927 tid=467927 inv=94 hid=6bd2711823aaa57e depth=0 name=chip.run ts=182574913299022 dur=125690120 run_id=0 dispatch_id=0 slot_id=0 generation=94 run_epoch=94
[mono_ns=182575168784976][T0x727f8d8ef740][TIMING] emit_host_span: [STRACE] v=1 pid=467927 tid=467927 inv=95 hid=6bd2711823aaa57e depth=2 name=chip.run.bind.args ts=182575039343765 dur=129428972
[mono_ns=182575168809152][T0x727f8d8ef740][TIMING] emit_host_span: [STRACE] v=1 pid=467927 tid=467927 inv=95 hid=6bd2711823aaa57e depth=2 name=chip.run.bind.prebuilt ts=182575168805556 dur=2695
[mono_ns=182575168812116][T0x727f8d8ef740][TIMING] emit_host_span: [STRACE] v=1 pid=467927 tid=467927 inv=95 hid=6bd2711823aaa57e depth=1 name=chip.run.bind ts=182575039338647 dur=129472007
[mono_ns=182575173953383][T0x727f8d8ef740][WARN] prepare_execution: [device_runner.cpp:343] AICPU CPU_TOPO unavailable; using json_fallback: soc=Ascend950PR_9579 occupy=0x3e stable_reachable=5 requested=0 effective=5 affinity=[1, 2, 3, 4, 5(orch)]
[mono_ns=182575175784421][T0x727f8d8ef740][TIMING] emit_host_span: [STRACE] v=1 pid=467927 tid=467927 inv=95 hid=6bd2711823aaa57e depth=1 name=chip.run.runner_run ts=182575174014174 dur=1768374
[mono_ns=182575176065553][T0x727f8d8ef740][TIMING] emit_host_span: [STRACE] v=1 pid=467927 tid=467927 inv=95 hid=6bd2711823aaa57e depth=1 name=chip.run.validate ts=182575175788778 dur=275834
[mono_ns=182575176068007][T0x727f8d8ef740][TIMING] emit_host_span: [STRACE] v=1 pid=467927 tid=467927 inv=95 hid=6bd2711823aaa57e depth=2 name=chip.run.runner_run.device_wall ts=0 dur=1580712 clk=dev
[mono_ns=182575176069579][T0x727f8d8ef740][TIMING] emit_host_span: [STRACE] v=1 pid=467927 tid=467927 inv=95 hid=6bd2711823aaa57e depth=3 name=chip.run.runner_run.device_wall.preamble ts=0 dur=12629 clk=dev
[mono_ns=182575176070901][T0x727f8d8ef740][TIMING] emit_host_span: [STRACE] v=1 pid=467927 tid=467927 inv=95 hid=6bd2711823aaa57e depth=3 name=chip.run.runner_run.device_wall.graph_build ts=2531 dur=1573614 clk=dev
[mono_ns=182575176071973][T0x727f8d8ef740][TIMING] emit_host_span: [STRACE] v=1 pid=467927 tid=467927 inv=95 hid=6bd2711823aaa57e depth=3 name=chip.run.runner_run.device_wall.config_validate ts=2691 dur=1531 clk=dev
[mono_ns=182575176072954][T0x727f8d8ef740][TIMING] emit_host_span: [STRACE] v=1 pid=467927 tid=467927 inv=95 hid=6bd2711823aaa57e depth=3 name=chip.run.runner_run.device_wall.arena_wire ts=4242 dur=3596 clk=dev
[mono_ns=182575176079063][T0x727f8d8ef740][TIMING] emit_host_span: [STRACE] v=1 pid=467927 tid=467927 inv=95 hid=6bd2711823aaa57e depth=3 name=chip.run.runner_run.device_wall.sm_reset ts=7880 dur=4622 clk=dev
[mono_ns=182575176080105][T0x727f8d8ef740][TIMING] emit_host_span: [STRACE] v=1 pid=467927 tid=467927 inv=95 hid=6bd2711823aaa57e depth=3 name=chip.run.runner_run.device_wall.post_orch ts=1576167 dur=4104 clk=dev
[mono_ns=182575176081086][T0x727f8d8ef740][TIMING] emit_host_span: [STRACE] v=1 pid=467927 tid=467927 inv=95 hid=6bd2711823aaa57e depth=3 name=chip.run.runner_run.device_wall.orch ts=12571 dur=1152539 clk=dev
[mono_ns=182575176082068][T0x727f8d8ef740][TIMING] emit_host_span: [STRACE] v=1 pid=467927 tid=467927 inv=95 hid=6bd2711823aaa57e depth=3 name=chip.run.runner_run.device_wall.sched ts=13091 dur=1550371 clk=dev
[mono_ns=182575176083360][T0x727f8d8ef740][TIMING] emit_host_span: [STRACE] v=1 pid=467927 tid=467927 inv=95 hid=6bd2711823aaa57e depth=1 name=chip.run.claim_release ts=182575176082619 dur=140
[mono_ns=182575176085072][T0x727f8d8ef740][TIMING] emit_host_span: [STRACE] v=1 pid=467927 tid=467927 inv=95 hid=6bd2711823aaa57e depth=0 name=chip.run ts=182575039332598 dur=136751733 run_id=0 dispatch_id=0 slot_id=0 generation=95 run_epoch=95
[mono_ns=182575293983328][T0x727f8d8ef740][TIMING] emit_host_span: [STRACE] v=1 pid=467927 tid=467927 inv=96 hid=6bd2711823aaa57e depth=2 name=chip.run.bind.args ts=182575176455949 dur=117521550
[mono_ns=182575293998100][T0x727f8d8ef740][TIMING] emit_host_span: [STRACE] v=1 pid=467927 tid=467927 inv=96 hid=6bd2711823aaa57e depth=2 name=chip.run.bind.prebuilt ts=182575293995326 dur=1933
[mono_ns=182575294006643][T0x727f8d8ef740][TIMING] emit_host_span: [STRACE] v=1 pid=467927 tid=467927 inv=96 hid=6bd2711823aaa57e depth=1 name=chip.run.bind ts=182575176450451 dur=117548811
[mono_ns=182575299166127][T0x727f8d8ef740][WARN] prepare_execution: [device_runner.cpp:343] AICPU CPU_TOPO unavailable; using json_fallback: soc=Ascend950PR_9579 occupy=0x3e stable_reachable=5 requested=0 effective=5 affinity=[1, 2, 3, 4, 5(orch)]
[mono_ns=182575300853390][T0x727f8d8ef740][TIMING] emit_host_span: [STRACE] v=1 pid=467927 tid=467927 inv=96 hid=6bd2711823aaa57e depth=1 name=chip.run.runner_run ts=182575299217134 dur=1634914
[mono_ns=182575301123635][T0x727f8d8ef740][TIMING] emit_host_span: [STRACE] v=1 pid=467927 tid=467927 inv=96 hid=6bd2711823aaa57e depth=1 name=chip.run.validate ts=182575300857446 dur=265298
[mono_ns=182575301125708][T0x727f8d8ef740][TIMING] emit_host_span: [STRACE] v=1 pid=467927 tid=467927 inv=96 hid=6bd2711823aaa57e depth=2 name=chip.run.runner_run.device_wall ts=0 dur=1486598 clk=dev
[mono_ns=182575301127371][T0x727f8d8ef740][TIMING] emit_host_span: [STRACE] v=1 pid=467927 tid=467927 inv=96 hid=6bd2711823aaa57e depth=3 name=chip.run.runner_run.device_wall.preamble ts=0 dur=12344 clk=dev
[mono_ns=182575301128713][T0x727f8d8ef740][TIMING] emit_host_span: [STRACE] v=1 pid=467927 tid=467927 inv=96 hid=6bd2711823aaa57e depth=3 name=chip.run.runner_run.device_wall.graph_build ts=3351 dur=1478757 clk=dev
[mono_ns=182575301129704][T0x727f8d8ef740][TIMING] emit_host_span: [STRACE] v=1 pid=467927 tid=467927 inv=96 hid=6bd2711823aaa57e depth=3 name=chip.run.runner_run.device_wall.config_validate ts=3700 dur=1526 clk=dev
[mono_ns=182575301130716][T0x727f8d8ef740][TIMING] emit_host_span: [STRACE] v=1 pid=467927 tid=467927 inv=96 hid=6bd2711823aaa57e depth=3 name=chip.run.runner_run.device_wall.arena_wire ts=5292 dur=2879 clk=dev
[mono_ns=182575301131757][T0x727f8d8ef740][TIMING] emit_host_span: [STRACE] v=1 pid=467927 tid=467927 inv=96 hid=6bd2711823aaa57e depth=3 name=chip.run.runner_run.device_wall.sm_reset ts=8259 dur=4786 clk=dev
[mono_ns=182575301132979][T0x727f8d8ef740][TIMING] emit_host_span: [STRACE] v=1 pid=467927 tid=467927 inv=96 hid=6bd2711823aaa57e depth=3 name=chip.run.runner_run.device_wall.post_orch ts=1482126 dur=4373 clk=dev
[mono_ns=182575301138948][T0x727f8d8ef740][TIMING] emit_host_span: [STRACE] v=1 pid=467927 tid=467927 inv=96 hid=6bd2711823aaa57e depth=3 name=chip.run.runner_run.device_wall.orch ts=13070 dur=1157197 clk=dev
[mono_ns=182575301139980][T0x727f8d8ef740][TIMING] emit_host_span: [STRACE] v=1 pid=467927 tid=467927 inv=96 hid=6bd2711823aaa57e depth=3 name=chip.run.runner_run.device_wall.sched ts=13711 dur=1454391 clk=dev
[mono_ns=182575301141532][T0x727f8d8ef740][TIMING] emit_host_span: [STRACE] v=1 pid=467927 tid=467927 inv=96 hid=6bd2711823aaa57e depth=1 name=chip.run.claim_release ts=182575301140611 dur=320
[mono_ns=182575301143114][T0x727f8d8ef740][TIMING] emit_host_span: [STRACE] v=1 pid=467927 tid=467927 inv=96 hid=6bd2711823aaa57e depth=0 name=chip.run ts=182575176444822 dur=124697591 run_id=0 dispatch_id=0 slot_id=0 generation=96 run_epoch=96
[mono_ns=182575420144566][T0x727f8d8ef740][TIMING] emit_host_span: [STRACE] v=1 pid=467927 tid=467927 inv=97 hid=6bd2711823aaa57e depth=2 name=chip.run.bind.args ts=182575301449314 dur=118687270
[mono_ns=182575420163795][T0x727f8d8ef740][TIMING] emit_host_span: [STRACE] v=1 pid=467927 tid=467927 inv=97 hid=6bd2711823aaa57e depth=2 name=chip.run.bind.prebuilt ts=182575420160470 dur=2474
[mono_ns=182575420166419][T0x727f8d8ef740][TIMING] emit_host_span: [STRACE] v=1 pid=467927 tid=467927 inv=97 hid=6bd2711823aaa57e depth=1 name=chip.run.bind ts=182575301444958 dur=118720079
[mono_ns=182575425553625][T0x727f8d8ef740][WARN] prepare_execution: [device_runner.cpp:343] AICPU CPU_TOPO unavailable; using json_fallback: soc=Ascend950PR_9579 occupy=0x3e stable_reachable=5 requested=0 effective=5 affinity=[1, 2, 3, 4, 5(orch)]
[mono_ns=182575427318003][T0x727f8d8ef740][TIMING] emit_host_span: [STRACE] v=1 pid=467927 tid=467927 inv=97 hid=6bd2711823aaa57e depth=1 name=chip.run.runner_run ts=182575425603109 dur=1713121
[mono_ns=182575427581158][T0x727f8d8ef740][TIMING] emit_host_span: [STRACE] v=1 pid=467927 tid=467927 inv=97 hid=6bd2711823aaa57e depth=1 name=chip.run.validate ts=182575427322009 dur=258287
[mono_ns=182575427583041][T0x727f8d8ef740][TIMING] emit_host_span: [STRACE] v=1 pid=467927 tid=467927 inv=97 hid=6bd2711823aaa57e depth=2 name=chip.run.runner_run.device_wall ts=0 dur=1532958 clk=dev
[mono_ns=182575427584653][T0x727f8d8ef740][TIMING] emit_host_span: [STRACE] v=1 pid=467927 tid=467927 inv=97 hid=6bd2711823aaa57e depth=3 name=chip.run.runner_run.device_wall.preamble ts=0 dur=12282 clk=dev
[mono_ns=182575427585885][T0x727f8d8ef740][TIMING] emit_host_span: [STRACE] v=1 pid=467927 tid=467927 inv=97 hid=6bd2711823aaa57e depth=3 name=chip.run.runner_run.device_wall.graph_build ts=2807 dur=1525532 clk=dev
[mono_ns=182575427586886][T0x727f8d8ef740][TIMING] emit_host_span: [STRACE] v=1 pid=467927 tid=467927 inv=97 hid=6bd2711823aaa57e depth=3 name=chip.run.runner_run.device_wall.config_validate ts=3179 dur=1230 clk=dev
[mono_ns=182575427587888][T0x727f8d8ef740][TIMING] emit_host_span: [STRACE] v=1 pid=467927 tid=467927 inv=97 hid=6bd2711823aaa57e depth=3 name=chip.run.runner_run.device_wall.arena_wire ts=4433 dur=3498 clk=dev
[mono_ns=182575427588879][T0x727f8d8ef740][TIMING] emit_host_span: [STRACE] v=1 pid=467927 tid=467927 inv=97 hid=6bd2711823aaa57e depth=3 name=chip.run.runner_run.device_wall.sm_reset ts=8198 dur=4904 clk=dev
[mono_ns=182575427589981][T0x727f8d8ef740][TIMING] emit_host_span: [STRACE] v=1 pid=467927 tid=467927 inv=97 hid=6bd2711823aaa57e depth=3 name=chip.run.runner_run.device_wall.post_orch ts=1528397 dur=4358 clk=dev
[mono_ns=182575427590973][T0x727f8d8ef740][TIMING] emit_host_span: [STRACE] v=1 pid=467927 tid=467927 inv=97 hid=6bd2711823aaa57e depth=3 name=chip.run.runner_run.device_wall.orch ts=13181 dur=1188224 clk=dev
[mono_ns=182575427591944][T0x727f8d8ef740][TIMING] emit_host_span: [STRACE] v=1 pid=467927 tid=467927 inv=97 hid=6bd2711823aaa57e depth=3 name=chip.run.runner_run.device_wall.sched ts=13692 dur=1501031 clk=dev
[mono_ns=182575427593196][T0x727f8d8ef740][TIMING] emit_host_span: [STRACE] v=1 pid=467927 tid=467927 inv=97 hid=6bd2711823aaa57e depth=1 name=chip.run.claim_release ts=182575427592495 dur=110
[mono_ns=182575427598704][T0x727f8d8ef740][TIMING] emit_host_span: [STRACE] v=1 pid=467927 tid=467927 inv=97 hid=6bd2711823aaa57e depth=0 name=chip.run ts=182575301440972 dur=126157031 run_id=0 dispatch_id=0 slot_id=0 generation=97 run_epoch=97
[mono_ns=182575545360675][T0x727f8d8ef740][TIMING] emit_host_span: [STRACE] v=1 pid=467927 tid=467927 inv=98 hid=6bd2711823aaa57e depth=2 name=chip.run.bind.args ts=182575427927648 dur=117421230
[mono_ns=182575545386444][T0x727f8d8ef740][TIMING] emit_host_span: [STRACE] v=1 pid=467927 tid=467927 inv=98 hid=6bd2711823aaa57e depth=2 name=chip.run.bind.prebuilt ts=182575545382518 dur=2894
[mono_ns=182575545389789][T0x727f8d8ef740][TIMING] emit_host_span: [STRACE] v=1 pid=467927 tid=467927 inv=98 hid=6bd2711823aaa57e depth=1 name=chip.run.bind ts=182575427923111 dur=117465306
[mono_ns=182575550462633][T0x727f8d8ef740][WARN] prepare_execution: [device_runner.cpp:343] AICPU CPU_TOPO unavailable; using json_fallback: soc=Ascend950PR_9579 occupy=0x3e stable_reachable=5 requested=0 effective=5 affinity=[1, 2, 3, 4, 5(orch)]
[mono_ns=182575552226871][T0x727f8d8ef740][TIMING] emit_host_span: [STRACE] v=1 pid=467927 tid=467927 inv=98 hid=6bd2711823aaa57e depth=1 name=chip.run.runner_run ts=182575550525678 dur=1699380
[mono_ns=182575552526280][T0x727f8d8ef740][TIMING] emit_host_span: [STRACE] v=1 pid=467927 tid=467927 inv=98 hid=6bd2711823aaa57e depth=1 name=chip.run.validate ts=182575552231668 dur=293661
[mono_ns=182575552528383][T0x727f8d8ef740][TIMING] emit_host_span: [STRACE] v=1 pid=467927 tid=467927 inv=98 hid=6bd2711823aaa57e depth=2 name=chip.run.runner_run.device_wall ts=0 dur=1481048 clk=dev
[mono_ns=182575552529976][T0x727f8d8ef740][TIMING] emit_host_span: [STRACE] v=1 pid=467927 tid=467927 inv=98 hid=6bd2711823aaa57e depth=3 name=chip.run.runner_run.device_wall.preamble ts=0 dur=12526 clk=dev
[mono_ns=182575552531348][T0x727f8d8ef740][TIMING] emit_host_span: [STRACE] v=1 pid=467927 tid=467927 inv=98 hid=6bd2711823aaa57e depth=3 name=chip.run.runner_run.device_wall.graph_build ts=3157 dur=1473049 clk=dev
[mono_ns=182575552532349][T0x727f8d8ef740][TIMING] emit_host_span: [STRACE] v=1 pid=467927 tid=467927 inv=98 hid=6bd2711823aaa57e depth=3 name=chip.run.runner_run.device_wall.config_validate ts=3367 dur=1410 clk=dev
[mono_ns=182575552533341][T0x727f8d8ef740][TIMING] emit_host_span: [STRACE] v=1 pid=467927 tid=467927 inv=98 hid=6bd2711823aaa57e depth=3 name=chip.run.runner_run.device_wall.arena_wire ts=4794 dur=3211 clk=dev
[mono_ns=182575552534322][T0x727f8d8ef740][TIMING] emit_host_span: [STRACE] v=1 pid=467927 tid=467927 inv=98 hid=6bd2711823aaa57e depth=3 name=chip.run.runner_run.device_wall.sm_reset ts=8026 dur=4461 clk=dev
[mono_ns=182575552535364][T0x727f8d8ef740][TIMING] emit_host_span: [STRACE] v=1 pid=467927 tid=467927 inv=98 hid=6bd2711823aaa57e depth=3 name=chip.run.runner_run.device_wall.post_orch ts=1476224 dur=4257 clk=dev
[mono_ns=182575552536345][T0x727f8d8ef740][TIMING] emit_host_span: [STRACE] v=1 pid=467927 tid=467927 inv=98 hid=6bd2711823aaa57e depth=3 name=chip.run.runner_run.device_wall.orch ts=12514 dur=1156748 clk=dev
[mono_ns=182575552537327][T0x727f8d8ef740][TIMING] emit_host_span: [STRACE] v=1 pid=467927 tid=467927 inv=98 hid=6bd2711823aaa57e depth=3 name=chip.run.runner_run.device_wall.sched ts=13241 dur=1449669 clk=dev
[mono_ns=182575552538789][T0x727f8d8ef740][TIMING] emit_host_span: [STRACE] v=1 pid=467927 tid=467927 inv=98 hid=6bd2711823aaa57e depth=1 name=chip.run.claim_release ts=182575552537978 dur=200
[mono_ns=182575552540562][T0x727f8d8ef740][TIMING] emit_host_span: [STRACE] v=1 pid=467927 tid=467927 inv=98 hid=6bd2711823aaa57e depth=0 name=chip.run ts=182575427918364 dur=124621447 run_id=0 dispatch_id=0 slot_id=0 generation=98 run_epoch=98
[mono_ns=182575675945392][T0x727f8d8ef740][TIMING] emit_host_span: [STRACE] v=1 pid=467927 tid=467927 inv=99 hid=6bd2711823aaa57e depth=2 name=chip.run.bind.args ts=182575552934623 dur=123004230
[mono_ns=182575675965002][T0x727f8d8ef740][TIMING] emit_host_span: [STRACE] v=1 pid=467927 tid=467927 inv=99 hid=6bd2711823aaa57e depth=2 name=chip.run.bind.prebuilt ts=182575675961967 dur=2214
[mono_ns=182575675972613][T0x727f8d8ef740][TIMING] emit_host_span: [STRACE] v=1 pid=467927 tid=467927 inv=99 hid=6bd2711823aaa57e depth=1 name=chip.run.bind ts=182575552930086 dur=123041145
[mono_ns=182575681050885][T0x727f8d8ef740][WARN] prepare_execution: [device_runner.cpp:343] AICPU CPU_TOPO unavailable; using json_fallback: soc=Ascend950PR_9579 occupy=0x3e stable_reachable=5 requested=0 effective=5 affinity=[1, 2, 3, 4, 5(orch)]
[mono_ns=182575682760561][T0x727f8d8ef740][TIMING] emit_host_span: [STRACE] v=1 pid=467927 tid=467927 inv=99 hid=6bd2711823aaa57e depth=1 name=chip.run.runner_run ts=182575681091907 dur=1667232
[mono_ns=182575683045479][T0x727f8d8ef740][TIMING] emit_host_span: [STRACE] v=1 pid=467927 tid=467927 inv=99 hid=6bd2711823aaa57e depth=1 name=chip.run.validate ts=182575682764217 dur=280361
[mono_ns=182575683047803][T0x727f8d8ef740][TIMING] emit_host_span: [STRACE] v=1 pid=467927 tid=467927 inv=99 hid=6bd2711823aaa57e depth=2 name=chip.run.runner_run.device_wall ts=0 dur=1488740 clk=dev
[mono_ns=182575683049185][T0x727f8d8ef740][TIMING] emit_host_span: [STRACE] v=1 pid=467927 tid=467927 inv=99 hid=6bd2711823aaa57e depth=3 name=chip.run.runner_run.device_wall.preamble ts=0 dur=11375 clk=dev
[mono_ns=182575683050457][T0x727f8d8ef740][TIMING] emit_host_span: [STRACE] v=1 pid=467927 tid=467927 inv=99 hid=6bd2711823aaa57e depth=3 name=chip.run.runner_run.device_wall.graph_build ts=2156 dur=1482331 clk=dev
[mono_ns=182575683051498][T0x727f8d8ef740][TIMING] emit_host_span: [STRACE] v=1 pid=467927 tid=467927 inv=99 hid=6bd2711823aaa57e depth=3 name=chip.run.runner_run.device_wall.config_validate ts=2708 dur=1481 clk=dev
[mono_ns=182575683052500][T0x727f8d8ef740][TIMING] emit_host_span: [STRACE] v=1 pid=467927 tid=467927 inv=99 hid=6bd2711823aaa57e depth=3 name=chip.run.runner_run.device_wall.arena_wire ts=4208 dur=3322 clk=dev
[mono_ns=182575683053481][T0x727f8d8ef740][TIMING] emit_host_span: [STRACE] v=1 pid=467927 tid=467927 inv=99 hid=6bd2711823aaa57e depth=3 name=chip.run.runner_run.device_wall.sm_reset ts=7552 dur=3899 clk=dev
[mono_ns=182575683054493][T0x727f8d8ef740][TIMING] emit_host_span: [STRACE] v=1 pid=467927 tid=467927 inv=99 hid=6bd2711823aaa57e depth=3 name=chip.run.runner_run.device_wall.post_orch ts=1484523 dur=4109 clk=dev
[mono_ns=182575683055484][T0x727f8d8ef740][TIMING] emit_host_span: [STRACE] v=1 pid=467927 tid=467927 inv=99 hid=6bd2711823aaa57e depth=3 name=chip.run.runner_run.device_wall.orch ts=11533 dur=1184065 clk=dev
[mono_ns=182575683056476][T0x727f8d8ef740][TIMING] emit_host_span: [STRACE] v=1 pid=467927 tid=467927 inv=99 hid=6bd2711823aaa57e depth=3 name=chip.run.runner_run.device_wall.sched ts=12265 dur=1460408 clk=dev
[mono_ns=182575683057768][T0x727f8d8ef740][TIMING] emit_host_span: [STRACE] v=1 pid=467927 tid=467927 inv=99 hid=6bd2711823aaa57e depth=1 name=chip.run.claim_release ts=182575683057077 dur=90
[mono_ns=182575683059590][T0x727f8d8ef740][TIMING] emit_host_span: [STRACE] v=1 pid=467927 tid=467927 inv=99 hid=6bd2711823aaa57e depth=0 name=chip.run ts=182575552925099 dur=130133840 run_id=0 dispatch_id=0 slot_id=0 generation=99 run_epoch=99
[mono_ns=182575803457898][T0x727f8d8ef740][TIMING] emit_host_span: [STRACE] v=1 pid=467927 tid=467927 inv=100 hid=6bd2711823aaa57e depth=2 name=chip.run.bind.args ts=182575683393331 dur=120054602
[mono_ns=182575803479371][T0x727f8d8ef740][TIMING] emit_host_span: [STRACE] v=1 pid=467927 tid=467927 inv=100 hid=6bd2711823aaa57e depth=2 name=chip.run.bind.prebuilt ts=182575803475725 dur=2634
[mono_ns=182575803482225][T0x727f8d8ef740][TIMING] emit_host_span: [STRACE] v=1 pid=467927 tid=467927 inv=100 hid=6bd2711823aaa57e depth=1 name=chip.run.bind ts=182575683389095 dur=120091828
[mono_ns=182575808506806][T0x727f8d8ef740][WARN] prepare_execution: [device_runner.cpp:343] AICPU CPU_TOPO unavailable; using json_fallback: soc=Ascend950PR_9579 occupy=0x3e stable_reachable=5 requested=0 effective=5 affinity=[1, 2, 3, 4, 5(orch)]
[mono_ns=182575810253358][T0x727f8d8ef740][TIMING] emit_host_span: [STRACE] v=1 pid=467927 tid=467927 inv=100 hid=6bd2711823aaa57e depth=1 name=chip.run.runner_run ts=182575808556341 dur=1695565
[mono_ns=182575810539998][T0x727f8d8ef740][TIMING] emit_host_span: [STRACE] v=1 pid=467927 tid=467927 inv=100 hid=6bd2711823aaa57e depth=1 name=chip.run.validate ts=182575810257484 dur=281613
[mono_ns=182575810541631][T0x727f8d8ef740][TIMING] emit_host_span: [STRACE] v=1 pid=467927 tid=467927 inv=100 hid=6bd2711823aaa57e depth=2 name=chip.run.runner_run.device_wall ts=0 dur=1519443 clk=dev
[mono_ns=182575810542983][T0x727f8d8ef740][TIMING] emit_host_span: [STRACE] v=1 pid=467927 tid=467927 inv=100 hid=6bd2711823aaa57e depth=3 name=chip.run.runner_run.device_wall.preamble ts=0 dur=12615 clk=dev
[mono_ns=182575810544214][T0x727f8d8ef740][TIMING] emit_host_span: [STRACE] v=1 pid=467927 tid=467927 inv=100 hid=6bd2711823aaa57e depth=3 name=chip.run.runner_run.device_wall.graph_build ts=2887 dur=1511520 clk=dev
[mono_ns=182575810545226][T0x727f8d8ef740][TIMING] emit_host_span: [STRACE] v=1 pid=467927 tid=467927 inv=100 hid=6bd2711823aaa57e depth=3 name=chip.run.runner_run.device_wall.config_validate ts=3150 dur=1257 clk=dev
[mono_ns=182575810546197][T0x727f8d8ef740][TIMING] emit_host_span: [STRACE] v=1 pid=467927 tid=467927 inv=100 hid=6bd2711823aaa57e depth=3 name=chip.run.runner_run.device_wall.arena_wire ts=4428 dur=3211 clk=dev
[mono_ns=182575810547169][T0x727f8d8ef740][TIMING] emit_host_span: [STRACE] v=1 pid=467927 tid=467927 inv=100 hid=6bd2711823aaa57e depth=3 name=chip.run.runner_run.device_wall.sm_reset ts=7661 dur=4571 clk=dev
[mono_ns=182575810548170][T0x727f8d8ef740][TIMING] emit_host_span: [STRACE] v=1 pid=467927 tid=467927 inv=100 hid=6bd2711823aaa57e depth=3 name=chip.run.runner_run.device_wall.post_orch ts=1514473 dur=4637 clk=dev
[mono_ns=182575810549192][T0x727f8d8ef740][TIMING] emit_host_span: [STRACE] v=1 pid=467927 tid=467927 inv=100 hid=6bd2711823aaa57e depth=3 name=chip.run.runner_run.device_wall.orch ts=12254 dur=1173575 clk=dev
[mono_ns=182575810550183][T0x727f8d8ef740][TIMING] emit_host_span: [STRACE] v=1 pid=467927 tid=467927 inv=100 hid=6bd2711823aaa57e depth=3 name=chip.run.runner_run.device_wall.sched ts=13024 dur=1486433 clk=dev
[mono_ns=182575810551505][T0x727f8d8ef740][TIMING] emit_host_span: [STRACE] v=1 pid=467927 tid=467927 inv=100 hid=6bd2711823aaa57e depth=1 name=chip.run.claim_release ts=182575810550824 dur=121
[mono_ns=182575810553148][T0x727f8d8ef740][TIMING] emit_host_span: [STRACE] v=1 pid=467927 tid=467927 inv=100 hid=6bd2711823aaa57e depth=0 name=chip.run ts=182575683384919 dur=127167498 run_id=0 dispatch_id=0 slot_id=0 generation=100 run_epoch=100
  TestPagedAttentionUnrollManualScope::Case1 PASSED
