[mono_ns=182551085530353][T0x731da3880740][TIMING] clock_anchor: [CLOCK_ANCHOR] v=1 pid=466696 mono_ns=182551085529341 wall_ns=1787828932729673545

=== Runtime: tensormap_and_ringbuffer  Level: 2 ===
  TestPagedAttentionUnroll::Case2 ...
[mono_ns=182552900159184][T0x731da3880740][TIMING] emit_host_span: [STRACE] v=1 pid=466696 tid=466696 inv=1 hid=f0c29cefd733b2d6 depth=2 name=chip.run.bind.args ts=182552858685175 dur=41468421
[mono_ns=182552931641587][T0x731da3880740][TIMING] emit_host_span: [STRACE] v=1 pid=466696 tid=466696 inv=1 hid=f0c29cefd733b2d6 depth=2 name=chip.run.bind.prebuilt ts=182552900183831 dur=31450605
[mono_ns=182552931661336][T0x731da3880740][TIMING] emit_host_span: [STRACE] v=1 pid=466696 tid=466696 inv=1 hid=f0c29cefd733b2d6 depth=1 name=chip.run.bind ts=182552857838594 dur=73821110
[mono_ns=182552941187785][T0x731da3880740][WARN] query_cpu_topo: [aicpu_topology_probe.cpp:125] aicpu_topology_probe: halGetDeviceInfoByBuff(CPU_TOPO) rc=65534 total=0
[mono_ns=182552943333776][T0x731da3880740][WARN] query_cpu_topo: [aicpu_topology_probe.cpp:137] aicpu_topology_probe: dsmi_get_device_info(CPU_TOPO) rc=65534 total=0
[mono_ns=182552943433736][T0x731da3880740][WARN] prepare_execution: [device_runner.cpp:343] AICPU CPU_TOPO unavailable; using json_fallback: soc=Ascend950PR_9579 occupy=0x3e stable_reachable=5 requested=0 effective=5 affinity=[1, 2, 3, 4, 5(orch)]
[mono_ns=182552945445946][T0x731da3880740][TIMING] emit_host_span: [STRACE] v=1 pid=466696 tid=466696 inv=1 hid=f0c29cefd733b2d6 depth=1 name=chip.run.runner_run ts=182552943497522 dur=1946511
[mono_ns=182552945833888][T0x731da3880740][TIMING] emit_host_span: [STRACE] v=1 pid=466696 tid=466696 inv=1 hid=f0c29cefd733b2d6 depth=1 name=chip.run.validate ts=182552945451534 dur=381203
[mono_ns=182552945836162][T0x731da3880740][TIMING] emit_host_span: [STRACE] v=1 pid=466696 tid=466696 inv=1 hid=f0c29cefd733b2d6 depth=2 name=chip.run.runner_run.device_wall ts=0 dur=1010093 clk=dev
[mono_ns=182552945837744][T0x731da3880740][TIMING] emit_host_span: [STRACE] v=1 pid=466696 tid=466696 inv=1 hid=f0c29cefd733b2d6 depth=3 name=chip.run.runner_run.device_wall.preamble ts=0 dur=312923 clk=dev
[mono_ns=182552945838986][T0x731da3880740][TIMING] emit_host_span: [STRACE] v=1 pid=466696 tid=466696 inv=1 hid=f0c29cefd733b2d6 depth=3 name=chip.run.runner_run.device_wall.graph_build ts=41247 dur=951786 clk=dev
[mono_ns=182552945840037][T0x731da3880740][TIMING] emit_host_span: [STRACE] v=1 pid=466696 tid=466696 inv=1 hid=f0c29cefd733b2d6 depth=3 name=chip.run.runner_run.device_wall.config_validate ts=47762 dur=3012 clk=dev
[mono_ns=182552945841079][T0x731da3880740][TIMING] emit_host_span: [STRACE] v=1 pid=466696 tid=466696 inv=1 hid=f0c29cefd733b2d6 depth=3 name=chip.run.runner_run.device_wall.arena_wire ts=50816 dur=19131 clk=dev
[mono_ns=182552945842071][T0x731da3880740][TIMING] emit_host_span: [STRACE] v=1 pid=466696 tid=466696 inv=1 hid=f0c29cefd733b2d6 depth=3 name=chip.run.runner_run.device_wall.sm_reset ts=69988 dur=50232 clk=dev
[mono_ns=182552945843222][T0x731da3880740][TIMING] emit_host_span: [STRACE] v=1 pid=466696 tid=466696 inv=1 hid=f0c29cefd733b2d6 depth=3 name=chip.run.runner_run.device_wall.post_orch ts=993097 dur=10732 clk=dev
[mono_ns=182552945844254][T0x731da3880740][TIMING] emit_host_span: [STRACE] v=1 pid=466696 tid=466696 inv=1 hid=f0c29cefd733b2d6 depth=3 name=chip.run.runner_run.device_wall.orch ts=121941 dur=578966 clk=dev
[mono_ns=182552945845265][T0x731da3880740][TIMING] emit_host_span: [STRACE] v=1 pid=466696 tid=466696 inv=1 hid=f0c29cefd733b2d6 depth=3 name=chip.run.runner_run.device_wall.sched ts=315108 dur=652208 clk=dev
[mono_ns=182552945846707][T0x731da3880740][TIMING] emit_host_span: [STRACE] v=1 pid=466696 tid=466696 inv=1 hid=f0c29cefd733b2d6 depth=1 name=chip.run.claim_release ts=182552945845946 dur=121
[mono_ns=182552945848630][T0x731da3880740][TIMING] emit_host_span: [STRACE] v=1 pid=466696 tid=466696 inv=1 hid=f0c29cefd733b2d6 depth=0 name=chip.run ts=182552857798334 dur=88049355 run_id=0 dispatch_id=0 slot_id=0 generation=1 run_epoch=1
[mono_ns=182552985359773][T0x731da3880740][TIMING] emit_host_span: [STRACE] v=1 pid=466696 tid=466696 inv=2 hid=f0c29cefd733b2d6 depth=2 name=chip.run.bind.args ts=182552946341981 dur=39015859
[mono_ns=182552985366934][T0x731da3880740][TIMING] emit_host_span: [STRACE] v=1 pid=466696 tid=466696 inv=2 hid=f0c29cefd733b2d6 depth=2 name=chip.run.bind.prebuilt ts=182552985364991 dur=1232
[mono_ns=182552985369137][T0x731da3880740][TIMING] emit_host_span: [STRACE] v=1 pid=466696 tid=466696 inv=2 hid=f0c29cefd733b2d6 depth=1 name=chip.run.bind ts=182552946336993 dur=39030963
[mono_ns=182552990043834][T0x731da3880740][WARN] prepare_execution: [device_runner.cpp:343] AICPU CPU_TOPO unavailable; using json_fallback: soc=Ascend950PR_9579 occupy=0x3e stable_reachable=5 requested=0 effective=5 affinity=[1, 2, 3, 4, 5(orch)]
[mono_ns=182552991177776][T0x731da3880740][TIMING] emit_host_span: [STRACE] v=1 pid=466696 tid=466696 inv=2 hid=f0c29cefd733b2d6 depth=1 name=chip.run.runner_run ts=182552990099467 dur=1077217
[mono_ns=182552991500330][T0x731da3880740][TIMING] emit_host_span: [STRACE] v=1 pid=466696 tid=466696 inv=2 hid=f0c29cefd733b2d6 depth=1 name=chip.run.validate ts=182552991180259 dur=319220
[mono_ns=182552991501892][T0x731da3880740][TIMING] emit_host_span: [STRACE] v=1 pid=466696 tid=466696 inv=2 hid=f0c29cefd733b2d6 depth=2 name=chip.run.runner_run.device_wall ts=0 dur=945321 clk=dev
[mono_ns=182552991503415][T0x731da3880740][TIMING] emit_host_span: [STRACE] v=1 pid=466696 tid=466696 inv=2 hid=f0c29cefd733b2d6 depth=3 name=chip.run.runner_run.device_wall.preamble ts=0 dur=14470 clk=dev
[mono_ns=182552991504596][T0x731da3880740][TIMING] emit_host_span: [STRACE] v=1 pid=466696 tid=466696 inv=2 hid=f0c29cefd733b2d6 depth=3 name=chip.run.runner_run.device_wall.graph_build ts=3302 dur=937826 clk=dev
[mono_ns=182552991505628][T0x731da3880740][TIMING] emit_host_span: [STRACE] v=1 pid=466696 tid=466696 inv=2 hid=f0c29cefd733b2d6 depth=3 name=chip.run.runner_run.device_wall.config_validate ts=3871 dur=1342 clk=dev
[mono_ns=182552991506619][T0x731da3880740][TIMING] emit_host_span: [STRACE] v=1 pid=466696 tid=466696 inv=2 hid=f0c29cefd733b2d6 depth=3 name=chip.run.runner_run.device_wall.arena_wire ts=5233 dur=4832 clk=dev
[mono_ns=182552991507641][T0x731da3880740][TIMING] emit_host_span: [STRACE] v=1 pid=466696 tid=466696 inv=2 hid=f0c29cefd733b2d6 depth=3 name=chip.run.runner_run.device_wall.sm_reset ts=10095 dur=6012 clk=dev
[mono_ns=182552991508672][T0x731da3880740][TIMING] emit_host_span: [STRACE] v=1 pid=466696 tid=466696 inv=2 hid=f0c29cefd733b2d6 depth=3 name=chip.run.runner_run.device_wall.post_orch ts=941174 dur=3892 clk=dev
[mono_ns=182552991509694][T0x731da3880740][TIMING] emit_host_span: [STRACE] v=1 pid=466696 tid=466696 inv=2 hid=f0c29cefd733b2d6 depth=3 name=chip.run.runner_run.device_wall.orch ts=16359 dur=648731 clk=dev
[mono_ns=182552991510675][T0x731da3880740][TIMING] emit_host_span: [STRACE] v=1 pid=466696 tid=466696 inv=2 hid=f0c29cefd733b2d6 depth=3 name=chip.run.runner_run.device_wall.sched ts=17098 dur=909992 clk=dev
[mono_ns=182552991511977][T0x731da3880740][TIMING] emit_host_span: [STRACE] v=1 pid=466696 tid=466696 inv=2 hid=f0c29cefd733b2d6 depth=1 name=chip.run.claim_release ts=182552991511336 dur=60
[mono_ns=182552991513309][T0x731da3880740][TIMING] emit_host_span: [STRACE] v=1 pid=466696 tid=466696 inv=2 hid=f0c29cefd733b2d6 depth=0 name=chip.run ts=182552946332777 dur=45179861 run_id=0 dispatch_id=0 slot_id=0 generation=2 run_epoch=2
[mono_ns=182553025653291][T0x731da3880740][TIMING] emit_host_span: [STRACE] v=1 pid=466696 tid=466696 inv=3 hid=f0c29cefd733b2d6 depth=2 name=chip.run.bind.args ts=182552991805768 dur=33846171
[mono_ns=182553025657327][T0x731da3880740][TIMING] emit_host_span: [STRACE] v=1 pid=466696 tid=466696 inv=3 hid=f0c29cefd733b2d6 depth=2 name=chip.run.bind.prebuilt ts=182553025655925 dur=731
[mono_ns=182553025658819][T0x731da3880740][TIMING] emit_host_span: [STRACE] v=1 pid=466696 tid=466696 inv=3 hid=f0c29cefd733b2d6 depth=1 name=chip.run.bind ts=182552991802794 dur=33855304
[mono_ns=182553030189980][T0x731da3880740][WARN] prepare_execution: [device_runner.cpp:343] AICPU CPU_TOPO unavailable; using json_fallback: soc=Ascend950PR_9579 occupy=0x3e stable_reachable=5 requested=0 effective=5 affinity=[1, 2, 3, 4, 5(orch)]
[mono_ns=182553031261308][T0x731da3880740][TIMING] emit_host_span: [STRACE] v=1 pid=466696 tid=466696 inv=3 hid=f0c29cefd733b2d6 depth=1 name=chip.run.runner_run ts=182553030240005 dur=1020422
[mono_ns=182553031574558][T0x731da3880740][TIMING] emit_host_span: [STRACE] v=1 pid=466696 tid=466696 inv=3 hid=f0c29cefd733b2d6 depth=1 name=chip.run.validate ts=182553031263681 dur=310156
[mono_ns=182553031575970][T0x731da3880740][TIMING] emit_host_span: [STRACE] v=1 pid=466696 tid=466696 inv=3 hid=f0c29cefd733b2d6 depth=2 name=chip.run.runner_run.device_wall ts=0 dur=891276 clk=dev
[mono_ns=182553031577262][T0x731da3880740][TIMING] emit_host_span: [STRACE] v=1 pid=466696 tid=466696 inv=3 hid=f0c29cefd733b2d6 depth=3 name=chip.run.runner_run.device_wall.preamble ts=0 dur=15596 clk=dev
[mono_ns=182553031578344][T0x731da3880740][TIMING] emit_host_span: [STRACE] v=1 pid=466696 tid=466696 inv=3 hid=f0c29cefd733b2d6 depth=3 name=chip.run.runner_run.device_wall.graph_build ts=5241 dur=881555 clk=dev
[mono_ns=182553031579395][T0x731da3880740][TIMING] emit_host_span: [STRACE] v=1 pid=466696 tid=466696 inv=3 hid=f0c29cefd733b2d6 depth=3 name=chip.run.runner_run.device_wall.config_validate ts=6188 dur=1168 clk=dev
[mono_ns=182553031580377][T0x731da3880740][TIMING] emit_host_span: [STRACE] v=1 pid=466696 tid=466696 inv=3 hid=f0c29cefd733b2d6 depth=3 name=chip.run.runner_run.device_wall.arena_wire ts=7601 dur=3927 clk=dev
[mono_ns=182553031581428][T0x731da3880740][TIMING] emit_host_span: [STRACE] v=1 pid=466696 tid=466696 inv=3 hid=f0c29cefd733b2d6 depth=3 name=chip.run.runner_run.device_wall.sm_reset ts=11549 dur=5758 clk=dev
[mono_ns=182553031582550][T0x731da3880740][TIMING] emit_host_span: [STRACE] v=1 pid=466696 tid=466696 inv=3 hid=f0c29cefd733b2d6 depth=3 name=chip.run.runner_run.device_wall.post_orch ts=886838 dur=3921 clk=dev
[mono_ns=182553031583532][T0x731da3880740][TIMING] emit_host_span: [STRACE] v=1 pid=466696 tid=466696 inv=3 hid=f0c29cefd733b2d6 depth=3 name=chip.run.runner_run.device_wall.orch ts=17458 dur=625762 clk=dev
[mono_ns=182553031584523][T0x731da3880740][TIMING] emit_host_span: [STRACE] v=1 pid=466696 tid=466696 inv=3 hid=f0c29cefd733b2d6 depth=3 name=chip.run.runner_run.device_wall.sched ts=18220 dur=853425 clk=dev
[mono_ns=182553031585855][T0x731da3880740][TIMING] emit_host_span: [STRACE] v=1 pid=466696 tid=466696 inv=3 hid=f0c29cefd733b2d6 depth=1 name=chip.run.claim_release ts=182553031585204 dur=80
[mono_ns=182553031587117][T0x731da3880740][TIMING] emit_host_span: [STRACE] v=1 pid=466696 tid=466696 inv=3 hid=f0c29cefd733b2d6 depth=0 name=chip.run ts=182552991799940 dur=39786526 run_id=0 dispatch_id=0 slot_id=0 generation=3 run_epoch=3
[mono_ns=182553063045934][T0x731da3880740][TIMING] emit_host_span: [STRACE] v=1 pid=466696 tid=466696 inv=4 hid=f0c29cefd733b2d6 depth=2 name=chip.run.bind.args ts=182553031869040 dur=31175852
[mono_ns=182553063050631][T0x731da3880740][TIMING] emit_host_span: [STRACE] v=1 pid=466696 tid=466696 inv=4 hid=f0c29cefd733b2d6 depth=2 name=chip.run.bind.prebuilt ts=182553063049199 dur=831
[mono_ns=182553063052013][T0x731da3880740][TIMING] emit_host_span: [STRACE] v=1 pid=466696 tid=466696 inv=4 hid=f0c29cefd733b2d6 depth=1 name=chip.run.bind ts=182553031866646 dur=31184666
[mono_ns=182553067582884][T0x731da3880740][WARN] prepare_execution: [device_runner.cpp:343] AICPU CPU_TOPO unavailable; using json_fallback: soc=Ascend950PR_9579 occupy=0x3e stable_reachable=5 requested=0 effective=5 affinity=[1, 2, 3, 4, 5(orch)]
[mono_ns=182553068652088][T0x731da3880740][TIMING] emit_host_span: [STRACE] v=1 pid=466696 tid=466696 inv=4 hid=f0c29cefd733b2d6 depth=1 name=chip.run.runner_run ts=182553067634501 dur=1016716
[mono_ns=182553068973801][T0x731da3880740][TIMING] emit_host_span: [STRACE] v=1 pid=466696 tid=466696 inv=4 hid=f0c29cefd733b2d6 depth=1 name=chip.run.validate ts=182553068654853 dur=317877
[mono_ns=182553068977978][T0x731da3880740][TIMING] emit_host_span: [STRACE] v=1 pid=466696 tid=466696 inv=4 hid=f0c29cefd733b2d6 depth=2 name=chip.run.runner_run.device_wall ts=0 dur=903957 clk=dev
[mono_ns=182553068979119][T0x731da3880740][TIMING] emit_host_span: [STRACE] v=1 pid=466696 tid=466696 inv=4 hid=f0c29cefd733b2d6 depth=3 name=chip.run.runner_run.device_wall.preamble ts=0 dur=12956 clk=dev
[mono_ns=182553068980161][T0x731da3880740][TIMING] emit_host_span: [STRACE] v=1 pid=466696 tid=466696 inv=4 hid=f0c29cefd733b2d6 depth=3 name=chip.run.runner_run.device_wall.graph_build ts=3692 dur=895771 clk=dev
[mono_ns=182553068981182][T0x731da3880740][TIMING] emit_host_span: [STRACE] v=1 pid=466696 tid=466696 inv=4 hid=f0c29cefd733b2d6 depth=3 name=chip.run.runner_run.device_wall.config_validate ts=4444 dur=1094 clk=dev
[mono_ns=182553068982194][T0x731da3880740][TIMING] emit_host_span: [STRACE] v=1 pid=466696 tid=466696 inv=4 hid=f0c29cefd733b2d6 depth=3 name=chip.run.runner_run.device_wall.arena_wire ts=5761 dur=3450 clk=dev
[mono_ns=182553068983175][T0x731da3880740][TIMING] emit_host_span: [STRACE] v=1 pid=466696 tid=466696 inv=4 hid=f0c29cefd733b2d6 depth=3 name=chip.run.runner_run.device_wall.sm_reset ts=9230 dur=5073 clk=dev
[mono_ns=182553068984207][T0x731da3880740][TIMING] emit_host_span: [STRACE] v=1 pid=466696 tid=466696 inv=4 hid=f0c29cefd733b2d6 depth=3 name=chip.run.runner_run.device_wall.post_orch ts=899495 dur=3780 clk=dev
[mono_ns=182553068985208][T0x731da3880740][TIMING] emit_host_span: [STRACE] v=1 pid=466696 tid=466696 inv=4 hid=f0c29cefd733b2d6 depth=3 name=chip.run.runner_run.device_wall.orch ts=14341 dur=599544 clk=dev
[mono_ns=182553068986210][T0x731da3880740][TIMING] emit_host_span: [STRACE] v=1 pid=466696 tid=466696 inv=4 hid=f0c29cefd733b2d6 depth=3 name=chip.run.runner_run.device_wall.sched ts=15355 dur=868816 clk=dev
[mono_ns=182553068987462][T0x731da3880740][TIMING] emit_host_span: [STRACE] v=1 pid=466696 tid=466696 inv=4 hid=f0c29cefd733b2d6 depth=1 name=chip.run.claim_release ts=182553068986841 dur=70
[mono_ns=182553068988714][T0x731da3880740][TIMING] emit_host_span: [STRACE] v=1 pid=466696 tid=466696 inv=4 hid=f0c29cefd733b2d6 depth=0 name=chip.run ts=182553031864393 dur=37123680 run_id=0 dispatch_id=0 slot_id=0 generation=4 run_epoch=4
[mono_ns=182553109611615][T0x731da3880740][TIMING] emit_host_span: [STRACE] v=1 pid=466696 tid=466696 inv=5 hid=f0c29cefd733b2d6 depth=2 name=chip.run.bind.args ts=182553069247202 dur=40357663
[mono_ns=182553109633428][T0x731da3880740][TIMING] emit_host_span: [STRACE] v=1 pid=466696 tid=466696 inv=5 hid=f0c29cefd733b2d6 depth=2 name=chip.run.bind.prebuilt ts=182553109629652 dur=2785
[mono_ns=182553109636743][T0x731da3880740][TIMING] emit_host_span: [STRACE] v=1 pid=466696 tid=466696 inv=5 hid=f0c29cefd733b2d6 depth=1 name=chip.run.bind ts=182553069244878 dur=40390353
[mono_ns=182553114219361][T0x731da3880740][WARN] prepare_execution: [device_runner.cpp:343] AICPU CPU_TOPO unavailable; using json_fallback: soc=Ascend950PR_9579 occupy=0x3e stable_reachable=5 requested=0 effective=5 affinity=[1, 2, 3, 4, 5(orch)]
[mono_ns=182553115321846][T0x731da3880740][TIMING] emit_host_span: [STRACE] v=1 pid=466696 tid=466696 inv=5 hid=f0c29cefd733b2d6 depth=1 name=chip.run.runner_run ts=182553114276006 dur=1044468
[mono_ns=182553115700945][T0x731da3880740][TIMING] emit_host_span: [STRACE] v=1 pid=466696 tid=466696 inv=5 hid=f0c29cefd733b2d6 depth=1 name=chip.run.validate ts=182553115326523 dur=373591
[mono_ns=182553115703188][T0x731da3880740][TIMING] emit_host_span: [STRACE] v=1 pid=466696 tid=466696 inv=5 hid=f0c29cefd733b2d6 depth=2 name=chip.run.runner_run.device_wall ts=0 dur=875871 clk=dev
[mono_ns=182553115704751][T0x731da3880740][TIMING] emit_host_span: [STRACE] v=1 pid=466696 tid=466696 inv=5 hid=f0c29cefd733b2d6 depth=3 name=chip.run.runner_run.device_wall.preamble ts=0 dur=11644 clk=dev
[mono_ns=182553115706013][T0x731da3880740][TIMING] emit_host_span: [STRACE] v=1 pid=466696 tid=466696 inv=5 hid=f0c29cefd733b2d6 depth=3 name=chip.run.runner_run.device_wall.graph_build ts=1900 dur=870030 clk=dev
[mono_ns=182553115727925][T0x731da3880740][TIMING] emit_host_span: [STRACE] v=1 pid=466696 tid=466696 inv=5 hid=f0c29cefd733b2d6 depth=3 name=chip.run.runner_run.device_wall.config_validate ts=2282 dur=1690 clk=dev
[mono_ns=182553115728957][T0x731da3880740][TIMING] emit_host_span: [STRACE] v=1 pid=466696 tid=466696 inv=5 hid=f0c29cefd733b2d6 depth=3 name=chip.run.runner_run.device_wall.arena_wire ts=4062 dur=3068 clk=dev
[mono_ns=182553115729959][T0x731da3880740][TIMING] emit_host_span: [STRACE] v=1 pid=466696 tid=466696 inv=5 hid=f0c29cefd733b2d6 depth=3 name=chip.run.runner_run.device_wall.sm_reset ts=7198 dur=5122 clk=dev
[mono_ns=182553115731090][T0x731da3880740][TIMING] emit_host_span: [STRACE] v=1 pid=466696 tid=466696 inv=5 hid=f0c29cefd733b2d6 depth=3 name=chip.run.runner_run.device_wall.post_orch ts=872011 dur=3774 clk=dev
[mono_ns=182553115732082][T0x731da3880740][TIMING] emit_host_span: [STRACE] v=1 pid=466696 tid=466696 inv=5 hid=f0c29cefd733b2d6 depth=3 name=chip.run.runner_run.device_wall.orch ts=12344 dur=621718 clk=dev
[mono_ns=182553115733063][T0x731da3880740][TIMING] emit_host_span: [STRACE] v=1 pid=466696 tid=466696 inv=5 hid=f0c29cefd733b2d6 depth=3 name=chip.run.runner_run.device_wall.sched ts=13332 dur=845626 clk=dev
[mono_ns=182553115734545][T0x731da3880740][TIMING] emit_host_span: [STRACE] v=1 pid=466696 tid=466696 inv=5 hid=f0c29cefd733b2d6 depth=1 name=chip.run.claim_release ts=182553115733724 dur=221
[mono_ns=182553115736448][T0x731da3880740][TIMING] emit_host_span: [STRACE] v=1 pid=466696 tid=466696 inv=5 hid=f0c29cefd733b2d6 depth=0 name=chip.run ts=182553069242675 dur=46492922 run_id=0 dispatch_id=0 slot_id=0 generation=5 run_epoch=5
[mono_ns=182553144982504][T0x731da3880740][TIMING] emit_host_span: [STRACE] v=1 pid=466696 tid=466696 inv=6 hid=f0c29cefd733b2d6 depth=2 name=chip.run.bind.args ts=182553116148487 dur=28831443
[mono_ns=182553144991378][T0x731da3880740][TIMING] emit_host_span: [STRACE] v=1 pid=466696 tid=466696 inv=6 hid=f0c29cefd733b2d6 depth=2 name=chip.run.bind.prebuilt ts=182553144989134 dur=1623
[mono_ns=182553144993371][T0x731da3880740][TIMING] emit_host_span: [STRACE] v=1 pid=466696 tid=466696 inv=6 hid=f0c29cefd733b2d6 depth=1 name=chip.run.bind ts=182553116143840 dur=28848499
[mono_ns=182553149527105][T0x731da3880740][WARN] prepare_execution: [device_runner.cpp:343] AICPU CPU_TOPO unavailable; using json_fallback: soc=Ascend950PR_9579 occupy=0x3e stable_reachable=5 requested=0 effective=5 affinity=[1, 2, 3, 4, 5(orch)]
[mono_ns=182553150548328][T0x731da3880740][TIMING] emit_host_span: [STRACE] v=1 pid=466696 tid=466696 inv=6 hid=f0c29cefd733b2d6 depth=1 name=chip.run.runner_run ts=182553149565453 dur=981783
[mono_ns=182553150885965][T0x731da3880740][TIMING] emit_host_span: [STRACE] v=1 pid=466696 tid=466696 inv=6 hid=f0c29cefd733b2d6 depth=1 name=chip.run.validate ts=182553150551162 dur=334062
[mono_ns=182553150887497][T0x731da3880740][TIMING] emit_host_span: [STRACE] v=1 pid=466696 tid=466696 inv=6 hid=f0c29cefd733b2d6 depth=2 name=chip.run.runner_run.device_wall ts=0 dur=852597 clk=dev
[mono_ns=182553150888729][T0x731da3880740][TIMING] emit_host_span: [STRACE] v=1 pid=466696 tid=466696 inv=6 hid=f0c29cefd733b2d6 depth=3 name=chip.run.runner_run.device_wall.preamble ts=0 dur=14107 clk=dev
[mono_ns=182553150889771][T0x731da3880740][TIMING] emit_host_span: [STRACE] v=1 pid=466696 tid=466696 inv=6 hid=f0c29cefd733b2d6 depth=3 name=chip.run.runner_run.device_wall.graph_build ts=3853 dur=844478 clk=dev
[mono_ns=182553150890752][T0x731da3880740][TIMING] emit_host_span: [STRACE] v=1 pid=466696 tid=466696 inv=6 hid=f0c29cefd733b2d6 depth=3 name=chip.run.runner_run.device_wall.config_validate ts=4632 dur=1421 clk=dev
[mono_ns=182553150891744][T0x731da3880740][TIMING] emit_host_span: [STRACE] v=1 pid=466696 tid=466696 inv=6 hid=f0c29cefd733b2d6 depth=3 name=chip.run.runner_run.device_wall.arena_wire ts=6129 dur=3258 clk=dev
[mono_ns=182553150892755][T0x731da3880740][TIMING] emit_host_span: [STRACE] v=1 pid=466696 tid=466696 inv=6 hid=f0c29cefd733b2d6 depth=3 name=chip.run.runner_run.device_wall.sm_reset ts=9408 dur=6140 clk=dev
[mono_ns=182553150899786][T0x731da3880740][TIMING] emit_host_span: [STRACE] v=1 pid=466696 tid=466696 inv=6 hid=f0c29cefd733b2d6 depth=3 name=chip.run.runner_run.device_wall.post_orch ts=848436 dur=3461 clk=dev
[mono_ns=182553150900797][T0x731da3880740][TIMING] emit_host_span: [STRACE] v=1 pid=466696 tid=466696 inv=6 hid=f0c29cefd733b2d6 depth=3 name=chip.run.runner_run.device_wall.orch ts=15795 dur=609080 clk=dev
[mono_ns=182553150901789][T0x731da3880740][TIMING] emit_host_span: [STRACE] v=1 pid=466696 tid=466696 inv=6 hid=f0c29cefd733b2d6 depth=3 name=chip.run.runner_run.device_wall.sched ts=16404 dur=820244 clk=dev
[mono_ns=182553150903491][T0x731da3880740][TIMING] emit_host_span: [STRACE] v=1 pid=466696 tid=466696 inv=6 hid=f0c29cefd733b2d6 depth=1 name=chip.run.claim_release ts=182553150902660 dur=80
[mono_ns=182553150905074][T0x731da3880740][TIMING] emit_host_span: [STRACE] v=1 pid=466696 tid=466696 inv=6 hid=f0c29cefd733b2d6 depth=0 name=chip.run ts=182553116138372 dur=34766061 run_id=0 dispatch_id=0 slot_id=0 generation=6 run_epoch=6
[mono_ns=182553178412951][T0x731da3880740][TIMING] emit_host_span: [STRACE] v=1 pid=466696 tid=466696 inv=7 hid=f0c29cefd733b2d6 depth=2 name=chip.run.bind.args ts=182553151158454 dur=27252684
[mono_ns=182553178418439][T0x731da3880740][TIMING] emit_host_span: [STRACE] v=1 pid=466696 tid=466696 inv=7 hid=f0c29cefd733b2d6 depth=2 name=chip.run.bind.prebuilt ts=182553178416897 dur=951
[mono_ns=182553178420011][T0x731da3880740][TIMING] emit_host_span: [STRACE] v=1 pid=466696 tid=466696 inv=7 hid=f0c29cefd733b2d6 depth=1 name=chip.run.bind ts=182553151155539 dur=27263591
[mono_ns=182553182908498][T0x731da3880740][WARN] prepare_execution: [device_runner.cpp:343] AICPU CPU_TOPO unavailable; using json_fallback: soc=Ascend950PR_9579 occupy=0x3e stable_reachable=5 requested=0 effective=5 affinity=[1, 2, 3, 4, 5(orch)]
[mono_ns=182553183915159][T0x731da3880740][TIMING] emit_host_span: [STRACE] v=1 pid=466696 tid=466696 inv=7 hid=f0c29cefd733b2d6 depth=1 name=chip.run.runner_run ts=182553182952003 dur=962165
[mono_ns=182553184222550][T0x731da3880740][TIMING] emit_host_span: [STRACE] v=1 pid=466696 tid=466696 inv=7 hid=f0c29cefd733b2d6 depth=1 name=chip.run.validate ts=182553183917483 dur=304346
[mono_ns=182553184224173][T0x731da3880740][TIMING] emit_host_span: [STRACE] v=1 pid=466696 tid=466696 inv=7 hid=f0c29cefd733b2d6 depth=2 name=chip.run.runner_run.device_wall ts=0 dur=854716 clk=dev
[mono_ns=182553184225254][T0x731da3880740][TIMING] emit_host_span: [STRACE] v=1 pid=466696 tid=466696 inv=7 hid=f0c29cefd733b2d6 depth=3 name=chip.run.runner_run.device_wall.preamble ts=0 dur=11808 clk=dev
[mono_ns=182553184226306][T0x731da3880740][TIMING] emit_host_span: [STRACE] v=1 pid=466696 tid=466696 inv=7 hid=f0c29cefd733b2d6 depth=3 name=chip.run.runner_run.device_wall.graph_build ts=2905 dur=847465 clk=dev
[mono_ns=182553184227298][T0x731da3880740][TIMING] emit_host_span: [STRACE] v=1 pid=466696 tid=466696 inv=7 hid=f0c29cefd733b2d6 depth=3 name=chip.run.runner_run.device_wall.config_validate ts=3441 dur=1152 clk=dev
[mono_ns=182553184228259][T0x731da3880740][TIMING] emit_host_span: [STRACE] v=1 pid=466696 tid=466696 inv=7 hid=f0c29cefd733b2d6 depth=3 name=chip.run.runner_run.device_wall.arena_wire ts=4656 dur=3209 clk=dev
[mono_ns=182553184229230][T0x731da3880740][TIMING] emit_host_span: [STRACE] v=1 pid=466696 tid=466696 inv=7 hid=f0c29cefd733b2d6 depth=3 name=chip.run.runner_run.device_wall.sm_reset ts=7931 dur=5818 clk=dev
[mono_ns=182553184230242][T0x731da3880740][TIMING] emit_host_span: [STRACE] v=1 pid=466696 tid=466696 inv=7 hid=f0c29cefd733b2d6 depth=3 name=chip.run.runner_run.device_wall.post_orch ts=850389 dur=4242 clk=dev
[mono_ns=182553184231243][T0x731da3880740][TIMING] emit_host_span: [STRACE] v=1 pid=466696 tid=466696 inv=7 hid=f0c29cefd733b2d6 depth=3 name=chip.run.runner_run.device_wall.orch ts=14003 dur=608487 clk=dev
[mono_ns=182553184236982][T0x731da3880740][TIMING] emit_host_span: [STRACE] v=1 pid=466696 tid=466696 inv=7 hid=f0c29cefd733b2d6 depth=3 name=chip.run.runner_run.device_wall.sched ts=14605 dur=821456 clk=dev
[mono_ns=182553184238304][T0x731da3880740][TIMING] emit_host_span: [STRACE] v=1 pid=466696 tid=466696 inv=7 hid=f0c29cefd733b2d6 depth=1 name=chip.run.claim_release ts=182553184237713 dur=70
[mono_ns=182553184239656][T0x731da3880740][TIMING] emit_host_span: [STRACE] v=1 pid=466696 tid=466696 inv=7 hid=f0c29cefd733b2d6 depth=0 name=chip.run ts=182553151152735 dur=33086300 run_id=0 dispatch_id=0 slot_id=0 generation=7 run_epoch=7
[mono_ns=182553216321458][T0x731da3880740][TIMING] emit_host_span: [STRACE] v=1 pid=466696 tid=466696 inv=8 hid=f0c29cefd733b2d6 depth=2 name=chip.run.bind.args ts=182553184466106 dur=31853780
[mono_ns=182553216326095][T0x731da3880740][TIMING] emit_host_span: [STRACE] v=1 pid=466696 tid=466696 inv=8 hid=f0c29cefd733b2d6 depth=2 name=chip.run.bind.prebuilt ts=182553216324663 dur=831
[mono_ns=182553216327477][T0x731da3880740][TIMING] emit_host_span: [STRACE] v=1 pid=466696 tid=466696 inv=8 hid=f0c29cefd733b2d6 depth=1 name=chip.run.bind ts=182553184463522 dur=31863224
[mono_ns=182553220912199][T0x731da3880740][WARN] prepare_execution: [device_runner.cpp:343] AICPU CPU_TOPO unavailable; using json_fallback: soc=Ascend950PR_9579 occupy=0x3e stable_reachable=5 requested=0 effective=5 affinity=[1, 2, 3, 4, 5(orch)]
[mono_ns=182553221959390][T0x731da3880740][TIMING] emit_host_span: [STRACE] v=1 pid=466696 tid=466696 inv=8 hid=f0c29cefd733b2d6 depth=1 name=chip.run.runner_run ts=182553220960391 dur=997998
[mono_ns=182553222212600][T0x731da3880740][TIMING] emit_host_span: [STRACE] v=1 pid=466696 tid=466696 inv=8 hid=f0c29cefd733b2d6 depth=1 name=chip.run.validate ts=182553221961604 dur=250285
[mono_ns=182553222215214][T0x731da3880740][TIMING] emit_host_span: [STRACE] v=1 pid=466696 tid=466696 inv=8 hid=f0c29cefd733b2d6 depth=2 name=chip.run.runner_run.device_wall ts=0 dur=865755 clk=dev
[mono_ns=182553222216316][T0x731da3880740][TIMING] emit_host_span: [STRACE] v=1 pid=466696 tid=466696 inv=8 hid=f0c29cefd733b2d6 depth=3 name=chip.run.runner_run.device_wall.preamble ts=0 dur=12328 clk=dev
[mono_ns=182553222217348][T0x731da3880740][TIMING] emit_host_span: [STRACE] v=1 pid=466696 tid=466696 inv=8 hid=f0c29cefd733b2d6 depth=3 name=chip.run.runner_run.device_wall.graph_build ts=2783 dur=858393 clk=dev
[mono_ns=182553222218329][T0x731da3880740][TIMING] emit_host_span: [STRACE] v=1 pid=466696 tid=466696 inv=8 hid=f0c29cefd733b2d6 depth=3 name=chip.run.runner_run.device_wall.config_validate ts=3511 dur=1356 clk=dev
[mono_ns=182553222219310][T0x731da3880740][TIMING] emit_host_span: [STRACE] v=1 pid=466696 tid=466696 inv=8 hid=f0c29cefd733b2d6 depth=3 name=chip.run.runner_run.device_wall.arena_wire ts=4885 dur=3327 clk=dev
[mono_ns=182553222220282][T0x731da3880740][TIMING] emit_host_span: [STRACE] v=1 pid=466696 tid=466696 inv=8 hid=f0c29cefd733b2d6 depth=3 name=chip.run.runner_run.device_wall.sm_reset ts=8277 dur=6027 clk=dev
[mono_ns=182553222221263][T0x731da3880740][TIMING] emit_host_span: [STRACE] v=1 pid=466696 tid=466696 inv=8 hid=f0c29cefd733b2d6 depth=3 name=chip.run.runner_run.device_wall.post_orch ts=861243 dur=4125 clk=dev
[mono_ns=182553222222235][T0x731da3880740][TIMING] emit_host_span: [STRACE] v=1 pid=466696 tid=466696 inv=8 hid=f0c29cefd733b2d6 depth=3 name=chip.run.runner_run.device_wall.orch ts=14379 dur=614716 clk=dev
[mono_ns=182553222223216][T0x731da3880740][TIMING] emit_host_span: [STRACE] v=1 pid=466696 tid=466696 inv=8 hid=f0c29cefd733b2d6 depth=3 name=chip.run.runner_run.device_wall.sched ts=15159 dur=831169 clk=dev
[mono_ns=182553222224398][T0x731da3880740][TIMING] emit_host_span: [STRACE] v=1 pid=466696 tid=466696 inv=8 hid=f0c29cefd733b2d6 depth=1 name=chip.run.claim_release ts=182553222223837 dur=60
[mono_ns=182553222225700][T0x731da3880740][TIMING] emit_host_span: [STRACE] v=1 pid=466696 tid=466696 inv=8 hid=f0c29cefd733b2d6 depth=0 name=chip.run ts=182553184461659 dur=37763450 run_id=0 dispatch_id=0 slot_id=0 generation=8 run_epoch=8
[mono_ns=182553251427329][T0x731da3880740][TIMING] emit_host_span: [STRACE] v=1 pid=466696 tid=466696 inv=9 hid=f0c29cefd733b2d6 depth=2 name=chip.run.bind.args ts=182553222456316 dur=28969261
[mono_ns=182553251431836][T0x731da3880740][TIMING] emit_host_span: [STRACE] v=1 pid=466696 tid=466696 inv=9 hid=f0c29cefd733b2d6 depth=2 name=chip.run.bind.prebuilt ts=182553251430374 dur=871
[mono_ns=182553251433348][T0x731da3880740][TIMING] emit_host_span: [STRACE] v=1 pid=466696 tid=466696 inv=9 hid=f0c29cefd733b2d6 depth=1 name=chip.run.bind ts=182553222453973 dur=28978634
[mono_ns=182553255920513][T0x731da3880740][WARN] prepare_execution: [device_runner.cpp:343] AICPU CPU_TOPO unavailable; using json_fallback: soc=Ascend950PR_9579 occupy=0x3e stable_reachable=5 requested=0 effective=5 affinity=[1, 2, 3, 4, 5(orch)]
[mono_ns=182553256951330][T0x731da3880740][TIMING] emit_host_span: [STRACE] v=1 pid=466696 tid=466696 inv=9 hid=f0c29cefd733b2d6 depth=1 name=chip.run.runner_run ts=182553255971179 dur=979250
[mono_ns=182553257247465][T0x731da3880740][TIMING] emit_host_span: [STRACE] v=1 pid=466696 tid=466696 inv=9 hid=f0c29cefd733b2d6 depth=1 name=chip.run.validate ts=182553256953654 dur=293110
[mono_ns=182553257249208][T0x731da3880740][TIMING] emit_host_span: [STRACE] v=1 pid=466696 tid=466696 inv=9 hid=f0c29cefd733b2d6 depth=2 name=chip.run.runner_run.device_wall ts=0 dur=872989 clk=dev
[mono_ns=182553257250489][T0x731da3880740][TIMING] emit_host_span: [STRACE] v=1 pid=466696 tid=466696 inv=9 hid=f0c29cefd733b2d6 depth=3 name=chip.run.runner_run.device_wall.preamble ts=0 dur=12466 clk=dev
[mono_ns=182553257251601][T0x731da3880740][TIMING] emit_host_span: [STRACE] v=1 pid=466696 tid=466696 inv=9 hid=f0c29cefd733b2d6 depth=3 name=chip.run.runner_run.device_wall.graph_build ts=3232 dur=865823 clk=dev
[mono_ns=182553257252643][T0x731da3880740][TIMING] emit_host_span: [STRACE] v=1 pid=466696 tid=466696 inv=9 hid=f0c29cefd733b2d6 depth=3 name=chip.run.runner_run.device_wall.config_validate ts=3694 dur=1300 clk=dev
[mono_ns=182553257253694][T0x731da3880740][TIMING] emit_host_span: [STRACE] v=1 pid=466696 tid=466696 inv=9 hid=f0c29cefd733b2d6 depth=3 name=chip.run.runner_run.device_wall.arena_wire ts=5054 dur=3465 clk=dev
[mono_ns=182553257254656][T0x731da3880740][TIMING] emit_host_span: [STRACE] v=1 pid=466696 tid=466696 inv=9 hid=f0c29cefd733b2d6 depth=3 name=chip.run.runner_run.device_wall.sm_reset ts=8536 dur=5537 clk=dev
[mono_ns=182553257255677][T0x731da3880740][TIMING] emit_host_span: [STRACE] v=1 pid=466696 tid=466696 inv=9 hid=f0c29cefd733b2d6 depth=3 name=chip.run.runner_run.device_wall.post_orch ts=869117 dur=3530 clk=dev
[mono_ns=182553257256669][T0x731da3880740][TIMING] emit_host_span: [STRACE] v=1 pid=466696 tid=466696 inv=9 hid=f0c29cefd733b2d6 depth=3 name=chip.run.runner_run.device_wall.orch ts=14109 dur=625328 clk=dev
[mono_ns=182553257257660][T0x731da3880740][TIMING] emit_host_span: [STRACE] v=1 pid=466696 tid=466696 inv=9 hid=f0c29cefd733b2d6 depth=3 name=chip.run.runner_run.device_wall.sched ts=14931 dur=839972 clk=dev
[mono_ns=182553257258832][T0x731da3880740][TIMING] emit_host_span: [STRACE] v=1 pid=466696 tid=466696 inv=9 hid=f0c29cefd733b2d6 depth=1 name=chip.run.claim_release ts=182553257258231 dur=70
[mono_ns=182553257260104][T0x731da3880740][TIMING] emit_host_span: [STRACE] v=1 pid=466696 tid=466696 inv=9 hid=f0c29cefd733b2d6 depth=0 name=chip.run ts=182553222452130 dur=34807393 run_id=0 dispatch_id=0 slot_id=0 generation=9 run_epoch=9
[mono_ns=182553285102653][T0x731da3880740][TIMING] emit_host_span: [STRACE] v=1 pid=466696 tid=466696 inv=10 hid=f0c29cefd733b2d6 depth=2 name=chip.run.bind.args ts=182553257484290 dur=27615369
[mono_ns=182553285113449][T0x731da3880740][TIMING] emit_host_span: [STRACE] v=1 pid=466696 tid=466696 inv=10 hid=f0c29cefd733b2d6 depth=2 name=chip.run.bind.prebuilt ts=182553285111426 dur=992
[mono_ns=182553285115623][T0x731da3880740][TIMING] emit_host_span: [STRACE] v=1 pid=466696 tid=466696 inv=10 hid=f0c29cefd733b2d6 depth=1 name=chip.run.bind ts=182553257482267 dur=27632374
[mono_ns=182553291671913][T0x731da3880740][WARN] prepare_execution: [device_runner.cpp:343] AICPU CPU_TOPO unavailable; using json_fallback: soc=Ascend950PR_9579 occupy=0x3e stable_reachable=5 requested=0 effective=5 affinity=[1, 2, 3, 4, 5(orch)]
[mono_ns=182553292755780][T0x731da3880740][TIMING] emit_host_span: [STRACE] v=1 pid=466696 tid=466696 inv=10 hid=f0c29cefd733b2d6 depth=1 name=chip.run.runner_run ts=182553291718924 dur=1035694
[mono_ns=182553293063792][T0x731da3880740][TIMING] emit_host_span: [STRACE] v=1 pid=466696 tid=466696 inv=10 hid=f0c29cefd733b2d6 depth=1 name=chip.run.validate ts=182553292759135 dur=303766
[mono_ns=182553293065625][T0x731da3880740][TIMING] emit_host_span: [STRACE] v=1 pid=466696 tid=466696 inv=10 hid=f0c29cefd733b2d6 depth=2 name=chip.run.runner_run.device_wall ts=0 dur=898514 clk=dev
[mono_ns=182553293067077][T0x731da3880740][TIMING] emit_host_span: [STRACE] v=1 pid=466696 tid=466696 inv=10 hid=f0c29cefd733b2d6 depth=3 name=chip.run.runner_run.device_wall.preamble ts=0 dur=13159 clk=dev
[mono_ns=182553293068269][T0x731da3880740][TIMING] emit_host_span: [STRACE] v=1 pid=466696 tid=466696 inv=10 hid=f0c29cefd733b2d6 depth=3 name=chip.run.runner_run.device_wall.graph_build ts=3070 dur=890574 clk=dev
[mono_ns=182553293069331][T0x731da3880740][TIMING] emit_host_span: [STRACE] v=1 pid=466696 tid=466696 inv=10 hid=f0c29cefd733b2d6 depth=3 name=chip.run.runner_run.device_wall.config_validate ts=3775 dur=1897 clk=dev
[mono_ns=182553293070362][T0x731da3880740][TIMING] emit_host_span: [STRACE] v=1 pid=466696 tid=466696 inv=10 hid=f0c29cefd733b2d6 depth=3 name=chip.run.runner_run.device_wall.arena_wire ts=5908 dur=3176 clk=dev
[mono_ns=182553293071374][T0x731da3880740][TIMING] emit_host_span: [STRACE] v=1 pid=466696 tid=466696 inv=10 hid=f0c29cefd733b2d6 depth=3 name=chip.run.runner_run.device_wall.sm_reset ts=9112 dur=6107 clk=dev
[mono_ns=182553293072405][T0x731da3880740][TIMING] emit_host_span: [STRACE] v=1 pid=466696 tid=466696 inv=10 hid=f0c29cefd733b2d6 depth=3 name=chip.run.runner_run.device_wall.post_orch ts=893961 dur=4164 clk=dev
[mono_ns=182553293073447][T0x731da3880740][TIMING] emit_host_span: [STRACE] v=1 pid=466696 tid=466696 inv=10 hid=f0c29cefd733b2d6 depth=3 name=chip.run.runner_run.device_wall.orch ts=15349 dur=642527 clk=dev
[mono_ns=182553293074448][T0x731da3880740][TIMING] emit_host_span: [STRACE] v=1 pid=466696 tid=466696 inv=10 hid=f0c29cefd733b2d6 depth=3 name=chip.run.runner_run.device_wall.sched ts=16101 dur=865823 clk=dev
[mono_ns=182553293075830][T0x731da3880740][TIMING] emit_host_span: [STRACE] v=1 pid=466696 tid=466696 inv=10 hid=f0c29cefd733b2d6 depth=1 name=chip.run.claim_release ts=182553293075099 dur=130
[mono_ns=182553293077423][T0x731da3880740][TIMING] emit_host_span: [STRACE] v=1 pid=466696 tid=466696 inv=10 hid=f0c29cefd733b2d6 depth=0 name=chip.run ts=182553257480425 dur=35596247 run_id=0 dispatch_id=0 slot_id=0 generation=10 run_epoch=10
[mono_ns=182553323197280][T0x731da3880740][TIMING] emit_host_span: [STRACE] v=1 pid=466696 tid=466696 inv=11 hid=f0c29cefd733b2d6 depth=2 name=chip.run.bind.args ts=182553293366216 dur=29829402
[mono_ns=182553323203029][T0x731da3880740][TIMING] emit_host_span: [STRACE] v=1 pid=466696 tid=466696 inv=11 hid=f0c29cefd733b2d6 depth=2 name=chip.run.bind.prebuilt ts=182553323201607 dur=771
[mono_ns=182553323204581][T0x731da3880740][TIMING] emit_host_span: [STRACE] v=1 pid=466696 tid=466696 inv=11 hid=f0c29cefd733b2d6 depth=1 name=chip.run.bind ts=182553293362971 dur=29840719
[mono_ns=182553328210284][T0x731da3880740][WARN] prepare_execution: [device_runner.cpp:343] AICPU CPU_TOPO unavailable; using json_fallback: soc=Ascend950PR_9579 occupy=0x3e stable_reachable=5 requested=0 effective=5 affinity=[1, 2, 3, 4, 5(orch)]
[mono_ns=182553329287531][T0x731da3880740][TIMING] emit_host_span: [STRACE] v=1 pid=466696 tid=466696 inv=11 hid=f0c29cefd733b2d6 depth=1 name=chip.run.runner_run ts=182553328259118 dur=1027121
[mono_ns=182553329574362][T0x731da3880740][TIMING] emit_host_span: [STRACE] v=1 pid=466696 tid=466696 inv=11 hid=f0c29cefd733b2d6 depth=1 name=chip.run.validate ts=182553329289704 dur=283967
[mono_ns=182553329580180][T0x731da3880740][TIMING] emit_host_span: [STRACE] v=1 pid=466696 tid=466696 inv=11 hid=f0c29cefd733b2d6 depth=2 name=chip.run.runner_run.device_wall ts=0 dur=905359 clk=dev
[mono_ns=182553329581452][T0x731da3880740][TIMING] emit_host_span: [STRACE] v=1 pid=466696 tid=466696 inv=11 hid=f0c29cefd733b2d6 depth=3 name=chip.run.runner_run.device_wall.preamble ts=0 dur=12756 clk=dev
[mono_ns=182553329582494][T0x731da3880740][TIMING] emit_host_span: [STRACE] v=1 pid=466696 tid=466696 inv=11 hid=f0c29cefd733b2d6 depth=3 name=chip.run.runner_run.device_wall.graph_build ts=3368 dur=897749 clk=dev
[mono_ns=182553329583515][T0x731da3880740][TIMING] emit_host_span: [STRACE] v=1 pid=466696 tid=466696 inv=11 hid=f0c29cefd733b2d6 depth=3 name=chip.run.runner_run.device_wall.config_validate ts=4054 dur=1565 clk=dev
[mono_ns=182553329584507][T0x731da3880740][TIMING] emit_host_span: [STRACE] v=1 pid=466696 tid=466696 inv=11 hid=f0c29cefd733b2d6 depth=3 name=chip.run.runner_run.device_wall.arena_wire ts=5642 dur=3613 clk=dev
[mono_ns=182553329585488][T0x731da3880740][TIMING] emit_host_span: [STRACE] v=1 pid=466696 tid=466696 inv=11 hid=f0c29cefd733b2d6 depth=3 name=chip.run.runner_run.device_wall.sm_reset ts=9364 dur=5997 clk=dev
[mono_ns=182553329586520][T0x731da3880740][TIMING] emit_host_span: [STRACE] v=1 pid=466696 tid=466696 inv=11 hid=f0c29cefd733b2d6 depth=3 name=chip.run.runner_run.device_wall.post_orch ts=901147 dur=3594 clk=dev
[mono_ns=182553329587481][T0x731da3880740][TIMING] emit_host_span: [STRACE] v=1 pid=466696 tid=466696 inv=11 hid=f0c29cefd733b2d6 depth=3 name=chip.run.runner_run.device_wall.orch ts=15535 dur=634910 clk=dev
[mono_ns=182553329588463][T0x731da3880740][TIMING] emit_host_span: [STRACE] v=1 pid=466696 tid=466696 inv=11 hid=f0c29cefd733b2d6 depth=3 name=chip.run.runner_run.device_wall.sched ts=16107 dur=870473 clk=dev
[mono_ns=182553329589745][T0x731da3880740][TIMING] emit_host_span: [STRACE] v=1 pid=466696 tid=466696 inv=11 hid=f0c29cefd733b2d6 depth=1 name=chip.run.claim_release ts=182553329589114 dur=80
[mono_ns=182553329591107][T0x731da3880740][TIMING] emit_host_span: [STRACE] v=1 pid=466696 tid=466696 inv=11 hid=f0c29cefd733b2d6 depth=0 name=chip.run ts=182553293359937 dur=36230529 run_id=0 dispatch_id=0 slot_id=0 generation=11 run_epoch=11
[mono_ns=182553358996151][T0x731da3880740][TIMING] emit_host_span: [STRACE] v=1 pid=466696 tid=466696 inv=12 hid=f0c29cefd733b2d6 depth=2 name=chip.run.bind.args ts=182553329841573 dur=29152896
[mono_ns=182553359004754][T0x731da3880740][TIMING] emit_host_span: [STRACE] v=1 pid=466696 tid=466696 inv=12 hid=f0c29cefd733b2d6 depth=2 name=chip.run.bind.prebuilt ts=182553359003482 dur=581
[mono_ns=182553359006777][T0x731da3880740][TIMING] emit_host_span: [STRACE] v=1 pid=466696 tid=466696 inv=12 hid=f0c29cefd733b2d6 depth=1 name=chip.run.bind ts=182553329839179 dur=29166547
[mono_ns=182553363905320][T0x731da3880740][WARN] prepare_execution: [device_runner.cpp:343] AICPU CPU_TOPO unavailable; using json_fallback: soc=Ascend950PR_9579 occupy=0x3e stable_reachable=5 requested=0 effective=5 affinity=[1, 2, 3, 4, 5(orch)]
[mono_ns=182553364983768][T0x731da3880740][TIMING] emit_host_span: [STRACE] v=1 pid=466696 tid=466696 inv=12 hid=f0c29cefd733b2d6 depth=1 name=chip.run.runner_run ts=182553363944368 dur=1038469
[mono_ns=182553365275596][T0x731da3880740][TIMING] emit_host_span: [STRACE] v=1 pid=466696 tid=466696 inv=12 hid=f0c29cefd733b2d6 depth=1 name=chip.run.validate ts=182553364985922 dur=288993
[mono_ns=182553365277549][T0x731da3880740][TIMING] emit_host_span: [STRACE] v=1 pid=466696 tid=466696 inv=12 hid=f0c29cefd733b2d6 depth=2 name=chip.run.runner_run.device_wall ts=0 dur=911410 clk=dev
[mono_ns=182553365278781][T0x731da3880740][TIMING] emit_host_span: [STRACE] v=1 pid=466696 tid=466696 inv=12 hid=f0c29cefd733b2d6 depth=3 name=chip.run.runner_run.device_wall.preamble ts=0 dur=13442 clk=dev
[mono_ns=182553365279813][T0x731da3880740][TIMING] emit_host_span: [STRACE] v=1 pid=466696 tid=466696 inv=12 hid=f0c29cefd733b2d6 depth=3 name=chip.run.runner_run.device_wall.graph_build ts=3182 dur=903115 clk=dev
[mono_ns=182553365283799][T0x731da3880740][TIMING] emit_host_span: [STRACE] v=1 pid=466696 tid=466696 inv=12 hid=f0c29cefd733b2d6 depth=3 name=chip.run.runner_run.device_wall.config_validate ts=3895 dur=984 clk=dev
[mono_ns=182553365284800][T0x731da3880740][TIMING] emit_host_span: [STRACE] v=1 pid=466696 tid=466696 inv=12 hid=f0c29cefd733b2d6 depth=3 name=chip.run.runner_run.device_wall.arena_wire ts=5083 dur=3304 clk=dev
[mono_ns=182553365285772][T0x731da3880740][TIMING] emit_host_span: [STRACE] v=1 pid=466696 tid=466696 inv=12 hid=f0c29cefd733b2d6 depth=3 name=chip.run.runner_run.device_wall.sm_reset ts=8409 dur=4625 clk=dev
[mono_ns=182553365286803][T0x731da3880740][TIMING] emit_host_span: [STRACE] v=1 pid=466696 tid=466696 inv=12 hid=f0c29cefd733b2d6 depth=3 name=chip.run.runner_run.device_wall.post_orch ts=906327 dur=4898 clk=dev
[mono_ns=182553365287835][T0x731da3880740][TIMING] emit_host_span: [STRACE] v=1 pid=466696 tid=466696 inv=12 hid=f0c29cefd733b2d6 depth=3 name=chip.run.runner_run.device_wall.orch ts=13110 dur=623790 clk=dev
[mono_ns=182553365288816][T0x731da3880740][TIMING] emit_host_span: [STRACE] v=1 pid=466696 tid=466696 inv=12 hid=f0c29cefd733b2d6 depth=3 name=chip.run.runner_run.device_wall.sched ts=13804 dur=876780 clk=dev
[mono_ns=182553365289988][T0x731da3880740][TIMING] emit_host_span: [STRACE] v=1 pid=466696 tid=466696 inv=12 hid=f0c29cefd733b2d6 depth=1 name=chip.run.claim_release ts=182553365289407 dur=40
[mono_ns=182553365291270][T0x731da3880740][TIMING] emit_host_span: [STRACE] v=1 pid=466696 tid=466696 inv=12 hid=f0c29cefd733b2d6 depth=0 name=chip.run ts=182553329836936 dur=35453713 run_id=0 dispatch_id=0 slot_id=0 generation=12 run_epoch=12
[mono_ns=182553393385527][T0x731da3880740][TIMING] emit_host_span: [STRACE] v=1 pid=466696 tid=466696 inv=13 hid=f0c29cefd733b2d6 depth=2 name=chip.run.bind.args ts=182553365536698 dur=27847427
[mono_ns=182553393390064][T0x731da3880740][TIMING] emit_host_span: [STRACE] v=1 pid=466696 tid=466696 inv=13 hid=f0c29cefd733b2d6 depth=2 name=chip.run.bind.prebuilt ts=182553393388792 dur=651
[mono_ns=182553393391606][T0x731da3880740][TIMING] emit_host_span: [STRACE] v=1 pid=466696 tid=466696 inv=13 hid=f0c29cefd733b2d6 depth=1 name=chip.run.bind ts=182553365534765 dur=27856130
[mono_ns=182553397915677][T0x731da3880740][WARN] prepare_execution: [device_runner.cpp:343] AICPU CPU_TOPO unavailable; using json_fallback: soc=Ascend950PR_9579 occupy=0x3e stable_reachable=5 requested=0 effective=5 affinity=[1, 2, 3, 4, 5(orch)]
[mono_ns=182553398940334][T0x731da3880740][TIMING] emit_host_span: [STRACE] v=1 pid=466696 tid=466696 inv=13 hid=f0c29cefd733b2d6 depth=1 name=chip.run.runner_run ts=182553397957710 dur=981583
[mono_ns=182553399269488][T0x731da3880740][TIMING] emit_host_span: [STRACE] v=1 pid=466696 tid=466696 inv=13 hid=f0c29cefd733b2d6 depth=1 name=chip.run.validate ts=182553398942508 dur=326219
[mono_ns=182553399271271][T0x731da3880740][TIMING] emit_host_span: [STRACE] v=1 pid=466696 tid=466696 inv=13 hid=f0c29cefd733b2d6 depth=2 name=chip.run.runner_run.device_wall ts=0 dur=877685 clk=dev
[mono_ns=182553399272763][T0x731da3880740][TIMING] emit_host_span: [STRACE] v=1 pid=466696 tid=466696 inv=13 hid=f0c29cefd733b2d6 depth=3 name=chip.run.runner_run.device_wall.preamble ts=0 dur=12109 clk=dev
[mono_ns=182553399273885][T0x731da3880740][TIMING] emit_host_span: [STRACE] v=1 pid=466696 tid=466696 inv=13 hid=f0c29cefd733b2d6 depth=3 name=chip.run.runner_run.device_wall.graph_build ts=3086 dur=869229 clk=dev
[mono_ns=182553399274947][T0x731da3880740][TIMING] emit_host_span: [STRACE] v=1 pid=466696 tid=466696 inv=13 hid=f0c29cefd733b2d6 depth=3 name=chip.run.runner_run.device_wall.config_validate ts=3637 dur=1480 clk=dev
[mono_ns=182553399276038][T0x731da3880740][TIMING] emit_host_span: [STRACE] v=1 pid=466696 tid=466696 inv=13 hid=f0c29cefd733b2d6 depth=3 name=chip.run.runner_run.device_wall.arena_wire ts=5236 dur=3425 clk=dev
[mono_ns=182553399279574][T0x731da3880740][TIMING] emit_host_span: [STRACE] v=1 pid=466696 tid=466696 inv=13 hid=f0c29cefd733b2d6 depth=3 name=chip.run.runner_run.device_wall.sm_reset ts=8765 dur=5545 clk=dev
[mono_ns=182553399280625][T0x731da3880740][TIMING] emit_host_span: [STRACE] v=1 pid=466696 tid=466696 inv=13 hid=f0c29cefd733b2d6 depth=3 name=chip.run.runner_run.device_wall.post_orch ts=872623 dur=4561 clk=dev
[mono_ns=182553399281637][T0x731da3880740][TIMING] emit_host_span: [STRACE] v=1 pid=466696 tid=466696 inv=13 hid=f0c29cefd733b2d6 depth=3 name=chip.run.runner_run.device_wall.orch ts=14379 dur=605848 clk=dev
[mono_ns=182553399282658][T0x731da3880740][TIMING] emit_host_span: [STRACE] v=1 pid=466696 tid=466696 inv=13 hid=f0c29cefd733b2d6 depth=3 name=chip.run.runner_run.device_wall.sched ts=15542 dur=843122 clk=dev
[mono_ns=182553399283870][T0x731da3880740][TIMING] emit_host_span: [STRACE] v=1 pid=466696 tid=466696 inv=13 hid=f0c29cefd733b2d6 depth=1 name=chip.run.claim_release ts=182553399283229 dur=70
[mono_ns=182553399285192][T0x731da3880740][TIMING] emit_host_span: [STRACE] v=1 pid=466696 tid=466696 inv=13 hid=f0c29cefd733b2d6 depth=0 name=chip.run ts=182553365532732 dur=33751819 run_id=0 dispatch_id=0 slot_id=0 generation=13 run_epoch=13
[mono_ns=182553426931447][T0x731da3880740][TIMING] emit_host_span: [STRACE] v=1 pid=466696 tid=466696 inv=14 hid=f0c29cefd733b2d6 depth=2 name=chip.run.bind.args ts=182553399522238 dur=27407476
[mono_ns=182553426935653][T0x731da3880740][TIMING] emit_host_span: [STRACE] v=1 pid=466696 tid=466696 inv=14 hid=f0c29cefd733b2d6 depth=2 name=chip.run.bind.prebuilt ts=182553426934271 dur=681
[mono_ns=182553426936945][T0x731da3880740][TIMING] emit_host_span: [STRACE] v=1 pid=466696 tid=466696 inv=14 hid=f0c29cefd733b2d6 depth=1 name=chip.run.bind ts=182553399520195 dur=27416129
[mono_ns=182553467454869][T0x731da3880740][WARN] prepare_execution: [device_runner.cpp:343] AICPU CPU_TOPO unavailable; using json_fallback: soc=Ascend950PR_9579 occupy=0x3e stable_reachable=5 requested=0 effective=5 affinity=[1, 2, 3, 4, 5(orch)]
[mono_ns=182553468466357][T0x731da3880740][TIMING] emit_host_span: [STRACE] v=1 pid=466696 tid=466696 inv=14 hid=f0c29cefd733b2d6 depth=1 name=chip.run.runner_run ts=182553467498284 dur=966691
[mono_ns=182553468787680][T0x731da3880740][TIMING] emit_host_span: [STRACE] v=1 pid=466696 tid=466696 inv=14 hid=f0c29cefd733b2d6 depth=1 name=chip.run.validate ts=182553468469102 dur=317837
[mono_ns=182553468789553][T0x731da3880740][TIMING] emit_host_span: [STRACE] v=1 pid=466696 tid=466696 inv=14 hid=f0c29cefd733b2d6 depth=2 name=chip.run.runner_run.device_wall ts=0 dur=845035 clk=dev
[mono_ns=182553468791065][T0x731da3880740][TIMING] emit_host_span: [STRACE] v=1 pid=466696 tid=466696 inv=14 hid=f0c29cefd733b2d6 depth=3 name=chip.run.runner_run.device_wall.preamble ts=0 dur=12443 clk=dev
[mono_ns=182553468792237][T0x731da3880740][TIMING] emit_host_span: [STRACE] v=1 pid=466696 tid=466696 inv=14 hid=f0c29cefd733b2d6 depth=3 name=chip.run.runner_run.device_wall.graph_build ts=2964 dur=837163 clk=dev
[mono_ns=182553468793228][T0x731da3880740][TIMING] emit_host_span: [STRACE] v=1 pid=466696 tid=466696 inv=14 hid=f0c29cefd733b2d6 depth=3 name=chip.run.runner_run.device_wall.config_validate ts=3480 dur=1339 clk=dev
[mono_ns=182553468794189][T0x731da3880740][TIMING] emit_host_span: [STRACE] v=1 pid=466696 tid=466696 inv=14 hid=f0c29cefd733b2d6 depth=3 name=chip.run.runner_run.device_wall.arena_wire ts=4841 dur=2856 clk=dev
[mono_ns=182553468795151][T0x731da3880740][TIMING] emit_host_span: [STRACE] v=1 pid=466696 tid=466696 inv=14 hid=f0c29cefd733b2d6 depth=3 name=chip.run.runner_run.device_wall.sm_reset ts=7770 dur=5154 clk=dev
[mono_ns=182553468796142][T0x731da3880740][TIMING] emit_host_span: [STRACE] v=1 pid=466696 tid=466696 inv=14 hid=f0c29cefd733b2d6 depth=3 name=chip.run.runner_run.device_wall.post_orch ts=840152 dur=4673 clk=dev
[mono_ns=182553468797104][T0x731da3880740][TIMING] emit_host_span: [STRACE] v=1 pid=466696 tid=466696 inv=14 hid=f0c29cefd733b2d6 depth=3 name=chip.run.runner_run.device_wall.orch ts=12992 dur=602968 clk=dev
[mono_ns=182553468813498][T0x731da3880740][TIMING] emit_host_span: [STRACE] v=1 pid=466696 tid=466696 inv=14 hid=f0c29cefd733b2d6 depth=3 name=chip.run.runner_run.device_wall.sched ts=13817 dur=812470 clk=dev
[mono_ns=182553468814830][T0x731da3880740][TIMING] emit_host_span: [STRACE] v=1 pid=466696 tid=466696 inv=14 hid=f0c29cefd733b2d6 depth=1 name=chip.run.claim_release ts=182553468814230 dur=50
[mono_ns=182553468816423][T0x731da3880740][TIMING] emit_host_span: [STRACE] v=1 pid=466696 tid=466696 inv=14 hid=f0c29cefd733b2d6 depth=0 name=chip.run ts=182553399517891 dur=69297871 run_id=0 dispatch_id=0 slot_id=0 generation=14 run_epoch=14
[mono_ns=182553505128635][T0x731da3880740][TIMING] emit_host_span: [STRACE] v=1 pid=466696 tid=466696 inv=15 hid=f0c29cefd733b2d6 depth=2 name=chip.run.bind.args ts=182553469114350 dur=36012993
[mono_ns=182553505133722][T0x731da3880740][TIMING] emit_host_span: [STRACE] v=1 pid=466696 tid=466696 inv=15 hid=f0c29cefd733b2d6 depth=2 name=chip.run.bind.prebuilt ts=182553505131869 dur=1252
[mono_ns=182553505135134][T0x731da3880740][TIMING] emit_host_span: [STRACE] v=1 pid=466696 tid=466696 inv=15 hid=f0c29cefd733b2d6 depth=1 name=chip.run.bind ts=182553469111356 dur=36023177
[mono_ns=182553515251618][T0x731da3880740][WARN] prepare_execution: [device_runner.cpp:343] AICPU CPU_TOPO unavailable; using json_fallback: soc=Ascend950PR_9579 occupy=0x3e stable_reachable=5 requested=0 effective=5 affinity=[1, 2, 3, 4, 5(orch)]
[mono_ns=182553516329196][T0x731da3880740][TIMING] emit_host_span: [STRACE] v=1 pid=466696 tid=466696 inv=15 hid=f0c29cefd733b2d6 depth=1 name=chip.run.runner_run ts=182553515296596 dur=1031508
[mono_ns=182553516588425][T0x731da3880740][TIMING] emit_host_span: [STRACE] v=1 pid=466696 tid=466696 inv=15 hid=f0c29cefd733b2d6 depth=1 name=chip.run.validate ts=182553516331669 dur=256005
[mono_ns=182553516590418][T0x731da3880740][TIMING] emit_host_span: [STRACE] v=1 pid=466696 tid=466696 inv=15 hid=f0c29cefd733b2d6 depth=2 name=chip.run.runner_run.device_wall ts=0 dur=918208 clk=dev
[mono_ns=182553516591710][T0x731da3880740][TIMING] emit_host_span: [STRACE] v=1 pid=466696 tid=466696 inv=15 hid=f0c29cefd733b2d6 depth=3 name=chip.run.runner_run.device_wall.preamble ts=0 dur=12834 clk=dev
[mono_ns=182553516592711][T0x731da3880740][TIMING] emit_host_span: [STRACE] v=1 pid=466696 tid=466696 inv=15 hid=f0c29cefd733b2d6 depth=3 name=chip.run.runner_run.device_wall.graph_build ts=3259 dur=909908 clk=dev
[mono_ns=182553516593693][T0x731da3880740][TIMING] emit_host_span: [STRACE] v=1 pid=466696 tid=466696 inv=15 hid=f0c29cefd733b2d6 depth=3 name=chip.run.runner_run.device_wall.config_validate ts=3999 dur=1720 clk=dev
[mono_ns=182553516594674][T0x731da3880740][TIMING] emit_host_span: [STRACE] v=1 pid=466696 tid=466696 inv=15 hid=f0c29cefd733b2d6 depth=3 name=chip.run.runner_run.device_wall.arena_wire ts=5737 dur=4201 clk=dev
[mono_ns=182553516595646][T0x731da3880740][TIMING] emit_host_span: [STRACE] v=1 pid=466696 tid=466696 inv=15 hid=f0c29cefd733b2d6 depth=3 name=chip.run.runner_run.device_wall.sm_reset ts=9956 dur=6113 clk=dev
[mono_ns=182553516596627][T0x731da3880740][TIMING] emit_host_span: [STRACE] v=1 pid=466696 tid=466696 inv=15 hid=f0c29cefd733b2d6 depth=3 name=chip.run.runner_run.device_wall.post_orch ts=913196 dur=4917 clk=dev
[mono_ns=182553516597589][T0x731da3880740][TIMING] emit_host_span: [STRACE] v=1 pid=466696 tid=466696 inv=15 hid=f0c29cefd733b2d6 depth=3 name=chip.run.runner_run.device_wall.orch ts=16095 dur=634141 clk=dev
[mono_ns=182553516598560][T0x731da3880740][TIMING] emit_host_span: [STRACE] v=1 pid=466696 tid=466696 inv=15 hid=f0c29cefd733b2d6 depth=3 name=chip.run.runner_run.device_wall.sched ts=17118 dur=880508 clk=dev
[mono_ns=182553516599792][T0x731da3880740][TIMING] emit_host_span: [STRACE] v=1 pid=466696 tid=466696 inv=15 hid=f0c29cefd733b2d6 depth=1 name=chip.run.claim_release ts=182553516599131 dur=120
[mono_ns=182553516601274][T0x731da3880740][TIMING] emit_host_span: [STRACE] v=1 pid=466696 tid=466696 inv=15 hid=f0c29cefd733b2d6 depth=0 name=chip.run ts=182553469109252 dur=47491421 run_id=0 dispatch_id=0 slot_id=0 generation=15 run_epoch=15
[mono_ns=182553544859347][T0x731da3880740][TIMING] emit_host_span: [STRACE] v=1 pid=466696 tid=466696 inv=16 hid=f0c29cefd733b2d6 depth=2 name=chip.run.bind.args ts=182553516837809 dur=28020296
[mono_ns=182553544863764][T0x731da3880740][TIMING] emit_host_span: [STRACE] v=1 pid=466696 tid=466696 inv=16 hid=f0c29cefd733b2d6 depth=2 name=chip.run.bind.prebuilt ts=182553544862482 dur=691
[mono_ns=182553544865236][T0x731da3880740][TIMING] emit_host_span: [STRACE] v=1 pid=466696 tid=466696 inv=16 hid=f0c29cefd733b2d6 depth=1 name=chip.run.bind ts=182553516835365 dur=28029220
[mono_ns=182553549363818][T0x731da3880740][WARN] prepare_execution: [device_runner.cpp:343] AICPU CPU_TOPO unavailable; using json_fallback: soc=Ascend950PR_9579 occupy=0x3e stable_reachable=5 requested=0 effective=5 affinity=[1, 2, 3, 4, 5(orch)]
[mono_ns=182553550397590][T0x731da3880740][TIMING] emit_host_span: [STRACE] v=1 pid=466696 tid=466696 inv=16 hid=f0c29cefd733b2d6 depth=1 name=chip.run.runner_run ts=182553549423227 dur=973241
[mono_ns=182553550683449][T0x731da3880740][TIMING] emit_host_span: [STRACE] v=1 pid=466696 tid=466696 inv=16 hid=f0c29cefd733b2d6 depth=1 name=chip.run.validate ts=182553550400694 dur=282064
[mono_ns=182553550685351][T0x731da3880740][TIMING] emit_host_span: [STRACE] v=1 pid=466696 tid=466696 inv=16 hid=f0c29cefd733b2d6 depth=2 name=chip.run.runner_run.device_wall ts=0 dur=853670 clk=dev
[mono_ns=182553550686533][T0x731da3880740][TIMING] emit_host_span: [STRACE] v=1 pid=466696 tid=466696 inv=16 hid=f0c29cefd733b2d6 depth=3 name=chip.run.runner_run.device_wall.preamble ts=0 dur=12198 clk=dev
[mono_ns=182553550687685][T0x731da3880740][TIMING] emit_host_span: [STRACE] v=1 pid=466696 tid=466696 inv=16 hid=f0c29cefd733b2d6 depth=3 name=chip.run.runner_run.device_wall.graph_build ts=2406 dur=847308 clk=dev
[mono_ns=182553550688676][T0x731da3880740][TIMING] emit_host_span: [STRACE] v=1 pid=466696 tid=466696 inv=16 hid=f0c29cefd733b2d6 depth=3 name=chip.run.runner_run.device_wall.config_validate ts=3055 dur=1531 clk=dev
[mono_ns=182553550689658][T0x731da3880740][TIMING] emit_host_span: [STRACE] v=1 pid=466696 tid=466696 inv=16 hid=f0c29cefd733b2d6 depth=3 name=chip.run.runner_run.device_wall.arena_wire ts=4607 dur=3237 clk=dev
[mono_ns=182553550690629][T0x731da3880740][TIMING] emit_host_span: [STRACE] v=1 pid=466696 tid=466696 inv=16 hid=f0c29cefd733b2d6 depth=3 name=chip.run.runner_run.device_wall.sm_reset ts=7864 dur=5582 clk=dev
[mono_ns=182553550691641][T0x731da3880740][TIMING] emit_host_span: [STRACE] v=1 pid=466696 tid=466696 inv=16 hid=f0c29cefd733b2d6 depth=3 name=chip.run.runner_run.device_wall.post_orch ts=849744 dur=3553 clk=dev
[mono_ns=182553550692632][T0x731da3880740][TIMING] emit_host_span: [STRACE] v=1 pid=466696 tid=466696 inv=16 hid=f0c29cefd733b2d6 depth=3 name=chip.run.runner_run.device_wall.orch ts=13691 dur=604846 clk=dev
[mono_ns=182553550693644][T0x731da3880740][TIMING] emit_host_span: [STRACE] v=1 pid=466696 tid=466696 inv=16 hid=f0c29cefd733b2d6 depth=3 name=chip.run.runner_run.device_wall.sched ts=14376 dur=821822 clk=dev
[mono_ns=182553550694926][T0x731da3880740][TIMING] emit_host_span: [STRACE] v=1 pid=466696 tid=466696 inv=16 hid=f0c29cefd733b2d6 depth=1 name=chip.run.claim_release ts=182553550694255 dur=120
[mono_ns=182553550696118][T0x731da3880740][TIMING] emit_host_span: [STRACE] v=1 pid=466696 tid=466696 inv=16 hid=f0c29cefd733b2d6 depth=0 name=chip.run ts=182553516833342 dur=33862225 run_id=0 dispatch_id=0 slot_id=0 generation=16 run_epoch=16
[mono_ns=182553578397575][T0x731da3880740][TIMING] emit_host_span: [STRACE] v=1 pid=466696 tid=466696 inv=17 hid=f0c29cefd733b2d6 depth=2 name=chip.run.bind.args ts=182553550918061 dur=27477331
[mono_ns=182553578403144][T0x731da3880740][TIMING] emit_host_span: [STRACE] v=1 pid=466696 tid=466696 inv=17 hid=f0c29cefd733b2d6 depth=2 name=chip.run.bind.prebuilt ts=182553578401872 dur=651
[mono_ns=182553578410064][T0x731da3880740][TIMING] emit_host_span: [STRACE] v=1 pid=466696 tid=466696 inv=17 hid=f0c29cefd733b2d6 depth=1 name=chip.run.bind ts=182553550915918 dur=27493385
[mono_ns=182553582882958][T0x731da3880740][WARN] prepare_execution: [device_runner.cpp:343] AICPU CPU_TOPO unavailable; using json_fallback: soc=Ascend950PR_9579 occupy=0x3e stable_reachable=5 requested=0 effective=5 affinity=[1, 2, 3, 4, 5(orch)]
[mono_ns=182553583982548][T0x731da3880740][TIMING] emit_host_span: [STRACE] v=1 pid=466696 tid=466696 inv=17 hid=f0c29cefd733b2d6 depth=1 name=chip.run.runner_run ts=182553582933543 dur=1047553
[mono_ns=182553584286404][T0x731da3880740][TIMING] emit_host_span: [STRACE] v=1 pid=466696 tid=466696 inv=17 hid=f0c29cefd733b2d6 depth=1 name=chip.run.validate ts=182553583984821 dur=300792
[mono_ns=182553584288357][T0x731da3880740][TIMING] emit_host_span: [STRACE] v=1 pid=466696 tid=466696 inv=17 hid=f0c29cefd733b2d6 depth=2 name=chip.run.runner_run.device_wall ts=0 dur=886146 clk=dev
[mono_ns=182553584289609][T0x731da3880740][TIMING] emit_host_span: [STRACE] v=1 pid=466696 tid=466696 inv=17 hid=f0c29cefd733b2d6 depth=3 name=chip.run.runner_run.device_wall.preamble ts=0 dur=11933 clk=dev
[mono_ns=182553584290650][T0x731da3880740][TIMING] emit_host_span: [STRACE] v=1 pid=466696 tid=466696 inv=17 hid=f0c29cefd733b2d6 depth=3 name=chip.run.runner_run.device_wall.graph_build ts=2919 dur=879413 clk=dev
[mono_ns=182553584292022][T0x731da3880740][TIMING] emit_host_span: [STRACE] v=1 pid=466696 tid=466696 inv=17 hid=f0c29cefd733b2d6 depth=3 name=chip.run.runner_run.device_wall.config_validate ts=3417 dur=1310 clk=dev
[mono_ns=182553584293054][T0x731da3880740][TIMING] emit_host_span: [STRACE] v=1 pid=466696 tid=466696 inv=17 hid=f0c29cefd733b2d6 depth=3 name=chip.run.runner_run.device_wall.arena_wire ts=5045 dur=2830 clk=dev
[mono_ns=182553584294045][T0x731da3880740][TIMING] emit_host_span: [STRACE] v=1 pid=466696 tid=466696 inv=17 hid=f0c29cefd733b2d6 depth=3 name=chip.run.runner_run.device_wall.sm_reset ts=7996 dur=4963 clk=dev
[mono_ns=182553584295057][T0x731da3880740][TIMING] emit_host_span: [STRACE] v=1 pid=466696 tid=466696 inv=17 hid=f0c29cefd733b2d6 depth=3 name=chip.run.runner_run.device_wall.post_orch ts=882358 dur=3403 clk=dev
[mono_ns=182553584296058][T0x731da3880740][TIMING] emit_host_span: [STRACE] v=1 pid=466696 tid=466696 inv=17 hid=f0c29cefd733b2d6 depth=3 name=chip.run.runner_run.device_wall.orch ts=12982 dur=622810 clk=dev
[mono_ns=182553584297030][T0x731da3880740][TIMING] emit_host_span: [STRACE] v=1 pid=466696 tid=466696 inv=17 hid=f0c29cefd733b2d6 depth=3 name=chip.run.runner_run.device_wall.sched ts=13772 dur=854531 clk=dev
[mono_ns=182553584298262][T0x731da3880740][TIMING] emit_host_span: [STRACE] v=1 pid=466696 tid=466696 inv=17 hid=f0c29cefd733b2d6 depth=1 name=chip.run.claim_release ts=182553584297641 dur=80
[mono_ns=182553584299734][T0x731da3880740][TIMING] emit_host_span: [STRACE] v=1 pid=466696 tid=466696 inv=17 hid=f0c29cefd733b2d6 depth=0 name=chip.run ts=182553550914135 dur=33384948 run_id=0 dispatch_id=0 slot_id=0 generation=17 run_epoch=17
[mono_ns=182553613418719][T0x731da3880740][TIMING] emit_host_span: [STRACE] v=1 pid=466696 tid=466696 inv=18 hid=f0c29cefd733b2d6 depth=2 name=chip.run.bind.args ts=182553584591412 dur=28825705
[mono_ns=182553613424898][T0x731da3880740][TIMING] emit_host_span: [STRACE] v=1 pid=466696 tid=466696 inv=18 hid=f0c29cefd733b2d6 depth=2 name=chip.run.bind.prebuilt ts=182553613423086 dur=981
[mono_ns=182553613426471][T0x731da3880740][TIMING] emit_host_span: [STRACE] v=1 pid=466696 tid=466696 inv=18 hid=f0c29cefd733b2d6 depth=1 name=chip.run.bind ts=182553584588808 dur=28836812
[mono_ns=182553617905133][T0x731da3880740][WARN] prepare_execution: [device_runner.cpp:343] AICPU CPU_TOPO unavailable; using json_fallback: soc=Ascend950PR_9579 occupy=0x3e stable_reachable=5 requested=0 effective=5 affinity=[1, 2, 3, 4, 5(orch)]
[mono_ns=182553618940557][T0x731da3880740][TIMING] emit_host_span: [STRACE] v=1 pid=466696 tid=466696 inv=18 hid=f0c29cefd733b2d6 depth=1 name=chip.run.runner_run ts=182553617953075 dur=986721
[mono_ns=182553619283522][T0x731da3880740][TIMING] emit_host_span: [STRACE] v=1 pid=466696 tid=466696 inv=18 hid=f0c29cefd733b2d6 depth=1 name=chip.run.validate ts=182553618951544 dur=331177
[mono_ns=182553619285405][T0x731da3880740][TIMING] emit_host_span: [STRACE] v=1 pid=466696 tid=466696 inv=18 hid=f0c29cefd733b2d6 depth=2 name=chip.run.runner_run.device_wall ts=0 dur=869823 clk=dev
[mono_ns=182553619286616][T0x731da3880740][TIMING] emit_host_span: [STRACE] v=1 pid=466696 tid=466696 inv=18 hid=f0c29cefd733b2d6 depth=3 name=chip.run.runner_run.device_wall.preamble ts=0 dur=13687 clk=dev
[mono_ns=182553619287668][T0x731da3880740][TIMING] emit_host_span: [STRACE] v=1 pid=466696 tid=466696 inv=18 hid=f0c29cefd733b2d6 depth=3 name=chip.run.runner_run.device_wall.graph_build ts=3221 dur=862680 clk=dev
[mono_ns=182553619288680][T0x731da3880740][TIMING] emit_host_span: [STRACE] v=1 pid=466696 tid=466696 inv=18 hid=f0c29cefd733b2d6 depth=3 name=chip.run.runner_run.device_wall.config_validate ts=3933 dur=1488 clk=dev
[mono_ns=182553619289631][T0x731da3880740][TIMING] emit_host_span: [STRACE] v=1 pid=466696 tid=466696 inv=18 hid=f0c29cefd733b2d6 depth=3 name=chip.run.runner_run.device_wall.arena_wire ts=5441 dur=3242 clk=dev
[mono_ns=182553619290602][T0x731da3880740][TIMING] emit_host_span: [STRACE] v=1 pid=466696 tid=466696 inv=18 hid=f0c29cefd733b2d6 depth=3 name=chip.run.runner_run.device_wall.sm_reset ts=8762 dur=4912 clk=dev
[mono_ns=182553619291584][T0x731da3880740][TIMING] emit_host_span: [STRACE] v=1 pid=466696 tid=466696 inv=18 hid=f0c29cefd733b2d6 depth=3 name=chip.run.runner_run.device_wall.post_orch ts=865919 dur=3761 clk=dev
[mono_ns=182553619292565][T0x731da3880740][TIMING] emit_host_span: [STRACE] v=1 pid=466696 tid=466696 inv=18 hid=f0c29cefd733b2d6 depth=3 name=chip.run.runner_run.device_wall.orch ts=13926 dur=598683 clk=dev
[mono_ns=182553619293527][T0x731da3880740][TIMING] emit_host_span: [STRACE] v=1 pid=466696 tid=466696 inv=18 hid=f0c29cefd733b2d6 depth=3 name=chip.run.runner_run.device_wall.sched ts=14543 dur=838077 clk=dev
[mono_ns=182553619294779][T0x731da3880740][TIMING] emit_host_span: [STRACE] v=1 pid=466696 tid=466696 inv=18 hid=f0c29cefd733b2d6 depth=1 name=chip.run.claim_release ts=182553619294148 dur=70
[mono_ns=182553619296091][T0x731da3880740][TIMING] emit_host_span: [STRACE] v=1 pid=466696 tid=466696 inv=18 hid=f0c29cefd733b2d6 depth=0 name=chip.run ts=182553584586354 dur=34709146 run_id=0 dispatch_id=0 slot_id=0 generation=18 run_epoch=18
[mono_ns=182553647799202][T0x731da3880740][TIMING] emit_host_span: [STRACE] v=1 pid=466696 tid=466696 inv=19 hid=f0c29cefd733b2d6 depth=2 name=chip.run.bind.args ts=182553619518324 dur=28279646
[mono_ns=182553647804409][T0x731da3880740][TIMING] emit_host_span: [STRACE] v=1 pid=466696 tid=466696 inv=19 hid=f0c29cefd733b2d6 depth=2 name=chip.run.bind.prebuilt ts=182553647803057 dur=721
[mono_ns=182553647805952][T0x731da3880740][TIMING] emit_host_span: [STRACE] v=1 pid=466696 tid=466696 inv=19 hid=f0c29cefd733b2d6 depth=1 name=chip.run.bind ts=182553619516592 dur=28288468
[mono_ns=182553652463212][T0x731da3880740][WARN] prepare_execution: [device_runner.cpp:343] AICPU CPU_TOPO unavailable; using json_fallback: soc=Ascend950PR_9579 occupy=0x3e stable_reachable=5 requested=0 effective=5 affinity=[1, 2, 3, 4, 5(orch)]
[mono_ns=182553653541831][T0x731da3880740][TIMING] emit_host_span: [STRACE] v=1 pid=466696 tid=466696 inv=19 hid=f0c29cefd733b2d6 depth=1 name=chip.run.runner_run ts=182553652503052 dur=1037767
[mono_ns=182553653869603][T0x731da3880740][TIMING] emit_host_span: [STRACE] v=1 pid=466696 tid=466696 inv=19 hid=f0c29cefd733b2d6 depth=1 name=chip.run.validate ts=182553653544435 dur=324517
[mono_ns=182553653870835][T0x731da3880740][TIMING] emit_host_span: [STRACE] v=1 pid=466696 tid=466696 inv=19 hid=f0c29cefd733b2d6 depth=2 name=chip.run.runner_run.device_wall ts=0 dur=915313 clk=dev
[mono_ns=182553653872006][T0x731da3880740][TIMING] emit_host_span: [STRACE] v=1 pid=466696 tid=466696 inv=19 hid=f0c29cefd733b2d6 depth=3 name=chip.run.runner_run.device_wall.preamble ts=0 dur=11084 clk=dev
[mono_ns=182553653880449][T0x731da3880740][TIMING] emit_host_span: [STRACE] v=1 pid=466696 tid=466696 inv=19 hid=f0c29cefd733b2d6 depth=3 name=chip.run.runner_run.device_wall.graph_build ts=2886 dur=908550 clk=dev
[mono_ns=182553653881461][T0x731da3880740][TIMING] emit_host_span: [STRACE] v=1 pid=466696 tid=466696 inv=19 hid=f0c29cefd733b2d6 depth=3 name=chip.run.runner_run.device_wall.config_validate ts=3324 dur=1337 clk=dev
[mono_ns=182553653882432][T0x731da3880740][TIMING] emit_host_span: [STRACE] v=1 pid=466696 tid=466696 inv=19 hid=f0c29cefd733b2d6 depth=3 name=chip.run.runner_run.device_wall.arena_wire ts=4733 dur=3396 clk=dev
[mono_ns=182553653883423][T0x731da3880740][TIMING] emit_host_span: [STRACE] v=1 pid=466696 tid=466696 inv=19 hid=f0c29cefd733b2d6 depth=3 name=chip.run.runner_run.device_wall.sm_reset ts=8150 dur=5258 clk=dev
[mono_ns=182553653884425][T0x731da3880740][TIMING] emit_host_span: [STRACE] v=1 pid=466696 tid=466696 inv=19 hid=f0c29cefd733b2d6 depth=3 name=chip.run.runner_run.device_wall.post_orch ts=911456 dur=3504 clk=dev
[mono_ns=182553653885406][T0x731da3880740][TIMING] emit_host_span: [STRACE] v=1 pid=466696 tid=466696 inv=19 hid=f0c29cefd733b2d6 depth=3 name=chip.run.runner_run.device_wall.orch ts=13541 dur=625078 clk=dev
[mono_ns=182553653886378][T0x731da3880740][TIMING] emit_host_span: [STRACE] v=1 pid=466696 tid=466696 inv=19 hid=f0c29cefd733b2d6 depth=3 name=chip.run.runner_run.device_wall.sched ts=14203 dur=882697 clk=dev
[mono_ns=182553653887620][T0x731da3880740][TIMING] emit_host_span: [STRACE] v=1 pid=466696 tid=466696 inv=19 hid=f0c29cefd733b2d6 depth=1 name=chip.run.claim_release ts=182553653887019 dur=70
[mono_ns=182553653888932][T0x731da3880740][TIMING] emit_host_span: [STRACE] v=1 pid=466696 tid=466696 inv=19 hid=f0c29cefd733b2d6 depth=0 name=chip.run ts=182553619514849 dur=34373492 run_id=0 dispatch_id=0 slot_id=0 generation=19 run_epoch=19
[mono_ns=182553685285686][T0x731da3880740][TIMING] emit_host_span: [STRACE] v=1 pid=466696 tid=466696 inv=20 hid=f0c29cefd733b2d6 depth=2 name=chip.run.bind.args ts=182553654260029 dur=31024575
[mono_ns=182553685289832][T0x731da3880740][TIMING] emit_host_span: [STRACE] v=1 pid=466696 tid=466696 inv=20 hid=f0c29cefd733b2d6 depth=2 name=chip.run.bind.prebuilt ts=182553685288560 dur=711
[mono_ns=182553685291204][T0x731da3880740][TIMING] emit_host_span: [STRACE] v=1 pid=466696 tid=466696 inv=20 hid=f0c29cefd733b2d6 depth=1 name=chip.run.bind ts=182553654258336 dur=31032167
[mono_ns=182553689802715][T0x731da3880740][WARN] prepare_execution: [device_runner.cpp:343] AICPU CPU_TOPO unavailable; using json_fallback: soc=Ascend950PR_9579 occupy=0x3e stable_reachable=5 requested=0 effective=5 affinity=[1, 2, 3, 4, 5(orch)]
[mono_ns=182553690803998][T0x731da3880740][TIMING] emit_host_span: [STRACE] v=1 pid=466696 tid=466696 inv=20 hid=f0c29cefd733b2d6 depth=1 name=chip.run.runner_run ts=182553689842595 dur=960592
[mono_ns=182553691124780][T0x731da3880740][TIMING] emit_host_span: [STRACE] v=1 pid=466696 tid=466696 inv=20 hid=f0c29cefd733b2d6 depth=1 name=chip.run.validate ts=182553690807003 dur=317056
[mono_ns=182553691126412][T0x731da3880740][TIMING] emit_host_span: [STRACE] v=1 pid=466696 tid=466696 inv=20 hid=f0c29cefd733b2d6 depth=2 name=chip.run.runner_run.device_wall ts=0 dur=860049 clk=dev
[mono_ns=182553691127614][T0x731da3880740][TIMING] emit_host_span: [STRACE] v=1 pid=466696 tid=466696 inv=20 hid=f0c29cefd733b2d6 depth=3 name=chip.run.runner_run.device_wall.preamble ts=0 dur=13395 clk=dev
[mono_ns=182553691128746][T0x731da3880740][TIMING] emit_host_span: [STRACE] v=1 pid=466696 tid=466696 inv=20 hid=f0c29cefd733b2d6 depth=3 name=chip.run.runner_run.device_wall.graph_build ts=4080 dur=850643 clk=dev
[mono_ns=182553691129757][T0x731da3880740][TIMING] emit_host_span: [STRACE] v=1 pid=466696 tid=466696 inv=20 hid=f0c29cefd733b2d6 depth=3 name=chip.run.runner_run.device_wall.config_validate ts=4747 dur=1433 clk=dev
[mono_ns=182553691133242][T0x731da3880740][TIMING] emit_host_span: [STRACE] v=1 pid=466696 tid=466696 inv=20 hid=f0c29cefd733b2d6 depth=3 name=chip.run.runner_run.device_wall.arena_wire ts=6397 dur=3627 clk=dev
[mono_ns=182553691134254][T0x731da3880740][TIMING] emit_host_span: [STRACE] v=1 pid=466696 tid=466696 inv=20 hid=f0c29cefd733b2d6 depth=3 name=chip.run.runner_run.device_wall.sm_reset ts=10046 dur=5476 clk=dev
[mono_ns=182553691135265][T0x731da3880740][TIMING] emit_host_span: [STRACE] v=1 pid=466696 tid=466696 inv=20 hid=f0c29cefd733b2d6 depth=3 name=chip.run.runner_run.device_wall.post_orch ts=854757 dur=4619 clk=dev
[mono_ns=182553691136267][T0x731da3880740][TIMING] emit_host_span: [STRACE] v=1 pid=466696 tid=466696 inv=20 hid=f0c29cefd733b2d6 depth=3 name=chip.run.runner_run.device_wall.orch ts=15716 dur=623789 clk=dev
[mono_ns=182553691137238][T0x731da3880740][TIMING] emit_host_span: [STRACE] v=1 pid=466696 tid=466696 inv=20 hid=f0c29cefd733b2d6 depth=3 name=chip.run.runner_run.device_wall.sched ts=16407 dur=824495 clk=dev
[mono_ns=182553691138430][T0x731da3880740][TIMING] emit_host_span: [STRACE] v=1 pid=466696 tid=466696 inv=20 hid=f0c29cefd733b2d6 depth=1 name=chip.run.claim_release ts=182553691137859 dur=60
[mono_ns=182553691139742][T0x731da3880740][TIMING] emit_host_span: [STRACE] v=1 pid=466696 tid=466696 inv=20 hid=f0c29cefd733b2d6 depth=0 name=chip.run ts=182553654256744 dur=36882447 run_id=0 dispatch_id=0 slot_id=0 generation=20 run_epoch=20
[mono_ns=182553723221164][T0x731da3880740][TIMING] emit_host_span: [STRACE] v=1 pid=466696 tid=466696 inv=21 hid=f0c29cefd733b2d6 depth=2 name=chip.run.bind.args ts=182553691356688 dur=31863454
[mono_ns=182553723227003][T0x731da3880740][TIMING] emit_host_span: [STRACE] v=1 pid=466696 tid=466696 inv=21 hid=f0c29cefd733b2d6 depth=2 name=chip.run.bind.prebuilt ts=182553723225671 dur=530
[mono_ns=182553723229667][T0x731da3880740][TIMING] emit_host_span: [STRACE] v=1 pid=466696 tid=466696 inv=21 hid=f0c29cefd733b2d6 depth=1 name=chip.run.bind ts=182553691354985 dur=31874071
[mono_ns=182553727705214][T0x731da3880740][WARN] prepare_execution: [device_runner.cpp:343] AICPU CPU_TOPO unavailable; using json_fallback: soc=Ascend950PR_9579 occupy=0x3e stable_reachable=5 requested=0 effective=5 affinity=[1, 2, 3, 4, 5(orch)]
[mono_ns=182553728721690][T0x731da3880740][TIMING] emit_host_span: [STRACE] v=1 pid=466696 tid=466696 inv=21 hid=f0c29cefd733b2d6 depth=1 name=chip.run.runner_run ts=182553727746696 dur=974223
[mono_ns=182553729021760][T0x731da3880740][TIMING] emit_host_span: [STRACE] v=1 pid=466696 tid=466696 inv=21 hid=f0c29cefd733b2d6 depth=1 name=chip.run.validate ts=182553728723542 dur=297327
[mono_ns=182553729023513][T0x731da3880740][TIMING] emit_host_span: [STRACE] v=1 pid=466696 tid=466696 inv=21 hid=f0c29cefd733b2d6 depth=2 name=chip.run.runner_run.device_wall ts=0 dur=873365 clk=dev
[mono_ns=182553729024664][T0x731da3880740][TIMING] emit_host_span: [STRACE] v=1 pid=466696 tid=466696 inv=21 hid=f0c29cefd733b2d6 depth=3 name=chip.run.runner_run.device_wall.preamble ts=0 dur=14481 clk=dev
[mono_ns=182553729025696][T0x731da3880740][TIMING] emit_host_span: [STRACE] v=1 pid=466696 tid=466696 inv=21 hid=f0c29cefd733b2d6 depth=3 name=chip.run.runner_run.device_wall.graph_build ts=4568 dur=865356 clk=dev
[mono_ns=182553729026667][T0x731da3880740][TIMING] emit_host_span: [STRACE] v=1 pid=466696 tid=466696 inv=21 hid=f0c29cefd733b2d6 depth=3 name=chip.run.runner_run.device_wall.config_validate ts=5226 dur=1455 clk=dev
[mono_ns=182553729027659][T0x731da3880740][TIMING] emit_host_span: [STRACE] v=1 pid=466696 tid=466696 inv=21 hid=f0c29cefd733b2d6 depth=3 name=chip.run.runner_run.device_wall.arena_wire ts=6691 dur=3323 clk=dev
[mono_ns=182553729028650][T0x731da3880740][TIMING] emit_host_span: [STRACE] v=1 pid=466696 tid=466696 inv=21 hid=f0c29cefd733b2d6 depth=3 name=chip.run.runner_run.device_wall.sm_reset ts=10044 dur=5978 clk=dev
[mono_ns=182553729029632][T0x731da3880740][TIMING] emit_host_span: [STRACE] v=1 pid=466696 tid=466696 inv=21 hid=f0c29cefd733b2d6 depth=3 name=chip.run.runner_run.device_wall.post_orch ts=869939 dur=3186 clk=dev
[mono_ns=182553729032877][T0x731da3880740][TIMING] emit_host_span: [STRACE] v=1 pid=466696 tid=466696 inv=21 hid=f0c29cefd733b2d6 depth=3 name=chip.run.runner_run.device_wall.orch ts=16050 dur=618353 clk=dev
[mono_ns=182553729033868][T0x731da3880740][TIMING] emit_host_span: [STRACE] v=1 pid=466696 tid=466696 inv=21 hid=f0c29cefd733b2d6 depth=3 name=chip.run.runner_run.device_wall.sched ts=16974 dur=839637 clk=dev
[mono_ns=182553729035080][T0x731da3880740][TIMING] emit_host_span: [STRACE] v=1 pid=466696 tid=466696 inv=21 hid=f0c29cefd733b2d6 depth=1 name=chip.run.claim_release ts=182553729034509 dur=60
[mono_ns=182553729036342][T0x731da3880740][TIMING] emit_host_span: [STRACE] v=1 pid=466696 tid=466696 inv=21 hid=f0c29cefd733b2d6 depth=0 name=chip.run ts=182553691353413 dur=37682368 run_id=0 dispatch_id=0 slot_id=0 generation=21 run_epoch=21
[mono_ns=182553759826135][T0x731da3880740][TIMING] emit_host_span: [STRACE] v=1 pid=466696 tid=466696 inv=22 hid=f0c29cefd733b2d6 depth=2 name=chip.run.bind.args ts=182553729245155 dur=30579978
[mono_ns=182553759830101][T0x731da3880740][TIMING] emit_host_span: [STRACE] v=1 pid=466696 tid=466696 inv=22 hid=f0c29cefd733b2d6 depth=2 name=chip.run.bind.prebuilt ts=182553759828869 dur=661
[mono_ns=182553759831463][T0x731da3880740][TIMING] emit_host_span: [STRACE] v=1 pid=466696 tid=466696 inv=22 hid=f0c29cefd733b2d6 depth=1 name=chip.run.bind ts=182553729243723 dur=30587069
[mono_ns=182553764338247][T0x731da3880740][WARN] prepare_execution: [device_runner.cpp:343] AICPU CPU_TOPO unavailable; using json_fallback: soc=Ascend950PR_9579 occupy=0x3e stable_reachable=5 requested=0 effective=5 affinity=[1, 2, 3, 4, 5(orch)]
[mono_ns=182553765339590][T0x731da3880740][TIMING] emit_host_span: [STRACE] v=1 pid=466696 tid=466696 inv=22 hid=f0c29cefd733b2d6 depth=1 name=chip.run.runner_run ts=182553764378878 dur=959901
[mono_ns=182553765638799][T0x731da3880740][TIMING] emit_host_span: [STRACE] v=1 pid=466696 tid=466696 inv=22 hid=f0c29cefd733b2d6 depth=1 name=chip.run.validate ts=182553765341683 dur=296395
[mono_ns=182553765640081][T0x731da3880740][TIMING] emit_host_span: [STRACE] v=1 pid=466696 tid=466696 inv=22 hid=f0c29cefd733b2d6 depth=2 name=chip.run.runner_run.device_wall ts=0 dur=866869 clk=dev
[mono_ns=182553765641173][T0x731da3880740][TIMING] emit_host_span: [STRACE] v=1 pid=466696 tid=466696 inv=22 hid=f0c29cefd733b2d6 depth=3 name=chip.run.runner_run.device_wall.preamble ts=0 dur=12539 clk=dev
[mono_ns=182553765642285][T0x731da3880740][TIMING] emit_host_span: [STRACE] v=1 pid=466696 tid=466696 inv=22 hid=f0c29cefd733b2d6 depth=3 name=chip.run.runner_run.device_wall.graph_build ts=2389 dur=860425 clk=dev
[mono_ns=182553765643306][T0x731da3880740][TIMING] emit_host_span: [STRACE] v=1 pid=466696 tid=466696 inv=22 hid=f0c29cefd733b2d6 depth=3 name=chip.run.runner_run.device_wall.config_validate ts=3055 dur=1424 clk=dev
[mono_ns=182553765644278][T0x731da3880740][TIMING] emit_host_span: [STRACE] v=1 pid=466696 tid=466696 inv=22 hid=f0c29cefd733b2d6 depth=3 name=chip.run.runner_run.device_wall.arena_wire ts=4498 dur=3467 clk=dev
[mono_ns=182553765645259][T0x731da3880740][TIMING] emit_host_span: [STRACE] v=1 pid=466696 tid=466696 inv=22 hid=f0c29cefd733b2d6 depth=3 name=chip.run.runner_run.device_wall.sm_reset ts=7986 dur=6156 clk=dev
[mono_ns=182553765646250][T0x731da3880740][TIMING] emit_host_span: [STRACE] v=1 pid=466696 tid=466696 inv=22 hid=f0c29cefd733b2d6 depth=3 name=chip.run.runner_run.device_wall.post_orch ts=862907 dur=3860 clk=dev
[mono_ns=182553765647222][T0x731da3880740][TIMING] emit_host_span: [STRACE] v=1 pid=466696 tid=466696 inv=22 hid=f0c29cefd733b2d6 depth=3 name=chip.run.runner_run.device_wall.orch ts=14209 dur=634368 clk=dev
[mono_ns=182553765648213][T0x731da3880740][TIMING] emit_host_span: [STRACE] v=1 pid=466696 tid=466696 inv=22 hid=f0c29cefd733b2d6 depth=3 name=chip.run.runner_run.device_wall.sched ts=15093 dur=835033 clk=dev
[mono_ns=182553765649385][T0x731da3880740][TIMING] emit_host_span: [STRACE] v=1 pid=466696 tid=466696 inv=22 hid=f0c29cefd733b2d6 depth=1 name=chip.run.claim_release ts=182553765648834 dur=50
[mono_ns=182553765652930][T0x731da3880740][TIMING] emit_host_span: [STRACE] v=1 pid=466696 tid=466696 inv=22 hid=f0c29cefd733b2d6 depth=0 name=chip.run ts=182553729242151 dur=36410159 run_id=0 dispatch_id=0 slot_id=0 generation=22 run_epoch=22
[mono_ns=182553797373100][T0x731da3880740][TIMING] emit_host_span: [STRACE] v=1 pid=466696 tid=466696 inv=23 hid=f0c29cefd733b2d6 depth=2 name=chip.run.bind.args ts=182553765860592 dur=31511036
[mono_ns=182553797378748][T0x731da3880740][TIMING] emit_host_span: [STRACE] v=1 pid=466696 tid=466696 inv=23 hid=f0c29cefd733b2d6 depth=2 name=chip.run.bind.prebuilt ts=182553797377446 dur=752
[mono_ns=182553797380171][T0x731da3880740][TIMING] emit_host_span: [STRACE] v=1 pid=466696 tid=466696 inv=23 hid=f0c29cefd733b2d6 depth=1 name=chip.run.bind ts=182553765859130 dur=31520370
[mono_ns=182553801892323][T0x731da3880740][WARN] prepare_execution: [device_runner.cpp:343] AICPU CPU_TOPO unavailable; using json_fallback: soc=Ascend950PR_9579 occupy=0x3e stable_reachable=5 requested=0 effective=5 affinity=[1, 2, 3, 4, 5(orch)]
[mono_ns=182553802954798][T0x731da3880740][TIMING] emit_host_span: [STRACE] v=1 pid=466696 tid=466696 inv=23 hid=f0c29cefd733b2d6 depth=1 name=chip.run.runner_run ts=182553801945763 dur=1008253
[mono_ns=182553803279405][T0x731da3880740][TIMING] emit_host_span: [STRACE] v=1 pid=466696 tid=466696 inv=23 hid=f0c29cefd733b2d6 depth=1 name=chip.run.validate ts=182553802956741 dur=321973
[mono_ns=182553803281328][T0x731da3880740][TIMING] emit_host_span: [STRACE] v=1 pid=466696 tid=466696 inv=23 hid=f0c29cefd733b2d6 depth=2 name=chip.run.runner_run.device_wall ts=0 dur=902137 clk=dev
[mono_ns=182553803282680][T0x731da3880740][TIMING] emit_host_span: [STRACE] v=1 pid=466696 tid=466696 inv=23 hid=f0c29cefd733b2d6 depth=3 name=chip.run.runner_run.device_wall.preamble ts=0 dur=14399 clk=dev
[mono_ns=182553803283691][T0x731da3880740][TIMING] emit_host_span: [STRACE] v=1 pid=466696 tid=466696 inv=23 hid=f0c29cefd733b2d6 depth=3 name=chip.run.runner_run.device_wall.graph_build ts=4434 dur=893749 clk=dev
[mono_ns=182553803284683][T0x731da3880740][TIMING] emit_host_span: [STRACE] v=1 pid=466696 tid=466696 inv=23 hid=f0c29cefd733b2d6 depth=3 name=chip.run.runner_run.device_wall.config_validate ts=5118 dur=1258 clk=dev
[mono_ns=182553803285664][T0x731da3880740][TIMING] emit_host_span: [STRACE] v=1 pid=466696 tid=466696 inv=23 hid=f0c29cefd733b2d6 depth=3 name=chip.run.runner_run.device_wall.arena_wire ts=6641 dur=3103 clk=dev
[mono_ns=182553803286646][T0x731da3880740][TIMING] emit_host_span: [STRACE] v=1 pid=466696 tid=466696 inv=23 hid=f0c29cefd733b2d6 depth=3 name=chip.run.runner_run.device_wall.sm_reset ts=9863 dur=5848 clk=dev
[mono_ns=182553803287647][T0x731da3880740][TIMING] emit_host_span: [STRACE] v=1 pid=466696 tid=466696 inv=23 hid=f0c29cefd733b2d6 depth=3 name=chip.run.runner_run.device_wall.post_orch ts=898205 dur=2951 clk=dev
[mono_ns=182553803288629][T0x731da3880740][TIMING] emit_host_span: [STRACE] v=1 pid=466696 tid=466696 inv=23 hid=f0c29cefd733b2d6 depth=3 name=chip.run.runner_run.device_wall.orch ts=15739 dur=606001 clk=dev
[mono_ns=182553803289600][T0x731da3880740][TIMING] emit_host_span: [STRACE] v=1 pid=466696 tid=466696 inv=23 hid=f0c29cefd733b2d6 depth=3 name=chip.run.runner_run.device_wall.sched ts=16639 dur=870108 clk=dev
[mono_ns=182553803290732][T0x731da3880740][TIMING] emit_host_span: [STRACE] v=1 pid=466696 tid=466696 inv=23 hid=f0c29cefd733b2d6 depth=1 name=chip.run.claim_release ts=182553803290161 dur=50
[mono_ns=182553803292004][T0x731da3880740][TIMING] emit_host_span: [STRACE] v=1 pid=466696 tid=466696 inv=23 hid=f0c29cefd733b2d6 depth=0 name=chip.run ts=182553765857668 dur=37433735 run_id=0 dispatch_id=0 slot_id=0 generation=23 run_epoch=23
[mono_ns=182553831618720][T0x731da3880740][TIMING] emit_host_span: [STRACE] v=1 pid=466696 tid=466696 inv=24 hid=f0c29cefd733b2d6 depth=2 name=chip.run.bind.args ts=182553803516971 dur=28100337
[mono_ns=182553831625820][T0x731da3880740][TIMING] emit_host_span: [STRACE] v=1 pid=466696 tid=466696 inv=24 hid=f0c29cefd733b2d6 depth=2 name=chip.run.bind.prebuilt ts=182553831624539 dur=721
[mono_ns=182553831627102][T0x731da3880740][TIMING] emit_host_span: [STRACE] v=1 pid=466696 tid=466696 inv=24 hid=f0c29cefd733b2d6 depth=1 name=chip.run.bind ts=182553803515429 dur=28111052
[mono_ns=182553836121298][T0x731da3880740][WARN] prepare_execution: [device_runner.cpp:343] AICPU CPU_TOPO unavailable; using json_fallback: soc=Ascend950PR_9579 occupy=0x3e stable_reachable=5 requested=0 effective=5 affinity=[1, 2, 3, 4, 5(orch)]
[mono_ns=182553837189872][T0x731da3880740][TIMING] emit_host_span: [STRACE] v=1 pid=466696 tid=466696 inv=24 hid=f0c29cefd733b2d6 depth=1 name=chip.run.runner_run ts=182553836175639 dur=1013291
[mono_ns=182553837489672][T0x731da3880740][TIMING] emit_host_span: [STRACE] v=1 pid=466696 tid=466696 inv=24 hid=f0c29cefd733b2d6 depth=1 name=chip.run.validate ts=182553837192315 dur=296656
[mono_ns=182553837490863][T0x731da3880740][TIMING] emit_host_span: [STRACE] v=1 pid=466696 tid=466696 inv=24 hid=f0c29cefd733b2d6 depth=2 name=chip.run.runner_run.device_wall ts=0 dur=898917 clk=dev
[mono_ns=182553837492135][T0x731da3880740][TIMING] emit_host_span: [STRACE] v=1 pid=466696 tid=466696 inv=24 hid=f0c29cefd733b2d6 depth=3 name=chip.run.runner_run.device_wall.preamble ts=0 dur=11291 clk=dev
[mono_ns=182553837493297][T0x731da3880740][TIMING] emit_host_span: [STRACE] v=1 pid=466696 tid=466696 inv=24 hid=f0c29cefd733b2d6 depth=3 name=chip.run.runner_run.device_wall.graph_build ts=2592 dur=892368 clk=dev
[mono_ns=182553837494279][T0x731da3880740][TIMING] emit_host_span: [STRACE] v=1 pid=466696 tid=466696 inv=24 hid=f0c29cefd733b2d6 depth=3 name=chip.run.runner_run.device_wall.config_validate ts=3344 dur=1981 clk=dev
[mono_ns=182553837495270][T0x731da3880740][TIMING] emit_host_span: [STRACE] v=1 pid=466696 tid=466696 inv=24 hid=f0c29cefd733b2d6 depth=3 name=chip.run.runner_run.device_wall.arena_wire ts=5337 dur=3319 clk=dev
[mono_ns=182553837496252][T0x731da3880740][TIMING] emit_host_span: [STRACE] v=1 pid=466696 tid=466696 inv=24 hid=f0c29cefd733b2d6 depth=3 name=chip.run.runner_run.device_wall.sm_reset ts=8727 dur=5679 clk=dev
[mono_ns=182553837497223][T0x731da3880740][TIMING] emit_host_span: [STRACE] v=1 pid=466696 tid=466696 inv=24 hid=f0c29cefd733b2d6 depth=3 name=chip.run.runner_run.device_wall.post_orch ts=894977 dur=3581 clk=dev
[mono_ns=182553837498214][T0x731da3880740][TIMING] emit_host_span: [STRACE] v=1 pid=466696 tid=466696 inv=24 hid=f0c29cefd733b2d6 depth=3 name=chip.run.runner_run.device_wall.orch ts=14638 dur=662214 clk=dev
[mono_ns=182553837499196][T0x731da3880740][TIMING] emit_host_span: [STRACE] v=1 pid=466696 tid=466696 inv=24 hid=f0c29cefd733b2d6 depth=3 name=chip.run.runner_run.device_wall.sched ts=15199 dur=865864 clk=dev
[mono_ns=182553837500318][T0x731da3880740][TIMING] emit_host_span: [STRACE] v=1 pid=466696 tid=466696 inv=24 hid=f0c29cefd733b2d6 depth=1 name=chip.run.claim_release ts=182553837499757 dur=30
[mono_ns=182553837501640][T0x731da3880740][TIMING] emit_host_span: [STRACE] v=1 pid=466696 tid=466696 inv=24 hid=f0c29cefd733b2d6 depth=0 name=chip.run ts=182553803513897 dur=33987132 run_id=0 dispatch_id=0 slot_id=0 generation=24 run_epoch=24
[mono_ns=182553866177129][T0x731da3880740][TIMING] emit_host_span: [STRACE] v=1 pid=466696 tid=466696 inv=25 hid=f0c29cefd733b2d6 depth=2 name=chip.run.bind.args ts=182553837720438 dur=28452355
[mono_ns=182553866187825][T0x731da3880740][TIMING] emit_host_span: [STRACE] v=1 pid=466696 tid=466696 inv=25 hid=f0c29cefd733b2d6 depth=2 name=chip.run.bind.prebuilt ts=182553866185642 dur=1102
[mono_ns=182553866190079][T0x731da3880740][TIMING] emit_host_span: [STRACE] v=1 pid=466696 tid=466696 inv=25 hid=f0c29cefd733b2d6 depth=1 name=chip.run.bind ts=182553837719006 dur=28469841
[mono_ns=182553870915641][T0x731da3880740][WARN] prepare_execution: [device_runner.cpp:343] AICPU CPU_TOPO unavailable; using json_fallback: soc=Ascend950PR_9579 occupy=0x3e stable_reachable=5 requested=0 effective=5 affinity=[1, 2, 3, 4, 5(orch)]
[mono_ns=182553872037095][T0x731da3880740][TIMING] emit_host_span: [STRACE] v=1 pid=466696 tid=466696 inv=25 hid=f0c29cefd733b2d6 depth=1 name=chip.run.runner_run ts=182553870977124 dur=1058639
[mono_ns=182553872365177][T0x731da3880740][TIMING] emit_host_span: [STRACE] v=1 pid=466696 tid=466696 inv=25 hid=f0c29cefd733b2d6 depth=1 name=chip.run.validate ts=182553872040229 dur=324027
[mono_ns=182553872366900][T0x731da3880740][TIMING] emit_host_span: [STRACE] v=1 pid=466696 tid=466696 inv=25 hid=f0c29cefd733b2d6 depth=2 name=chip.run.runner_run.device_wall ts=0 dur=900122 clk=dev
[mono_ns=182553872368332][T0x731da3880740][TIMING] emit_host_span: [STRACE] v=1 pid=466696 tid=466696 inv=25 hid=f0c29cefd733b2d6 depth=3 name=chip.run.runner_run.device_wall.preamble ts=0 dur=13785 clk=dev
[mono_ns=182553872369453][T0x731da3880740][TIMING] emit_host_span: [STRACE] v=1 pid=466696 tid=466696 inv=25 hid=f0c29cefd733b2d6 depth=3 name=chip.run.runner_run.device_wall.graph_build ts=4571 dur=891080 clk=dev
[mono_ns=182553872370505][T0x731da3880740][TIMING] emit_host_span: [STRACE] v=1 pid=466696 tid=466696 inv=25 hid=f0c29cefd733b2d6 depth=3 name=chip.run.runner_run.device_wall.config_validate ts=5276 dur=1470 clk=dev
[mono_ns=182553872371476][T0x731da3880740][TIMING] emit_host_span: [STRACE] v=1 pid=466696 tid=466696 inv=25 hid=f0c29cefd733b2d6 depth=3 name=chip.run.runner_run.device_wall.arena_wire ts=6977 dur=2851 clk=dev
[mono_ns=182553872372488][T0x731da3880740][TIMING] emit_host_span: [STRACE] v=1 pid=466696 tid=466696 inv=25 hid=f0c29cefd733b2d6 depth=3 name=chip.run.runner_run.device_wall.sm_reset ts=9917 dur=5572 clk=dev
[mono_ns=182553872373469][T0x731da3880740][TIMING] emit_host_span: [STRACE] v=1 pid=466696 tid=466696 inv=25 hid=f0c29cefd733b2d6 depth=3 name=chip.run.runner_run.device_wall.post_orch ts=895670 dur=4070 clk=dev
[mono_ns=182553872374471][T0x731da3880740][TIMING] emit_host_span: [STRACE] v=1 pid=466696 tid=466696 inv=25 hid=f0c29cefd733b2d6 depth=3 name=chip.run.runner_run.device_wall.orch ts=15730 dur=639468 clk=dev
[mono_ns=182553872375452][T0x731da3880740][TIMING] emit_host_span: [STRACE] v=1 pid=466696 tid=466696 inv=25 hid=f0c29cefd733b2d6 depth=3 name=chip.run.runner_run.device_wall.sched ts=16410 dur=865591 clk=dev
[mono_ns=182553872376854][T0x731da3880740][TIMING] emit_host_span: [STRACE] v=1 pid=466696 tid=466696 inv=25 hid=f0c29cefd733b2d6 depth=1 name=chip.run.claim_release ts=182553872376103 dur=131
[mono_ns=182553872378437][T0x731da3880740][TIMING] emit_host_span: [STRACE] v=1 pid=466696 tid=466696 inv=25 hid=f0c29cefd733b2d6 depth=0 name=chip.run ts=182553837717343 dur=34660363 run_id=0 dispatch_id=0 slot_id=0 generation=25 run_epoch=25
[mono_ns=182553903182481][T0x731da3880740][TIMING] emit_host_span: [STRACE] v=1 pid=466696 tid=466696 inv=26 hid=f0c29cefd733b2d6 depth=2 name=chip.run.bind.args ts=182553872657275 dur=30521471
[mono_ns=182553903192096][T0x731da3880740][TIMING] emit_host_span: [STRACE] v=1 pid=466696 tid=466696 inv=26 hid=f0c29cefd733b2d6 depth=2 name=chip.run.bind.prebuilt ts=182553903189983 dur=1181
[mono_ns=182553903194279][T0x731da3880740][TIMING] emit_host_span: [STRACE] v=1 pid=466696 tid=466696 inv=26 hid=f0c29cefd733b2d6 depth=1 name=chip.run.bind ts=182553872654431 dur=30538846
[mono_ns=182553907819491][T0x731da3880740][WARN] prepare_execution: [device_runner.cpp:343] AICPU CPU_TOPO unavailable; using json_fallback: soc=Ascend950PR_9579 occupy=0x3e stable_reachable=5 requested=0 effective=5 affinity=[1, 2, 3, 4, 5(orch)]
[mono_ns=182553908898440][T0x731da3880740][TIMING] emit_host_span: [STRACE] v=1 pid=466696 tid=466696 inv=26 hid=f0c29cefd733b2d6 depth=1 name=chip.run.runner_run ts=182553907872861 dur=1023897
[mono_ns=182553909255376][T0x731da3880740][TIMING] emit_host_span: [STRACE] v=1 pid=466696 tid=466696 inv=26 hid=f0c29cefd733b2d6 depth=1 name=chip.run.validate ts=182553908902386 dur=351899
[mono_ns=182553909257780][T0x731da3880740][TIMING] emit_host_span: [STRACE] v=1 pid=466696 tid=466696 inv=26 hid=f0c29cefd733b2d6 depth=2 name=chip.run.runner_run.device_wall ts=0 dur=867972 clk=dev
[mono_ns=182553909261596][T0x731da3880740][TIMING] emit_host_span: [STRACE] v=1 pid=466696 tid=466696 inv=26 hid=f0c29cefd733b2d6 depth=3 name=chip.run.runner_run.device_wall.preamble ts=0 dur=13863 clk=dev
[mono_ns=182553909262857][T0x731da3880740][TIMING] emit_host_span: [STRACE] v=1 pid=466696 tid=466696 inv=26 hid=f0c29cefd733b2d6 depth=3 name=chip.run.runner_run.device_wall.graph_build ts=4120 dur=859192 clk=dev
[mono_ns=182553909263879][T0x731da3880740][TIMING] emit_host_span: [STRACE] v=1 pid=466696 tid=466696 inv=26 hid=f0c29cefd733b2d6 depth=3 name=chip.run.runner_run.device_wall.config_validate ts=4343 dur=1505 clk=dev
[mono_ns=182553909264870][T0x731da3880740][TIMING] emit_host_span: [STRACE] v=1 pid=466696 tid=466696 inv=26 hid=f0c29cefd733b2d6 depth=3 name=chip.run.runner_run.device_wall.arena_wire ts=5870 dur=3211 clk=dev
[mono_ns=182553909265852][T0x731da3880740][TIMING] emit_host_span: [STRACE] v=1 pid=466696 tid=466696 inv=26 hid=f0c29cefd733b2d6 depth=3 name=chip.run.runner_run.device_wall.sm_reset ts=9146 dur=6149 clk=dev
[mono_ns=182553909266873][T0x731da3880740][TIMING] emit_host_span: [STRACE] v=1 pid=466696 tid=466696 inv=26 hid=f0c29cefd733b2d6 depth=3 name=chip.run.runner_run.device_wall.post_orch ts=863575 dur=4034 clk=dev
[mono_ns=182553909267865][T0x731da3880740][TIMING] emit_host_span: [STRACE] v=1 pid=466696 tid=466696 inv=26 hid=f0c29cefd733b2d6 depth=3 name=chip.run.runner_run.device_wall.orch ts=15532 dur=613126 clk=dev
[mono_ns=182553909268846][T0x731da3880740][TIMING] emit_host_span: [STRACE] v=1 pid=466696 tid=466696 inv=26 hid=f0c29cefd733b2d6 depth=3 name=chip.run.runner_run.device_wall.sched ts=16089 dur=835887 clk=dev
[mono_ns=182553909270249][T0x731da3880740][TIMING] emit_host_span: [STRACE] v=1 pid=466696 tid=466696 inv=26 hid=f0c29cefd733b2d6 depth=1 name=chip.run.claim_release ts=182553909269497 dur=101
[mono_ns=182553909271971][T0x731da3880740][TIMING] emit_host_span: [STRACE] v=1 pid=466696 tid=466696 inv=26 hid=f0c29cefd733b2d6 depth=0 name=chip.run ts=182553872651737 dur=36619483 run_id=0 dispatch_id=0 slot_id=0 generation=26 run_epoch=26
[mono_ns=182553938828924][T0x731da3880740][TIMING] emit_host_span: [STRACE] v=1 pid=466696 tid=466696 inv=27 hid=f0c29cefd733b2d6 depth=2 name=chip.run.bind.args ts=182553909571871 dur=29255430
[mono_ns=182553938835083][T0x731da3880740][TIMING] emit_host_span: [STRACE] v=1 pid=466696 tid=466696 inv=27 hid=f0c29cefd733b2d6 depth=2 name=chip.run.bind.prebuilt ts=182553938833581 dur=861
[mono_ns=182553938836505][T0x731da3880740][TIMING] emit_host_span: [STRACE] v=1 pid=466696 tid=466696 inv=27 hid=f0c29cefd733b2d6 depth=1 name=chip.run.bind ts=182553909568977 dur=29266807
[mono_ns=182553943301547][T0x731da3880740][WARN] prepare_execution: [device_runner.cpp:343] AICPU CPU_TOPO unavailable; using json_fallback: soc=Ascend950PR_9579 occupy=0x3e stable_reachable=5 requested=0 effective=5 affinity=[1, 2, 3, 4, 5(orch)]
[mono_ns=182553944382900][T0x731da3880740][TIMING] emit_host_span: [STRACE] v=1 pid=466696 tid=466696 inv=27 hid=f0c29cefd733b2d6 depth=1 name=chip.run.runner_run ts=182553943346975 dur=1034863
[mono_ns=182553944714017][T0x731da3880740][TIMING] emit_host_span: [STRACE] v=1 pid=466696 tid=466696 inv=27 hid=f0c29cefd733b2d6 depth=1 name=chip.run.validate ts=182553944385674 dur=327532
[mono_ns=182553944715689][T0x731da3880740][TIMING] emit_host_span: [STRACE] v=1 pid=466696 tid=466696 inv=27 hid=f0c29cefd733b2d6 depth=2 name=chip.run.runner_run.device_wall ts=0 dur=905991 clk=dev
[mono_ns=182553944717171][T0x731da3880740][TIMING] emit_host_span: [STRACE] v=1 pid=466696 tid=466696 inv=27 hid=f0c29cefd733b2d6 depth=3 name=chip.run.runner_run.device_wall.preamble ts=0 dur=11348 clk=dev
[mono_ns=182553944718313][T0x731da3880740][TIMING] emit_host_span: [STRACE] v=1 pid=466696 tid=466696 inv=27 hid=f0c29cefd733b2d6 depth=3 name=chip.run.runner_run.device_wall.graph_build ts=2435 dur=899431 clk=dev
[mono_ns=182553944719305][T0x731da3880740][TIMING] emit_host_span: [STRACE] v=1 pid=466696 tid=466696 inv=27 hid=f0c29cefd733b2d6 depth=3 name=chip.run.runner_run.device_wall.config_validate ts=3001 dur=1450 clk=dev
[mono_ns=182553944722429][T0x731da3880740][TIMING] emit_host_span: [STRACE] v=1 pid=466696 tid=466696 inv=27 hid=f0c29cefd733b2d6 depth=3 name=chip.run.runner_run.device_wall.arena_wire ts=4468 dur=3312 clk=dev
[mono_ns=182553944723441][T0x731da3880740][TIMING] emit_host_span: [STRACE] v=1 pid=466696 tid=466696 inv=27 hid=f0c29cefd733b2d6 depth=3 name=chip.run.runner_run.device_wall.sm_reset ts=7798 dur=5636 clk=dev
[mono_ns=182553944724462][T0x731da3880740][TIMING] emit_host_span: [STRACE] v=1 pid=466696 tid=466696 inv=27 hid=f0c29cefd733b2d6 depth=3 name=chip.run.runner_run.device_wall.post_orch ts=901884 dur=3745 clk=dev
[mono_ns=182553944725454][T0x731da3880740][TIMING] emit_host_span: [STRACE] v=1 pid=466696 tid=466696 inv=27 hid=f0c29cefd733b2d6 depth=3 name=chip.run.runner_run.device_wall.orch ts=13673 dur=619939 clk=dev
[mono_ns=182553944726435][T0x731da3880740][TIMING] emit_host_span: [STRACE] v=1 pid=466696 tid=466696 inv=27 hid=f0c29cefd733b2d6 depth=3 name=chip.run.runner_run.device_wall.sched ts=14129 dur=875507 clk=dev
[mono_ns=182553944727697][T0x731da3880740][TIMING] emit_host_span: [STRACE] v=1 pid=466696 tid=466696 inv=27 hid=f0c29cefd733b2d6 depth=1 name=chip.run.claim_release ts=182553944727076 dur=80
[mono_ns=182553944729159][T0x731da3880740][TIMING] emit_host_span: [STRACE] v=1 pid=466696 tid=466696 inv=27 hid=f0c29cefd733b2d6 depth=0 name=chip.run ts=182553909566133 dur=35162335 run_id=0 dispatch_id=0 slot_id=0 generation=27 run_epoch=27
[mono_ns=182553984807714][T0x731da3880740][TIMING] emit_host_span: [STRACE] v=1 pid=466696 tid=466696 inv=28 hid=f0c29cefd733b2d6 depth=2 name=chip.run.bind.args ts=182553944987047 dur=39811023
[mono_ns=182553984830488][T0x731da3880740][TIMING] emit_host_span: [STRACE] v=1 pid=466696 tid=466696 inv=28 hid=f0c29cefd733b2d6 depth=2 name=chip.run.bind.prebuilt ts=182553984827444 dur=1993
[mono_ns=182553984833613][T0x731da3880740][TIMING] emit_host_span: [STRACE] v=1 pid=466696 tid=466696 inv=28 hid=f0c29cefd733b2d6 depth=1 name=chip.run.bind ts=182553944984883 dur=39847328
[mono_ns=182553989371214][T0x731da3880740][WARN] prepare_execution: [device_runner.cpp:343] AICPU CPU_TOPO unavailable; using json_fallback: soc=Ascend950PR_9579 occupy=0x3e stable_reachable=5 requested=0 effective=5 affinity=[1, 2, 3, 4, 5(orch)]
[mono_ns=182553990530994][T0x731da3880740][TIMING] emit_host_span: [STRACE] v=1 pid=466696 tid=466696 inv=28 hid=f0c29cefd733b2d6 depth=1 name=chip.run.runner_run ts=182553989429972 dur=1099450
[mono_ns=182553990913859][T0x731da3880740][TIMING] emit_host_span: [STRACE] v=1 pid=466696 tid=466696 inv=28 hid=f0c29cefd733b2d6 depth=1 name=chip.run.validate ts=182553990536112 dur=376816
[mono_ns=182553990915882][T0x731da3880740][TIMING] emit_host_span: [STRACE] v=1 pid=466696 tid=466696 inv=28 hid=f0c29cefd733b2d6 depth=2 name=chip.run.runner_run.device_wall ts=0 dur=928579 clk=dev
[mono_ns=182553990917474][T0x731da3880740][TIMING] emit_host_span: [STRACE] v=1 pid=466696 tid=466696 inv=28 hid=f0c29cefd733b2d6 depth=3 name=chip.run.runner_run.device_wall.preamble ts=0 dur=13566 clk=dev
[mono_ns=182553990918846][T0x731da3880740][TIMING] emit_host_span: [STRACE] v=1 pid=466696 tid=466696 inv=28 hid=f0c29cefd733b2d6 depth=3 name=chip.run.runner_run.device_wall.graph_build ts=3999 dur=920788 clk=dev
[mono_ns=182553990919948][T0x731da3880740][TIMING] emit_host_span: [STRACE] v=1 pid=466696 tid=466696 inv=28 hid=f0c29cefd733b2d6 depth=3 name=chip.run.runner_run.device_wall.config_validate ts=4650 dur=1182 clk=dev
[mono_ns=182553990920950][T0x731da3880740][TIMING] emit_host_span: [STRACE] v=1 pid=466696 tid=466696 inv=28 hid=f0c29cefd733b2d6 depth=3 name=chip.run.runner_run.device_wall.arena_wire ts=6095 dur=3859 clk=dev
[mono_ns=182553990921961][T0x731da3880740][TIMING] emit_host_span: [STRACE] v=1 pid=466696 tid=466696 inv=28 hid=f0c29cefd733b2d6 depth=3 name=chip.run.runner_run.device_wall.sm_reset ts=10030 dur=5422 clk=dev
[mono_ns=182553990926989][T0x731da3880740][TIMING] emit_host_span: [STRACE] v=1 pid=466696 tid=466696 inv=28 hid=f0c29cefd733b2d6 depth=3 name=chip.run.runner_run.device_wall.post_orch ts=924818 dur=3438 clk=dev
[mono_ns=182553990928010][T0x731da3880740][TIMING] emit_host_span: [STRACE] v=1 pid=466696 tid=466696 inv=28 hid=f0c29cefd733b2d6 depth=3 name=chip.run.runner_run.device_wall.orch ts=15645 dur=618112 clk=dev
[mono_ns=182553990928982][T0x731da3880740][TIMING] emit_host_span: [STRACE] v=1 pid=466696 tid=466696 inv=28 hid=f0c29cefd733b2d6 depth=3 name=chip.run.runner_run.device_wall.sched ts=16436 dur=893307 clk=dev
[mono_ns=182553990930554][T0x731da3880740][TIMING] emit_host_span: [STRACE] v=1 pid=466696 tid=466696 inv=28 hid=f0c29cefd733b2d6 depth=1 name=chip.run.claim_release ts=182553990929763 dur=200
[mono_ns=182553990932297][T0x731da3880740][TIMING] emit_host_span: [STRACE] v=1 pid=466696 tid=466696 inv=28 hid=f0c29cefd733b2d6 depth=0 name=chip.run ts=182553944982370 dur=45949135 run_id=0 dispatch_id=0 slot_id=0 generation=28 run_epoch=28
[mono_ns=182554028311189][T0x731da3880740][TIMING] emit_host_span: [STRACE] v=1 pid=466696 tid=466696 inv=29 hid=f0c29cefd733b2d6 depth=2 name=chip.run.bind.args ts=182553991337946 dur=36970469
[mono_ns=182554028321134][T0x731da3880740][TIMING] emit_host_span: [STRACE] v=1 pid=466696 tid=466696 inv=29 hid=f0c29cefd733b2d6 depth=2 name=chip.run.bind.prebuilt ts=182554028319051 dur=1422
[mono_ns=182554028323358][T0x731da3880740][TIMING] emit_host_span: [STRACE] v=1 pid=466696 tid=466696 inv=29 hid=f0c29cefd733b2d6 depth=1 name=chip.run.bind ts=182553991332447 dur=36989659
[mono_ns=182554032852856][T0x731da3880740][WARN] prepare_execution: [device_runner.cpp:343] AICPU CPU_TOPO unavailable; using json_fallback: soc=Ascend950PR_9579 occupy=0x3e stable_reachable=5 requested=0 effective=5 affinity=[1, 2, 3, 4, 5(orch)]
[mono_ns=182554033944284][T0x731da3880740][TIMING] emit_host_span: [STRACE] v=1 pid=466696 tid=466696 inv=29 hid=f0c29cefd733b2d6 depth=1 name=chip.run.runner_run ts=182554032914338 dur=1028845
[mono_ns=182554034300439][T0x731da3880740][TIMING] emit_host_span: [STRACE] v=1 pid=466696 tid=466696 inv=29 hid=f0c29cefd733b2d6 depth=1 name=chip.run.validate ts=182554033947499 dur=352088
[mono_ns=182554034302762][T0x731da3880740][TIMING] emit_host_span: [STRACE] v=1 pid=466696 tid=466696 inv=29 hid=f0c29cefd733b2d6 depth=2 name=chip.run.runner_run.device_wall ts=0 dur=893234 clk=dev
[mono_ns=182554034304345][T0x731da3880740][TIMING] emit_host_span: [STRACE] v=1 pid=466696 tid=466696 inv=29 hid=f0c29cefd733b2d6 depth=3 name=chip.run.runner_run.device_wall.preamble ts=0 dur=13988 clk=dev
[mono_ns=182554034305606][T0x731da3880740][TIMING] emit_host_span: [STRACE] v=1 pid=466696 tid=466696 inv=29 hid=f0c29cefd733b2d6 depth=3 name=chip.run.runner_run.device_wall.graph_build ts=4335 dur=885082 clk=dev
[mono_ns=182554034306618][T0x731da3880740][TIMING] emit_host_span: [STRACE] v=1 pid=466696 tid=466696 inv=29 hid=f0c29cefd733b2d6 depth=3 name=chip.run.runner_run.device_wall.config_validate ts=4798 dur=1501 clk=dev
[mono_ns=182554034307640][T0x731da3880740][TIMING] emit_host_span: [STRACE] v=1 pid=466696 tid=466696 inv=29 hid=f0c29cefd733b2d6 depth=3 name=chip.run.runner_run.device_wall.arena_wire ts=6310 dur=3510 clk=dev
[mono_ns=182554034308621][T0x731da3880740][TIMING] emit_host_span: [STRACE] v=1 pid=466696 tid=466696 inv=29 hid=f0c29cefd733b2d6 depth=3 name=chip.run.runner_run.device_wall.sm_reset ts=9892 dur=5231 clk=dev
[mono_ns=182554034309663][T0x731da3880740][TIMING] emit_host_span: [STRACE] v=1 pid=466696 tid=466696 inv=29 hid=f0c29cefd733b2d6 depth=3 name=chip.run.runner_run.device_wall.post_orch ts=889444 dur=3438 clk=dev
[mono_ns=182554034310654][T0x731da3880740][TIMING] emit_host_span: [STRACE] v=1 pid=466696 tid=466696 inv=29 hid=f0c29cefd733b2d6 depth=3 name=chip.run.runner_run.device_wall.orch ts=15148 dur=624996 clk=dev
[mono_ns=182554034311656][T0x731da3880740][TIMING] emit_host_span: [STRACE] v=1 pid=466696 tid=466696 inv=29 hid=f0c29cefd733b2d6 depth=3 name=chip.run.runner_run.device_wall.sched ts=15943 dur=857670 clk=dev
[mono_ns=182554034317464][T0x731da3880740][TIMING] emit_host_span: [STRACE] v=1 pid=466696 tid=466696 inv=29 hid=f0c29cefd733b2d6 depth=1 name=chip.run.claim_release ts=182554034316753 dur=100
[mono_ns=182554034319037][T0x731da3880740][TIMING] emit_host_span: [STRACE] v=1 pid=466696 tid=466696 inv=29 hid=f0c29cefd733b2d6 depth=0 name=chip.run ts=182553991325988 dur=42992418 run_id=0 dispatch_id=0 slot_id=0 generation=29 run_epoch=29
[mono_ns=182554067387119][T0x731da3880740][TIMING] emit_host_span: [STRACE] v=1 pid=466696 tid=466696 inv=30 hid=f0c29cefd733b2d6 depth=2 name=chip.run.bind.args ts=182554034652918 dur=32731918
[mono_ns=182554067394090][T0x731da3880740][TIMING] emit_host_span: [STRACE] v=1 pid=466696 tid=466696 inv=30 hid=f0c29cefd733b2d6 depth=2 name=chip.run.bind.prebuilt ts=182554067392267 dur=1262
[mono_ns=182554067395722][T0x731da3880740][TIMING] emit_host_span: [STRACE] v=1 pid=466696 tid=466696 inv=30 hid=f0c29cefd733b2d6 depth=1 name=chip.run.bind ts=182554034648381 dur=32746380
[mono_ns=182554071920674][T0x731da3880740][WARN] prepare_execution: [device_runner.cpp:343] AICPU CPU_TOPO unavailable; using json_fallback: soc=Ascend950PR_9579 occupy=0x3e stable_reachable=5 requested=0 effective=5 affinity=[1, 2, 3, 4, 5(orch)]
[mono_ns=182554072966083][T0x731da3880740][TIMING] emit_host_span: [STRACE] v=1 pid=466696 tid=466696 inv=30 hid=f0c29cefd733b2d6 depth=1 name=chip.run.runner_run ts=182554071962617 dur=1002254
[mono_ns=182554073306694][T0x731da3880740][TIMING] emit_host_span: [STRACE] v=1 pid=466696 tid=466696 inv=30 hid=f0c29cefd733b2d6 depth=1 name=chip.run.validate ts=182554072968837 dur=336896
[mono_ns=182554073308867][T0x731da3880740][TIMING] emit_host_span: [STRACE] v=1 pid=466696 tid=466696 inv=30 hid=f0c29cefd733b2d6 depth=2 name=chip.run.runner_run.device_wall ts=0 dur=880772 clk=dev
[mono_ns=182554073310279][T0x731da3880740][TIMING] emit_host_span: [STRACE] v=1 pid=466696 tid=466696 inv=30 hid=f0c29cefd733b2d6 depth=3 name=chip.run.runner_run.device_wall.preamble ts=0 dur=12216 clk=dev
[mono_ns=182554073311331][T0x731da3880740][TIMING] emit_host_span: [STRACE] v=1 pid=466696 tid=466696 inv=30 hid=f0c29cefd733b2d6 depth=3 name=chip.run.runner_run.device_wall.graph_build ts=2999 dur=873615 clk=dev
[mono_ns=182554073312322][T0x731da3880740][TIMING] emit_host_span: [STRACE] v=1 pid=466696 tid=466696 inv=30 hid=f0c29cefd733b2d6 depth=3 name=chip.run.runner_run.device_wall.config_validate ts=3547 dur=1176 clk=dev
[mono_ns=182554073313314][T0x731da3880740][TIMING] emit_host_span: [STRACE] v=1 pid=466696 tid=466696 inv=30 hid=f0c29cefd733b2d6 depth=3 name=chip.run.runner_run.device_wall.arena_wire ts=4787 dur=3098 clk=dev
[mono_ns=182554073314315][T0x731da3880740][TIMING] emit_host_span: [STRACE] v=1 pid=466696 tid=466696 inv=30 hid=f0c29cefd733b2d6 depth=3 name=chip.run.runner_run.device_wall.sm_reset ts=7987 dur=5361 clk=dev
[mono_ns=182554073315317][T0x731da3880740][TIMING] emit_host_span: [STRACE] v=1 pid=466696 tid=466696 inv=30 hid=f0c29cefd733b2d6 depth=3 name=chip.run.runner_run.device_wall.post_orch ts=876632 dur=3931 clk=dev
[mono_ns=182554073316308][T0x731da3880740][TIMING] emit_host_span: [STRACE] v=1 pid=466696 tid=466696 inv=30 hid=f0c29cefd733b2d6 depth=3 name=chip.run.runner_run.device_wall.orch ts=13419 dur=631149 clk=dev
[mono_ns=182554073317290][T0x731da3880740][TIMING] emit_host_span: [STRACE] v=1 pid=466696 tid=466696 inv=30 hid=f0c29cefd733b2d6 depth=3 name=chip.run.runner_run.device_wall.sched ts=14221 dur=848674 clk=dev
[mono_ns=182554073318642][T0x731da3880740][TIMING] emit_host_span: [STRACE] v=1 pid=466696 tid=466696 inv=30 hid=f0c29cefd733b2d6 depth=1 name=chip.run.claim_release ts=182554073318011 dur=100
[mono_ns=182554073320004][T0x731da3880740][TIMING] emit_host_span: [STRACE] v=1 pid=466696 tid=466696 inv=30 hid=f0c29cefd733b2d6 depth=0 name=chip.run ts=182554034644465 dur=38674958 run_id=0 dispatch_id=0 slot_id=0 generation=30 run_epoch=30
[mono_ns=182554104879292][T0x731da3880740][TIMING] emit_host_span: [STRACE] v=1 pid=466696 tid=466696 inv=31 hid=f0c29cefd733b2d6 depth=2 name=chip.run.bind.args ts=182554073647005 dur=31230474
[mono_ns=182554104886262][T0x731da3880740][TIMING] emit_host_span: [STRACE] v=1 pid=466696 tid=466696 inv=31 hid=f0c29cefd733b2d6 depth=2 name=chip.run.bind.prebuilt ts=182554104884510 dur=1182
[mono_ns=182554104887775][T0x731da3880740][TIMING] emit_host_span: [STRACE] v=1 pid=466696 tid=466696 inv=31 hid=f0c29cefd733b2d6 depth=1 name=chip.run.bind ts=182554073643399 dur=31243675
[mono_ns=182554109383793][T0x731da3880740][WARN] prepare_execution: [device_runner.cpp:343] AICPU CPU_TOPO unavailable; using json_fallback: soc=Ascend950PR_9579 occupy=0x3e stable_reachable=5 requested=0 effective=5 affinity=[1, 2, 3, 4, 5(orch)]
[mono_ns=182554110391776][T0x731da3880740][TIMING] emit_host_span: [STRACE] v=1 pid=466696 tid=466696 inv=31 hid=f0c29cefd733b2d6 depth=1 name=chip.run.runner_run ts=182554109429792 dur=961022
[mono_ns=182554110720159][T0x731da3880740][TIMING] emit_host_span: [STRACE] v=1 pid=466696 tid=466696 inv=31 hid=f0c29cefd733b2d6 depth=1 name=chip.run.validate ts=182554110394430 dur=324987
[mono_ns=182554110721741][T0x731da3880740][TIMING] emit_host_span: [STRACE] v=1 pid=466696 tid=466696 inv=31 hid=f0c29cefd733b2d6 depth=2 name=chip.run.runner_run.device_wall ts=0 dur=853391 clk=dev
[mono_ns=182554110723033][T0x731da3880740][TIMING] emit_host_span: [STRACE] v=1 pid=466696 tid=466696 inv=31 hid=f0c29cefd733b2d6 depth=3 name=chip.run.runner_run.device_wall.preamble ts=0 dur=14591 clk=dev
[mono_ns=182554110724034][T0x731da3880740][TIMING] emit_host_span: [STRACE] v=1 pid=466696 tid=466696 inv=31 hid=f0c29cefd733b2d6 depth=3 name=chip.run.runner_run.device_wall.graph_build ts=4782 dur=843855 clk=dev
[mono_ns=182554110725066][T0x731da3880740][TIMING] emit_host_span: [STRACE] v=1 pid=466696 tid=466696 inv=31 hid=f0c29cefd733b2d6 depth=3 name=chip.run.runner_run.device_wall.config_validate ts=5419 dur=1319 clk=dev
[mono_ns=182554110726057][T0x731da3880740][TIMING] emit_host_span: [STRACE] v=1 pid=466696 tid=466696 inv=31 hid=f0c29cefd733b2d6 depth=3 name=chip.run.runner_run.device_wall.arena_wire ts=7029 dur=2971 clk=dev
[mono_ns=182554110727049][T0x731da3880740][TIMING] emit_host_span: [STRACE] v=1 pid=466696 tid=466696 inv=31 hid=f0c29cefd733b2d6 depth=3 name=chip.run.runner_run.device_wall.sm_reset ts=10023 dur=5699 clk=dev
[mono_ns=182554110728040][T0x731da3880740][TIMING] emit_host_span: [STRACE] v=1 pid=466696 tid=466696 inv=31 hid=f0c29cefd733b2d6 depth=3 name=chip.run.runner_run.device_wall.post_orch ts=848663 dur=4033 clk=dev
[mono_ns=182554110729002][T0x731da3880740][TIMING] emit_host_span: [STRACE] v=1 pid=466696 tid=466696 inv=31 hid=f0c29cefd733b2d6 depth=3 name=chip.run.runner_run.device_wall.orch ts=15753 dur=599425 clk=dev
[mono_ns=182554110729973][T0x731da3880740][TIMING] emit_host_span: [STRACE] v=1 pid=466696 tid=466696 inv=31 hid=f0c29cefd733b2d6 depth=3 name=chip.run.runner_run.device_wall.sched ts=16871 dur=817548 clk=dev
[mono_ns=182554110731245][T0x731da3880740][TIMING] emit_host_span: [STRACE] v=1 pid=466696 tid=466696 inv=31 hid=f0c29cefd733b2d6 depth=1 name=chip.run.claim_release ts=182554110730654 dur=60
[mono_ns=182554110732537][T0x731da3880740][TIMING] emit_host_span: [STRACE] v=1 pid=466696 tid=466696 inv=31 hid=f0c29cefd733b2d6 depth=0 name=chip.run ts=182554073640405 dur=37091531 run_id=0 dispatch_id=0 slot_id=0 generation=31 run_epoch=31
[mono_ns=182554143329543][T0x731da3880740][TIMING] emit_host_span: [STRACE] v=1 pid=466696 tid=466696 inv=32 hid=f0c29cefd733b2d6 depth=2 name=chip.run.bind.args ts=182554111120249 dur=32207501
[mono_ns=182554143336493][T0x731da3880740][TIMING] emit_host_span: [STRACE] v=1 pid=466696 tid=466696 inv=32 hid=f0c29cefd733b2d6 depth=2 name=chip.run.bind.prebuilt ts=182554143334851 dur=791
[mono_ns=182554143338256][T0x731da3880740][TIMING] emit_host_span: [STRACE] v=1 pid=466696 tid=466696 inv=32 hid=f0c29cefd733b2d6 depth=1 name=chip.run.bind ts=182554111116934 dur=32220290
[mono_ns=182554147820904][T0x731da3880740][WARN] prepare_execution: [device_runner.cpp:343] AICPU CPU_TOPO unavailable; using json_fallback: soc=Ascend950PR_9579 occupy=0x3e stable_reachable=5 requested=0 effective=5 affinity=[1, 2, 3, 4, 5(orch)]
[mono_ns=182554148857059][T0x731da3880740][TIMING] emit_host_span: [STRACE] v=1 pid=466696 tid=466696 inv=32 hid=f0c29cefd733b2d6 depth=1 name=chip.run.runner_run ts=182554147873363 dur=982745
[mono_ns=182554149120404][T0x731da3880740][TIMING] emit_host_span: [STRACE] v=1 pid=466696 tid=466696 inv=32 hid=f0c29cefd733b2d6 depth=1 name=chip.run.validate ts=182554148859453 dur=260180
[mono_ns=182554149122357][T0x731da3880740][TIMING] emit_host_span: [STRACE] v=1 pid=466696 tid=466696 inv=32 hid=f0c29cefd733b2d6 depth=2 name=chip.run.runner_run.device_wall ts=0 dur=870530 clk=dev
[mono_ns=182554149123589][T0x731da3880740][TIMING] emit_host_span: [STRACE] v=1 pid=466696 tid=466696 inv=32 hid=f0c29cefd733b2d6 depth=3 name=chip.run.runner_run.device_wall.preamble ts=0 dur=14317 clk=dev
[mono_ns=182554149124681][T0x731da3880740][TIMING] emit_host_span: [STRACE] v=1 pid=466696 tid=466696 inv=32 hid=f0c29cefd733b2d6 depth=3 name=chip.run.runner_run.device_wall.graph_build ts=4241 dur=861933 clk=dev
[mono_ns=182554149125692][T0x731da3880740][TIMING] emit_host_span: [STRACE] v=1 pid=466696 tid=466696 inv=32 hid=f0c29cefd733b2d6 depth=3 name=chip.run.runner_run.device_wall.config_validate ts=4923 dur=1467 clk=dev
[mono_ns=182554149126684][T0x731da3880740][TIMING] emit_host_span: [STRACE] v=1 pid=466696 tid=466696 inv=32 hid=f0c29cefd733b2d6 depth=3 name=chip.run.runner_run.device_wall.arena_wire ts=6653 dur=3121 clk=dev
[mono_ns=182554149127645][T0x731da3880740][TIMING] emit_host_span: [STRACE] v=1 pid=466696 tid=466696 inv=32 hid=f0c29cefd733b2d6 depth=3 name=chip.run.runner_run.device_wall.sm_reset ts=9846 dur=5141 clk=dev
[mono_ns=182554149128727][T0x731da3880740][TIMING] emit_host_span: [STRACE] v=1 pid=466696 tid=466696 inv=32 hid=f0c29cefd733b2d6 depth=3 name=chip.run.runner_run.device_wall.post_orch ts=866192 dur=3670 clk=dev
[mono_ns=182554149129718][T0x731da3880740][TIMING] emit_host_span: [STRACE] v=1 pid=466696 tid=466696 inv=32 hid=f0c29cefd733b2d6 depth=3 name=chip.run.runner_run.device_wall.orch ts=15232 dur=616255 clk=dev
[mono_ns=182554149130680][T0x731da3880740][TIMING] emit_host_span: [STRACE] v=1 pid=466696 tid=466696 inv=32 hid=f0c29cefd733b2d6 depth=3 name=chip.run.runner_run.device_wall.sched ts=15895 dur=834420 clk=dev
[mono_ns=182554149132012][T0x731da3880740][TIMING] emit_host_span: [STRACE] v=1 pid=466696 tid=466696 inv=32 hid=f0c29cefd733b2d6 depth=1 name=chip.run.claim_release ts=182554149131391 dur=60
[mono_ns=182554149133364][T0x731da3880740][TIMING] emit_host_span: [STRACE] v=1 pid=466696 tid=466696 inv=32 hid=f0c29cefd733b2d6 depth=0 name=chip.run ts=182554111113599 dur=38019164 run_id=0 dispatch_id=0 slot_id=0 generation=32 run_epoch=32
[mono_ns=182554180313452][T0x731da3880740][TIMING] emit_host_span: [STRACE] v=1 pid=466696 tid=466696 inv=33 hid=f0c29cefd733b2d6 depth=2 name=chip.run.bind.args ts=182554149411521 dur=30900319
[mono_ns=182554180320313][T0x731da3880740][TIMING] emit_host_span: [STRACE] v=1 pid=466696 tid=466696 inv=33 hid=f0c29cefd733b2d6 depth=2 name=chip.run.bind.prebuilt ts=182554180318831 dur=921
[mono_ns=182554180321895][T0x731da3880740][TIMING] emit_host_span: [STRACE] v=1 pid=466696 tid=466696 inv=33 hid=f0c29cefd733b2d6 depth=1 name=chip.run.bind ts=182554149408707 dur=30912247
[mono_ns=182554184846036][T0x731da3880740][WARN] prepare_execution: [device_runner.cpp:343] AICPU CPU_TOPO unavailable; using json_fallback: soc=Ascend950PR_9579 occupy=0x3e stable_reachable=5 requested=0 effective=5 affinity=[1, 2, 3, 4, 5(orch)]
[mono_ns=182554185893237][T0x731da3880740][TIMING] emit_host_span: [STRACE] v=1 pid=466696 tid=466696 inv=33 hid=f0c29cefd733b2d6 depth=1 name=chip.run.runner_run ts=182554184901158 dur=991268
[mono_ns=182554186196653][T0x731da3880740][TIMING] emit_host_span: [STRACE] v=1 pid=466696 tid=466696 inv=33 hid=f0c29cefd733b2d6 depth=1 name=chip.run.validate ts=182554185895601 dur=300321
[mono_ns=182554186202001][T0x731da3880740][TIMING] emit_host_span: [STRACE] v=1 pid=466696 tid=466696 inv=33 hid=f0c29cefd733b2d6 depth=2 name=chip.run.runner_run.device_wall ts=0 dur=879015 clk=dev
[mono_ns=182554186203062][T0x731da3880740][TIMING] emit_host_span: [STRACE] v=1 pid=466696 tid=466696 inv=33 hid=f0c29cefd733b2d6 depth=3 name=chip.run.runner_run.device_wall.preamble ts=0 dur=11830 clk=dev
[mono_ns=182554186204114][T0x731da3880740][TIMING] emit_host_span: [STRACE] v=1 pid=466696 tid=466696 inv=33 hid=f0c29cefd733b2d6 depth=3 name=chip.run.runner_run.device_wall.graph_build ts=2932 dur=872019 clk=dev
[mono_ns=182554186205135][T0x731da3880740][TIMING] emit_host_span: [STRACE] v=1 pid=466696 tid=466696 inv=33 hid=f0c29cefd733b2d6 depth=3 name=chip.run.runner_run.device_wall.config_validate ts=3488 dur=1434 clk=dev
[mono_ns=182554186206147][T0x731da3880740][TIMING] emit_host_span: [STRACE] v=1 pid=466696 tid=466696 inv=33 hid=f0c29cefd733b2d6 depth=3 name=chip.run.runner_run.device_wall.arena_wire ts=4940 dur=3364 clk=dev
[mono_ns=182554186207128][T0x731da3880740][TIMING] emit_host_span: [STRACE] v=1 pid=466696 tid=466696 inv=33 hid=f0c29cefd733b2d6 depth=3 name=chip.run.runner_run.device_wall.sm_reset ts=8327 dur=5628 clk=dev
[mono_ns=182554186208190][T0x731da3880740][TIMING] emit_host_span: [STRACE] v=1 pid=466696 tid=466696 inv=33 hid=f0c29cefd733b2d6 depth=3 name=chip.run.runner_run.device_wall.post_orch ts=875025 dur=3877 clk=dev
[mono_ns=182554186209151][T0x731da3880740][TIMING] emit_host_span: [STRACE] v=1 pid=466696 tid=466696 inv=33 hid=f0c29cefd733b2d6 depth=3 name=chip.run.runner_run.device_wall.orch ts=14135 dur=621781 clk=dev
[mono_ns=182554186210103][T0x731da3880740][TIMING] emit_host_span: [STRACE] v=1 pid=466696 tid=466696 inv=33 hid=f0c29cefd733b2d6 depth=3 name=chip.run.runner_run.device_wall.sched ts=15145 dur=845930 clk=dev
[mono_ns=182554186211285][T0x731da3880740][TIMING] emit_host_span: [STRACE] v=1 pid=466696 tid=466696 inv=33 hid=f0c29cefd733b2d6 depth=1 name=chip.run.claim_release ts=182554186210714 dur=50
[mono_ns=182554186212597][T0x731da3880740][TIMING] emit_host_span: [STRACE] v=1 pid=466696 tid=466696 inv=33 hid=f0c29cefd733b2d6 depth=0 name=chip.run ts=182554149406333 dur=36805653 run_id=0 dispatch_id=0 slot_id=0 generation=33 run_epoch=33
[mono_ns=182554215413134][T0x731da3880740][TIMING] emit_host_span: [STRACE] v=1 pid=466696 tid=466696 inv=34 hid=f0c29cefd733b2d6 depth=2 name=chip.run.bind.args ts=182554186481911 dur=28925044
[mono_ns=182554215426885][T0x731da3880740][TIMING] emit_host_span: [STRACE] v=1 pid=466696 tid=466696 inv=34 hid=f0c29cefd733b2d6 depth=2 name=chip.run.bind.prebuilt ts=182554215424401 dur=1472
[mono_ns=182554215429429][T0x731da3880740][TIMING] emit_host_span: [STRACE] v=1 pid=466696 tid=466696 inv=34 hid=f0c29cefd733b2d6 depth=1 name=chip.run.bind ts=182554186479297 dur=28948950
[mono_ns=182554219916624][T0x731da3880740][WARN] prepare_execution: [device_runner.cpp:343] AICPU CPU_TOPO unavailable; using json_fallback: soc=Ascend950PR_9579 occupy=0x3e stable_reachable=5 requested=0 effective=5 affinity=[1, 2, 3, 4, 5(orch)]
[mono_ns=182554221006730][T0x731da3880740][TIMING] emit_host_span: [STRACE] v=1 pid=466696 tid=466696 inv=34 hid=f0c29cefd733b2d6 depth=1 name=chip.run.runner_run ts=182554219974491 dur=1030887
[mono_ns=182554221319189][T0x731da3880740][TIMING] emit_host_span: [STRACE] v=1 pid=466696 tid=466696 inv=34 hid=f0c29cefd733b2d6 depth=1 name=chip.run.validate ts=182554221010115 dur=308082
[mono_ns=182554221321102][T0x731da3880740][TIMING] emit_host_span: [STRACE] v=1 pid=466696 tid=466696 inv=34 hid=f0c29cefd733b2d6 depth=2 name=chip.run.runner_run.device_wall ts=0 dur=888670 clk=dev
[mono_ns=182554221322524][T0x731da3880740][TIMING] emit_host_span: [STRACE] v=1 pid=466696 tid=466696 inv=34 hid=f0c29cefd733b2d6 depth=3 name=chip.run.runner_run.device_wall.preamble ts=0 dur=13434 clk=dev
[mono_ns=182554221323756][T0x731da3880740][TIMING] emit_host_span: [STRACE] v=1 pid=466696 tid=466696 inv=34 hid=f0c29cefd733b2d6 depth=3 name=chip.run.runner_run.device_wall.graph_build ts=4191 dur=880324 clk=dev
[mono_ns=182554221337346][T0x731da3880740][TIMING] emit_host_span: [STRACE] v=1 pid=466696 tid=466696 inv=34 hid=f0c29cefd733b2d6 depth=3 name=chip.run.runner_run.device_wall.config_validate ts=4468 dur=1054 clk=dev
[mono_ns=182554221338378][T0x731da3880740][TIMING] emit_host_span: [STRACE] v=1 pid=466696 tid=466696 inv=34 hid=f0c29cefd733b2d6 depth=3 name=chip.run.runner_run.device_wall.arena_wire ts=5815 dur=3105 clk=dev
[mono_ns=182554221339369][T0x731da3880740][TIMING] emit_host_span: [STRACE] v=1 pid=466696 tid=466696 inv=34 hid=f0c29cefd733b2d6 depth=3 name=chip.run.runner_run.device_wall.sm_reset ts=8942 dur=5338 clk=dev
[mono_ns=182554221340461][T0x731da3880740][TIMING] emit_host_span: [STRACE] v=1 pid=466696 tid=466696 inv=34 hid=f0c29cefd733b2d6 depth=3 name=chip.run.runner_run.device_wall.post_orch ts=884544 dur=3663 clk=dev
[mono_ns=182554221341482][T0x731da3880740][TIMING] emit_host_span: [STRACE] v=1 pid=466696 tid=466696 inv=34 hid=f0c29cefd733b2d6 depth=3 name=chip.run.runner_run.device_wall.orch ts=14351 dur=618929 clk=dev
[mono_ns=182554221342474][T0x731da3880740][TIMING] emit_host_span: [STRACE] v=1 pid=466696 tid=466696 inv=34 hid=f0c29cefd733b2d6 depth=3 name=chip.run.runner_run.device_wall.sched ts=14968 dur=853828 clk=dev
[mono_ns=182554221343816][T0x731da3880740][TIMING] emit_host_span: [STRACE] v=1 pid=466696 tid=466696 inv=34 hid=f0c29cefd733b2d6 depth=1 name=chip.run.claim_release ts=182554221343115 dur=120
[mono_ns=182554221345508][T0x731da3880740][TIMING] emit_host_span: [STRACE] v=1 pid=466696 tid=466696 inv=34 hid=f0c29cefd733b2d6 depth=0 name=chip.run ts=182554186476963 dur=34867704 run_id=0 dispatch_id=0 slot_id=0 generation=34 run_epoch=34
[mono_ns=182554251646538][T0x731da3880740][TIMING] emit_host_span: [STRACE] v=1 pid=466696 tid=466696 inv=35 hid=f0c29cefd733b2d6 depth=2 name=chip.run.bind.args ts=182554221671147 dur=29971244
[mono_ns=182554251658656][T0x731da3880740][TIMING] emit_host_span: [STRACE] v=1 pid=466696 tid=466696 inv=35 hid=f0c29cefd733b2d6 depth=2 name=chip.run.bind.prebuilt ts=182554251656232 dur=1743
[mono_ns=182554251660619][T0x731da3880740][TIMING] emit_host_span: [STRACE] v=1 pid=466696 tid=466696 inv=35 hid=f0c29cefd733b2d6 depth=1 name=chip.run.bind ts=182554221667452 dur=29992065
[mono_ns=182554256174073][T0x731da3880740][WARN] prepare_execution: [device_runner.cpp:343] AICPU CPU_TOPO unavailable; using json_fallback: soc=Ascend950PR_9579 occupy=0x3e stable_reachable=5 requested=0 effective=5 affinity=[1, 2, 3, 4, 5(orch)]
[mono_ns=182554257300804][T0x731da3880740][TIMING] emit_host_span: [STRACE] v=1 pid=466696 tid=466696 inv=35 hid=f0c29cefd733b2d6 depth=1 name=chip.run.runner_run ts=182554256224469 dur=1075324
[mono_ns=182554257645301][T0x731da3880740][TIMING] emit_host_span: [STRACE] v=1 pid=466696 tid=466696 inv=35 hid=f0c29cefd733b2d6 depth=1 name=chip.run.validate ts=182554257303348 dur=341102
[mono_ns=182554257647104][T0x731da3880740][TIMING] emit_host_span: [STRACE] v=1 pid=466696 tid=466696 inv=35 hid=f0c29cefd733b2d6 depth=2 name=chip.run.runner_run.device_wall ts=0 dur=935064 clk=dev
[mono_ns=182554257648586][T0x731da3880740][TIMING] emit_host_span: [STRACE] v=1 pid=466696 tid=466696 inv=35 hid=f0c29cefd733b2d6 depth=3 name=chip.run.runner_run.device_wall.preamble ts=0 dur=14036 clk=dev
[mono_ns=182554257649758][T0x731da3880740][TIMING] emit_host_span: [STRACE] v=1 pid=466696 tid=466696 inv=35 hid=f0c29cefd733b2d6 depth=3 name=chip.run.runner_run.device_wall.graph_build ts=4743 dur=925358 clk=dev
[mono_ns=182554257650780][T0x731da3880740][TIMING] emit_host_span: [STRACE] v=1 pid=466696 tid=466696 inv=35 hid=f0c29cefd733b2d6 depth=3 name=chip.run.runner_run.device_wall.config_validate ts=5265 dur=1223 clk=dev
[mono_ns=182554257651811][T0x731da3880740][TIMING] emit_host_span: [STRACE] v=1 pid=466696 tid=466696 inv=35 hid=f0c29cefd733b2d6 depth=3 name=chip.run.runner_run.device_wall.arena_wire ts=6505 dur=3107 clk=dev
[mono_ns=182554257656278][T0x731da3880740][TIMING] emit_host_span: [STRACE] v=1 pid=466696 tid=466696 inv=35 hid=f0c29cefd733b2d6 depth=3 name=chip.run.runner_run.device_wall.sm_reset ts=9626 dur=5147 clk=dev
[mono_ns=182554257657329][T0x731da3880740][TIMING] emit_host_span: [STRACE] v=1 pid=466696 tid=466696 inv=35 hid=f0c29cefd733b2d6 depth=3 name=chip.run.runner_run.device_wall.post_orch ts=930146 dur=4254 clk=dev
[mono_ns=182554257658321][T0x731da3880740][TIMING] emit_host_span: [STRACE] v=1 pid=466696 tid=466696 inv=35 hid=f0c29cefd733b2d6 depth=3 name=chip.run.runner_run.device_wall.orch ts=15074 dur=660788 clk=dev
[mono_ns=182554257659322][T0x731da3880740][TIMING] emit_host_span: [STRACE] v=1 pid=466696 tid=466696 inv=35 hid=f0c29cefd733b2d6 depth=3 name=chip.run.runner_run.device_wall.sched ts=15654 dur=898641 clk=dev
[mono_ns=182554257660594][T0x731da3880740][TIMING] emit_host_span: [STRACE] v=1 pid=466696 tid=466696 inv=35 hid=f0c29cefd733b2d6 depth=1 name=chip.run.claim_release ts=182554257659913 dur=141
[mono_ns=182554257661936][T0x731da3880740][TIMING] emit_host_span: [STRACE] v=1 pid=466696 tid=466696 inv=35 hid=f0c29cefd733b2d6 depth=0 name=chip.run ts=182554221663516 dur=35997809 run_id=0 dispatch_id=0 slot_id=0 generation=35 run_epoch=35
[mono_ns=182554289870919][T0x731da3880740][TIMING] emit_host_span: [STRACE] v=1 pid=466696 tid=466696 inv=36 hid=f0c29cefd733b2d6 depth=2 name=chip.run.bind.args ts=182554257981095 dur=31885448
[mono_ns=182554289884500][T0x731da3880740][TIMING] emit_host_span: [STRACE] v=1 pid=466696 tid=466696 inv=36 hid=f0c29cefd733b2d6 depth=2 name=chip.run.bind.prebuilt ts=182554289882126 dur=1673
[mono_ns=182554289886483][T0x731da3880740][TIMING] emit_host_span: [STRACE] v=1 pid=466696 tid=466696 inv=36 hid=f0c29cefd733b2d6 depth=1 name=chip.run.bind ts=182554257977270 dur=31908091
[mono_ns=182554294439406][T0x731da3880740][WARN] prepare_execution: [device_runner.cpp:343] AICPU CPU_TOPO unavailable; using json_fallback: soc=Ascend950PR_9579 occupy=0x3e stable_reachable=5 requested=0 effective=5 affinity=[1, 2, 3, 4, 5(orch)]
[mono_ns=182554295499237][T0x731da3880740][TIMING] emit_host_span: [STRACE] v=1 pid=466696 tid=466696 inv=36 hid=f0c29cefd733b2d6 depth=1 name=chip.run.runner_run ts=182554294490633 dur=1007332
[mono_ns=182554295799438][T0x731da3880740][TIMING] emit_host_span: [STRACE] v=1 pid=466696 tid=466696 inv=36 hid=f0c29cefd733b2d6 depth=1 name=chip.run.validate ts=182554295503794 dur=294842
[mono_ns=182554295801040][T0x731da3880740][TIMING] emit_host_span: [STRACE] v=1 pid=466696 tid=466696 inv=36 hid=f0c29cefd733b2d6 depth=2 name=chip.run.runner_run.device_wall ts=0 dur=884382 clk=dev
[mono_ns=182554295802693][T0x731da3880740][TIMING] emit_host_span: [STRACE] v=1 pid=466696 tid=466696 inv=36 hid=f0c29cefd733b2d6 depth=3 name=chip.run.runner_run.device_wall.preamble ts=0 dur=14625 clk=dev
[mono_ns=182554295803854][T0x731da3880740][TIMING] emit_host_span: [STRACE] v=1 pid=466696 tid=466696 inv=36 hid=f0c29cefd733b2d6 depth=3 name=chip.run.runner_run.device_wall.graph_build ts=5188 dur=874480 clk=dev
[mono_ns=182554295804876][T0x731da3880740][TIMING] emit_host_span: [STRACE] v=1 pid=466696 tid=466696 inv=36 hid=f0c29cefd733b2d6 depth=3 name=chip.run.runner_run.device_wall.config_validate ts=5833 dur=1309 clk=dev
[mono_ns=182554295805857][T0x731da3880740][TIMING] emit_host_span: [STRACE] v=1 pid=466696 tid=466696 inv=36 hid=f0c29cefd733b2d6 depth=3 name=chip.run.runner_run.device_wall.arena_wire ts=7430 dur=3106 clk=dev
[mono_ns=182554295806829][T0x731da3880740][TIMING] emit_host_span: [STRACE] v=1 pid=466696 tid=466696 inv=36 hid=f0c29cefd733b2d6 depth=3 name=chip.run.runner_run.device_wall.sm_reset ts=10556 dur=4692 clk=dev
[mono_ns=182554295807830][T0x731da3880740][TIMING] emit_host_span: [STRACE] v=1 pid=466696 tid=466696 inv=36 hid=f0c29cefd733b2d6 depth=3 name=chip.run.runner_run.device_wall.post_orch ts=879694 dur=3852 clk=dev
[mono_ns=182554295808812][T0x731da3880740][TIMING] emit_host_span: [STRACE] v=1 pid=466696 tid=466696 inv=36 hid=f0c29cefd733b2d6 depth=3 name=chip.run.runner_run.device_wall.orch ts=15274 dur=638540 clk=dev
[mono_ns=182554295813859][T0x731da3880740][TIMING] emit_host_span: [STRACE] v=1 pid=466696 tid=466696 inv=36 hid=f0c29cefd733b2d6 depth=3 name=chip.run.runner_run.device_wall.sched ts=16217 dur=847848 clk=dev
[mono_ns=182554295815241][T0x731da3880740][TIMING] emit_host_span: [STRACE] v=1 pid=466696 tid=466696 inv=36 hid=f0c29cefd733b2d6 depth=1 name=chip.run.claim_release ts=182554295814500 dur=171
[mono_ns=182554295816884][T0x731da3880740][TIMING] emit_host_span: [STRACE] v=1 pid=466696 tid=466696 inv=36 hid=f0c29cefd733b2d6 depth=0 name=chip.run ts=182554257973885 dur=37842298 run_id=0 dispatch_id=0 slot_id=0 generation=36 run_epoch=36
[mono_ns=182554331383847][T0x731da3880740][TIMING] emit_host_span: [STRACE] v=1 pid=466696 tid=466696 inv=37 hid=f0c29cefd733b2d6 depth=2 name=chip.run.bind.args ts=182554296148522 dur=35231289
[mono_ns=182554331395735][T0x731da3880740][TIMING] emit_host_span: [STRACE] v=1 pid=466696 tid=466696 inv=37 hid=f0c29cefd733b2d6 depth=2 name=chip.run.bind.prebuilt ts=182554331393461 dur=1633
[mono_ns=182554331397978][T0x731da3880740][TIMING] emit_host_span: [STRACE] v=1 pid=466696 tid=466696 inv=37 hid=f0c29cefd733b2d6 depth=1 name=chip.run.bind ts=182554296144075 dur=35252671
[mono_ns=182554335921418][T0x731da3880740][WARN] prepare_execution: [device_runner.cpp:343] AICPU CPU_TOPO unavailable; using json_fallback: soc=Ascend950PR_9579 occupy=0x3e stable_reachable=5 requested=0 effective=5 affinity=[1, 2, 3, 4, 5(orch)]
[mono_ns=182554336988199][T0x731da3880740][TIMING] emit_host_span: [STRACE] v=1 pid=466696 tid=466696 inv=37 hid=f0c29cefd733b2d6 depth=1 name=chip.run.runner_run ts=182554335969410 dur=1017016
[mono_ns=182554337337984][T0x731da3880740][TIMING] emit_host_span: [STRACE] v=1 pid=466696 tid=466696 inv=37 hid=f0c29cefd733b2d6 depth=1 name=chip.run.validate ts=182554336992145 dur=344867
[mono_ns=182554337339866][T0x731da3880740][TIMING] emit_host_span: [STRACE] v=1 pid=466696 tid=466696 inv=37 hid=f0c29cefd733b2d6 depth=2 name=chip.run.runner_run.device_wall ts=0 dur=870390 clk=dev
[mono_ns=182554337341389][T0x731da3880740][TIMING] emit_host_span: [STRACE] v=1 pid=466696 tid=466696 inv=37 hid=f0c29cefd733b2d6 depth=3 name=chip.run.runner_run.device_wall.preamble ts=0 dur=15098 clk=dev
[mono_ns=182554337342530][T0x731da3880740][TIMING] emit_host_span: [STRACE] v=1 pid=466696 tid=466696 inv=37 hid=f0c29cefd733b2d6 depth=3 name=chip.run.runner_run.device_wall.graph_build ts=5036 dur=861311 clk=dev
[mono_ns=182554337343552][T0x731da3880740][TIMING] emit_host_span: [STRACE] v=1 pid=466696 tid=466696 inv=37 hid=f0c29cefd733b2d6 depth=3 name=chip.run.runner_run.device_wall.config_validate ts=5767 dur=1629 clk=dev
[mono_ns=182554337344523][T0x731da3880740][TIMING] emit_host_span: [STRACE] v=1 pid=466696 tid=466696 inv=37 hid=f0c29cefd733b2d6 depth=3 name=chip.run.runner_run.device_wall.arena_wire ts=7413 dur=3281 clk=dev
[mono_ns=182554337345545][T0x731da3880740][TIMING] emit_host_span: [STRACE] v=1 pid=466696 tid=466696 inv=37 hid=f0c29cefd733b2d6 depth=3 name=chip.run.runner_run.device_wall.sm_reset ts=10716 dur=5218 clk=dev
[mono_ns=182554337346557][T0x731da3880740][TIMING] emit_host_span: [STRACE] v=1 pid=466696 tid=466696 inv=37 hid=f0c29cefd733b2d6 depth=3 name=chip.run.runner_run.device_wall.post_orch ts=866648 dur=3679 clk=dev
[mono_ns=182554337347528][T0x731da3880740][TIMING] emit_host_span: [STRACE] v=1 pid=466696 tid=466696 inv=37 hid=f0c29cefd733b2d6 depth=3 name=chip.run.runner_run.device_wall.orch ts=16006 dur=619553 clk=dev
[mono_ns=182554337348469][T0x731da3880740][TIMING] emit_host_span: [STRACE] v=1 pid=466696 tid=466696 inv=37 hid=f0c29cefd733b2d6 depth=3 name=chip.run.runner_run.device_wall.sched ts=16677 dur=836944 clk=dev
[mono_ns=182554337349811][T0x731da3880740][TIMING] emit_host_span: [STRACE] v=1 pid=466696 tid=466696 inv=37 hid=f0c29cefd733b2d6 depth=1 name=chip.run.claim_release ts=182554337349110 dur=151
[mono_ns=182554337351284][T0x731da3880740][TIMING] emit_host_span: [STRACE] v=1 pid=466696 tid=466696 inv=37 hid=f0c29cefd733b2d6 depth=0 name=chip.run ts=182554296139598 dur=41211095 run_id=0 dispatch_id=0 slot_id=0 generation=37 run_epoch=37
[mono_ns=182554372882082][T0x731da3880740][TIMING] emit_host_span: [STRACE] v=1 pid=466696 tid=466696 inv=38 hid=f0c29cefd733b2d6 depth=2 name=chip.run.bind.args ts=182554337671244 dur=35207253
[mono_ns=182554372892909][T0x731da3880740][TIMING] emit_host_span: [STRACE] v=1 pid=466696 tid=466696 inv=38 hid=f0c29cefd733b2d6 depth=2 name=chip.run.bind.prebuilt ts=182554372890675 dur=1513
[mono_ns=182554372894922][T0x731da3880740][TIMING] emit_host_span: [STRACE] v=1 pid=466696 tid=466696 inv=38 hid=f0c29cefd733b2d6 depth=1 name=chip.run.bind ts=182554337666907 dur=35226893
[mono_ns=182554377952513][T0x731da3880740][WARN] prepare_execution: [device_runner.cpp:343] AICPU CPU_TOPO unavailable; using json_fallback: soc=Ascend950PR_9579 occupy=0x3e stable_reachable=5 requested=0 effective=5 affinity=[1, 2, 3, 4, 5(orch)]
[mono_ns=182554379056780][T0x731da3880740][TIMING] emit_host_span: [STRACE] v=1 pid=466696 tid=466696 inv=38 hid=f0c29cefd733b2d6 depth=1 name=chip.run.runner_run ts=182554377993324 dur=1062435
[mono_ns=182554379411723][T0x731da3880740][TIMING] emit_host_span: [STRACE] v=1 pid=466696 tid=466696 inv=38 hid=f0c29cefd733b2d6 depth=1 name=chip.run.validate ts=182554379059645 dur=351197
[mono_ns=182554379413365][T0x731da3880740][TIMING] emit_host_span: [STRACE] v=1 pid=466696 tid=466696 inv=38 hid=f0c29cefd733b2d6 depth=2 name=chip.run.runner_run.device_wall ts=0 dur=935448 clk=dev
[mono_ns=182554379414858][T0x731da3880740][TIMING] emit_host_span: [STRACE] v=1 pid=466696 tid=466696 inv=38 hid=f0c29cefd733b2d6 depth=3 name=chip.run.runner_run.device_wall.preamble ts=0 dur=12340 clk=dev
[mono_ns=182554379415959][T0x731da3880740][TIMING] emit_host_span: [STRACE] v=1 pid=466696 tid=466696 inv=38 hid=f0c29cefd733b2d6 depth=3 name=chip.run.runner_run.device_wall.graph_build ts=2694 dur=928365 clk=dev
[mono_ns=182554379416951][T0x731da3880740][TIMING] emit_host_span: [STRACE] v=1 pid=466696 tid=466696 inv=38 hid=f0c29cefd733b2d6 depth=3 name=chip.run.runner_run.device_wall.config_validate ts=3441 dur=1404 clk=dev
[mono_ns=182554379417962][T0x731da3880740][TIMING] emit_host_span: [STRACE] v=1 pid=466696 tid=466696 inv=38 hid=f0c29cefd733b2d6 depth=3 name=chip.run.runner_run.device_wall.arena_wire ts=5185 dur=3090 clk=dev
[mono_ns=182554379418954][T0x731da3880740][TIMING] emit_host_span: [STRACE] v=1 pid=466696 tid=466696 inv=38 hid=f0c29cefd733b2d6 depth=3 name=chip.run.runner_run.device_wall.sm_reset ts=8294 dur=5307 clk=dev
[mono_ns=182554379419935][T0x731da3880740][TIMING] emit_host_span: [STRACE] v=1 pid=466696 tid=466696 inv=38 hid=f0c29cefd733b2d6 depth=3 name=chip.run.runner_run.device_wall.post_orch ts=931084 dur=3994 clk=dev
[mono_ns=182554379420897][T0x731da3880740][TIMING] emit_host_span: [STRACE] v=1 pid=466696 tid=466696 inv=38 hid=f0c29cefd733b2d6 depth=3 name=chip.run.runner_run.device_wall.orch ts=13631 dur=644048 clk=dev
[mono_ns=182554379421888][T0x731da3880740][TIMING] emit_host_span: [STRACE] v=1 pid=466696 tid=466696 inv=38 hid=f0c29cefd733b2d6 depth=3 name=chip.run.runner_run.device_wall.sched ts=14582 dur=903964 clk=dev
[mono_ns=182554379423170][T0x731da3880740][TIMING] emit_host_span: [STRACE] v=1 pid=466696 tid=466696 inv=38 hid=f0c29cefd733b2d6 depth=1 name=chip.run.claim_release ts=182554379422469 dur=160
[mono_ns=182554379424692][T0x731da3880740][TIMING] emit_host_span: [STRACE] v=1 pid=466696 tid=466696 inv=38 hid=f0c29cefd733b2d6 depth=0 name=chip.run ts=182554337662821 dur=41761190 run_id=0 dispatch_id=0 slot_id=0 generation=38 run_epoch=38
[mono_ns=182554414413638][T0x731da3880740][TIMING] emit_host_span: [STRACE] v=1 pid=466696 tid=466696 inv=39 hid=f0c29cefd733b2d6 depth=2 name=chip.run.bind.args ts=182554379736380 dur=34672230
[mono_ns=182554414428280][T0x731da3880740][TIMING] emit_host_span: [STRACE] v=1 pid=466696 tid=466696 inv=39 hid=f0c29cefd733b2d6 depth=2 name=chip.run.bind.prebuilt ts=182554414426317 dur=1362
[mono_ns=182554414435160][T0x731da3880740][TIMING] emit_host_span: [STRACE] v=1 pid=466696 tid=466696 inv=39 hid=f0c29cefd733b2d6 depth=1 name=chip.run.bind ts=182554379732154 dur=34701033
[mono_ns=182554419018169][T0x731da3880740][WARN] prepare_execution: [device_runner.cpp:343] AICPU CPU_TOPO unavailable; using json_fallback: soc=Ascend950PR_9579 occupy=0x3e stable_reachable=5 requested=0 effective=5 affinity=[1, 2, 3, 4, 5(orch)]
[mono_ns=182554420067063][T0x731da3880740][TIMING] emit_host_span: [STRACE] v=1 pid=466696 tid=466696 inv=39 hid=f0c29cefd733b2d6 depth=1 name=chip.run.runner_run ts=182554419067633 dur=998259
[mono_ns=182554420351100][T0x731da3880740][TIMING] emit_host_span: [STRACE] v=1 pid=466696 tid=466696 inv=39 hid=f0c29cefd733b2d6 depth=1 name=chip.run.validate ts=182554420070198 dur=280130
[mono_ns=182554420352752][T0x731da3880740][TIMING] emit_host_span: [STRACE] v=1 pid=466696 tid=466696 inv=39 hid=f0c29cefd733b2d6 depth=2 name=chip.run.runner_run.device_wall ts=0 dur=867840 clk=dev
[mono_ns=182554420354164][T0x731da3880740][TIMING] emit_host_span: [STRACE] v=1 pid=466696 tid=466696 inv=39 hid=f0c29cefd733b2d6 depth=3 name=chip.run.runner_run.device_wall.preamble ts=0 dur=14049 clk=dev
[mono_ns=182554420355216][T0x731da3880740][TIMING] emit_host_span: [STRACE] v=1 pid=466696 tid=466696 inv=39 hid=f0c29cefd733b2d6 depth=3 name=chip.run.runner_run.device_wall.graph_build ts=4860 dur=858736 clk=dev
[mono_ns=182554420356197][T0x731da3880740][TIMING] emit_host_span: [STRACE] v=1 pid=466696 tid=466696 inv=39 hid=f0c29cefd733b2d6 depth=3 name=chip.run.runner_run.device_wall.config_validate ts=5483 dur=1365 clk=dev
[mono_ns=182554420357179][T0x731da3880740][TIMING] emit_host_span: [STRACE] v=1 pid=466696 tid=466696 inv=39 hid=f0c29cefd733b2d6 depth=3 name=chip.run.runner_run.device_wall.arena_wire ts=7089 dur=3106 clk=dev
[mono_ns=182554420358210][T0x731da3880740][TIMING] emit_host_span: [STRACE] v=1 pid=466696 tid=466696 inv=39 hid=f0c29cefd733b2d6 depth=3 name=chip.run.runner_run.device_wall.sm_reset ts=10209 dur=6005 clk=dev
[mono_ns=182554420359232][T0x731da3880740][TIMING] emit_host_span: [STRACE] v=1 pid=466696 tid=466696 inv=39 hid=f0c29cefd733b2d6 depth=3 name=chip.run.runner_run.device_wall.post_orch ts=863619 dur=4067 clk=dev
[mono_ns=182554420360213][T0x731da3880740][TIMING] emit_host_span: [STRACE] v=1 pid=466696 tid=466696 inv=39 hid=f0c29cefd733b2d6 depth=3 name=chip.run.runner_run.device_wall.orch ts=16288 dur=632529 clk=dev
[mono_ns=182554420361195][T0x731da3880740][TIMING] emit_host_span: [STRACE] v=1 pid=466696 tid=466696 inv=39 hid=f0c29cefd733b2d6 depth=3 name=chip.run.runner_run.device_wall.sched ts=17134 dur=832695 clk=dev
[mono_ns=182554420362537][T0x731da3880740][TIMING] emit_host_span: [STRACE] v=1 pid=466696 tid=466696 inv=39 hid=f0c29cefd733b2d6 depth=1 name=chip.run.claim_release ts=182554420361846 dur=160
[mono_ns=182554420364099][T0x731da3880740][TIMING] emit_host_span: [STRACE] v=1 pid=466696 tid=466696 inv=39 hid=f0c29cefd733b2d6 depth=0 name=chip.run ts=182554379728538 dur=40634950 run_id=0 dispatch_id=0 slot_id=0 generation=39 run_epoch=39
[mono_ns=182554455977342][T0x731da3880740][TIMING] emit_host_span: [STRACE] v=1 pid=466696 tid=466696 inv=40 hid=f0c29cefd733b2d6 depth=2 name=chip.run.bind.args ts=182554420749107 dur=35225961
[mono_ns=182554455985504][T0x731da3880740][TIMING] emit_host_span: [STRACE] v=1 pid=466696 tid=466696 inv=40 hid=f0c29cefd733b2d6 depth=2 name=chip.run.bind.prebuilt ts=182554455983531 dur=1242
[mono_ns=182554455987327][T0x731da3880740][TIMING] emit_host_span: [STRACE] v=1 pid=466696 tid=466696 inv=40 hid=f0c29cefd733b2d6 depth=1 name=chip.run.bind ts=182554420744710 dur=35241515
[mono_ns=182554460474251][T0x731da3880740][WARN] prepare_execution: [device_runner.cpp:343] AICPU CPU_TOPO unavailable; using json_fallback: soc=Ascend950PR_9579 occupy=0x3e stable_reachable=5 requested=0 effective=5 affinity=[1, 2, 3, 4, 5(orch)]
[mono_ns=182554461534412][T0x731da3880740][TIMING] emit_host_span: [STRACE] v=1 pid=466696 tid=466696 inv=40 hid=f0c29cefd733b2d6 depth=1 name=chip.run.runner_run ts=182554460532869 dur=1000452
[mono_ns=182554461852099][T0x731da3880740][TIMING] emit_host_span: [STRACE] v=1 pid=466696 tid=466696 inv=40 hid=f0c29cefd733b2d6 depth=1 name=chip.run.validate ts=182554461541293 dur=309945
[mono_ns=182554461853722][T0x731da3880740][TIMING] emit_host_span: [STRACE] v=1 pid=466696 tid=466696 inv=40 hid=f0c29cefd733b2d6 depth=2 name=chip.run.runner_run.device_wall ts=0 dur=882008 clk=dev
[mono_ns=182554461855074][T0x731da3880740][TIMING] emit_host_span: [STRACE] v=1 pid=466696 tid=466696 inv=40 hid=f0c29cefd733b2d6 depth=3 name=chip.run.runner_run.device_wall.preamble ts=0 dur=15115 clk=dev
[mono_ns=182554461856276][T0x731da3880740][TIMING] emit_host_span: [STRACE] v=1 pid=466696 tid=466696 inv=40 hid=f0c29cefd733b2d6 depth=3 name=chip.run.runner_run.device_wall.graph_build ts=5135 dur=872703 clk=dev
[mono_ns=182554461857277][T0x731da3880740][TIMING] emit_host_span: [STRACE] v=1 pid=466696 tid=466696 inv=40 hid=f0c29cefd733b2d6 depth=3 name=chip.run.runner_run.device_wall.config_validate ts=5784 dur=840 clk=dev
[mono_ns=182554461858279][T0x731da3880740][TIMING] emit_host_span: [STRACE] v=1 pid=466696 tid=466696 inv=40 hid=f0c29cefd733b2d6 depth=3 name=chip.run.runner_run.device_wall.arena_wire ts=6885 dur=3431 clk=dev
[mono_ns=182554461859260][T0x731da3880740][TIMING] emit_host_span: [STRACE] v=1 pid=466696 tid=466696 inv=40 hid=f0c29cefd733b2d6 depth=3 name=chip.run.runner_run.device_wall.sm_reset ts=10335 dur=4916 clk=dev
[mono_ns=182554461860302][T0x731da3880740][TIMING] emit_host_span: [STRACE] v=1 pid=466696 tid=466696 inv=40 hid=f0c29cefd733b2d6 depth=3 name=chip.run.runner_run.device_wall.post_orch ts=877870 dur=3659 clk=dev
[mono_ns=182554461861283][T0x731da3880740][TIMING] emit_host_span: [STRACE] v=1 pid=466696 tid=466696 inv=40 hid=f0c29cefd733b2d6 depth=3 name=chip.run.runner_run.device_wall.orch ts=15328 dur=645836 clk=dev
[mono_ns=182554461862275][T0x731da3880740][TIMING] emit_host_span: [STRACE] v=1 pid=466696 tid=466696 inv=40 hid=f0c29cefd733b2d6 depth=3 name=chip.run.runner_run.device_wall.sched ts=16097 dur=849189 clk=dev
[mono_ns=182554461863526][T0x731da3880740][TIMING] emit_host_span: [STRACE] v=1 pid=466696 tid=466696 inv=40 hid=f0c29cefd733b2d6 depth=1 name=chip.run.claim_release ts=182554461862885 dur=91
[mono_ns=182554461865119][T0x731da3880740][TIMING] emit_host_span: [STRACE] v=1 pid=466696 tid=466696 inv=40 hid=f0c29cefd733b2d6 depth=0 name=chip.run ts=182554420740674 dur=41123794 run_id=0 dispatch_id=0 slot_id=0 generation=40 run_epoch=40
[mono_ns=182554492696554][T0x731da3880740][TIMING] emit_host_span: [STRACE] v=1 pid=466696 tid=466696 inv=41 hid=f0c29cefd733b2d6 depth=2 name=chip.run.bind.args ts=182554462170898 dur=30522982
[mono_ns=182554492705608][T0x731da3880740][TIMING] emit_host_span: [STRACE] v=1 pid=466696 tid=466696 inv=41 hid=f0c29cefd733b2d6 depth=2 name=chip.run.bind.prebuilt ts=182554492703625 dur=1082
[mono_ns=182554492707280][T0x731da3880740][TIMING] emit_host_span: [STRACE] v=1 pid=466696 tid=466696 inv=41 hid=f0c29cefd733b2d6 depth=1 name=chip.run.bind ts=182554462166601 dur=30539818
[mono_ns=182554497351411][T0x731da3880740][WARN] prepare_execution: [device_runner.cpp:343] AICPU CPU_TOPO unavailable; using json_fallback: soc=Ascend950PR_9579 occupy=0x3e stable_reachable=5 requested=0 effective=5 affinity=[1, 2, 3, 4, 5(orch)]
[mono_ns=182554498497962][T0x731da3880740][TIMING] emit_host_span: [STRACE] v=1 pid=466696 tid=466696 inv=41 hid=f0c29cefd733b2d6 depth=1 name=chip.run.runner_run ts=182554497428096 dur=1067452
[mono_ns=182554498916570][T0x731da3880740][TIMING] emit_host_span: [STRACE] v=1 pid=466696 tid=466696 inv=41 hid=f0c29cefd733b2d6 depth=1 name=chip.run.validate ts=182554498503460 dur=412028
[mono_ns=182554498919194][T0x731da3880740][TIMING] emit_host_span: [STRACE] v=1 pid=466696 tid=466696 inv=41 hid=f0c29cefd733b2d6 depth=2 name=chip.run.runner_run.device_wall ts=0 dur=878993 clk=dev
[mono_ns=182554498920847][T0x731da3880740][TIMING] emit_host_span: [STRACE] v=1 pid=466696 tid=466696 inv=41 hid=f0c29cefd733b2d6 depth=3 name=chip.run.runner_run.device_wall.preamble ts=0 dur=14157 clk=dev
[mono_ns=182554498925053][T0x731da3880740][TIMING] emit_host_span: [STRACE] v=1 pid=466696 tid=466696 inv=41 hid=f0c29cefd733b2d6 depth=3 name=chip.run.runner_run.device_wall.graph_build ts=3895 dur=870482 clk=dev
[mono_ns=182554498926164][T0x731da3880740][TIMING] emit_host_span: [STRACE] v=1 pid=466696 tid=466696 inv=41 hid=f0c29cefd733b2d6 depth=3 name=chip.run.runner_run.device_wall.config_validate ts=4534 dur=1403 clk=dev
[mono_ns=182554498927156][T0x731da3880740][TIMING] emit_host_span: [STRACE] v=1 pid=466696 tid=466696 inv=41 hid=f0c29cefd733b2d6 depth=3 name=chip.run.runner_run.device_wall.arena_wire ts=6051 dur=3078 clk=dev
[mono_ns=182554498928137][T0x731da3880740][TIMING] emit_host_span: [STRACE] v=1 pid=466696 tid=466696 inv=41 hid=f0c29cefd733b2d6 depth=3 name=chip.run.runner_run.device_wall.sm_reset ts=9149 dur=4740 clk=dev
[mono_ns=182554498929279][T0x731da3880740][TIMING] emit_host_span: [STRACE] v=1 pid=466696 tid=466696 inv=41 hid=f0c29cefd733b2d6 depth=3 name=chip.run.runner_run.device_wall.post_orch ts=874408 dur=4455 clk=dev
[mono_ns=182554498930391][T0x731da3880740][TIMING] emit_host_span: [STRACE] v=1 pid=466696 tid=466696 inv=41 hid=f0c29cefd733b2d6 depth=3 name=chip.run.runner_run.device_wall.orch ts=13914 dur=593554 clk=dev
[mono_ns=182554498931392][T0x731da3880740][TIMING] emit_host_span: [STRACE] v=1 pid=466696 tid=466696 inv=41 hid=f0c29cefd733b2d6 depth=3 name=chip.run.runner_run.device_wall.sched ts=14726 dur=847489 clk=dev
[mono_ns=182554498932895][T0x731da3880740][TIMING] emit_host_span: [STRACE] v=1 pid=466696 tid=466696 inv=41 hid=f0c29cefd733b2d6 depth=1 name=chip.run.claim_release ts=182554498932063 dur=211
[mono_ns=182554498934958][T0x731da3880740][TIMING] emit_host_span: [STRACE] v=1 pid=466696 tid=466696 inv=41 hid=f0c29cefd733b2d6 depth=0 name=chip.run ts=182554462163397 dur=36770699 run_id=0 dispatch_id=0 slot_id=0 generation=41 run_epoch=41
[mono_ns=182554544604694][T0x731da3880740][TIMING] emit_host_span: [STRACE] v=1 pid=466696 tid=466696 inv=42 hid=f0c29cefd733b2d6 depth=2 name=chip.run.bind.args ts=182554499300276 dur=45301394
[mono_ns=182554544614499][T0x731da3880740][TIMING] emit_host_span: [STRACE] v=1 pid=466696 tid=466696 inv=42 hid=f0c29cefd733b2d6 depth=2 name=chip.run.bind.prebuilt ts=182554544611184 dur=2564
[mono_ns=182554544616883][T0x731da3880740][TIMING] emit_host_span: [STRACE] v=1 pid=466696 tid=466696 inv=42 hid=f0c29cefd733b2d6 depth=1 name=chip.run.bind ts=182554499294878 dur=45320833
[mono_ns=182554549248344][T0x731da3880740][WARN] prepare_execution: [device_runner.cpp:343] AICPU CPU_TOPO unavailable; using json_fallback: soc=Ascend950PR_9579 occupy=0x3e stable_reachable=5 requested=0 effective=5 affinity=[1, 2, 3, 4, 5(orch)]
[mono_ns=182554550303307][T0x731da3880740][TIMING] emit_host_span: [STRACE] v=1 pid=466696 tid=466696 inv=42 hid=f0c29cefd733b2d6 depth=1 name=chip.run.runner_run ts=182554549300372 dur=1001633
[mono_ns=182554550670458][T0x731da3880740][TIMING] emit_host_span: [STRACE] v=1 pid=466696 tid=466696 inv=42 hid=f0c29cefd733b2d6 depth=1 name=chip.run.validate ts=182554550306362 dur=363315
[mono_ns=182554550672211][T0x731da3880740][TIMING] emit_host_span: [STRACE] v=1 pid=466696 tid=466696 inv=42 hid=f0c29cefd733b2d6 depth=2 name=chip.run.runner_run.device_wall ts=0 dur=847867 clk=dev
[mono_ns=182554550673673][T0x731da3880740][TIMING] emit_host_span: [STRACE] v=1 pid=466696 tid=466696 inv=42 hid=f0c29cefd733b2d6 depth=3 name=chip.run.runner_run.device_wall.preamble ts=0 dur=14995 clk=dev
[mono_ns=182554550674935][T0x731da3880740][TIMING] emit_host_span: [STRACE] v=1 pid=466696 tid=466696 inv=42 hid=f0c29cefd733b2d6 depth=3 name=chip.run.runner_run.device_wall.graph_build ts=4306 dur=838596 clk=dev
[mono_ns=182554550675967][T0x731da3880740][TIMING] emit_host_span: [STRACE] v=1 pid=466696 tid=466696 inv=42 hid=f0c29cefd733b2d6 depth=3 name=chip.run.runner_run.device_wall.config_validate ts=5008 dur=1195 clk=dev
[mono_ns=182554550679612][T0x731da3880740][TIMING] emit_host_span: [STRACE] v=1 pid=466696 tid=466696 inv=42 hid=f0c29cefd733b2d6 depth=3 name=chip.run.runner_run.device_wall.arena_wire ts=6467 dur=3375 clk=dev
[mono_ns=182554550680634][T0x731da3880740][TIMING] emit_host_span: [STRACE] v=1 pid=466696 tid=466696 inv=42 hid=f0c29cefd733b2d6 depth=3 name=chip.run.runner_run.device_wall.sm_reset ts=9860 dur=4837 clk=dev
[mono_ns=182554550681675][T0x731da3880740][TIMING] emit_host_span: [STRACE] v=1 pid=466696 tid=466696 inv=42 hid=f0c29cefd733b2d6 depth=3 name=chip.run.runner_run.device_wall.post_orch ts=842934 dur=4322 clk=dev
[mono_ns=182554550682667][T0x731da3880740][TIMING] emit_host_span: [STRACE] v=1 pid=466696 tid=466696 inv=42 hid=f0c29cefd733b2d6 depth=3 name=chip.run.runner_run.device_wall.orch ts=14719 dur=608372 clk=dev
[mono_ns=182554550683678][T0x731da3880740][TIMING] emit_host_span: [STRACE] v=1 pid=466696 tid=466696 inv=42 hid=f0c29cefd733b2d6 depth=3 name=chip.run.runner_run.device_wall.sched ts=15735 dur=811728 clk=dev
[mono_ns=182554550685000][T0x731da3880740][TIMING] emit_host_span: [STRACE] v=1 pid=466696 tid=466696 inv=42 hid=f0c29cefd733b2d6 depth=1 name=chip.run.claim_release ts=182554550684279 dur=80
[mono_ns=182554550686603][T0x731da3880740][TIMING] emit_host_span: [STRACE] v=1 pid=466696 tid=466696 inv=42 hid=f0c29cefd733b2d6 depth=0 name=chip.run ts=182554499289680 dur=51396182 run_id=0 dispatch_id=0 slot_id=0 generation=42 run_epoch=42
[mono_ns=182554588543903][T0x731da3880740][TIMING] emit_host_span: [STRACE] v=1 pid=466696 tid=466696 inv=43 hid=f0c29cefd733b2d6 depth=2 name=chip.run.bind.args ts=182554550979012 dur=37562898
[mono_ns=182554588550573][T0x731da3880740][TIMING] emit_host_span: [STRACE] v=1 pid=466696 tid=466696 inv=43 hid=f0c29cefd733b2d6 depth=2 name=chip.run.bind.prebuilt ts=182554588548691 dur=1252
[mono_ns=182554588552727][T0x731da3880740][TIMING] emit_host_span: [STRACE] v=1 pid=466696 tid=466696 inv=43 hid=f0c29cefd733b2d6 depth=1 name=chip.run.bind ts=182554550975246 dur=37576319
[mono_ns=182554593535806][T0x731da3880740][WARN] prepare_execution: [device_runner.cpp:343] AICPU CPU_TOPO unavailable; using json_fallback: soc=Ascend950PR_9579 occupy=0x3e stable_reachable=5 requested=0 effective=5 affinity=[1, 2, 3, 4, 5(orch)]
[mono_ns=182554594638621][T0x731da3880740][TIMING] emit_host_span: [STRACE] v=1 pid=466696 tid=466696 inv=43 hid=f0c29cefd733b2d6 depth=1 name=chip.run.runner_run ts=182554593596958 dur=1040551
[mono_ns=182554594991210][T0x731da3880740][TIMING] emit_host_span: [STRACE] v=1 pid=466696 tid=466696 inv=43 hid=f0c29cefd733b2d6 depth=1 name=chip.run.validate ts=182554594641035 dur=349344
[mono_ns=182554594992883][T0x731da3880740][TIMING] emit_host_span: [STRACE] v=1 pid=466696 tid=466696 inv=43 hid=f0c29cefd733b2d6 depth=2 name=chip.run.runner_run.device_wall ts=0 dur=892872 clk=dev
[mono_ns=182554594994215][T0x731da3880740][TIMING] emit_host_span: [STRACE] v=1 pid=466696 tid=466696 inv=43 hid=f0c29cefd733b2d6 depth=3 name=chip.run.runner_run.device_wall.preamble ts=0 dur=14509 clk=dev
[mono_ns=182554594995457][T0x731da3880740][TIMING] emit_host_span: [STRACE] v=1 pid=466696 tid=466696 inv=43 hid=f0c29cefd733b2d6 depth=3 name=chip.run.runner_run.device_wall.graph_build ts=4750 dur=882830 clk=dev
[mono_ns=182554594996468][T0x731da3880740][TIMING] emit_host_span: [STRACE] v=1 pid=466696 tid=466696 inv=43 hid=f0c29cefd733b2d6 depth=3 name=chip.run.runner_run.device_wall.config_validate ts=5455 dur=1378 clk=dev
[mono_ns=182554594997440][T0x731da3880740][TIMING] emit_host_span: [STRACE] v=1 pid=466696 tid=466696 inv=43 hid=f0c29cefd733b2d6 depth=3 name=chip.run.runner_run.device_wall.arena_wire ts=6899 dur=2929 clk=dev
[mono_ns=182554594998431][T0x731da3880740][TIMING] emit_host_span: [STRACE] v=1 pid=466696 tid=466696 inv=43 hid=f0c29cefd733b2d6 depth=3 name=chip.run.runner_run.device_wall.sm_reset ts=9846 dur=4744 clk=dev
[mono_ns=182554594999463][T0x731da3880740][TIMING] emit_host_span: [STRACE] v=1 pid=466696 tid=466696 inv=43 hid=f0c29cefd733b2d6 depth=3 name=chip.run.runner_run.device_wall.post_orch ts=887594 dur=4697 clk=dev
[mono_ns=182554595013093][T0x731da3880740][TIMING] emit_host_span: [STRACE] v=1 pid=466696 tid=466696 inv=43 hid=f0c29cefd733b2d6 depth=3 name=chip.run.runner_run.device_wall.orch ts=14834 dur=619198 clk=dev
[mono_ns=182554595014605][T0x731da3880740][TIMING] emit_host_span: [STRACE] v=1 pid=466696 tid=466696 inv=43 hid=f0c29cefd733b2d6 depth=3 name=chip.run.runner_run.device_wall.sched ts=15531 dur=859890 clk=dev
[mono_ns=182554595015847][T0x731da3880740][TIMING] emit_host_span: [STRACE] v=1 pid=466696 tid=466696 inv=43 hid=f0c29cefd733b2d6 depth=1 name=chip.run.claim_release ts=182554595015236 dur=71
[mono_ns=182554595017300][T0x731da3880740][TIMING] emit_host_span: [STRACE] v=1 pid=466696 tid=466696 inv=43 hid=f0c29cefd733b2d6 depth=0 name=chip.run ts=182554550972382 dur=44044307 run_id=0 dispatch_id=0 slot_id=0 generation=43 run_epoch=43
[mono_ns=182554625444759][T0x731da3880740][TIMING] emit_host_span: [STRACE] v=1 pid=466696 tid=466696 inv=44 hid=f0c29cefd733b2d6 depth=2 name=chip.run.bind.args ts=182554595279102 dur=30163934
[mono_ns=182554625450698][T0x731da3880740][TIMING] emit_host_span: [STRACE] v=1 pid=466696 tid=466696 inv=44 hid=f0c29cefd733b2d6 depth=2 name=chip.run.bind.prebuilt ts=182554625448965 dur=1052
[mono_ns=182554625452460][T0x731da3880740][TIMING] emit_host_span: [STRACE] v=1 pid=466696 tid=466696 inv=44 hid=f0c29cefd733b2d6 depth=1 name=chip.run.bind ts=182554595276358 dur=30175231
[mono_ns=182554630327748][T0x731da3880740][WARN] prepare_execution: [device_runner.cpp:343] AICPU CPU_TOPO unavailable; using json_fallback: soc=Ascend950PR_9579 occupy=0x3e stable_reachable=5 requested=0 effective=5 affinity=[1, 2, 3, 4, 5(orch)]
[mono_ns=182554631393397][T0x731da3880740][TIMING] emit_host_span: [STRACE] v=1 pid=466696 tid=466696 inv=44 hid=f0c29cefd733b2d6 depth=1 name=chip.run.runner_run ts=182554630384653 dur=1007893
[mono_ns=182554631736692][T0x731da3880740][TIMING] emit_host_span: [STRACE] v=1 pid=466696 tid=466696 inv=44 hid=f0c29cefd733b2d6 depth=1 name=chip.run.validate ts=182554631395570 dur=340391
[mono_ns=182554631738044][T0x731da3880740][TIMING] emit_host_span: [STRACE] v=1 pid=466696 tid=466696 inv=44 hid=f0c29cefd733b2d6 depth=2 name=chip.run.runner_run.device_wall ts=0 dur=872477 clk=dev
[mono_ns=182554631739236][T0x731da3880740][TIMING] emit_host_span: [STRACE] v=1 pid=466696 tid=466696 inv=44 hid=f0c29cefd733b2d6 depth=3 name=chip.run.runner_run.device_wall.preamble ts=0 dur=14417 clk=dev
[mono_ns=182554631740368][T0x731da3880740][TIMING] emit_host_span: [STRACE] v=1 pid=466696 tid=466696 inv=44 hid=f0c29cefd733b2d6 depth=3 name=chip.run.runner_run.device_wall.graph_build ts=4435 dur=864214 clk=dev
[mono_ns=182554631741369][T0x731da3880740][TIMING] emit_host_span: [STRACE] v=1 pid=466696 tid=466696 inv=44 hid=f0c29cefd733b2d6 depth=3 name=chip.run.runner_run.device_wall.config_validate ts=4940 dur=1386 clk=dev
[mono_ns=182554631742371][T0x731da3880740][TIMING] emit_host_span: [STRACE] v=1 pid=466696 tid=466696 inv=44 hid=f0c29cefd733b2d6 depth=3 name=chip.run.runner_run.device_wall.arena_wire ts=6388 dur=3138 clk=dev
[mono_ns=182554631743392][T0x731da3880740][TIMING] emit_host_span: [STRACE] v=1 pid=466696 tid=466696 inv=44 hid=f0c29cefd733b2d6 depth=3 name=chip.run.runner_run.device_wall.sm_reset ts=9546 dur=4981 clk=dev
[mono_ns=182554631744414][T0x731da3880740][TIMING] emit_host_span: [STRACE] v=1 pid=466696 tid=466696 inv=44 hid=f0c29cefd733b2d6 depth=3 name=chip.run.runner_run.device_wall.post_orch ts=868667 dur=3719 clk=dev
[mono_ns=182554631745395][T0x731da3880740][TIMING] emit_host_span: [STRACE] v=1 pid=466696 tid=466696 inv=44 hid=f0c29cefd733b2d6 depth=3 name=chip.run.runner_run.device_wall.orch ts=14600 dur=614093 clk=dev
[mono_ns=182554631746377][T0x731da3880740][TIMING] emit_host_span: [STRACE] v=1 pid=466696 tid=466696 inv=44 hid=f0c29cefd733b2d6 depth=3 name=chip.run.runner_run.device_wall.sched ts=15263 dur=839804 clk=dev
[mono_ns=182554631747619][T0x731da3880740][TIMING] emit_host_span: [STRACE] v=1 pid=466696 tid=466696 inv=44 hid=f0c29cefd733b2d6 depth=1 name=chip.run.claim_release ts=182554631747028 dur=40
[mono_ns=182554631751364][T0x731da3880740][TIMING] emit_host_span: [STRACE] v=1 pid=466696 tid=466696 inv=44 hid=f0c29cefd733b2d6 depth=0 name=chip.run ts=182554595273995 dur=36476648 run_id=0 dispatch_id=0 slot_id=0 generation=44 run_epoch=44
[mono_ns=182554663727087][T0x731da3880740][TIMING] emit_host_span: [STRACE] v=1 pid=466696 tid=466696 inv=45 hid=f0c29cefd733b2d6 depth=2 name=chip.run.bind.args ts=182554631982962 dur=31742343
[mono_ns=182554663732115][T0x731da3880740][TIMING] emit_host_span: [STRACE] v=1 pid=466696 tid=466696 inv=45 hid=f0c29cefd733b2d6 depth=2 name=chip.run.bind.prebuilt ts=182554663730653 dur=761
[mono_ns=182554663733868][T0x731da3880740][TIMING] emit_host_span: [STRACE] v=1 pid=466696 tid=466696 inv=45 hid=f0c29cefd733b2d6 depth=1 name=chip.run.bind ts=182554631980418 dur=31752508
[mono_ns=182554668298719][T0x731da3880740][WARN] prepare_execution: [device_runner.cpp:343] AICPU CPU_TOPO unavailable; using json_fallback: soc=Ascend950PR_9579 occupy=0x3e stable_reachable=5 requested=0 effective=5 affinity=[1, 2, 3, 4, 5(orch)]
[mono_ns=182554669396647][T0x731da3880740][TIMING] emit_host_span: [STRACE] v=1 pid=466696 tid=466696 inv=45 hid=f0c29cefd733b2d6 depth=1 name=chip.run.runner_run ts=182554668355524 dur=1040192
[mono_ns=182554669731469][T0x731da3880740][TIMING] emit_host_span: [STRACE] v=1 pid=466696 tid=466696 inv=45 hid=f0c29cefd733b2d6 depth=1 name=chip.run.validate ts=182554669398870 dur=331908
[mono_ns=182554669732962][T0x731da3880740][TIMING] emit_host_span: [STRACE] v=1 pid=466696 tid=466696 inv=45 hid=f0c29cefd733b2d6 depth=2 name=chip.run.runner_run.device_wall ts=0 dur=911773 clk=dev
[mono_ns=182554669734143][T0x731da3880740][TIMING] emit_host_span: [STRACE] v=1 pid=466696 tid=466696 inv=45 hid=f0c29cefd733b2d6 depth=3 name=chip.run.runner_run.device_wall.preamble ts=0 dur=12042 clk=dev
[mono_ns=182554669735165][T0x731da3880740][TIMING] emit_host_span: [STRACE] v=1 pid=466696 tid=466696 inv=45 hid=f0c29cefd733b2d6 depth=3 name=chip.run.runner_run.device_wall.graph_build ts=2792 dur=905134 clk=dev
[mono_ns=182554669736177][T0x731da3880740][TIMING] emit_host_span: [STRACE] v=1 pid=466696 tid=466696 inv=45 hid=f0c29cefd733b2d6 depth=3 name=chip.run.runner_run.device_wall.config_validate ts=3498 dur=1164 clk=dev
[mono_ns=182554669737178][T0x731da3880740][TIMING] emit_host_span: [STRACE] v=1 pid=466696 tid=466696 inv=45 hid=f0c29cefd733b2d6 depth=3 name=chip.run.runner_run.device_wall.arena_wire ts=4887 dur=3495 clk=dev
[mono_ns=182554669738160][T0x731da3880740][TIMING] emit_host_span: [STRACE] v=1 pid=466696 tid=466696 inv=45 hid=f0c29cefd733b2d6 depth=3 name=chip.run.runner_run.device_wall.sm_reset ts=8516 dur=5379 clk=dev
[mono_ns=182554669739171][T0x731da3880740][TIMING] emit_host_span: [STRACE] v=1 pid=466696 tid=466696 inv=45 hid=f0c29cefd733b2d6 depth=3 name=chip.run.runner_run.device_wall.post_orch ts=907986 dur=3723 clk=dev
[mono_ns=182554669740153][T0x731da3880740][TIMING] emit_host_span: [STRACE] v=1 pid=466696 tid=466696 inv=45 hid=f0c29cefd733b2d6 depth=3 name=chip.run.runner_run.device_wall.orch ts=14011 dur=648562 clk=dev
[mono_ns=182554669741144][T0x731da3880740][TIMING] emit_host_span: [STRACE] v=1 pid=466696 tid=466696 inv=45 hid=f0c29cefd733b2d6 depth=3 name=chip.run.runner_run.device_wall.sched ts=14988 dur=878151 clk=dev
[mono_ns=182554669742406][T0x731da3880740][TIMING] emit_host_span: [STRACE] v=1 pid=466696 tid=466696 inv=45 hid=f0c29cefd733b2d6 depth=1 name=chip.run.claim_release ts=182554669741735 dur=40
[mono_ns=182554669743718][T0x731da3880740][TIMING] emit_host_span: [STRACE] v=1 pid=466696 tid=466696 inv=45 hid=f0c29cefd733b2d6 depth=0 name=chip.run ts=182554631978375 dur=37764742 run_id=0 dispatch_id=0 slot_id=0 generation=45 run_epoch=45
[mono_ns=182554702267033][T0x731da3880740][TIMING] emit_host_span: [STRACE] v=1 pid=466696 tid=466696 inv=46 hid=f0c29cefd733b2d6 depth=2 name=chip.run.bind.args ts=182554669967494 dur=32297786
[mono_ns=182554702274644][T0x731da3880740][TIMING] emit_host_span: [STRACE] v=1 pid=466696 tid=466696 inv=46 hid=f0c29cefd733b2d6 depth=2 name=chip.run.bind.prebuilt ts=182554702273162 dur=881
[mono_ns=182554702276186][T0x731da3880740][TIMING] emit_host_span: [STRACE] v=1 pid=466696 tid=466696 inv=46 hid=f0c29cefd733b2d6 depth=1 name=chip.run.bind ts=182554669965170 dur=32310115
[mono_ns=182554706780277][T0x731da3880740][WARN] prepare_execution: [device_runner.cpp:343] AICPU CPU_TOPO unavailable; using json_fallback: soc=Ascend950PR_9579 occupy=0x3e stable_reachable=5 requested=0 effective=5 affinity=[1, 2, 3, 4, 5(orch)]
[mono_ns=182554707866557][T0x731da3880740][TIMING] emit_host_span: [STRACE] v=1 pid=466696 tid=466696 inv=46 hid=f0c29cefd733b2d6 depth=1 name=chip.run.runner_run ts=182554706835129 dur=1030517
[mono_ns=182554708209512][T0x731da3880740][TIMING] emit_host_span: [STRACE] v=1 pid=466696 tid=466696 inv=46 hid=f0c29cefd733b2d6 depth=1 name=chip.run.validate ts=182554707868821 dur=340000
[mono_ns=182554708211295][T0x731da3880740][TIMING] emit_host_span: [STRACE] v=1 pid=466696 tid=466696 inv=46 hid=f0c29cefd733b2d6 depth=2 name=chip.run.runner_run.device_wall ts=0 dur=897460 clk=dev
[mono_ns=182554708212366][T0x731da3880740][TIMING] emit_host_span: [STRACE] v=1 pid=466696 tid=466696 inv=46 hid=f0c29cefd733b2d6 depth=3 name=chip.run.runner_run.device_wall.preamble ts=0 dur=11399 clk=dev
[mono_ns=182554708213388][T0x731da3880740][TIMING] emit_host_span: [STRACE] v=1 pid=466696 tid=466696 inv=46 hid=f0c29cefd733b2d6 depth=3 name=chip.run.runner_run.device_wall.graph_build ts=2385 dur=891263 clk=dev
[mono_ns=182554708214379][T0x731da3880740][TIMING] emit_host_span: [STRACE] v=1 pid=466696 tid=466696 inv=46 hid=f0c29cefd733b2d6 depth=3 name=chip.run.runner_run.device_wall.config_validate ts=3136 dur=1356 clk=dev
[mono_ns=182554708215361][T0x731da3880740][TIMING] emit_host_span: [STRACE] v=1 pid=466696 tid=466696 inv=46 hid=f0c29cefd733b2d6 depth=3 name=chip.run.runner_run.device_wall.arena_wire ts=4588 dur=3171 clk=dev
[mono_ns=182554708216342][T0x731da3880740][TIMING] emit_host_span: [STRACE] v=1 pid=466696 tid=466696 inv=46 hid=f0c29cefd733b2d6 depth=3 name=chip.run.runner_run.device_wall.sm_reset ts=7789 dur=4974 clk=dev
[mono_ns=182554708217374][T0x731da3880740][TIMING] emit_host_span: [STRACE] v=1 pid=466696 tid=466696 inv=46 hid=f0c29cefd733b2d6 depth=3 name=chip.run.runner_run.device_wall.post_orch ts=893674 dur=3437 clk=dev
[mono_ns=182554708218375][T0x731da3880740][TIMING] emit_host_span: [STRACE] v=1 pid=466696 tid=466696 inv=46 hid=f0c29cefd733b2d6 depth=3 name=chip.run.runner_run.device_wall.orch ts=12833 dur=615781 clk=dev
[mono_ns=182554708219367][T0x731da3880740][TIMING] emit_host_span: [STRACE] v=1 pid=466696 tid=466696 inv=46 hid=f0c29cefd733b2d6 depth=3 name=chip.run.runner_run.device_wall.sched ts=13623 dur=865179 clk=dev
[mono_ns=182554708220558][T0x731da3880740][TIMING] emit_host_span: [STRACE] v=1 pid=466696 tid=466696 inv=46 hid=f0c29cefd733b2d6 depth=1 name=chip.run.claim_release ts=182554708219988 dur=50
[mono_ns=182554708221860][T0x731da3880740][TIMING] emit_host_span: [STRACE] v=1 pid=466696 tid=466696 inv=46 hid=f0c29cefd733b2d6 depth=0 name=chip.run ts=182554669963307 dur=38257953 run_id=0 dispatch_id=0 slot_id=0 generation=46 run_epoch=46
[mono_ns=182554739526035][T0x731da3880740][TIMING] emit_host_span: [STRACE] v=1 pid=466696 tid=466696 inv=47 hid=f0c29cefd733b2d6 depth=2 name=chip.run.bind.args ts=182554708437384 dur=31087430
[mono_ns=182554739530702][T0x731da3880740][TIMING] emit_host_span: [STRACE] v=1 pid=466696 tid=466696 inv=47 hid=f0c29cefd733b2d6 depth=2 name=chip.run.bind.prebuilt ts=182554739529370 dur=641
[mono_ns=182554739532305][T0x731da3880740][TIMING] emit_host_span: [STRACE] v=1 pid=466696 tid=466696 inv=47 hid=f0c29cefd733b2d6 depth=1 name=chip.run.bind ts=182554708435501 dur=31095953
[mono_ns=182554744025609][T0x731da3880740][WARN] prepare_execution: [device_runner.cpp:343] AICPU CPU_TOPO unavailable; using json_fallback: soc=Ascend950PR_9579 occupy=0x3e stable_reachable=5 requested=0 effective=5 affinity=[1, 2, 3, 4, 5(orch)]
[mono_ns=182554745076246][T0x731da3880740][TIMING] emit_host_span: [STRACE] v=1 pid=466696 tid=466696 inv=47 hid=f0c29cefd733b2d6 depth=1 name=chip.run.runner_run ts=182554744082494 dur=992971
[mono_ns=182554745403778][T0x731da3880740][TIMING] emit_host_span: [STRACE] v=1 pid=466696 tid=466696 inv=47 hid=f0c29cefd733b2d6 depth=1 name=chip.run.validate ts=182554745078279 dur=324838
[mono_ns=182554745405120][T0x731da3880740][TIMING] emit_host_span: [STRACE] v=1 pid=466696 tid=466696 inv=47 hid=f0c29cefd733b2d6 depth=2 name=chip.run.runner_run.device_wall ts=0 dur=872004 clk=dev
[mono_ns=182554745406231][T0x731da3880740][TIMING] emit_host_span: [STRACE] v=1 pid=466696 tid=466696 inv=47 hid=f0c29cefd733b2d6 depth=3 name=chip.run.runner_run.device_wall.preamble ts=0 dur=11826 clk=dev
[mono_ns=182554745407273][T0x731da3880740][TIMING] emit_host_span: [STRACE] v=1 pid=466696 tid=466696 inv=47 hid=f0c29cefd733b2d6 depth=3 name=chip.run.runner_run.device_wall.graph_build ts=2872 dur=864714 clk=dev
[mono_ns=182554745408284][T0x731da3880740][TIMING] emit_host_span: [STRACE] v=1 pid=466696 tid=466696 inv=47 hid=f0c29cefd733b2d6 depth=3 name=chip.run.runner_run.device_wall.config_validate ts=3831 dur=1264 clk=dev
[mono_ns=182554745409306][T0x731da3880740][TIMING] emit_host_span: [STRACE] v=1 pid=466696 tid=466696 inv=47 hid=f0c29cefd733b2d6 depth=3 name=chip.run.runner_run.device_wall.arena_wire ts=5178 dur=3650 clk=dev
[mono_ns=182554745410327][T0x731da3880740][TIMING] emit_host_span: [STRACE] v=1 pid=466696 tid=466696 inv=47 hid=f0c29cefd733b2d6 depth=3 name=chip.run.runner_run.device_wall.sm_reset ts=8894 dur=4920 clk=dev
[mono_ns=182554745411339][T0x731da3880740][TIMING] emit_host_span: [STRACE] v=1 pid=466696 tid=466696 inv=47 hid=f0c29cefd733b2d6 depth=3 name=chip.run.runner_run.device_wall.post_orch ts=867715 dur=3901 clk=dev
[mono_ns=182554745412330][T0x731da3880740][TIMING] emit_host_span: [STRACE] v=1 pid=466696 tid=466696 inv=47 hid=f0c29cefd733b2d6 depth=3 name=chip.run.runner_run.device_wall.orch ts=13886 dur=619285 clk=dev
[mono_ns=182554745413312][T0x731da3880740][TIMING] emit_host_span: [STRACE] v=1 pid=466696 tid=466696 inv=47 hid=f0c29cefd733b2d6 depth=3 name=chip.run.runner_run.device_wall.sched ts=14638 dur=840726 clk=dev
[mono_ns=182554745414554][T0x731da3880740][TIMING] emit_host_span: [STRACE] v=1 pid=466696 tid=466696 inv=47 hid=f0c29cefd733b2d6 depth=1 name=chip.run.claim_release ts=182554745413913 dur=40
[mono_ns=182554745415916][T0x731da3880740][TIMING] emit_host_span: [STRACE] v=1 pid=466696 tid=466696 inv=47 hid=f0c29cefd733b2d6 depth=0 name=chip.run ts=182554708433428 dur=36981857 run_id=0 dispatch_id=0 slot_id=0 generation=47 run_epoch=47
[mono_ns=182554777929586][T0x731da3880740][TIMING] emit_host_span: [STRACE] v=1 pid=466696 tid=466696 inv=48 hid=f0c29cefd733b2d6 depth=2 name=chip.run.bind.args ts=182554745606111 dur=32322213
[mono_ns=182554777934303][T0x731da3880740][TIMING] emit_host_span: [STRACE] v=1 pid=466696 tid=466696 inv=48 hid=f0c29cefd733b2d6 depth=2 name=chip.run.bind.prebuilt ts=182554777933222 dur=510
[mono_ns=182554777936056][T0x731da3880740][TIMING] emit_host_span: [STRACE] v=1 pid=466696 tid=466696 inv=48 hid=f0c29cefd733b2d6 depth=1 name=chip.run.bind ts=182554745604399 dur=32330555
[mono_ns=182554782344032][T0x731da3880740][WARN] prepare_execution: [device_runner.cpp:343] AICPU CPU_TOPO unavailable; using json_fallback: soc=Ascend950PR_9579 occupy=0x3e stable_reachable=5 requested=0 effective=5 affinity=[1, 2, 3, 4, 5(orch)]
[mono_ns=182554783420067][T0x731da3880740][TIMING] emit_host_span: [STRACE] v=1 pid=466696 tid=466696 inv=48 hid=f0c29cefd733b2d6 depth=1 name=chip.run.runner_run ts=182554782399906 dur=1019400
[mono_ns=182554783761599][T0x731da3880740][TIMING] emit_host_span: [STRACE] v=1 pid=466696 tid=466696 inv=48 hid=f0c29cefd733b2d6 depth=1 name=chip.run.validate ts=182554783421930 dur=339029
[mono_ns=182554783762871][T0x731da3880740][TIMING] emit_host_span: [STRACE] v=1 pid=466696 tid=466696 inv=48 hid=f0c29cefd733b2d6 depth=2 name=chip.run.runner_run.device_wall ts=0 dur=904419 clk=dev
[mono_ns=182554783770102][T0x731da3880740][TIMING] emit_host_span: [STRACE] v=1 pid=466696 tid=466696 inv=48 hid=f0c29cefd733b2d6 depth=3 name=chip.run.runner_run.device_wall.preamble ts=0 dur=14902 clk=dev
[mono_ns=182554783771234][T0x731da3880740][TIMING] emit_host_span: [STRACE] v=1 pid=466696 tid=466696 inv=48 hid=f0c29cefd733b2d6 depth=3 name=chip.run.runner_run.device_wall.graph_build ts=4491 dur=895180 clk=dev
[mono_ns=182554783772255][T0x731da3880740][TIMING] emit_host_span: [STRACE] v=1 pid=466696 tid=466696 inv=48 hid=f0c29cefd733b2d6 depth=3 name=chip.run.runner_run.device_wall.config_validate ts=5130 dur=1387 clk=dev
[mono_ns=182554783773267][T0x731da3880740][TIMING] emit_host_span: [STRACE] v=1 pid=466696 tid=466696 inv=48 hid=f0c29cefd733b2d6 depth=3 name=chip.run.runner_run.device_wall.arena_wire ts=6802 dur=3002 clk=dev
[mono_ns=182554783774248][T0x731da3880740][TIMING] emit_host_span: [STRACE] v=1 pid=466696 tid=466696 inv=48 hid=f0c29cefd733b2d6 depth=3 name=chip.run.runner_run.device_wall.sm_reset ts=9878 dur=5819 clk=dev
[mono_ns=182554783775270][T0x731da3880740][TIMING] emit_host_span: [STRACE] v=1 pid=466696 tid=466696 inv=48 hid=f0c29cefd733b2d6 depth=3 name=chip.run.runner_run.device_wall.post_orch ts=899699 dur=4002 clk=dev
[mono_ns=182554783776251][T0x731da3880740][TIMING] emit_host_span: [STRACE] v=1 pid=466696 tid=466696 inv=48 hid=f0c29cefd733b2d6 depth=3 name=chip.run.runner_run.device_wall.orch ts=15769 dur=618059 clk=dev
[mono_ns=182554783777273][T0x731da3880740][TIMING] emit_host_span: [STRACE] v=1 pid=466696 tid=466696 inv=48 hid=f0c29cefd733b2d6 depth=3 name=chip.run.runner_run.device_wall.sched ts=16651 dur=869377 clk=dev
[mono_ns=182554783778435][T0x731da3880740][TIMING] emit_host_span: [STRACE] v=1 pid=466696 tid=466696 inv=48 hid=f0c29cefd733b2d6 depth=1 name=chip.run.claim_release ts=182554783777864 dur=60
[mono_ns=182554783779647][T0x731da3880740][TIMING] emit_host_span: [STRACE] v=1 pid=466696 tid=466696 inv=48 hid=f0c29cefd733b2d6 depth=0 name=chip.run ts=182554745602726 dur=38176340 run_id=0 dispatch_id=0 slot_id=0 generation=48 run_epoch=48
[mono_ns=182554815679906][T0x731da3880740][TIMING] emit_host_span: [STRACE] v=1 pid=466696 tid=466696 inv=49 hid=f0c29cefd733b2d6 depth=2 name=chip.run.bind.args ts=182554783963963 dur=31714772
[mono_ns=182554815684814][T0x731da3880740][TIMING] emit_host_span: [STRACE] v=1 pid=466696 tid=466696 inv=49 hid=f0c29cefd733b2d6 depth=2 name=chip.run.bind.prebuilt ts=182554815683702 dur=551
[mono_ns=182554815686516][T0x731da3880740][TIMING] emit_host_span: [STRACE] v=1 pid=466696 tid=466696 inv=49 hid=f0c29cefd733b2d6 depth=1 name=chip.run.bind ts=182554783962371 dur=31723214
[mono_ns=182554820114022][T0x731da3880740][WARN] prepare_execution: [device_runner.cpp:343] AICPU CPU_TOPO unavailable; using json_fallback: soc=Ascend950PR_9579 occupy=0x3e stable_reachable=5 requested=0 effective=5 affinity=[1, 2, 3, 4, 5(orch)]
[mono_ns=182554821158870][T0x731da3880740][TIMING] emit_host_span: [STRACE] v=1 pid=466696 tid=466696 inv=49 hid=f0c29cefd733b2d6 depth=1 name=chip.run.runner_run ts=182554820170376 dur=987683
[mono_ns=182554821457218][T0x731da3880740][TIMING] emit_host_span: [STRACE] v=1 pid=466696 tid=466696 inv=49 hid=f0c29cefd733b2d6 depth=1 name=chip.run.validate ts=182554821161374 dur=295133
[mono_ns=182554821458570][T0x731da3880740][TIMING] emit_host_span: [STRACE] v=1 pid=466696 tid=466696 inv=49 hid=f0c29cefd733b2d6 depth=2 name=chip.run.runner_run.device_wall ts=0 dur=861937 clk=dev
[mono_ns=182554821459711][T0x731da3880740][TIMING] emit_host_span: [STRACE] v=1 pid=466696 tid=466696 inv=49 hid=f0c29cefd733b2d6 depth=3 name=chip.run.runner_run.device_wall.preamble ts=0 dur=13828 clk=dev
[mono_ns=182554821460763][T0x731da3880740][TIMING] emit_host_span: [STRACE] v=1 pid=466696 tid=466696 inv=49 hid=f0c29cefd733b2d6 depth=3 name=chip.run.runner_run.device_wall.graph_build ts=4314 dur=853298 clk=dev
[mono_ns=182554821461784][T0x731da3880740][TIMING] emit_host_span: [STRACE] v=1 pid=466696 tid=466696 inv=49 hid=f0c29cefd733b2d6 depth=3 name=chip.run.runner_run.device_wall.config_validate ts=5147 dur=1695 clk=dev
[mono_ns=182554821464198][T0x731da3880740][TIMING] emit_host_span: [STRACE] v=1 pid=466696 tid=466696 inv=49 hid=f0c29cefd733b2d6 depth=3 name=chip.run.runner_run.device_wall.arena_wire ts=6863 dur=3178 clk=dev
[mono_ns=182554821465240][T0x731da3880740][TIMING] emit_host_span: [STRACE] v=1 pid=466696 tid=466696 inv=49 hid=f0c29cefd733b2d6 depth=3 name=chip.run.runner_run.device_wall.sm_reset ts=10109 dur=5546 clk=dev
[mono_ns=182554821466241][T0x731da3880740][TIMING] emit_host_span: [STRACE] v=1 pid=466696 tid=466696 inv=49 hid=f0c29cefd733b2d6 depth=3 name=chip.run.runner_run.device_wall.post_orch ts=857679 dur=3592 clk=dev
[mono_ns=182554821467263][T0x731da3880740][TIMING] emit_host_span: [STRACE] v=1 pid=466696 tid=466696 inv=49 hid=f0c29cefd733b2d6 depth=3 name=chip.run.runner_run.device_wall.orch ts=15684 dur=606278 clk=dev
[mono_ns=182554821468234][T0x731da3880740][TIMING] emit_host_span: [STRACE] v=1 pid=466696 tid=466696 inv=49 hid=f0c29cefd733b2d6 depth=3 name=chip.run.runner_run.device_wall.sched ts=16392 dur=826330 clk=dev
[mono_ns=182554821469406][T0x731da3880740][TIMING] emit_host_span: [STRACE] v=1 pid=466696 tid=466696 inv=49 hid=f0c29cefd733b2d6 depth=1 name=chip.run.claim_release ts=182554821468815 dur=60
[mono_ns=182554821470548][T0x731da3880740][TIMING] emit_host_span: [STRACE] v=1 pid=466696 tid=466696 inv=49 hid=f0c29cefd733b2d6 depth=0 name=chip.run ts=182554783960728 dur=37509259 run_id=0 dispatch_id=0 slot_id=0 generation=49 run_epoch=49
[mono_ns=182554854142185][T0x731da3880740][TIMING] emit_host_span: [STRACE] v=1 pid=466696 tid=466696 inv=50 hid=f0c29cefd733b2d6 depth=2 name=chip.run.bind.args ts=182554821651730 dur=32489003
[mono_ns=182554854147673][T0x731da3880740][TIMING] emit_host_span: [STRACE] v=1 pid=466696 tid=466696 inv=50 hid=f0c29cefd733b2d6 depth=2 name=chip.run.bind.prebuilt ts=182554854146492 dur=620
[mono_ns=182554854149326][T0x731da3880740][TIMING] emit_host_span: [STRACE] v=1 pid=466696 tid=466696 inv=50 hid=f0c29cefd733b2d6 depth=1 name=chip.run.bind ts=182554821650147 dur=32498358
[mono_ns=182554858682019][T0x731da3880740][WARN] prepare_execution: [device_runner.cpp:343] AICPU CPU_TOPO unavailable; using json_fallback: soc=Ascend950PR_9579 occupy=0x3e stable_reachable=5 requested=0 effective=5 affinity=[1, 2, 3, 4, 5(orch)]
[mono_ns=182554859710613][T0x731da3880740][TIMING] emit_host_span: [STRACE] v=1 pid=466696 tid=466696 inv=50 hid=f0c29cefd733b2d6 depth=1 name=chip.run.runner_run ts=182554858737242 dur=972510
[mono_ns=182554860044784][T0x731da3880740][TIMING] emit_host_span: [STRACE] v=1 pid=466696 tid=466696 inv=50 hid=f0c29cefd733b2d6 depth=1 name=chip.run.validate ts=182554859713728 dur=330355
[mono_ns=182554860046817][T0x731da3880740][TIMING] emit_host_span: [STRACE] v=1 pid=466696 tid=466696 inv=50 hid=f0c29cefd733b2d6 depth=2 name=chip.run.runner_run.device_wall ts=0 dur=854582 clk=dev
[mono_ns=182554860048029][T0x731da3880740][TIMING] emit_host_span: [STRACE] v=1 pid=466696 tid=466696 inv=50 hid=f0c29cefd733b2d6 depth=3 name=chip.run.runner_run.device_wall.preamble ts=0 dur=13081 clk=dev
[mono_ns=182554860049031][T0x731da3880740][TIMING] emit_host_span: [STRACE] v=1 pid=466696 tid=466696 inv=50 hid=f0c29cefd733b2d6 depth=3 name=chip.run.runner_run.device_wall.graph_build ts=3851 dur=846297 clk=dev
[mono_ns=182554860050032][T0x731da3880740][TIMING] emit_host_span: [STRACE] v=1 pid=466696 tid=466696 inv=50 hid=f0c29cefd733b2d6 depth=3 name=chip.run.runner_run.device_wall.config_validate ts=4542 dur=1712 clk=dev
[mono_ns=182554860051004][T0x731da3880740][TIMING] emit_host_span: [STRACE] v=1 pid=466696 tid=466696 inv=50 hid=f0c29cefd733b2d6 depth=3 name=chip.run.runner_run.device_wall.arena_wire ts=6273 dur=3344 clk=dev
[mono_ns=182554860051995][T0x731da3880740][TIMING] emit_host_span: [STRACE] v=1 pid=466696 tid=466696 inv=50 hid=f0c29cefd733b2d6 depth=3 name=chip.run.runner_run.device_wall.sm_reset ts=9645 dur=4867 clk=dev
[mono_ns=182554860054930][T0x731da3880740][TIMING] emit_host_span: [STRACE] v=1 pid=466696 tid=466696 inv=50 hid=f0c29cefd733b2d6 depth=3 name=chip.run.runner_run.device_wall.post_orch ts=850165 dur=3788 clk=dev
[mono_ns=182554860055951][T0x731da3880740][TIMING] emit_host_span: [STRACE] v=1 pid=466696 tid=466696 inv=50 hid=f0c29cefd733b2d6 depth=3 name=chip.run.runner_run.device_wall.orch ts=14588 dur=601280 clk=dev
[mono_ns=182554860056943][T0x731da3880740][TIMING] emit_host_span: [STRACE] v=1 pid=466696 tid=466696 inv=50 hid=f0c29cefd733b2d6 depth=3 name=chip.run.runner_run.device_wall.sched ts=15388 dur=819174 clk=dev
[mono_ns=182554860058545][T0x731da3880740][TIMING] emit_host_span: [STRACE] v=1 pid=466696 tid=466696 inv=50 hid=f0c29cefd733b2d6 depth=1 name=chip.run.claim_release ts=182554860057594 dur=50
[mono_ns=182554860059847][T0x731da3880740][TIMING] emit_host_span: [STRACE] v=1 pid=466696 tid=466696 inv=50 hid=f0c29cefd733b2d6 depth=0 name=chip.run ts=182554821648455 dur=38410781 run_id=0 dispatch_id=0 slot_id=0 generation=50 run_epoch=50
[mono_ns=182554891049810][T0x731da3880740][TIMING] emit_host_span: [STRACE] v=1 pid=466696 tid=466696 inv=51 hid=f0c29cefd733b2d6 depth=2 name=chip.run.bind.args ts=182554860249672 dur=30795001
[mono_ns=182554891062499][T0x731da3880740][TIMING] emit_host_span: [STRACE] v=1 pid=466696 tid=466696 inv=51 hid=f0c29cefd733b2d6 depth=2 name=chip.run.bind.prebuilt ts=182554891060256 dur=1212
[mono_ns=182554891064643][T0x731da3880740][TIMING] emit_host_span: [STRACE] v=1 pid=466696 tid=466696 inv=51 hid=f0c29cefd733b2d6 depth=1 name=chip.run.bind ts=182554860247449 dur=30816172
[mono_ns=182554895569464][T0x731da3880740][WARN] prepare_execution: [device_runner.cpp:343] AICPU CPU_TOPO unavailable; using json_fallback: soc=Ascend950PR_9579 occupy=0x3e stable_reachable=5 requested=0 effective=5 affinity=[1, 2, 3, 4, 5(orch)]
[mono_ns=182554896643907][T0x731da3880740][TIMING] emit_host_span: [STRACE] v=1 pid=466696 tid=466696 inv=51 hid=f0c29cefd733b2d6 depth=1 name=chip.run.runner_run ts=182554895631928 dur=1010667
[mono_ns=182554896965209][T0x731da3880740][TIMING] emit_host_span: [STRACE] v=1 pid=466696 tid=466696 inv=51 hid=f0c29cefd733b2d6 depth=1 name=chip.run.validate ts=182554896646781 dur=317537
[mono_ns=182554896966932][T0x731da3880740][TIMING] emit_host_span: [STRACE] v=1 pid=466696 tid=466696 inv=51 hid=f0c29cefd733b2d6 depth=2 name=chip.run.runner_run.device_wall ts=0 dur=872654 clk=dev
[mono_ns=182554896968294][T0x731da3880740][TIMING] emit_host_span: [STRACE] v=1 pid=466696 tid=466696 inv=51 hid=f0c29cefd733b2d6 depth=3 name=chip.run.runner_run.device_wall.preamble ts=0 dur=13564 clk=dev
[mono_ns=182554896969405][T0x731da3880740][TIMING] emit_host_span: [STRACE] v=1 pid=466696 tid=466696 inv=51 hid=f0c29cefd733b2d6 depth=3 name=chip.run.runner_run.device_wall.graph_build ts=3679 dur=864257 clk=dev
[mono_ns=182554896970457][T0x731da3880740][TIMING] emit_host_span: [STRACE] v=1 pid=466696 tid=466696 inv=51 hid=f0c29cefd733b2d6 depth=3 name=chip.run.runner_run.device_wall.config_validate ts=4393 dur=1288 clk=dev
[mono_ns=182554896971438][T0x731da3880740][TIMING] emit_host_span: [STRACE] v=1 pid=466696 tid=466696 inv=51 hid=f0c29cefd733b2d6 depth=3 name=chip.run.runner_run.device_wall.arena_wire ts=5901 dur=2960 clk=dev
[mono_ns=182554896972470][T0x731da3880740][TIMING] emit_host_span: [STRACE] v=1 pid=466696 tid=466696 inv=51 hid=f0c29cefd733b2d6 depth=3 name=chip.run.runner_run.device_wall.sm_reset ts=8881 dur=5318 clk=dev
[mono_ns=182554896973491][T0x731da3880740][TIMING] emit_host_span: [STRACE] v=1 pid=466696 tid=466696 inv=51 hid=f0c29cefd733b2d6 depth=3 name=chip.run.runner_run.device_wall.post_orch ts=868029 dur=3504 clk=dev
[mono_ns=182554896974493][T0x731da3880740][TIMING] emit_host_span: [STRACE] v=1 pid=466696 tid=466696 inv=51 hid=f0c29cefd733b2d6 depth=3 name=chip.run.runner_run.device_wall.orch ts=14269 dur=617802 clk=dev
[mono_ns=182554896975504][T0x731da3880740][TIMING] emit_host_span: [STRACE] v=1 pid=466696 tid=466696 inv=51 hid=f0c29cefd733b2d6 depth=3 name=chip.run.runner_run.device_wall.sched ts=15104 dur=839450 clk=dev
[mono_ns=182554896979460][T0x731da3880740][TIMING] emit_host_span: [STRACE] v=1 pid=466696 tid=466696 inv=51 hid=f0c29cefd733b2d6 depth=1 name=chip.run.claim_release ts=182554896978699 dur=140
[mono_ns=182554896981123][T0x731da3880740][TIMING] emit_host_span: [STRACE] v=1 pid=466696 tid=466696 inv=51 hid=f0c29cefd733b2d6 depth=0 name=chip.run ts=182554860245596 dur=36734776 run_id=0 dispatch_id=0 slot_id=0 generation=51 run_epoch=51
[mono_ns=182554926988261][T0x731da3880740][TIMING] emit_host_span: [STRACE] v=1 pid=466696 tid=466696 inv=52 hid=f0c29cefd733b2d6 depth=2 name=chip.run.bind.args ts=182554897269165 dur=29717203
[mono_ns=182554926994681][T0x731da3880740][TIMING] emit_host_span: [STRACE] v=1 pid=466696 tid=466696 inv=52 hid=f0c29cefd733b2d6 depth=2 name=chip.run.bind.prebuilt ts=182554926993249 dur=791
[mono_ns=182554926996453][T0x731da3880740][TIMING] emit_host_span: [STRACE] v=1 pid=466696 tid=466696 inv=52 hid=f0c29cefd733b2d6 depth=1 name=chip.run.bind ts=182554897266020 dur=29729452
[mono_ns=182554931527164][T0x731da3880740][WARN] prepare_execution: [device_runner.cpp:343] AICPU CPU_TOPO unavailable; using json_fallback: soc=Ascend950PR_9579 occupy=0x3e stable_reachable=5 requested=0 effective=5 affinity=[1, 2, 3, 4, 5(orch)]
[mono_ns=182554932587095][T0x731da3880740][TIMING] emit_host_span: [STRACE] v=1 pid=466696 tid=466696 inv=52 hid=f0c29cefd733b2d6 depth=1 name=chip.run.runner_run ts=182554931582867 dur=1003386
[mono_ns=182554932915327][T0x731da3880740][TIMING] emit_host_span: [STRACE] v=1 pid=466696 tid=466696 inv=52 hid=f0c29cefd733b2d6 depth=1 name=chip.run.validate ts=182554932589488 dur=325108
[mono_ns=182554932916910][T0x731da3880740][TIMING] emit_host_span: [STRACE] v=1 pid=466696 tid=466696 inv=52 hid=f0c29cefd733b2d6 depth=2 name=chip.run.runner_run.device_wall ts=0 dur=877262 clk=dev
[mono_ns=182554932918091][T0x731da3880740][TIMING] emit_host_span: [STRACE] v=1 pid=466696 tid=466696 inv=52 hid=f0c29cefd733b2d6 depth=3 name=chip.run.runner_run.device_wall.preamble ts=0 dur=13785 clk=dev
[mono_ns=182554932919233][T0x731da3880740][TIMING] emit_host_span: [STRACE] v=1 pid=466696 tid=466696 inv=52 hid=f0c29cefd733b2d6 depth=3 name=chip.run.runner_run.device_wall.graph_build ts=4347 dur=867645 clk=dev
[mono_ns=182554932920265][T0x731da3880740][TIMING] emit_host_span: [STRACE] v=1 pid=466696 tid=466696 inv=52 hid=f0c29cefd733b2d6 depth=3 name=chip.run.runner_run.device_wall.config_validate ts=5117 dur=799 clk=dev
[mono_ns=182554932921276][T0x731da3880740][TIMING] emit_host_span: [STRACE] v=1 pid=466696 tid=466696 inv=52 hid=f0c29cefd733b2d6 depth=3 name=chip.run.runner_run.device_wall.arena_wire ts=6199 dur=3535 clk=dev
[mono_ns=182554932922278][T0x731da3880740][TIMING] emit_host_span: [STRACE] v=1 pid=466696 tid=466696 inv=52 hid=f0c29cefd733b2d6 depth=3 name=chip.run.runner_run.device_wall.sm_reset ts=9825 dur=4575 clk=dev
[mono_ns=182554932923289][T0x731da3880740][TIMING] emit_host_span: [STRACE] v=1 pid=466696 tid=466696 inv=52 hid=f0c29cefd733b2d6 depth=3 name=chip.run.runner_run.device_wall.post_orch ts=872292 dur=4002 clk=dev
[mono_ns=182554932924291][T0x731da3880740][TIMING] emit_host_span: [STRACE] v=1 pid=466696 tid=466696 inv=52 hid=f0c29cefd733b2d6 depth=3 name=chip.run.runner_run.device_wall.orch ts=14429 dur=624416 clk=dev
[mono_ns=182554932925292][T0x731da3880740][TIMING] emit_host_span: [STRACE] v=1 pid=466696 tid=466696 inv=52 hid=f0c29cefd733b2d6 depth=3 name=chip.run.runner_run.device_wall.sched ts=15112 dur=843420 clk=dev
[mono_ns=182554932926544][T0x731da3880740][TIMING] emit_host_span: [STRACE] v=1 pid=466696 tid=466696 inv=52 hid=f0c29cefd733b2d6 depth=1 name=chip.run.claim_release ts=182554932925953 dur=60
[mono_ns=182554932927916][T0x731da3880740][TIMING] emit_host_span: [STRACE] v=1 pid=466696 tid=466696 inv=52 hid=f0c29cefd733b2d6 depth=0 name=chip.run ts=182554897262986 dur=35664289 run_id=0 dispatch_id=0 slot_id=0 generation=52 run_epoch=52
[mono_ns=182554964634585][T0x731da3880740][TIMING] emit_host_span: [STRACE] v=1 pid=466696 tid=466696 inv=53 hid=f0c29cefd733b2d6 depth=2 name=chip.run.bind.args ts=182554933166264 dur=31466609
[mono_ns=182554964640484][T0x731da3880740][TIMING] emit_host_span: [STRACE] v=1 pid=466696 tid=466696 inv=53 hid=f0c29cefd733b2d6 depth=2 name=chip.run.bind.prebuilt ts=182554964639232 dur=651
[mono_ns=182554964642167][T0x731da3880740][TIMING] emit_host_span: [STRACE] v=1 pid=466696 tid=466696 inv=53 hid=f0c29cefd733b2d6 depth=1 name=chip.run.bind ts=182554933164201 dur=31477054
[mono_ns=182554969063162][T0x731da3880740][WARN] prepare_execution: [device_runner.cpp:343] AICPU CPU_TOPO unavailable; using json_fallback: soc=Ascend950PR_9579 occupy=0x3e stable_reachable=5 requested=0 effective=5 affinity=[1, 2, 3, 4, 5(orch)]
[mono_ns=182554970128040][T0x731da3880740][TIMING] emit_host_span: [STRACE] v=1 pid=466696 tid=466696 inv=53 hid=f0c29cefd733b2d6 depth=1 name=chip.run.runner_run ts=182554969118916 dur=1008233
[mono_ns=182554970452608][T0x731da3880740][TIMING] emit_host_span: [STRACE] v=1 pid=466696 tid=466696 inv=53 hid=f0c29cefd733b2d6 depth=1 name=chip.run.validate ts=182554970130384 dur=321503
[mono_ns=182554970454220][T0x731da3880740][TIMING] emit_host_span: [STRACE] v=1 pid=466696 tid=466696 inv=53 hid=f0c29cefd733b2d6 depth=2 name=chip.run.runner_run.device_wall ts=0 dur=884030 clk=dev
[mono_ns=182554970455442][T0x731da3880740][TIMING] emit_host_span: [STRACE] v=1 pid=466696 tid=466696 inv=53 hid=f0c29cefd733b2d6 depth=3 name=chip.run.runner_run.device_wall.preamble ts=0 dur=14448 clk=dev
[mono_ns=182554970456493][T0x731da3880740][TIMING] emit_host_span: [STRACE] v=1 pid=466696 tid=466696 inv=53 hid=f0c29cefd733b2d6 depth=3 name=chip.run.runner_run.device_wall.graph_build ts=4387 dur=876109 clk=dev
[mono_ns=182554970457505][T0x731da3880740][TIMING] emit_host_span: [STRACE] v=1 pid=466696 tid=466696 inv=53 hid=f0c29cefd733b2d6 depth=3 name=chip.run.runner_run.device_wall.config_validate ts=5112 dur=1203 clk=dev
[mono_ns=182554970458507][T0x731da3880740][TIMING] emit_host_span: [STRACE] v=1 pid=466696 tid=466696 inv=53 hid=f0c29cefd733b2d6 depth=3 name=chip.run.runner_run.device_wall.arena_wire ts=6510 dur=2965 clk=dev
[mono_ns=182554970459488][T0x731da3880740][TIMING] emit_host_span: [STRACE] v=1 pid=466696 tid=466696 inv=53 hid=f0c29cefd733b2d6 depth=3 name=chip.run.runner_run.device_wall.sm_reset ts=9796 dur=4852 clk=dev
[mono_ns=182554970460499][T0x731da3880740][TIMING] emit_host_span: [STRACE] v=1 pid=466696 tid=466696 inv=53 hid=f0c29cefd733b2d6 depth=3 name=chip.run.runner_run.device_wall.post_orch ts=880519 dur=3088 clk=dev
[mono_ns=182554970461481][T0x731da3880740][TIMING] emit_host_span: [STRACE] v=1 pid=466696 tid=466696 inv=53 hid=f0c29cefd733b2d6 depth=3 name=chip.run.runner_run.device_wall.orch ts=14676 dur=637052 clk=dev
[mono_ns=182554970462472][T0x731da3880740][TIMING] emit_host_span: [STRACE] v=1 pid=466696 tid=466696 inv=53 hid=f0c29cefd733b2d6 depth=3 name=chip.run.runner_run.device_wall.sched ts=15273 dur=852994 clk=dev
[mono_ns=182554970463704][T0x731da3880740][TIMING] emit_host_span: [STRACE] v=1 pid=466696 tid=466696 inv=53 hid=f0c29cefd733b2d6 depth=1 name=chip.run.claim_release ts=182554970463123 dur=51
[mono_ns=182554970465166][T0x731da3880740][TIMING] emit_host_span: [STRACE] v=1 pid=466696 tid=466696 inv=53 hid=f0c29cefd733b2d6 depth=0 name=chip.run ts=182554933161887 dur=37302659 run_id=0 dispatch_id=0 slot_id=0 generation=53 run_epoch=53
[mono_ns=182555000645284][T0x731da3880740][TIMING] emit_host_span: [STRACE] v=1 pid=466696 tid=466696 inv=54 hid=f0c29cefd733b2d6 depth=2 name=chip.run.bind.args ts=182554970700219 dur=29943563
[mono_ns=182555000650602][T0x731da3880740][TIMING] emit_host_span: [STRACE] v=1 pid=466696 tid=466696 inv=54 hid=f0c29cefd733b2d6 depth=2 name=chip.run.bind.prebuilt ts=182555000649310 dur=681
[mono_ns=182555000652235][T0x731da3880740][TIMING] emit_host_span: [STRACE] v=1 pid=466696 tid=466696 inv=54 hid=f0c29cefd733b2d6 depth=1 name=chip.run.bind ts=182554970698046 dur=29953328
[mono_ns=182555005434232][T0x731da3880740][WARN] prepare_execution: [device_runner.cpp:343] AICPU CPU_TOPO unavailable; using json_fallback: soc=Ascend950PR_9579 occupy=0x3e stable_reachable=5 requested=0 effective=5 affinity=[1, 2, 3, 4, 5(orch)]
[mono_ns=182555006483577][T0x731da3880740][TIMING] emit_host_span: [STRACE] v=1 pid=466696 tid=466696 inv=54 hid=f0c29cefd733b2d6 depth=1 name=chip.run.runner_run ts=182555005489776 dur=992930
[mono_ns=182555006802406][T0x731da3880740][TIMING] emit_host_span: [STRACE] v=1 pid=466696 tid=466696 inv=54 hid=f0c29cefd733b2d6 depth=1 name=chip.run.validate ts=182555006485831 dur=315844
[mono_ns=182555006804038][T0x731da3880740][TIMING] emit_host_span: [STRACE] v=1 pid=466696 tid=466696 inv=54 hid=f0c29cefd733b2d6 depth=2 name=chip.run.runner_run.device_wall ts=0 dur=864486 clk=dev
[mono_ns=182555006805160][T0x731da3880740][TIMING] emit_host_span: [STRACE] v=1 pid=466696 tid=466696 inv=54 hid=f0c29cefd733b2d6 depth=3 name=chip.run.runner_run.device_wall.preamble ts=0 dur=12129 clk=dev
[mono_ns=182555006806201][T0x731da3880740][TIMING] emit_host_span: [STRACE] v=1 pid=466696 tid=466696 inv=54 hid=f0c29cefd733b2d6 depth=3 name=chip.run.runner_run.device_wall.graph_build ts=3008 dur=856856 clk=dev
[mono_ns=182555006807233][T0x731da3880740][TIMING] emit_host_span: [STRACE] v=1 pid=466696 tid=466696 inv=54 hid=f0c29cefd733b2d6 depth=3 name=chip.run.runner_run.device_wall.config_validate ts=3554 dur=1238 clk=dev
[mono_ns=182555006808235][T0x731da3880740][TIMING] emit_host_span: [STRACE] v=1 pid=466696 tid=466696 inv=54 hid=f0c29cefd733b2d6 depth=3 name=chip.run.runner_run.device_wall.arena_wire ts=4853 dur=3063 clk=dev
[mono_ns=182555006809226][T0x731da3880740][TIMING] emit_host_span: [STRACE] v=1 pid=466696 tid=466696 inv=54 hid=f0c29cefd733b2d6 depth=3 name=chip.run.runner_run.device_wall.sm_reset ts=7995 dur=6036 clk=dev
[mono_ns=182555006810228][T0x731da3880740][TIMING] emit_host_span: [STRACE] v=1 pid=466696 tid=466696 inv=54 hid=f0c29cefd733b2d6 depth=3 name=chip.run.runner_run.device_wall.post_orch ts=859893 dur=4155 clk=dev
[mono_ns=182555006811239][T0x731da3880740][TIMING] emit_host_span: [STRACE] v=1 pid=466696 tid=466696 inv=54 hid=f0c29cefd733b2d6 depth=3 name=chip.run.runner_run.device_wall.orch ts=14107 dur=632553 clk=dev
[mono_ns=182555006812251][T0x731da3880740][TIMING] emit_host_span: [STRACE] v=1 pid=466696 tid=466696 inv=54 hid=f0c29cefd733b2d6 depth=3 name=chip.run.runner_run.device_wall.sched ts=14889 dur=828747 clk=dev
[mono_ns=182555006813452][T0x731da3880740][TIMING] emit_host_span: [STRACE] v=1 pid=466696 tid=466696 inv=54 hid=f0c29cefd733b2d6 depth=1 name=chip.run.claim_release ts=182555006812871 dur=51
[mono_ns=182555006814814][T0x731da3880740][TIMING] emit_host_span: [STRACE] v=1 pid=466696 tid=466696 inv=54 hid=f0c29cefd733b2d6 depth=0 name=chip.run ts=182554970695763 dur=36118410 run_id=0 dispatch_id=0 slot_id=0 generation=54 run_epoch=54
[mono_ns=182555039103487][T0x731da3880740][TIMING] emit_host_span: [STRACE] v=1 pid=466696 tid=466696 inv=55 hid=f0c29cefd733b2d6 depth=2 name=chip.run.bind.args ts=182555007051129 dur=32050726
[mono_ns=182555039108224][T0x731da3880740][TIMING] emit_host_span: [STRACE] v=1 pid=466696 tid=466696 inv=55 hid=f0c29cefd733b2d6 depth=2 name=chip.run.bind.prebuilt ts=182555039107133 dur=520
[mono_ns=182555039109726][T0x731da3880740][TIMING] emit_host_span: [STRACE] v=1 pid=466696 tid=466696 inv=55 hid=f0c29cefd733b2d6 depth=1 name=chip.run.bind ts=182555007049116 dur=32059779
[mono_ns=182555043528749][T0x731da3880740][WARN] prepare_execution: [device_runner.cpp:343] AICPU CPU_TOPO unavailable; using json_fallback: soc=Ascend950PR_9579 occupy=0x3e stable_reachable=5 requested=0 effective=5 affinity=[1, 2, 3, 4, 5(orch)]
[mono_ns=182555044607428][T0x731da3880740][TIMING] emit_host_span: [STRACE] v=1 pid=466696 tid=466696 inv=55 hid=f0c29cefd733b2d6 depth=1 name=chip.run.runner_run ts=182555043582780 dur=1023877
[mono_ns=182555044934229][T0x731da3880740][TIMING] emit_host_span: [STRACE] v=1 pid=466696 tid=466696 inv=55 hid=f0c29cefd733b2d6 depth=1 name=chip.run.validate ts=182555044609481 dur=324047
[mono_ns=182555044937383][T0x731da3880740][TIMING] emit_host_span: [STRACE] v=1 pid=466696 tid=466696 inv=55 hid=f0c29cefd733b2d6 depth=2 name=chip.run.runner_run.device_wall ts=0 dur=905354 clk=dev
[mono_ns=182555044938465][T0x731da3880740][TIMING] emit_host_span: [STRACE] v=1 pid=466696 tid=466696 inv=55 hid=f0c29cefd733b2d6 depth=3 name=chip.run.runner_run.device_wall.preamble ts=0 dur=13969 clk=dev
[mono_ns=182555044939486][T0x731da3880740][TIMING] emit_host_span: [STRACE] v=1 pid=466696 tid=466696 inv=55 hid=f0c29cefd733b2d6 depth=3 name=chip.run.runner_run.device_wall.graph_build ts=4364 dur=896476 clk=dev
[mono_ns=182555044940498][T0x731da3880740][TIMING] emit_host_span: [STRACE] v=1 pid=466696 tid=466696 inv=55 hid=f0c29cefd733b2d6 depth=3 name=chip.run.runner_run.device_wall.config_validate ts=5084 dur=1531 clk=dev
[mono_ns=182555044941499][T0x731da3880740][TIMING] emit_host_span: [STRACE] v=1 pid=466696 tid=466696 inv=55 hid=f0c29cefd733b2d6 depth=3 name=chip.run.runner_run.device_wall.arena_wire ts=6877 dur=4242 clk=dev
[mono_ns=182555044942511][T0x731da3880740][TIMING] emit_host_span: [STRACE] v=1 pid=466696 tid=466696 inv=55 hid=f0c29cefd733b2d6 depth=3 name=chip.run.runner_run.device_wall.sm_reset ts=11141 dur=5361 clk=dev
[mono_ns=182555044943523][T0x731da3880740][TIMING] emit_host_span: [STRACE] v=1 pid=466696 tid=466696 inv=55 hid=f0c29cefd733b2d6 depth=3 name=chip.run.runner_run.device_wall.post_orch ts=900866 dur=3746 clk=dev
[mono_ns=182555044944504][T0x731da3880740][TIMING] emit_host_span: [STRACE] v=1 pid=466696 tid=466696 inv=55 hid=f0c29cefd733b2d6 depth=3 name=chip.run.runner_run.device_wall.orch ts=16769 dur=607449 clk=dev
[mono_ns=182555044945495][T0x731da3880740][TIMING] emit_host_span: [STRACE] v=1 pid=466696 tid=466696 inv=55 hid=f0c29cefd733b2d6 depth=3 name=chip.run.runner_run.device_wall.sched ts=17304 dur=869813 clk=dev
[mono_ns=182555044946677][T0x731da3880740][TIMING] emit_host_span: [STRACE] v=1 pid=466696 tid=466696 inv=55 hid=f0c29cefd733b2d6 depth=1 name=chip.run.claim_release ts=182555044946116 dur=40
[mono_ns=182555044947959][T0x731da3880740][TIMING] emit_host_span: [STRACE] v=1 pid=466696 tid=466696 inv=55 hid=f0c29cefd733b2d6 depth=0 name=chip.run ts=182555007046702 dur=37900676 run_id=0 dispatch_id=0 slot_id=0 generation=55 run_epoch=55
[mono_ns=182555077017813][T0x731da3880740][TIMING] emit_host_span: [STRACE] v=1 pid=466696 tid=466696 inv=56 hid=f0c29cefd733b2d6 depth=2 name=chip.run.bind.args ts=182555045165726 dur=31850325
[mono_ns=182555077022100][T0x731da3880740][TIMING] emit_host_span: [STRACE] v=1 pid=466696 tid=466696 inv=56 hid=f0c29cefd733b2d6 depth=2 name=chip.run.bind.prebuilt ts=182555077020858 dur=681
[mono_ns=182555077023802][T0x731da3880740][TIMING] emit_host_span: [STRACE] v=1 pid=466696 tid=466696 inv=56 hid=f0c29cefd733b2d6 depth=1 name=chip.run.bind ts=182555045163733 dur=31859118
[mono_ns=182555081641423][T0x731da3880740][WARN] prepare_execution: [device_runner.cpp:343] AICPU CPU_TOPO unavailable; using json_fallback: soc=Ascend950PR_9579 occupy=0x3e stable_reachable=5 requested=0 effective=5 affinity=[1, 2, 3, 4, 5(orch)]
[mono_ns=182555082711028][T0x731da3880740][TIMING] emit_host_span: [STRACE] v=1 pid=466696 tid=466696 inv=56 hid=f0c29cefd733b2d6 depth=1 name=chip.run.runner_run ts=182555081701263 dur=1008794
[mono_ns=182555083023177][T0x731da3880740][TIMING] emit_host_span: [STRACE] v=1 pid=466696 tid=466696 inv=56 hid=f0c29cefd733b2d6 depth=1 name=chip.run.validate ts=182555082714013 dur=308433
[mono_ns=182555083025020][T0x731da3880740][TIMING] emit_host_span: [STRACE] v=1 pid=466696 tid=466696 inv=56 hid=f0c29cefd733b2d6 depth=2 name=chip.run.runner_run.device_wall ts=0 dur=863969 clk=dev
[mono_ns=182555083026081][T0x731da3880740][TIMING] emit_host_span: [STRACE] v=1 pid=466696 tid=466696 inv=56 hid=f0c29cefd733b2d6 depth=3 name=chip.run.runner_run.device_wall.preamble ts=0 dur=14752 clk=dev
[mono_ns=182555083027123][T0x731da3880740][TIMING] emit_host_span: [STRACE] v=1 pid=466696 tid=466696 inv=56 hid=f0c29cefd733b2d6 depth=3 name=chip.run.runner_run.device_wall.graph_build ts=5037 dur=854640 clk=dev
[mono_ns=182555083031189][T0x731da3880740][TIMING] emit_host_span: [STRACE] v=1 pid=466696 tid=466696 inv=56 hid=f0c29cefd733b2d6 depth=3 name=chip.run.runner_run.device_wall.config_validate ts=5628 dur=1162 clk=dev
[mono_ns=182555083032251][T0x731da3880740][TIMING] emit_host_span: [STRACE] v=1 pid=466696 tid=466696 inv=56 hid=f0c29cefd733b2d6 depth=3 name=chip.run.runner_run.device_wall.arena_wire ts=7042 dur=2938 clk=dev
[mono_ns=182555083033292][T0x731da3880740][TIMING] emit_host_span: [STRACE] v=1 pid=466696 tid=466696 inv=56 hid=f0c29cefd733b2d6 depth=3 name=chip.run.runner_run.device_wall.sm_reset ts=9999 dur=6120 clk=dev
[mono_ns=182555083034304][T0x731da3880740][TIMING] emit_host_span: [STRACE] v=1 pid=466696 tid=466696 inv=56 hid=f0c29cefd733b2d6 depth=3 name=chip.run.runner_run.device_wall.post_orch ts=859701 dur=3601 clk=dev
[mono_ns=182555083035315][T0x731da3880740][TIMING] emit_host_span: [STRACE] v=1 pid=466696 tid=466696 inv=56 hid=f0c29cefd733b2d6 depth=3 name=chip.run.runner_run.device_wall.orch ts=16140 dur=620250 clk=dev
[mono_ns=182555083036297][T0x731da3880740][TIMING] emit_host_span: [STRACE] v=1 pid=466696 tid=466696 inv=56 hid=f0c29cefd733b2d6 depth=3 name=chip.run.runner_run.device_wall.sched ts=16991 dur=828913 clk=dev
[mono_ns=182555083037649][T0x731da3880740][TIMING] emit_host_span: [STRACE] v=1 pid=466696 tid=466696 inv=56 hid=f0c29cefd733b2d6 depth=1 name=chip.run.claim_release ts=182555083036948 dur=150
[mono_ns=182555083039021][T0x731da3880740][TIMING] emit_host_span: [STRACE] v=1 pid=466696 tid=466696 inv=56 hid=f0c29cefd733b2d6 depth=0 name=chip.run ts=182555045161550 dur=37876860 run_id=0 dispatch_id=0 slot_id=0 generation=56 run_epoch=56
[mono_ns=182555115638780][T0x731da3880740][TIMING] emit_host_span: [STRACE] v=1 pid=466696 tid=466696 inv=57 hid=f0c29cefd733b2d6 depth=2 name=chip.run.bind.args ts=182555083285391 dur=32349564
[mono_ns=182555115650188][T0x731da3880740][TIMING] emit_host_span: [STRACE] v=1 pid=466696 tid=466696 inv=57 hid=f0c29cefd733b2d6 depth=2 name=chip.run.bind.prebuilt ts=182555115647864 dur=1212
[mono_ns=182555115652631][T0x731da3880740][TIMING] emit_host_span: [STRACE] v=1 pid=466696 tid=466696 inv=57 hid=f0c29cefd733b2d6 depth=1 name=chip.run.bind ts=182555083283347 dur=32368303
[mono_ns=182555120096531][T0x731da3880740][WARN] prepare_execution: [device_runner.cpp:343] AICPU CPU_TOPO unavailable; using json_fallback: soc=Ascend950PR_9579 occupy=0x3e stable_reachable=5 requested=0 effective=5 affinity=[1, 2, 3, 4, 5(orch)]
[mono_ns=182555121171284][T0x731da3880740][TIMING] emit_host_span: [STRACE] v=1 pid=466696 tid=466696 inv=57 hid=f0c29cefd733b2d6 depth=1 name=chip.run.runner_run ts=182555120152786 dur=1017276
[mono_ns=182555121503363][T0x731da3880740][TIMING] emit_host_span: [STRACE] v=1 pid=466696 tid=466696 inv=57 hid=f0c29cefd733b2d6 depth=1 name=chip.run.validate ts=182555121174709 dur=327842
[mono_ns=182555121504855][T0x731da3880740][TIMING] emit_host_span: [STRACE] v=1 pid=466696 tid=466696 inv=57 hid=f0c29cefd733b2d6 depth=2 name=chip.run.runner_run.device_wall ts=0 dur=888309 clk=dev
[mono_ns=182555121506127][T0x731da3880740][TIMING] emit_host_span: [STRACE] v=1 pid=466696 tid=466696 inv=57 hid=f0c29cefd733b2d6 depth=3 name=chip.run.runner_run.device_wall.preamble ts=0 dur=12828 clk=dev
[mono_ns=182555121507258][T0x731da3880740][TIMING] emit_host_span: [STRACE] v=1 pid=466696 tid=466696 inv=57 hid=f0c29cefd733b2d6 depth=3 name=chip.run.runner_run.device_wall.graph_build ts=3046 dur=881273 clk=dev
[mono_ns=182555121508300][T0x731da3880740][TIMING] emit_host_span: [STRACE] v=1 pid=466696 tid=466696 inv=57 hid=f0c29cefd733b2d6 depth=3 name=chip.run.runner_run.device_wall.config_validate ts=3610 dur=1540 clk=dev
[mono_ns=182555121509312][T0x731da3880740][TIMING] emit_host_span: [STRACE] v=1 pid=466696 tid=466696 inv=57 hid=f0c29cefd733b2d6 depth=3 name=chip.run.runner_run.device_wall.arena_wire ts=5210 dur=3086 clk=dev
[mono_ns=182555121512657][T0x731da3880740][TIMING] emit_host_span: [STRACE] v=1 pid=466696 tid=466696 inv=57 hid=f0c29cefd733b2d6 depth=3 name=chip.run.runner_run.device_wall.sm_reset ts=8318 dur=5369 clk=dev
[mono_ns=182555121513748][T0x731da3880740][TIMING] emit_host_span: [STRACE] v=1 pid=466696 tid=466696 inv=57 hid=f0c29cefd733b2d6 depth=3 name=chip.run.runner_run.device_wall.post_orch ts=884345 dur=3861 clk=dev
[mono_ns=182555121514760][T0x731da3880740][TIMING] emit_host_span: [STRACE] v=1 pid=466696 tid=466696 inv=57 hid=f0c29cefd733b2d6 depth=3 name=chip.run.runner_run.device_wall.orch ts=13713 dur=618780 clk=dev
[mono_ns=182555121515771][T0x731da3880740][TIMING] emit_host_span: [STRACE] v=1 pid=466696 tid=466696 inv=57 hid=f0c29cefd733b2d6 depth=3 name=chip.run.runner_run.device_wall.sched ts=14555 dur=855763 clk=dev
[mono_ns=182555121517133][T0x731da3880740][TIMING] emit_host_span: [STRACE] v=1 pid=466696 tid=466696 inv=57 hid=f0c29cefd733b2d6 depth=1 name=chip.run.claim_release ts=182555121516422 dur=110
[mono_ns=182555121518716][T0x731da3880740][TIMING] emit_host_span: [STRACE] v=1 pid=466696 tid=466696 inv=57 hid=f0c29cefd733b2d6 depth=0 name=chip.run ts=182555083281074 dur=38236891 run_id=0 dispatch_id=0 slot_id=0 generation=57 run_epoch=57
[mono_ns=182555151715619][T0x731da3880740][TIMING] emit_host_span: [STRACE] v=1 pid=466696 tid=466696 inv=58 hid=f0c29cefd733b2d6 depth=2 name=chip.run.bind.args ts=182555121742011 dur=29971304
[mono_ns=182555151722699][T0x731da3880740][TIMING] emit_host_span: [STRACE] v=1 pid=466696 tid=466696 inv=58 hid=f0c29cefd733b2d6 depth=2 name=chip.run.bind.prebuilt ts=182555151721207 dur=882
[mono_ns=182555151724422][T0x731da3880740][TIMING] emit_host_span: [STRACE] v=1 pid=466696 tid=466696 inv=58 hid=f0c29cefd733b2d6 depth=1 name=chip.run.bind ts=182555121739697 dur=29983954
[mono_ns=182555156206209][T0x731da3880740][WARN] prepare_execution: [device_runner.cpp:343] AICPU CPU_TOPO unavailable; using json_fallback: soc=Ascend950PR_9579 occupy=0x3e stable_reachable=5 requested=0 effective=5 affinity=[1, 2, 3, 4, 5(orch)]
[mono_ns=182555157298689][T0x731da3880740][TIMING] emit_host_span: [STRACE] v=1 pid=466696 tid=466696 inv=58 hid=f0c29cefd733b2d6 depth=1 name=chip.run.runner_run ts=182555156257486 dur=1040061
[mono_ns=182555157633591][T0x731da3880740][TIMING] emit_host_span: [STRACE] v=1 pid=466696 tid=466696 inv=58 hid=f0c29cefd733b2d6 depth=1 name=chip.run.validate ts=182555157301723 dur=330977
[mono_ns=182555157635194][T0x731da3880740][TIMING] emit_host_span: [STRACE] v=1 pid=466696 tid=466696 inv=58 hid=f0c29cefd733b2d6 depth=2 name=chip.run.runner_run.device_wall ts=0 dur=910701 clk=dev
[mono_ns=182555157636295][T0x731da3880740][TIMING] emit_host_span: [STRACE] v=1 pid=466696 tid=466696 inv=58 hid=f0c29cefd733b2d6 depth=3 name=chip.run.runner_run.device_wall.preamble ts=0 dur=13604 clk=dev
[mono_ns=182555157637377][T0x731da3880740][TIMING] emit_host_span: [STRACE] v=1 pid=466696 tid=466696 inv=58 hid=f0c29cefd733b2d6 depth=3 name=chip.run.runner_run.device_wall.graph_build ts=4393 dur=902113 clk=dev
[mono_ns=182555157638408][T0x731da3880740][TIMING] emit_host_span: [STRACE] v=1 pid=466696 tid=466696 inv=58 hid=f0c29cefd733b2d6 depth=3 name=chip.run.runner_run.device_wall.config_validate ts=5308 dur=860 clk=dev
[mono_ns=182555157639400][T0x731da3880740][TIMING] emit_host_span: [STRACE] v=1 pid=466696 tid=466696 inv=58 hid=f0c29cefd733b2d6 depth=3 name=chip.run.runner_run.device_wall.arena_wire ts=6282 dur=3039 clk=dev
[mono_ns=182555157640381][T0x731da3880740][TIMING] emit_host_span: [STRACE] v=1 pid=466696 tid=466696 inv=58 hid=f0c29cefd733b2d6 depth=3 name=chip.run.runner_run.device_wall.sm_reset ts=9394 dur=5005 clk=dev
[mono_ns=182555157641393][T0x731da3880740][TIMING] emit_host_span: [STRACE] v=1 pid=466696 tid=466696 inv=58 hid=f0c29cefd733b2d6 depth=3 name=chip.run.runner_run.device_wall.post_orch ts=906537 dur=3646 clk=dev
[mono_ns=182555157642354][T0x731da3880740][TIMING] emit_host_span: [STRACE] v=1 pid=466696 tid=466696 inv=58 hid=f0c29cefd733b2d6 depth=3 name=chip.run.runner_run.device_wall.orch ts=14463 dur=636316 clk=dev
[mono_ns=182555157645679][T0x731da3880740][TIMING] emit_host_span: [STRACE] v=1 pid=466696 tid=466696 inv=58 hid=f0c29cefd733b2d6 depth=3 name=chip.run.runner_run.device_wall.sched ts=15443 dur=876142 clk=dev
[mono_ns=182555157646911][T0x731da3880740][TIMING] emit_host_span: [STRACE] v=1 pid=466696 tid=466696 inv=58 hid=f0c29cefd733b2d6 depth=1 name=chip.run.claim_release ts=182555157646290 dur=70
[mono_ns=182555157648233][T0x731da3880740][TIMING] emit_host_span: [STRACE] v=1 pid=466696 tid=466696 inv=58 hid=f0c29cefd733b2d6 depth=0 name=chip.run ts=182555121737314 dur=35910258 run_id=0 dispatch_id=0 slot_id=0 generation=58 run_epoch=58
[mono_ns=182555187457985][T0x731da3880740][TIMING] emit_host_span: [STRACE] v=1 pid=466696 tid=466696 inv=59 hid=f0c29cefd733b2d6 depth=2 name=chip.run.bind.args ts=182555157858669 dur=29598084
[mono_ns=182555187463463][T0x731da3880740][TIMING] emit_host_span: [STRACE] v=1 pid=466696 tid=466696 inv=59 hid=f0c29cefd733b2d6 depth=2 name=chip.run.bind.prebuilt ts=182555187461991 dur=852
[mono_ns=182555187465216][T0x731da3880740][TIMING] emit_host_span: [STRACE] v=1 pid=466696 tid=466696 inv=59 hid=f0c29cefd733b2d6 depth=1 name=chip.run.bind ts=182555157856486 dur=29607779
[mono_ns=182555191852040][T0x731da3880740][WARN] prepare_execution: [device_runner.cpp:343] AICPU CPU_TOPO unavailable; using json_fallback: soc=Ascend950PR_9579 occupy=0x3e stable_reachable=5 requested=0 effective=5 affinity=[1, 2, 3, 4, 5(orch)]
[mono_ns=182555192955887][T0x731da3880740][TIMING] emit_host_span: [STRACE] v=1 pid=466696 tid=466696 inv=59 hid=f0c29cefd733b2d6 depth=1 name=chip.run.runner_run ts=182555191909897 dur=1045059
[mono_ns=182555193295337][T0x731da3880740][TIMING] emit_host_span: [STRACE] v=1 pid=466696 tid=466696 inv=59 hid=f0c29cefd733b2d6 depth=1 name=chip.run.validate ts=182555192958241 dur=336274
[mono_ns=182555193297951][T0x731da3880740][TIMING] emit_host_span: [STRACE] v=1 pid=466696 tid=466696 inv=59 hid=f0c29cefd733b2d6 depth=2 name=chip.run.runner_run.device_wall ts=0 dur=912483 clk=dev
[mono_ns=182555193299172][T0x731da3880740][TIMING] emit_host_span: [STRACE] v=1 pid=466696 tid=466696 inv=59 hid=f0c29cefd733b2d6 depth=3 name=chip.run.runner_run.device_wall.preamble ts=0 dur=15012 clk=dev
[mono_ns=182555193300254][T0x731da3880740][TIMING] emit_host_span: [STRACE] v=1 pid=466696 tid=466696 inv=59 hid=f0c29cefd733b2d6 depth=3 name=chip.run.runner_run.device_wall.graph_build ts=4962 dur=903069 clk=dev
[mono_ns=182555193301296][T0x731da3880740][TIMING] emit_host_span: [STRACE] v=1 pid=466696 tid=466696 inv=59 hid=f0c29cefd733b2d6 depth=3 name=chip.run.runner_run.device_wall.config_validate ts=5653 dur=1306 clk=dev
[mono_ns=182555193302307][T0x731da3880740][TIMING] emit_host_span: [STRACE] v=1 pid=466696 tid=466696 inv=59 hid=f0c29cefd733b2d6 depth=3 name=chip.run.runner_run.device_wall.arena_wire ts=6989 dur=3448 clk=dev
[mono_ns=182555193303339][T0x731da3880740][TIMING] emit_host_span: [STRACE] v=1 pid=466696 tid=466696 inv=59 hid=f0c29cefd733b2d6 depth=3 name=chip.run.runner_run.device_wall.sm_reset ts=10459 dur=5414 clk=dev
[mono_ns=182555193304370][T0x731da3880740][TIMING] emit_host_span: [STRACE] v=1 pid=466696 tid=466696 inv=59 hid=f0c29cefd733b2d6 depth=3 name=chip.run.runner_run.device_wall.post_orch ts=908051 dur=4050 clk=dev
[mono_ns=182555193305402][T0x731da3880740][TIMING] emit_host_span: [STRACE] v=1 pid=466696 tid=466696 inv=59 hid=f0c29cefd733b2d6 depth=3 name=chip.run.runner_run.device_wall.orch ts=16112 dur=650637 clk=dev
[mono_ns=182555193306373][T0x731da3880740][TIMING] emit_host_span: [STRACE] v=1 pid=466696 tid=466696 inv=59 hid=f0c29cefd733b2d6 depth=3 name=chip.run.runner_run.device_wall.sched ts=16776 dur=876408 clk=dev
[mono_ns=182555193307575][T0x731da3880740][TIMING] emit_host_span: [STRACE] v=1 pid=466696 tid=466696 inv=59 hid=f0c29cefd733b2d6 depth=1 name=chip.run.claim_release ts=182555193306994 dur=50
[mono_ns=182555193308937][T0x731da3880740][TIMING] emit_host_span: [STRACE] v=1 pid=466696 tid=466696 inv=59 hid=f0c29cefd733b2d6 depth=0 name=chip.run ts=182555157854042 dur=35454294 run_id=0 dispatch_id=0 slot_id=0 generation=59 run_epoch=59
[mono_ns=182555224176246][T0x731da3880740][TIMING] emit_host_span: [STRACE] v=1 pid=466696 tid=466696 inv=60 hid=f0c29cefd733b2d6 depth=2 name=chip.run.bind.args ts=182555193533694 dur=30641210
[mono_ns=182555224180653][T0x731da3880740][TIMING] emit_host_span: [STRACE] v=1 pid=466696 tid=466696 inv=60 hid=f0c29cefd733b2d6 depth=2 name=chip.run.bind.prebuilt ts=182555224179461 dur=611
[mono_ns=182555224182285][T0x731da3880740][TIMING] emit_host_span: [STRACE] v=1 pid=466696 tid=466696 inv=60 hid=f0c29cefd733b2d6 depth=1 name=chip.run.bind ts=182555193531521 dur=30649933
[mono_ns=182555228602069][T0x731da3880740][WARN] prepare_execution: [device_runner.cpp:343] AICPU CPU_TOPO unavailable; using json_fallback: soc=Ascend950PR_9579 occupy=0x3e stable_reachable=5 requested=0 effective=5 affinity=[1, 2, 3, 4, 5(orch)]
[mono_ns=182555229673577][T0x731da3880740][TIMING] emit_host_span: [STRACE] v=1 pid=466696 tid=466696 inv=60 hid=f0c29cefd733b2d6 depth=1 name=chip.run.runner_run ts=182555228657653 dur=1015093
[mono_ns=182555230022291][T0x731da3880740][TIMING] emit_host_span: [STRACE] v=1 pid=466696 tid=466696 inv=60 hid=f0c29cefd733b2d6 depth=1 name=chip.run.validate ts=182555229675590 dur=345990
[mono_ns=182555230024164][T0x731da3880740][TIMING] emit_host_span: [STRACE] v=1 pid=466696 tid=466696 inv=60 hid=f0c29cefd733b2d6 depth=2 name=chip.run.runner_run.device_wall ts=0 dur=887121 clk=dev
[mono_ns=182555230025566][T0x731da3880740][TIMING] emit_host_span: [STRACE] v=1 pid=466696 tid=466696 inv=60 hid=f0c29cefd733b2d6 depth=3 name=chip.run.runner_run.device_wall.preamble ts=0 dur=14357 clk=dev
[mono_ns=182555230026727][T0x731da3880740][TIMING] emit_host_span: [STRACE] v=1 pid=466696 tid=466696 inv=60 hid=f0c29cefd733b2d6 depth=3 name=chip.run.runner_run.device_wall.graph_build ts=4575 dur=878153 clk=dev
[mono_ns=182555230027779][T0x731da3880740][TIMING] emit_host_span: [STRACE] v=1 pid=466696 tid=466696 inv=60 hid=f0c29cefd733b2d6 depth=3 name=chip.run.runner_run.device_wall.config_validate ts=5130 dur=1287 clk=dev
[mono_ns=182555230028791][T0x731da3880740][TIMING] emit_host_span: [STRACE] v=1 pid=466696 tid=466696 inv=60 hid=f0c29cefd733b2d6 depth=3 name=chip.run.runner_run.device_wall.arena_wire ts=6635 dur=2953 clk=dev
[mono_ns=182555230029772][T0x731da3880740][TIMING] emit_host_span: [STRACE] v=1 pid=466696 tid=466696 inv=60 hid=f0c29cefd733b2d6 depth=3 name=chip.run.runner_run.device_wall.sm_reset ts=9610 dur=6360 clk=dev
[mono_ns=182555230030794][T0x731da3880740][TIMING] emit_host_span: [STRACE] v=1 pid=466696 tid=466696 inv=60 hid=f0c29cefd733b2d6 depth=3 name=chip.run.runner_run.device_wall.post_orch ts=882759 dur=3657 clk=dev
[mono_ns=182555230031795][T0x731da3880740][TIMING] emit_host_span: [STRACE] v=1 pid=466696 tid=466696 inv=60 hid=f0c29cefd733b2d6 depth=3 name=chip.run.runner_run.device_wall.orch ts=16212 dur=645058 clk=dev
[mono_ns=182555230032797][T0x731da3880740][TIMING] emit_host_span: [STRACE] v=1 pid=466696 tid=466696 inv=60 hid=f0c29cefd733b2d6 depth=3 name=chip.run.runner_run.device_wall.sched ts=16741 dur=851035 clk=dev
[mono_ns=182555230034028][T0x731da3880740][TIMING] emit_host_span: [STRACE] v=1 pid=466696 tid=466696 inv=60 hid=f0c29cefd733b2d6 depth=1 name=chip.run.claim_release ts=182555230033458 dur=40
[mono_ns=182555230035350][T0x731da3880740][TIMING] emit_host_span: [STRACE] v=1 pid=466696 tid=466696 inv=60 hid=f0c29cefd733b2d6 depth=0 name=chip.run ts=182555193529428 dur=36505342 run_id=0 dispatch_id=0 slot_id=0 generation=60 run_epoch=60
[mono_ns=182555260690511][T0x731da3880740][TIMING] emit_host_span: [STRACE] v=1 pid=466696 tid=466696 inv=61 hid=f0c29cefd733b2d6 depth=2 name=chip.run.bind.args ts=182555230254710 dur=30434720
[mono_ns=182555260695228][T0x731da3880740][TIMING] emit_host_span: [STRACE] v=1 pid=466696 tid=466696 inv=61 hid=f0c29cefd733b2d6 depth=2 name=chip.run.bind.prebuilt ts=182555260694127 dur=541
[mono_ns=182555260698704][T0x731da3880740][TIMING] emit_host_span: [STRACE] v=1 pid=466696 tid=466696 inv=61 hid=f0c29cefd733b2d6 depth=1 name=chip.run.bind ts=182555230252767 dur=30445095
[mono_ns=182555265184637][T0x731da3880740][WARN] prepare_execution: [device_runner.cpp:343] AICPU CPU_TOPO unavailable; using json_fallback: soc=Ascend950PR_9579 occupy=0x3e stable_reachable=5 requested=0 effective=5 affinity=[1, 2, 3, 4, 5(orch)]
[mono_ns=182555266216956][T0x731da3880740][TIMING] emit_host_span: [STRACE] v=1 pid=466696 tid=466696 inv=61 hid=f0c29cefd733b2d6 depth=1 name=chip.run.runner_run ts=182555265235253 dur=980782
[mono_ns=182555266544297][T0x731da3880740][TIMING] emit_host_span: [STRACE] v=1 pid=466696 tid=466696 inv=61 hid=f0c29cefd733b2d6 depth=1 name=chip.run.validate ts=182555266219850 dur=323746
[mono_ns=182555266545720][T0x731da3880740][TIMING] emit_host_span: [STRACE] v=1 pid=466696 tid=466696 inv=61 hid=f0c29cefd733b2d6 depth=2 name=chip.run.runner_run.device_wall ts=0 dur=865988 clk=dev
[mono_ns=182555266546811][T0x731da3880740][TIMING] emit_host_span: [STRACE] v=1 pid=466696 tid=466696 inv=61 hid=f0c29cefd733b2d6 depth=3 name=chip.run.runner_run.device_wall.preamble ts=0 dur=12395 clk=dev
[mono_ns=182555266547843][T0x731da3880740][TIMING] emit_host_span: [STRACE] v=1 pid=466696 tid=466696 inv=61 hid=f0c29cefd733b2d6 depth=3 name=chip.run.runner_run.device_wall.graph_build ts=2184 dur=859886 clk=dev
[mono_ns=182555266548834][T0x731da3880740][TIMING] emit_host_span: [STRACE] v=1 pid=466696 tid=466696 inv=61 hid=f0c29cefd733b2d6 depth=3 name=chip.run.runner_run.device_wall.config_validate ts=2950 dur=1722 clk=dev
[mono_ns=182555266549846][T0x731da3880740][TIMING] emit_host_span: [STRACE] v=1 pid=466696 tid=466696 inv=61 hid=f0c29cefd733b2d6 depth=3 name=chip.run.runner_run.device_wall.arena_wire ts=4683 dur=3413 clk=dev
[mono_ns=182555266550837][T0x731da3880740][TIMING] emit_host_span: [STRACE] v=1 pid=466696 tid=466696 inv=61 hid=f0c29cefd733b2d6 depth=3 name=chip.run.runner_run.device_wall.sm_reset ts=8115 dur=5124 clk=dev
[mono_ns=182555266551849][T0x731da3880740][TIMING] emit_host_span: [STRACE] v=1 pid=466696 tid=466696 inv=61 hid=f0c29cefd733b2d6 depth=3 name=chip.run.runner_run.device_wall.post_orch ts=862101 dur=3510 clk=dev
[mono_ns=182555266552840][T0x731da3880740][TIMING] emit_host_span: [STRACE] v=1 pid=466696 tid=466696 inv=61 hid=f0c29cefd733b2d6 depth=3 name=chip.run.runner_run.device_wall.orch ts=13315 dur=616444 clk=dev
[mono_ns=182555266553842][T0x731da3880740][TIMING] emit_host_span: [STRACE] v=1 pid=466696 tid=466696 inv=61 hid=f0c29cefd733b2d6 depth=3 name=chip.run.runner_run.device_wall.sched ts=14125 dur=835266 clk=dev
[mono_ns=182555266555034][T0x731da3880740][TIMING] emit_host_span: [STRACE] v=1 pid=466696 tid=466696 inv=61 hid=f0c29cefd733b2d6 depth=1 name=chip.run.claim_release ts=182555266554473 dur=40
[mono_ns=182555266556325][T0x731da3880740][TIMING] emit_host_span: [STRACE] v=1 pid=466696 tid=466696 inv=61 hid=f0c29cefd733b2d6 depth=0 name=chip.run ts=182555230250794 dur=36304951 run_id=0 dispatch_id=0 slot_id=0 generation=61 run_epoch=61
[mono_ns=182555298936546][T0x731da3880740][TIMING] emit_host_span: [STRACE] v=1 pid=466696 tid=466696 inv=62 hid=f0c29cefd733b2d6 depth=2 name=chip.run.bind.args ts=182555266785800 dur=32149494
[mono_ns=182555298941583][T0x731da3880740][TIMING] emit_host_span: [STRACE] v=1 pid=466696 tid=466696 inv=62 hid=f0c29cefd733b2d6 depth=2 name=chip.run.bind.prebuilt ts=182555298940371 dur=651
[mono_ns=182555298943115][T0x731da3880740][TIMING] emit_host_span: [STRACE] v=1 pid=466696 tid=466696 inv=62 hid=f0c29cefd733b2d6 depth=1 name=chip.run.bind ts=182555266783877 dur=32158377
[mono_ns=182555303388698][T0x731da3880740][WARN] prepare_execution: [device_runner.cpp:343] AICPU CPU_TOPO unavailable; using json_fallback: soc=Ascend950PR_9579 occupy=0x3e stable_reachable=5 requested=0 effective=5 affinity=[1, 2, 3, 4, 5(orch)]
[mono_ns=182555304409841][T0x731da3880740][TIMING] emit_host_span: [STRACE] v=1 pid=466696 tid=466696 inv=62 hid=f0c29cefd733b2d6 depth=1 name=chip.run.runner_run ts=182555303439264 dur=969745
[mono_ns=182555304738203][T0x731da3880740][TIMING] emit_host_span: [STRACE] v=1 pid=466696 tid=466696 inv=62 hid=f0c29cefd733b2d6 depth=1 name=chip.run.validate ts=182555304416611 dur=320851
[mono_ns=182555304739505][T0x731da3880740][TIMING] emit_host_span: [STRACE] v=1 pid=466696 tid=466696 inv=62 hid=f0c29cefd733b2d6 depth=2 name=chip.run.runner_run.device_wall ts=0 dur=855408 clk=dev
[mono_ns=182555304740567][T0x731da3880740][TIMING] emit_host_span: [STRACE] v=1 pid=466696 tid=466696 inv=62 hid=f0c29cefd733b2d6 depth=3 name=chip.run.runner_run.device_wall.preamble ts=0 dur=11653 clk=dev
[mono_ns=182555304741588][T0x731da3880740][TIMING] emit_host_span: [STRACE] v=1 pid=466696 tid=466696 inv=62 hid=f0c29cefd733b2d6 depth=3 name=chip.run.runner_run.device_wall.graph_build ts=2173 dur=848888 clk=dev
[mono_ns=182555304742600][T0x731da3880740][TIMING] emit_host_span: [STRACE] v=1 pid=466696 tid=466696 inv=62 hid=f0c29cefd733b2d6 depth=3 name=chip.run.runner_run.device_wall.config_validate ts=3284 dur=1128 clk=dev
[mono_ns=182555304743601][T0x731da3880740][TIMING] emit_host_span: [STRACE] v=1 pid=466696 tid=466696 inv=62 hid=f0c29cefd733b2d6 depth=3 name=chip.run.runner_run.device_wall.arena_wire ts=4687 dur=3536 clk=dev
[mono_ns=182555304744593][T0x731da3880740][TIMING] emit_host_span: [STRACE] v=1 pid=466696 tid=466696 inv=62 hid=f0c29cefd733b2d6 depth=3 name=chip.run.runner_run.device_wall.sm_reset ts=8245 dur=6240 clk=dev
[mono_ns=182555304745594][T0x731da3880740][TIMING] emit_host_span: [STRACE] v=1 pid=466696 tid=466696 inv=62 hid=f0c29cefd733b2d6 depth=3 name=chip.run.runner_run.device_wall.post_orch ts=851080 dur=3884 clk=dev
[mono_ns=182555304746606][T0x731da3880740][TIMING] emit_host_span: [STRACE] v=1 pid=466696 tid=466696 inv=62 hid=f0c29cefd733b2d6 depth=3 name=chip.run.runner_run.device_wall.orch ts=14727 dur=617369 clk=dev
[mono_ns=182555304747628][T0x731da3880740][TIMING] emit_host_span: [STRACE] v=1 pid=466696 tid=466696 inv=62 hid=f0c29cefd733b2d6 depth=3 name=chip.run.runner_run.device_wall.sched ts=15539 dur=822247 clk=dev
[mono_ns=182555304748849][T0x731da3880740][TIMING] emit_host_span: [STRACE] v=1 pid=466696 tid=466696 inv=62 hid=f0c29cefd733b2d6 depth=1 name=chip.run.claim_release ts=182555304748258 dur=61
[mono_ns=182555304750111][T0x731da3880740][TIMING] emit_host_span: [STRACE] v=1 pid=466696 tid=466696 inv=62 hid=f0c29cefd733b2d6 depth=0 name=chip.run ts=182555266781834 dur=37967726 run_id=0 dispatch_id=0 slot_id=0 generation=62 run_epoch=62
[mono_ns=182555337563812][T0x731da3880740][TIMING] emit_host_span: [STRACE] v=1 pid=466696 tid=466696 inv=63 hid=f0c29cefd733b2d6 depth=2 name=chip.run.bind.args ts=182555304966877 dur=32593560
[mono_ns=182555337570752][T0x731da3880740][TIMING] emit_host_span: [STRACE] v=1 pid=466696 tid=466696 inv=63 hid=f0c29cefd733b2d6 depth=2 name=chip.run.bind.prebuilt ts=182555337568749 dur=1372
[mono_ns=182555337572295][T0x731da3880740][TIMING] emit_host_span: [STRACE] v=1 pid=466696 tid=466696 inv=63 hid=f0c29cefd733b2d6 depth=1 name=chip.run.bind ts=182555304964844 dur=32606700
[mono_ns=182555342608834][T0x731da3880740][WARN] prepare_execution: [device_runner.cpp:343] AICPU CPU_TOPO unavailable; using json_fallback: soc=Ascend950PR_9579 occupy=0x3e stable_reachable=5 requested=0 effective=5 affinity=[1, 2, 3, 4, 5(orch)]
[mono_ns=182555343684899][T0x731da3880740][TIMING] emit_host_span: [STRACE] v=1 pid=466696 tid=466696 inv=63 hid=f0c29cefd733b2d6 depth=1 name=chip.run.runner_run ts=182555342657247 dur=1026701
[mono_ns=182555344033502][T0x731da3880740][TIMING] emit_host_span: [STRACE] v=1 pid=466696 tid=466696 inv=63 hid=f0c29cefd733b2d6 depth=1 name=chip.run.validate ts=182555343688284 dur=344457
[mono_ns=182555344035395][T0x731da3880740][TIMING] emit_host_span: [STRACE] v=1 pid=466696 tid=466696 inv=63 hid=f0c29cefd733b2d6 depth=2 name=chip.run.runner_run.device_wall ts=0 dur=881136 clk=dev
[mono_ns=182555344036617][T0x731da3880740][TIMING] emit_host_span: [STRACE] v=1 pid=466696 tid=466696 inv=63 hid=f0c29cefd733b2d6 depth=3 name=chip.run.runner_run.device_wall.preamble ts=0 dur=13858 clk=dev
[mono_ns=182555344039582][T0x731da3880740][TIMING] emit_host_span: [STRACE] v=1 pid=466696 tid=466696 inv=63 hid=f0c29cefd733b2d6 depth=3 name=chip.run.runner_run.device_wall.graph_build ts=4917 dur=872527 clk=dev
[mono_ns=182555344040643][T0x731da3880740][TIMING] emit_host_span: [STRACE] v=1 pid=466696 tid=466696 inv=63 hid=f0c29cefd733b2d6 depth=3 name=chip.run.runner_run.device_wall.config_validate ts=5532 dur=980 clk=dev
[mono_ns=182555344041665][T0x731da3880740][TIMING] emit_host_span: [STRACE] v=1 pid=466696 tid=466696 inv=63 hid=f0c29cefd733b2d6 depth=3 name=chip.run.runner_run.device_wall.arena_wire ts=6731 dur=3602 clk=dev
[mono_ns=182555344042686][T0x731da3880740][TIMING] emit_host_span: [STRACE] v=1 pid=466696 tid=466696 inv=63 hid=f0c29cefd733b2d6 depth=3 name=chip.run.runner_run.device_wall.sm_reset ts=10351 dur=5618 clk=dev
[mono_ns=182555344043688][T0x731da3880740][TIMING] emit_host_span: [STRACE] v=1 pid=466696 tid=466696 inv=63 hid=f0c29cefd733b2d6 depth=3 name=chip.run.runner_run.device_wall.post_orch ts=877462 dur=3475 clk=dev
[mono_ns=182555344044679][T0x731da3880740][TIMING] emit_host_span: [STRACE] v=1 pid=466696 tid=466696 inv=63 hid=f0c29cefd733b2d6 depth=3 name=chip.run.runner_run.device_wall.orch ts=16208 dur=626208 clk=dev
[mono_ns=182555344045701][T0x731da3880740][TIMING] emit_host_span: [STRACE] v=1 pid=466696 tid=466696 inv=63 hid=f0c29cefd733b2d6 depth=3 name=chip.run.runner_run.device_wall.sched ts=16900 dur=844964 clk=dev
[mono_ns=182555344047033][T0x731da3880740][TIMING] emit_host_span: [STRACE] v=1 pid=466696 tid=466696 inv=63 hid=f0c29cefd733b2d6 depth=1 name=chip.run.claim_release ts=182555344046362 dur=100
[mono_ns=182555344048345][T0x731da3880740][TIMING] emit_host_span: [STRACE] v=1 pid=466696 tid=466696 inv=63 hid=f0c29cefd733b2d6 depth=0 name=chip.run ts=182555304962610 dur=39085164 run_id=0 dispatch_id=0 slot_id=0 generation=63 run_epoch=63
[mono_ns=182555376911490][T0x731da3880740][TIMING] emit_host_span: [STRACE] v=1 pid=466696 tid=466696 inv=64 hid=f0c29cefd733b2d6 depth=2 name=chip.run.bind.args ts=182555344694354 dur=32215403
[mono_ns=182555376918220][T0x731da3880740][TIMING] emit_host_span: [STRACE] v=1 pid=466696 tid=466696 inv=64 hid=f0c29cefd733b2d6 depth=2 name=chip.run.bind.prebuilt ts=182555376916998 dur=541
[mono_ns=182555376919962][T0x731da3880740][TIMING] emit_host_span: [STRACE] v=1 pid=466696 tid=466696 inv=64 hid=f0c29cefd733b2d6 depth=1 name=chip.run.bind ts=182555344692131 dur=32226910
[mono_ns=182555381428029][T0x731da3880740][WARN] prepare_execution: [device_runner.cpp:343] AICPU CPU_TOPO unavailable; using json_fallback: soc=Ascend950PR_9579 occupy=0x3e stable_reachable=5 requested=0 effective=5 affinity=[1, 2, 3, 4, 5(orch)]
[mono_ns=182555382535361][T0x731da3880740][TIMING] emit_host_span: [STRACE] v=1 pid=466696 tid=466696 inv=64 hid=f0c29cefd733b2d6 depth=1 name=chip.run.runner_run ts=182555381484393 dur=1049896
[mono_ns=182555382860499][T0x731da3880740][TIMING] emit_host_span: [STRACE] v=1 pid=466696 tid=466696 inv=64 hid=f0c29cefd733b2d6 depth=1 name=chip.run.validate ts=182555382537634 dur=322073
[mono_ns=182555382862001][T0x731da3880740][TIMING] emit_host_span: [STRACE] v=1 pid=466696 tid=466696 inv=64 hid=f0c29cefd733b2d6 depth=2 name=chip.run.runner_run.device_wall ts=0 dur=924450 clk=dev
[mono_ns=182555382863323][T0x731da3880740][TIMING] emit_host_span: [STRACE] v=1 pid=466696 tid=466696 inv=64 hid=f0c29cefd733b2d6 depth=3 name=chip.run.runner_run.device_wall.preamble ts=0 dur=13963 clk=dev
[mono_ns=182555382864435][T0x731da3880740][TIMING] emit_host_span: [STRACE] v=1 pid=466696 tid=466696 inv=64 hid=f0c29cefd733b2d6 depth=3 name=chip.run.runner_run.device_wall.graph_build ts=4608 dur=914367 clk=dev
[mono_ns=182555382865506][T0x731da3880740][TIMING] emit_host_span: [STRACE] v=1 pid=466696 tid=466696 inv=64 hid=f0c29cefd733b2d6 depth=3 name=chip.run.runner_run.device_wall.config_validate ts=5410 dur=839 clk=dev
[mono_ns=182555382866528][T0x731da3880740][TIMING] emit_host_span: [STRACE] v=1 pid=466696 tid=466696 inv=64 hid=f0c29cefd733b2d6 depth=3 name=chip.run.runner_run.device_wall.arena_wire ts=6548 dur=3434 clk=dev
[mono_ns=182555382870023][T0x731da3880740][TIMING] emit_host_span: [STRACE] v=1 pid=466696 tid=466696 inv=64 hid=f0c29cefd733b2d6 depth=3 name=chip.run.runner_run.device_wall.sm_reset ts=10078 dur=6367 clk=dev
[mono_ns=182555382871085][T0x731da3880740][TIMING] emit_host_span: [STRACE] v=1 pid=466696 tid=466696 inv=64 hid=f0c29cefd733b2d6 depth=3 name=chip.run.runner_run.device_wall.post_orch ts=918997 dur=4855 clk=dev
[mono_ns=182555382872106][T0x731da3880740][TIMING] emit_host_span: [STRACE] v=1 pid=466696 tid=466696 inv=64 hid=f0c29cefd733b2d6 depth=3 name=chip.run.runner_run.device_wall.orch ts=16482 dur=622178 clk=dev
[mono_ns=182555382873078][T0x731da3880740][TIMING] emit_host_span: [STRACE] v=1 pid=466696 tid=466696 inv=64 hid=f0c29cefd733b2d6 depth=3 name=chip.run.runner_run.device_wall.sched ts=17387 dur=889409 clk=dev
[mono_ns=182555382874359][T0x731da3880740][TIMING] emit_host_span: [STRACE] v=1 pid=466696 tid=466696 inv=64 hid=f0c29cefd733b2d6 depth=1 name=chip.run.claim_release ts=182555382873698 dur=81
[mono_ns=182555382875782][T0x731da3880740][TIMING] emit_host_span: [STRACE] v=1 pid=466696 tid=466696 inv=64 hid=f0c29cefd733b2d6 depth=0 name=chip.run ts=182555344688836 dur=38186275 run_id=0 dispatch_id=0 slot_id=0 generation=64 run_epoch=64
[mono_ns=182555414137463][T0x731da3880740][TIMING] emit_host_span: [STRACE] v=1 pid=466696 tid=466696 inv=65 hid=f0c29cefd733b2d6 depth=2 name=chip.run.bind.args ts=182555383290234 dur=30845426
[mono_ns=182555414143462][T0x731da3880740][TIMING] emit_host_span: [STRACE] v=1 pid=466696 tid=466696 inv=65 hid=f0c29cefd733b2d6 depth=2 name=chip.run.bind.prebuilt ts=182555414142140 dur=691
[mono_ns=182555414145134][T0x731da3880740][TIMING] emit_host_span: [STRACE] v=1 pid=466696 tid=466696 inv=65 hid=f0c29cefd733b2d6 depth=1 name=chip.run.bind ts=182555383288171 dur=30856052
[mono_ns=182555418565479][T0x731da3880740][WARN] prepare_execution: [device_runner.cpp:343] AICPU CPU_TOPO unavailable; using json_fallback: soc=Ascend950PR_9579 occupy=0x3e stable_reachable=5 requested=0 effective=5 affinity=[1, 2, 3, 4, 5(orch)]
[mono_ns=182555419600903][T0x731da3880740][TIMING] emit_host_span: [STRACE] v=1 pid=466696 tid=466696 inv=65 hid=f0c29cefd733b2d6 depth=1 name=chip.run.runner_run ts=182555418620281 dur=979590
[mono_ns=182555419927673][T0x731da3880740][TIMING] emit_host_span: [STRACE] v=1 pid=466696 tid=466696 inv=65 hid=f0c29cefd733b2d6 depth=1 name=chip.run.validate ts=182555419603837 dur=323085
[mono_ns=182555419929116][T0x731da3880740][TIMING] emit_host_span: [STRACE] v=1 pid=466696 tid=466696 inv=65 hid=f0c29cefd733b2d6 depth=2 name=chip.run.runner_run.device_wall ts=0 dur=856262 clk=dev
[mono_ns=182555419930357][T0x731da3880740][TIMING] emit_host_span: [STRACE] v=1 pid=466696 tid=466696 inv=65 hid=f0c29cefd733b2d6 depth=3 name=chip.run.runner_run.device_wall.preamble ts=0 dur=11630 clk=dev
[mono_ns=182555419931399][T0x731da3880740][TIMING] emit_host_span: [STRACE] v=1 pid=466696 tid=466696 inv=65 hid=f0c29cefd733b2d6 depth=3 name=chip.run.runner_run.device_wall.graph_build ts=2731 dur=849441 clk=dev
[mono_ns=182555419932421][T0x731da3880740][TIMING] emit_host_span: [STRACE] v=1 pid=466696 tid=466696 inv=65 hid=f0c29cefd733b2d6 depth=3 name=chip.run.runner_run.device_wall.config_validate ts=3575 dur=951 clk=dev
[mono_ns=182555419933422][T0x731da3880740][TIMING] emit_host_span: [STRACE] v=1 pid=466696 tid=466696 inv=65 hid=f0c29cefd733b2d6 depth=3 name=chip.run.runner_run.device_wall.arena_wire ts=4782 dur=3089 clk=dev
[mono_ns=182555419934394][T0x731da3880740][TIMING] emit_host_span: [STRACE] v=1 pid=466696 tid=466696 inv=65 hid=f0c29cefd733b2d6 depth=3 name=chip.run.runner_run.device_wall.sm_reset ts=7935 dur=5918 clk=dev
[mono_ns=182555419935405][T0x731da3880740][TIMING] emit_host_span: [STRACE] v=1 pid=466696 tid=466696 inv=65 hid=f0c29cefd733b2d6 depth=3 name=chip.run.runner_run.device_wall.post_orch ts=852200 dur=3980 clk=dev
[mono_ns=182555419938560][T0x731da3880740][TIMING] emit_host_span: [STRACE] v=1 pid=466696 tid=466696 inv=65 hid=f0c29cefd733b2d6 depth=3 name=chip.run.runner_run.device_wall.orch ts=13921 dur=618664 clk=dev
[mono_ns=182555419939551][T0x731da3880740][TIMING] emit_host_span: [STRACE] v=1 pid=466696 tid=466696 inv=65 hid=f0c29cefd733b2d6 depth=3 name=chip.run.runner_run.device_wall.sched ts=14711 dur=823472 clk=dev
[mono_ns=182555419940763][T0x731da3880740][TIMING] emit_host_span: [STRACE] v=1 pid=466696 tid=466696 inv=65 hid=f0c29cefd733b2d6 depth=1 name=chip.run.claim_release ts=182555419940182 dur=60
[mono_ns=182555419942105][T0x731da3880740][TIMING] emit_host_span: [STRACE] v=1 pid=466696 tid=466696 inv=65 hid=f0c29cefd733b2d6 depth=0 name=chip.run ts=182555383285977 dur=36655477 run_id=0 dispatch_id=0 slot_id=0 generation=65 run_epoch=65
[mono_ns=182555450696315][T0x731da3880740][TIMING] emit_host_span: [STRACE] v=1 pid=466696 tid=466696 inv=66 hid=f0c29cefd733b2d6 depth=2 name=chip.run.bind.args ts=182555420193793 dur=30501460
[mono_ns=182555450700501][T0x731da3880740][TIMING] emit_host_span: [STRACE] v=1 pid=466696 tid=466696 inv=66 hid=f0c29cefd733b2d6 depth=2 name=chip.run.bind.prebuilt ts=182555450699279 dur=631
[mono_ns=182555450701723][T0x731da3880740][TIMING] emit_host_span: [STRACE] v=1 pid=466696 tid=466696 inv=66 hid=f0c29cefd733b2d6 depth=1 name=chip.run.bind ts=182555420191269 dur=30509913
[mono_ns=182555455190971][T0x731da3880740][WARN] prepare_execution: [device_runner.cpp:343] AICPU CPU_TOPO unavailable; using json_fallback: soc=Ascend950PR_9579 occupy=0x3e stable_reachable=5 requested=0 effective=5 affinity=[1, 2, 3, 4, 5(orch)]
[mono_ns=182555456237692][T0x731da3880740][TIMING] emit_host_span: [STRACE] v=1 pid=466696 tid=466696 inv=66 hid=f0c29cefd733b2d6 depth=1 name=chip.run.runner_run ts=182555455245252 dur=991549
[mono_ns=182555456556340][T0x731da3880740][TIMING] emit_host_span: [STRACE] v=1 pid=466696 tid=466696 inv=66 hid=f0c29cefd733b2d6 depth=1 name=chip.run.validate ts=182555456240085 dur=315554
[mono_ns=182555456557662][T0x731da3880740][TIMING] emit_host_span: [STRACE] v=1 pid=466696 tid=466696 inv=66 hid=f0c29cefd733b2d6 depth=2 name=chip.run.runner_run.device_wall ts=0 dur=874680 clk=dev
[mono_ns=182555456558734][T0x731da3880740][TIMING] emit_host_span: [STRACE] v=1 pid=466696 tid=466696 inv=66 hid=f0c29cefd733b2d6 depth=3 name=chip.run.runner_run.device_wall.preamble ts=0 dur=13703 clk=dev
[mono_ns=182555456559805][T0x731da3880740][TIMING] emit_host_span: [STRACE] v=1 pid=466696 tid=466696 inv=66 hid=f0c29cefd733b2d6 depth=3 name=chip.run.runner_run.device_wall.graph_build ts=4004 dur=865833 clk=dev
[mono_ns=182555456560877][T0x731da3880740][TIMING] emit_host_span: [STRACE] v=1 pid=466696 tid=466696 inv=66 hid=f0c29cefd733b2d6 depth=3 name=chip.run.runner_run.device_wall.config_validate ts=4867 dur=1351 clk=dev
[mono_ns=182555456561909][T0x731da3880740][TIMING] emit_host_span: [STRACE] v=1 pid=466696 tid=466696 inv=66 hid=f0c29cefd733b2d6 depth=3 name=chip.run.runner_run.device_wall.arena_wire ts=6330 dur=2969 clk=dev
[mono_ns=182555456562890][T0x731da3880740][TIMING] emit_host_span: [STRACE] v=1 pid=466696 tid=466696 inv=66 hid=f0c29cefd733b2d6 depth=3 name=chip.run.runner_run.device_wall.sm_reset ts=9389 dur=5633 clk=dev
[mono_ns=182555456563901][T0x731da3880740][TIMING] emit_host_span: [STRACE] v=1 pid=466696 tid=466696 inv=66 hid=f0c29cefd733b2d6 depth=3 name=chip.run.runner_run.device_wall.post_orch ts=869896 dur=3545 clk=dev
[mono_ns=182555456564873][T0x731da3880740][TIMING] emit_host_span: [STRACE] v=1 pid=466696 tid=466696 inv=66 hid=f0c29cefd733b2d6 depth=3 name=chip.run.runner_run.device_wall.orch ts=15187 dur=623598 clk=dev
[mono_ns=182555456565854][T0x731da3880740][TIMING] emit_host_span: [STRACE] v=1 pid=466696 tid=466696 inv=66 hid=f0c29cefd733b2d6 depth=3 name=chip.run.runner_run.device_wall.sched ts=15913 dur=838210 clk=dev
[mono_ns=182555456567016][T0x731da3880740][TIMING] emit_host_span: [STRACE] v=1 pid=466696 tid=466696 inv=66 hid=f0c29cefd733b2d6 depth=1 name=chip.run.claim_release ts=182555456566445 dur=50
[mono_ns=182555456570361][T0x731da3880740][TIMING] emit_host_span: [STRACE] v=1 pid=466696 tid=466696 inv=66 hid=f0c29cefd733b2d6 depth=0 name=chip.run ts=182555420189386 dur=36380334 run_id=0 dispatch_id=0 slot_id=0 generation=66 run_epoch=66
[mono_ns=182555487775688][T0x731da3880740][TIMING] emit_host_span: [STRACE] v=1 pid=466696 tid=466696 inv=67 hid=f0c29cefd733b2d6 depth=2 name=chip.run.bind.args ts=182555456759535 dur=31014761
[mono_ns=182555487780465][T0x731da3880740][TIMING] emit_host_span: [STRACE] v=1 pid=466696 tid=466696 inv=67 hid=f0c29cefd733b2d6 depth=2 name=chip.run.bind.prebuilt ts=182555487779083 dur=651
[mono_ns=182555487782108][T0x731da3880740][TIMING] emit_host_span: [STRACE] v=1 pid=466696 tid=466696 inv=67 hid=f0c29cefd733b2d6 depth=1 name=chip.run.bind ts=182555456758053 dur=31023213
[mono_ns=182555492216523][T0x731da3880740][WARN] prepare_execution: [device_runner.cpp:343] AICPU CPU_TOPO unavailable; using json_fallback: soc=Ascend950PR_9579 occupy=0x3e stable_reachable=5 requested=0 effective=5 affinity=[1, 2, 3, 4, 5(orch)]
[mono_ns=182555493281341][T0x731da3880740][TIMING] emit_host_span: [STRACE] v=1 pid=466696 tid=466696 inv=67 hid=f0c29cefd733b2d6 depth=1 name=chip.run.runner_run ts=182555492269493 dur=1010807
[mono_ns=182555493602063][T0x731da3880740][TIMING] emit_host_span: [STRACE] v=1 pid=466696 tid=466696 inv=67 hid=f0c29cefd733b2d6 depth=1 name=chip.run.validate ts=182555493283905 dur=317487
[mono_ns=182555493603455][T0x731da3880740][TIMING] emit_host_span: [STRACE] v=1 pid=466696 tid=466696 inv=67 hid=f0c29cefd733b2d6 depth=2 name=chip.run.runner_run.device_wall ts=0 dur=885503 clk=dev
[mono_ns=182555493604697][T0x731da3880740][TIMING] emit_host_span: [STRACE] v=1 pid=466696 tid=466696 inv=67 hid=f0c29cefd733b2d6 depth=3 name=chip.run.runner_run.device_wall.preamble ts=0 dur=14028 clk=dev
[mono_ns=182555493605748][T0x731da3880740][TIMING] emit_host_span: [STRACE] v=1 pid=466696 tid=466696 inv=67 hid=f0c29cefd733b2d6 depth=3 name=chip.run.runner_run.device_wall.graph_build ts=4354 dur=877335 clk=dev
[mono_ns=182555493606750][T0x731da3880740][TIMING] emit_host_span: [STRACE] v=1 pid=466696 tid=466696 inv=67 hid=f0c29cefd733b2d6 depth=3 name=chip.run.runner_run.device_wall.config_validate ts=5130 dur=1587 clk=dev
[mono_ns=182555493607741][T0x731da3880740][TIMING] emit_host_span: [STRACE] v=1 pid=466696 tid=466696 inv=67 hid=f0c29cefd733b2d6 depth=3 name=chip.run.runner_run.device_wall.arena_wire ts=6973 dur=3548 clk=dev
[mono_ns=182555493608733][T0x731da3880740][TIMING] emit_host_span: [STRACE] v=1 pid=466696 tid=466696 inv=67 hid=f0c29cefd733b2d6 depth=3 name=chip.run.runner_run.device_wall.sm_reset ts=10539 dur=5082 clk=dev
[mono_ns=182555493609714][T0x731da3880740][TIMING] emit_host_span: [STRACE] v=1 pid=466696 tid=466696 inv=67 hid=f0c29cefd733b2d6 depth=3 name=chip.run.runner_run.device_wall.post_orch ts=881720 dur=3723 clk=dev
[mono_ns=182555493610696][T0x731da3880740][TIMING] emit_host_span: [STRACE] v=1 pid=466696 tid=466696 inv=67 hid=f0c29cefd733b2d6 depth=3 name=chip.run.runner_run.device_wall.orch ts=15786 dur=645620 clk=dev
[mono_ns=182555493611677][T0x731da3880740][TIMING] emit_host_span: [STRACE] v=1 pid=466696 tid=466696 inv=67 hid=f0c29cefd733b2d6 depth=3 name=chip.run.runner_run.device_wall.sched ts=16522 dur=849574 clk=dev
[mono_ns=182555493612859][T0x731da3880740][TIMING] emit_host_span: [STRACE] v=1 pid=466696 tid=466696 inv=67 hid=f0c29cefd733b2d6 depth=1 name=chip.run.claim_release ts=182555493612278 dur=60
[mono_ns=182555493614071][T0x731da3880740][TIMING] emit_host_span: [STRACE] v=1 pid=466696 tid=466696 inv=67 hid=f0c29cefd733b2d6 depth=0 name=chip.run ts=182555456756400 dur=36857090 run_id=0 dispatch_id=0 slot_id=0 generation=67 run_epoch=67
[mono_ns=182555523929021][T0x731da3880740][TIMING] emit_host_span: [STRACE] v=1 pid=466696 tid=466696 inv=68 hid=f0c29cefd733b2d6 depth=2 name=chip.run.bind.args ts=182555493825819 dur=30101820
[mono_ns=182555523933938][T0x731da3880740][TIMING] emit_host_span: [STRACE] v=1 pid=466696 tid=466696 inv=68 hid=f0c29cefd733b2d6 depth=2 name=chip.run.bind.prebuilt ts=182555523932797 dur=551
[mono_ns=182555523937904][T0x731da3880740][TIMING] emit_host_span: [STRACE] v=1 pid=466696 tid=466696 inv=68 hid=f0c29cefd733b2d6 depth=1 name=chip.run.bind ts=182555493824266 dur=30112827
[mono_ns=182555528334934][T0x731da3880740][WARN] prepare_execution: [device_runner.cpp:343] AICPU CPU_TOPO unavailable; using json_fallback: soc=Ascend950PR_9579 occupy=0x3e stable_reachable=5 requested=0 effective=5 affinity=[1, 2, 3, 4, 5(orch)]
[mono_ns=182555529451460][T0x731da3880740][TIMING] emit_host_span: [STRACE] v=1 pid=466696 tid=466696 inv=68 hid=f0c29cefd733b2d6 depth=1 name=chip.run.runner_run ts=182555528381183 dur=1069365
[mono_ns=182555529768265][T0x731da3880740][TIMING] emit_host_span: [STRACE] v=1 pid=466696 tid=466696 inv=68 hid=f0c29cefd733b2d6 depth=1 name=chip.run.validate ts=182555529453713 dur=313831
[mono_ns=182555529769567][T0x731da3880740][TIMING] emit_host_span: [STRACE] v=1 pid=466696 tid=466696 inv=68 hid=f0c29cefd733b2d6 depth=2 name=chip.run.runner_run.device_wall ts=0 dur=950092 clk=dev
[mono_ns=182555529770629][T0x731da3880740][TIMING] emit_host_span: [STRACE] v=1 pid=466696 tid=466696 inv=68 hid=f0c29cefd733b2d6 depth=3 name=chip.run.runner_run.device_wall.preamble ts=0 dur=11638 clk=dev
[mono_ns=182555529771660][T0x731da3880740][TIMING] emit_host_span: [STRACE] v=1 pid=466696 tid=466696 inv=68 hid=f0c29cefd733b2d6 depth=3 name=chip.run.runner_run.device_wall.graph_build ts=2894 dur=943276 clk=dev
[mono_ns=182555529772632][T0x731da3880740][TIMING] emit_host_span: [STRACE] v=1 pid=466696 tid=466696 inv=68 hid=f0c29cefd733b2d6 depth=3 name=chip.run.runner_run.device_wall.config_validate ts=3455 dur=1105 clk=dev
[mono_ns=182555529773613][T0x731da3880740][TIMING] emit_host_span: [STRACE] v=1 pid=466696 tid=466696 inv=68 hid=f0c29cefd733b2d6 depth=3 name=chip.run.runner_run.device_wall.arena_wire ts=4585 dur=3631 clk=dev
[mono_ns=182555529774585][T0x731da3880740][TIMING] emit_host_span: [STRACE] v=1 pid=466696 tid=466696 inv=68 hid=f0c29cefd733b2d6 depth=3 name=chip.run.runner_run.device_wall.sm_reset ts=8235 dur=4318 clk=dev
[mono_ns=182555529775566][T0x731da3880740][TIMING] emit_host_span: [STRACE] v=1 pid=466696 tid=466696 inv=68 hid=f0c29cefd733b2d6 depth=3 name=chip.run.runner_run.device_wall.post_orch ts=946189 dur=3535 clk=dev
[mono_ns=182555529776538][T0x731da3880740][TIMING] emit_host_span: [STRACE] v=1 pid=466696 tid=466696 inv=68 hid=f0c29cefd733b2d6 depth=3 name=chip.run.runner_run.device_wall.orch ts=12626 dur=663661 clk=dev
[mono_ns=182555529777529][T0x731da3880740][TIMING] emit_host_span: [STRACE] v=1 pid=466696 tid=466696 inv=68 hid=f0c29cefd733b2d6 depth=3 name=chip.run.runner_run.device_wall.sched ts=13466 dur=917669 clk=dev
[mono_ns=182555529778751][T0x731da3880740][TIMING] emit_host_span: [STRACE] v=1 pid=466696 tid=466696 inv=68 hid=f0c29cefd733b2d6 depth=1 name=chip.run.claim_release ts=182555529778110 dur=90
[mono_ns=182555529779993][T0x731da3880740][TIMING] emit_host_span: [STRACE] v=1 pid=466696 tid=466696 inv=68 hid=f0c29cefd733b2d6 depth=0 name=chip.run ts=182555493822444 dur=35956938 run_id=0 dispatch_id=0 slot_id=0 generation=68 run_epoch=68
[mono_ns=182555560642755][T0x731da3880740][TIMING] emit_host_span: [STRACE] v=1 pid=466696 tid=466696 inv=69 hid=f0c29cefd733b2d6 depth=2 name=chip.run.bind.args ts=182555529996778 dur=30644445
[mono_ns=182555560647843][T0x731da3880740][TIMING] emit_host_span: [STRACE] v=1 pid=466696 tid=466696 inv=69 hid=f0c29cefd733b2d6 depth=2 name=chip.run.bind.prebuilt ts=182555560646421 dur=701
[mono_ns=182555560649205][T0x731da3880740][TIMING] emit_host_span: [STRACE] v=1 pid=466696 tid=466696 inv=69 hid=f0c29cefd733b2d6 depth=1 name=chip.run.bind ts=182555529995086 dur=30653438
[mono_ns=182555565101738][T0x731da3880740][WARN] prepare_execution: [device_runner.cpp:343] AICPU CPU_TOPO unavailable; using json_fallback: soc=Ascend950PR_9579 occupy=0x3e stable_reachable=5 requested=0 effective=5 affinity=[1, 2, 3, 4, 5(orch)]
[mono_ns=182555566123972][T0x731da3880740][TIMING] emit_host_span: [STRACE] v=1 pid=466696 tid=466696 inv=69 hid=f0c29cefd733b2d6 depth=1 name=chip.run.runner_run ts=182555565151503 dur=971508
[mono_ns=182555566386046][T0x731da3880740][TIMING] emit_host_span: [STRACE] v=1 pid=466696 tid=466696 inv=69 hid=f0c29cefd733b2d6 depth=1 name=chip.run.validate ts=182555566126506 dur=258789
[mono_ns=182555566387318][T0x731da3880740][TIMING] emit_host_span: [STRACE] v=1 pid=466696 tid=466696 inv=69 hid=f0c29cefd733b2d6 depth=2 name=chip.run.runner_run.device_wall ts=0 dur=865293 clk=dev
[mono_ns=182555566388519][T0x731da3880740][TIMING] emit_host_span: [STRACE] v=1 pid=466696 tid=466696 inv=69 hid=f0c29cefd733b2d6 depth=3 name=chip.run.runner_run.device_wall.preamble ts=0 dur=12171 clk=dev
[mono_ns=182555566389591][T0x731da3880740][TIMING] emit_host_span: [STRACE] v=1 pid=466696 tid=466696 inv=69 hid=f0c29cefd733b2d6 depth=3 name=chip.run.runner_run.device_wall.graph_build ts=2736 dur=858689 clk=dev
[mono_ns=182555566390623][T0x731da3880740][TIMING] emit_host_span: [STRACE] v=1 pid=466696 tid=466696 inv=69 hid=f0c29cefd733b2d6 depth=3 name=chip.run.runner_run.device_wall.config_validate ts=3369 dur=916 clk=dev
[mono_ns=182555566391594][T0x731da3880740][TIMING] emit_host_span: [STRACE] v=1 pid=466696 tid=466696 inv=69 hid=f0c29cefd733b2d6 depth=3 name=chip.run.runner_run.device_wall.arena_wire ts=4407 dur=3046 clk=dev
[mono_ns=182555566392606][T0x731da3880740][TIMING] emit_host_span: [STRACE] v=1 pid=466696 tid=466696 inv=69 hid=f0c29cefd733b2d6 depth=3 name=chip.run.runner_run.device_wall.sm_reset ts=7471 dur=4607 clk=dev
[mono_ns=182555566393617][T0x731da3880740][TIMING] emit_host_span: [STRACE] v=1 pid=466696 tid=466696 inv=69 hid=f0c29cefd733b2d6 depth=3 name=chip.run.runner_run.device_wall.post_orch ts=861449 dur=3449 clk=dev
[mono_ns=182555566394609][T0x731da3880740][TIMING] emit_host_span: [STRACE] v=1 pid=466696 tid=466696 inv=69 hid=f0c29cefd733b2d6 depth=3 name=chip.run.runner_run.device_wall.orch ts=12148 dur=639880 clk=dev
[mono_ns=182555566395610][T0x731da3880740][TIMING] emit_host_span: [STRACE] v=1 pid=466696 tid=466696 inv=69 hid=f0c29cefd733b2d6 depth=3 name=chip.run.runner_run.device_wall.sched ts=13174 dur=834261 clk=dev
[mono_ns=182555566396832][T0x731da3880740][TIMING] emit_host_span: [STRACE] v=1 pid=466696 tid=466696 inv=69 hid=f0c29cefd733b2d6 depth=1 name=chip.run.claim_release ts=182555566396221 dur=80
[mono_ns=182555566398264][T0x731da3880740][TIMING] emit_host_span: [STRACE] v=1 pid=466696 tid=466696 inv=69 hid=f0c29cefd733b2d6 depth=0 name=chip.run ts=182555529993143 dur=36404460 run_id=0 dispatch_id=0 slot_id=0 generation=69 run_epoch=69
[mono_ns=182555596522588][T0x731da3880740][TIMING] emit_host_span: [STRACE] v=1 pid=466696 tid=466696 inv=70 hid=f0c29cefd733b2d6 depth=2 name=chip.run.bind.args ts=182555566594989 dur=29925997
[mono_ns=182555596528116][T0x731da3880740][TIMING] emit_host_span: [STRACE] v=1 pid=466696 tid=466696 inv=70 hid=f0c29cefd733b2d6 depth=2 name=chip.run.bind.prebuilt ts=182555596526945 dur=601
[mono_ns=182555596529549][T0x731da3880740][TIMING] emit_host_span: [STRACE] v=1 pid=466696 tid=466696 inv=70 hid=f0c29cefd733b2d6 depth=1 name=chip.run.bind ts=182555566593357 dur=29935521
[mono_ns=182555601165927][T0x731da3880740][WARN] prepare_execution: [device_runner.cpp:343] AICPU CPU_TOPO unavailable; using json_fallback: soc=Ascend950PR_9579 occupy=0x3e stable_reachable=5 requested=0 effective=5 affinity=[1, 2, 3, 4, 5(orch)]
[mono_ns=182555602188873][T0x731da3880740][TIMING] emit_host_span: [STRACE] v=1 pid=466696 tid=466696 inv=70 hid=f0c29cefd733b2d6 depth=1 name=chip.run.runner_run ts=182555601216353 dur=971639
[mono_ns=182555602485428][T0x731da3880740][TIMING] emit_host_span: [STRACE] v=1 pid=466696 tid=466696 inv=70 hid=f0c29cefd733b2d6 depth=1 name=chip.run.validate ts=182555602191246 dur=293471
[mono_ns=182555602486870][T0x731da3880740][TIMING] emit_host_span: [STRACE] v=1 pid=466696 tid=466696 inv=70 hid=f0c29cefd733b2d6 depth=2 name=chip.run.runner_run.device_wall ts=0 dur=860663 clk=dev
[mono_ns=182555602490095][T0x731da3880740][TIMING] emit_host_span: [STRACE] v=1 pid=466696 tid=466696 inv=70 hid=f0c29cefd733b2d6 depth=3 name=chip.run.runner_run.device_wall.preamble ts=0 dur=12126 clk=dev
[mono_ns=182555602491147][T0x731da3880740][TIMING] emit_host_span: [STRACE] v=1 pid=466696 tid=466696 inv=70 hid=f0c29cefd733b2d6 depth=3 name=chip.run.runner_run.device_wall.graph_build ts=2904 dur=853843 clk=dev
[mono_ns=182555602492158][T0x731da3880740][TIMING] emit_host_span: [STRACE] v=1 pid=466696 tid=466696 inv=70 hid=f0c29cefd733b2d6 depth=3 name=chip.run.runner_run.device_wall.config_validate ts=3486 dur=1551 clk=dev
[mono_ns=182555602493170][T0x731da3880740][TIMING] emit_host_span: [STRACE] v=1 pid=466696 tid=466696 inv=70 hid=f0c29cefd733b2d6 depth=3 name=chip.run.runner_run.device_wall.arena_wire ts=5101 dur=2993 clk=dev
[mono_ns=182555602494151][T0x731da3880740][TIMING] emit_host_span: [STRACE] v=1 pid=466696 tid=466696 inv=70 hid=f0c29cefd733b2d6 depth=3 name=chip.run.runner_run.device_wall.sm_reset ts=8117 dur=4966 clk=dev
[mono_ns=182555602495173][T0x731da3880740][TIMING] emit_host_span: [STRACE] v=1 pid=466696 tid=466696 inv=70 hid=f0c29cefd733b2d6 depth=3 name=chip.run.runner_run.device_wall.post_orch ts=856765 dur=3524 clk=dev
[mono_ns=182555602496144][T0x731da3880740][TIMING] emit_host_span: [STRACE] v=1 pid=466696 tid=466696 inv=70 hid=f0c29cefd733b2d6 depth=3 name=chip.run.runner_run.device_wall.orch ts=13160 dur=608468 clk=dev
[mono_ns=182555602497176][T0x731da3880740][TIMING] emit_host_span: [STRACE] v=1 pid=466696 tid=466696 inv=70 hid=f0c29cefd733b2d6 depth=3 name=chip.run.runner_run.device_wall.sched ts=13824 dur=829162 clk=dev
[mono_ns=182555602498377][T0x731da3880740][TIMING] emit_host_span: [STRACE] v=1 pid=466696 tid=466696 inv=70 hid=f0c29cefd733b2d6 depth=1 name=chip.run.claim_release ts=182555602497797 dur=50
[mono_ns=182555602499729][T0x731da3880740][TIMING] emit_host_span: [STRACE] v=1 pid=466696 tid=466696 inv=70 hid=f0c29cefd733b2d6 depth=0 name=chip.run ts=182555566591544 dur=35907574 run_id=0 dispatch_id=0 slot_id=0 generation=70 run_epoch=70
[mono_ns=182555633140649][T0x731da3880740][TIMING] emit_host_span: [STRACE] v=1 pid=466696 tid=466696 inv=71 hid=f0c29cefd733b2d6 depth=2 name=chip.run.bind.args ts=182555602701612 dur=30437665
[mono_ns=182555633145456][T0x731da3880740][TIMING] emit_host_span: [STRACE] v=1 pid=466696 tid=466696 inv=71 hid=f0c29cefd733b2d6 depth=2 name=chip.run.bind.prebuilt ts=182555633144254 dur=611
[mono_ns=182555633146998][T0x731da3880740][TIMING] emit_host_span: [STRACE] v=1 pid=466696 tid=466696 inv=71 hid=f0c29cefd733b2d6 depth=1 name=chip.run.bind ts=182555602700100 dur=30446107
[mono_ns=182555637899121][T0x731da3880740][WARN] prepare_execution: [device_runner.cpp:343] AICPU CPU_TOPO unavailable; using json_fallback: soc=Ascend950PR_9579 occupy=0x3e stable_reachable=5 requested=0 effective=5 affinity=[1, 2, 3, 4, 5(orch)]
[mono_ns=182555638966403][T0x731da3880740][TIMING] emit_host_span: [STRACE] v=1 pid=466696 tid=466696 inv=71 hid=f0c29cefd733b2d6 depth=1 name=chip.run.runner_run ts=182555637949947 dur=1015494
[mono_ns=182555639298622][T0x731da3880740][TIMING] emit_host_span: [STRACE] v=1 pid=466696 tid=466696 inv=71 hid=f0c29cefd733b2d6 depth=1 name=chip.run.validate ts=182555638968907 dur=328983
[mono_ns=182555639300424][T0x731da3880740][TIMING] emit_host_span: [STRACE] v=1 pid=466696 tid=466696 inv=71 hid=f0c29cefd733b2d6 depth=2 name=chip.run.runner_run.device_wall ts=0 dur=898670 clk=dev
[mono_ns=182555639301516][T0x731da3880740][TIMING] emit_host_span: [STRACE] v=1 pid=466696 tid=466696 inv=71 hid=f0c29cefd733b2d6 depth=3 name=chip.run.runner_run.device_wall.preamble ts=0 dur=14046 clk=dev
[mono_ns=182555639302567][T0x731da3880740][TIMING] emit_host_span: [STRACE] v=1 pid=466696 tid=466696 inv=71 hid=f0c29cefd733b2d6 depth=3 name=chip.run.runner_run.device_wall.graph_build ts=4072 dur=890116 clk=dev
[mono_ns=182555639303569][T0x731da3880740][TIMING] emit_host_span: [STRACE] v=1 pid=466696 tid=466696 inv=71 hid=f0c29cefd733b2d6 depth=3 name=chip.run.runner_run.device_wall.config_validate ts=4817 dur=1365 clk=dev
[mono_ns=182555639306273][T0x731da3880740][TIMING] emit_host_span: [STRACE] v=1 pid=466696 tid=466696 inv=71 hid=f0c29cefd733b2d6 depth=3 name=chip.run.runner_run.device_wall.arena_wire ts=6202 dur=3403 clk=dev
[mono_ns=182555639307285][T0x731da3880740][TIMING] emit_host_span: [STRACE] v=1 pid=466696 tid=466696 inv=71 hid=f0c29cefd733b2d6 depth=3 name=chip.run.runner_run.device_wall.sm_reset ts=9711 dur=5632 clk=dev
[mono_ns=182555639308296][T0x731da3880740][TIMING] emit_host_span: [STRACE] v=1 pid=466696 tid=466696 inv=71 hid=f0c29cefd733b2d6 depth=3 name=chip.run.runner_run.device_wall.post_orch ts=894212 dur=3624 clk=dev
[mono_ns=182555639309288][T0x731da3880740][TIMING] emit_host_span: [STRACE] v=1 pid=466696 tid=466696 inv=71 hid=f0c29cefd733b2d6 depth=3 name=chip.run.runner_run.device_wall.orch ts=15418 dur=608777 clk=dev
[mono_ns=182555639310299][T0x731da3880740][TIMING] emit_host_span: [STRACE] v=1 pid=466696 tid=466696 inv=71 hid=f0c29cefd733b2d6 depth=3 name=chip.run.runner_run.device_wall.sched ts=16181 dur=864359 clk=dev
[mono_ns=182555639311501][T0x731da3880740][TIMING] emit_host_span: [STRACE] v=1 pid=466696 tid=466696 inv=71 hid=f0c29cefd733b2d6 depth=1 name=chip.run.claim_release ts=182555639310930 dur=40
[mono_ns=182555639312893][T0x731da3880740][TIMING] emit_host_span: [STRACE] v=1 pid=466696 tid=466696 inv=71 hid=f0c29cefd733b2d6 depth=0 name=chip.run ts=182555602698348 dur=36613944 run_id=0 dispatch_id=0 slot_id=0 generation=71 run_epoch=71
[mono_ns=182555671043819][T0x731da3880740][TIMING] emit_host_span: [STRACE] v=1 pid=466696 tid=466696 inv=72 hid=f0c29cefd733b2d6 depth=2 name=chip.run.bind.args ts=182555639515016 dur=31526940
[mono_ns=182555671049627][T0x731da3880740][TIMING] emit_host_span: [STRACE] v=1 pid=466696 tid=466696 inv=72 hid=f0c29cefd733b2d6 depth=2 name=chip.run.bind.prebuilt ts=182555671048305 dur=761
[mono_ns=182555671051160][T0x731da3880740][TIMING] emit_host_span: [STRACE] v=1 pid=466696 tid=466696 inv=72 hid=f0c29cefd733b2d6 depth=1 name=chip.run.bind ts=182555639513073 dur=31537325
[mono_ns=182555675536111][T0x731da3880740][WARN] prepare_execution: [device_runner.cpp:343] AICPU CPU_TOPO unavailable; using json_fallback: soc=Ascend950PR_9579 occupy=0x3e stable_reachable=5 requested=0 effective=5 affinity=[1, 2, 3, 4, 5(orch)]
[mono_ns=182555676577084][T0x731da3880740][TIMING] emit_host_span: [STRACE] v=1 pid=466696 tid=466696 inv=72 hid=f0c29cefd733b2d6 depth=1 name=chip.run.runner_run ts=182555675588510 dur=987602
[mono_ns=182555676881701][T0x731da3880740][TIMING] emit_host_span: [STRACE] v=1 pid=466696 tid=466696 inv=72 hid=f0c29cefd733b2d6 depth=1 name=chip.run.validate ts=182555676579687 dur=301353
[mono_ns=182555676883053][T0x731da3880740][TIMING] emit_host_span: [STRACE] v=1 pid=466696 tid=466696 inv=72 hid=f0c29cefd733b2d6 depth=2 name=chip.run.runner_run.device_wall ts=0 dur=846527 clk=dev
[mono_ns=182555676884315][T0x731da3880740][TIMING] emit_host_span: [STRACE] v=1 pid=466696 tid=466696 inv=72 hid=f0c29cefd733b2d6 depth=3 name=chip.run.runner_run.device_wall.preamble ts=0 dur=14866 clk=dev
[mono_ns=182555676885326][T0x731da3880740][TIMING] emit_host_span: [STRACE] v=1 pid=466696 tid=466696 inv=72 hid=f0c29cefd733b2d6 depth=3 name=chip.run.runner_run.device_wall.graph_build ts=4795 dur=837718 clk=dev
[mono_ns=182555676886338][T0x731da3880740][TIMING] emit_host_span: [STRACE] v=1 pid=466696 tid=466696 inv=72 hid=f0c29cefd733b2d6 depth=3 name=chip.run.runner_run.device_wall.config_validate ts=5562 dur=1647 clk=dev
[mono_ns=182555676887349][T0x731da3880740][TIMING] emit_host_span: [STRACE] v=1 pid=466696 tid=466696 inv=72 hid=f0c29cefd733b2d6 depth=3 name=chip.run.runner_run.device_wall.arena_wire ts=7277 dur=3462 clk=dev
[mono_ns=182555676888341][T0x731da3880740][TIMING] emit_host_span: [STRACE] v=1 pid=466696 tid=466696 inv=72 hid=f0c29cefd733b2d6 depth=3 name=chip.run.runner_run.device_wall.sm_reset ts=10761 dur=5925 clk=dev
[mono_ns=182555676890774][T0x731da3880740][TIMING] emit_host_span: [STRACE] v=1 pid=466696 tid=466696 inv=72 hid=f0c29cefd733b2d6 depth=3 name=chip.run.runner_run.device_wall.post_orch ts=842617 dur=2871 clk=dev
[mono_ns=182555676891756][T0x731da3880740][TIMING] emit_host_span: [STRACE] v=1 pid=466696 tid=466696 inv=72 hid=f0c29cefd733b2d6 depth=3 name=chip.run.runner_run.device_wall.orch ts=16769 dur=608873 clk=dev
[mono_ns=182555676892747][T0x731da3880740][TIMING] emit_host_span: [STRACE] v=1 pid=466696 tid=466696 inv=72 hid=f0c29cefd733b2d6 depth=3 name=chip.run.runner_run.device_wall.sched ts=17814 dur=812843 clk=dev
[mono_ns=182555676893979][T0x731da3880740][TIMING] emit_host_span: [STRACE] v=1 pid=466696 tid=466696 inv=72 hid=f0c29cefd733b2d6 depth=1 name=chip.run.claim_release ts=182555676893378 dur=60
[mono_ns=182555676895291][T0x731da3880740][TIMING] emit_host_span: [STRACE] v=1 pid=466696 tid=466696 inv=72 hid=f0c29cefd733b2d6 depth=0 name=chip.run ts=182555639511351 dur=37383349 run_id=0 dispatch_id=0 slot_id=0 generation=72 run_epoch=72
[mono_ns=182555705522108][T0x731da3880740][TIMING] emit_host_span: [STRACE] v=1 pid=466696 tid=466696 inv=73 hid=f0c29cefd733b2d6 depth=2 name=chip.run.bind.args ts=182555677105947 dur=28414027
[mono_ns=182555705527476][T0x731da3880740][TIMING] emit_host_span: [STRACE] v=1 pid=466696 tid=466696 inv=73 hid=f0c29cefd733b2d6 depth=2 name=chip.run.bind.prebuilt ts=182555705525984 dur=911
[mono_ns=182555705529058][T0x731da3880740][TIMING] emit_host_span: [STRACE] v=1 pid=466696 tid=466696 inv=73 hid=f0c29cefd733b2d6 depth=1 name=chip.run.bind ts=182555677104445 dur=28423802
[mono_ns=182555709960219][T0x731da3880740][WARN] prepare_execution: [device_runner.cpp:343] AICPU CPU_TOPO unavailable; using json_fallback: soc=Ascend950PR_9579 occupy=0x3e stable_reachable=5 requested=0 effective=5 affinity=[1, 2, 3, 4, 5(orch)]
[mono_ns=182555711075693][T0x731da3880740][TIMING] emit_host_span: [STRACE] v=1 pid=466696 tid=466696 inv=73 hid=f0c29cefd733b2d6 depth=1 name=chip.run.runner_run ts=182555710018717 dur=1056095
[mono_ns=182555711391447][T0x731da3880740][TIMING] emit_host_span: [STRACE] v=1 pid=466696 tid=466696 inv=73 hid=f0c29cefd733b2d6 depth=1 name=chip.run.validate ts=182555711078037 dur=312709
[mono_ns=182555711393019][T0x731da3880740][TIMING] emit_host_span: [STRACE] v=1 pid=466696 tid=466696 inv=73 hid=f0c29cefd733b2d6 depth=2 name=chip.run.runner_run.device_wall ts=0 dur=930221 clk=dev
[mono_ns=182555711394211][T0x731da3880740][TIMING] emit_host_span: [STRACE] v=1 pid=466696 tid=466696 inv=73 hid=f0c29cefd733b2d6 depth=3 name=chip.run.runner_run.device_wall.preamble ts=0 dur=11629 clk=dev
[mono_ns=182555711395283][T0x731da3880740][TIMING] emit_host_span: [STRACE] v=1 pid=466696 tid=466696 inv=73 hid=f0c29cefd733b2d6 depth=3 name=chip.run.runner_run.device_wall.graph_build ts=1936 dur=923901 clk=dev
[mono_ns=182555711396284][T0x731da3880740][TIMING] emit_host_span: [STRACE] v=1 pid=466696 tid=466696 inv=73 hid=f0c29cefd733b2d6 depth=3 name=chip.run.runner_run.device_wall.config_validate ts=2473 dur=1460 clk=dev
[mono_ns=182555711397276][T0x731da3880740][TIMING] emit_host_span: [STRACE] v=1 pid=466696 tid=466696 inv=73 hid=f0c29cefd733b2d6 depth=3 name=chip.run.runner_run.device_wall.arena_wire ts=4186 dur=3693 clk=dev
[mono_ns=182555711398237][T0x731da3880740][TIMING] emit_host_span: [STRACE] v=1 pid=466696 tid=466696 inv=73 hid=f0c29cefd733b2d6 depth=3 name=chip.run.runner_run.device_wall.sm_reset ts=7901 dur=4884 clk=dev
[mono_ns=182555711399259][T0x731da3880740][TIMING] emit_host_span: [STRACE] v=1 pid=466696 tid=466696 inv=73 hid=f0c29cefd733b2d6 depth=3 name=chip.run.runner_run.device_wall.post_orch ts=925857 dur=3973 clk=dev
[mono_ns=182555711400230][T0x731da3880740][TIMING] emit_host_span: [STRACE] v=1 pid=466696 tid=466696 inv=73 hid=f0c29cefd733b2d6 depth=3 name=chip.run.runner_run.device_wall.orch ts=12860 dur=618715 clk=dev
[mono_ns=182555711401222][T0x731da3880740][TIMING] emit_host_span: [STRACE] v=1 pid=466696 tid=466696 inv=73 hid=f0c29cefd733b2d6 depth=3 name=chip.run.runner_run.device_wall.sched ts=13722 dur=898362 clk=dev
[mono_ns=182555711404356][T0x731da3880740][TIMING] emit_host_span: [STRACE] v=1 pid=466696 tid=466696 inv=73 hid=f0c29cefd733b2d6 depth=1 name=chip.run.claim_release ts=182555711403746 dur=60
[mono_ns=182555711405618][T0x731da3880740][TIMING] emit_host_span: [STRACE] v=1 pid=466696 tid=466696 inv=73 hid=f0c29cefd733b2d6 depth=0 name=chip.run ts=182555677102873 dur=34302124 run_id=0 dispatch_id=0 slot_id=0 generation=73 run_epoch=73
[mono_ns=182555739721548][T0x731da3880740][TIMING] emit_host_span: [STRACE] v=1 pid=466696 tid=466696 inv=74 hid=f0c29cefd733b2d6 depth=2 name=chip.run.bind.args ts=182555711631718 dur=28086535
[mono_ns=182555739730031][T0x731da3880740][TIMING] emit_host_span: [STRACE] v=1 pid=466696 tid=466696 inv=74 hid=f0c29cefd733b2d6 depth=2 name=chip.run.bind.prebuilt ts=182555739728439 dur=811
[mono_ns=182555739731864][T0x731da3880740][TIMING] emit_host_span: [STRACE] v=1 pid=466696 tid=466696 inv=74 hid=f0c29cefd733b2d6 depth=1 name=chip.run.bind ts=182555711630195 dur=28100878
[mono_ns=182555744489985][T0x731da3880740][WARN] prepare_execution: [device_runner.cpp:343] AICPU CPU_TOPO unavailable; using json_fallback: soc=Ascend950PR_9579 occupy=0x3e stable_reachable=5 requested=0 effective=5 affinity=[1, 2, 3, 4, 5(orch)]
[mono_ns=182555745567112][T0x731da3880740][TIMING] emit_host_span: [STRACE] v=1 pid=466696 tid=466696 inv=74 hid=f0c29cefd733b2d6 depth=1 name=chip.run.runner_run ts=182555744547562 dur=1018458
[mono_ns=182555745879871][T0x731da3880740][TIMING] emit_host_span: [STRACE] v=1 pid=466696 tid=466696 inv=74 hid=f0c29cefd733b2d6 depth=1 name=chip.run.validate ts=182555745569746 dur=309304
[mono_ns=182555745881374][T0x731da3880740][TIMING] emit_host_span: [STRACE] v=1 pid=466696 tid=466696 inv=74 hid=f0c29cefd733b2d6 depth=2 name=chip.run.runner_run.device_wall ts=0 dur=886545 clk=dev
[mono_ns=182555745882616][T0x731da3880740][TIMING] emit_host_span: [STRACE] v=1 pid=466696 tid=466696 inv=74 hid=f0c29cefd733b2d6 depth=3 name=chip.run.runner_run.device_wall.preamble ts=0 dur=13690 clk=dev
[mono_ns=182555745883827][T0x731da3880740][TIMING] emit_host_span: [STRACE] v=1 pid=466696 tid=466696 inv=74 hid=f0c29cefd733b2d6 depth=3 name=chip.run.runner_run.device_wall.graph_build ts=4157 dur=877986 clk=dev
[mono_ns=182555745884819][T0x731da3880740][TIMING] emit_host_span: [STRACE] v=1 pid=466696 tid=466696 inv=74 hid=f0c29cefd733b2d6 depth=3 name=chip.run.runner_run.device_wall.config_validate ts=4887 dur=1216 clk=dev
[mono_ns=182555745885790][T0x731da3880740][TIMING] emit_host_span: [STRACE] v=1 pid=466696 tid=466696 inv=74 hid=f0c29cefd733b2d6 depth=3 name=chip.run.runner_run.device_wall.arena_wire ts=6365 dur=3222 clk=dev
[mono_ns=182555745886772][T0x731da3880740][TIMING] emit_host_span: [STRACE] v=1 pid=466696 tid=466696 inv=74 hid=f0c29cefd733b2d6 depth=3 name=chip.run.runner_run.device_wall.sm_reset ts=9608 dur=5512 clk=dev
[mono_ns=182555745887783][T0x731da3880740][TIMING] emit_host_span: [STRACE] v=1 pid=466696 tid=466696 inv=74 hid=f0c29cefd733b2d6 depth=3 name=chip.run.runner_run.device_wall.post_orch ts=882168 dur=3897 clk=dev
[mono_ns=182555745888785][T0x731da3880740][TIMING] emit_host_span: [STRACE] v=1 pid=466696 tid=466696 inv=74 hid=f0c29cefd733b2d6 depth=3 name=chip.run.runner_run.device_wall.orch ts=15157 dur=642439 clk=dev
[mono_ns=182555745889816][T0x731da3880740][TIMING] emit_host_span: [STRACE] v=1 pid=466696 tid=466696 inv=74 hid=f0c29cefd733b2d6 depth=3 name=chip.run.runner_run.device_wall.sched ts=15974 dur=852790 clk=dev
[mono_ns=182555745891138][T0x731da3880740][TIMING] emit_host_span: [STRACE] v=1 pid=466696 tid=466696 inv=74 hid=f0c29cefd733b2d6 depth=1 name=chip.run.claim_release ts=182555745890477 dur=90
[mono_ns=182555745892480][T0x731da3880740][TIMING] emit_host_span: [STRACE] v=1 pid=466696 tid=466696 inv=74 hid=f0c29cefd733b2d6 depth=0 name=chip.run ts=182555711628563 dur=34263276 run_id=0 dispatch_id=0 slot_id=0 generation=74 run_epoch=74
[mono_ns=182555774067118][T0x731da3880740][TIMING] emit_host_span: [STRACE] v=1 pid=466696 tid=466696 inv=75 hid=f0c29cefd733b2d6 depth=2 name=chip.run.bind.args ts=182555746135495 dur=27930301
[mono_ns=182555774076322][T0x731da3880740][TIMING] emit_host_span: [STRACE] v=1 pid=466696 tid=466696 inv=75 hid=f0c29cefd733b2d6 depth=2 name=chip.run.bind.prebuilt ts=182555774075040 dur=661
[mono_ns=182555774077634][T0x731da3880740][TIMING] emit_host_span: [STRACE] v=1 pid=466696 tid=466696 inv=75 hid=f0c29cefd733b2d6 depth=1 name=chip.run.bind ts=182555746132911 dur=27944142
[mono_ns=182555778637688][T0x731da3880740][WARN] prepare_execution: [device_runner.cpp:343] AICPU CPU_TOPO unavailable; using json_fallback: soc=Ascend950PR_9579 occupy=0x3e stable_reachable=5 requested=0 effective=5 affinity=[1, 2, 3, 4, 5(orch)]
[mono_ns=182555779671210][T0x731da3880740][TIMING] emit_host_span: [STRACE] v=1 pid=466696 tid=466696 inv=75 hid=f0c29cefd733b2d6 depth=1 name=chip.run.runner_run ts=182555778677107 dur=993221
[mono_ns=182555780006062][T0x731da3880740][TIMING] emit_host_span: [STRACE] v=1 pid=466696 tid=466696 inv=75 hid=f0c29cefd733b2d6 depth=1 name=chip.run.validate ts=182555779673463 dur=331828
[mono_ns=182555780007795][T0x731da3880740][TIMING] emit_host_span: [STRACE] v=1 pid=466696 tid=466696 inv=75 hid=f0c29cefd733b2d6 depth=2 name=chip.run.runner_run.device_wall ts=0 dur=874260 clk=dev
[mono_ns=182555780009107][T0x731da3880740][TIMING] emit_host_span: [STRACE] v=1 pid=466696 tid=466696 inv=75 hid=f0c29cefd733b2d6 depth=3 name=chip.run.runner_run.device_wall.preamble ts=0 dur=12626 clk=dev
[mono_ns=182555780010128][T0x731da3880740][TIMING] emit_host_span: [STRACE] v=1 pid=466696 tid=466696 inv=75 hid=f0c29cefd733b2d6 depth=3 name=chip.run.runner_run.device_wall.graph_build ts=2755 dur=867480 clk=dev
[mono_ns=182555780011450][T0x731da3880740][TIMING] emit_host_span: [STRACE] v=1 pid=466696 tid=466696 inv=75 hid=f0c29cefd733b2d6 depth=3 name=chip.run.runner_run.device_wall.config_validate ts=3618 dur=1632 clk=dev
[mono_ns=182555780012592][T0x731da3880740][TIMING] emit_host_span: [STRACE] v=1 pid=466696 tid=466696 inv=75 hid=f0c29cefd733b2d6 depth=3 name=chip.run.runner_run.device_wall.arena_wire ts=5266 dur=3520 clk=dev
[mono_ns=182555780013603][T0x731da3880740][TIMING] emit_host_span: [STRACE] v=1 pid=466696 tid=466696 inv=75 hid=f0c29cefd733b2d6 depth=3 name=chip.run.runner_run.device_wall.sm_reset ts=8800 dur=5820 clk=dev
[mono_ns=182555780014615][T0x731da3880740][TIMING] emit_host_span: [STRACE] v=1 pid=466696 tid=466696 inv=75 hid=f0c29cefd733b2d6 depth=3 name=chip.run.runner_run.device_wall.post_orch ts=870254 dur=3642 clk=dev
[mono_ns=182555780015636][T0x731da3880740][TIMING] emit_host_span: [STRACE] v=1 pid=466696 tid=466696 inv=75 hid=f0c29cefd733b2d6 depth=3 name=chip.run.runner_run.device_wall.orch ts=14868 dur=629502 clk=dev
[mono_ns=182555780016658][T0x731da3880740][TIMING] emit_host_span: [STRACE] v=1 pid=466696 tid=466696 inv=75 hid=f0c29cefd733b2d6 depth=3 name=chip.run.runner_run.device_wall.sched ts=15530 dur=841898 clk=dev
[mono_ns=182555780017890][T0x731da3880740][TIMING] emit_host_span: [STRACE] v=1 pid=466696 tid=466696 inv=75 hid=f0c29cefd733b2d6 depth=1 name=chip.run.claim_release ts=182555780017299 dur=50
[mono_ns=182555780019192][T0x731da3880740][TIMING] emit_host_span: [STRACE] v=1 pid=466696 tid=466696 inv=75 hid=f0c29cefd733b2d6 depth=0 name=chip.run ts=182555746130207 dur=33888344 run_id=0 dispatch_id=0 slot_id=0 generation=75 run_epoch=75
[mono_ns=182555810156646][T0x731da3880740][TIMING] emit_host_span: [STRACE] v=1 pid=466696 tid=466696 inv=76 hid=f0c29cefd733b2d6 depth=2 name=chip.run.bind.args ts=182555780235006 dur=29919867
[mono_ns=182555810162314][T0x731da3880740][TIMING] emit_host_span: [STRACE] v=1 pid=466696 tid=466696 inv=76 hid=f0c29cefd733b2d6 depth=2 name=chip.run.bind.prebuilt ts=182555810161002 dur=731
[mono_ns=182555810163806][T0x731da3880740][TIMING] emit_host_span: [STRACE] v=1 pid=466696 tid=466696 inv=76 hid=f0c29cefd733b2d6 depth=1 name=chip.run.bind ts=182555780232772 dur=29930343
[mono_ns=182555814557381][T0x731da3880740][WARN] prepare_execution: [device_runner.cpp:343] AICPU CPU_TOPO unavailable; using json_fallback: soc=Ascend950PR_9579 occupy=0x3e stable_reachable=5 requested=0 effective=5 affinity=[1, 2, 3, 4, 5(orch)]
[mono_ns=182555815619475][T0x731da3880740][TIMING] emit_host_span: [STRACE] v=1 pid=466696 tid=466696 inv=76 hid=f0c29cefd733b2d6 depth=1 name=chip.run.runner_run ts=182555814615218 dur=1003336
[mono_ns=182555815953717][T0x731da3880740][TIMING] emit_host_span: [STRACE] v=1 pid=466696 tid=466696 inv=76 hid=f0c29cefd733b2d6 depth=1 name=chip.run.validate ts=182555815621768 dur=331268
[mono_ns=182555815954938][T0x731da3880740][TIMING] emit_host_span: [STRACE] v=1 pid=466696 tid=466696 inv=76 hid=f0c29cefd733b2d6 depth=2 name=chip.run.runner_run.device_wall ts=0 dur=884177 clk=dev
[mono_ns=182555815956010][T0x731da3880740][TIMING] emit_host_span: [STRACE] v=1 pid=466696 tid=466696 inv=76 hid=f0c29cefd733b2d6 depth=3 name=chip.run.runner_run.device_wall.preamble ts=0 dur=14267 clk=dev
[mono_ns=182555815957042][T0x731da3880740][TIMING] emit_host_span: [STRACE] v=1 pid=466696 tid=466696 inv=76 hid=f0c29cefd733b2d6 depth=3 name=chip.run.runner_run.device_wall.graph_build ts=4362 dur=875305 clk=dev
[mono_ns=182555815958023][T0x731da3880740][TIMING] emit_host_span: [STRACE] v=1 pid=466696 tid=466696 inv=76 hid=f0c29cefd733b2d6 depth=3 name=chip.run.runner_run.device_wall.config_validate ts=5029 dur=1004 clk=dev
[mono_ns=182555815958995][T0x731da3880740][TIMING] emit_host_span: [STRACE] v=1 pid=466696 tid=466696 inv=76 hid=f0c29cefd733b2d6 depth=3 name=chip.run.runner_run.device_wall.arena_wire ts=6295 dur=3456 clk=dev
[mono_ns=182555815959976][T0x731da3880740][TIMING] emit_host_span: [STRACE] v=1 pid=466696 tid=466696 inv=76 hid=f0c29cefd733b2d6 depth=3 name=chip.run.runner_run.device_wall.sm_reset ts=9769 dur=5095 clk=dev
[mono_ns=182555815961008][T0x731da3880740][TIMING] emit_host_span: [STRACE] v=1 pid=466696 tid=466696 inv=76 hid=f0c29cefd733b2d6 depth=3 name=chip.run.runner_run.device_wall.post_orch ts=879821 dur=3498 clk=dev
[mono_ns=182555815961999][T0x731da3880740][TIMING] emit_host_span: [STRACE] v=1 pid=466696 tid=466696 inv=76 hid=f0c29cefd733b2d6 depth=3 name=chip.run.runner_run.device_wall.orch ts=14895 dur=640879 clk=dev
[mono_ns=182555815963001][T0x731da3880740][TIMING] emit_host_span: [STRACE] v=1 pid=466696 tid=466696 inv=76 hid=f0c29cefd733b2d6 depth=3 name=chip.run.runner_run.device_wall.sched ts=15779 dur=848492 clk=dev
[mono_ns=182555815964212][T0x731da3880740][TIMING] emit_host_span: [STRACE] v=1 pid=466696 tid=466696 inv=76 hid=f0c29cefd733b2d6 depth=1 name=chip.run.claim_release ts=182555815963642 dur=40
[mono_ns=182555815965404][T0x731da3880740][TIMING] emit_host_span: [STRACE] v=1 pid=466696 tid=466696 inv=76 hid=f0c29cefd733b2d6 depth=0 name=chip.run ts=182555780230499 dur=35734324 run_id=0 dispatch_id=0 slot_id=0 generation=76 run_epoch=76
[mono_ns=182555848442339][T0x731da3880740][TIMING] emit_host_span: [STRACE] v=1 pid=466696 tid=466696 inv=77 hid=f0c29cefd733b2d6 depth=2 name=chip.run.bind.args ts=182555816197503 dur=32243645
[mono_ns=182555848447087][T0x731da3880740][TIMING] emit_host_span: [STRACE] v=1 pid=466696 tid=466696 inv=77 hid=f0c29cefd733b2d6 depth=2 name=chip.run.bind.prebuilt ts=182555848445815 dur=651
[mono_ns=182555848448559][T0x731da3880740][TIMING] emit_host_span: [STRACE] v=1 pid=466696 tid=466696 inv=77 hid=f0c29cefd733b2d6 depth=1 name=chip.run.bind ts=182555816195530 dur=32252218
[mono_ns=182555853299249][T0x731da3880740][WARN] prepare_execution: [device_runner.cpp:343] AICPU CPU_TOPO unavailable; using json_fallback: soc=Ascend950PR_9579 occupy=0x3e stable_reachable=5 requested=0 effective=5 affinity=[1, 2, 3, 4, 5(orch)]
[mono_ns=182555854376606][T0x731da3880740][TIMING] emit_host_span: [STRACE] v=1 pid=466696 tid=466696 inv=77 hid=f0c29cefd733b2d6 depth=1 name=chip.run.runner_run ts=182555853352309 dur=1023506
[mono_ns=182555854701193][T0x731da3880740][TIMING] emit_host_span: [STRACE] v=1 pid=466696 tid=466696 inv=77 hid=f0c29cefd733b2d6 depth=1 name=chip.run.validate ts=182555854378589 dur=321863
[mono_ns=182555854704448][T0x731da3880740][TIMING] emit_host_span: [STRACE] v=1 pid=466696 tid=466696 inv=77 hid=f0c29cefd733b2d6 depth=2 name=chip.run.runner_run.device_wall ts=0 dur=909421 clk=dev
[mono_ns=182555854705600][T0x731da3880740][TIMING] emit_host_span: [STRACE] v=1 pid=466696 tid=466696 inv=77 hid=f0c29cefd733b2d6 depth=3 name=chip.run.runner_run.device_wall.preamble ts=0 dur=14378 clk=dev
[mono_ns=182555854706622][T0x731da3880740][TIMING] emit_host_span: [STRACE] v=1 pid=466696 tid=466696 inv=77 hid=f0c29cefd733b2d6 depth=3 name=chip.run.runner_run.device_wall.graph_build ts=4266 dur=900675 clk=dev
[mono_ns=182555854707653][T0x731da3880740][TIMING] emit_host_span: [STRACE] v=1 pid=466696 tid=466696 inv=77 hid=f0c29cefd733b2d6 depth=3 name=chip.run.runner_run.device_wall.config_validate ts=4607 dur=1307 clk=dev
[mono_ns=182555854708655][T0x731da3880740][TIMING] emit_host_span: [STRACE] v=1 pid=466696 tid=466696 inv=77 hid=f0c29cefd733b2d6 depth=3 name=chip.run.runner_run.device_wall.arena_wire ts=6135 dur=3807 clk=dev
[mono_ns=182555854709646][T0x731da3880740][TIMING] emit_host_span: [STRACE] v=1 pid=466696 tid=466696 inv=77 hid=f0c29cefd733b2d6 depth=3 name=chip.run.runner_run.device_wall.sm_reset ts=9961 dur=4444 clk=dev
[mono_ns=182555854710658][T0x731da3880740][TIMING] emit_host_span: [STRACE] v=1 pid=466696 tid=466696 inv=77 hid=f0c29cefd733b2d6 depth=3 name=chip.run.runner_run.device_wall.post_orch ts=905006 dur=3599 clk=dev
[mono_ns=182555854711669][T0x731da3880740][TIMING] emit_host_span: [STRACE] v=1 pid=466696 tid=466696 inv=77 hid=f0c29cefd733b2d6 depth=3 name=chip.run.runner_run.device_wall.orch ts=14437 dur=644868 clk=dev
[mono_ns=182555854712671][T0x731da3880740][TIMING] emit_host_span: [STRACE] v=1 pid=466696 tid=466696 inv=77 hid=f0c29cefd733b2d6 depth=3 name=chip.run.runner_run.device_wall.sched ts=15245 dur=873866 clk=dev
[mono_ns=182555854713842][T0x731da3880740][TIMING] emit_host_span: [STRACE] v=1 pid=466696 tid=466696 inv=77 hid=f0c29cefd733b2d6 depth=1 name=chip.run.claim_release ts=182555854713282 dur=40
[mono_ns=182555854715054][T0x731da3880740][TIMING] emit_host_span: [STRACE] v=1 pid=466696 tid=466696 inv=77 hid=f0c29cefd733b2d6 depth=0 name=chip.run ts=182555816193056 dur=38521417 run_id=0 dispatch_id=0 slot_id=0 generation=77 run_epoch=77
[mono_ns=182555886591018][T0x731da3880740][TIMING] emit_host_span: [STRACE] v=1 pid=466696 tid=466696 inv=78 hid=f0c29cefd733b2d6 depth=2 name=chip.run.bind.args ts=182555854920513 dur=31666829
[mono_ns=182555886599360][T0x731da3880740][TIMING] emit_host_span: [STRACE] v=1 pid=466696 tid=466696 inv=78 hid=f0c29cefd733b2d6 depth=2 name=chip.run.bind.prebuilt ts=182555886597487 dur=942
[mono_ns=182555886601623][T0x731da3880740][TIMING] emit_host_span: [STRACE] v=1 pid=466696 tid=466696 inv=78 hid=f0c29cefd733b2d6 depth=1 name=chip.run.bind ts=182555854918550 dur=31682012
[mono_ns=182555891018202][T0x731da3880740][WARN] prepare_execution: [device_runner.cpp:343] AICPU CPU_TOPO unavailable; using json_fallback: soc=Ascend950PR_9579 occupy=0x3e stable_reachable=5 requested=0 effective=5 affinity=[1, 2, 3, 4, 5(orch)]
[mono_ns=182555892101188][T0x731da3880740][TIMING] emit_host_span: [STRACE] v=1 pid=466696 tid=466696 inv=78 hid=f0c29cefd733b2d6 depth=1 name=chip.run.runner_run ts=182555891074357 dur=1025619
[mono_ns=182555892421228][T0x731da3880740][TIMING] emit_host_span: [STRACE] v=1 pid=466696 tid=466696 inv=78 hid=f0c29cefd733b2d6 depth=1 name=chip.run.validate ts=182555892103802 dur=316595
[mono_ns=182555892422911][T0x731da3880740][TIMING] emit_host_span: [STRACE] v=1 pid=466696 tid=466696 inv=78 hid=f0c29cefd733b2d6 depth=2 name=chip.run.runner_run.device_wall ts=0 dur=900805 clk=dev
[mono_ns=182555892424353][T0x731da3880740][TIMING] emit_host_span: [STRACE] v=1 pid=466696 tid=466696 inv=78 hid=f0c29cefd733b2d6 depth=3 name=chip.run.runner_run.device_wall.preamble ts=0 dur=14065 clk=dev
[mono_ns=182555892425505][T0x731da3880740][TIMING] emit_host_span: [STRACE] v=1 pid=466696 tid=466696 inv=78 hid=f0c29cefd733b2d6 depth=3 name=chip.run.runner_run.device_wall.graph_build ts=4278 dur=892555 clk=dev
[mono_ns=182555892428780][T0x731da3880740][TIMING] emit_host_span: [STRACE] v=1 pid=466696 tid=466696 inv=78 hid=f0c29cefd733b2d6 depth=3 name=chip.run.runner_run.device_wall.config_validate ts=4959 dur=1765 clk=dev
[mono_ns=182555892429771][T0x731da3880740][TIMING] emit_host_span: [STRACE] v=1 pid=466696 tid=466696 inv=78 hid=f0c29cefd733b2d6 depth=3 name=chip.run.runner_run.device_wall.arena_wire ts=6742 dur=3850 clk=dev
[mono_ns=182555892430833][T0x731da3880740][TIMING] emit_host_span: [STRACE] v=1 pid=466696 tid=466696 inv=78 hid=f0c29cefd733b2d6 depth=3 name=chip.run.runner_run.device_wall.sm_reset ts=10671 dur=5676 clk=dev
[mono_ns=182555892431864][T0x731da3880740][TIMING] emit_host_span: [STRACE] v=1 pid=466696 tid=466696 inv=78 hid=f0c29cefd733b2d6 depth=3 name=chip.run.runner_run.device_wall.post_orch ts=896875 dur=3847 clk=dev
[mono_ns=182555892432886][T0x731da3880740][TIMING] emit_host_span: [STRACE] v=1 pid=466696 tid=466696 inv=78 hid=f0c29cefd733b2d6 depth=3 name=chip.run.runner_run.device_wall.orch ts=16379 dur=640559 clk=dev
[mono_ns=182555892433887][T0x731da3880740][TIMING] emit_host_span: [STRACE] v=1 pid=466696 tid=466696 inv=78 hid=f0c29cefd733b2d6 depth=3 name=chip.run.runner_run.device_wall.sched ts=17220 dur=865665 clk=dev
[mono_ns=182555892435249][T0x731da3880740][TIMING] emit_host_span: [STRACE] v=1 pid=466696 tid=466696 inv=78 hid=f0c29cefd733b2d6 depth=1 name=chip.run.claim_release ts=182555892434538 dur=120
[mono_ns=182555892436772][T0x731da3880740][TIMING] emit_host_span: [STRACE] v=1 pid=466696 tid=466696 inv=78 hid=f0c29cefd733b2d6 depth=0 name=chip.run ts=182555854916126 dur=37519874 run_id=0 dispatch_id=0 slot_id=0 generation=78 run_epoch=78
[mono_ns=182555924238764][T0x731da3880740][TIMING] emit_host_span: [STRACE] v=1 pid=466696 tid=466696 inv=79 hid=f0c29cefd733b2d6 depth=2 name=chip.run.bind.args ts=182555892637272 dur=31599599
[mono_ns=182555924243801][T0x731da3880740][TIMING] emit_host_span: [STRACE] v=1 pid=466696 tid=466696 inv=79 hid=f0c29cefd733b2d6 depth=2 name=chip.run.bind.prebuilt ts=182555924242369 dur=811
[mono_ns=182555924245634][T0x731da3880740][TIMING] emit_host_span: [STRACE] v=1 pid=466696 tid=466696 inv=79 hid=f0c29cefd733b2d6 depth=1 name=chip.run.bind ts=182555892634899 dur=31609884
[mono_ns=182555928744937][T0x731da3880740][WARN] prepare_execution: [device_runner.cpp:343] AICPU CPU_TOPO unavailable; using json_fallback: soc=Ascend950PR_9579 occupy=0x3e stable_reachable=5 requested=0 effective=5 affinity=[1, 2, 3, 4, 5(orch)]
[mono_ns=182555929815083][T0x731da3880740][TIMING] emit_host_span: [STRACE] v=1 pid=466696 tid=466696 inv=79 hid=f0c29cefd733b2d6 depth=1 name=chip.run.runner_run ts=182555928800360 dur=1013862
[mono_ns=182555930148033][T0x731da3880740][TIMING] emit_host_span: [STRACE] v=1 pid=466696 tid=466696 inv=79 hid=f0c29cefd733b2d6 depth=1 name=chip.run.validate ts=182555929817477 dur=329815
[mono_ns=182555930149976][T0x731da3880740][TIMING] emit_host_span: [STRACE] v=1 pid=466696 tid=466696 inv=79 hid=f0c29cefd733b2d6 depth=2 name=chip.run.runner_run.device_wall ts=0 dur=892385 clk=dev
[mono_ns=182555930151108][T0x731da3880740][TIMING] emit_host_span: [STRACE] v=1 pid=466696 tid=466696 inv=79 hid=f0c29cefd733b2d6 depth=3 name=chip.run.runner_run.device_wall.preamble ts=0 dur=11460 clk=dev
[mono_ns=182555930152169][T0x731da3880740][TIMING] emit_host_span: [STRACE] v=1 pid=466696 tid=466696 inv=79 hid=f0c29cefd733b2d6 depth=3 name=chip.run.runner_run.device_wall.graph_build ts=2179 dur=885317 clk=dev
[mono_ns=182555930153211][T0x731da3880740][TIMING] emit_host_span: [STRACE] v=1 pid=466696 tid=466696 inv=79 hid=f0c29cefd733b2d6 depth=3 name=chip.run.runner_run.device_wall.config_validate ts=3042 dur=1812 clk=dev
[mono_ns=182555930154202][T0x731da3880740][TIMING] emit_host_span: [STRACE] v=1 pid=466696 tid=466696 inv=79 hid=f0c29cefd733b2d6 depth=3 name=chip.run.runner_run.device_wall.arena_wire ts=4871 dur=3671 clk=dev
[mono_ns=182555930155194][T0x731da3880740][TIMING] emit_host_span: [STRACE] v=1 pid=466696 tid=466696 inv=79 hid=f0c29cefd733b2d6 depth=3 name=chip.run.runner_run.device_wall.sm_reset ts=8743 dur=5038 clk=dev
[mono_ns=182555930158238][T0x731da3880740][TIMING] emit_host_span: [STRACE] v=1 pid=466696 tid=466696 inv=79 hid=f0c29cefd733b2d6 depth=3 name=chip.run.runner_run.device_wall.post_orch ts=887515 dur=4514 clk=dev
[mono_ns=182555930159270][T0x731da3880740][TIMING] emit_host_span: [STRACE] v=1 pid=466696 tid=466696 inv=79 hid=f0c29cefd733b2d6 depth=3 name=chip.run.runner_run.device_wall.orch ts=13854 dur=630315 clk=dev
[mono_ns=182555930160251][T0x731da3880740][TIMING] emit_host_span: [STRACE] v=1 pid=466696 tid=466696 inv=79 hid=f0c29cefd733b2d6 depth=3 name=chip.run.runner_run.device_wall.sched ts=14622 dur=858589 clk=dev
[mono_ns=182555930161533][T0x731da3880740][TIMING] emit_host_span: [STRACE] v=1 pid=466696 tid=466696 inv=79 hid=f0c29cefd733b2d6 depth=1 name=chip.run.claim_release ts=182555930160882 dur=91
[mono_ns=182555930162855][T0x731da3880740][TIMING] emit_host_span: [STRACE] v=1 pid=466696 tid=466696 inv=79 hid=f0c29cefd733b2d6 depth=0 name=chip.run ts=182555892632515 dur=37529699 run_id=0 dispatch_id=0 slot_id=0 generation=79 run_epoch=79
[mono_ns=182555959721360][T0x731da3880740][TIMING] emit_host_span: [STRACE] v=1 pid=466696 tid=466696 inv=80 hid=f0c29cefd733b2d6 depth=2 name=chip.run.bind.args ts=182555930356035 dur=29362932
[mono_ns=182555959727389][T0x731da3880740][TIMING] emit_host_span: [STRACE] v=1 pid=466696 tid=466696 inv=80 hid=f0c29cefd733b2d6 depth=2 name=chip.run.bind.prebuilt ts=182555959725957 dur=831
[mono_ns=182555959728992][T0x731da3880740][TIMING] emit_host_span: [STRACE] v=1 pid=466696 tid=466696 inv=80 hid=f0c29cefd733b2d6 depth=1 name=chip.run.bind ts=182555930354353 dur=29373848
[mono_ns=182555964148605][T0x731da3880740][WARN] prepare_execution: [device_runner.cpp:343] AICPU CPU_TOPO unavailable; using json_fallback: soc=Ascend950PR_9579 occupy=0x3e stable_reachable=5 requested=0 effective=5 affinity=[1, 2, 3, 4, 5(orch)]
[mono_ns=182555965205702][T0x731da3880740][TIMING] emit_host_span: [STRACE] v=1 pid=466696 tid=466696 inv=80 hid=f0c29cefd733b2d6 depth=1 name=chip.run.runner_run ts=182555964202927 dur=1001914
[mono_ns=182555965503629][T0x731da3880740][TIMING] emit_host_span: [STRACE] v=1 pid=466696 tid=466696 inv=80 hid=f0c29cefd733b2d6 depth=1 name=chip.run.validate ts=182555965208216 dur=294662
[mono_ns=182555965505211][T0x731da3880740][TIMING] emit_host_span: [STRACE] v=1 pid=466696 tid=466696 inv=80 hid=f0c29cefd733b2d6 depth=2 name=chip.run.runner_run.device_wall ts=0 dur=887391 clk=dev
[mono_ns=182555965506543][T0x731da3880740][TIMING] emit_host_span: [STRACE] v=1 pid=466696 tid=466696 inv=80 hid=f0c29cefd733b2d6 depth=3 name=chip.run.runner_run.device_wall.preamble ts=0 dur=11615 clk=dev
[mono_ns=182555965507805][T0x731da3880740][TIMING] emit_host_span: [STRACE] v=1 pid=466696 tid=466696 inv=80 hid=f0c29cefd733b2d6 depth=3 name=chip.run.runner_run.device_wall.graph_build ts=2433 dur=880757 clk=dev
[mono_ns=182555965508807][T0x731da3880740][TIMING] emit_host_span: [STRACE] v=1 pid=466696 tid=466696 inv=80 hid=f0c29cefd733b2d6 depth=3 name=chip.run.runner_run.device_wall.config_validate ts=3179 dur=1437 clk=dev
[mono_ns=182555965509818][T0x731da3880740][TIMING] emit_host_span: [STRACE] v=1 pid=466696 tid=466696 inv=80 hid=f0c29cefd733b2d6 depth=3 name=chip.run.runner_run.device_wall.arena_wire ts=4635 dur=3105 clk=dev
[mono_ns=182555965510790][T0x731da3880740][TIMING] emit_host_span: [STRACE] v=1 pid=466696 tid=466696 inv=80 hid=f0c29cefd733b2d6 depth=3 name=chip.run.runner_run.device_wall.sm_reset ts=8029 dur=5624 clk=dev
[mono_ns=182555965511811][T0x731da3880740][TIMING] emit_host_span: [STRACE] v=1 pid=466696 tid=466696 inv=80 hid=f0c29cefd733b2d6 depth=3 name=chip.run.runner_run.device_wall.post_orch ts=883218 dur=4079 clk=dev
[mono_ns=182555965512823][T0x731da3880740][TIMING] emit_host_span: [STRACE] v=1 pid=466696 tid=466696 inv=80 hid=f0c29cefd733b2d6 depth=3 name=chip.run.runner_run.device_wall.orch ts=13735 dur=595966 clk=dev
[mono_ns=182555965515847][T0x731da3880740][TIMING] emit_host_span: [STRACE] v=1 pid=466696 tid=466696 inv=80 hid=f0c29cefd733b2d6 depth=3 name=chip.run.runner_run.device_wall.sched ts=14460 dur=853722 clk=dev
[mono_ns=182555965517149][T0x731da3880740][TIMING] emit_host_span: [STRACE] v=1 pid=466696 tid=466696 inv=80 hid=f0c29cefd733b2d6 depth=1 name=chip.run.claim_release ts=182555965516498 dur=80
[mono_ns=182555965518511][T0x731da3880740][TIMING] emit_host_span: [STRACE] v=1 pid=466696 tid=466696 inv=80 hid=f0c29cefd733b2d6 depth=0 name=chip.run ts=182555930352530 dur=35165390 run_id=0 dispatch_id=0 slot_id=0 generation=80 run_epoch=80
[mono_ns=182555995494713][T0x731da3880740][TIMING] emit_host_span: [STRACE] v=1 pid=466696 tid=466696 inv=81 hid=f0c29cefd733b2d6 depth=2 name=chip.run.bind.args ts=182555965712753 dur=29780338
[mono_ns=182555995500432][T0x731da3880740][TIMING] emit_host_span: [STRACE] v=1 pid=466696 tid=466696 inv=81 hid=f0c29cefd733b2d6 depth=2 name=chip.run.bind.prebuilt ts=182555995499210 dur=631
[mono_ns=182555995501924][T0x731da3880740][TIMING] emit_host_span: [STRACE] v=1 pid=466696 tid=466696 inv=81 hid=f0c29cefd733b2d6 depth=1 name=chip.run.bind ts=182555965711000 dur=29790233
[mono_ns=182555999951663][T0x731da3880740][WARN] prepare_execution: [device_runner.cpp:343] AICPU CPU_TOPO unavailable; using json_fallback: soc=Ascend950PR_9579 occupy=0x3e stable_reachable=5 requested=0 effective=5 affinity=[1, 2, 3, 4, 5(orch)]
[mono_ns=182556001021699][T0x731da3880740][TIMING] emit_host_span: [STRACE] v=1 pid=466696 tid=466696 inv=81 hid=f0c29cefd733b2d6 depth=1 name=chip.run.runner_run ts=182556000006014 dur=1014783
[mono_ns=182556001349441][T0x731da3880740][TIMING] emit_host_span: [STRACE] v=1 pid=466696 tid=466696 inv=81 hid=f0c29cefd733b2d6 depth=1 name=chip.run.validate ts=182556001024253 dur=324477
[mono_ns=182556001350743][T0x731da3880740][TIMING] emit_host_span: [STRACE] v=1 pid=466696 tid=466696 inv=81 hid=f0c29cefd733b2d6 depth=2 name=chip.run.runner_run.device_wall ts=0 dur=867290 clk=dev
[mono_ns=182556001352155][T0x731da3880740][TIMING] emit_host_span: [STRACE] v=1 pid=466696 tid=466696 inv=81 hid=f0c29cefd733b2d6 depth=3 name=chip.run.runner_run.device_wall.preamble ts=0 dur=14576 clk=dev
[mono_ns=182556001353186][T0x731da3880740][TIMING] emit_host_span: [STRACE] v=1 pid=466696 tid=466696 inv=81 hid=f0c29cefd733b2d6 depth=3 name=chip.run.runner_run.device_wall.graph_build ts=5558 dur=857380 clk=dev
[mono_ns=182556001354208][T0x731da3880740][TIMING] emit_host_span: [STRACE] v=1 pid=466696 tid=466696 inv=81 hid=f0c29cefd733b2d6 depth=3 name=chip.run.runner_run.device_wall.config_validate ts=6294 dur=1276 clk=dev
[mono_ns=182556001355169][T0x731da3880740][TIMING] emit_host_span: [STRACE] v=1 pid=466696 tid=466696 inv=81 hid=f0c29cefd733b2d6 depth=3 name=chip.run.runner_run.device_wall.arena_wire ts=7631 dur=3447 clk=dev
[mono_ns=182556001356171][T0x731da3880740][TIMING] emit_host_span: [STRACE] v=1 pid=466696 tid=466696 inv=81 hid=f0c29cefd733b2d6 depth=3 name=chip.run.runner_run.device_wall.sm_reset ts=11109 dur=4906 clk=dev
[mono_ns=182556001357212][T0x731da3880740][TIMING] emit_host_span: [STRACE] v=1 pid=466696 tid=466696 inv=81 hid=f0c29cefd733b2d6 depth=3 name=chip.run.runner_run.device_wall.post_orch ts=863251 dur=3921 clk=dev
[mono_ns=182556001358214][T0x731da3880740][TIMING] emit_host_span: [STRACE] v=1 pid=466696 tid=466696 inv=81 hid=f0c29cefd733b2d6 depth=3 name=chip.run.runner_run.device_wall.orch ts=16104 dur=607296 clk=dev
[mono_ns=182556001359205][T0x731da3880740][TIMING] emit_host_span: [STRACE] v=1 pid=466696 tid=466696 inv=81 hid=f0c29cefd733b2d6 depth=3 name=chip.run.runner_run.device_wall.sched ts=16906 dur=828222 clk=dev
[mono_ns=182556001360447][T0x731da3880740][TIMING] emit_host_span: [STRACE] v=1 pid=466696 tid=466696 inv=81 hid=f0c29cefd733b2d6 depth=1 name=chip.run.claim_release ts=182556001359836 dur=60
[mono_ns=182556001361789][T0x731da3880740][TIMING] emit_host_span: [STRACE] v=1 pid=466696 tid=466696 inv=81 hid=f0c29cefd733b2d6 depth=0 name=chip.run ts=182555965709147 dur=35652051 run_id=0 dispatch_id=0 slot_id=0 generation=81 run_epoch=81
[mono_ns=182556028745109][T0x731da3880740][TIMING] emit_host_span: [STRACE] v=1 pid=466696 tid=466696 inv=82 hid=f0c29cefd733b2d6 depth=2 name=chip.run.bind.args ts=182556001565815 dur=27177942
[mono_ns=182556028750177][T0x731da3880740][TIMING] emit_host_span: [STRACE] v=1 pid=466696 tid=466696 inv=82 hid=f0c29cefd733b2d6 depth=2 name=chip.run.bind.prebuilt ts=182556028749125 dur=521
[mono_ns=182556028751890][T0x731da3880740][TIMING] emit_host_span: [STRACE] v=1 pid=466696 tid=466696 inv=82 hid=f0c29cefd733b2d6 depth=1 name=chip.run.bind ts=182556001564313 dur=27186685
[mono_ns=182556033192895][T0x731da3880740][WARN] prepare_execution: [device_runner.cpp:343] AICPU CPU_TOPO unavailable; using json_fallback: soc=Ascend950PR_9579 occupy=0x3e stable_reachable=5 requested=0 effective=5 affinity=[1, 2, 3, 4, 5(orch)]
[mono_ns=182556034281459][T0x731da3880740][TIMING] emit_host_span: [STRACE] v=1 pid=466696 tid=466696 inv=82 hid=f0c29cefd733b2d6 depth=1 name=chip.run.runner_run ts=182556033239505 dur=1041103
[mono_ns=182556034602781][T0x731da3880740][TIMING] emit_host_span: [STRACE] v=1 pid=466696 tid=466696 inv=82 hid=f0c29cefd733b2d6 depth=1 name=chip.run.validate ts=182556034283672 dur=318438
[mono_ns=182556034604133][T0x731da3880740][TIMING] emit_host_span: [STRACE] v=1 pid=466696 tid=466696 inv=82 hid=f0c29cefd733b2d6 depth=2 name=chip.run.runner_run.device_wall ts=0 dur=917040 clk=dev
[mono_ns=182556034605325][T0x731da3880740][TIMING] emit_host_span: [STRACE] v=1 pid=466696 tid=466696 inv=82 hid=f0c29cefd733b2d6 depth=3 name=chip.run.runner_run.device_wall.preamble ts=0 dur=14142 clk=dev
[mono_ns=182556034606377][T0x731da3880740][TIMING] emit_host_span: [STRACE] v=1 pid=466696 tid=466696 inv=82 hid=f0c29cefd733b2d6 depth=3 name=chip.run.runner_run.device_wall.graph_build ts=4367 dur=908203 clk=dev
[mono_ns=182556034607398][T0x731da3880740][TIMING] emit_host_span: [STRACE] v=1 pid=466696 tid=466696 inv=82 hid=f0c29cefd733b2d6 depth=3 name=chip.run.runner_run.device_wall.config_validate ts=5043 dur=1542 clk=dev
[mono_ns=182556034608390][T0x731da3880740][TIMING] emit_host_span: [STRACE] v=1 pid=466696 tid=466696 inv=82 hid=f0c29cefd733b2d6 depth=3 name=chip.run.runner_run.device_wall.arena_wire ts=6606 dur=3015 clk=dev
[mono_ns=182556034609401][T0x731da3880740][TIMING] emit_host_span: [STRACE] v=1 pid=466696 tid=466696 inv=82 hid=f0c29cefd733b2d6 depth=3 name=chip.run.runner_run.device_wall.sm_reset ts=9649 dur=5767 clk=dev
[mono_ns=182556034610393][T0x731da3880740][TIMING] emit_host_span: [STRACE] v=1 pid=466696 tid=466696 inv=82 hid=f0c29cefd733b2d6 depth=3 name=chip.run.runner_run.device_wall.post_orch ts=912588 dur=3719 clk=dev
[mono_ns=182556034611384][T0x731da3880740][TIMING] emit_host_span: [STRACE] v=1 pid=466696 tid=466696 inv=82 hid=f0c29cefd733b2d6 depth=3 name=chip.run.runner_run.device_wall.orch ts=15468 dur=617143 clk=dev
[mono_ns=182556034612356][T0x731da3880740][TIMING] emit_host_span: [STRACE] v=1 pid=466696 tid=466696 inv=82 hid=f0c29cefd733b2d6 depth=3 name=chip.run.runner_run.device_wall.sched ts=16528 dur=883459 clk=dev
[mono_ns=182556034613577][T0x731da3880740][TIMING] emit_host_span: [STRACE] v=1 pid=466696 tid=466696 inv=82 hid=f0c29cefd733b2d6 depth=1 name=chip.run.claim_release ts=182556034612997 dur=60
[mono_ns=182556034614739][T0x731da3880740][TIMING] emit_host_span: [STRACE] v=1 pid=466696 tid=466696 inv=82 hid=f0c29cefd733b2d6 depth=0 name=chip.run ts=182556001562611 dur=33051567 run_id=0 dispatch_id=0 slot_id=0 generation=82 run_epoch=82
[mono_ns=182556065158082][T0x731da3880740][TIMING] emit_host_span: [STRACE] v=1 pid=466696 tid=466696 inv=83 hid=f0c29cefd733b2d6 depth=2 name=chip.run.bind.args ts=182556034802671 dur=30354089
[mono_ns=182556065163480][T0x731da3880740][TIMING] emit_host_span: [STRACE] v=1 pid=466696 tid=466696 inv=83 hid=f0c29cefd733b2d6 depth=2 name=chip.run.bind.prebuilt ts=182556065162429 dur=501
[mono_ns=182556065164903][T0x731da3880740][TIMING] emit_host_span: [STRACE] v=1 pid=466696 tid=466696 inv=83 hid=f0c29cefd733b2d6 depth=1 name=chip.run.bind ts=182556034801229 dur=30363013
[mono_ns=182556069741011][T0x731da3880740][WARN] prepare_execution: [device_runner.cpp:343] AICPU CPU_TOPO unavailable; using json_fallback: soc=Ascend950PR_9579 occupy=0x3e stable_reachable=5 requested=0 effective=5 affinity=[1, 2, 3, 4, 5(orch)]
[mono_ns=182556070803886][T0x731da3880740][TIMING] emit_host_span: [STRACE] v=1 pid=466696 tid=466696 inv=83 hid=f0c29cefd733b2d6 depth=1 name=chip.run.runner_run ts=182556069792608 dur=1010477
[mono_ns=182556071145759][T0x731da3880740][TIMING] emit_host_span: [STRACE] v=1 pid=466696 tid=466696 inv=83 hid=f0c29cefd733b2d6 depth=1 name=chip.run.validate ts=182556070806170 dur=338868
[mono_ns=182556071147422][T0x731da3880740][TIMING] emit_host_span: [STRACE] v=1 pid=466696 tid=466696 inv=83 hid=f0c29cefd733b2d6 depth=2 name=chip.run.runner_run.device_wall ts=0 dur=899973 clk=dev
[mono_ns=182556071148533][T0x731da3880740][TIMING] emit_host_span: [STRACE] v=1 pid=466696 tid=466696 inv=83 hid=f0c29cefd733b2d6 depth=3 name=chip.run.runner_run.device_wall.preamble ts=0 dur=13757 clk=dev
[mono_ns=182556071149585][T0x731da3880740][TIMING] emit_host_span: [STRACE] v=1 pid=466696 tid=466696 inv=83 hid=f0c29cefd733b2d6 depth=3 name=chip.run.runner_run.device_wall.graph_build ts=4522 dur=890846 clk=dev
[mono_ns=182556071150607][T0x731da3880740][TIMING] emit_host_span: [STRACE] v=1 pid=466696 tid=466696 inv=83 hid=f0c29cefd733b2d6 depth=3 name=chip.run.runner_run.device_wall.config_validate ts=5322 dur=1611 clk=dev
[mono_ns=182556071151598][T0x731da3880740][TIMING] emit_host_span: [STRACE] v=1 pid=466696 tid=466696 inv=83 hid=f0c29cefd733b2d6 depth=3 name=chip.run.runner_run.device_wall.arena_wire ts=6957 dur=3295 clk=dev
[mono_ns=182556071152600][T0x731da3880740][TIMING] emit_host_span: [STRACE] v=1 pid=466696 tid=466696 inv=83 hid=f0c29cefd733b2d6 depth=3 name=chip.run.runner_run.device_wall.sm_reset ts=10572 dur=5502 clk=dev
[mono_ns=182556071153601][T0x731da3880740][TIMING] emit_host_span: [STRACE] v=1 pid=466696 tid=466696 inv=83 hid=f0c29cefd733b2d6 depth=3 name=chip.run.runner_run.device_wall.post_orch ts=895392 dur=3861 clk=dev
[mono_ns=182556071154613][T0x731da3880740][TIMING] emit_host_span: [STRACE] v=1 pid=466696 tid=466696 inv=83 hid=f0c29cefd733b2d6 depth=3 name=chip.run.runner_run.device_wall.orch ts=16148 dur=615742 clk=dev
[mono_ns=182556071155604][T0x731da3880740][TIMING] emit_host_span: [STRACE] v=1 pid=466696 tid=466696 inv=83 hid=f0c29cefd733b2d6 depth=3 name=chip.run.runner_run.device_wall.sched ts=16897 dur=863655 clk=dev
[mono_ns=182556071156786][T0x731da3880740][TIMING] emit_host_span: [STRACE] v=1 pid=466696 tid=466696 inv=83 hid=f0c29cefd733b2d6 depth=1 name=chip.run.claim_release ts=182556071156215 dur=60
[mono_ns=182556071158008][T0x731da3880740][TIMING] emit_host_span: [STRACE] v=1 pid=466696 tid=466696 inv=83 hid=f0c29cefd733b2d6 depth=0 name=chip.run ts=182556034799727 dur=36357700 run_id=0 dispatch_id=0 slot_id=0 generation=83 run_epoch=83
[mono_ns=182556103068453][T0x731da3880740][TIMING] emit_host_span: [STRACE] v=1 pid=466696 tid=466696 inv=84 hid=f0c29cefd733b2d6 depth=2 name=chip.run.bind.args ts=182556071365629 dur=31701101
[mono_ns=182556103073841][T0x731da3880740][TIMING] emit_host_span: [STRACE] v=1 pid=466696 tid=466696 inv=84 hid=f0c29cefd733b2d6 depth=2 name=chip.run.bind.prebuilt ts=182556103072519 dur=571
[mono_ns=182556103075343][T0x731da3880740][TIMING] emit_host_span: [STRACE] v=1 pid=466696 tid=466696 inv=84 hid=f0c29cefd733b2d6 depth=1 name=chip.run.bind ts=182556071364057 dur=31710455
[mono_ns=182556107486324][T0x731da3880740][WARN] prepare_execution: [device_runner.cpp:343] AICPU CPU_TOPO unavailable; using json_fallback: soc=Ascend950PR_9579 occupy=0x3e stable_reachable=5 requested=0 effective=5 affinity=[1, 2, 3, 4, 5(orch)]
[mono_ns=182556108516430][T0x731da3880740][TIMING] emit_host_span: [STRACE] v=1 pid=466696 tid=466696 inv=84 hid=f0c29cefd733b2d6 depth=1 name=chip.run.runner_run ts=182556107538432 dur=977166
[mono_ns=182556108828648][T0x731da3880740][TIMING] emit_host_span: [STRACE] v=1 pid=466696 tid=466696 inv=84 hid=f0c29cefd733b2d6 depth=1 name=chip.run.validate ts=182556108520746 dur=307251
[mono_ns=182556108829900][T0x731da3880740][TIMING] emit_host_span: [STRACE] v=1 pid=466696 tid=466696 inv=84 hid=f0c29cefd733b2d6 depth=2 name=chip.run.runner_run.device_wall ts=0 dur=853577 clk=dev
[mono_ns=182556108830962][T0x731da3880740][TIMING] emit_host_span: [STRACE] v=1 pid=466696 tid=466696 inv=84 hid=f0c29cefd733b2d6 depth=3 name=chip.run.runner_run.device_wall.preamble ts=0 dur=13784 clk=dev
[mono_ns=182556108832013][T0x731da3880740][TIMING] emit_host_span: [STRACE] v=1 pid=466696 tid=466696 inv=84 hid=f0c29cefd733b2d6 depth=3 name=chip.run.runner_run.device_wall.graph_build ts=4340 dur=843750 clk=dev
[mono_ns=182556108833035][T0x731da3880740][TIMING] emit_host_span: [STRACE] v=1 pid=466696 tid=466696 inv=84 hid=f0c29cefd733b2d6 depth=3 name=chip.run.runner_run.device_wall.config_validate ts=5071 dur=1296 clk=dev
[mono_ns=182556108834046][T0x731da3880740][TIMING] emit_host_span: [STRACE] v=1 pid=466696 tid=466696 inv=84 hid=f0c29cefd733b2d6 depth=3 name=chip.run.runner_run.device_wall.arena_wire ts=6562 dur=3416 clk=dev
[mono_ns=182556108835028][T0x731da3880740][TIMING] emit_host_span: [STRACE] v=1 pid=466696 tid=466696 inv=84 hid=f0c29cefd733b2d6 depth=3 name=chip.run.runner_run.device_wall.sm_reset ts=9999 dur=5170 clk=dev
[mono_ns=182556108836049][T0x731da3880740][TIMING] emit_host_span: [STRACE] v=1 pid=466696 tid=466696 inv=84 hid=f0c29cefd733b2d6 depth=3 name=chip.run.runner_run.device_wall.post_orch ts=848110 dur=4675 clk=dev
[mono_ns=182556108837061][T0x731da3880740][TIMING] emit_host_span: [STRACE] v=1 pid=466696 tid=466696 inv=84 hid=f0c29cefd733b2d6 depth=3 name=chip.run.runner_run.device_wall.orch ts=15242 dur=616388 clk=dev
[mono_ns=182556108838052][T0x731da3880740][TIMING] emit_host_span: [STRACE] v=1 pid=466696 tid=466696 inv=84 hid=f0c29cefd733b2d6 depth=3 name=chip.run.runner_run.device_wall.sched ts=16020 dur=818997 clk=dev
[mono_ns=182556108839234][T0x731da3880740][TIMING] emit_host_span: [STRACE] v=1 pid=466696 tid=466696 inv=84 hid=f0c29cefd733b2d6 depth=1 name=chip.run.claim_release ts=182556108838673 dur=50
[mono_ns=182556108840636][T0x731da3880740][TIMING] emit_host_span: [STRACE] v=1 pid=466696 tid=466696 inv=84 hid=f0c29cefd733b2d6 depth=0 name=chip.run ts=182556071362445 dur=37477600 run_id=0 dispatch_id=0 slot_id=0 generation=84 run_epoch=84
[mono_ns=182556140234536][T0x731da3880740][TIMING] emit_host_span: [STRACE] v=1 pid=466696 tid=466696 inv=85 hid=f0c29cefd733b2d6 depth=2 name=chip.run.bind.args ts=182556109050511 dur=31182753
[mono_ns=182556140239423][T0x731da3880740][TIMING] emit_host_span: [STRACE] v=1 pid=466696 tid=466696 inv=85 hid=f0c29cefd733b2d6 depth=2 name=chip.run.bind.prebuilt ts=182556140238181 dur=631
[mono_ns=182556140240996][T0x731da3880740][TIMING] emit_host_span: [STRACE] v=1 pid=466696 tid=466696 inv=85 hid=f0c29cefd733b2d6 depth=1 name=chip.run.bind ts=182556109048889 dur=31191336
[mono_ns=182556144734570][T0x731da3880740][WARN] prepare_execution: [device_runner.cpp:343] AICPU CPU_TOPO unavailable; using json_fallback: soc=Ascend950PR_9579 occupy=0x3e stable_reachable=5 requested=0 effective=5 affinity=[1, 2, 3, 4, 5(orch)]
[mono_ns=182556145798347][T0x731da3880740][TIMING] emit_host_span: [STRACE] v=1 pid=466696 tid=466696 inv=85 hid=f0c29cefd733b2d6 depth=1 name=chip.run.runner_run ts=182556144783854 dur=1013551
[mono_ns=182556146127170][T0x731da3880740][TIMING] emit_host_span: [STRACE] v=1 pid=466696 tid=466696 inv=85 hid=f0c29cefd733b2d6 depth=1 name=chip.run.validate ts=182556145800270 dur=326159
[mono_ns=182556146128973][T0x731da3880740][TIMING] emit_host_span: [STRACE] v=1 pid=466696 tid=466696 inv=85 hid=f0c29cefd733b2d6 depth=2 name=chip.run.runner_run.device_wall ts=0 dur=898118 clk=dev
[mono_ns=182556146130175][T0x731da3880740][TIMING] emit_host_span: [STRACE] v=1 pid=466696 tid=466696 inv=85 hid=f0c29cefd733b2d6 depth=3 name=chip.run.runner_run.device_wall.preamble ts=0 dur=14936 clk=dev
[mono_ns=182556146132879][T0x731da3880740][TIMING] emit_host_span: [STRACE] v=1 pid=466696 tid=466696 inv=85 hid=f0c29cefd733b2d6 depth=3 name=chip.run.runner_run.device_wall.graph_build ts=5186 dur=888870 clk=dev
[mono_ns=182556146133930][T0x731da3880740][TIMING] emit_host_span: [STRACE] v=1 pid=466696 tid=466696 inv=85 hid=f0c29cefd733b2d6 depth=3 name=chip.run.runner_run.device_wall.config_validate ts=6225 dur=1086 clk=dev
[mono_ns=182556146134922][T0x731da3880740][TIMING] emit_host_span: [STRACE] v=1 pid=466696 tid=466696 inv=85 hid=f0c29cefd733b2d6 depth=3 name=chip.run.runner_run.device_wall.arena_wire ts=7327 dur=3516 clk=dev
[mono_ns=182556146135934][T0x731da3880740][TIMING] emit_host_span: [STRACE] v=1 pid=466696 tid=466696 inv=85 hid=f0c29cefd733b2d6 depth=3 name=chip.run.runner_run.device_wall.sm_reset ts=10953 dur=5215 clk=dev
[mono_ns=182556146136935][T0x731da3880740][TIMING] emit_host_span: [STRACE] v=1 pid=466696 tid=466696 inv=85 hid=f0c29cefd733b2d6 depth=3 name=chip.run.runner_run.device_wall.post_orch ts=894127 dur=3634 clk=dev
[mono_ns=182556146137926][T0x731da3880740][TIMING] emit_host_span: [STRACE] v=1 pid=466696 tid=466696 inv=85 hid=f0c29cefd733b2d6 depth=3 name=chip.run.runner_run.device_wall.orch ts=16247 dur=641941 clk=dev
[mono_ns=182556146138928][T0x731da3880740][TIMING] emit_host_span: [STRACE] v=1 pid=466696 tid=466696 inv=85 hid=f0c29cefd733b2d6 depth=3 name=chip.run.runner_run.device_wall.sched ts=17064 dur=863408 clk=dev
[mono_ns=182556146140100][T0x731da3880740][TIMING] emit_host_span: [STRACE] v=1 pid=466696 tid=466696 inv=85 hid=f0c29cefd733b2d6 depth=1 name=chip.run.claim_release ts=182556146139509 dur=50
[mono_ns=182556146141332][T0x731da3880740][TIMING] emit_host_span: [STRACE] v=1 pid=466696 tid=466696 inv=85 hid=f0c29cefd733b2d6 depth=0 name=chip.run ts=182556109047176 dur=37093555 run_id=0 dispatch_id=0 slot_id=0 generation=85 run_epoch=85
[mono_ns=182556178175172][T0x731da3880740][TIMING] emit_host_span: [STRACE] v=1 pid=466696 tid=466696 inv=86 hid=f0c29cefd733b2d6 depth=2 name=chip.run.bind.args ts=182556146313580 dur=31860150
[mono_ns=182556178180149][T0x731da3880740][TIMING] emit_host_span: [STRACE] v=1 pid=466696 tid=466696 inv=86 hid=f0c29cefd733b2d6 depth=2 name=chip.run.bind.prebuilt ts=182556178178847 dur=571
[mono_ns=182556178181621][T0x731da3880740][TIMING] emit_host_span: [STRACE] v=1 pid=466696 tid=466696 inv=86 hid=f0c29cefd733b2d6 depth=1 name=chip.run.bind ts=182556146311998 dur=31868862
[mono_ns=182556182643498][T0x731da3880740][WARN] prepare_execution: [device_runner.cpp:343] AICPU CPU_TOPO unavailable; using json_fallback: soc=Ascend950PR_9579 occupy=0x3e stable_reachable=5 requested=0 effective=5 affinity=[1, 2, 3, 4, 5(orch)]
[mono_ns=182556183698081][T0x731da3880740][TIMING] emit_host_span: [STRACE] v=1 pid=466696 tid=466696 inv=86 hid=f0c29cefd733b2d6 depth=1 name=chip.run.runner_run ts=182556182696588 dur=1000662
[mono_ns=182556184033274][T0x731da3880740][TIMING] emit_host_span: [STRACE] v=1 pid=466696 tid=466696 inv=86 hid=f0c29cefd733b2d6 depth=1 name=chip.run.validate ts=182556183700825 dur=331708
[mono_ns=182556184035087][T0x731da3880740][TIMING] emit_host_span: [STRACE] v=1 pid=466696 tid=466696 inv=86 hid=f0c29cefd733b2d6 depth=2 name=chip.run.runner_run.device_wall ts=0 dur=887074 clk=dev
[mono_ns=182556184036239][T0x731da3880740][TIMING] emit_host_span: [STRACE] v=1 pid=466696 tid=466696 inv=86 hid=f0c29cefd733b2d6 depth=3 name=chip.run.runner_run.device_wall.preamble ts=0 dur=11772 clk=dev
[mono_ns=182556184037290][T0x731da3880740][TIMING] emit_host_span: [STRACE] v=1 pid=466696 tid=466696 inv=86 hid=f0c29cefd733b2d6 depth=3 name=chip.run.runner_run.device_wall.graph_build ts=3015 dur=880161 clk=dev
[mono_ns=182556184038342][T0x731da3880740][TIMING] emit_host_span: [STRACE] v=1 pid=466696 tid=466696 inv=86 hid=f0c29cefd733b2d6 depth=3 name=chip.run.runner_run.device_wall.config_validate ts=3634 dur=1255 clk=dev
[mono_ns=182556184039333][T0x731da3880740][TIMING] emit_host_span: [STRACE] v=1 pid=466696 tid=466696 inv=86 hid=f0c29cefd733b2d6 depth=3 name=chip.run.runner_run.device_wall.arena_wire ts=4912 dur=3446 clk=dev
[mono_ns=182556184042158][T0x731da3880740][TIMING] emit_host_span: [STRACE] v=1 pid=466696 tid=466696 inv=86 hid=f0c29cefd733b2d6 depth=3 name=chip.run.runner_run.device_wall.sm_reset ts=8475 dur=5536 clk=dev
[mono_ns=182556184043199][T0x731da3880740][TIMING] emit_host_span: [STRACE] v=1 pid=466696 tid=466696 inv=86 hid=f0c29cefd733b2d6 depth=3 name=chip.run.runner_run.device_wall.post_orch ts=883237 dur=3695 clk=dev
[mono_ns=182556184044211][T0x731da3880740][TIMING] emit_host_span: [STRACE] v=1 pid=466696 tid=466696 inv=86 hid=f0c29cefd733b2d6 depth=3 name=chip.run.runner_run.device_wall.orch ts=14043 dur=617983 clk=dev
[mono_ns=182556184045222][T0x731da3880740][TIMING] emit_host_span: [STRACE] v=1 pid=466696 tid=466696 inv=86 hid=f0c29cefd733b2d6 depth=3 name=chip.run.runner_run.device_wall.sched ts=15120 dur=852661 clk=dev
[mono_ns=182556184046414][T0x731da3880740][TIMING] emit_host_span: [STRACE] v=1 pid=466696 tid=466696 inv=86 hid=f0c29cefd733b2d6 depth=1 name=chip.run.claim_release ts=182556184045783 dur=70
[mono_ns=182556184047656][T0x731da3880740][TIMING] emit_host_span: [STRACE] v=1 pid=466696 tid=466696 inv=86 hid=f0c29cefd733b2d6 depth=0 name=chip.run ts=182556146310425 dur=37736670 run_id=0 dispatch_id=0 slot_id=0 generation=86 run_epoch=86
[mono_ns=182556214103187][T0x731da3880740][TIMING] emit_host_span: [STRACE] v=1 pid=466696 tid=466696 inv=87 hid=f0c29cefd733b2d6 depth=2 name=chip.run.bind.args ts=182556184224481 dur=29876973
[mono_ns=182556214107974][T0x731da3880740][TIMING] emit_host_span: [STRACE] v=1 pid=466696 tid=466696 inv=87 hid=f0c29cefd733b2d6 depth=2 name=chip.run.bind.prebuilt ts=182556214106802 dur=601
[mono_ns=182556214109396][T0x731da3880740][TIMING] emit_host_span: [STRACE] v=1 pid=466696 tid=466696 inv=87 hid=f0c29cefd733b2d6 depth=1 name=chip.run.bind ts=182556184222909 dur=29885836
[mono_ns=182556218552054][T0x731da3880740][WARN] prepare_execution: [device_runner.cpp:343] AICPU CPU_TOPO unavailable; using json_fallback: soc=Ascend950PR_9579 occupy=0x3e stable_reachable=5 requested=0 effective=5 affinity=[1, 2, 3, 4, 5(orch)]
[mono_ns=182556219630944][T0x731da3880740][TIMING] emit_host_span: [STRACE] v=1 pid=466696 tid=466696 inv=87 hid=f0c29cefd733b2d6 depth=1 name=chip.run.runner_run ts=182556218606546 dur=1023596
[mono_ns=182556219916843][T0x731da3880740][TIMING] emit_host_span: [STRACE] v=1 pid=466696 tid=466696 inv=87 hid=f0c29cefd733b2d6 depth=1 name=chip.run.validate ts=182556219633227 dur=282955
[mono_ns=182556219918135][T0x731da3880740][TIMING] emit_host_span: [STRACE] v=1 pid=466696 tid=466696 inv=87 hid=f0c29cefd733b2d6 depth=2 name=chip.run.runner_run.device_wall ts=0 dur=910430 clk=dev
[mono_ns=182556219919296][T0x731da3880740][TIMING] emit_host_span: [STRACE] v=1 pid=466696 tid=466696 inv=87 hid=f0c29cefd733b2d6 depth=3 name=chip.run.runner_run.device_wall.preamble ts=0 dur=14983 clk=dev
[mono_ns=182556219920318][T0x731da3880740][TIMING] emit_host_span: [STRACE] v=1 pid=466696 tid=466696 inv=87 hid=f0c29cefd733b2d6 depth=3 name=chip.run.runner_run.device_wall.graph_build ts=4418 dur=900819 clk=dev
[mono_ns=182556219921319][T0x731da3880740][TIMING] emit_host_span: [STRACE] v=1 pid=466696 tid=466696 inv=87 hid=f0c29cefd733b2d6 depth=3 name=chip.run.runner_run.device_wall.config_validate ts=5178 dur=1255 clk=dev
[mono_ns=182556219922311][T0x731da3880740][TIMING] emit_host_span: [STRACE] v=1 pid=466696 tid=466696 inv=87 hid=f0c29cefd733b2d6 depth=3 name=chip.run.runner_run.device_wall.arena_wire ts=6635 dur=3447 clk=dev
[mono_ns=182556219923312][T0x731da3880740][TIMING] emit_host_span: [STRACE] v=1 pid=466696 tid=466696 inv=87 hid=f0c29cefd733b2d6 depth=3 name=chip.run.runner_run.device_wall.sm_reset ts=10104 dur=4821 clk=dev
[mono_ns=182556219924324][T0x731da3880740][TIMING] emit_host_span: [STRACE] v=1 pid=466696 tid=466696 inv=87 hid=f0c29cefd733b2d6 depth=3 name=chip.run.runner_run.device_wall.post_orch ts=905252 dur=4603 clk=dev
[mono_ns=182556219926708][T0x731da3880740][TIMING] emit_host_span: [STRACE] v=1 pid=466696 tid=466696 inv=87 hid=f0c29cefd733b2d6 depth=3 name=chip.run.runner_run.device_wall.orch ts=14956 dur=619657 clk=dev
[mono_ns=182556219927699][T0x731da3880740][TIMING] emit_host_span: [STRACE] v=1 pid=466696 tid=466696 inv=87 hid=f0c29cefd733b2d6 depth=3 name=chip.run.runner_run.device_wall.sched ts=15818 dur=875444 clk=dev
[mono_ns=182556219928881][T0x731da3880740][TIMING] emit_host_span: [STRACE] v=1 pid=466696 tid=466696 inv=87 hid=f0c29cefd733b2d6 depth=1 name=chip.run.claim_release ts=182556219928310 dur=50
[mono_ns=182556219930083][T0x731da3880740][TIMING] emit_host_span: [STRACE] v=1 pid=466696 tid=466696 inv=87 hid=f0c29cefd733b2d6 depth=0 name=chip.run ts=182556184221257 dur=35708245 run_id=0 dispatch_id=0 slot_id=0 generation=87 run_epoch=87
[mono_ns=182556251439105][T0x731da3880740][TIMING] emit_host_span: [STRACE] v=1 pid=466696 tid=466696 inv=88 hid=f0c29cefd733b2d6 depth=2 name=chip.run.bind.args ts=182556220137264 dur=31300429
[mono_ns=182556251444423][T0x731da3880740][TIMING] emit_host_span: [STRACE] v=1 pid=466696 tid=466696 inv=88 hid=f0c29cefd733b2d6 depth=2 name=chip.run.bind.prebuilt ts=182556251443291 dur=491
[mono_ns=182556251445935][T0x731da3880740][TIMING] emit_host_span: [STRACE] v=1 pid=466696 tid=466696 inv=88 hid=f0c29cefd733b2d6 depth=1 name=chip.run.bind ts=182556220135711 dur=31309463
[mono_ns=182556255868213][T0x731da3880740][WARN] prepare_execution: [device_runner.cpp:343] AICPU CPU_TOPO unavailable; using json_fallback: soc=Ascend950PR_9579 occupy=0x3e stable_reachable=5 requested=0 effective=5 affinity=[1, 2, 3, 4, 5(orch)]
[mono_ns=182556256908935][T0x731da3880740][TIMING] emit_host_span: [STRACE] v=1 pid=466696 tid=466696 inv=88 hid=f0c29cefd733b2d6 depth=1 name=chip.run.runner_run ts=182556255920832 dur=987252
[mono_ns=182556257237007][T0x731da3880740][TIMING] emit_host_span: [STRACE] v=1 pid=466696 tid=466696 inv=88 hid=f0c29cefd733b2d6 depth=1 name=chip.run.validate ts=182556256911008 dur=325328
[mono_ns=182556257238600][T0x731da3880740][TIMING] emit_host_span: [STRACE] v=1 pid=466696 tid=466696 inv=88 hid=f0c29cefd733b2d6 depth=2 name=chip.run.runner_run.device_wall ts=0 dur=874356 clk=dev
[mono_ns=182556257239791][T0x731da3880740][TIMING] emit_host_span: [STRACE] v=1 pid=466696 tid=466696 inv=88 hid=f0c29cefd733b2d6 depth=3 name=chip.run.runner_run.device_wall.preamble ts=0 dur=13450 clk=dev
[mono_ns=182556257240853][T0x731da3880740][TIMING] emit_host_span: [STRACE] v=1 pid=466696 tid=466696 inv=88 hid=f0c29cefd733b2d6 depth=3 name=chip.run.runner_run.device_wall.graph_build ts=1763 dur=868323 clk=dev
[mono_ns=182556257241865][T0x731da3880740][TIMING] emit_host_span: [STRACE] v=1 pid=466696 tid=466696 inv=88 hid=f0c29cefd733b2d6 depth=3 name=chip.run.runner_run.device_wall.config_validate ts=2584 dur=1257 clk=dev
[mono_ns=182556257242846][T0x731da3880740][TIMING] emit_host_span: [STRACE] v=1 pid=466696 tid=466696 inv=88 hid=f0c29cefd733b2d6 depth=3 name=chip.run.runner_run.device_wall.arena_wire ts=4203 dur=3357 clk=dev
[mono_ns=182556257243827][T0x731da3880740][TIMING] emit_host_span: [STRACE] v=1 pid=466696 tid=466696 inv=88 hid=f0c29cefd733b2d6 depth=3 name=chip.run.runner_run.device_wall.sm_reset ts=7580 dur=6221 clk=dev
[mono_ns=182556257244869][T0x731da3880740][TIMING] emit_host_span: [STRACE] v=1 pid=466696 tid=466696 inv=88 hid=f0c29cefd733b2d6 depth=3 name=chip.run.runner_run.device_wall.post_orch ts=870149 dur=3750 clk=dev
[mono_ns=182556257245881][T0x731da3880740][TIMING] emit_host_span: [STRACE] v=1 pid=466696 tid=466696 inv=88 hid=f0c29cefd733b2d6 depth=3 name=chip.run.runner_run.device_wall.orch ts=13833 dur=614017 clk=dev
[mono_ns=182556257246882][T0x731da3880740][TIMING] emit_host_span: [STRACE] v=1 pid=466696 tid=466696 inv=88 hid=f0c29cefd733b2d6 depth=3 name=chip.run.runner_run.device_wall.sched ts=14940 dur=840876 clk=dev
[mono_ns=182556257248074][T0x731da3880740][TIMING] emit_host_span: [STRACE] v=1 pid=466696 tid=466696 inv=88 hid=f0c29cefd733b2d6 depth=1 name=chip.run.claim_release ts=182556257247503 dur=50
[mono_ns=182556257251018][T0x731da3880740][TIMING] emit_host_span: [STRACE] v=1 pid=466696 tid=466696 inv=88 hid=f0c29cefd733b2d6 depth=0 name=chip.run ts=182556220133989 dur=37116448 run_id=0 dispatch_id=0 slot_id=0 generation=88 run_epoch=88
[mono_ns=182556285024013][T0x731da3880740][TIMING] emit_host_span: [STRACE] v=1 pid=466696 tid=466696 inv=89 hid=f0c29cefd733b2d6 depth=2 name=chip.run.bind.args ts=182556257428515 dur=27593585
[mono_ns=182556285028190][T0x731da3880740][TIMING] emit_host_span: [STRACE] v=1 pid=466696 tid=466696 inv=89 hid=f0c29cefd733b2d6 depth=2 name=chip.run.bind.prebuilt ts=182556285026968 dur=601
[mono_ns=182556285029652][T0x731da3880740][TIMING] emit_host_span: [STRACE] v=1 pid=466696 tid=466696 inv=89 hid=f0c29cefd733b2d6 depth=1 name=chip.run.bind ts=182556257427032 dur=27601839
[mono_ns=182556289422966][T0x731da3880740][WARN] prepare_execution: [device_runner.cpp:343] AICPU CPU_TOPO unavailable; using json_fallback: soc=Ascend950PR_9579 occupy=0x3e stable_reachable=5 requested=0 effective=5 affinity=[1, 2, 3, 4, 5(orch)]
[mono_ns=182556290453923][T0x731da3880740][TIMING] emit_host_span: [STRACE] v=1 pid=466696 tid=466696 inv=89 hid=f0c29cefd733b2d6 depth=1 name=chip.run.runner_run ts=182556289468775 dur=984277
[mono_ns=182556290772201][T0x731da3880740][TIMING] emit_host_span: [STRACE] v=1 pid=466696 tid=466696 inv=89 hid=f0c29cefd733b2d6 depth=1 name=chip.run.validate ts=182556290455966 dur=315544
[mono_ns=182556290773503][T0x731da3880740][TIMING] emit_host_span: [STRACE] v=1 pid=466696 tid=466696 inv=89 hid=f0c29cefd733b2d6 depth=2 name=chip.run.runner_run.device_wall ts=0 dur=851216 clk=dev
[mono_ns=182556290774705][T0x731da3880740][TIMING] emit_host_span: [STRACE] v=1 pid=466696 tid=466696 inv=89 hid=f0c29cefd733b2d6 depth=3 name=chip.run.runner_run.device_wall.preamble ts=0 dur=11654 clk=dev
[mono_ns=182556290775756][T0x731da3880740][TIMING] emit_host_span: [STRACE] v=1 pid=466696 tid=466696 inv=89 hid=f0c29cefd733b2d6 depth=3 name=chip.run.runner_run.device_wall.graph_build ts=2594 dur=844498 clk=dev
[mono_ns=182556290776778][T0x731da3880740][TIMING] emit_host_span: [STRACE] v=1 pid=466696 tid=466696 inv=89 hid=f0c29cefd733b2d6 depth=3 name=chip.run.runner_run.device_wall.config_validate ts=3316 dur=1267 clk=dev
[mono_ns=182556290777779][T0x731da3880740][TIMING] emit_host_span: [STRACE] v=1 pid=466696 tid=466696 inv=89 hid=f0c29cefd733b2d6 depth=3 name=chip.run.runner_run.device_wall.arena_wire ts=4603 dur=3336 clk=dev
[mono_ns=182556290778781][T0x731da3880740][TIMING] emit_host_span: [STRACE] v=1 pid=466696 tid=466696 inv=89 hid=f0c29cefd733b2d6 depth=3 name=chip.run.runner_run.device_wall.sm_reset ts=8200 dur=5141 clk=dev
[mono_ns=182556290779812][T0x731da3880740][TIMING] emit_host_span: [STRACE] v=1 pid=466696 tid=466696 inv=89 hid=f0c29cefd733b2d6 depth=3 name=chip.run.runner_run.device_wall.post_orch ts=847118 dur=4030 clk=dev
[mono_ns=182556290780814][T0x731da3880740][TIMING] emit_host_span: [STRACE] v=1 pid=466696 tid=466696 inv=89 hid=f0c29cefd733b2d6 depth=3 name=chip.run.runner_run.device_wall.orch ts=13593 dur=609761 clk=dev
[mono_ns=182556290781845][T0x731da3880740][TIMING] emit_host_span: [STRACE] v=1 pid=466696 tid=466696 inv=89 hid=f0c29cefd733b2d6 depth=3 name=chip.run.runner_run.device_wall.sched ts=14267 dur=819887 clk=dev
[mono_ns=182556290783007][T0x731da3880740][TIMING] emit_host_span: [STRACE] v=1 pid=466696 tid=466696 inv=89 hid=f0c29cefd733b2d6 depth=1 name=chip.run.claim_release ts=182556290782446 dur=40
[mono_ns=182556290784219][T0x731da3880740][TIMING] emit_host_span: [STRACE] v=1 pid=466696 tid=466696 inv=89 hid=f0c29cefd733b2d6 depth=0 name=chip.run ts=182556257425530 dur=33358108 run_id=0 dispatch_id=0 slot_id=0 generation=89 run_epoch=89
[mono_ns=182556322874243][T0x731da3880740][TIMING] emit_host_span: [STRACE] v=1 pid=466696 tid=466696 inv=90 hid=f0c29cefd733b2d6 depth=2 name=chip.run.bind.args ts=182556290966032 dur=31906679
[mono_ns=182556322879211][T0x731da3880740][TIMING] emit_host_span: [STRACE] v=1 pid=466696 tid=466696 inv=90 hid=f0c29cefd733b2d6 depth=2 name=chip.run.bind.prebuilt ts=182556322877989 dur=481
[mono_ns=182556322882255][T0x731da3880740][TIMING] emit_host_span: [STRACE] v=1 pid=466696 tid=466696 inv=90 hid=f0c29cefd733b2d6 depth=1 name=chip.run.bind ts=182556290964570 dur=31917115
[mono_ns=182556327342931][T0x731da3880740][WARN] prepare_execution: [device_runner.cpp:343] AICPU CPU_TOPO unavailable; using json_fallback: soc=Ascend950PR_9579 occupy=0x3e stable_reachable=5 requested=0 effective=5 affinity=[1, 2, 3, 4, 5(orch)]
[mono_ns=182556328396272][T0x731da3880740][TIMING] emit_host_span: [STRACE] v=1 pid=466696 tid=466696 inv=90 hid=f0c29cefd733b2d6 depth=1 name=chip.run.runner_run ts=182556327396160 dur=999280
[mono_ns=182556328706327][T0x731da3880740][TIMING] emit_host_span: [STRACE] v=1 pid=466696 tid=466696 inv=90 hid=f0c29cefd733b2d6 depth=1 name=chip.run.validate ts=182556328398755 dur=306851
[mono_ns=182556328707609][T0x731da3880740][TIMING] emit_host_span: [STRACE] v=1 pid=466696 tid=466696 inv=90 hid=f0c29cefd733b2d6 depth=2 name=chip.run.runner_run.device_wall ts=0 dur=876963 clk=dev
[mono_ns=182556328708701][T0x731da3880740][TIMING] emit_host_span: [STRACE] v=1 pid=466696 tid=466696 inv=90 hid=f0c29cefd733b2d6 depth=3 name=chip.run.runner_run.device_wall.preamble ts=0 dur=13626 clk=dev
[mono_ns=182556328709752][T0x731da3880740][TIMING] emit_host_span: [STRACE] v=1 pid=466696 tid=466696 inv=90 hid=f0c29cefd733b2d6 depth=3 name=chip.run.runner_run.device_wall.graph_build ts=4075 dur=868139 clk=dev
[mono_ns=182556328710764][T0x731da3880740][TIMING] emit_host_span: [STRACE] v=1 pid=466696 tid=466696 inv=90 hid=f0c29cefd733b2d6 depth=3 name=chip.run.runner_run.device_wall.config_validate ts=4836 dur=1486 clk=dev
[mono_ns=182556328711745][T0x731da3880740][TIMING] emit_host_span: [STRACE] v=1 pid=466696 tid=466696 inv=90 hid=f0c29cefd733b2d6 depth=3 name=chip.run.runner_run.device_wall.arena_wire ts=6353 dur=3360 clk=dev
[mono_ns=182556328712747][T0x731da3880740][TIMING] emit_host_span: [STRACE] v=1 pid=466696 tid=466696 inv=90 hid=f0c29cefd733b2d6 depth=3 name=chip.run.runner_run.device_wall.sm_reset ts=9734 dur=5111 clk=dev
[mono_ns=182556328713778][T0x731da3880740][TIMING] emit_host_span: [STRACE] v=1 pid=466696 tid=466696 inv=90 hid=f0c29cefd733b2d6 depth=3 name=chip.run.runner_run.device_wall.post_orch ts=872233 dur=4249 clk=dev
[mono_ns=182556328714780][T0x731da3880740][TIMING] emit_host_span: [STRACE] v=1 pid=466696 tid=466696 inv=90 hid=f0c29cefd733b2d6 depth=3 name=chip.run.runner_run.device_wall.orch ts=15093 dur=623962 clk=dev
[mono_ns=182556328715781][T0x731da3880740][TIMING] emit_host_span: [STRACE] v=1 pid=466696 tid=466696 inv=90 hid=f0c29cefd733b2d6 depth=3 name=chip.run.runner_run.device_wall.sched ts=15609 dur=842420 clk=dev
[mono_ns=182556328716963][T0x731da3880740][TIMING] emit_host_span: [STRACE] v=1 pid=466696 tid=466696 inv=90 hid=f0c29cefd733b2d6 depth=1 name=chip.run.claim_release ts=182556328716382 dur=50
[mono_ns=182556328718155][T0x731da3880740][TIMING] emit_host_span: [STRACE] v=1 pid=466696 tid=466696 inv=90 hid=f0c29cefd733b2d6 depth=0 name=chip.run ts=182556290963047 dur=37754537 run_id=0 dispatch_id=0 slot_id=0 generation=90 run_epoch=90
[mono_ns=182556360623813][T0x731da3880740][TIMING] emit_host_span: [STRACE] v=1 pid=466696 tid=466696 inv=91 hid=f0c29cefd733b2d6 depth=2 name=chip.run.bind.args ts=182556328942822 dur=31679488
[mono_ns=182556360628640][T0x731da3880740][TIMING] emit_host_span: [STRACE] v=1 pid=466696 tid=466696 inv=91 hid=f0c29cefd733b2d6 depth=2 name=chip.run.bind.prebuilt ts=182556360627418 dur=671
[mono_ns=182556360629932][T0x731da3880740][TIMING] emit_host_span: [STRACE] v=1 pid=466696 tid=466696 inv=91 hid=f0c29cefd733b2d6 depth=1 name=chip.run.bind ts=182556328940999 dur=31688392
[mono_ns=182556365056536][T0x731da3880740][WARN] prepare_execution: [device_runner.cpp:343] AICPU CPU_TOPO unavailable; using json_fallback: soc=Ascend950PR_9579 occupy=0x3e stable_reachable=5 requested=0 effective=5 affinity=[1, 2, 3, 4, 5(orch)]
[mono_ns=182556366106121][T0x731da3880740][TIMING] emit_host_span: [STRACE] v=1 pid=466696 tid=466696 inv=91 hid=f0c29cefd733b2d6 depth=1 name=chip.run.runner_run ts=182556365110837 dur=994453
[mono_ns=182556366424930][T0x731da3880740][TIMING] emit_host_span: [STRACE] v=1 pid=466696 tid=466696 inv=91 hid=f0c29cefd733b2d6 depth=1 name=chip.run.validate ts=182556366108164 dur=316084
[mono_ns=182556366426171][T0x731da3880740][TIMING] emit_host_span: [STRACE] v=1 pid=466696 tid=466696 inv=91 hid=f0c29cefd733b2d6 depth=2 name=chip.run.runner_run.device_wall ts=0 dur=877627 clk=dev
[mono_ns=182556366427413][T0x731da3880740][TIMING] emit_host_span: [STRACE] v=1 pid=466696 tid=466696 inv=91 hid=f0c29cefd733b2d6 depth=3 name=chip.run.runner_run.device_wall.preamble ts=0 dur=14353 clk=dev
[mono_ns=182556366428465][T0x731da3880740][TIMING] emit_host_span: [STRACE] v=1 pid=466696 tid=466696 inv=91 hid=f0c29cefd733b2d6 depth=3 name=chip.run.runner_run.device_wall.graph_build ts=4006 dur=869336 clk=dev
[mono_ns=182556366429456][T0x731da3880740][TIMING] emit_host_span: [STRACE] v=1 pid=466696 tid=466696 inv=91 hid=f0c29cefd733b2d6 depth=3 name=chip.run.runner_run.device_wall.config_validate ts=5100 dur=1626 clk=dev
[mono_ns=182556366430468][T0x731da3880740][TIMING] emit_host_span: [STRACE] v=1 pid=466696 tid=466696 inv=91 hid=f0c29cefd733b2d6 depth=3 name=chip.run.runner_run.device_wall.arena_wire ts=6992 dur=3841 clk=dev
[mono_ns=182556366431519][T0x731da3880740][TIMING] emit_host_span: [STRACE] v=1 pid=466696 tid=466696 inv=91 hid=f0c29cefd733b2d6 depth=3 name=chip.run.runner_run.device_wall.sm_reset ts=10856 dur=4450 clk=dev
[mono_ns=182556366432541][T0x731da3880740][TIMING] emit_host_span: [STRACE] v=1 pid=466696 tid=466696 inv=91 hid=f0c29cefd733b2d6 depth=3 name=chip.run.runner_run.device_wall.post_orch ts=873361 dur=3597 clk=dev
[mono_ns=182556366433542][T0x731da3880740][TIMING] emit_host_span: [STRACE] v=1 pid=466696 tid=466696 inv=91 hid=f0c29cefd733b2d6 depth=3 name=chip.run.runner_run.device_wall.orch ts=15553 dur=625084 clk=dev
[mono_ns=182556366434554][T0x731da3880740][TIMING] emit_host_span: [STRACE] v=1 pid=466696 tid=466696 inv=91 hid=f0c29cefd733b2d6 depth=3 name=chip.run.runner_run.device_wall.sched ts=16084 dur=842564 clk=dev
[mono_ns=182556366435716][T0x731da3880740][TIMING] emit_host_span: [STRACE] v=1 pid=466696 tid=466696 inv=91 hid=f0c29cefd733b2d6 depth=1 name=chip.run.claim_release ts=182556366435165 dur=40
[mono_ns=182556366436948][T0x731da3880740][TIMING] emit_host_span: [STRACE] v=1 pid=466696 tid=466696 inv=91 hid=f0c29cefd733b2d6 depth=0 name=chip.run ts=182556328939317 dur=37497040 run_id=0 dispatch_id=0 slot_id=0 generation=91 run_epoch=91
[mono_ns=182556398020021][T0x731da3880740][TIMING] emit_host_span: [STRACE] v=1 pid=466696 tid=466696 inv=92 hid=f0c29cefd733b2d6 depth=2 name=chip.run.bind.args ts=182556366626963 dur=31391075
[mono_ns=182556398024007][T0x731da3880740][TIMING] emit_host_span: [STRACE] v=1 pid=466696 tid=466696 inv=92 hid=f0c29cefd733b2d6 depth=2 name=chip.run.bind.prebuilt ts=182556398022825 dur=631
[mono_ns=182556398025419][T0x731da3880740][TIMING] emit_host_span: [STRACE] v=1 pid=466696 tid=466696 inv=92 hid=f0c29cefd733b2d6 depth=1 name=chip.run.bind ts=182556366625471 dur=31399307
[mono_ns=182556402545303][T0x731da3880740][WARN] prepare_execution: [device_runner.cpp:343] AICPU CPU_TOPO unavailable; using json_fallback: soc=Ascend950PR_9579 occupy=0x3e stable_reachable=5 requested=0 effective=5 affinity=[1, 2, 3, 4, 5(orch)]
[mono_ns=182556403576892][T0x731da3880740][TIMING] emit_host_span: [STRACE] v=1 pid=466696 tid=466696 inv=92 hid=f0c29cefd733b2d6 depth=1 name=chip.run.runner_run ts=182556402595338 dur=980792
[mono_ns=182556403886226][T0x731da3880740][TIMING] emit_host_span: [STRACE] v=1 pid=466696 tid=466696 inv=92 hid=f0c29cefd733b2d6 depth=1 name=chip.run.validate ts=182556403579005 dur=306550
[mono_ns=182556403887478][T0x731da3880740][TIMING] emit_host_span: [STRACE] v=1 pid=466696 tid=466696 inv=92 hid=f0c29cefd733b2d6 depth=2 name=chip.run.runner_run.device_wall ts=0 dur=852685 clk=dev
[mono_ns=182556403890162][T0x731da3880740][TIMING] emit_host_span: [STRACE] v=1 pid=466696 tid=466696 inv=92 hid=f0c29cefd733b2d6 depth=3 name=chip.run.runner_run.device_wall.preamble ts=0 dur=14216 clk=dev
[mono_ns=182556403891203][T0x731da3880740][TIMING] emit_host_span: [STRACE] v=1 pid=466696 tid=466696 inv=92 hid=f0c29cefd733b2d6 depth=3 name=chip.run.runner_run.device_wall.graph_build ts=4060 dur=844270 clk=dev
[mono_ns=182556403892235][T0x731da3880740][TIMING] emit_host_span: [STRACE] v=1 pid=466696 tid=466696 inv=92 hid=f0c29cefd733b2d6 depth=3 name=chip.run.runner_run.device_wall.config_validate ts=4719 dur=1247 clk=dev
[mono_ns=182556403893236][T0x731da3880740][TIMING] emit_host_span: [STRACE] v=1 pid=466696 tid=466696 inv=92 hid=f0c29cefd733b2d6 depth=3 name=chip.run.runner_run.device_wall.arena_wire ts=6237 dur=3345 clk=dev
[mono_ns=182556403894228][T0x731da3880740][TIMING] emit_host_span: [STRACE] v=1 pid=466696 tid=466696 inv=92 hid=f0c29cefd733b2d6 depth=3 name=chip.run.runner_run.device_wall.sm_reset ts=9600 dur=5484 clk=dev
[mono_ns=182556403895219][T0x731da3880740][TIMING] emit_host_span: [STRACE] v=1 pid=466696 tid=466696 inv=92 hid=f0c29cefd733b2d6 depth=3 name=chip.run.runner_run.device_wall.post_orch ts=848367 dur=3546 clk=dev
[mono_ns=182556403896211][T0x731da3880740][TIMING] emit_host_span: [STRACE] v=1 pid=466696 tid=466696 inv=92 hid=f0c29cefd733b2d6 depth=3 name=chip.run.runner_run.device_wall.orch ts=15106 dur=621804 clk=dev
[mono_ns=182556403897192][T0x731da3880740][TIMING] emit_host_span: [STRACE] v=1 pid=466696 tid=466696 inv=92 hid=f0c29cefd733b2d6 depth=3 name=chip.run.runner_run.device_wall.sched ts=15855 dur=817452 clk=dev
[mono_ns=182556403898404][T0x731da3880740][TIMING] emit_host_span: [STRACE] v=1 pid=466696 tid=466696 inv=92 hid=f0c29cefd733b2d6 depth=1 name=chip.run.claim_release ts=182556403897813 dur=60
[mono_ns=182556403899616][T0x731da3880740][TIMING] emit_host_span: [STRACE] v=1 pid=466696 tid=466696 inv=92 hid=f0c29cefd733b2d6 depth=0 name=chip.run ts=182556366623848 dur=37275177 run_id=0 dispatch_id=0 slot_id=0 generation=92 run_epoch=92
[mono_ns=182556435208648][T0x731da3880740][TIMING] emit_host_span: [STRACE] v=1 pid=466696 tid=466696 inv=93 hid=f0c29cefd733b2d6 depth=2 name=chip.run.bind.args ts=182556404090823 dur=31116483
[mono_ns=182556435213936][T0x731da3880740][TIMING] emit_host_span: [STRACE] v=1 pid=466696 tid=466696 inv=93 hid=f0c29cefd733b2d6 depth=2 name=chip.run.bind.prebuilt ts=182556435212654 dur=691
[mono_ns=182556435215549][T0x731da3880740][TIMING] emit_host_span: [STRACE] v=1 pid=466696 tid=466696 inv=93 hid=f0c29cefd733b2d6 depth=1 name=chip.run.bind ts=182556404089221 dur=31125557
[mono_ns=182556439640009][T0x731da3880740][WARN] prepare_execution: [device_runner.cpp:343] AICPU CPU_TOPO unavailable; using json_fallback: soc=Ascend950PR_9579 occupy=0x3e stable_reachable=5 requested=0 effective=5 affinity=[1, 2, 3, 4, 5(orch)]
[mono_ns=182556440696115][T0x731da3880740][TIMING] emit_host_span: [STRACE] v=1 pid=466696 tid=466696 inv=93 hid=f0c29cefd733b2d6 depth=1 name=chip.run.runner_run ts=182556439690535 dur=1004838
[mono_ns=182556441024277][T0x731da3880740][TIMING] emit_host_span: [STRACE] v=1 pid=466696 tid=466696 inv=93 hid=f0c29cefd733b2d6 depth=1 name=chip.run.validate ts=182556440698308 dur=325258
[mono_ns=182556441026120][T0x731da3880740][TIMING] emit_host_span: [STRACE] v=1 pid=466696 tid=466696 inv=93 hid=f0c29cefd733b2d6 depth=2 name=chip.run.runner_run.device_wall ts=0 dur=889602 clk=dev
[mono_ns=182556441027332][T0x731da3880740][TIMING] emit_host_span: [STRACE] v=1 pid=466696 tid=466696 inv=93 hid=f0c29cefd733b2d6 depth=3 name=chip.run.runner_run.device_wall.preamble ts=0 dur=14225 clk=dev
[mono_ns=182556441028503][T0x731da3880740][TIMING] emit_host_span: [STRACE] v=1 pid=466696 tid=466696 inv=93 hid=f0c29cefd733b2d6 depth=3 name=chip.run.runner_run.device_wall.graph_build ts=4254 dur=880198 clk=dev
[mono_ns=182556441029555][T0x731da3880740][TIMING] emit_host_span: [STRACE] v=1 pid=466696 tid=466696 inv=93 hid=f0c29cefd733b2d6 depth=3 name=chip.run.runner_run.device_wall.config_validate ts=5039 dur=1329 clk=dev
[mono_ns=182556441032189][T0x731da3880740][TIMING] emit_host_span: [STRACE] v=1 pid=466696 tid=466696 inv=93 hid=f0c29cefd733b2d6 depth=3 name=chip.run.runner_run.device_wall.arena_wire ts=6649 dur=3730 clk=dev
[mono_ns=182556441033211][T0x731da3880740][TIMING] emit_host_span: [STRACE] v=1 pid=466696 tid=466696 inv=93 hid=f0c29cefd733b2d6 depth=3 name=chip.run.runner_run.device_wall.sm_reset ts=10398 dur=5671 clk=dev
[mono_ns=182556441034262][T0x731da3880740][TIMING] emit_host_span: [STRACE] v=1 pid=466696 tid=466696 inv=93 hid=f0c29cefd733b2d6 depth=3 name=chip.run.runner_run.device_wall.post_orch ts=884482 dur=4383 clk=dev
[mono_ns=182556441035274][T0x731da3880740][TIMING] emit_host_span: [STRACE] v=1 pid=466696 tid=466696 inv=93 hid=f0c29cefd733b2d6 depth=3 name=chip.run.runner_run.device_wall.orch ts=16225 dur=621470 clk=dev
[mono_ns=182556441036285][T0x731da3880740][TIMING] emit_host_span: [STRACE] v=1 pid=466696 tid=466696 inv=93 hid=f0c29cefd733b2d6 depth=3 name=chip.run.runner_run.device_wall.sched ts=16945 dur=854372 clk=dev
[mono_ns=182556441037487][T0x731da3880740][TIMING] emit_host_span: [STRACE] v=1 pid=466696 tid=466696 inv=93 hid=f0c29cefd733b2d6 depth=1 name=chip.run.claim_release ts=182556441036926 dur=50
[mono_ns=182556441038689][T0x731da3880740][TIMING] emit_host_span: [STRACE] v=1 pid=466696 tid=466696 inv=93 hid=f0c29cefd733b2d6 depth=0 name=chip.run ts=182556404087718 dur=36950380 run_id=0 dispatch_id=0 slot_id=0 generation=93 run_epoch=93
[mono_ns=182556471343394][T0x731da3880740][TIMING] emit_host_span: [STRACE] v=1 pid=466696 tid=466696 inv=94 hid=f0c29cefd733b2d6 depth=2 name=chip.run.bind.args ts=182556441217247 dur=30124124
[mono_ns=182556471348622][T0x731da3880740][TIMING] emit_host_span: [STRACE] v=1 pid=466696 tid=466696 inv=94 hid=f0c29cefd733b2d6 depth=2 name=chip.run.bind.prebuilt ts=182556471347269 dur=772
[mono_ns=182556471350124][T0x731da3880740][TIMING] emit_host_span: [STRACE] v=1 pid=466696 tid=466696 inv=94 hid=f0c29cefd733b2d6 depth=1 name=chip.run.bind ts=182556441215805 dur=30133638
[mono_ns=182556475766502][T0x731da3880740][WARN] prepare_execution: [device_runner.cpp:343] AICPU CPU_TOPO unavailable; using json_fallback: soc=Ascend950PR_9579 occupy=0x3e stable_reachable=5 requested=0 effective=5 affinity=[1, 2, 3, 4, 5(orch)]
[mono_ns=182556476784851][T0x731da3880740][TIMING] emit_host_span: [STRACE] v=1 pid=466696 tid=466696 inv=94 hid=f0c29cefd733b2d6 depth=1 name=chip.run.runner_run ts=182556475821355 dur=962695
[mono_ns=182556477102297][T0x731da3880740][TIMING] emit_host_span: [STRACE] v=1 pid=466696 tid=466696 inv=94 hid=f0c29cefd733b2d6 depth=1 name=chip.run.validate ts=182556476787064 dur=314522
[mono_ns=182556477103940][T0x731da3880740][TIMING] emit_host_span: [STRACE] v=1 pid=466696 tid=466696 inv=94 hid=f0c29cefd733b2d6 depth=2 name=chip.run.runner_run.device_wall ts=0 dur=845387 clk=dev
[mono_ns=182556477105142][T0x731da3880740][TIMING] emit_host_span: [STRACE] v=1 pid=466696 tid=466696 inv=94 hid=f0c29cefd733b2d6 depth=3 name=chip.run.runner_run.device_wall.preamble ts=0 dur=13391 clk=dev
[mono_ns=182556477106213][T0x731da3880740][TIMING] emit_host_span: [STRACE] v=1 pid=466696 tid=466696 inv=94 hid=f0c29cefd733b2d6 depth=3 name=chip.run.runner_run.device_wall.graph_build ts=4303 dur=836489 clk=dev
[mono_ns=182556477107215][T0x731da3880740][TIMING] emit_host_span: [STRACE] v=1 pid=466696 tid=466696 inv=94 hid=f0c29cefd733b2d6 depth=3 name=chip.run.runner_run.device_wall.config_validate ts=5103 dur=1367 clk=dev
[mono_ns=182556477108206][T0x731da3880740][TIMING] emit_host_span: [STRACE] v=1 pid=466696 tid=466696 inv=94 hid=f0c29cefd733b2d6 depth=3 name=chip.run.runner_run.device_wall.arena_wire ts=6677 dur=3198 clk=dev
[mono_ns=182556477109188][T0x731da3880740][TIMING] emit_host_span: [STRACE] v=1 pid=466696 tid=466696 inv=94 hid=f0c29cefd733b2d6 depth=3 name=chip.run.runner_run.device_wall.sm_reset ts=9898 dur=5706 clk=dev
[mono_ns=182556477110209][T0x731da3880740][TIMING] emit_host_span: [STRACE] v=1 pid=466696 tid=466696 inv=94 hid=f0c29cefd733b2d6 depth=3 name=chip.run.runner_run.device_wall.post_orch ts=840814 dur=4006 clk=dev
[mono_ns=182556477113174][T0x731da3880740][TIMING] emit_host_span: [STRACE] v=1 pid=466696 tid=466696 inv=94 hid=f0c29cefd733b2d6 depth=3 name=chip.run.runner_run.device_wall.orch ts=15680 dur=611521 clk=dev
[mono_ns=182556477114195][T0x731da3880740][TIMING] emit_host_span: [STRACE] v=1 pid=466696 tid=466696 inv=94 hid=f0c29cefd733b2d6 depth=3 name=chip.run.runner_run.device_wall.sched ts=16605 dur=809590 clk=dev
[mono_ns=182556477115427][T0x731da3880740][TIMING] emit_host_span: [STRACE] v=1 pid=466696 tid=466696 inv=94 hid=f0c29cefd733b2d6 depth=1 name=chip.run.claim_release ts=182556477114796 dur=70
[mono_ns=182556477116699][T0x731da3880740][TIMING] emit_host_span: [STRACE] v=1 pid=466696 tid=466696 inv=94 hid=f0c29cefd733b2d6 depth=0 name=chip.run ts=182556441214222 dur=35901866 run_id=0 dispatch_id=0 slot_id=0 generation=94 run_epoch=94
[mono_ns=182556508635556][T0x731da3880740][TIMING] emit_host_span: [STRACE] v=1 pid=466696 tid=466696 inv=95 hid=f0c29cefd733b2d6 depth=2 name=chip.run.bind.args ts=182556477303269 dur=31329813
[mono_ns=182556508642206][T0x731da3880740][TIMING] emit_host_span: [STRACE] v=1 pid=466696 tid=466696 inv=95 hid=f0c29cefd733b2d6 depth=2 name=chip.run.bind.prebuilt ts=182556508640884 dur=601
[mono_ns=182556508643528][T0x731da3880740][TIMING] emit_host_span: [STRACE] v=1 pid=466696 tid=466696 inv=95 hid=f0c29cefd733b2d6 depth=1 name=chip.run.bind ts=182556477301667 dur=31341310
[mono_ns=182556513082611][T0x731da3880740][WARN] prepare_execution: [device_runner.cpp:343] AICPU CPU_TOPO unavailable; using json_fallback: soc=Ascend950PR_9579 occupy=0x3e stable_reachable=5 requested=0 effective=5 affinity=[1, 2, 3, 4, 5(orch)]
[mono_ns=182556514126117][T0x731da3880740][TIMING] emit_host_span: [STRACE] v=1 pid=466696 tid=466696 inv=95 hid=f0c29cefd733b2d6 depth=1 name=chip.run.runner_run ts=182556513137633 dur=987663
[mono_ns=182556514454009][T0x731da3880740][TIMING] emit_host_span: [STRACE] v=1 pid=466696 tid=466696 inv=95 hid=f0c29cefd733b2d6 depth=1 name=chip.run.validate ts=182556514128210 dur=325098
[mono_ns=182556514455421][T0x731da3880740][TIMING] emit_host_span: [STRACE] v=1 pid=466696 tid=466696 inv=95 hid=f0c29cefd733b2d6 depth=2 name=chip.run.runner_run.device_wall ts=0 dur=865530 clk=dev
[mono_ns=182556514456723][T0x731da3880740][TIMING] emit_host_span: [STRACE] v=1 pid=466696 tid=466696 inv=95 hid=f0c29cefd733b2d6 depth=3 name=chip.run.runner_run.device_wall.preamble ts=0 dur=11011 clk=dev
[mono_ns=182556514457755][T0x731da3880740][TIMING] emit_host_span: [STRACE] v=1 pid=466696 tid=466696 inv=95 hid=f0c29cefd733b2d6 depth=3 name=chip.run.runner_run.device_wall.graph_build ts=2322 dur=859381 clk=dev
[mono_ns=182556514458766][T0x731da3880740][TIMING] emit_host_span: [STRACE] v=1 pid=466696 tid=466696 inv=95 hid=f0c29cefd733b2d6 depth=3 name=chip.run.runner_run.device_wall.config_validate ts=3183 dur=1235 clk=dev
[mono_ns=182556514459738][T0x731da3880740][TIMING] emit_host_span: [STRACE] v=1 pid=466696 tid=466696 inv=95 hid=f0c29cefd733b2d6 depth=3 name=chip.run.runner_run.device_wall.arena_wire ts=4649 dur=3152 clk=dev
[mono_ns=182556514460729][T0x731da3880740][TIMING] emit_host_span: [STRACE] v=1 pid=466696 tid=466696 inv=95 hid=f0c29cefd733b2d6 depth=3 name=chip.run.runner_run.device_wall.sm_reset ts=7819 dur=5180 clk=dev
[mono_ns=182556514461751][T0x731da3880740][TIMING] emit_host_span: [STRACE] v=1 pid=466696 tid=466696 inv=95 hid=f0c29cefd733b2d6 depth=3 name=chip.run.runner_run.device_wall.post_orch ts=861733 dur=3740 clk=dev
[mono_ns=182556514462752][T0x731da3880740][TIMING] emit_host_span: [STRACE] v=1 pid=466696 tid=466696 inv=95 hid=f0c29cefd733b2d6 depth=3 name=chip.run.runner_run.device_wall.orch ts=13251 dur=619509 clk=dev
[mono_ns=182556514463754][T0x731da3880740][TIMING] emit_host_span: [STRACE] v=1 pid=466696 tid=466696 inv=95 hid=f0c29cefd733b2d6 depth=3 name=chip.run.runner_run.device_wall.sched ts=13852 dur=834396 clk=dev
[mono_ns=182556514466989][T0x731da3880740][TIMING] emit_host_span: [STRACE] v=1 pid=466696 tid=466696 inv=95 hid=f0c29cefd733b2d6 depth=1 name=chip.run.claim_release ts=182556514466348 dur=50
[mono_ns=182556514468231][T0x731da3880740][TIMING] emit_host_span: [STRACE] v=1 pid=466696 tid=466696 inv=95 hid=f0c29cefd733b2d6 depth=0 name=chip.run ts=182556477300034 dur=37167596 run_id=0 dispatch_id=0 slot_id=0 generation=95 run_epoch=95
[mono_ns=182556541932652][T0x731da3880740][TIMING] emit_host_span: [STRACE] v=1 pid=466696 tid=466696 inv=96 hid=f0c29cefd733b2d6 depth=2 name=chip.run.bind.args ts=182556514663584 dur=27267556
[mono_ns=182556541937490][T0x731da3880740][TIMING] emit_host_span: [STRACE] v=1 pid=466696 tid=466696 inv=96 hid=f0c29cefd733b2d6 depth=2 name=chip.run.bind.prebuilt ts=182556541936128 dur=691
[mono_ns=182556541939132][T0x731da3880740][TIMING] emit_host_span: [STRACE] v=1 pid=466696 tid=466696 inv=96 hid=f0c29cefd733b2d6 depth=1 name=chip.run.bind ts=182556514661901 dur=27276430
[mono_ns=182556546372306][T0x731da3880740][WARN] prepare_execution: [device_runner.cpp:343] AICPU CPU_TOPO unavailable; using json_fallback: soc=Ascend950PR_9579 occupy=0x3e stable_reachable=5 requested=0 effective=5 affinity=[1, 2, 3, 4, 5(orch)]
[mono_ns=182556547457865][T0x731da3880740][TIMING] emit_host_span: [STRACE] v=1 pid=466696 tid=466696 inv=96 hid=f0c29cefd733b2d6 depth=1 name=chip.run.runner_run ts=182556546419166 dur=1037908
[mono_ns=182556547768401][T0x731da3880740][TIMING] emit_host_span: [STRACE] v=1 pid=466696 tid=466696 inv=96 hid=f0c29cefd733b2d6 depth=1 name=chip.run.validate ts=182556547459958 dur=307742
[mono_ns=182556547769864][T0x731da3880740][TIMING] emit_host_span: [STRACE] v=1 pid=466696 tid=466696 inv=96 hid=f0c29cefd733b2d6 depth=2 name=chip.run.runner_run.device_wall ts=0 dur=920334 clk=dev
[mono_ns=182556547771055][T0x731da3880740][TIMING] emit_host_span: [STRACE] v=1 pid=466696 tid=466696 inv=96 hid=f0c29cefd733b2d6 depth=3 name=chip.run.runner_run.device_wall.preamble ts=0 dur=11938 clk=dev
[mono_ns=182556547772097][T0x731da3880740][TIMING] emit_host_span: [STRACE] v=1 pid=466696 tid=466696 inv=96 hid=f0c29cefd733b2d6 depth=3 name=chip.run.runner_run.device_wall.graph_build ts=2964 dur=913459 clk=dev
[mono_ns=182556547773129][T0x731da3880740][TIMING] emit_host_span: [STRACE] v=1 pid=466696 tid=466696 inv=96 hid=f0c29cefd733b2d6 depth=3 name=chip.run.runner_run.device_wall.config_validate ts=4024 dur=1599 clk=dev
[mono_ns=182556547774140][T0x731da3880740][TIMING] emit_host_span: [STRACE] v=1 pid=466696 tid=466696 inv=96 hid=f0c29cefd733b2d6 depth=3 name=chip.run.runner_run.device_wall.arena_wire ts=5693 dur=3892 clk=dev
[mono_ns=182556547775122][T0x731da3880740][TIMING] emit_host_span: [STRACE] v=1 pid=466696 tid=466696 inv=96 hid=f0c29cefd733b2d6 depth=3 name=chip.run.runner_run.device_wall.sm_reset ts=9607 dur=4927 clk=dev
[mono_ns=182556547776123][T0x731da3880740][TIMING] emit_host_span: [STRACE] v=1 pid=466696 tid=466696 inv=96 hid=f0c29cefd733b2d6 depth=3 name=chip.run.runner_run.device_wall.post_orch ts=916441 dur=3576 clk=dev
[mono_ns=182556547777115][T0x731da3880740][TIMING] emit_host_span: [STRACE] v=1 pid=466696 tid=466696 inv=96 hid=f0c29cefd733b2d6 depth=3 name=chip.run.runner_run.device_wall.orch ts=14609 dur=618461 clk=dev
[mono_ns=182556547778096][T0x731da3880740][TIMING] emit_host_span: [STRACE] v=1 pid=466696 tid=466696 inv=96 hid=f0c29cefd733b2d6 depth=3 name=chip.run.runner_run.device_wall.sched ts=15407 dur=887302 clk=dev
[mono_ns=182556547779288][T0x731da3880740][TIMING] emit_host_span: [STRACE] v=1 pid=466696 tid=466696 inv=96 hid=f0c29cefd733b2d6 depth=1 name=chip.run.claim_release ts=182556547778717 dur=50
[mono_ns=182556547780500][T0x731da3880740][TIMING] emit_host_span: [STRACE] v=1 pid=466696 tid=466696 inv=96 hid=f0c29cefd733b2d6 depth=0 name=chip.run ts=182556514660219 dur=33119700 run_id=0 dispatch_id=0 slot_id=0 generation=96 run_epoch=96
[mono_ns=182556578820098][T0x731da3880740][TIMING] emit_host_span: [STRACE] v=1 pid=466696 tid=466696 inv=97 hid=f0c29cefd733b2d6 depth=2 name=chip.run.bind.args ts=182556547962112 dur=30856724
[mono_ns=182556578827368][T0x731da3880740][TIMING] emit_host_span: [STRACE] v=1 pid=466696 tid=466696 inv=97 hid=f0c29cefd733b2d6 depth=2 name=chip.run.bind.prebuilt ts=182556578826197 dur=601
[mono_ns=182556578828871][T0x731da3880740][TIMING] emit_host_span: [STRACE] v=1 pid=466696 tid=466696 inv=97 hid=f0c29cefd733b2d6 depth=1 name=chip.run.bind ts=182556547960500 dur=30867559
[mono_ns=182556583241404][T0x731da3880740][WARN] prepare_execution: [device_runner.cpp:343] AICPU CPU_TOPO unavailable; using json_fallback: soc=Ascend950PR_9579 occupy=0x3e stable_reachable=5 requested=0 effective=5 affinity=[1, 2, 3, 4, 5(orch)]
[mono_ns=182556584276968][T0x731da3880740][TIMING] emit_host_span: [STRACE] v=1 pid=466696 tid=466696 inv=97 hid=f0c29cefd733b2d6 depth=1 name=chip.run.runner_run ts=182556583293091 dur=983056
[mono_ns=182556584611840][T0x731da3880740][TIMING] emit_host_span: [STRACE] v=1 pid=466696 tid=466696 inv=97 hid=f0c29cefd733b2d6 depth=1 name=chip.run.validate ts=182556584279752 dur=331327
[mono_ns=182556584613142][T0x731da3880740][TIMING] emit_host_span: [STRACE] v=1 pid=466696 tid=466696 inv=97 hid=f0c29cefd733b2d6 depth=2 name=chip.run.runner_run.device_wall ts=0 dur=869045 clk=dev
[mono_ns=182556584614204][T0x731da3880740][TIMING] emit_host_span: [STRACE] v=1 pid=466696 tid=466696 inv=97 hid=f0c29cefd733b2d6 depth=3 name=chip.run.runner_run.device_wall.preamble ts=0 dur=14203 clk=dev
[mono_ns=182556584615276][T0x731da3880740][TIMING] emit_host_span: [STRACE] v=1 pid=466696 tid=466696 inv=97 hid=f0c29cefd733b2d6 depth=3 name=chip.run.runner_run.device_wall.graph_build ts=4211 dur=860579 clk=dev
[mono_ns=182556584616307][T0x731da3880740][TIMING] emit_host_span: [STRACE] v=1 pid=466696 tid=466696 inv=97 hid=f0c29cefd733b2d6 depth=3 name=chip.run.runner_run.device_wall.config_validate ts=4603 dur=1224 clk=dev
[mono_ns=182556584617299][T0x731da3880740][TIMING] emit_host_span: [STRACE] v=1 pid=466696 tid=466696 inv=97 hid=f0c29cefd733b2d6 depth=3 name=chip.run.runner_run.device_wall.arena_wire ts=5919 dur=3295 clk=dev
[mono_ns=182556584618290][T0x731da3880740][TIMING] emit_host_span: [STRACE] v=1 pid=466696 tid=466696 inv=97 hid=f0c29cefd733b2d6 depth=3 name=chip.run.runner_run.device_wall.sm_reset ts=9275 dur=4947 clk=dev
[mono_ns=182556584619292][T0x731da3880740][TIMING] emit_host_span: [STRACE] v=1 pid=466696 tid=466696 inv=97 hid=f0c29cefd733b2d6 depth=3 name=chip.run.runner_run.device_wall.post_orch ts=864863 dur=3639 clk=dev
[mono_ns=182556584620283][T0x731da3880740][TIMING] emit_host_span: [STRACE] v=1 pid=466696 tid=466696 inv=97 hid=f0c29cefd733b2d6 depth=3 name=chip.run.runner_run.device_wall.orch ts=14303 dur=610546 clk=dev
[mono_ns=182556584621265][T0x731da3880740][TIMING] emit_host_span: [STRACE] v=1 pid=466696 tid=466696 inv=97 hid=f0c29cefd733b2d6 depth=3 name=chip.run.runner_run.device_wall.sched ts=15059 dur=836597 clk=dev
[mono_ns=182556584622496][T0x731da3880740][TIMING] emit_host_span: [STRACE] v=1 pid=466696 tid=466696 inv=97 hid=f0c29cefd733b2d6 depth=1 name=chip.run.claim_release ts=182556584621886 dur=60
[mono_ns=182556584623798][T0x731da3880740][TIMING] emit_host_span: [STRACE] v=1 pid=466696 tid=466696 inv=97 hid=f0c29cefd733b2d6 depth=0 name=chip.run ts=182556547958907 dur=36664331 run_id=0 dispatch_id=0 slot_id=0 generation=97 run_epoch=97
[mono_ns=182556615946451][T0x731da3880740][TIMING] emit_host_span: [STRACE] v=1 pid=466696 tid=466696 inv=98 hid=f0c29cefd733b2d6 depth=2 name=chip.run.bind.args ts=182556584830399 dur=31113849
[mono_ns=182556615952320][T0x731da3880740][TIMING] emit_host_span: [STRACE] v=1 pid=466696 tid=466696 inv=98 hid=f0c29cefd733b2d6 depth=2 name=chip.run.bind.prebuilt ts=182556615950828 dur=701
[mono_ns=182556615953692][T0x731da3880740][TIMING] emit_host_span: [STRACE] v=1 pid=466696 tid=466696 inv=98 hid=f0c29cefd733b2d6 depth=1 name=chip.run.bind ts=182556584828956 dur=31124105
[mono_ns=182556620305934][T0x731da3880740][WARN] prepare_execution: [device_runner.cpp:343] AICPU CPU_TOPO unavailable; using json_fallback: soc=Ascend950PR_9579 occupy=0x3e stable_reachable=5 requested=0 effective=5 affinity=[1, 2, 3, 4, 5(orch)]
[mono_ns=182556621343432][T0x731da3880740][TIMING] emit_host_span: [STRACE] v=1 pid=466696 tid=466696 inv=98 hid=f0c29cefd733b2d6 depth=1 name=chip.run.runner_run ts=182556620358724 dur=983846
[mono_ns=182556621659226][T0x731da3880740][TIMING] emit_host_span: [STRACE] v=1 pid=466696 tid=466696 inv=98 hid=f0c29cefd733b2d6 depth=1 name=chip.run.validate ts=182556621345835 dur=312660
[mono_ns=182556621660477][T0x731da3880740][TIMING] emit_host_span: [STRACE] v=1 pid=466696 tid=466696 inv=98 hid=f0c29cefd733b2d6 depth=2 name=chip.run.runner_run.device_wall ts=0 dur=867002 clk=dev
[mono_ns=182556621661569][T0x731da3880740][TIMING] emit_host_span: [STRACE] v=1 pid=466696 tid=466696 inv=98 hid=f0c29cefd733b2d6 depth=3 name=chip.run.runner_run.device_wall.preamble ts=0 dur=14916 clk=dev
[mono_ns=182556621662611][T0x731da3880740][TIMING] emit_host_span: [STRACE] v=1 pid=466696 tid=466696 inv=98 hid=f0c29cefd733b2d6 depth=3 name=chip.run.runner_run.device_wall.graph_build ts=4471 dur=858274 clk=dev
[mono_ns=182556621663622][T0x731da3880740][TIMING] emit_host_span: [STRACE] v=1 pid=466696 tid=466696 inv=98 hid=f0c29cefd733b2d6 depth=3 name=chip.run.runner_run.device_wall.config_validate ts=5319 dur=1261 clk=dev
[mono_ns=182556621664594][T0x731da3880740][TIMING] emit_host_span: [STRACE] v=1 pid=466696 tid=466696 inv=98 hid=f0c29cefd733b2d6 depth=3 name=chip.run.runner_run.device_wall.arena_wire ts=6848 dur=3841 clk=dev
[mono_ns=182556621665615][T0x731da3880740][TIMING] emit_host_span: [STRACE] v=1 pid=466696 tid=466696 inv=98 hid=f0c29cefd733b2d6 depth=3 name=chip.run.runner_run.device_wall.sm_reset ts=10710 dur=5827 clk=dev
[mono_ns=182556621666677][T0x731da3880740][TIMING] emit_host_span: [STRACE] v=1 pid=466696 tid=466696 inv=98 hid=f0c29cefd733b2d6 depth=3 name=chip.run.runner_run.device_wall.post_orch ts=862784 dur=3864 clk=dev
[mono_ns=182556621667678][T0x731da3880740][TIMING] emit_host_span: [STRACE] v=1 pid=466696 tid=466696 inv=98 hid=f0c29cefd733b2d6 depth=3 name=chip.run.runner_run.device_wall.orch ts=16612 dur=630749 clk=dev
[mono_ns=182556621668670][T0x731da3880740][TIMING] emit_host_span: [STRACE] v=1 pid=466696 tid=466696 inv=98 hid=f0c29cefd733b2d6 depth=3 name=chip.run.runner_run.device_wall.sched ts=17366 dur=829646 clk=dev
[mono_ns=182556621669862][T0x731da3880740][TIMING] emit_host_span: [STRACE] v=1 pid=466696 tid=466696 inv=98 hid=f0c29cefd733b2d6 depth=1 name=chip.run.claim_release ts=182556621669261 dur=70
[mono_ns=182556621671254][T0x731da3880740][TIMING] emit_host_span: [STRACE] v=1 pid=466696 tid=466696 inv=98 hid=f0c29cefd733b2d6 depth=0 name=chip.run ts=182556584827294 dur=36843319 run_id=0 dispatch_id=0 slot_id=0 generation=98 run_epoch=98
[mono_ns=182556652335178][T0x731da3880740][TIMING] emit_host_span: [STRACE] v=1 pid=466696 tid=466696 inv=99 hid=f0c29cefd733b2d6 depth=2 name=chip.run.bind.args ts=182556621854579 dur=30479357
[mono_ns=182556652340055][T0x731da3880740][TIMING] emit_host_span: [STRACE] v=1 pid=466696 tid=466696 inv=99 hid=f0c29cefd733b2d6 depth=2 name=chip.run.bind.prebuilt ts=182556652338853 dur=601
[mono_ns=182556652341487][T0x731da3880740][TIMING] emit_host_span: [STRACE] v=1 pid=466696 tid=466696 inv=99 hid=f0c29cefd733b2d6 depth=1 name=chip.run.bind ts=182556621852946 dur=30487780
[mono_ns=182556656728412][T0x731da3880740][WARN] prepare_execution: [device_runner.cpp:343] AICPU CPU_TOPO unavailable; using json_fallback: soc=Ascend950PR_9579 occupy=0x3e stable_reachable=5 requested=0 effective=5 affinity=[1, 2, 3, 4, 5(orch)]
[mono_ns=182556657824687][T0x731da3880740][TIMING] emit_host_span: [STRACE] v=1 pid=466696 tid=466696 inv=99 hid=f0c29cefd733b2d6 depth=1 name=chip.run.runner_run ts=182556656778106 dur=1045790
[mono_ns=182556658152499][T0x731da3880740][TIMING] emit_host_span: [STRACE] v=1 pid=466696 tid=466696 inv=99 hid=f0c29cefd733b2d6 depth=1 name=chip.run.validate ts=182556657827061 dur=324727
[mono_ns=182556658156155][T0x731da3880740][TIMING] emit_host_span: [STRACE] v=1 pid=466696 tid=466696 inv=99 hid=f0c29cefd733b2d6 depth=2 name=chip.run.runner_run.device_wall ts=0 dur=933777 clk=dev
[mono_ns=182556658157266][T0x731da3880740][TIMING] emit_host_span: [STRACE] v=1 pid=466696 tid=466696 inv=99 hid=f0c29cefd733b2d6 depth=3 name=chip.run.runner_run.device_wall.preamble ts=0 dur=12968 clk=dev
[mono_ns=182556658158328][T0x731da3880740][TIMING] emit_host_span: [STRACE] v=1 pid=466696 tid=466696 inv=99 hid=f0c29cefd733b2d6 depth=3 name=chip.run.runner_run.device_wall.graph_build ts=3077 dur=925987 clk=dev
[mono_ns=182556658159349][T0x731da3880740][TIMING] emit_host_span: [STRACE] v=1 pid=466696 tid=466696 inv=99 hid=f0c29cefd733b2d6 depth=3 name=chip.run.runner_run.device_wall.config_validate ts=3856 dur=1276 clk=dev
[mono_ns=182556658160351][T0x731da3880740][TIMING] emit_host_span: [STRACE] v=1 pid=466696 tid=466696 inv=99 hid=f0c29cefd733b2d6 depth=3 name=chip.run.runner_run.device_wall.arena_wire ts=5194 dur=3559 clk=dev
[mono_ns=182556658161342][T0x731da3880740][TIMING] emit_host_span: [STRACE] v=1 pid=466696 tid=466696 inv=99 hid=f0c29cefd733b2d6 depth=3 name=chip.run.runner_run.device_wall.sm_reset ts=8777 dur=6229 clk=dev
[mono_ns=182556658162364][T0x731da3880740][TIMING] emit_host_span: [STRACE] v=1 pid=466696 tid=466696 inv=99 hid=f0c29cefd733b2d6 depth=3 name=chip.run.runner_run.device_wall.post_orch ts=929083 dur=4271 clk=dev
[mono_ns=182556658163365][T0x731da3880740][TIMING] emit_host_span: [STRACE] v=1 pid=466696 tid=466696 inv=99 hid=f0c29cefd733b2d6 depth=3 name=chip.run.runner_run.device_wall.orch ts=15255 dur=651573 clk=dev
[mono_ns=182556658164367][T0x731da3880740][TIMING] emit_host_span: [STRACE] v=1 pid=466696 tid=466696 inv=99 hid=f0c29cefd733b2d6 depth=3 name=chip.run.runner_run.device_wall.sched ts=15897 dur=898630 clk=dev
[mono_ns=182556658165589][T0x731da3880740][TIMING] emit_host_span: [STRACE] v=1 pid=466696 tid=466696 inv=99 hid=f0c29cefd733b2d6 depth=1 name=chip.run.claim_release ts=182556658164998 dur=50
[mono_ns=182556658166911][T0x731da3880740][TIMING] emit_host_span: [STRACE] v=1 pid=466696 tid=466696 inv=99 hid=f0c29cefd733b2d6 depth=0 name=chip.run ts=182556621851104 dur=36315196 run_id=0 dispatch_id=0 slot_id=0 generation=99 run_epoch=99
[mono_ns=182556689419719][T0x731da3880740][TIMING] emit_host_span: [STRACE] v=1 pid=466696 tid=466696 inv=100 hid=f0c29cefd733b2d6 depth=2 name=chip.run.bind.args ts=182556658346160 dur=31071215
[mono_ns=182556689424205][T0x731da3880740][TIMING] emit_host_span: [STRACE] v=1 pid=466696 tid=466696 inv=100 hid=f0c29cefd733b2d6 depth=2 name=chip.run.bind.prebuilt ts=182556689422893 dur=621
[mono_ns=182556689425668][T0x731da3880740][TIMING] emit_host_span: [STRACE] v=1 pid=466696 tid=466696 inv=100 hid=f0c29cefd733b2d6 depth=1 name=chip.run.bind ts=182556658344708 dur=31080299
[mono_ns=182556694226083][T0x731da3880740][WARN] prepare_execution: [device_runner.cpp:343] AICPU CPU_TOPO unavailable; using json_fallback: soc=Ascend950PR_9579 occupy=0x3e stable_reachable=5 requested=0 effective=5 affinity=[1, 2, 3, 4, 5(orch)]
[mono_ns=182556695265202][T0x731da3880740][TIMING] emit_host_span: [STRACE] v=1 pid=466696 tid=466696 inv=100 hid=f0c29cefd733b2d6 depth=1 name=chip.run.runner_run ts=182556694275727 dur=988744
[mono_ns=182556695595428][T0x731da3880740][TIMING] emit_host_span: [STRACE] v=1 pid=466696 tid=466696 inv=100 hid=f0c29cefd733b2d6 depth=1 name=chip.run.validate ts=182556695267275 dur=327492
[mono_ns=182556695596750][T0x731da3880740][TIMING] emit_host_span: [STRACE] v=1 pid=466696 tid=466696 inv=100 hid=f0c29cefd733b2d6 depth=2 name=chip.run.runner_run.device_wall ts=0 dur=870598 clk=dev
[mono_ns=182556695598012][T0x731da3880740][TIMING] emit_host_span: [STRACE] v=1 pid=466696 tid=466696 inv=100 hid=f0c29cefd733b2d6 depth=3 name=chip.run.runner_run.device_wall.preamble ts=0 dur=12276 clk=dev
[mono_ns=182556695599063][T0x731da3880740][TIMING] emit_host_span: [STRACE] v=1 pid=466696 tid=466696 inv=100 hid=f0c29cefd733b2d6 depth=3 name=chip.run.runner_run.device_wall.graph_build ts=3171 dur=863832 clk=dev
[mono_ns=182556695601707][T0x731da3880740][TIMING] emit_host_span: [STRACE] v=1 pid=466696 tid=466696 inv=100 hid=f0c29cefd733b2d6 depth=3 name=chip.run.runner_run.device_wall.config_validate ts=3796 dur=1153 clk=dev
[mono_ns=182556695602699][T0x731da3880740][TIMING] emit_host_span: [STRACE] v=1 pid=466696 tid=466696 inv=100 hid=f0c29cefd733b2d6 depth=3 name=chip.run.runner_run.device_wall.arena_wire ts=5308 dur=3375 clk=dev
[mono_ns=182556695603700][T0x731da3880740][TIMING] emit_host_span: [STRACE] v=1 pid=466696 tid=466696 inv=100 hid=f0c29cefd733b2d6 depth=3 name=chip.run.runner_run.device_wall.sm_reset ts=8701 dur=4704 clk=dev
[mono_ns=182556695604712][T0x731da3880740][TIMING] emit_host_span: [STRACE] v=1 pid=466696 tid=466696 inv=100 hid=f0c29cefd733b2d6 depth=3 name=chip.run.runner_run.device_wall.post_orch ts=867021 dur=3500 clk=dev
[mono_ns=182556695605703][T0x731da3880740][TIMING] emit_host_span: [STRACE] v=1 pid=466696 tid=466696 inv=100 hid=f0c29cefd733b2d6 depth=3 name=chip.run.runner_run.device_wall.orch ts=13651 dur=626053 clk=dev
[mono_ns=182556695606715][T0x731da3880740][TIMING] emit_host_span: [STRACE] v=1 pid=466696 tid=466696 inv=100 hid=f0c29cefd733b2d6 depth=3 name=chip.run.runner_run.device_wall.sched ts=14092 dur=840977 clk=dev
[mono_ns=182556695607877][T0x731da3880740][TIMING] emit_host_span: [STRACE] v=1 pid=466696 tid=466696 inv=100 hid=f0c29cefd733b2d6 depth=1 name=chip.run.claim_release ts=182556695607286 dur=50
[mono_ns=182556695609068][T0x731da3880740][TIMING] emit_host_span: [STRACE] v=1 pid=466696 tid=466696 inv=100 hid=f0c29cefd733b2d6 depth=0 name=chip.run ts=182556658342865 dur=37265622 run_id=0 dispatch_id=0 slot_id=0 generation=100 run_epoch=100
  TestPagedAttentionUnroll::Case2 PASSED
