[mono_ns=82103536885344][T0x789d971ad740][TIMING] clock_anchor: [CLOCK_ANCHOR] v=1 pid=3752878 mono_ns=82103536884373 wall_ns=1787728485181028517

=== Runtime: tensormap_and_ringbuffer  Level: 2 ===
  TestBatchPagedAttention::Case1 ...
[mono_ns=82107613616389][T0x789d971ad740][TIMING] emit_host_span: [STRACE] v=1 pid=3752878 tid=3752878 inv=1 hid=a1b044e660229c3b depth=2 name=chip.run.bind.args ts=82107485408960 dur=128191285 
[mono_ns=82107637215519][T0x789d971ad740][TIMING] emit_host_span: [STRACE] v=1 pid=3752878 tid=3752878 inv=1 hid=a1b044e660229c3b depth=2 name=chip.run.bind.prebuilt ts=82107613649098 dur=23562275 
[mono_ns=82107637230552][T0x789d971ad740][TIMING] emit_host_span: [STRACE] v=1 pid=3752878 tid=3752878 inv=1 hid=a1b044e660229c3b depth=1 name=chip.run.bind ts=82107480605220 dur=156621336 
[mono_ns=82107646056098][T0x789d971ad740][WARN] query_cpu_topo: [aicpu_topology_probe.cpp:125] aicpu_topology_probe: halGetDeviceInfoByBuff(CPU_TOPO) rc=65534 total=0
[mono_ns=82107648273817][T0x789d971ad740][WARN] query_cpu_topo: [aicpu_topology_probe.cpp:137] aicpu_topology_probe: dsmi_get_device_info(CPU_TOPO) rc=65534 total=0
[mono_ns=82107648403872][T0x789d971ad740][WARN] prepare_execution: [device_runner.cpp:342] AICPU CPU_TOPO unavailable; using json_fallback: soc=Ascend950PR_9579 occupy=0x3e stable_reachable=5 requested=0 effective=5 affinity=[1, 2, 3, 4, 5(orch)]
[mono_ns=82107656494095][T0x789d971ad740][TIMING] emit_host_span: [STRACE] v=1 pid=3752878 tid=3752878 inv=1 hid=a1b044e660229c3b depth=1 name=chip.run.runner_run ts=82107648488910 dur=8003642 
[mono_ns=82107656748527][T0x789d971ad740][TIMING] emit_host_span: [STRACE] v=1 pid=3752878 tid=3752878 inv=1 hid=a1b044e660229c3b depth=1 name=chip.run.validate ts=82107656499423 dur=248613 
[mono_ns=82107656750690][T0x789d971ad740][TIMING] emit_host_span: [STRACE] v=1 pid=3752878 tid=3752878 inv=1 hid=a1b044e660229c3b depth=2 name=chip.run.runner_run.device_wall ts=0 dur=6900945 clk=dev
[mono_ns=82107656751952][T0x789d971ad740][TIMING] emit_host_span: [STRACE] v=1 pid=3752878 tid=3752878 inv=1 hid=a1b044e660229c3b depth=3 name=chip.run.runner_run.device_wall.preamble ts=0 dur=359724 clk=dev
[mono_ns=82107656752923][T0x789d971ad740][TIMING] emit_host_span: [STRACE] v=1 pid=3752878 tid=3752878 inv=1 hid=a1b044e660229c3b depth=3 name=chip.run.runner_run.device_wall.graph_build ts=68833 dur=6814562 clk=dev
[mono_ns=82107656753654][T0x789d971ad740][TIMING] emit_host_span: [STRACE] v=1 pid=3752878 tid=3752878 inv=1 hid=a1b044e660229c3b depth=3 name=chip.run.runner_run.device_wall.config_validate ts=74503 dur=3335 clk=dev
[mono_ns=82107656754355][T0x789d971ad740][TIMING] emit_host_span: [STRACE] v=1 pid=3752878 tid=3752878 inv=1 hid=a1b044e660229c3b depth=3 name=chip.run.runner_run.device_wall.arena_wire ts=77878 dur=15862 clk=dev
[mono_ns=82107656755076][T0x789d971ad740][TIMING] emit_host_span: [STRACE] v=1 pid=3752878 tid=3752878 inv=1 hid=a1b044e660229c3b depth=3 name=chip.run.runner_run.device_wall.sm_reset ts=93776 dur=47638 clk=dev
[mono_ns=82107656755757][T0x789d971ad740][TIMING] emit_host_span: [STRACE] v=1 pid=3752878 tid=3752878 inv=1 hid=a1b044e660229c3b depth=3 name=chip.run.runner_run.device_wall.post_orch ts=6883544 dur=10342 clk=dev
[mono_ns=82107656756438][T0x789d971ad740][TIMING] emit_host_span: [STRACE] v=1 pid=3752878 tid=3752878 inv=1 hid=a1b044e660229c3b depth=3 name=chip.run.runner_run.device_wall.orch ts=143039 dur=5663972 clk=dev
[mono_ns=82107656758031][T0x789d971ad740][TIMING] emit_host_span: [STRACE] v=1 pid=3752878 tid=3752878 inv=1 hid=a1b044e660229c3b depth=3 name=chip.run.runner_run.device_wall.sched ts=362622 dur=6482545 clk=dev
[mono_ns=82107656759223][T0x789d971ad740][TIMING] emit_host_span: [STRACE] v=1 pid=3752878 tid=3752878 inv=1 hid=a1b044e660229c3b depth=1 name=chip.run.claim_release ts=82107656758712 dur=230 
[mono_ns=82107656760875][T0x789d971ad740][TIMING] emit_host_span: [STRACE] v=1 pid=3752878 tid=3752878 inv=1 hid=a1b044e660229c3b depth=0 name=chip.run ts=82107480542686 dur=176217779 run_id=0 dispatch_id=0 slot_id=0 generation=1 run_epoch=1
[mono_ns=82107779421609][T0x789d971ad740][TIMING] emit_host_span: [STRACE] v=1 pid=3752878 tid=3752878 inv=2 hid=a1b044e660229c3b depth=2 name=chip.run.bind.args ts=82107657374696 dur=122043748 
[mono_ns=82107779434679][T0x789d971ad740][TIMING] emit_host_span: [STRACE] v=1 pid=3752878 tid=3752878 inv=2 hid=a1b044e660229c3b depth=2 name=chip.run.bind.prebuilt ts=82107779431173 dur=3165 
[mono_ns=82107779436501][T0x789d971ad740][TIMING] emit_host_span: [STRACE] v=1 pid=3752878 tid=3752878 inv=2 hid=a1b044e660229c3b depth=1 name=chip.run.bind ts=82107657369348 dur=122066743 
[mono_ns=82107784278609][T0x789d971ad740][WARN] prepare_execution: [device_runner.cpp:342] AICPU CPU_TOPO unavailable; using json_fallback: soc=Ascend950PR_9579 occupy=0x3e stable_reachable=5 requested=0 effective=5 affinity=[1, 2, 3, 4, 5(orch)]
[mono_ns=82107791654349][T0x789d971ad740][TIMING] emit_host_span: [STRACE] v=1 pid=3752878 tid=3752878 inv=2 hid=a1b044e660229c3b depth=1 name=chip.run.runner_run ts=82107784343687 dur=7309901 
[mono_ns=82107791881210][T0x789d971ad740][TIMING] emit_host_span: [STRACE] v=1 pid=3752878 tid=3752878 inv=2 hid=a1b044e660229c3b depth=1 name=chip.run.validate ts=82107791658275 dur=222424 
[mono_ns=82107791883163][T0x789d971ad740][TIMING] emit_host_span: [STRACE] v=1 pid=3752878 tid=3752878 inv=2 hid=a1b044e660229c3b depth=2 name=chip.run.runner_run.device_wall ts=0 dur=7078077 clk=dev
[mono_ns=82107791884485][T0x789d971ad740][TIMING] emit_host_span: [STRACE] v=1 pid=3752878 tid=3752878 inv=2 hid=a1b044e660229c3b depth=3 name=chip.run.runner_run.device_wall.preamble ts=0 dur=13325 clk=dev
[mono_ns=82107791885466][T0x789d971ad740][TIMING] emit_host_span: [STRACE] v=1 pid=3752878 tid=3752878 inv=2 hid=a1b044e660229c3b depth=3 name=chip.run.runner_run.device_wall.graph_build ts=3364 dur=7069271 clk=dev
[mono_ns=82107791886318][T0x789d971ad740][TIMING] emit_host_span: [STRACE] v=1 pid=3752878 tid=3752878 inv=2 hid=a1b044e660229c3b depth=3 name=chip.run.runner_run.device_wall.config_validate ts=3991 dur=1334 clk=dev
[mono_ns=82107791887079][T0x789d971ad740][TIMING] emit_host_span: [STRACE] v=1 pid=3752878 tid=3752878 inv=2 hid=a1b044e660229c3b depth=3 name=chip.run.runner_run.device_wall.arena_wire ts=5568 dur=3143 clk=dev
[mono_ns=82107791887770][T0x789d971ad740][TIMING] emit_host_span: [STRACE] v=1 pid=3752878 tid=3752878 inv=2 hid=a1b044e660229c3b depth=3 name=chip.run.runner_run.device_wall.sm_reset ts=8793 dur=4507 clk=dev
[mono_ns=82107791888461][T0x789d971ad740][TIMING] emit_host_span: [STRACE] v=1 pid=3752878 tid=3752878 inv=2 hid=a1b044e660229c3b depth=3 name=chip.run.runner_run.device_wall.post_orch ts=7072674 dur=4576 clk=dev
[mono_ns=82107791889192][T0x789d971ad740][TIMING] emit_host_span: [STRACE] v=1 pid=3752878 tid=3752878 inv=2 hid=a1b044e660229c3b depth=3 name=chip.run.runner_run.device_wall.orch ts=13440 dur=5952420 clk=dev
[mono_ns=82107791889933][T0x789d971ad740][TIMING] emit_host_span: [STRACE] v=1 pid=3752878 tid=3752878 inv=2 hid=a1b044e660229c3b depth=3 name=chip.run.runner_run.device_wall.sched ts=14236 dur=7042059 clk=dev
[mono_ns=82107791891025][T0x789d971ad740][TIMING] emit_host_span: [STRACE] v=1 pid=3752878 tid=3752878 inv=2 hid=a1b044e660229c3b depth=1 name=chip.run.claim_release ts=82107791890644 dur=100 
[mono_ns=82107791892737][T0x789d971ad740][TIMING] emit_host_span: [STRACE] v=1 pid=3752878 tid=3752878 inv=2 hid=a1b044e660229c3b depth=0 name=chip.run ts=82107657363249 dur=134529118 run_id=0 dispatch_id=0 slot_id=0 generation=2 run_epoch=2
[mono_ns=82107908956551][T0x789d971ad740][TIMING] emit_host_span: [STRACE] v=1 pid=3752878 tid=3752878 inv=3 hid=a1b044e660229c3b depth=2 name=chip.run.bind.args ts=82107792282192 dur=116670463 
[mono_ns=82107908977312][T0x789d971ad740][TIMING] emit_host_span: [STRACE] v=1 pid=3752878 tid=3752878 inv=3 hid=a1b044e660229c3b depth=2 name=chip.run.bind.prebuilt ts=82107908972945 dur=3936 
[mono_ns=82107908980206][T0x789d971ad740][TIMING] emit_host_span: [STRACE] v=1 pid=3752878 tid=3752878 inv=3 hid=a1b044e660229c3b depth=1 name=chip.run.bind ts=82107792277114 dur=116702621 
[mono_ns=82107914063746][T0x789d971ad740][WARN] prepare_execution: [device_runner.cpp:342] AICPU CPU_TOPO unavailable; using json_fallback: soc=Ascend950PR_9579 occupy=0x3e stable_reachable=5 requested=0 effective=5 affinity=[1, 2, 3, 4, 5(orch)]
[mono_ns=82107921359536][T0x789d971ad740][TIMING] emit_host_span: [STRACE] v=1 pid=3752878 tid=3752878 inv=3 hid=a1b044e660229c3b depth=1 name=chip.run.runner_run ts=82107914126340 dur=7232115 
[mono_ns=82107921602401][T0x789d971ad740][TIMING] emit_host_span: [STRACE] v=1 pid=3752878 tid=3752878 inv=3 hid=a1b044e660229c3b depth=1 name=chip.run.validate ts=82107921363973 dur=237927 
[mono_ns=82107921604594][T0x789d971ad740][TIMING] emit_host_span: [STRACE] v=1 pid=3752878 tid=3752878 inv=3 hid=a1b044e660229c3b depth=2 name=chip.run.runner_run.device_wall ts=0 dur=6994745 clk=dev
[mono_ns=82107921605906][T0x789d971ad740][TIMING] emit_host_span: [STRACE] v=1 pid=3752878 tid=3752878 inv=3 hid=a1b044e660229c3b depth=3 name=chip.run.runner_run.device_wall.preamble ts=0 dur=14356 clk=dev
[mono_ns=82107921606928][T0x789d971ad740][TIMING] emit_host_span: [STRACE] v=1 pid=3752878 tid=3752878 inv=3 hid=a1b044e660229c3b depth=3 name=chip.run.runner_run.device_wall.graph_build ts=3547 dur=6985521 clk=dev
[mono_ns=82107921607729][T0x789d971ad740][TIMING] emit_host_span: [STRACE] v=1 pid=3752878 tid=3752878 inv=3 hid=a1b044e660229c3b depth=3 name=chip.run.runner_run.device_wall.config_validate ts=4220 dur=1535 clk=dev
[mono_ns=82107921608670][T0x789d971ad740][TIMING] emit_host_span: [STRACE] v=1 pid=3752878 tid=3752878 inv=3 hid=a1b044e660229c3b depth=3 name=chip.run.runner_run.device_wall.arena_wire ts=5779 dur=3867 clk=dev
[mono_ns=82107921609361][T0x789d971ad740][TIMING] emit_host_span: [STRACE] v=1 pid=3752878 tid=3752878 inv=3 hid=a1b044e660229c3b depth=3 name=chip.run.runner_run.device_wall.sm_reset ts=9664 dur=5181 clk=dev
[mono_ns=82107921610032][T0x789d971ad740][TIMING] emit_host_span: [STRACE] v=1 pid=3752878 tid=3752878 inv=3 hid=a1b044e660229c3b depth=3 name=chip.run.runner_run.device_wall.post_orch ts=6989143 dur=5039 clk=dev
[mono_ns=82107921610713][T0x789d971ad740][TIMING] emit_host_span: [STRACE] v=1 pid=3752878 tid=3752878 inv=3 hid=a1b044e660229c3b depth=3 name=chip.run.runner_run.device_wall.orch ts=14926 dur=5915120 clk=dev
[mono_ns=82107921611434][T0x789d971ad740][TIMING] emit_host_span: [STRACE] v=1 pid=3752878 tid=3752878 inv=3 hid=a1b044e660229c3b depth=3 name=chip.run.runner_run.device_wall.sched ts=15849 dur=6956807 clk=dev
[mono_ns=82107921612456][T0x789d971ad740][TIMING] emit_host_span: [STRACE] v=1 pid=3752878 tid=3752878 inv=3 hid=a1b044e660229c3b depth=1 name=chip.run.claim_release ts=82107921612065 dur=111 
[mono_ns=82107921614018][T0x789d971ad740][TIMING] emit_host_span: [STRACE] v=1 pid=3752878 tid=3752878 inv=3 hid=a1b044e660229c3b depth=0 name=chip.run ts=82107792271265 dur=129342323 run_id=0 dispatch_id=0 slot_id=0 generation=3 run_epoch=3
[mono_ns=82108035132500][T0x789d971ad740][TIMING] emit_host_span: [STRACE] v=1 pid=3752878 tid=3752878 inv=4 hid=a1b044e660229c3b depth=2 name=chip.run.bind.args ts=82107922032977 dur=113096489 
[mono_ns=82108035147032][T0x789d971ad740][TIMING] emit_host_span: [STRACE] v=1 pid=3752878 tid=3752878 inv=4 hid=a1b044e660229c3b depth=2 name=chip.run.bind.prebuilt ts=82108035142816 dur=3776 
[mono_ns=82108035148655][T0x789d971ad740][TIMING] emit_host_span: [STRACE] v=1 pid=3752878 tid=3752878 inv=4 hid=a1b044e660229c3b depth=1 name=chip.run.bind ts=82107922027239 dur=113120955 
[mono_ns=82108039827918][T0x789d971ad740][WARN] prepare_execution: [device_runner.cpp:342] AICPU CPU_TOPO unavailable; using json_fallback: soc=Ascend950PR_9579 occupy=0x3e stable_reachable=5 requested=0 effective=5 affinity=[1, 2, 3, 4, 5(orch)]
[mono_ns=82108047097389][T0x789d971ad740][TIMING] emit_host_span: [STRACE] v=1 pid=3752878 tid=3752878 inv=4 hid=a1b044e660229c3b depth=1 name=chip.run.runner_run ts=82108039882640 dur=7213958 
[mono_ns=82108047319993][T0x789d971ad740][TIMING] emit_host_span: [STRACE] v=1 pid=3752878 tid=3752878 inv=4 hid=a1b044e660229c3b depth=1 name=chip.run.validate ts=82108047100664 dur=218868 
[mono_ns=82108047322076][T0x789d971ad740][TIMING] emit_host_span: [STRACE] v=1 pid=3752878 tid=3752878 inv=4 hid=a1b044e660229c3b depth=2 name=chip.run.runner_run.device_wall ts=0 dur=6983635 clk=dev
[mono_ns=82108047323088][T0x789d971ad740][TIMING] emit_host_span: [STRACE] v=1 pid=3752878 tid=3752878 inv=4 hid=a1b044e660229c3b depth=3 name=chip.run.runner_run.device_wall.preamble ts=0 dur=14314 clk=dev
[mono_ns=82108047324189][T0x789d971ad740][TIMING] emit_host_span: [STRACE] v=1 pid=3752878 tid=3752878 inv=4 hid=a1b044e660229c3b depth=3 name=chip.run.runner_run.device_wall.graph_build ts=3605 dur=6975295 clk=dev
[mono_ns=82108047325211][T0x789d971ad740][TIMING] emit_host_span: [STRACE] v=1 pid=3752878 tid=3752878 inv=4 hid=a1b044e660229c3b depth=3 name=chip.run.runner_run.device_wall.config_validate ts=4146 dur=1549 clk=dev
[mono_ns=82108047325972][T0x789d971ad740][TIMING] emit_host_span: [STRACE] v=1 pid=3752878 tid=3752878 inv=4 hid=a1b044e660229c3b depth=3 name=chip.run.runner_run.device_wall.arena_wire ts=5728 dur=3166 clk=dev
[mono_ns=82108047326693][T0x789d971ad740][TIMING] emit_host_span: [STRACE] v=1 pid=3752878 tid=3752878 inv=4 hid=a1b044e660229c3b depth=3 name=chip.run.runner_run.device_wall.sm_reset ts=8910 dur=3350 clk=dev
[mono_ns=82108047327404][T0x789d971ad740][TIMING] emit_host_span: [STRACE] v=1 pid=3752878 tid=3752878 inv=4 hid=a1b044e660229c3b depth=3 name=chip.run.runner_run.device_wall.post_orch ts=6979160 dur=4136 clk=dev
[mono_ns=82108047328135][T0x789d971ad740][TIMING] emit_host_span: [STRACE] v=1 pid=3752878 tid=3752878 inv=4 hid=a1b044e660229c3b depth=3 name=chip.run.runner_run.device_wall.orch ts=12340 dur=5945601 clk=dev
[mono_ns=82108047328836][T0x789d971ad740][TIMING] emit_host_span: [STRACE] v=1 pid=3752878 tid=3752878 inv=4 hid=a1b044e660229c3b depth=3 name=chip.run.runner_run.device_wall.sched ts=14430 dur=6950205 clk=dev
[mono_ns=82108047329998][T0x789d971ad740][TIMING] emit_host_span: [STRACE] v=1 pid=3752878 tid=3752878 inv=4 hid=a1b044e660229c3b depth=1 name=chip.run.claim_release ts=82108047329587 dur=171 
[mono_ns=82108047331560][T0x789d971ad740][TIMING] emit_host_span: [STRACE] v=1 pid=3752878 tid=3752878 inv=4 hid=a1b044e660229c3b depth=0 name=chip.run ts=82107921999417 dur=125331763 run_id=0 dispatch_id=0 slot_id=0 generation=4 run_epoch=4
[mono_ns=82108169062509][T0x789d971ad740][TIMING] emit_host_span: [STRACE] v=1 pid=3752878 tid=3752878 inv=5 hid=a1b044e660229c3b depth=2 name=chip.run.bind.args ts=82108047731541 dur=121326791 
[mono_ns=82108169081567][T0x789d971ad740][TIMING] emit_host_span: [STRACE] v=1 pid=3752878 tid=3752878 inv=5 hid=a1b044e660229c3b depth=2 name=chip.run.bind.prebuilt ts=82108169076790 dur=4437 
[mono_ns=82108169083450][T0x789d971ad740][TIMING] emit_host_span: [STRACE] v=1 pid=3752878 tid=3752878 inv=5 hid=a1b044e660229c3b depth=1 name=chip.run.bind ts=82108047726062 dur=121356917 
[mono_ns=82108173744806][T0x789d971ad740][WARN] prepare_execution: [device_runner.cpp:342] AICPU CPU_TOPO unavailable; using json_fallback: soc=Ascend950PR_9579 occupy=0x3e stable_reachable=5 requested=0 effective=5 affinity=[1, 2, 3, 4, 5(orch)]
[mono_ns=82108181127878][T0x789d971ad740][TIMING] emit_host_span: [STRACE] v=1 pid=3752878 tid=3752878 inv=5 hid=a1b044e660229c3b depth=1 name=chip.run.runner_run ts=82108173786158 dur=7340989 
[mono_ns=82108181352254][T0x789d971ad740][TIMING] emit_host_span: [STRACE] v=1 pid=3752878 tid=3752878 inv=5 hid=a1b044e660229c3b depth=1 name=chip.run.validate ts=82108181131533 dur=220381 
[mono_ns=82108181353897][T0x789d971ad740][TIMING] emit_host_span: [STRACE] v=1 pid=3752878 tid=3752878 inv=5 hid=a1b044e660229c3b depth=2 name=chip.run.runner_run.device_wall ts=0 dur=7137550 clk=dev
[mono_ns=82108181355069][T0x789d971ad740][TIMING] emit_host_span: [STRACE] v=1 pid=3752878 tid=3752878 inv=5 hid=a1b044e660229c3b depth=3 name=chip.run.runner_run.device_wall.preamble ts=0 dur=14014 clk=dev
[mono_ns=82108181356020][T0x789d971ad740][TIMING] emit_host_span: [STRACE] v=1 pid=3752878 tid=3752878 inv=5 hid=a1b044e660229c3b depth=3 name=chip.run.runner_run.device_wall.graph_build ts=3376 dur=7129081 clk=dev
[mono_ns=82108181356811][T0x789d971ad740][TIMING] emit_host_span: [STRACE] v=1 pid=3752878 tid=3752878 inv=5 hid=a1b044e660229c3b depth=3 name=chip.run.runner_run.device_wall.config_validate ts=3943 dur=1623 clk=dev
[mono_ns=82108181357532][T0x789d971ad740][TIMING] emit_host_span: [STRACE] v=1 pid=3752878 tid=3752878 inv=5 hid=a1b044e660229c3b depth=3 name=chip.run.runner_run.device_wall.arena_wire ts=5598 dur=3655 clk=dev
[mono_ns=82108181358223][T0x789d971ad740][TIMING] emit_host_span: [STRACE] v=1 pid=3752878 tid=3752878 inv=5 hid=a1b044e660229c3b depth=3 name=chip.run.runner_run.device_wall.sm_reset ts=9270 dur=3401 clk=dev
[mono_ns=82108181358914][T0x789d971ad740][TIMING] emit_host_span: [STRACE] v=1 pid=3752878 tid=3752878 inv=5 hid=a1b044e660229c3b depth=3 name=chip.run.runner_run.device_wall.post_orch ts=7132545 dur=4534 clk=dev
[mono_ns=82108181359596][T0x789d971ad740][TIMING] emit_host_span: [STRACE] v=1 pid=3752878 tid=3752878 inv=5 hid=a1b044e660229c3b depth=3 name=chip.run.runner_run.device_wall.orch ts=12707 dur=6062742 clk=dev
[mono_ns=82108181360297][T0x789d971ad740][TIMING] emit_host_span: [STRACE] v=1 pid=3752878 tid=3752878 inv=5 hid=a1b044e660229c3b depth=3 name=chip.run.runner_run.device_wall.sched ts=14379 dur=7102168 clk=dev
[mono_ns=82108181361208][T0x789d971ad740][TIMING] emit_host_span: [STRACE] v=1 pid=3752878 tid=3752878 inv=5 hid=a1b044e660229c3b depth=1 name=chip.run.claim_release ts=82108181360867 dur=91 
[mono_ns=82108181362730][T0x789d971ad740][TIMING] emit_host_span: [STRACE] v=1 pid=3752878 tid=3752878 inv=5 hid=a1b044e660229c3b depth=0 name=chip.run ts=82108047721195 dur=133641145 run_id=0 dispatch_id=0 slot_id=0 generation=5 run_epoch=5
[mono_ns=82108289873146][T0x789d971ad740][TIMING] emit_host_span: [STRACE] v=1 pid=3752878 tid=3752878 inv=6 hid=a1b044e660229c3b depth=2 name=chip.run.bind.args ts=82108181762550 dur=108108142 
[mono_ns=82108289886796][T0x789d971ad740][TIMING] emit_host_span: [STRACE] v=1 pid=3752878 tid=3752878 inv=6 hid=a1b044e660229c3b depth=2 name=chip.run.bind.prebuilt ts=82108289883121 dur=3264 
[mono_ns=82108289888178][T0x789d971ad740][TIMING] emit_host_span: [STRACE] v=1 pid=3752878 tid=3752878 inv=6 hid=a1b044e660229c3b depth=1 name=chip.run.bind ts=82108181757793 dur=108130025 
[mono_ns=82108294712749][T0x789d971ad740][WARN] prepare_execution: [device_runner.cpp:342] AICPU CPU_TOPO unavailable; using json_fallback: soc=Ascend950PR_9579 occupy=0x3e stable_reachable=5 requested=0 effective=5 affinity=[1, 2, 3, 4, 5(orch)]
[mono_ns=82108302089411][T0x789d971ad740][TIMING] emit_host_span: [STRACE] v=1 pid=3752878 tid=3752878 inv=6 hid=a1b044e660229c3b depth=1 name=chip.run.runner_run ts=82108294755784 dur=7332636 
[mono_ns=82108302325145][T0x789d971ad740][TIMING] emit_host_span: [STRACE] v=1 pid=3752878 tid=3752878 inv=6 hid=a1b044e660229c3b depth=1 name=chip.run.validate ts=82108302092856 dur=231979 
[mono_ns=82108302327539][T0x789d971ad740][TIMING] emit_host_span: [STRACE] v=1 pid=3752878 tid=3752878 inv=6 hid=a1b044e660229c3b depth=2 name=chip.run.runner_run.device_wall ts=0 dur=7136990 clk=dev
[mono_ns=82108302328640][T0x789d971ad740][TIMING] emit_host_span: [STRACE] v=1 pid=3752878 tid=3752878 inv=6 hid=a1b044e660229c3b depth=3 name=chip.run.runner_run.device_wall.preamble ts=0 dur=14212 clk=dev
[mono_ns=82108302329552][T0x789d971ad740][TIMING] emit_host_span: [STRACE] v=1 pid=3752878 tid=3752878 inv=6 hid=a1b044e660229c3b depth=3 name=chip.run.runner_run.device_wall.graph_build ts=3617 dur=7128668 clk=dev
[mono_ns=82108302330383][T0x789d971ad740][TIMING] emit_host_span: [STRACE] v=1 pid=3752878 tid=3752878 inv=6 hid=a1b044e660229c3b depth=3 name=chip.run.runner_run.device_wall.config_validate ts=4185 dur=1455 clk=dev
[mono_ns=82108302331144][T0x789d971ad740][TIMING] emit_host_span: [STRACE] v=1 pid=3752878 tid=3752878 inv=6 hid=a1b044e660229c3b depth=3 name=chip.run.runner_run.device_wall.arena_wire ts=5672 dur=3275 clk=dev
[mono_ns=82108302331835][T0x789d971ad740][TIMING] emit_host_span: [STRACE] v=1 pid=3752878 tid=3752878 inv=6 hid=a1b044e660229c3b depth=3 name=chip.run.runner_run.device_wall.sm_reset ts=8967 dur=3739 clk=dev
[mono_ns=82108302332516][T0x789d971ad740][TIMING] emit_host_span: [STRACE] v=1 pid=3752878 tid=3752878 inv=6 hid=a1b044e660229c3b depth=3 name=chip.run.runner_run.device_wall.post_orch ts=7132374 dur=4109 clk=dev
[mono_ns=82108302333247][T0x789d971ad740][TIMING] emit_host_span: [STRACE] v=1 pid=3752878 tid=3752878 inv=6 hid=a1b044e660229c3b depth=3 name=chip.run.runner_run.device_wall.orch ts=12738 dur=6046266 clk=dev
[mono_ns=82108302333928][T0x789d971ad740][TIMING] emit_host_span: [STRACE] v=1 pid=3752878 tid=3752878 inv=6 hid=a1b044e660229c3b depth=3 name=chip.run.runner_run.device_wall.sched ts=14538 dur=7101607 clk=dev
[mono_ns=82108302335000][T0x789d971ad740][TIMING] emit_host_span: [STRACE] v=1 pid=3752878 tid=3752878 inv=6 hid=a1b044e660229c3b depth=1 name=chip.run.claim_release ts=82108302334619 dur=120 
[mono_ns=82108302336282][T0x789d971ad740][TIMING] emit_host_span: [STRACE] v=1 pid=3752878 tid=3752878 inv=6 hid=a1b044e660229c3b depth=0 name=chip.run ts=82108181752565 dur=120583416 run_id=0 dispatch_id=0 slot_id=0 generation=6 run_epoch=6
[mono_ns=82108414055844][T0x789d971ad740][TIMING] emit_host_span: [STRACE] v=1 pid=3752878 tid=3752878 inv=7 hid=a1b044e660229c3b depth=2 name=chip.run.bind.args ts=82108302696052 dur=111355636 
[mono_ns=82108414088603][T0x789d971ad740][TIMING] emit_host_span: [STRACE] v=1 pid=3752878 tid=3752878 inv=7 hid=a1b044e660229c3b depth=2 name=chip.run.bind.prebuilt ts=82108414079509 dur=8753 
[mono_ns=82108414090596][T0x789d971ad740][TIMING] emit_host_span: [STRACE] v=1 pid=3752878 tid=3752878 inv=7 hid=a1b044e660229c3b depth=1 name=chip.run.bind ts=82108302691375 dur=111398830 
[mono_ns=82108418915528][T0x789d971ad740][WARN] prepare_execution: [device_runner.cpp:342] AICPU CPU_TOPO unavailable; using json_fallback: soc=Ascend950PR_9579 occupy=0x3e stable_reachable=5 requested=0 effective=5 affinity=[1, 2, 3, 4, 5(orch)]
[mono_ns=82108426274944][T0x789d971ad740][TIMING] emit_host_span: [STRACE] v=1 pid=3752878 tid=3752878 inv=7 hid=a1b044e660229c3b depth=1 name=chip.run.runner_run ts=82108418963600 dur=7310342 
[mono_ns=82108426978780][T0x789d971ad740][TIMING] emit_host_span: [STRACE] v=1 pid=3752878 tid=3752878 inv=7 hid=a1b044e660229c3b depth=1 name=chip.run.validate ts=82108426279821 dur=698018 
[mono_ns=82108426982886][T0x789d971ad740][TIMING] emit_host_span: [STRACE] v=1 pid=3752878 tid=3752878 inv=7 hid=a1b044e660229c3b depth=2 name=chip.run.runner_run.device_wall ts=0 dur=7044820 clk=dev
[mono_ns=82108426983918][T0x789d971ad740][TIMING] emit_host_span: [STRACE] v=1 pid=3752878 tid=3752878 inv=7 hid=a1b044e660229c3b depth=3 name=chip.run.runner_run.device_wall.preamble ts=0 dur=13533 clk=dev
[mono_ns=82108426984809][T0x789d971ad740][TIMING] emit_host_span: [STRACE] v=1 pid=3752878 tid=3752878 inv=7 hid=a1b044e660229c3b depth=3 name=chip.run.runner_run.device_wall.graph_build ts=3352 dur=7036260 clk=dev
[mono_ns=82108426985540][T0x789d971ad740][TIMING] emit_host_span: [STRACE] v=1 pid=3752878 tid=3752878 inv=7 hid=a1b044e660229c3b depth=3 name=chip.run.runner_run.device_wall.config_validate ts=3938 dur=1327 clk=dev
[mono_ns=82108426986261][T0x789d971ad740][TIMING] emit_host_span: [STRACE] v=1 pid=3752878 tid=3752878 inv=7 hid=a1b044e660229c3b depth=3 name=chip.run.runner_run.device_wall.arena_wire ts=5285 dur=2327 clk=dev
[mono_ns=82108426986982][T0x789d971ad740][TIMING] emit_host_span: [STRACE] v=1 pid=3752878 tid=3752878 inv=7 hid=a1b044e660229c3b depth=3 name=chip.run.runner_run.device_wall.sm_reset ts=7625 dur=3692 clk=dev
[mono_ns=82108426987683][T0x789d971ad740][TIMING] emit_host_span: [STRACE] v=1 pid=3752878 tid=3752878 inv=7 hid=a1b044e660229c3b depth=3 name=chip.run.runner_run.device_wall.post_orch ts=7039994 dur=4681 clk=dev
[mono_ns=82108426988405][T0x789d971ad740][TIMING] emit_host_span: [STRACE] v=1 pid=3752878 tid=3752878 inv=7 hid=a1b044e660229c3b depth=3 name=chip.run.runner_run.device_wall.orch ts=11351 dur=6066883 clk=dev
[mono_ns=82108426989116][T0x789d971ad740][TIMING] emit_host_span: [STRACE] v=1 pid=3752878 tid=3752878 inv=7 hid=a1b044e660229c3b depth=3 name=chip.run.runner_run.device_wall.sched ts=13783 dur=7012281 clk=dev
[mono_ns=82108426990548][T0x789d971ad740][TIMING] emit_host_span: [STRACE] v=1 pid=3752878 tid=3752878 inv=7 hid=a1b044e660229c3b depth=1 name=chip.run.claim_release ts=82108426990067 dur=220 
[mono_ns=82108426992020][T0x789d971ad740][TIMING] emit_host_span: [STRACE] v=1 pid=3752878 tid=3752878 inv=7 hid=a1b044e660229c3b depth=0 name=chip.run ts=82108302685526 dur=124306033 run_id=0 dispatch_id=0 slot_id=0 generation=7 run_epoch=7
[mono_ns=82108535269145][T0x789d971ad740][TIMING] emit_host_span: [STRACE] v=1 pid=3752878 tid=3752878 inv=8 hid=a1b044e660229c3b depth=2 name=chip.run.bind.args ts=82108427785801 dur=107480260 
[mono_ns=82108535283397][T0x789d971ad740][TIMING] emit_host_span: [STRACE] v=1 pid=3752878 tid=3752878 inv=8 hid=a1b044e660229c3b depth=2 name=chip.run.bind.prebuilt ts=82108535279711 dur=3275 
[mono_ns=82108535284879][T0x789d971ad740][TIMING] emit_host_span: [STRACE] v=1 pid=3752878 tid=3752878 inv=8 hid=a1b044e660229c3b depth=1 name=chip.run.bind ts=82108427781425 dur=107503063 
[mono_ns=82108539992194][T0x789d971ad740][WARN] prepare_execution: [device_runner.cpp:342] AICPU CPU_TOPO unavailable; using json_fallback: soc=Ascend950PR_9579 occupy=0x3e stable_reachable=5 requested=0 effective=5 affinity=[1, 2, 3, 4, 5(orch)]
[mono_ns=82108547313823][T0x789d971ad740][TIMING] emit_host_span: [STRACE] v=1 pid=3752878 tid=3752878 inv=8 hid=a1b044e660229c3b depth=1 name=chip.run.runner_run ts=82108540038784 dur=7274058 
[mono_ns=82108547622937][T0x789d971ad740][TIMING] emit_host_span: [STRACE] v=1 pid=3752878 tid=3752878 inv=8 hid=a1b044e660229c3b depth=1 name=chip.run.validate ts=82108547317819 dur=304788 
[mono_ns=82108547624770][T0x789d971ad740][TIMING] emit_host_span: [STRACE] v=1 pid=3752878 tid=3752878 inv=8 hid=a1b044e660229c3b depth=2 name=chip.run.runner_run.device_wall ts=0 dur=7093097 clk=dev
[mono_ns=82108547625942][T0x789d971ad740][TIMING] emit_host_span: [STRACE] v=1 pid=3752878 tid=3752878 inv=8 hid=a1b044e660229c3b depth=3 name=chip.run.runner_run.device_wall.preamble ts=0 dur=14290 clk=dev
[mono_ns=82108547626903][T0x789d971ad740][TIMING] emit_host_span: [STRACE] v=1 pid=3752878 tid=3752878 inv=8 hid=a1b044e660229c3b depth=3 name=chip.run.runner_run.device_wall.graph_build ts=3445 dur=7083935 clk=dev
[mono_ns=82108547627664][T0x789d971ad740][TIMING] emit_host_span: [STRACE] v=1 pid=3752878 tid=3752878 inv=8 hid=a1b044e660229c3b depth=3 name=chip.run.runner_run.device_wall.config_validate ts=3866 dur=1585 clk=dev
[mono_ns=82108547628385][T0x789d971ad740][TIMING] emit_host_span: [STRACE] v=1 pid=3752878 tid=3752878 inv=8 hid=a1b044e660229c3b depth=3 name=chip.run.runner_run.device_wall.arena_wire ts=5484 dur=3142 clk=dev
[mono_ns=82108547629076][T0x789d971ad740][TIMING] emit_host_span: [STRACE] v=1 pid=3752878 tid=3752878 inv=8 hid=a1b044e660229c3b depth=3 name=chip.run.runner_run.device_wall.sm_reset ts=8644 dur=3921 clk=dev
[mono_ns=82108547629757][T0x789d971ad740][TIMING] emit_host_span: [STRACE] v=1 pid=3752878 tid=3752878 inv=8 hid=a1b044e660229c3b depth=3 name=chip.run.runner_run.device_wall.post_orch ts=7087762 dur=4813 clk=dev
[mono_ns=82108547630459][T0x789d971ad740][TIMING] emit_host_span: [STRACE] v=1 pid=3752878 tid=3752878 inv=8 hid=a1b044e660229c3b depth=3 name=chip.run.runner_run.device_wall.orch ts=12602 dur=6073832 clk=dev
[mono_ns=82108547631150][T0x789d971ad740][TIMING] emit_host_span: [STRACE] v=1 pid=3752878 tid=3752878 inv=8 hid=a1b044e660229c3b depth=3 name=chip.run.runner_run.device_wall.sched ts=14084 dur=7057919 clk=dev
[mono_ns=82108547632231][T0x789d971ad740][TIMING] emit_host_span: [STRACE] v=1 pid=3752878 tid=3752878 inv=8 hid=a1b044e660229c3b depth=1 name=chip.run.claim_release ts=82108547631921 dur=90 
[mono_ns=82108547633794][T0x789d971ad740][TIMING] emit_host_span: [STRACE] v=1 pid=3752878 tid=3752878 inv=8 hid=a1b044e660229c3b depth=0 name=chip.run ts=82108427774064 dur=119859379 run_id=0 dispatch_id=0 slot_id=0 generation=8 run_epoch=8
[mono_ns=82108654794223][T0x789d971ad740][TIMING] emit_host_span: [STRACE] v=1 pid=3752878 tid=3752878 inv=9 hid=a1b044e660229c3b depth=2 name=chip.run.bind.args ts=82108547976017 dur=106814951 
[mono_ns=82108654807222][T0x789d971ad740][TIMING] emit_host_span: [STRACE] v=1 pid=3752878 tid=3752878 inv=9 hid=a1b044e660229c3b depth=2 name=chip.run.bind.prebuilt ts=82108654804198 dur=2644 
[mono_ns=82108654808664][T0x789d971ad740][TIMING] emit_host_span: [STRACE] v=1 pid=3752878 tid=3752878 inv=9 hid=a1b044e660229c3b depth=1 name=chip.run.bind ts=82108547971210 dur=106837084 
[mono_ns=82108659465684][T0x789d971ad740][WARN] prepare_execution: [device_runner.cpp:342] AICPU CPU_TOPO unavailable; using json_fallback: soc=Ascend950PR_9579 occupy=0x3e stable_reachable=5 requested=0 effective=5 affinity=[1, 2, 3, 4, 5(orch)]
[mono_ns=82108666716157][T0x789d971ad740][TIMING] emit_host_span: [STRACE] v=1 pid=3752878 tid=3752878 inv=9 hid=a1b044e660229c3b depth=1 name=chip.run.runner_run ts=82108659526856 dur=7188509 
[mono_ns=82108666963287][T0x789d971ad740][TIMING] emit_host_span: [STRACE] v=1 pid=3752878 tid=3752878 inv=9 hid=a1b044e660229c3b depth=1 name=chip.run.validate ts=82108666720263 dur=242564 
[mono_ns=82108666965060][T0x789d971ad740][TIMING] emit_host_span: [STRACE] v=1 pid=3752878 tid=3752878 inv=9 hid=a1b044e660229c3b depth=2 name=chip.run.runner_run.device_wall ts=0 dur=7012029 clk=dev
[mono_ns=82108666966162][T0x789d971ad740][TIMING] emit_host_span: [STRACE] v=1 pid=3752878 tid=3752878 inv=9 hid=a1b044e660229c3b depth=3 name=chip.run.runner_run.device_wall.preamble ts=0 dur=13672 clk=dev
[mono_ns=82108666967103][T0x789d971ad740][TIMING] emit_host_span: [STRACE] v=1 pid=3752878 tid=3752878 inv=9 hid=a1b044e660229c3b depth=3 name=chip.run.runner_run.device_wall.graph_build ts=3683 dur=7003066 clk=dev
[mono_ns=82108666967844][T0x789d971ad740][TIMING] emit_host_span: [STRACE] v=1 pid=3752878 tid=3752878 inv=9 hid=a1b044e660229c3b depth=3 name=chip.run.runner_run.device_wall.config_validate ts=4111 dur=1182 clk=dev
[mono_ns=82108666968545][T0x789d971ad740][TIMING] emit_host_span: [STRACE] v=1 pid=3752878 tid=3752878 inv=9 hid=a1b044e660229c3b depth=3 name=chip.run.runner_run.device_wall.arena_wire ts=5340 dur=2865 clk=dev
[mono_ns=82108666969256][T0x789d971ad740][TIMING] emit_host_span: [STRACE] v=1 pid=3752878 tid=3752878 inv=9 hid=a1b044e660229c3b depth=3 name=chip.run.runner_run.device_wall.sm_reset ts=8222 dur=3763 clk=dev
[mono_ns=82108666969947][T0x789d971ad740][TIMING] emit_host_span: [STRACE] v=1 pid=3752878 tid=3752878 inv=9 hid=a1b044e660229c3b depth=3 name=chip.run.runner_run.device_wall.post_orch ts=7006913 dur=4812 clk=dev
[mono_ns=82108666970659][T0x789d971ad740][TIMING] emit_host_span: [STRACE] v=1 pid=3752878 tid=3752878 inv=9 hid=a1b044e660229c3b depth=3 name=chip.run.runner_run.device_wall.orch ts=12020 dur=6039985 clk=dev
[mono_ns=82108666971430][T0x789d971ad740][TIMING] emit_host_span: [STRACE] v=1 pid=3752878 tid=3752878 inv=9 hid=a1b044e660229c3b depth=3 name=chip.run.runner_run.device_wall.sched ts=14067 dur=6977742 clk=dev
[mono_ns=82108666972341][T0x789d971ad740][TIMING] emit_host_span: [STRACE] v=1 pid=3752878 tid=3752878 inv=9 hid=a1b044e660229c3b depth=1 name=chip.run.claim_release ts=82108666972021 dur=70 
[mono_ns=82108666973873][T0x789d971ad740][TIMING] emit_host_span: [STRACE] v=1 pid=3752878 tid=3752878 inv=9 hid=a1b044e660229c3b depth=0 name=chip.run ts=82108547966112 dur=119007371 run_id=0 dispatch_id=0 slot_id=0 generation=9 run_epoch=9
[mono_ns=82108776184710][T0x789d971ad740][TIMING] emit_host_span: [STRACE] v=1 pid=3752878 tid=3752878 inv=10 hid=a1b044e660229c3b depth=2 name=chip.run.bind.args ts=82108667324069 dur=108857867 
[mono_ns=82108776197579][T0x789d971ad740][TIMING] emit_host_span: [STRACE] v=1 pid=3752878 tid=3752878 inv=10 hid=a1b044e660229c3b depth=2 name=chip.run.bind.prebuilt ts=82108776194304 dur=2885 
[mono_ns=82108776199102][T0x789d971ad740][TIMING] emit_host_span: [STRACE] v=1 pid=3752878 tid=3752878 inv=10 hid=a1b044e660229c3b depth=1 name=chip.run.bind ts=82108667319903 dur=108878818 
[mono_ns=82108780913628][T0x789d971ad740][WARN] prepare_execution: [device_runner.cpp:342] AICPU CPU_TOPO unavailable; using json_fallback: soc=Ascend950PR_9579 occupy=0x3e stable_reachable=5 requested=0 effective=5 affinity=[1, 2, 3, 4, 5(orch)]
[mono_ns=82108788232843][T0x789d971ad740][TIMING] emit_host_span: [STRACE] v=1 pid=3752878 tid=3752878 inv=10 hid=a1b044e660229c3b depth=1 name=chip.run.runner_run ts=82108780967529 dur=7264663 
[mono_ns=82108788506815][T0x789d971ad740][TIMING] emit_host_span: [STRACE] v=1 pid=3752878 tid=3752878 inv=10 hid=a1b044e660229c3b depth=1 name=chip.run.validate ts=82108788236549 dur=269905 
[mono_ns=82108788508597][T0x789d971ad740][TIMING] emit_host_span: [STRACE] v=1 pid=3752878 tid=3752878 inv=10 hid=a1b044e660229c3b depth=2 name=chip.run.runner_run.device_wall ts=0 dur=7077893 clk=dev
[mono_ns=82108788509699][T0x789d971ad740][TIMING] emit_host_span: [STRACE] v=1 pid=3752878 tid=3752878 inv=10 hid=a1b044e660229c3b depth=3 name=chip.run.runner_run.device_wall.preamble ts=0 dur=13526 clk=dev
[mono_ns=82108788510690][T0x789d971ad740][TIMING] emit_host_span: [STRACE] v=1 pid=3752878 tid=3752878 inv=10 hid=a1b044e660229c3b depth=3 name=chip.run.runner_run.device_wall.graph_build ts=3832 dur=7068794 clk=dev
[mono_ns=82108788511472][T0x789d971ad740][TIMING] emit_host_span: [STRACE] v=1 pid=3752878 tid=3752878 inv=10 hid=a1b044e660229c3b depth=3 name=chip.run.runner_run.device_wall.config_validate ts=4254 dur=1462 clk=dev
[mono_ns=82108788512173][T0x789d971ad740][TIMING] emit_host_span: [STRACE] v=1 pid=3752878 tid=3752878 inv=10 hid=a1b044e660229c3b depth=3 name=chip.run.runner_run.device_wall.arena_wire ts=5747 dur=3181 clk=dev
[mono_ns=82108788512854][T0x789d971ad740][TIMING] emit_host_span: [STRACE] v=1 pid=3752878 tid=3752878 inv=10 hid=a1b044e660229c3b depth=3 name=chip.run.runner_run.device_wall.sm_reset ts=8955 dur=3584 clk=dev
[mono_ns=82108788513535][T0x789d971ad740][TIMING] emit_host_span: [STRACE] v=1 pid=3752878 tid=3752878 inv=10 hid=a1b044e660229c3b depth=3 name=chip.run.runner_run.device_wall.post_orch ts=7072945 dur=4848 clk=dev
[mono_ns=82108788514256][T0x789d971ad740][TIMING] emit_host_span: [STRACE] v=1 pid=3752878 tid=3752878 inv=10 hid=a1b044e660229c3b depth=3 name=chip.run.runner_run.device_wall.orch ts=12565 dur=5983834 clk=dev
[mono_ns=82108788515728][T0x789d971ad740][TIMING] emit_host_span: [STRACE] v=1 pid=3752878 tid=3752878 inv=10 hid=a1b044e660229c3b depth=3 name=chip.run.runner_run.device_wall.sched ts=14394 dur=7042262 clk=dev
[mono_ns=82108788516719][T0x789d971ad740][TIMING] emit_host_span: [STRACE] v=1 pid=3752878 tid=3752878 inv=10 hid=a1b044e660229c3b depth=1 name=chip.run.claim_release ts=82108788516379 dur=90 
[mono_ns=82108788518242][T0x789d971ad740][TIMING] emit_host_span: [STRACE] v=1 pid=3752878 tid=3752878 inv=10 hid=a1b044e660229c3b depth=0 name=chip.run ts=82108667314254 dur=121203597 run_id=0 dispatch_id=0 slot_id=0 generation=10 run_epoch=10
[mono_ns=82108895951841][T0x789d971ad740][TIMING] emit_host_span: [STRACE] v=1 pid=3752878 tid=3752878 inv=11 hid=a1b044e660229c3b depth=2 name=chip.run.bind.args ts=82108788859714 dur=107089253 
[mono_ns=82108895966072][T0x789d971ad740][TIMING] emit_host_span: [STRACE] v=1 pid=3752878 tid=3752878 inv=11 hid=a1b044e660229c3b depth=2 name=chip.run.bind.prebuilt ts=82108895962467 dur=3245 
[mono_ns=82108895967544][T0x789d971ad740][TIMING] emit_host_span: [STRACE] v=1 pid=3752878 tid=3752878 inv=11 hid=a1b044e660229c3b depth=1 name=chip.run.bind ts=82108788855698 dur=107111456 
[mono_ns=82108900680398][T0x789d971ad740][WARN] prepare_execution: [device_runner.cpp:342] AICPU CPU_TOPO unavailable; using json_fallback: soc=Ascend950PR_9579 occupy=0x3e stable_reachable=5 requested=0 effective=5 affinity=[1, 2, 3, 4, 5(orch)]
[mono_ns=82108907915307][T0x789d971ad740][TIMING] emit_host_span: [STRACE] v=1 pid=3752878 tid=3752878 inv=11 hid=a1b044e660229c3b depth=1 name=chip.run.runner_run ts=82108900734740 dur=7179776 
[mono_ns=82108908225443][T0x789d971ad740][TIMING] emit_host_span: [STRACE] v=1 pid=3752878 tid=3752878 inv=11 hid=a1b044e660229c3b depth=1 name=chip.run.validate ts=82108907918602 dur=306370 
[mono_ns=82108908227566][T0x789d971ad740][TIMING] emit_host_span: [STRACE] v=1 pid=3752878 tid=3752878 inv=11 hid=a1b044e660229c3b depth=2 name=chip.run.runner_run.device_wall ts=0 dur=6998107 clk=dev
[mono_ns=82108908228717][T0x789d971ad740][TIMING] emit_host_span: [STRACE] v=1 pid=3752878 tid=3752878 inv=11 hid=a1b044e660229c3b depth=3 name=chip.run.runner_run.device_wall.preamble ts=0 dur=13664 clk=dev
[mono_ns=82108908229639][T0x789d971ad740][TIMING] emit_host_span: [STRACE] v=1 pid=3752878 tid=3752878 inv=11 hid=a1b044e660229c3b depth=3 name=chip.run.runner_run.device_wall.graph_build ts=3840 dur=6988455 clk=dev
[mono_ns=82108908230490][T0x789d971ad740][TIMING] emit_host_span: [STRACE] v=1 pid=3752878 tid=3752878 inv=11 hid=a1b044e660229c3b depth=3 name=chip.run.runner_run.device_wall.config_validate ts=4325 dur=1670 clk=dev
[mono_ns=82108908231211][T0x789d971ad740][TIMING] emit_host_span: [STRACE] v=1 pid=3752878 tid=3752878 inv=11 hid=a1b044e660229c3b depth=3 name=chip.run.runner_run.device_wall.arena_wire ts=6020 dur=2477 clk=dev
[mono_ns=82108908231922][T0x789d971ad740][TIMING] emit_host_span: [STRACE] v=1 pid=3752878 tid=3752878 inv=11 hid=a1b044e660229c3b depth=3 name=chip.run.runner_run.device_wall.sm_reset ts=8779 dur=4333 clk=dev
[mono_ns=82108908232643][T0x789d971ad740][TIMING] emit_host_span: [STRACE] v=1 pid=3752878 tid=3752878 inv=11 hid=a1b044e660229c3b depth=3 name=chip.run.runner_run.device_wall.post_orch ts=6992557 dur=5084 clk=dev
[mono_ns=82108908233364][T0x789d971ad740][TIMING] emit_host_span: [STRACE] v=1 pid=3752878 tid=3752878 inv=11 hid=a1b044e660229c3b depth=3 name=chip.run.runner_run.device_wall.orch ts=13734 dur=5946980 clk=dev
[mono_ns=82108908234086][T0x789d971ad740][TIMING] emit_host_span: [STRACE] v=1 pid=3752878 tid=3752878 inv=11 hid=a1b044e660229c3b depth=3 name=chip.run.runner_run.device_wall.sched ts=14681 dur=6962085 clk=dev
[mono_ns=82108908235347][T0x789d971ad740][TIMING] emit_host_span: [STRACE] v=1 pid=3752878 tid=3752878 inv=11 hid=a1b044e660229c3b depth=1 name=chip.run.claim_release ts=82108908234897 dur=80 
[mono_ns=82108908236850][T0x789d971ad740][TIMING] emit_host_span: [STRACE] v=1 pid=3752878 tid=3752878 inv=11 hid=a1b044e660229c3b depth=0 name=chip.run ts=82108788850971 dur=119385558 run_id=0 dispatch_id=0 slot_id=0 generation=11 run_epoch=11
[mono_ns=82109015429147][T0x789d971ad740][TIMING] emit_host_span: [STRACE] v=1 pid=3752878 tid=3752878 inv=12 hid=a1b044e660229c3b depth=2 name=chip.run.bind.args ts=82108908570791 dur=106855652 
[mono_ns=82109015441605][T0x789d971ad740][TIMING] emit_host_span: [STRACE] v=1 pid=3752878 tid=3752878 inv=12 hid=a1b044e660229c3b depth=2 name=chip.run.bind.prebuilt ts=82109015438100 dur=3115 
[mono_ns=82109015443158][T0x789d971ad740][TIMING] emit_host_span: [STRACE] v=1 pid=3752878 tid=3752878 inv=12 hid=a1b044e660229c3b depth=1 name=chip.run.bind ts=82108908566855 dur=106875872 
[mono_ns=82109020152476][T0x789d971ad740][WARN] prepare_execution: [device_runner.cpp:342] AICPU CPU_TOPO unavailable; using json_fallback: soc=Ascend950PR_9579 occupy=0x3e stable_reachable=5 requested=0 effective=5 affinity=[1, 2, 3, 4, 5(orch)]
[mono_ns=82109027593344][T0x789d971ad740][TIMING] emit_host_span: [STRACE] v=1 pid=3752878 tid=3752878 inv=12 hid=a1b044e660229c3b depth=1 name=chip.run.runner_run ts=82109020206667 dur=7386026 
[mono_ns=82109027892353][T0x789d971ad740][TIMING] emit_host_span: [STRACE] v=1 pid=3752878 tid=3752878 inv=12 hid=a1b044e660229c3b depth=1 name=chip.run.validate ts=82109027596499 dur=295353 
[mono_ns=82109027894366][T0x789d971ad740][TIMING] emit_host_span: [STRACE] v=1 pid=3752878 tid=3752878 inv=12 hid=a1b044e660229c3b depth=2 name=chip.run.runner_run.device_wall ts=0 dur=7203051 clk=dev
[mono_ns=82109027895568][T0x789d971ad740][TIMING] emit_host_span: [STRACE] v=1 pid=3752878 tid=3752878 inv=12 hid=a1b044e660229c3b depth=3 name=chip.run.runner_run.device_wall.preamble ts=0 dur=13175 clk=dev
[mono_ns=82109027896369][T0x789d971ad740][TIMING] emit_host_span: [STRACE] v=1 pid=3752878 tid=3752878 inv=12 hid=a1b044e660229c3b depth=3 name=chip.run.runner_run.device_wall.graph_build ts=3416 dur=7194465 clk=dev
[mono_ns=82109027897100][T0x789d971ad740][TIMING] emit_host_span: [STRACE] v=1 pid=3752878 tid=3752878 inv=12 hid=a1b044e660229c3b depth=3 name=chip.run.runner_run.device_wall.config_validate ts=3836 dur=1227 clk=dev
[mono_ns=82109027897791][T0x789d971ad740][TIMING] emit_host_span: [STRACE] v=1 pid=3752878 tid=3752878 inv=12 hid=a1b044e660229c3b depth=3 name=chip.run.runner_run.device_wall.arena_wire ts=5087 dur=3050 clk=dev
[mono_ns=82109027898482][T0x789d971ad740][TIMING] emit_host_span: [STRACE] v=1 pid=3752878 tid=3752878 inv=12 hid=a1b044e660229c3b depth=3 name=chip.run.runner_run.device_wall.sm_reset ts=8170 dur=4121 clk=dev
[mono_ns=82109027899173][T0x789d971ad740][TIMING] emit_host_span: [STRACE] v=1 pid=3752878 tid=3752878 inv=12 hid=a1b044e660229c3b depth=3 name=chip.run.runner_run.device_wall.post_orch ts=7197971 dur=4651 clk=dev
[mono_ns=82109027899864][T0x789d971ad740][TIMING] emit_host_span: [STRACE] v=1 pid=3752878 tid=3752878 inv=12 hid=a1b044e660229c3b depth=3 name=chip.run.runner_run.device_wall.orch ts=12329 dur=6107322 clk=dev
[mono_ns=82109027900565][T0x789d971ad740][TIMING] emit_host_span: [STRACE] v=1 pid=3752878 tid=3752878 inv=12 hid=a1b044e660229c3b depth=3 name=chip.run.runner_run.device_wall.sched ts=13611 dur=7170887 clk=dev
[mono_ns=82109027901697][T0x789d971ad740][TIMING] emit_host_span: [STRACE] v=1 pid=3752878 tid=3752878 inv=12 hid=a1b044e660229c3b depth=1 name=chip.run.claim_release ts=82109027901386 dur=81 
[mono_ns=82109027903329][T0x789d971ad740][TIMING] emit_host_span: [STRACE] v=1 pid=3752878 tid=3752878 inv=12 hid=a1b044e660229c3b depth=0 name=chip.run ts=82108908561176 dur=119341733 run_id=0 dispatch_id=0 slot_id=0 generation=12 run_epoch=12
[mono_ns=82109138599806][T0x789d971ad740][TIMING] emit_host_span: [STRACE] v=1 pid=3752878 tid=3752878 inv=13 hid=a1b044e660229c3b depth=2 name=chip.run.bind.args ts=82109028232764 dur=110364418 
[mono_ns=82109138612225][T0x789d971ad740][TIMING] emit_host_span: [STRACE] v=1 pid=3752878 tid=3752878 inv=13 hid=a1b044e660229c3b depth=2 name=chip.run.bind.prebuilt ts=82109138608890 dur=2984 
[mono_ns=82109138613677][T0x789d971ad740][TIMING] emit_host_span: [STRACE] v=1 pid=3752878 tid=3752878 inv=13 hid=a1b044e660229c3b depth=1 name=chip.run.bind ts=82109028228097 dur=110385239 
[mono_ns=82109143788804][T0x789d971ad740][WARN] prepare_execution: [device_runner.cpp:342] AICPU CPU_TOPO unavailable; using json_fallback: soc=Ascend950PR_9579 occupy=0x3e stable_reachable=5 requested=0 effective=5 affinity=[1, 2, 3, 4, 5(orch)]
[mono_ns=82109151149752][T0x789d971ad740][TIMING] emit_host_span: [STRACE] v=1 pid=3752878 tid=3752878 inv=13 hid=a1b044e660229c3b depth=1 name=chip.run.runner_run ts=82109143834983 dur=7313568 
[mono_ns=82109151435852][T0x789d971ad740][TIMING] emit_host_span: [STRACE] v=1 pid=3752878 tid=3752878 inv=13 hid=a1b044e660229c3b depth=1 name=chip.run.validate ts=82109151152757 dur=282714 
[mono_ns=82109151437534][T0x789d971ad740][TIMING] emit_host_span: [STRACE] v=1 pid=3752878 tid=3752878 inv=13 hid=a1b044e660229c3b depth=2 name=chip.run.runner_run.device_wall ts=0 dur=7113844 clk=dev
[mono_ns=82109151438826][T0x789d971ad740][TIMING] emit_host_span: [STRACE] v=1 pid=3752878 tid=3752878 inv=13 hid=a1b044e660229c3b depth=3 name=chip.run.runner_run.device_wall.preamble ts=0 dur=13002 clk=dev
[mono_ns=82109151439758][T0x789d971ad740][TIMING] emit_host_span: [STRACE] v=1 pid=3752878 tid=3752878 inv=13 hid=a1b044e660229c3b depth=3 name=chip.run.runner_run.device_wall.graph_build ts=2816 dur=7106493 clk=dev
[mono_ns=82109151440489][T0x789d971ad740][TIMING] emit_host_span: [STRACE] v=1 pid=3752878 tid=3752878 inv=13 hid=a1b044e660229c3b depth=3 name=chip.run.runner_run.device_wall.config_validate ts=3234 dur=1795 clk=dev
[mono_ns=82109151441190][T0x789d971ad740][TIMING] emit_host_span: [STRACE] v=1 pid=3752878 tid=3752878 inv=13 hid=a1b044e660229c3b depth=3 name=chip.run.runner_run.device_wall.arena_wire ts=5053 dur=2059 clk=dev
[mono_ns=82109151441871][T0x789d971ad740][TIMING] emit_host_span: [STRACE] v=1 pid=3752878 tid=3752878 inv=13 hid=a1b044e660229c3b depth=3 name=chip.run.runner_run.device_wall.sm_reset ts=7373 dur=3892 clk=dev
[mono_ns=82109151442552][T0x789d971ad740][TIMING] emit_host_span: [STRACE] v=1 pid=3752878 tid=3752878 inv=13 hid=a1b044e660229c3b depth=3 name=chip.run.runner_run.device_wall.post_orch ts=7109619 dur=3344 clk=dev
[mono_ns=82109151443243][T0x789d971ad740][TIMING] emit_host_span: [STRACE] v=1 pid=3752878 tid=3752878 inv=13 hid=a1b044e660229c3b depth=3 name=chip.run.runner_run.device_wall.orch ts=11298 dur=6007745 clk=dev
[mono_ns=82109151444274][T0x789d971ad740][TIMING] emit_host_span: [STRACE] v=1 pid=3752878 tid=3752878 inv=13 hid=a1b044e660229c3b depth=3 name=chip.run.runner_run.device_wall.sched ts=12687 dur=7081696 clk=dev
[mono_ns=82109151445376][T0x789d971ad740][TIMING] emit_host_span: [STRACE] v=1 pid=3752878 tid=3752878 inv=13 hid=a1b044e660229c3b depth=1 name=chip.run.claim_release ts=82109151444935 dur=181 
[mono_ns=82109151446608][T0x789d971ad740][TIMING] emit_host_span: [STRACE] v=1 pid=3752878 tid=3752878 inv=13 hid=a1b044e660229c3b depth=0 name=chip.run ts=82109028223500 dur=123222747 run_id=0 dispatch_id=0 slot_id=0 generation=13 run_epoch=13
[mono_ns=82109259272306][T0x789d971ad740][TIMING] emit_host_span: [STRACE] v=1 pid=3752878 tid=3752878 inv=14 hid=a1b044e660229c3b depth=2 name=chip.run.bind.args ts=82109151777855 dur=107491847 
[mono_ns=82109259286367][T0x789d971ad740][TIMING] emit_host_span: [STRACE] v=1 pid=3752878 tid=3752878 inv=14 hid=a1b044e660229c3b depth=2 name=chip.run.bind.prebuilt ts=82109259282691 dur=3375 
[mono_ns=82109259287829][T0x789d971ad740][TIMING] emit_host_span: [STRACE] v=1 pid=3752878 tid=3752878 inv=14 hid=a1b044e660229c3b depth=1 name=chip.run.bind ts=82109151773478 dur=107513970 
[mono_ns=82109264416547][T0x789d971ad740][WARN] prepare_execution: [device_runner.cpp:342] AICPU CPU_TOPO unavailable; using json_fallback: soc=Ascend950PR_9579 occupy=0x3e stable_reachable=5 requested=0 effective=5 affinity=[1, 2, 3, 4, 5(orch)]
[mono_ns=82109271708802][T0x789d971ad740][TIMING] emit_host_span: [STRACE] v=1 pid=3752878 tid=3752878 inv=14 hid=a1b044e660229c3b depth=1 name=chip.run.runner_run ts=82109264457328 dur=7250823 
[mono_ns=82109272004886][T0x789d971ad740][TIMING] emit_host_span: [STRACE] v=1 pid=3752878 tid=3752878 inv=14 hid=a1b044e660229c3b depth=1 name=chip.run.validate ts=82109271711977 dur=292559 
[mono_ns=82109272006469][T0x789d971ad740][TIMING] emit_host_span: [STRACE] v=1 pid=3752878 tid=3752878 inv=14 hid=a1b044e660229c3b depth=2 name=chip.run.runner_run.device_wall ts=0 dur=7062281 clk=dev
[mono_ns=82109272007520][T0x789d971ad740][TIMING] emit_host_span: [STRACE] v=1 pid=3752878 tid=3752878 inv=14 hid=a1b044e660229c3b depth=3 name=chip.run.runner_run.device_wall.preamble ts=0 dur=13012 clk=dev
[mono_ns=82109272008271][T0x789d971ad740][TIMING] emit_host_span: [STRACE] v=1 pid=3752878 tid=3752878 inv=14 hid=a1b044e660229c3b depth=3 name=chip.run.runner_run.device_wall.graph_build ts=2810 dur=7054599 clk=dev
[mono_ns=82109272009102][T0x789d971ad740][TIMING] emit_host_span: [STRACE] v=1 pid=3752878 tid=3752878 inv=14 hid=a1b044e660229c3b depth=3 name=chip.run.runner_run.device_wall.config_validate ts=3333 dur=1218 clk=dev
[mono_ns=82109272010004][T0x789d971ad740][TIMING] emit_host_span: [STRACE] v=1 pid=3752878 tid=3752878 inv=14 hid=a1b044e660229c3b depth=3 name=chip.run.runner_run.device_wall.arena_wire ts=4575 dur=2005 clk=dev
[mono_ns=82109272010685][T0x789d971ad740][TIMING] emit_host_span: [STRACE] v=1 pid=3752878 tid=3752878 inv=14 hid=a1b044e660229c3b depth=3 name=chip.run.runner_run.device_wall.sm_reset ts=6888 dur=2917 clk=dev
[mono_ns=82109272011366][T0x789d971ad740][TIMING] emit_host_span: [STRACE] v=1 pid=3752878 tid=3752878 inv=14 hid=a1b044e660229c3b depth=3 name=chip.run.runner_run.device_wall.post_orch ts=7057438 dur=4386 clk=dev
[mono_ns=82109272012057][T0x789d971ad740][TIMING] emit_host_span: [STRACE] v=1 pid=3752878 tid=3752878 inv=14 hid=a1b044e660229c3b depth=3 name=chip.run.runner_run.device_wall.orch ts=9890 dur=5998209 clk=dev
[mono_ns=82109272012738][T0x789d971ad740][TIMING] emit_host_span: [STRACE] v=1 pid=3752878 tid=3752878 inv=14 hid=a1b044e660229c3b depth=3 name=chip.run.runner_run.device_wall.sched ts=12799 dur=7028882 clk=dev
[mono_ns=82109272014070][T0x789d971ad740][TIMING] emit_host_span: [STRACE] v=1 pid=3752878 tid=3752878 inv=14 hid=a1b044e660229c3b depth=1 name=chip.run.claim_release ts=82109272013499 dur=90 
[mono_ns=82109272015302][T0x789d971ad740][TIMING] emit_host_span: [STRACE] v=1 pid=3752878 tid=3752878 inv=14 hid=a1b044e660229c3b depth=0 name=chip.run ts=82109151768281 dur=120246740 run_id=0 dispatch_id=0 slot_id=0 generation=14 run_epoch=14
[mono_ns=82109377976461][T0x789d971ad740][TIMING] emit_host_span: [STRACE] v=1 pid=3752878 tid=3752878 inv=15 hid=a1b044e660229c3b depth=2 name=chip.run.bind.args ts=82109272360440 dur=105613056 
[mono_ns=82109377989551][T0x789d971ad740][TIMING] emit_host_span: [STRACE] v=1 pid=3752878 tid=3752878 inv=15 hid=a1b044e660229c3b depth=2 name=chip.run.bind.prebuilt ts=82109377985645 dur=3635 
[mono_ns=82109377991043][T0x789d971ad740][TIMING] emit_host_span: [STRACE] v=1 pid=3752878 tid=3752878 inv=15 hid=a1b044e660229c3b depth=1 name=chip.run.bind ts=82109272356193 dur=105634399 
[mono_ns=82109383473712][T0x789d971ad740][WARN] prepare_execution: [device_runner.cpp:342] AICPU CPU_TOPO unavailable; using json_fallback: soc=Ascend950PR_9579 occupy=0x3e stable_reachable=5 requested=0 effective=5 affinity=[1, 2, 3, 4, 5(orch)]
[mono_ns=82109390736823][T0x789d971ad740][TIMING] emit_host_span: [STRACE] v=1 pid=3752878 tid=3752878 inv=15 hid=a1b044e660229c3b depth=1 name=chip.run.runner_run ts=82109383515184 dur=7220477 
[mono_ns=82109391051415][T0x789d971ad740][TIMING] emit_host_span: [STRACE] v=1 pid=3752878 tid=3752878 inv=15 hid=a1b044e660229c3b depth=1 name=chip.run.validate ts=82109390741260 dur=309454 
[mono_ns=82109391053689][T0x789d971ad740][TIMING] emit_host_span: [STRACE] v=1 pid=3752878 tid=3752878 inv=15 hid=a1b044e660229c3b depth=2 name=chip.run.runner_run.device_wall ts=0 dur=7049828 clk=dev
[mono_ns=82109391054620][T0x789d971ad740][TIMING] emit_host_span: [STRACE] v=1 pid=3752878 tid=3752878 inv=15 hid=a1b044e660229c3b depth=3 name=chip.run.runner_run.device_wall.preamble ts=0 dur=13567 clk=dev
[mono_ns=82109391055361][T0x789d971ad740][TIMING] emit_host_span: [STRACE] v=1 pid=3752878 tid=3752878 inv=15 hid=a1b044e660229c3b depth=3 name=chip.run.runner_run.device_wall.graph_build ts=3131 dur=7041615 clk=dev
[mono_ns=82109391056163][T0x789d971ad740][TIMING] emit_host_span: [STRACE] v=1 pid=3752878 tid=3752878 inv=15 hid=a1b044e660229c3b depth=3 name=chip.run.runner_run.device_wall.config_validate ts=3916 dur=1590 clk=dev
[mono_ns=82109391056874][T0x789d971ad740][TIMING] emit_host_span: [STRACE] v=1 pid=3752878 tid=3752878 inv=15 hid=a1b044e660229c3b depth=3 name=chip.run.runner_run.device_wall.arena_wire ts=5530 dur=2757 clk=dev
[mono_ns=82109391057575][T0x789d971ad740][TIMING] emit_host_span: [STRACE] v=1 pid=3752878 tid=3752878 inv=15 hid=a1b044e660229c3b depth=3 name=chip.run.runner_run.device_wall.sm_reset ts=8310 dur=3373 clk=dev
[mono_ns=82109391058286][T0x789d971ad740][TIMING] emit_host_span: [STRACE] v=1 pid=3752878 tid=3752878 inv=15 hid=a1b044e660229c3b depth=3 name=chip.run.runner_run.device_wall.post_orch ts=7045030 dur=4369 clk=dev
[mono_ns=82109391059007][T0x789d971ad740][TIMING] emit_host_span: [STRACE] v=1 pid=3752878 tid=3752878 inv=15 hid=a1b044e660229c3b depth=3 name=chip.run.runner_run.device_wall.orch ts=11778 dur=5939240 clk=dev
[mono_ns=82109391059728][T0x789d971ad740][TIMING] emit_host_span: [STRACE] v=1 pid=3752878 tid=3752878 inv=15 hid=a1b044e660229c3b depth=3 name=chip.run.runner_run.device_wall.sched ts=13550 dur=7016443 clk=dev
[mono_ns=82109391061140][T0x789d971ad740][TIMING] emit_host_span: [STRACE] v=1 pid=3752878 tid=3752878 inv=15 hid=a1b044e660229c3b depth=1 name=chip.run.claim_release ts=82109391060379 dur=430 
[mono_ns=82109391062462][T0x789d971ad740][TIMING] emit_host_span: [STRACE] v=1 pid=3752878 tid=3752878 inv=15 hid=a1b044e660229c3b depth=0 name=chip.run ts=82109272351576 dur=118710525 run_id=0 dispatch_id=0 slot_id=0 generation=15 run_epoch=15
[mono_ns=82109498485836][T0x789d971ad740][TIMING] emit_host_span: [STRACE] v=1 pid=3752878 tid=3752878 inv=16 hid=a1b044e660229c3b depth=2 name=chip.run.bind.args ts=82109391396223 dur=107087239 
[mono_ns=82109498499246][T0x789d971ad740][TIMING] emit_host_span: [STRACE] v=1 pid=3752878 tid=3752878 inv=16 hid=a1b044e660229c3b depth=2 name=chip.run.bind.prebuilt ts=82109498495360 dur=3505 
[mono_ns=82109498500808][T0x789d971ad740][TIMING] emit_host_span: [STRACE] v=1 pid=3752878 tid=3752878 inv=16 hid=a1b044e660229c3b depth=1 name=chip.run.bind ts=82109391392097 dur=107108261 
[mono_ns=82109503210828][T0x789d971ad740][WARN] prepare_execution: [device_runner.cpp:342] AICPU CPU_TOPO unavailable; using json_fallback: soc=Ascend950PR_9579 occupy=0x3e stable_reachable=5 requested=0 effective=5 affinity=[1, 2, 3, 4, 5(orch)]
[mono_ns=82109510544875][T0x789d971ad740][TIMING] emit_host_span: [STRACE] v=1 pid=3752878 tid=3752878 inv=16 hid=a1b044e660229c3b depth=1 name=chip.run.runner_run ts=82109503253902 dur=7290082 
[mono_ns=82109510847900][T0x789d971ad740][TIMING] emit_host_span: [STRACE] v=1 pid=3752878 tid=3752878 inv=16 hid=a1b044e660229c3b depth=1 name=chip.run.validate ts=82109510548431 dur=299039 
[mono_ns=82109510850053][T0x789d971ad740][TIMING] emit_host_span: [STRACE] v=1 pid=3752878 tid=3752878 inv=16 hid=a1b044e660229c3b depth=2 name=chip.run.runner_run.device_wall ts=0 dur=7103469 clk=dev
[mono_ns=82109510851175][T0x789d971ad740][TIMING] emit_host_span: [STRACE] v=1 pid=3752878 tid=3752878 inv=16 hid=a1b044e660229c3b depth=3 name=chip.run.runner_run.device_wall.preamble ts=0 dur=13918 clk=dev
[mono_ns=82109510852137][T0x789d971ad740][TIMING] emit_host_span: [STRACE] v=1 pid=3752878 tid=3752878 inv=16 hid=a1b044e660229c3b depth=3 name=chip.run.runner_run.device_wall.graph_build ts=3074 dur=7095396 clk=dev
[mono_ns=82109510852908][T0x789d971ad740][TIMING] emit_host_span: [STRACE] v=1 pid=3752878 tid=3752878 inv=16 hid=a1b044e660229c3b depth=3 name=chip.run.runner_run.device_wall.config_validate ts=3758 dur=1611 clk=dev
[mono_ns=82109510853599][T0x789d971ad740][TIMING] emit_host_span: [STRACE] v=1 pid=3752878 tid=3752878 inv=16 hid=a1b044e660229c3b depth=3 name=chip.run.runner_run.device_wall.arena_wire ts=5391 dur=3121 clk=dev
[mono_ns=82109510854290][T0x789d971ad740][TIMING] emit_host_span: [STRACE] v=1 pid=3752878 tid=3752878 inv=16 hid=a1b044e660229c3b depth=3 name=chip.run.runner_run.device_wall.sm_reset ts=8529 dur=3360 clk=dev
[mono_ns=82109510854961][T0x789d971ad740][TIMING] emit_host_span: [STRACE] v=1 pid=3752878 tid=3752878 inv=16 hid=a1b044e660229c3b depth=3 name=chip.run.runner_run.device_wall.post_orch ts=7098751 dur=4167 clk=dev
[mono_ns=82109510855652][T0x789d971ad740][TIMING] emit_host_span: [STRACE] v=1 pid=3752878 tid=3752878 inv=16 hid=a1b044e660229c3b depth=3 name=chip.run.runner_run.device_wall.orch ts=12238 dur=5990996 clk=dev
[mono_ns=82109510856343][T0x789d971ad740][TIMING] emit_host_span: [STRACE] v=1 pid=3752878 tid=3752878 inv=16 hid=a1b044e660229c3b depth=3 name=chip.run.runner_run.device_wall.sched ts=14115 dur=7069553 clk=dev
[mono_ns=82109510857405][T0x789d971ad740][TIMING] emit_host_span: [STRACE] v=1 pid=3752878 tid=3752878 inv=16 hid=a1b044e660229c3b depth=1 name=chip.run.claim_release ts=82109510857084 dur=70 
[mono_ns=82109510859047][T0x789d971ad740][TIMING] emit_host_span: [STRACE] v=1 pid=3752878 tid=3752878 inv=16 hid=a1b044e660229c3b depth=0 name=chip.run ts=82109391387269 dur=119471387 run_id=0 dispatch_id=0 slot_id=0 generation=16 run_epoch=16
[mono_ns=82109617710843][T0x789d971ad740][TIMING] emit_host_span: [STRACE] v=1 pid=3752878 tid=3752878 inv=17 hid=a1b044e660229c3b depth=2 name=chip.run.bind.args ts=82109511198917 dur=106509342 
[mono_ns=82109617723342][T0x789d971ad740][TIMING] emit_host_span: [STRACE] v=1 pid=3752878 tid=3752878 inv=17 hid=a1b044e660229c3b depth=2 name=chip.run.bind.prebuilt ts=82109617719636 dur=3205 
[mono_ns=82109617724714][T0x789d971ad740][TIMING] emit_host_span: [STRACE] v=1 pid=3752878 tid=3752878 inv=17 hid=a1b044e660229c3b depth=1 name=chip.run.bind ts=82109511194430 dur=106529893 
[mono_ns=82109622403306][T0x789d971ad740][WARN] prepare_execution: [device_runner.cpp:342] AICPU CPU_TOPO unavailable; using json_fallback: soc=Ascend950PR_9579 occupy=0x3e stable_reachable=5 requested=0 effective=5 affinity=[1, 2, 3, 4, 5(orch)]
[mono_ns=82109629572907][T0x789d971ad740][TIMING] emit_host_span: [STRACE] v=1 pid=3752878 tid=3752878 inv=17 hid=a1b044e660229c3b depth=1 name=chip.run.runner_run ts=82109622462475 dur=7109811 
[mono_ns=82109629850984][T0x789d971ad740][TIMING] emit_host_span: [STRACE] v=1 pid=3752878 tid=3752878 inv=17 hid=a1b044e660229c3b depth=1 name=chip.run.validate ts=82109629576272 dur=274362 
[mono_ns=82109629852667][T0x789d971ad740][TIMING] emit_host_span: [STRACE] v=1 pid=3752878 tid=3752878 inv=17 hid=a1b044e660229c3b depth=2 name=chip.run.runner_run.device_wall ts=0 dur=6945036 clk=dev
[mono_ns=82109629853768][T0x789d971ad740][TIMING] emit_host_span: [STRACE] v=1 pid=3752878 tid=3752878 inv=17 hid=a1b044e660229c3b depth=3 name=chip.run.runner_run.device_wall.preamble ts=0 dur=13538 clk=dev
[mono_ns=82109629854700][T0x789d971ad740][TIMING] emit_host_span: [STRACE] v=1 pid=3752878 tid=3752878 inv=17 hid=a1b044e660229c3b depth=3 name=chip.run.runner_run.device_wall.graph_build ts=3345 dur=6936584 clk=dev
[mono_ns=82109629855421][T0x789d971ad740][TIMING] emit_host_span: [STRACE] v=1 pid=3752878 tid=3752878 inv=17 hid=a1b044e660229c3b depth=3 name=chip.run.runner_run.device_wall.config_validate ts=3989 dur=1309 clk=dev
[mono_ns=82109629856112][T0x789d971ad740][TIMING] emit_host_span: [STRACE] v=1 pid=3752878 tid=3752878 inv=17 hid=a1b044e660229c3b depth=3 name=chip.run.runner_run.device_wall.arena_wire ts=5321 dur=2466 clk=dev
[mono_ns=82109629856803][T0x789d971ad740][TIMING] emit_host_span: [STRACE] v=1 pid=3752878 tid=3752878 inv=17 hid=a1b044e660229c3b depth=3 name=chip.run.runner_run.device_wall.sm_reset ts=7805 dur=3697 clk=dev
[mono_ns=82109629857474][T0x789d971ad740][TIMING] emit_host_span: [STRACE] v=1 pid=3752878 tid=3752878 inv=17 hid=a1b044e660229c3b depth=3 name=chip.run.runner_run.device_wall.post_orch ts=6940331 dur=4405 clk=dev
[mono_ns=82109629858175][T0x789d971ad740][TIMING] emit_host_span: [STRACE] v=1 pid=3752878 tid=3752878 inv=17 hid=a1b044e660229c3b depth=3 name=chip.run.runner_run.device_wall.orch ts=11815 dur=6012629 clk=dev
[mono_ns=82109629858916][T0x789d971ad740][TIMING] emit_host_span: [STRACE] v=1 pid=3752878 tid=3752878 inv=17 hid=a1b044e660229c3b depth=3 name=chip.run.runner_run.device_wall.sched ts=13229 dur=6912042 clk=dev
[mono_ns=82109629860058][T0x789d971ad740][TIMING] emit_host_span: [STRACE] v=1 pid=3752878 tid=3752878 inv=17 hid=a1b044e660229c3b depth=1 name=chip.run.claim_release ts=82109629859717 dur=111 
[mono_ns=82109629861440][T0x789d971ad740][TIMING] emit_host_span: [STRACE] v=1 pid=3752878 tid=3752878 inv=17 hid=a1b044e660229c3b depth=0 name=chip.run ts=82109511189653 dur=118671426 run_id=0 dispatch_id=0 slot_id=0 generation=17 run_epoch=17
[mono_ns=82109736698584][T0x789d971ad740][TIMING] emit_host_span: [STRACE] v=1 pid=3752878 tid=3752878 inv=18 hid=a1b044e660229c3b depth=2 name=chip.run.bind.args ts=82109630234240 dur=106461440 
[mono_ns=82109736712204][T0x789d971ad740][TIMING] emit_host_span: [STRACE] v=1 pid=3752878 tid=3752878 inv=18 hid=a1b044e660229c3b depth=2 name=chip.run.bind.prebuilt ts=82109736708829 dur=2985 
[mono_ns=82109736713626][T0x789d971ad740][TIMING] emit_host_span: [STRACE] v=1 pid=3752878 tid=3752878 inv=18 hid=a1b044e660229c3b depth=1 name=chip.run.bind ts=82109630229973 dur=106483283 
[mono_ns=82109741364407][T0x789d971ad740][WARN] prepare_execution: [device_runner.cpp:342] AICPU CPU_TOPO unavailable; using json_fallback: soc=Ascend950PR_9579 occupy=0x3e stable_reachable=5 requested=0 effective=5 affinity=[1, 2, 3, 4, 5(orch)]
[mono_ns=82109748734709][T0x789d971ad740][TIMING] emit_host_span: [STRACE] v=1 pid=3752878 tid=3752878 inv=18 hid=a1b044e660229c3b depth=1 name=chip.run.runner_run ts=82109741420251 dur=7313807 
[mono_ns=82109749021089][T0x789d971ad740][TIMING] emit_host_span: [STRACE] v=1 pid=3752878 tid=3752878 inv=18 hid=a1b044e660229c3b depth=1 name=chip.run.validate ts=82109748737844 dur=282904 
[mono_ns=82109749023192][T0x789d971ad740][TIMING] emit_host_span: [STRACE] v=1 pid=3752878 tid=3752878 inv=18 hid=a1b044e660229c3b depth=2 name=chip.run.runner_run.device_wall ts=0 dur=7122490 clk=dev
[mono_ns=82109749024284][T0x789d971ad740][TIMING] emit_host_span: [STRACE] v=1 pid=3752878 tid=3752878 inv=18 hid=a1b044e660229c3b depth=3 name=chip.run.runner_run.device_wall.preamble ts=0 dur=13175 clk=dev
[mono_ns=82109749025155][T0x789d971ad740][TIMING] emit_host_span: [STRACE] v=1 pid=3752878 tid=3752878 inv=18 hid=a1b044e660229c3b depth=3 name=chip.run.runner_run.device_wall.graph_build ts=3089 dur=7114661 clk=dev
[mono_ns=82109749026347][T0x789d971ad740][TIMING] emit_host_span: [STRACE] v=1 pid=3752878 tid=3752878 inv=18 hid=a1b044e660229c3b depth=3 name=chip.run.runner_run.device_wall.config_validate ts=3975 dur=1010 clk=dev
[mono_ns=82109749027088][T0x789d971ad740][TIMING] emit_host_span: [STRACE] v=1 pid=3752878 tid=3752878 inv=18 hid=a1b044e660229c3b depth=3 name=chip.run.runner_run.device_wall.arena_wire ts=5204 dur=2874 clk=dev
[mono_ns=82109749027759][T0x789d971ad740][TIMING] emit_host_span: [STRACE] v=1 pid=3752878 tid=3752878 inv=18 hid=a1b044e660229c3b depth=3 name=chip.run.runner_run.device_wall.sm_reset ts=8094 dur=3281 clk=dev
[mono_ns=82109749028440][T0x789d971ad740][TIMING] emit_host_span: [STRACE] v=1 pid=3752878 tid=3752878 inv=18 hid=a1b044e660229c3b depth=3 name=chip.run.runner_run.device_wall.post_orch ts=7118021 dur=4041 clk=dev
[mono_ns=82109749029151][T0x789d971ad740][TIMING] emit_host_span: [STRACE] v=1 pid=3752878 tid=3752878 inv=18 hid=a1b044e660229c3b depth=3 name=chip.run.runner_run.device_wall.orch ts=11417 dur=5999561 clk=dev
[mono_ns=82109749029862][T0x789d971ad740][TIMING] emit_host_span: [STRACE] v=1 pid=3752878 tid=3752878 inv=18 hid=a1b044e660229c3b depth=3 name=chip.run.runner_run.device_wall.sched ts=13482 dur=7087967 clk=dev
[mono_ns=82109749031004][T0x789d971ad740][TIMING] emit_host_span: [STRACE] v=1 pid=3752878 tid=3752878 inv=18 hid=a1b044e660229c3b depth=1 name=chip.run.claim_release ts=82109749030563 dur=80 
[mono_ns=82109749032326][T0x789d971ad740][TIMING] emit_host_span: [STRACE] v=1 pid=3752878 tid=3752878 inv=18 hid=a1b044e660229c3b depth=0 name=chip.run ts=82109630224805 dur=118807160 run_id=0 dispatch_id=0 slot_id=0 generation=18 run_epoch=18
[mono_ns=82109855426545][T0x789d971ad740][TIMING] emit_host_span: [STRACE] v=1 pid=3752878 tid=3752878 inv=19 hid=a1b044e660229c3b depth=2 name=chip.run.bind.args ts=82109749364635 dur=106059086 
[mono_ns=82109855441127][T0x789d971ad740][TIMING] emit_host_span: [STRACE] v=1 pid=3752878 tid=3752878 inv=19 hid=a1b044e660229c3b depth=2 name=chip.run.bind.prebuilt ts=82109855436951 dur=3675 
[mono_ns=82109855442539][T0x789d971ad740][TIMING] emit_host_span: [STRACE] v=1 pid=3752878 tid=3752878 inv=19 hid=a1b044e660229c3b depth=1 name=chip.run.bind ts=82109749360508 dur=106081650 
[mono_ns=82109860157796][T0x789d971ad740][WARN] prepare_execution: [device_runner.cpp:342] AICPU CPU_TOPO unavailable; using json_fallback: soc=Ascend950PR_9579 occupy=0x3e stable_reachable=5 requested=0 effective=5 affinity=[1, 2, 3, 4, 5(orch)]
[mono_ns=82109867538003][T0x789d971ad740][TIMING] emit_host_span: [STRACE] v=1 pid=3752878 tid=3752878 inv=19 hid=a1b044e660229c3b depth=1 name=chip.run.runner_run ts=82109860214932 dur=7322330 
[mono_ns=82109867822961][T0x789d971ad740][TIMING] emit_host_span: [STRACE] v=1 pid=3752878 tid=3752878 inv=19 hid=a1b044e660229c3b depth=1 name=chip.run.validate ts=82109867541479 dur=281041 
[mono_ns=82109867824563][T0x789d971ad740][TIMING] emit_host_span: [STRACE] v=1 pid=3752878 tid=3752878 inv=19 hid=a1b044e660229c3b depth=2 name=chip.run.runner_run.device_wall ts=0 dur=7121151 clk=dev
[mono_ns=82109867825785][T0x789d971ad740][TIMING] emit_host_span: [STRACE] v=1 pid=3752878 tid=3752878 inv=19 hid=a1b044e660229c3b depth=3 name=chip.run.runner_run.device_wall.preamble ts=0 dur=14429 clk=dev
[mono_ns=82109867826747][T0x789d971ad740][TIMING] emit_host_span: [STRACE] v=1 pid=3752878 tid=3752878 inv=19 hid=a1b044e660229c3b depth=3 name=chip.run.runner_run.device_wall.graph_build ts=2884 dur=7113043 clk=dev
[mono_ns=82109867827468][T0x789d971ad740][TIMING] emit_host_span: [STRACE] v=1 pid=3752878 tid=3752878 inv=19 hid=a1b044e660229c3b depth=3 name=chip.run.runner_run.device_wall.config_validate ts=3377 dur=1146 clk=dev
[mono_ns=82109867828189][T0x789d971ad740][TIMING] emit_host_span: [STRACE] v=1 pid=3752878 tid=3752878 inv=19 hid=a1b044e660229c3b depth=3 name=chip.run.runner_run.device_wall.arena_wire ts=4545 dur=2527 clk=dev
[mono_ns=82109867828880][T0x789d971ad740][TIMING] emit_host_span: [STRACE] v=1 pid=3752878 tid=3752878 inv=19 hid=a1b044e660229c3b depth=3 name=chip.run.runner_run.device_wall.sm_reset ts=7221 dur=3027 clk=dev
[mono_ns=82109867829571][T0x789d971ad740][TIMING] emit_host_span: [STRACE] v=1 pid=3752878 tid=3752878 inv=19 hid=a1b044e660229c3b depth=3 name=chip.run.runner_run.device_wall.post_orch ts=7115999 dur=4792 clk=dev
[mono_ns=82109867830272][T0x789d971ad740][TIMING] emit_host_span: [STRACE] v=1 pid=3752878 tid=3752878 inv=19 hid=a1b044e660229c3b depth=3 name=chip.run.runner_run.device_wall.orch ts=10838 dur=6095539 clk=dev
[mono_ns=82109867831003][T0x789d971ad740][TIMING] emit_host_span: [STRACE] v=1 pid=3752878 tid=3752878 inv=19 hid=a1b044e660229c3b depth=3 name=chip.run.runner_run.device_wall.sched ts=14922 dur=7084687 clk=dev
[mono_ns=82109867832405][T0x789d971ad740][TIMING] emit_host_span: [STRACE] v=1 pid=3752878 tid=3752878 inv=19 hid=a1b044e660229c3b depth=1 name=chip.run.claim_release ts=82109867831784 dur=291 
[mono_ns=82109867834148][T0x789d971ad740][TIMING] emit_host_span: [STRACE] v=1 pid=3752878 tid=3752878 inv=19 hid=a1b044e660229c3b depth=0 name=chip.run ts=82109749356222 dur=118477495 run_id=0 dispatch_id=0 slot_id=0 generation=19 run_epoch=19
[mono_ns=82109976234839][T0x789d971ad740][TIMING] emit_host_span: [STRACE] v=1 pid=3752878 tid=3752878 inv=20 hid=a1b044e660229c3b depth=2 name=chip.run.bind.args ts=82109868455951 dur=107776133 
[mono_ns=82109976248850][T0x789d971ad740][TIMING] emit_host_span: [STRACE] v=1 pid=3752878 tid=3752878 inv=20 hid=a1b044e660229c3b depth=2 name=chip.run.bind.prebuilt ts=82109976245124 dur=3425 
[mono_ns=82109976250362][T0x789d971ad740][TIMING] emit_host_span: [STRACE] v=1 pid=3752878 tid=3752878 inv=20 hid=a1b044e660229c3b depth=1 name=chip.run.bind ts=82109868451064 dur=107798897 
[mono_ns=82109980905769][T0x789d971ad740][WARN] prepare_execution: [device_runner.cpp:342] AICPU CPU_TOPO unavailable; using json_fallback: soc=Ascend950PR_9579 occupy=0x3e stable_reachable=5 requested=0 effective=5 affinity=[1, 2, 3, 4, 5(orch)]
[mono_ns=82109988148500][T0x789d971ad740][TIMING] emit_host_span: [STRACE] v=1 pid=3752878 tid=3752878 inv=20 hid=a1b044e660229c3b depth=1 name=chip.run.runner_run ts=82109980962014 dur=7185875 
[mono_ns=82109988431004][T0x789d971ad740][TIMING] emit_host_span: [STRACE] v=1 pid=3752878 tid=3752878 inv=20 hid=a1b044e660229c3b depth=1 name=chip.run.validate ts=82109988151865 dur=278798 
[mono_ns=82109988432867][T0x789d971ad740][TIMING] emit_host_span: [STRACE] v=1 pid=3752878 tid=3752878 inv=20 hid=a1b044e660229c3b depth=2 name=chip.run.runner_run.device_wall ts=0 dur=6988330 clk=dev
[mono_ns=82109988434149][T0x789d971ad740][TIMING] emit_host_span: [STRACE] v=1 pid=3752878 tid=3752878 inv=20 hid=a1b044e660229c3b depth=3 name=chip.run.runner_run.device_wall.preamble ts=0 dur=14130 clk=dev
[mono_ns=82109988435080][T0x789d971ad740][TIMING] emit_host_span: [STRACE] v=1 pid=3752878 tid=3752878 inv=20 hid=a1b044e660229c3b depth=3 name=chip.run.runner_run.device_wall.graph_build ts=3445 dur=6980221 clk=dev
[mono_ns=82109988435831][T0x789d971ad740][TIMING] emit_host_span: [STRACE] v=1 pid=3752878 tid=3752878 inv=20 hid=a1b044e660229c3b depth=3 name=chip.run.runner_run.device_wall.config_validate ts=4436 dur=1622 clk=dev
[mono_ns=82109988436542][T0x789d971ad740][TIMING] emit_host_span: [STRACE] v=1 pid=3752878 tid=3752878 inv=20 hid=a1b044e660229c3b depth=3 name=chip.run.runner_run.device_wall.arena_wire ts=6082 dur=2751 clk=dev
[mono_ns=82109988437233][T0x789d971ad740][TIMING] emit_host_span: [STRACE] v=1 pid=3752878 tid=3752878 inv=20 hid=a1b044e660229c3b depth=3 name=chip.run.runner_run.device_wall.sm_reset ts=8851 dur=3524 clk=dev
[mono_ns=82109988437914][T0x789d971ad740][TIMING] emit_host_span: [STRACE] v=1 pid=3752878 tid=3752878 inv=20 hid=a1b044e660229c3b depth=3 name=chip.run.runner_run.device_wall.post_orch ts=6983695 dur=4553 clk=dev
[mono_ns=82109988438615][T0x789d971ad740][TIMING] emit_host_span: [STRACE] v=1 pid=3752878 tid=3752878 inv=20 hid=a1b044e660229c3b depth=3 name=chip.run.runner_run.device_wall.orch ts=12466 dur=6027846 clk=dev
[mono_ns=82109988439346][T0x789d971ad740][TIMING] emit_host_span: [STRACE] v=1 pid=3752878 tid=3752878 inv=20 hid=a1b044e660229c3b depth=3 name=chip.run.runner_run.device_wall.sched ts=14070 dur=6953446 clk=dev
[mono_ns=82109988440448][T0x789d971ad740][TIMING] emit_host_span: [STRACE] v=1 pid=3752878 tid=3752878 inv=20 hid=a1b044e660229c3b depth=1 name=chip.run.claim_release ts=82109988440138 dur=90 
[mono_ns=82109988441950][T0x789d971ad740][TIMING] emit_host_span: [STRACE] v=1 pid=3752878 tid=3752878 inv=20 hid=a1b044e660229c3b depth=0 name=chip.run ts=82109868445786 dur=119995794 run_id=0 dispatch_id=0 slot_id=0 generation=20 run_epoch=20
[mono_ns=82110097452006][T0x789d971ad740][TIMING] emit_host_span: [STRACE] v=1 pid=3752878 tid=3752878 inv=21 hid=a1b044e660229c3b depth=2 name=chip.run.bind.args ts=82109988777194 dur=108672168 
[mono_ns=82110097465496][T0x789d971ad740][TIMING] emit_host_span: [STRACE] v=1 pid=3752878 tid=3752878 inv=21 hid=a1b044e660229c3b depth=2 name=chip.run.bind.prebuilt ts=82110097461650 dur=3525 
[mono_ns=82110097467048][T0x789d971ad740][TIMING] emit_host_span: [STRACE] v=1 pid=3752878 tid=3752878 inv=21 hid=a1b044e660229c3b depth=1 name=chip.run.bind ts=82109988772326 dur=108694312 
[mono_ns=82110102269597][T0x789d971ad740][WARN] prepare_execution: [device_runner.cpp:342] AICPU CPU_TOPO unavailable; using json_fallback: soc=Ascend950PR_9579 occupy=0x3e stable_reachable=5 requested=0 effective=5 affinity=[1, 2, 3, 4, 5(orch)]
[mono_ns=82110109702222][T0x789d971ad740][TIMING] emit_host_span: [STRACE] v=1 pid=3752878 tid=3752878 inv=21 hid=a1b044e660229c3b depth=1 name=chip.run.runner_run ts=82110102325030 dur=7376361 
[mono_ns=82110109997445][T0x789d971ad740][TIMING] emit_host_span: [STRACE] v=1 pid=3752878 tid=3752878 inv=21 hid=a1b044e660229c3b depth=1 name=chip.run.validate ts=82110109705147 dur=291978 
[mono_ns=82110109999268][T0x789d971ad740][TIMING] emit_host_span: [STRACE] v=1 pid=3752878 tid=3752878 inv=21 hid=a1b044e660229c3b depth=2 name=chip.run.runner_run.device_wall ts=0 dur=7192237 clk=dev
[mono_ns=82110110004065][T0x789d971ad740][TIMING] emit_host_span: [STRACE] v=1 pid=3752878 tid=3752878 inv=21 hid=a1b044e660229c3b depth=3 name=chip.run.runner_run.device_wall.preamble ts=0 dur=14408 clk=dev
[mono_ns=82110110005447][T0x789d971ad740][TIMING] emit_host_span: [STRACE] v=1 pid=3752878 tid=3752878 inv=21 hid=a1b044e660229c3b depth=3 name=chip.run.runner_run.device_wall.graph_build ts=4230 dur=7182620 clk=dev
[mono_ns=82110110006629][T0x789d971ad740][TIMING] emit_host_span: [STRACE] v=1 pid=3752878 tid=3752878 inv=21 hid=a1b044e660229c3b depth=3 name=chip.run.runner_run.device_wall.config_validate ts=4983 dur=1409 clk=dev
[mono_ns=82110110007430][T0x789d971ad740][TIMING] emit_host_span: [STRACE] v=1 pid=3752878 tid=3752878 inv=21 hid=a1b044e660229c3b depth=3 name=chip.run.runner_run.device_wall.arena_wire ts=6417 dur=2251 clk=dev
[mono_ns=82110110008121][T0x789d971ad740][TIMING] emit_host_span: [STRACE] v=1 pid=3752878 tid=3752878 inv=21 hid=a1b044e660229c3b depth=3 name=chip.run.runner_run.device_wall.sm_reset ts=8769 dur=3507 clk=dev
[mono_ns=82110110008812][T0x789d971ad740][TIMING] emit_host_span: [STRACE] v=1 pid=3752878 tid=3752878 inv=21 hid=a1b044e660229c3b depth=3 name=chip.run.runner_run.device_wall.post_orch ts=7186978 dur=4537 clk=dev
[mono_ns=82110110009514][T0x789d971ad740][TIMING] emit_host_span: [STRACE] v=1 pid=3752878 tid=3752878 inv=21 hid=a1b044e660229c3b depth=3 name=chip.run.runner_run.device_wall.orch ts=12362 dur=6132472 clk=dev
[mono_ns=82110110010225][T0x789d971ad740][TIMING] emit_host_span: [STRACE] v=1 pid=3752878 tid=3752878 inv=21 hid=a1b044e660229c3b depth=3 name=chip.run.runner_run.device_wall.sched ts=14418 dur=7155821 clk=dev
[mono_ns=82110110011276][T0x789d971ad740][TIMING] emit_host_span: [STRACE] v=1 pid=3752878 tid=3752878 inv=21 hid=a1b044e660229c3b depth=1 name=chip.run.claim_release ts=82110110010946 dur=90 
[mono_ns=82110110012648][T0x789d971ad740][TIMING] emit_host_span: [STRACE] v=1 pid=3752878 tid=3752878 inv=21 hid=a1b044e660229c3b depth=0 name=chip.run ts=82109988766968 dur=121245320 run_id=0 dispatch_id=0 slot_id=0 generation=21 run_epoch=21
[mono_ns=82110220756426][T0x789d971ad740][TIMING] emit_host_span: [STRACE] v=1 pid=3752878 tid=3752878 inv=22 hid=a1b044e660229c3b depth=2 name=chip.run.bind.args ts=82110110364797 dur=110388194 
[mono_ns=82110220773722][T0x789d971ad740][TIMING] emit_host_span: [STRACE] v=1 pid=3752878 tid=3752878 inv=22 hid=a1b044e660229c3b depth=2 name=chip.run.bind.prebuilt ts=82110220768954 dur=4367 
[mono_ns=82110220775464][T0x789d971ad740][TIMING] emit_host_span: [STRACE] v=1 pid=3752878 tid=3752878 inv=22 hid=a1b044e660229c3b depth=1 name=chip.run.bind ts=82110110359970 dur=110414973 
[mono_ns=82110225457672][T0x789d971ad740][WARN] prepare_execution: [device_runner.cpp:342] AICPU CPU_TOPO unavailable; using json_fallback: soc=Ascend950PR_9579 occupy=0x3e stable_reachable=5 requested=0 effective=5 affinity=[1, 2, 3, 4, 5(orch)]
[mono_ns=82110232673052][T0x789d971ad740][TIMING] emit_host_span: [STRACE] v=1 pid=3752878 tid=3752878 inv=22 hid=a1b044e660229c3b depth=1 name=chip.run.runner_run ts=82110225507857 dur=7164413 
[mono_ns=82110232963077][T0x789d971ad740][TIMING] emit_host_span: [STRACE] v=1 pid=3752878 tid=3752878 inv=22 hid=a1b044e660229c3b depth=1 name=chip.run.validate ts=82110232676397 dur=286289 
[mono_ns=82110232964689][T0x789d971ad740][TIMING] emit_host_span: [STRACE] v=1 pid=3752878 tid=3752878 inv=22 hid=a1b044e660229c3b depth=2 name=chip.run.runner_run.device_wall ts=0 dur=6957562 clk=dev
[mono_ns=82110232965601][T0x789d971ad740][TIMING] emit_host_span: [STRACE] v=1 pid=3752878 tid=3752878 inv=22 hid=a1b044e660229c3b depth=3 name=chip.run.runner_run.device_wall.preamble ts=0 dur=14840 clk=dev
[mono_ns=82110232966802][T0x789d971ad740][TIMING] emit_host_span: [STRACE] v=1 pid=3752878 tid=3752878 inv=22 hid=a1b044e660229c3b depth=3 name=chip.run.runner_run.device_wall.graph_build ts=3641 dur=6948838 clk=dev
[mono_ns=82110232967624][T0x789d971ad740][TIMING] emit_host_span: [STRACE] v=1 pid=3752878 tid=3752878 inv=22 hid=a1b044e660229c3b depth=3 name=chip.run.runner_run.device_wall.config_validate ts=4021 dur=1181 clk=dev
[mono_ns=82110232968345][T0x789d971ad740][TIMING] emit_host_span: [STRACE] v=1 pid=3752878 tid=3752878 inv=22 hid=a1b044e660229c3b depth=3 name=chip.run.runner_run.device_wall.arena_wire ts=5234 dur=2910 clk=dev
[mono_ns=82110232969046][T0x789d971ad740][TIMING] emit_host_span: [STRACE] v=1 pid=3752878 tid=3752878 inv=22 hid=a1b044e660229c3b depth=3 name=chip.run.runner_run.device_wall.sm_reset ts=8162 dur=3222 clk=dev
[mono_ns=82110232969727][T0x789d971ad740][TIMING] emit_host_span: [STRACE] v=1 pid=3752878 tid=3752878 inv=22 hid=a1b044e660229c3b depth=3 name=chip.run.runner_run.device_wall.post_orch ts=6952830 dur=4366 clk=dev
[mono_ns=82110232970428][T0x789d971ad740][TIMING] emit_host_span: [STRACE] v=1 pid=3752878 tid=3752878 inv=22 hid=a1b044e660229c3b depth=3 name=chip.run.runner_run.device_wall.orch ts=11422 dur=5960286 clk=dev
[mono_ns=82110232971119][T0x789d971ad740][TIMING] emit_host_span: [STRACE] v=1 pid=3752878 tid=3752878 inv=22 hid=a1b044e660229c3b depth=3 name=chip.run.runner_run.device_wall.sched ts=14951 dur=6921076 clk=dev
[mono_ns=82110232972140][T0x789d971ad740][TIMING] emit_host_span: [STRACE] v=1 pid=3752878 tid=3752878 inv=22 hid=a1b044e660229c3b depth=1 name=chip.run.claim_release ts=82110232971820 dur=90 
[mono_ns=82110232973593][T0x789d971ad740][TIMING] emit_host_span: [STRACE] v=1 pid=3752878 tid=3752878 inv=22 hid=a1b044e660229c3b depth=0 name=chip.run ts=82110110355292 dur=122618020 run_id=0 dispatch_id=0 slot_id=0 generation=22 run_epoch=22
[mono_ns=82110340431128][T0x789d971ad740][TIMING] emit_host_span: [STRACE] v=1 pid=3752878 tid=3752878 inv=23 hid=a1b044e660229c3b depth=2 name=chip.run.bind.args ts=82110233351159 dur=107077836 
[mono_ns=82110340444428][T0x789d971ad740][TIMING] emit_host_span: [STRACE] v=1 pid=3752878 tid=3752878 inv=23 hid=a1b044e660229c3b depth=2 name=chip.run.bind.prebuilt ts=82110340440352 dur=3635 
[mono_ns=82110340445940][T0x789d971ad740][TIMING] emit_host_span: [STRACE] v=1 pid=3752878 tid=3752878 inv=23 hid=a1b044e660229c3b depth=1 name=chip.run.bind ts=82110233346753 dur=107098736 
[mono_ns=82110345118934][T0x789d971ad740][WARN] prepare_execution: [device_runner.cpp:342] AICPU CPU_TOPO unavailable; using json_fallback: soc=Ascend950PR_9579 occupy=0x3e stable_reachable=5 requested=0 effective=5 affinity=[1, 2, 3, 4, 5(orch)]
[mono_ns=82110352712201][T0x789d971ad740][TIMING] emit_host_span: [STRACE] v=1 pid=3752878 tid=3752878 inv=23 hid=a1b044e660229c3b depth=1 name=chip.run.runner_run ts=82110345158323 dur=7552966 
[mono_ns=82110352993583][T0x789d971ad740][TIMING] emit_host_span: [STRACE] v=1 pid=3752878 tid=3752878 inv=23 hid=a1b044e660229c3b depth=1 name=chip.run.validate ts=82110352715606 dur=277546 
[mono_ns=82110352995366][T0x789d971ad740][TIMING] emit_host_span: [STRACE] v=1 pid=3752878 tid=3752878 inv=23 hid=a1b044e660229c3b depth=2 name=chip.run.runner_run.device_wall ts=0 dur=7335650 clk=dev
[mono_ns=82110352996407][T0x789d971ad740][TIMING] emit_host_span: [STRACE] v=1 pid=3752878 tid=3752878 inv=23 hid=a1b044e660229c3b depth=3 name=chip.run.runner_run.device_wall.preamble ts=0 dur=14436 clk=dev
[mono_ns=82110352997739][T0x789d971ad740][TIMING] emit_host_span: [STRACE] v=1 pid=3752878 tid=3752878 inv=23 hid=a1b044e660229c3b depth=3 name=chip.run.runner_run.device_wall.graph_build ts=4239 dur=7326686 clk=dev
[mono_ns=82110352998490][T0x789d971ad740][TIMING] emit_host_span: [STRACE] v=1 pid=3752878 tid=3752878 inv=23 hid=a1b044e660229c3b depth=3 name=chip.run.runner_run.device_wall.config_validate ts=4892 dur=1339 clk=dev
[mono_ns=82110352999191][T0x789d971ad740][TIMING] emit_host_span: [STRACE] v=1 pid=3752878 tid=3752878 inv=23 hid=a1b044e660229c3b depth=3 name=chip.run.runner_run.device_wall.arena_wire ts=6254 dur=2409 clk=dev
[mono_ns=82110352999902][T0x789d971ad740][TIMING] emit_host_span: [STRACE] v=1 pid=3752878 tid=3752878 inv=23 hid=a1b044e660229c3b depth=3 name=chip.run.runner_run.device_wall.sm_reset ts=8926 dur=3534 clk=dev
[mono_ns=82110353004559][T0x789d971ad740][TIMING] emit_host_span: [STRACE] v=1 pid=3752878 tid=3752878 inv=23 hid=a1b044e660229c3b depth=3 name=chip.run.runner_run.device_wall.post_orch ts=7331195 dur=4342 clk=dev
[mono_ns=82110353005291][T0x789d971ad740][TIMING] emit_host_span: [STRACE] v=1 pid=3752878 tid=3752878 inv=23 hid=a1b044e660229c3b depth=3 name=chip.run.runner_run.device_wall.orch ts=12496 dur=6289949 clk=dev
[mono_ns=82110353005992][T0x789d971ad740][TIMING] emit_host_span: [STRACE] v=1 pid=3752878 tid=3752878 inv=23 hid=a1b044e660229c3b depth=3 name=chip.run.runner_run.device_wall.sched ts=14235 dur=7300112 clk=dev
[mono_ns=82110353007083][T0x789d971ad740][TIMING] emit_host_span: [STRACE] v=1 pid=3752878 tid=3752878 inv=23 hid=a1b044e660229c3b depth=1 name=chip.run.claim_release ts=82110353006763 dur=80 
[mono_ns=82110353008405][T0x789d971ad740][TIMING] emit_host_span: [STRACE] v=1 pid=3752878 tid=3752878 inv=23 hid=a1b044e660229c3b depth=0 name=chip.run ts=82110233341675 dur=119666380 run_id=0 dispatch_id=0 slot_id=0 generation=23 run_epoch=23
[mono_ns=82110461495786][T0x789d971ad740][TIMING] emit_host_span: [STRACE] v=1 pid=3752878 tid=3752878 inv=24 hid=a1b044e660229c3b depth=2 name=chip.run.bind.args ts=82110353345281 dur=108148051 
[mono_ns=82110461509306][T0x789d971ad740][TIMING] emit_host_span: [STRACE] v=1 pid=3752878 tid=3752878 inv=24 hid=a1b044e660229c3b depth=2 name=chip.run.bind.prebuilt ts=82110461505551 dur=3385 
[mono_ns=82110461510738][T0x789d971ad740][TIMING] emit_host_span: [STRACE] v=1 pid=3752878 tid=3752878 inv=24 hid=a1b044e660229c3b depth=1 name=chip.run.bind ts=82110353340994 dur=108169374 
[mono_ns=82110466199075][T0x789d971ad740][WARN] prepare_execution: [device_runner.cpp:342] AICPU CPU_TOPO unavailable; using json_fallback: soc=Ascend950PR_9579 occupy=0x3e stable_reachable=5 requested=0 effective=5 affinity=[1, 2, 3, 4, 5(orch)]
[mono_ns=82110473507014][T0x789d971ad740][TIMING] emit_host_span: [STRACE] v=1 pid=3752878 tid=3752878 inv=24 hid=a1b044e660229c3b depth=1 name=chip.run.runner_run ts=82110466241008 dur=7265245 
[mono_ns=82110473786584][T0x789d971ad740][TIMING] emit_host_span: [STRACE] v=1 pid=3752878 tid=3752878 inv=24 hid=a1b044e660229c3b depth=1 name=chip.run.validate ts=82110473509868 dur=276405 
[mono_ns=82110473788466][T0x789d971ad740][TIMING] emit_host_span: [STRACE] v=1 pid=3752878 tid=3752878 inv=24 hid=a1b044e660229c3b depth=2 name=chip.run.runner_run.device_wall ts=0 dur=7086020 clk=dev
[mono_ns=82110473789518][T0x789d971ad740][TIMING] emit_host_span: [STRACE] v=1 pid=3752878 tid=3752878 inv=24 hid=a1b044e660229c3b depth=3 name=chip.run.runner_run.device_wall.preamble ts=0 dur=13988 clk=dev
[mono_ns=82110473790419][T0x789d971ad740][TIMING] emit_host_span: [STRACE] v=1 pid=3752878 tid=3752878 inv=24 hid=a1b044e660229c3b depth=3 name=chip.run.runner_run.device_wall.graph_build ts=3893 dur=7076271 clk=dev
[mono_ns=82110473791130][T0x789d971ad740][TIMING] emit_host_span: [STRACE] v=1 pid=3752878 tid=3752878 inv=24 hid=a1b044e660229c3b depth=3 name=chip.run.runner_run.device_wall.config_validate ts=4604 dur=1524 clk=dev
[mono_ns=82110473791831][T0x789d971ad740][TIMING] emit_host_span: [STRACE] v=1 pid=3752878 tid=3752878 inv=24 hid=a1b044e660229c3b depth=3 name=chip.run.runner_run.device_wall.arena_wire ts=6155 dur=2558 clk=dev
[mono_ns=82110473792512][T0x789d971ad740][TIMING] emit_host_span: [STRACE] v=1 pid=3752878 tid=3752878 inv=24 hid=a1b044e660229c3b depth=3 name=chip.run.runner_run.device_wall.sm_reset ts=8729 dur=3199 clk=dev
[mono_ns=82110473793193][T0x789d971ad740][TIMING] emit_host_span: [STRACE] v=1 pid=3752878 tid=3752878 inv=24 hid=a1b044e660229c3b depth=3 name=chip.run.runner_run.device_wall.post_orch ts=7080538 dur=5395 clk=dev
[mono_ns=82110473793895][T0x789d971ad740][TIMING] emit_host_span: [STRACE] v=1 pid=3752878 tid=3752878 inv=24 hid=a1b044e660229c3b depth=3 name=chip.run.runner_run.device_wall.orch ts=12020 dur=6061369 clk=dev
[mono_ns=82110473794946][T0x789d971ad740][TIMING] emit_host_span: [STRACE] v=1 pid=3752878 tid=3752878 inv=24 hid=a1b044e660229c3b depth=3 name=chip.run.runner_run.device_wall.sched ts=14161 dur=7052646 clk=dev
[mono_ns=82110473796148][T0x789d971ad740][TIMING] emit_host_span: [STRACE] v=1 pid=3752878 tid=3752878 inv=24 hid=a1b044e660229c3b depth=1 name=chip.run.claim_release ts=82110473795857 dur=51 
[mono_ns=82110473797740][T0x789d971ad740][TIMING] emit_host_span: [STRACE] v=1 pid=3752878 tid=3752878 inv=24 hid=a1b044e660229c3b depth=0 name=chip.run ts=82110353336217 dur=120461163 run_id=0 dispatch_id=0 slot_id=0 generation=24 run_epoch=24
[mono_ns=82110584070441][T0x789d971ad740][TIMING] emit_host_span: [STRACE] v=1 pid=3752878 tid=3752878 inv=25 hid=a1b044e660229c3b depth=2 name=chip.run.bind.args ts=82110474144110 dur=109924097 
[mono_ns=82110584082589][T0x789d971ad740][TIMING] emit_host_span: [STRACE] v=1 pid=3752878 tid=3752878 inv=25 hid=a1b044e660229c3b depth=2 name=chip.run.bind.prebuilt ts=82110584078943 dur=3275 
[mono_ns=82110584083901][T0x789d971ad740][TIMING] emit_host_span: [STRACE] v=1 pid=3752878 tid=3752878 inv=25 hid=a1b044e660229c3b depth=1 name=chip.run.bind ts=82110474139764 dur=109943696 
[mono_ns=82110588816624][T0x789d971ad740][WARN] prepare_execution: [device_runner.cpp:342] AICPU CPU_TOPO unavailable; using json_fallback: soc=Ascend950PR_9579 occupy=0x3e stable_reachable=5 requested=0 effective=5 affinity=[1, 2, 3, 4, 5(orch)]
[mono_ns=82110596058253][T0x789d971ad740][TIMING] emit_host_span: [STRACE] v=1 pid=3752878 tid=3752878 inv=25 hid=a1b044e660229c3b depth=1 name=chip.run.runner_run ts=82110588861221 dur=7196241 
[mono_ns=82110596353687][T0x789d971ad740][TIMING] emit_host_span: [STRACE] v=1 pid=3752878 tid=3752878 inv=25 hid=a1b044e660229c3b depth=1 name=chip.run.validate ts=82110596061659 dur=291587 
[mono_ns=82110596355650][T0x789d971ad740][TIMING] emit_host_span: [STRACE] v=1 pid=3752878 tid=3752878 inv=25 hid=a1b044e660229c3b depth=2 name=chip.run.runner_run.device_wall ts=0 dur=7027253 clk=dev
[mono_ns=82110596356621][T0x789d971ad740][TIMING] emit_host_span: [STRACE] v=1 pid=3752878 tid=3752878 inv=25 hid=a1b044e660229c3b depth=3 name=chip.run.runner_run.device_wall.preamble ts=0 dur=13801 clk=dev
[mono_ns=82110596357563][T0x789d971ad740][TIMING] emit_host_span: [STRACE] v=1 pid=3752878 tid=3752878 inv=25 hid=a1b044e660229c3b depth=3 name=chip.run.runner_run.device_wall.graph_build ts=3229 dur=7017604 clk=dev
[mono_ns=82110596358314][T0x789d971ad740][TIMING] emit_host_span: [STRACE] v=1 pid=3752878 tid=3752878 inv=25 hid=a1b044e660229c3b depth=3 name=chip.run.runner_run.device_wall.config_validate ts=4018 dur=1409 clk=dev
[mono_ns=82110596359145][T0x789d971ad740][TIMING] emit_host_span: [STRACE] v=1 pid=3752878 tid=3752878 inv=25 hid=a1b044e660229c3b depth=3 name=chip.run.runner_run.device_wall.arena_wire ts=5459 dur=3444 clk=dev
[mono_ns=82110596359846][T0x789d971ad740][TIMING] emit_host_span: [STRACE] v=1 pid=3752878 tid=3752878 inv=25 hid=a1b044e660229c3b depth=3 name=chip.run.runner_run.device_wall.sm_reset ts=8925 dur=3012 clk=dev
[mono_ns=82110596360527][T0x789d971ad740][TIMING] emit_host_span: [STRACE] v=1 pid=3752878 tid=3752878 inv=25 hid=a1b044e660229c3b depth=3 name=chip.run.runner_run.device_wall.post_orch ts=7021215 dur=5589 clk=dev
[mono_ns=82110596361238][T0x789d971ad740][TIMING] emit_host_span: [STRACE] v=1 pid=3752878 tid=3752878 inv=25 hid=a1b044e660229c3b depth=3 name=chip.run.runner_run.device_wall.orch ts=11971 dur=5993044 clk=dev
[mono_ns=82110596361949][T0x789d971ad740][TIMING] emit_host_span: [STRACE] v=1 pid=3752878 tid=3752878 inv=25 hid=a1b044e660229c3b depth=3 name=chip.run.runner_run.device_wall.sched ts=13869 dur=6991654 clk=dev
[mono_ns=82110596363261][T0x789d971ad740][TIMING] emit_host_span: [STRACE] v=1 pid=3752878 tid=3752878 inv=25 hid=a1b044e660229c3b depth=1 name=chip.run.claim_release ts=82110596362951 dur=80 
[mono_ns=82110596364784][T0x789d971ad740][TIMING] emit_host_span: [STRACE] v=1 pid=3752878 tid=3752878 inv=25 hid=a1b044e660229c3b depth=0 name=chip.run ts=82110474134886 dur=122229607 run_id=0 dispatch_id=0 slot_id=0 generation=25 run_epoch=25
[mono_ns=82110702666564][T0x789d971ad740][TIMING] emit_host_span: [STRACE] v=1 pid=3752878 tid=3752878 inv=26 hid=a1b044e660229c3b depth=2 name=chip.run.bind.args ts=82110596689000 dur=105975621 
[mono_ns=82110702678963][T0x789d971ad740][TIMING] emit_host_span: [STRACE] v=1 pid=3752878 tid=3752878 inv=26 hid=a1b044e660229c3b depth=2 name=chip.run.bind.prebuilt ts=82110702675427 dur=3185 
[mono_ns=82110702680445][T0x789d971ad740][TIMING] emit_host_span: [STRACE] v=1 pid=3752878 tid=3752878 inv=26 hid=a1b044e660229c3b depth=1 name=chip.run.bind ts=82110596684383 dur=105995621 
[mono_ns=82110707453248][T0x789d971ad740][WARN] prepare_execution: [device_runner.cpp:342] AICPU CPU_TOPO unavailable; using json_fallback: soc=Ascend950PR_9579 occupy=0x3e stable_reachable=5 requested=0 effective=5 affinity=[1, 2, 3, 4, 5(orch)]
[mono_ns=82110714823521][T0x789d971ad740][TIMING] emit_host_span: [STRACE] v=1 pid=3752878 tid=3752878 inv=26 hid=a1b044e660229c3b depth=1 name=chip.run.runner_run ts=82110707511576 dur=7310422 
[mono_ns=82110715093536][T0x789d971ad740][TIMING] emit_host_span: [STRACE] v=1 pid=3752878 tid=3752878 inv=26 hid=a1b044e660229c3b depth=1 name=chip.run.validate ts=82110714836861 dur=256164 
[mono_ns=82110715095649][T0x789d971ad740][TIMING] emit_host_span: [STRACE] v=1 pid=3752878 tid=3752878 inv=26 hid=a1b044e660229c3b depth=2 name=chip.run.runner_run.device_wall ts=0 dur=7088787 clk=dev
[mono_ns=82110715096781][T0x789d971ad740][TIMING] emit_host_span: [STRACE] v=1 pid=3752878 tid=3752878 inv=26 hid=a1b044e660229c3b depth=3 name=chip.run.runner_run.device_wall.preamble ts=0 dur=13827 clk=dev
[mono_ns=82110715097652][T0x789d971ad740][TIMING] emit_host_span: [STRACE] v=1 pid=3752878 tid=3752878 inv=26 hid=a1b044e660229c3b depth=3 name=chip.run.runner_run.device_wall.graph_build ts=3216 dur=7080442 clk=dev
[mono_ns=82110715098353][T0x789d971ad740][TIMING] emit_host_span: [STRACE] v=1 pid=3752878 tid=3752878 inv=26 hid=a1b044e660229c3b depth=3 name=chip.run.runner_run.device_wall.config_validate ts=3596 dur=1422 clk=dev
[mono_ns=82110715099134][T0x789d971ad740][TIMING] emit_host_span: [STRACE] v=1 pid=3752878 tid=3752878 inv=26 hid=a1b044e660229c3b depth=3 name=chip.run.runner_run.device_wall.arena_wire ts=5050 dur=2925 clk=dev
[mono_ns=82110715099825][T0x789d971ad740][TIMING] emit_host_span: [STRACE] v=1 pid=3752878 tid=3752878 inv=26 hid=a1b044e660229c3b depth=3 name=chip.run.runner_run.device_wall.sm_reset ts=7994 dur=4132 clk=dev
[mono_ns=82110715100516][T0x789d971ad740][TIMING] emit_host_span: [STRACE] v=1 pid=3752878 tid=3752878 inv=26 hid=a1b044e660229c3b depth=3 name=chip.run.runner_run.device_wall.post_orch ts=7083691 dur=4600 clk=dev
[mono_ns=82110715101217][T0x789d971ad740][TIMING] emit_host_span: [STRACE] v=1 pid=3752878 tid=3752878 inv=26 hid=a1b044e660229c3b depth=3 name=chip.run.runner_run.device_wall.orch ts=12164 dur=6028512 clk=dev
[mono_ns=82110715101908][T0x789d971ad740][TIMING] emit_host_span: [STRACE] v=1 pid=3752878 tid=3752878 inv=26 hid=a1b044e660229c3b depth=3 name=chip.run.runner_run.device_wall.sched ts=13896 dur=7053817 clk=dev
[mono_ns=82110715103110][T0x789d971ad740][TIMING] emit_host_span: [STRACE] v=1 pid=3752878 tid=3752878 inv=26 hid=a1b044e660229c3b depth=1 name=chip.run.claim_release ts=82110715102589 dur=181 
[mono_ns=82110715104572][T0x789d971ad740][TIMING] emit_host_span: [STRACE] v=1 pid=3752878 tid=3752878 inv=26 hid=a1b044e660229c3b depth=0 name=chip.run ts=82110596680527 dur=118423685 run_id=0 dispatch_id=0 slot_id=0 generation=26 run_epoch=26
[mono_ns=82110826437384][T0x789d971ad740][TIMING] emit_host_span: [STRACE] v=1 pid=3752878 tid=3752878 inv=27 hid=a1b044e660229c3b depth=2 name=chip.run.bind.args ts=82110715580797 dur=110852931 
[mono_ns=82110826459046][T0x789d971ad740][TIMING] emit_host_span: [STRACE] v=1 pid=3752878 tid=3752878 inv=27 hid=a1b044e660229c3b depth=2 name=chip.run.bind.prebuilt ts=82110826454510 dur=4216 
[mono_ns=82110826460629][T0x789d971ad740][TIMING] emit_host_span: [STRACE] v=1 pid=3752878 tid=3752878 inv=27 hid=a1b044e660229c3b depth=1 name=chip.run.bind ts=82110715575629 dur=110884609 
[mono_ns=82110831237328][T0x789d971ad740][WARN] prepare_execution: [device_runner.cpp:342] AICPU CPU_TOPO unavailable; using json_fallback: soc=Ascend950PR_9579 occupy=0x3e stable_reachable=5 requested=0 effective=5 affinity=[1, 2, 3, 4, 5(orch)]
[mono_ns=82110838569824][T0x789d971ad740][TIMING] emit_host_span: [STRACE] v=1 pid=3752878 tid=3752878 inv=27 hid=a1b044e660229c3b depth=1 name=chip.run.runner_run ts=82110831295075 dur=7273958 
[mono_ns=82110838842834][T0x789d971ad740][TIMING] emit_host_span: [STRACE] v=1 pid=3752878 tid=3752878 inv=27 hid=a1b044e660229c3b depth=1 name=chip.run.validate ts=82110838573429 dur=269054 
[mono_ns=82110838844486][T0x789d971ad740][TIMING] emit_host_span: [STRACE] v=1 pid=3752878 tid=3752878 inv=27 hid=a1b044e660229c3b depth=2 name=chip.run.runner_run.device_wall ts=0 dur=7077678 clk=dev
[mono_ns=82110838845838][T0x789d971ad740][TIMING] emit_host_span: [STRACE] v=1 pid=3752878 tid=3752878 inv=27 hid=a1b044e660229c3b depth=3 name=chip.run.runner_run.device_wall.preamble ts=0 dur=13859 clk=dev
[mono_ns=82110838846649][T0x789d971ad740][TIMING] emit_host_span: [STRACE] v=1 pid=3752878 tid=3752878 inv=27 hid=a1b044e660229c3b depth=3 name=chip.run.runner_run.device_wall.graph_build ts=3438 dur=7068823 clk=dev
[mono_ns=82110838847350][T0x789d971ad740][TIMING] emit_host_span: [STRACE] v=1 pid=3752878 tid=3752878 inv=27 hid=a1b044e660229c3b depth=3 name=chip.run.runner_run.device_wall.config_validate ts=4080 dur=1382 clk=dev
[mono_ns=82110838848081][T0x789d971ad740][TIMING] emit_host_span: [STRACE] v=1 pid=3752878 tid=3752878 inv=27 hid=a1b044e660229c3b depth=3 name=chip.run.runner_run.device_wall.arena_wire ts=5486 dur=2784 clk=dev
[mono_ns=82110838848772][T0x789d971ad740][TIMING] emit_host_span: [STRACE] v=1 pid=3752878 tid=3752878 inv=27 hid=a1b044e660229c3b depth=3 name=chip.run.runner_run.device_wall.sm_reset ts=8336 dur=3475 clk=dev
[mono_ns=82110838849463][T0x789d971ad740][TIMING] emit_host_span: [STRACE] v=1 pid=3752878 tid=3752878 inv=27 hid=a1b044e660229c3b depth=3 name=chip.run.runner_run.device_wall.post_orch ts=7072519 dur=4717 clk=dev
[mono_ns=82110838850185][T0x789d971ad740][TIMING] emit_host_span: [STRACE] v=1 pid=3752878 tid=3752878 inv=27 hid=a1b044e660229c3b depth=3 name=chip.run.runner_run.device_wall.orch ts=12116 dur=6002981 clk=dev
[mono_ns=82110838850886][T0x789d971ad740][TIMING] emit_host_span: [STRACE] v=1 pid=3752878 tid=3752878 inv=27 hid=a1b044e660229c3b depth=3 name=chip.run.runner_run.device_wall.sched ts=13881 dur=7044572 clk=dev
[mono_ns=82110838851917][T0x789d971ad740][TIMING] emit_host_span: [STRACE] v=1 pid=3752878 tid=3752878 inv=27 hid=a1b044e660229c3b depth=1 name=chip.run.claim_release ts=82110838851577 dur=90 
[mono_ns=82110838853289][T0x789d971ad740][TIMING] emit_host_span: [STRACE] v=1 pid=3752878 tid=3752878 inv=27 hid=a1b044e660229c3b depth=0 name=chip.run ts=82110715570872 dur=123282067 run_id=0 dispatch_id=0 slot_id=0 generation=27 run_epoch=27
[mono_ns=82110954198994][T0x789d971ad740][TIMING] emit_host_span: [STRACE] v=1 pid=3752878 tid=3752878 inv=28 hid=a1b044e660229c3b depth=2 name=chip.run.bind.args ts=82110839217957 dur=114978593 
[mono_ns=82110954213846][T0x789d971ad740][TIMING] emit_host_span: [STRACE] v=1 pid=3752878 tid=3752878 inv=28 hid=a1b044e660229c3b depth=2 name=chip.run.bind.prebuilt ts=82110954209720 dur=3685 
[mono_ns=82110954215348][T0x789d971ad740][TIMING] emit_host_span: [STRACE] v=1 pid=3752878 tid=3752878 inv=28 hid=a1b044e660229c3b depth=1 name=chip.run.bind ts=82110839213420 dur=115001528 
[mono_ns=82110958941562][T0x789d971ad740][WARN] prepare_execution: [device_runner.cpp:342] AICPU CPU_TOPO unavailable; using json_fallback: soc=Ascend950PR_9579 occupy=0x3e stable_reachable=5 requested=0 effective=5 affinity=[1, 2, 3, 4, 5(orch)]
[mono_ns=82110966349821][T0x789d971ad740][TIMING] emit_host_span: [STRACE] v=1 pid=3752878 tid=3752878 inv=28 hid=a1b044e660229c3b depth=1 name=chip.run.runner_run ts=82110958996344 dur=7352776 
[mono_ns=82110966659406][T0x789d971ad740][TIMING] emit_host_span: [STRACE] v=1 pid=3752878 tid=3752878 inv=28 hid=a1b044e660229c3b depth=1 name=chip.run.validate ts=82110966352866 dur=306229 
[mono_ns=82110966661339][T0x789d971ad740][TIMING] emit_host_span: [STRACE] v=1 pid=3752878 tid=3752878 inv=28 hid=a1b044e660229c3b depth=2 name=chip.run.runner_run.device_wall ts=0 dur=7164107 clk=dev
[mono_ns=82110966662631][T0x789d971ad740][TIMING] emit_host_span: [STRACE] v=1 pid=3752878 tid=3752878 inv=28 hid=a1b044e660229c3b depth=3 name=chip.run.runner_run.device_wall.preamble ts=0 dur=13817 clk=dev
[mono_ns=82110966663512][T0x789d971ad740][TIMING] emit_host_span: [STRACE] v=1 pid=3752878 tid=3752878 inv=28 hid=a1b044e660229c3b depth=3 name=chip.run.runner_run.device_wall.graph_build ts=3381 dur=7155570 clk=dev
[mono_ns=82110966664273][T0x789d971ad740][TIMING] emit_host_span: [STRACE] v=1 pid=3752878 tid=3752878 inv=28 hid=a1b044e660229c3b depth=3 name=chip.run.runner_run.device_wall.config_validate ts=3802 dur=1236 clk=dev
[mono_ns=82110966664984][T0x789d971ad740][TIMING] emit_host_span: [STRACE] v=1 pid=3752878 tid=3752878 inv=28 hid=a1b044e660229c3b depth=3 name=chip.run.runner_run.device_wall.arena_wire ts=5063 dur=3455 clk=dev
[mono_ns=82110966665665][T0x789d971ad740][TIMING] emit_host_span: [STRACE] v=1 pid=3752878 tid=3752878 inv=28 hid=a1b044e660229c3b depth=3 name=chip.run.runner_run.device_wall.sm_reset ts=8531 dur=3584 clk=dev
[mono_ns=82110966666366][T0x789d971ad740][TIMING] emit_host_span: [STRACE] v=1 pid=3752878 tid=3752878 inv=28 hid=a1b044e660229c3b depth=3 name=chip.run.runner_run.device_wall.post_orch ts=7159199 dur=4536 clk=dev
[mono_ns=82110966667087][T0x789d971ad740][TIMING] emit_host_span: [STRACE] v=1 pid=3752878 tid=3752878 inv=28 hid=a1b044e660229c3b depth=3 name=chip.run.runner_run.device_wall.orch ts=12194 dur=6050265 clk=dev
[mono_ns=82110966667788][T0x789d971ad740][TIMING] emit_host_span: [STRACE] v=1 pid=3752878 tid=3752878 inv=28 hid=a1b044e660229c3b depth=3 name=chip.run.runner_run.device_wall.sched ts=13884 dur=7129554 clk=dev
[mono_ns=82110966668950][T0x789d971ad740][TIMING] emit_host_span: [STRACE] v=1 pid=3752878 tid=3752878 inv=28 hid=a1b044e660229c3b depth=1 name=chip.run.claim_release ts=82110966668520 dur=70 
[mono_ns=82110966670302][T0x789d971ad740][TIMING] emit_host_span: [STRACE] v=1 pid=3752878 tid=3752878 inv=28 hid=a1b044e660229c3b depth=0 name=chip.run ts=82110839208993 dur=127460909 run_id=0 dispatch_id=0 slot_id=0 generation=28 run_epoch=28
[mono_ns=82111074053646][T0x789d971ad740][TIMING] emit_host_span: [STRACE] v=1 pid=3752878 tid=3752878 inv=29 hid=a1b044e660229c3b depth=2 name=chip.run.bind.args ts=82110967018575 dur=107032647 
[mono_ns=82111074066696][T0x789d971ad740][TIMING] emit_host_span: [STRACE] v=1 pid=3752878 tid=3752878 inv=29 hid=a1b044e660229c3b depth=2 name=chip.run.bind.prebuilt ts=82111074062850 dur=3485 
[mono_ns=82111074068068][T0x789d971ad740][TIMING] emit_host_span: [STRACE] v=1 pid=3752878 tid=3752878 inv=29 hid=a1b044e660229c3b depth=1 name=chip.run.bind ts=82110967013778 dur=107053939 
[mono_ns=82111081682937][T0x789d971ad740][WARN] prepare_execution: [device_runner.cpp:342] AICPU CPU_TOPO unavailable; using json_fallback: soc=Ascend950PR_9579 occupy=0x3e stable_reachable=5 requested=0 effective=5 affinity=[1, 2, 3, 4, 5(orch)]
[mono_ns=82111088910365][T0x789d971ad740][TIMING] emit_host_span: [STRACE] v=1 pid=3752878 tid=3752878 inv=29 hid=a1b044e660229c3b depth=1 name=chip.run.runner_run ts=82111081736517 dur=7173327 
[mono_ns=82111089203635][T0x789d971ad740][TIMING] emit_host_span: [STRACE] v=1 pid=3752878 tid=3752878 inv=29 hid=a1b044e660229c3b depth=1 name=chip.run.validate ts=82111088913359 dur=289895 
[mono_ns=82111089205498][T0x789d971ad740][TIMING] emit_host_span: [STRACE] v=1 pid=3752878 tid=3752878 inv=29 hid=a1b044e660229c3b depth=2 name=chip.run.runner_run.device_wall ts=0 dur=6989264 clk=dev
[mono_ns=82111089206639][T0x789d971ad740][TIMING] emit_host_span: [STRACE] v=1 pid=3752878 tid=3752878 inv=29 hid=a1b044e660229c3b depth=3 name=chip.run.runner_run.device_wall.preamble ts=0 dur=14523 clk=dev
[mono_ns=82111089207681][T0x789d971ad740][TIMING] emit_host_span: [STRACE] v=1 pid=3752878 tid=3752878 inv=29 hid=a1b044e660229c3b depth=3 name=chip.run.runner_run.device_wall.graph_build ts=3632 dur=6979763 clk=dev
[mono_ns=82111089208472][T0x789d971ad740][TIMING] emit_host_span: [STRACE] v=1 pid=3752878 tid=3752878 inv=29 hid=a1b044e660229c3b depth=3 name=chip.run.runner_run.device_wall.config_validate ts=4306 dur=1601 clk=dev
[mono_ns=82111089209193][T0x789d971ad740][TIMING] emit_host_span: [STRACE] v=1 pid=3752878 tid=3752878 inv=29 hid=a1b044e660229c3b depth=3 name=chip.run.runner_run.device_wall.arena_wire ts=6071 dur=2810 clk=dev
[mono_ns=82111089209894][T0x789d971ad740][TIMING] emit_host_span: [STRACE] v=1 pid=3752878 tid=3752878 inv=29 hid=a1b044e660229c3b depth=3 name=chip.run.runner_run.device_wall.sm_reset ts=8897 dur=3788 clk=dev
[mono_ns=82111089210585][T0x789d971ad740][TIMING] emit_host_span: [STRACE] v=1 pid=3752878 tid=3752878 inv=29 hid=a1b044e660229c3b depth=3 name=chip.run.runner_run.device_wall.post_orch ts=6983666 dur=4862 clk=dev
[mono_ns=82111089211296][T0x789d971ad740][TIMING] emit_host_span: [STRACE] v=1 pid=3752878 tid=3752878 inv=29 hid=a1b044e660229c3b depth=3 name=chip.run.runner_run.device_wall.orch ts=12722 dur=5938077 clk=dev
[mono_ns=82111089211997][T0x789d971ad740][TIMING] emit_host_span: [STRACE] v=1 pid=3752878 tid=3752878 inv=29 hid=a1b044e660229c3b depth=3 name=chip.run.runner_run.device_wall.sched ts=14912 dur=6952442 clk=dev
[mono_ns=82111089213059][T0x789d971ad740][TIMING] emit_host_span: [STRACE] v=1 pid=3752878 tid=3752878 inv=29 hid=a1b044e660229c3b depth=1 name=chip.run.claim_release ts=82111089212638 dur=71 
[mono_ns=82111089214631][T0x789d971ad740][TIMING] emit_host_span: [STRACE] v=1 pid=3752878 tid=3752878 inv=29 hid=a1b044e660229c3b depth=0 name=chip.run ts=82110967008380 dur=122205901 run_id=0 dispatch_id=0 slot_id=0 generation=29 run_epoch=29
[mono_ns=82111200490588][T0x789d971ad740][TIMING] emit_host_span: [STRACE] v=1 pid=3752878 tid=3752878 inv=30 hid=a1b044e660229c3b depth=2 name=chip.run.bind.args ts=82111089546670 dur=110941654 
[mono_ns=82111200503307][T0x789d971ad740][TIMING] emit_host_span: [STRACE] v=1 pid=3752878 tid=3752878 inv=30 hid=a1b044e660229c3b depth=2 name=chip.run.bind.prebuilt ts=82111200499511 dur=3455 
[mono_ns=82111200504669][T0x789d971ad740][TIMING] emit_host_span: [STRACE] v=1 pid=3752878 tid=3752878 inv=30 hid=a1b044e660229c3b depth=1 name=chip.run.bind ts=82111089542634 dur=110961684 
[mono_ns=82111205239515][T0x789d971ad740][WARN] prepare_execution: [device_runner.cpp:342] AICPU CPU_TOPO unavailable; using json_fallback: soc=Ascend950PR_9579 occupy=0x3e stable_reachable=5 requested=0 effective=5 affinity=[1, 2, 3, 4, 5(orch)]
[mono_ns=82111212514024][T0x789d971ad740][TIMING] emit_host_span: [STRACE] v=1 pid=3752878 tid=3752878 inv=30 hid=a1b044e660229c3b depth=1 name=chip.run.runner_run ts=82111205288779 dur=7224544 
[mono_ns=82111212794134][T0x789d971ad740][TIMING] emit_host_span: [STRACE] v=1 pid=3752878 tid=3752878 inv=30 hid=a1b044e660229c3b depth=1 name=chip.run.validate ts=82111212517028 dur=276666 
[mono_ns=82111212795827][T0x789d971ad740][TIMING] emit_host_span: [STRACE] v=1 pid=3752878 tid=3752878 inv=30 hid=a1b044e660229c3b depth=2 name=chip.run.runner_run.device_wall ts=0 dur=7040513 clk=dev
[mono_ns=82111212796949][T0x789d971ad740][TIMING] emit_host_span: [STRACE] v=1 pid=3752878 tid=3752878 inv=30 hid=a1b044e660229c3b depth=3 name=chip.run.runner_run.device_wall.preamble ts=0 dur=14439 clk=dev
[mono_ns=82111212797900][T0x789d971ad740][TIMING] emit_host_span: [STRACE] v=1 pid=3752878 tid=3752878 inv=30 hid=a1b044e660229c3b depth=3 name=chip.run.runner_run.device_wall.graph_build ts=3139 dur=7031876 clk=dev
[mono_ns=82111212798621][T0x789d971ad740][TIMING] emit_host_span: [STRACE] v=1 pid=3752878 tid=3752878 inv=30 hid=a1b044e660229c3b depth=3 name=chip.run.runner_run.device_wall.config_validate ts=3521 dur=1486 clk=dev
[mono_ns=82111212799522][T0x789d971ad740][TIMING] emit_host_span: [STRACE] v=1 pid=3752878 tid=3752878 inv=30 hid=a1b044e660229c3b depth=3 name=chip.run.runner_run.device_wall.arena_wire ts=5032 dur=3056 clk=dev
[mono_ns=82111212800213][T0x789d971ad740][TIMING] emit_host_span: [STRACE] v=1 pid=3752878 tid=3752878 inv=30 hid=a1b044e660229c3b depth=3 name=chip.run.runner_run.device_wall.sm_reset ts=8106 dur=3089 clk=dev
[mono_ns=82111212800914][T0x789d971ad740][TIMING] emit_host_span: [STRACE] v=1 pid=3752878 tid=3752878 inv=30 hid=a1b044e660229c3b depth=3 name=chip.run.runner_run.device_wall.post_orch ts=7035043 dur=4761 clk=dev
[mono_ns=82111212802146][T0x789d971ad740][TIMING] emit_host_span: [STRACE] v=1 pid=3752878 tid=3752878 inv=30 hid=a1b044e660229c3b depth=3 name=chip.run.runner_run.device_wall.orch ts=11233 dur=6073446 clk=dev
[mono_ns=82111212802907][T0x789d971ad740][TIMING] emit_host_span: [STRACE] v=1 pid=3752878 tid=3752878 inv=30 hid=a1b044e660229c3b depth=3 name=chip.run.runner_run.device_wall.sched ts=14476 dur=7004610 clk=dev
[mono_ns=82111212804019][T0x789d971ad740][TIMING] emit_host_span: [STRACE] v=1 pid=3752878 tid=3752878 inv=30 hid=a1b044e660229c3b depth=1 name=chip.run.claim_release ts=82111212803608 dur=71 
[mono_ns=82111212805391][T0x789d971ad740][TIMING] emit_host_span: [STRACE] v=1 pid=3752878 tid=3752878 inv=30 hid=a1b044e660229c3b depth=0 name=chip.run ts=82111089537887 dur=123267124 run_id=0 dispatch_id=0 slot_id=0 generation=30 run_epoch=30
[mono_ns=82111320124408][T0x789d971ad740][TIMING] emit_host_span: [STRACE] v=1 pid=3752878 tid=3752878 inv=31 hid=a1b044e660229c3b depth=2 name=chip.run.bind.args ts=82111213162127 dur=106959968 
[mono_ns=82111320136086][T0x789d971ad740][TIMING] emit_host_span: [STRACE] v=1 pid=3752878 tid=3752878 inv=31 hid=a1b044e660229c3b depth=2 name=chip.run.bind.prebuilt ts=82111320132671 dur=3044 
[mono_ns=82111320137548][T0x789d971ad740][TIMING] emit_host_span: [STRACE] v=1 pid=3752878 tid=3752878 inv=31 hid=a1b044e660229c3b depth=1 name=chip.run.bind ts=82111213157990 dur=106979178 
[mono_ns=82111324867237][T0x789d971ad740][WARN] prepare_execution: [device_runner.cpp:342] AICPU CPU_TOPO unavailable; using json_fallback: soc=Ascend950PR_9579 occupy=0x3e stable_reachable=5 requested=0 effective=5 affinity=[1, 2, 3, 4, 5(orch)]
[mono_ns=82111332093072][T0x789d971ad740][TIMING] emit_host_span: [STRACE] v=1 pid=3752878 tid=3752878 inv=31 hid=a1b044e660229c3b depth=1 name=chip.run.runner_run ts=82111324909821 dur=7182630 
[mono_ns=82111332375626][T0x789d971ad740][TIMING] emit_host_span: [STRACE] v=1 pid=3752878 tid=3752878 inv=31 hid=a1b044e660229c3b depth=1 name=chip.run.validate ts=82111332095766 dur=279540 
[mono_ns=82111332377499][T0x789d971ad740][TIMING] emit_host_span: [STRACE] v=1 pid=3752878 tid=3752878 inv=31 hid=a1b044e660229c3b depth=2 name=chip.run.runner_run.device_wall ts=0 dur=7004158 clk=dev
[mono_ns=82111332378591][T0x789d971ad740][TIMING] emit_host_span: [STRACE] v=1 pid=3752878 tid=3752878 inv=31 hid=a1b044e660229c3b depth=3 name=chip.run.runner_run.device_wall.preamble ts=0 dur=14883 clk=dev
[mono_ns=82111332379853][T0x789d971ad740][TIMING] emit_host_span: [STRACE] v=1 pid=3752878 tid=3752878 inv=31 hid=a1b044e660229c3b depth=3 name=chip.run.runner_run.device_wall.graph_build ts=3421 dur=6995928 clk=dev
[mono_ns=82111332380574][T0x789d971ad740][TIMING] emit_host_span: [STRACE] v=1 pid=3752878 tid=3752878 inv=31 hid=a1b044e660229c3b depth=3 name=chip.run.runner_run.device_wall.config_validate ts=3914 dur=1274 clk=dev
[mono_ns=82111332381265][T0x789d971ad740][TIMING] emit_host_span: [STRACE] v=1 pid=3752878 tid=3752878 inv=31 hid=a1b044e660229c3b depth=3 name=chip.run.runner_run.device_wall.arena_wire ts=5214 dur=3131 clk=dev
[mono_ns=82111332381956][T0x789d971ad740][TIMING] emit_host_span: [STRACE] v=1 pid=3752878 tid=3752878 inv=31 hid=a1b044e660229c3b depth=3 name=chip.run.runner_run.device_wall.sm_reset ts=8364 dur=3334 clk=dev
[mono_ns=82111332382647][T0x789d971ad740][TIMING] emit_host_span: [STRACE] v=1 pid=3752878 tid=3752878 inv=31 hid=a1b044e660229c3b depth=3 name=chip.run.runner_run.device_wall.post_orch ts=6999432 dur=4264 clk=dev
[mono_ns=82111332383358][T0x789d971ad740][TIMING] emit_host_span: [STRACE] v=1 pid=3752878 tid=3752878 inv=31 hid=a1b044e660229c3b depth=3 name=chip.run.runner_run.device_wall.orch ts=11783 dur=6070699 clk=dev
[mono_ns=82111332384059][T0x789d971ad740][TIMING] emit_host_span: [STRACE] v=1 pid=3752878 tid=3752878 inv=31 hid=a1b044e660229c3b depth=3 name=chip.run.runner_run.device_wall.sched ts=14878 dur=6968399 clk=dev
[mono_ns=82111332385021][T0x789d971ad740][TIMING] emit_host_span: [STRACE] v=1 pid=3752878 tid=3752878 inv=31 hid=a1b044e660229c3b depth=1 name=chip.run.claim_release ts=82111332384590 dur=80 
[mono_ns=82111332386493][T0x789d971ad740][TIMING] emit_host_span: [STRACE] v=1 pid=3752878 tid=3752878 inv=31 hid=a1b044e660229c3b depth=0 name=chip.run ts=82111213153794 dur=119232338 run_id=0 dispatch_id=0 slot_id=0 generation=31 run_epoch=31
[mono_ns=82111439528624][T0x789d971ad740][TIMING] emit_host_span: [STRACE] v=1 pid=3752878 tid=3752878 inv=32 hid=a1b044e660229c3b depth=2 name=chip.run.bind.args ts=82111332747054 dur=106779337 
[mono_ns=82111439541904][T0x789d971ad740][TIMING] emit_host_span: [STRACE] v=1 pid=3752878 tid=3752878 inv=32 hid=a1b044e660229c3b depth=2 name=chip.run.bind.prebuilt ts=82111439538129 dur=3395 
[mono_ns=82111439543347][T0x789d971ad740][TIMING] emit_host_span: [STRACE] v=1 pid=3752878 tid=3752878 inv=32 hid=a1b044e660229c3b depth=1 name=chip.run.bind ts=82111332742998 dur=106799988 
[mono_ns=82111444274297][T0x789d971ad740][WARN] prepare_execution: [device_runner.cpp:342] AICPU CPU_TOPO unavailable; using json_fallback: soc=Ascend950PR_9579 occupy=0x3e stable_reachable=5 requested=0 effective=5 affinity=[1, 2, 3, 4, 5(orch)]
[mono_ns=82111451608986][T0x789d971ad740][TIMING] emit_host_span: [STRACE] v=1 pid=3752878 tid=3752878 inv=32 hid=a1b044e660229c3b depth=1 name=chip.run.runner_run ts=82111444312184 dur=7296021 
[mono_ns=82111451904019][T0x789d971ad740][TIMING] emit_host_span: [STRACE] v=1 pid=3752878 tid=3752878 inv=32 hid=a1b044e660229c3b depth=1 name=chip.run.validate ts=82111451612451 dur=291097 
[mono_ns=82111451905641][T0x789d971ad740][TIMING] emit_host_span: [STRACE] v=1 pid=3752878 tid=3752878 inv=32 hid=a1b044e660229c3b depth=2 name=chip.run.runner_run.device_wall ts=0 dur=7113624 clk=dev
[mono_ns=82111451906753][T0x789d971ad740][TIMING] emit_host_span: [STRACE] v=1 pid=3752878 tid=3752878 inv=32 hid=a1b044e660229c3b depth=3 name=chip.run.runner_run.device_wall.preamble ts=0 dur=14633 clk=dev
[mono_ns=82111451907735][T0x789d971ad740][TIMING] emit_host_span: [STRACE] v=1 pid=3752878 tid=3752878 inv=32 hid=a1b044e660229c3b depth=3 name=chip.run.runner_run.device_wall.graph_build ts=3667 dur=7104213 clk=dev
[mono_ns=82111451908646][T0x789d971ad740][TIMING] emit_host_span: [STRACE] v=1 pid=3752878 tid=3752878 inv=32 hid=a1b044e660229c3b depth=3 name=chip.run.runner_run.device_wall.config_validate ts=4124 dur=1127 clk=dev
[mono_ns=82111451909337][T0x789d971ad740][TIMING] emit_host_span: [STRACE] v=1 pid=3752878 tid=3752878 inv=32 hid=a1b044e660229c3b depth=3 name=chip.run.runner_run.device_wall.arena_wire ts=5314 dur=2762 clk=dev
[mono_ns=82111451910018][T0x789d971ad740][TIMING] emit_host_span: [STRACE] v=1 pid=3752878 tid=3752878 inv=32 hid=a1b044e660229c3b depth=3 name=chip.run.runner_run.device_wall.sm_reset ts=8093 dur=3598 clk=dev
[mono_ns=82111451910709][T0x789d971ad740][TIMING] emit_host_span: [STRACE] v=1 pid=3752878 tid=3752878 inv=32 hid=a1b044e660229c3b depth=3 name=chip.run.runner_run.device_wall.post_orch ts=7108264 dur=4974 clk=dev
[mono_ns=82111451911400][T0x789d971ad740][TIMING] emit_host_span: [STRACE] v=1 pid=3752878 tid=3752878 inv=32 hid=a1b044e660229c3b depth=3 name=chip.run.runner_run.device_wall.orch ts=11729 dur=6039337 clk=dev
[mono_ns=82111451912101][T0x789d971ad740][TIMING] emit_host_span: [STRACE] v=1 pid=3752878 tid=3752878 inv=32 hid=a1b044e660229c3b depth=3 name=chip.run.runner_run.device_wall.sched ts=14704 dur=7079222 clk=dev
[mono_ns=82111451913313][T0x789d971ad740][TIMING] emit_host_span: [STRACE] v=1 pid=3752878 tid=3752878 inv=32 hid=a1b044e660229c3b depth=1 name=chip.run.claim_release ts=82111451912982 dur=91 
[mono_ns=82111451914775][T0x789d971ad740][TIMING] emit_host_span: [STRACE] v=1 pid=3752878 tid=3752878 inv=32 hid=a1b044e660229c3b depth=0 name=chip.run ts=82111332738080 dur=119176315 run_id=0 dispatch_id=0 slot_id=0 generation=32 run_epoch=32
[mono_ns=82111559037237][T0x789d971ad740][TIMING] emit_host_span: [STRACE] v=1 pid=3752878 tid=3752878 inv=33 hid=a1b044e660229c3b depth=2 name=chip.run.bind.args ts=82111452261345 dur=106772537 
[mono_ns=82111559051679][T0x789d971ad740][TIMING] emit_host_span: [STRACE] v=1 pid=3752878 tid=3752878 inv=33 hid=a1b044e660229c3b depth=2 name=chip.run.bind.prebuilt ts=82111559047913 dur=3355 
[mono_ns=82111559053131][T0x789d971ad740][TIMING] emit_host_span: [STRACE] v=1 pid=3752878 tid=3752878 inv=33 hid=a1b044e660229c3b depth=1 name=chip.run.bind ts=82111452256808 dur=106795933 
[mono_ns=82111563732024][T0x789d971ad740][WARN] prepare_execution: [device_runner.cpp:342] AICPU CPU_TOPO unavailable; using json_fallback: soc=Ascend950PR_9579 occupy=0x3e stable_reachable=5 requested=0 effective=5 affinity=[1, 2, 3, 4, 5(orch)]
[mono_ns=82111571040523][T0x789d971ad740][TIMING] emit_host_span: [STRACE] v=1 pid=3752878 tid=3752878 inv=33 hid=a1b044e660229c3b depth=1 name=chip.run.runner_run ts=82111563772144 dur=7267788 
[mono_ns=82111571337329][T0x789d971ad740][TIMING] emit_host_span: [STRACE] v=1 pid=3752878 tid=3752878 inv=33 hid=a1b044e660229c3b depth=1 name=chip.run.validate ts=82111571043528 dur=293480 
[mono_ns=82111571339111][T0x789d971ad740][TIMING] emit_host_span: [STRACE] v=1 pid=3752878 tid=3752878 inv=33 hid=a1b044e660229c3b depth=2 name=chip.run.runner_run.device_wall ts=0 dur=7080880 clk=dev
[mono_ns=82111571340083][T0x789d971ad740][TIMING] emit_host_span: [STRACE] v=1 pid=3752878 tid=3752878 inv=33 hid=a1b044e660229c3b depth=3 name=chip.run.runner_run.device_wall.preamble ts=0 dur=14033 clk=dev
[mono_ns=82111571340884][T0x789d971ad740][TIMING] emit_host_span: [STRACE] v=1 pid=3752878 tid=3752878 inv=33 hid=a1b044e660229c3b depth=3 name=chip.run.runner_run.device_wall.graph_build ts=3249 dur=7072141 clk=dev
[mono_ns=82111571341645][T0x789d971ad740][TIMING] emit_host_span: [STRACE] v=1 pid=3752878 tid=3752878 inv=33 hid=a1b044e660229c3b depth=3 name=chip.run.runner_run.device_wall.config_validate ts=3578 dur=1244 clk=dev
[mono_ns=82111571342346][T0x789d971ad740][TIMING] emit_host_span: [STRACE] v=1 pid=3752878 tid=3752878 inv=33 hid=a1b044e660229c3b depth=3 name=chip.run.runner_run.device_wall.arena_wire ts=4856 dur=2661 clk=dev
[mono_ns=82111571343037][T0x789d971ad740][TIMING] emit_host_span: [STRACE] v=1 pid=3752878 tid=3752878 inv=33 hid=a1b044e660229c3b depth=3 name=chip.run.runner_run.device_wall.sm_reset ts=7545 dur=3262 clk=dev
[mono_ns=82111571343738][T0x789d971ad740][TIMING] emit_host_span: [STRACE] v=1 pid=3752878 tid=3752878 inv=33 hid=a1b044e660229c3b depth=3 name=chip.run.runner_run.device_wall.post_orch ts=7075646 dur=4811 clk=dev
[mono_ns=82111571344449][T0x789d971ad740][TIMING] emit_host_span: [STRACE] v=1 pid=3752878 tid=3752878 inv=33 hid=a1b044e660229c3b depth=3 name=chip.run.runner_run.device_wall.orch ts=10841 dur=5942921 clk=dev
[mono_ns=82111571345211][T0x789d971ad740][TIMING] emit_host_span: [STRACE] v=1 pid=3752878 tid=3752878 inv=33 hid=a1b044e660229c3b depth=3 name=chip.run.runner_run.device_wall.sched ts=14092 dur=7047510 clk=dev
[mono_ns=82111571346272][T0x789d971ad740][TIMING] emit_host_span: [STRACE] v=1 pid=3752878 tid=3752878 inv=33 hid=a1b044e660229c3b depth=1 name=chip.run.claim_release ts=82111571345962 dur=80 
[mono_ns=82111571348175][T0x789d971ad740][TIMING] emit_host_span: [STRACE] v=1 pid=3752878 tid=3752878 inv=33 hid=a1b044e660229c3b depth=0 name=chip.run ts=82111452251410 dur=119096384 run_id=0 dispatch_id=0 slot_id=0 generation=33 run_epoch=33
[mono_ns=82111678508374][T0x789d971ad740][TIMING] emit_host_span: [STRACE] v=1 pid=3752878 tid=3752878 inv=34 hid=a1b044e660229c3b depth=2 name=chip.run.bind.args ts=82111571675937 dur=106829883 
[mono_ns=82111678521043][T0x789d971ad740][TIMING] emit_host_span: [STRACE] v=1 pid=3752878 tid=3752878 inv=34 hid=a1b044e660229c3b depth=2 name=chip.run.bind.prebuilt ts=82111678517397 dur=3255 
[mono_ns=82111678522435][T0x789d971ad740][TIMING] emit_host_span: [STRACE] v=1 pid=3752878 tid=3752878 inv=34 hid=a1b044e660229c3b depth=1 name=chip.run.bind ts=82111571671600 dur=106850474 
[mono_ns=82111683198013][T0x789d971ad740][WARN] prepare_execution: [device_runner.cpp:342] AICPU CPU_TOPO unavailable; using json_fallback: soc=Ascend950PR_9579 occupy=0x3e stable_reachable=5 requested=0 effective=5 affinity=[1, 2, 3, 4, 5(orch)]
[mono_ns=82111690517228][T0x789d971ad740][TIMING] emit_host_span: [STRACE] v=1 pid=3752878 tid=3752878 inv=34 hid=a1b044e660229c3b depth=1 name=chip.run.runner_run ts=82111683247297 dur=7269230 
[mono_ns=82111690803097][T0x789d971ad740][TIMING] emit_host_span: [STRACE] v=1 pid=3752878 tid=3752878 inv=34 hid=a1b044e660229c3b depth=1 name=chip.run.validate ts=82111690520793 dur=281854 
[mono_ns=82111690804710][T0x789d971ad740][TIMING] emit_host_span: [STRACE] v=1 pid=3752878 tid=3752878 inv=34 hid=a1b044e660229c3b depth=2 name=chip.run.runner_run.device_wall ts=0 dur=7097148 clk=dev
[mono_ns=82111690805811][T0x789d971ad740][TIMING] emit_host_span: [STRACE] v=1 pid=3752878 tid=3752878 inv=34 hid=a1b044e660229c3b depth=3 name=chip.run.runner_run.device_wall.preamble ts=0 dur=14178 clk=dev
[mono_ns=82111690806893][T0x789d971ad740][TIMING] emit_host_span: [STRACE] v=1 pid=3752878 tid=3752878 inv=34 hid=a1b044e660229c3b depth=3 name=chip.run.runner_run.device_wall.graph_build ts=3621 dur=7088360 clk=dev
[mono_ns=82111690807664][T0x789d971ad740][TIMING] emit_host_span: [STRACE] v=1 pid=3752878 tid=3752878 inv=34 hid=a1b044e660229c3b depth=3 name=chip.run.runner_run.device_wall.config_validate ts=4235 dur=1204 clk=dev
[mono_ns=82111690808365][T0x789d971ad740][TIMING] emit_host_span: [STRACE] v=1 pid=3752878 tid=3752878 inv=34 hid=a1b044e660229c3b depth=3 name=chip.run.runner_run.device_wall.arena_wire ts=5472 dur=2340 clk=dev
[mono_ns=82111690809036][T0x789d971ad740][TIMING] emit_host_span: [STRACE] v=1 pid=3752878 tid=3752878 inv=34 hid=a1b044e660229c3b depth=3 name=chip.run.runner_run.device_wall.sm_reset ts=8083 dur=3438 clk=dev
[mono_ns=82111690809727][T0x789d971ad740][TIMING] emit_host_span: [STRACE] v=1 pid=3752878 tid=3752878 inv=34 hid=a1b044e660229c3b depth=3 name=chip.run.runner_run.device_wall.post_orch ts=7092009 dur=4779 clk=dev
[mono_ns=82111690810418][T0x789d971ad740][TIMING] emit_host_span: [STRACE] v=1 pid=3752878 tid=3752878 inv=34 hid=a1b044e660229c3b depth=3 name=chip.run.runner_run.device_wall.orch ts=11685 dur=5964751 clk=dev
[mono_ns=82111690811119][T0x789d971ad740][TIMING] emit_host_span: [STRACE] v=1 pid=3752878 tid=3752878 inv=34 hid=a1b044e660229c3b depth=3 name=chip.run.runner_run.device_wall.sched ts=14290 dur=7062334 clk=dev
[mono_ns=82111690812341][T0x789d971ad740][TIMING] emit_host_span: [STRACE] v=1 pid=3752878 tid=3752878 inv=34 hid=a1b044e660229c3b depth=1 name=chip.run.claim_release ts=82111690811770 dur=341 
[mono_ns=82111690814054][T0x789d971ad740][TIMING] emit_host_span: [STRACE] v=1 pid=3752878 tid=3752878 inv=34 hid=a1b044e660229c3b depth=0 name=chip.run ts=82111571667314 dur=119146379 run_id=0 dispatch_id=0 slot_id=0 generation=34 run_epoch=34
[mono_ns=82111797687131][T0x789d971ad740][TIMING] emit_host_span: [STRACE] v=1 pid=3752878 tid=3752878 inv=35 hid=a1b044e660229c3b depth=2 name=chip.run.bind.args ts=82111691153223 dur=106531465 
[mono_ns=82111797700421][T0x789d971ad740][TIMING] emit_host_span: [STRACE] v=1 pid=3752878 tid=3752878 inv=35 hid=a1b044e660229c3b depth=2 name=chip.run.bind.prebuilt ts=82111797696846 dur=3175 
[mono_ns=82111797701763][T0x789d971ad740][TIMING] emit_host_span: [STRACE] v=1 pid=3752878 tid=3752878 inv=35 hid=a1b044e660229c3b depth=1 name=chip.run.bind ts=82111691149036 dur=106552317 
[mono_ns=82111802407006][T0x789d971ad740][WARN] prepare_execution: [device_runner.cpp:342] AICPU CPU_TOPO unavailable; using json_fallback: soc=Ascend950PR_9579 occupy=0x3e stable_reachable=5 requested=0 effective=5 affinity=[1, 2, 3, 4, 5(orch)]
[mono_ns=82111809591008][T0x789d971ad740][TIMING] emit_host_span: [STRACE] v=1 pid=3752878 tid=3752878 inv=35 hid=a1b044e660229c3b depth=1 name=chip.run.runner_run ts=82111802461167 dur=7128990 
[mono_ns=82111809869076][T0x789d971ad740][TIMING] emit_host_span: [STRACE] v=1 pid=3752878 tid=3752878 inv=35 hid=a1b044e660229c3b depth=1 name=chip.run.validate ts=82111809593873 dur=274492 
[mono_ns=82111809871109][T0x789d971ad740][TIMING] emit_host_span: [STRACE] v=1 pid=3752878 tid=3752878 inv=35 hid=a1b044e660229c3b depth=2 name=chip.run.runner_run.device_wall ts=0 dur=6951582 clk=dev
[mono_ns=82111809872260][T0x789d971ad740][TIMING] emit_host_span: [STRACE] v=1 pid=3752878 tid=3752878 inv=35 hid=a1b044e660229c3b depth=3 name=chip.run.runner_run.device_wall.preamble ts=0 dur=13647 clk=dev
[mono_ns=82111809873202][T0x789d971ad740][TIMING] emit_host_span: [STRACE] v=1 pid=3752878 tid=3752878 inv=35 hid=a1b044e660229c3b depth=3 name=chip.run.runner_run.device_wall.graph_build ts=3588 dur=6942751 clk=dev
[mono_ns=82111809873993][T0x789d971ad740][TIMING] emit_host_span: [STRACE] v=1 pid=3752878 tid=3752878 inv=35 hid=a1b044e660229c3b depth=3 name=chip.run.runner_run.device_wall.config_validate ts=4321 dur=1263 clk=dev
[mono_ns=82111809874774][T0x789d971ad740][TIMING] emit_host_span: [STRACE] v=1 pid=3752878 tid=3752878 inv=35 hid=a1b044e660229c3b depth=3 name=chip.run.runner_run.device_wall.arena_wire ts=5617 dur=2818 clk=dev
[mono_ns=82111809875475][T0x789d971ad740][TIMING] emit_host_span: [STRACE] v=1 pid=3752878 tid=3752878 inv=35 hid=a1b044e660229c3b depth=3 name=chip.run.runner_run.device_wall.sm_reset ts=8452 dur=3156 clk=dev
[mono_ns=82111809876196][T0x789d971ad740][TIMING] emit_host_span: [STRACE] v=1 pid=3752878 tid=3752878 inv=35 hid=a1b044e660229c3b depth=3 name=chip.run.runner_run.device_wall.post_orch ts=6946357 dur=5064 clk=dev
[mono_ns=82111809876917][T0x789d971ad740][TIMING] emit_host_span: [STRACE] v=1 pid=3752878 tid=3752878 inv=35 hid=a1b044e660229c3b depth=3 name=chip.run.runner_run.device_wall.orch ts=11691 dur=5931583 clk=dev
[mono_ns=82111809877628][T0x789d971ad740][TIMING] emit_host_span: [STRACE] v=1 pid=3752878 tid=3752878 inv=35 hid=a1b044e660229c3b depth=3 name=chip.run.runner_run.device_wall.sched ts=13644 dur=6919699 clk=dev
[mono_ns=82111809878720][T0x789d971ad740][TIMING] emit_host_span: [STRACE] v=1 pid=3752878 tid=3752878 inv=35 hid=a1b044e660229c3b depth=1 name=chip.run.claim_release ts=82111809878330 dur=60 
[mono_ns=82111809880122][T0x789d971ad740][TIMING] emit_host_span: [STRACE] v=1 pid=3752878 tid=3752878 inv=35 hid=a1b044e660229c3b depth=0 name=chip.run ts=82111691144620 dur=118735102 run_id=0 dispatch_id=0 slot_id=0 generation=35 run_epoch=35
[mono_ns=82111916401021][T0x789d971ad740][TIMING] emit_host_span: [STRACE] v=1 pid=3752878 tid=3752878 inv=36 hid=a1b044e660229c3b depth=2 name=chip.run.bind.args ts=82111810224639 dur=106173979 
[mono_ns=82111916414171][T0x789d971ad740][TIMING] emit_host_span: [STRACE] v=1 pid=3752878 tid=3752878 inv=36 hid=a1b044e660229c3b depth=2 name=chip.run.bind.prebuilt ts=82111916410476 dur=3295 
[mono_ns=82111916415804][T0x789d971ad740][TIMING] emit_host_span: [STRACE] v=1 pid=3752878 tid=3752878 inv=36 hid=a1b044e660229c3b depth=1 name=chip.run.bind ts=82111810219622 dur=106195811 
[mono_ns=82111921162238][T0x789d971ad740][WARN] prepare_execution: [device_runner.cpp:342] AICPU CPU_TOPO unavailable; using json_fallback: soc=Ascend950PR_9579 occupy=0x3e stable_reachable=5 requested=0 effective=5 affinity=[1, 2, 3, 4, 5(orch)]
[mono_ns=82111928457077][T0x789d971ad740][TIMING] emit_host_span: [STRACE] v=1 pid=3752878 tid=3752878 inv=36 hid=a1b044e660229c3b depth=1 name=chip.run.runner_run ts=82111921218282 dur=7238084 
[mono_ns=82111928737477][T0x789d971ad740][TIMING] emit_host_span: [STRACE] v=1 pid=3752878 tid=3752878 inv=36 hid=a1b044e660229c3b depth=1 name=chip.run.validate ts=82111928459981 dur=277186 
[mono_ns=82111928739100][T0x789d971ad740][TIMING] emit_host_span: [STRACE] v=1 pid=3752878 tid=3752878 inv=36 hid=a1b044e660229c3b depth=2 name=chip.run.runner_run.device_wall ts=0 dur=7050265 clk=dev
[mono_ns=82111928740192][T0x789d971ad740][TIMING] emit_host_span: [STRACE] v=1 pid=3752878 tid=3752878 inv=36 hid=a1b044e660229c3b depth=3 name=chip.run.runner_run.device_wall.preamble ts=0 dur=13565 clk=dev
[mono_ns=82111928741113][T0x789d971ad740][TIMING] emit_host_span: [STRACE] v=1 pid=3752878 tid=3752878 inv=36 hid=a1b044e660229c3b depth=3 name=chip.run.runner_run.device_wall.graph_build ts=3612 dur=7041678 clk=dev
[mono_ns=82111928741884][T0x789d971ad740][TIMING] emit_host_span: [STRACE] v=1 pid=3752878 tid=3752878 inv=36 hid=a1b044e660229c3b depth=3 name=chip.run.runner_run.device_wall.config_validate ts=4218 dur=1504 clk=dev
[mono_ns=82111928742575][T0x789d971ad740][TIMING] emit_host_span: [STRACE] v=1 pid=3752878 tid=3752878 inv=36 hid=a1b044e660229c3b depth=3 name=chip.run.runner_run.device_wall.arena_wire ts=5755 dur=2541 clk=dev
[mono_ns=82111928743256][T0x789d971ad740][TIMING] emit_host_span: [STRACE] v=1 pid=3752878 tid=3752878 inv=36 hid=a1b044e660229c3b depth=3 name=chip.run.runner_run.device_wall.sm_reset ts=8311 dur=4008 clk=dev
[mono_ns=82111928743947][T0x789d971ad740][TIMING] emit_host_span: [STRACE] v=1 pid=3752878 tid=3752878 inv=36 hid=a1b044e660229c3b depth=3 name=chip.run.runner_run.device_wall.post_orch ts=7045554 dur=4580 clk=dev
[mono_ns=82111928744648][T0x789d971ad740][TIMING] emit_host_span: [STRACE] v=1 pid=3752878 tid=3752878 inv=36 hid=a1b044e660229c3b depth=3 name=chip.run.runner_run.device_wall.orch ts=12403 dur=5984298 clk=dev
[mono_ns=82111928745359][T0x789d971ad740][TIMING] emit_host_span: [STRACE] v=1 pid=3752878 tid=3752878 inv=36 hid=a1b044e660229c3b depth=3 name=chip.run.runner_run.device_wall.sched ts=13885 dur=7015440 clk=dev
[mono_ns=82111928746331][T0x789d971ad740][TIMING] emit_host_span: [STRACE] v=1 pid=3752878 tid=3752878 inv=36 hid=a1b044e660229c3b depth=1 name=chip.run.claim_release ts=82111928746020 dur=80 
[mono_ns=82111928747793][T0x789d971ad740][TIMING] emit_host_span: [STRACE] v=1 pid=3752878 tid=3752878 inv=36 hid=a1b044e660229c3b depth=0 name=chip.run ts=82111810215656 dur=118531746 run_id=0 dispatch_id=0 slot_id=0 generation=36 run_epoch=36
[mono_ns=82112035460921][T0x789d971ad740][TIMING] emit_host_span: [STRACE] v=1 pid=3752878 tid=3752878 inv=37 hid=a1b044e660229c3b depth=2 name=chip.run.bind.args ts=82111929109356 dur=106348871 
[mono_ns=82112035474792][T0x789d971ad740][TIMING] emit_host_span: [STRACE] v=1 pid=3752878 tid=3752878 inv=37 hid=a1b044e660229c3b depth=2 name=chip.run.bind.prebuilt ts=82112035471166 dur=3345 
[mono_ns=82112035476324][T0x789d971ad740][TIMING] emit_host_span: [STRACE] v=1 pid=3752878 tid=3752878 inv=37 hid=a1b044e660229c3b depth=1 name=chip.run.bind ts=82111929104729 dur=106371234 
[mono_ns=82112040611501][T0x789d971ad740][WARN] prepare_execution: [device_runner.cpp:342] AICPU CPU_TOPO unavailable; using json_fallback: soc=Ascend950PR_9579 occupy=0x3e stable_reachable=5 requested=0 effective=5 affinity=[1, 2, 3, 4, 5(orch)]
[mono_ns=82112047973972][T0x789d971ad740][TIMING] emit_host_span: [STRACE] v=1 pid=3752878 tid=3752878 inv=37 hid=a1b044e660229c3b depth=1 name=chip.run.runner_run ts=82112040665482 dur=7307859 
[mono_ns=82112048257237][T0x789d971ad740][TIMING] emit_host_span: [STRACE] v=1 pid=3752878 tid=3752878 inv=37 hid=a1b044e660229c3b depth=1 name=chip.run.validate ts=82112047976896 dur=279980 
[mono_ns=82112048259591][T0x789d971ad740][TIMING] emit_host_span: [STRACE] v=1 pid=3752878 tid=3752878 inv=37 hid=a1b044e660229c3b depth=2 name=chip.run.runner_run.device_wall ts=0 dur=7116074 clk=dev
[mono_ns=82112048260672][T0x789d971ad740][TIMING] emit_host_span: [STRACE] v=1 pid=3752878 tid=3752878 inv=37 hid=a1b044e660229c3b depth=3 name=chip.run.runner_run.device_wall.preamble ts=0 dur=13684 clk=dev
[mono_ns=82112048261564][T0x789d971ad740][TIMING] emit_host_span: [STRACE] v=1 pid=3752878 tid=3752878 inv=37 hid=a1b044e660229c3b depth=3 name=chip.run.runner_run.device_wall.graph_build ts=3537 dur=7106786 clk=dev
[mono_ns=82112048262285][T0x789d971ad740][TIMING] emit_host_span: [STRACE] v=1 pid=3752878 tid=3752878 inv=37 hid=a1b044e660229c3b depth=3 name=chip.run.runner_run.device_wall.config_validate ts=3904 dur=1012 clk=dev
[mono_ns=82112048262996][T0x789d971ad740][TIMING] emit_host_span: [STRACE] v=1 pid=3752878 tid=3752878 inv=37 hid=a1b044e660229c3b depth=3 name=chip.run.runner_run.device_wall.arena_wire ts=4947 dur=2230 clk=dev
[mono_ns=82112048263897][T0x789d971ad740][TIMING] emit_host_span: [STRACE] v=1 pid=3752878 tid=3752878 inv=37 hid=a1b044e660229c3b depth=3 name=chip.run.runner_run.device_wall.sm_reset ts=7189 dur=3254 clk=dev
[mono_ns=82112048264618][T0x789d971ad740][TIMING] emit_host_span: [STRACE] v=1 pid=3752878 tid=3752878 inv=37 hid=a1b044e660229c3b depth=3 name=chip.run.runner_run.device_wall.post_orch ts=7110743 dur=4630 clk=dev
[mono_ns=82112048265319][T0x789d971ad740][TIMING] emit_host_span: [STRACE] v=1 pid=3752878 tid=3752878 inv=37 hid=a1b044e660229c3b depth=3 name=chip.run.runner_run.device_wall.orch ts=10629 dur=6003313 clk=dev
[mono_ns=82112048266010][T0x789d971ad740][TIMING] emit_host_span: [STRACE] v=1 pid=3752878 tid=3752878 inv=37 hid=a1b044e660229c3b depth=3 name=chip.run.runner_run.device_wall.sched ts=13796 dur=7080386 clk=dev
[mono_ns=82112048267322][T0x789d971ad740][TIMING] emit_host_span: [STRACE] v=1 pid=3752878 tid=3752878 inv=37 hid=a1b044e660229c3b depth=1 name=chip.run.claim_release ts=82112048266912 dur=70 
[mono_ns=82112048268714][T0x789d971ad740][TIMING] emit_host_span: [STRACE] v=1 pid=3752878 tid=3752878 inv=37 hid=a1b044e660229c3b depth=0 name=chip.run ts=82111929100122 dur=119168232 run_id=0 dispatch_id=0 slot_id=0 generation=37 run_epoch=37
[mono_ns=82112154701321][T0x789d971ad740][TIMING] emit_host_span: [STRACE] v=1 pid=3752878 tid=3752878 inv=38 hid=a1b044e660229c3b depth=2 name=chip.run.bind.args ts=82112048604929 dur=106093828 
[mono_ns=82112154715142][T0x789d971ad740][TIMING] emit_host_span: [STRACE] v=1 pid=3752878 tid=3752878 inv=38 hid=a1b044e660229c3b depth=2 name=chip.run.bind.prebuilt ts=82112154710835 dur=3916 
[mono_ns=82112154716604][T0x789d971ad740][TIMING] emit_host_span: [STRACE] v=1 pid=3752878 tid=3752878 inv=38 hid=a1b044e660229c3b depth=1 name=chip.run.bind ts=82112048600592 dur=106115581 
[mono_ns=82112159797720][T0x789d971ad740][WARN] prepare_execution: [device_runner.cpp:342] AICPU CPU_TOPO unavailable; using json_fallback: soc=Ascend950PR_9579 occupy=0x3e stable_reachable=5 requested=0 effective=5 affinity=[1, 2, 3, 4, 5(orch)]
[mono_ns=82112167072199][T0x789d971ad740][TIMING] emit_host_span: [STRACE] v=1 pid=3752878 tid=3752878 inv=38 hid=a1b044e660229c3b depth=1 name=chip.run.runner_run ts=82112159849909 dur=7221539 
[mono_ns=82112167353661][T0x789d971ad740][TIMING] emit_host_span: [STRACE] v=1 pid=3752878 tid=3752878 inv=38 hid=a1b044e660229c3b depth=1 name=chip.run.validate ts=82112167075043 dur=278208 
[mono_ns=82112167355394][T0x789d971ad740][TIMING] emit_host_span: [STRACE] v=1 pid=3752878 tid=3752878 inv=38 hid=a1b044e660229c3b depth=2 name=chip.run.runner_run.device_wall ts=0 dur=7033927 clk=dev
[mono_ns=82112167356475][T0x789d971ad740][TIMING] emit_host_span: [STRACE] v=1 pid=3752878 tid=3752878 inv=38 hid=a1b044e660229c3b depth=3 name=chip.run.runner_run.device_wall.preamble ts=0 dur=13890 clk=dev
[mono_ns=82112167357327][T0x789d971ad740][TIMING] emit_host_span: [STRACE] v=1 pid=3752878 tid=3752878 inv=38 hid=a1b044e660229c3b depth=3 name=chip.run.runner_run.device_wall.graph_build ts=2562 dur=7026388 clk=dev
[mono_ns=82112167358138][T0x789d971ad740][TIMING] emit_host_span: [STRACE] v=1 pid=3752878 tid=3752878 inv=38 hid=a1b044e660229c3b depth=3 name=chip.run.runner_run.device_wall.config_validate ts=3138 dur=1054 clk=dev
[mono_ns=82112167358839][T0x789d971ad740][TIMING] emit_host_span: [STRACE] v=1 pid=3752878 tid=3752878 inv=38 hid=a1b044e660229c3b depth=3 name=chip.run.runner_run.device_wall.arena_wire ts=4379 dur=3356 clk=dev
[mono_ns=82112167359540][T0x789d971ad740][TIMING] emit_host_span: [STRACE] v=1 pid=3752878 tid=3752878 inv=38 hid=a1b044e660229c3b depth=3 name=chip.run.runner_run.device_wall.sm_reset ts=7752 dur=4252 clk=dev
[mono_ns=82112167360231][T0x789d971ad740][TIMING] emit_host_span: [STRACE] v=1 pid=3752878 tid=3752878 inv=38 hid=a1b044e660229c3b depth=3 name=chip.run.runner_run.device_wall.post_orch ts=7029269 dur=4560 clk=dev
[mono_ns=82112167360942][T0x789d971ad740][TIMING] emit_host_span: [STRACE] v=1 pid=3752878 tid=3752878 inv=38 hid=a1b044e660229c3b depth=3 name=chip.run.runner_run.device_wall.orch ts=12126 dur=6024687 clk=dev
[mono_ns=82112167361653][T0x789d971ad740][TIMING] emit_host_span: [STRACE] v=1 pid=3752878 tid=3752878 inv=38 hid=a1b044e660229c3b depth=3 name=chip.run.runner_run.device_wall.sched ts=13743 dur=6998229 clk=dev
[mono_ns=82112167362735][T0x789d971ad740][TIMING] emit_host_span: [STRACE] v=1 pid=3752878 tid=3752878 inv=38 hid=a1b044e660229c3b depth=1 name=chip.run.claim_release ts=82112167362314 dur=60 
[mono_ns=82112167364367][T0x789d971ad740][TIMING] emit_host_span: [STRACE] v=1 pid=3752878 tid=3752878 inv=38 hid=a1b044e660229c3b depth=0 name=chip.run ts=82112048596166 dur=118767821 run_id=0 dispatch_id=0 slot_id=0 generation=38 run_epoch=38
[mono_ns=82112276902205][T0x789d971ad740][TIMING] emit_host_span: [STRACE] v=1 pid=3752878 tid=3752878 inv=39 hid=a1b044e660229c3b depth=2 name=chip.run.bind.args ts=82112167706701 dur=109191708 
[mono_ns=82112276923517][T0x789d971ad740][TIMING] emit_host_span: [STRACE] v=1 pid=3752878 tid=3752878 inv=39 hid=a1b044e660229c3b depth=2 name=chip.run.bind.prebuilt ts=82112276915404 dur=7712 
[mono_ns=82112276924919][T0x789d971ad740][TIMING] emit_host_span: [STRACE] v=1 pid=3752878 tid=3752878 inv=39 hid=a1b044e660229c3b depth=1 name=chip.run.bind ts=82112167702745 dur=109221793 
[mono_ns=82112281995169][T0x789d971ad740][WARN] prepare_execution: [device_runner.cpp:342] AICPU CPU_TOPO unavailable; using json_fallback: soc=Ascend950PR_9579 occupy=0x3e stable_reachable=5 requested=0 effective=5 affinity=[1, 2, 3, 4, 5(orch)]
[mono_ns=82112289207925][T0x789d971ad740][TIMING] emit_host_span: [STRACE] v=1 pid=3752878 tid=3752878 inv=39 hid=a1b044e660229c3b depth=1 name=chip.run.runner_run ts=82112282049420 dur=7157463 
[mono_ns=82112289521295][T0x789d971ad740][TIMING] emit_host_span: [STRACE] v=1 pid=3752878 tid=3752878 inv=39 hid=a1b044e660229c3b depth=1 name=chip.run.validate ts=82112289211860 dur=308994 
[mono_ns=82112289523108][T0x789d971ad740][TIMING] emit_host_span: [STRACE] v=1 pid=3752878 tid=3752878 inv=39 hid=a1b044e660229c3b depth=2 name=chip.run.runner_run.device_wall ts=0 dur=6954068 clk=dev
[mono_ns=82112289524229][T0x789d971ad740][TIMING] emit_host_span: [STRACE] v=1 pid=3752878 tid=3752878 inv=39 hid=a1b044e660229c3b depth=3 name=chip.run.runner_run.device_wall.preamble ts=0 dur=13263 clk=dev
[mono_ns=82112289525041][T0x789d971ad740][TIMING] emit_host_span: [STRACE] v=1 pid=3752878 tid=3752878 inv=39 hid=a1b044e660229c3b depth=3 name=chip.run.runner_run.device_wall.graph_build ts=3483 dur=6945509 clk=dev
[mono_ns=82112289525782][T0x789d971ad740][TIMING] emit_host_span: [STRACE] v=1 pid=3752878 tid=3752878 inv=39 hid=a1b044e660229c3b depth=3 name=chip.run.runner_run.device_wall.config_validate ts=4194 dur=1276 clk=dev
[mono_ns=82112289526483][T0x789d971ad740][TIMING] emit_host_span: [STRACE] v=1 pid=3752878 tid=3752878 inv=39 hid=a1b044e660229c3b depth=3 name=chip.run.runner_run.device_wall.arena_wire ts=5501 dur=2828 clk=dev
[mono_ns=82112289527164][T0x789d971ad740][TIMING] emit_host_span: [STRACE] v=1 pid=3752878 tid=3752878 inv=39 hid=a1b044e660229c3b depth=3 name=chip.run.runner_run.device_wall.sm_reset ts=8446 dur=3402 clk=dev
[mono_ns=82112289527855][T0x789d971ad740][TIMING] emit_host_span: [STRACE] v=1 pid=3752878 tid=3752878 inv=39 hid=a1b044e660229c3b depth=3 name=chip.run.runner_run.device_wall.post_orch ts=6949027 dur=4643 clk=dev
[mono_ns=82112289529127][T0x789d971ad740][TIMING] emit_host_span: [STRACE] v=1 pid=3752878 tid=3752878 inv=39 hid=a1b044e660229c3b depth=3 name=chip.run.runner_run.device_wall.orch ts=11935 dur=5877324 clk=dev
[mono_ns=82112289529878][T0x789d971ad740][TIMING] emit_host_span: [STRACE] v=1 pid=3752878 tid=3752878 inv=39 hid=a1b044e660229c3b depth=3 name=chip.run.runner_run.device_wall.sched ts=13624 dur=6919042 clk=dev
[mono_ns=82112289531080][T0x789d971ad740][TIMING] emit_host_span: [STRACE] v=1 pid=3752878 tid=3752878 inv=39 hid=a1b044e660229c3b depth=1 name=chip.run.claim_release ts=82112289530709 dur=90 
[mono_ns=82112289532522][T0x789d971ad740][TIMING] emit_host_span: [STRACE] v=1 pid=3752878 tid=3752878 inv=39 hid=a1b044e660229c3b depth=0 name=chip.run ts=82112167697467 dur=121834674 run_id=0 dispatch_id=0 slot_id=0 generation=39 run_epoch=39
[mono_ns=82112398069797][T0x789d971ad740][TIMING] emit_host_span: [STRACE] v=1 pid=3752878 tid=3752878 inv=40 hid=a1b044e660229c3b depth=2 name=chip.run.bind.args ts=82112290158291 dur=107909283 
[mono_ns=82112398082306][T0x789d971ad740][TIMING] emit_host_span: [STRACE] v=1 pid=3752878 tid=3752878 inv=40 hid=a1b044e660229c3b depth=2 name=chip.run.bind.prebuilt ts=82112398078661 dur=3185 
[mono_ns=82112398083728][T0x789d971ad740][TIMING] emit_host_span: [STRACE] v=1 pid=3752878 tid=3752878 inv=40 hid=a1b044e660229c3b depth=1 name=chip.run.bind ts=82112290154225 dur=107929123 
[mono_ns=82112403250323][T0x789d971ad740][WARN] prepare_execution: [device_runner.cpp:342] AICPU CPU_TOPO unavailable; using json_fallback: soc=Ascend950PR_9579 occupy=0x3e stable_reachable=5 requested=0 effective=5 affinity=[1, 2, 3, 4, 5(orch)]
[mono_ns=82112410575267][T0x789d971ad740][TIMING] emit_host_span: [STRACE] v=1 pid=3752878 tid=3752878 inv=40 hid=a1b044e660229c3b depth=1 name=chip.run.runner_run ts=82112403291064 dur=7283362 
[mono_ns=82112410861136][T0x789d971ad740][TIMING] emit_host_span: [STRACE] v=1 pid=3752878 tid=3752878 inv=40 hid=a1b044e660229c3b depth=1 name=chip.run.validate ts=82112410578131 dur=282545 
[mono_ns=82112410863009][T0x789d971ad740][TIMING] emit_host_span: [STRACE] v=1 pid=3752878 tid=3752878 inv=40 hid=a1b044e660229c3b depth=2 name=chip.run.runner_run.device_wall ts=0 dur=7063669 clk=dev
[mono_ns=82112410864081][T0x789d971ad740][TIMING] emit_host_span: [STRACE] v=1 pid=3752878 tid=3752878 inv=40 hid=a1b044e660229c3b depth=3 name=chip.run.runner_run.device_wall.preamble ts=0 dur=14205 clk=dev
[mono_ns=82112410865002][T0x789d971ad740][TIMING] emit_host_span: [STRACE] v=1 pid=3752878 tid=3752878 inv=40 hid=a1b044e660229c3b depth=3 name=chip.run.runner_run.device_wall.graph_build ts=3223 dur=7054387 clk=dev
[mono_ns=82112410865743][T0x789d971ad740][TIMING] emit_host_span: [STRACE] v=1 pid=3752878 tid=3752878 inv=40 hid=a1b044e660229c3b depth=3 name=chip.run.runner_run.device_wall.config_validate ts=3867 dur=1264 clk=dev
[mono_ns=82112410866434][T0x789d971ad740][TIMING] emit_host_span: [STRACE] v=1 pid=3752878 tid=3752878 inv=40 hid=a1b044e660229c3b depth=3 name=chip.run.runner_run.device_wall.arena_wire ts=5367 dur=2454 clk=dev
[mono_ns=82112410867135][T0x789d971ad740][TIMING] emit_host_span: [STRACE] v=1 pid=3752878 tid=3752878 inv=40 hid=a1b044e660229c3b depth=3 name=chip.run.runner_run.device_wall.sm_reset ts=7930 dur=3705 clk=dev
[mono_ns=82112410867836][T0x789d971ad740][TIMING] emit_host_span: [STRACE] v=1 pid=3752878 tid=3752878 inv=40 hid=a1b044e660229c3b depth=3 name=chip.run.runner_run.device_wall.post_orch ts=7057988 dur=5125 clk=dev
[mono_ns=82112410868567][T0x789d971ad740][TIMING] emit_host_span: [STRACE] v=1 pid=3752878 tid=3752878 inv=40 hid=a1b044e660229c3b depth=3 name=chip.run.runner_run.device_wall.orch ts=11671 dur=6018939 clk=dev
[mono_ns=82112410869258][T0x789d971ad740][TIMING] emit_host_span: [STRACE] v=1 pid=3752878 tid=3752878 inv=40 hid=a1b044e660229c3b depth=3 name=chip.run.runner_run.device_wall.sched ts=13636 dur=7029483 clk=dev
[mono_ns=82112410870971][T0x789d971ad740][TIMING] emit_host_span: [STRACE] v=1 pid=3752878 tid=3752878 inv=40 hid=a1b044e660229c3b depth=1 name=chip.run.claim_release ts=82112410870300 dur=280 
[mono_ns=82112410872403][T0x789d971ad740][TIMING] emit_host_span: [STRACE] v=1 pid=3752878 tid=3752878 inv=40 hid=a1b044e660229c3b depth=0 name=chip.run ts=82112290146854 dur=120725159 run_id=0 dispatch_id=0 slot_id=0 generation=40 run_epoch=40
[mono_ns=82112521627998][T0x789d971ad740][TIMING] emit_host_span: [STRACE] v=1 pid=3752878 tid=3752878 inv=41 hid=a1b044e660229c3b depth=2 name=chip.run.bind.args ts=82112411219674 dur=110404609 
[mono_ns=82112521646035][T0x789d971ad740][TIMING] emit_host_span: [STRACE] v=1 pid=3752878 tid=3752878 inv=41 hid=a1b044e660229c3b depth=2 name=chip.run.bind.prebuilt ts=82112521641368 dur=4257 
[mono_ns=82112521648058][T0x789d971ad740][TIMING] emit_host_span: [STRACE] v=1 pid=3752878 tid=3752878 inv=41 hid=a1b044e660229c3b depth=1 name=chip.run.bind ts=82112411215428 dur=110432240 
[mono_ns=82112526754733][T0x789d971ad740][WARN] prepare_execution: [device_runner.cpp:342] AICPU CPU_TOPO unavailable; using json_fallback: soc=Ascend950PR_9579 occupy=0x3e stable_reachable=5 requested=0 effective=5 affinity=[1, 2, 3, 4, 5(orch)]
[mono_ns=82112534154670][T0x789d971ad740][TIMING] emit_host_span: [STRACE] v=1 pid=3752878 tid=3752878 inv=41 hid=a1b044e660229c3b depth=1 name=chip.run.runner_run ts=82112526794573 dur=7359186 
[mono_ns=82112534450484][T0x789d971ad740][TIMING] emit_host_span: [STRACE] v=1 pid=3752878 tid=3752878 inv=41 hid=a1b044e660229c3b depth=1 name=chip.run.validate ts=82112534157755 dur=292258 
[mono_ns=82112534452337][T0x789d971ad740][TIMING] emit_host_span: [STRACE] v=1 pid=3752878 tid=3752878 inv=41 hid=a1b044e660229c3b depth=2 name=chip.run.runner_run.device_wall ts=0 dur=7157242 clk=dev
[mono_ns=82112534453278][T0x789d971ad740][TIMING] emit_host_span: [STRACE] v=1 pid=3752878 tid=3752878 inv=41 hid=a1b044e660229c3b depth=3 name=chip.run.runner_run.device_wall.preamble ts=0 dur=12906 clk=dev
[mono_ns=82112534454229][T0x789d971ad740][TIMING] emit_host_span: [STRACE] v=1 pid=3752878 tid=3752878 inv=41 hid=a1b044e660229c3b depth=3 name=chip.run.runner_run.device_wall.graph_build ts=3038 dur=7149088 clk=dev
[mono_ns=82112534454991][T0x789d971ad740][TIMING] emit_host_span: [STRACE] v=1 pid=3752878 tid=3752878 inv=41 hid=a1b044e660229c3b depth=3 name=chip.run.runner_run.device_wall.config_validate ts=3638 dur=1602 clk=dev
[mono_ns=82112534455712][T0x789d971ad740][TIMING] emit_host_span: [STRACE] v=1 pid=3752878 tid=3752878 inv=41 hid=a1b044e660229c3b depth=3 name=chip.run.runner_run.device_wall.arena_wire ts=5263 dur=2795 clk=dev
[mono_ns=82112534456403][T0x789d971ad740][TIMING] emit_host_span: [STRACE] v=1 pid=3752878 tid=3752878 inv=41 hid=a1b044e660229c3b depth=3 name=chip.run.runner_run.device_wall.sm_reset ts=8191 dur=3395 clk=dev
[mono_ns=82112534457094][T0x789d971ad740][TIMING] emit_host_span: [STRACE] v=1 pid=3752878 tid=3752878 inv=41 hid=a1b044e660229c3b depth=3 name=chip.run.runner_run.device_wall.post_orch ts=7152337 dur=4298 clk=dev
[mono_ns=82112534457795][T0x789d971ad740][TIMING] emit_host_span: [STRACE] v=1 pid=3752878 tid=3752878 inv=41 hid=a1b044e660229c3b depth=3 name=chip.run.runner_run.device_wall.orch ts=12176 dur=5999424 clk=dev
[mono_ns=82112534458556][T0x789d971ad740][TIMING] emit_host_span: [STRACE] v=1 pid=3752878 tid=3752878 inv=41 hid=a1b044e660229c3b depth=3 name=chip.run.runner_run.device_wall.sched ts=13383 dur=7122313 clk=dev
[mono_ns=82112534459568][T0x789d971ad740][TIMING] emit_host_span: [STRACE] v=1 pid=3752878 tid=3752878 inv=41 hid=a1b044e660229c3b depth=1 name=chip.run.claim_release ts=82112534459227 dur=90 
[mono_ns=82112534461160][T0x789d971ad740][TIMING] emit_host_span: [STRACE] v=1 pid=3752878 tid=3752878 inv=41 hid=a1b044e660229c3b depth=0 name=chip.run ts=82112411210891 dur=123249878 run_id=0 dispatch_id=0 slot_id=0 generation=41 run_epoch=41
[mono_ns=82112644535072][T0x789d971ad740][TIMING] emit_host_span: [STRACE] v=1 pid=3752878 tid=3752878 inv=42 hid=a1b044e660229c3b depth=2 name=chip.run.bind.args ts=82112534818777 dur=109713681 
[mono_ns=82112644549403][T0x789d971ad740][TIMING] emit_host_span: [STRACE] v=1 pid=3752878 tid=3752878 inv=42 hid=a1b044e660229c3b depth=2 name=chip.run.bind.prebuilt ts=82112644545247 dur=3776 
[mono_ns=82112644550966][T0x789d971ad740][TIMING] emit_host_span: [STRACE] v=1 pid=3752878 tid=3752878 inv=42 hid=a1b044e660229c3b depth=1 name=chip.run.bind ts=82112534814290 dur=109736245 
[mono_ns=82112649644841][T0x789d971ad740][WARN] prepare_execution: [device_runner.cpp:342] AICPU CPU_TOPO unavailable; using json_fallback: soc=Ascend950PR_9579 occupy=0x3e stable_reachable=5 requested=0 effective=5 affinity=[1, 2, 3, 4, 5(orch)]
[mono_ns=82112656962585][T0x789d971ad740][TIMING] emit_host_span: [STRACE] v=1 pid=3752878 tid=3752878 inv=42 hid=a1b044e660229c3b depth=1 name=chip.run.runner_run ts=82112649685562 dur=7275951 
[mono_ns=82112657251348][T0x789d971ad740][TIMING] emit_host_span: [STRACE] v=1 pid=3752878 tid=3752878 inv=42 hid=a1b044e660229c3b depth=1 name=chip.run.validate ts=82112656966010 dur=284897 
[mono_ns=82112657252930][T0x789d971ad740][TIMING] emit_host_span: [STRACE] v=1 pid=3752878 tid=3752878 inv=42 hid=a1b044e660229c3b depth=2 name=chip.run.runner_run.device_wall ts=0 dur=7113076 clk=dev
[mono_ns=82112657253822][T0x789d971ad740][TIMING] emit_host_span: [STRACE] v=1 pid=3752878 tid=3752878 inv=42 hid=a1b044e660229c3b depth=3 name=chip.run.runner_run.device_wall.preamble ts=0 dur=13225 clk=dev
[mono_ns=82112657254903][T0x789d971ad740][TIMING] emit_host_span: [STRACE] v=1 pid=3752878 tid=3752878 inv=42 hid=a1b044e660229c3b depth=3 name=chip.run.runner_run.device_wall.graph_build ts=3352 dur=7104624 clk=dev
[mono_ns=82112657255675][T0x789d971ad740][TIMING] emit_host_span: [STRACE] v=1 pid=3752878 tid=3752878 inv=42 hid=a1b044e660229c3b depth=3 name=chip.run.runner_run.device_wall.config_validate ts=3783 dur=1124 clk=dev
[mono_ns=82112657256386][T0x789d971ad740][TIMING] emit_host_span: [STRACE] v=1 pid=3752878 tid=3752878 inv=42 hid=a1b044e660229c3b depth=3 name=chip.run.runner_run.device_wall.arena_wire ts=4928 dur=2663 clk=dev
[mono_ns=82112657257087][T0x789d971ad740][TIMING] emit_host_span: [STRACE] v=1 pid=3752878 tid=3752878 inv=42 hid=a1b044e660229c3b depth=3 name=chip.run.runner_run.device_wall.sm_reset ts=7757 dur=2693 clk=dev
[mono_ns=82112657257808][T0x789d971ad740][TIMING] emit_host_span: [STRACE] v=1 pid=3752878 tid=3752878 inv=42 hid=a1b044e660229c3b depth=3 name=chip.run.runner_run.device_wall.post_orch ts=7108311 dur=4545 clk=dev
[mono_ns=82112657258519][T0x789d971ad740][TIMING] emit_host_span: [STRACE] v=1 pid=3752878 tid=3752878 inv=42 hid=a1b044e660229c3b depth=3 name=chip.run.runner_run.device_wall.orch ts=10533 dur=5996556 clk=dev
[mono_ns=82112657259240][T0x789d971ad740][TIMING] emit_host_span: [STRACE] v=1 pid=3752878 tid=3752878 inv=42 hid=a1b044e660229c3b depth=3 name=chip.run.runner_run.device_wall.sched ts=12987 dur=7078924 clk=dev
[mono_ns=82112657260221][T0x789d971ad740][TIMING] emit_host_span: [STRACE] v=1 pid=3752878 tid=3752878 inv=42 hid=a1b044e660229c3b depth=1 name=chip.run.claim_release ts=82112657259891 dur=80 
[mono_ns=82112657261734][T0x789d971ad740][TIMING] emit_host_span: [STRACE] v=1 pid=3752878 tid=3752878 inv=42 hid=a1b044e660229c3b depth=0 name=chip.run ts=82112534809883 dur=122451480 run_id=0 dispatch_id=0 slot_id=0 generation=42 run_epoch=42
[mono_ns=82112764157035][T0x789d971ad740][TIMING] emit_host_span: [STRACE] v=1 pid=3752878 tid=3752878 inv=43 hid=a1b044e660229c3b depth=2 name=chip.run.bind.args ts=82112657601514 dur=106553217 
[mono_ns=82112764169343][T0x789d971ad740][TIMING] emit_host_span: [STRACE] v=1 pid=3752878 tid=3752878 inv=43 hid=a1b044e660229c3b depth=2 name=chip.run.bind.prebuilt ts=82112764166139 dur=2824 
[mono_ns=82112764170575][T0x789d971ad740][TIMING] emit_host_span: [STRACE] v=1 pid=3752878 tid=3752878 inv=43 hid=a1b044e660229c3b depth=1 name=chip.run.bind ts=82112657597748 dur=106572487 
[mono_ns=82112769292393][T0x789d971ad740][WARN] prepare_execution: [device_runner.cpp:342] AICPU CPU_TOPO unavailable; using json_fallback: soc=Ascend950PR_9579 occupy=0x3e stable_reachable=5 requested=0 effective=5 affinity=[1, 2, 3, 4, 5(orch)]
[mono_ns=82112776462755][T0x789d971ad740][TIMING] emit_host_span: [STRACE] v=1 pid=3752878 tid=3752878 inv=43 hid=a1b044e660229c3b depth=1 name=chip.run.runner_run ts=82112769348927 dur=7112956 
[mono_ns=82112776716966][T0x789d971ad740][TIMING] emit_host_span: [STRACE] v=1 pid=3752878 tid=3752878 inv=43 hid=a1b044e660229c3b depth=1 name=chip.run.validate ts=82112776466861 dur=249805 
[mono_ns=82112776718529][T0x789d971ad740][TIMING] emit_host_span: [STRACE] v=1 pid=3752878 tid=3752878 inv=43 hid=a1b044e660229c3b depth=2 name=chip.run.runner_run.device_wall ts=0 dur=6954722 clk=dev
[mono_ns=82112776719470][T0x789d971ad740][TIMING] emit_host_span: [STRACE] v=1 pid=3752878 tid=3752878 inv=43 hid=a1b044e660229c3b depth=3 name=chip.run.runner_run.device_wall.preamble ts=0 dur=15790 clk=dev
[mono_ns=82112776720271][T0x789d971ad740][TIMING] emit_host_span: [STRACE] v=1 pid=3752878 tid=3752878 inv=43 hid=a1b044e660229c3b depth=3 name=chip.run.runner_run.device_wall.graph_build ts=4705 dur=6944795 clk=dev
[mono_ns=82112776720972][T0x789d971ad740][TIMING] emit_host_span: [STRACE] v=1 pid=3752878 tid=3752878 inv=43 hid=a1b044e660229c3b depth=3 name=chip.run.runner_run.device_wall.config_validate ts=5072 dur=1418 clk=dev
[mono_ns=82112776721653][T0x789d971ad740][TIMING] emit_host_span: [STRACE] v=1 pid=3752878 tid=3752878 inv=43 hid=a1b044e660229c3b depth=3 name=chip.run.runner_run.device_wall.arena_wire ts=6511 dur=3356 clk=dev
[mono_ns=82112776722324][T0x789d971ad740][TIMING] emit_host_span: [STRACE] v=1 pid=3752878 tid=3752878 inv=43 hid=a1b044e660229c3b depth=3 name=chip.run.runner_run.device_wall.sm_reset ts=9883 dur=3683 clk=dev
[mono_ns=82112776723015][T0x789d971ad740][TIMING] emit_host_span: [STRACE] v=1 pid=3752878 tid=3752878 inv=43 hid=a1b044e660229c3b depth=3 name=chip.run.runner_run.device_wall.post_orch ts=6949668 dur=4203 clk=dev
[mono_ns=82112776723696][T0x789d971ad740][TIMING] emit_host_span: [STRACE] v=1 pid=3752878 tid=3752878 inv=43 hid=a1b044e660229c3b depth=3 name=chip.run.runner_run.device_wall.orch ts=13604 dur=5946986 clk=dev
[mono_ns=82112776724908][T0x789d971ad740][TIMING] emit_host_span: [STRACE] v=1 pid=3752878 tid=3752878 inv=43 hid=a1b044e660229c3b depth=3 name=chip.run.runner_run.device_wall.sched ts=15928 dur=6918118 clk=dev
[mono_ns=82112776725990][T0x789d971ad740][TIMING] emit_host_span: [STRACE] v=1 pid=3752878 tid=3752878 inv=43 hid=a1b044e660229c3b depth=1 name=chip.run.claim_release ts=82112776725699 dur=61 
[mono_ns=82112776727522][T0x789d971ad740][TIMING] emit_host_span: [STRACE] v=1 pid=3752878 tid=3752878 inv=43 hid=a1b044e660229c3b depth=0 name=chip.run ts=82112657592841 dur=119134130 run_id=0 dispatch_id=0 slot_id=0 generation=43 run_epoch=43
[mono_ns=82112886324989][T0x789d971ad740][TIMING] emit_host_span: [STRACE] v=1 pid=3752878 tid=3752878 inv=44 hid=a1b044e660229c3b depth=2 name=chip.run.bind.args ts=82112777076426 dur=109245899 
[mono_ns=82112886338159][T0x789d971ad740][TIMING] emit_host_span: [STRACE] v=1 pid=3752878 tid=3752878 inv=44 hid=a1b044e660229c3b depth=2 name=chip.run.bind.prebuilt ts=82112886334263 dur=3495 
[mono_ns=82112886339581][T0x789d971ad740][TIMING] emit_host_span: [STRACE] v=1 pid=3752878 tid=3752878 inv=44 hid=a1b044e660229c3b depth=1 name=chip.run.bind ts=82112777072149 dur=109267041 
[mono_ns=82112891417563][T0x789d971ad740][WARN] prepare_execution: [device_runner.cpp:342] AICPU CPU_TOPO unavailable; using json_fallback: soc=Ascend950PR_9579 occupy=0x3e stable_reachable=5 requested=0 effective=5 affinity=[1, 2, 3, 4, 5(orch)]
[mono_ns=82112898672732][T0x789d971ad740][TIMING] emit_host_span: [STRACE] v=1 pid=3752878 tid=3752878 inv=44 hid=a1b044e660229c3b depth=1 name=chip.run.runner_run ts=82112891471464 dur=7200407 
[mono_ns=82112898951591][T0x789d971ad740][TIMING] emit_host_span: [STRACE] v=1 pid=3752878 tid=3752878 inv=44 hid=a1b044e660229c3b depth=1 name=chip.run.validate ts=82112898675847 dur=275293 
[mono_ns=82112898953433][T0x789d971ad740][TIMING] emit_host_span: [STRACE] v=1 pid=3752878 tid=3752878 inv=44 hid=a1b044e660229c3b depth=2 name=chip.run.runner_run.device_wall ts=0 dur=7021876 clk=dev
[mono_ns=82112898954375][T0x789d971ad740][TIMING] emit_host_span: [STRACE] v=1 pid=3752878 tid=3752878 inv=44 hid=a1b044e660229c3b depth=3 name=chip.run.runner_run.device_wall.preamble ts=0 dur=13389 clk=dev
[mono_ns=82112898955136][T0x789d971ad740][TIMING] emit_host_span: [STRACE] v=1 pid=3752878 tid=3752878 inv=44 hid=a1b044e660229c3b depth=3 name=chip.run.runner_run.device_wall.graph_build ts=3037 dur=7013377 clk=dev
[mono_ns=82112898955957][T0x789d971ad740][TIMING] emit_host_span: [STRACE] v=1 pid=3752878 tid=3752878 inv=44 hid=a1b044e660229c3b depth=3 name=chip.run.runner_run.device_wall.config_validate ts=3474 dur=1034 clk=dev
[mono_ns=82112898956738][T0x789d971ad740][TIMING] emit_host_span: [STRACE] v=1 pid=3752878 tid=3752878 inv=44 hid=a1b044e660229c3b depth=3 name=chip.run.runner_run.device_wall.arena_wire ts=4531 dur=2823 clk=dev
[mono_ns=82112898957449][T0x789d971ad740][TIMING] emit_host_span: [STRACE] v=1 pid=3752878 tid=3752878 inv=44 hid=a1b044e660229c3b depth=3 name=chip.run.runner_run.device_wall.sm_reset ts=7367 dur=3094 clk=dev
[mono_ns=82112898958150][T0x789d971ad740][TIMING] emit_host_span: [STRACE] v=1 pid=3752878 tid=3752878 inv=44 hid=a1b044e660229c3b depth=3 name=chip.run.runner_run.device_wall.post_orch ts=7016731 dur=4614 clk=dev
[mono_ns=82112898958872][T0x789d971ad740][TIMING] emit_host_span: [STRACE] v=1 pid=3752878 tid=3752878 inv=44 hid=a1b044e660229c3b depth=3 name=chip.run.runner_run.device_wall.orch ts=10536 dur=5986161 clk=dev
[mono_ns=82112898959583][T0x789d971ad740][TIMING] emit_host_span: [STRACE] v=1 pid=3752878 tid=3752878 inv=44 hid=a1b044e660229c3b depth=3 name=chip.run.runner_run.device_wall.sched ts=13591 dur=6989789 clk=dev
[mono_ns=82112898960734][T0x789d971ad740][TIMING] emit_host_span: [STRACE] v=1 pid=3752878 tid=3752878 inv=44 hid=a1b044e660229c3b depth=1 name=chip.run.claim_release ts=82112898960334 dur=60 
[mono_ns=82112898962207][T0x789d971ad740][TIMING] emit_host_span: [STRACE] v=1 pid=3752878 tid=3752878 inv=44 hid=a1b044e660229c3b depth=0 name=chip.run ts=82112777068093 dur=121893833 run_id=0 dispatch_id=0 slot_id=0 generation=44 run_epoch=44
[mono_ns=82113006170127][T0x789d971ad740][TIMING] emit_host_span: [STRACE] v=1 pid=3752878 tid=3752878 inv=45 hid=a1b044e660229c3b depth=2 name=chip.run.bind.args ts=82112899307685 dur=106857815 
[mono_ns=82113006191419][T0x789d971ad740][TIMING] emit_host_span: [STRACE] v=1 pid=3752878 tid=3752878 inv=45 hid=a1b044e660229c3b depth=2 name=chip.run.bind.prebuilt ts=82113006187012 dur=3886 
[mono_ns=82113006194313][T0x789d971ad740][TIMING] emit_host_span: [STRACE] v=1 pid=3752878 tid=3752878 inv=45 hid=a1b044e660229c3b depth=1 name=chip.run.bind ts=82112899303118 dur=106890624 
[mono_ns=82113011339436][T0x789d971ad740][WARN] prepare_execution: [device_runner.cpp:342] AICPU CPU_TOPO unavailable; using json_fallback: soc=Ascend950PR_9579 occupy=0x3e stable_reachable=5 requested=0 effective=5 affinity=[1, 2, 3, 4, 5(orch)]
[mono_ns=82113018639212][T0x789d971ad740][TIMING] emit_host_span: [STRACE] v=1 pid=3752878 tid=3752878 inv=45 hid=a1b044e660229c3b depth=1 name=chip.run.runner_run ts=82113011394138 dur=7244293 
[mono_ns=82113018928757][T0x789d971ad740][TIMING] emit_host_span: [STRACE] v=1 pid=3752878 tid=3752878 inv=45 hid=a1b044e660229c3b depth=1 name=chip.run.validate ts=82113018642537 dur=285739 
[mono_ns=82113018930760][T0x789d971ad740][TIMING] emit_host_span: [STRACE] v=1 pid=3752878 tid=3752878 inv=45 hid=a1b044e660229c3b depth=2 name=chip.run.runner_run.device_wall ts=0 dur=7058353 clk=dev
[mono_ns=82113018931921][T0x789d971ad740][TIMING] emit_host_span: [STRACE] v=1 pid=3752878 tid=3752878 inv=45 hid=a1b044e660229c3b depth=3 name=chip.run.runner_run.device_wall.preamble ts=0 dur=13223 clk=dev
[mono_ns=82113018932713][T0x789d971ad740][TIMING] emit_host_span: [STRACE] v=1 pid=3752878 tid=3752878 inv=45 hid=a1b044e660229c3b depth=3 name=chip.run.runner_run.device_wall.graph_build ts=2915 dur=7049975 clk=dev
[mono_ns=82113018933504][T0x789d971ad740][TIMING] emit_host_span: [STRACE] v=1 pid=3752878 tid=3752878 inv=45 hid=a1b044e660229c3b depth=3 name=chip.run.runner_run.device_wall.config_validate ts=3423 dur=1335 clk=dev
[mono_ns=82113018934195][T0x789d971ad740][TIMING] emit_host_span: [STRACE] v=1 pid=3752878 tid=3752878 inv=45 hid=a1b044e660229c3b depth=3 name=chip.run.runner_run.device_wall.arena_wire ts=4790 dur=2985 clk=dev
[mono_ns=82113018934886][T0x789d971ad740][TIMING] emit_host_span: [STRACE] v=1 pid=3752878 tid=3752878 inv=45 hid=a1b044e660229c3b depth=3 name=chip.run.runner_run.device_wall.sm_reset ts=7791 dur=3027 clk=dev
[mono_ns=82113018935567][T0x789d971ad740][TIMING] emit_host_span: [STRACE] v=1 pid=3752878 tid=3752878 inv=45 hid=a1b044e660229c3b depth=3 name=chip.run.runner_run.device_wall.post_orch ts=7053226 dur=4324 clk=dev
[mono_ns=82113018936288][T0x789d971ad740][TIMING] emit_host_span: [STRACE] v=1 pid=3752878 tid=3752878 inv=45 hid=a1b044e660229c3b depth=3 name=chip.run.runner_run.device_wall.orch ts=10946 dur=5986609 clk=dev
[mono_ns=82113018936989][T0x789d971ad740][TIMING] emit_host_span: [STRACE] v=1 pid=3752878 tid=3752878 inv=45 hid=a1b044e660229c3b depth=3 name=chip.run.runner_run.device_wall.sched ts=12902 dur=7024308 clk=dev
[mono_ns=82113018938241][T0x789d971ad740][TIMING] emit_host_span: [STRACE] v=1 pid=3752878 tid=3752878 inv=45 hid=a1b044e660229c3b depth=1 name=chip.run.claim_release ts=82113018937860 dur=50 
[mono_ns=82113018939573][T0x789d971ad740][TIMING] emit_host_span: [STRACE] v=1 pid=3752878 tid=3752878 inv=45 hid=a1b044e660229c3b depth=0 name=chip.run ts=82112899298461 dur=119640741 run_id=0 dispatch_id=0 slot_id=0 generation=45 run_epoch=45
[mono_ns=82113126502867][T0x789d971ad740][TIMING] emit_host_span: [STRACE] v=1 pid=3752878 tid=3752878 inv=46 hid=a1b044e660229c3b depth=2 name=chip.run.bind.args ts=82113019299733 dur=107200199 
[mono_ns=82113126516057][T0x789d971ad740][TIMING] emit_host_span: [STRACE] v=1 pid=3752878 tid=3752878 inv=46 hid=a1b044e660229c3b depth=2 name=chip.run.bind.prebuilt ts=82113126512181 dur=3485 
[mono_ns=82113126517489][T0x789d971ad740][TIMING] emit_host_span: [STRACE] v=1 pid=3752878 tid=3752878 inv=46 hid=a1b044e660229c3b depth=1 name=chip.run.bind ts=82113019295337 dur=107221751 
[mono_ns=82113131637083][T0x789d971ad740][WARN] prepare_execution: [device_runner.cpp:342] AICPU CPU_TOPO unavailable; using json_fallback: soc=Ascend950PR_9579 occupy=0x3e stable_reachable=5 requested=0 effective=5 affinity=[1, 2, 3, 4, 5(orch)]
[mono_ns=82113138914245][T0x789d971ad740][TIMING] emit_host_span: [STRACE] v=1 pid=3752878 tid=3752878 inv=46 hid=a1b044e660229c3b depth=1 name=chip.run.runner_run ts=82113131689642 dur=7223982 
[mono_ns=82113139205963][T0x789d971ad740][TIMING] emit_host_span: [STRACE] v=1 pid=3752878 tid=3752878 inv=46 hid=a1b044e660229c3b depth=1 name=chip.run.validate ts=82113138916839 dur=288673 
[mono_ns=82113139208447][T0x789d971ad740][TIMING] emit_host_span: [STRACE] v=1 pid=3752878 tid=3752878 inv=46 hid=a1b044e660229c3b depth=2 name=chip.run.runner_run.device_wall ts=0 dur=7042148 clk=dev
[mono_ns=82113139209358][T0x789d971ad740][TIMING] emit_host_span: [STRACE] v=1 pid=3752878 tid=3752878 inv=46 hid=a1b044e660229c3b depth=3 name=chip.run.runner_run.device_wall.preamble ts=0 dur=14236 clk=dev
[mono_ns=82113139210109][T0x789d971ad740][TIMING] emit_host_span: [STRACE] v=1 pid=3752878 tid=3752878 inv=46 hid=a1b044e660229c3b depth=3 name=chip.run.runner_run.device_wall.graph_build ts=3745 dur=7033476 clk=dev
[mono_ns=82113139210810][T0x789d971ad740][TIMING] emit_host_span: [STRACE] v=1 pid=3752878 tid=3752878 inv=46 hid=a1b044e660229c3b depth=3 name=chip.run.runner_run.device_wall.config_validate ts=4306 dur=1472 clk=dev
[mono_ns=82113139211592][T0x789d971ad740][TIMING] emit_host_span: [STRACE] v=1 pid=3752878 tid=3752878 inv=46 hid=a1b044e660229c3b depth=3 name=chip.run.runner_run.device_wall.arena_wire ts=5804 dur=3348 clk=dev
[mono_ns=82113139212293][T0x789d971ad740][TIMING] emit_host_span: [STRACE] v=1 pid=3752878 tid=3752878 inv=46 hid=a1b044e660229c3b depth=3 name=chip.run.runner_run.device_wall.sm_reset ts=9170 dur=3366 clk=dev
[mono_ns=82113139212984][T0x789d971ad740][TIMING] emit_host_span: [STRACE] v=1 pid=3752878 tid=3752878 inv=46 hid=a1b044e660229c3b depth=3 name=chip.run.runner_run.device_wall.post_orch ts=7037587 dur=4391 clk=dev
[mono_ns=82113139213685][T0x789d971ad740][TIMING] emit_host_span: [STRACE] v=1 pid=3752878 tid=3752878 inv=46 hid=a1b044e660229c3b depth=3 name=chip.run.runner_run.device_wall.orch ts=12626 dur=5969926 clk=dev
[mono_ns=82113139214386][T0x789d971ad740][TIMING] emit_host_span: [STRACE] v=1 pid=3752878 tid=3752878 inv=46 hid=a1b044e660229c3b depth=3 name=chip.run.runner_run.device_wall.sched ts=14547 dur=7006754 clk=dev
[mono_ns=82113139215467][T0x789d971ad740][TIMING] emit_host_span: [STRACE] v=1 pid=3752878 tid=3752878 inv=46 hid=a1b044e660229c3b depth=1 name=chip.run.claim_release ts=82113139215017 dur=80 
[mono_ns=82113139216759][T0x789d971ad740][TIMING] emit_host_span: [STRACE] v=1 pid=3752878 tid=3752878 inv=46 hid=a1b044e660229c3b depth=0 name=chip.run ts=82113019292132 dur=119924357 run_id=0 dispatch_id=0 slot_id=0 generation=46 run_epoch=46
[mono_ns=82113250116591][T0x789d971ad740][TIMING] emit_host_span: [STRACE] v=1 pid=3752878 tid=3752878 inv=47 hid=a1b044e660229c3b depth=2 name=chip.run.bind.args ts=82113139556219 dur=110557167 
[mono_ns=82113250132575][T0x789d971ad740][TIMING] emit_host_span: [STRACE] v=1 pid=3752878 tid=3752878 inv=47 hid=a1b044e660229c3b depth=2 name=chip.run.bind.prebuilt ts=82113250128709 dur=3495 
[mono_ns=82113250134147][T0x789d971ad740][TIMING] emit_host_span: [STRACE] v=1 pid=3752878 tid=3752878 inv=47 hid=a1b044e660229c3b depth=1 name=chip.run.bind ts=82113139552173 dur=110581584 
[mono_ns=82113255211788][T0x789d971ad740][WARN] prepare_execution: [device_runner.cpp:342] AICPU CPU_TOPO unavailable; using json_fallback: soc=Ascend950PR_9579 occupy=0x3e stable_reachable=5 requested=0 effective=5 affinity=[1, 2, 3, 4, 5(orch)]
[mono_ns=82113262505596][T0x789d971ad740][TIMING] emit_host_span: [STRACE] v=1 pid=3752878 tid=3752878 inv=47 hid=a1b044e660229c3b depth=1 name=chip.run.runner_run ts=82113255266871 dur=7238194 
[mono_ns=82113262788060][T0x789d971ad740][TIMING] emit_host_span: [STRACE] v=1 pid=3752878 tid=3752878 inv=47 hid=a1b044e660229c3b depth=1 name=chip.run.validate ts=82113262508580 dur=278999 
[mono_ns=82113262789762][T0x789d971ad740][TIMING] emit_host_span: [STRACE] v=1 pid=3752878 tid=3752878 inv=47 hid=a1b044e660229c3b depth=2 name=chip.run.runner_run.device_wall ts=0 dur=7049776 clk=dev
[mono_ns=82113262790774][T0x789d971ad740][TIMING] emit_host_span: [STRACE] v=1 pid=3752878 tid=3752878 inv=47 hid=a1b044e660229c3b depth=3 name=chip.run.runner_run.device_wall.preamble ts=0 dur=13560 clk=dev
[mono_ns=82113262791575][T0x789d971ad740][TIMING] emit_host_span: [STRACE] v=1 pid=3752878 tid=3752878 inv=47 hid=a1b044e660229c3b depth=3 name=chip.run.runner_run.device_wall.graph_build ts=3485 dur=7040715 clk=dev
[mono_ns=82113262792316][T0x789d971ad740][TIMING] emit_host_span: [STRACE] v=1 pid=3752878 tid=3752878 inv=47 hid=a1b044e660229c3b depth=3 name=chip.run.runner_run.device_wall.config_validate ts=3939 dur=1375 clk=dev
[mono_ns=82113262793027][T0x789d971ad740][TIMING] emit_host_span: [STRACE] v=1 pid=3752878 tid=3752878 inv=47 hid=a1b044e660229c3b depth=3 name=chip.run.runner_run.device_wall.arena_wire ts=5345 dur=3795 clk=dev
[mono_ns=82113262793708][T0x789d971ad740][TIMING] emit_host_span: [STRACE] v=1 pid=3752878 tid=3752878 inv=47 hid=a1b044e660229c3b depth=3 name=chip.run.runner_run.device_wall.sm_reset ts=9155 dur=3529 clk=dev
[mono_ns=82113262794409][T0x789d971ad740][TIMING] emit_host_span: [STRACE] v=1 pid=3752878 tid=3752878 inv=47 hid=a1b044e660229c3b depth=3 name=chip.run.runner_run.device_wall.post_orch ts=7044590 dur=4784 clk=dev
[mono_ns=82113262795110][T0x789d971ad740][TIMING] emit_host_span: [STRACE] v=1 pid=3752878 tid=3752878 inv=47 hid=a1b044e660229c3b depth=3 name=chip.run.runner_run.device_wall.orch ts=12758 dur=6007945 clk=dev
[mono_ns=82113262795862][T0x789d971ad740][TIMING] emit_host_span: [STRACE] v=1 pid=3752878 tid=3752878 inv=47 hid=a1b044e660229c3b depth=3 name=chip.run.runner_run.device_wall.sched ts=13795 dur=7014005 clk=dev
[mono_ns=82113262796813][T0x789d971ad740][TIMING] emit_host_span: [STRACE] v=1 pid=3752878 tid=3752878 inv=47 hid=a1b044e660229c3b depth=1 name=chip.run.claim_release ts=82113262796472 dur=101 
[mono_ns=82113262798265][T0x789d971ad740][TIMING] emit_host_span: [STRACE] v=1 pid=3752878 tid=3752878 inv=47 hid=a1b044e660229c3b depth=0 name=chip.run ts=82113139546474 dur=123251501 run_id=0 dispatch_id=0 slot_id=0 generation=47 run_epoch=47
[mono_ns=82113372227920][T0x789d971ad740][TIMING] emit_host_span: [STRACE] v=1 pid=3752878 tid=3752878 inv=48 hid=a1b044e660229c3b depth=2 name=chip.run.bind.args ts=82113263375341 dur=108849945 
[mono_ns=82113372240018][T0x789d971ad740][TIMING] emit_host_span: [STRACE] v=1 pid=3752878 tid=3752878 inv=48 hid=a1b044e660229c3b depth=2 name=chip.run.bind.prebuilt ts=82113372236613 dur=3005 
[mono_ns=82113372241431][T0x789d971ad740][TIMING] emit_host_span: [STRACE] v=1 pid=3752878 tid=3752878 inv=48 hid=a1b044e660229c3b depth=1 name=chip.run.bind ts=82113263370935 dur=108870125 
[mono_ns=82113377269748][T0x789d971ad740][WARN] prepare_execution: [device_runner.cpp:342] AICPU CPU_TOPO unavailable; using json_fallback: soc=Ascend950PR_9579 occupy=0x3e stable_reachable=5 requested=0 effective=5 affinity=[1, 2, 3, 4, 5(orch)]
[mono_ns=82113384358347][T0x789d971ad740][TIMING] emit_host_span: [STRACE] v=1 pid=3752878 tid=3752878 inv=48 hid=a1b044e660229c3b depth=1 name=chip.run.runner_run ts=82113377310549 dur=7047267 
[mono_ns=82113384645909][T0x789d971ad740][TIMING] emit_host_span: [STRACE] v=1 pid=3752878 tid=3752878 inv=48 hid=a1b044e660229c3b depth=1 name=chip.run.validate ts=82113384361742 dur=283666 
[mono_ns=82113384647661][T0x789d971ad740][TIMING] emit_host_span: [STRACE] v=1 pid=3752878 tid=3752878 inv=48 hid=a1b044e660229c3b depth=2 name=chip.run.runner_run.device_wall ts=0 dur=6865376 clk=dev
[mono_ns=82113384648953][T0x789d971ad740][TIMING] emit_host_span: [STRACE] v=1 pid=3752878 tid=3752878 inv=48 hid=a1b044e660229c3b depth=3 name=chip.run.runner_run.device_wall.preamble ts=0 dur=15045 clk=dev
[mono_ns=82113384649885][T0x789d971ad740][TIMING] emit_host_span: [STRACE] v=1 pid=3752878 tid=3752878 inv=48 hid=a1b044e660229c3b depth=3 name=chip.run.runner_run.device_wall.graph_build ts=3578 dur=6855096 clk=dev
[mono_ns=82113384650696][T0x789d971ad740][TIMING] emit_host_span: [STRACE] v=1 pid=3752878 tid=3752878 inv=48 hid=a1b044e660229c3b depth=3 name=chip.run.runner_run.device_wall.config_validate ts=4070 dur=1236 clk=dev
[mono_ns=82113384651397][T0x789d971ad740][TIMING] emit_host_span: [STRACE] v=1 pid=3752878 tid=3752878 inv=48 hid=a1b044e660229c3b depth=3 name=chip.run.runner_run.device_wall.arena_wire ts=5337 dur=2769 clk=dev
[mono_ns=82113384652078][T0x789d971ad740][TIMING] emit_host_span: [STRACE] v=1 pid=3752878 tid=3752878 inv=48 hid=a1b044e660229c3b depth=3 name=chip.run.runner_run.device_wall.sm_reset ts=8125 dur=3500 clk=dev
[mono_ns=82113384652759][T0x789d971ad740][TIMING] emit_host_span: [STRACE] v=1 pid=3752878 tid=3752878 inv=48 hid=a1b044e660229c3b depth=3 name=chip.run.runner_run.device_wall.post_orch ts=6858856 dur=5412 clk=dev
[mono_ns=82113384653470][T0x789d971ad740][TIMING] emit_host_span: [STRACE] v=1 pid=3752878 tid=3752878 inv=48 hid=a1b044e660229c3b depth=3 name=chip.run.runner_run.device_wall.orch ts=11678 dur=5839698 clk=dev
[mono_ns=82113384654181][T0x789d971ad740][TIMING] emit_host_span: [STRACE] v=1 pid=3752878 tid=3752878 inv=48 hid=a1b044e660229c3b depth=3 name=chip.run.runner_run.device_wall.sched ts=14582 dur=6830300 clk=dev
[mono_ns=82113384655283][T0x789d971ad740][TIMING] emit_host_span: [STRACE] v=1 pid=3752878 tid=3752878 inv=48 hid=a1b044e660229c3b depth=1 name=chip.run.claim_release ts=82113384654872 dur=70 
[mono_ns=82113384656555][T0x789d971ad740][TIMING] emit_host_span: [STRACE] v=1 pid=3752878 tid=3752878 inv=48 hid=a1b044e660229c3b depth=0 name=chip.run ts=82113263365336 dur=121290928 run_id=0 dispatch_id=0 slot_id=0 generation=48 run_epoch=48
[mono_ns=82113491753148][T0x789d971ad740][TIMING] emit_host_span: [STRACE] v=1 pid=3752878 tid=3752878 inv=49 hid=a1b044e660229c3b depth=2 name=chip.run.bind.args ts=82113384984036 dur=106766358 
[mono_ns=82113491766758][T0x789d971ad740][TIMING] emit_host_span: [STRACE] v=1 pid=3752878 tid=3752878 inv=49 hid=a1b044e660229c3b depth=2 name=chip.run.bind.prebuilt ts=82113491762923 dur=3275 
[mono_ns=82113491768080][T0x789d971ad740][TIMING] emit_host_span: [STRACE] v=1 pid=3752878 tid=3752878 inv=49 hid=a1b044e660229c3b depth=1 name=chip.run.bind ts=82113384980291 dur=106787439 
[mono_ns=82113496825471][T0x789d971ad740][WARN] prepare_execution: [device_runner.cpp:342] AICPU CPU_TOPO unavailable; using json_fallback: soc=Ascend950PR_9579 occupy=0x3e stable_reachable=5 requested=0 effective=5 affinity=[1, 2, 3, 4, 5(orch)]
[mono_ns=82113504148262][T0x789d971ad740][TIMING] emit_host_span: [STRACE] v=1 pid=3752878 tid=3752878 inv=49 hid=a1b044e660229c3b depth=1 name=chip.run.runner_run ts=82113496864640 dur=7282711 
[mono_ns=82113504448042][T0x789d971ad740][TIMING] emit_host_span: [STRACE] v=1 pid=3752878 tid=3752878 inv=49 hid=a1b044e660229c3b depth=1 name=chip.run.validate ts=82113504151367 dur=296304 
[mono_ns=82113504449805][T0x789d971ad740][TIMING] emit_host_span: [STRACE] v=1 pid=3752878 tid=3752878 inv=49 hid=a1b044e660229c3b depth=2 name=chip.run.runner_run.device_wall ts=0 dur=7106315 clk=dev
[mono_ns=82113504450916][T0x789d971ad740][TIMING] emit_host_span: [STRACE] v=1 pid=3752878 tid=3752878 inv=49 hid=a1b044e660229c3b depth=3 name=chip.run.runner_run.device_wall.preamble ts=0 dur=13798 clk=dev
[mono_ns=82113504451888][T0x789d971ad740][TIMING] emit_host_span: [STRACE] v=1 pid=3752878 tid=3752878 inv=49 hid=a1b044e660229c3b depth=3 name=chip.run.runner_run.device_wall.graph_build ts=3587 dur=7097903 clk=dev
[mono_ns=82113504452639][T0x789d971ad740][TIMING] emit_host_span: [STRACE] v=1 pid=3752878 tid=3752878 inv=49 hid=a1b044e660229c3b depth=3 name=chip.run.runner_run.device_wall.config_validate ts=4242 dur=1521 clk=dev
[mono_ns=82113504453330][T0x789d971ad740][TIMING] emit_host_span: [STRACE] v=1 pid=3752878 tid=3752878 inv=49 hid=a1b044e660229c3b depth=3 name=chip.run.runner_run.device_wall.arena_wire ts=5787 dur=2801 clk=dev
[mono_ns=82113504454001][T0x789d971ad740][TIMING] emit_host_span: [STRACE] v=1 pid=3752878 tid=3752878 inv=49 hid=a1b044e660229c3b depth=3 name=chip.run.runner_run.device_wall.sm_reset ts=8607 dur=4101 clk=dev
[mono_ns=82113504454682][T0x789d971ad740][TIMING] emit_host_span: [STRACE] v=1 pid=3752878 tid=3752878 inv=49 hid=a1b044e660229c3b depth=3 name=chip.run.runner_run.device_wall.post_orch ts=7101790 dur=4366 clk=dev
[mono_ns=82113504455383][T0x789d971ad740][TIMING] emit_host_span: [STRACE] v=1 pid=3752878 tid=3752878 inv=49 hid=a1b044e660229c3b depth=3 name=chip.run.runner_run.device_wall.orch ts=12746 dur=6042922 clk=dev
[mono_ns=82113504456084][T0x789d971ad740][TIMING] emit_host_span: [STRACE] v=1 pid=3752878 tid=3752878 inv=49 hid=a1b044e660229c3b depth=3 name=chip.run.runner_run.device_wall.sched ts=14277 dur=7071405 clk=dev
[mono_ns=82113504456935][T0x789d971ad740][TIMING] emit_host_span: [STRACE] v=1 pid=3752878 tid=3752878 inv=49 hid=a1b044e660229c3b depth=1 name=chip.run.claim_release ts=82113504456635 dur=80 
[mono_ns=82113504458207][T0x789d971ad740][TIMING] emit_host_span: [STRACE] v=1 pid=3752878 tid=3752878 inv=49 hid=a1b044e660229c3b depth=0 name=chip.run ts=82113384975874 dur=119482043 run_id=0 dispatch_id=0 slot_id=0 generation=49 run_epoch=49
[mono_ns=82113610915040][T0x789d971ad740][TIMING] emit_host_span: [STRACE] v=1 pid=3752878 tid=3752878 inv=50 hid=a1b044e660229c3b depth=2 name=chip.run.bind.args ts=82113504786650 dur=106125947 
[mono_ns=82113610927659][T0x789d971ad740][TIMING] emit_host_span: [STRACE] v=1 pid=3752878 tid=3752878 inv=50 hid=a1b044e660229c3b depth=2 name=chip.run.bind.prebuilt ts=82113610923974 dur=3325 
[mono_ns=82113610929172][T0x789d971ad740][TIMING] emit_host_span: [STRACE] v=1 pid=3752878 tid=3752878 inv=50 hid=a1b044e660229c3b depth=1 name=chip.run.bind ts=82113504782704 dur=106146127 
[mono_ns=82113616052211][T0x789d971ad740][WARN] prepare_execution: [device_runner.cpp:342] AICPU CPU_TOPO unavailable; using json_fallback: soc=Ascend950PR_9579 occupy=0x3e stable_reachable=5 requested=0 effective=5 affinity=[1, 2, 3, 4, 5(orch)]
[mono_ns=82113623378167][T0x789d971ad740][TIMING] emit_host_span: [STRACE] v=1 pid=3752878 tid=3752878 inv=50 hid=a1b044e660229c3b depth=1 name=chip.run.runner_run ts=82113616093182 dur=7284213 
[mono_ns=82113623661201][T0x789d971ad740][TIMING] emit_host_span: [STRACE] v=1 pid=3752878 tid=3752878 inv=50 hid=a1b044e660229c3b depth=1 name=chip.run.validate ts=82113623381361 dur=279390 
[mono_ns=82113623662924][T0x789d971ad740][TIMING] emit_host_span: [STRACE] v=1 pid=3752878 tid=3752878 inv=50 hid=a1b044e660229c3b depth=2 name=chip.run.runner_run.device_wall ts=0 dur=7104593 clk=dev
[mono_ns=82113623664116][T0x789d971ad740][TIMING] emit_host_span: [STRACE] v=1 pid=3752878 tid=3752878 inv=50 hid=a1b044e660229c3b depth=3 name=chip.run.runner_run.device_wall.preamble ts=0 dur=13805 clk=dev
[mono_ns=82113623665037][T0x789d971ad740][TIMING] emit_host_span: [STRACE] v=1 pid=3752878 tid=3752878 inv=50 hid=a1b044e660229c3b depth=3 name=chip.run.runner_run.device_wall.graph_build ts=3372 dur=7095678 clk=dev
[mono_ns=82113623665848][T0x789d971ad740][TIMING] emit_host_span: [STRACE] v=1 pid=3752878 tid=3752878 inv=50 hid=a1b044e660229c3b depth=3 name=chip.run.runner_run.device_wall.config_validate ts=3756 dur=1389 clk=dev
[mono_ns=82113623666559][T0x789d971ad740][TIMING] emit_host_span: [STRACE] v=1 pid=3752878 tid=3752878 inv=50 hid=a1b044e660229c3b depth=3 name=chip.run.runner_run.device_wall.arena_wire ts=5169 dur=2948 clk=dev
[mono_ns=82113623667260][T0x789d971ad740][TIMING] emit_host_span: [STRACE] v=1 pid=3752878 tid=3752878 inv=50 hid=a1b044e660229c3b depth=3 name=chip.run.runner_run.device_wall.sm_reset ts=8179 dur=4011 clk=dev
[mono_ns=82113623667931][T0x789d971ad740][TIMING] emit_host_span: [STRACE] v=1 pid=3752878 tid=3752878 inv=50 hid=a1b044e660229c3b depth=3 name=chip.run.runner_run.device_wall.post_orch ts=7099419 dur=4835 clk=dev
[mono_ns=82113623668632][T0x789d971ad740][TIMING] emit_host_span: [STRACE] v=1 pid=3752878 tid=3752878 inv=50 hid=a1b044e660229c3b depth=3 name=chip.run.runner_run.device_wall.orch ts=12229 dur=5996854 clk=dev
[mono_ns=82113623669344][T0x789d971ad740][TIMING] emit_host_span: [STRACE] v=1 pid=3752878 tid=3752878 inv=50 hid=a1b044e660229c3b depth=3 name=chip.run.runner_run.device_wall.sched ts=13635 dur=7069043 clk=dev
[mono_ns=82113623670605][T0x789d971ad740][TIMING] emit_host_span: [STRACE] v=1 pid=3752878 tid=3752878 inv=50 hid=a1b044e660229c3b depth=1 name=chip.run.claim_release ts=82113623670095 dur=180 
[mono_ns=82113623672268][T0x789d971ad740][TIMING] emit_host_span: [STRACE] v=1 pid=3752878 tid=3752878 inv=50 hid=a1b044e660229c3b depth=0 name=chip.run ts=82113504778538 dur=118893389 run_id=0 dispatch_id=0 slot_id=0 generation=50 run_epoch=50
[mono_ns=82113731527099][T0x789d971ad740][TIMING] emit_host_span: [STRACE] v=1 pid=3752878 tid=3752878 inv=51 hid=a1b044e660229c3b depth=2 name=chip.run.bind.args ts=82113623999179 dur=107525877 
[mono_ns=82113731539328][T0x789d971ad740][TIMING] emit_host_span: [STRACE] v=1 pid=3752878 tid=3752878 inv=51 hid=a1b044e660229c3b depth=2 name=chip.run.bind.prebuilt ts=82113731535682 dur=3285 
[mono_ns=82113731540750][T0x789d971ad740][TIMING] emit_host_span: [STRACE] v=1 pid=3752878 tid=3752878 inv=51 hid=a1b044e660229c3b depth=1 name=chip.run.bind ts=82113623995072 dur=107545307 
[mono_ns=82113736613844][T0x789d971ad740][WARN] prepare_execution: [device_runner.cpp:342] AICPU CPU_TOPO unavailable; using json_fallback: soc=Ascend950PR_9579 occupy=0x3e stable_reachable=5 requested=0 effective=5 affinity=[1, 2, 3, 4, 5(orch)]
[mono_ns=82113743773580][T0x789d971ad740][TIMING] emit_host_span: [STRACE] v=1 pid=3752878 tid=3752878 inv=51 hid=a1b044e660229c3b depth=1 name=chip.run.runner_run ts=82113736664330 dur=7108609 
[mono_ns=82113744049534][T0x789d971ad740][TIMING] emit_host_span: [STRACE] v=1 pid=3752878 tid=3752878 inv=51 hid=a1b044e660229c3b depth=1 name=chip.run.validate ts=82113743776575 dur=272599 
[mono_ns=82113744051177][T0x789d971ad740][TIMING] emit_host_span: [STRACE] v=1 pid=3752878 tid=3752878 inv=51 hid=a1b044e660229c3b depth=2 name=chip.run.runner_run.device_wall ts=0 dur=6952350 clk=dev
[mono_ns=82113744052319][T0x789d971ad740][TIMING] emit_host_span: [STRACE] v=1 pid=3752878 tid=3752878 inv=51 hid=a1b044e660229c3b depth=3 name=chip.run.runner_run.device_wall.preamble ts=0 dur=13992 clk=dev
[mono_ns=82113744053210][T0x789d971ad740][TIMING] emit_host_span: [STRACE] v=1 pid=3752878 tid=3752878 inv=51 hid=a1b044e660229c3b depth=3 name=chip.run.runner_run.device_wall.graph_build ts=3548 dur=6943159 clk=dev
[mono_ns=82113744053931][T0x789d971ad740][TIMING] emit_host_span: [STRACE] v=1 pid=3752878 tid=3752878 inv=51 hid=a1b044e660229c3b depth=3 name=chip.run.runner_run.device_wall.config_validate ts=4002 dur=1656 clk=dev
[mono_ns=82113744054732][T0x789d971ad740][TIMING] emit_host_span: [STRACE] v=1 pid=3752878 tid=3752878 inv=51 hid=a1b044e660229c3b depth=3 name=chip.run.runner_run.device_wall.arena_wire ts=5689 dur=3171 clk=dev
[mono_ns=82113744055463][T0x789d971ad740][TIMING] emit_host_span: [STRACE] v=1 pid=3752878 tid=3752878 inv=51 hid=a1b044e660229c3b depth=3 name=chip.run.runner_run.device_wall.sm_reset ts=8878 dur=3370 clk=dev
[mono_ns=82113744056184][T0x789d971ad740][TIMING] emit_host_span: [STRACE] v=1 pid=3752878 tid=3752878 inv=51 hid=a1b044e660229c3b depth=3 name=chip.run.runner_run.device_wall.post_orch ts=6946876 dur=4923 clk=dev
[mono_ns=82113744056906][T0x789d971ad740][TIMING] emit_host_span: [STRACE] v=1 pid=3752878 tid=3752878 inv=51 hid=a1b044e660229c3b depth=3 name=chip.run.runner_run.device_wall.orch ts=12282 dur=5947878 clk=dev
[mono_ns=82113744057637][T0x789d971ad740][TIMING] emit_host_span: [STRACE] v=1 pid=3752878 tid=3752878 inv=51 hid=a1b044e660229c3b depth=3 name=chip.run.runner_run.device_wall.sched ts=14076 dur=6916300 clk=dev
[mono_ns=82113744058919][T0x789d971ad740][TIMING] emit_host_span: [STRACE] v=1 pid=3752878 tid=3752878 inv=51 hid=a1b044e660229c3b depth=1 name=chip.run.claim_release ts=82113744058558 dur=140 
[mono_ns=82113744060281][T0x789d971ad740][TIMING] emit_host_span: [STRACE] v=1 pid=3752878 tid=3752878 inv=51 hid=a1b044e660229c3b depth=0 name=chip.run ts=82113623990526 dur=120069474 run_id=0 dispatch_id=0 slot_id=0 generation=51 run_epoch=51
[mono_ns=82113853932280][T0x789d971ad740][TIMING] emit_host_span: [STRACE] v=1 pid=3752878 tid=3752878 inv=52 hid=a1b044e660229c3b depth=2 name=chip.run.bind.args ts=82113744385308 dur=109544748 
[mono_ns=82113853945820][T0x789d971ad740][TIMING] emit_host_span: [STRACE] v=1 pid=3752878 tid=3752878 inv=52 hid=a1b044e660229c3b depth=2 name=chip.run.bind.prebuilt ts=82113853942024 dur=3445 
[mono_ns=82113853947282][T0x789d971ad740][TIMING] emit_host_span: [STRACE] v=1 pid=3752878 tid=3752878 inv=52 hid=a1b044e660229c3b depth=1 name=chip.run.bind ts=82113744381683 dur=109565219 
[mono_ns=82113859028499][T0x789d971ad740][WARN] prepare_execution: [device_runner.cpp:342] AICPU CPU_TOPO unavailable; using json_fallback: soc=Ascend950PR_9579 occupy=0x3e stable_reachable=5 requested=0 effective=5 affinity=[1, 2, 3, 4, 5(orch)]
[mono_ns=82113866291991][T0x789d971ad740][TIMING] emit_host_span: [STRACE] v=1 pid=3752878 tid=3752878 inv=52 hid=a1b044e660229c3b depth=1 name=chip.run.runner_run ts=82113859085274 dur=7206076 
[mono_ns=82113866569497][T0x789d971ad740][TIMING] emit_host_span: [STRACE] v=1 pid=3752878 tid=3752878 inv=52 hid=a1b044e660229c3b depth=1 name=chip.run.validate ts=82113866295846 dur=273321 
[mono_ns=82113866571230][T0x789d971ad740][TIMING] emit_host_span: [STRACE] v=1 pid=3752878 tid=3752878 inv=52 hid=a1b044e660229c3b depth=2 name=chip.run.runner_run.device_wall ts=0 dur=7028414 clk=dev
[mono_ns=82113866572321][T0x789d971ad740][TIMING] emit_host_span: [STRACE] v=1 pid=3752878 tid=3752878 inv=52 hid=a1b044e660229c3b depth=3 name=chip.run.runner_run.device_wall.preamble ts=0 dur=14514 clk=dev
[mono_ns=82113866573213][T0x789d971ad740][TIMING] emit_host_span: [STRACE] v=1 pid=3752878 tid=3752878 inv=52 hid=a1b044e660229c3b depth=3 name=chip.run.runner_run.device_wall.graph_build ts=4094 dur=7019628 clk=dev
[mono_ns=82113866574344][T0x789d971ad740][TIMING] emit_host_span: [STRACE] v=1 pid=3752878 tid=3752878 inv=52 hid=a1b044e660229c3b depth=3 name=chip.run.runner_run.device_wall.config_validate ts=4531 dur=1596 clk=dev
[mono_ns=82113866575296][T0x789d971ad740][TIMING] emit_host_span: [STRACE] v=1 pid=3752878 tid=3752878 inv=52 hid=a1b044e660229c3b depth=3 name=chip.run.runner_run.device_wall.arena_wire ts=6150 dur=3141 clk=dev
[mono_ns=82113866576007][T0x789d971ad740][TIMING] emit_host_span: [STRACE] v=1 pid=3752878 tid=3752878 inv=52 hid=a1b044e660229c3b depth=3 name=chip.run.runner_run.device_wall.sm_reset ts=9307 dur=3276 clk=dev
[mono_ns=82113866576698][T0x789d971ad740][TIMING] emit_host_span: [STRACE] v=1 pid=3752878 tid=3752878 inv=52 hid=a1b044e660229c3b depth=3 name=chip.run.runner_run.device_wall.post_orch ts=7024154 dur=3909 clk=dev
[mono_ns=82113866577429][T0x789d971ad740][TIMING] emit_host_span: [STRACE] v=1 pid=3752878 tid=3752878 inv=52 hid=a1b044e660229c3b depth=3 name=chip.run.runner_run.device_wall.orch ts=13011 dur=5935690 clk=dev
[mono_ns=82113866578130][T0x789d971ad740][TIMING] emit_host_span: [STRACE] v=1 pid=3752878 tid=3752878 inv=52 hid=a1b044e660229c3b depth=3 name=chip.run.runner_run.device_wall.sched ts=14810 dur=6993051 clk=dev
[mono_ns=82113866579562][T0x789d971ad740][TIMING] emit_host_span: [STRACE] v=1 pid=3752878 tid=3752878 inv=52 hid=a1b044e660229c3b depth=1 name=chip.run.claim_release ts=82113866579232 dur=70 
[mono_ns=82113866581345][T0x789d971ad740][TIMING] emit_host_span: [STRACE] v=1 pid=3752878 tid=3752878 inv=52 hid=a1b044e660229c3b depth=0 name=chip.run ts=82113744377617 dur=122203367 run_id=0 dispatch_id=0 slot_id=0 generation=52 run_epoch=52
[mono_ns=82113977262088][T0x789d971ad740][TIMING] emit_host_span: [STRACE] v=1 pid=3752878 tid=3752878 inv=53 hid=a1b044e660229c3b depth=2 name=chip.run.bind.args ts=82113866932882 dur=110326452 
[mono_ns=82113977275288][T0x789d971ad740][TIMING] emit_host_span: [STRACE] v=1 pid=3752878 tid=3752878 inv=53 hid=a1b044e660229c3b depth=2 name=chip.run.bind.prebuilt ts=82113977271562 dur=3385 
[mono_ns=82113977276700][T0x789d971ad740][TIMING] emit_host_span: [STRACE] v=1 pid=3752878 tid=3752878 inv=53 hid=a1b044e660229c3b depth=1 name=chip.run.bind ts=82113866928856 dur=110347493 
[mono_ns=82113982422022][T0x789d971ad740][WARN] prepare_execution: [device_runner.cpp:342] AICPU CPU_TOPO unavailable; using json_fallback: soc=Ascend950PR_9579 occupy=0x3e stable_reachable=5 requested=0 effective=5 affinity=[1, 2, 3, 4, 5(orch)]
[mono_ns=82113989682780][T0x789d971ad740][TIMING] emit_host_span: [STRACE] v=1 pid=3752878 tid=3752878 inv=53 hid=a1b044e660229c3b depth=1 name=chip.run.runner_run ts=82113982477576 dur=7204623 
[mono_ns=82113989961108][T0x789d971ad740][TIMING] emit_host_span: [STRACE] v=1 pid=3752878 tid=3752878 inv=53 hid=a1b044e660229c3b depth=1 name=chip.run.validate ts=82113989686215 dur=274462 
[mono_ns=82113989962640][T0x789d971ad740][TIMING] emit_host_span: [STRACE] v=1 pid=3752878 tid=3752878 inv=53 hid=a1b044e660229c3b depth=2 name=chip.run.runner_run.device_wall ts=0 dur=7024293 clk=dev
[mono_ns=82113989963702][T0x789d971ad740][TIMING] emit_host_span: [STRACE] v=1 pid=3752878 tid=3752878 inv=53 hid=a1b044e660229c3b depth=3 name=chip.run.runner_run.device_wall.preamble ts=0 dur=13884 clk=dev
[mono_ns=82113989964643][T0x789d971ad740][TIMING] emit_host_span: [STRACE] v=1 pid=3752878 tid=3752878 inv=53 hid=a1b044e660229c3b depth=3 name=chip.run.runner_run.device_wall.graph_build ts=3634 dur=7016839 clk=dev
[mono_ns=82113989965404][T0x789d971ad740][TIMING] emit_host_span: [STRACE] v=1 pid=3752878 tid=3752878 inv=53 hid=a1b044e660229c3b depth=3 name=chip.run.runner_run.device_wall.config_validate ts=4263 dur=1355 clk=dev
[mono_ns=82113989966095][T0x789d971ad740][TIMING] emit_host_span: [STRACE] v=1 pid=3752878 tid=3752878 inv=53 hid=a1b044e660229c3b depth=3 name=chip.run.runner_run.device_wall.arena_wire ts=5636 dur=2929 clk=dev
[mono_ns=82113989966806][T0x789d971ad740][TIMING] emit_host_span: [STRACE] v=1 pid=3752878 tid=3752878 inv=53 hid=a1b044e660229c3b depth=3 name=chip.run.runner_run.device_wall.sm_reset ts=8585 dur=3388 clk=dev
[mono_ns=82113989967518][T0x789d971ad740][TIMING] emit_host_span: [STRACE] v=1 pid=3752878 tid=3752878 inv=53 hid=a1b044e660229c3b depth=3 name=chip.run.runner_run.device_wall.post_orch ts=7020724 dur=3458 clk=dev
[mono_ns=82113989968709][T0x789d971ad740][TIMING] emit_host_span: [STRACE] v=1 pid=3752878 tid=3752878 inv=53 hid=a1b044e660229c3b depth=3 name=chip.run.runner_run.device_wall.orch ts=12011 dur=5957572 clk=dev
[mono_ns=82113989969410][T0x789d971ad740][TIMING] emit_host_span: [STRACE] v=1 pid=3752878 tid=3752878 inv=53 hid=a1b044e660229c3b depth=3 name=chip.run.runner_run.device_wall.sched ts=14194 dur=6990696 clk=dev
[mono_ns=82113989970462][T0x789d971ad740][TIMING] emit_host_span: [STRACE] v=1 pid=3752878 tid=3752878 inv=53 hid=a1b044e660229c3b depth=1 name=chip.run.claim_release ts=82113989970081 dur=121 
[mono_ns=82113989971834][T0x789d971ad740][TIMING] emit_host_span: [STRACE] v=1 pid=3752878 tid=3752878 inv=53 hid=a1b044e660229c3b depth=0 name=chip.run ts=82113866924189 dur=123047355 run_id=0 dispatch_id=0 slot_id=0 generation=53 run_epoch=53
[mono_ns=82114099005445][T0x789d971ad740][TIMING] emit_host_span: [STRACE] v=1 pid=3752878 tid=3752878 inv=54 hid=a1b044e660229c3b depth=2 name=chip.run.bind.args ts=82113990310733 dur=108687791 
[mono_ns=82114099019225][T0x789d971ad740][TIMING] emit_host_span: [STRACE] v=1 pid=3752878 tid=3752878 inv=54 hid=a1b044e660229c3b depth=2 name=chip.run.bind.prebuilt ts=82114099015249 dur=3586 
[mono_ns=82114099020768][T0x789d971ad740][TIMING] emit_host_span: [STRACE] v=1 pid=3752878 tid=3752878 inv=54 hid=a1b044e660229c3b depth=1 name=chip.run.bind ts=82113990306627 dur=108713800 
[mono_ns=82114104177968][T0x789d971ad740][WARN] prepare_execution: [device_runner.cpp:342] AICPU CPU_TOPO unavailable; using json_fallback: soc=Ascend950PR_9579 occupy=0x3e stable_reachable=5 requested=0 effective=5 affinity=[1, 2, 3, 4, 5(orch)]
[mono_ns=82114111505136][T0x789d971ad740][TIMING] emit_host_span: [STRACE] v=1 pid=3752878 tid=3752878 inv=54 hid=a1b044e660229c3b depth=1 name=chip.run.runner_run ts=82114104231669 dur=7272555 
[mono_ns=82114111783253][T0x789d971ad740][TIMING] emit_host_span: [STRACE] v=1 pid=3752878 tid=3752878 inv=54 hid=a1b044e660229c3b depth=1 name=chip.run.validate ts=82114111508401 dur=274532 
[mono_ns=82114111785306][T0x789d971ad740][TIMING] emit_host_span: [STRACE] v=1 pid=3752878 tid=3752878 inv=54 hid=a1b044e660229c3b depth=2 name=chip.run.runner_run.device_wall ts=0 dur=7094405 clk=dev
[mono_ns=82114111786518][T0x789d971ad740][TIMING] emit_host_span: [STRACE] v=1 pid=3752878 tid=3752878 inv=54 hid=a1b044e660229c3b depth=3 name=chip.run.runner_run.device_wall.preamble ts=0 dur=13288 clk=dev
[mono_ns=82114111787469][T0x789d971ad740][TIMING] emit_host_span: [STRACE] v=1 pid=3752878 tid=3752878 inv=54 hid=a1b044e660229c3b depth=3 name=chip.run.runner_run.device_wall.graph_build ts=3453 dur=7085779 clk=dev
[mono_ns=82114111788231][T0x789d971ad740][TIMING] emit_host_span: [STRACE] v=1 pid=3752878 tid=3752878 inv=54 hid=a1b044e660229c3b depth=3 name=chip.run.runner_run.device_wall.config_validate ts=4079 dur=1128 clk=dev
[mono_ns=82114111788922][T0x789d971ad740][TIMING] emit_host_span: [STRACE] v=1 pid=3752878 tid=3752878 inv=54 hid=a1b044e660229c3b depth=3 name=chip.run.runner_run.device_wall.arena_wire ts=5458 dur=3434 clk=dev
[mono_ns=82114111789603][T0x789d971ad740][TIMING] emit_host_span: [STRACE] v=1 pid=3752878 tid=3752878 inv=54 hid=a1b044e660229c3b depth=3 name=chip.run.runner_run.device_wall.sm_reset ts=8909 dur=3667 clk=dev
[mono_ns=82114111790284][T0x789d971ad740][TIMING] emit_host_span: [STRACE] v=1 pid=3752878 tid=3752878 inv=54 hid=a1b044e660229c3b depth=3 name=chip.run.runner_run.device_wall.post_orch ts=7089479 dur=4428 clk=dev
[mono_ns=82114111791065][T0x789d971ad740][TIMING] emit_host_span: [STRACE] v=1 pid=3752878 tid=3752878 inv=54 hid=a1b044e660229c3b depth=3 name=chip.run.runner_run.device_wall.orch ts=12661 dur=5990021 clk=dev
[mono_ns=82114111791766][T0x789d971ad740][TIMING] emit_host_span: [STRACE] v=1 pid=3752878 tid=3752878 inv=54 hid=a1b044e660229c3b depth=3 name=chip.run.runner_run.device_wall.sched ts=13736 dur=7058958 clk=dev
[mono_ns=82114111792848][T0x789d971ad740][TIMING] emit_host_span: [STRACE] v=1 pid=3752878 tid=3752878 inv=54 hid=a1b044e660229c3b depth=1 name=chip.run.claim_release ts=82114111792537 dur=70 
[mono_ns=82114111794300][T0x789d971ad740][TIMING] emit_host_span: [STRACE] v=1 pid=3752878 tid=3752878 inv=54 hid=a1b044e660229c3b depth=0 name=chip.run ts=82113990301879 dur=121492150 run_id=0 dispatch_id=0 slot_id=0 generation=54 run_epoch=54
[mono_ns=82114219642621][T0x789d971ad740][TIMING] emit_host_span: [STRACE] v=1 pid=3752878 tid=3752878 inv=55 hid=a1b044e660229c3b depth=2 name=chip.run.bind.args ts=82114112158046 dur=107482452 
[mono_ns=82114219655691][T0x789d971ad740][TIMING] emit_host_span: [STRACE] v=1 pid=3752878 tid=3752878 inv=55 hid=a1b044e660229c3b depth=2 name=chip.run.bind.prebuilt ts=82114219651825 dur=3505 
[mono_ns=82114219657153][T0x789d971ad740][TIMING] emit_host_span: [STRACE] v=1 pid=3752878 tid=3752878 inv=55 hid=a1b044e660229c3b depth=1 name=chip.run.bind ts=82114112152938 dur=107503855 
[mono_ns=82114224759672][T0x789d971ad740][WARN] prepare_execution: [device_runner.cpp:342] AICPU CPU_TOPO unavailable; using json_fallback: soc=Ascend950PR_9579 occupy=0x3e stable_reachable=5 requested=0 effective=5 affinity=[1, 2, 3, 4, 5(orch)]
[mono_ns=82114232052468][T0x789d971ad740][TIMING] emit_host_span: [STRACE] v=1 pid=3752878 tid=3752878 inv=55 hid=a1b044e660229c3b depth=1 name=chip.run.runner_run ts=82114224814354 dur=7237372 
[mono_ns=82114232332738][T0x789d971ad740][TIMING] emit_host_span: [STRACE] v=1 pid=3752878 tid=3752878 inv=55 hid=a1b044e660229c3b depth=1 name=chip.run.validate ts=82114232055562 dur=276776 
[mono_ns=82114232334481][T0x789d971ad740][TIMING] emit_host_span: [STRACE] v=1 pid=3752878 tid=3752878 inv=55 hid=a1b044e660229c3b depth=2 name=chip.run.runner_run.device_wall ts=0 dur=7052029 clk=dev
[mono_ns=82114232335442][T0x789d971ad740][TIMING] emit_host_span: [STRACE] v=1 pid=3752878 tid=3752878 inv=55 hid=a1b044e660229c3b depth=3 name=chip.run.runner_run.device_wall.preamble ts=0 dur=16265 clk=dev
[mono_ns=82114232336394][T0x789d971ad740][TIMING] emit_host_span: [STRACE] v=1 pid=3752878 tid=3752878 inv=55 hid=a1b044e660229c3b depth=3 name=chip.run.runner_run.device_wall.graph_build ts=5735 dur=7041138 clk=dev
[mono_ns=82114232337145][T0x789d971ad740][TIMING] emit_host_span: [STRACE] v=1 pid=3752878 tid=3752878 inv=55 hid=a1b044e660229c3b depth=3 name=chip.run.runner_run.device_wall.config_validate ts=6312 dur=1390 clk=dev
[mono_ns=82114232337826][T0x789d971ad740][TIMING] emit_host_span: [STRACE] v=1 pid=3752878 tid=3752878 inv=55 hid=a1b044e660229c3b depth=3 name=chip.run.runner_run.device_wall.arena_wire ts=7734 dur=2851 clk=dev
[mono_ns=82114232338517][T0x789d971ad740][TIMING] emit_host_span: [STRACE] v=1 pid=3752878 tid=3752878 inv=55 hid=a1b044e660229c3b depth=3 name=chip.run.runner_run.device_wall.sm_reset ts=10601 dur=3117 clk=dev
[mono_ns=82114232339208][T0x789d971ad740][TIMING] emit_host_span: [STRACE] v=1 pid=3752878 tid=3752878 inv=55 hid=a1b044e660229c3b depth=3 name=chip.run.runner_run.device_wall.post_orch ts=7047039 dur=4687 clk=dev
[mono_ns=82114232339889][T0x789d971ad740][TIMING] emit_host_span: [STRACE] v=1 pid=3752878 tid=3752878 inv=55 hid=a1b044e660229c3b depth=3 name=chip.run.runner_run.device_wall.orch ts=13754 dur=5934451 clk=dev
[mono_ns=82114232340590][T0x789d971ad740][TIMING] emit_host_span: [STRACE] v=1 pid=3752878 tid=3752878 inv=55 hid=a1b044e660229c3b depth=3 name=chip.run.runner_run.device_wall.sched ts=15950 dur=7016555 clk=dev
[mono_ns=82114232341682][T0x789d971ad740][TIMING] emit_host_span: [STRACE] v=1 pid=3752878 tid=3752878 inv=55 hid=a1b044e660229c3b depth=1 name=chip.run.claim_release ts=82114232341251 dur=110 
[mono_ns=82114232342883][T0x789d971ad740][TIMING] emit_host_span: [STRACE] v=1 pid=3752878 tid=3752878 inv=55 hid=a1b044e660229c3b depth=0 name=chip.run ts=82114112147991 dur=120194632 run_id=0 dispatch_id=0 slot_id=0 generation=55 run_epoch=55
[mono_ns=82114344749967][T0x789d971ad740][TIMING] emit_host_span: [STRACE] v=1 pid=3752878 tid=3752878 inv=56 hid=a1b044e660229c3b depth=2 name=chip.run.bind.args ts=82114232670075 dur=112076938 
[mono_ns=82114344762286][T0x789d971ad740][TIMING] emit_host_span: [STRACE] v=1 pid=3752878 tid=3752878 inv=56 hid=a1b044e660229c3b depth=2 name=chip.run.bind.prebuilt ts=82114344759091 dur=2854 
[mono_ns=82114344763598][T0x789d971ad740][TIMING] emit_host_span: [STRACE] v=1 pid=3752878 tid=3752878 inv=56 hid=a1b044e660229c3b depth=1 name=chip.run.bind ts=82114232666209 dur=112097028 
[mono_ns=82114349922811][T0x789d971ad740][WARN] prepare_execution: [device_runner.cpp:342] AICPU CPU_TOPO unavailable; using json_fallback: soc=Ascend950PR_9579 occupy=0x3e stable_reachable=5 requested=0 effective=5 affinity=[1, 2, 3, 4, 5(orch)]
[mono_ns=82114357168657][T0x789d971ad740][TIMING] emit_host_span: [STRACE] v=1 pid=3752878 tid=3752878 inv=56 hid=a1b044e660229c3b depth=1 name=chip.run.runner_run ts=82114349970613 dur=7197203 
[mono_ns=82114357449799][T0x789d971ad740][TIMING] emit_host_span: [STRACE] v=1 pid=3752878 tid=3752878 inv=56 hid=a1b044e660229c3b depth=1 name=chip.run.validate ts=82114357171621 dur=277867 
[mono_ns=82114357451551][T0x789d971ad740][TIMING] emit_host_span: [STRACE] v=1 pid=3752878 tid=3752878 inv=56 hid=a1b044e660229c3b depth=2 name=chip.run.runner_run.device_wall ts=0 dur=7010301 clk=dev
[mono_ns=82114357452653][T0x789d971ad740][TIMING] emit_host_span: [STRACE] v=1 pid=3752878 tid=3752878 inv=56 hid=a1b044e660229c3b depth=3 name=chip.run.runner_run.device_wall.preamble ts=0 dur=12857 clk=dev
[mono_ns=82114357453574][T0x789d971ad740][TIMING] emit_host_span: [STRACE] v=1 pid=3752878 tid=3752878 inv=56 hid=a1b044e660229c3b depth=3 name=chip.run.runner_run.device_wall.graph_build ts=3514 dur=7001046 clk=dev
[mono_ns=82114357454326][T0x789d971ad740][TIMING] emit_host_span: [STRACE] v=1 pid=3752878 tid=3752878 inv=56 hid=a1b044e660229c3b depth=3 name=chip.run.runner_run.device_wall.config_validate ts=4180 dur=1341 clk=dev
[mono_ns=82114357455027][T0x789d971ad740][TIMING] emit_host_span: [STRACE] v=1 pid=3752878 tid=3752878 inv=56 hid=a1b044e660229c3b depth=3 name=chip.run.runner_run.device_wall.arena_wire ts=5552 dur=3287 clk=dev
[mono_ns=82114357455708][T0x789d971ad740][TIMING] emit_host_span: [STRACE] v=1 pid=3752878 tid=3752878 inv=56 hid=a1b044e660229c3b depth=3 name=chip.run.runner_run.device_wall.sm_reset ts=8857 dur=3550 clk=dev
[mono_ns=82114357456399][T0x789d971ad740][TIMING] emit_host_span: [STRACE] v=1 pid=3752878 tid=3752878 inv=56 hid=a1b044e660229c3b depth=3 name=chip.run.runner_run.device_wall.post_orch ts=7004708 dur=5166 clk=dev
[mono_ns=82114357457430][T0x789d971ad740][TIMING] emit_host_span: [STRACE] v=1 pid=3752878 tid=3752878 inv=56 hid=a1b044e660229c3b depth=3 name=chip.run.runner_run.device_wall.orch ts=12504 dur=5951523 clk=dev
[mono_ns=82114357458181][T0x789d971ad740][TIMING] emit_host_span: [STRACE] v=1 pid=3752878 tid=3752878 inv=56 hid=a1b044e660229c3b depth=3 name=chip.run.runner_run.device_wall.sched ts=13410 dur=6976241 clk=dev
[mono_ns=82114357459283][T0x789d971ad740][TIMING] emit_host_span: [STRACE] v=1 pid=3752878 tid=3752878 inv=56 hid=a1b044e660229c3b depth=1 name=chip.run.claim_release ts=82114357458852 dur=91 
[mono_ns=82114357460745][T0x789d971ad740][TIMING] emit_host_span: [STRACE] v=1 pid=3752878 tid=3752878 inv=56 hid=a1b044e660229c3b depth=0 name=chip.run ts=82114232661311 dur=124799074 run_id=0 dispatch_id=0 slot_id=0 generation=56 run_epoch=56
[mono_ns=82114466472643][T0x789d971ad740][TIMING] emit_host_span: [STRACE] v=1 pid=3752878 tid=3752878 inv=57 hid=a1b044e660229c3b depth=2 name=chip.run.bind.args ts=82114357775588 dur=108694431 
[mono_ns=82114466490210][T0x789d971ad740][TIMING] emit_host_span: [STRACE] v=1 pid=3752878 tid=3752878 inv=57 hid=a1b044e660229c3b depth=2 name=chip.run.bind.prebuilt ts=82114466485773 dur=4096 
[mono_ns=82114466491882][T0x789d971ad740][TIMING] emit_host_span: [STRACE] v=1 pid=3752878 tid=3752878 inv=57 hid=a1b044e660229c3b depth=1 name=chip.run.bind ts=82114357771482 dur=108720050 
[mono_ns=82114471566288][T0x789d971ad740][WARN] prepare_execution: [device_runner.cpp:342] AICPU CPU_TOPO unavailable; using json_fallback: soc=Ascend950PR_9579 occupy=0x3e stable_reachable=5 requested=0 effective=5 affinity=[1, 2, 3, 4, 5(orch)]
[mono_ns=82114478779595][T0x789d971ad740][TIMING] emit_host_span: [STRACE] v=1 pid=3752878 tid=3752878 inv=57 hid=a1b044e660229c3b depth=1 name=chip.run.runner_run ts=82114471607110 dur=7171804 
[mono_ns=82114479065925][T0x789d971ad740][TIMING] emit_host_span: [STRACE] v=1 pid=3752878 tid=3752878 inv=57 hid=a1b044e660229c3b depth=1 name=chip.run.validate ts=82114478782980 dur=282644 
[mono_ns=82114479068158][T0x789d971ad740][TIMING] emit_host_span: [STRACE] v=1 pid=3752878 tid=3752878 inv=57 hid=a1b044e660229c3b depth=2 name=chip.run.runner_run.device_wall ts=0 dur=6988037 clk=dev
[mono_ns=82114479069120][T0x789d971ad740][TIMING] emit_host_span: [STRACE] v=1 pid=3752878 tid=3752878 inv=57 hid=a1b044e660229c3b depth=3 name=chip.run.runner_run.device_wall.preamble ts=0 dur=13732 clk=dev
[mono_ns=82114479069911][T0x789d971ad740][TIMING] emit_host_span: [STRACE] v=1 pid=3752878 tid=3752878 inv=57 hid=a1b044e660229c3b depth=3 name=chip.run.runner_run.device_wall.graph_build ts=3526 dur=6978720 clk=dev
[mono_ns=82114479070712][T0x789d971ad740][TIMING] emit_host_span: [STRACE] v=1 pid=3752878 tid=3752878 inv=57 hid=a1b044e660229c3b depth=3 name=chip.run.runner_run.device_wall.config_validate ts=4250 dur=982 clk=dev
[mono_ns=82114479071573][T0x789d971ad740][TIMING] emit_host_span: [STRACE] v=1 pid=3752878 tid=3752878 inv=57 hid=a1b044e660229c3b depth=3 name=chip.run.runner_run.device_wall.arena_wire ts=5429 dur=3532 clk=dev
[mono_ns=82114479072334][T0x789d971ad740][TIMING] emit_host_span: [STRACE] v=1 pid=3752878 tid=3752878 inv=57 hid=a1b044e660229c3b depth=3 name=chip.run.runner_run.device_wall.sm_reset ts=8979 dur=3278 clk=dev
[mono_ns=82114479073076][T0x789d971ad740][TIMING] emit_host_span: [STRACE] v=1 pid=3752878 tid=3752878 inv=57 hid=a1b044e660229c3b depth=3 name=chip.run.runner_run.device_wall.post_orch ts=6982402 dur=4660 clk=dev
[mono_ns=82114479073807][T0x789d971ad740][TIMING] emit_host_span: [STRACE] v=1 pid=3752878 tid=3752878 inv=57 hid=a1b044e660229c3b depth=3 name=chip.run.runner_run.device_wall.orch ts=12290 dur=5868824 clk=dev
[mono_ns=82114479074518][T0x789d971ad740][TIMING] emit_host_span: [STRACE] v=1 pid=3752878 tid=3752878 inv=57 hid=a1b044e660229c3b depth=3 name=chip.run.runner_run.device_wall.sched ts=13905 dur=6955473 clk=dev
[mono_ns=82114479075639][T0x789d971ad740][TIMING] emit_host_span: [STRACE] v=1 pid=3752878 tid=3752878 inv=57 hid=a1b044e660229c3b depth=1 name=chip.run.claim_release ts=82114479075239 dur=150 
[mono_ns=82114479076991][T0x789d971ad740][TIMING] emit_host_span: [STRACE] v=1 pid=3752878 tid=3752878 inv=57 hid=a1b044e660229c3b depth=0 name=chip.run ts=82114357767245 dur=121309466 run_id=0 dispatch_id=0 slot_id=0 generation=57 run_epoch=57
[mono_ns=82114589682712][T0x789d971ad740][TIMING] emit_host_span: [STRACE] v=1 pid=3752878 tid=3752878 inv=58 hid=a1b044e660229c3b depth=2 name=chip.run.bind.args ts=82114479455680 dur=110224558 
[mono_ns=82114589695230][T0x789d971ad740][TIMING] emit_host_span: [STRACE] v=1 pid=3752878 tid=3752878 inv=58 hid=a1b044e660229c3b depth=2 name=chip.run.bind.prebuilt ts=82114589691775 dur=3085 
[mono_ns=82114589696843][T0x789d971ad740][TIMING] emit_host_span: [STRACE] v=1 pid=3752878 tid=3752878 inv=58 hid=a1b044e660229c3b depth=1 name=chip.run.bind ts=82114479451003 dur=110245369 
[mono_ns=82114594857669][T0x789d971ad740][WARN] prepare_execution: [device_runner.cpp:342] AICPU CPU_TOPO unavailable; using json_fallback: soc=Ascend950PR_9579 occupy=0x3e stable_reachable=5 requested=0 effective=5 affinity=[1, 2, 3, 4, 5(orch)]
[mono_ns=82114602253399][T0x789d971ad740][TIMING] emit_host_span: [STRACE] v=1 pid=3752878 tid=3752878 inv=58 hid=a1b044e660229c3b depth=1 name=chip.run.runner_run ts=82114594901224 dur=7351314 
[mono_ns=82114602550365][T0x789d971ad740][TIMING] emit_host_span: [STRACE] v=1 pid=3752878 tid=3752878 inv=58 hid=a1b044e660229c3b depth=1 name=chip.run.validate ts=82114602257075 dur=292909 
[mono_ns=82114602552358][T0x789d971ad740][TIMING] emit_host_span: [STRACE] v=1 pid=3752878 tid=3752878 inv=58 hid=a1b044e660229c3b depth=2 name=chip.run.runner_run.device_wall ts=0 dur=7170276 clk=dev
[mono_ns=82114602553299][T0x789d971ad740][TIMING] emit_host_span: [STRACE] v=1 pid=3752878 tid=3752878 inv=58 hid=a1b044e660229c3b depth=3 name=chip.run.runner_run.device_wall.preamble ts=0 dur=14035 clk=dev
[mono_ns=82114602554061][T0x789d971ad740][TIMING] emit_host_span: [STRACE] v=1 pid=3752878 tid=3752878 inv=58 hid=a1b044e660229c3b depth=3 name=chip.run.runner_run.device_wall.graph_build ts=3503 dur=7160809 clk=dev
[mono_ns=82114602554822][T0x789d971ad740][TIMING] emit_host_span: [STRACE] v=1 pid=3752878 tid=3752878 inv=58 hid=a1b044e660229c3b depth=3 name=chip.run.runner_run.device_wall.config_validate ts=4109 dur=1037 clk=dev
[mono_ns=82114602555513][T0x789d971ad740][TIMING] emit_host_span: [STRACE] v=1 pid=3752878 tid=3752878 inv=58 hid=a1b044e660229c3b depth=3 name=chip.run.runner_run.device_wall.arena_wire ts=5350 dur=2956 clk=dev
[mono_ns=82114602556184][T0x789d971ad740][TIMING] emit_host_span: [STRACE] v=1 pid=3752878 tid=3752878 inv=58 hid=a1b044e660229c3b depth=3 name=chip.run.runner_run.device_wall.sm_reset ts=8322 dur=3088 clk=dev
[mono_ns=82114602556885][T0x789d971ad740][TIMING] emit_host_span: [STRACE] v=1 pid=3752878 tid=3752878 inv=58 hid=a1b044e660229c3b depth=3 name=chip.run.runner_run.device_wall.post_orch ts=7164442 dur=5563 clk=dev
[mono_ns=82114602557596][T0x789d971ad740][TIMING] emit_host_span: [STRACE] v=1 pid=3752878 tid=3752878 inv=58 hid=a1b044e660229c3b depth=3 name=chip.run.runner_run.device_wall.orch ts=11608 dur=6082393 clk=dev
[mono_ns=82114602558297][T0x789d971ad740][TIMING] emit_host_span: [STRACE] v=1 pid=3752878 tid=3752878 inv=58 hid=a1b044e660229c3b depth=3 name=chip.run.runner_run.device_wall.sched ts=14008 dur=7135975 clk=dev
[mono_ns=82114602559238][T0x789d971ad740][TIMING] emit_host_span: [STRACE] v=1 pid=3752878 tid=3752878 inv=58 hid=a1b044e660229c3b depth=1 name=chip.run.claim_release ts=82114602558918 dur=70 
[mono_ns=82114602560680][T0x789d971ad740][TIMING] emit_host_span: [STRACE] v=1 pid=3752878 tid=3752878 inv=58 hid=a1b044e660229c3b depth=0 name=chip.run ts=82114479446246 dur=123114144 run_id=0 dispatch_id=0 slot_id=0 generation=58 run_epoch=58
[mono_ns=82114713134944][T0x789d971ad740][TIMING] emit_host_span: [STRACE] v=1 pid=3752878 tid=3752878 inv=59 hid=a1b044e660229c3b depth=2 name=chip.run.bind.args ts=82114602902193 dur=110229766 
[mono_ns=82114713147793][T0x789d971ad740][TIMING] emit_host_span: [STRACE] v=1 pid=3752878 tid=3752878 inv=59 hid=a1b044e660229c3b depth=2 name=chip.run.bind.prebuilt ts=82114713144268 dur=3234 
[mono_ns=82114713149245][T0x789d971ad740][TIMING] emit_host_span: [STRACE] v=1 pid=3752878 tid=3752878 inv=59 hid=a1b044e660229c3b depth=1 name=chip.run.bind ts=82114602897556 dur=110251308 
[mono_ns=82114718218433][T0x789d971ad740][WARN] prepare_execution: [device_runner.cpp:342] AICPU CPU_TOPO unavailable; using json_fallback: soc=Ascend950PR_9579 occupy=0x3e stable_reachable=5 requested=0 effective=5 affinity=[1, 2, 3, 4, 5(orch)]
[mono_ns=82114725344569][T0x789d971ad740][TIMING] emit_host_span: [STRACE] v=1 pid=3752878 tid=3752878 inv=59 hid=a1b044e660229c3b depth=1 name=chip.run.runner_run ts=82114718259745 dur=7083873 
[mono_ns=82114725636347][T0x789d971ad740][TIMING] emit_host_span: [STRACE] v=1 pid=3752878 tid=3752878 inv=59 hid=a1b044e660229c3b depth=1 name=chip.run.validate ts=82114725348225 dur=287712 
[mono_ns=82114725638020][T0x789d971ad740][TIMING] emit_host_span: [STRACE] v=1 pid=3752878 tid=3752878 inv=59 hid=a1b044e660229c3b depth=2 name=chip.run.runner_run.device_wall ts=0 dur=6903791 clk=dev
[mono_ns=82114725638921][T0x789d971ad740][TIMING] emit_host_span: [STRACE] v=1 pid=3752878 tid=3752878 inv=59 hid=a1b044e660229c3b depth=3 name=chip.run.runner_run.device_wall.preamble ts=0 dur=13481 clk=dev
[mono_ns=82114725639672][T0x789d971ad740][TIMING] emit_host_span: [STRACE] v=1 pid=3752878 tid=3752878 inv=59 hid=a1b044e660229c3b depth=3 name=chip.run.runner_run.device_wall.graph_build ts=3027 dur=6894620 clk=dev
[mono_ns=82114725640373][T0x789d971ad740][TIMING] emit_host_span: [STRACE] v=1 pid=3752878 tid=3752878 inv=59 hid=a1b044e660229c3b depth=3 name=chip.run.runner_run.device_wall.config_validate ts=3433 dur=1228 clk=dev
[mono_ns=82114725641124][T0x789d971ad740][TIMING] emit_host_span: [STRACE] v=1 pid=3752878 tid=3752878 inv=59 hid=a1b044e660229c3b depth=3 name=chip.run.runner_run.device_wall.arena_wire ts=4685 dur=3336 clk=dev
[mono_ns=82114725641815][T0x789d971ad740][TIMING] emit_host_span: [STRACE] v=1 pid=3752878 tid=3752878 inv=59 hid=a1b044e660229c3b depth=3 name=chip.run.runner_run.device_wall.sm_reset ts=8038 dur=3342 clk=dev
[mono_ns=82114725642516][T0x789d971ad740][TIMING] emit_host_span: [STRACE] v=1 pid=3752878 tid=3752878 inv=59 hid=a1b044e660229c3b depth=3 name=chip.run.runner_run.device_wall.post_orch ts=6897992 dur=5609 clk=dev
[mono_ns=82114725643227][T0x789d971ad740][TIMING] emit_host_span: [STRACE] v=1 pid=3752878 tid=3752878 inv=59 hid=a1b044e660229c3b depth=3 name=chip.run.runner_run.device_wall.orch ts=11474 dur=5897699 clk=dev
[mono_ns=82114725643939][T0x789d971ad740][TIMING] emit_host_span: [STRACE] v=1 pid=3752878 tid=3752878 inv=59 hid=a1b044e660229c3b depth=3 name=chip.run.runner_run.device_wall.sched ts=13372 dur=6870196 clk=dev
[mono_ns=82114725645070][T0x789d971ad740][TIMING] emit_host_span: [STRACE] v=1 pid=3752878 tid=3752878 inv=59 hid=a1b044e660229c3b depth=1 name=chip.run.claim_release ts=82114725644579 dur=151 
[mono_ns=82114725646522][T0x789d971ad740][TIMING] emit_host_span: [STRACE] v=1 pid=3752878 tid=3752878 inv=59 hid=a1b044e660229c3b depth=0 name=chip.run ts=82114602892689 dur=122753553 run_id=0 dispatch_id=0 slot_id=0 generation=59 run_epoch=59
[mono_ns=82114833571229][T0x789d971ad740][TIMING] emit_host_span: [STRACE] v=1 pid=3752878 tid=3752878 inv=60 hid=a1b044e660229c3b depth=2 name=chip.run.bind.args ts=82114725970008 dur=107598196 
[mono_ns=82114833584228][T0x789d971ad740][TIMING] emit_host_span: [STRACE] v=1 pid=3752878 tid=3752878 inv=60 hid=a1b044e660229c3b depth=2 name=chip.run.bind.prebuilt ts=82114833580633 dur=3235 
[mono_ns=82114833585600][T0x789d971ad740][TIMING] emit_host_span: [STRACE] v=1 pid=3752878 tid=3752878 inv=60 hid=a1b044e660229c3b depth=1 name=chip.run.bind ts=82114725966022 dur=107619208 
[mono_ns=82114838735630][T0x789d971ad740][WARN] prepare_execution: [device_runner.cpp:342] AICPU CPU_TOPO unavailable; using json_fallback: soc=Ascend950PR_9579 occupy=0x3e stable_reachable=5 requested=0 effective=5 affinity=[1, 2, 3, 4, 5(orch)]
[mono_ns=82114845955036][T0x789d971ad740][TIMING] emit_host_span: [STRACE] v=1 pid=3752878 tid=3752878 inv=60 hid=a1b044e660229c3b depth=1 name=chip.run.runner_run ts=82114838789992 dur=7164553 
[mono_ns=82114846210489][T0x789d971ad740][TIMING] emit_host_span: [STRACE] v=1 pid=3752878 tid=3752878 inv=60 hid=a1b044e660229c3b depth=1 name=chip.run.validate ts=82114845958130 dur=251929 
[mono_ns=82114846212112][T0x789d971ad740][TIMING] emit_host_span: [STRACE] v=1 pid=3752878 tid=3752878 inv=60 hid=a1b044e660229c3b depth=2 name=chip.run.runner_run.device_wall ts=0 dur=7004021 clk=dev
[mono_ns=82114846213193][T0x789d971ad740][TIMING] emit_host_span: [STRACE] v=1 pid=3752878 tid=3752878 inv=60 hid=a1b044e660229c3b depth=3 name=chip.run.runner_run.device_wall.preamble ts=0 dur=13796 clk=dev
[mono_ns=82114846214155][T0x789d971ad740][TIMING] emit_host_span: [STRACE] v=1 pid=3752878 tid=3752878 inv=60 hid=a1b044e660229c3b depth=3 name=chip.run.runner_run.device_wall.graph_build ts=3437 dur=6995126 clk=dev
[mono_ns=82114846214896][T0x789d971ad740][TIMING] emit_host_span: [STRACE] v=1 pid=3752878 tid=3752878 inv=60 hid=a1b044e660229c3b depth=3 name=chip.run.runner_run.device_wall.config_validate ts=3816 dur=1026 clk=dev
[mono_ns=82114846215587][T0x789d971ad740][TIMING] emit_host_span: [STRACE] v=1 pid=3752878 tid=3752878 inv=60 hid=a1b044e660229c3b depth=3 name=chip.run.runner_run.device_wall.arena_wire ts=4867 dur=2793 clk=dev
[mono_ns=82114846216288][T0x789d971ad740][TIMING] emit_host_span: [STRACE] v=1 pid=3752878 tid=3752878 inv=60 hid=a1b044e660229c3b depth=3 name=chip.run.runner_run.device_wall.sm_reset ts=7672 dur=3074 clk=dev
[mono_ns=82114846216969][T0x789d971ad740][TIMING] emit_host_span: [STRACE] v=1 pid=3752878 tid=3752878 inv=60 hid=a1b044e660229c3b depth=3 name=chip.run.runner_run.device_wall.post_orch ts=6998869 dur=4709 clk=dev
[mono_ns=82114846217660][T0x789d971ad740][TIMING] emit_host_span: [STRACE] v=1 pid=3752878 tid=3752878 inv=60 hid=a1b044e660229c3b depth=3 name=chip.run.runner_run.device_wall.orch ts=10901 dur=5904344 clk=dev
[mono_ns=82114846218361][T0x789d971ad740][TIMING] emit_host_span: [STRACE] v=1 pid=3752878 tid=3752878 inv=60 hid=a1b044e660229c3b depth=3 name=chip.run.runner_run.device_wall.sched ts=13564 dur=6968755 clk=dev
[mono_ns=82114846219563][T0x789d971ad740][TIMING] emit_host_span: [STRACE] v=1 pid=3752878 tid=3752878 inv=60 hid=a1b044e660229c3b depth=1 name=chip.run.claim_release ts=82114846219232 dur=80 
[mono_ns=82114846220895][T0x789d971ad740][TIMING] emit_host_span: [STRACE] v=1 pid=3752878 tid=3752878 inv=60 hid=a1b044e660229c3b depth=0 name=chip.run ts=82114725961435 dur=120259179 run_id=0 dispatch_id=0 slot_id=0 generation=60 run_epoch=60
[mono_ns=82114955548787][T0x789d971ad740][TIMING] emit_host_span: [STRACE] v=1 pid=3752878 tid=3752878 inv=61 hid=a1b044e660229c3b depth=2 name=chip.run.bind.args ts=82114846552873 dur=108993280 
[mono_ns=82114955561536][T0x789d971ad740][TIMING] emit_host_span: [STRACE] v=1 pid=3752878 tid=3752878 inv=61 hid=a1b044e660229c3b depth=2 name=chip.run.bind.prebuilt ts=82114955558161 dur=2985 
[mono_ns=82114955562878][T0x789d971ad740][TIMING] emit_host_span: [STRACE] v=1 pid=3752878 tid=3752878 inv=61 hid=a1b044e660229c3b depth=1 name=chip.run.bind ts=82114846548507 dur=109014001 
[mono_ns=82114960735081][T0x789d971ad740][WARN] prepare_execution: [device_runner.cpp:342] AICPU CPU_TOPO unavailable; using json_fallback: soc=Ascend950PR_9579 occupy=0x3e stable_reachable=5 requested=0 effective=5 affinity=[1, 2, 3, 4, 5(orch)]
[mono_ns=82114968164032][T0x789d971ad740][TIMING] emit_host_span: [STRACE] v=1 pid=3752878 tid=3752878 inv=61 hid=a1b044e660229c3b depth=1 name=chip.run.runner_run ts=82114960791035 dur=7372035 
[mono_ns=82114968445003][T0x789d971ad740][TIMING] emit_host_span: [STRACE] v=1 pid=3752878 tid=3752878 inv=61 hid=a1b044e660229c3b depth=1 name=chip.run.validate ts=82114968166886 dur=277687 
[mono_ns=82114968446435][T0x789d971ad740][TIMING] emit_host_span: [STRACE] v=1 pid=3752878 tid=3752878 inv=61 hid=a1b044e660229c3b depth=2 name=chip.run.runner_run.device_wall ts=0 dur=7179362 clk=dev
[mono_ns=82114968447667][T0x789d971ad740][TIMING] emit_host_span: [STRACE] v=1 pid=3752878 tid=3752878 inv=61 hid=a1b044e660229c3b depth=3 name=chip.run.runner_run.device_wall.preamble ts=0 dur=14493 clk=dev
[mono_ns=82114968448579][T0x789d971ad740][TIMING] emit_host_span: [STRACE] v=1 pid=3752878 tid=3752878 inv=61 hid=a1b044e660229c3b depth=3 name=chip.run.runner_run.device_wall.graph_build ts=3418 dur=7171384 clk=dev
[mono_ns=82114968449380][T0x789d971ad740][TIMING] emit_host_span: [STRACE] v=1 pid=3752878 tid=3752878 inv=61 hid=a1b044e660229c3b depth=3 name=chip.run.runner_run.device_wall.config_validate ts=4026 dur=1106 clk=dev
[mono_ns=82114968450141][T0x789d971ad740][TIMING] emit_host_span: [STRACE] v=1 pid=3752878 tid=3752878 inv=61 hid=a1b044e660229c3b depth=3 name=chip.run.runner_run.device_wall.arena_wire ts=5163 dur=2718 clk=dev
[mono_ns=82114968450852][T0x789d971ad740][TIMING] emit_host_span: [STRACE] v=1 pid=3752878 tid=3752878 inv=61 hid=a1b044e660229c3b depth=3 name=chip.run.runner_run.device_wall.sm_reset ts=7897 dur=3369 clk=dev
[mono_ns=82114968451553][T0x789d971ad740][TIMING] emit_host_span: [STRACE] v=1 pid=3752878 tid=3752878 inv=61 hid=a1b044e660229c3b depth=3 name=chip.run.runner_run.device_wall.post_orch ts=7174959 dur=3534 clk=dev
[mono_ns=82114968452264][T0x789d971ad740][TIMING] emit_host_span: [STRACE] v=1 pid=3752878 tid=3752878 inv=61 hid=a1b044e660229c3b depth=3 name=chip.run.runner_run.device_wall.orch ts=11305 dur=6063194 clk=dev
[mono_ns=82114968452955][T0x789d971ad740][TIMING] emit_host_span: [STRACE] v=1 pid=3752878 tid=3752878 inv=61 hid=a1b044e660229c3b depth=3 name=chip.run.runner_run.device_wall.sched ts=14933 dur=7143544 clk=dev
[mono_ns=82114968454117][T0x789d971ad740][TIMING] emit_host_span: [STRACE] v=1 pid=3752878 tid=3752878 inv=61 hid=a1b044e660229c3b depth=1 name=chip.run.claim_release ts=82114968453726 dur=71 
[mono_ns=82114968455609][T0x789d971ad740][TIMING] emit_host_span: [STRACE] v=1 pid=3752878 tid=3752878 inv=61 hid=a1b044e660229c3b depth=0 name=chip.run ts=82114846544100 dur=121911229 run_id=0 dispatch_id=0 slot_id=0 generation=61 run_epoch=61
[mono_ns=82115076610161][T0x789d971ad740][TIMING] emit_host_span: [STRACE] v=1 pid=3752878 tid=3752878 inv=62 hid=a1b044e660229c3b depth=2 name=chip.run.bind.args ts=82114968775369 dur=107831346 
[mono_ns=82115076623821][T0x789d971ad740][TIMING] emit_host_span: [STRACE] v=1 pid=3752878 tid=3752878 inv=62 hid=a1b044e660229c3b depth=2 name=chip.run.bind.prebuilt ts=82115076619995 dur=3536 
[mono_ns=82115076625263][T0x789d971ad740][TIMING] emit_host_span: [STRACE] v=1 pid=3752878 tid=3752878 inv=62 hid=a1b044e660229c3b depth=1 name=chip.run.bind ts=82114968771333 dur=107853570 
[mono_ns=82115081815603][T0x789d971ad740][WARN] prepare_execution: [device_runner.cpp:342] AICPU CPU_TOPO unavailable; using json_fallback: soc=Ascend950PR_9579 occupy=0x3e stable_reachable=5 requested=0 effective=5 affinity=[1, 2, 3, 4, 5(orch)]
[mono_ns=82115089075550][T0x789d971ad740][TIMING] emit_host_span: [STRACE] v=1 pid=3752878 tid=3752878 inv=62 hid=a1b044e660229c3b depth=1 name=chip.run.runner_run ts=82115081868713 dur=7205976 
[mono_ns=82115089374879][T0x789d971ad740][TIMING] emit_host_span: [STRACE] v=1 pid=3752878 tid=3752878 inv=62 hid=a1b044e660229c3b depth=1 name=chip.run.validate ts=82115089079556 dur=294933 
[mono_ns=82115089377073][T0x789d971ad740][TIMING] emit_host_span: [STRACE] v=1 pid=3752878 tid=3752878 inv=62 hid=a1b044e660229c3b depth=2 name=chip.run.runner_run.device_wall ts=0 dur=7031059 clk=dev
[mono_ns=82115089378194][T0x789d971ad740][TIMING] emit_host_span: [STRACE] v=1 pid=3752878 tid=3752878 inv=62 hid=a1b044e660229c3b depth=3 name=chip.run.runner_run.device_wall.preamble ts=0 dur=13635 clk=dev
[mono_ns=82115089378996][T0x789d971ad740][TIMING] emit_host_span: [STRACE] v=1 pid=3752878 tid=3752878 inv=62 hid=a1b044e660229c3b depth=3 name=chip.run.runner_run.device_wall.graph_build ts=3262 dur=7021739 clk=dev
[mono_ns=82115089379767][T0x789d971ad740][TIMING] emit_host_span: [STRACE] v=1 pid=3752878 tid=3752878 inv=62 hid=a1b044e660229c3b depth=3 name=chip.run.runner_run.device_wall.config_validate ts=3889 dur=949 clk=dev
[mono_ns=82115089380488][T0x789d971ad740][TIMING] emit_host_span: [STRACE] v=1 pid=3752878 tid=3752878 inv=62 hid=a1b044e660229c3b depth=3 name=chip.run.runner_run.device_wall.arena_wire ts=4859 dur=2948 clk=dev
[mono_ns=82115089381209][T0x789d971ad740][TIMING] emit_host_span: [STRACE] v=1 pid=3752878 tid=3752878 inv=62 hid=a1b044e660229c3b depth=3 name=chip.run.runner_run.device_wall.sm_reset ts=7827 dur=3244 clk=dev
[mono_ns=82115089381900][T0x789d971ad740][TIMING] emit_host_span: [STRACE] v=1 pid=3752878 tid=3752878 inv=62 hid=a1b044e660229c3b depth=3 name=chip.run.runner_run.device_wall.post_orch ts=7025266 dur=4986 clk=dev
[mono_ns=82115089382581][T0x789d971ad740][TIMING] emit_host_span: [STRACE] v=1 pid=3752878 tid=3752878 inv=62 hid=a1b044e660229c3b depth=3 name=chip.run.runner_run.device_wall.orch ts=11209 dur=5903539 clk=dev
[mono_ns=82115089383292][T0x789d971ad740][TIMING] emit_host_span: [STRACE] v=1 pid=3752878 tid=3752878 inv=62 hid=a1b044e660229c3b depth=3 name=chip.run.runner_run.device_wall.sched ts=13444 dur=6995754 clk=dev
[mono_ns=82115089384354][T0x789d971ad740][TIMING] emit_host_span: [STRACE] v=1 pid=3752878 tid=3752878 inv=62 hid=a1b044e660229c3b depth=1 name=chip.run.claim_release ts=82115089383953 dur=70 
[mono_ns=82115089385666][T0x789d971ad740][TIMING] emit_host_span: [STRACE] v=1 pid=3752878 tid=3752878 inv=62 hid=a1b044e660229c3b depth=0 name=chip.run ts=82114968767417 dur=120617888 run_id=0 dispatch_id=0 slot_id=0 generation=62 run_epoch=62
[mono_ns=82115197246226][T0x789d971ad740][TIMING] emit_host_span: [STRACE] v=1 pid=3752878 tid=3752878 inv=63 hid=a1b044e660229c3b depth=2 name=chip.run.bind.args ts=82115089739216 dur=107504366 
[mono_ns=82115197258434][T0x789d971ad740][TIMING] emit_host_span: [STRACE] v=1 pid=3752878 tid=3752878 inv=63 hid=a1b044e660229c3b depth=2 name=chip.run.bind.prebuilt ts=82115197255019 dur=3044 
[mono_ns=82115197259876][T0x789d971ad740][TIMING] emit_host_span: [STRACE] v=1 pid=3752878 tid=3752878 inv=63 hid=a1b044e660229c3b depth=1 name=chip.run.bind ts=82115089734790 dur=107524665 
[mono_ns=82115202334643][T0x789d971ad740][WARN] prepare_execution: [device_runner.cpp:342] AICPU CPU_TOPO unavailable; using json_fallback: soc=Ascend950PR_9579 occupy=0x3e stable_reachable=5 requested=0 effective=5 affinity=[1, 2, 3, 4, 5(orch)]
[mono_ns=82115209556693][T0x789d971ad740][TIMING] emit_host_span: [STRACE] v=1 pid=3752878 tid=3752878 inv=63 hid=a1b044e660229c3b depth=1 name=chip.run.runner_run ts=82115202389305 dur=7166366 
[mono_ns=82115209836332][T0x789d971ad740][TIMING] emit_host_span: [STRACE] v=1 pid=3752878 tid=3752878 inv=63 hid=a1b044e660229c3b depth=1 name=chip.run.validate ts=82115209559867 dur=276025 
[mono_ns=82115209838055][T0x789d971ad740][TIMING] emit_host_span: [STRACE] v=1 pid=3752878 tid=3752878 inv=63 hid=a1b044e660229c3b depth=2 name=chip.run.runner_run.device_wall ts=0 dur=6980852 clk=dev
[mono_ns=82115209839116][T0x789d971ad740][TIMING] emit_host_span: [STRACE] v=1 pid=3752878 tid=3752878 inv=63 hid=a1b044e660229c3b depth=3 name=chip.run.runner_run.device_wall.preamble ts=0 dur=12618 clk=dev
[mono_ns=82115209840078][T0x789d971ad740][TIMING] emit_host_span: [STRACE] v=1 pid=3752878 tid=3752878 inv=63 hid=a1b044e660229c3b depth=3 name=chip.run.runner_run.device_wall.graph_build ts=3278 dur=6971629 clk=dev
[mono_ns=82115209840799][T0x789d971ad740][TIMING] emit_host_span: [STRACE] v=1 pid=3752878 tid=3752878 inv=63 hid=a1b044e660229c3b depth=3 name=chip.run.runner_run.device_wall.config_validate ts=3663 dur=1562 clk=dev
[mono_ns=82115209841510][T0x789d971ad740][TIMING] emit_host_span: [STRACE] v=1 pid=3752878 tid=3752878 inv=63 hid=a1b044e660229c3b depth=3 name=chip.run.runner_run.device_wall.arena_wire ts=5257 dur=2726 clk=dev
[mono_ns=82115209842201][T0x789d971ad740][TIMING] emit_host_span: [STRACE] v=1 pid=3752878 tid=3752878 inv=63 hid=a1b044e660229c3b depth=3 name=chip.run.runner_run.device_wall.sm_reset ts=7999 dur=3944 clk=dev
[mono_ns=82115209842872][T0x789d971ad740][TIMING] emit_host_span: [STRACE] v=1 pid=3752878 tid=3752878 inv=63 hid=a1b044e660229c3b depth=3 name=chip.run.runner_run.device_wall.post_orch ts=6975076 dur=4887 clk=dev
[mono_ns=82115209843583][T0x789d971ad740][TIMING] emit_host_span: [STRACE] v=1 pid=3752878 tid=3752878 inv=63 hid=a1b044e660229c3b depth=3 name=chip.run.runner_run.device_wall.orch ts=11973 dur=5962693 clk=dev
[mono_ns=82115209844324][T0x789d971ad740][TIMING] emit_host_span: [STRACE] v=1 pid=3752878 tid=3752878 inv=63 hid=a1b044e660229c3b depth=3 name=chip.run.runner_run.device_wall.sched ts=13022 dur=6946320 clk=dev
[mono_ns=82115209845496][T0x789d971ad740][TIMING] emit_host_span: [STRACE] v=1 pid=3752878 tid=3752878 inv=63 hid=a1b044e660229c3b depth=1 name=chip.run.claim_release ts=82115209844985 dur=60 
[mono_ns=82115209847169][T0x789d971ad740][TIMING] emit_host_span: [STRACE] v=1 pid=3752878 tid=3752878 inv=63 hid=a1b044e660229c3b depth=0 name=chip.run ts=82115089729922 dur=120116876 run_id=0 dispatch_id=0 slot_id=0 generation=63 run_epoch=63
[mono_ns=82115320288532][T0x789d971ad740][TIMING] emit_host_span: [STRACE] v=1 pid=3752878 tid=3752878 inv=64 hid=a1b044e660229c3b depth=2 name=chip.run.bind.args ts=82115210180729 dur=110105750 
[mono_ns=82115320301281][T0x789d971ad740][TIMING] emit_host_span: [STRACE] v=1 pid=3752878 tid=3752878 inv=64 hid=a1b044e660229c3b depth=2 name=chip.run.bind.prebuilt ts=82115320297966 dur=2925 
[mono_ns=82115320302663][T0x789d971ad740][TIMING] emit_host_span: [STRACE] v=1 pid=3752878 tid=3752878 inv=64 hid=a1b044e660229c3b depth=1 name=chip.run.bind ts=82115210176703 dur=110125530 
[mono_ns=82115325363770][T0x789d971ad740][WARN] prepare_execution: [device_runner.cpp:342] AICPU CPU_TOPO unavailable; using json_fallback: soc=Ascend950PR_9579 occupy=0x3e stable_reachable=5 requested=0 effective=5 affinity=[1, 2, 3, 4, 5(orch)]
[mono_ns=82115332641132][T0x789d971ad740][TIMING] emit_host_span: [STRACE] v=1 pid=3752878 tid=3752878 inv=64 hid=a1b044e660229c3b depth=1 name=chip.run.runner_run ts=82115325418221 dur=7222300 
[mono_ns=82115332919180][T0x789d971ad740][TIMING] emit_host_span: [STRACE] v=1 pid=3752878 tid=3752878 inv=64 hid=a1b044e660229c3b depth=1 name=chip.run.validate ts=82115332644347 dur=274392 
[mono_ns=82115332920812][T0x789d971ad740][TIMING] emit_host_span: [STRACE] v=1 pid=3752878 tid=3752878 inv=64 hid=a1b044e660229c3b depth=2 name=chip.run.runner_run.device_wall ts=0 dur=7042233 clk=dev
[mono_ns=82115332921703][T0x789d971ad740][TIMING] emit_host_span: [STRACE] v=1 pid=3752878 tid=3752878 inv=64 hid=a1b044e660229c3b depth=3 name=chip.run.runner_run.device_wall.preamble ts=0 dur=14161 clk=dev
[mono_ns=82115332922665][T0x789d971ad740][TIMING] emit_host_span: [STRACE] v=1 pid=3752878 tid=3752878 inv=64 hid=a1b044e660229c3b depth=3 name=chip.run.runner_run.device_wall.graph_build ts=4004 dur=7033013 clk=dev
[mono_ns=82115332923386][T0x789d971ad740][TIMING] emit_host_span: [STRACE] v=1 pid=3752878 tid=3752878 inv=64 hid=a1b044e660229c3b depth=3 name=chip.run.runner_run.device_wall.config_validate ts=4418 dur=1449 clk=dev
[mono_ns=82115332924097][T0x789d971ad740][TIMING] emit_host_span: [STRACE] v=1 pid=3752878 tid=3752878 inv=64 hid=a1b044e660229c3b depth=3 name=chip.run.runner_run.device_wall.arena_wire ts=5899 dur=2489 clk=dev
[mono_ns=82115332924788][T0x789d971ad740][TIMING] emit_host_span: [STRACE] v=1 pid=3752878 tid=3752878 inv=64 hid=a1b044e660229c3b depth=3 name=chip.run.runner_run.device_wall.sm_reset ts=8447 dur=3289 clk=dev
[mono_ns=82115332925479][T0x789d971ad740][TIMING] emit_host_span: [STRACE] v=1 pid=3752878 tid=3752878 inv=64 hid=a1b044e660229c3b depth=3 name=chip.run.runner_run.device_wall.post_orch ts=7037150 dur=4509 clk=dev
[mono_ns=82115332926210][T0x789d971ad740][TIMING] emit_host_span: [STRACE] v=1 pid=3752878 tid=3752878 inv=64 hid=a1b044e660229c3b depth=3 name=chip.run.runner_run.device_wall.orch ts=11775 dur=5991214 clk=dev
[mono_ns=82115332926961][T0x789d971ad740][TIMING] emit_host_span: [STRACE] v=1 pid=3752878 tid=3752878 inv=64 hid=a1b044e660229c3b depth=3 name=chip.run.runner_run.device_wall.sched ts=13969 dur=7006655 clk=dev
[mono_ns=82115332928434][T0x789d971ad740][TIMING] emit_host_span: [STRACE] v=1 pid=3752878 tid=3752878 inv=64 hid=a1b044e660229c3b depth=1 name=chip.run.claim_release ts=82115332927743 dur=200 
[mono_ns=82115332929896][T0x789d971ad740][TIMING] emit_host_span: [STRACE] v=1 pid=3752878 tid=3752878 inv=64 hid=a1b044e660229c3b depth=0 name=chip.run ts=82115210171435 dur=122758110 run_id=0 dispatch_id=0 slot_id=0 generation=64 run_epoch=64
[mono_ns=82115441440351][T0x789d971ad740][TIMING] emit_host_span: [STRACE] v=1 pid=3752878 tid=3752878 inv=65 hid=a1b044e660229c3b depth=2 name=chip.run.bind.args ts=82115333261363 dur=108176424 
[mono_ns=82115441453651][T0x789d971ad740][TIMING] emit_host_span: [STRACE] v=1 pid=3752878 tid=3752878 inv=65 hid=a1b044e660229c3b depth=2 name=chip.run.bind.prebuilt ts=82115441449255 dur=4146 
[mono_ns=82115441455083][T0x789d971ad740][TIMING] emit_host_span: [STRACE] v=1 pid=3752878 tid=3752878 inv=65 hid=a1b044e660229c3b depth=1 name=chip.run.bind ts=82115333256887 dur=108197746 
[mono_ns=82115446857332][T0x789d971ad740][WARN] prepare_execution: [device_runner.cpp:342] AICPU CPU_TOPO unavailable; using json_fallback: soc=Ascend950PR_9579 occupy=0x3e stable_reachable=5 requested=0 effective=5 affinity=[1, 2, 3, 4, 5(orch)]
[mono_ns=82115454230598][T0x789d971ad740][TIMING] emit_host_span: [STRACE] v=1 pid=3752878 tid=3752878 inv=65 hid=a1b044e660229c3b depth=1 name=chip.run.runner_run ts=82115446894247 dur=7335660 
[mono_ns=82115454520403][T0x789d971ad740][TIMING] emit_host_span: [STRACE] v=1 pid=3752878 tid=3752878 inv=65 hid=a1b044e660229c3b depth=1 name=chip.run.validate ts=82115454233853 dur=286230 
[mono_ns=82115454522256][T0x789d971ad740][TIMING] emit_host_span: [STRACE] v=1 pid=3752878 tid=3752878 inv=65 hid=a1b044e660229c3b depth=2 name=chip.run.runner_run.device_wall ts=0 dur=7155910 clk=dev
[mono_ns=82115454523167][T0x789d971ad740][TIMING] emit_host_span: [STRACE] v=1 pid=3752878 tid=3752878 inv=65 hid=a1b044e660229c3b depth=3 name=chip.run.runner_run.device_wall.preamble ts=0 dur=13658 clk=dev
[mono_ns=82115454523929][T0x789d971ad740][TIMING] emit_host_span: [STRACE] v=1 pid=3752878 tid=3752878 inv=65 hid=a1b044e660229c3b depth=3 name=chip.run.runner_run.device_wall.graph_build ts=3481 dur=7146885 clk=dev
[mono_ns=82115454524690][T0x789d971ad740][TIMING] emit_host_span: [STRACE] v=1 pid=3752878 tid=3752878 inv=65 hid=a1b044e660229c3b depth=3 name=chip.run.runner_run.device_wall.config_validate ts=3866 dur=1136 clk=dev
[mono_ns=82115454525371][T0x789d971ad740][TIMING] emit_host_span: [STRACE] v=1 pid=3752878 tid=3752878 inv=65 hid=a1b044e660229c3b depth=3 name=chip.run.runner_run.device_wall.arena_wire ts=5026 dur=2711 clk=dev
[mono_ns=82115454526052][T0x789d971ad740][TIMING] emit_host_span: [STRACE] v=1 pid=3752878 tid=3752878 inv=65 hid=a1b044e660229c3b depth=3 name=chip.run.runner_run.device_wall.sm_reset ts=8033 dur=3669 clk=dev
[mono_ns=82115454526733][T0x789d971ad740][TIMING] emit_host_span: [STRACE] v=1 pid=3752878 tid=3752878 inv=65 hid=a1b044e660229c3b depth=3 name=chip.run.runner_run.device_wall.post_orch ts=7150504 dur=4580 clk=dev
[mono_ns=82115454527434][T0x789d971ad740][TIMING] emit_host_span: [STRACE] v=1 pid=3752878 tid=3752878 inv=65 hid=a1b044e660229c3b depth=3 name=chip.run.runner_run.device_wall.orch ts=11786 dur=6047318 clk=dev
[mono_ns=82115454528135][T0x789d971ad740][TIMING] emit_host_span: [STRACE] v=1 pid=3752878 tid=3752878 inv=65 hid=a1b044e660229c3b depth=3 name=chip.run.runner_run.device_wall.sched ts=13542 dur=7120513 clk=dev
[mono_ns=82115454529076][T0x789d971ad740][TIMING] emit_host_span: [STRACE] v=1 pid=3752878 tid=3752878 inv=65 hid=a1b044e660229c3b depth=1 name=chip.run.claim_release ts=82115454528776 dur=80 
[mono_ns=82115454530308][T0x789d971ad740][TIMING] emit_host_span: [STRACE] v=1 pid=3752878 tid=3752878 inv=65 hid=a1b044e660229c3b depth=0 name=chip.run ts=82115333251999 dur=121277969 run_id=0 dispatch_id=0 slot_id=0 generation=65 run_epoch=65
[mono_ns=82115561935304][T0x789d971ad740][TIMING] emit_host_span: [STRACE] v=1 pid=3752878 tid=3752878 inv=66 hid=a1b044e660229c3b depth=2 name=chip.run.bind.args ts=82115454849207 dur=107083794 
[mono_ns=82115561948204][T0x789d971ad740][TIMING] emit_host_span: [STRACE] v=1 pid=3752878 tid=3752878 inv=66 hid=a1b044e660229c3b depth=2 name=chip.run.bind.prebuilt ts=82115561944348 dur=3435 
[mono_ns=82115561949626][T0x789d971ad740][TIMING] emit_host_span: [STRACE] v=1 pid=3752878 tid=3752878 inv=66 hid=a1b044e660229c3b depth=1 name=chip.run.bind ts=82115454845091 dur=107104154 
[mono_ns=82115567059846][T0x789d971ad740][WARN] prepare_execution: [device_runner.cpp:342] AICPU CPU_TOPO unavailable; using json_fallback: soc=Ascend950PR_9579 occupy=0x3e stable_reachable=5 requested=0 effective=5 affinity=[1, 2, 3, 4, 5(orch)]
[mono_ns=82115574388005][T0x789d971ad740][TIMING] emit_host_span: [STRACE] v=1 pid=3752878 tid=3752878 inv=66 hid=a1b044e660229c3b depth=1 name=chip.run.runner_run ts=82115567096751 dur=7290473 
[mono_ns=82115574678671][T0x789d971ad740][TIMING] emit_host_span: [STRACE] v=1 pid=3752878 tid=3752878 inv=66 hid=a1b044e660229c3b depth=1 name=chip.run.validate ts=82115574391350 dur=286871 
[mono_ns=82115574680444][T0x789d971ad740][TIMING] emit_host_span: [STRACE] v=1 pid=3752878 tid=3752878 inv=66 hid=a1b044e660229c3b depth=2 name=chip.run.runner_run.device_wall ts=0 dur=7102766 clk=dev
[mono_ns=82115574681335][T0x789d971ad740][TIMING] emit_host_span: [STRACE] v=1 pid=3752878 tid=3752878 inv=66 hid=a1b044e660229c3b depth=3 name=chip.run.runner_run.device_wall.preamble ts=0 dur=14460 clk=dev
[mono_ns=82115574682337][T0x789d971ad740][TIMING] emit_host_span: [STRACE] v=1 pid=3752878 tid=3752878 inv=66 hid=a1b044e660229c3b depth=3 name=chip.run.runner_run.device_wall.graph_build ts=3202 dur=7095027 clk=dev
[mono_ns=82115574683118][T0x789d971ad740][TIMING] emit_host_span: [STRACE] v=1 pid=3752878 tid=3752878 inv=66 hid=a1b044e660229c3b depth=3 name=chip.run.runner_run.device_wall.config_validate ts=3599 dur=909 clk=dev
[mono_ns=82115574683849][T0x789d971ad740][TIMING] emit_host_span: [STRACE] v=1 pid=3752878 tid=3752878 inv=66 hid=a1b044e660229c3b depth=3 name=chip.run.runner_run.device_wall.arena_wire ts=4532 dur=2680 clk=dev
[mono_ns=82115574684580][T0x789d971ad740][TIMING] emit_host_span: [STRACE] v=1 pid=3752878 tid=3752878 inv=66 hid=a1b044e660229c3b depth=3 name=chip.run.runner_run.device_wall.sm_reset ts=7230 dur=2995 clk=dev
[mono_ns=82115574685241][T0x789d971ad740][TIMING] emit_host_span: [STRACE] v=1 pid=3752878 tid=3752878 inv=66 hid=a1b044e660229c3b depth=3 name=chip.run.runner_run.device_wall.post_orch ts=7098513 dur=3608 clk=dev
[mono_ns=82115574685932][T0x789d971ad740][TIMING] emit_host_span: [STRACE] v=1 pid=3752878 tid=3752878 inv=66 hid=a1b044e660229c3b depth=3 name=chip.run.runner_run.device_wall.orch ts=10265 dur=6051194 clk=dev
[mono_ns=82115574687144][T0x789d971ad740][TIMING] emit_host_span: [STRACE] v=1 pid=3752878 tid=3752878 inv=66 hid=a1b044e660229c3b depth=3 name=chip.run.runner_run.device_wall.sched ts=14344 dur=7069981 clk=dev
[mono_ns=82115574688226][T0x789d971ad740][TIMING] emit_host_span: [STRACE] v=1 pid=3752878 tid=3752878 inv=66 hid=a1b044e660229c3b depth=1 name=chip.run.claim_release ts=82115574687805 dur=90 
[mono_ns=82115574689417][T0x789d971ad740][TIMING] emit_host_span: [STRACE] v=1 pid=3752878 tid=3752878 inv=66 hid=a1b044e660229c3b depth=0 name=chip.run ts=82115454840313 dur=119848804 run_id=0 dispatch_id=0 slot_id=0 generation=66 run_epoch=66
[mono_ns=82115681832741][T0x789d971ad740][TIMING] emit_host_span: [STRACE] v=1 pid=3752878 tid=3752878 inv=67 hid=a1b044e660229c3b depth=2 name=chip.run.bind.args ts=82115575016008 dur=106814029 
[mono_ns=82115681845520][T0x789d971ad740][TIMING] emit_host_span: [STRACE] v=1 pid=3752878 tid=3752878 inv=67 hid=a1b044e660229c3b depth=2 name=chip.run.bind.prebuilt ts=82115681841985 dur=3305 
[mono_ns=82115681846872][T0x789d971ad740][TIMING] emit_host_span: [STRACE] v=1 pid=3752878 tid=3752878 inv=67 hid=a1b044e660229c3b depth=1 name=chip.run.bind ts=82115575012172 dur=106834259 
[mono_ns=82115686895860][T0x789d971ad740][WARN] prepare_execution: [device_runner.cpp:342] AICPU CPU_TOPO unavailable; using json_fallback: soc=Ascend950PR_9579 occupy=0x3e stable_reachable=5 requested=0 effective=5 affinity=[1, 2, 3, 4, 5(orch)]
[mono_ns=82115694006893][T0x789d971ad740][TIMING] emit_host_span: [STRACE] v=1 pid=3752878 tid=3752878 inv=67 hid=a1b044e660229c3b depth=1 name=chip.run.runner_run ts=82115686934528 dur=7071524 
[mono_ns=82115694298381][T0x789d971ad740][TIMING] emit_host_span: [STRACE] v=1 pid=3752878 tid=3752878 inv=67 hid=a1b044e660229c3b depth=1 name=chip.run.validate ts=82115694009978 dur=287912 
[mono_ns=82115694300213][T0x789d971ad740][TIMING] emit_host_span: [STRACE] v=1 pid=3752878 tid=3752878 inv=67 hid=a1b044e660229c3b depth=2 name=chip.run.runner_run.device_wall ts=0 dur=6900990 clk=dev
[mono_ns=82115694301415][T0x789d971ad740][TIMING] emit_host_span: [STRACE] v=1 pid=3752878 tid=3752878 inv=67 hid=a1b044e660229c3b depth=3 name=chip.run.runner_run.device_wall.preamble ts=0 dur=14341 clk=dev
[mono_ns=82115694302367][T0x789d971ad740][TIMING] emit_host_span: [STRACE] v=1 pid=3752878 tid=3752878 inv=67 hid=a1b044e660229c3b depth=3 name=chip.run.runner_run.device_wall.graph_build ts=3522 dur=6892413 clk=dev
[mono_ns=82115694303218][T0x789d971ad740][TIMING] emit_host_span: [STRACE] v=1 pid=3752878 tid=3752878 inv=67 hid=a1b044e660229c3b depth=3 name=chip.run.runner_run.device_wall.config_validate ts=3900 dur=1306 clk=dev
[mono_ns=82115694303939][T0x789d971ad740][TIMING] emit_host_span: [STRACE] v=1 pid=3752878 tid=3752878 inv=67 hid=a1b044e660229c3b depth=3 name=chip.run.runner_run.device_wall.arena_wire ts=5229 dur=2853 clk=dev
[mono_ns=82115694304630][T0x789d971ad740][TIMING] emit_host_span: [STRACE] v=1 pid=3752878 tid=3752878 inv=67 hid=a1b044e660229c3b depth=3 name=chip.run.runner_run.device_wall.sm_reset ts=8100 dur=3207 clk=dev
[mono_ns=82115694305331][T0x789d971ad740][TIMING] emit_host_span: [STRACE] v=1 pid=3752878 tid=3752878 inv=67 hid=a1b044e660229c3b depth=3 name=chip.run.runner_run.device_wall.post_orch ts=6896109 dur=4452 clk=dev
[mono_ns=82115694306543][T0x789d971ad740][TIMING] emit_host_span: [STRACE] v=1 pid=3752878 tid=3752878 inv=67 hid=a1b044e660229c3b depth=3 name=chip.run.runner_run.device_wall.orch ts=11342 dur=5889771 clk=dev
[mono_ns=82115694307264][T0x789d971ad740][TIMING] emit_host_span: [STRACE] v=1 pid=3752878 tid=3752878 inv=67 hid=a1b044e660229c3b depth=3 name=chip.run.runner_run.device_wall.sched ts=14726 dur=6868181 clk=dev
[mono_ns=82115694308606][T0x789d971ad740][TIMING] emit_host_span: [STRACE] v=1 pid=3752878 tid=3752878 inv=67 hid=a1b044e660229c3b depth=1 name=chip.run.claim_release ts=82115694308205 dur=71 
[mono_ns=82115694310148][T0x789d971ad740][TIMING] emit_host_span: [STRACE] v=1 pid=3752878 tid=3752878 inv=67 hid=a1b044e660229c3b depth=0 name=chip.run ts=82115575007875 dur=119301883 run_id=0 dispatch_id=0 slot_id=0 generation=67 run_epoch=67
[mono_ns=82115802058470][T0x789d971ad740][TIMING] emit_host_span: [STRACE] v=1 pid=3752878 tid=3752878 inv=68 hid=a1b044e660229c3b depth=2 name=chip.run.bind.args ts=82115694633734 dur=107421551 
[mono_ns=82115802073523][T0x789d971ad740][TIMING] emit_host_span: [STRACE] v=1 pid=3752878 tid=3752878 inv=68 hid=a1b044e660229c3b depth=2 name=chip.run.bind.prebuilt ts=82115802069286 dur=3756 
[mono_ns=82115802074935][T0x789d971ad740][TIMING] emit_host_span: [STRACE] v=1 pid=3752878 tid=3752878 inv=68 hid=a1b044e660229c3b depth=1 name=chip.run.bind ts=82115694629378 dur=107445176 
[mono_ns=82115807215660][T0x789d971ad740][WARN] prepare_execution: [device_runner.cpp:342] AICPU CPU_TOPO unavailable; using json_fallback: soc=Ascend950PR_9579 occupy=0x3e stable_reachable=5 requested=0 effective=5 affinity=[1, 2, 3, 4, 5(orch)]
[mono_ns=82115814470710][T0x789d971ad740][TIMING] emit_host_span: [STRACE] v=1 pid=3752878 tid=3752878 inv=68 hid=a1b044e660229c3b depth=1 name=chip.run.runner_run ts=82115807263552 dur=7206206 
[mono_ns=82115814753845][T0x789d971ad740][TIMING] emit_host_span: [STRACE] v=1 pid=3752878 tid=3752878 inv=68 hid=a1b044e660229c3b depth=1 name=chip.run.validate ts=82115814474485 dur=279029 
[mono_ns=82115814755377][T0x789d971ad740][TIMING] emit_host_span: [STRACE] v=1 pid=3752878 tid=3752878 inv=68 hid=a1b044e660229c3b depth=2 name=chip.run.runner_run.device_wall ts=0 dur=7030504 clk=dev
[mono_ns=82115814756579][T0x789d971ad740][TIMING] emit_host_span: [STRACE] v=1 pid=3752878 tid=3752878 inv=68 hid=a1b044e660229c3b depth=3 name=chip.run.runner_run.device_wall.preamble ts=0 dur=13434 clk=dev
[mono_ns=82115814757370][T0x789d971ad740][TIMING] emit_host_span: [STRACE] v=1 pid=3752878 tid=3752878 inv=68 hid=a1b044e660229c3b depth=3 name=chip.run.runner_run.device_wall.graph_build ts=3311 dur=7021986 clk=dev
[mono_ns=82115814758171][T0x789d971ad740][TIMING] emit_host_span: [STRACE] v=1 pid=3752878 tid=3752878 inv=68 hid=a1b044e660229c3b depth=3 name=chip.run.runner_run.device_wall.config_validate ts=3800 dur=1064 clk=dev
[mono_ns=82115814758922][T0x789d971ad740][TIMING] emit_host_span: [STRACE] v=1 pid=3752878 tid=3752878 inv=68 hid=a1b044e660229c3b depth=3 name=chip.run.runner_run.device_wall.arena_wire ts=4895 dur=2315 clk=dev
[mono_ns=82115814759623][T0x789d971ad740][TIMING] emit_host_span: [STRACE] v=1 pid=3752878 tid=3752878 inv=68 hid=a1b044e660229c3b depth=3 name=chip.run.runner_run.device_wall.sm_reset ts=7268 dur=3662 clk=dev
[mono_ns=82115814760324][T0x789d971ad740][TIMING] emit_host_span: [STRACE] v=1 pid=3752878 tid=3752878 inv=68 hid=a1b044e660229c3b depth=3 name=chip.run.runner_run.device_wall.post_orch ts=7025541 dur=4074 clk=dev
[mono_ns=82115814761035][T0x789d971ad740][TIMING] emit_host_span: [STRACE] v=1 pid=3752878 tid=3752878 inv=68 hid=a1b044e660229c3b depth=3 name=chip.run.runner_run.device_wall.orch ts=11014 dur=5930125 clk=dev
[mono_ns=82115814761737][T0x789d971ad740][TIMING] emit_host_span: [STRACE] v=1 pid=3752878 tid=3752878 inv=68 hid=a1b044e660229c3b depth=3 name=chip.run.runner_run.device_wall.sched ts=13109 dur=6997263 clk=dev
[mono_ns=82115814762778][T0x789d971ad740][TIMING] emit_host_span: [STRACE] v=1 pid=3752878 tid=3752878 inv=68 hid=a1b044e660229c3b depth=1 name=chip.run.claim_release ts=82115814762428 dur=110 
[mono_ns=82115814764120][T0x789d971ad740][TIMING] emit_host_span: [STRACE] v=1 pid=3752878 tid=3752878 inv=68 hid=a1b044e660229c3b depth=0 name=chip.run ts=82115694625341 dur=120138449 run_id=0 dispatch_id=0 slot_id=0 generation=68 run_epoch=68
[mono_ns=82115922734004][T0x789d971ad740][TIMING] emit_host_span: [STRACE] v=1 pid=3752878 tid=3752878 inv=69 hid=a1b044e660229c3b depth=2 name=chip.run.bind.args ts=82115815138782 dur=107592789 
[mono_ns=82115922747374][T0x789d971ad740][TIMING] emit_host_span: [STRACE] v=1 pid=3752878 tid=3752878 inv=69 hid=a1b044e660229c3b depth=2 name=chip.run.bind.prebuilt ts=82115922743979 dur=3025 
[mono_ns=82115922748856][T0x789d971ad740][TIMING] emit_host_span: [STRACE] v=1 pid=3752878 tid=3752878 inv=69 hid=a1b044e660229c3b depth=1 name=chip.run.bind ts=82115815134796 dur=107613710 
[mono_ns=82115928370514][T0x789d971ad740][WARN] prepare_execution: [device_runner.cpp:342] AICPU CPU_TOPO unavailable; using json_fallback: soc=Ascend950PR_9579 occupy=0x3e stable_reachable=5 requested=0 effective=5 affinity=[1, 2, 3, 4, 5(orch)]
[mono_ns=82115935718222][T0x789d971ad740][TIMING] emit_host_span: [STRACE] v=1 pid=3752878 tid=3752878 inv=69 hid=a1b044e660229c3b depth=1 name=chip.run.runner_run ts=82115928425867 dur=7291644 
[mono_ns=82115935994086][T0x789d971ad740][TIMING] emit_host_span: [STRACE] v=1 pid=3752878 tid=3752878 inv=69 hid=a1b044e660229c3b depth=1 name=chip.run.validate ts=82115935721097 dur=272549 
[mono_ns=82115935995969][T0x789d971ad740][TIMING] emit_host_span: [STRACE] v=1 pid=3752878 tid=3752878 inv=69 hid=a1b044e660229c3b depth=2 name=chip.run.runner_run.device_wall ts=0 dur=7117819 clk=dev
[mono_ns=82115935997131][T0x789d971ad740][TIMING] emit_host_span: [STRACE] v=1 pid=3752878 tid=3752878 inv=69 hid=a1b044e660229c3b depth=3 name=chip.run.runner_run.device_wall.preamble ts=0 dur=13527 clk=dev
[mono_ns=82115935998042][T0x789d971ad740][TIMING] emit_host_span: [STRACE] v=1 pid=3752878 tid=3752878 inv=69 hid=a1b044e660229c3b depth=3 name=chip.run.runner_run.device_wall.graph_build ts=3215 dur=7108837 clk=dev
[mono_ns=82115935998854][T0x789d971ad740][TIMING] emit_host_span: [STRACE] v=1 pid=3752878 tid=3752878 inv=69 hid=a1b044e660229c3b depth=3 name=chip.run.runner_run.device_wall.config_validate ts=3604 dur=1299 clk=dev
[mono_ns=82115935999565][T0x789d971ad740][TIMING] emit_host_span: [STRACE] v=1 pid=3752878 tid=3752878 inv=69 hid=a1b044e660229c3b depth=3 name=chip.run.runner_run.device_wall.arena_wire ts=4926 dur=2639 clk=dev
[mono_ns=82115936006345][T0x789d971ad740][TIMING] emit_host_span: [STRACE] v=1 pid=3752878 tid=3752878 inv=69 hid=a1b044e660229c3b depth=3 name=chip.run.runner_run.device_wall.sm_reset ts=7580 dur=3297 clk=dev
[mono_ns=82115936007096][T0x789d971ad740][TIMING] emit_host_span: [STRACE] v=1 pid=3752878 tid=3752878 inv=69 hid=a1b044e660229c3b depth=3 name=chip.run.runner_run.device_wall.post_orch ts=7112141 dur=4866 clk=dev
[mono_ns=82115936007817][T0x789d971ad740][TIMING] emit_host_span: [STRACE] v=1 pid=3752878 tid=3752878 inv=69 hid=a1b044e660229c3b depth=3 name=chip.run.runner_run.device_wall.orch ts=11759 dur=6020262 clk=dev
[mono_ns=82115936008548][T0x789d971ad740][TIMING] emit_host_span: [STRACE] v=1 pid=3752878 tid=3752878 inv=69 hid=a1b044e660229c3b depth=3 name=chip.run.runner_run.device_wall.sched ts=13838 dur=7082459 clk=dev
[mono_ns=82115936009710][T0x789d971ad740][TIMING] emit_host_span: [STRACE] v=1 pid=3752878 tid=3752878 inv=69 hid=a1b044e660229c3b depth=1 name=chip.run.claim_release ts=82115936009219 dur=140 
[mono_ns=82115936011412][T0x789d971ad740][TIMING] emit_host_span: [STRACE] v=1 pid=3752878 tid=3752878 inv=69 hid=a1b044e660229c3b depth=0 name=chip.run ts=82115815130410 dur=120880612 run_id=0 dispatch_id=0 slot_id=0 generation=69 run_epoch=69
[mono_ns=82116042718171][T0x789d971ad740][TIMING] emit_host_span: [STRACE] v=1 pid=3752878 tid=3752878 inv=70 hid=a1b044e660229c3b depth=2 name=chip.run.bind.args ts=82115936339625 dur=106375501 
[mono_ns=82116042731681][T0x789d971ad740][TIMING] emit_host_span: [STRACE] v=1 pid=3752878 tid=3752878 inv=70 hid=a1b044e660229c3b depth=2 name=chip.run.bind.prebuilt ts=82116042728096 dur=3194 
[mono_ns=82116042733293][T0x789d971ad740][TIMING] emit_host_span: [STRACE] v=1 pid=3752878 tid=3752878 inv=70 hid=a1b044e660229c3b depth=1 name=chip.run.bind ts=82115936335289 dur=106397644 
[mono_ns=82116047881891][T0x789d971ad740][WARN] prepare_execution: [device_runner.cpp:342] AICPU CPU_TOPO unavailable; using json_fallback: soc=Ascend950PR_9579 occupy=0x3e stable_reachable=5 requested=0 effective=5 affinity=[1, 2, 3, 4, 5(orch)]
[mono_ns=82116055213365][T0x789d971ad740][TIMING] emit_host_span: [STRACE] v=1 pid=3752878 tid=3752878 inv=70 hid=a1b044e660229c3b depth=1 name=chip.run.runner_run ts=82116047935632 dur=7276421 
[mono_ns=82116055484192][T0x789d971ad740][TIMING] emit_host_span: [STRACE] v=1 pid=3752878 tid=3752878 inv=70 hid=a1b044e660229c3b depth=1 name=chip.run.validate ts=82116055216500 dur=267261 
[mono_ns=82116055485824][T0x789d971ad740][TIMING] emit_host_span: [STRACE] v=1 pid=3752878 tid=3752878 inv=70 hid=a1b044e660229c3b depth=2 name=chip.run.runner_run.device_wall ts=0 dur=7097616 clk=dev
[mono_ns=82116055486745][T0x789d971ad740][TIMING] emit_host_span: [STRACE] v=1 pid=3752878 tid=3752878 inv=70 hid=a1b044e660229c3b depth=3 name=chip.run.runner_run.device_wall.preamble ts=0 dur=14399 clk=dev
[mono_ns=82116055487637][T0x789d971ad740][TIMING] emit_host_span: [STRACE] v=1 pid=3752878 tid=3752878 inv=70 hid=a1b044e660229c3b depth=3 name=chip.run.runner_run.device_wall.graph_build ts=3412 dur=7089187 clk=dev
[mono_ns=82116055488458][T0x789d971ad740][TIMING] emit_host_span: [STRACE] v=1 pid=3752878 tid=3752878 inv=70 hid=a1b044e660229c3b depth=3 name=chip.run.runner_run.device_wall.config_validate ts=3951 dur=1046 clk=dev
[mono_ns=82116055489159][T0x789d971ad740][TIMING] emit_host_span: [STRACE] v=1 pid=3752878 tid=3752878 inv=70 hid=a1b044e660229c3b depth=3 name=chip.run.runner_run.device_wall.arena_wire ts=5029 dur=2736 clk=dev
[mono_ns=82116055489850][T0x789d971ad740][TIMING] emit_host_span: [STRACE] v=1 pid=3752878 tid=3752878 inv=70 hid=a1b044e660229c3b depth=3 name=chip.run.runner_run.device_wall.sm_reset ts=7786 dur=3649 clk=dev
[mono_ns=82116055490531][T0x789d971ad740][TIMING] emit_host_span: [STRACE] v=1 pid=3752878 tid=3752878 inv=70 hid=a1b044e660229c3b depth=3 name=chip.run.runner_run.device_wall.post_orch ts=7092851 dur=4296 clk=dev
[mono_ns=82116055491252][T0x789d971ad740][TIMING] emit_host_span: [STRACE] v=1 pid=3752878 tid=3752878 inv=70 hid=a1b044e660229c3b depth=3 name=chip.run.runner_run.device_wall.orch ts=11518 dur=6001572 clk=dev
[mono_ns=82116055491953][T0x789d971ad740][TIMING] emit_host_span: [STRACE] v=1 pid=3752878 tid=3752878 inv=70 hid=a1b044e660229c3b depth=3 name=chip.run.runner_run.device_wall.sched ts=14330 dur=7062625 clk=dev
[mono_ns=82116055493505][T0x789d971ad740][TIMING] emit_host_span: [STRACE] v=1 pid=3752878 tid=3752878 inv=70 hid=a1b044e660229c3b depth=1 name=chip.run.claim_release ts=82116055492975 dur=190 
[mono_ns=82116055495178][T0x789d971ad740][TIMING] emit_host_span: [STRACE] v=1 pid=3752878 tid=3752878 inv=70 hid=a1b044e660229c3b depth=0 name=chip.run ts=82115936329981 dur=119164846 run_id=0 dispatch_id=0 slot_id=0 generation=70 run_epoch=70
[mono_ns=82116162984851][T0x789d971ad740][TIMING] emit_host_span: [STRACE] v=1 pid=3752878 tid=3752878 inv=71 hid=a1b044e660229c3b depth=2 name=chip.run.bind.args ts=82116055831343 dur=107149312 
[mono_ns=82116163008968][T0x789d971ad740][TIMING] emit_host_span: [STRACE] v=1 pid=3752878 tid=3752878 inv=71 hid=a1b044e660229c3b depth=2 name=chip.run.bind.prebuilt ts=82116163004541 dur=4036 
[mono_ns=82116163011041][T0x789d971ad740][TIMING] emit_host_span: [STRACE] v=1 pid=3752878 tid=3752878 inv=71 hid=a1b044e660229c3b depth=1 name=chip.run.bind ts=82116055826425 dur=107184195 
[mono_ns=82116172270308][T0x789d971ad740][WARN] prepare_execution: [device_runner.cpp:342] AICPU CPU_TOPO unavailable; using json_fallback: soc=Ascend950PR_9579 occupy=0x3e stable_reachable=5 requested=0 effective=5 affinity=[1, 2, 3, 4, 5(orch)]
[mono_ns=82116179661522][T0x789d971ad740][TIMING] emit_host_span: [STRACE] v=1 pid=3752878 tid=3752878 inv=71 hid=a1b044e660229c3b depth=1 name=chip.run.runner_run ts=82116172329617 dur=7331063 
[mono_ns=82116179944707][T0x789d971ad740][TIMING] emit_host_span: [STRACE] v=1 pid=3752878 tid=3752878 inv=71 hid=a1b044e660229c3b depth=1 name=chip.run.validate ts=82116179665718 dur=278478 
[mono_ns=82116179946750][T0x789d971ad740][TIMING] emit_host_span: [STRACE] v=1 pid=3752878 tid=3752878 inv=71 hid=a1b044e660229c3b depth=2 name=chip.run.runner_run.device_wall ts=0 dur=7074178 clk=dev
[mono_ns=82116179947942][T0x789d971ad740][TIMING] emit_host_span: [STRACE] v=1 pid=3752878 tid=3752878 inv=71 hid=a1b044e660229c3b depth=3 name=chip.run.runner_run.device_wall.preamble ts=0 dur=13407 clk=dev
[mono_ns=82116179949213][T0x789d971ad740][TIMING] emit_host_span: [STRACE] v=1 pid=3752878 tid=3752878 inv=71 hid=a1b044e660229c3b depth=3 name=chip.run.runner_run.device_wall.graph_build ts=3028 dur=7066037 clk=dev
[mono_ns=82116179950045][T0x789d971ad740][TIMING] emit_host_span: [STRACE] v=1 pid=3752878 tid=3752878 inv=71 hid=a1b044e660229c3b depth=3 name=chip.run.runner_run.device_wall.config_validate ts=3509 dur=1295 clk=dev
[mono_ns=82116179950776][T0x789d971ad740][TIMING] emit_host_span: [STRACE] v=1 pid=3752878 tid=3752878 inv=71 hid=a1b044e660229c3b depth=3 name=chip.run.runner_run.device_wall.arena_wire ts=4824 dur=2815 clk=dev
[mono_ns=82116179951467][T0x789d971ad740][TIMING] emit_host_span: [STRACE] v=1 pid=3752878 tid=3752878 inv=71 hid=a1b044e660229c3b depth=3 name=chip.run.runner_run.device_wall.sm_reset ts=7655 dur=3238 clk=dev
[mono_ns=82116179952148][T0x789d971ad740][TIMING] emit_host_span: [STRACE] v=1 pid=3752878 tid=3752878 inv=71 hid=a1b044e660229c3b depth=3 name=chip.run.runner_run.device_wall.post_orch ts=7069308 dur=4284 clk=dev
[mono_ns=82116179952859][T0x789d971ad740][TIMING] emit_host_span: [STRACE] v=1 pid=3752878 tid=3752878 inv=71 hid=a1b044e660229c3b depth=3 name=chip.run.runner_run.device_wall.orch ts=10934 dur=5984326 clk=dev
[mono_ns=82116179953550][T0x789d971ad740][TIMING] emit_host_span: [STRACE] v=1 pid=3752878 tid=3752878 inv=71 hid=a1b044e660229c3b depth=3 name=chip.run.runner_run.device_wall.sched ts=13248 dur=7039445 clk=dev
[mono_ns=82116179954632][T0x789d971ad740][TIMING] emit_host_span: [STRACE] v=1 pid=3752878 tid=3752878 inv=71 hid=a1b044e660229c3b depth=1 name=chip.run.claim_release ts=82116179954221 dur=120 
[mono_ns=82116179956364][T0x789d971ad740][TIMING] emit_host_span: [STRACE] v=1 pid=3752878 tid=3752878 inv=71 hid=a1b044e660229c3b depth=0 name=chip.run ts=82116055821498 dur=124134315 run_id=0 dispatch_id=0 slot_id=0 generation=71 run_epoch=71
[mono_ns=82116289508924][T0x789d971ad740][TIMING] emit_host_span: [STRACE] v=1 pid=3752878 tid=3752878 inv=72 hid=a1b044e660229c3b depth=2 name=chip.run.bind.args ts=82116180376435 dur=109129484 
[mono_ns=82116289523586][T0x789d971ad740][TIMING] emit_host_span: [STRACE] v=1 pid=3752878 tid=3752878 inv=72 hid=a1b044e660229c3b depth=2 name=chip.run.bind.prebuilt ts=82116289519319 dur=3876 
[mono_ns=82116289526550][T0x789d971ad740][TIMING] emit_host_span: [STRACE] v=1 pid=3752878 tid=3752878 inv=72 hid=a1b044e660229c3b depth=1 name=chip.run.bind ts=82116180370866 dur=109155254 
[mono_ns=82116294680145][T0x789d971ad740][WARN] prepare_execution: [device_runner.cpp:342] AICPU CPU_TOPO unavailable; using json_fallback: soc=Ascend950PR_9579 occupy=0x3e stable_reachable=5 requested=0 effective=5 affinity=[1, 2, 3, 4, 5(orch)]
[mono_ns=82116302084619][T0x789d971ad740][TIMING] emit_host_span: [STRACE] v=1 pid=3752878 tid=3752878 inv=72 hid=a1b044e660229c3b depth=1 name=chip.run.runner_run ts=82116294733445 dur=7350423 
[mono_ns=82116302382746][T0x789d971ad740][TIMING] emit_host_span: [STRACE] v=1 pid=3752878 tid=3752878 inv=72 hid=a1b044e660229c3b depth=1 name=chip.run.validate ts=82116302087683 dur=294613 
[mono_ns=82116302384519][T0x789d971ad740][TIMING] emit_host_span: [STRACE] v=1 pid=3752878 tid=3752878 inv=72 hid=a1b044e660229c3b depth=2 name=chip.run.runner_run.device_wall ts=0 dur=7171663 clk=dev
[mono_ns=82116302385661][T0x789d971ad740][TIMING] emit_host_span: [STRACE] v=1 pid=3752878 tid=3752878 inv=72 hid=a1b044e660229c3b depth=3 name=chip.run.runner_run.device_wall.preamble ts=0 dur=12440 clk=dev
[mono_ns=82116302386612][T0x789d971ad740][TIMING] emit_host_span: [STRACE] v=1 pid=3752878 tid=3752878 inv=72 hid=a1b044e660229c3b depth=3 name=chip.run.runner_run.device_wall.graph_build ts=3036 dur=7163397 clk=dev
[mono_ns=82116302387363][T0x789d971ad740][TIMING] emit_host_span: [STRACE] v=1 pid=3752878 tid=3752878 inv=72 hid=a1b044e660229c3b depth=3 name=chip.run.runner_run.device_wall.config_validate ts=3623 dur=1446 clk=dev
[mono_ns=82116302388084][T0x789d971ad740][TIMING] emit_host_span: [STRACE] v=1 pid=3752878 tid=3752878 inv=72 hid=a1b044e660229c3b depth=3 name=chip.run.runner_run.device_wall.arena_wire ts=5092 dur=3573 clk=dev
[mono_ns=82116302388775][T0x789d971ad740][TIMING] emit_host_span: [STRACE] v=1 pid=3752878 tid=3752878 inv=72 hid=a1b044e660229c3b depth=3 name=chip.run.runner_run.device_wall.sm_reset ts=8684 dur=3221 clk=dev
[mono_ns=82116302389456][T0x789d971ad740][TIMING] emit_host_span: [STRACE] v=1 pid=3752878 tid=3752878 inv=72 hid=a1b044e660229c3b depth=3 name=chip.run.runner_run.device_wall.post_orch ts=7166698 dur=4519 clk=dev
[mono_ns=82116302390147][T0x789d971ad740][TIMING] emit_host_span: [STRACE] v=1 pid=3752878 tid=3752878 inv=72 hid=a1b044e660229c3b depth=3 name=chip.run.runner_run.device_wall.orch ts=11987 dur=6084397 clk=dev
[mono_ns=82116302390848][T0x789d971ad740][TIMING] emit_host_span: [STRACE] v=1 pid=3752878 tid=3752878 inv=72 hid=a1b044e660229c3b depth=3 name=chip.run.runner_run.device_wall.sched ts=12768 dur=7137125 clk=dev
[mono_ns=82116302392140][T0x789d971ad740][TIMING] emit_host_span: [STRACE] v=1 pid=3752878 tid=3752878 inv=72 hid=a1b044e660229c3b depth=1 name=chip.run.claim_release ts=82116302391620 dur=180 
[mono_ns=82116302393633][T0x789d971ad740][TIMING] emit_host_span: [STRACE] v=1 pid=3752878 tid=3752878 inv=72 hid=a1b044e660229c3b depth=0 name=chip.run ts=82116180365128 dur=122028114 run_id=0 dispatch_id=0 slot_id=0 generation=72 run_epoch=72
[mono_ns=82116415610091][T0x789d971ad740][TIMING] emit_host_span: [STRACE] v=1 pid=3752878 tid=3752878 inv=73 hid=a1b044e660229c3b depth=2 name=chip.run.bind.args ts=82116302764399 dur=112842908 
[mono_ns=82116415622891][T0x789d971ad740][TIMING] emit_host_span: [STRACE] v=1 pid=3752878 tid=3752878 inv=73 hid=a1b044e660229c3b depth=2 name=chip.run.bind.prebuilt ts=82116415619315 dur=3175 
[mono_ns=82116415624253][T0x789d971ad740][TIMING] emit_host_span: [STRACE] v=1 pid=3752878 tid=3752878 inv=73 hid=a1b044e660229c3b depth=1 name=chip.run.bind ts=82116302759332 dur=112864500 
[mono_ns=82116420686160][T0x789d971ad740][WARN] prepare_execution: [device_runner.cpp:342] AICPU CPU_TOPO unavailable; using json_fallback: soc=Ascend950PR_9579 occupy=0x3e stable_reachable=5 requested=0 effective=5 affinity=[1, 2, 3, 4, 5(orch)]
[mono_ns=82116427953758][T0x789d971ad740][TIMING] emit_host_span: [STRACE] v=1 pid=3752878 tid=3752878 inv=73 hid=a1b044e660229c3b depth=1 name=chip.run.runner_run ts=82116420729285 dur=7223582 
[mono_ns=82116428240629][T0x789d971ad740][TIMING] emit_host_span: [STRACE] v=1 pid=3752878 tid=3752878 inv=73 hid=a1b044e660229c3b depth=1 name=chip.run.validate ts=82116427956743 dur=283395 
[mono_ns=82116428242772][T0x789d971ad740][TIMING] emit_host_span: [STRACE] v=1 pid=3752878 tid=3752878 inv=73 hid=a1b044e660229c3b depth=2 name=chip.run.runner_run.device_wall ts=0 dur=7048981 clk=dev
[mono_ns=82116428243744][T0x789d971ad740][TIMING] emit_host_span: [STRACE] v=1 pid=3752878 tid=3752878 inv=73 hid=a1b044e660229c3b depth=3 name=chip.run.runner_run.device_wall.preamble ts=0 dur=14968 clk=dev
[mono_ns=82116428244545][T0x789d971ad740][TIMING] emit_host_span: [STRACE] v=1 pid=3752878 tid=3752878 inv=73 hid=a1b044e660229c3b depth=3 name=chip.run.runner_run.device_wall.graph_build ts=3580 dur=7040554 clk=dev
[mono_ns=82116428245286][T0x789d971ad740][TIMING] emit_host_span: [STRACE] v=1 pid=3752878 tid=3752878 inv=73 hid=a1b044e660229c3b depth=3 name=chip.run.runner_run.device_wall.config_validate ts=3958 dur=1331 clk=dev
[mono_ns=82116428246017][T0x789d971ad740][TIMING] emit_host_span: [STRACE] v=1 pid=3752878 tid=3752878 inv=73 hid=a1b044e660229c3b depth=3 name=chip.run.runner_run.device_wall.arena_wire ts=5312 dur=2997 clk=dev
[mono_ns=82116428246818][T0x789d971ad740][TIMING] emit_host_span: [STRACE] v=1 pid=3752878 tid=3752878 inv=73 hid=a1b044e660229c3b depth=3 name=chip.run.runner_run.device_wall.sm_reset ts=8328 dur=3359 clk=dev
[mono_ns=82116428247569][T0x789d971ad740][TIMING] emit_host_span: [STRACE] v=1 pid=3752878 tid=3752878 inv=73 hid=a1b044e660229c3b depth=3 name=chip.run.runner_run.device_wall.post_orch ts=7044395 dur=4474 clk=dev
[mono_ns=82116428248280][T0x789d971ad740][TIMING] emit_host_span: [STRACE] v=1 pid=3752878 tid=3752878 inv=73 hid=a1b044e660229c3b depth=3 name=chip.run.runner_run.device_wall.orch ts=11772 dur=5996254 clk=dev
[mono_ns=82116428249001][T0x789d971ad740][TIMING] emit_host_span: [STRACE] v=1 pid=3752878 tid=3752878 inv=73 hid=a1b044e660229c3b depth=3 name=chip.run.runner_run.device_wall.sched ts=14666 dur=7014508 clk=dev
[mono_ns=82116428250293][T0x789d971ad740][TIMING] emit_host_span: [STRACE] v=1 pid=3752878 tid=3752878 inv=73 hid=a1b044e660229c3b depth=1 name=chip.run.claim_release ts=82116428249873 dur=90 
[mono_ns=82116428251936][T0x789d971ad740][TIMING] emit_host_span: [STRACE] v=1 pid=3752878 tid=3752878 inv=73 hid=a1b044e660229c3b depth=0 name=chip.run ts=82116302754394 dur=125497161 run_id=0 dispatch_id=0 slot_id=0 generation=73 run_epoch=73
[mono_ns=82116537826418][T0x789d971ad740][TIMING] emit_host_span: [STRACE] v=1 pid=3752878 tid=3752878 inv=74 hid=a1b044e660229c3b depth=2 name=chip.run.bind.args ts=82116428613438 dur=109210076 
[mono_ns=82116537837906][T0x789d971ad740][TIMING] emit_host_span: [STRACE] v=1 pid=3752878 tid=3752878 inv=74 hid=a1b044e660229c3b depth=2 name=chip.run.bind.prebuilt ts=82116537834450 dur=3175 
[mono_ns=82116537839278][T0x789d971ad740][TIMING] emit_host_span: [STRACE] v=1 pid=3752878 tid=3752878 inv=74 hid=a1b044e660229c3b depth=1 name=chip.run.bind ts=82116428608862 dur=109230035 
[mono_ns=82116542987925][T0x789d971ad740][WARN] prepare_execution: [device_runner.cpp:342] AICPU CPU_TOPO unavailable; using json_fallback: soc=Ascend950PR_9579 occupy=0x3e stable_reachable=5 requested=0 effective=5 affinity=[1, 2, 3, 4, 5(orch)]
[mono_ns=82116550272769][T0x789d971ad740][TIMING] emit_host_span: [STRACE] v=1 pid=3752878 tid=3752878 inv=74 hid=a1b044e660229c3b depth=1 name=chip.run.runner_run ts=82116543055066 dur=7216842 
[mono_ns=82116550567842][T0x789d971ad740][TIMING] emit_host_span: [STRACE] v=1 pid=3752878 tid=3752878 inv=74 hid=a1b044e660229c3b depth=1 name=chip.run.validate ts=82116550276094 dur=291097 
[mono_ns=82116550569815][T0x789d971ad740][TIMING] emit_host_span: [STRACE] v=1 pid=3752878 tid=3752878 inv=74 hid=a1b044e660229c3b depth=2 name=chip.run.runner_run.device_wall ts=0 dur=7043295 clk=dev
[mono_ns=82116550570817][T0x789d971ad740][TIMING] emit_host_span: [STRACE] v=1 pid=3752878 tid=3752878 inv=74 hid=a1b044e660229c3b depth=3 name=chip.run.runner_run.device_wall.preamble ts=0 dur=13536 clk=dev
[mono_ns=82116550571648][T0x789d971ad740][TIMING] emit_host_span: [STRACE] v=1 pid=3752878 tid=3752878 inv=74 hid=a1b044e660229c3b depth=3 name=chip.run.runner_run.device_wall.graph_build ts=3305 dur=7035024 clk=dev
[mono_ns=82116550572399][T0x789d971ad740][TIMING] emit_host_span: [STRACE] v=1 pid=3752878 tid=3752878 inv=74 hid=a1b044e660229c3b depth=3 name=chip.run.runner_run.device_wall.config_validate ts=3714 dur=1174 clk=dev
[mono_ns=82116550573090][T0x789d971ad740][TIMING] emit_host_span: [STRACE] v=1 pid=3752878 tid=3752878 inv=74 hid=a1b044e660229c3b depth=3 name=chip.run.runner_run.device_wall.arena_wire ts=4911 dur=2270 clk=dev
[mono_ns=82116550573791][T0x789d971ad740][TIMING] emit_host_span: [STRACE] v=1 pid=3752878 tid=3752878 inv=74 hid=a1b044e660229c3b depth=3 name=chip.run.runner_run.device_wall.sm_reset ts=7198 dur=3015 clk=dev
[mono_ns=82116550574482][T0x789d971ad740][TIMING] emit_host_span: [STRACE] v=1 pid=3752878 tid=3752878 inv=74 hid=a1b044e660229c3b depth=3 name=chip.run.runner_run.device_wall.post_orch ts=7038619 dur=4278 clk=dev
[mono_ns=82116550575203][T0x789d971ad740][TIMING] emit_host_span: [STRACE] v=1 pid=3752878 tid=3752878 inv=74 hid=a1b044e660229c3b depth=3 name=chip.run.runner_run.device_wall.orch ts=10316 dur=5941465 clk=dev
[mono_ns=82116550575894][T0x789d971ad740][TIMING] emit_host_span: [STRACE] v=1 pid=3752878 tid=3752878 inv=74 hid=a1b044e660229c3b depth=3 name=chip.run.runner_run.device_wall.sched ts=13078 dur=7010526 clk=dev
[mono_ns=82116550576906][T0x789d971ad740][TIMING] emit_host_span: [STRACE] v=1 pid=3752878 tid=3752878 inv=74 hid=a1b044e660229c3b depth=1 name=chip.run.claim_release ts=82116550576495 dur=180 
[mono_ns=82116550578458][T0x789d971ad740][TIMING] emit_host_span: [STRACE] v=1 pid=3752878 tid=3752878 inv=74 hid=a1b044e660229c3b depth=0 name=chip.run ts=82116428603443 dur=121974604 run_id=0 dispatch_id=0 slot_id=0 generation=74 run_epoch=74
[mono_ns=82116659063195][T0x789d971ad740][TIMING] emit_host_span: [STRACE] v=1 pid=3752878 tid=3752878 inv=75 hid=a1b044e660229c3b depth=2 name=chip.run.bind.args ts=82116550952319 dur=108108222 
[mono_ns=82116659075573][T0x789d971ad740][TIMING] emit_host_span: [STRACE] v=1 pid=3752878 tid=3752878 inv=75 hid=a1b044e660229c3b depth=2 name=chip.run.bind.prebuilt ts=82116659072018 dur=3195 
[mono_ns=82116659076966][T0x789d971ad740][TIMING] emit_host_span: [STRACE] v=1 pid=3752878 tid=3752878 inv=75 hid=a1b044e660229c3b depth=1 name=chip.run.bind ts=82116550947502 dur=108129123 
[mono_ns=82116664189419][T0x789d971ad740][WARN] prepare_execution: [device_runner.cpp:342] AICPU CPU_TOPO unavailable; using json_fallback: soc=Ascend950PR_9579 occupy=0x3e stable_reachable=5 requested=0 effective=5 affinity=[1, 2, 3, 4, 5(orch)]
[mono_ns=82116671504278][T0x789d971ad740][TIMING] emit_host_span: [STRACE] v=1 pid=3752878 tid=3752878 inv=75 hid=a1b044e660229c3b depth=1 name=chip.run.runner_run ts=82116664227957 dur=7275570 
[mono_ns=82116671782646][T0x789d971ad740][TIMING] emit_host_span: [STRACE] v=1 pid=3752878 tid=3752878 inv=75 hid=a1b044e660229c3b depth=1 name=chip.run.validate ts=82116671507543 dur=274792 
[mono_ns=82116671784308][T0x789d971ad740][TIMING] emit_host_span: [STRACE] v=1 pid=3752878 tid=3752878 inv=75 hid=a1b044e660229c3b depth=2 name=chip.run.runner_run.device_wall ts=0 dur=7113508 clk=dev
[mono_ns=82116671785230][T0x789d971ad740][TIMING] emit_host_span: [STRACE] v=1 pid=3752878 tid=3752878 inv=75 hid=a1b044e660229c3b depth=3 name=chip.run.runner_run.device_wall.preamble ts=0 dur=14734 clk=dev
[mono_ns=82116671786181][T0x789d971ad740][TIMING] emit_host_span: [STRACE] v=1 pid=3752878 tid=3752878 inv=75 hid=a1b044e660229c3b depth=3 name=chip.run.runner_run.device_wall.graph_build ts=3869 dur=7103988 clk=dev
[mono_ns=82116671786962][T0x789d971ad740][TIMING] emit_host_span: [STRACE] v=1 pid=3752878 tid=3752878 inv=75 hid=a1b044e660229c3b depth=3 name=chip.run.runner_run.device_wall.config_validate ts=4488 dur=1264 clk=dev
[mono_ns=82116671787673][T0x789d971ad740][TIMING] emit_host_span: [STRACE] v=1 pid=3752878 tid=3752878 inv=75 hid=a1b044e660229c3b depth=3 name=chip.run.runner_run.device_wall.arena_wire ts=5774 dur=2843 clk=dev
[mono_ns=82116671788364][T0x789d971ad740][TIMING] emit_host_span: [STRACE] v=1 pid=3752878 tid=3752878 inv=75 hid=a1b044e660229c3b depth=3 name=chip.run.runner_run.device_wall.sm_reset ts=8636 dur=3225 clk=dev
[mono_ns=82116671789045][T0x789d971ad740][TIMING] emit_host_span: [STRACE] v=1 pid=3752878 tid=3752878 inv=75 hid=a1b044e660229c3b depth=3 name=chip.run.runner_run.device_wall.post_orch ts=7108107 dur=4972 clk=dev
[mono_ns=82116671789756][T0x789d971ad740][TIMING] emit_host_span: [STRACE] v=1 pid=3752878 tid=3752878 inv=75 hid=a1b044e660229c3b depth=3 name=chip.run.runner_run.device_wall.orch ts=11891 dur=6137946 clk=dev
[mono_ns=82116671790458][T0x789d971ad740][TIMING] emit_host_span: [STRACE] v=1 pid=3752878 tid=3752878 inv=75 hid=a1b044e660229c3b depth=3 name=chip.run.runner_run.device_wall.sched ts=14666 dur=7077367 clk=dev
[mono_ns=82116671791699][T0x789d971ad740][TIMING] emit_host_span: [STRACE] v=1 pid=3752878 tid=3752878 inv=75 hid=a1b044e660229c3b depth=1 name=chip.run.claim_release ts=82116671791179 dur=160 
[mono_ns=82116671793442][T0x789d971ad740][TIMING] emit_host_span: [STRACE] v=1 pid=3752878 tid=3752878 inv=75 hid=a1b044e660229c3b depth=0 name=chip.run ts=82116550942104 dur=120850957 run_id=0 dispatch_id=0 slot_id=0 generation=75 run_epoch=75
[mono_ns=82116782547585][T0x789d971ad740][TIMING] emit_host_span: [STRACE] v=1 pid=3752878 tid=3752878 inv=76 hid=a1b044e660229c3b depth=2 name=chip.run.bind.args ts=82116672177799 dur=110366040 
[mono_ns=82116782565352][T0x789d971ad740][TIMING] emit_host_span: [STRACE] v=1 pid=3752878 tid=3752878 inv=76 hid=a1b044e660229c3b depth=2 name=chip.run.bind.prebuilt ts=82116782560725 dur=4256 
[mono_ns=82116782566964][T0x789d971ad740][TIMING] emit_host_span: [STRACE] v=1 pid=3752878 tid=3752878 inv=76 hid=a1b044e660229c3b depth=1 name=chip.run.bind ts=82116672172952 dur=110393652 
[mono_ns=82116787676523][T0x789d971ad740][WARN] prepare_execution: [device_runner.cpp:342] AICPU CPU_TOPO unavailable; using json_fallback: soc=Ascend950PR_9579 occupy=0x3e stable_reachable=5 requested=0 effective=5 affinity=[1, 2, 3, 4, 5(orch)]
[mono_ns=82116794915408][T0x789d971ad740][TIMING] emit_host_span: [STRACE] v=1 pid=3752878 tid=3752878 inv=76 hid=a1b044e660229c3b depth=1 name=chip.run.runner_run ts=82116787720840 dur=7193837 
[mono_ns=82116795209820][T0x789d971ad740][TIMING] emit_host_span: [STRACE] v=1 pid=3752878 tid=3752878 inv=76 hid=a1b044e660229c3b depth=1 name=chip.run.validate ts=82116794918803 dur=290526 
[mono_ns=82116795211823][T0x789d971ad740][TIMING] emit_host_span: [STRACE] v=1 pid=3752878 tid=3752878 inv=76 hid=a1b044e660229c3b depth=2 name=chip.run.runner_run.device_wall ts=0 dur=7021865 clk=dev
[mono_ns=82116795212895][T0x789d971ad740][TIMING] emit_host_span: [STRACE] v=1 pid=3752878 tid=3752878 inv=76 hid=a1b044e660229c3b depth=3 name=chip.run.runner_run.device_wall.preamble ts=0 dur=13805 clk=dev
[mono_ns=82116795213746][T0x789d971ad740][TIMING] emit_host_span: [STRACE] v=1 pid=3752878 tid=3752878 inv=76 hid=a1b044e660229c3b depth=3 name=chip.run.runner_run.device_wall.graph_build ts=3368 dur=7013471 clk=dev
[mono_ns=82116795214487][T0x789d971ad740][TIMING] emit_host_span: [STRACE] v=1 pid=3752878 tid=3752878 inv=76 hid=a1b044e660229c3b depth=3 name=chip.run.runner_run.device_wall.config_validate ts=3775 dur=1201 clk=dev
[mono_ns=82116795215228][T0x789d971ad740][TIMING] emit_host_span: [STRACE] v=1 pid=3752878 tid=3752878 inv=76 hid=a1b044e660229c3b depth=3 name=chip.run.runner_run.device_wall.arena_wire ts=5008 dur=3097 clk=dev
[mono_ns=82116795215929][T0x789d971ad740][TIMING] emit_host_span: [STRACE] v=1 pid=3752878 tid=3752878 inv=76 hid=a1b044e660229c3b depth=3 name=chip.run.runner_run.device_wall.sm_reset ts=8122 dur=3569 clk=dev
[mono_ns=82116795216630][T0x789d971ad740][TIMING] emit_host_span: [STRACE] v=1 pid=3752878 tid=3752878 inv=76 hid=a1b044e660229c3b depth=3 name=chip.run.runner_run.device_wall.post_orch ts=7016925 dur=4463 clk=dev
[mono_ns=82116795217341][T0x789d971ad740][TIMING] emit_host_span: [STRACE] v=1 pid=3752878 tid=3752878 inv=76 hid=a1b044e660229c3b depth=3 name=chip.run.runner_run.device_wall.orch ts=11800 dur=5963042 clk=dev
[mono_ns=82116795218042][T0x789d971ad740][TIMING] emit_host_span: [STRACE] v=1 pid=3752878 tid=3752878 inv=76 hid=a1b044e660229c3b depth=3 name=chip.run.runner_run.device_wall.sched ts=13735 dur=6986550 clk=dev
[mono_ns=82116795219104][T0x789d971ad740][TIMING] emit_host_span: [STRACE] v=1 pid=3752878 tid=3752878 inv=76 hid=a1b044e660229c3b depth=1 name=chip.run.claim_release ts=82116795218783 dur=101 
[mono_ns=82116795220556][T0x789d971ad740][TIMING] emit_host_span: [STRACE] v=1 pid=3752878 tid=3752878 inv=76 hid=a1b044e660229c3b depth=0 name=chip.run ts=82116672167343 dur=123052933 run_id=0 dispatch_id=0 slot_id=0 generation=76 run_epoch=76
[mono_ns=82116902773945][T0x789d971ad740][TIMING] emit_host_span: [STRACE] v=1 pid=3752878 tid=3752878 inv=77 hid=a1b044e660229c3b depth=2 name=chip.run.bind.args ts=82116795582579 dur=107188071 
[mono_ns=82116902786284][T0x789d971ad740][TIMING] emit_host_span: [STRACE] v=1 pid=3752878 tid=3752878 inv=77 hid=a1b044e660229c3b depth=2 name=chip.run.bind.prebuilt ts=82116902782878 dur=3125 
[mono_ns=82116902787726][T0x789d971ad740][TIMING] emit_host_span: [STRACE] v=1 pid=3752878 tid=3752878 inv=77 hid=a1b044e660229c3b depth=1 name=chip.run.bind ts=82116795578724 dur=107208651 
[mono_ns=82116908013419][T0x789d971ad740][WARN] prepare_execution: [device_runner.cpp:342] AICPU CPU_TOPO unavailable; using json_fallback: soc=Ascend950PR_9579 occupy=0x3e stable_reachable=5 requested=0 effective=5 affinity=[1, 2, 3, 4, 5(orch)]
[mono_ns=82116915243691][T0x789d971ad740][TIMING] emit_host_span: [STRACE] v=1 pid=3752878 tid=3752878 inv=77 hid=a1b044e660229c3b depth=1 name=chip.run.runner_run ts=82116908073279 dur=7169671 
[mono_ns=82116915518013][T0x789d971ad740][TIMING] emit_host_span: [STRACE] v=1 pid=3752878 tid=3752878 inv=77 hid=a1b044e660229c3b depth=1 name=chip.run.validate ts=82116915247046 dur=270546 
[mono_ns=82116915519705][T0x789d971ad740][TIMING] emit_host_span: [STRACE] v=1 pid=3752878 tid=3752878 inv=77 hid=a1b044e660229c3b depth=2 name=chip.run.runner_run.device_wall ts=0 dur=6987846 clk=dev
[mono_ns=82116915520627][T0x789d971ad740][TIMING] emit_host_span: [STRACE] v=1 pid=3752878 tid=3752878 inv=77 hid=a1b044e660229c3b depth=3 name=chip.run.runner_run.device_wall.preamble ts=0 dur=13315 clk=dev
[mono_ns=82116915521979][T0x789d971ad740][TIMING] emit_host_span: [STRACE] v=1 pid=3752878 tid=3752878 inv=77 hid=a1b044e660229c3b depth=3 name=chip.run.runner_run.device_wall.graph_build ts=3636 dur=6979467 clk=dev
[mono_ns=82116915522740][T0x789d971ad740][TIMING] emit_host_span: [STRACE] v=1 pid=3752878 tid=3752878 inv=77 hid=a1b044e660229c3b depth=3 name=chip.run.runner_run.device_wall.config_validate ts=3907 dur=1219 clk=dev
[mono_ns=82116915523431][T0x789d971ad740][TIMING] emit_host_span: [STRACE] v=1 pid=3752878 tid=3752878 inv=77 hid=a1b044e660229c3b depth=3 name=chip.run.runner_run.device_wall.arena_wire ts=5159 dur=2807 clk=dev
[mono_ns=82116915524112][T0x789d971ad740][TIMING] emit_host_span: [STRACE] v=1 pid=3752878 tid=3752878 inv=77 hid=a1b044e660229c3b depth=3 name=chip.run.runner_run.device_wall.sm_reset ts=7977 dur=3323 clk=dev
[mono_ns=82116915524793][T0x789d971ad740][TIMING] emit_host_span: [STRACE] v=1 pid=3752878 tid=3752878 inv=77 hid=a1b044e660229c3b depth=3 name=chip.run.runner_run.device_wall.post_orch ts=6983233 dur=4189 clk=dev
[mono_ns=82116915525504][T0x789d971ad740][TIMING] emit_host_span: [STRACE] v=1 pid=3752878 tid=3752878 inv=77 hid=a1b044e660229c3b depth=3 name=chip.run.runner_run.device_wall.orch ts=11687 dur=5894823 clk=dev
[mono_ns=82116915526225][T0x789d971ad740][TIMING] emit_host_span: [STRACE] v=1 pid=3752878 tid=3752878 inv=77 hid=a1b044e660229c3b depth=3 name=chip.run.runner_run.device_wall.sched ts=12918 dur=6953937 clk=dev
[mono_ns=82116915527277][T0x789d971ad740][TIMING] emit_host_span: [STRACE] v=1 pid=3752878 tid=3752878 inv=77 hid=a1b044e660229c3b depth=1 name=chip.run.claim_release ts=82116915526946 dur=90 
[mono_ns=82116915528569][T0x789d971ad740][TIMING] emit_host_span: [STRACE] v=1 pid=3752878 tid=3752878 inv=77 hid=a1b044e660229c3b depth=0 name=chip.run ts=82116795574077 dur=119954101 run_id=0 dispatch_id=0 slot_id=0 generation=77 run_epoch=77
[mono_ns=82117024993276][T0x789d971ad740][TIMING] emit_host_span: [STRACE] v=1 pid=3752878 tid=3752878 inv=78 hid=a1b044e660229c3b depth=2 name=chip.run.bind.args ts=82116915854268 dur=109136505 
[mono_ns=82117025009581][T0x789d971ad740][TIMING] emit_host_span: [STRACE] v=1 pid=3752878 tid=3752878 inv=78 hid=a1b044e660229c3b depth=2 name=chip.run.bind.prebuilt ts=82117025005955 dur=3335 
[mono_ns=82117025011023][T0x789d971ad740][TIMING] emit_host_span: [STRACE] v=1 pid=3752878 tid=3752878 inv=78 hid=a1b044e660229c3b depth=1 name=chip.run.bind ts=82116915849991 dur=109160692 
[mono_ns=82117030127022][T0x789d971ad740][WARN] prepare_execution: [device_runner.cpp:342] AICPU CPU_TOPO unavailable; using json_fallback: soc=Ascend950PR_9579 occupy=0x3e stable_reachable=5 requested=0 effective=5 affinity=[1, 2, 3, 4, 5(orch)]
[mono_ns=82117037379547][T0x789d971ad740][TIMING] emit_host_span: [STRACE] v=1 pid=3752878 tid=3752878 inv=78 hid=a1b044e660229c3b depth=1 name=chip.run.runner_run ts=82117030184168 dur=7194778 
[mono_ns=82117037650374][T0x789d971ad740][TIMING] emit_host_span: [STRACE] v=1 pid=3752878 tid=3752878 inv=78 hid=a1b044e660229c3b depth=1 name=chip.run.validate ts=82117037382872 dur=267171 
[mono_ns=82117037652036][T0x789d971ad740][TIMING] emit_host_span: [STRACE] v=1 pid=3752878 tid=3752878 inv=78 hid=a1b044e660229c3b depth=2 name=chip.run.runner_run.device_wall ts=0 dur=7014002 clk=dev
[mono_ns=82117037653158][T0x789d971ad740][TIMING] emit_host_span: [STRACE] v=1 pid=3752878 tid=3752878 inv=78 hid=a1b044e660229c3b depth=3 name=chip.run.runner_run.device_wall.preamble ts=0 dur=12747 clk=dev
[mono_ns=82117037654129][T0x789d971ad740][TIMING] emit_host_span: [STRACE] v=1 pid=3752878 tid=3752878 inv=78 hid=a1b044e660229c3b depth=3 name=chip.run.runner_run.device_wall.graph_build ts=3610 dur=7004552 clk=dev
[mono_ns=82117037654961][T0x789d971ad740][TIMING] emit_host_span: [STRACE] v=1 pid=3752878 tid=3752878 inv=78 hid=a1b044e660229c3b depth=3 name=chip.run.runner_run.device_wall.config_validate ts=4046 dur=1157 clk=dev
[mono_ns=82117037655672][T0x789d971ad740][TIMING] emit_host_span: [STRACE] v=1 pid=3752878 tid=3752878 inv=78 hid=a1b044e660229c3b depth=3 name=chip.run.runner_run.device_wall.arena_wire ts=5225 dur=2975 clk=dev
[mono_ns=82117037656363][T0x789d971ad740][TIMING] emit_host_span: [STRACE] v=1 pid=3752878 tid=3752878 inv=78 hid=a1b044e660229c3b depth=3 name=chip.run.runner_run.device_wall.sm_reset ts=8216 dur=3524 clk=dev
[mono_ns=82117037657044][T0x789d971ad740][TIMING] emit_host_span: [STRACE] v=1 pid=3752878 tid=3752878 inv=78 hid=a1b044e660229c3b depth=3 name=chip.run.runner_run.device_wall.post_orch ts=7008411 dur=4737 clk=dev
[mono_ns=82117037657745][T0x789d971ad740][TIMING] emit_host_span: [STRACE] v=1 pid=3752878 tid=3752878 inv=78 hid=a1b044e660229c3b depth=3 name=chip.run.runner_run.device_wall.orch ts=11828 dur=5977375 clk=dev
[mono_ns=82117037658426][T0x789d971ad740][TIMING] emit_host_span: [STRACE] v=1 pid=3752878 tid=3752878 inv=78 hid=a1b044e660229c3b depth=3 name=chip.run.runner_run.device_wall.sched ts=13149 dur=6981242 clk=dev
[mono_ns=82117037659507][T0x789d971ad740][TIMING] emit_host_span: [STRACE] v=1 pid=3752878 tid=3752878 inv=78 hid=a1b044e660229c3b depth=1 name=chip.run.claim_release ts=82117037659107 dur=60 
[mono_ns=82117037660960][T0x789d971ad740][TIMING] emit_host_span: [STRACE] v=1 pid=3752878 tid=3752878 inv=78 hid=a1b044e660229c3b depth=0 name=chip.run ts=82116915845965 dur=121814624 run_id=0 dispatch_id=0 slot_id=0 generation=78 run_epoch=78
[mono_ns=82117144241699][T0x789d971ad740][TIMING] emit_host_span: [STRACE] v=1 pid=3752878 tid=3752878 inv=79 hid=a1b044e660229c3b depth=2 name=chip.run.bind.args ts=82117037986338 dur=106252817 
[mono_ns=82117144254538][T0x789d971ad740][TIMING] emit_host_span: [STRACE] v=1 pid=3752878 tid=3752878 inv=79 hid=a1b044e660229c3b depth=2 name=chip.run.bind.prebuilt ts=82117144251333 dur=2834 
[mono_ns=82117144255980][T0x789d971ad740][TIMING] emit_host_span: [STRACE] v=1 pid=3752878 tid=3752878 inv=79 hid=a1b044e660229c3b depth=1 name=chip.run.bind ts=82117037982352 dur=106273278 
[mono_ns=82117149376025][T0x789d971ad740][WARN] prepare_execution: [device_runner.cpp:342] AICPU CPU_TOPO unavailable; using json_fallback: soc=Ascend950PR_9579 occupy=0x3e stable_reachable=5 requested=0 effective=5 affinity=[1, 2, 3, 4, 5(orch)]
[mono_ns=82117156669532][T0x789d971ad740][TIMING] emit_host_span: [STRACE] v=1 pid=3752878 tid=3752878 inv=79 hid=a1b044e660229c3b depth=1 name=chip.run.runner_run ts=82117149432810 dur=7235460 
[mono_ns=82117156951615][T0x789d971ad740][TIMING] emit_host_span: [STRACE] v=1 pid=3752878 tid=3752878 inv=79 hid=a1b044e660229c3b depth=1 name=chip.run.validate ts=82117156673167 dur=278008 
[mono_ns=82117156953448][T0x789d971ad740][TIMING] emit_host_span: [STRACE] v=1 pid=3752878 tid=3752878 inv=79 hid=a1b044e660229c3b depth=2 name=chip.run.runner_run.device_wall ts=0 dur=7046598 clk=dev
[mono_ns=82117156954540][T0x789d971ad740][TIMING] emit_host_span: [STRACE] v=1 pid=3752878 tid=3752878 inv=79 hid=a1b044e660229c3b depth=3 name=chip.run.runner_run.device_wall.preamble ts=0 dur=14102 clk=dev
[mono_ns=82117156955661][T0x789d971ad740][TIMING] emit_host_span: [STRACE] v=1 pid=3752878 tid=3752878 inv=79 hid=a1b044e660229c3b depth=3 name=chip.run.runner_run.device_wall.graph_build ts=3703 dur=7037632 clk=dev
[mono_ns=82117156956503][T0x789d971ad740][TIMING] emit_host_span: [STRACE] v=1 pid=3752878 tid=3752878 inv=79 hid=a1b044e660229c3b depth=3 name=chip.run.runner_run.device_wall.config_validate ts=4121 dur=1199 clk=dev
[mono_ns=82117156957224][T0x789d971ad740][TIMING] emit_host_span: [STRACE] v=1 pid=3752878 tid=3752878 inv=79 hid=a1b044e660229c3b depth=3 name=chip.run.runner_run.device_wall.arena_wire ts=5342 dur=3131 clk=dev
[mono_ns=82117156957935][T0x789d971ad740][TIMING] emit_host_span: [STRACE] v=1 pid=3752878 tid=3752878 inv=79 hid=a1b044e660229c3b depth=3 name=chip.run.runner_run.device_wall.sm_reset ts=8485 dur=3563 clk=dev
[mono_ns=82117156958656][T0x789d971ad740][TIMING] emit_host_span: [STRACE] v=1 pid=3752878 tid=3752878 inv=79 hid=a1b044e660229c3b depth=3 name=chip.run.runner_run.device_wall.post_orch ts=7041598 dur=4488 clk=dev
[mono_ns=82117156959367][T0x789d971ad740][TIMING] emit_host_span: [STRACE] v=1 pid=3752878 tid=3752878 inv=79 hid=a1b044e660229c3b depth=3 name=chip.run.runner_run.device_wall.orch ts=12426 dur=5960115 clk=dev
[mono_ns=82117156960068][T0x789d971ad740][TIMING] emit_host_span: [STRACE] v=1 pid=3752878 tid=3752878 inv=79 hid=a1b044e660229c3b depth=3 name=chip.run.runner_run.device_wall.sched ts=13767 dur=7011599 clk=dev
[mono_ns=82117156961140][T0x789d971ad740][TIMING] emit_host_span: [STRACE] v=1 pid=3752878 tid=3752878 inv=79 hid=a1b044e660229c3b depth=1 name=chip.run.claim_release ts=82117156960689 dur=100 
[mono_ns=82117156963022][T0x789d971ad740][TIMING] emit_host_span: [STRACE] v=1 pid=3752878 tid=3752878 inv=79 hid=a1b044e660229c3b depth=0 name=chip.run ts=82117037977865 dur=118984847 run_id=0 dispatch_id=0 slot_id=0 generation=79 run_epoch=79
[mono_ns=82117263791333][T0x789d971ad740][TIMING] emit_host_span: [STRACE] v=1 pid=3752878 tid=3752878 inv=80 hid=a1b044e660229c3b depth=2 name=chip.run.bind.args ts=82117157302882 dur=106485627 
[mono_ns=82117263805344][T0x789d971ad740][TIMING] emit_host_span: [STRACE] v=1 pid=3752878 tid=3752878 inv=80 hid=a1b044e660229c3b depth=2 name=chip.run.bind.prebuilt ts=82117263801659 dur=3295 
[mono_ns=82117263806786][T0x789d971ad740][TIMING] emit_host_span: [STRACE] v=1 pid=3752878 tid=3752878 inv=80 hid=a1b044e660229c3b depth=1 name=chip.run.bind ts=82117157298917 dur=106507509 
[mono_ns=82117268869104][T0x789d971ad740][WARN] prepare_execution: [device_runner.cpp:342] AICPU CPU_TOPO unavailable; using json_fallback: soc=Ascend950PR_9579 occupy=0x3e stable_reachable=5 requested=0 effective=5 affinity=[1, 2, 3, 4, 5(orch)]
[mono_ns=82117276139777][T0x789d971ad740][TIMING] emit_host_span: [STRACE] v=1 pid=3752878 tid=3752878 inv=80 hid=a1b044e660229c3b depth=1 name=chip.run.runner_run ts=82117268919971 dur=7218955 
[mono_ns=82117276426477][T0x789d971ad740][TIMING] emit_host_span: [STRACE] v=1 pid=3752878 tid=3752878 inv=80 hid=a1b044e660229c3b depth=1 name=chip.run.validate ts=82117276143493 dur=282564 
[mono_ns=82117276428390][T0x789d971ad740][TIMING] emit_host_span: [STRACE] v=1 pid=3752878 tid=3752878 inv=80 hid=a1b044e660229c3b depth=2 name=chip.run.runner_run.device_wall ts=0 dur=7035904 clk=dev
[mono_ns=82117276429342][T0x789d971ad740][TIMING] emit_host_span: [STRACE] v=1 pid=3752878 tid=3752878 inv=80 hid=a1b044e660229c3b depth=3 name=chip.run.runner_run.device_wall.preamble ts=0 dur=13709 clk=dev
[mono_ns=82117276430173][T0x789d971ad740][TIMING] emit_host_span: [STRACE] v=1 pid=3752878 tid=3752878 inv=80 hid=a1b044e660229c3b depth=3 name=chip.run.runner_run.device_wall.graph_build ts=3574 dur=7026180 clk=dev
[mono_ns=82117276430894][T0x789d971ad740][TIMING] emit_host_span: [STRACE] v=1 pid=3752878 tid=3752878 inv=80 hid=a1b044e660229c3b depth=3 name=chip.run.runner_run.device_wall.config_validate ts=3998 dur=1252 clk=dev
[mono_ns=82117276431585][T0x789d971ad740][TIMING] emit_host_span: [STRACE] v=1 pid=3752878 tid=3752878 inv=80 hid=a1b044e660229c3b depth=3 name=chip.run.runner_run.device_wall.arena_wire ts=5274 dur=3009 clk=dev
[mono_ns=82117276432276][T0x789d971ad740][TIMING] emit_host_span: [STRACE] v=1 pid=3752878 tid=3752878 inv=80 hid=a1b044e660229c3b depth=3 name=chip.run.runner_run.device_wall.sm_reset ts=8300 dur=3046 clk=dev
[mono_ns=82117276432957][T0x789d971ad740][TIMING] emit_host_span: [STRACE] v=1 pid=3752878 tid=3752878 inv=80 hid=a1b044e660229c3b depth=3 name=chip.run.runner_run.device_wall.post_orch ts=7030084 dur=5180 clk=dev
[mono_ns=82117276433668][T0x789d971ad740][TIMING] emit_host_span: [STRACE] v=1 pid=3752878 tid=3752878 inv=80 hid=a1b044e660229c3b depth=3 name=chip.run.runner_run.device_wall.orch ts=11440 dur=5991996 clk=dev
[mono_ns=82117276434369][T0x789d971ad740][TIMING] emit_host_span: [STRACE] v=1 pid=3752878 tid=3752878 inv=80 hid=a1b044e660229c3b depth=3 name=chip.run.runner_run.device_wall.sched ts=13658 dur=7003125 clk=dev
[mono_ns=82117276435631][T0x789d971ad740][TIMING] emit_host_span: [STRACE] v=1 pid=3752878 tid=3752878 inv=80 hid=a1b044e660229c3b depth=1 name=chip.run.claim_release ts=82117276435130 dur=171 
[mono_ns=82117276437214][T0x789d971ad740][TIMING] emit_host_span: [STRACE] v=1 pid=3752878 tid=3752878 inv=80 hid=a1b044e660229c3b depth=0 name=chip.run ts=82117157293559 dur=119143284 run_id=0 dispatch_id=0 slot_id=0 generation=80 run_epoch=80
[mono_ns=82117383215299][T0x789d971ad740][TIMING] emit_host_span: [STRACE] v=1 pid=3752878 tid=3752878 inv=81 hid=a1b044e660229c3b depth=2 name=chip.run.bind.args ts=82117276778806 dur=106433789 
[mono_ns=82117383228068][T0x789d971ad740][TIMING] emit_host_span: [STRACE] v=1 pid=3752878 tid=3752878 inv=81 hid=a1b044e660229c3b depth=2 name=chip.run.bind.prebuilt ts=82117383224523 dur=3184 
[mono_ns=82117383229420][T0x789d971ad740][TIMING] emit_host_span: [STRACE] v=1 pid=3752878 tid=3752878 inv=81 hid=a1b044e660229c3b depth=1 name=chip.run.bind ts=82117276774960 dur=106454119 
[mono_ns=82117388305369][T0x789d971ad740][WARN] prepare_execution: [device_runner.cpp:342] AICPU CPU_TOPO unavailable; using json_fallback: soc=Ascend950PR_9579 occupy=0x3e stable_reachable=5 requested=0 effective=5 affinity=[1, 2, 3, 4, 5(orch)]
[mono_ns=82117395697694][T0x789d971ad740][TIMING] emit_host_span: [STRACE] v=1 pid=3752878 tid=3752878 inv=81 hid=a1b044e660229c3b depth=1 name=chip.run.runner_run ts=82117388357597 dur=7339165 
[mono_ns=82117395977584][T0x789d971ad740][TIMING] emit_host_span: [STRACE] v=1 pid=3752878 tid=3752878 inv=81 hid=a1b044e660229c3b depth=1 name=chip.run.validate ts=82117395700909 dur=276224 
[mono_ns=82117395979357][T0x789d971ad740][TIMING] emit_host_span: [STRACE] v=1 pid=3752878 tid=3752878 inv=81 hid=a1b044e660229c3b depth=2 name=chip.run.runner_run.device_wall ts=0 dur=7152092 clk=dev
[mono_ns=82117395980268][T0x789d971ad740][TIMING] emit_host_span: [STRACE] v=1 pid=3752878 tid=3752878 inv=81 hid=a1b044e660229c3b depth=3 name=chip.run.runner_run.device_wall.preamble ts=0 dur=13683 clk=dev
[mono_ns=82117395981099][T0x789d971ad740][TIMING] emit_host_span: [STRACE] v=1 pid=3752878 tid=3752878 inv=81 hid=a1b044e660229c3b depth=3 name=chip.run.runner_run.device_wall.graph_build ts=3185 dur=7143628 clk=dev
[mono_ns=82117395982281][T0x789d971ad740][TIMING] emit_host_span: [STRACE] v=1 pid=3752878 tid=3752878 inv=81 hid=a1b044e660229c3b depth=3 name=chip.run.runner_run.device_wall.config_validate ts=3605 dur=1588 clk=dev
[mono_ns=82117395982982][T0x789d971ad740][TIMING] emit_host_span: [STRACE] v=1 pid=3752878 tid=3752878 inv=81 hid=a1b044e660229c3b depth=3 name=chip.run.runner_run.device_wall.arena_wire ts=5226 dur=3131 clk=dev
[mono_ns=82117395983683][T0x789d971ad740][TIMING] emit_host_span: [STRACE] v=1 pid=3752878 tid=3752878 inv=81 hid=a1b044e660229c3b depth=3 name=chip.run.runner_run.device_wall.sm_reset ts=8369 dur=3679 clk=dev
[mono_ns=82117395984374][T0x789d971ad740][TIMING] emit_host_span: [STRACE] v=1 pid=3752878 tid=3752878 inv=81 hid=a1b044e660229c3b depth=3 name=chip.run.runner_run.device_wall.post_orch ts=7147071 dur=4521 clk=dev
[mono_ns=82117395985085][T0x789d971ad740][TIMING] emit_host_span: [STRACE] v=1 pid=3752878 tid=3752878 inv=81 hid=a1b044e660229c3b depth=3 name=chip.run.runner_run.device_wall.orch ts=12085 dur=6100718 clk=dev
[mono_ns=82117395985776][T0x789d971ad740][TIMING] emit_host_span: [STRACE] v=1 pid=3752878 tid=3752878 inv=81 hid=a1b044e660229c3b depth=3 name=chip.run.runner_run.device_wall.sched ts=14105 dur=7119257 clk=dev
[mono_ns=82117395986738][T0x789d971ad740][TIMING] emit_host_span: [STRACE] v=1 pid=3752878 tid=3752878 inv=81 hid=a1b044e660229c3b depth=1 name=chip.run.claim_release ts=82117395986427 dur=60 
[mono_ns=82117395987970][T0x789d971ad740][TIMING] emit_host_span: [STRACE] v=1 pid=3752878 tid=3752878 inv=81 hid=a1b044e660229c3b depth=0 name=chip.run ts=82117276770914 dur=119216755 run_id=0 dispatch_id=0 slot_id=0 generation=81 run_epoch=81
[mono_ns=82117503100387][T0x789d971ad740][TIMING] emit_host_span: [STRACE] v=1 pid=3752878 tid=3752878 inv=82 hid=a1b044e660229c3b depth=2 name=chip.run.bind.args ts=82117396334480 dur=106763934 
[mono_ns=82117503112615][T0x789d971ad740][TIMING] emit_host_span: [STRACE] v=1 pid=3752878 tid=3752878 inv=82 hid=a1b044e660229c3b depth=2 name=chip.run.bind.prebuilt ts=82117503109180 dur=3044 
[mono_ns=82117503114077][T0x789d971ad740][TIMING] emit_host_span: [STRACE] v=1 pid=3752878 tid=3752878 inv=82 hid=a1b044e660229c3b depth=1 name=chip.run.bind ts=82117396330163 dur=106783544 
[mono_ns=82117508179760][T0x789d971ad740][WARN] prepare_execution: [device_runner.cpp:342] AICPU CPU_TOPO unavailable; using json_fallback: soc=Ascend950PR_9579 occupy=0x3e stable_reachable=5 requested=0 effective=5 affinity=[1, 2, 3, 4, 5(orch)]
[mono_ns=82117515428440][T0x789d971ad740][TIMING] emit_host_span: [STRACE] v=1 pid=3752878 tid=3752878 inv=82 hid=a1b044e660229c3b depth=1 name=chip.run.runner_run ts=82117508225179 dur=7202390 
[mono_ns=82117515726177][T0x789d971ad740][TIMING] emit_host_span: [STRACE] v=1 pid=3752878 tid=3752878 inv=82 hid=a1b044e660229c3b depth=1 name=chip.run.validate ts=82117515432496 dur=293250 
[mono_ns=82117515728240][T0x789d971ad740][TIMING] emit_host_span: [STRACE] v=1 pid=3752878 tid=3752878 inv=82 hid=a1b044e660229c3b depth=2 name=chip.run.runner_run.device_wall ts=0 dur=7025404 clk=dev
[mono_ns=82117515729352][T0x789d971ad740][TIMING] emit_host_span: [STRACE] v=1 pid=3752878 tid=3752878 inv=82 hid=a1b044e660229c3b depth=3 name=chip.run.runner_run.device_wall.preamble ts=0 dur=13917 clk=dev
[mono_ns=82117515730313][T0x789d971ad740][TIMING] emit_host_span: [STRACE] v=1 pid=3752878 tid=3752878 inv=82 hid=a1b044e660229c3b depth=3 name=chip.run.runner_run.device_wall.graph_build ts=3659 dur=7015740 clk=dev
[mono_ns=82117515731034][T0x789d971ad740][TIMING] emit_host_span: [STRACE] v=1 pid=3752878 tid=3752878 inv=82 hid=a1b044e660229c3b depth=3 name=chip.run.runner_run.device_wall.config_validate ts=4423 dur=1254 clk=dev
[mono_ns=82117515731916][T0x789d971ad740][TIMING] emit_host_span: [STRACE] v=1 pid=3752878 tid=3752878 inv=82 hid=a1b044e660229c3b depth=3 name=chip.run.runner_run.device_wall.arena_wire ts=5713 dur=2804 clk=dev
[mono_ns=82117515732597][T0x789d971ad740][TIMING] emit_host_span: [STRACE] v=1 pid=3752878 tid=3752878 inv=82 hid=a1b044e660229c3b depth=3 name=chip.run.runner_run.device_wall.sm_reset ts=8533 dur=3445 clk=dev
[mono_ns=82117515733268][T0x789d971ad740][TIMING] emit_host_span: [STRACE] v=1 pid=3752878 tid=3752878 inv=82 hid=a1b044e660229c3b depth=3 name=chip.run.runner_run.device_wall.post_orch ts=7019486 dur=5827 clk=dev
[mono_ns=82117515733959][T0x789d971ad740][TIMING] emit_host_span: [STRACE] v=1 pid=3752878 tid=3752878 inv=82 hid=a1b044e660229c3b depth=3 name=chip.run.runner_run.device_wall.orch ts=12065 dur=5947567 clk=dev
[mono_ns=82117515734650][T0x789d971ad740][TIMING] emit_host_span: [STRACE] v=1 pid=3752878 tid=3752878 inv=82 hid=a1b044e660229c3b depth=3 name=chip.run.runner_run.device_wall.sched ts=13335 dur=6992087 clk=dev
[mono_ns=82117515736412][T0x789d971ad740][TIMING] emit_host_span: [STRACE] v=1 pid=3752878 tid=3752878 inv=82 hid=a1b044e660229c3b depth=1 name=chip.run.claim_release ts=82117515736082 dur=70 
[mono_ns=82117515737634][T0x789d971ad740][TIMING] emit_host_span: [STRACE] v=1 pid=3752878 tid=3752878 inv=82 hid=a1b044e660229c3b depth=0 name=chip.run ts=82117396325326 dur=119411988 run_id=0 dispatch_id=0 slot_id=0 generation=82 run_epoch=82
[mono_ns=82117622473797][T0x789d971ad740][TIMING] emit_host_span: [STRACE] v=1 pid=3752878 tid=3752878 inv=83 hid=a1b044e660229c3b depth=2 name=chip.run.bind.args ts=82117516064675 dur=106406307 
[mono_ns=82117622487487][T0x789d971ad740][TIMING] emit_host_span: [STRACE] v=1 pid=3752878 tid=3752878 inv=83 hid=a1b044e660229c3b depth=2 name=chip.run.bind.prebuilt ts=82117622483451 dur=3756 
[mono_ns=82117622488959][T0x789d971ad740][TIMING] emit_host_span: [STRACE] v=1 pid=3752878 tid=3752878 inv=83 hid=a1b044e660229c3b depth=1 name=chip.run.bind ts=82117516061240 dur=106427329 
[mono_ns=82117627653591][T0x789d971ad740][WARN] prepare_execution: [device_runner.cpp:342] AICPU CPU_TOPO unavailable; using json_fallback: soc=Ascend950PR_9579 occupy=0x3e stable_reachable=5 requested=0 effective=5 affinity=[1, 2, 3, 4, 5(orch)]
[mono_ns=82117634831434][T0x789d971ad740][TIMING] emit_host_span: [STRACE] v=1 pid=3752878 tid=3752878 inv=83 hid=a1b044e660229c3b depth=1 name=chip.run.runner_run ts=82117627700341 dur=7130392 
[mono_ns=82117635112576][T0x789d971ad740][TIMING] emit_host_span: [STRACE] v=1 pid=3752878 tid=3752878 inv=83 hid=a1b044e660229c3b depth=1 name=chip.run.validate ts=82117634834249 dur=277877 
[mono_ns=82117635114309][T0x789d971ad740][TIMING] emit_host_span: [STRACE] v=1 pid=3752878 tid=3752878 inv=83 hid=a1b044e660229c3b depth=2 name=chip.run.runner_run.device_wall ts=0 dur=6954252 clk=dev
[mono_ns=82117635115471][T0x789d971ad740][TIMING] emit_host_span: [STRACE] v=1 pid=3752878 tid=3752878 inv=83 hid=a1b044e660229c3b depth=3 name=chip.run.runner_run.device_wall.preamble ts=0 dur=13709 clk=dev
[mono_ns=82117635116332][T0x789d971ad740][TIMING] emit_host_span: [STRACE] v=1 pid=3752878 tid=3752878 inv=83 hid=a1b044e660229c3b depth=3 name=chip.run.runner_run.device_wall.graph_build ts=3623 dur=6945527 clk=dev
[mono_ns=82117635117093][T0x789d971ad740][TIMING] emit_host_span: [STRACE] v=1 pid=3752878 tid=3752878 inv=83 hid=a1b044e660229c3b depth=3 name=chip.run.runner_run.device_wall.config_validate ts=4056 dur=1274 clk=dev
[mono_ns=82117635117924][T0x789d971ad740][TIMING] emit_host_span: [STRACE] v=1 pid=3752878 tid=3752878 inv=83 hid=a1b044e660229c3b depth=3 name=chip.run.runner_run.device_wall.arena_wire ts=5354 dur=3014 clk=dev
[mono_ns=82117635118625][T0x789d971ad740][TIMING] emit_host_span: [STRACE] v=1 pid=3752878 tid=3752878 inv=83 hid=a1b044e660229c3b depth=3 name=chip.run.runner_run.device_wall.sm_reset ts=8385 dur=2821 clk=dev
[mono_ns=82117635119326][T0x789d971ad740][TIMING] emit_host_span: [STRACE] v=1 pid=3752878 tid=3752878 inv=83 hid=a1b044e660229c3b depth=3 name=chip.run.runner_run.device_wall.post_orch ts=6949396 dur=4273 clk=dev
[mono_ns=82117635120027][T0x789d971ad740][TIMING] emit_host_span: [STRACE] v=1 pid=3752878 tid=3752878 inv=83 hid=a1b044e660229c3b depth=3 name=chip.run.runner_run.device_wall.orch ts=11241 dur=5875312 clk=dev
[mono_ns=82117635120719][T0x789d971ad740][TIMING] emit_host_span: [STRACE] v=1 pid=3752878 tid=3752878 inv=83 hid=a1b044e660229c3b depth=3 name=chip.run.runner_run.device_wall.sched ts=13940 dur=6919773 clk=dev
[mono_ns=82117635121970][T0x789d971ad740][TIMING] emit_host_span: [STRACE] v=1 pid=3752878 tid=3752878 inv=83 hid=a1b044e660229c3b depth=1 name=chip.run.claim_release ts=82117635121550 dur=70 
[mono_ns=82117635123252][T0x789d971ad740][TIMING] emit_host_span: [STRACE] v=1 pid=3752878 tid=3752878 inv=83 hid=a1b044e660229c3b depth=0 name=chip.run ts=82117516056953 dur=119065929 run_id=0 dispatch_id=0 slot_id=0 generation=83 run_epoch=83
[mono_ns=82117740643259][T0x789d971ad740][TIMING] emit_host_span: [STRACE] v=1 pid=3752878 tid=3752878 inv=84 hid=a1b044e660229c3b depth=2 name=chip.run.bind.args ts=82117635452106 dur=105188900 
[mono_ns=82117740655117][T0x789d971ad740][TIMING] emit_host_span: [STRACE] v=1 pid=3752878 tid=3752878 inv=84 hid=a1b044e660229c3b depth=2 name=chip.run.bind.prebuilt ts=82117740651582 dur=3275 
[mono_ns=82117740656639][T0x789d971ad740][TIMING] emit_host_span: [STRACE] v=1 pid=3752878 tid=3752878 inv=84 hid=a1b044e660229c3b depth=1 name=chip.run.bind ts=82117635447749 dur=105208540 
[mono_ns=82117746055082][T0x789d971ad740][WARN] prepare_execution: [device_runner.cpp:342] AICPU CPU_TOPO unavailable; using json_fallback: soc=Ascend950PR_9579 occupy=0x3e stable_reachable=5 requested=0 effective=5 affinity=[1, 2, 3, 4, 5(orch)]
[mono_ns=82117753177242][T0x789d971ad740][TIMING] emit_host_span: [STRACE] v=1 pid=3752878 tid=3752878 inv=84 hid=a1b044e660229c3b depth=1 name=chip.run.runner_run ts=82117746094471 dur=7082130 
[mono_ns=82117753472074][T0x789d971ad740][TIMING] emit_host_span: [STRACE] v=1 pid=3752878 tid=3752878 inv=84 hid=a1b044e660229c3b depth=1 name=chip.run.validate ts=82117753180407 dur=291237 
[mono_ns=82117753473697][T0x789d971ad740][TIMING] emit_host_span: [STRACE] v=1 pid=3752878 tid=3752878 inv=84 hid=a1b044e660229c3b depth=2 name=chip.run.runner_run.device_wall ts=0 dur=6909130 clk=dev
[mono_ns=82117753474798][T0x789d971ad740][TIMING] emit_host_span: [STRACE] v=1 pid=3752878 tid=3752878 inv=84 hid=a1b044e660229c3b depth=3 name=chip.run.runner_run.device_wall.preamble ts=0 dur=14366 clk=dev
[mono_ns=82117753475730][T0x789d971ad740][TIMING] emit_host_span: [STRACE] v=1 pid=3752878 tid=3752878 inv=84 hid=a1b044e660229c3b depth=3 name=chip.run.runner_run.device_wall.graph_build ts=3669 dur=6900314 clk=dev
[mono_ns=82117753476531][T0x789d971ad740][TIMING] emit_host_span: [STRACE] v=1 pid=3752878 tid=3752878 inv=84 hid=a1b044e660229c3b depth=3 name=chip.run.runner_run.device_wall.config_validate ts=4252 dur=1132 clk=dev
[mono_ns=82117753477252][T0x789d971ad740][TIMING] emit_host_span: [STRACE] v=1 pid=3752878 tid=3752878 inv=84 hid=a1b044e660229c3b depth=3 name=chip.run.runner_run.device_wall.arena_wire ts=5598 dur=3347 clk=dev
[mono_ns=82117753477963][T0x789d971ad740][TIMING] emit_host_span: [STRACE] v=1 pid=3752878 tid=3752878 inv=84 hid=a1b044e660229c3b depth=3 name=chip.run.runner_run.device_wall.sm_reset ts=8962 dur=3166 clk=dev
[mono_ns=82117753478674][T0x789d971ad740][TIMING] emit_host_span: [STRACE] v=1 pid=3752878 tid=3752878 inv=84 hid=a1b044e660229c3b depth=3 name=chip.run.runner_run.device_wall.post_orch ts=6904147 dur=4840 clk=dev
[mono_ns=82117753479355][T0x789d971ad740][TIMING] emit_host_span: [STRACE] v=1 pid=3752878 tid=3752878 inv=84 hid=a1b044e660229c3b depth=3 name=chip.run.runner_run.device_wall.orch ts=12209 dur=5921598 clk=dev
[mono_ns=82117753480066][T0x789d971ad740][TIMING] emit_host_span: [STRACE] v=1 pid=3752878 tid=3752878 inv=84 hid=a1b044e660229c3b depth=3 name=chip.run.runner_run.device_wall.sched ts=14116 dur=6873996 clk=dev
[mono_ns=82117753481168][T0x789d971ad740][TIMING] emit_host_span: [STRACE] v=1 pid=3752878 tid=3752878 inv=84 hid=a1b044e660229c3b depth=1 name=chip.run.claim_release ts=82117753480687 dur=151 
[mono_ns=82117753482780][T0x789d971ad740][TIMING] emit_host_span: [STRACE] v=1 pid=3752878 tid=3752878 inv=84 hid=a1b044e660229c3b depth=0 name=chip.run ts=82117635443413 dur=118039087 run_id=0 dispatch_id=0 slot_id=0 generation=84 run_epoch=84
[mono_ns=82117860704321][T0x789d971ad740][TIMING] emit_host_span: [STRACE] v=1 pid=3752878 tid=3752878 inv=85 hid=a1b044e660229c3b depth=2 name=chip.run.bind.args ts=82117753817933 dur=106883694 
[mono_ns=82117860717822][T0x789d971ad740][TIMING] emit_host_span: [STRACE] v=1 pid=3752878 tid=3752878 inv=85 hid=a1b044e660229c3b depth=2 name=chip.run.bind.prebuilt ts=82117860714276 dur=3165 
[mono_ns=82117860719294][T0x789d971ad740][TIMING] emit_host_span: [STRACE] v=1 pid=3752878 tid=3752878 inv=85 hid=a1b044e660229c3b depth=1 name=chip.run.bind ts=82117753814098 dur=106904825 
[mono_ns=82117871330801][T0x789d971ad740][WARN] prepare_execution: [device_runner.cpp:342] AICPU CPU_TOPO unavailable; using json_fallback: soc=Ascend950PR_9579 occupy=0x3e stable_reachable=5 requested=0 effective=5 affinity=[1, 2, 3, 4, 5(orch)]
[mono_ns=82117878574824][T0x789d971ad740][TIMING] emit_host_span: [STRACE] v=1 pid=3752878 tid=3752878 inv=85 hid=a1b044e660229c3b depth=1 name=chip.run.runner_run ts=82117871383570 dur=7190623 
[mono_ns=82117878820382][T0x789d971ad740][TIMING] emit_host_span: [STRACE] v=1 pid=3752878 tid=3752878 inv=85 hid=a1b044e660229c3b depth=1 name=chip.run.validate ts=82117878577648 dur=242273 
[mono_ns=82117878822215][T0x789d971ad740][TIMING] emit_host_span: [STRACE] v=1 pid=3752878 tid=3752878 inv=85 hid=a1b044e660229c3b depth=2 name=chip.run.runner_run.device_wall ts=0 dur=7027797 clk=dev
[mono_ns=82117878823306][T0x789d971ad740][TIMING] emit_host_span: [STRACE] v=1 pid=3752878 tid=3752878 inv=85 hid=a1b044e660229c3b depth=3 name=chip.run.runner_run.device_wall.preamble ts=0 dur=14655 clk=dev
[mono_ns=82117878824128][T0x789d971ad740][TIMING] emit_host_span: [STRACE] v=1 pid=3752878 tid=3752878 inv=85 hid=a1b044e660229c3b depth=3 name=chip.run.runner_run.device_wall.graph_build ts=3740 dur=7017996 clk=dev
[mono_ns=82117878824859][T0x789d971ad740][TIMING] emit_host_span: [STRACE] v=1 pid=3752878 tid=3752878 inv=85 hid=a1b044e660229c3b depth=3 name=chip.run.runner_run.device_wall.config_validate ts=4141 dur=1464 clk=dev
[mono_ns=82117878825570][T0x789d971ad740][TIMING] emit_host_span: [STRACE] v=1 pid=3752878 tid=3752878 inv=85 hid=a1b044e660229c3b depth=3 name=chip.run.runner_run.device_wall.arena_wire ts=5629 dur=2432 clk=dev
[mono_ns=82117878826251][T0x789d971ad740][TIMING] emit_host_span: [STRACE] v=1 pid=3752878 tid=3752878 inv=85 hid=a1b044e660229c3b depth=3 name=chip.run.runner_run.device_wall.sm_reset ts=8158 dur=3324 clk=dev
[mono_ns=82117878826962][T0x789d971ad740][TIMING] emit_host_span: [STRACE] v=1 pid=3752878 tid=3752878 inv=85 hid=a1b044e660229c3b depth=3 name=chip.run.runner_run.device_wall.post_orch ts=7021768 dur=5507 clk=dev
[mono_ns=82117878827653][T0x789d971ad740][TIMING] emit_host_span: [STRACE] v=1 pid=3752878 tid=3752878 inv=85 hid=a1b044e660229c3b depth=3 name=chip.run.runner_run.device_wall.orch ts=11568 dur=5991031 clk=dev
[mono_ns=82117878828354][T0x789d971ad740][TIMING] emit_host_span: [STRACE] v=1 pid=3752878 tid=3752878 inv=85 hid=a1b044e660229c3b depth=3 name=chip.run.runner_run.device_wall.sched ts=14716 dur=6993100 clk=dev
[mono_ns=82117878830137][T0x789d971ad740][TIMING] emit_host_span: [STRACE] v=1 pid=3752878 tid=3752878 inv=85 hid=a1b044e660229c3b depth=1 name=chip.run.claim_release ts=82117878829676 dur=110 
[mono_ns=82117878831679][T0x789d971ad740][TIMING] emit_host_span: [STRACE] v=1 pid=3752878 tid=3752878 inv=85 hid=a1b044e660229c3b depth=0 name=chip.run ts=82117753810232 dur=125021086 run_id=0 dispatch_id=0 slot_id=0 generation=85 run_epoch=85
[mono_ns=82118000766724][T0x789d971ad740][TIMING] emit_host_span: [STRACE] v=1 pid=3752878 tid=3752878 inv=86 hid=a1b044e660229c3b depth=2 name=chip.run.bind.args ts=82117879158399 dur=121604569 
[mono_ns=82118000784190][T0x789d971ad740][TIMING] emit_host_span: [STRACE] v=1 pid=3752878 tid=3752878 inv=86 hid=a1b044e660229c3b depth=2 name=chip.run.bind.prebuilt ts=82118000780164 dur=3745 
[mono_ns=82118000785792][T0x789d971ad740][TIMING] emit_host_span: [STRACE] v=1 pid=3752878 tid=3752878 inv=86 hid=a1b044e660229c3b depth=1 name=chip.run.bind ts=82117879154213 dur=121631199 
[mono_ns=82118005861531][T0x789d971ad740][WARN] prepare_execution: [device_runner.cpp:342] AICPU CPU_TOPO unavailable; using json_fallback: soc=Ascend950PR_9579 occupy=0x3e stable_reachable=5 requested=0 effective=5 affinity=[1, 2, 3, 4, 5(orch)]
[mono_ns=82118013194397][T0x789d971ad740][TIMING] emit_host_span: [STRACE] v=1 pid=3752878 tid=3752878 inv=86 hid=a1b044e660229c3b depth=1 name=chip.run.runner_run ts=82118005919568 dur=7273867 
[mono_ns=82118013481578][T0x789d971ad740][TIMING] emit_host_span: [STRACE] v=1 pid=3752878 tid=3752878 inv=86 hid=a1b044e660229c3b depth=1 name=chip.run.validate ts=82118013197652 dur=283495 
[mono_ns=82118013483330][T0x789d971ad740][TIMING] emit_host_span: [STRACE] v=1 pid=3752878 tid=3752878 inv=86 hid=a1b044e660229c3b depth=2 name=chip.run.runner_run.device_wall ts=0 dur=7082107 clk=dev
[mono_ns=82118013484332][T0x789d971ad740][TIMING] emit_host_span: [STRACE] v=1 pid=3752878 tid=3752878 inv=86 hid=a1b044e660229c3b depth=3 name=chip.run.runner_run.device_wall.preamble ts=0 dur=13081 clk=dev
[mono_ns=82118013485203][T0x789d971ad740][TIMING] emit_host_span: [STRACE] v=1 pid=3752878 tid=3752878 inv=86 hid=a1b044e660229c3b depth=3 name=chip.run.runner_run.device_wall.graph_build ts=3447 dur=7072920 clk=dev
[mono_ns=82118013486014][T0x789d971ad740][TIMING] emit_host_span: [STRACE] v=1 pid=3752878 tid=3752878 inv=86 hid=a1b044e660229c3b depth=3 name=chip.run.runner_run.device_wall.config_validate ts=3855 dur=1484 clk=dev
[mono_ns=82118013486725][T0x789d971ad740][TIMING] emit_host_span: [STRACE] v=1 pid=3752878 tid=3752878 inv=86 hid=a1b044e660229c3b depth=3 name=chip.run.runner_run.device_wall.arena_wire ts=5364 dur=3082 clk=dev
[mono_ns=82118013487416][T0x789d971ad740][TIMING] emit_host_span: [STRACE] v=1 pid=3752878 tid=3752878 inv=86 hid=a1b044e660229c3b depth=3 name=chip.run.runner_run.device_wall.sm_reset ts=8464 dur=3727 clk=dev
[mono_ns=82118013488127][T0x789d971ad740][TIMING] emit_host_span: [STRACE] v=1 pid=3752878 tid=3752878 inv=86 hid=a1b044e660229c3b depth=3 name=chip.run.runner_run.device_wall.post_orch ts=7076626 dur=4999 clk=dev
[mono_ns=82118013488829][T0x789d971ad740][TIMING] emit_host_span: [STRACE] v=1 pid=3752878 tid=3752878 inv=86 hid=a1b044e660229c3b depth=3 name=chip.run.runner_run.device_wall.orch ts=12353 dur=6016956 clk=dev
[mono_ns=82118013489540][T0x789d971ad740][TIMING] emit_host_span: [STRACE] v=1 pid=3752878 tid=3752878 inv=86 hid=a1b044e660229c3b depth=3 name=chip.run.runner_run.device_wall.sched ts=13372 dur=7049255 clk=dev
[mono_ns=82118013490751][T0x789d971ad740][TIMING] emit_host_span: [STRACE] v=1 pid=3752878 tid=3752878 inv=86 hid=a1b044e660229c3b depth=1 name=chip.run.claim_release ts=82118013490341 dur=140 
[mono_ns=82118013492144][T0x789d971ad740][TIMING] emit_host_span: [STRACE] v=1 pid=3752878 tid=3752878 inv=86 hid=a1b044e660229c3b depth=0 name=chip.run ts=82117879150117 dur=134341736 run_id=0 dispatch_id=0 slot_id=0 generation=86 run_epoch=86
[mono_ns=82118123228870][T0x789d971ad740][TIMING] emit_host_span: [STRACE] v=1 pid=3752878 tid=3752878 inv=87 hid=a1b044e660229c3b depth=2 name=chip.run.bind.args ts=82118013857492 dur=109368673 
[mono_ns=82118123242099][T0x789d971ad740][TIMING] emit_host_span: [STRACE] v=1 pid=3752878 tid=3752878 inv=87 hid=a1b044e660229c3b depth=2 name=chip.run.bind.prebuilt ts=82118123238774 dur=2935 
[mono_ns=82118123243672][T0x789d971ad740][TIMING] emit_host_span: [STRACE] v=1 pid=3752878 tid=3752878 inv=87 hid=a1b044e660229c3b depth=1 name=chip.run.bind ts=82118013853155 dur=109390146 
[mono_ns=82118128477728][T0x789d971ad740][WARN] prepare_execution: [device_runner.cpp:342] AICPU CPU_TOPO unavailable; using json_fallback: soc=Ascend950PR_9579 occupy=0x3e stable_reachable=5 requested=0 effective=5 affinity=[1, 2, 3, 4, 5(orch)]
[mono_ns=82118135808981][T0x789d971ad740][TIMING] emit_host_span: [STRACE] v=1 pid=3752878 tid=3752878 inv=87 hid=a1b044e660229c3b depth=1 name=chip.run.runner_run ts=82118128533932 dur=7274098 
[mono_ns=82118136148371][T0x789d971ad740][TIMING] emit_host_span: [STRACE] v=1 pid=3752878 tid=3752878 inv=87 hid=a1b044e660229c3b depth=1 name=chip.run.validate ts=82118135812717 dur=335173 
[mono_ns=82118136150724][T0x789d971ad740][TIMING] emit_host_span: [STRACE] v=1 pid=3752878 tid=3752878 inv=87 hid=a1b044e660229c3b depth=2 name=chip.run.runner_run.device_wall ts=0 dur=7046388 clk=dev
[mono_ns=82118136151746][T0x789d971ad740][TIMING] emit_host_span: [STRACE] v=1 pid=3752878 tid=3752878 inv=87 hid=a1b044e660229c3b depth=3 name=chip.run.runner_run.device_wall.preamble ts=0 dur=14520 clk=dev
[mono_ns=82118136152567][T0x789d971ad740][TIMING] emit_host_span: [STRACE] v=1 pid=3752878 tid=3752878 inv=87 hid=a1b044e660229c3b depth=3 name=chip.run.runner_run.device_wall.graph_build ts=3300 dur=7038104 clk=dev
[mono_ns=82118136153338][T0x789d971ad740][TIMING] emit_host_span: [STRACE] v=1 pid=3752878 tid=3752878 inv=87 hid=a1b044e660229c3b depth=3 name=chip.run.runner_run.device_wall.config_validate ts=3923 dur=1248 clk=dev
[mono_ns=82118136154229][T0x789d971ad740][TIMING] emit_host_span: [STRACE] v=1 pid=3752878 tid=3752878 inv=87 hid=a1b044e660229c3b depth=3 name=chip.run.runner_run.device_wall.arena_wire ts=5190 dur=3348 clk=dev
[mono_ns=82118136155011][T0x789d971ad740][TIMING] emit_host_span: [STRACE] v=1 pid=3752878 tid=3752878 inv=87 hid=a1b044e660229c3b depth=3 name=chip.run.runner_run.device_wall.sm_reset ts=8557 dur=2776 clk=dev
[mono_ns=82118136155722][T0x789d971ad740][TIMING] emit_host_span: [STRACE] v=1 pid=3752878 tid=3752878 inv=87 hid=a1b044e660229c3b depth=3 name=chip.run.runner_run.device_wall.post_orch ts=7041655 dur=4568 clk=dev
[mono_ns=82118136156433][T0x789d971ad740][TIMING] emit_host_span: [STRACE] v=1 pid=3752878 tid=3752878 inv=87 hid=a1b044e660229c3b depth=3 name=chip.run.runner_run.device_wall.orch ts=11374 dur=5990487 clk=dev
[mono_ns=82118136157154][T0x789d971ad740][TIMING] emit_host_span: [STRACE] v=1 pid=3752878 tid=3752878 inv=87 hid=a1b044e660229c3b depth=3 name=chip.run.runner_run.device_wall.sched ts=14436 dur=7011052 clk=dev
[mono_ns=82118136158195][T0x789d971ad740][TIMING] emit_host_span: [STRACE] v=1 pid=3752878 tid=3752878 inv=87 hid=a1b044e660229c3b depth=1 name=chip.run.claim_release ts=82118136157865 dur=90 
[mono_ns=82118136159467][T0x789d971ad740][TIMING] emit_host_span: [STRACE] v=1 pid=3752878 tid=3752878 inv=87 hid=a1b044e660229c3b depth=0 name=chip.run ts=82118013848528 dur=122310619 run_id=0 dispatch_id=0 slot_id=0 generation=87 run_epoch=87
[mono_ns=82118257674091][T0x789d971ad740][TIMING] emit_host_span: [STRACE] v=1 pid=3752878 tid=3752878 inv=88 hid=a1b044e660229c3b depth=2 name=chip.run.bind.args ts=82118136527339 dur=121142826 
[mono_ns=82118257692499][T0x789d971ad740][TIMING] emit_host_span: [STRACE] v=1 pid=3752878 tid=3752878 inv=88 hid=a1b044e660229c3b depth=2 name=chip.run.bind.prebuilt ts=82118257688212 dur=3996 
[mono_ns=82118257694221][T0x789d971ad740][TIMING] emit_host_span: [STRACE] v=1 pid=3752878 tid=3752878 inv=88 hid=a1b044e660229c3b depth=1 name=chip.run.bind ts=82118136522723 dur=121171098 
[mono_ns=82118263095127][T0x789d971ad740][WARN] prepare_execution: [device_runner.cpp:342] AICPU CPU_TOPO unavailable; using json_fallback: soc=Ascend950PR_9579 occupy=0x3e stable_reachable=5 requested=0 effective=5 affinity=[1, 2, 3, 4, 5(orch)]
[mono_ns=82118270383076][T0x789d971ad740][TIMING] emit_host_span: [STRACE] v=1 pid=3752878 tid=3752878 inv=88 hid=a1b044e660229c3b depth=1 name=chip.run.runner_run ts=82118263153425 dur=7229000 
[mono_ns=82118270678590][T0x789d971ad740][TIMING] emit_host_span: [STRACE] v=1 pid=3752878 tid=3752878 inv=88 hid=a1b044e660229c3b depth=1 name=chip.run.validate ts=82118270386852 dur=291367 
[mono_ns=82118270680693][T0x789d971ad740][TIMING] emit_host_span: [STRACE] v=1 pid=3752878 tid=3752878 inv=88 hid=a1b044e660229c3b depth=2 name=chip.run.runner_run.device_wall ts=0 dur=7025939 clk=dev
[mono_ns=82118270681704][T0x789d971ad740][TIMING] emit_host_span: [STRACE] v=1 pid=3752878 tid=3752878 inv=88 hid=a1b044e660229c3b depth=3 name=chip.run.runner_run.device_wall.preamble ts=0 dur=13690 clk=dev
[mono_ns=82118270682576][T0x789d971ad740][TIMING] emit_host_span: [STRACE] v=1 pid=3752878 tid=3752878 inv=88 hid=a1b044e660229c3b depth=3 name=chip.run.runner_run.device_wall.graph_build ts=3397 dur=7016745 clk=dev
[mono_ns=82118270683567][T0x789d971ad740][TIMING] emit_host_span: [STRACE] v=1 pid=3752878 tid=3752878 inv=88 hid=a1b044e660229c3b depth=3 name=chip.run.runner_run.device_wall.config_validate ts=3802 dur=1458 clk=dev
[mono_ns=82118270684288][T0x789d971ad740][TIMING] emit_host_span: [STRACE] v=1 pid=3752878 tid=3752878 inv=88 hid=a1b044e660229c3b depth=3 name=chip.run.runner_run.device_wall.arena_wire ts=5292 dur=2449 clk=dev
[mono_ns=82118270684969][T0x789d971ad740][TIMING] emit_host_span: [STRACE] v=1 pid=3752878 tid=3752878 inv=88 hid=a1b044e660229c3b depth=3 name=chip.run.runner_run.device_wall.sm_reset ts=7758 dur=2894 clk=dev
[mono_ns=82118270685650][T0x789d971ad740][TIMING] emit_host_span: [STRACE] v=1 pid=3752878 tid=3752878 inv=88 hid=a1b044e660229c3b depth=3 name=chip.run.runner_run.device_wall.post_orch ts=7020562 dur=4455 clk=dev
[mono_ns=82118270686351][T0x789d971ad740][TIMING] emit_host_span: [STRACE] v=1 pid=3752878 tid=3752878 inv=88 hid=a1b044e660229c3b depth=3 name=chip.run.runner_run.device_wall.orch ts=10690 dur=5908544 clk=dev
[mono_ns=82118270687062][T0x789d971ad740][TIMING] emit_host_span: [STRACE] v=1 pid=3752878 tid=3752878 inv=88 hid=a1b044e660229c3b depth=3 name=chip.run.runner_run.device_wall.sched ts=13825 dur=6993485 clk=dev
[mono_ns=82118270688224][T0x789d971ad740][TIMING] emit_host_span: [STRACE] v=1 pid=3752878 tid=3752878 inv=88 hid=a1b044e660229c3b depth=1 name=chip.run.claim_release ts=82118270687864 dur=100 
[mono_ns=82118270689736][T0x789d971ad740][TIMING] emit_host_span: [STRACE] v=1 pid=3752878 tid=3752878 inv=88 hid=a1b044e660229c3b depth=0 name=chip.run ts=82118136517955 dur=134171351 run_id=0 dispatch_id=0 slot_id=0 generation=88 run_epoch=88
[mono_ns=82118380766262][T0x789d971ad740][TIMING] emit_host_span: [STRACE] v=1 pid=3752878 tid=3752878 inv=89 hid=a1b044e660229c3b depth=2 name=chip.run.bind.args ts=82118271065090 dur=109697417 
[mono_ns=82118380783048][T0x789d971ad740][TIMING] emit_host_span: [STRACE] v=1 pid=3752878 tid=3752878 inv=89 hid=a1b044e660229c3b depth=2 name=chip.run.bind.prebuilt ts=82118380778991 dur=3686 
[mono_ns=82118380784790][T0x789d971ad740][TIMING] emit_host_span: [STRACE] v=1 pid=3752878 tid=3752878 inv=89 hid=a1b044e660229c3b depth=1 name=chip.run.bind ts=82118271060683 dur=109723747 
[mono_ns=82118385827489][T0x789d971ad740][WARN] prepare_execution: [device_runner.cpp:342] AICPU CPU_TOPO unavailable; using json_fallback: soc=Ascend950PR_9579 occupy=0x3e stable_reachable=5 requested=0 effective=5 affinity=[1, 2, 3, 4, 5(orch)]
[mono_ns=82118393173074][T0x789d971ad740][TIMING] emit_host_span: [STRACE] v=1 pid=3752878 tid=3752878 inv=89 hid=a1b044e660229c3b depth=1 name=chip.run.runner_run ts=82118385882131 dur=7290172 
[mono_ns=82118393456179][T0x789d971ad740][TIMING] emit_host_span: [STRACE] v=1 pid=3752878 tid=3752878 inv=89 hid=a1b044e660229c3b depth=1 name=chip.run.validate ts=82118393176810 dur=278928 
[mono_ns=82118393458042][T0x789d971ad740][TIMING] emit_host_span: [STRACE] v=1 pid=3752878 tid=3752878 inv=89 hid=a1b044e660229c3b depth=2 name=chip.run.runner_run.device_wall ts=0 dur=7091184 clk=dev
[mono_ns=82118393459183][T0x789d971ad740][TIMING] emit_host_span: [STRACE] v=1 pid=3752878 tid=3752878 inv=89 hid=a1b044e660229c3b depth=3 name=chip.run.runner_run.device_wall.preamble ts=0 dur=12738 clk=dev
[mono_ns=82118393460145][T0x789d971ad740][TIMING] emit_host_span: [STRACE] v=1 pid=3752878 tid=3752878 inv=89 hid=a1b044e660229c3b depth=3 name=chip.run.runner_run.device_wall.graph_build ts=3375 dur=7081902 clk=dev
[mono_ns=82118393460906][T0x789d971ad740][TIMING] emit_host_span: [STRACE] v=1 pid=3752878 tid=3752878 inv=89 hid=a1b044e660229c3b depth=3 name=chip.run.runner_run.device_wall.config_validate ts=3751 dur=1476 clk=dev
[mono_ns=82118393461617][T0x789d971ad740][TIMING] emit_host_span: [STRACE] v=1 pid=3752878 tid=3752878 inv=89 hid=a1b044e660229c3b depth=3 name=chip.run.runner_run.device_wall.arena_wire ts=5259 dur=3119 clk=dev
[mono_ns=82118393462328][T0x789d971ad740][TIMING] emit_host_span: [STRACE] v=1 pid=3752878 tid=3752878 inv=89 hid=a1b044e660229c3b depth=3 name=chip.run.runner_run.device_wall.sm_reset ts=8394 dur=3328 clk=dev
[mono_ns=82118393463029][T0x789d971ad740][TIMING] emit_host_span: [STRACE] v=1 pid=3752878 tid=3752878 inv=89 hid=a1b044e660229c3b depth=3 name=chip.run.runner_run.device_wall.post_orch ts=7085525 dur=4780 clk=dev
[mono_ns=82118393463730][T0x789d971ad740][TIMING] emit_host_span: [STRACE] v=1 pid=3752878 tid=3752878 inv=89 hid=a1b044e660229c3b depth=3 name=chip.run.runner_run.device_wall.orch ts=12058 dur=6072978 clk=dev
[mono_ns=82118393464441][T0x789d971ad740][TIMING] emit_host_span: [STRACE] v=1 pid=3752878 tid=3752878 inv=89 hid=a1b044e660229c3b depth=3 name=chip.run.runner_run.device_wall.sched ts=13251 dur=7057231 clk=dev
[mono_ns=82118393465733][T0x789d971ad740][TIMING] emit_host_span: [STRACE] v=1 pid=3752878 tid=3752878 inv=89 hid=a1b044e660229c3b depth=1 name=chip.run.claim_release ts=82118393465383 dur=80 
[mono_ns=82118393467276][T0x789d971ad740][TIMING] emit_host_span: [STRACE] v=1 pid=3752878 tid=3752878 inv=89 hid=a1b044e660229c3b depth=0 name=chip.run ts=82118271055345 dur=122411530 run_id=0 dispatch_id=0 slot_id=0 generation=89 run_epoch=89
[mono_ns=82118522006432][T0x789d971ad740][TIMING] emit_host_span: [STRACE] v=1 pid=3752878 tid=3752878 inv=90 hid=a1b044e660229c3b depth=2 name=chip.run.bind.args ts=82118393825193 dur=128174059 
[mono_ns=82118522023458][T0x789d971ad740][TIMING] emit_host_span: [STRACE] v=1 pid=3752878 tid=3752878 inv=90 hid=a1b044e660229c3b depth=2 name=chip.run.bind.prebuilt ts=82118522019582 dur=3445 
[mono_ns=82118522025151][T0x789d971ad740][TIMING] emit_host_span: [STRACE] v=1 pid=3752878 tid=3752878 inv=90 hid=a1b044e660229c3b depth=1 name=chip.run.bind ts=82118393820956 dur=128203804 
[mono_ns=82118527234389][T0x789d971ad740][WARN] prepare_execution: [device_runner.cpp:342] AICPU CPU_TOPO unavailable; using json_fallback: soc=Ascend950PR_9579 occupy=0x3e stable_reachable=5 requested=0 effective=5 affinity=[1, 2, 3, 4, 5(orch)]
[mono_ns=82118534575047][T0x789d971ad740][TIMING] emit_host_span: [STRACE] v=1 pid=3752878 tid=3752878 inv=90 hid=a1b044e660229c3b depth=1 name=chip.run.runner_run ts=82118527293939 dur=7280467 
[mono_ns=82118534876079][T0x789d971ad740][TIMING] emit_host_span: [STRACE] v=1 pid=3752878 tid=3752878 inv=90 hid=a1b044e660229c3b depth=1 name=chip.run.validate ts=82118534579333 dur=296365 
[mono_ns=82118534878072][T0x789d971ad740][TIMING] emit_host_span: [STRACE] v=1 pid=3752878 tid=3752878 inv=90 hid=a1b044e660229c3b depth=2 name=chip.run.runner_run.device_wall ts=0 dur=7089918 clk=dev
[mono_ns=82118534879274][T0x789d971ad740][TIMING] emit_host_span: [STRACE] v=1 pid=3752878 tid=3752878 inv=90 hid=a1b044e660229c3b depth=3 name=chip.run.runner_run.device_wall.preamble ts=0 dur=13606 clk=dev
[mono_ns=82118534880275][T0x789d971ad740][TIMING] emit_host_span: [STRACE] v=1 pid=3752878 tid=3752878 inv=90 hid=a1b044e660229c3b depth=3 name=chip.run.runner_run.device_wall.graph_build ts=3179 dur=7081416 clk=dev
[mono_ns=82118534881036][T0x789d971ad740][TIMING] emit_host_span: [STRACE] v=1 pid=3752878 tid=3752878 inv=90 hid=a1b044e660229c3b depth=3 name=chip.run.runner_run.device_wall.config_validate ts=3793 dur=1161 clk=dev
[mono_ns=82118534881767][T0x789d971ad740][TIMING] emit_host_span: [STRACE] v=1 pid=3752878 tid=3752878 inv=90 hid=a1b044e660229c3b depth=3 name=chip.run.runner_run.device_wall.arena_wire ts=5073 dur=2594 clk=dev
[mono_ns=82118534882458][T0x789d971ad740][TIMING] emit_host_span: [STRACE] v=1 pid=3752878 tid=3752878 inv=90 hid=a1b044e660229c3b depth=3 name=chip.run.runner_run.device_wall.sm_reset ts=7763 dur=3489 clk=dev
[mono_ns=82118534883139][T0x789d971ad740][TIMING] emit_host_span: [STRACE] v=1 pid=3752878 tid=3752878 inv=90 hid=a1b044e660229c3b depth=3 name=chip.run.runner_run.device_wall.post_orch ts=7084850 dur=4984 clk=dev
[mono_ns=82118534883860][T0x789d971ad740][TIMING] emit_host_span: [STRACE] v=1 pid=3752878 tid=3752878 inv=90 hid=a1b044e660229c3b depth=3 name=chip.run.runner_run.device_wall.orch ts=11342 dur=6069219 clk=dev
[mono_ns=82118534884612][T0x789d971ad740][TIMING] emit_host_span: [STRACE] v=1 pid=3752878 tid=3752878 inv=90 hid=a1b044e660229c3b depth=3 name=chip.run.runner_run.device_wall.sched ts=13495 dur=7054937 clk=dev
[mono_ns=82118534885753][T0x789d971ad740][TIMING] emit_host_span: [STRACE] v=1 pid=3752878 tid=3752878 inv=90 hid=a1b044e660229c3b depth=1 name=chip.run.claim_release ts=82118534885393 dur=110 
[mono_ns=82118534887215][T0x789d971ad740][TIMING] emit_host_span: [STRACE] v=1 pid=3752878 tid=3752878 inv=90 hid=a1b044e660229c3b depth=0 name=chip.run ts=82118393815268 dur=141071547 run_id=0 dispatch_id=0 slot_id=0 generation=90 run_epoch=90
[mono_ns=82118647101540][T0x789d971ad740][TIMING] emit_host_span: [STRACE] v=1 pid=3752878 tid=3752878 inv=91 hid=a1b044e660229c3b depth=2 name=chip.run.bind.args ts=82118535263440 dur=111835246 
[mono_ns=82118647116002][T0x789d971ad740][TIMING] emit_host_span: [STRACE] v=1 pid=3752878 tid=3752878 inv=91 hid=a1b044e660229c3b depth=2 name=chip.run.bind.prebuilt ts=82118647112376 dur=3325 
[mono_ns=82118647117604][T0x789d971ad740][TIMING] emit_host_span: [STRACE] v=1 pid=3752878 tid=3752878 inv=91 hid=a1b044e660229c3b depth=1 name=chip.run.bind ts=82118535259114 dur=111858090 
[mono_ns=82118652222246][T0x789d971ad740][WARN] prepare_execution: [device_runner.cpp:342] AICPU CPU_TOPO unavailable; using json_fallback: soc=Ascend950PR_9579 occupy=0x3e stable_reachable=5 requested=0 effective=5 affinity=[1, 2, 3, 4, 5(orch)]
[mono_ns=82118659419939][T0x789d971ad740][TIMING] emit_host_span: [STRACE] v=1 pid=3752878 tid=3752878 inv=91 hid=a1b044e660229c3b depth=1 name=chip.run.runner_run ts=82118652265771 dur=7153187 
[mono_ns=82118659703985][T0x789d971ad740][TIMING] emit_host_span: [STRACE] v=1 pid=3752878 tid=3752878 inv=91 hid=a1b044e660229c3b depth=1 name=chip.run.validate ts=82118659423104 dur=280541 
[mono_ns=82118659705978][T0x789d971ad740][TIMING] emit_host_span: [STRACE] v=1 pid=3752878 tid=3752878 inv=91 hid=a1b044e660229c3b depth=2 name=chip.run.runner_run.device_wall ts=0 dur=6958060 clk=dev
[mono_ns=82118659706940][T0x789d971ad740][TIMING] emit_host_span: [STRACE] v=1 pid=3752878 tid=3752878 inv=91 hid=a1b044e660229c3b depth=3 name=chip.run.runner_run.device_wall.preamble ts=0 dur=14300 clk=dev
[mono_ns=82118659707781][T0x789d971ad740][TIMING] emit_host_span: [STRACE] v=1 pid=3752878 tid=3752878 inv=91 hid=a1b044e660229c3b depth=3 name=chip.run.runner_run.device_wall.graph_build ts=3409 dur=6949968 clk=dev
[mono_ns=82118659708532][T0x789d971ad740][TIMING] emit_host_span: [STRACE] v=1 pid=3752878 tid=3752878 inv=91 hid=a1b044e660229c3b depth=3 name=chip.run.runner_run.device_wall.config_validate ts=4013 dur=1079 clk=dev
[mono_ns=82118659709414][T0x789d971ad740][TIMING] emit_host_span: [STRACE] v=1 pid=3752878 tid=3752878 inv=91 hid=a1b044e660229c3b depth=3 name=chip.run.runner_run.device_wall.arena_wire ts=5191 dur=3183 clk=dev
[mono_ns=82118659710125][T0x789d971ad740][TIMING] emit_host_span: [STRACE] v=1 pid=3752878 tid=3752878 inv=91 hid=a1b044e660229c3b depth=3 name=chip.run.runner_run.device_wall.sm_reset ts=8394 dur=3428 clk=dev
[mono_ns=82118659710816][T0x789d971ad740][TIMING] emit_host_span: [STRACE] v=1 pid=3752878 tid=3752878 inv=91 hid=a1b044e660229c3b depth=3 name=chip.run.runner_run.device_wall.post_orch ts=6953629 dur=4222 clk=dev
[mono_ns=82118659711907][T0x789d971ad740][TIMING] emit_host_span: [STRACE] v=1 pid=3752878 tid=3752878 inv=91 hid=a1b044e660229c3b depth=3 name=chip.run.runner_run.device_wall.orch ts=11864 dur=5902786 clk=dev
[mono_ns=82118659712698][T0x789d971ad740][TIMING] emit_host_span: [STRACE] v=1 pid=3752878 tid=3752878 inv=91 hid=a1b044e660229c3b depth=3 name=chip.run.runner_run.device_wall.sched ts=14229 dur=6922420 clk=dev
[mono_ns=82118659713810][T0x789d971ad740][TIMING] emit_host_span: [STRACE] v=1 pid=3752878 tid=3752878 inv=91 hid=a1b044e660229c3b depth=1 name=chip.run.claim_release ts=82118659713430 dur=130 
[mono_ns=82118659715272][T0x789d971ad740][TIMING] emit_host_span: [STRACE] v=1 pid=3752878 tid=3752878 inv=91 hid=a1b044e660229c3b depth=0 name=chip.run ts=82118535254677 dur=124460205 run_id=0 dispatch_id=0 slot_id=0 generation=91 run_epoch=91
[mono_ns=82118770203016][T0x789d971ad740][TIMING] emit_host_span: [STRACE] v=1 pid=3752878 tid=3752878 inv=92 hid=a1b044e660229c3b depth=2 name=chip.run.bind.args ts=82118660089444 dur=110111438 
[mono_ns=82118770215604][T0x789d971ad740][TIMING] emit_host_span: [STRACE] v=1 pid=3752878 tid=3752878 inv=92 hid=a1b044e660229c3b depth=2 name=chip.run.bind.prebuilt ts=82118770211829 dur=3385 
[mono_ns=82118770216966][T0x789d971ad740][TIMING] emit_host_span: [STRACE] v=1 pid=3752878 tid=3752878 inv=92 hid=a1b044e660229c3b depth=1 name=chip.run.bind ts=82118660085298 dur=110131328 
[mono_ns=82118775275990][T0x789d971ad740][WARN] prepare_execution: [device_runner.cpp:342] AICPU CPU_TOPO unavailable; using json_fallback: soc=Ascend950PR_9579 occupy=0x3e stable_reachable=5 requested=0 effective=5 affinity=[1, 2, 3, 4, 5(orch)]
[mono_ns=82118782716908][T0x789d971ad740][TIMING] emit_host_span: [STRACE] v=1 pid=3752878 tid=3752878 inv=92 hid=a1b044e660229c3b depth=1 name=chip.run.runner_run ts=82118775315529 dur=7400628 
[mono_ns=82118783006613][T0x789d971ad740][TIMING] emit_host_span: [STRACE] v=1 pid=3752878 tid=3752878 inv=92 hid=a1b044e660229c3b depth=1 name=chip.run.validate ts=82118782720083 dur=286119 
[mono_ns=82118783008295][T0x789d971ad740][TIMING] emit_host_span: [STRACE] v=1 pid=3752878 tid=3752878 inv=92 hid=a1b044e660229c3b depth=2 name=chip.run.runner_run.device_wall ts=0 dur=7232630 clk=dev
[mono_ns=82118783009197][T0x789d971ad740][TIMING] emit_host_span: [STRACE] v=1 pid=3752878 tid=3752878 inv=92 hid=a1b044e660229c3b depth=3 name=chip.run.runner_run.device_wall.preamble ts=0 dur=12859 clk=dev
[mono_ns=82118783009988][T0x789d971ad740][TIMING] emit_host_span: [STRACE] v=1 pid=3752878 tid=3752878 inv=92 hid=a1b044e660229c3b depth=3 name=chip.run.runner_run.device_wall.graph_build ts=3790 dur=7222853 clk=dev
[mono_ns=82118783010799][T0x789d971ad740][TIMING] emit_host_span: [STRACE] v=1 pid=3752878 tid=3752878 inv=92 hid=a1b044e660229c3b depth=3 name=chip.run.runner_run.device_wall.config_validate ts=4390 dur=1138 clk=dev
[mono_ns=82118783011520][T0x789d971ad740][TIMING] emit_host_span: [STRACE] v=1 pid=3752878 tid=3752878 inv=92 hid=a1b044e660229c3b depth=3 name=chip.run.runner_run.device_wall.arena_wire ts=5571 dur=3026 clk=dev
[mono_ns=82118783012211][T0x789d971ad740][TIMING] emit_host_span: [STRACE] v=1 pid=3752878 tid=3752878 inv=92 hid=a1b044e660229c3b depth=3 name=chip.run.runner_run.device_wall.sm_reset ts=8613 dur=3299 clk=dev
[mono_ns=82118783012892][T0x789d971ad740][TIMING] emit_host_span: [STRACE] v=1 pid=3752878 tid=3752878 inv=92 hid=a1b044e660229c3b depth=3 name=chip.run.runner_run.device_wall.post_orch ts=7226731 dur=5130 clk=dev
[mono_ns=82118783013583][T0x789d971ad740][TIMING] emit_host_span: [STRACE] v=1 pid=3752878 tid=3752878 inv=92 hid=a1b044e660229c3b depth=3 name=chip.run.runner_run.device_wall.orch ts=12000 dur=6110045 clk=dev
[mono_ns=82118783014284][T0x789d971ad740][TIMING] emit_host_span: [STRACE] v=1 pid=3752878 tid=3752878 inv=92 hid=a1b044e660229c3b depth=3 name=chip.run.runner_run.device_wall.sched ts=13312 dur=7197956 clk=dev
[mono_ns=82118783015636][T0x789d971ad740][TIMING] emit_host_span: [STRACE] v=1 pid=3752878 tid=3752878 inv=92 hid=a1b044e660229c3b depth=1 name=chip.run.claim_release ts=82118783015015 dur=171 
[mono_ns=82118783017048][T0x789d971ad740][TIMING] emit_host_span: [STRACE] v=1 pid=3752878 tid=3752878 inv=92 hid=a1b044e660229c3b depth=0 name=chip.run ts=82118660079900 dur=122936778 run_id=0 dispatch_id=0 slot_id=0 generation=92 run_epoch=92
[mono_ns=82118892883759][T0x789d971ad740][TIMING] emit_host_span: [STRACE] v=1 pid=3752878 tid=3752878 inv=93 hid=a1b044e660229c3b depth=2 name=chip.run.bind.args ts=82118783370349 dur=109511337 
[mono_ns=82118892895487][T0x789d971ad740][TIMING] emit_host_span: [STRACE] v=1 pid=3752878 tid=3752878 inv=93 hid=a1b044e660229c3b depth=2 name=chip.run.bind.prebuilt ts=82118892892062 dur=3034 
[mono_ns=82118892897019][T0x789d971ad740][TIMING] emit_host_span: [STRACE] v=1 pid=3752878 tid=3752878 inv=93 hid=a1b044e660229c3b depth=1 name=chip.run.bind ts=82118783366202 dur=109530377 
[mono_ns=82118897974600][T0x789d971ad740][WARN] prepare_execution: [device_runner.cpp:342] AICPU CPU_TOPO unavailable; using json_fallback: soc=Ascend950PR_9579 occupy=0x3e stable_reachable=5 requested=0 effective=5 affinity=[1, 2, 3, 4, 5(orch)]
[mono_ns=82118905216900][T0x789d971ad740][TIMING] emit_host_span: [STRACE] v=1 pid=3752878 tid=3752878 inv=93 hid=a1b044e660229c3b depth=1 name=chip.run.runner_run ts=82118898018877 dur=7197372 
[mono_ns=82118905499555][T0x789d971ad740][TIMING] emit_host_span: [STRACE] v=1 pid=3752878 tid=3752878 inv=93 hid=a1b044e660229c3b depth=1 name=chip.run.validate ts=82118905220316 dur=278798 
[mono_ns=82118905501488][T0x789d971ad740][TIMING] emit_host_span: [STRACE] v=1 pid=3752878 tid=3752878 inv=93 hid=a1b044e660229c3b depth=2 name=chip.run.runner_run.device_wall ts=0 dur=7034516 clk=dev
[mono_ns=82118905502419][T0x789d971ad740][TIMING] emit_host_span: [STRACE] v=1 pid=3752878 tid=3752878 inv=93 hid=a1b044e660229c3b depth=3 name=chip.run.runner_run.device_wall.preamble ts=0 dur=12333 clk=dev
[mono_ns=82118905503300][T0x789d971ad740][TIMING] emit_host_span: [STRACE] v=1 pid=3752878 tid=3752878 inv=93 hid=a1b044e660229c3b depth=3 name=chip.run.runner_run.device_wall.graph_build ts=2748 dur=7026144 clk=dev
[mono_ns=82118905504082][T0x789d971ad740][TIMING] emit_host_span: [STRACE] v=1 pid=3752878 tid=3752878 inv=93 hid=a1b044e660229c3b depth=3 name=chip.run.runner_run.device_wall.config_validate ts=3404 dur=1260 clk=dev
[mono_ns=82118905504793][T0x789d971ad740][TIMING] emit_host_span: [STRACE] v=1 pid=3752878 tid=3752878 inv=93 hid=a1b044e660229c3b depth=3 name=chip.run.runner_run.device_wall.arena_wire ts=4692 dur=2887 clk=dev
[mono_ns=82118905505484][T0x789d971ad740][TIMING] emit_host_span: [STRACE] v=1 pid=3752878 tid=3752878 inv=93 hid=a1b044e660229c3b depth=3 name=chip.run.runner_run.device_wall.sm_reset ts=7596 dur=3824 clk=dev
[mono_ns=82118905506195][T0x789d971ad740][TIMING] emit_host_span: [STRACE] v=1 pid=3752878 tid=3752878 inv=93 hid=a1b044e660229c3b depth=3 name=chip.run.runner_run.device_wall.post_orch ts=7028974 dur=4594 clk=dev
[mono_ns=82118905506896][T0x789d971ad740][TIMING] emit_host_span: [STRACE] v=1 pid=3752878 tid=3752878 inv=93 hid=a1b044e660229c3b depth=3 name=chip.run.runner_run.device_wall.orch ts=11849 dur=5966809 clk=dev
[mono_ns=82118905507597][T0x789d971ad740][TIMING] emit_host_span: [STRACE] v=1 pid=3752878 tid=3752878 inv=93 hid=a1b044e660229c3b depth=3 name=chip.run.runner_run.device_wall.sched ts=12997 dur=7000422 clk=dev
[mono_ns=82118905509229][T0x789d971ad740][TIMING] emit_host_span: [STRACE] v=1 pid=3752878 tid=3752878 inv=93 hid=a1b044e660229c3b depth=1 name=chip.run.claim_release ts=82118905508789 dur=180 
[mono_ns=82118905510561][T0x789d971ad740][TIMING] emit_host_span: [STRACE] v=1 pid=3752878 tid=3752878 inv=93 hid=a1b044e660229c3b depth=0 name=chip.run ts=82118783362607 dur=122147654 run_id=0 dispatch_id=0 slot_id=0 generation=93 run_epoch=93
[mono_ns=82119012811361][T0x789d971ad740][TIMING] emit_host_span: [STRACE] v=1 pid=3752878 tid=3752878 inv=94 hid=a1b044e660229c3b depth=2 name=chip.run.bind.args ts=82118905834628 dur=106973919 
[mono_ns=82119012823359][T0x789d971ad740][TIMING] emit_host_span: [STRACE] v=1 pid=3752878 tid=3752878 inv=94 hid=a1b044e660229c3b depth=2 name=chip.run.bind.prebuilt ts=82119012819433 dur=3666 
[mono_ns=82119012824751][T0x789d971ad740][TIMING] emit_host_span: [STRACE] v=1 pid=3752878 tid=3752878 inv=94 hid=a1b044e660229c3b depth=1 name=chip.run.bind ts=82118905830692 dur=106993709 
[mono_ns=82119017890735][T0x789d971ad740][WARN] prepare_execution: [device_runner.cpp:342] AICPU CPU_TOPO unavailable; using json_fallback: soc=Ascend950PR_9579 occupy=0x3e stable_reachable=5 requested=0 effective=5 affinity=[1, 2, 3, 4, 5(orch)]
[mono_ns=82119025142109][T0x789d971ad740][TIMING] emit_host_span: [STRACE] v=1 pid=3752878 tid=3752878 inv=94 hid=a1b044e660229c3b depth=1 name=chip.run.runner_run ts=82119017943244 dur=7198113 
[mono_ns=82119025423932][T0x789d971ad740][TIMING] emit_host_span: [STRACE] v=1 pid=3752878 tid=3752878 inv=94 hid=a1b044e660229c3b depth=1 name=chip.run.validate ts=82119025144732 dur=278769 
[mono_ns=82119025425504][T0x789d971ad740][TIMING] emit_host_span: [STRACE] v=1 pid=3752878 tid=3752878 inv=94 hid=a1b044e660229c3b depth=2 name=chip.run.runner_run.device_wall ts=0 dur=7031814 clk=dev
[mono_ns=82119025426555][T0x789d971ad740][TIMING] emit_host_span: [STRACE] v=1 pid=3752878 tid=3752878 inv=94 hid=a1b044e660229c3b depth=3 name=chip.run.runner_run.device_wall.preamble ts=0 dur=13363 clk=dev
[mono_ns=82119025427687][T0x789d971ad740][TIMING] emit_host_span: [STRACE] v=1 pid=3752878 tid=3752878 inv=94 hid=a1b044e660229c3b depth=3 name=chip.run.runner_run.device_wall.graph_build ts=3407 dur=7023139 clk=dev
[mono_ns=82119025428448][T0x789d971ad740][TIMING] emit_host_span: [STRACE] v=1 pid=3752878 tid=3752878 inv=94 hid=a1b044e660229c3b depth=3 name=chip.run.runner_run.device_wall.config_validate ts=4005 dur=1219 clk=dev
[mono_ns=82119025429159][T0x789d971ad740][TIMING] emit_host_span: [STRACE] v=1 pid=3752878 tid=3752878 inv=94 hid=a1b044e660229c3b depth=3 name=chip.run.runner_run.device_wall.arena_wire ts=5259 dur=2960 clk=dev
[mono_ns=82119025429860][T0x789d971ad740][TIMING] emit_host_span: [STRACE] v=1 pid=3752878 tid=3752878 inv=94 hid=a1b044e660229c3b depth=3 name=chip.run.runner_run.device_wall.sm_reset ts=8237 dur=3347 clk=dev
[mono_ns=82119025430571][T0x789d971ad740][TIMING] emit_host_span: [STRACE] v=1 pid=3752878 tid=3752878 inv=94 hid=a1b044e660229c3b depth=3 name=chip.run.runner_run.device_wall.post_orch ts=7026629 dur=5040 clk=dev
[mono_ns=82119025431293][T0x789d971ad740][TIMING] emit_host_span: [STRACE] v=1 pid=3752878 tid=3752878 inv=94 hid=a1b044e660229c3b depth=3 name=chip.run.runner_run.device_wall.orch ts=11620 dur=6035867 clk=dev
[mono_ns=82119025432024][T0x789d971ad740][TIMING] emit_host_span: [STRACE] v=1 pid=3752878 tid=3752878 inv=94 hid=a1b044e660229c3b depth=3 name=chip.run.runner_run.device_wall.sched ts=13543 dur=6997846 clk=dev
[mono_ns=82119025433165][T0x789d971ad740][TIMING] emit_host_span: [STRACE] v=1 pid=3752878 tid=3752878 inv=94 hid=a1b044e660229c3b depth=1 name=chip.run.claim_release ts=82119025432725 dur=90 
[mono_ns=82119025434437][T0x789d971ad740][TIMING] emit_host_span: [STRACE] v=1 pid=3752878 tid=3752878 inv=94 hid=a1b044e660229c3b depth=0 name=chip.run ts=82118905826806 dur=119607251 run_id=0 dispatch_id=0 slot_id=0 generation=94 run_epoch=94
[mono_ns=82119135886597][T0x789d971ad740][TIMING] emit_host_span: [STRACE] v=1 pid=3752878 tid=3752878 inv=95 hid=a1b044e660229c3b depth=2 name=chip.run.bind.args ts=82119025760246 dur=110123787 
[mono_ns=82119135900438][T0x789d971ad740][TIMING] emit_host_span: [STRACE] v=1 pid=3752878 tid=3752878 inv=95 hid=a1b044e660229c3b depth=2 name=chip.run.bind.prebuilt ts=82119135896782 dur=3165 
[mono_ns=82119135901910][T0x789d971ad740][TIMING] emit_host_span: [STRACE] v=1 pid=3752878 tid=3752878 inv=95 hid=a1b044e660229c3b depth=1 name=chip.run.bind ts=82119025756110 dur=110145409 
[mono_ns=82119141050047][T0x789d971ad740][WARN] prepare_execution: [device_runner.cpp:342] AICPU CPU_TOPO unavailable; using json_fallback: soc=Ascend950PR_9579 occupy=0x3e stable_reachable=5 requested=0 effective=5 affinity=[1, 2, 3, 4, 5(orch)]
[mono_ns=82119148192297][T0x789d971ad740][TIMING] emit_host_span: [STRACE] v=1 pid=3752878 tid=3752878 inv=95 hid=a1b044e660229c3b depth=1 name=chip.run.runner_run ts=82119141104058 dur=7087608 
[mono_ns=82119148470815][T0x789d971ad740][TIMING] emit_host_span: [STRACE] v=1 pid=3752878 tid=3752878 inv=95 hid=a1b044e660229c3b depth=1 name=chip.run.validate ts=82119148195682 dur=274682 
[mono_ns=82119148472638][T0x789d971ad740][TIMING] emit_host_span: [STRACE] v=1 pid=3752878 tid=3752878 inv=95 hid=a1b044e660229c3b depth=2 name=chip.run.runner_run.device_wall ts=0 dur=6912782 clk=dev
[mono_ns=82119148473619][T0x789d971ad740][TIMING] emit_host_span: [STRACE] v=1 pid=3752878 tid=3752878 inv=95 hid=a1b044e660229c3b depth=3 name=chip.run.runner_run.device_wall.preamble ts=0 dur=13467 clk=dev
[mono_ns=82119148474921][T0x789d971ad740][TIMING] emit_host_span: [STRACE] v=1 pid=3752878 tid=3752878 inv=95 hid=a1b044e660229c3b depth=3 name=chip.run.runner_run.device_wall.graph_build ts=3321 dur=6904068 clk=dev
[mono_ns=82119148475692][T0x789d971ad740][TIMING] emit_host_span: [STRACE] v=1 pid=3752878 tid=3752878 inv=95 hid=a1b044e660229c3b depth=3 name=chip.run.runner_run.device_wall.config_validate ts=3940 dur=1152 clk=dev
[mono_ns=82119148476413][T0x789d971ad740][TIMING] emit_host_span: [STRACE] v=1 pid=3752878 tid=3752878 inv=95 hid=a1b044e660229c3b depth=3 name=chip.run.runner_run.device_wall.arena_wire ts=5127 dur=2922 clk=dev
[mono_ns=82119148477104][T0x789d971ad740][TIMING] emit_host_span: [STRACE] v=1 pid=3752878 tid=3752878 inv=95 hid=a1b044e660229c3b depth=3 name=chip.run.runner_run.device_wall.sm_reset ts=8068 dur=3437 clk=dev
[mono_ns=82119148477775][T0x789d971ad740][TIMING] emit_host_span: [STRACE] v=1 pid=3752878 tid=3752878 inv=95 hid=a1b044e660229c3b depth=3 name=chip.run.runner_run.device_wall.post_orch ts=6907489 dur=4575 clk=dev
[mono_ns=82119148478486][T0x789d971ad740][TIMING] emit_host_span: [STRACE] v=1 pid=3752878 tid=3752878 inv=95 hid=a1b044e660229c3b depth=3 name=chip.run.runner_run.device_wall.orch ts=11542 dur=5843454 clk=dev
[mono_ns=82119148479178][T0x789d971ad740][TIMING] emit_host_span: [STRACE] v=1 pid=3752878 tid=3752878 inv=95 hid=a1b044e660229c3b depth=3 name=chip.run.runner_run.device_wall.sched ts=13815 dur=6879739 clk=dev
[mono_ns=82119148480349][T0x789d971ad740][TIMING] emit_host_span: [STRACE] v=1 pid=3752878 tid=3752878 inv=95 hid=a1b044e660229c3b depth=1 name=chip.run.claim_release ts=82119148479929 dur=90 
[mono_ns=82119148481531][T0x789d971ad740][TIMING] emit_host_span: [STRACE] v=1 pid=3752878 tid=3752878 inv=95 hid=a1b044e660229c3b depth=0 name=chip.run ts=82119025751523 dur=122729728 run_id=0 dispatch_id=0 slot_id=0 generation=95 run_epoch=95
[mono_ns=82119256683874][T0x789d971ad740][TIMING] emit_host_span: [STRACE] v=1 pid=3752878 tid=3752878 inv=96 hid=a1b044e660229c3b depth=2 name=chip.run.bind.args ts=82119148828051 dur=107852618 
[mono_ns=82119256697354][T0x789d971ad740][TIMING] emit_host_span: [STRACE] v=1 pid=3752878 tid=3752878 inv=96 hid=a1b044e660229c3b depth=2 name=chip.run.bind.prebuilt ts=82119256693498 dur=3476 
[mono_ns=82119256698766][T0x789d971ad740][TIMING] emit_host_span: [STRACE] v=1 pid=3752878 tid=3752878 inv=96 hid=a1b044e660229c3b depth=1 name=chip.run.bind ts=82119148823584 dur=107874822 
[mono_ns=82119261905181][T0x789d971ad740][WARN] prepare_execution: [device_runner.cpp:342] AICPU CPU_TOPO unavailable; using json_fallback: soc=Ascend950PR_9579 occupy=0x3e stable_reachable=5 requested=0 effective=5 affinity=[1, 2, 3, 4, 5(orch)]
[mono_ns=82119269182243][T0x789d971ad740][TIMING] emit_host_span: [STRACE] v=1 pid=3752878 tid=3752878 inv=96 hid=a1b044e660229c3b depth=1 name=chip.run.runner_run ts=82119261956618 dur=7224874 
[mono_ns=82119269454171][T0x789d971ad740][TIMING] emit_host_span: [STRACE] v=1 pid=3752878 tid=3752878 inv=96 hid=a1b044e660229c3b depth=1 name=chip.run.validate ts=82119269185378 dur=268363 
[mono_ns=82119269455924][T0x789d971ad740][TIMING] emit_host_span: [STRACE] v=1 pid=3752878 tid=3752878 inv=96 hid=a1b044e660229c3b depth=2 name=chip.run.runner_run.device_wall ts=0 dur=7036494 clk=dev
[mono_ns=82119269456875][T0x789d971ad740][TIMING] emit_host_span: [STRACE] v=1 pid=3752878 tid=3752878 inv=96 hid=a1b044e660229c3b depth=3 name=chip.run.runner_run.device_wall.preamble ts=0 dur=14895 clk=dev
[mono_ns=82119269457697][T0x789d971ad740][TIMING] emit_host_span: [STRACE] v=1 pid=3752878 tid=3752878 inv=96 hid=a1b044e660229c3b depth=3 name=chip.run.runner_run.device_wall.graph_build ts=4253 dur=7026659 clk=dev
[mono_ns=82119269458458][T0x789d971ad740][TIMING] emit_host_span: [STRACE] v=1 pid=3752878 tid=3752878 inv=96 hid=a1b044e660229c3b depth=3 name=chip.run.runner_run.device_wall.config_validate ts=4660 dur=1278 clk=dev
[mono_ns=82119269459169][T0x789d971ad740][TIMING] emit_host_span: [STRACE] v=1 pid=3752878 tid=3752878 inv=96 hid=a1b044e660229c3b depth=3 name=chip.run.runner_run.device_wall.arena_wire ts=5970 dur=3303 clk=dev
[mono_ns=82119269459860][T0x789d971ad740][TIMING] emit_host_span: [STRACE] v=1 pid=3752878 tid=3752878 inv=96 hid=a1b044e660229c3b depth=3 name=chip.run.runner_run.device_wall.sm_reset ts=9292 dur=3037 clk=dev
[mono_ns=82119269460541][T0x789d971ad740][TIMING] emit_host_span: [STRACE] v=1 pid=3752878 tid=3752878 inv=96 hid=a1b044e660229c3b depth=3 name=chip.run.runner_run.device_wall.post_orch ts=7031032 dur=4379 clk=dev
[mono_ns=82119269461252][T0x789d971ad740][TIMING] emit_host_span: [STRACE] v=1 pid=3752878 tid=3752878 inv=96 hid=a1b044e660229c3b depth=3 name=chip.run.runner_run.device_wall.orch ts=12857 dur=6015370 clk=dev
[mono_ns=82119269462073][T0x789d971ad740][TIMING] emit_host_span: [STRACE] v=1 pid=3752878 tid=3752878 inv=96 hid=a1b044e660229c3b depth=3 name=chip.run.runner_run.device_wall.sched ts=15129 dur=6999813 clk=dev
[mono_ns=82119269463205][T0x789d971ad740][TIMING] emit_host_span: [STRACE] v=1 pid=3752878 tid=3752878 inv=96 hid=a1b044e660229c3b depth=1 name=chip.run.claim_release ts=82119269462764 dur=90 
[mono_ns=82119269464447][T0x789d971ad740][TIMING] emit_host_span: [STRACE] v=1 pid=3752878 tid=3752878 inv=96 hid=a1b044e660229c3b depth=0 name=chip.run ts=82119148819558 dur=120644498 run_id=0 dispatch_id=0 slot_id=0 generation=96 run_epoch=96
[mono_ns=82119377354291][T0x789d971ad740][TIMING] emit_host_span: [STRACE] v=1 pid=3752878 tid=3752878 inv=97 hid=a1b044e660229c3b depth=2 name=chip.run.bind.args ts=82119269794071 dur=107557926 
[mono_ns=82119377367791][T0x789d971ad740][TIMING] emit_host_span: [STRACE] v=1 pid=3752878 tid=3752878 inv=97 hid=a1b044e660229c3b depth=2 name=chip.run.bind.prebuilt ts=82119377364226 dur=3274 
[mono_ns=82119377369303][T0x789d971ad740][TIMING] emit_host_span: [STRACE] v=1 pid=3752878 tid=3752878 inv=97 hid=a1b044e660229c3b depth=1 name=chip.run.bind ts=82119269790196 dur=107578727 
[mono_ns=82119382422267][T0x789d971ad740][WARN] prepare_execution: [device_runner.cpp:342] AICPU CPU_TOPO unavailable; using json_fallback: soc=Ascend950PR_9579 occupy=0x3e stable_reachable=5 requested=0 effective=5 affinity=[1, 2, 3, 4, 5(orch)]
[mono_ns=82119389748664][T0x789d971ad740][TIMING] emit_host_span: [STRACE] v=1 pid=3752878 tid=3752878 inv=97 hid=a1b044e660229c3b depth=1 name=chip.run.runner_run ts=82119382477360 dur=7270532 
[mono_ns=82119390020301][T0x789d971ad740][TIMING] emit_host_span: [STRACE] v=1 pid=3752878 tid=3752878 inv=97 hid=a1b044e660229c3b depth=1 name=chip.run.validate ts=82119389751758 dur=267902 
[mono_ns=82119390022404][T0x789d971ad740][TIMING] emit_host_span: [STRACE] v=1 pid=3752878 tid=3752878 inv=97 hid=a1b044e660229c3b depth=2 name=chip.run.runner_run.device_wall ts=0 dur=7097755 clk=dev
[mono_ns=82119390023586][T0x789d971ad740][TIMING] emit_host_span: [STRACE] v=1 pid=3752878 tid=3752878 inv=97 hid=a1b044e660229c3b depth=3 name=chip.run.runner_run.device_wall.preamble ts=0 dur=13500 clk=dev
[mono_ns=82119390024397][T0x789d971ad740][TIMING] emit_host_span: [STRACE] v=1 pid=3752878 tid=3752878 inv=97 hid=a1b044e660229c3b depth=3 name=chip.run.runner_run.device_wall.graph_build ts=3480 dur=7088382 clk=dev
[mono_ns=82119390025179][T0x789d971ad740][TIMING] emit_host_span: [STRACE] v=1 pid=3752878 tid=3752878 inv=97 hid=a1b044e660229c3b depth=3 name=chip.run.runner_run.device_wall.config_validate ts=3907 dur=1078 clk=dev
[mono_ns=82119390025970][T0x789d971ad740][TIMING] emit_host_span: [STRACE] v=1 pid=3752878 tid=3752878 inv=97 hid=a1b044e660229c3b depth=3 name=chip.run.runner_run.device_wall.arena_wire ts=5008 dur=3101 clk=dev
[mono_ns=82119390026701][T0x789d971ad740][TIMING] emit_host_span: [STRACE] v=1 pid=3752878 tid=3752878 inv=97 hid=a1b044e660229c3b depth=3 name=chip.run.runner_run.device_wall.sm_reset ts=8127 dur=3694 clk=dev
[mono_ns=82119390027382][T0x789d971ad740][TIMING] emit_host_span: [STRACE] v=1 pid=3752878 tid=3752878 inv=97 hid=a1b044e660229c3b depth=3 name=chip.run.runner_run.device_wall.post_orch ts=7092112 dur=4593 clk=dev
[mono_ns=82119390028103][T0x789d971ad740][TIMING] emit_host_span: [STRACE] v=1 pid=3752878 tid=3752878 inv=97 hid=a1b044e660229c3b depth=3 name=chip.run.runner_run.device_wall.orch ts=11859 dur=5986287 clk=dev
[mono_ns=82119390028804][T0x789d971ad740][TIMING] emit_host_span: [STRACE] v=1 pid=3752878 tid=3752878 inv=97 hid=a1b044e660229c3b depth=3 name=chip.run.runner_run.device_wall.sched ts=13726 dur=7064385 clk=dev
[mono_ns=82119390029976][T0x789d971ad740][TIMING] emit_host_span: [STRACE] v=1 pid=3752878 tid=3752878 inv=97 hid=a1b044e660229c3b depth=1 name=chip.run.claim_release ts=82119390029475 dur=150 
[mono_ns=82119390031348][T0x789d971ad740][TIMING] emit_host_span: [STRACE] v=1 pid=3752878 tid=3752878 inv=97 hid=a1b044e660229c3b depth=0 name=chip.run ts=82119269785328 dur=120245679 run_id=0 dispatch_id=0 slot_id=0 generation=97 run_epoch=97
[mono_ns=82119498839791][T0x789d971ad740][TIMING] emit_host_span: [STRACE] v=1 pid=3752878 tid=3752878 inv=98 hid=a1b044e660229c3b depth=2 name=chip.run.bind.args ts=82119390360462 dur=108475002 
[mono_ns=82119498860892][T0x789d971ad740][TIMING] emit_host_span: [STRACE] v=1 pid=3752878 tid=3752878 inv=98 hid=a1b044e660229c3b depth=2 name=chip.run.bind.prebuilt ts=82119498856335 dur=4097 
[mono_ns=82119498862915][T0x789d971ad740][TIMING] emit_host_span: [STRACE] v=1 pid=3752878 tid=3752878 inv=98 hid=a1b044e660229c3b depth=1 name=chip.run.bind ts=82119390355745 dur=108506810 
[mono_ns=82119503952224][T0x789d971ad740][WARN] prepare_execution: [device_runner.cpp:342] AICPU CPU_TOPO unavailable; using json_fallback: soc=Ascend950PR_9579 occupy=0x3e stable_reachable=5 requested=0 effective=5 affinity=[1, 2, 3, 4, 5(orch)]
[mono_ns=82119511394855][T0x789d971ad740][TIMING] emit_host_span: [STRACE] v=1 pid=3752878 tid=3752878 inv=98 hid=a1b044e660229c3b depth=1 name=chip.run.runner_run ts=82119504010912 dur=7382991 
[mono_ns=82119511687744][T0x789d971ad740][TIMING] emit_host_span: [STRACE] v=1 pid=3752878 tid=3752878 inv=98 hid=a1b044e660229c3b depth=1 name=chip.run.validate ts=82119511398510 dur=288724 
[mono_ns=82119511689938][T0x789d971ad740][TIMING] emit_host_span: [STRACE] v=1 pid=3752878 tid=3752878 inv=98 hid=a1b044e660229c3b depth=2 name=chip.run.runner_run.device_wall ts=0 dur=7168907 clk=dev
[mono_ns=82119511691159][T0x789d971ad740][TIMING] emit_host_span: [STRACE] v=1 pid=3752878 tid=3752878 inv=98 hid=a1b044e660229c3b depth=3 name=chip.run.runner_run.device_wall.preamble ts=0 dur=13084 clk=dev
[mono_ns=82119511692211][T0x789d971ad740][TIMING] emit_host_span: [STRACE] v=1 pid=3752878 tid=3752878 inv=98 hid=a1b044e660229c3b depth=3 name=chip.run.runner_run.device_wall.graph_build ts=3114 dur=7160029 clk=dev
[mono_ns=82119511693172][T0x789d971ad740][TIMING] emit_host_span: [STRACE] v=1 pid=3752878 tid=3752878 inv=98 hid=a1b044e660229c3b depth=3 name=chip.run.runner_run.device_wall.config_validate ts=3526 dur=1469 clk=dev
[mono_ns=82119511693884][T0x789d971ad740][TIMING] emit_host_span: [STRACE] v=1 pid=3752878 tid=3752878 inv=98 hid=a1b044e660229c3b depth=3 name=chip.run.runner_run.device_wall.arena_wire ts=5028 dur=3102 clk=dev
[mono_ns=82119511694585][T0x789d971ad740][TIMING] emit_host_span: [STRACE] v=1 pid=3752878 tid=3752878 inv=98 hid=a1b044e660229c3b depth=3 name=chip.run.runner_run.device_wall.sm_reset ts=8145 dur=3272 clk=dev
[mono_ns=82119511695276][T0x789d971ad740][TIMING] emit_host_span: [STRACE] v=1 pid=3752878 tid=3752878 inv=98 hid=a1b044e660229c3b depth=3 name=chip.run.runner_run.device_wall.post_orch ts=7163293 dur=4789 clk=dev
[mono_ns=82119511695987][T0x789d971ad740][TIMING] emit_host_span: [STRACE] v=1 pid=3752878 tid=3752878 inv=98 hid=a1b044e660229c3b depth=3 name=chip.run.runner_run.device_wall.orch ts=11569 dur=6110609 clk=dev
[mono_ns=82119511696698][T0x789d971ad740][TIMING] emit_host_span: [STRACE] v=1 pid=3752878 tid=3752878 inv=98 hid=a1b044e660229c3b depth=3 name=chip.run.runner_run.device_wall.sched ts=13479 dur=7134726 clk=dev
[mono_ns=82119511697769][T0x789d971ad740][TIMING] emit_host_span: [STRACE] v=1 pid=3752878 tid=3752878 inv=98 hid=a1b044e660229c3b depth=1 name=chip.run.claim_release ts=82119511697379 dur=110 
[mono_ns=82119511699332][T0x789d971ad740][TIMING] emit_host_span: [STRACE] v=1 pid=3752878 tid=3752878 inv=98 hid=a1b044e660229c3b depth=0 name=chip.run ts=82119390351438 dur=121347433 run_id=0 dispatch_id=0 slot_id=0 generation=98 run_epoch=98
[mono_ns=82119621622177][T0x789d971ad740][TIMING] emit_host_span: [STRACE] v=1 pid=3752878 tid=3752878 inv=99 hid=a1b044e660229c3b depth=2 name=chip.run.bind.args ts=82119512134254 dur=109485590 
[mono_ns=82119621635988][T0x789d971ad740][TIMING] emit_host_span: [STRACE] v=1 pid=3752878 tid=3752878 inv=99 hid=a1b044e660229c3b depth=2 name=chip.run.bind.prebuilt ts=82119621632322 dur=3245 
[mono_ns=82119621637500][T0x789d971ad740][TIMING] emit_host_span: [STRACE] v=1 pid=3752878 tid=3752878 inv=99 hid=a1b044e660229c3b depth=1 name=chip.run.bind ts=82119512128936 dur=109508193 
[mono_ns=82119626702142][T0x789d971ad740][WARN] prepare_execution: [device_runner.cpp:342] AICPU CPU_TOPO unavailable; using json_fallback: soc=Ascend950PR_9579 occupy=0x3e stable_reachable=5 requested=0 effective=5 affinity=[1, 2, 3, 4, 5(orch)]
[mono_ns=82119633970110][T0x789d971ad740][TIMING] emit_host_span: [STRACE] v=1 pid=3752878 tid=3752878 inv=99 hid=a1b044e660229c3b depth=1 name=chip.run.runner_run ts=82119626756824 dur=7212565 
[mono_ns=82119634269430][T0x789d971ad740][TIMING] emit_host_span: [STRACE] v=1 pid=3752878 tid=3752878 inv=99 hid=a1b044e660229c3b depth=1 name=chip.run.validate ts=82119633973155 dur=295944 
[mono_ns=82119634271633][T0x789d971ad740][TIMING] emit_host_span: [STRACE] v=1 pid=3752878 tid=3752878 inv=99 hid=a1b044e660229c3b depth=2 name=chip.run.runner_run.device_wall ts=0 dur=7026198 clk=dev
[mono_ns=82119634272795][T0x789d971ad740][TIMING] emit_host_span: [STRACE] v=1 pid=3752878 tid=3752878 inv=99 hid=a1b044e660229c3b depth=3 name=chip.run.runner_run.device_wall.preamble ts=0 dur=12318 clk=dev
[mono_ns=82119634273746][T0x789d971ad740][TIMING] emit_host_span: [STRACE] v=1 pid=3752878 tid=3752878 inv=99 hid=a1b044e660229c3b depth=3 name=chip.run.runner_run.device_wall.graph_build ts=2802 dur=7018364 clk=dev
[mono_ns=82119634274948][T0x789d971ad740][TIMING] emit_host_span: [STRACE] v=1 pid=3752878 tid=3752878 inv=99 hid=a1b044e660229c3b depth=3 name=chip.run.runner_run.device_wall.config_validate ts=3337 dur=1130 clk=dev
[mono_ns=82119634275699][T0x789d971ad740][TIMING] emit_host_span: [STRACE] v=1 pid=3752878 tid=3752878 inv=99 hid=a1b044e660229c3b depth=3 name=chip.run.runner_run.device_wall.arena_wire ts=4487 dur=3195 clk=dev
[mono_ns=82119634276410][T0x789d971ad740][TIMING] emit_host_span: [STRACE] v=1 pid=3752878 tid=3752878 inv=99 hid=a1b044e660229c3b depth=3 name=chip.run.runner_run.device_wall.sm_reset ts=7697 dur=3591 clk=dev
[mono_ns=82119634277111][T0x789d971ad740][TIMING] emit_host_span: [STRACE] v=1 pid=3752878 tid=3752878 inv=99 hid=a1b044e660229c3b depth=3 name=chip.run.runner_run.device_wall.post_orch ts=7021417 dur=4651 clk=dev
[mono_ns=82119634277832][T0x789d971ad740][TIMING] emit_host_span: [STRACE] v=1 pid=3752878 tid=3752878 inv=99 hid=a1b044e660229c3b depth=3 name=chip.run.runner_run.device_wall.orch ts=11375 dur=5927941 clk=dev
[mono_ns=82119634278543][T0x789d971ad740][TIMING] emit_host_span: [STRACE] v=1 pid=3752878 tid=3752878 inv=99 hid=a1b044e660229c3b depth=3 name=chip.run.runner_run.device_wall.sched ts=12626 dur=6992318 clk=dev
[mono_ns=82119634279755][T0x789d971ad740][TIMING] emit_host_span: [STRACE] v=1 pid=3752878 tid=3752878 inv=99 hid=a1b044e660229c3b depth=1 name=chip.run.claim_release ts=82119634279204 dur=180 
[mono_ns=82119634281167][T0x789d971ad740][TIMING] emit_host_span: [STRACE] v=1 pid=3752878 tid=3752878 inv=99 hid=a1b044e660229c3b depth=0 name=chip.run ts=82119512121976 dur=122158740 run_id=0 dispatch_id=0 slot_id=0 generation=99 run_epoch=99
[mono_ns=82119744911444][T0x789d971ad740][TIMING] emit_host_span: [STRACE] v=1 pid=3752878 tid=3752878 inv=100 hid=a1b044e660229c3b depth=2 name=chip.run.bind.args ts=82119634660567 dur=110248584 
[mono_ns=82119744924614][T0x789d971ad740][TIMING] emit_host_span: [STRACE] v=1 pid=3752878 tid=3752878 inv=100 hid=a1b044e660229c3b depth=2 name=chip.run.bind.prebuilt ts=82119744921129 dur=3064 
[mono_ns=82119744926176][T0x789d971ad740][TIMING] emit_host_span: [STRACE] v=1 pid=3752878 tid=3752878 inv=100 hid=a1b044e660229c3b depth=1 name=chip.run.bind ts=82119634655789 dur=110270037 
[mono_ns=82119749975805][T0x789d971ad740][WARN] prepare_execution: [device_runner.cpp:342] AICPU CPU_TOPO unavailable; using json_fallback: soc=Ascend950PR_9579 occupy=0x3e stable_reachable=5 requested=0 effective=5 affinity=[1, 2, 3, 4, 5(orch)]
[mono_ns=82119757228151][T0x789d971ad740][TIMING] emit_host_span: [STRACE] v=1 pid=3752878 tid=3752878 inv=100 hid=a1b044e660229c3b depth=1 name=chip.run.runner_run ts=82119750016957 dur=7210613 
[mono_ns=82119757506739][T0x789d971ad740][TIMING] emit_host_span: [STRACE] v=1 pid=3752878 tid=3752878 inv=100 hid=a1b044e660229c3b depth=1 name=chip.run.validate ts=82119757231446 dur=274822 
[mono_ns=82119757508732][T0x789d971ad740][TIMING] emit_host_span: [STRACE] v=1 pid=3752878 tid=3752878 inv=100 hid=a1b044e660229c3b depth=2 name=chip.run.runner_run.device_wall ts=0 dur=7035953 clk=dev
[mono_ns=82119757509984][T0x789d971ad740][TIMING] emit_host_span: [STRACE] v=1 pid=3752878 tid=3752878 inv=100 hid=a1b044e660229c3b depth=3 name=chip.run.runner_run.device_wall.preamble ts=0 dur=13869 clk=dev
[mono_ns=82119757510885][T0x789d971ad740][TIMING] emit_host_span: [STRACE] v=1 pid=3752878 tid=3752878 inv=100 hid=a1b044e660229c3b depth=3 name=chip.run.runner_run.device_wall.graph_build ts=3838 dur=7027017 clk=dev
[mono_ns=82119757511656][T0x789d971ad740][TIMING] emit_host_span: [STRACE] v=1 pid=3752878 tid=3752878 inv=100 hid=a1b044e660229c3b depth=3 name=chip.run.runner_run.device_wall.config_validate ts=4446 dur=1055 clk=dev
[mono_ns=82119757512417][T0x789d971ad740][TIMING] emit_host_span: [STRACE] v=1 pid=3752878 tid=3752878 inv=100 hid=a1b044e660229c3b depth=3 name=chip.run.runner_run.device_wall.arena_wire ts=5532 dur=2904 clk=dev
[mono_ns=82119757513118][T0x789d971ad740][TIMING] emit_host_span: [STRACE] v=1 pid=3752878 tid=3752878 inv=100 hid=a1b044e660229c3b depth=3 name=chip.run.runner_run.device_wall.sm_reset ts=8453 dur=2928 clk=dev
[mono_ns=82119757513819][T0x789d971ad740][TIMING] emit_host_span: [STRACE] v=1 pid=3752878 tid=3752878 inv=100 hid=a1b044e660229c3b depth=3 name=chip.run.runner_run.device_wall.post_orch ts=7031100 dur=4447 clk=dev
[mono_ns=82119757514510][T0x789d971ad740][TIMING] emit_host_span: [STRACE] v=1 pid=3752878 tid=3752878 inv=100 hid=a1b044e660229c3b depth=3 name=chip.run.runner_run.device_wall.orch ts=11436 dur=5998531 clk=dev
[mono_ns=82119757515222][T0x789d971ad740][TIMING] emit_host_span: [STRACE] v=1 pid=3752878 tid=3752878 inv=100 hid=a1b044e660229c3b depth=3 name=chip.run.runner_run.device_wall.sched ts=14036 dur=7000720 clk=dev
[mono_ns=82119757516353][T0x789d971ad740][TIMING] emit_host_span: [STRACE] v=1 pid=3752878 tid=3752878 inv=100 hid=a1b044e660229c3b depth=1 name=chip.run.claim_release ts=82119757515812 dur=191 
[mono_ns=82119757517956][T0x789d971ad740][TIMING] emit_host_span: [STRACE] v=1 pid=3752878 tid=3752878 inv=100 hid=a1b044e660229c3b depth=0 name=chip.run ts=82119634649891 dur=122867684 run_id=0 dispatch_id=0 slot_id=0 generation=100 run_epoch=100
  TestBatchPagedAttention::Case1 PASSED
