[mono_ns=83656803724191][T0x701395b15740][TIMING] clock_anchor: [CLOCK_ANCHOR] v=1 pid=3964021 mono_ns=83656803723270 wall_ns=1787730038447867394

=== Runtime: tensormap_and_ringbuffer  Level: 2 ===
  TestAlternatingMatmulAdd::Case1 ...
[mono_ns=83660344455233][T0x701395b15740][TIMING] emit_host_span: [STRACE] v=1 pid=3964021 tid=3964021 inv=1 hid=d8e9c89da8b0d3f9 depth=2 name=chip.run.bind.args ts=83660270128975 dur=74322983 
[mono_ns=83660367691088][T0x701395b15740][TIMING] emit_host_span: [STRACE] v=1 pid=3964021 tid=3964021 inv=1 hid=d8e9c89da8b0d3f9 depth=2 name=chip.run.bind.prebuilt ts=83660344491087 dur=23196215 
[mono_ns=83660367719160][T0x701395b15740][TIMING] emit_host_span: [STRACE] v=1 pid=3964021 tid=3964021 inv=1 hid=d8e9c89da8b0d3f9 depth=1 name=chip.run.bind ts=83660268118197 dur=99600352 
[mono_ns=83660376549434][T0x701395b15740][WARN] query_cpu_topo: [aicpu_topology_probe.cpp:125] aicpu_topology_probe: halGetDeviceInfoByBuff(CPU_TOPO) rc=65534 total=0
[mono_ns=83660378704358][T0x701395b15740][WARN] query_cpu_topo: [aicpu_topology_probe.cpp:137] aicpu_topology_probe: dsmi_get_device_info(CPU_TOPO) rc=65534 total=0
[mono_ns=83660378813272][T0x701395b15740][WARN] prepare_execution: [device_runner.cpp:342] AICPU CPU_TOPO unavailable; using json_fallback: soc=Ascend950PR_9579 occupy=0x3e stable_reachable=5 requested=0 effective=5 affinity=[1, 2, 3, 4, 5(orch)]
[mono_ns=83660381385623][T0x701395b15740][TIMING] emit_host_span: [STRACE] v=1 pid=3964021 tid=3964021 inv=1 hid=d8e9c89da8b0d3f9 depth=1 name=chip.run.runner_run ts=83660378887423 dur=2497178 
[mono_ns=83660417518094][T0x701395b15740][TIMING] emit_host_span: [STRACE] v=1 pid=3964021 tid=3964021 inv=1 hid=d8e9c89da8b0d3f9 depth=1 name=chip.run.validate ts=83660381395898 dur=36121295 
[mono_ns=83660417527308][T0x701395b15740][TIMING] emit_host_span: [STRACE] v=1 pid=3964021 tid=3964021 inv=1 hid=d8e9c89da8b0d3f9 depth=2 name=chip.run.runner_run.device_wall ts=0 dur=1342039 clk=dev
[mono_ns=83660417529972][T0x701395b15740][TIMING] emit_host_span: [STRACE] v=1 pid=3964021 tid=3964021 inv=1 hid=d8e9c89da8b0d3f9 depth=3 name=chip.run.runner_run.device_wall.preamble ts=0 dur=311531 clk=dev
[mono_ns=83660417531865][T0x701395b15740][TIMING] emit_host_span: [STRACE] v=1 pid=3964021 tid=3964021 inv=1 hid=d8e9c89da8b0d3f9 depth=3 name=chip.run.runner_run.device_wall.graph_build ts=43833 dur=1281812 clk=dev
[mono_ns=83660417533107][T0x701395b15740][TIMING] emit_host_span: [STRACE] v=1 pid=3964021 tid=3964021 inv=1 hid=d8e9c89da8b0d3f9 depth=3 name=chip.run.runner_run.device_wall.config_validate ts=50721 dur=3173 clk=dev
[mono_ns=83660417534499][T0x701395b15740][TIMING] emit_host_span: [STRACE] v=1 pid=3964021 tid=3964021 inv=1 hid=d8e9c89da8b0d3f9 depth=3 name=chip.run.runner_run.device_wall.arena_wire ts=53931 dur=16516 clk=dev
[mono_ns=83660417537333][T0x701395b15740][TIMING] emit_host_span: [STRACE] v=1 pid=3964021 tid=3964021 inv=1 hid=d8e9c89da8b0d3f9 depth=3 name=chip.run.runner_run.device_wall.sm_reset ts=70486 dur=45073 clk=dev
[mono_ns=83660417538595][T0x701395b15740][TIMING] emit_host_span: [STRACE] v=1 pid=3964021 tid=3964021 inv=1 hid=d8e9c89da8b0d3f9 depth=3 name=chip.run.runner_run.device_wall.post_orch ts=1325847 dur=11042 clk=dev
[mono_ns=83660417539757][T0x701395b15740][TIMING] emit_host_span: [STRACE] v=1 pid=3964021 tid=3964021 inv=1 hid=d8e9c89da8b0d3f9 depth=3 name=chip.run.runner_run.device_wall.orch ts=117343 dur=1167098 clk=dev
[mono_ns=83660417540899][T0x701395b15740][TIMING] emit_host_span: [STRACE] v=1 pid=3964021 tid=3964021 inv=1 hid=d8e9c89da8b0d3f9 depth=3 name=chip.run.runner_run.device_wall.sched ts=314664 dur=974633 clk=dev
[mono_ns=83660417542832][T0x701395b15740][TIMING] emit_host_span: [STRACE] v=1 pid=3964021 tid=3964021 inv=1 hid=d8e9c89da8b0d3f9 depth=1 name=chip.run.claim_release ts=83660417542121 dur=310 
[mono_ns=83660417544895][T0x701395b15740][TIMING] emit_host_span: [STRACE] v=1 pid=3964021 tid=3964021 inv=1 hid=d8e9c89da8b0d3f9 depth=0 name=chip.run ts=83660268044216 dur=149500208 run_id=0 dispatch_id=0 slot_id=0 generation=1 run_epoch=1
[mono_ns=83660489858992][T0x701395b15740][TIMING] emit_host_span: [STRACE] v=1 pid=3964021 tid=3964021 inv=2 hid=d8e9c89da8b0d3f9 depth=2 name=chip.run.bind.args ts=83660419507020 dur=70349759 
[mono_ns=83660489882878][T0x701395b15740][TIMING] emit_host_span: [STRACE] v=1 pid=3964021 tid=3964021 inv=2 hid=d8e9c89da8b0d3f9 depth=2 name=chip.run.bind.prebuilt ts=83660489878922 dur=3526 
[mono_ns=83660489885242][T0x701395b15740][TIMING] emit_host_span: [STRACE] v=1 pid=3964021 tid=3964021 inv=2 hid=d8e9c89da8b0d3f9 depth=1 name=chip.run.bind ts=83660419500870 dur=70383941 
[mono_ns=83660494684405][T0x701395b15740][WARN] prepare_execution: [device_runner.cpp:342] AICPU CPU_TOPO unavailable; using json_fallback: soc=Ascend950PR_9579 occupy=0x3e stable_reachable=5 requested=0 effective=5 affinity=[1, 2, 3, 4, 5(orch)]
[mono_ns=83660496580050][T0x701395b15740][TIMING] emit_host_span: [STRACE] v=1 pid=3964021 tid=3964021 inv=2 hid=d8e9c89da8b0d3f9 depth=1 name=chip.run.runner_run ts=83660494749613 dur=1829786 
[mono_ns=83660527915793][T0x701395b15740][TIMING] emit_host_span: [STRACE] v=1 pid=3964021 tid=3964021 inv=2 hid=d8e9c89da8b0d3f9 depth=1 name=chip.run.validate ts=83660496588883 dur=31326118 
[mono_ns=83660527924516][T0x701395b15740][TIMING] emit_host_span: [STRACE] v=1 pid=3964021 tid=3964021 inv=2 hid=d8e9c89da8b0d3f9 depth=2 name=chip.run.runner_run.device_wall ts=0 dur=1626767 clk=dev
[mono_ns=83660527926278][T0x701395b15740][TIMING] emit_host_span: [STRACE] v=1 pid=3964021 tid=3964021 inv=2 hid=d8e9c89da8b0d3f9 depth=3 name=chip.run.runner_run.device_wall.preamble ts=0 dur=14870 clk=dev
[mono_ns=83660527927640][T0x701395b15740][TIMING] emit_host_span: [STRACE] v=1 pid=3964021 tid=3964021 inv=2 hid=d8e9c89da8b0d3f9 depth=3 name=chip.run.runner_run.device_wall.graph_build ts=3418 dur=1617450 clk=dev
[mono_ns=83660527928932][T0x701395b15740][TIMING] emit_host_span: [STRACE] v=1 pid=3964021 tid=3964021 inv=2 hid=d8e9c89da8b0d3f9 depth=3 name=chip.run.runner_run.device_wall.config_validate ts=4178 dur=1773 clk=dev
[mono_ns=83660527930394][T0x701395b15740][TIMING] emit_host_span: [STRACE] v=1 pid=3964021 tid=3964021 inv=2 hid=d8e9c89da8b0d3f9 depth=3 name=chip.run.runner_run.device_wall.arena_wire ts=5986 dur=2682 clk=dev
[mono_ns=83660527932137][T0x701395b15740][TIMING] emit_host_span: [STRACE] v=1 pid=3964021 tid=3964021 inv=2 hid=d8e9c89da8b0d3f9 depth=3 name=chip.run.runner_run.device_wall.sm_reset ts=8902 dur=4320 clk=dev
[mono_ns=83660527933259][T0x701395b15740][TIMING] emit_host_span: [STRACE] v=1 pid=3964021 tid=3964021 inv=2 hid=d8e9c89da8b0d3f9 depth=3 name=chip.run.runner_run.device_wall.post_orch ts=1621070 dur=5012 clk=dev
[mono_ns=83660527934400][T0x701395b15740][TIMING] emit_host_span: [STRACE] v=1 pid=3964021 tid=3964021 inv=2 hid=d8e9c89da8b0d3f9 depth=3 name=chip.run.runner_run.device_wall.orch ts=13480 dur=1589844 clk=dev
[mono_ns=83660527935552][T0x701395b15740][TIMING] emit_host_span: [STRACE] v=1 pid=3964021 tid=3964021 inv=2 hid=d8e9c89da8b0d3f9 depth=3 name=chip.run.runner_run.device_wall.sched ts=14580 dur=1591351 clk=dev
[mono_ns=83660527937375][T0x701395b15740][TIMING] emit_host_span: [STRACE] v=1 pid=3964021 tid=3964021 inv=2 hid=d8e9c89da8b0d3f9 depth=1 name=chip.run.claim_release ts=83660527936674 dur=310 
[mono_ns=83660527939879][T0x701395b15740][TIMING] emit_host_span: [STRACE] v=1 pid=3964021 tid=3964021 inv=2 hid=d8e9c89da8b0d3f9 depth=0 name=chip.run ts=83660419491997 dur=108447361 run_id=0 dispatch_id=0 slot_id=0 generation=2 run_epoch=2
[mono_ns=83660597051960][T0x701395b15740][TIMING] emit_host_span: [STRACE] v=1 pid=3964021 tid=3964021 inv=3 hid=d8e9c89da8b0d3f9 depth=2 name=chip.run.bind.args ts=83660529444577 dur=67605460 
[mono_ns=83660597073623][T0x701395b15740][TIMING] emit_host_span: [STRACE] v=1 pid=3964021 tid=3964021 inv=3 hid=d8e9c89da8b0d3f9 depth=2 name=chip.run.bind.prebuilt ts=83660597070408 dur=2804 
[mono_ns=83660597075756][T0x701395b15740][TIMING] emit_host_span: [STRACE] v=1 pid=3964021 tid=3964021 inv=3 hid=d8e9c89da8b0d3f9 depth=1 name=chip.run.bind ts=83660529438488 dur=67636978 
[mono_ns=83660601692365][T0x701395b15740][WARN] prepare_execution: [device_runner.cpp:342] AICPU CPU_TOPO unavailable; using json_fallback: soc=Ascend950PR_9579 occupy=0x3e stable_reachable=5 requested=0 effective=5 affinity=[1, 2, 3, 4, 5(orch)]
[mono_ns=83660603517765][T0x701395b15740][TIMING] emit_host_span: [STRACE] v=1 pid=3964021 tid=3964021 inv=3 hid=d8e9c89da8b0d3f9 depth=1 name=chip.run.runner_run ts=83660601751204 dur=1765880 
[mono_ns=83660636713800][T0x701395b15740][TIMING] emit_host_span: [STRACE] v=1 pid=3964021 tid=3964021 inv=3 hid=d8e9c89da8b0d3f9 depth=1 name=chip.run.validate ts=83660603524715 dur=33187492 
[mono_ns=83660636727380][T0x701395b15740][TIMING] emit_host_span: [STRACE] v=1 pid=3964021 tid=3964021 inv=3 hid=d8e9c89da8b0d3f9 depth=2 name=chip.run.runner_run.device_wall ts=0 dur=1591761 clk=dev
[mono_ns=83660636729273][T0x701395b15740][TIMING] emit_host_span: [STRACE] v=1 pid=3964021 tid=3964021 inv=3 hid=d8e9c89da8b0d3f9 depth=3 name=chip.run.runner_run.device_wall.preamble ts=0 dur=14711 clk=dev
[mono_ns=83660636730815][T0x701395b15740][TIMING] emit_host_span: [STRACE] v=1 pid=3964021 tid=3964021 inv=3 hid=d8e9c89da8b0d3f9 depth=3 name=chip.run.runner_run.device_wall.graph_build ts=3089 dur=1584094 clk=dev
[mono_ns=83660636732117][T0x701395b15740][TIMING] emit_host_span: [STRACE] v=1 pid=3964021 tid=3964021 inv=3 hid=d8e9c89da8b0d3f9 depth=3 name=chip.run.runner_run.device_wall.config_validate ts=3564 dur=1759 clk=dev
[mono_ns=83660636733259][T0x701395b15740][TIMING] emit_host_span: [STRACE] v=1 pid=3964021 tid=3964021 inv=3 hid=d8e9c89da8b0d3f9 depth=3 name=chip.run.runner_run.device_wall.arena_wire ts=5354 dur=1277 clk=dev
[mono_ns=83660636734691][T0x701395b15740][TIMING] emit_host_span: [STRACE] v=1 pid=3964021 tid=3964021 inv=3 hid=d8e9c89da8b0d3f9 depth=3 name=chip.run.runner_run.device_wall.sm_reset ts=6668 dur=3738 clk=dev
[mono_ns=83660636737285][T0x701395b15740][TIMING] emit_host_span: [STRACE] v=1 pid=3964021 tid=3964021 inv=3 hid=d8e9c89da8b0d3f9 depth=3 name=chip.run.runner_run.device_wall.post_orch ts=1587203 dur=3979 clk=dev
[mono_ns=83660636739007][T0x701395b15740][TIMING] emit_host_span: [STRACE] v=1 pid=3964021 tid=3964021 inv=3 hid=d8e9c89da8b0d3f9 depth=3 name=chip.run.runner_run.device_wall.orch ts=10476 dur=1558317 clk=dev
[mono_ns=83660636740399][T0x701395b15740][TIMING] emit_host_span: [STRACE] v=1 pid=3964021 tid=3964021 inv=3 hid=d8e9c89da8b0d3f9 depth=3 name=chip.run.runner_run.device_wall.sched ts=14211 dur=1556924 clk=dev
[mono_ns=83660636742272][T0x701395b15740][TIMING] emit_host_span: [STRACE] v=1 pid=3964021 tid=3964021 inv=3 hid=d8e9c89da8b0d3f9 depth=1 name=chip.run.claim_release ts=83660636741671 dur=231 
[mono_ns=83660636744295][T0x701395b15740][TIMING] emit_host_span: [STRACE] v=1 pid=3964021 tid=3964021 inv=3 hid=d8e9c89da8b0d3f9 depth=0 name=chip.run ts=83660529427842 dur=107316003 run_id=0 dispatch_id=0 slot_id=0 generation=3 run_epoch=3
[mono_ns=83660699959416][T0x701395b15740][TIMING] emit_host_span: [STRACE] v=1 pid=3964021 tid=3964021 inv=4 hid=d8e9c89da8b0d3f9 depth=2 name=chip.run.bind.args ts=83660638214071 dur=61743793 
[mono_ns=83660699976021][T0x701395b15740][TIMING] emit_host_span: [STRACE] v=1 pid=3964021 tid=3964021 inv=4 hid=d8e9c89da8b0d3f9 depth=2 name=chip.run.bind.prebuilt ts=83660699972956 dur=2664 
[mono_ns=83660699977984][T0x701395b15740][TIMING] emit_host_span: [STRACE] v=1 pid=3964021 tid=3964021 inv=4 hid=d8e9c89da8b0d3f9 depth=1 name=chip.run.bind ts=83660638209094 dur=61768419 
[mono_ns=83660704570868][T0x701395b15740][WARN] prepare_execution: [device_runner.cpp:342] AICPU CPU_TOPO unavailable; using json_fallback: soc=Ascend950PR_9579 occupy=0x3e stable_reachable=5 requested=0 effective=5 affinity=[1, 2, 3, 4, 5(orch)]
[mono_ns=83660706393403][T0x701395b15740][TIMING] emit_host_span: [STRACE] v=1 pid=3964021 tid=3964021 inv=4 hid=d8e9c89da8b0d3f9 depth=1 name=chip.run.runner_run ts=83660704625459 dur=1767353 
[mono_ns=83660739319983][T0x701395b15740][TIMING] emit_host_span: [STRACE] v=1 pid=3964021 tid=3964021 inv=4 hid=d8e9c89da8b0d3f9 depth=1 name=chip.run.validate ts=83660706402236 dur=32917186 
[mono_ns=83660739335927][T0x701395b15740][TIMING] emit_host_span: [STRACE] v=1 pid=3964021 tid=3964021 inv=4 hid=d8e9c89da8b0d3f9 depth=2 name=chip.run.runner_run.device_wall ts=0 dur=1592983 clk=dev
[mono_ns=83660739337610][T0x701395b15740][TIMING] emit_host_span: [STRACE] v=1 pid=3964021 tid=3964021 inv=4 hid=d8e9c89da8b0d3f9 depth=3 name=chip.run.runner_run.device_wall.preamble ts=0 dur=13868 clk=dev
[mono_ns=83660739339062][T0x701395b15740][TIMING] emit_host_span: [STRACE] v=1 pid=3964021 tid=3964021 inv=4 hid=d8e9c89da8b0d3f9 depth=3 name=chip.run.runner_run.device_wall.graph_build ts=2962 dur=1585314 clk=dev
[mono_ns=83660739340244][T0x701395b15740][TIMING] emit_host_span: [STRACE] v=1 pid=3964021 tid=3964021 inv=4 hid=d8e9c89da8b0d3f9 depth=3 name=chip.run.runner_run.device_wall.config_validate ts=3709 dur=1422 clk=dev
[mono_ns=83660739341375][T0x701395b15740][TIMING] emit_host_span: [STRACE] v=1 pid=3964021 tid=3964021 inv=4 hid=d8e9c89da8b0d3f9 depth=3 name=chip.run.runner_run.device_wall.arena_wire ts=5305 dur=2155 clk=dev
[mono_ns=83660739342767][T0x701395b15740][TIMING] emit_host_span: [STRACE] v=1 pid=3964021 tid=3964021 inv=4 hid=d8e9c89da8b0d3f9 depth=3 name=chip.run.runner_run.device_wall.sm_reset ts=7481 dur=2637 clk=dev
[mono_ns=83660739345191][T0x701395b15740][TIMING] emit_host_span: [STRACE] v=1 pid=3964021 tid=3964021 inv=4 hid=d8e9c89da8b0d3f9 depth=3 name=chip.run.runner_run.device_wall.post_orch ts=1588301 dur=4322 clk=dev
[mono_ns=83660739346743][T0x701395b15740][TIMING] emit_host_span: [STRACE] v=1 pid=3964021 tid=3964021 inv=4 hid=d8e9c89da8b0d3f9 depth=3 name=chip.run.runner_run.device_wall.orch ts=10320 dur=1560217 clk=dev
[mono_ns=83660739347985][T0x701395b15740][TIMING] emit_host_span: [STRACE] v=1 pid=3964021 tid=3964021 inv=4 hid=d8e9c89da8b0d3f9 depth=3 name=chip.run.runner_run.device_wall.sched ts=13673 dur=1559344 clk=dev
[mono_ns=83660739349648][T0x701395b15740][TIMING] emit_host_span: [STRACE] v=1 pid=3964021 tid=3964021 inv=4 hid=d8e9c89da8b0d3f9 depth=1 name=chip.run.claim_release ts=83660739349187 dur=190 
[mono_ns=83660739351561][T0x701395b15740][TIMING] emit_host_span: [STRACE] v=1 pid=3964021 tid=3964021 inv=4 hid=d8e9c89da8b0d3f9 depth=0 name=chip.run ts=83660638197867 dur=101153353 run_id=0 dispatch_id=0 slot_id=0 generation=4 run_epoch=4
[mono_ns=83660805293164][T0x701395b15740][TIMING] emit_host_span: [STRACE] v=1 pid=3964021 tid=3964021 inv=5 hid=d8e9c89da8b0d3f9 depth=2 name=chip.run.bind.args ts=83660740704511 dur=64587381 
[mono_ns=83660805309508][T0x701395b15740][TIMING] emit_host_span: [STRACE] v=1 pid=3964021 tid=3964021 inv=5 hid=d8e9c89da8b0d3f9 depth=2 name=chip.run.bind.prebuilt ts=83660805306864 dur=2254 
[mono_ns=83660805311321][T0x701395b15740][TIMING] emit_host_span: [STRACE] v=1 pid=3964021 tid=3964021 inv=5 hid=d8e9c89da8b0d3f9 depth=1 name=chip.run.bind ts=83660740700375 dur=64610655 
[mono_ns=83660809935441][T0x701395b15740][WARN] prepare_execution: [device_runner.cpp:342] AICPU CPU_TOPO unavailable; using json_fallback: soc=Ascend950PR_9579 occupy=0x3e stable_reachable=5 requested=0 effective=5 affinity=[1, 2, 3, 4, 5(orch)]
[mono_ns=83660811739880][T0x701395b15740][TIMING] emit_host_span: [STRACE] v=1 pid=3964021 tid=3964021 inv=5 hid=d8e9c89da8b0d3f9 depth=1 name=chip.run.runner_run ts=83660809994870 dur=1744489 
[mono_ns=83660844947982][T0x701395b15740][TIMING] emit_host_span: [STRACE] v=1 pid=3964021 tid=3964021 inv=5 hid=d8e9c89da8b0d3f9 depth=1 name=chip.run.validate ts=83660811747942 dur=33199449 
[mono_ns=83660844956145][T0x701395b15740][TIMING] emit_host_span: [STRACE] v=1 pid=3964021 tid=3964021 inv=5 hid=d8e9c89da8b0d3f9 depth=2 name=chip.run.runner_run.device_wall ts=0 dur=1567408 clk=dev
[mono_ns=83660844957817][T0x701395b15740][TIMING] emit_host_span: [STRACE] v=1 pid=3964021 tid=3964021 inv=5 hid=d8e9c89da8b0d3f9 depth=3 name=chip.run.runner_run.device_wall.preamble ts=0 dur=15827 clk=dev
[mono_ns=83660844959209][T0x701395b15740][TIMING] emit_host_span: [STRACE] v=1 pid=3964021 tid=3964021 inv=5 hid=d8e9c89da8b0d3f9 depth=3 name=chip.run.runner_run.device_wall.graph_build ts=4556 dur=1557732 clk=dev
[mono_ns=83660844967562][T0x701395b15740][TIMING] emit_host_span: [STRACE] v=1 pid=3964021 tid=3964021 inv=5 hid=d8e9c89da8b0d3f9 depth=3 name=chip.run.runner_run.device_wall.config_validate ts=5105 dur=1506 clk=dev
[mono_ns=83660844968854][T0x701395b15740][TIMING] emit_host_span: [STRACE] v=1 pid=3964021 tid=3964021 inv=5 hid=d8e9c89da8b0d3f9 depth=3 name=chip.run.runner_run.device_wall.arena_wire ts=6647 dur=1700 clk=dev
[mono_ns=83660844970105][T0x701395b15740][TIMING] emit_host_span: [STRACE] v=1 pid=3964021 tid=3964021 inv=5 hid=d8e9c89da8b0d3f9 depth=3 name=chip.run.runner_run.device_wall.sm_reset ts=8366 dur=3108 clk=dev
[mono_ns=83660844971227][T0x701395b15740][TIMING] emit_host_span: [STRACE] v=1 pid=3964021 tid=3964021 inv=5 hid=d8e9c89da8b0d3f9 depth=3 name=chip.run.runner_run.device_wall.post_orch ts=1562310 dur=4223 clk=dev
[mono_ns=83660844972489][T0x701395b15740][TIMING] emit_host_span: [STRACE] v=1 pid=3964021 tid=3964021 inv=5 hid=d8e9c89da8b0d3f9 depth=3 name=chip.run.runner_run.device_wall.orch ts=11608 dur=1534694 clk=dev
[mono_ns=83660844973601][T0x701395b15740][TIMING] emit_host_span: [STRACE] v=1 pid=3964021 tid=3964021 inv=5 hid=d8e9c89da8b0d3f9 depth=3 name=chip.run.runner_run.device_wall.sched ts=15395 dur=1533482 clk=dev
[mono_ns=83660844975293][T0x701395b15740][TIMING] emit_host_span: [STRACE] v=1 pid=3964021 tid=3964021 inv=5 hid=d8e9c89da8b0d3f9 depth=1 name=chip.run.claim_release ts=83660844974853 dur=190 
[mono_ns=83660844977517][T0x701395b15740][TIMING] emit_host_span: [STRACE] v=1 pid=3964021 tid=3964021 inv=5 hid=d8e9c89da8b0d3f9 depth=0 name=chip.run ts=83660740693925 dur=104283261 run_id=0 dispatch_id=0 slot_id=0 generation=5 run_epoch=5
[mono_ns=83660909584426][T0x701395b15740][TIMING] emit_host_span: [STRACE] v=1 pid=3964021 tid=3964021 inv=6 hid=d8e9c89da8b0d3f9 depth=2 name=chip.run.bind.args ts=83660846298870 dur=63284455 
[mono_ns=83660909601532][T0x701395b15740][TIMING] emit_host_span: [STRACE] v=1 pid=3964021 tid=3964021 inv=6 hid=d8e9c89da8b0d3f9 depth=2 name=chip.run.bind.prebuilt ts=83660909598808 dur=2343 
[mono_ns=83660909603164][T0x701395b15740][TIMING] emit_host_span: [STRACE] v=1 pid=3964021 tid=3964021 inv=6 hid=d8e9c89da8b0d3f9 depth=1 name=chip.run.bind ts=83660846294774 dur=63308140 
[mono_ns=83660914170349][T0x701395b15740][WARN] prepare_execution: [device_runner.cpp:342] AICPU CPU_TOPO unavailable; using json_fallback: soc=Ascend950PR_9579 occupy=0x3e stable_reachable=5 requested=0 effective=5 affinity=[1, 2, 3, 4, 5(orch)]
[mono_ns=83660915948909][T0x701395b15740][TIMING] emit_host_span: [STRACE] v=1 pid=3964021 tid=3964021 inv=6 hid=d8e9c89da8b0d3f9 depth=1 name=chip.run.runner_run ts=83660914228106 dur=1720102 
[mono_ns=83660949482039][T0x701395b15740][TIMING] emit_host_span: [STRACE] v=1 pid=3964021 tid=3964021 inv=6 hid=d8e9c89da8b0d3f9 depth=1 name=chip.run.validate ts=83660915957151 dur=33524227 
[mono_ns=83660949491083][T0x701395b15740][TIMING] emit_host_span: [STRACE] v=1 pid=3964021 tid=3964021 inv=6 hid=d8e9c89da8b0d3f9 depth=2 name=chip.run.runner_run.device_wall ts=0 dur=1571711 clk=dev
[mono_ns=83660949493016][T0x701395b15740][TIMING] emit_host_span: [STRACE] v=1 pid=3964021 tid=3964021 inv=6 hid=d8e9c89da8b0d3f9 depth=3 name=chip.run.runner_run.device_wall.preamble ts=0 dur=13596 clk=dev
[mono_ns=83660949494428][T0x701395b15740][TIMING] emit_host_span: [STRACE] v=1 pid=3964021 tid=3964021 inv=6 hid=d8e9c89da8b0d3f9 depth=3 name=chip.run.runner_run.device_wall.graph_build ts=3199 dur=1563551 clk=dev
[mono_ns=83660949495720][T0x701395b15740][TIMING] emit_host_span: [STRACE] v=1 pid=3964021 tid=3964021 inv=6 hid=d8e9c89da8b0d3f9 depth=3 name=chip.run.runner_run.device_wall.config_validate ts=3565 dur=1162 clk=dev
[mono_ns=83660949496862][T0x701395b15740][TIMING] emit_host_span: [STRACE] v=1 pid=3964021 tid=3964021 inv=6 hid=d8e9c89da8b0d3f9 depth=3 name=chip.run.runner_run.device_wall.arena_wire ts=4758 dur=1716 clk=dev
[mono_ns=83660949505815][T0x701395b15740][TIMING] emit_host_span: [STRACE] v=1 pid=3964021 tid=3964021 inv=6 hid=d8e9c89da8b0d3f9 depth=3 name=chip.run.runner_run.device_wall.sm_reset ts=6494 dur=2915 clk=dev
[mono_ns=83660949507087][T0x701395b15740][TIMING] emit_host_span: [STRACE] v=1 pid=3964021 tid=3964021 inv=6 hid=d8e9c89da8b0d3f9 depth=3 name=chip.run.runner_run.device_wall.post_orch ts=1566769 dur=4218 clk=dev
[mono_ns=83660949508219][T0x701395b15740][TIMING] emit_host_span: [STRACE] v=1 pid=3964021 tid=3964021 inv=6 hid=d8e9c89da8b0d3f9 depth=3 name=chip.run.runner_run.device_wall.orch ts=9502 dur=1540030 clk=dev
[mono_ns=83660949509330][T0x701395b15740][TIMING] emit_host_span: [STRACE] v=1 pid=3964021 tid=3964021 inv=6 hid=d8e9c89da8b0d3f9 depth=3 name=chip.run.runner_run.device_wall.sched ts=13075 dur=1539122 clk=dev
[mono_ns=83660949511233][T0x701395b15740][TIMING] emit_host_span: [STRACE] v=1 pid=3964021 tid=3964021 inv=6 hid=d8e9c89da8b0d3f9 depth=1 name=chip.run.claim_release ts=83660949510803 dur=190 
[mono_ns=83660949512645][T0x701395b15740][TIMING] emit_host_span: [STRACE] v=1 pid=3964021 tid=3964021 inv=6 hid=d8e9c89da8b0d3f9 depth=0 name=chip.run ts=83660846288544 dur=103223781 run_id=0 dispatch_id=0 slot_id=0 generation=6 run_epoch=6
[mono_ns=83661015346607][T0x701395b15740][TIMING] emit_host_span: [STRACE] v=1 pid=3964021 tid=3964021 inv=7 hid=d8e9c89da8b0d3f9 depth=2 name=chip.run.bind.args ts=83660950773338 dur=64571837 
[mono_ns=83661015363943][T0x701395b15740][TIMING] emit_host_span: [STRACE] v=1 pid=3964021 tid=3964021 inv=7 hid=d8e9c89da8b0d3f9 depth=2 name=chip.run.bind.prebuilt ts=83661015361599 dur=2043 
[mono_ns=83661015366296][T0x701395b15740][TIMING] emit_host_span: [STRACE] v=1 pid=3964021 tid=3964021 inv=7 hid=d8e9c89da8b0d3f9 depth=1 name=chip.run.bind ts=83660950769772 dur=64596214 
[mono_ns=83661020056296][T0x701395b15740][WARN] prepare_execution: [device_runner.cpp:342] AICPU CPU_TOPO unavailable; using json_fallback: soc=Ascend950PR_9579 occupy=0x3e stable_reachable=5 requested=0 effective=5 affinity=[1, 2, 3, 4, 5(orch)]
[mono_ns=83661021899122][T0x701395b15740][TIMING] emit_host_span: [STRACE] v=1 pid=3964021 tid=3964021 inv=7 hid=d8e9c89da8b0d3f9 depth=1 name=chip.run.runner_run ts=83661020115224 dur=1783377 
[mono_ns=83661054963609][T0x701395b15740][TIMING] emit_host_span: [STRACE] v=1 pid=3964021 tid=3964021 inv=7 hid=d8e9c89da8b0d3f9 depth=1 name=chip.run.validate ts=83661021907044 dur=33055924 
[mono_ns=83661054973604][T0x701395b15740][TIMING] emit_host_span: [STRACE] v=1 pid=3964021 tid=3964021 inv=7 hid=d8e9c89da8b0d3f9 depth=2 name=chip.run.runner_run.device_wall ts=0 dur=1612663 clk=dev
[mono_ns=83661054975437][T0x701395b15740][TIMING] emit_host_span: [STRACE] v=1 pid=3964021 tid=3964021 inv=7 hid=d8e9c89da8b0d3f9 depth=3 name=chip.run.runner_run.device_wall.preamble ts=0 dur=15578 clk=dev
[mono_ns=83661054976859][T0x701395b15740][TIMING] emit_host_span: [STRACE] v=1 pid=3964021 tid=3964021 inv=7 hid=d8e9c89da8b0d3f9 depth=3 name=chip.run.runner_run.device_wall.graph_build ts=4914 dur=1601894 clk=dev
[mono_ns=83661054978221][T0x701395b15740][TIMING] emit_host_span: [STRACE] v=1 pid=3964021 tid=3964021 inv=7 hid=d8e9c89da8b0d3f9 depth=3 name=chip.run.runner_run.device_wall.config_validate ts=5486 dur=1563 clk=dev
[mono_ns=83661054979352][T0x701395b15740][TIMING] emit_host_span: [STRACE] v=1 pid=3964021 tid=3964021 inv=7 hid=d8e9c89da8b0d3f9 depth=3 name=chip.run.runner_run.device_wall.arena_wire ts=7074 dur=2225 clk=dev
[mono_ns=83661054980474][T0x701395b15740][TIMING] emit_host_span: [STRACE] v=1 pid=3964021 tid=3964021 inv=7 hid=d8e9c89da8b0d3f9 depth=3 name=chip.run.runner_run.device_wall.sm_reset ts=9316 dur=3010 clk=dev
[mono_ns=83661054981606][T0x701395b15740][TIMING] emit_host_span: [STRACE] v=1 pid=3964021 tid=3964021 inv=7 hid=d8e9c89da8b0d3f9 depth=3 name=chip.run.runner_run.device_wall.post_orch ts=1606838 dur=4888 clk=dev
[mono_ns=83661054982978][T0x701395b15740][TIMING] emit_host_span: [STRACE] v=1 pid=3964021 tid=3964021 inv=7 hid=d8e9c89da8b0d3f9 depth=3 name=chip.run.runner_run.device_wall.orch ts=12414 dur=1577549 clk=dev
[mono_ns=83661054990589][T0x701395b15740][TIMING] emit_host_span: [STRACE] v=1 pid=3964021 tid=3964021 inv=7 hid=d8e9c89da8b0d3f9 depth=3 name=chip.run.runner_run.device_wall.sched ts=15057 dur=1576868 clk=dev
[mono_ns=83661054992572][T0x701395b15740][TIMING] emit_host_span: [STRACE] v=1 pid=3964021 tid=3964021 inv=7 hid=d8e9c89da8b0d3f9 depth=1 name=chip.run.claim_release ts=83661054992112 dur=220 
[mono_ns=83661054994145][T0x701395b15740][TIMING] emit_host_span: [STRACE] v=1 pid=3964021 tid=3964021 inv=7 hid=d8e9c89da8b0d3f9 depth=0 name=chip.run ts=83660950764474 dur=104229350 run_id=0 dispatch_id=0 slot_id=0 generation=7 run_epoch=7
[mono_ns=83661120445512][T0x701395b15740][TIMING] emit_host_span: [STRACE] v=1 pid=3964021 tid=3964021 inv=8 hid=d8e9c89da8b0d3f9 depth=2 name=chip.run.bind.args ts=83661056271902 dur=64172688 
[mono_ns=83661120462417][T0x701395b15740][TIMING] emit_host_span: [STRACE] v=1 pid=3964021 tid=3964021 inv=8 hid=d8e9c89da8b0d3f9 depth=2 name=chip.run.bind.prebuilt ts=83661120460034 dur=2003 
[mono_ns=83661120464400][T0x701395b15740][TIMING] emit_host_span: [STRACE] v=1 pid=3964021 tid=3964021 inv=8 hid=d8e9c89da8b0d3f9 depth=1 name=chip.run.bind ts=83661056268628 dur=64195482 
[mono_ns=83661125058946][T0x701395b15740][WARN] prepare_execution: [device_runner.cpp:342] AICPU CPU_TOPO unavailable; using json_fallback: soc=Ascend950PR_9579 occupy=0x3e stable_reachable=5 requested=0 effective=5 affinity=[1, 2, 3, 4, 5(orch)]
[mono_ns=83661127050746][T0x701395b15740][TIMING] emit_host_span: [STRACE] v=1 pid=3964021 tid=3964021 inv=8 hid=d8e9c89da8b0d3f9 depth=1 name=chip.run.runner_run ts=83661125118716 dur=1931499 
[mono_ns=83661160257917][T0x701395b15740][TIMING] emit_host_span: [STRACE] v=1 pid=3964021 tid=3964021 inv=8 hid=d8e9c89da8b0d3f9 depth=1 name=chip.run.validate ts=83661127058427 dur=33198479 
[mono_ns=83661160266961][T0x701395b15740][TIMING] emit_host_span: [STRACE] v=1 pid=3964021 tid=3964021 inv=8 hid=d8e9c89da8b0d3f9 depth=2 name=chip.run.runner_run.device_wall ts=0 dur=1770360 clk=dev
[mono_ns=83661160268683][T0x701395b15740][TIMING] emit_host_span: [STRACE] v=1 pid=3964021 tid=3964021 inv=8 hid=d8e9c89da8b0d3f9 depth=3 name=chip.run.runner_run.device_wall.preamble ts=0 dur=13378 clk=dev
[mono_ns=83661160270135][T0x701395b15740][TIMING] emit_host_span: [STRACE] v=1 pid=3964021 tid=3964021 inv=8 hid=d8e9c89da8b0d3f9 depth=3 name=chip.run.runner_run.device_wall.graph_build ts=2466 dur=1763187 clk=dev
[mono_ns=83661160271507][T0x701395b15740][TIMING] emit_host_span: [STRACE] v=1 pid=3964021 tid=3964021 inv=8 hid=d8e9c89da8b0d3f9 depth=3 name=chip.run.runner_run.device_wall.config_validate ts=3286 dur=1323 clk=dev
[mono_ns=83661160272669][T0x701395b15740][TIMING] emit_host_span: [STRACE] v=1 pid=3964021 tid=3964021 inv=8 hid=d8e9c89da8b0d3f9 depth=3 name=chip.run.runner_run.device_wall.arena_wire ts=4874 dur=2305 clk=dev
[mono_ns=83661160273801][T0x701395b15740][TIMING] emit_host_span: [STRACE] v=1 pid=3964021 tid=3964021 inv=8 hid=d8e9c89da8b0d3f9 depth=3 name=chip.run.runner_run.device_wall.sm_reset ts=7201 dur=2590 clk=dev
[mono_ns=83661160275163][T0x701395b15740][TIMING] emit_host_span: [STRACE] v=1 pid=3964021 tid=3964021 inv=8 hid=d8e9c89da8b0d3f9 depth=3 name=chip.run.runner_run.device_wall.post_orch ts=1765690 dur=4362 clk=dev
[mono_ns=83661160277046][T0x701395b15740][TIMING] emit_host_span: [STRACE] v=1 pid=3964021 tid=3964021 inv=8 hid=d8e9c89da8b0d3f9 depth=3 name=chip.run.runner_run.device_wall.orch ts=9875 dur=1738281 clk=dev
[mono_ns=83661160278157][T0x701395b15740][TIMING] emit_host_span: [STRACE] v=1 pid=3964021 tid=3964021 inv=8 hid=d8e9c89da8b0d3f9 depth=3 name=chip.run.runner_run.device_wall.sched ts=12956 dur=1737803 clk=dev
[mono_ns=83661160279920][T0x701395b15740][TIMING] emit_host_span: [STRACE] v=1 pid=3964021 tid=3964021 inv=8 hid=d8e9c89da8b0d3f9 depth=1 name=chip.run.claim_release ts=83661160279459 dur=221 
[mono_ns=83661160281482][T0x701395b15740][TIMING] emit_host_span: [STRACE] v=1 pid=3964021 tid=3964021 inv=8 hid=d8e9c89da8b0d3f9 depth=0 name=chip.run ts=83661056263890 dur=104017282 run_id=0 dispatch_id=0 slot_id=0 generation=8 run_epoch=8
[mono_ns=83661224603705][T0x701395b15740][TIMING] emit_host_span: [STRACE] v=1 pid=3964021 tid=3964021 inv=9 hid=d8e9c89da8b0d3f9 depth=2 name=chip.run.bind.args ts=83661161559250 dur=63043423 
[mono_ns=83661224620881][T0x701395b15740][TIMING] emit_host_span: [STRACE] v=1 pid=3964021 tid=3964021 inv=9 hid=d8e9c89da8b0d3f9 depth=2 name=chip.run.bind.prebuilt ts=83661224618327 dur=2133 
[mono_ns=83661224622854][T0x701395b15740][TIMING] emit_host_span: [STRACE] v=1 pid=3964021 tid=3964021 inv=9 hid=d8e9c89da8b0d3f9 depth=1 name=chip.run.bind ts=83661161555445 dur=63067128 
[mono_ns=83661229312292][T0x701395b15740][WARN] prepare_execution: [device_runner.cpp:342] AICPU CPU_TOPO unavailable; using json_fallback: soc=Ascend950PR_9579 occupy=0x3e stable_reachable=5 requested=0 effective=5 affinity=[1, 2, 3, 4, 5(orch)]
[mono_ns=83661231392154][T0x701395b15740][TIMING] emit_host_span: [STRACE] v=1 pid=3964021 tid=3964021 inv=9 hid=d8e9c89da8b0d3f9 depth=1 name=chip.run.runner_run ts=83661229369658 dur=2022015 
[mono_ns=83661263900777][T0x701395b15740][TIMING] emit_host_span: [STRACE] v=1 pid=3964021 tid=3964021 inv=9 hid=d8e9c89da8b0d3f9 depth=1 name=chip.run.validate ts=83661231399565 dur=32500641 
[mono_ns=83661263910361][T0x701395b15740][TIMING] emit_host_span: [STRACE] v=1 pid=3964021 tid=3964021 inv=9 hid=d8e9c89da8b0d3f9 depth=2 name=chip.run.runner_run.device_wall ts=0 dur=1860471 clk=dev
[mono_ns=83661263912114][T0x701395b15740][TIMING] emit_host_span: [STRACE] v=1 pid=3964021 tid=3964021 inv=9 hid=d8e9c89da8b0d3f9 depth=3 name=chip.run.runner_run.device_wall.preamble ts=0 dur=15682 clk=dev
[mono_ns=83661263913556][T0x701395b15740][TIMING] emit_host_span: [STRACE] v=1 pid=3964021 tid=3964021 inv=9 hid=d8e9c89da8b0d3f9 depth=3 name=chip.run.runner_run.device_wall.graph_build ts=5682 dur=1850496 clk=dev
[mono_ns=83661263914918][T0x701395b15740][TIMING] emit_host_span: [STRACE] v=1 pid=3964021 tid=3964021 inv=9 hid=d8e9c89da8b0d3f9 depth=3 name=chip.run.runner_run.device_wall.config_validate ts=6294 dur=1319 clk=dev
[mono_ns=83661263916060][T0x701395b15740][TIMING] emit_host_span: [STRACE] v=1 pid=3964021 tid=3964021 inv=9 hid=d8e9c89da8b0d3f9 depth=3 name=chip.run.runner_run.device_wall.arena_wire ts=7826 dur=1650 clk=dev
[mono_ns=83661263917412][T0x701395b15740][TIMING] emit_host_span: [STRACE] v=1 pid=3964021 tid=3964021 inv=9 hid=d8e9c89da8b0d3f9 depth=3 name=chip.run.runner_run.device_wall.sm_reset ts=9609 dur=2785 clk=dev
[mono_ns=83661263919595][T0x701395b15740][TIMING] emit_host_span: [STRACE] v=1 pid=3964021 tid=3964021 inv=9 hid=d8e9c89da8b0d3f9 depth=3 name=chip.run.runner_run.device_wall.post_orch ts=1856220 dur=3765 clk=dev
[mono_ns=83661263921307][T0x701395b15740][TIMING] emit_host_span: [STRACE] v=1 pid=3964021 tid=3964021 inv=9 hid=d8e9c89da8b0d3f9 depth=3 name=chip.run.runner_run.device_wall.orch ts=12530 dur=1827048 clk=dev
[mono_ns=83661263922539][T0x701395b15740][TIMING] emit_host_span: [STRACE] v=1 pid=3964021 tid=3964021 inv=9 hid=d8e9c89da8b0d3f9 depth=3 name=chip.run.runner_run.device_wall.sched ts=15166 dur=1825847 clk=dev
[mono_ns=83661263924262][T0x701395b15740][TIMING] emit_host_span: [STRACE] v=1 pid=3964021 tid=3964021 inv=9 hid=d8e9c89da8b0d3f9 depth=1 name=chip.run.claim_release ts=83661263923851 dur=171 
[mono_ns=83661263926135][T0x701395b15740][TIMING] emit_host_span: [STRACE] v=1 pid=3964021 tid=3964021 inv=9 hid=d8e9c89da8b0d3f9 depth=0 name=chip.run ts=83661161550637 dur=102375147 run_id=0 dispatch_id=0 slot_id=0 generation=9 run_epoch=9
[mono_ns=83661328820596][T0x701395b15740][TIMING] emit_host_span: [STRACE] v=1 pid=3964021 tid=3964021 inv=10 hid=d8e9c89da8b0d3f9 depth=2 name=chip.run.bind.args ts=83661265183592 dur=63635722 
[mono_ns=83661328836640][T0x701395b15740][TIMING] emit_host_span: [STRACE] v=1 pid=3964021 tid=3964021 inv=10 hid=d8e9c89da8b0d3f9 depth=2 name=chip.run.bind.prebuilt ts=83661328833996 dur=2254 
[mono_ns=83661328847627][T0x701395b15740][TIMING] emit_host_span: [STRACE] v=1 pid=3964021 tid=3964021 inv=10 hid=d8e9c89da8b0d3f9 depth=1 name=chip.run.bind ts=83661265179516 dur=63667810 
[mono_ns=83661333450255][T0x701395b15740][WARN] prepare_execution: [device_runner.cpp:342] AICPU CPU_TOPO unavailable; using json_fallback: soc=Ascend950PR_9579 occupy=0x3e stable_reachable=5 requested=0 effective=5 affinity=[1, 2, 3, 4, 5(orch)]
[mono_ns=83661335191308][T0x701395b15740][TIMING] emit_host_span: [STRACE] v=1 pid=3964021 tid=3964021 inv=10 hid=d8e9c89da8b0d3f9 depth=1 name=chip.run.runner_run ts=83661333514671 dur=1676136 
[mono_ns=83661368507433][T0x701395b15740][TIMING] emit_host_span: [STRACE] v=1 pid=3964021 tid=3964021 inv=10 hid=d8e9c89da8b0d3f9 depth=1 name=chip.run.validate ts=83661335199921 dur=33306841 
[mono_ns=83661368516406][T0x701395b15740][TIMING] emit_host_span: [STRACE] v=1 pid=3964021 tid=3964021 inv=10 hid=d8e9c89da8b0d3f9 depth=2 name=chip.run.runner_run.device_wall ts=0 dur=1518848 clk=dev
[mono_ns=83661368518920][T0x701395b15740][TIMING] emit_host_span: [STRACE] v=1 pid=3964021 tid=3964021 inv=10 hid=d8e9c89da8b0d3f9 depth=3 name=chip.run.runner_run.device_wall.preamble ts=0 dur=13309 clk=dev
[mono_ns=83661368520452][T0x701395b15740][TIMING] emit_host_span: [STRACE] v=1 pid=3964021 tid=3964021 inv=10 hid=d8e9c89da8b0d3f9 depth=3 name=chip.run.runner_run.device_wall.graph_build ts=3131 dur=1510634 clk=dev
[mono_ns=83661368521864][T0x701395b15740][TIMING] emit_host_span: [STRACE] v=1 pid=3964021 tid=3964021 inv=10 hid=d8e9c89da8b0d3f9 depth=3 name=chip.run.runner_run.device_wall.config_validate ts=3433 dur=1440 clk=dev
[mono_ns=83661368523006][T0x701395b15740][TIMING] emit_host_span: [STRACE] v=1 pid=3964021 tid=3964021 inv=10 hid=d8e9c89da8b0d3f9 depth=3 name=chip.run.runner_run.device_wall.arena_wire ts=4894 dur=1859 clk=dev
[mono_ns=83661368524328][T0x701395b15740][TIMING] emit_host_span: [STRACE] v=1 pid=3964021 tid=3964021 inv=10 hid=d8e9c89da8b0d3f9 depth=3 name=chip.run.runner_run.device_wall.sm_reset ts=6860 dur=2907 clk=dev
[mono_ns=83661368525971][T0x701395b15740][TIMING] emit_host_span: [STRACE] v=1 pid=3964021 tid=3964021 inv=10 hid=d8e9c89da8b0d3f9 depth=3 name=chip.run.runner_run.device_wall.post_orch ts=1513846 dur=4651 clk=dev
[mono_ns=83661368527253][T0x701395b15740][TIMING] emit_host_span: [STRACE] v=1 pid=3964021 tid=3964021 inv=10 hid=d8e9c89da8b0d3f9 depth=3 name=chip.run.runner_run.device_wall.orch ts=9799 dur=1487557 clk=dev
[mono_ns=83661368528384][T0x701395b15740][TIMING] emit_host_span: [STRACE] v=1 pid=3964021 tid=3964021 inv=10 hid=d8e9c89da8b0d3f9 depth=3 name=chip.run.runner_run.device_wall.sched ts=12945 dur=1485767 clk=dev
[mono_ns=83661368530337][T0x701395b15740][TIMING] emit_host_span: [STRACE] v=1 pid=3964021 tid=3964021 inv=10 hid=d8e9c89da8b0d3f9 depth=1 name=chip.run.claim_release ts=83661368529917 dur=180 
[mono_ns=83661368532120][T0x701395b15740][TIMING] emit_host_span: [STRACE] v=1 pid=3964021 tid=3964021 inv=10 hid=d8e9c89da8b0d3f9 depth=0 name=chip.run ts=83661265174168 dur=103357641 run_id=0 dispatch_id=0 slot_id=0 generation=10 run_epoch=10
[mono_ns=83661431478958][T0x701395b15740][TIMING] emit_host_span: [STRACE] v=1 pid=3964021 tid=3964021 inv=11 hid=d8e9c89da8b0d3f9 depth=2 name=chip.run.bind.args ts=83661369781966 dur=61696261 
[mono_ns=83661431497616][T0x701395b15740][TIMING] emit_host_span: [STRACE] v=1 pid=3964021 tid=3964021 inv=11 hid=d8e9c89da8b0d3f9 depth=2 name=chip.run.bind.prebuilt ts=83661431494802 dur=2403 
[mono_ns=83661431499819][T0x701395b15740][TIMING] emit_host_span: [STRACE] v=1 pid=3964021 tid=3964021 inv=11 hid=d8e9c89da8b0d3f9 depth=1 name=chip.run.bind ts=83661369778360 dur=61721099 
[mono_ns=83661436159303][T0x701395b15740][WARN] prepare_execution: [device_runner.cpp:342] AICPU CPU_TOPO unavailable; using json_fallback: soc=Ascend950PR_9579 occupy=0x3e stable_reachable=5 requested=0 effective=5 affinity=[1, 2, 3, 4, 5(orch)]
[mono_ns=83661437994187][T0x701395b15740][TIMING] emit_host_span: [STRACE] v=1 pid=3964021 tid=3964021 inv=11 hid=d8e9c89da8b0d3f9 depth=1 name=chip.run.runner_run ts=83661436217200 dur=1776606 
[mono_ns=83661470561297][T0x701395b15740][TIMING] emit_host_span: [STRACE] v=1 pid=3964021 tid=3964021 inv=11 hid=d8e9c89da8b0d3f9 depth=1 name=chip.run.validate ts=83661438016971 dur=32543766 
[mono_ns=83661470571433][T0x701395b15740][TIMING] emit_host_span: [STRACE] v=1 pid=3964021 tid=3964021 inv=11 hid=d8e9c89da8b0d3f9 depth=2 name=chip.run.runner_run.device_wall ts=0 dur=1621108 clk=dev
[mono_ns=83661470573225][T0x701395b15740][TIMING] emit_host_span: [STRACE] v=1 pid=3964021 tid=3964021 inv=11 hid=d8e9c89da8b0d3f9 depth=3 name=chip.run.runner_run.device_wall.preamble ts=0 dur=13282 clk=dev
[mono_ns=83661470574617][T0x701395b15740][TIMING] emit_host_span: [STRACE] v=1 pid=3964021 tid=3964021 inv=11 hid=d8e9c89da8b0d3f9 depth=3 name=chip.run.runner_run.device_wall.graph_build ts=2838 dur=1613485 clk=dev
[mono_ns=83661470575779][T0x701395b15740][TIMING] emit_host_span: [STRACE] v=1 pid=3964021 tid=3964021 inv=11 hid=d8e9c89da8b0d3f9 depth=3 name=chip.run.runner_run.device_wall.config_validate ts=3198 dur=1347 clk=dev
[mono_ns=83661470576891][T0x701395b15740][TIMING] emit_host_span: [STRACE] v=1 pid=3964021 tid=3964021 inv=11 hid=d8e9c89da8b0d3f9 depth=3 name=chip.run.runner_run.device_wall.arena_wire ts=4741 dur=1356 clk=dev
[mono_ns=83661470578002][T0x701395b15740][TIMING] emit_host_span: [STRACE] v=1 pid=3964021 tid=3964021 inv=11 hid=d8e9c89da8b0d3f9 depth=3 name=chip.run.runner_run.device_wall.sm_reset ts=6234 dur=2657 clk=dev
[mono_ns=83661470579365][T0x701395b15740][TIMING] emit_host_span: [STRACE] v=1 pid=3964021 tid=3964021 inv=11 hid=d8e9c89da8b0d3f9 depth=3 name=chip.run.runner_run.device_wall.post_orch ts=1616351 dur=4692 clk=dev
[mono_ns=83661470581908][T0x701395b15740][TIMING] emit_host_span: [STRACE] v=1 pid=3964021 tid=3964021 inv=11 hid=d8e9c89da8b0d3f9 depth=3 name=chip.run.runner_run.device_wall.orch ts=8973 dur=1589980 clk=dev
[mono_ns=83661470583771][T0x701395b15740][TIMING] emit_host_span: [STRACE] v=1 pid=3964021 tid=3964021 inv=11 hid=d8e9c89da8b0d3f9 depth=3 name=chip.run.runner_run.device_wall.sched ts=12868 dur=1588107 clk=dev
[mono_ns=83661470585854][T0x701395b15740][TIMING] emit_host_span: [STRACE] v=1 pid=3964021 tid=3964021 inv=11 hid=d8e9c89da8b0d3f9 depth=1 name=chip.run.claim_release ts=83661470585374 dur=260 
[mono_ns=83661470587787][T0x701395b15740][TIMING] emit_host_span: [STRACE] v=1 pid=3964021 tid=3964021 inv=11 hid=d8e9c89da8b0d3f9 depth=0 name=chip.run ts=83661369772802 dur=100814665 run_id=0 dispatch_id=0 slot_id=0 generation=11 run_epoch=11
[mono_ns=83661535253395][T0x701395b15740][TIMING] emit_host_span: [STRACE] v=1 pid=3964021 tid=3964021 inv=12 hid=d8e9c89da8b0d3f9 depth=2 name=chip.run.bind.args ts=83661471848269 dur=63404475 
[mono_ns=83661535270751][T0x701395b15740][TIMING] emit_host_span: [STRACE] v=1 pid=3964021 tid=3964021 inv=12 hid=d8e9c89da8b0d3f9 depth=2 name=chip.run.bind.prebuilt ts=83661535268167 dur=2284 
[mono_ns=83661535272774][T0x701395b15740][TIMING] emit_host_span: [STRACE] v=1 pid=3964021 tid=3964021 inv=12 hid=d8e9c89da8b0d3f9 depth=1 name=chip.run.bind ts=83661471844253 dur=63428161 
[mono_ns=83661539897716][T0x701395b15740][WARN] prepare_execution: [device_runner.cpp:342] AICPU CPU_TOPO unavailable; using json_fallback: soc=Ascend950PR_9579 occupy=0x3e stable_reachable=5 requested=0 effective=5 affinity=[1, 2, 3, 4, 5(orch)]
[mono_ns=83661541715214][T0x701395b15740][TIMING] emit_host_span: [STRACE] v=1 pid=3964021 tid=3964021 inv=12 hid=d8e9c89da8b0d3f9 depth=1 name=chip.run.runner_run ts=83661539953960 dur=1760803 
[mono_ns=83661575293742][T0x701395b15740][TIMING] emit_host_span: [STRACE] v=1 pid=3964021 tid=3964021 inv=12 hid=d8e9c89da8b0d3f9 depth=1 name=chip.run.validate ts=83661541723857 dur=33569294 
[mono_ns=83661575303166][T0x701395b15740][TIMING] emit_host_span: [STRACE] v=1 pid=3964021 tid=3964021 inv=12 hid=d8e9c89da8b0d3f9 depth=2 name=chip.run.runner_run.device_wall ts=0 dur=1606216 clk=dev
[mono_ns=83661575305039][T0x701395b15740][TIMING] emit_host_span: [STRACE] v=1 pid=3964021 tid=3964021 inv=12 hid=d8e9c89da8b0d3f9 depth=3 name=chip.run.runner_run.device_wall.preamble ts=0 dur=12119 clk=dev
[mono_ns=83661575315054][T0x701395b15740][TIMING] emit_host_span: [STRACE] v=1 pid=3964021 tid=3964021 inv=12 hid=d8e9c89da8b0d3f9 depth=3 name=chip.run.runner_run.device_wall.graph_build ts=2703 dur=1599047 clk=dev
[mono_ns=83661575316577][T0x701395b15740][TIMING] emit_host_span: [STRACE] v=1 pid=3964021 tid=3964021 inv=12 hid=d8e9c89da8b0d3f9 depth=3 name=chip.run.runner_run.device_wall.config_validate ts=3061 dur=2031 clk=dev
[mono_ns=83661575317718][T0x701395b15740][TIMING] emit_host_span: [STRACE] v=1 pid=3964021 tid=3964021 inv=12 hid=d8e9c89da8b0d3f9 depth=3 name=chip.run.runner_run.device_wall.arena_wire ts=5114 dur=1881 clk=dev
[mono_ns=83661575318850][T0x701395b15740][TIMING] emit_host_span: [STRACE] v=1 pid=3964021 tid=3964021 inv=12 hid=d8e9c89da8b0d3f9 depth=3 name=chip.run.runner_run.device_wall.sm_reset ts=7012 dur=2980 clk=dev
[mono_ns=83661575319982][T0x701395b15740][TIMING] emit_host_span: [STRACE] v=1 pid=3964021 tid=3964021 inv=12 hid=d8e9c89da8b0d3f9 depth=3 name=chip.run.runner_run.device_wall.post_orch ts=1601820 dur=4184 clk=dev
[mono_ns=83661575321123][T0x701395b15740][TIMING] emit_host_span: [STRACE] v=1 pid=3964021 tid=3964021 inv=12 hid=d8e9c89da8b0d3f9 depth=3 name=chip.run.runner_run.device_wall.orch ts=10091 dur=1574284 clk=dev
[mono_ns=83661575322245][T0x701395b15740][TIMING] emit_host_span: [STRACE] v=1 pid=3964021 tid=3964021 inv=12 hid=d8e9c89da8b0d3f9 depth=3 name=chip.run.runner_run.device_wall.sched ts=11777 dur=1574644 clk=dev
[mono_ns=83661575324519][T0x701395b15740][TIMING] emit_host_span: [STRACE] v=1 pid=3964021 tid=3964021 inv=12 hid=d8e9c89da8b0d3f9 depth=1 name=chip.run.claim_release ts=83661575324098 dur=170 
[mono_ns=83661575327443][T0x701395b15740][TIMING] emit_host_span: [STRACE] v=1 pid=3964021 tid=3964021 inv=12 hid=d8e9c89da8b0d3f9 depth=0 name=chip.run ts=83661471838444 dur=103488698 run_id=0 dispatch_id=0 slot_id=0 generation=12 run_epoch=12
[mono_ns=83661642109678][T0x701395b15740][TIMING] emit_host_span: [STRACE] v=1 pid=3964021 tid=3964021 inv=13 hid=d8e9c89da8b0d3f9 depth=2 name=chip.run.bind.args ts=83661576575376 dur=65533240 
[mono_ns=83661642127504][T0x701395b15740][TIMING] emit_host_span: [STRACE] v=1 pid=3964021 tid=3964021 inv=13 hid=d8e9c89da8b0d3f9 depth=2 name=chip.run.bind.prebuilt ts=83661642124470 dur=2664 
[mono_ns=83661642129457][T0x701395b15740][TIMING] emit_host_span: [STRACE] v=1 pid=3964021 tid=3964021 inv=13 hid=d8e9c89da8b0d3f9 depth=1 name=chip.run.bind ts=83661576571991 dur=65557116 
[mono_ns=83661646726557][T0x701395b15740][WARN] prepare_execution: [device_runner.cpp:342] AICPU CPU_TOPO unavailable; using json_fallback: soc=Ascend950PR_9579 occupy=0x3e stable_reachable=5 requested=0 effective=5 affinity=[1, 2, 3, 4, 5(orch)]
[mono_ns=83661648494791][T0x701395b15740][TIMING] emit_host_span: [STRACE] v=1 pid=3964021 tid=3964021 inv=13 hid=d8e9c89da8b0d3f9 depth=1 name=chip.run.runner_run ts=83661646785476 dur=1708714 
[mono_ns=83661681169984][T0x701395b15740][TIMING] emit_host_span: [STRACE] v=1 pid=3964021 tid=3964021 inv=13 hid=d8e9c89da8b0d3f9 depth=1 name=chip.run.validate ts=83661648504265 dur=32664978 
[mono_ns=83661681180079][T0x701395b15740][TIMING] emit_host_span: [STRACE] v=1 pid=3964021 tid=3964021 inv=13 hid=d8e9c89da8b0d3f9 depth=2 name=chip.run.runner_run.device_wall ts=0 dur=1561828 clk=dev
[mono_ns=83661681181802][T0x701395b15740][TIMING] emit_host_span: [STRACE] v=1 pid=3964021 tid=3964021 inv=13 hid=d8e9c89da8b0d3f9 depth=3 name=chip.run.runner_run.device_wall.preamble ts=0 dur=12611 clk=dev
[mono_ns=83661681183124][T0x701395b15740][TIMING] emit_host_span: [STRACE] v=1 pid=3964021 tid=3964021 inv=13 hid=d8e9c89da8b0d3f9 depth=3 name=chip.run.runner_run.device_wall.graph_build ts=2092 dur=1555038 clk=dev
[mono_ns=83661681184265][T0x701395b15740][TIMING] emit_host_span: [STRACE] v=1 pid=3964021 tid=3964021 inv=13 hid=d8e9c89da8b0d3f9 depth=3 name=chip.run.runner_run.device_wall.config_validate ts=2708 dur=1690 clk=dev
[mono_ns=83661681194080][T0x701395b15740][TIMING] emit_host_span: [STRACE] v=1 pid=3964021 tid=3964021 inv=13 hid=d8e9c89da8b0d3f9 depth=3 name=chip.run.runner_run.device_wall.arena_wire ts=4432 dur=1838 clk=dev
[mono_ns=83661681195402][T0x701395b15740][TIMING] emit_host_span: [STRACE] v=1 pid=3964021 tid=3964021 inv=13 hid=d8e9c89da8b0d3f9 depth=3 name=chip.run.runner_run.device_wall.sm_reset ts=6491 dur=2759 clk=dev
[mono_ns=83661681196514][T0x701395b15740][TIMING] emit_host_span: [STRACE] v=1 pid=3964021 tid=3964021 inv=13 hid=d8e9c89da8b0d3f9 depth=3 name=chip.run.runner_run.device_wall.post_orch ts=1557158 dur=4374 clk=dev
[mono_ns=83661681197646][T0x701395b15740][TIMING] emit_host_span: [STRACE] v=1 pid=3964021 tid=3964021 inv=13 hid=d8e9c89da8b0d3f9 depth=3 name=chip.run.runner_run.device_wall.orch ts=9283 dur=1530086 clk=dev
[mono_ns=83661681198787][T0x701395b15740][TIMING] emit_host_span: [STRACE] v=1 pid=3964021 tid=3964021 inv=13 hid=d8e9c89da8b0d3f9 depth=3 name=chip.run.runner_run.device_wall.sched ts=12238 dur=1529344 clk=dev
[mono_ns=83661681202142][T0x701395b15740][TIMING] emit_host_span: [STRACE] v=1 pid=3964021 tid=3964021 inv=13 hid=d8e9c89da8b0d3f9 depth=1 name=chip.run.claim_release ts=83661681201702 dur=180 
[mono_ns=83661681205487][T0x701395b15740][TIMING] emit_host_span: [STRACE] v=1 pid=3964021 tid=3964021 inv=13 hid=d8e9c89da8b0d3f9 depth=0 name=chip.run ts=83661576566312 dur=104638845 run_id=0 dispatch_id=0 slot_id=0 generation=13 run_epoch=13
[mono_ns=83661749327012][T0x701395b15740][TIMING] emit_host_span: [STRACE] v=1 pid=3964021 tid=3964021 inv=14 hid=d8e9c89da8b0d3f9 depth=2 name=chip.run.bind.args ts=83661682427722 dur=66897728 
[mono_ns=83661749347483][T0x701395b15740][TIMING] emit_host_span: [STRACE] v=1 pid=3964021 tid=3964021 inv=14 hid=d8e9c89da8b0d3f9 depth=2 name=chip.run.bind.prebuilt ts=83661749344659 dur=2534 
[mono_ns=83661749349466][T0x701395b15740][TIMING] emit_host_span: [STRACE] v=1 pid=3964021 tid=3964021 inv=14 hid=d8e9c89da8b0d3f9 depth=1 name=chip.run.bind ts=83661682423696 dur=66925389 
[mono_ns=83661753898844][T0x701395b15740][WARN] prepare_execution: [device_runner.cpp:342] AICPU CPU_TOPO unavailable; using json_fallback: soc=Ascend950PR_9579 occupy=0x3e stable_reachable=5 requested=0 effective=5 affinity=[1, 2, 3, 4, 5(orch)]
[mono_ns=83661755670603][T0x701395b15740][TIMING] emit_host_span: [STRACE] v=1 pid=3964021 tid=3964021 inv=14 hid=d8e9c89da8b0d3f9 depth=1 name=chip.run.runner_run ts=83661753957342 dur=1712651 
[mono_ns=83661788842642][T0x701395b15740][TIMING] emit_host_span: [STRACE] v=1 pid=3964021 tid=3964021 inv=14 hid=d8e9c89da8b0d3f9 depth=1 name=chip.run.validate ts=83661755678956 dur=33162955 
[mono_ns=83661788852397][T0x701395b15740][TIMING] emit_host_span: [STRACE] v=1 pid=3964021 tid=3964021 inv=14 hid=d8e9c89da8b0d3f9 depth=2 name=chip.run.runner_run.device_wall ts=0 dur=1515678 clk=dev
[mono_ns=83661788854139][T0x701395b15740][TIMING] emit_host_span: [STRACE] v=1 pid=3964021 tid=3964021 inv=14 hid=d8e9c89da8b0d3f9 depth=3 name=chip.run.runner_run.device_wall.preamble ts=0 dur=11962 clk=dev
[mono_ns=83661788855421][T0x701395b15740][TIMING] emit_host_span: [STRACE] v=1 pid=3964021 tid=3964021 inv=14 hid=d8e9c89da8b0d3f9 depth=3 name=chip.run.runner_run.device_wall.graph_build ts=2239 dur=1507905 clk=dev
[mono_ns=83661788856583][T0x701395b15740][TIMING] emit_host_span: [STRACE] v=1 pid=3964021 tid=3964021 inv=14 hid=d8e9c89da8b0d3f9 depth=3 name=chip.run.runner_run.device_wall.config_validate ts=2650 dur=1674 clk=dev
[mono_ns=83661788857735][T0x701395b15740][TIMING] emit_host_span: [STRACE] v=1 pid=3964021 tid=3964021 inv=14 hid=d8e9c89da8b0d3f9 depth=3 name=chip.run.runner_run.device_wall.arena_wire ts=4348 dur=2352 clk=dev
[mono_ns=83661788859197][T0x701395b15740][TIMING] emit_host_span: [STRACE] v=1 pid=3964021 tid=3964021 inv=14 hid=d8e9c89da8b0d3f9 depth=3 name=chip.run.runner_run.device_wall.sm_reset ts=6720 dur=3336 clk=dev
[mono_ns=83661788861530][T0x701395b15740][TIMING] emit_host_span: [STRACE] v=1 pid=3964021 tid=3964021 inv=14 hid=d8e9c89da8b0d3f9 depth=3 name=chip.run.runner_run.device_wall.post_orch ts=1510190 dur=5198 clk=dev
[mono_ns=83661788870955][T0x701395b15740][TIMING] emit_host_span: [STRACE] v=1 pid=3964021 tid=3964021 inv=14 hid=d8e9c89da8b0d3f9 depth=3 name=chip.run.runner_run.device_wall.orch ts=10222 dur=1482730 clk=dev
[mono_ns=83661788872256][T0x701395b15740][TIMING] emit_host_span: [STRACE] v=1 pid=3964021 tid=3964021 inv=14 hid=d8e9c89da8b0d3f9 depth=3 name=chip.run.runner_run.device_wall.sched ts=11562 dur=1483490 clk=dev
[mono_ns=83661788874189][T0x701395b15740][TIMING] emit_host_span: [STRACE] v=1 pid=3964021 tid=3964021 inv=14 hid=d8e9c89da8b0d3f9 depth=1 name=chip.run.claim_release ts=83661788873719 dur=220 
[mono_ns=83661788876843][T0x701395b15740][TIMING] emit_host_span: [STRACE] v=1 pid=3964021 tid=3964021 inv=14 hid=d8e9c89da8b0d3f9 depth=0 name=chip.run ts=83661682417957 dur=106458536 run_id=0 dispatch_id=0 slot_id=0 generation=14 run_epoch=14
[mono_ns=83661855255132][T0x701395b15740][TIMING] emit_host_span: [STRACE] v=1 pid=3964021 tid=3964021 inv=15 hid=d8e9c89da8b0d3f9 depth=2 name=chip.run.bind.args ts=83661790159999 dur=65094221 
[mono_ns=83661855273029][T0x701395b15740][TIMING] emit_host_span: [STRACE] v=1 pid=3964021 tid=3964021 inv=15 hid=d8e9c89da8b0d3f9 depth=2 name=chip.run.bind.prebuilt ts=83661855270435 dur=2333 
[mono_ns=83661855275152][T0x701395b15740][TIMING] emit_host_span: [STRACE] v=1 pid=3964021 tid=3964021 inv=15 hid=d8e9c89da8b0d3f9 depth=1 name=chip.run.bind ts=83661790156214 dur=65118467 
[mono_ns=83661859842878][T0x701395b15740][WARN] prepare_execution: [device_runner.cpp:342] AICPU CPU_TOPO unavailable; using json_fallback: soc=Ascend950PR_9579 occupy=0x3e stable_reachable=5 requested=0 effective=5 affinity=[1, 2, 3, 4, 5(orch)]
[mono_ns=83661861638443][T0x701395b15740][TIMING] emit_host_span: [STRACE] v=1 pid=3964021 tid=3964021 inv=15 hid=d8e9c89da8b0d3f9 depth=1 name=chip.run.runner_run ts=83661859900023 dur=1737979 
[mono_ns=83661894741087][T0x701395b15740][TIMING] emit_host_span: [STRACE] v=1 pid=3964021 tid=3964021 inv=15 hid=d8e9c89da8b0d3f9 depth=1 name=chip.run.validate ts=83661861646785 dur=33093781 
[mono_ns=83661894751823][T0x701395b15740][TIMING] emit_host_span: [STRACE] v=1 pid=3964021 tid=3964021 inv=15 hid=d8e9c89da8b0d3f9 depth=2 name=chip.run.runner_run.device_wall ts=0 dur=1588816 clk=dev
[mono_ns=83661894753566][T0x701395b15740][TIMING] emit_host_span: [STRACE] v=1 pid=3964021 tid=3964021 inv=15 hid=d8e9c89da8b0d3f9 depth=3 name=chip.run.runner_run.device_wall.preamble ts=0 dur=12265 clk=dev
[mono_ns=83661894754848][T0x701395b15740][TIMING] emit_host_span: [STRACE] v=1 pid=3964021 tid=3964021 inv=15 hid=d8e9c89da8b0d3f9 depth=3 name=chip.run.runner_run.device_wall.graph_build ts=2109 dur=1581243 clk=dev
[mono_ns=83661894756019][T0x701395b15740][TIMING] emit_host_span: [STRACE] v=1 pid=3964021 tid=3964021 inv=15 hid=d8e9c89da8b0d3f9 depth=3 name=chip.run.runner_run.device_wall.config_validate ts=2731 dur=2016 clk=dev
[mono_ns=83661894757141][T0x701395b15740][TIMING] emit_host_span: [STRACE] v=1 pid=3964021 tid=3964021 inv=15 hid=d8e9c89da8b0d3f9 depth=3 name=chip.run.runner_run.device_wall.arena_wire ts=4769 dur=1545 clk=dev
[mono_ns=83661894758253][T0x701395b15740][TIMING] emit_host_span: [STRACE] v=1 pid=3964021 tid=3964021 inv=15 hid=d8e9c89da8b0d3f9 depth=3 name=chip.run.runner_run.device_wall.sm_reset ts=6331 dur=3468 clk=dev
[mono_ns=83661894759625][T0x701395b15740][TIMING] emit_host_span: [STRACE] v=1 pid=3964021 tid=3964021 inv=15 hid=d8e9c89da8b0d3f9 depth=3 name=chip.run.runner_run.device_wall.post_orch ts=1583371 dur=4960 clk=dev
[mono_ns=83661894762229][T0x701395b15740][TIMING] emit_host_span: [STRACE] v=1 pid=3964021 tid=3964021 inv=15 hid=d8e9c89da8b0d3f9 depth=3 name=chip.run.runner_run.device_wall.orch ts=9886 dur=1555981 clk=dev
[mono_ns=83661894763951][T0x701395b15740][TIMING] emit_host_span: [STRACE] v=1 pid=3964021 tid=3964021 inv=15 hid=d8e9c89da8b0d3f9 depth=3 name=chip.run.runner_run.device_wall.sched ts=11746 dur=1556222 clk=dev
[mono_ns=83661894774657][T0x701395b15740][TIMING] emit_host_span: [STRACE] v=1 pid=3964021 tid=3964021 inv=15 hid=d8e9c89da8b0d3f9 depth=1 name=chip.run.claim_release ts=83661894774097 dur=310 
[mono_ns=83661894777281][T0x701395b15740][TIMING] emit_host_span: [STRACE] v=1 pid=3964021 tid=3964021 inv=15 hid=d8e9c89da8b0d3f9 depth=0 name=chip.run ts=83661790150906 dur=104626075 run_id=0 dispatch_id=0 slot_id=0 generation=15 run_epoch=15
[mono_ns=83661959956700][T0x701395b15740][TIMING] emit_host_span: [STRACE] v=1 pid=3964021 tid=3964021 inv=16 hid=d8e9c89da8b0d3f9 depth=2 name=chip.run.bind.args ts=83661896162681 dur=63792958 
[mono_ns=83661959976019][T0x701395b15740][TIMING] emit_host_span: [STRACE] v=1 pid=3964021 tid=3964021 inv=16 hid=d8e9c89da8b0d3f9 depth=2 name=chip.run.bind.prebuilt ts=83661959973426 dur=2213 
[mono_ns=83661959978203][T0x701395b15740][TIMING] emit_host_span: [STRACE] v=1 pid=3964021 tid=3964021 inv=16 hid=d8e9c89da8b0d3f9 depth=1 name=chip.run.bind ts=83661896158695 dur=63819067 
[mono_ns=83661964626069][T0x701395b15740][WARN] prepare_execution: [device_runner.cpp:342] AICPU CPU_TOPO unavailable; using json_fallback: soc=Ascend950PR_9579 occupy=0x3e stable_reachable=5 requested=0 effective=5 affinity=[1, 2, 3, 4, 5(orch)]
[mono_ns=83661966433391][T0x701395b15740][TIMING] emit_host_span: [STRACE] v=1 pid=3964021 tid=3964021 inv=16 hid=d8e9c89da8b0d3f9 depth=1 name=chip.run.runner_run ts=83661964683054 dur=1749857 
[mono_ns=83661999143687][T0x701395b15740][TIMING] emit_host_span: [STRACE] v=1 pid=3964021 tid=3964021 inv=16 hid=d8e9c89da8b0d3f9 depth=1 name=chip.run.validate ts=83661966440993 dur=32702053 
[mono_ns=83661999158709][T0x701395b15740][TIMING] emit_host_span: [STRACE] v=1 pid=3964021 tid=3964021 inv=16 hid=d8e9c89da8b0d3f9 depth=2 name=chip.run.runner_run.device_wall ts=0 dur=1581288 clk=dev
[mono_ns=83661999160733][T0x701395b15740][TIMING] emit_host_span: [STRACE] v=1 pid=3964021 tid=3964021 inv=16 hid=d8e9c89da8b0d3f9 depth=3 name=chip.run.runner_run.device_wall.preamble ts=0 dur=12897 clk=dev
[mono_ns=83661999162225][T0x701395b15740][TIMING] emit_host_span: [STRACE] v=1 pid=3964021 tid=3964021 inv=16 hid=d8e9c89da8b0d3f9 depth=3 name=chip.run.runner_run.device_wall.graph_build ts=3186 dur=1573039 clk=dev
[mono_ns=83661999163657][T0x701395b15740][TIMING] emit_host_span: [STRACE] v=1 pid=3964021 tid=3964021 inv=16 hid=d8e9c89da8b0d3f9 depth=3 name=chip.run.runner_run.device_wall.config_validate ts=3528 dur=1578 clk=dev
[mono_ns=83661999164809][T0x701395b15740][TIMING] emit_host_span: [STRACE] v=1 pid=3964021 tid=3964021 inv=16 hid=d8e9c89da8b0d3f9 depth=3 name=chip.run.runner_run.device_wall.arena_wire ts=5133 dur=2099 clk=dev
[mono_ns=83661999166221][T0x701395b15740][TIMING] emit_host_span: [STRACE] v=1 pid=3964021 tid=3964021 inv=16 hid=d8e9c89da8b0d3f9 depth=3 name=chip.run.runner_run.device_wall.sm_reset ts=7458 dur=2898 clk=dev
[mono_ns=83661999168574][T0x701395b15740][TIMING] emit_host_span: [STRACE] v=1 pid=3964021 tid=3964021 inv=16 hid=d8e9c89da8b0d3f9 depth=3 name=chip.run.runner_run.device_wall.post_orch ts=1576242 dur=4700 clk=dev
[mono_ns=83661999169896][T0x701395b15740][TIMING] emit_host_span: [STRACE] v=1 pid=3964021 tid=3964021 inv=16 hid=d8e9c89da8b0d3f9 depth=3 name=chip.run.runner_run.device_wall.orch ts=10438 dur=1548636 clk=dev
[mono_ns=83661999171038][T0x701395b15740][TIMING] emit_host_span: [STRACE] v=1 pid=3964021 tid=3964021 inv=16 hid=d8e9c89da8b0d3f9 depth=3 name=chip.run.runner_run.device_wall.sched ts=12476 dur=1548675 clk=dev
[mono_ns=83661999172741][T0x701395b15740][TIMING] emit_host_span: [STRACE] v=1 pid=3964021 tid=3964021 inv=16 hid=d8e9c89da8b0d3f9 depth=1 name=chip.run.claim_release ts=83661999172290 dur=190 
[mono_ns=83661999174463][T0x701395b15740][TIMING] emit_host_span: [STRACE] v=1 pid=3964021 tid=3964021 inv=16 hid=d8e9c89da8b0d3f9 depth=0 name=chip.run ts=83661896153647 dur=103020496 run_id=0 dispatch_id=0 slot_id=0 generation=16 run_epoch=16
[mono_ns=83662065414264][T0x701395b15740][TIMING] emit_host_span: [STRACE] v=1 pid=3964021 tid=3964021 inv=17 hid=d8e9c89da8b0d3f9 depth=2 name=chip.run.bind.args ts=83662000451239 dur=64961923 
[mono_ns=83662065450989][T0x701395b15740][TIMING] emit_host_span: [STRACE] v=1 pid=3964021 tid=3964021 inv=17 hid=d8e9c89da8b0d3f9 depth=2 name=chip.run.bind.prebuilt ts=83662065442736 dur=7692 
[mono_ns=83662065453132][T0x701395b15740][TIMING] emit_host_span: [STRACE] v=1 pid=3964021 tid=3964021 inv=17 hid=d8e9c89da8b0d3f9 depth=1 name=chip.run.bind ts=83662000447584 dur=65005157 
[mono_ns=83662070140467][T0x701395b15740][WARN] prepare_execution: [device_runner.cpp:342] AICPU CPU_TOPO unavailable; using json_fallback: soc=Ascend950PR_9579 occupy=0x3e stable_reachable=5 requested=0 effective=5 affinity=[1, 2, 3, 4, 5(orch)]
[mono_ns=83662071989392][T0x701395b15740][TIMING] emit_host_span: [STRACE] v=1 pid=3964021 tid=3964021 inv=17 hid=d8e9c89da8b0d3f9 depth=1 name=chip.run.runner_run ts=83662070204003 dur=1784879 
[mono_ns=83662104987951][T0x701395b15740][TIMING] emit_host_span: [STRACE] v=1 pid=3964021 tid=3964021 inv=17 hid=d8e9c89da8b0d3f9 depth=1 name=chip.run.validate ts=83662071997525 dur=32989735 
[mono_ns=83662104997675][T0x701395b15740][TIMING] emit_host_span: [STRACE] v=1 pid=3964021 tid=3964021 inv=17 hid=d8e9c89da8b0d3f9 depth=2 name=chip.run.runner_run.device_wall ts=0 dur=1600978 clk=dev
[mono_ns=83662104999448][T0x701395b15740][TIMING] emit_host_span: [STRACE] v=1 pid=3964021 tid=3964021 inv=17 hid=d8e9c89da8b0d3f9 depth=3 name=chip.run.runner_run.device_wall.preamble ts=0 dur=13722 clk=dev
[mono_ns=83662105004115][T0x701395b15740][TIMING] emit_host_span: [STRACE] v=1 pid=3964021 tid=3964021 inv=17 hid=d8e9c89da8b0d3f9 depth=3 name=chip.run.runner_run.device_wall.graph_build ts=3469 dur=1592955 clk=dev
[mono_ns=83662105005958][T0x701395b15740][TIMING] emit_host_span: [STRACE] v=1 pid=3964021 tid=3964021 inv=17 hid=d8e9c89da8b0d3f9 depth=3 name=chip.run.runner_run.device_wall.config_validate ts=3594 dur=1429 clk=dev
[mono_ns=83662105007129][T0x701395b15740][TIMING] emit_host_span: [STRACE] v=1 pid=3964021 tid=3964021 inv=17 hid=d8e9c89da8b0d3f9 depth=3 name=chip.run.runner_run.device_wall.arena_wire ts=5056 dur=1788 clk=dev
[mono_ns=83662105008301][T0x701395b15740][TIMING] emit_host_span: [STRACE] v=1 pid=3964021 tid=3964021 inv=17 hid=d8e9c89da8b0d3f9 depth=3 name=chip.run.runner_run.device_wall.sm_reset ts=7087 dur=2832 clk=dev
[mono_ns=83662105009743][T0x701395b15740][TIMING] emit_host_span: [STRACE] v=1 pid=3964021 tid=3964021 inv=17 hid=d8e9c89da8b0d3f9 depth=3 name=chip.run.runner_run.device_wall.post_orch ts=1596444 dur=4081 clk=dev
[mono_ns=83662105012467][T0x701395b15740][TIMING] emit_host_span: [STRACE] v=1 pid=3964021 tid=3964021 inv=17 hid=d8e9c89da8b0d3f9 depth=3 name=chip.run.runner_run.device_wall.orch ts=10075 dur=1568667 clk=dev
[mono_ns=83662105014200][T0x701395b15740][TIMING] emit_host_span: [STRACE] v=1 pid=3964021 tid=3964021 inv=17 hid=d8e9c89da8b0d3f9 depth=3 name=chip.run.runner_run.device_wall.sched ts=13387 dur=1567344 clk=dev
[mono_ns=83662105016293][T0x701395b15740][TIMING] emit_host_span: [STRACE] v=1 pid=3964021 tid=3964021 inv=17 hid=d8e9c89da8b0d3f9 depth=1 name=chip.run.claim_release ts=83662105015782 dur=251 
[mono_ns=83662105017906][T0x701395b15740][TIMING] emit_host_span: [STRACE] v=1 pid=3964021 tid=3964021 inv=17 hid=d8e9c89da8b0d3f9 depth=0 name=chip.run ts=83662000441795 dur=104575780 run_id=0 dispatch_id=0 slot_id=0 generation=17 run_epoch=17
[mono_ns=83662169803824][T0x701395b15740][TIMING] emit_host_span: [STRACE] v=1 pid=3964021 tid=3964021 inv=18 hid=d8e9c89da8b0d3f9 depth=2 name=chip.run.bind.args ts=83662106355163 dur=63447329 
[mono_ns=83662169820379][T0x701395b15740][TIMING] emit_host_span: [STRACE] v=1 pid=3964021 tid=3964021 inv=18 hid=d8e9c89da8b0d3f9 depth=2 name=chip.run.bind.prebuilt ts=83662169817625 dur=2453 
[mono_ns=83662169822402][T0x701395b15740][TIMING] emit_host_span: [STRACE] v=1 pid=3964021 tid=3964021 inv=18 hid=d8e9c89da8b0d3f9 depth=1 name=chip.run.bind ts=83662106350696 dur=63471365 
[mono_ns=83662174451420][T0x701395b15740][WARN] prepare_execution: [device_runner.cpp:342] AICPU CPU_TOPO unavailable; using json_fallback: soc=Ascend950PR_9579 occupy=0x3e stable_reachable=5 requested=0 effective=5 affinity=[1, 2, 3, 4, 5(orch)]
[mono_ns=83662176261707][T0x701395b15740][TIMING] emit_host_span: [STRACE] v=1 pid=3964021 tid=3964021 inv=18 hid=d8e9c89da8b0d3f9 depth=1 name=chip.run.runner_run ts=83662174521435 dur=1739761 
[mono_ns=83662208018241][T0x701395b15740][TIMING] emit_host_span: [STRACE] v=1 pid=3964021 tid=3964021 inv=18 hid=d8e9c89da8b0d3f9 depth=1 name=chip.run.validate ts=83662176269849 dur=31747751 
[mono_ns=83662208027815][T0x701395b15740][TIMING] emit_host_span: [STRACE] v=1 pid=3964021 tid=3964021 inv=18 hid=d8e9c89da8b0d3f9 depth=2 name=chip.run.runner_run.device_wall ts=0 dur=1582583 clk=dev
[mono_ns=83662208029778][T0x701395b15740][TIMING] emit_host_span: [STRACE] v=1 pid=3964021 tid=3964021 inv=18 hid=d8e9c89da8b0d3f9 depth=3 name=chip.run.runner_run.device_wall.preamble ts=0 dur=14480 clk=dev
[mono_ns=83662208031220][T0x701395b15740][TIMING] emit_host_span: [STRACE] v=1 pid=3964021 tid=3964021 inv=18 hid=d8e9c89da8b0d3f9 depth=3 name=chip.run.runner_run.device_wall.graph_build ts=4237 dur=1573581 clk=dev
[mono_ns=83662208032352][T0x701395b15740][TIMING] emit_host_span: [STRACE] v=1 pid=3964021 tid=3964021 inv=18 hid=d8e9c89da8b0d3f9 depth=3 name=chip.run.runner_run.device_wall.config_validate ts=4741 dur=1725 clk=dev
[mono_ns=83662208033494][T0x701395b15740][TIMING] emit_host_span: [STRACE] v=1 pid=3964021 tid=3964021 inv=18 hid=d8e9c89da8b0d3f9 depth=3 name=chip.run.runner_run.device_wall.arena_wire ts=6678 dur=2295 clk=dev
[mono_ns=83662208034605][T0x701395b15740][TIMING] emit_host_span: [STRACE] v=1 pid=3964021 tid=3964021 inv=18 hid=d8e9c89da8b0d3f9 depth=3 name=chip.run.runner_run.device_wall.sm_reset ts=9072 dur=3169 clk=dev
[mono_ns=83662208035997][T0x701395b15740][TIMING] emit_host_span: [STRACE] v=1 pid=3964021 tid=3964021 inv=18 hid=d8e9c89da8b0d3f9 depth=3 name=chip.run.runner_run.device_wall.post_orch ts=1577846 dur=4279 clk=dev
[mono_ns=83662208038832][T0x701395b15740][TIMING] emit_host_span: [STRACE] v=1 pid=3964021 tid=3964021 inv=18 hid=d8e9c89da8b0d3f9 depth=3 name=chip.run.runner_run.device_wall.orch ts=12324 dur=1547919 clk=dev
[mono_ns=83662208040124][T0x701395b15740][TIMING] emit_host_span: [STRACE] v=1 pid=3964021 tid=3964021 inv=18 hid=d8e9c89da8b0d3f9 depth=3 name=chip.run.runner_run.device_wall.sched ts=14036 dur=1548387 clk=dev
[mono_ns=83662208041726][T0x701395b15740][TIMING] emit_host_span: [STRACE] v=1 pid=3964021 tid=3964021 inv=18 hid=d8e9c89da8b0d3f9 depth=1 name=chip.run.claim_release ts=83662208041265 dur=201 
[mono_ns=83662208043629][T0x701395b15740][TIMING] emit_host_span: [STRACE] v=1 pid=3964021 tid=3964021 inv=18 hid=d8e9c89da8b0d3f9 depth=0 name=chip.run ts=83662106345628 dur=101697680 run_id=0 dispatch_id=0 slot_id=0 generation=18 run_epoch=18
[mono_ns=83662272314384][T0x701395b15740][TIMING] emit_host_span: [STRACE] v=1 pid=3964021 tid=3964021 inv=19 hid=d8e9c89da8b0d3f9 depth=2 name=chip.run.bind.args ts=83662209298572 dur=63014490 
[mono_ns=83662272330178][T0x701395b15740][TIMING] emit_host_span: [STRACE] v=1 pid=3964021 tid=3964021 inv=19 hid=d8e9c89da8b0d3f9 depth=2 name=chip.run.bind.prebuilt ts=83662272327734 dur=2073 
[mono_ns=83662272332181][T0x701395b15740][TIMING] emit_host_span: [STRACE] v=1 pid=3964021 tid=3964021 inv=19 hid=d8e9c89da8b0d3f9 depth=1 name=chip.run.bind ts=83662209295077 dur=63036743 
[mono_ns=83662276950032][T0x701395b15740][WARN] prepare_execution: [device_runner.cpp:342] AICPU CPU_TOPO unavailable; using json_fallback: soc=Ascend950PR_9579 occupy=0x3e stable_reachable=5 requested=0 effective=5 affinity=[1, 2, 3, 4, 5(orch)]
[mono_ns=83662279060339][T0x701395b15740][TIMING] emit_host_span: [STRACE] v=1 pid=3964021 tid=3964021 inv=19 hid=d8e9c89da8b0d3f9 depth=1 name=chip.run.runner_run ts=83662277017293 dur=2042666 
[mono_ns=83662312544807][T0x701395b15740][TIMING] emit_host_span: [STRACE] v=1 pid=3964021 tid=3964021 inv=19 hid=d8e9c89da8b0d3f9 depth=1 name=chip.run.validate ts=83662279068001 dur=33476195 
[mono_ns=83662312568352][T0x701395b15740][TIMING] emit_host_span: [STRACE] v=1 pid=3964021 tid=3964021 inv=19 hid=d8e9c89da8b0d3f9 depth=2 name=chip.run.runner_run.device_wall ts=0 dur=1869409 clk=dev
[mono_ns=83662312570065][T0x701395b15740][TIMING] emit_host_span: [STRACE] v=1 pid=3964021 tid=3964021 inv=19 hid=d8e9c89da8b0d3f9 depth=3 name=chip.run.runner_run.device_wall.preamble ts=0 dur=15147 clk=dev
[mono_ns=83662312571407][T0x701395b15740][TIMING] emit_host_span: [STRACE] v=1 pid=3964021 tid=3964021 inv=19 hid=d8e9c89da8b0d3f9 depth=3 name=chip.run.runner_run.device_wall.graph_build ts=5337 dur=1858494 clk=dev
[mono_ns=83662312572538][T0x701395b15740][TIMING] emit_host_span: [STRACE] v=1 pid=3964021 tid=3964021 inv=19 hid=d8e9c89da8b0d3f9 depth=3 name=chip.run.runner_run.device_wall.config_validate ts=5651 dur=1761 clk=dev
[mono_ns=83662312573650][T0x701395b15740][TIMING] emit_host_span: [STRACE] v=1 pid=3964021 tid=3964021 inv=19 hid=d8e9c89da8b0d3f9 depth=3 name=chip.run.runner_run.device_wall.arena_wire ts=7630 dur=1941 clk=dev
[mono_ns=83662312574782][T0x701395b15740][TIMING] emit_host_span: [STRACE] v=1 pid=3964021 tid=3964021 inv=19 hid=d8e9c89da8b0d3f9 depth=3 name=chip.run.runner_run.device_wall.sm_reset ts=9864 dur=3057 clk=dev
[mono_ns=83662312575913][T0x701395b15740][TIMING] emit_host_span: [STRACE] v=1 pid=3964021 tid=3964021 inv=19 hid=d8e9c89da8b0d3f9 depth=3 name=chip.run.runner_run.device_wall.post_orch ts=1863869 dur=4965 clk=dev
[mono_ns=83662312577055][T0x701395b15740][TIMING] emit_host_span: [STRACE] v=1 pid=3964021 tid=3964021 inv=19 hid=d8e9c89da8b0d3f9 depth=3 name=chip.run.runner_run.device_wall.orch ts=12954 dur=1833022 clk=dev
[mono_ns=83662312578437][T0x701395b15740][TIMING] emit_host_span: [STRACE] v=1 pid=3964021 tid=3964021 inv=19 hid=d8e9c89da8b0d3f9 depth=3 name=chip.run.runner_run.device_wall.sched ts=14763 dur=1833729 clk=dev
[mono_ns=83662312581271][T0x701395b15740][TIMING] emit_host_span: [STRACE] v=1 pid=3964021 tid=3964021 inv=19 hid=d8e9c89da8b0d3f9 depth=1 name=chip.run.claim_release ts=83662312580851 dur=160 
[mono_ns=83662312582984][T0x701395b15740][TIMING] emit_host_span: [STRACE] v=1 pid=3964021 tid=3964021 inv=19 hid=d8e9c89da8b0d3f9 depth=0 name=chip.run ts=83662209290390 dur=103292284 run_id=0 dispatch_id=0 slot_id=0 generation=19 run_epoch=19
[mono_ns=83662377161591][T0x701395b15740][TIMING] emit_host_span: [STRACE] v=1 pid=3964021 tid=3964021 inv=20 hid=d8e9c89da8b0d3f9 depth=2 name=chip.run.bind.args ts=83662313825819 dur=63334921 
[mono_ns=83662377179458][T0x701395b15740][TIMING] emit_host_span: [STRACE] v=1 pid=3964021 tid=3964021 inv=20 hid=d8e9c89da8b0d3f9 depth=2 name=chip.run.bind.prebuilt ts=83662377175813 dur=3194 
[mono_ns=83662377181611][T0x701395b15740][TIMING] emit_host_span: [STRACE] v=1 pid=3964021 tid=3964021 inv=20 hid=d8e9c89da8b0d3f9 depth=1 name=chip.run.bind ts=83662313822404 dur=63358937 
[mono_ns=83662381772492][T0x701395b15740][WARN] prepare_execution: [device_runner.cpp:342] AICPU CPU_TOPO unavailable; using json_fallback: soc=Ascend950PR_9579 occupy=0x3e stable_reachable=5 requested=0 effective=5 affinity=[1, 2, 3, 4, 5(orch)]
[mono_ns=83662383544411][T0x701395b15740][TIMING] emit_host_span: [STRACE] v=1 pid=3964021 tid=3964021 inv=20 hid=d8e9c89da8b0d3f9 depth=1 name=chip.run.runner_run ts=83662381828726 dur=1715285 
[mono_ns=83662416460496][T0x701395b15740][TIMING] emit_host_span: [STRACE] v=1 pid=3964021 tid=3964021 inv=20 hid=d8e9c89da8b0d3f9 depth=1 name=chip.run.validate ts=83662383551792 dur=32907552 
[mono_ns=83662416470240][T0x701395b15740][TIMING] emit_host_span: [STRACE] v=1 pid=3964021 tid=3964021 inv=20 hid=d8e9c89da8b0d3f9 depth=2 name=chip.run.runner_run.device_wall ts=0 dur=1557194 clk=dev
[mono_ns=83662416471933][T0x701395b15740][TIMING] emit_host_span: [STRACE] v=1 pid=3964021 tid=3964021 inv=20 hid=d8e9c89da8b0d3f9 depth=3 name=chip.run.runner_run.device_wall.preamble ts=0 dur=12276 clk=dev
[mono_ns=83662416473365][T0x701395b15740][TIMING] emit_host_span: [STRACE] v=1 pid=3964021 tid=3964021 inv=20 hid=d8e9c89da8b0d3f9 depth=3 name=chip.run.runner_run.device_wall.graph_build ts=2832 dur=1549783 clk=dev
[mono_ns=83662416481277][T0x701395b15740][TIMING] emit_host_span: [STRACE] v=1 pid=3964021 tid=3964021 inv=20 hid=d8e9c89da8b0d3f9 depth=3 name=chip.run.runner_run.device_wall.config_validate ts=3176 dur=1647 clk=dev
[mono_ns=83662416482549][T0x701395b15740][TIMING] emit_host_span: [STRACE] v=1 pid=3964021 tid=3964021 inv=20 hid=d8e9c89da8b0d3f9 depth=3 name=chip.run.runner_run.device_wall.arena_wire ts=4847 dur=1823 clk=dev
[mono_ns=83662416483681][T0x701395b15740][TIMING] emit_host_span: [STRACE] v=1 pid=3964021 tid=3964021 inv=20 hid=d8e9c89da8b0d3f9 depth=3 name=chip.run.runner_run.device_wall.sm_reset ts=6834 dur=2669 clk=dev
[mono_ns=83662416484792][T0x701395b15740][TIMING] emit_host_span: [STRACE] v=1 pid=3964021 tid=3964021 inv=20 hid=d8e9c89da8b0d3f9 depth=3 name=chip.run.runner_run.device_wall.post_orch ts=1552652 dur=4194 clk=dev
[mono_ns=83662416485924][T0x701395b15740][TIMING] emit_host_span: [STRACE] v=1 pid=3964021 tid=3964021 inv=20 hid=d8e9c89da8b0d3f9 depth=3 name=chip.run.runner_run.device_wall.orch ts=10000 dur=1525902 clk=dev
[mono_ns=83662416487056][T0x701395b15740][TIMING] emit_host_span: [STRACE] v=1 pid=3964021 tid=3964021 inv=20 hid=d8e9c89da8b0d3f9 depth=3 name=chip.run.runner_run.device_wall.sched ts=11686 dur=1526115 clk=dev
[mono_ns=83662416488778][T0x701395b15740][TIMING] emit_host_span: [STRACE] v=1 pid=3964021 tid=3964021 inv=20 hid=d8e9c89da8b0d3f9 depth=1 name=chip.run.claim_release ts=83662416488247 dur=271 
[mono_ns=83662416492784][T0x701395b15740][TIMING] emit_host_span: [STRACE] v=1 pid=3964021 tid=3964021 inv=20 hid=d8e9c89da8b0d3f9 depth=0 name=chip.run ts=83662313817617 dur=102674867 run_id=0 dispatch_id=0 slot_id=0 generation=20 run_epoch=20
[mono_ns=83662482144482][T0x701395b15740][TIMING] emit_host_span: [STRACE] v=1 pid=3964021 tid=3964021 inv=21 hid=d8e9c89da8b0d3f9 depth=2 name=chip.run.bind.args ts=83662417760357 dur=64383094 
[mono_ns=83662482161538][T0x701395b15740][TIMING] emit_host_span: [STRACE] v=1 pid=3964021 tid=3964021 inv=21 hid=d8e9c89da8b0d3f9 depth=2 name=chip.run.bind.prebuilt ts=83662482159134 dur=2003 
[mono_ns=83662482163441][T0x701395b15740][TIMING] emit_host_span: [STRACE] v=1 pid=3964021 tid=3964021 inv=21 hid=d8e9c89da8b0d3f9 depth=1 name=chip.run.bind ts=83662417756842 dur=64406318 
[mono_ns=83662486813420][T0x701395b15740][WARN] prepare_execution: [device_runner.cpp:342] AICPU CPU_TOPO unavailable; using json_fallback: soc=Ascend950PR_9579 occupy=0x3e stable_reachable=5 requested=0 effective=5 affinity=[1, 2, 3, 4, 5(orch)]
[mono_ns=83662488629566][T0x701395b15740][TIMING] emit_host_span: [STRACE] v=1 pid=3964021 tid=3964021 inv=21 hid=d8e9c89da8b0d3f9 depth=1 name=chip.run.runner_run ts=83662486870696 dur=1758259 
[mono_ns=83662521658500][T0x701395b15740][TIMING] emit_host_span: [STRACE] v=1 pid=3964021 tid=3964021 inv=21 hid=d8e9c89da8b0d3f9 depth=1 name=chip.run.validate ts=83662488636807 dur=33020991 
[mono_ns=83662521667463][T0x701395b15740][TIMING] emit_host_span: [STRACE] v=1 pid=3964021 tid=3964021 inv=21 hid=d8e9c89da8b0d3f9 depth=2 name=chip.run.runner_run.device_wall ts=0 dur=1599937 clk=dev
[mono_ns=83662521669316][T0x701395b15740][TIMING] emit_host_span: [STRACE] v=1 pid=3964021 tid=3964021 inv=21 hid=d8e9c89da8b0d3f9 depth=3 name=chip.run.runner_run.device_wall.preamble ts=0 dur=16548 clk=dev
[mono_ns=83662521670638][T0x701395b15740][TIMING] emit_host_span: [STRACE] v=1 pid=3964021 tid=3964021 inv=21 hid=d8e9c89da8b0d3f9 depth=3 name=chip.run.runner_run.device_wall.graph_build ts=5409 dur=1589116 clk=dev
[mono_ns=83662521671759][T0x701395b15740][TIMING] emit_host_span: [STRACE] v=1 pid=3964021 tid=3964021 inv=21 hid=d8e9c89da8b0d3f9 depth=3 name=chip.run.runner_run.device_wall.config_validate ts=5786 dur=1317 clk=dev
[mono_ns=83662521672861][T0x701395b15740][TIMING] emit_host_span: [STRACE] v=1 pid=3964021 tid=3964021 inv=21 hid=d8e9c89da8b0d3f9 depth=3 name=chip.run.runner_run.device_wall.arena_wire ts=7131 dur=1560 clk=dev
[mono_ns=83662521680422][T0x701395b15740][TIMING] emit_host_span: [STRACE] v=1 pid=3964021 tid=3964021 inv=21 hid=d8e9c89da8b0d3f9 depth=3 name=chip.run.runner_run.device_wall.sm_reset ts=8712 dur=2643 clk=dev
[mono_ns=83662521681754][T0x701395b15740][TIMING] emit_host_span: [STRACE] v=1 pid=3964021 tid=3964021 inv=21 hid=d8e9c89da8b0d3f9 depth=3 name=chip.run.runner_run.device_wall.post_orch ts=1594559 dur=4989 clk=dev
[mono_ns=83662521682876][T0x701395b15740][TIMING] emit_host_span: [STRACE] v=1 pid=3964021 tid=3964021 inv=21 hid=d8e9c89da8b0d3f9 depth=3 name=chip.run.runner_run.device_wall.orch ts=11437 dur=1565977 clk=dev
[mono_ns=83662521684008][T0x701395b15740][TIMING] emit_host_span: [STRACE] v=1 pid=3964021 tid=3964021 inv=21 hid=d8e9c89da8b0d3f9 depth=3 name=chip.run.runner_run.device_wall.sched ts=16181 dur=1563229 clk=dev
[mono_ns=83662521685861][T0x701395b15740][TIMING] emit_host_span: [STRACE] v=1 pid=3964021 tid=3964021 inv=21 hid=d8e9c89da8b0d3f9 depth=1 name=chip.run.claim_release ts=83662521685430 dur=160 
[mono_ns=83662521688244][T0x701395b15740][TIMING] emit_host_span: [STRACE] v=1 pid=3964021 tid=3964021 inv=21 hid=d8e9c89da8b0d3f9 depth=0 name=chip.run ts=83662417751323 dur=103936501 run_id=0 dispatch_id=0 slot_id=0 generation=21 run_epoch=21
[mono_ns=83662588172532][T0x701395b15740][TIMING] emit_host_span: [STRACE] v=1 pid=3964021 tid=3964021 inv=22 hid=d8e9c89da8b0d3f9 depth=2 name=chip.run.bind.args ts=83662522967294 dur=65204196 
[mono_ns=83662588189077][T0x701395b15740][TIMING] emit_host_span: [STRACE] v=1 pid=3964021 tid=3964021 inv=22 hid=d8e9c89da8b0d3f9 depth=2 name=chip.run.bind.prebuilt ts=83662588186773 dur=1933 
[mono_ns=83662588191160][T0x701395b15740][TIMING] emit_host_span: [STRACE] v=1 pid=3964021 tid=3964021 inv=22 hid=d8e9c89da8b0d3f9 depth=1 name=chip.run.bind ts=83662522963558 dur=65227311 
[mono_ns=83662592791504][T0x701395b15740][WARN] prepare_execution: [device_runner.cpp:342] AICPU CPU_TOPO unavailable; using json_fallback: soc=Ascend950PR_9579 occupy=0x3e stable_reachable=5 requested=0 effective=5 affinity=[1, 2, 3, 4, 5(orch)]
[mono_ns=83662594576083][T0x701395b15740][TIMING] emit_host_span: [STRACE] v=1 pid=3964021 tid=3964021 inv=22 hid=d8e9c89da8b0d3f9 depth=1 name=chip.run.runner_run ts=83662592849742 dur=1725760 
[mono_ns=83662627965137][T0x701395b15740][TIMING] emit_host_span: [STRACE] v=1 pid=3964021 tid=3964021 inv=22 hid=d8e9c89da8b0d3f9 depth=1 name=chip.run.validate ts=83662594584586 dur=33379870 
[mono_ns=83662627974682][T0x701395b15740][TIMING] emit_host_span: [STRACE] v=1 pid=3964021 tid=3964021 inv=22 hid=d8e9c89da8b0d3f9 depth=2 name=chip.run.runner_run.device_wall ts=0 dur=1567653 clk=dev
[mono_ns=83662627976735][T0x701395b15740][TIMING] emit_host_span: [STRACE] v=1 pid=3964021 tid=3964021 inv=22 hid=d8e9c89da8b0d3f9 depth=3 name=chip.run.runner_run.device_wall.preamble ts=0 dur=11799 clk=dev
[mono_ns=83662627978057][T0x701395b15740][TIMING] emit_host_span: [STRACE] v=1 pid=3964021 tid=3964021 inv=22 hid=d8e9c89da8b0d3f9 depth=3 name=chip.run.runner_run.device_wall.graph_build ts=2939 dur=1559625 clk=dev
[mono_ns=83662627979339][T0x701395b15740][TIMING] emit_host_span: [STRACE] v=1 pid=3964021 tid=3964021 inv=22 hid=d8e9c89da8b0d3f9 depth=3 name=chip.run.runner_run.device_wall.config_validate ts=3320 dur=1993 clk=dev
[mono_ns=83662627980490][T0x701395b15740][TIMING] emit_host_span: [STRACE] v=1 pid=3964021 tid=3964021 inv=22 hid=d8e9c89da8b0d3f9 depth=3 name=chip.run.runner_run.device_wall.arena_wire ts=5342 dur=1596 clk=dev
[mono_ns=83662627981622][T0x701395b15740][TIMING] emit_host_span: [STRACE] v=1 pid=3964021 tid=3964021 inv=22 hid=d8e9c89da8b0d3f9 depth=3 name=chip.run.runner_run.device_wall.sm_reset ts=6954 dur=2853 clk=dev
[mono_ns=83662627983084][T0x701395b15740][TIMING] emit_host_span: [STRACE] v=1 pid=3964021 tid=3964021 inv=22 hid=d8e9c89da8b0d3f9 depth=3 name=chip.run.runner_run.device_wall.post_orch ts=1562606 dur=4607 clk=dev
[mono_ns=83662627985267][T0x701395b15740][TIMING] emit_host_span: [STRACE] v=1 pid=3964021 tid=3964021 inv=22 hid=d8e9c89da8b0d3f9 depth=3 name=chip.run.runner_run.device_wall.orch ts=9849 dur=1534891 clk=dev
[mono_ns=83662627994982][T0x701395b15740][TIMING] emit_host_span: [STRACE] v=1 pid=3964021 tid=3964021 inv=22 hid=d8e9c89da8b0d3f9 depth=3 name=chip.run.runner_run.device_wall.sched ts=11567 dur=1535371 clk=dev
[mono_ns=83662627999128][T0x701395b15740][TIMING] emit_host_span: [STRACE] v=1 pid=3964021 tid=3964021 inv=22 hid=d8e9c89da8b0d3f9 depth=1 name=chip.run.claim_release ts=83662627998668 dur=210 
[mono_ns=83662628005388][T0x701395b15740][TIMING] emit_host_span: [STRACE] v=1 pid=3964021 tid=3964021 inv=22 hid=d8e9c89da8b0d3f9 depth=0 name=chip.run ts=83662522959322 dur=105045675 run_id=0 dispatch_id=0 slot_id=0 generation=22 run_epoch=22
[mono_ns=83662693416234][T0x701395b15740][TIMING] emit_host_span: [STRACE] v=1 pid=3964021 tid=3964021 inv=23 hid=d8e9c89da8b0d3f9 depth=2 name=chip.run.bind.args ts=83662629240491 dur=64174551 
[mono_ns=83662693433820][T0x701395b15740][TIMING] emit_host_span: [STRACE] v=1 pid=3964021 tid=3964021 inv=23 hid=d8e9c89da8b0d3f9 depth=2 name=chip.run.bind.prebuilt ts=83662693431277 dur=2233 
[mono_ns=83662693435683][T0x701395b15740][TIMING] emit_host_span: [STRACE] v=1 pid=3964021 tid=3964021 inv=23 hid=d8e9c89da8b0d3f9 depth=1 name=chip.run.bind ts=83662629236636 dur=64198757 
[mono_ns=83662697957220][T0x701395b15740][WARN] prepare_execution: [device_runner.cpp:342] AICPU CPU_TOPO unavailable; using json_fallback: soc=Ascend950PR_9579 occupy=0x3e stable_reachable=5 requested=0 effective=5 affinity=[1, 2, 3, 4, 5(orch)]
[mono_ns=83662699752895][T0x701395b15740][TIMING] emit_host_span: [STRACE] v=1 pid=3964021 tid=3964021 inv=23 hid=d8e9c89da8b0d3f9 depth=1 name=chip.run.runner_run ts=83662698020184 dur=1732160 
[mono_ns=83662734038044][T0x701395b15740][TIMING] emit_host_span: [STRACE] v=1 pid=3964021 tid=3964021 inv=23 hid=d8e9c89da8b0d3f9 depth=1 name=chip.run.validate ts=83662699761478 dur=34274683 
[mono_ns=83662734051885][T0x701395b15740][TIMING] emit_host_span: [STRACE] v=1 pid=3964021 tid=3964021 inv=23 hid=d8e9c89da8b0d3f9 depth=2 name=chip.run.runner_run.device_wall ts=0 dur=1569871 clk=dev
[mono_ns=83662734053878][T0x701395b15740][TIMING] emit_host_span: [STRACE] v=1 pid=3964021 tid=3964021 inv=23 hid=d8e9c89da8b0d3f9 depth=3 name=chip.run.runner_run.device_wall.preamble ts=0 dur=13026 clk=dev
[mono_ns=83662734055340][T0x701395b15740][TIMING] emit_host_span: [STRACE] v=1 pid=3964021 tid=3964021 inv=23 hid=d8e9c89da8b0d3f9 depth=3 name=chip.run.runner_run.device_wall.graph_build ts=2821 dur=1562088 clk=dev
[mono_ns=83662734056532][T0x701395b15740][TIMING] emit_host_span: [STRACE] v=1 pid=3964021 tid=3964021 inv=23 hid=d8e9c89da8b0d3f9 depth=3 name=chip.run.runner_run.device_wall.config_validate ts=3165 dur=2239 clk=dev
[mono_ns=83662734057684][T0x701395b15740][TIMING] emit_host_span: [STRACE] v=1 pid=3964021 tid=3964021 inv=23 hid=d8e9c89da8b0d3f9 depth=3 name=chip.run.runner_run.device_wall.arena_wire ts=5427 dur=1904 clk=dev
[mono_ns=83662734059106][T0x701395b15740][TIMING] emit_host_span: [STRACE] v=1 pid=3964021 tid=3964021 inv=23 hid=d8e9c89da8b0d3f9 depth=3 name=chip.run.runner_run.device_wall.sm_reset ts=7373 dur=2125 clk=dev
[mono_ns=83662734061439][T0x701395b15740][TIMING] emit_host_span: [STRACE] v=1 pid=3964021 tid=3964021 inv=23 hid=d8e9c89da8b0d3f9 depth=3 name=chip.run.runner_run.device_wall.post_orch ts=1564950 dur=4575 clk=dev
[mono_ns=83662734063472][T0x701395b15740][TIMING] emit_host_span: [STRACE] v=1 pid=3964021 tid=3964021 inv=23 hid=d8e9c89da8b0d3f9 depth=3 name=chip.run.runner_run.device_wall.orch ts=9582 dur=1538417 clk=dev
[mono_ns=83662734064744][T0x701395b15740][TIMING] emit_host_span: [STRACE] v=1 pid=3964021 tid=3964021 inv=23 hid=d8e9c89da8b0d3f9 depth=3 name=chip.run.runner_run.device_wall.sched ts=12507 dur=1537322 clk=dev
[mono_ns=83662734066667][T0x701395b15740][TIMING] emit_host_span: [STRACE] v=1 pid=3964021 tid=3964021 inv=23 hid=d8e9c89da8b0d3f9 depth=1 name=chip.run.claim_release ts=83662734066006 dur=391 
[mono_ns=83662734068640][T0x701395b15740][TIMING] emit_host_span: [STRACE] v=1 pid=3964021 tid=3964021 inv=23 hid=d8e9c89da8b0d3f9 depth=0 name=chip.run ts=83662629231919 dur=104836411 run_id=0 dispatch_id=0 slot_id=0 generation=23 run_epoch=23
[mono_ns=83662799243252][T0x701395b15740][TIMING] emit_host_span: [STRACE] v=1 pid=3964021 tid=3964021 inv=24 hid=d8e9c89da8b0d3f9 depth=2 name=chip.run.bind.args ts=83662735364114 dur=63878006 
[mono_ns=83662799262130][T0x701395b15740][TIMING] emit_host_span: [STRACE] v=1 pid=3964021 tid=3964021 inv=24 hid=d8e9c89da8b0d3f9 depth=2 name=chip.run.bind.prebuilt ts=83662799258585 dur=3225 
[mono_ns=83662799264123][T0x701395b15740][TIMING] emit_host_span: [STRACE] v=1 pid=3964021 tid=3964021 inv=24 hid=d8e9c89da8b0d3f9 depth=1 name=chip.run.bind ts=83662735360168 dur=63903655 
[mono_ns=83662803907392][T0x701395b15740][WARN] prepare_execution: [device_runner.cpp:342] AICPU CPU_TOPO unavailable; using json_fallback: soc=Ascend950PR_9579 occupy=0x3e stable_reachable=5 requested=0 effective=5 affinity=[1, 2, 3, 4, 5(orch)]
[mono_ns=83662805765752][T0x701395b15740][TIMING] emit_host_span: [STRACE] v=1 pid=3964021 tid=3964021 inv=24 hid=d8e9c89da8b0d3f9 depth=1 name=chip.run.runner_run ts=83662803967102 dur=1798159 
[mono_ns=83662838604240][T0x701395b15740][TIMING] emit_host_span: [STRACE] v=1 pid=3964021 tid=3964021 inv=24 hid=d8e9c89da8b0d3f9 depth=1 name=chip.run.validate ts=83662805774144 dur=32829274 
[mono_ns=83662838614936][T0x701395b15740][TIMING] emit_host_span: [STRACE] v=1 pid=3964021 tid=3964021 inv=24 hid=d8e9c89da8b0d3f9 depth=2 name=chip.run.runner_run.device_wall ts=0 dur=1610241 clk=dev
[mono_ns=83662838616888][T0x701395b15740][TIMING] emit_host_span: [STRACE] v=1 pid=3964021 tid=3964021 inv=24 hid=d8e9c89da8b0d3f9 depth=3 name=chip.run.runner_run.device_wall.preamble ts=0 dur=12852 clk=dev
[mono_ns=83662838618301][T0x701395b15740][TIMING] emit_host_span: [STRACE] v=1 pid=3964021 tid=3964021 inv=24 hid=d8e9c89da8b0d3f9 depth=3 name=chip.run.runner_run.device_wall.graph_build ts=2766 dur=1602164 clk=dev
[mono_ns=83662838619512][T0x701395b15740][TIMING] emit_host_span: [STRACE] v=1 pid=3964021 tid=3964021 inv=24 hid=d8e9c89da8b0d3f9 depth=3 name=chip.run.runner_run.device_wall.config_validate ts=3278 dur=1134 clk=dev
[mono_ns=83662838620654][T0x701395b15740][TIMING] emit_host_span: [STRACE] v=1 pid=3964021 tid=3964021 inv=24 hid=d8e9c89da8b0d3f9 depth=3 name=chip.run.runner_run.device_wall.arena_wire ts=4597 dur=1676 clk=dev
[mono_ns=83662838621796][T0x701395b15740][TIMING] emit_host_span: [STRACE] v=1 pid=3964021 tid=3964021 inv=24 hid=d8e9c89da8b0d3f9 depth=3 name=chip.run.runner_run.device_wall.sm_reset ts=6287 dur=3409 clk=dev
[mono_ns=83662838623178][T0x701395b15740][TIMING] emit_host_span: [STRACE] v=1 pid=3964021 tid=3964021 inv=24 hid=d8e9c89da8b0d3f9 depth=3 name=chip.run.runner_run.device_wall.post_orch ts=1604971 dur=4866 clk=dev
[mono_ns=83662838624981][T0x701395b15740][TIMING] emit_host_span: [STRACE] v=1 pid=3964021 tid=3964021 inv=24 hid=d8e9c89da8b0d3f9 depth=3 name=chip.run.runner_run.device_wall.orch ts=9799 dur=1578079 clk=dev
[mono_ns=83662838626283][T0x701395b15740][TIMING] emit_host_span: [STRACE] v=1 pid=3964021 tid=3964021 inv=24 hid=d8e9c89da8b0d3f9 depth=3 name=chip.run.runner_run.device_wall.sched ts=12410 dur=1577978 clk=dev
[mono_ns=83662838628025][T0x701395b15740][TIMING] emit_host_span: [STRACE] v=1 pid=3964021 tid=3964021 inv=24 hid=d8e9c89da8b0d3f9 depth=1 name=chip.run.claim_release ts=83662838627565 dur=200 
[mono_ns=83662838630078][T0x701395b15740][TIMING] emit_host_span: [STRACE] v=1 pid=3964021 tid=3964021 inv=24 hid=d8e9c89da8b0d3f9 depth=0 name=chip.run ts=83662735351946 dur=103277802 run_id=0 dispatch_id=0 slot_id=0 generation=24 run_epoch=24
[mono_ns=83662903859502][T0x701395b15740][TIMING] emit_host_span: [STRACE] v=1 pid=3964021 tid=3964021 inv=25 hid=d8e9c89da8b0d3f9 depth=2 name=chip.run.bind.args ts=83662839893394 dur=63964706 
[mono_ns=83662903876868][T0x701395b15740][TIMING] emit_host_span: [STRACE] v=1 pid=3964021 tid=3964021 inv=25 hid=d8e9c89da8b0d3f9 depth=2 name=chip.run.bind.prebuilt ts=83662903874214 dur=2264 
[mono_ns=83662903884971][T0x701395b15740][TIMING] emit_host_span: [STRACE] v=1 pid=3964021 tid=3964021 inv=25 hid=d8e9c89da8b0d3f9 depth=1 name=chip.run.bind ts=83662839889809 dur=63994791 
[mono_ns=83662908429652][T0x701395b15740][WARN] prepare_execution: [device_runner.cpp:342] AICPU CPU_TOPO unavailable; using json_fallback: soc=Ascend950PR_9579 occupy=0x3e stable_reachable=5 requested=0 effective=5 affinity=[1, 2, 3, 4, 5(orch)]
[mono_ns=83662910306349][T0x701395b15740][TIMING] emit_host_span: [STRACE] v=1 pid=3964021 tid=3964021 inv=25 hid=d8e9c89da8b0d3f9 depth=1 name=chip.run.runner_run ts=83662908489271 dur=1816507 
[mono_ns=83662944054822][T0x701395b15740][TIMING] emit_host_span: [STRACE] v=1 pid=3964021 tid=3964021 inv=25 hid=d8e9c89da8b0d3f9 depth=1 name=chip.run.validate ts=83662910314040 dur=33731388 
[mono_ns=83662944070696][T0x701395b15740][TIMING] emit_host_span: [STRACE] v=1 pid=3964021 tid=3964021 inv=25 hid=d8e9c89da8b0d3f9 depth=2 name=chip.run.runner_run.device_wall ts=0 dur=1650299 clk=dev
[mono_ns=83662944072659][T0x701395b15740][TIMING] emit_host_span: [STRACE] v=1 pid=3964021 tid=3964021 inv=25 hid=d8e9c89da8b0d3f9 depth=3 name=chip.run.runner_run.device_wall.preamble ts=0 dur=14257 clk=dev
[mono_ns=83662944073971][T0x701395b15740][TIMING] emit_host_span: [STRACE] v=1 pid=3964021 tid=3964021 inv=25 hid=d8e9c89da8b0d3f9 depth=3 name=chip.run.runner_run.device_wall.graph_build ts=4749 dur=1639363 clk=dev
[mono_ns=83662944075263][T0x701395b15740][TIMING] emit_host_span: [STRACE] v=1 pid=3964021 tid=3964021 inv=25 hid=d8e9c89da8b0d3f9 depth=3 name=chip.run.runner_run.device_wall.config_validate ts=5322 dur=1577 clk=dev
[mono_ns=83662944077727][T0x701395b15740][TIMING] emit_host_span: [STRACE] v=1 pid=3964021 tid=3964021 inv=25 hid=d8e9c89da8b0d3f9 depth=3 name=chip.run.runner_run.device_wall.arena_wire ts=7057 dur=1684 clk=dev
[mono_ns=83662944079760][T0x701395b15740][TIMING] emit_host_span: [STRACE] v=1 pid=3964021 tid=3964021 inv=25 hid=d8e9c89da8b0d3f9 depth=3 name=chip.run.runner_run.device_wall.sm_reset ts=8919 dur=2781 clk=dev
[mono_ns=83662944081082][T0x701395b15740][TIMING] emit_host_span: [STRACE] v=1 pid=3964021 tid=3964021 inv=25 hid=d8e9c89da8b0d3f9 depth=3 name=chip.run.runner_run.device_wall.post_orch ts=1644148 dur=5035 clk=dev
[mono_ns=83662944082354][T0x701395b15740][TIMING] emit_host_span: [STRACE] v=1 pid=3964021 tid=3964021 inv=25 hid=d8e9c89da8b0d3f9 depth=3 name=chip.run.runner_run.device_wall.orch ts=11739 dur=1615899 clk=dev
[mono_ns=83662944083515][T0x701395b15740][TIMING] emit_host_span: [STRACE] v=1 pid=3964021 tid=3964021 inv=25 hid=d8e9c89da8b0d3f9 depth=3 name=chip.run.runner_run.device_wall.sched ts=14126 dur=1614689 clk=dev
[mono_ns=83662944086440][T0x701395b15740][TIMING] emit_host_span: [STRACE] v=1 pid=3964021 tid=3964021 inv=25 hid=d8e9c89da8b0d3f9 depth=1 name=chip.run.claim_release ts=83662944085849 dur=290 
[mono_ns=83662944091628][T0x701395b15740][TIMING] emit_host_span: [STRACE] v=1 pid=3964021 tid=3964021 inv=25 hid=d8e9c89da8b0d3f9 depth=0 name=chip.run ts=83662839885232 dur=104206025 run_id=0 dispatch_id=0 slot_id=0 generation=25 run_epoch=25
[mono_ns=83663011254804][T0x701395b15740][TIMING] emit_host_span: [STRACE] v=1 pid=3964021 tid=3964021 inv=26 hid=d8e9c89da8b0d3f9 depth=2 name=chip.run.bind.args ts=83662945740542 dur=65512600 
[mono_ns=83663011285210][T0x701395b15740][TIMING] emit_host_span: [STRACE] v=1 pid=3964021 tid=3964021 inv=26 hid=d8e9c89da8b0d3f9 depth=2 name=chip.run.bind.prebuilt ts=83663011277428 dur=7361 
[mono_ns=83663011288044][T0x701395b15740][TIMING] emit_host_span: [STRACE] v=1 pid=3964021 tid=3964021 inv=26 hid=d8e9c89da8b0d3f9 depth=1 name=chip.run.bind ts=83662945736546 dur=65551107 
[mono_ns=83663016023151][T0x701395b15740][WARN] prepare_execution: [device_runner.cpp:342] AICPU CPU_TOPO unavailable; using json_fallback: soc=Ascend950PR_9579 occupy=0x3e stable_reachable=5 requested=0 effective=5 affinity=[1, 2, 3, 4, 5(orch)]
[mono_ns=83663017910694][T0x701395b15740][TIMING] emit_host_span: [STRACE] v=1 pid=3964021 tid=3964021 inv=26 hid=d8e9c89da8b0d3f9 depth=1 name=chip.run.runner_run ts=83663016083632 dur=1826531 
[mono_ns=83663050493839][T0x701395b15740][TIMING] emit_host_span: [STRACE] v=1 pid=3964021 tid=3964021 inv=26 hid=d8e9c89da8b0d3f9 depth=1 name=chip.run.validate ts=83663017923954 dur=32568973 
[mono_ns=83663050503583][T0x701395b15740][TIMING] emit_host_span: [STRACE] v=1 pid=3964021 tid=3964021 inv=26 hid=d8e9c89da8b0d3f9 depth=2 name=chip.run.runner_run.device_wall ts=0 dur=1577944 clk=dev
[mono_ns=83663050505406][T0x701395b15740][TIMING] emit_host_span: [STRACE] v=1 pid=3964021 tid=3964021 inv=26 hid=d8e9c89da8b0d3f9 depth=3 name=chip.run.runner_run.device_wall.preamble ts=0 dur=13149 clk=dev
[mono_ns=83663050506828][T0x701395b15740][TIMING] emit_host_span: [STRACE] v=1 pid=3964021 tid=3964021 inv=26 hid=d8e9c89da8b0d3f9 depth=3 name=chip.run.runner_run.device_wall.graph_build ts=2653 dur=1569922 clk=dev
[mono_ns=83663050508080][T0x701395b15740][TIMING] emit_host_span: [STRACE] v=1 pid=3964021 tid=3964021 inv=26 hid=d8e9c89da8b0d3f9 depth=3 name=chip.run.runner_run.device_wall.config_validate ts=3127 dur=1695 clk=dev
[mono_ns=83663050509232][T0x701395b15740][TIMING] emit_host_span: [STRACE] v=1 pid=3964021 tid=3964021 inv=26 hid=d8e9c89da8b0d3f9 depth=3 name=chip.run.runner_run.device_wall.arena_wire ts=4845 dur=2135 clk=dev
[mono_ns=83663050510384][T0x701395b15740][TIMING] emit_host_span: [STRACE] v=1 pid=3964021 tid=3964021 inv=26 hid=d8e9c89da8b0d3f9 depth=3 name=chip.run.runner_run.device_wall.sm_reset ts=6997 dur=2548 clk=dev
[mono_ns=83663050511796][T0x701395b15740][TIMING] emit_host_span: [STRACE] v=1 pid=3964021 tid=3964021 inv=26 hid=d8e9c89da8b0d3f9 depth=3 name=chip.run.runner_run.device_wall.post_orch ts=1572605 dur=4796 clk=dev
[mono_ns=83663050513498][T0x701395b15740][TIMING] emit_host_span: [STRACE] v=1 pid=3964021 tid=3964021 inv=26 hid=d8e9c89da8b0d3f9 depth=3 name=chip.run.runner_run.device_wall.orch ts=9661 dur=1545687 clk=dev
[mono_ns=83663050514710][T0x701395b15740][TIMING] emit_host_span: [STRACE] v=1 pid=3964021 tid=3964021 inv=26 hid=d8e9c89da8b0d3f9 depth=3 name=chip.run.runner_run.device_wall.sched ts=12936 dur=1544861 clk=dev
[mono_ns=83663050516383][T0x701395b15740][TIMING] emit_host_span: [STRACE] v=1 pid=3964021 tid=3964021 inv=26 hid=d8e9c89da8b0d3f9 depth=1 name=chip.run.claim_release ts=83663050515912 dur=190 
[mono_ns=83663050518496][T0x701395b15740][TIMING] emit_host_span: [STRACE] v=1 pid=3964021 tid=3964021 inv=26 hid=d8e9c89da8b0d3f9 depth=0 name=chip.run ts=83662945722175 dur=104795960 run_id=0 dispatch_id=0 slot_id=0 generation=26 run_epoch=26
[mono_ns=83663115934600][T0x701395b15740][TIMING] emit_host_span: [STRACE] v=1 pid=3964021 tid=3964021 inv=27 hid=d8e9c89da8b0d3f9 depth=2 name=chip.run.bind.args ts=83663051797876 dur=64135843 
[mono_ns=83663115951886][T0x701395b15740][TIMING] emit_host_span: [STRACE] v=1 pid=3964021 tid=3964021 inv=27 hid=d8e9c89da8b0d3f9 depth=2 name=chip.run.bind.prebuilt ts=83663115949362 dur=2083 
[mono_ns=83663115954129][T0x701395b15740][TIMING] emit_host_span: [STRACE] v=1 pid=3964021 tid=3964021 inv=27 hid=d8e9c89da8b0d3f9 depth=1 name=chip.run.bind ts=83663051794010 dur=64159769 
[mono_ns=83663120619742][T0x701395b15740][WARN] prepare_execution: [device_runner.cpp:342] AICPU CPU_TOPO unavailable; using json_fallback: soc=Ascend950PR_9579 occupy=0x3e stable_reachable=5 requested=0 effective=5 affinity=[1, 2, 3, 4, 5(orch)]
[mono_ns=83663122437540][T0x701395b15740][TIMING] emit_host_span: [STRACE] v=1 pid=3964021 tid=3964021 inv=27 hid=d8e9c89da8b0d3f9 depth=1 name=chip.run.runner_run ts=83663120677038 dur=1759902 
[mono_ns=83663155853986][T0x701395b15740][TIMING] emit_host_span: [STRACE] v=1 pid=3964021 tid=3964021 inv=27 hid=d8e9c89da8b0d3f9 depth=1 name=chip.run.validate ts=83663122445232 dur=33407442 
[mono_ns=83663155867877][T0x701395b15740][TIMING] emit_host_span: [STRACE] v=1 pid=3964021 tid=3964021 inv=27 hid=d8e9c89da8b0d3f9 depth=2 name=chip.run.runner_run.device_wall ts=0 dur=1607610 clk=dev
[mono_ns=83663155877271][T0x701395b15740][TIMING] emit_host_span: [STRACE] v=1 pid=3964021 tid=3964021 inv=27 hid=d8e9c89da8b0d3f9 depth=3 name=chip.run.runner_run.device_wall.preamble ts=0 dur=13931 clk=dev
[mono_ns=83663155878933][T0x701395b15740][TIMING] emit_host_span: [STRACE] v=1 pid=3964021 tid=3964021 inv=27 hid=d8e9c89da8b0d3f9 depth=3 name=chip.run.runner_run.device_wall.graph_build ts=3432 dur=1598484 clk=dev
[mono_ns=83663155880105][T0x701395b15740][TIMING] emit_host_span: [STRACE] v=1 pid=3964021 tid=3964021 inv=27 hid=d8e9c89da8b0d3f9 depth=3 name=chip.run.runner_run.device_wall.config_validate ts=3937 dur=1452 clk=dev
[mono_ns=83663155881247][T0x701395b15740][TIMING] emit_host_span: [STRACE] v=1 pid=3964021 tid=3964021 inv=27 hid=d8e9c89da8b0d3f9 depth=3 name=chip.run.runner_run.device_wall.arena_wire ts=5417 dur=1619 clk=dev
[mono_ns=83663155882368][T0x701395b15740][TIMING] emit_host_span: [STRACE] v=1 pid=3964021 tid=3964021 inv=27 hid=d8e9c89da8b0d3f9 depth=3 name=chip.run.runner_run.device_wall.sm_reset ts=7124 dur=2969 clk=dev
[mono_ns=83663155883470][T0x701395b15740][TIMING] emit_host_span: [STRACE] v=1 pid=3964021 tid=3964021 inv=27 hid=d8e9c89da8b0d3f9 depth=3 name=chip.run.runner_run.device_wall.post_orch ts=1601944 dur=4818 clk=dev
[mono_ns=83663155884632][T0x701395b15740][TIMING] emit_host_span: [STRACE] v=1 pid=3964021 tid=3964021 inv=27 hid=d8e9c89da8b0d3f9 depth=3 name=chip.run.runner_run.device_wall.orch ts=10173 dur=1574790 clk=dev
[mono_ns=83663155885763][T0x701395b15740][TIMING] emit_host_span: [STRACE] v=1 pid=3964021 tid=3964021 inv=27 hid=d8e9c89da8b0d3f9 depth=3 name=chip.run.runner_run.device_wall.sched ts=13508 dur=1573492 clk=dev
[mono_ns=83663155887506][T0x701395b15740][TIMING] emit_host_span: [STRACE] v=1 pid=3964021 tid=3964021 inv=27 hid=d8e9c89da8b0d3f9 depth=1 name=chip.run.claim_release ts=83663155887045 dur=211 
[mono_ns=83663155891422][T0x701395b15740][TIMING] emit_host_span: [STRACE] v=1 pid=3964021 tid=3964021 inv=27 hid=d8e9c89da8b0d3f9 depth=0 name=chip.run ts=83663051788973 dur=104102078 run_id=0 dispatch_id=0 slot_id=0 generation=27 run_epoch=27
[mono_ns=83663222678424][T0x701395b15740][TIMING] emit_host_span: [STRACE] v=1 pid=3964021 tid=3964021 inv=28 hid=d8e9c89da8b0d3f9 depth=2 name=chip.run.bind.args ts=83663157172395 dur=65504717 
[mono_ns=83663222701749][T0x701395b15740][TIMING] emit_host_span: [STRACE] v=1 pid=3964021 tid=3964021 inv=28 hid=d8e9c89da8b0d3f9 depth=2 name=chip.run.bind.prebuilt ts=83663222698814 dur=2434 
[mono_ns=83663222704373][T0x701395b15740][TIMING] emit_host_span: [STRACE] v=1 pid=3964021 tid=3964021 inv=28 hid=d8e9c89da8b0d3f9 depth=1 name=chip.run.bind ts=83663157168308 dur=65535674 
[mono_ns=83663227329855][T0x701395b15740][WARN] prepare_execution: [device_runner.cpp:342] AICPU CPU_TOPO unavailable; using json_fallback: soc=Ascend950PR_9579 occupy=0x3e stable_reachable=5 requested=0 effective=5 affinity=[1, 2, 3, 4, 5(orch)]
[mono_ns=83663229338430][T0x701395b15740][TIMING] emit_host_span: [STRACE] v=1 pid=3964021 tid=3964021 inv=28 hid=d8e9c89da8b0d3f9 depth=1 name=chip.run.runner_run ts=83663227390647 dur=1947292 
[mono_ns=83663262625912][T0x701395b15740][TIMING] emit_host_span: [STRACE] v=1 pid=3964021 tid=3964021 inv=28 hid=d8e9c89da8b0d3f9 depth=1 name=chip.run.validate ts=83663229346843 dur=33278248 
[mono_ns=83663262636177][T0x701395b15740][TIMING] emit_host_span: [STRACE] v=1 pid=3964021 tid=3964021 inv=28 hid=d8e9c89da8b0d3f9 depth=2 name=chip.run.runner_run.device_wall ts=0 dur=1768624 clk=dev
[mono_ns=83663262637940][T0x701395b15740][TIMING] emit_host_span: [STRACE] v=1 pid=3964021 tid=3964021 inv=28 hid=d8e9c89da8b0d3f9 depth=3 name=chip.run.runner_run.device_wall.preamble ts=0 dur=14751 clk=dev
[mono_ns=83663262639422][T0x701395b15740][TIMING] emit_host_span: [STRACE] v=1 pid=3964021 tid=3964021 inv=28 hid=d8e9c89da8b0d3f9 depth=3 name=chip.run.runner_run.device_wall.graph_build ts=4728 dur=1759288 clk=dev
[mono_ns=83663262640604][T0x701395b15740][TIMING] emit_host_span: [STRACE] v=1 pid=3964021 tid=3964021 inv=28 hid=d8e9c89da8b0d3f9 depth=3 name=chip.run.runner_run.device_wall.config_validate ts=5185 dur=1611 clk=dev
[mono_ns=83663262647284][T0x701395b15740][TIMING] emit_host_span: [STRACE] v=1 pid=3964021 tid=3964021 inv=28 hid=d8e9c89da8b0d3f9 depth=3 name=chip.run.runner_run.device_wall.arena_wire ts=6822 dur=1923 clk=dev
[mono_ns=83663262648596][T0x701395b15740][TIMING] emit_host_span: [STRACE] v=1 pid=3964021 tid=3964021 inv=28 hid=d8e9c89da8b0d3f9 depth=3 name=chip.run.runner_run.device_wall.sm_reset ts=8774 dur=2386 clk=dev
[mono_ns=83663262649718][T0x701395b15740][TIMING] emit_host_span: [STRACE] v=1 pid=3964021 tid=3964021 inv=28 hid=d8e9c89da8b0d3f9 depth=3 name=chip.run.runner_run.device_wall.post_orch ts=1764058 dur=4057 clk=dev
[mono_ns=83663262650879][T0x701395b15740][TIMING] emit_host_span: [STRACE] v=1 pid=3964021 tid=3964021 inv=28 hid=d8e9c89da8b0d3f9 depth=3 name=chip.run.runner_run.device_wall.orch ts=11266 dur=1736166 clk=dev
[mono_ns=83663262652041][T0x701395b15740][TIMING] emit_host_span: [STRACE] v=1 pid=3964021 tid=3964021 inv=28 hid=d8e9c89da8b0d3f9 depth=3 name=chip.run.runner_run.device_wall.sched ts=14310 dur=1735175 clk=dev
[mono_ns=83663262653894][T0x701395b15740][TIMING] emit_host_span: [STRACE] v=1 pid=3964021 tid=3964021 inv=28 hid=d8e9c89da8b0d3f9 depth=1 name=chip.run.claim_release ts=83663262653393 dur=120 
[mono_ns=83663262655687][T0x701395b15740][TIMING] emit_host_span: [STRACE] v=1 pid=3964021 tid=3964021 inv=28 hid=d8e9c89da8b0d3f9 depth=0 name=chip.run ts=83663157159285 dur=105496011 run_id=0 dispatch_id=0 slot_id=0 generation=28 run_epoch=28
[mono_ns=83663329396199][T0x701395b15740][TIMING] emit_host_span: [STRACE] v=1 pid=3964021 tid=3964021 inv=29 hid=d8e9c89da8b0d3f9 depth=2 name=chip.run.bind.args ts=83663263922298 dur=65472919 
[mono_ns=83663329413144][T0x701395b15740][TIMING] emit_host_span: [STRACE] v=1 pid=3964021 tid=3964021 inv=29 hid=d8e9c89da8b0d3f9 depth=2 name=chip.run.bind.prebuilt ts=83663329410791 dur=1952 
[mono_ns=83663329415117][T0x701395b15740][TIMING] emit_host_span: [STRACE] v=1 pid=3964021 tid=3964021 inv=29 hid=d8e9c89da8b0d3f9 depth=1 name=chip.run.bind ts=83663263918171 dur=65496565 
[mono_ns=83663333986689][T0x701395b15740][WARN] prepare_execution: [device_runner.cpp:342] AICPU CPU_TOPO unavailable; using json_fallback: soc=Ascend950PR_9579 occupy=0x3e stable_reachable=5 requested=0 effective=5 affinity=[1, 2, 3, 4, 5(orch)]
[mono_ns=83663335985328][T0x701395b15740][TIMING] emit_host_span: [STRACE] v=1 pid=3964021 tid=3964021 inv=29 hid=d8e9c89da8b0d3f9 depth=1 name=chip.run.runner_run ts=83663334057665 dur=1927213 
[mono_ns=83663368871057][T0x701395b15740][TIMING] emit_host_span: [STRACE] v=1 pid=3964021 tid=3964021 inv=29 hid=d8e9c89da8b0d3f9 depth=1 name=chip.run.validate ts=83663335994072 dur=32876284 
[mono_ns=83663368881994][T0x701395b15740][TIMING] emit_host_span: [STRACE] v=1 pid=3964021 tid=3964021 inv=29 hid=d8e9c89da8b0d3f9 depth=2 name=chip.run.runner_run.device_wall ts=0 dur=1756854 clk=dev
[mono_ns=83663368883816][T0x701395b15740][TIMING] emit_host_span: [STRACE] v=1 pid=3964021 tid=3964021 inv=29 hid=d8e9c89da8b0d3f9 depth=3 name=chip.run.runner_run.device_wall.preamble ts=0 dur=15342 clk=dev
[mono_ns=83663368885148][T0x701395b15740][TIMING] emit_host_span: [STRACE] v=1 pid=3964021 tid=3964021 inv=29 hid=d8e9c89da8b0d3f9 depth=3 name=chip.run.runner_run.device_wall.graph_build ts=4494 dur=1747811 clk=dev
[mono_ns=83663368886430][T0x701395b15740][TIMING] emit_host_span: [STRACE] v=1 pid=3964021 tid=3964021 inv=29 hid=d8e9c89da8b0d3f9 depth=3 name=chip.run.runner_run.device_wall.config_validate ts=4852 dur=1845 clk=dev
[mono_ns=83663368887622][T0x701395b15740][TIMING] emit_host_span: [STRACE] v=1 pid=3964021 tid=3964021 inv=29 hid=d8e9c89da8b0d3f9 depth=3 name=chip.run.runner_run.device_wall.arena_wire ts=6723 dur=1691 clk=dev
[mono_ns=83663368888784][T0x701395b15740][TIMING] emit_host_span: [STRACE] v=1 pid=3964021 tid=3964021 inv=29 hid=d8e9c89da8b0d3f9 depth=3 name=chip.run.runner_run.device_wall.sm_reset ts=8478 dur=3310 clk=dev
[mono_ns=83663368895344][T0x701395b15740][TIMING] emit_host_span: [STRACE] v=1 pid=3964021 tid=3964021 inv=29 hid=d8e9c89da8b0d3f9 depth=3 name=chip.run.runner_run.device_wall.post_orch ts=1752335 dur=3975 clk=dev
[mono_ns=83663368896686][T0x701395b15740][TIMING] emit_host_span: [STRACE] v=1 pid=3964021 tid=3964021 inv=29 hid=d8e9c89da8b0d3f9 depth=3 name=chip.run.runner_run.device_wall.orch ts=12060 dur=1722935 clk=dev
[mono_ns=83663368897827][T0x701395b15740][TIMING] emit_host_span: [STRACE] v=1 pid=3964021 tid=3964021 inv=29 hid=d8e9c89da8b0d3f9 depth=3 name=chip.run.runner_run.device_wall.sched ts=14922 dur=1722001 clk=dev
[mono_ns=83663368899480][T0x701395b15740][TIMING] emit_host_span: [STRACE] v=1 pid=3964021 tid=3964021 inv=29 hid=d8e9c89da8b0d3f9 depth=1 name=chip.run.claim_release ts=83663368899029 dur=100 
[mono_ns=83663368900932][T0x701395b15740][TIMING] emit_host_span: [STRACE] v=1 pid=3964021 tid=3964021 inv=29 hid=d8e9c89da8b0d3f9 depth=0 name=chip.run ts=83663263912763 dur=104987859 run_id=0 dispatch_id=0 slot_id=0 generation=29 run_epoch=29
[mono_ns=83663433950216][T0x701395b15740][TIMING] emit_host_span: [STRACE] v=1 pid=3964021 tid=3964021 inv=30 hid=d8e9c89da8b0d3f9 depth=2 name=chip.run.bind.args ts=83663370149706 dur=63799428 
[mono_ns=83663433968954][T0x701395b15740][TIMING] emit_host_span: [STRACE] v=1 pid=3964021 tid=3964021 inv=30 hid=d8e9c89da8b0d3f9 depth=2 name=chip.run.bind.prebuilt ts=83663433966260 dur=2353 
[mono_ns=83663433970837][T0x701395b15740][TIMING] emit_host_span: [STRACE] v=1 pid=3964021 tid=3964021 inv=30 hid=d8e9c89da8b0d3f9 depth=1 name=chip.run.bind ts=83663370145991 dur=63824545 
[mono_ns=83663438584742][T0x701395b15740][WARN] prepare_execution: [device_runner.cpp:342] AICPU CPU_TOPO unavailable; using json_fallback: soc=Ascend950PR_9579 occupy=0x3e stable_reachable=5 requested=0 effective=5 affinity=[1, 2, 3, 4, 5(orch)]
[mono_ns=83663440391474][T0x701395b15740][TIMING] emit_host_span: [STRACE] v=1 pid=3964021 tid=3964021 inv=30 hid=d8e9c89da8b0d3f9 depth=1 name=chip.run.runner_run ts=83663438643500 dur=1747343 
[mono_ns=83663473627959][T0x701395b15740][TIMING] emit_host_span: [STRACE] v=1 pid=3964021 tid=3964021 inv=30 hid=d8e9c89da8b0d3f9 depth=1 name=chip.run.validate ts=83663440399866 dur=33227151 
[mono_ns=83663473638705][T0x701395b15740][TIMING] emit_host_span: [STRACE] v=1 pid=3964021 tid=3964021 inv=30 hid=d8e9c89da8b0d3f9 depth=2 name=chip.run.runner_run.device_wall ts=0 dur=1588368 clk=dev
[mono_ns=83663473640708][T0x701395b15740][TIMING] emit_host_span: [STRACE] v=1 pid=3964021 tid=3964021 inv=30 hid=d8e9c89da8b0d3f9 depth=3 name=chip.run.runner_run.device_wall.preamble ts=0 dur=15133 clk=dev
[mono_ns=83663473642160][T0x701395b15740][TIMING] emit_host_span: [STRACE] v=1 pid=3964021 tid=3964021 inv=30 hid=d8e9c89da8b0d3f9 depth=3 name=chip.run.runner_run.device_wall.graph_build ts=5593 dur=1578047 clk=dev
[mono_ns=83663473643422][T0x701395b15740][TIMING] emit_host_span: [STRACE] v=1 pid=3964021 tid=3964021 inv=30 hid=d8e9c89da8b0d3f9 depth=3 name=chip.run.runner_run.device_wall.config_validate ts=6080 dur=1466 clk=dev
[mono_ns=83663473644564][T0x701395b15740][TIMING] emit_host_span: [STRACE] v=1 pid=3964021 tid=3964021 inv=30 hid=d8e9c89da8b0d3f9 depth=3 name=chip.run.runner_run.device_wall.arena_wire ts=7734 dur=2183 clk=dev
[mono_ns=83663473645706][T0x701395b15740][TIMING] emit_host_span: [STRACE] v=1 pid=3964021 tid=3964021 inv=30 hid=d8e9c89da8b0d3f9 depth=3 name=chip.run.runner_run.device_wall.sm_reset ts=10230 dur=3311 clk=dev
[mono_ns=83663473647098][T0x701395b15740][TIMING] emit_host_span: [STRACE] v=1 pid=3964021 tid=3964021 inv=30 hid=d8e9c89da8b0d3f9 depth=3 name=chip.run.runner_run.device_wall.post_orch ts=1583674 dur=4250 clk=dev
[mono_ns=83663473648870][T0x701395b15740][TIMING] emit_host_span: [STRACE] v=1 pid=3964021 tid=3964021 inv=30 hid=d8e9c89da8b0d3f9 depth=3 name=chip.run.runner_run.device_wall.orch ts=13624 dur=1553080 clk=dev
[mono_ns=83663473650162][T0x701395b15740][TIMING] emit_host_span: [STRACE] v=1 pid=3964021 tid=3964021 inv=30 hid=d8e9c89da8b0d3f9 depth=3 name=chip.run.runner_run.device_wall.sched ts=14952 dur=1553874 clk=dev
[mono_ns=83663473657223][T0x701395b15740][TIMING] emit_host_span: [STRACE] v=1 pid=3964021 tid=3964021 inv=30 hid=d8e9c89da8b0d3f9 depth=1 name=chip.run.claim_release ts=83663473656872 dur=90 
[mono_ns=83663473658825][T0x701395b15740][TIMING] emit_host_span: [STRACE] v=1 pid=3964021 tid=3964021 inv=30 hid=d8e9c89da8b0d3f9 depth=0 name=chip.run ts=83663370140392 dur=103518093 run_id=0 dispatch_id=0 slot_id=0 generation=30 run_epoch=30
[mono_ns=83663538485214][T0x701395b15740][TIMING] emit_host_span: [STRACE] v=1 pid=3964021 tid=3964021 inv=31 hid=d8e9c89da8b0d3f9 depth=2 name=chip.run.bind.args ts=83663474930784 dur=63550715 
[mono_ns=83663538535290][T0x701395b15740][TIMING] emit_host_span: [STRACE] v=1 pid=3964021 tid=3964021 inv=31 hid=d8e9c89da8b0d3f9 depth=2 name=chip.run.bind.prebuilt ts=83663538529210 dur=4878 
[mono_ns=83663538543612][T0x701395b15740][TIMING] emit_host_span: [STRACE] v=1 pid=3964021 tid=3964021 inv=31 hid=d8e9c89da8b0d3f9 depth=1 name=chip.run.bind ts=83663474927449 dur=63615081 
[mono_ns=83663543259961][T0x701395b15740][WARN] prepare_execution: [device_runner.cpp:342] AICPU CPU_TOPO unavailable; using json_fallback: soc=Ascend950PR_9579 occupy=0x3e stable_reachable=5 requested=0 effective=5 affinity=[1, 2, 3, 4, 5(orch)]
[mono_ns=83663545275877][T0x701395b15740][TIMING] emit_host_span: [STRACE] v=1 pid=3964021 tid=3964021 inv=31 hid=d8e9c89da8b0d3f9 depth=1 name=chip.run.runner_run ts=83663543320562 dur=1954654 
[mono_ns=83663578758832][T0x701395b15740][TIMING] emit_host_span: [STRACE] v=1 pid=3964021 tid=3964021 inv=31 hid=d8e9c89da8b0d3f9 depth=1 name=chip.run.validate ts=83663545285681 dur=33472229 
[mono_ns=83663578768206][T0x701395b15740][TIMING] emit_host_span: [STRACE] v=1 pid=3964021 tid=3964021 inv=31 hid=d8e9c89da8b0d3f9 depth=2 name=chip.run.runner_run.device_wall ts=0 dur=1781082 clk=dev
[mono_ns=83663578770069][T0x701395b15740][TIMING] emit_host_span: [STRACE] v=1 pid=3964021 tid=3964021 inv=31 hid=d8e9c89da8b0d3f9 depth=3 name=chip.run.runner_run.device_wall.preamble ts=0 dur=14780 clk=dev
[mono_ns=83663578771611][T0x701395b15740][TIMING] emit_host_span: [STRACE] v=1 pid=3964021 tid=3964021 inv=31 hid=d8e9c89da8b0d3f9 depth=3 name=chip.run.runner_run.device_wall.graph_build ts=3955 dur=1771487 clk=dev
[mono_ns=83663578773013][T0x701395b15740][TIMING] emit_host_span: [STRACE] v=1 pid=3964021 tid=3964021 inv=31 hid=d8e9c89da8b0d3f9 depth=3 name=chip.run.runner_run.device_wall.config_validate ts=4303 dur=1531 clk=dev
[mono_ns=83663578774295][T0x701395b15740][TIMING] emit_host_span: [STRACE] v=1 pid=3964021 tid=3964021 inv=31 hid=d8e9c89da8b0d3f9 depth=3 name=chip.run.runner_run.device_wall.arena_wire ts=5859 dur=1657 clk=dev
[mono_ns=83663578775747][T0x701395b15740][TIMING] emit_host_span: [STRACE] v=1 pid=3964021 tid=3964021 inv=31 hid=d8e9c89da8b0d3f9 depth=3 name=chip.run.runner_run.device_wall.sm_reset ts=7530 dur=2840 clk=dev
[mono_ns=83663578777640][T0x701395b15740][TIMING] emit_host_span: [STRACE] v=1 pid=3964021 tid=3964021 inv=31 hid=d8e9c89da8b0d3f9 depth=3 name=chip.run.runner_run.device_wall.post_orch ts=1775504 dur=4505 clk=dev
[mono_ns=83663578779052][T0x701395b15740][TIMING] emit_host_span: [STRACE] v=1 pid=3964021 tid=3964021 inv=31 hid=d8e9c89da8b0d3f9 depth=3 name=chip.run.runner_run.device_wall.orch ts=10438 dur=1748296 clk=dev
[mono_ns=83663578780224][T0x701395b15740][TIMING] emit_host_span: [STRACE] v=1 pid=3964021 tid=3964021 inv=31 hid=d8e9c89da8b0d3f9 depth=3 name=chip.run.runner_run.device_wall.sched ts=14469 dur=1746224 clk=dev
[mono_ns=83663578781866][T0x701395b15740][TIMING] emit_host_span: [STRACE] v=1 pid=3964021 tid=3964021 inv=31 hid=d8e9c89da8b0d3f9 depth=1 name=chip.run.claim_release ts=83663578781426 dur=130 
[mono_ns=83663578784100][T0x701395b15740][TIMING] emit_host_span: [STRACE] v=1 pid=3964021 tid=3964021 inv=31 hid=d8e9c89da8b0d3f9 depth=0 name=chip.run ts=83663474921981 dur=103861648 run_id=0 dispatch_id=0 slot_id=0 generation=31 run_epoch=31
[mono_ns=83663646622500][T0x701395b15740][TIMING] emit_host_span: [STRACE] v=1 pid=3964021 tid=3964021 inv=32 hid=d8e9c89da8b0d3f9 depth=2 name=chip.run.bind.args ts=83663580130531 dur=66490356 
[mono_ns=83663646653927][T0x701395b15740][TIMING] emit_host_span: [STRACE] v=1 pid=3964021 tid=3964021 inv=32 hid=d8e9c89da8b0d3f9 depth=2 name=chip.run.bind.prebuilt ts=83663646650722 dur=2744 
[mono_ns=83663646656771][T0x701395b15740][TIMING] emit_host_span: [STRACE] v=1 pid=3964021 tid=3964021 inv=32 hid=d8e9c89da8b0d3f9 depth=1 name=chip.run.bind ts=83663580125984 dur=66530427 
[mono_ns=83663651311397][T0x701395b15740][WARN] prepare_execution: [device_runner.cpp:342] AICPU CPU_TOPO unavailable; using json_fallback: soc=Ascend950PR_9579 occupy=0x3e stable_reachable=5 requested=0 effective=5 affinity=[1, 2, 3, 4, 5(orch)]
[mono_ns=83663653170698][T0x701395b15740][TIMING] emit_host_span: [STRACE] v=1 pid=3964021 tid=3964021 inv=32 hid=d8e9c89da8b0d3f9 depth=1 name=chip.run.runner_run ts=83663651372790 dur=1797117 
[mono_ns=83663687238131][T0x701395b15740][TIMING] emit_host_span: [STRACE] v=1 pid=3964021 tid=3964021 inv=32 hid=d8e9c89da8b0d3f9 depth=1 name=chip.run.validate ts=83663653180022 dur=34057458 
[mono_ns=83663687247945][T0x701395b15740][TIMING] emit_host_span: [STRACE] v=1 pid=3964021 tid=3964021 inv=32 hid=d8e9c89da8b0d3f9 depth=2 name=chip.run.runner_run.device_wall ts=0 dur=1603493 clk=dev
[mono_ns=83663687249948][T0x701395b15740][TIMING] emit_host_span: [STRACE] v=1 pid=3964021 tid=3964021 inv=32 hid=d8e9c89da8b0d3f9 depth=3 name=chip.run.runner_run.device_wall.preamble ts=0 dur=12657 clk=dev
[mono_ns=83663687251420][T0x701395b15740][TIMING] emit_host_span: [STRACE] v=1 pid=3964021 tid=3964021 inv=32 hid=d8e9c89da8b0d3f9 depth=3 name=chip.run.runner_run.device_wall.graph_build ts=3841 dur=1594955 clk=dev
[mono_ns=83663687252682][T0x701395b15740][TIMING] emit_host_span: [STRACE] v=1 pid=3964021 tid=3964021 inv=32 hid=d8e9c89da8b0d3f9 depth=3 name=chip.run.runner_run.device_wall.config_validate ts=4573 dur=1436 clk=dev
[mono_ns=83663687253854][T0x701395b15740][TIMING] emit_host_span: [STRACE] v=1 pid=3964021 tid=3964021 inv=32 hid=d8e9c89da8b0d3f9 depth=3 name=chip.run.runner_run.device_wall.arena_wire ts=6032 dur=1712 clk=dev
[mono_ns=83663687254976][T0x701395b15740][TIMING] emit_host_span: [STRACE] v=1 pid=3964021 tid=3964021 inv=32 hid=d8e9c89da8b0d3f9 depth=3 name=chip.run.runner_run.device_wall.sm_reset ts=8015 dur=2788 clk=dev
[mono_ns=83663687256348][T0x701395b15740][TIMING] emit_host_span: [STRACE] v=1 pid=3964021 tid=3964021 inv=32 hid=d8e9c89da8b0d3f9 depth=3 name=chip.run.runner_run.device_wall.post_orch ts=1598826 dur=4132 clk=dev
[mono_ns=83663687258321][T0x701395b15740][TIMING] emit_host_span: [STRACE] v=1 pid=3964021 tid=3964021 inv=32 hid=d8e9c89da8b0d3f9 depth=3 name=chip.run.runner_run.device_wall.orch ts=10837 dur=1570647 clk=dev
[mono_ns=83663687259603][T0x701395b15740][TIMING] emit_host_span: [STRACE] v=1 pid=3964021 tid=3964021 inv=32 hid=d8e9c89da8b0d3f9 depth=3 name=chip.run.runner_run.device_wall.sched ts=12202 dur=1571310 clk=dev
[mono_ns=83663687261446][T0x701395b15740][TIMING] emit_host_span: [STRACE] v=1 pid=3964021 tid=3964021 inv=32 hid=d8e9c89da8b0d3f9 depth=1 name=chip.run.claim_release ts=83663687260895 dur=230 
[mono_ns=83663687263328][T0x701395b15740][TIMING] emit_host_span: [STRACE] v=1 pid=3964021 tid=3964021 inv=32 hid=d8e9c89da8b0d3f9 depth=0 name=chip.run ts=83663580120255 dur=107142693 run_id=0 dispatch_id=0 slot_id=0 generation=32 run_epoch=32
[mono_ns=83663754465804][T0x701395b15740][TIMING] emit_host_span: [STRACE] v=1 pid=3964021 tid=3964021 inv=33 hid=d8e9c89da8b0d3f9 depth=2 name=chip.run.bind.args ts=83663688689529 dur=65775353 
[mono_ns=83663754483841][T0x701395b15740][TIMING] emit_host_span: [STRACE] v=1 pid=3964021 tid=3964021 inv=33 hid=d8e9c89da8b0d3f9 depth=2 name=chip.run.bind.prebuilt ts=83663754480967 dur=2473 
[mono_ns=83663754486004][T0x701395b15740][TIMING] emit_host_span: [STRACE] v=1 pid=3964021 tid=3964021 inv=33 hid=d8e9c89da8b0d3f9 depth=1 name=chip.run.bind ts=83663688684712 dur=65800972 
[mono_ns=83663759170776][T0x701395b15740][WARN] prepare_execution: [device_runner.cpp:342] AICPU CPU_TOPO unavailable; using json_fallback: soc=Ascend950PR_9579 occupy=0x3e stable_reachable=5 requested=0 effective=5 affinity=[1, 2, 3, 4, 5(orch)]
[mono_ns=83663760991869][T0x701395b15740][TIMING] emit_host_span: [STRACE] v=1 pid=3964021 tid=3964021 inv=33 hid=d8e9c89da8b0d3f9 depth=1 name=chip.run.runner_run ts=83663759230255 dur=1761233 
[mono_ns=83663792807852][T0x701395b15740][TIMING] emit_host_span: [STRACE] v=1 pid=3964021 tid=3964021 inv=33 hid=d8e9c89da8b0d3f9 depth=1 name=chip.run.validate ts=83663760999591 dur=31807370 
[mono_ns=83663792818648][T0x701395b15740][TIMING] emit_host_span: [STRACE] v=1 pid=3964021 tid=3964021 inv=33 hid=d8e9c89da8b0d3f9 depth=2 name=chip.run.runner_run.device_wall ts=0 dur=1599977 clk=dev
[mono_ns=83663792820742][T0x701395b15740][TIMING] emit_host_span: [STRACE] v=1 pid=3964021 tid=3964021 inv=33 hid=d8e9c89da8b0d3f9 depth=3 name=chip.run.runner_run.device_wall.preamble ts=0 dur=13236 clk=dev
[mono_ns=83663792822284][T0x701395b15740][TIMING] emit_host_span: [STRACE] v=1 pid=3964021 tid=3964021 inv=33 hid=d8e9c89da8b0d3f9 depth=3 name=chip.run.runner_run.device_wall.graph_build ts=3236 dur=1590967 clk=dev
[mono_ns=83663792823516][T0x701395b15740][TIMING] emit_host_span: [STRACE] v=1 pid=3964021 tid=3964021 inv=33 hid=d8e9c89da8b0d3f9 depth=3 name=chip.run.runner_run.device_wall.config_validate ts=3563 dur=1772 clk=dev
[mono_ns=83663792824657][T0x701395b15740][TIMING] emit_host_span: [STRACE] v=1 pid=3964021 tid=3964021 inv=33 hid=d8e9c89da8b0d3f9 depth=3 name=chip.run.runner_run.device_wall.arena_wire ts=5367 dur=1387 clk=dev
[mono_ns=83663792825779][T0x701395b15740][TIMING] emit_host_span: [STRACE] v=1 pid=3964021 tid=3964021 inv=33 hid=d8e9c89da8b0d3f9 depth=3 name=chip.run.runner_run.device_wall.sm_reset ts=6994 dur=2993 clk=dev
[mono_ns=83663792828653][T0x701395b15740][TIMING] emit_host_span: [STRACE] v=1 pid=3964021 tid=3964021 inv=33 hid=d8e9c89da8b0d3f9 depth=3 name=chip.run.runner_run.device_wall.post_orch ts=1594266 dur=5351 clk=dev
[mono_ns=83663792830416][T0x701395b15740][TIMING] emit_host_span: [STRACE] v=1 pid=3964021 tid=3964021 inv=33 hid=d8e9c89da8b0d3f9 depth=3 name=chip.run.runner_run.device_wall.orch ts=10072 dur=1566516 clk=dev
[mono_ns=83663792831628][T0x701395b15740][TIMING] emit_host_span: [STRACE] v=1 pid=3964021 tid=3964021 inv=33 hid=d8e9c89da8b0d3f9 depth=3 name=chip.run.runner_run.device_wall.sched ts=12783 dur=1566371 clk=dev
[mono_ns=83663792833531][T0x701395b15740][TIMING] emit_host_span: [STRACE] v=1 pid=3964021 tid=3964021 inv=33 hid=d8e9c89da8b0d3f9 depth=1 name=chip.run.claim_release ts=83663792833050 dur=200 
[mono_ns=83663792835464][T0x701395b15740][TIMING] emit_host_span: [STRACE] v=1 pid=3964021 tid=3964021 inv=33 hid=d8e9c89da8b0d3f9 depth=0 name=chip.run ts=83663688677221 dur=104157922 run_id=0 dispatch_id=0 slot_id=0 generation=33 run_epoch=33
[mono_ns=83663858294242][T0x701395b15740][TIMING] emit_host_span: [STRACE] v=1 pid=3964021 tid=3964021 inv=34 hid=d8e9c89da8b0d3f9 depth=2 name=chip.run.bind.args ts=83663794203457 dur=64089353 
[mono_ns=83663858312970][T0x701395b15740][TIMING] emit_host_span: [STRACE] v=1 pid=3964021 tid=3964021 inv=34 hid=d8e9c89da8b0d3f9 depth=2 name=chip.run.bind.prebuilt ts=83663858310306 dur=2294 
[mono_ns=83663858314943][T0x701395b15740][TIMING] emit_host_span: [STRACE] v=1 pid=3964021 tid=3964021 inv=34 hid=d8e9c89da8b0d3f9 depth=1 name=chip.run.bind ts=83663794198189 dur=64116464 
[mono_ns=83663862893976][T0x701395b15740][WARN] prepare_execution: [device_runner.cpp:342] AICPU CPU_TOPO unavailable; using json_fallback: soc=Ascend950PR_9579 occupy=0x3e stable_reachable=5 requested=0 effective=5 affinity=[1, 2, 3, 4, 5(orch)]
[mono_ns=83663864724353][T0x701395b15740][TIMING] emit_host_span: [STRACE] v=1 pid=3964021 tid=3964021 inv=34 hid=d8e9c89da8b0d3f9 depth=1 name=chip.run.runner_run ts=83663862957922 dur=1766040 
[mono_ns=83663898216272][T0x701395b15740][TIMING] emit_host_span: [STRACE] v=1 pid=3964021 tid=3964021 inv=34 hid=d8e9c89da8b0d3f9 depth=1 name=chip.run.validate ts=83663864732175 dur=33483185 
[mono_ns=83663898231615][T0x701395b15740][TIMING] emit_host_span: [STRACE] v=1 pid=3964021 tid=3964021 inv=34 hid=d8e9c89da8b0d3f9 depth=2 name=chip.run.runner_run.device_wall ts=0 dur=1601483 clk=dev
[mono_ns=83663898233377][T0x701395b15740][TIMING] emit_host_span: [STRACE] v=1 pid=3964021 tid=3964021 inv=34 hid=d8e9c89da8b0d3f9 depth=3 name=chip.run.runner_run.device_wall.preamble ts=0 dur=12928 clk=dev
[mono_ns=83663898234599][T0x701395b15740][TIMING] emit_host_span: [STRACE] v=1 pid=3964021 tid=3964021 inv=34 hid=d8e9c89da8b0d3f9 depth=3 name=chip.run.runner_run.device_wall.graph_build ts=2501 dur=1593696 clk=dev
[mono_ns=83663898235741][T0x701395b15740][TIMING] emit_host_span: [STRACE] v=1 pid=3964021 tid=3964021 inv=34 hid=d8e9c89da8b0d3f9 depth=3 name=chip.run.runner_run.device_wall.config_validate ts=2787 dur=1423 clk=dev
[mono_ns=83663898236883][T0x701395b15740][TIMING] emit_host_span: [STRACE] v=1 pid=3964021 tid=3964021 inv=34 hid=d8e9c89da8b0d3f9 depth=3 name=chip.run.runner_run.device_wall.arena_wire ts=4231 dur=1645 clk=dev
[mono_ns=83663898238004][T0x701395b15740][TIMING] emit_host_span: [STRACE] v=1 pid=3964021 tid=3964021 inv=34 hid=d8e9c89da8b0d3f9 depth=3 name=chip.run.runner_run.device_wall.sm_reset ts=5895 dur=2687 clk=dev
[mono_ns=83663898239457][T0x701395b15740][TIMING] emit_host_span: [STRACE] v=1 pid=3964021 tid=3964021 inv=34 hid=d8e9c89da8b0d3f9 depth=3 name=chip.run.runner_run.device_wall.post_orch ts=1596226 dur=4823 clk=dev
[mono_ns=83663898241019][T0x701395b15740][TIMING] emit_host_span: [STRACE] v=1 pid=3964021 tid=3964021 inv=34 hid=d8e9c89da8b0d3f9 depth=3 name=chip.run.runner_run.device_wall.orch ts=8681 dur=1569691 clk=dev
[mono_ns=83663898242301][T0x701395b15740][TIMING] emit_host_span: [STRACE] v=1 pid=3964021 tid=3964021 inv=34 hid=d8e9c89da8b0d3f9 depth=3 name=chip.run.runner_run.device_wall.sched ts=12456 dur=1567850 clk=dev
[mono_ns=83663898243983][T0x701395b15740][TIMING] emit_host_span: [STRACE] v=1 pid=3964021 tid=3964021 inv=34 hid=d8e9c89da8b0d3f9 depth=1 name=chip.run.claim_release ts=83663898243513 dur=210 
[mono_ns=83663898245956][T0x701395b15740][TIMING] emit_host_span: [STRACE] v=1 pid=3964021 tid=3964021 inv=34 hid=d8e9c89da8b0d3f9 depth=0 name=chip.run ts=83663794191168 dur=104054458 run_id=0 dispatch_id=0 slot_id=0 generation=34 run_epoch=34
[mono_ns=83663962471243][T0x701395b15740][TIMING] emit_host_span: [STRACE] v=1 pid=3964021 tid=3964021 inv=35 hid=d8e9c89da8b0d3f9 depth=2 name=chip.run.bind.args ts=83663899607570 dur=62861810 
[mono_ns=83663962495219][T0x701395b15740][TIMING] emit_host_span: [STRACE] v=1 pid=3964021 tid=3964021 inv=35 hid=d8e9c89da8b0d3f9 depth=2 name=chip.run.bind.prebuilt ts=83663962492024 dur=2815 
[mono_ns=83663962497633][T0x701395b15740][TIMING] emit_host_span: [STRACE] v=1 pid=3964021 tid=3964021 inv=35 hid=d8e9c89da8b0d3f9 depth=1 name=chip.run.bind ts=83663899603153 dur=62894149 
[mono_ns=83663967135874][T0x701395b15740][WARN] prepare_execution: [device_runner.cpp:342] AICPU CPU_TOPO unavailable; using json_fallback: soc=Ascend950PR_9579 occupy=0x3e stable_reachable=5 requested=0 effective=5 affinity=[1, 2, 3, 4, 5(orch)]
[mono_ns=83663968992111][T0x701395b15740][TIMING] emit_host_span: [STRACE] v=1 pid=3964021 tid=3964021 inv=35 hid=d8e9c89da8b0d3f9 depth=1 name=chip.run.runner_run ts=83663967195454 dur=1796236 
[mono_ns=83664001204879][T0x701395b15740][TIMING] emit_host_span: [STRACE] v=1 pid=3964021 tid=3964021 inv=35 hid=d8e9c89da8b0d3f9 depth=1 name=chip.run.validate ts=83663969013132 dur=32190606 
[mono_ns=83664001216677][T0x701395b15740][TIMING] emit_host_span: [STRACE] v=1 pid=3964021 tid=3964021 inv=35 hid=d8e9c89da8b0d3f9 depth=2 name=chip.run.runner_run.device_wall ts=0 dur=1591372 clk=dev
[mono_ns=83664001218500][T0x701395b15740][TIMING] emit_host_span: [STRACE] v=1 pid=3964021 tid=3964021 inv=35 hid=d8e9c89da8b0d3f9 depth=3 name=chip.run.runner_run.device_wall.preamble ts=0 dur=13238 clk=dev
[mono_ns=83664001219952][T0x701395b15740][TIMING] emit_host_span: [STRACE] v=1 pid=3964021 tid=3964021 inv=35 hid=d8e9c89da8b0d3f9 depth=3 name=chip.run.runner_run.device_wall.graph_build ts=3030 dur=1583180 clk=dev
[mono_ns=83664001225550][T0x701395b15740][TIMING] emit_host_span: [STRACE] v=1 pid=3964021 tid=3964021 inv=35 hid=d8e9c89da8b0d3f9 depth=3 name=chip.run.runner_run.device_wall.config_validate ts=3373 dur=1676 clk=dev
[mono_ns=83664001226702][T0x701395b15740][TIMING] emit_host_span: [STRACE] v=1 pid=3964021 tid=3964021 inv=35 hid=d8e9c89da8b0d3f9 depth=3 name=chip.run.runner_run.device_wall.arena_wire ts=5074 dur=1587 clk=dev
[mono_ns=83664001227834][T0x701395b15740][TIMING] emit_host_span: [STRACE] v=1 pid=3964021 tid=3964021 inv=35 hid=d8e9c89da8b0d3f9 depth=3 name=chip.run.runner_run.device_wall.sm_reset ts=6883 dur=3256 clk=dev
[mono_ns=83664001228955][T0x701395b15740][TIMING] emit_host_span: [STRACE] v=1 pid=3964021 tid=3964021 inv=35 hid=d8e9c89da8b0d3f9 depth=3 name=chip.run.runner_run.device_wall.post_orch ts=1586254 dur=4758 clk=dev
[mono_ns=83664001230087][T0x701395b15740][TIMING] emit_host_span: [STRACE] v=1 pid=3964021 tid=3964021 inv=35 hid=d8e9c89da8b0d3f9 depth=3 name=chip.run.runner_run.device_wall.orch ts=10222 dur=1558893 clk=dev
[mono_ns=83664001231259][T0x701395b15740][TIMING] emit_host_span: [STRACE] v=1 pid=3964021 tid=3964021 inv=35 hid=d8e9c89da8b0d3f9 depth=3 name=chip.run.runner_run.device_wall.sched ts=12714 dur=1558570 clk=dev
[mono_ns=83664001233222][T0x701395b15740][TIMING] emit_host_span: [STRACE] v=1 pid=3964021 tid=3964021 inv=35 hid=d8e9c89da8b0d3f9 depth=1 name=chip.run.claim_release ts=83664001232531 dur=430 
[mono_ns=83664001235155][T0x701395b15740][TIMING] emit_host_span: [STRACE] v=1 pid=3964021 tid=3964021 inv=35 hid=d8e9c89da8b0d3f9 depth=0 name=chip.run ts=83663899596603 dur=101638201 run_id=0 dispatch_id=0 slot_id=0 generation=35 run_epoch=35
[mono_ns=83664068364310][T0x701395b15740][TIMING] emit_host_span: [STRACE] v=1 pid=3964021 tid=3964021 inv=36 hid=d8e9c89da8b0d3f9 depth=2 name=chip.run.bind.args ts=83664002629718 dur=65733260 
[mono_ns=83664068382197][T0x701395b15740][TIMING] emit_host_span: [STRACE] v=1 pid=3964021 tid=3964021 inv=36 hid=d8e9c89da8b0d3f9 depth=2 name=chip.run.bind.prebuilt ts=83664068379263 dur=2553 
[mono_ns=83664068384420][T0x701395b15740][TIMING] emit_host_span: [STRACE] v=1 pid=3964021 tid=3964021 inv=36 hid=d8e9c89da8b0d3f9 depth=1 name=chip.run.bind ts=83664002625532 dur=65758598 
[mono_ns=83664073096703][T0x701395b15740][WARN] prepare_execution: [device_runner.cpp:342] AICPU CPU_TOPO unavailable; using json_fallback: soc=Ascend950PR_9579 occupy=0x3e stable_reachable=5 requested=0 effective=5 affinity=[1, 2, 3, 4, 5(orch)]
[mono_ns=83664075186510][T0x701395b15740][TIMING] emit_host_span: [STRACE] v=1 pid=3964021 tid=3964021 inv=36 hid=d8e9c89da8b0d3f9 depth=1 name=chip.run.runner_run ts=83664073152958 dur=2033181 
[mono_ns=83664108339139][T0x701395b15740][TIMING] emit_host_span: [STRACE] v=1 pid=3964021 tid=3964021 inv=36 hid=d8e9c89da8b0d3f9 depth=1 name=chip.run.validate ts=83664075192188 dur=33146100 
[mono_ns=83664108347251][T0x701395b15740][TIMING] emit_host_span: [STRACE] v=1 pid=3964021 tid=3964021 inv=36 hid=d8e9c89da8b0d3f9 depth=2 name=chip.run.runner_run.device_wall ts=0 dur=1853268 clk=dev
[mono_ns=83664108349014][T0x701395b15740][TIMING] emit_host_span: [STRACE] v=1 pid=3964021 tid=3964021 inv=36 hid=d8e9c89da8b0d3f9 depth=3 name=chip.run.runner_run.device_wall.preamble ts=0 dur=15424 clk=dev
[mono_ns=83664108350326][T0x701395b15740][TIMING] emit_host_span: [STRACE] v=1 pid=3964021 tid=3964021 inv=36 hid=d8e9c89da8b0d3f9 depth=3 name=chip.run.runner_run.device_wall.graph_build ts=4585 dur=1843174 clk=dev
[mono_ns=83664108351488][T0x701395b15740][TIMING] emit_host_span: [STRACE] v=1 pid=3964021 tid=3964021 inv=36 hid=d8e9c89da8b0d3f9 depth=3 name=chip.run.runner_run.device_wall.config_validate ts=5166 dur=1373 clk=dev
[mono_ns=83664108352720][T0x701395b15740][TIMING] emit_host_span: [STRACE] v=1 pid=3964021 tid=3964021 inv=36 hid=d8e9c89da8b0d3f9 depth=3 name=chip.run.runner_run.device_wall.arena_wire ts=6729 dur=1908 clk=dev
[mono_ns=83664108358869][T0x701395b15740][TIMING] emit_host_span: [STRACE] v=1 pid=3964021 tid=3964021 inv=36 hid=d8e9c89da8b0d3f9 depth=3 name=chip.run.runner_run.device_wall.sm_reset ts=8654 dur=3522 clk=dev
[mono_ns=83664108360141][T0x701395b15740][TIMING] emit_host_span: [STRACE] v=1 pid=3964021 tid=3964021 inv=36 hid=d8e9c89da8b0d3f9 depth=3 name=chip.run.runner_run.device_wall.post_orch ts=1847779 dur=5212 clk=dev
[mono_ns=83664108361302][T0x701395b15740][TIMING] emit_host_span: [STRACE] v=1 pid=3964021 tid=3964021 inv=36 hid=d8e9c89da8b0d3f9 depth=3 name=chip.run.runner_run.device_wall.orch ts=12253 dur=1818668 clk=dev
[mono_ns=83664108362464][T0x701395b15740][TIMING] emit_host_span: [STRACE] v=1 pid=3964021 tid=3964021 inv=36 hid=d8e9c89da8b0d3f9 depth=3 name=chip.run.runner_run.device_wall.sched ts=14875 dur=1817802 clk=dev
[mono_ns=83664108364487][T0x701395b15740][TIMING] emit_host_span: [STRACE] v=1 pid=3964021 tid=3964021 inv=36 hid=d8e9c89da8b0d3f9 depth=1 name=chip.run.claim_release ts=83664108363706 dur=501 
[mono_ns=83664108366460][T0x701395b15740][TIMING] emit_host_span: [STRACE] v=1 pid=3964021 tid=3964021 inv=36 hid=d8e9c89da8b0d3f9 depth=0 name=chip.run ts=83664002619102 dur=105746988 run_id=0 dispatch_id=0 slot_id=0 generation=36 run_epoch=36
[mono_ns=83664175063637][T0x701395b15740][TIMING] emit_host_span: [STRACE] v=1 pid=3964021 tid=3964021 inv=37 hid=d8e9c89da8b0d3f9 depth=2 name=chip.run.bind.args ts=83664109690187 dur=65372519 
[mono_ns=83664175078079][T0x701395b15740][TIMING] emit_host_span: [STRACE] v=1 pid=3964021 tid=3964021 inv=37 hid=d8e9c89da8b0d3f9 depth=2 name=chip.run.bind.prebuilt ts=83664175075655 dur=2043 
[mono_ns=83664175080012][T0x701395b15740][TIMING] emit_host_span: [STRACE] v=1 pid=3964021 tid=3964021 inv=37 hid=d8e9c89da8b0d3f9 depth=1 name=chip.run.bind ts=83664109686391 dur=65393340 
[mono_ns=83664179645124][T0x701395b15740][WARN] prepare_execution: [device_runner.cpp:342] AICPU CPU_TOPO unavailable; using json_fallback: soc=Ascend950PR_9579 occupy=0x3e stable_reachable=5 requested=0 effective=5 affinity=[1, 2, 3, 4, 5(orch)]
[mono_ns=83664181550273][T0x701395b15740][TIMING] emit_host_span: [STRACE] v=1 pid=3964021 tid=3964021 inv=37 hid=d8e9c89da8b0d3f9 depth=1 name=chip.run.runner_run ts=83664179702039 dur=1847844 
[mono_ns=83664214596212][T0x701395b15740][TIMING] emit_host_span: [STRACE] v=1 pid=3964021 tid=3964021 inv=37 hid=d8e9c89da8b0d3f9 depth=1 name=chip.run.validate ts=83664181555781 dur=33039450 
[mono_ns=83664214604004][T0x701395b15740][TIMING] emit_host_span: [STRACE] v=1 pid=3964021 tid=3964021 inv=37 hid=d8e9c89da8b0d3f9 depth=2 name=chip.run.runner_run.device_wall ts=0 dur=1687590 clk=dev
[mono_ns=83664214605997][T0x701395b15740][TIMING] emit_host_span: [STRACE] v=1 pid=3964021 tid=3964021 inv=37 hid=d8e9c89da8b0d3f9 depth=3 name=chip.run.runner_run.device_wall.preamble ts=0 dur=12493 clk=dev
[mono_ns=83664214607519][T0x701395b15740][TIMING] emit_host_span: [STRACE] v=1 pid=3964021 tid=3964021 inv=37 hid=d8e9c89da8b0d3f9 depth=3 name=chip.run.runner_run.device_wall.graph_build ts=3036 dur=1679654 clk=dev
[mono_ns=83664214608861][T0x701395b15740][TIMING] emit_host_span: [STRACE] v=1 pid=3964021 tid=3964021 inv=37 hid=d8e9c89da8b0d3f9 depth=3 name=chip.run.runner_run.device_wall.config_validate ts=3565 dur=1605 clk=dev
[mono_ns=83664214610103][T0x701395b15740][TIMING] emit_host_span: [STRACE] v=1 pid=3964021 tid=3964021 inv=37 hid=d8e9c89da8b0d3f9 depth=3 name=chip.run.runner_run.device_wall.arena_wire ts=5193 dur=1653 clk=dev
[mono_ns=83664214611435][T0x701395b15740][TIMING] emit_host_span: [STRACE] v=1 pid=3964021 tid=3964021 inv=37 hid=d8e9c89da8b0d3f9 depth=3 name=chip.run.runner_run.device_wall.sm_reset ts=6865 dur=3055 clk=dev
[mono_ns=83664214612667][T0x701395b15740][TIMING] emit_host_span: [STRACE] v=1 pid=3964021 tid=3964021 inv=37 hid=d8e9c89da8b0d3f9 depth=3 name=chip.run.runner_run.device_wall.post_orch ts=1682733 dur=4629 clk=dev
[mono_ns=83664214613969][T0x701395b15740][TIMING] emit_host_span: [STRACE] v=1 pid=3964021 tid=3964021 inv=37 hid=d8e9c89da8b0d3f9 depth=3 name=chip.run.runner_run.device_wall.orch ts=10004 dur=1655452 clk=dev
[mono_ns=83664214624144][T0x701395b15740][TIMING] emit_host_span: [STRACE] v=1 pid=3964021 tid=3964021 inv=37 hid=d8e9c89da8b0d3f9 depth=3 name=chip.run.runner_run.device_wall.sched ts=12065 dur=1655257 clk=dev
[mono_ns=83664214625857][T0x701395b15740][TIMING] emit_host_span: [STRACE] v=1 pid=3964021 tid=3964021 inv=37 hid=d8e9c89da8b0d3f9 depth=1 name=chip.run.claim_release ts=83664214625396 dur=181 
[mono_ns=83664214627880][T0x701395b15740][TIMING] emit_host_span: [STRACE] v=1 pid=3964021 tid=3964021 inv=37 hid=d8e9c89da8b0d3f9 depth=0 name=chip.run ts=83664109680482 dur=104947047 run_id=0 dispatch_id=0 slot_id=0 generation=37 run_epoch=37
[mono_ns=83664280262552][T0x701395b15740][TIMING] emit_host_span: [STRACE] v=1 pid=3964021 tid=3964021 inv=38 hid=d8e9c89da8b0d3f9 depth=2 name=chip.run.bind.args ts=83664215953740 dur=64307520 
[mono_ns=83664280278887][T0x701395b15740][TIMING] emit_host_span: [STRACE] v=1 pid=3964021 tid=3964021 inv=38 hid=d8e9c89da8b0d3f9 depth=2 name=chip.run.bind.prebuilt ts=83664280276073 dur=2423 
[mono_ns=83664280280900][T0x701395b15740][TIMING] emit_host_span: [STRACE] v=1 pid=3964021 tid=3964021 inv=38 hid=d8e9c89da8b0d3f9 depth=1 name=chip.run.bind ts=83664215949994 dur=64330636 
[mono_ns=83664284911650][T0x701395b15740][WARN] prepare_execution: [device_runner.cpp:342] AICPU CPU_TOPO unavailable; using json_fallback: soc=Ascend950PR_9579 occupy=0x3e stable_reachable=5 requested=0 effective=5 affinity=[1, 2, 3, 4, 5(orch)]
[mono_ns=83664286827366][T0x701395b15740][TIMING] emit_host_span: [STRACE] v=1 pid=3964021 tid=3964021 inv=38 hid=d8e9c89da8b0d3f9 depth=1 name=chip.run.runner_run ts=83664284968265 dur=1858680 
[mono_ns=83664319901067][T0x701395b15740][TIMING] emit_host_span: [STRACE] v=1 pid=3964021 tid=3964021 inv=38 hid=d8e9c89da8b0d3f9 depth=1 name=chip.run.validate ts=83664286833605 dur=33066801 
[mono_ns=83664319909099][T0x701395b15740][TIMING] emit_host_span: [STRACE] v=1 pid=3964021 tid=3964021 inv=38 hid=d8e9c89da8b0d3f9 depth=2 name=chip.run.runner_run.device_wall ts=0 dur=1703871 clk=dev
[mono_ns=83664319910981][T0x701395b15740][TIMING] emit_host_span: [STRACE] v=1 pid=3964021 tid=3964021 inv=38 hid=d8e9c89da8b0d3f9 depth=3 name=chip.run.runner_run.device_wall.preamble ts=0 dur=15024 clk=dev
[mono_ns=83664319912524][T0x701395b15740][TIMING] emit_host_span: [STRACE] v=1 pid=3964021 tid=3964021 inv=38 hid=d8e9c89da8b0d3f9 depth=3 name=chip.run.runner_run.device_wall.graph_build ts=4836 dur=1693645 clk=dev
[mono_ns=83664319913986][T0x701395b15740][TIMING] emit_host_span: [STRACE] v=1 pid=3964021 tid=3964021 inv=38 hid=d8e9c89da8b0d3f9 depth=3 name=chip.run.runner_run.device_wall.config_validate ts=5400 dur=1325 clk=dev
[mono_ns=83664319915318][T0x701395b15740][TIMING] emit_host_span: [STRACE] v=1 pid=3964021 tid=3964021 inv=38 hid=d8e9c89da8b0d3f9 depth=3 name=chip.run.runner_run.device_wall.arena_wire ts=6952 dur=1548 clk=dev
[mono_ns=83664319916530][T0x701395b15740][TIMING] emit_host_span: [STRACE] v=1 pid=3964021 tid=3964021 inv=38 hid=d8e9c89da8b0d3f9 depth=3 name=chip.run.runner_run.device_wall.sm_reset ts=8776 dur=2957 clk=dev
[mono_ns=83664319917752][T0x701395b15740][TIMING] emit_host_span: [STRACE] v=1 pid=3964021 tid=3964021 inv=38 hid=d8e9c89da8b0d3f9 depth=3 name=chip.run.runner_run.device_wall.post_orch ts=1698510 dur=4656 clk=dev
[mono_ns=83664319918923][T0x701395b15740][TIMING] emit_host_span: [STRACE] v=1 pid=3964021 tid=3964021 inv=38 hid=d8e9c89da8b0d3f9 depth=3 name=chip.run.runner_run.device_wall.orch ts=11876 dur=1669591 clk=dev
[mono_ns=83664319920075][T0x701395b15740][TIMING] emit_host_span: [STRACE] v=1 pid=3964021 tid=3964021 inv=38 hid=d8e9c89da8b0d3f9 depth=3 name=chip.run.runner_run.device_wall.sched ts=14593 dur=1668914 clk=dev
[mono_ns=83664319921868][T0x701395b15740][TIMING] emit_host_span: [STRACE] v=1 pid=3964021 tid=3964021 inv=38 hid=d8e9c89da8b0d3f9 depth=1 name=chip.run.claim_release ts=83664319921297 dur=210 
[mono_ns=83664319928778][T0x701395b15740][TIMING] emit_host_span: [STRACE] v=1 pid=3964021 tid=3964021 inv=38 hid=d8e9c89da8b0d3f9 depth=0 name=chip.run ts=83664215944376 dur=103984042 run_id=0 dispatch_id=0 slot_id=0 generation=38 run_epoch=38
[mono_ns=83664385798664][T0x701395b15740][TIMING] emit_host_span: [STRACE] v=1 pid=3964021 tid=3964021 inv=39 hid=d8e9c89da8b0d3f9 depth=2 name=chip.run.bind.args ts=83664321315500 dur=64481781 
[mono_ns=83664385817742][T0x701395b15740][TIMING] emit_host_span: [STRACE] v=1 pid=3964021 tid=3964021 inv=39 hid=d8e9c89da8b0d3f9 depth=2 name=chip.run.bind.prebuilt ts=83664385815118 dur=2254 
[mono_ns=83664385819966][T0x701395b15740][TIMING] emit_host_span: [STRACE] v=1 pid=3964021 tid=3964021 inv=39 hid=d8e9c89da8b0d3f9 depth=1 name=chip.run.bind ts=83664321312074 dur=64507591 
[mono_ns=83664390425879][T0x701395b15740][WARN] prepare_execution: [device_runner.cpp:342] AICPU CPU_TOPO unavailable; using json_fallback: soc=Ascend950PR_9579 occupy=0x3e stable_reachable=5 requested=0 effective=5 affinity=[1, 2, 3, 4, 5(orch)]
[mono_ns=83664392250257][T0x701395b15740][TIMING] emit_host_span: [STRACE] v=1 pid=3964021 tid=3964021 inv=39 hid=d8e9c89da8b0d3f9 depth=1 name=chip.run.runner_run ts=83664390481893 dur=1767733 
[mono_ns=83664425159882][T0x701395b15740][TIMING] emit_host_span: [STRACE] v=1 pid=3964021 tid=3964021 inv=39 hid=d8e9c89da8b0d3f9 depth=1 name=chip.run.validate ts=83664392256747 dur=32902393 
[mono_ns=83664425166742][T0x701395b15740][TIMING] emit_host_span: [STRACE] v=1 pid=3964021 tid=3964021 inv=39 hid=d8e9c89da8b0d3f9 depth=2 name=chip.run.runner_run.device_wall ts=0 dur=1597967 clk=dev
[mono_ns=83664425168535][T0x701395b15740][TIMING] emit_host_span: [STRACE] v=1 pid=3964021 tid=3964021 inv=39 hid=d8e9c89da8b0d3f9 depth=3 name=chip.run.runner_run.device_wall.preamble ts=0 dur=14823 clk=dev
[mono_ns=83664425170107][T0x701395b15740][TIMING] emit_host_span: [STRACE] v=1 pid=3964021 tid=3964021 inv=39 hid=d8e9c89da8b0d3f9 depth=3 name=chip.run.runner_run.device_wall.graph_build ts=4876 dur=1586918 clk=dev
[mono_ns=83664425171319][T0x701395b15740][TIMING] emit_host_span: [STRACE] v=1 pid=3964021 tid=3964021 inv=39 hid=d8e9c89da8b0d3f9 depth=3 name=chip.run.runner_run.device_wall.config_validate ts=5435 dur=1996 clk=dev
[mono_ns=83664425172741][T0x701395b15740][TIMING] emit_host_span: [STRACE] v=1 pid=3964021 tid=3964021 inv=39 hid=d8e9c89da8b0d3f9 depth=3 name=chip.run.runner_run.device_wall.arena_wire ts=7452 dur=1830 clk=dev
[mono_ns=83664425173893][T0x701395b15740][TIMING] emit_host_span: [STRACE] v=1 pid=3964021 tid=3964021 inv=39 hid=d8e9c89da8b0d3f9 depth=3 name=chip.run.runner_run.device_wall.sm_reset ts=9303 dur=2887 clk=dev
[mono_ns=83664425175124][T0x701395b15740][TIMING] emit_host_span: [STRACE] v=1 pid=3964021 tid=3964021 inv=39 hid=d8e9c89da8b0d3f9 depth=3 name=chip.run.runner_run.device_wall.post_orch ts=1591823 dur=5077 clk=dev
[mono_ns=83664425176276][T0x701395b15740][TIMING] emit_host_span: [STRACE] v=1 pid=3964021 tid=3964021 inv=39 hid=d8e9c89da8b0d3f9 depth=3 name=chip.run.runner_run.device_wall.orch ts=12290 dur=1561059 clk=dev
[mono_ns=83664425177378][T0x701395b15740][TIMING] emit_host_span: [STRACE] v=1 pid=3964021 tid=3964021 inv=39 hid=d8e9c89da8b0d3f9 depth=3 name=chip.run.runner_run.device_wall.sched ts=14418 dur=1562145 clk=dev
[mono_ns=83664425179341][T0x701395b15740][TIMING] emit_host_span: [STRACE] v=1 pid=3964021 tid=3964021 inv=39 hid=d8e9c89da8b0d3f9 depth=1 name=chip.run.claim_release ts=83664425178730 dur=220 
[mono_ns=83664425181314][T0x701395b15740][TIMING] emit_host_span: [STRACE] v=1 pid=3964021 tid=3964021 inv=39 hid=d8e9c89da8b0d3f9 depth=0 name=chip.run ts=83664321306456 dur=103874517 run_id=0 dispatch_id=0 slot_id=0 generation=39 run_epoch=39
[mono_ns=83664491340794][T0x701395b15740][TIMING] emit_host_span: [STRACE] v=1 pid=3964021 tid=3964021 inv=40 hid=d8e9c89da8b0d3f9 depth=2 name=chip.run.bind.args ts=83664426484380 dur=64855482 
[mono_ns=83664491357259][T0x701395b15740][TIMING] emit_host_span: [STRACE] v=1 pid=3964021 tid=3964021 inv=40 hid=d8e9c89da8b0d3f9 depth=2 name=chip.run.bind.prebuilt ts=83664491354755 dur=2013 
[mono_ns=83664491364960][T0x701395b15740][TIMING] emit_host_span: [STRACE] v=1 pid=3964021 tid=3964021 inv=40 hid=d8e9c89da8b0d3f9 depth=1 name=chip.run.bind ts=83664426479913 dur=64884737 
[mono_ns=83664495929171][T0x701395b15740][WARN] prepare_execution: [device_runner.cpp:342] AICPU CPU_TOPO unavailable; using json_fallback: soc=Ascend950PR_9579 occupy=0x3e stable_reachable=5 requested=0 effective=5 affinity=[1, 2, 3, 4, 5(orch)]
[mono_ns=83664497756033][T0x701395b15740][TIMING] emit_host_span: [STRACE] v=1 pid=3964021 tid=3964021 inv=40 hid=d8e9c89da8b0d3f9 depth=1 name=chip.run.runner_run ts=83664495983282 dur=1772270 
[mono_ns=83664530348591][T0x701395b15740][TIMING] emit_host_span: [STRACE] v=1 pid=3964021 tid=3964021 inv=40 hid=d8e9c89da8b0d3f9 depth=1 name=chip.run.validate ts=83664497761771 dur=32586009 
[mono_ns=83664530356884][T0x701395b15740][TIMING] emit_host_span: [STRACE] v=1 pid=3964021 tid=3964021 inv=40 hid=d8e9c89da8b0d3f9 depth=2 name=chip.run.runner_run.device_wall ts=0 dur=1597079 clk=dev
[mono_ns=83664530358676][T0x701395b15740][TIMING] emit_host_span: [STRACE] v=1 pid=3964021 tid=3964021 inv=40 hid=d8e9c89da8b0d3f9 depth=3 name=chip.run.runner_run.device_wall.preamble ts=0 dur=14191 clk=dev
[mono_ns=83664530360029][T0x701395b15740][TIMING] emit_host_span: [STRACE] v=1 pid=3964021 tid=3964021 inv=40 hid=d8e9c89da8b0d3f9 depth=3 name=chip.run.runner_run.device_wall.graph_build ts=5110 dur=1587197 clk=dev
[mono_ns=83664530361290][T0x701395b15740][TIMING] emit_host_span: [STRACE] v=1 pid=3964021 tid=3964021 inv=40 hid=d8e9c89da8b0d3f9 depth=3 name=chip.run.runner_run.device_wall.config_validate ts=5765 dur=1894 clk=dev
[mono_ns=83664530362442][T0x701395b15740][TIMING] emit_host_span: [STRACE] v=1 pid=3964021 tid=3964021 inv=40 hid=d8e9c89da8b0d3f9 depth=3 name=chip.run.runner_run.device_wall.arena_wire ts=7683 dur=1881 clk=dev
[mono_ns=83664530363584][T0x701395b15740][TIMING] emit_host_span: [STRACE] v=1 pid=3964021 tid=3964021 inv=40 hid=d8e9c89da8b0d3f9 depth=3 name=chip.run.runner_run.device_wall.sm_reset ts=9703 dur=2950 clk=dev
[mono_ns=83664530364806][T0x701395b15740][TIMING] emit_host_span: [STRACE] v=1 pid=3964021 tid=3964021 inv=40 hid=d8e9c89da8b0d3f9 depth=3 name=chip.run.runner_run.device_wall.post_orch ts=1592328 dur=4220 clk=dev
[mono_ns=83664530365937][T0x701395b15740][TIMING] emit_host_span: [STRACE] v=1 pid=3964021 tid=3964021 inv=40 hid=d8e9c89da8b0d3f9 depth=3 name=chip.run.runner_run.device_wall.orch ts=12741 dur=1561808 clk=dev
[mono_ns=83664530367059][T0x701395b15740][TIMING] emit_host_span: [STRACE] v=1 pid=3964021 tid=3964021 inv=40 hid=d8e9c89da8b0d3f9 depth=3 name=chip.run.runner_run.device_wall.sched ts=14044 dur=1563312 clk=dev
[mono_ns=83664530368671][T0x701395b15740][TIMING] emit_host_span: [STRACE] v=1 pid=3964021 tid=3964021 inv=40 hid=d8e9c89da8b0d3f9 depth=1 name=chip.run.claim_release ts=83664530368241 dur=180 
[mono_ns=83664530370154][T0x701395b15740][TIMING] emit_host_span: [STRACE] v=1 pid=3964021 tid=3964021 inv=40 hid=d8e9c89da8b0d3f9 depth=0 name=chip.run ts=83664426473663 dur=103896170 run_id=0 dispatch_id=0 slot_id=0 generation=40 run_epoch=40
[mono_ns=83664596346329][T0x701395b15740][TIMING] emit_host_span: [STRACE] v=1 pid=3964021 tid=3964021 inv=41 hid=d8e9c89da8b0d3f9 depth=2 name=chip.run.bind.args ts=83664531623034 dur=64721933 
[mono_ns=83664596360370][T0x701395b15740][TIMING] emit_host_span: [STRACE] v=1 pid=3964021 tid=3964021 inv=41 hid=d8e9c89da8b0d3f9 depth=2 name=chip.run.bind.prebuilt ts=83664596357596 dur=2373 
[mono_ns=83664596362142][T0x701395b15740][TIMING] emit_host_span: [STRACE] v=1 pid=3964021 tid=3964021 inv=41 hid=d8e9c89da8b0d3f9 depth=1 name=chip.run.bind ts=83664531619729 dur=64742143 
[mono_ns=83664601147865][T0x701395b15740][WARN] prepare_execution: [device_runner.cpp:342] AICPU CPU_TOPO unavailable; using json_fallback: soc=Ascend950PR_9579 occupy=0x3e stable_reachable=5 requested=0 effective=5 affinity=[1, 2, 3, 4, 5(orch)]
[mono_ns=83664603225624][T0x701395b15740][TIMING] emit_host_span: [STRACE] v=1 pid=3964021 tid=3964021 inv=41 hid=d8e9c89da8b0d3f9 depth=1 name=chip.run.runner_run ts=83664601211210 dur=2013893 
[mono_ns=83664636070802][T0x701395b15740][TIMING] emit_host_span: [STRACE] v=1 pid=3964021 tid=3964021 inv=41 hid=d8e9c89da8b0d3f9 depth=1 name=chip.run.validate ts=83664603231022 dur=32839019 
[mono_ns=83664636078413][T0x701395b15740][TIMING] emit_host_span: [STRACE] v=1 pid=3964021 tid=3964021 inv=41 hid=d8e9c89da8b0d3f9 depth=2 name=chip.run.runner_run.device_wall ts=0 dur=1847862 clk=dev
[mono_ns=83664636080056][T0x701395b15740][TIMING] emit_host_span: [STRACE] v=1 pid=3964021 tid=3964021 inv=41 hid=d8e9c89da8b0d3f9 depth=3 name=chip.run.runner_run.device_wall.preamble ts=0 dur=14900 clk=dev
[mono_ns=83664636081458][T0x701395b15740][TIMING] emit_host_span: [STRACE] v=1 pid=3964021 tid=3964021 inv=41 hid=d8e9c89da8b0d3f9 depth=3 name=chip.run.runner_run.device_wall.graph_build ts=4474 dur=1838501 clk=dev
[mono_ns=83664636082730][T0x701395b15740][TIMING] emit_host_span: [STRACE] v=1 pid=3964021 tid=3964021 inv=41 hid=d8e9c89da8b0d3f9 depth=3 name=chip.run.runner_run.device_wall.config_validate ts=5106 dur=1440 clk=dev
[mono_ns=83664636083861][T0x701395b15740][TIMING] emit_host_span: [STRACE] v=1 pid=3964021 tid=3964021 inv=41 hid=d8e9c89da8b0d3f9 depth=3 name=chip.run.runner_run.device_wall.arena_wire ts=6572 dur=1642 clk=dev
[mono_ns=83664636085013][T0x701395b15740][TIMING] emit_host_span: [STRACE] v=1 pid=3964021 tid=3964021 inv=41 hid=d8e9c89da8b0d3f9 depth=3 name=chip.run.runner_run.device_wall.sm_reset ts=8481 dur=2307 clk=dev
[mono_ns=83664636086155][T0x701395b15740][TIMING] emit_host_span: [STRACE] v=1 pid=3964021 tid=3964021 inv=41 hid=d8e9c89da8b0d3f9 depth=3 name=chip.run.runner_run.device_wall.post_orch ts=1843004 dur=4274 clk=dev
[mono_ns=83664636087387][T0x701395b15740][TIMING] emit_host_span: [STRACE] v=1 pid=3964021 tid=3964021 inv=41 hid=d8e9c89da8b0d3f9 depth=3 name=chip.run.runner_run.device_wall.orch ts=10879 dur=1815193 clk=dev
[mono_ns=83664636088508][T0x701395b15740][TIMING] emit_host_span: [STRACE] v=1 pid=3964021 tid=3964021 inv=41 hid=d8e9c89da8b0d3f9 depth=3 name=chip.run.runner_run.device_wall.sched ts=14498 dur=1814116 clk=dev
[mono_ns=83664636090011][T0x701395b15740][TIMING] emit_host_span: [STRACE] v=1 pid=3964021 tid=3964021 inv=41 hid=d8e9c89da8b0d3f9 depth=1 name=chip.run.claim_release ts=83664636089600 dur=160 
[mono_ns=83664636091623][T0x701395b15740][TIMING] emit_host_span: [STRACE] v=1 pid=3964021 tid=3964021 inv=41 hid=d8e9c89da8b0d3f9 depth=0 name=chip.run ts=83664531614622 dur=104476681 run_id=0 dispatch_id=0 slot_id=0 generation=41 run_epoch=41
[mono_ns=83664702282600][T0x701395b15740][TIMING] emit_host_span: [STRACE] v=1 pid=3964021 tid=3964021 inv=42 hid=d8e9c89da8b0d3f9 depth=2 name=chip.run.bind.args ts=83664637361399 dur=64920270 
[mono_ns=83664702296942][T0x701395b15740][TIMING] emit_host_span: [STRACE] v=1 pid=3964021 tid=3964021 inv=42 hid=d8e9c89da8b0d3f9 depth=2 name=chip.run.bind.prebuilt ts=83664702294528 dur=1993 
[mono_ns=83664702298845][T0x701395b15740][TIMING] emit_host_span: [STRACE] v=1 pid=3964021 tid=3964021 inv=42 hid=d8e9c89da8b0d3f9 depth=1 name=chip.run.bind ts=83664637358334 dur=64940220 
[mono_ns=83664707275885][T0x701395b15740][WARN] prepare_execution: [device_runner.cpp:342] AICPU CPU_TOPO unavailable; using json_fallback: soc=Ascend950PR_9579 occupy=0x3e stable_reachable=5 requested=0 effective=5 affinity=[1, 2, 3, 4, 5(orch)]
[mono_ns=83664709075556][T0x701395b15740][TIMING] emit_host_span: [STRACE] v=1 pid=3964021 tid=3964021 inv=42 hid=d8e9c89da8b0d3f9 depth=1 name=chip.run.runner_run ts=83664707333121 dur=1742045 
[mono_ns=83664743063790][T0x701395b15740][TIMING] emit_host_span: [STRACE] v=1 pid=3964021 tid=3964021 inv=42 hid=d8e9c89da8b0d3f9 depth=1 name=chip.run.validate ts=83664709081004 dur=33982205 
[mono_ns=83664743072333][T0x701395b15740][TIMING] emit_host_span: [STRACE] v=1 pid=3964021 tid=3964021 inv=42 hid=d8e9c89da8b0d3f9 depth=2 name=chip.run.runner_run.device_wall ts=0 dur=1594114 clk=dev
[mono_ns=83664743079964][T0x701395b15740][TIMING] emit_host_span: [STRACE] v=1 pid=3964021 tid=3964021 inv=42 hid=d8e9c89da8b0d3f9 depth=3 name=chip.run.runner_run.device_wall.preamble ts=0 dur=13497 clk=dev
[mono_ns=83664743081306][T0x701395b15740][TIMING] emit_host_span: [STRACE] v=1 pid=3964021 tid=3964021 inv=42 hid=d8e9c89da8b0d3f9 depth=3 name=chip.run.runner_run.device_wall.graph_build ts=3494 dur=1585453 clk=dev
[mono_ns=83664743082518][T0x701395b15740][TIMING] emit_host_span: [STRACE] v=1 pid=3964021 tid=3964021 inv=42 hid=d8e9c89da8b0d3f9 depth=3 name=chip.run.runner_run.device_wall.config_validate ts=3987 dur=1375 clk=dev
[mono_ns=83664743083650][T0x701395b15740][TIMING] emit_host_span: [STRACE] v=1 pid=3964021 tid=3964021 inv=42 hid=d8e9c89da8b0d3f9 depth=3 name=chip.run.runner_run.device_wall.arena_wire ts=5386 dur=1962 clk=dev
[mono_ns=83664743084761][T0x701395b15740][TIMING] emit_host_span: [STRACE] v=1 pid=3964021 tid=3964021 inv=42 hid=d8e9c89da8b0d3f9 depth=3 name=chip.run.runner_run.device_wall.sm_reset ts=7403 dur=2505 clk=dev
[mono_ns=83664743085883][T0x701395b15740][TIMING] emit_host_span: [STRACE] v=1 pid=3964021 tid=3964021 inv=42 hid=d8e9c89da8b0d3f9 depth=3 name=chip.run.runner_run.device_wall.post_orch ts=1588978 dur=4842 clk=dev
[mono_ns=83664743087025][T0x701395b15740][TIMING] emit_host_span: [STRACE] v=1 pid=3964021 tid=3964021 inv=42 hid=d8e9c89da8b0d3f9 depth=3 name=chip.run.runner_run.device_wall.orch ts=9948 dur=1562125 clk=dev
[mono_ns=83664743088166][T0x701395b15740][TIMING] emit_host_span: [STRACE] v=1 pid=3964021 tid=3964021 inv=42 hid=d8e9c89da8b0d3f9 depth=3 name=chip.run.runner_run.device_wall.sched ts=13072 dur=1560655 clk=dev
[mono_ns=83664743089749][T0x701395b15740][TIMING] emit_host_span: [STRACE] v=1 pid=3964021 tid=3964021 inv=42 hid=d8e9c89da8b0d3f9 depth=1 name=chip.run.claim_release ts=83664743089318 dur=170 
[mono_ns=83664743091652][T0x701395b15740][TIMING] emit_host_span: [STRACE] v=1 pid=3964021 tid=3964021 inv=42 hid=d8e9c89da8b0d3f9 depth=0 name=chip.run ts=83664637354038 dur=105737303 run_id=0 dispatch_id=0 slot_id=0 generation=42 run_epoch=42
[mono_ns=83664809893776][T0x701395b15740][TIMING] emit_host_span: [STRACE] v=1 pid=3964021 tid=3964021 inv=43 hid=d8e9c89da8b0d3f9 depth=2 name=chip.run.bind.args ts=83664744354898 dur=65537416 
[mono_ns=83664809909249][T0x701395b15740][TIMING] emit_host_span: [STRACE] v=1 pid=3964021 tid=3964021 inv=43 hid=d8e9c89da8b0d3f9 depth=2 name=chip.run.bind.prebuilt ts=83664809906726 dur=2033 
[mono_ns=83664809911202][T0x701395b15740][TIMING] emit_host_span: [STRACE] v=1 pid=3964021 tid=3964021 inv=43 hid=d8e9c89da8b0d3f9 depth=1 name=chip.run.bind ts=83664744352073 dur=65558849 
[mono_ns=83664814624907][T0x701395b15740][WARN] prepare_execution: [device_runner.cpp:342] AICPU CPU_TOPO unavailable; using json_fallback: soc=Ascend950PR_9579 occupy=0x3e stable_reachable=5 requested=0 effective=5 affinity=[1, 2, 3, 4, 5(orch)]
[mono_ns=83664816494994][T0x701395b15740][TIMING] emit_host_span: [STRACE] v=1 pid=3964021 tid=3964021 inv=43 hid=d8e9c89da8b0d3f9 depth=1 name=chip.run.runner_run ts=83664814695413 dur=1798920 
[mono_ns=83664849959411][T0x701395b15740][TIMING] emit_host_span: [STRACE] v=1 pid=3964021 tid=3964021 inv=43 hid=d8e9c89da8b0d3f9 depth=1 name=chip.run.validate ts=83664816502165 dur=33456575 
[mono_ns=83664849965911][T0x701395b15740][TIMING] emit_host_span: [STRACE] v=1 pid=3964021 tid=3964021 inv=43 hid=d8e9c89da8b0d3f9 depth=2 name=chip.run.runner_run.device_wall ts=0 dur=1604590 clk=dev
[mono_ns=83664849967884][T0x701395b15740][TIMING] emit_host_span: [STRACE] v=1 pid=3964021 tid=3964021 inv=43 hid=d8e9c89da8b0d3f9 depth=3 name=chip.run.runner_run.device_wall.preamble ts=0 dur=13773 clk=dev
[mono_ns=83664849969497][T0x701395b15740][TIMING] emit_host_span: [STRACE] v=1 pid=3964021 tid=3964021 inv=43 hid=d8e9c89da8b0d3f9 depth=3 name=chip.run.runner_run.device_wall.graph_build ts=3348 dur=1596322 clk=dev
[mono_ns=83664849970959][T0x701395b15740][TIMING] emit_host_span: [STRACE] v=1 pid=3964021 tid=3964021 inv=43 hid=d8e9c89da8b0d3f9 depth=3 name=chip.run.runner_run.device_wall.config_validate ts=3690 dur=1398 clk=dev
[mono_ns=83664849978410][T0x701395b15740][TIMING] emit_host_span: [STRACE] v=1 pid=3964021 tid=3964021 inv=43 hid=d8e9c89da8b0d3f9 depth=3 name=chip.run.runner_run.device_wall.arena_wire ts=5112 dur=1186 clk=dev
[mono_ns=83664849979702][T0x701395b15740][TIMING] emit_host_span: [STRACE] v=1 pid=3964021 tid=3964021 inv=43 hid=d8e9c89da8b0d3f9 depth=3 name=chip.run.runner_run.device_wall.sm_reset ts=6379 dur=2756 clk=dev
[mono_ns=83664849980844][T0x701395b15740][TIMING] emit_host_span: [STRACE] v=1 pid=3964021 tid=3964021 inv=43 hid=d8e9c89da8b0d3f9 depth=3 name=chip.run.runner_run.device_wall.post_orch ts=1599703 dur=4454 clk=dev
[mono_ns=83664849981995][T0x701395b15740][TIMING] emit_host_span: [STRACE] v=1 pid=3964021 tid=3964021 inv=43 hid=d8e9c89da8b0d3f9 depth=3 name=chip.run.runner_run.device_wall.orch ts=9214 dur=1573213 clk=dev
[mono_ns=83664849983117][T0x701395b15740][TIMING] emit_host_span: [STRACE] v=1 pid=3964021 tid=3964021 inv=43 hid=d8e9c89da8b0d3f9 depth=3 name=chip.run.runner_run.device_wall.sched ts=13249 dur=1571565 clk=dev
[mono_ns=83664849984970][T0x701395b15740][TIMING] emit_host_span: [STRACE] v=1 pid=3964021 tid=3964021 inv=43 hid=d8e9c89da8b0d3f9 depth=1 name=chip.run.claim_release ts=83664849984439 dur=230 
[mono_ns=83664849986843][T0x701395b15740][TIMING] emit_host_span: [STRACE] v=1 pid=3964021 tid=3964021 inv=43 hid=d8e9c89da8b0d3f9 depth=0 name=chip.run ts=83664744347627 dur=105638815 run_id=0 dispatch_id=0 slot_id=0 generation=43 run_epoch=43
[mono_ns=83664918531032][T0x701395b15740][TIMING] emit_host_span: [STRACE] v=1 pid=3964021 tid=3964021 inv=44 hid=d8e9c89da8b0d3f9 depth=2 name=chip.run.bind.args ts=83664851283389 dur=67246772 
[mono_ns=83664918546295][T0x701395b15740][TIMING] emit_host_span: [STRACE] v=1 pid=3964021 tid=3964021 inv=44 hid=d8e9c89da8b0d3f9 depth=2 name=chip.run.bind.prebuilt ts=83664918543491 dur=2353 
[mono_ns=83664918548238][T0x701395b15740][TIMING] emit_host_span: [STRACE] v=1 pid=3964021 tid=3964021 inv=44 hid=d8e9c89da8b0d3f9 depth=1 name=chip.run.bind ts=83664851279262 dur=67268665 
[mono_ns=83664923143305][T0x701395b15740][WARN] prepare_execution: [device_runner.cpp:342] AICPU CPU_TOPO unavailable; using json_fallback: soc=Ascend950PR_9579 occupy=0x3e stable_reachable=5 requested=0 effective=5 affinity=[1, 2, 3, 4, 5(orch)]
[mono_ns=83664924988384][T0x701395b15740][TIMING] emit_host_span: [STRACE] v=1 pid=3964021 tid=3964021 inv=44 hid=d8e9c89da8b0d3f9 depth=1 name=chip.run.runner_run ts=83664923199569 dur=1788354 
[mono_ns=83664958484489][T0x701395b15740][TIMING] emit_host_span: [STRACE] v=1 pid=3964021 tid=3964021 inv=44 hid=d8e9c89da8b0d3f9 depth=1 name=chip.run.validate ts=83664924994703 dur=33489075 
[mono_ns=83664958490989][T0x701395b15740][TIMING] emit_host_span: [STRACE] v=1 pid=3964021 tid=3964021 inv=44 hid=d8e9c89da8b0d3f9 depth=2 name=chip.run.runner_run.device_wall ts=0 dur=1614659 clk=dev
[mono_ns=83664958492801][T0x701395b15740][TIMING] emit_host_span: [STRACE] v=1 pid=3964021 tid=3964021 inv=44 hid=d8e9c89da8b0d3f9 depth=3 name=chip.run.runner_run.device_wall.preamble ts=0 dur=16239 clk=dev
[mono_ns=83664958494243][T0x701395b15740][TIMING] emit_host_span: [STRACE] v=1 pid=3964021 tid=3964021 inv=44 hid=d8e9c89da8b0d3f9 depth=3 name=chip.run.runner_run.device_wall.graph_build ts=5305 dur=1604042 clk=dev
[mono_ns=83664958495425][T0x701395b15740][TIMING] emit_host_span: [STRACE] v=1 pid=3964021 tid=3964021 inv=44 hid=d8e9c89da8b0d3f9 depth=3 name=chip.run.runner_run.device_wall.config_validate ts=5878 dur=1787 clk=dev
[mono_ns=83664958496567][T0x701395b15740][TIMING] emit_host_span: [STRACE] v=1 pid=3964021 tid=3964021 inv=44 hid=d8e9c89da8b0d3f9 depth=3 name=chip.run.runner_run.device_wall.arena_wire ts=7858 dur=1853 clk=dev
[mono_ns=83664958497699][T0x701395b15740][TIMING] emit_host_span: [STRACE] v=1 pid=3964021 tid=3964021 inv=44 hid=d8e9c89da8b0d3f9 depth=3 name=chip.run.runner_run.device_wall.sm_reset ts=9961 dur=2443 clk=dev
[mono_ns=83664958504449][T0x701395b15740][TIMING] emit_host_span: [STRACE] v=1 pid=3964021 tid=3964021 inv=44 hid=d8e9c89da8b0d3f9 depth=3 name=chip.run.runner_run.device_wall.post_orch ts=1609387 dur=5158 clk=dev
[mono_ns=83664958505721][T0x701395b15740][TIMING] emit_host_span: [STRACE] v=1 pid=3964021 tid=3964021 inv=44 hid=d8e9c89da8b0d3f9 depth=3 name=chip.run.runner_run.device_wall.orch ts=12440 dur=1579870 clk=dev
[mono_ns=83664958506862][T0x701395b15740][TIMING] emit_host_span: [STRACE] v=1 pid=3964021 tid=3964021 inv=44 hid=d8e9c89da8b0d3f9 depth=3 name=chip.run.runner_run.device_wall.sched ts=15888 dur=1578441 clk=dev
[mono_ns=83664958508745][T0x701395b15740][TIMING] emit_host_span: [STRACE] v=1 pid=3964021 tid=3964021 inv=44 hid=d8e9c89da8b0d3f9 depth=1 name=chip.run.claim_release ts=83664958508114 dur=341 
[mono_ns=83664958510668][T0x701395b15740][TIMING] emit_host_span: [STRACE] v=1 pid=3964021 tid=3964021 inv=44 hid=d8e9c89da8b0d3f9 depth=0 name=chip.run ts=83664851274826 dur=107235502 run_id=0 dispatch_id=0 slot_id=0 generation=44 run_epoch=44
[mono_ns=83665026473945][T0x701395b15740][TIMING] emit_host_span: [STRACE] v=1 pid=3964021 tid=3964021 inv=45 hid=d8e9c89da8b0d3f9 depth=2 name=chip.run.bind.args ts=83664959952312 dur=66520692 
[mono_ns=83665026493395][T0x701395b15740][TIMING] emit_host_span: [STRACE] v=1 pid=3964021 tid=3964021 inv=45 hid=d8e9c89da8b0d3f9 depth=2 name=chip.run.bind.prebuilt ts=83665026490340 dur=2364 
[mono_ns=83665026495348][T0x701395b15740][TIMING] emit_host_span: [STRACE] v=1 pid=3964021 tid=3964021 inv=45 hid=d8e9c89da8b0d3f9 depth=1 name=chip.run.bind ts=83664959948877 dur=66546170 
[mono_ns=83665031230364][T0x701395b15740][WARN] prepare_execution: [device_runner.cpp:342] AICPU CPU_TOPO unavailable; using json_fallback: soc=Ascend950PR_9579 occupy=0x3e stable_reachable=5 requested=0 effective=5 affinity=[1, 2, 3, 4, 5(orch)]
[mono_ns=83665033017236][T0x701395b15740][TIMING] emit_host_span: [STRACE] v=1 pid=3964021 tid=3964021 inv=45 hid=d8e9c89da8b0d3f9 depth=1 name=chip.run.runner_run ts=83665031286679 dur=1730097 
[mono_ns=83665067155215][T0x701395b15740][TIMING] emit_host_span: [STRACE] v=1 pid=3964021 tid=3964021 inv=45 hid=d8e9c89da8b0d3f9 depth=1 name=chip.run.validate ts=83665033023035 dur=34130958 
[mono_ns=83665067163497][T0x701395b15740][TIMING] emit_host_span: [STRACE] v=1 pid=3964021 tid=3964021 inv=45 hid=d8e9c89da8b0d3f9 depth=2 name=chip.run.runner_run.device_wall ts=0 dur=1570405 clk=dev
[mono_ns=83665067165250][T0x701395b15740][TIMING] emit_host_span: [STRACE] v=1 pid=3964021 tid=3964021 inv=45 hid=d8e9c89da8b0d3f9 depth=3 name=chip.run.runner_run.device_wall.preamble ts=0 dur=13267 clk=dev
[mono_ns=83665067166582][T0x701395b15740][TIMING] emit_host_span: [STRACE] v=1 pid=3964021 tid=3964021 inv=45 hid=d8e9c89da8b0d3f9 depth=3 name=chip.run.runner_run.device_wall.graph_build ts=2745 dur=1562846 clk=dev
[mono_ns=83665067167724][T0x701395b15740][TIMING] emit_host_span: [STRACE] v=1 pid=3964021 tid=3964021 inv=45 hid=d8e9c89da8b0d3f9 depth=3 name=chip.run.runner_run.device_wall.config_validate ts=3117 dur=1724 clk=dev
[mono_ns=83665067168865][T0x701395b15740][TIMING] emit_host_span: [STRACE] v=1 pid=3964021 tid=3964021 inv=45 hid=d8e9c89da8b0d3f9 depth=3 name=chip.run.runner_run.device_wall.arena_wire ts=4869 dur=2256 clk=dev
[mono_ns=83665067170037][T0x701395b15740][TIMING] emit_host_span: [STRACE] v=1 pid=3964021 tid=3964021 inv=45 hid=d8e9c89da8b0d3f9 depth=3 name=chip.run.runner_run.device_wall.sm_reset ts=7185 dur=2816 clk=dev
[mono_ns=83665067171259][T0x701395b15740][TIMING] emit_host_span: [STRACE] v=1 pid=3964021 tid=3964021 inv=45 hid=d8e9c89da8b0d3f9 depth=3 name=chip.run.runner_run.device_wall.post_orch ts=1565639 dur=4628 clk=dev
[mono_ns=83665067172401][T0x701395b15740][TIMING] emit_host_span: [STRACE] v=1 pid=3964021 tid=3964021 inv=45 hid=d8e9c89da8b0d3f9 depth=3 name=chip.run.runner_run.device_wall.orch ts=10081 dur=1539255 clk=dev
[mono_ns=83665067173522][T0x701395b15740][TIMING] emit_host_span: [STRACE] v=1 pid=3964021 tid=3964021 inv=45 hid=d8e9c89da8b0d3f9 depth=3 name=chip.run.runner_run.device_wall.sched ts=12790 dur=1538772 clk=dev
[mono_ns=83665067181534][T0x701395b15740][TIMING] emit_host_span: [STRACE] v=1 pid=3964021 tid=3964021 inv=45 hid=d8e9c89da8b0d3f9 depth=1 name=chip.run.claim_release ts=83665067181104 dur=170 
[mono_ns=83665067183427][T0x701395b15740][TIMING] emit_host_span: [STRACE] v=1 pid=3964021 tid=3964021 inv=45 hid=d8e9c89da8b0d3f9 depth=0 name=chip.run ts=83664959943739 dur=107239378 run_id=0 dispatch_id=0 slot_id=0 generation=45 run_epoch=45
[mono_ns=83665133710068][T0x701395b15740][TIMING] emit_host_span: [STRACE] v=1 pid=3964021 tid=3964021 inv=46 hid=d8e9c89da8b0d3f9 depth=2 name=chip.run.bind.args ts=83665068675537 dur=65033670 
[mono_ns=83665133728466][T0x701395b15740][TIMING] emit_host_span: [STRACE] v=1 pid=3964021 tid=3964021 inv=46 hid=d8e9c89da8b0d3f9 depth=2 name=chip.run.bind.prebuilt ts=83665133725091 dur=2854 
[mono_ns=83665133730769][T0x701395b15740][TIMING] emit_host_span: [STRACE] v=1 pid=3964021 tid=3964021 inv=46 hid=d8e9c89da8b0d3f9 depth=1 name=chip.run.bind ts=83665068671891 dur=65058428 
[mono_ns=83665138310693][T0x701395b15740][WARN] prepare_execution: [device_runner.cpp:342] AICPU CPU_TOPO unavailable; using json_fallback: soc=Ascend950PR_9579 occupy=0x3e stable_reachable=5 requested=0 effective=5 affinity=[1, 2, 3, 4, 5(orch)]
[mono_ns=83665140121251][T0x701395b15740][TIMING] emit_host_span: [STRACE] v=1 pid=3964021 tid=3964021 inv=46 hid=d8e9c89da8b0d3f9 depth=1 name=chip.run.runner_run ts=83665138368110 dur=1752650 
[mono_ns=83665173545929][T0x701395b15740][TIMING] emit_host_span: [STRACE] v=1 pid=3964021 tid=3964021 inv=46 hid=d8e9c89da8b0d3f9 depth=1 name=chip.run.validate ts=83665140126889 dur=33418439 
[mono_ns=83665173553180][T0x701395b15740][TIMING] emit_host_span: [STRACE] v=1 pid=3964021 tid=3964021 inv=46 hid=d8e9c89da8b0d3f9 depth=2 name=chip.run.runner_run.device_wall ts=0 dur=1594816 clk=dev
[mono_ns=83665173554942][T0x701395b15740][TIMING] emit_host_span: [STRACE] v=1 pid=3964021 tid=3964021 inv=46 hid=d8e9c89da8b0d3f9 depth=3 name=chip.run.runner_run.device_wall.preamble ts=0 dur=13369 clk=dev
[mono_ns=83665173556244][T0x701395b15740][TIMING] emit_host_span: [STRACE] v=1 pid=3964021 tid=3964021 inv=46 hid=d8e9c89da8b0d3f9 depth=3 name=chip.run.runner_run.device_wall.graph_build ts=3138 dur=1586057 clk=dev
[mono_ns=83665173557506][T0x701395b15740][TIMING] emit_host_span: [STRACE] v=1 pid=3964021 tid=3964021 inv=46 hid=d8e9c89da8b0d3f9 depth=3 name=chip.run.runner_run.device_wall.config_validate ts=3179 dur=1410 clk=dev
[mono_ns=83665173558638][T0x701395b15740][TIMING] emit_host_span: [STRACE] v=1 pid=3964021 tid=3964021 inv=46 hid=d8e9c89da8b0d3f9 depth=3 name=chip.run.runner_run.device_wall.arena_wire ts=4615 dur=2118 clk=dev
[mono_ns=83665173560180][T0x701395b15740][TIMING] emit_host_span: [STRACE] v=1 pid=3964021 tid=3964021 inv=46 hid=d8e9c89da8b0d3f9 depth=3 name=chip.run.runner_run.device_wall.sm_reset ts=6822 dur=3006 clk=dev
[mono_ns=83665173561352][T0x701395b15740][TIMING] emit_host_span: [STRACE] v=1 pid=3964021 tid=3964021 inv=46 hid=d8e9c89da8b0d3f9 depth=3 name=chip.run.runner_run.device_wall.post_orch ts=1589224 dur=4977 clk=dev
[mono_ns=83665173562484][T0x701395b15740][TIMING] emit_host_span: [STRACE] v=1 pid=3964021 tid=3964021 inv=46 hid=d8e9c89da8b0d3f9 depth=3 name=chip.run.runner_run.device_wall.orch ts=10077 dur=1562751 clk=dev
[mono_ns=83665173563605][T0x701395b15740][TIMING] emit_host_span: [STRACE] v=1 pid=3964021 tid=3964021 inv=46 hid=d8e9c89da8b0d3f9 depth=3 name=chip.run.runner_run.device_wall.sched ts=13142 dur=1560795 clk=dev
[mono_ns=83665173565117][T0x701395b15740][TIMING] emit_host_span: [STRACE] v=1 pid=3964021 tid=3964021 inv=46 hid=d8e9c89da8b0d3f9 depth=1 name=chip.run.claim_release ts=83665173564707 dur=170 
[mono_ns=83665173566990][T0x701395b15740][TIMING] emit_host_span: [STRACE] v=1 pid=3964021 tid=3964021 inv=46 hid=d8e9c89da8b0d3f9 depth=0 name=chip.run ts=83665068666463 dur=104900187 run_id=0 dispatch_id=0 slot_id=0 generation=46 run_epoch=46
[mono_ns=83665240303777][T0x701395b15740][TIMING] emit_host_span: [STRACE] v=1 pid=3964021 tid=3964021 inv=47 hid=d8e9c89da8b0d3f9 depth=2 name=chip.run.bind.args ts=83665175035304 dur=65267471 
[mono_ns=83665240321924][T0x701395b15740][TIMING] emit_host_span: [STRACE] v=1 pid=3964021 tid=3964021 inv=47 hid=d8e9c89da8b0d3f9 depth=2 name=chip.run.bind.prebuilt ts=83665240319100 dur=2393 
[mono_ns=83665240324067][T0x701395b15740][TIMING] emit_host_span: [STRACE] v=1 pid=3964021 tid=3964021 inv=47 hid=d8e9c89da8b0d3f9 depth=1 name=chip.run.bind ts=83665175031719 dur=65291868 
[mono_ns=83665244993776][T0x701395b15740][WARN] prepare_execution: [device_runner.cpp:342] AICPU CPU_TOPO unavailable; using json_fallback: soc=Ascend950PR_9579 occupy=0x3e stable_reachable=5 requested=0 effective=5 affinity=[1, 2, 3, 4, 5(orch)]
[mono_ns=83665246931815][T0x701395b15740][TIMING] emit_host_span: [STRACE] v=1 pid=3964021 tid=3964021 inv=47 hid=d8e9c89da8b0d3f9 depth=1 name=chip.run.runner_run ts=83665245065594 dur=1865770 
[mono_ns=83665281008161][T0x701395b15740][TIMING] emit_host_span: [STRACE] v=1 pid=3964021 tid=3964021 inv=47 hid=d8e9c89da8b0d3f9 depth=1 name=chip.run.validate ts=83665246936812 dur=34070658 
[mono_ns=83665281016774][T0x701395b15740][TIMING] emit_host_span: [STRACE] v=1 pid=3964021 tid=3964021 inv=47 hid=d8e9c89da8b0d3f9 depth=2 name=chip.run.runner_run.device_wall ts=0 dur=1705779 clk=dev
[mono_ns=83665281018516][T0x701395b15740][TIMING] emit_host_span: [STRACE] v=1 pid=3964021 tid=3964021 inv=47 hid=d8e9c89da8b0d3f9 depth=3 name=chip.run.runner_run.device_wall.preamble ts=0 dur=13913 clk=dev
[mono_ns=83665281019828][T0x701395b15740][TIMING] emit_host_span: [STRACE] v=1 pid=3964021 tid=3964021 inv=47 hid=d8e9c89da8b0d3f9 depth=3 name=chip.run.runner_run.device_wall.graph_build ts=2513 dur=1697867 clk=dev
[mono_ns=83665281020980][T0x701395b15740][TIMING] emit_host_span: [STRACE] v=1 pid=3964021 tid=3964021 inv=47 hid=d8e9c89da8b0d3f9 depth=3 name=chip.run.runner_run.device_wall.config_validate ts=2973 dur=1539 clk=dev
[mono_ns=83665281022102][T0x701395b15740][TIMING] emit_host_span: [STRACE] v=1 pid=3964021 tid=3964021 inv=47 hid=d8e9c89da8b0d3f9 depth=3 name=chip.run.runner_run.device_wall.arena_wire ts=4714 dur=1982 clk=dev
[mono_ns=83665281023233][T0x701395b15740][TIMING] emit_host_span: [STRACE] v=1 pid=3964021 tid=3964021 inv=47 hid=d8e9c89da8b0d3f9 depth=3 name=chip.run.runner_run.device_wall.sm_reset ts=6863 dur=2572 clk=dev
[mono_ns=83665281024385][T0x701395b15740][TIMING] emit_host_span: [STRACE] v=1 pid=3964021 tid=3964021 inv=47 hid=d8e9c89da8b0d3f9 depth=3 name=chip.run.runner_run.device_wall.post_orch ts=1700408 dur=4993 clk=dev
[mono_ns=83665281025537][T0x701395b15740][TIMING] emit_host_span: [STRACE] v=1 pid=3964021 tid=3964021 inv=47 hid=d8e9c89da8b0d3f9 depth=3 name=chip.run.runner_run.device_wall.orch ts=9673 dur=1673148 clk=dev
[mono_ns=83665281026679][T0x701395b15740][TIMING] emit_host_span: [STRACE] v=1 pid=3964021 tid=3964021 inv=47 hid=d8e9c89da8b0d3f9 depth=3 name=chip.run.runner_run.device_wall.sched ts=13383 dur=1671970 clk=dev
[mono_ns=83665281028411][T0x701395b15740][TIMING] emit_host_span: [STRACE] v=1 pid=3964021 tid=3964021 inv=47 hid=d8e9c89da8b0d3f9 depth=1 name=chip.run.claim_release ts=83665281027870 dur=171 
[mono_ns=83665281030174][T0x701395b15740][TIMING] emit_host_span: [STRACE] v=1 pid=3964021 tid=3964021 inv=47 hid=d8e9c89da8b0d3f9 depth=0 name=chip.run ts=83665175026361 dur=106003492 run_id=0 dispatch_id=0 slot_id=0 generation=47 run_epoch=47
[mono_ns=83665346210404][T0x701395b15740][TIMING] emit_host_span: [STRACE] v=1 pid=3964021 tid=3964021 inv=48 hid=d8e9c89da8b0d3f9 depth=2 name=chip.run.bind.args ts=83665282433069 dur=63776043 
[mono_ns=83665346227069][T0x701395b15740][TIMING] emit_host_span: [STRACE] v=1 pid=3964021 tid=3964021 inv=48 hid=d8e9c89da8b0d3f9 depth=2 name=chip.run.bind.prebuilt ts=83665346224625 dur=2084 
[mono_ns=83665346229052][T0x701395b15740][TIMING] emit_host_span: [STRACE] v=1 pid=3964021 tid=3964021 inv=48 hid=d8e9c89da8b0d3f9 depth=1 name=chip.run.bind ts=83665282429895 dur=63798686 
[mono_ns=83665350819352][T0x701395b15740][WARN] prepare_execution: [device_runner.cpp:342] AICPU CPU_TOPO unavailable; using json_fallback: soc=Ascend950PR_9579 occupy=0x3e stable_reachable=5 requested=0 effective=5 affinity=[1, 2, 3, 4, 5(orch)]
[mono_ns=83665352802418][T0x701395b15740][TIMING] emit_host_span: [STRACE] v=1 pid=3964021 tid=3964021 inv=48 hid=d8e9c89da8b0d3f9 depth=1 name=chip.run.runner_run ts=83665350877779 dur=1924018 
[mono_ns=83665386052083][T0x701395b15740][TIMING] emit_host_span: [STRACE] v=1 pid=3964021 tid=3964021 inv=48 hid=d8e9c89da8b0d3f9 depth=1 name=chip.run.validate ts=83665352807716 dur=33243566 
[mono_ns=83665386061187][T0x701395b15740][TIMING] emit_host_span: [STRACE] v=1 pid=3964021 tid=3964021 inv=48 hid=d8e9c89da8b0d3f9 depth=2 name=chip.run.runner_run.device_wall ts=0 dur=1771473 clk=dev
[mono_ns=83665386062950][T0x701395b15740][TIMING] emit_host_span: [STRACE] v=1 pid=3964021 tid=3964021 inv=48 hid=d8e9c89da8b0d3f9 depth=3 name=chip.run.runner_run.device_wall.preamble ts=0 dur=15360 clk=dev
[mono_ns=83665386064302][T0x701395b15740][TIMING] emit_host_span: [STRACE] v=1 pid=3964021 tid=3964021 inv=48 hid=d8e9c89da8b0d3f9 depth=3 name=chip.run.runner_run.device_wall.graph_build ts=5020 dur=1761617 clk=dev
[mono_ns=83665386065443][T0x701395b15740][TIMING] emit_host_span: [STRACE] v=1 pid=3964021 tid=3964021 inv=48 hid=d8e9c89da8b0d3f9 depth=3 name=chip.run.runner_run.device_wall.config_validate ts=5530 dur=1409 clk=dev
[mono_ns=83665386066605][T0x701395b15740][TIMING] emit_host_span: [STRACE] v=1 pid=3964021 tid=3964021 inv=48 hid=d8e9c89da8b0d3f9 depth=3 name=chip.run.runner_run.device_wall.arena_wire ts=7150 dur=2088 clk=dev
[mono_ns=83665386067787][T0x701395b15740][TIMING] emit_host_span: [STRACE] v=1 pid=3964021 tid=3964021 inv=48 hid=d8e9c89da8b0d3f9 depth=3 name=chip.run.runner_run.device_wall.sm_reset ts=9258 dur=2631 clk=dev
[mono_ns=83665386068899][T0x701395b15740][TIMING] emit_host_span: [STRACE] v=1 pid=3964021 tid=3964021 inv=48 hid=d8e9c89da8b0d3f9 depth=3 name=chip.run.runner_run.device_wall.post_orch ts=1766666 dur=4255 clk=dev
[mono_ns=83665386070050][T0x701395b15740][TIMING] emit_host_span: [STRACE] v=1 pid=3964021 tid=3964021 inv=48 hid=d8e9c89da8b0d3f9 depth=3 name=chip.run.runner_run.device_wall.orch ts=11977 dur=1737408 clk=dev
[mono_ns=83665386071152][T0x701395b15740][TIMING] emit_host_span: [STRACE] v=1 pid=3964021 tid=3964021 inv=48 hid=d8e9c89da8b0d3f9 depth=3 name=chip.run.runner_run.device_wall.sched ts=14998 dur=1736391 clk=dev
[mono_ns=83665386072874][T0x701395b15740][TIMING] emit_host_span: [STRACE] v=1 pid=3964021 tid=3964021 inv=48 hid=d8e9c89da8b0d3f9 depth=1 name=chip.run.claim_release ts=83665386072324 dur=190 
[mono_ns=83665386074447][T0x701395b15740][TIMING] emit_host_span: [STRACE] v=1 pid=3964021 tid=3964021 inv=48 hid=d8e9c89da8b0d3f9 depth=0 name=chip.run ts=83665282424286 dur=103649850 run_id=0 dispatch_id=0 slot_id=0 generation=48 run_epoch=48
[mono_ns=83665453315640][T0x701395b15740][TIMING] emit_host_span: [STRACE] v=1 pid=3964021 tid=3964021 inv=49 hid=d8e9c89da8b0d3f9 depth=2 name=chip.run.bind.args ts=83665387495149 dur=65816596 
[mono_ns=83665453342411][T0x701395b15740][TIMING] emit_host_span: [STRACE] v=1 pid=3964021 tid=3964021 inv=49 hid=d8e9c89da8b0d3f9 depth=2 name=chip.run.bind.prebuilt ts=83665453335510 dur=6580 
[mono_ns=83665453344744][T0x701395b15740][TIMING] emit_host_span: [STRACE] v=1 pid=3964021 tid=3964021 inv=49 hid=d8e9c89da8b0d3f9 depth=1 name=chip.run.bind ts=83665387491794 dur=65852489 
[mono_ns=83665457926130][T0x701395b15740][WARN] prepare_execution: [device_runner.cpp:342] AICPU CPU_TOPO unavailable; using json_fallback: soc=Ascend950PR_9579 occupy=0x3e stable_reachable=5 requested=0 effective=5 affinity=[1, 2, 3, 4, 5(orch)]
[mono_ns=83665459760353][T0x701395b15740][TIMING] emit_host_span: [STRACE] v=1 pid=3964021 tid=3964021 inv=49 hid=d8e9c89da8b0d3f9 depth=1 name=chip.run.runner_run ts=83665457986932 dur=1772670 
[mono_ns=83665494072734][T0x701395b15740][TIMING] emit_host_span: [STRACE] v=1 pid=3964021 tid=3964021 inv=49 hid=d8e9c89da8b0d3f9 depth=1 name=chip.run.validate ts=83665459766403 dur=34305559 
[mono_ns=83665494088537][T0x701395b15740][TIMING] emit_host_span: [STRACE] v=1 pid=3964021 tid=3964021 inv=49 hid=d8e9c89da8b0d3f9 depth=2 name=chip.run.runner_run.device_wall ts=0 dur=1596895 clk=dev
[mono_ns=83665494090460][T0x701395b15740][TIMING] emit_host_span: [STRACE] v=1 pid=3964021 tid=3964021 inv=49 hid=d8e9c89da8b0d3f9 depth=3 name=chip.run.runner_run.device_wall.preamble ts=0 dur=12757 clk=dev
[mono_ns=83665494091822][T0x701395b15740][TIMING] emit_host_span: [STRACE] v=1 pid=3964021 tid=3964021 inv=49 hid=d8e9c89da8b0d3f9 depth=3 name=chip.run.runner_run.device_wall.graph_build ts=2555 dur=1590062 clk=dev
[mono_ns=83665494092984][T0x701395b15740][TIMING] emit_host_span: [STRACE] v=1 pid=3964021 tid=3964021 inv=49 hid=d8e9c89da8b0d3f9 depth=3 name=chip.run.runner_run.device_wall.config_validate ts=2934 dur=1803 clk=dev
[mono_ns=83665494094236][T0x701395b15740][TIMING] emit_host_span: [STRACE] v=1 pid=3964021 tid=3964021 inv=49 hid=d8e9c89da8b0d3f9 depth=3 name=chip.run.runner_run.device_wall.arena_wire ts=4763 dur=1826 clk=dev
[mono_ns=83665494095488][T0x701395b15740][TIMING] emit_host_span: [STRACE] v=1 pid=3964021 tid=3964021 inv=49 hid=d8e9c89da8b0d3f9 depth=3 name=chip.run.runner_run.device_wall.sm_reset ts=6606 dur=2564 clk=dev
[mono_ns=83665494096619][T0x701395b15740][TIMING] emit_host_span: [STRACE] v=1 pid=3964021 tid=3964021 inv=49 hid=d8e9c89da8b0d3f9 depth=3 name=chip.run.runner_run.device_wall.post_orch ts=1592648 dur=3844 clk=dev
[mono_ns=83665494097771][T0x701395b15740][TIMING] emit_host_span: [STRACE] v=1 pid=3964021 tid=3964021 inv=49 hid=d8e9c89da8b0d3f9 depth=3 name=chip.run.runner_run.device_wall.orch ts=9434 dur=1566283 clk=dev
[mono_ns=83665494098903][T0x701395b15740][TIMING] emit_host_span: [STRACE] v=1 pid=3964021 tid=3964021 inv=49 hid=d8e9c89da8b0d3f9 depth=3 name=chip.run.runner_run.device_wall.sched ts=12421 dur=1565101 clk=dev
[mono_ns=83665494100635][T0x701395b15740][TIMING] emit_host_span: [STRACE] v=1 pid=3964021 tid=3964021 inv=49 hid=d8e9c89da8b0d3f9 depth=1 name=chip.run.claim_release ts=83665494100135 dur=220 
[mono_ns=83665494102408][T0x701395b15740][TIMING] emit_host_span: [STRACE] v=1 pid=3964021 tid=3964021 inv=49 hid=d8e9c89da8b0d3f9 depth=0 name=chip.run ts=83665387486737 dur=106615321 run_id=0 dispatch_id=0 slot_id=0 generation=49 run_epoch=49
[mono_ns=83665561885665][T0x701395b15740][TIMING] emit_host_span: [STRACE] v=1 pid=3964021 tid=3964021 inv=50 hid=d8e9c89da8b0d3f9 depth=2 name=chip.run.bind.args ts=83665495572715 dur=66312049 
[mono_ns=83665561903001][T0x701395b15740][TIMING] emit_host_span: [STRACE] v=1 pid=3964021 tid=3964021 inv=50 hid=d8e9c89da8b0d3f9 depth=2 name=chip.run.bind.prebuilt ts=83665561900227 dur=2384 
[mono_ns=83665561905074][T0x701395b15740][TIMING] emit_host_span: [STRACE] v=1 pid=3964021 tid=3964021 inv=50 hid=d8e9c89da8b0d3f9 depth=1 name=chip.run.bind ts=83665495568879 dur=66335825 
[mono_ns=83665566483877][T0x701395b15740][WARN] prepare_execution: [device_runner.cpp:342] AICPU CPU_TOPO unavailable; using json_fallback: soc=Ascend950PR_9579 occupy=0x3e stable_reachable=5 requested=0 effective=5 affinity=[1, 2, 3, 4, 5(orch)]
[mono_ns=83665568294795][T0x701395b15740][TIMING] emit_host_span: [STRACE] v=1 pid=3964021 tid=3964021 inv=50 hid=d8e9c89da8b0d3f9 depth=1 name=chip.run.runner_run ts=83665566543296 dur=1751058 
[mono_ns=83665601858972][T0x701395b15740][TIMING] emit_host_span: [STRACE] v=1 pid=3964021 tid=3964021 inv=50 hid=d8e9c89da8b0d3f9 depth=1 name=chip.run.validate ts=83665568300323 dur=33557878 
[mono_ns=83665601866964][T0x701395b15740][TIMING] emit_host_span: [STRACE] v=1 pid=3964021 tid=3964021 inv=50 hid=d8e9c89da8b0d3f9 depth=2 name=chip.run.runner_run.device_wall ts=0 dur=1590591 clk=dev
[mono_ns=83665601868637][T0x701395b15740][TIMING] emit_host_span: [STRACE] v=1 pid=3964021 tid=3964021 inv=50 hid=d8e9c89da8b0d3f9 depth=3 name=chip.run.runner_run.device_wall.preamble ts=0 dur=11838 clk=dev
[mono_ns=83665601875427][T0x701395b15740][TIMING] emit_host_span: [STRACE] v=1 pid=3964021 tid=3964021 inv=50 hid=d8e9c89da8b0d3f9 depth=3 name=chip.run.runner_run.device_wall.graph_build ts=2647 dur=1583831 clk=dev
[mono_ns=83665601876679][T0x701395b15740][TIMING] emit_host_span: [STRACE] v=1 pid=3964021 tid=3964021 inv=50 hid=d8e9c89da8b0d3f9 depth=3 name=chip.run.runner_run.device_wall.config_validate ts=3014 dur=1791 clk=dev
[mono_ns=83665601877790][T0x701395b15740][TIMING] emit_host_span: [STRACE] v=1 pid=3964021 tid=3964021 inv=50 hid=d8e9c89da8b0d3f9 depth=3 name=chip.run.runner_run.device_wall.arena_wire ts=4833 dur=1263 clk=dev
[mono_ns=83665601878902][T0x701395b15740][TIMING] emit_host_span: [STRACE] v=1 pid=3964021 tid=3964021 inv=50 hid=d8e9c89da8b0d3f9 depth=3 name=chip.run.runner_run.device_wall.sm_reset ts=6117 dur=3012 clk=dev
[mono_ns=83665601880014][T0x701395b15740][TIMING] emit_host_span: [STRACE] v=1 pid=3964021 tid=3964021 inv=50 hid=d8e9c89da8b0d3f9 depth=3 name=chip.run.runner_run.device_wall.post_orch ts=1586524 dur=3770 clk=dev
[mono_ns=83665601881155][T0x701395b15740][TIMING] emit_host_span: [STRACE] v=1 pid=3964021 tid=3964021 inv=50 hid=d8e9c89da8b0d3f9 depth=3 name=chip.run.runner_run.device_wall.orch ts=9875 dur=1559562 clk=dev
[mono_ns=83665601882267][T0x701395b15740][TIMING] emit_host_span: [STRACE] v=1 pid=3964021 tid=3964021 inv=50 hid=d8e9c89da8b0d3f9 depth=3 name=chip.run.runner_run.device_wall.sched ts=11408 dur=1560006 clk=dev
[mono_ns=83665601884220][T0x701395b15740][TIMING] emit_host_span: [STRACE] v=1 pid=3964021 tid=3964021 inv=50 hid=d8e9c89da8b0d3f9 depth=1 name=chip.run.claim_release ts=83665601883559 dur=300 
[mono_ns=83665601886243][T0x701395b15740][TIMING] emit_host_span: [STRACE] v=1 pid=3964021 tid=3964021 inv=50 hid=d8e9c89da8b0d3f9 depth=0 name=chip.run ts=83665495563151 dur=106322651 run_id=0 dispatch_id=0 slot_id=0 generation=50 run_epoch=50
[mono_ns=83665670388900][T0x701395b15740][TIMING] emit_host_span: [STRACE] v=1 pid=3964021 tid=3964021 inv=51 hid=d8e9c89da8b0d3f9 depth=2 name=chip.run.bind.args ts=83665603305473 dur=67082215 
[mono_ns=83665670406026][T0x701395b15740][TIMING] emit_host_span: [STRACE] v=1 pid=3964021 tid=3964021 inv=51 hid=d8e9c89da8b0d3f9 depth=2 name=chip.run.bind.prebuilt ts=83665670403412 dur=2223 
[mono_ns=83665670407959][T0x701395b15740][TIMING] emit_host_span: [STRACE] v=1 pid=3964021 tid=3964021 inv=51 hid=d8e9c89da8b0d3f9 depth=1 name=chip.run.bind ts=83665603301667 dur=67105911 
[mono_ns=83665674980361][T0x701395b15740][WARN] prepare_execution: [device_runner.cpp:342] AICPU CPU_TOPO unavailable; using json_fallback: soc=Ascend950PR_9579 occupy=0x3e stable_reachable=5 requested=0 effective=5 affinity=[1, 2, 3, 4, 5(orch)]
[mono_ns=83665676780032][T0x701395b15740][TIMING] emit_host_span: [STRACE] v=1 pid=3964021 tid=3964021 inv=51 hid=d8e9c89da8b0d3f9 depth=1 name=chip.run.runner_run ts=83665675042134 dur=1737418 
[mono_ns=83665711298662][T0x701395b15740][TIMING] emit_host_span: [STRACE] v=1 pid=3964021 tid=3964021 inv=51 hid=d8e9c89da8b0d3f9 depth=1 name=chip.run.validate ts=83665676785981 dur=34511479 
[mono_ns=83665711310550][T0x701395b15740][TIMING] emit_host_span: [STRACE] v=1 pid=3964021 tid=3964021 inv=51 hid=d8e9c89da8b0d3f9 depth=2 name=chip.run.runner_run.device_wall ts=0 dur=1543877 clk=dev
[mono_ns=83665711312783][T0x701395b15740][TIMING] emit_host_span: [STRACE] v=1 pid=3964021 tid=3964021 inv=51 hid=d8e9c89da8b0d3f9 depth=3 name=chip.run.runner_run.device_wall.preamble ts=0 dur=13370 clk=dev
[mono_ns=83665711314336][T0x701395b15740][TIMING] emit_host_span: [STRACE] v=1 pid=3964021 tid=3964021 inv=51 hid=d8e9c89da8b0d3f9 depth=3 name=chip.run.runner_run.device_wall.graph_build ts=3312 dur=1535359 clk=dev
[mono_ns=83665711315568][T0x701395b15740][TIMING] emit_host_span: [STRACE] v=1 pid=3964021 tid=3964021 inv=51 hid=d8e9c89da8b0d3f9 depth=3 name=chip.run.runner_run.device_wall.config_validate ts=3669 dur=1403 clk=dev
[mono_ns=83665711316759][T0x701395b15740][TIMING] emit_host_span: [STRACE] v=1 pid=3964021 tid=3964021 inv=51 hid=d8e9c89da8b0d3f9 depth=3 name=chip.run.runner_run.device_wall.arena_wire ts=5095 dur=2110 clk=dev
[mono_ns=83665711321737][T0x701395b15740][TIMING] emit_host_span: [STRACE] v=1 pid=3964021 tid=3964021 inv=51 hid=d8e9c89da8b0d3f9 depth=3 name=chip.run.runner_run.device_wall.sm_reset ts=7225 dur=2916 clk=dev
[mono_ns=83665711322969][T0x701395b15740][TIMING] emit_host_span: [STRACE] v=1 pid=3964021 tid=3964021 inv=51 hid=d8e9c89da8b0d3f9 depth=3 name=chip.run.runner_run.device_wall.post_orch ts=1538693 dur=4955 clk=dev
[mono_ns=83665711324120][T0x701395b15740][TIMING] emit_host_span: [STRACE] v=1 pid=3964021 tid=3964021 inv=51 hid=d8e9c89da8b0d3f9 depth=3 name=chip.run.runner_run.device_wall.orch ts=10233 dur=1512070 clk=dev
[mono_ns=83665711325242][T0x701395b15740][TIMING] emit_host_span: [STRACE] v=1 pid=3964021 tid=3964021 inv=51 hid=d8e9c89da8b0d3f9 depth=3 name=chip.run.runner_run.device_wall.sched ts=12961 dur=1511364 clk=dev
[mono_ns=83665711327215][T0x701395b15740][TIMING] emit_host_span: [STRACE] v=1 pid=3964021 tid=3964021 inv=51 hid=d8e9c89da8b0d3f9 depth=1 name=chip.run.claim_release ts=83665711326644 dur=200 
[mono_ns=83665711329148][T0x701395b15740][TIMING] emit_host_span: [STRACE] v=1 pid=3964021 tid=3964021 inv=51 hid=d8e9c89da8b0d3f9 depth=0 name=chip.run ts=83665603296259 dur=108032518 run_id=0 dispatch_id=0 slot_id=0 generation=51 run_epoch=51
[mono_ns=83665780094910][T0x701395b15740][TIMING] emit_host_span: [STRACE] v=1 pid=3964021 tid=3964021 inv=52 hid=d8e9c89da8b0d3f9 depth=2 name=chip.run.bind.args ts=83665712729169 dur=67364599 
[mono_ns=83665780111925][T0x701395b15740][TIMING] emit_host_span: [STRACE] v=1 pid=3964021 tid=3964021 inv=52 hid=d8e9c89da8b0d3f9 depth=2 name=chip.run.bind.prebuilt ts=83665780109382 dur=2223 
[mono_ns=83665780113808][T0x701395b15740][TIMING] emit_host_span: [STRACE] v=1 pid=3964021 tid=3964021 inv=52 hid=d8e9c89da8b0d3f9 depth=1 name=chip.run.bind ts=83665712725053 dur=67388385 
[mono_ns=83665784796446][T0x701395b15740][WARN] prepare_execution: [device_runner.cpp:342] AICPU CPU_TOPO unavailable; using json_fallback: soc=Ascend950PR_9579 occupy=0x3e stable_reachable=5 requested=0 effective=5 affinity=[1, 2, 3, 4, 5(orch)]
[mono_ns=83665786603288][T0x701395b15740][TIMING] emit_host_span: [STRACE] v=1 pid=3964021 tid=3964021 inv=52 hid=d8e9c89da8b0d3f9 depth=1 name=chip.run.runner_run ts=83665784854914 dur=1747824 
[mono_ns=83665820977802][T0x701395b15740][TIMING] emit_host_span: [STRACE] v=1 pid=3964021 tid=3964021 inv=52 hid=d8e9c89da8b0d3f9 depth=1 name=chip.run.validate ts=83665786608827 dur=34368394 
[mono_ns=83665820986184][T0x701395b15740][TIMING] emit_host_span: [STRACE] v=1 pid=3964021 tid=3964021 inv=52 hid=d8e9c89da8b0d3f9 depth=2 name=chip.run.runner_run.device_wall ts=0 dur=1573573 clk=dev
[mono_ns=83665820988147][T0x701395b15740][TIMING] emit_host_span: [STRACE] v=1 pid=3964021 tid=3964021 inv=52 hid=d8e9c89da8b0d3f9 depth=3 name=chip.run.runner_run.device_wall.preamble ts=0 dur=15085 clk=dev
[mono_ns=83665820989539][T0x701395b15740][TIMING] emit_host_span: [STRACE] v=1 pid=3964021 tid=3964021 inv=52 hid=d8e9c89da8b0d3f9 depth=3 name=chip.run.runner_run.device_wall.graph_build ts=5228 dur=1564017 clk=dev
[mono_ns=83665820990701][T0x701395b15740][TIMING] emit_host_span: [STRACE] v=1 pid=3964021 tid=3964021 inv=52 hid=d8e9c89da8b0d3f9 depth=3 name=chip.run.runner_run.device_wall.config_validate ts=5787 dur=1583 clk=dev
[mono_ns=83665820991843][T0x701395b15740][TIMING] emit_host_span: [STRACE] v=1 pid=3964021 tid=3964021 inv=52 hid=d8e9c89da8b0d3f9 depth=3 name=chip.run.runner_run.device_wall.arena_wire ts=7600 dur=2157 clk=dev
[mono_ns=83665820992984][T0x701395b15740][TIMING] emit_host_span: [STRACE] v=1 pid=3964021 tid=3964021 inv=52 hid=d8e9c89da8b0d3f9 depth=3 name=chip.run.runner_run.device_wall.sm_reset ts=9817 dur=3127 clk=dev
[mono_ns=83665820994156][T0x701395b15740][TIMING] emit_host_span: [STRACE] v=1 pid=3964021 tid=3964021 inv=52 hid=d8e9c89da8b0d3f9 depth=3 name=chip.run.runner_run.device_wall.post_orch ts=1569281 dur=3907 clk=dev
[mono_ns=83665821005994][T0x701395b15740][TIMING] emit_host_span: [STRACE] v=1 pid=3964021 tid=3964021 inv=52 hid=d8e9c89da8b0d3f9 depth=3 name=chip.run.runner_run.device_wall.orch ts=12982 dur=1538581 clk=dev
[mono_ns=83665821007727][T0x701395b15740][TIMING] emit_host_span: [STRACE] v=1 pid=3964021 tid=3964021 inv=52 hid=d8e9c89da8b0d3f9 depth=3 name=chip.run.runner_run.device_wall.sched ts=14999 dur=1538599 clk=dev
[mono_ns=83665821009589][T0x701395b15740][TIMING] emit_host_span: [STRACE] v=1 pid=3964021 tid=3964021 inv=52 hid=d8e9c89da8b0d3f9 depth=1 name=chip.run.claim_release ts=83665821009039 dur=170 
[mono_ns=83665821011422][T0x701395b15740][TIMING] emit_host_span: [STRACE] v=1 pid=3964021 tid=3964021 inv=52 hid=d8e9c89da8b0d3f9 depth=0 name=chip.run ts=83665712717101 dur=108293981 run_id=0 dispatch_id=0 slot_id=0 generation=52 run_epoch=52
[mono_ns=83665887824724][T0x701395b15740][TIMING] emit_host_span: [STRACE] v=1 pid=3964021 tid=3964021 inv=53 hid=d8e9c89da8b0d3f9 depth=2 name=chip.run.bind.args ts=83665822401989 dur=65421212 
[mono_ns=83665887843672][T0x701395b15740][TIMING] emit_host_span: [STRACE] v=1 pid=3964021 tid=3964021 inv=53 hid=d8e9c89da8b0d3f9 depth=2 name=chip.run.bind.prebuilt ts=83665887841038 dur=2253 
[mono_ns=83665887845655][T0x701395b15740][TIMING] emit_host_span: [STRACE] v=1 pid=3964021 tid=3964021 inv=53 hid=d8e9c89da8b0d3f9 depth=1 name=chip.run.bind ts=83665822398734 dur=65446621 
[mono_ns=83665892391658][T0x701395b15740][WARN] prepare_execution: [device_runner.cpp:342] AICPU CPU_TOPO unavailable; using json_fallback: soc=Ascend950PR_9579 occupy=0x3e stable_reachable=5 requested=0 effective=5 affinity=[1, 2, 3, 4, 5(orch)]
[mono_ns=83665894229867][T0x701395b15740][TIMING] emit_host_span: [STRACE] v=1 pid=3964021 tid=3964021 inv=53 hid=d8e9c89da8b0d3f9 depth=1 name=chip.run.runner_run ts=83665892448994 dur=1780392 
[mono_ns=83665928289868][T0x701395b15740][TIMING] emit_host_span: [STRACE] v=1 pid=3964021 tid=3964021 inv=53 hid=d8e9c89da8b0d3f9 depth=1 name=chip.run.validate ts=83665894235546 dur=34053712 
[mono_ns=83665928298131][T0x701395b15740][TIMING] emit_host_span: [STRACE] v=1 pid=3964021 tid=3964021 inv=53 hid=d8e9c89da8b0d3f9 depth=2 name=chip.run.runner_run.device_wall ts=0 dur=1611604 clk=dev
[mono_ns=83665928299994][T0x701395b15740][TIMING] emit_host_span: [STRACE] v=1 pid=3964021 tid=3964021 inv=53 hid=d8e9c89da8b0d3f9 depth=3 name=chip.run.runner_run.device_wall.preamble ts=0 dur=12612 clk=dev
[mono_ns=83665928301326][T0x701395b15740][TIMING] emit_host_span: [STRACE] v=1 pid=3964021 tid=3964021 inv=53 hid=d8e9c89da8b0d3f9 depth=3 name=chip.run.runner_run.device_wall.graph_build ts=2698 dur=1604282 clk=dev
[mono_ns=83665928302477][T0x701395b15740][TIMING] emit_host_span: [STRACE] v=1 pid=3964021 tid=3964021 inv=53 hid=d8e9c89da8b0d3f9 depth=3 name=chip.run.runner_run.device_wall.config_validate ts=3054 dur=2012 clk=dev
[mono_ns=83665928303619][T0x701395b15740][TIMING] emit_host_span: [STRACE] v=1 pid=3964021 tid=3964021 inv=53 hid=d8e9c89da8b0d3f9 depth=3 name=chip.run.runner_run.device_wall.arena_wire ts=5092 dur=1162 clk=dev
[mono_ns=83665928304971][T0x701395b15740][TIMING] emit_host_span: [STRACE] v=1 pid=3964021 tid=3964021 inv=53 hid=d8e9c89da8b0d3f9 depth=3 name=chip.run.runner_run.device_wall.sm_reset ts=6268 dur=1981 clk=dev
[mono_ns=83665928306163][T0x701395b15740][TIMING] emit_host_span: [STRACE] v=1 pid=3964021 tid=3964021 inv=53 hid=d8e9c89da8b0d3f9 depth=3 name=chip.run.runner_run.device_wall.post_orch ts=1607011 dur=4364 clk=dev
[mono_ns=83665928307375][T0x701395b15740][TIMING] emit_host_span: [STRACE] v=1 pid=3964021 tid=3964021 inv=53 hid=d8e9c89da8b0d3f9 depth=3 name=chip.run.runner_run.device_wall.orch ts=8367 dur=1582053 clk=dev
[mono_ns=83665928308516][T0x701395b15740][TIMING] emit_host_span: [STRACE] v=1 pid=3964021 tid=3964021 inv=53 hid=d8e9c89da8b0d3f9 depth=3 name=chip.run.runner_run.device_wall.sched ts=12123 dur=1580489 clk=dev
[mono_ns=83665928310429][T0x701395b15740][TIMING] emit_host_span: [STRACE] v=1 pid=3964021 tid=3964021 inv=53 hid=d8e9c89da8b0d3f9 depth=1 name=chip.run.claim_release ts=83665928309858 dur=191 
[mono_ns=83665928317750][T0x701395b15740][TIMING] emit_host_span: [STRACE] v=1 pid=3964021 tid=3964021 inv=53 hid=d8e9c89da8b0d3f9 depth=0 name=chip.run ts=83665822393206 dur=105924194 run_id=0 dispatch_id=0 slot_id=0 generation=53 run_epoch=53
[mono_ns=83665995279965][T0x701395b15740][TIMING] emit_host_span: [STRACE] v=1 pid=3964021 tid=3964021 inv=54 hid=d8e9c89da8b0d3f9 depth=2 name=chip.run.bind.args ts=83665929705093 dur=65573911 
[mono_ns=83665995295188][T0x701395b15740][TIMING] emit_host_span: [STRACE] v=1 pid=3964021 tid=3964021 inv=54 hid=d8e9c89da8b0d3f9 depth=2 name=chip.run.bind.prebuilt ts=83665995292754 dur=2063 
[mono_ns=83665995297021][T0x701395b15740][TIMING] emit_host_span: [STRACE] v=1 pid=3964021 tid=3964021 inv=54 hid=d8e9c89da8b0d3f9 depth=1 name=chip.run.bind ts=83665929701718 dur=65595012 
[mono_ns=83666000615904][T0x701395b15740][WARN] prepare_execution: [device_runner.cpp:342] AICPU CPU_TOPO unavailable; using json_fallback: soc=Ascend950PR_9579 occupy=0x3e stable_reachable=5 requested=0 effective=5 affinity=[1, 2, 3, 4, 5(orch)]
[mono_ns=83666002404749][T0x701395b15740][TIMING] emit_host_span: [STRACE] v=1 pid=3964021 tid=3964021 inv=54 hid=d8e9c89da8b0d3f9 depth=1 name=chip.run.runner_run ts=83666000673531 dur=1730797 
[mono_ns=83666036213713][T0x701395b15740][TIMING] emit_host_span: [STRACE] v=1 pid=3964021 tid=3964021 inv=54 hid=d8e9c89da8b0d3f9 depth=1 name=chip.run.validate ts=83666002409987 dur=33801313 
[mono_ns=83666036227214][T0x701395b15740][TIMING] emit_host_span: [STRACE] v=1 pid=3964021 tid=3964021 inv=54 hid=d8e9c89da8b0d3f9 depth=2 name=chip.run.runner_run.device_wall ts=0 dur=1575693 clk=dev
[mono_ns=83666036229247][T0x701395b15740][TIMING] emit_host_span: [STRACE] v=1 pid=3964021 tid=3964021 inv=54 hid=d8e9c89da8b0d3f9 depth=3 name=chip.run.runner_run.device_wall.preamble ts=0 dur=14304 clk=dev
[mono_ns=83666036230739][T0x701395b15740][TIMING] emit_host_span: [STRACE] v=1 pid=3964021 tid=3964021 inv=54 hid=d8e9c89da8b0d3f9 depth=3 name=chip.run.runner_run.device_wall.graph_build ts=3889 dur=1565681 clk=dev
[mono_ns=83666036231971][T0x701395b15740][TIMING] emit_host_span: [STRACE] v=1 pid=3964021 tid=3964021 inv=54 hid=d8e9c89da8b0d3f9 depth=3 name=chip.run.runner_run.device_wall.config_validate ts=4396 dur=1631 clk=dev
[mono_ns=83666036233083][T0x701395b15740][TIMING] emit_host_span: [STRACE] v=1 pid=3964021 tid=3964021 inv=54 hid=d8e9c89da8b0d3f9 depth=3 name=chip.run.runner_run.device_wall.arena_wire ts=6213 dur=1865 clk=dev
[mono_ns=83666036234214][T0x701395b15740][TIMING] emit_host_span: [STRACE] v=1 pid=3964021 tid=3964021 inv=54 hid=d8e9c89da8b0d3f9 depth=3 name=chip.run.runner_run.device_wall.sm_reset ts=8094 dur=3776 clk=dev
[mono_ns=83666036235356][T0x701395b15740][TIMING] emit_host_span: [STRACE] v=1 pid=3964021 tid=3964021 inv=54 hid=d8e9c89da8b0d3f9 depth=3 name=chip.run.runner_run.device_wall.post_orch ts=1569611 dur=5185 clk=dev
[mono_ns=83666036236588][T0x701395b15740][TIMING] emit_host_span: [STRACE] v=1 pid=3964021 tid=3964021 inv=54 hid=d8e9c89da8b0d3f9 depth=3 name=chip.run.runner_run.device_wall.orch ts=11975 dur=1540213 clk=dev
[mono_ns=83666036237719][T0x701395b15740][TIMING] emit_host_span: [STRACE] v=1 pid=3964021 tid=3964021 inv=54 hid=d8e9c89da8b0d3f9 depth=3 name=chip.run.runner_run.device_wall.sched ts=13858 dur=1540455 clk=dev
[mono_ns=83666036239442][T0x701395b15740][TIMING] emit_host_span: [STRACE] v=1 pid=3964021 tid=3964021 inv=54 hid=d8e9c89da8b0d3f9 depth=1 name=chip.run.claim_release ts=83666036238961 dur=221 
[mono_ns=83666036241385][T0x701395b15740][TIMING] emit_host_span: [STRACE] v=1 pid=3964021 tid=3964021 inv=54 hid=d8e9c89da8b0d3f9 depth=0 name=chip.run ts=83665929696129 dur=106544925 run_id=0 dispatch_id=0 slot_id=0 generation=54 run_epoch=54
[mono_ns=83666102283289][T0x701395b15740][TIMING] emit_host_span: [STRACE] v=1 pid=3964021 tid=3964021 inv=55 hid=d8e9c89da8b0d3f9 depth=2 name=chip.run.bind.args ts=83666037668577 dur=64613530 
[mono_ns=83666102307144][T0x701395b15740][TIMING] emit_host_span: [STRACE] v=1 pid=3964021 tid=3964021 inv=55 hid=d8e9c89da8b0d3f9 depth=2 name=chip.run.bind.prebuilt ts=83666102304550 dur=2174 
[mono_ns=83666102308917][T0x701395b15740][TIMING] emit_host_span: [STRACE] v=1 pid=3964021 tid=3964021 inv=55 hid=d8e9c89da8b0d3f9 depth=1 name=chip.run.bind ts=83666037664451 dur=64644176 
[mono_ns=83666107040779][T0x701395b15740][WARN] prepare_execution: [device_runner.cpp:342] AICPU CPU_TOPO unavailable; using json_fallback: soc=Ascend950PR_9579 occupy=0x3e stable_reachable=5 requested=0 effective=5 affinity=[1, 2, 3, 4, 5(orch)]
[mono_ns=83666108886069][T0x701395b15740][TIMING] emit_host_span: [STRACE] v=1 pid=3964021 tid=3964021 inv=55 hid=d8e9c89da8b0d3f9 depth=1 name=chip.run.runner_run ts=83666107101350 dur=1784188 
[mono_ns=83666142069224][T0x701395b15740][TIMING] emit_host_span: [STRACE] v=1 pid=3964021 tid=3964021 inv=55 hid=d8e9c89da8b0d3f9 depth=1 name=chip.run.validate ts=83666108892258 dur=33176375 
[mono_ns=83666142077446][T0x701395b15740][TIMING] emit_host_span: [STRACE] v=1 pid=3964021 tid=3964021 inv=55 hid=d8e9c89da8b0d3f9 depth=2 name=chip.run.runner_run.device_wall ts=0 dur=1599494 clk=dev
[mono_ns=83666142079139][T0x701395b15740][TIMING] emit_host_span: [STRACE] v=1 pid=3964021 tid=3964021 inv=55 hid=d8e9c89da8b0d3f9 depth=3 name=chip.run.runner_run.device_wall.preamble ts=0 dur=13597 clk=dev
[mono_ns=83666142080521][T0x701395b15740][TIMING] emit_host_span: [STRACE] v=1 pid=3964021 tid=3964021 inv=55 hid=d8e9c89da8b0d3f9 depth=3 name=chip.run.runner_run.device_wall.graph_build ts=3334 dur=1591242 clk=dev
[mono_ns=83666142081683][T0x701395b15740][TIMING] emit_host_span: [STRACE] v=1 pid=3964021 tid=3964021 inv=55 hid=d8e9c89da8b0d3f9 depth=3 name=chip.run.runner_run.device_wall.config_validate ts=3813 dur=1192 clk=dev
[mono_ns=83666142082844][T0x701395b15740][TIMING] emit_host_span: [STRACE] v=1 pid=3964021 tid=3964021 inv=55 hid=d8e9c89da8b0d3f9 depth=3 name=chip.run.runner_run.device_wall.arena_wire ts=5186 dur=1241 clk=dev
[mono_ns=83666142084197][T0x701395b15740][TIMING] emit_host_span: [STRACE] v=1 pid=3964021 tid=3964021 inv=55 hid=d8e9c89da8b0d3f9 depth=3 name=chip.run.runner_run.device_wall.sm_reset ts=6447 dur=3199 clk=dev
[mono_ns=83666142085398][T0x701395b15740][TIMING] emit_host_span: [STRACE] v=1 pid=3964021 tid=3964021 inv=55 hid=d8e9c89da8b0d3f9 depth=3 name=chip.run.runner_run.device_wall.post_orch ts=1594617 dur=4366 clk=dev
[mono_ns=83666142086720][T0x701395b15740][TIMING] emit_host_span: [STRACE] v=1 pid=3964021 tid=3964021 inv=55 hid=d8e9c89da8b0d3f9 depth=3 name=chip.run.runner_run.device_wall.orch ts=9947 dur=1568386 clk=dev
[mono_ns=83666142087942][T0x701395b15740][TIMING] emit_host_span: [STRACE] v=1 pid=3964021 tid=3964021 inv=55 hid=d8e9c89da8b0d3f9 depth=3 name=chip.run.runner_run.device_wall.sched ts=13159 dur=1566412 clk=dev
[mono_ns=83666142089525][T0x701395b15740][TIMING] emit_host_span: [STRACE] v=1 pid=3964021 tid=3964021 inv=55 hid=d8e9c89da8b0d3f9 depth=1 name=chip.run.claim_release ts=83666142089054 dur=180 
[mono_ns=83666142091127][T0x701395b15740][TIMING] emit_host_span: [STRACE] v=1 pid=3964021 tid=3964021 inv=55 hid=d8e9c89da8b0d3f9 depth=0 name=chip.run ts=83666037654566 dur=104436240 run_id=0 dispatch_id=0 slot_id=0 generation=55 run_epoch=55
[mono_ns=83666208264047][T0x701395b15740][TIMING] emit_host_span: [STRACE] v=1 pid=3964021 tid=3964021 inv=56 hid=d8e9c89da8b0d3f9 depth=2 name=chip.run.bind.args ts=83666143496106 dur=64766799 
[mono_ns=83666208282224][T0x701395b15740][TIMING] emit_host_span: [STRACE] v=1 pid=3964021 tid=3964021 inv=56 hid=d8e9c89da8b0d3f9 depth=2 name=chip.run.bind.prebuilt ts=83666208279260 dur=2534 
[mono_ns=83666208284207][T0x701395b15740][TIMING] emit_host_span: [STRACE] v=1 pid=3964021 tid=3964021 inv=56 hid=d8e9c89da8b0d3f9 depth=1 name=chip.run.bind ts=83666143492771 dur=64791056 
[mono_ns=83666212979545][T0x701395b15740][WARN] prepare_execution: [device_runner.cpp:342] AICPU CPU_TOPO unavailable; using json_fallback: soc=Ascend950PR_9579 occupy=0x3e stable_reachable=5 requested=0 effective=5 affinity=[1, 2, 3, 4, 5(orch)]
[mono_ns=83666214775851][T0x701395b15740][TIMING] emit_host_span: [STRACE] v=1 pid=3964021 tid=3964021 inv=56 hid=d8e9c89da8b0d3f9 depth=1 name=chip.run.runner_run ts=83666213042039 dur=1733281 
[mono_ns=83666248095551][T0x701395b15740][TIMING] emit_host_span: [STRACE] v=1 pid=3964021 tid=3964021 inv=56 hid=d8e9c89da8b0d3f9 depth=1 name=chip.run.validate ts=83666214781219 dur=33313461 
[mono_ns=83666248104785][T0x701395b15740][TIMING] emit_host_span: [STRACE] v=1 pid=3964021 tid=3964021 inv=56 hid=d8e9c89da8b0d3f9 depth=2 name=chip.run.runner_run.device_wall ts=0 dur=1569552 clk=dev
[mono_ns=83666248106558][T0x701395b15740][TIMING] emit_host_span: [STRACE] v=1 pid=3964021 tid=3964021 inv=56 hid=d8e9c89da8b0d3f9 depth=3 name=chip.run.runner_run.device_wall.preamble ts=0 dur=15713 clk=dev
[mono_ns=83666248108020][T0x701395b15740][TIMING] emit_host_span: [STRACE] v=1 pid=3964021 tid=3964021 inv=56 hid=d8e9c89da8b0d3f9 depth=3 name=chip.run.runner_run.device_wall.graph_build ts=5311 dur=1558719 clk=dev
[mono_ns=83666248109462][T0x701395b15740][TIMING] emit_host_span: [STRACE] v=1 pid=3964021 tid=3964021 inv=56 hid=d8e9c89da8b0d3f9 depth=3 name=chip.run.runner_run.device_wall.config_validate ts=5869 dur=1424 clk=dev
[mono_ns=83666248110714][T0x701395b15740][TIMING] emit_host_span: [STRACE] v=1 pid=3964021 tid=3964021 inv=56 hid=d8e9c89da8b0d3f9 depth=3 name=chip.run.runner_run.device_wall.arena_wire ts=7321 dur=1754 clk=dev
[mono_ns=83666248112046][T0x701395b15740][TIMING] emit_host_span: [STRACE] v=1 pid=3964021 tid=3964021 inv=56 hid=d8e9c89da8b0d3f9 depth=3 name=chip.run.runner_run.device_wall.sm_reset ts=9094 dur=3377 clk=dev
[mono_ns=83666248113197][T0x701395b15740][TIMING] emit_host_span: [STRACE] v=1 pid=3964021 tid=3964021 inv=56 hid=d8e9c89da8b0d3f9 depth=3 name=chip.run.runner_run.device_wall.post_orch ts=1564096 dur=4665 clk=dev
[mono_ns=83666248114379][T0x701395b15740][TIMING] emit_host_span: [STRACE] v=1 pid=3964021 tid=3964021 inv=56 hid=d8e9c89da8b0d3f9 depth=3 name=chip.run.runner_run.device_wall.orch ts=12564 dur=1534708 clk=dev
[mono_ns=83666248115511][T0x701395b15740][TIMING] emit_host_span: [STRACE] v=1 pid=3964021 tid=3964021 inv=56 hid=d8e9c89da8b0d3f9 depth=3 name=chip.run.runner_run.device_wall.sched ts=15593 dur=1533682 clk=dev
[mono_ns=83666248117153][T0x701395b15740][TIMING] emit_host_span: [STRACE] v=1 pid=3964021 tid=3964021 inv=56 hid=d8e9c89da8b0d3f9 depth=1 name=chip.run.claim_release ts=83666248116703 dur=180 
[mono_ns=83666248118816][T0x701395b15740][TIMING] emit_host_span: [STRACE] v=1 pid=3964021 tid=3964021 inv=56 hid=d8e9c89da8b0d3f9 depth=0 name=chip.run ts=83666143487773 dur=104630732 run_id=0 dispatch_id=0 slot_id=0 generation=56 run_epoch=56
[mono_ns=83666313682982][T0x701395b15740][TIMING] emit_host_span: [STRACE] v=1 pid=3964021 tid=3964021 inv=57 hid=d8e9c89da8b0d3f9 depth=2 name=chip.run.bind.args ts=83666249510104 dur=64171206 
[mono_ns=83666313698145][T0x701395b15740][TIMING] emit_host_span: [STRACE] v=1 pid=3964021 tid=3964021 inv=57 hid=d8e9c89da8b0d3f9 depth=2 name=chip.run.bind.prebuilt ts=83666313695621 dur=2234 
[mono_ns=83666313699988][T0x701395b15740][TIMING] emit_host_span: [STRACE] v=1 pid=3964021 tid=3964021 inv=57 hid=d8e9c89da8b0d3f9 depth=1 name=chip.run.bind ts=83666249506889 dur=64192718 
[mono_ns=83666318339181][T0x701395b15740][WARN] prepare_execution: [device_runner.cpp:342] AICPU CPU_TOPO unavailable; using json_fallback: soc=Ascend950PR_9579 occupy=0x3e stable_reachable=5 requested=0 effective=5 affinity=[1, 2, 3, 4, 5(orch)]
[mono_ns=83666320119173][T0x701395b15740][TIMING] emit_host_span: [STRACE] v=1 pid=3964021 tid=3964021 inv=57 hid=d8e9c89da8b0d3f9 depth=1 name=chip.run.runner_run ts=83666318395345 dur=1723157 
[mono_ns=83666352739794][T0x701395b15740][TIMING] emit_host_span: [STRACE] v=1 pid=3964021 tid=3964021 inv=57 hid=d8e9c89da8b0d3f9 depth=1 name=chip.run.validate ts=83666320124571 dur=32614542 
[mono_ns=83666352748647][T0x701395b15740][TIMING] emit_host_span: [STRACE] v=1 pid=3964021 tid=3964021 inv=57 hid=d8e9c89da8b0d3f9 depth=2 name=chip.run.runner_run.device_wall ts=0 dur=1562209 clk=dev
[mono_ns=83666352757140][T0x701395b15740][TIMING] emit_host_span: [STRACE] v=1 pid=3964021 tid=3964021 inv=57 hid=d8e9c89da8b0d3f9 depth=3 name=chip.run.runner_run.device_wall.preamble ts=0 dur=12947 clk=dev
[mono_ns=83666352758652][T0x701395b15740][TIMING] emit_host_span: [STRACE] v=1 pid=3964021 tid=3964021 inv=57 hid=d8e9c89da8b0d3f9 depth=3 name=chip.run.runner_run.device_wall.graph_build ts=3023 dur=1554706 clk=dev
[mono_ns=83666352759934][T0x701395b15740][TIMING] emit_host_span: [STRACE] v=1 pid=3964021 tid=3964021 inv=57 hid=d8e9c89da8b0d3f9 depth=3 name=chip.run.runner_run.device_wall.config_validate ts=3369 dur=1463 clk=dev
[mono_ns=83666352761055][T0x701395b15740][TIMING] emit_host_span: [STRACE] v=1 pid=3964021 tid=3964021 inv=57 hid=d8e9c89da8b0d3f9 depth=3 name=chip.run.runner_run.device_wall.arena_wire ts=4856 dur=1740 clk=dev
[mono_ns=83666352762157][T0x701395b15740][TIMING] emit_host_span: [STRACE] v=1 pid=3964021 tid=3964021 inv=57 hid=d8e9c89da8b0d3f9 depth=3 name=chip.run.runner_run.device_wall.sm_reset ts=6614 dur=3028 clk=dev
[mono_ns=83666352763269][T0x701395b15740][TIMING] emit_host_span: [STRACE] v=1 pid=3964021 tid=3964021 inv=57 hid=d8e9c89da8b0d3f9 depth=3 name=chip.run.runner_run.device_wall.post_orch ts=1557809 dur=3796 clk=dev
[mono_ns=83666352764421][T0x701395b15740][TIMING] emit_host_span: [STRACE] v=1 pid=3964021 tid=3964021 inv=57 hid=d8e9c89da8b0d3f9 depth=3 name=chip.run.runner_run.device_wall.orch ts=9752 dur=1530185 clk=dev
[mono_ns=83666352765562][T0x701395b15740][TIMING] emit_host_span: [STRACE] v=1 pid=3964021 tid=3964021 inv=57 hid=d8e9c89da8b0d3f9 depth=3 name=chip.run.runner_run.device_wall.sched ts=12649 dur=1529476 clk=dev
[mono_ns=83666352767225][T0x701395b15740][TIMING] emit_host_span: [STRACE] v=1 pid=3964021 tid=3964021 inv=57 hid=d8e9c89da8b0d3f9 depth=1 name=chip.run.claim_release ts=83666352766764 dur=200 
[mono_ns=83666352768907][T0x701395b15740][TIMING] emit_host_span: [STRACE] v=1 pid=3964021 tid=3964021 inv=57 hid=d8e9c89da8b0d3f9 depth=0 name=chip.run ts=83666249501491 dur=103267096 run_id=0 dispatch_id=0 slot_id=0 generation=57 run_epoch=57
[mono_ns=83666418480495][T0x701395b15740][TIMING] emit_host_span: [STRACE] v=1 pid=3964021 tid=3964021 inv=58 hid=d8e9c89da8b0d3f9 depth=2 name=chip.run.bind.args ts=83666354158092 dur=64321291 
[mono_ns=83666418498502][T0x701395b15740][TIMING] emit_host_span: [STRACE] v=1 pid=3964021 tid=3964021 inv=58 hid=d8e9c89da8b0d3f9 depth=2 name=chip.run.bind.prebuilt ts=83666418496329 dur=1883 
[mono_ns=83666418500305][T0x701395b15740][TIMING] emit_host_span: [STRACE] v=1 pid=3964021 tid=3964021 inv=58 hid=d8e9c89da8b0d3f9 depth=1 name=chip.run.bind ts=83666354154657 dur=64345287 
[mono_ns=83666423060459][T0x701395b15740][WARN] prepare_execution: [device_runner.cpp:342] AICPU CPU_TOPO unavailable; using json_fallback: soc=Ascend950PR_9579 occupy=0x3e stable_reachable=5 requested=0 effective=5 affinity=[1, 2, 3, 4, 5(orch)]
[mono_ns=83666424852619][T0x701395b15740][TIMING] emit_host_span: [STRACE] v=1 pid=3964021 tid=3964021 inv=58 hid=d8e9c89da8b0d3f9 depth=1 name=chip.run.runner_run ts=83666423118727 dur=1733391 
[mono_ns=83666457835804][T0x701395b15740][TIMING] emit_host_span: [STRACE] v=1 pid=3964021 tid=3964021 inv=58 hid=d8e9c89da8b0d3f9 depth=1 name=chip.run.validate ts=83666424857506 dur=32977737 
[mono_ns=83666457844427][T0x701395b15740][TIMING] emit_host_span: [STRACE] v=1 pid=3964021 tid=3964021 inv=58 hid=d8e9c89da8b0d3f9 depth=2 name=chip.run.runner_run.device_wall ts=0 dur=1575678 clk=dev
[mono_ns=83666457846080][T0x701395b15740][TIMING] emit_host_span: [STRACE] v=1 pid=3964021 tid=3964021 inv=58 hid=d8e9c89da8b0d3f9 depth=3 name=chip.run.runner_run.device_wall.preamble ts=0 dur=15029 clk=dev
[mono_ns=83666457847512][T0x701395b15740][TIMING] emit_host_span: [STRACE] v=1 pid=3964021 tid=3964021 inv=58 hid=d8e9c89da8b0d3f9 depth=3 name=chip.run.runner_run.device_wall.graph_build ts=4100 dur=1565640 clk=dev
[mono_ns=83666457858548][T0x701395b15740][TIMING] emit_host_span: [STRACE] v=1 pid=3964021 tid=3964021 inv=58 hid=d8e9c89da8b0d3f9 depth=3 name=chip.run.runner_run.device_wall.config_validate ts=4775 dur=1631 clk=dev
[mono_ns=83666457859860][T0x701395b15740][TIMING] emit_host_span: [STRACE] v=1 pid=3964021 tid=3964021 inv=58 hid=d8e9c89da8b0d3f9 depth=3 name=chip.run.runner_run.device_wall.arena_wire ts=6440 dur=1696 clk=dev
[mono_ns=83666457860982][T0x701395b15740][TIMING] emit_host_span: [STRACE] v=1 pid=3964021 tid=3964021 inv=58 hid=d8e9c89da8b0d3f9 depth=3 name=chip.run.runner_run.device_wall.sm_reset ts=8200 dur=2319 clk=dev
[mono_ns=83666457862084][T0x701395b15740][TIMING] emit_host_span: [STRACE] v=1 pid=3964021 tid=3964021 inv=58 hid=d8e9c89da8b0d3f9 depth=3 name=chip.run.runner_run.device_wall.post_orch ts=1569800 dur=5229 clk=dev
[mono_ns=83666457863366][T0x701395b15740][TIMING] emit_host_span: [STRACE] v=1 pid=3964021 tid=3964021 inv=58 hid=d8e9c89da8b0d3f9 depth=3 name=chip.run.runner_run.device_wall.orch ts=10553 dur=1542442 clk=dev
[mono_ns=83666457864928][T0x701395b15740][TIMING] emit_host_span: [STRACE] v=1 pid=3964021 tid=3964021 inv=58 hid=d8e9c89da8b0d3f9 depth=3 name=chip.run.runner_run.device_wall.sched ts=14532 dur=1540467 clk=dev
[mono_ns=83666457866590][T0x701395b15740][TIMING] emit_host_span: [STRACE] v=1 pid=3964021 tid=3964021 inv=58 hid=d8e9c89da8b0d3f9 depth=1 name=chip.run.claim_release ts=83666457866060 dur=270 
[mono_ns=83666457868153][T0x701395b15740][TIMING] emit_host_span: [STRACE] v=1 pid=3964021 tid=3964021 inv=58 hid=d8e9c89da8b0d3f9 depth=0 name=chip.run ts=83666354149409 dur=103718433 run_id=0 dispatch_id=0 slot_id=0 generation=58 run_epoch=58
[mono_ns=83666526269077][T0x701395b15740][TIMING] emit_host_span: [STRACE] v=1 pid=3964021 tid=3964021 inv=59 hid=d8e9c89da8b0d3f9 depth=2 name=chip.run.bind.args ts=83666459277558 dur=66990417 
[mono_ns=83666526288015][T0x701395b15740][TIMING] emit_host_span: [STRACE] v=1 pid=3964021 tid=3964021 inv=59 hid=d8e9c89da8b0d3f9 depth=2 name=chip.run.bind.prebuilt ts=83666526285542 dur=2173 
[mono_ns=83666526289848][T0x701395b15740][TIMING] emit_host_span: [STRACE] v=1 pid=3964021 tid=3964021 inv=59 hid=d8e9c89da8b0d3f9 depth=1 name=chip.run.bind ts=83666459273532 dur=67015926 
[mono_ns=83666530836893][T0x701395b15740][WARN] prepare_execution: [device_runner.cpp:342] AICPU CPU_TOPO unavailable; using json_fallback: soc=Ascend950PR_9579 occupy=0x3e stable_reachable=5 requested=0 effective=5 affinity=[1, 2, 3, 4, 5(orch)]
[mono_ns=83666532607440][T0x701395b15740][TIMING] emit_host_span: [STRACE] v=1 pid=3964021 tid=3964021 inv=59 hid=d8e9c89da8b0d3f9 depth=1 name=chip.run.runner_run ts=83666530892116 dur=1714834 
[mono_ns=83666566741603][T0x701395b15740][TIMING] emit_host_span: [STRACE] v=1 pid=3964021 tid=3964021 inv=59 hid=d8e9c89da8b0d3f9 depth=1 name=chip.run.validate ts=83666532613429 dur=34127643 
[mono_ns=83666566750887][T0x701395b15740][TIMING] emit_host_span: [STRACE] v=1 pid=3964021 tid=3964021 inv=59 hid=d8e9c89da8b0d3f9 depth=2 name=chip.run.runner_run.device_wall ts=0 dur=1542900 clk=dev
[mono_ns=83666566752670][T0x701395b15740][TIMING] emit_host_span: [STRACE] v=1 pid=3964021 tid=3964021 inv=59 hid=d8e9c89da8b0d3f9 depth=3 name=chip.run.runner_run.device_wall.preamble ts=0 dur=16154 clk=dev
[mono_ns=83666566754132][T0x701395b15740][TIMING] emit_host_span: [STRACE] v=1 pid=3964021 tid=3964021 inv=59 hid=d8e9c89da8b0d3f9 depth=3 name=chip.run.runner_run.device_wall.graph_build ts=5161 dur=1532608 clk=dev
[mono_ns=83666566755294][T0x701395b15740][TIMING] emit_host_span: [STRACE] v=1 pid=3964021 tid=3964021 inv=59 hid=d8e9c89da8b0d3f9 depth=3 name=chip.run.runner_run.device_wall.config_validate ts=5588 dur=1560 clk=dev
[mono_ns=83666566756445][T0x701395b15740][TIMING] emit_host_span: [STRACE] v=1 pid=3964021 tid=3964021 inv=59 hid=d8e9c89da8b0d3f9 depth=3 name=chip.run.runner_run.device_wall.arena_wire ts=7182 dur=1504 clk=dev
[mono_ns=83666566757697][T0x701395b15740][TIMING] emit_host_span: [STRACE] v=1 pid=3964021 tid=3964021 inv=59 hid=d8e9c89da8b0d3f9 depth=3 name=chip.run.runner_run.device_wall.sm_reset ts=8751 dur=2886 clk=dev
[mono_ns=83666566765198][T0x701395b15740][TIMING] emit_host_span: [STRACE] v=1 pid=3964021 tid=3964021 inv=59 hid=d8e9c89da8b0d3f9 depth=3 name=chip.run.runner_run.device_wall.post_orch ts=1537798 dur=4282 clk=dev
[mono_ns=83666566766330][T0x701395b15740][TIMING] emit_host_span: [STRACE] v=1 pid=3964021 tid=3964021 inv=59 hid=d8e9c89da8b0d3f9 depth=3 name=chip.run.runner_run.device_wall.orch ts=11724 dur=1509771 clk=dev
[mono_ns=83666566767422][T0x701395b15740][TIMING] emit_host_span: [STRACE] v=1 pid=3964021 tid=3964021 inv=59 hid=d8e9c89da8b0d3f9 depth=3 name=chip.run.runner_run.device_wall.sched ts=16023 dur=1507634 clk=dev
[mono_ns=83666566769054][T0x701395b15740][TIMING] emit_host_span: [STRACE] v=1 pid=3964021 tid=3964021 inv=59 hid=d8e9c89da8b0d3f9 depth=1 name=chip.run.claim_release ts=83666566768624 dur=160 
[mono_ns=83666566770747][T0x701395b15740][TIMING] emit_host_span: [STRACE] v=1 pid=3964021 tid=3964021 inv=59 hid=d8e9c89da8b0d3f9 depth=0 name=chip.run ts=83666459268364 dur=107502032 run_id=0 dispatch_id=0 slot_id=0 generation=59 run_epoch=59
[mono_ns=83666632745329][T0x701395b15740][TIMING] emit_host_span: [STRACE] v=1 pid=3964021 tid=3964021 inv=60 hid=d8e9c89da8b0d3f9 depth=2 name=chip.run.bind.args ts=83666568168785 dur=64575553 
[mono_ns=83666632762635][T0x701395b15740][TIMING] emit_host_span: [STRACE] v=1 pid=3964021 tid=3964021 inv=60 hid=d8e9c89da8b0d3f9 depth=2 name=chip.run.bind.prebuilt ts=83666632760412 dur=1923 
[mono_ns=83666632764488][T0x701395b15740][TIMING] emit_host_span: [STRACE] v=1 pid=3964021 tid=3964021 inv=60 hid=d8e9c89da8b0d3f9 depth=1 name=chip.run.bind ts=83666568165120 dur=64598997 
[mono_ns=83666637330201][T0x701395b15740][WARN] prepare_execution: [device_runner.cpp:342] AICPU CPU_TOPO unavailable; using json_fallback: soc=Ascend950PR_9579 occupy=0x3e stable_reachable=5 requested=0 effective=5 affinity=[1, 2, 3, 4, 5(orch)]
[mono_ns=83666639158655][T0x701395b15740][TIMING] emit_host_span: [STRACE] v=1 pid=3964021 tid=3964021 inv=60 hid=d8e9c89da8b0d3f9 depth=1 name=chip.run.runner_run ts=83666637387126 dur=1771058 
[mono_ns=83666673354200][T0x701395b15740][TIMING] emit_host_span: [STRACE] v=1 pid=3964021 tid=3964021 inv=60 hid=d8e9c89da8b0d3f9 depth=1 name=chip.run.validate ts=83666639164414 dur=34189245 
[mono_ns=83666673364385][T0x701395b15740][TIMING] emit_host_span: [STRACE] v=1 pid=3964021 tid=3964021 inv=60 hid=d8e9c89da8b0d3f9 depth=2 name=chip.run.runner_run.device_wall ts=0 dur=1599032 clk=dev
[mono_ns=83666673366108][T0x701395b15740][TIMING] emit_host_span: [STRACE] v=1 pid=3964021 tid=3964021 inv=60 hid=d8e9c89da8b0d3f9 depth=3 name=chip.run.runner_run.device_wall.preamble ts=0 dur=15315 clk=dev
[mono_ns=83666673367570][T0x701395b15740][TIMING] emit_host_span: [STRACE] v=1 pid=3964021 tid=3964021 inv=60 hid=d8e9c89da8b0d3f9 depth=3 name=chip.run.runner_run.device_wall.graph_build ts=4916 dur=1589250 clk=dev
[mono_ns=83666673368832][T0x701395b15740][TIMING] emit_host_span: [STRACE] v=1 pid=3964021 tid=3964021 inv=60 hid=d8e9c89da8b0d3f9 depth=3 name=chip.run.runner_run.device_wall.config_validate ts=5522 dur=1400 clk=dev
[mono_ns=83666673369954][T0x701395b15740][TIMING] emit_host_span: [STRACE] v=1 pid=3964021 tid=3964021 inv=60 hid=d8e9c89da8b0d3f9 depth=3 name=chip.run.runner_run.device_wall.arena_wire ts=6958 dur=1925 clk=dev
[mono_ns=83666673371396][T0x701395b15740][TIMING] emit_host_span: [STRACE] v=1 pid=3964021 tid=3964021 inv=60 hid=d8e9c89da8b0d3f9 depth=3 name=chip.run.runner_run.device_wall.sm_reset ts=9051 dur=1946 clk=dev
[mono_ns=83666673372527][T0x701395b15740][TIMING] emit_host_span: [STRACE] v=1 pid=3964021 tid=3964021 inv=60 hid=d8e9c89da8b0d3f9 depth=3 name=chip.run.runner_run.device_wall.post_orch ts=1594203 dur=4165 clk=dev
[mono_ns=83666673373689][T0x701395b15740][TIMING] emit_host_span: [STRACE] v=1 pid=3964021 tid=3964021 inv=60 hid=d8e9c89da8b0d3f9 depth=3 name=chip.run.runner_run.device_wall.orch ts=11247 dur=1565432 clk=dev
[mono_ns=83666673374801][T0x701395b15740][TIMING] emit_host_span: [STRACE] v=1 pid=3964021 tid=3964021 inv=60 hid=d8e9c89da8b0d3f9 depth=3 name=chip.run.runner_run.device_wall.sched ts=14928 dur=1564178 clk=dev
[mono_ns=83666673382693][T0x701395b15740][TIMING] emit_host_span: [STRACE] v=1 pid=3964021 tid=3964021 inv=60 hid=d8e9c89da8b0d3f9 depth=1 name=chip.run.claim_release ts=83666673382202 dur=230 
[mono_ns=83666673384455][T0x701395b15740][TIMING] emit_host_span: [STRACE] v=1 pid=3964021 tid=3964021 inv=60 hid=d8e9c89da8b0d3f9 depth=0 name=chip.run ts=83666568159982 dur=105224113 run_id=0 dispatch_id=0 slot_id=0 generation=60 run_epoch=60
[mono_ns=83666740349865][T0x701395b15740][TIMING] emit_host_span: [STRACE] v=1 pid=3964021 tid=3964021 inv=61 hid=d8e9c89da8b0d3f9 depth=2 name=chip.run.bind.args ts=83666674782323 dur=65566110 
[mono_ns=83666740367742][T0x701395b15740][TIMING] emit_host_span: [STRACE] v=1 pid=3964021 tid=3964021 inv=61 hid=d8e9c89da8b0d3f9 depth=2 name=chip.run.bind.prebuilt ts=83666740365398 dur=2063 
[mono_ns=83666740369444][T0x701395b15740][TIMING] emit_host_span: [STRACE] v=1 pid=3964021 tid=3964021 inv=61 hid=d8e9c89da8b0d3f9 depth=1 name=chip.run.bind ts=83666674778678 dur=65590406 
[mono_ns=83666744944411][T0x701395b15740][WARN] prepare_execution: [device_runner.cpp:342] AICPU CPU_TOPO unavailable; using json_fallback: soc=Ascend950PR_9579 occupy=0x3e stable_reachable=5 requested=0 effective=5 affinity=[1, 2, 3, 4, 5(orch)]
[mono_ns=83666746713606][T0x701395b15740][TIMING] emit_host_span: [STRACE] v=1 pid=3964021 tid=3964021 inv=61 hid=d8e9c89da8b0d3f9 depth=1 name=chip.run.runner_run ts=83666744998632 dur=1714494 
[mono_ns=83666780263943][T0x701395b15740][TIMING] emit_host_span: [STRACE] v=1 pid=3964021 tid=3964021 inv=61 hid=d8e9c89da8b0d3f9 depth=1 name=chip.run.validate ts=83666746719605 dur=33543677 
[mono_ns=83666780273597][T0x701395b15740][TIMING] emit_host_span: [STRACE] v=1 pid=3964021 tid=3964021 inv=61 hid=d8e9c89da8b0d3f9 depth=2 name=chip.run.runner_run.device_wall ts=0 dur=1526323 clk=dev
[mono_ns=83666780275380][T0x701395b15740][TIMING] emit_host_span: [STRACE] v=1 pid=3964021 tid=3964021 inv=61 hid=d8e9c89da8b0d3f9 depth=3 name=chip.run.runner_run.device_wall.preamble ts=0 dur=14168 clk=dev
[mono_ns=83666780276792][T0x701395b15740][TIMING] emit_host_span: [STRACE] v=1 pid=3964021 tid=3964021 inv=61 hid=d8e9c89da8b0d3f9 depth=3 name=chip.run.runner_run.device_wall.graph_build ts=3890 dur=1517825 clk=dev
[mono_ns=83666780278064][T0x701395b15740][TIMING] emit_host_span: [STRACE] v=1 pid=3964021 tid=3964021 inv=61 hid=d8e9c89da8b0d3f9 depth=3 name=chip.run.runner_run.device_wall.config_validate ts=4274 dur=1635 clk=dev
[mono_ns=83666780279196][T0x701395b15740][TIMING] emit_host_span: [STRACE] v=1 pid=3964021 tid=3964021 inv=61 hid=d8e9c89da8b0d3f9 depth=3 name=chip.run.runner_run.device_wall.arena_wire ts=5943 dur=2032 clk=dev
[mono_ns=83666780280317][T0x701395b15740][TIMING] emit_host_span: [STRACE] v=1 pid=3964021 tid=3964021 inv=61 hid=d8e9c89da8b0d3f9 depth=3 name=chip.run.runner_run.device_wall.sm_reset ts=8028 dur=2768 clk=dev
[mono_ns=83666780281459][T0x701395b15740][TIMING] emit_host_span: [STRACE] v=1 pid=3964021 tid=3964021 inv=61 hid=d8e9c89da8b0d3f9 depth=3 name=chip.run.runner_run.device_wall.post_orch ts=1521748 dur=4404 clk=dev
[mono_ns=83666780282621][T0x701395b15740][TIMING] emit_host_span: [STRACE] v=1 pid=3964021 tid=3964021 inv=61 hid=d8e9c89da8b0d3f9 depth=3 name=chip.run.runner_run.device_wall.orch ts=10872 dur=1493958 clk=dev
[mono_ns=83666780283773][T0x701395b15740][TIMING] emit_host_span: [STRACE] v=1 pid=3964021 tid=3964021 inv=61 hid=d8e9c89da8b0d3f9 depth=3 name=chip.run.runner_run.device_wall.sched ts=13752 dur=1493253 clk=dev
[mono_ns=83666780285495][T0x701395b15740][TIMING] emit_host_span: [STRACE] v=1 pid=3964021 tid=3964021 inv=61 hid=d8e9c89da8b0d3f9 depth=1 name=chip.run.claim_release ts=83666780285065 dur=170 
[mono_ns=83666780287338][T0x701395b15740][TIMING] emit_host_span: [STRACE] v=1 pid=3964021 tid=3964021 inv=61 hid=d8e9c89da8b0d3f9 depth=0 name=chip.run ts=83666674772999 dur=105513998 run_id=0 dispatch_id=0 slot_id=0 generation=61 run_epoch=61
[mono_ns=83666847735082][T0x701395b15740][TIMING] emit_host_span: [STRACE] v=1 pid=3964021 tid=3964021 inv=62 hid=d8e9c89da8b0d3f9 depth=2 name=chip.run.bind.args ts=83666781669623 dur=66064087 
[mono_ns=83666847753209][T0x701395b15740][TIMING] emit_host_span: [STRACE] v=1 pid=3964021 tid=3964021 inv=62 hid=d8e9c89da8b0d3f9 depth=2 name=chip.run.bind.prebuilt ts=83666847750775 dur=2083 
[mono_ns=83666847754891][T0x701395b15740][TIMING] emit_host_span: [STRACE] v=1 pid=3964021 tid=3964021 inv=62 hid=d8e9c89da8b0d3f9 depth=1 name=chip.run.bind ts=83666781665607 dur=66089014 
[mono_ns=83666852711771][T0x701395b15740][WARN] prepare_execution: [device_runner.cpp:342] AICPU CPU_TOPO unavailable; using json_fallback: soc=Ascend950PR_9579 occupy=0x3e stable_reachable=5 requested=0 effective=5 affinity=[1, 2, 3, 4, 5(orch)]
[mono_ns=83666854538703][T0x701395b15740][TIMING] emit_host_span: [STRACE] v=1 pid=3964021 tid=3964021 inv=62 hid=d8e9c89da8b0d3f9 depth=1 name=chip.run.runner_run ts=83666852765302 dur=1772870 
[mono_ns=83666887861057][T0x701395b15740][TIMING] emit_host_span: [STRACE] v=1 pid=3964021 tid=3964021 inv=62 hid=d8e9c89da8b0d3f9 depth=1 name=chip.run.validate ts=83666854545323 dur=33314823 
[mono_ns=83666887870061][T0x701395b15740][TIMING] emit_host_span: [STRACE] v=1 pid=3964021 tid=3964021 inv=62 hid=d8e9c89da8b0d3f9 depth=2 name=chip.run.runner_run.device_wall ts=0 dur=1588521 clk=dev
[mono_ns=83666887871874][T0x701395b15740][TIMING] emit_host_span: [STRACE] v=1 pid=3964021 tid=3964021 inv=62 hid=d8e9c89da8b0d3f9 depth=3 name=chip.run.runner_run.device_wall.preamble ts=0 dur=15138 clk=dev
[mono_ns=83666887873296][T0x701395b15740][TIMING] emit_host_span: [STRACE] v=1 pid=3964021 tid=3964021 inv=62 hid=d8e9c89da8b0d3f9 depth=3 name=chip.run.runner_run.device_wall.graph_build ts=4921 dur=1577851 clk=dev
[mono_ns=83666887874558][T0x701395b15740][TIMING] emit_host_span: [STRACE] v=1 pid=3964021 tid=3964021 inv=62 hid=d8e9c89da8b0d3f9 depth=3 name=chip.run.runner_run.device_wall.config_validate ts=5523 dur=1343 clk=dev
[mono_ns=83666887875699][T0x701395b15740][TIMING] emit_host_span: [STRACE] v=1 pid=3964021 tid=3964021 inv=62 hid=d8e9c89da8b0d3f9 depth=3 name=chip.run.runner_run.device_wall.arena_wire ts=6893 dur=1596 clk=dev
[mono_ns=83666887876831][T0x701395b15740][TIMING] emit_host_span: [STRACE] v=1 pid=3964021 tid=3964021 inv=62 hid=d8e9c89da8b0d3f9 depth=3 name=chip.run.runner_run.device_wall.sm_reset ts=8508 dur=2944 clk=dev
[mono_ns=83666887878043][T0x701395b15740][TIMING] emit_host_span: [STRACE] v=1 pid=3964021 tid=3964021 inv=62 hid=d8e9c89da8b0d3f9 depth=3 name=chip.run.runner_run.device_wall.post_orch ts=1582809 dur=5186 clk=dev
[mono_ns=83666887879165][T0x701395b15740][TIMING] emit_host_span: [STRACE] v=1 pid=3964021 tid=3964021 inv=62 hid=d8e9c89da8b0d3f9 depth=3 name=chip.run.runner_run.device_wall.orch ts=11543 dur=1552931 clk=dev
[mono_ns=83666887880306][T0x701395b15740][TIMING] emit_host_span: [STRACE] v=1 pid=3964021 tid=3964021 inv=62 hid=d8e9c89da8b0d3f9 depth=3 name=chip.run.runner_run.device_wall.sched ts=14641 dur=1553150 clk=dev
[mono_ns=83666887881819][T0x701395b15740][TIMING] emit_host_span: [STRACE] v=1 pid=3964021 tid=3964021 inv=62 hid=d8e9c89da8b0d3f9 depth=1 name=chip.run.claim_release ts=83666887881368 dur=180 
[mono_ns=83666887883621][T0x701395b15740][TIMING] emit_host_span: [STRACE] v=1 pid=3964021 tid=3964021 inv=62 hid=d8e9c89da8b0d3f9 depth=0 name=chip.run ts=83666781659898 dur=106223393 run_id=0 dispatch_id=0 slot_id=0 generation=62 run_epoch=62
[mono_ns=83666955252567][T0x701395b15740][TIMING] emit_host_span: [STRACE] v=1 pid=3964021 tid=3964021 inv=63 hid=d8e9c89da8b0d3f9 depth=2 name=chip.run.bind.args ts=83666889258996 dur=65992239 
[mono_ns=83666955270854][T0x701395b15740][TIMING] emit_host_span: [STRACE] v=1 pid=3964021 tid=3964021 inv=63 hid=d8e9c89da8b0d3f9 depth=2 name=chip.run.bind.prebuilt ts=83666955268340 dur=2093 
[mono_ns=83666955272777][T0x701395b15740][TIMING] emit_host_span: [STRACE] v=1 pid=3964021 tid=3964021 inv=63 hid=d8e9c89da8b0d3f9 depth=1 name=chip.run.bind ts=83666889255911 dur=66016525 
[mono_ns=83666959845630][T0x701395b15740][WARN] prepare_execution: [device_runner.cpp:342] AICPU CPU_TOPO unavailable; using json_fallback: soc=Ascend950PR_9579 occupy=0x3e stable_reachable=5 requested=0 effective=5 affinity=[1, 2, 3, 4, 5(orch)]
[mono_ns=83666961738742][T0x701395b15740][TIMING] emit_host_span: [STRACE] v=1 pid=3964021 tid=3964021 inv=63 hid=d8e9c89da8b0d3f9 depth=1 name=chip.run.runner_run ts=83666959901745 dur=1836576 
[mono_ns=83666995843781][T0x701395b15740][TIMING] emit_host_span: [STRACE] v=1 pid=3964021 tid=3964021 inv=63 hid=d8e9c89da8b0d3f9 depth=1 name=chip.run.validate ts=83666961744200 dur=34098629 
[mono_ns=83666995853205][T0x701395b15740][TIMING] emit_host_span: [STRACE] v=1 pid=3964021 tid=3964021 inv=63 hid=d8e9c89da8b0d3f9 depth=2 name=chip.run.runner_run.device_wall ts=0 dur=1677766 clk=dev
[mono_ns=83666995855078][T0x701395b15740][TIMING] emit_host_span: [STRACE] v=1 pid=3964021 tid=3964021 inv=63 hid=d8e9c89da8b0d3f9 depth=3 name=chip.run.runner_run.device_wall.preamble ts=0 dur=15933 clk=dev
[mono_ns=83666995856520][T0x701395b15740][TIMING] emit_host_span: [STRACE] v=1 pid=3964021 tid=3964021 inv=63 hid=d8e9c89da8b0d3f9 depth=3 name=chip.run.runner_run.device_wall.graph_build ts=5194 dur=1667527 clk=dev
[mono_ns=83666995857672][T0x701395b15740][TIMING] emit_host_span: [STRACE] v=1 pid=3964021 tid=3964021 inv=63 hid=d8e9c89da8b0d3f9 depth=3 name=chip.run.runner_run.device_wall.config_validate ts=5711 dur=1631 clk=dev
[mono_ns=83666995858803][T0x701395b15740][TIMING] emit_host_span: [STRACE] v=1 pid=3964021 tid=3964021 inv=63 hid=d8e9c89da8b0d3f9 depth=3 name=chip.run.runner_run.device_wall.arena_wire ts=7365 dur=1867 clk=dev
[mono_ns=83666995859955][T0x701395b15740][TIMING] emit_host_span: [STRACE] v=1 pid=3964021 tid=3964021 inv=63 hid=d8e9c89da8b0d3f9 depth=3 name=chip.run.runner_run.device_wall.sm_reset ts=9249 dur=2987 clk=dev
[mono_ns=83666995861077][T0x701395b15740][TIMING] emit_host_span: [STRACE] v=1 pid=3964021 tid=3964021 inv=63 hid=d8e9c89da8b0d3f9 depth=3 name=chip.run.runner_run.device_wall.post_orch ts=1672752 dur=4777 clk=dev
[mono_ns=83666995862208][T0x701395b15740][TIMING] emit_host_span: [STRACE] v=1 pid=3964021 tid=3964021 inv=63 hid=d8e9c89da8b0d3f9 depth=3 name=chip.run.runner_run.device_wall.orch ts=12320 dur=1642116 clk=dev
[mono_ns=83666995863330][T0x701395b15740][TIMING] emit_host_span: [STRACE] v=1 pid=3964021 tid=3964021 inv=63 hid=d8e9c89da8b0d3f9 depth=3 name=chip.run.runner_run.device_wall.sched ts=15512 dur=1643015 clk=dev
[mono_ns=83666995865103][T0x701395b15740][TIMING] emit_host_span: [STRACE] v=1 pid=3964021 tid=3964021 inv=63 hid=d8e9c89da8b0d3f9 depth=1 name=chip.run.claim_release ts=83666995864632 dur=190 
[mono_ns=83666995867006][T0x701395b15740][TIMING] emit_host_span: [STRACE] v=1 pid=3964021 tid=3964021 inv=63 hid=d8e9c89da8b0d3f9 depth=0 name=chip.run ts=83666889250913 dur=106615782 run_id=0 dispatch_id=0 slot_id=0 generation=63 run_epoch=63
[mono_ns=83667063225165][T0x701395b15740][TIMING] emit_host_span: [STRACE] v=1 pid=3964021 tid=3964021 inv=64 hid=d8e9c89da8b0d3f9 depth=2 name=chip.run.bind.args ts=83666997253867 dur=65970607 
[mono_ns=83667063240057][T0x701395b15740][TIMING] emit_host_span: [STRACE] v=1 pid=3964021 tid=3964021 inv=64 hid=d8e9c89da8b0d3f9 depth=2 name=chip.run.bind.prebuilt ts=83667063237884 dur=1783 
[mono_ns=83667063241760][T0x701395b15740][TIMING] emit_host_span: [STRACE] v=1 pid=3964021 tid=3964021 inv=64 hid=d8e9c89da8b0d3f9 depth=1 name=chip.run.bind ts=83666997250302 dur=65991167 
[mono_ns=83667067885279][T0x701395b15740][WARN] prepare_execution: [device_runner.cpp:342] AICPU CPU_TOPO unavailable; using json_fallback: soc=Ascend950PR_9579 occupy=0x3e stable_reachable=5 requested=0 effective=5 affinity=[1, 2, 3, 4, 5(orch)]
[mono_ns=83667069730929][T0x701395b15740][TIMING] emit_host_span: [STRACE] v=1 pid=3964021 tid=3964021 inv=64 hid=d8e9c89da8b0d3f9 depth=1 name=chip.run.runner_run ts=83667067940322 dur=1790257 
[mono_ns=83667104176710][T0x701395b15740][TIMING] emit_host_span: [STRACE] v=1 pid=3964021 tid=3964021 inv=64 hid=d8e9c89da8b0d3f9 depth=1 name=chip.run.validate ts=83667069742266 dur=34433873 
[mono_ns=83667104190661][T0x701395b15740][TIMING] emit_host_span: [STRACE] v=1 pid=3964021 tid=3964021 inv=64 hid=d8e9c89da8b0d3f9 depth=2 name=chip.run.runner_run.device_wall ts=0 dur=1627556 clk=dev
[mono_ns=83667104192574][T0x701395b15740][TIMING] emit_host_span: [STRACE] v=1 pid=3964021 tid=3964021 inv=64 hid=d8e9c89da8b0d3f9 depth=3 name=chip.run.runner_run.device_wall.preamble ts=0 dur=12596 clk=dev
[mono_ns=83667104194156][T0x701395b15740][TIMING] emit_host_span: [STRACE] v=1 pid=3964021 tid=3964021 inv=64 hid=d8e9c89da8b0d3f9 depth=3 name=chip.run.runner_run.device_wall.graph_build ts=3159 dur=1619072 clk=dev
[mono_ns=83667104195308][T0x701395b15740][TIMING] emit_host_span: [STRACE] v=1 pid=3964021 tid=3964021 inv=64 hid=d8e9c89da8b0d3f9 depth=3 name=chip.run.runner_run.device_wall.config_validate ts=3505 dur=1345 clk=dev
[mono_ns=83667104196419][T0x701395b15740][TIMING] emit_host_span: [STRACE] v=1 pid=3964021 tid=3964021 inv=64 hid=d8e9c89da8b0d3f9 depth=3 name=chip.run.runner_run.device_wall.arena_wire ts=4876 dur=1952 clk=dev
[mono_ns=83667104197801][T0x701395b15740][TIMING] emit_host_span: [STRACE] v=1 pid=3964021 tid=3964021 inv=64 hid=d8e9c89da8b0d3f9 depth=3 name=chip.run.runner_run.device_wall.sm_reset ts=6962 dur=3500 clk=dev
[mono_ns=83667104198993][T0x701395b15740][TIMING] emit_host_span: [STRACE] v=1 pid=3964021 tid=3964021 inv=64 hid=d8e9c89da8b0d3f9 depth=3 name=chip.run.runner_run.device_wall.post_orch ts=1622296 dur=4695 clk=dev
[mono_ns=83667104200145][T0x701395b15740][TIMING] emit_host_span: [STRACE] v=1 pid=3964021 tid=3964021 inv=64 hid=d8e9c89da8b0d3f9 depth=3 name=chip.run.runner_run.device_wall.orch ts=10550 dur=1594591 clk=dev
[mono_ns=83667104201237][T0x701395b15740][TIMING] emit_host_span: [STRACE] v=1 pid=3964021 tid=3964021 inv=64 hid=d8e9c89da8b0d3f9 depth=3 name=chip.run.runner_run.device_wall.sched ts=12442 dur=1594773 clk=dev
[mono_ns=83667104202869][T0x701395b15740][TIMING] emit_host_span: [STRACE] v=1 pid=3964021 tid=3964021 inv=64 hid=d8e9c89da8b0d3f9 depth=1 name=chip.run.claim_release ts=83667104202438 dur=191 
[mono_ns=83667104204742][T0x701395b15740][TIMING] emit_host_span: [STRACE] v=1 pid=3964021 tid=3964021 inv=64 hid=d8e9c89da8b0d3f9 depth=0 name=chip.run ts=83666997245354 dur=106959067 run_id=0 dispatch_id=0 slot_id=0 generation=64 run_epoch=64
[mono_ns=83667177999482][T0x701395b15740][TIMING] emit_host_span: [STRACE] v=1 pid=3964021 tid=3964021 inv=65 hid=d8e9c89da8b0d3f9 depth=2 name=chip.run.bind.args ts=83667105535920 dur=72461729 
[mono_ns=83667178045771][T0x701395b15740][TIMING] emit_host_span: [STRACE] v=1 pid=3964021 tid=3964021 inv=65 hid=d8e9c89da8b0d3f9 depth=2 name=chip.run.bind.prebuilt ts=83667178038841 dur=6530 
[mono_ns=83667178047784][T0x701395b15740][TIMING] emit_host_span: [STRACE] v=1 pid=3964021 tid=3964021 inv=65 hid=d8e9c89da8b0d3f9 depth=1 name=chip.run.bind ts=83667105532204 dur=72515250 
[mono_ns=83667182722921][T0x701395b15740][WARN] prepare_execution: [device_runner.cpp:342] AICPU CPU_TOPO unavailable; using json_fallback: soc=Ascend950PR_9579 occupy=0x3e stable_reachable=5 requested=0 effective=5 affinity=[1, 2, 3, 4, 5(orch)]
[mono_ns=83667184573739][T0x701395b15740][TIMING] emit_host_span: [STRACE] v=1 pid=3964021 tid=3964021 inv=65 hid=d8e9c89da8b0d3f9 depth=1 name=chip.run.runner_run ts=83667182783472 dur=1789797 
[mono_ns=83667218847511][T0x701395b15740][TIMING] emit_host_span: [STRACE] v=1 pid=3964021 tid=3964021 inv=65 hid=d8e9c89da8b0d3f9 depth=1 name=chip.run.validate ts=83667184578947 dur=34268004 
[mono_ns=83667218856084][T0x701395b15740][TIMING] emit_host_span: [STRACE] v=1 pid=3964021 tid=3964021 inv=65 hid=d8e9c89da8b0d3f9 depth=2 name=chip.run.runner_run.device_wall ts=0 dur=1604642 clk=dev
[mono_ns=83667218857987][T0x701395b15740][TIMING] emit_host_span: [STRACE] v=1 pid=3964021 tid=3964021 inv=65 hid=d8e9c89da8b0d3f9 depth=3 name=chip.run.runner_run.device_wall.preamble ts=0 dur=16283 clk=dev
[mono_ns=83667218865348][T0x701395b15740][TIMING] emit_host_span: [STRACE] v=1 pid=3964021 tid=3964021 inv=65 hid=d8e9c89da8b0d3f9 depth=3 name=chip.run.runner_run.device_wall.graph_build ts=5624 dur=1593678 clk=dev
[mono_ns=83667218866630][T0x701395b15740][TIMING] emit_host_span: [STRACE] v=1 pid=3964021 tid=3964021 inv=65 hid=d8e9c89da8b0d3f9 depth=3 name=chip.run.runner_run.device_wall.config_validate ts=6186 dur=1705 clk=dev
[mono_ns=83667218867742][T0x701395b15740][TIMING] emit_host_span: [STRACE] v=1 pid=3964021 tid=3964021 inv=65 hid=d8e9c89da8b0d3f9 depth=3 name=chip.run.runner_run.device_wall.arena_wire ts=7913 dur=1889 clk=dev
[mono_ns=83667218868974][T0x701395b15740][TIMING] emit_host_span: [STRACE] v=1 pid=3964021 tid=3964021 inv=65 hid=d8e9c89da8b0d3f9 depth=3 name=chip.run.runner_run.device_wall.sm_reset ts=9818 dur=2581 clk=dev
[mono_ns=83667218870075][T0x701395b15740][TIMING] emit_host_span: [STRACE] v=1 pid=3964021 tid=3964021 inv=65 hid=d8e9c89da8b0d3f9 depth=3 name=chip.run.runner_run.device_wall.post_orch ts=1599321 dur=4803 clk=dev
[mono_ns=83667218871207][T0x701395b15740][TIMING] emit_host_span: [STRACE] v=1 pid=3964021 tid=3964021 inv=65 hid=d8e9c89da8b0d3f9 depth=3 name=chip.run.runner_run.device_wall.orch ts=12495 dur=1568992 clk=dev
[mono_ns=83667218872329][T0x701395b15740][TIMING] emit_host_span: [STRACE] v=1 pid=3964021 tid=3964021 inv=65 hid=d8e9c89da8b0d3f9 depth=3 name=chip.run.runner_run.device_wall.sched ts=15735 dur=1568093 clk=dev
[mono_ns=83667218873871][T0x701395b15740][TIMING] emit_host_span: [STRACE] v=1 pid=3964021 tid=3964021 inv=65 hid=d8e9c89da8b0d3f9 depth=1 name=chip.run.claim_release ts=83667218873430 dur=201 
[mono_ns=83667218876054][T0x701395b15740][TIMING] emit_host_span: [STRACE] v=1 pid=3964021 tid=3964021 inv=65 hid=d8e9c89da8b0d3f9 depth=0 name=chip.run ts=83667105527507 dur=113348147 run_id=0 dispatch_id=0 slot_id=0 generation=65 run_epoch=65
[mono_ns=83667293047670][T0x701395b15740][TIMING] emit_host_span: [STRACE] v=1 pid=3964021 tid=3964021 inv=66 hid=d8e9c89da8b0d3f9 depth=2 name=chip.run.bind.args ts=83667224611793 dur=68435086 
[mono_ns=83667293065477][T0x701395b15740][TIMING] emit_host_span: [STRACE] v=1 pid=3964021 tid=3964021 inv=66 hid=d8e9c89da8b0d3f9 depth=2 name=chip.run.bind.prebuilt ts=83667293063263 dur=1883 
[mono_ns=83667293067289][T0x701395b15740][TIMING] emit_host_span: [STRACE] v=1 pid=3964021 tid=3964021 inv=66 hid=d8e9c89da8b0d3f9 depth=1 name=chip.run.bind ts=83667224608108 dur=68458891 
[mono_ns=83667297725441][T0x701395b15740][WARN] prepare_execution: [device_runner.cpp:342] AICPU CPU_TOPO unavailable; using json_fallback: soc=Ascend950PR_9579 occupy=0x3e stable_reachable=5 requested=0 effective=5 affinity=[1, 2, 3, 4, 5(orch)]
[mono_ns=83667299749459][T0x701395b15740][TIMING] emit_host_span: [STRACE] v=1 pid=3964021 tid=3964021 inv=66 hid=d8e9c89da8b0d3f9 depth=1 name=chip.run.runner_run ts=83667297783778 dur=1965230 
[mono_ns=83667333659835][T0x701395b15740][TIMING] emit_host_span: [STRACE] v=1 pid=3964021 tid=3964021 inv=66 hid=d8e9c89da8b0d3f9 depth=1 name=chip.run.validate ts=83667299754747 dur=33904347 
[mono_ns=83667333669029][T0x701395b15740][TIMING] emit_host_span: [STRACE] v=1 pid=3964021 tid=3964021 inv=66 hid=d8e9c89da8b0d3f9 depth=2 name=chip.run.runner_run.device_wall ts=0 dur=1802094 clk=dev
[mono_ns=83667333670782][T0x701395b15740][TIMING] emit_host_span: [STRACE] v=1 pid=3964021 tid=3964021 inv=66 hid=d8e9c89da8b0d3f9 depth=3 name=chip.run.runner_run.device_wall.preamble ts=0 dur=13995 clk=dev
[mono_ns=83667333672314][T0x701395b15740][TIMING] emit_host_span: [STRACE] v=1 pid=3964021 tid=3964021 inv=66 hid=d8e9c89da8b0d3f9 depth=3 name=chip.run.runner_run.device_wall.graph_build ts=3170 dur=1793889 clk=dev
[mono_ns=83667333673606][T0x701395b15740][TIMING] emit_host_span: [STRACE] v=1 pid=3964021 tid=3964021 inv=66 hid=d8e9c89da8b0d3f9 depth=3 name=chip.run.runner_run.device_wall.config_validate ts=3373 dur=1675 clk=dev
[mono_ns=83667333674788][T0x701395b15740][TIMING] emit_host_span: [STRACE] v=1 pid=3964021 tid=3964021 inv=66 hid=d8e9c89da8b0d3f9 depth=3 name=chip.run.runner_run.device_wall.arena_wire ts=5076 dur=1705 clk=dev
[mono_ns=83667333681678][T0x701395b15740][TIMING] emit_host_span: [STRACE] v=1 pid=3964021 tid=3964021 inv=66 hid=d8e9c89da8b0d3f9 depth=3 name=chip.run.runner_run.device_wall.sm_reset ts=6798 dur=2847 clk=dev
[mono_ns=83667333682830][T0x701395b15740][TIMING] emit_host_span: [STRACE] v=1 pid=3964021 tid=3964021 inv=66 hid=d8e9c89da8b0d3f9 depth=3 name=chip.run.runner_run.device_wall.post_orch ts=1797121 dur=4550 clk=dev
[mono_ns=83667333683962][T0x701395b15740][TIMING] emit_host_span: [STRACE] v=1 pid=3964021 tid=3964021 inv=66 hid=d8e9c89da8b0d3f9 depth=3 name=chip.run.runner_run.device_wall.orch ts=9683 dur=1769934 clk=dev
[mono_ns=83667333685083][T0x701395b15740][TIMING] emit_host_span: [STRACE] v=1 pid=3964021 tid=3964021 inv=66 hid=d8e9c89da8b0d3f9 depth=3 name=chip.run.runner_run.device_wall.sched ts=13322 dur=1768683 clk=dev
[mono_ns=83667333686806][T0x701395b15740][TIMING] emit_host_span: [STRACE] v=1 pid=3964021 tid=3964021 inv=66 hid=d8e9c89da8b0d3f9 depth=1 name=chip.run.claim_release ts=83667333686355 dur=191 
[mono_ns=83667333688959][T0x701395b15740][TIMING] emit_host_span: [STRACE] v=1 pid=3964021 tid=3964021 inv=66 hid=d8e9c89da8b0d3f9 depth=0 name=chip.run ts=83667224601097 dur=109087432 run_id=0 dispatch_id=0 slot_id=0 generation=66 run_epoch=66
[mono_ns=83667400960949][T0x701395b15740][TIMING] emit_host_span: [STRACE] v=1 pid=3964021 tid=3964021 inv=67 hid=d8e9c89da8b0d3f9 depth=2 name=chip.run.bind.args ts=83667335061229 dur=65898668 
[mono_ns=83667400979537][T0x701395b15740][TIMING] emit_host_span: [STRACE] v=1 pid=3964021 tid=3964021 inv=67 hid=d8e9c89da8b0d3f9 depth=2 name=chip.run.bind.prebuilt ts=83667400977233 dur=1993 
[mono_ns=83667400981390][T0x701395b15740][TIMING] emit_host_span: [STRACE] v=1 pid=3964021 tid=3964021 inv=67 hid=d8e9c89da8b0d3f9 depth=1 name=chip.run.bind ts=83667335057503 dur=65923506 
[mono_ns=83667405559631][T0x701395b15740][WARN] prepare_execution: [device_runner.cpp:342] AICPU CPU_TOPO unavailable; using json_fallback: soc=Ascend950PR_9579 occupy=0x3e stable_reachable=5 requested=0 effective=5 affinity=[1, 2, 3, 4, 5(orch)]
[mono_ns=83667407586323][T0x701395b15740][TIMING] emit_host_span: [STRACE] v=1 pid=3964021 tid=3964021 inv=67 hid=d8e9c89da8b0d3f9 depth=1 name=chip.run.runner_run ts=83667405616186 dur=1969626 
[mono_ns=83667441594777][T0x701395b15740][TIMING] emit_host_span: [STRACE] v=1 pid=3964021 tid=3964021 inv=67 hid=d8e9c89da8b0d3f9 depth=1 name=chip.run.validate ts=83667407591721 dur=34002325 
[mono_ns=83667441604241][T0x701395b15740][TIMING] emit_host_span: [STRACE] v=1 pid=3964021 tid=3964021 inv=67 hid=d8e9c89da8b0d3f9 depth=2 name=chip.run.runner_run.device_wall ts=0 dur=1808078 clk=dev
[mono_ns=83667441606324][T0x701395b15740][TIMING] emit_host_span: [STRACE] v=1 pid=3964021 tid=3964021 inv=67 hid=d8e9c89da8b0d3f9 depth=3 name=chip.run.runner_run.device_wall.preamble ts=0 dur=13723 clk=dev
[mono_ns=83667441607787][T0x701395b15740][TIMING] emit_host_span: [STRACE] v=1 pid=3964021 tid=3964021 inv=67 hid=d8e9c89da8b0d3f9 depth=3 name=chip.run.runner_run.device_wall.graph_build ts=3114 dur=1799956 clk=dev
[mono_ns=83667441609059][T0x701395b15740][TIMING] emit_host_span: [STRACE] v=1 pid=3964021 tid=3964021 inv=67 hid=d8e9c89da8b0d3f9 depth=3 name=chip.run.runner_run.device_wall.config_validate ts=3433 dur=1423 clk=dev
[mono_ns=83667441610200][T0x701395b15740][TIMING] emit_host_span: [STRACE] v=1 pid=3964021 tid=3964021 inv=67 hid=d8e9c89da8b0d3f9 depth=3 name=chip.run.runner_run.device_wall.arena_wire ts=4890 dur=1603 clk=dev
[mono_ns=83667441611422][T0x701395b15740][TIMING] emit_host_span: [STRACE] v=1 pid=3964021 tid=3964021 inv=67 hid=d8e9c89da8b0d3f9 depth=3 name=chip.run.runner_run.device_wall.sm_reset ts=6511 dur=2248 clk=dev
[mono_ns=83667441612574][T0x701395b15740][TIMING] emit_host_span: [STRACE] v=1 pid=3964021 tid=3964021 inv=67 hid=d8e9c89da8b0d3f9 depth=3 name=chip.run.runner_run.device_wall.post_orch ts=1803129 dur=4643 clk=dev
[mono_ns=83667441619344][T0x701395b15740][TIMING] emit_host_span: [STRACE] v=1 pid=3964021 tid=3964021 inv=67 hid=d8e9c89da8b0d3f9 depth=3 name=chip.run.runner_run.device_wall.orch ts=8844 dur=1776795 clk=dev
[mono_ns=83667441620476][T0x701395b15740][TIMING] emit_host_span: [STRACE] v=1 pid=3964021 tid=3964021 inv=67 hid=d8e9c89da8b0d3f9 depth=3 name=chip.run.runner_run.device_wall.sched ts=13280 dur=1774449 clk=dev
[mono_ns=83667441622058][T0x701395b15740][TIMING] emit_host_span: [STRACE] v=1 pid=3964021 tid=3964021 inv=67 hid=d8e9c89da8b0d3f9 depth=1 name=chip.run.claim_release ts=83667441621587 dur=191 
[mono_ns=83667441624021][T0x701395b15740][TIMING] emit_host_span: [STRACE] v=1 pid=3964021 tid=3964021 inv=67 hid=d8e9c89da8b0d3f9 depth=0 name=chip.run ts=83667335052175 dur=106571295 run_id=0 dispatch_id=0 slot_id=0 generation=67 run_epoch=67
[mono_ns=83667508088228][T0x701395b15740][TIMING] emit_host_span: [STRACE] v=1 pid=3964021 tid=3964021 inv=68 hid=d8e9c89da8b0d3f9 depth=2 name=chip.run.bind.args ts=83667442991754 dur=65095323 
[mono_ns=83667508106576][T0x701395b15740][TIMING] emit_host_span: [STRACE] v=1 pid=3964021 tid=3964021 inv=68 hid=d8e9c89da8b0d3f9 depth=2 name=chip.run.bind.prebuilt ts=83667508104272 dur=1933 
[mono_ns=83667508108479][T0x701395b15740][TIMING] emit_host_span: [STRACE] v=1 pid=3964021 tid=3964021 inv=68 hid=d8e9c89da8b0d3f9 depth=1 name=chip.run.bind ts=83667442988759 dur=65119349 
[mono_ns=83667512777086][T0x701395b15740][WARN] prepare_execution: [device_runner.cpp:342] AICPU CPU_TOPO unavailable; using json_fallback: soc=Ascend950PR_9579 occupy=0x3e stable_reachable=5 requested=0 effective=5 affinity=[1, 2, 3, 4, 5(orch)]
[mono_ns=83667514599802][T0x701395b15740][TIMING] emit_host_span: [STRACE] v=1 pid=3964021 tid=3964021 inv=68 hid=d8e9c89da8b0d3f9 depth=1 name=chip.run.runner_run ts=83667512831738 dur=1767543 
[mono_ns=83667547872752][T0x701395b15740][TIMING] emit_host_span: [STRACE] v=1 pid=3964021 tid=3964021 inv=68 hid=d8e9c89da8b0d3f9 depth=1 name=chip.run.validate ts=83667514605100 dur=33265599 
[mono_ns=83667547886693][T0x701395b15740][TIMING] emit_host_span: [STRACE] v=1 pid=3964021 tid=3964021 inv=68 hid=d8e9c89da8b0d3f9 depth=2 name=chip.run.runner_run.device_wall ts=0 dur=1602209 clk=dev
[mono_ns=83667547888626][T0x701395b15740][TIMING] emit_host_span: [STRACE] v=1 pid=3964021 tid=3964021 inv=68 hid=d8e9c89da8b0d3f9 depth=3 name=chip.run.runner_run.device_wall.preamble ts=0 dur=15252 clk=dev
[mono_ns=83667547890158][T0x701395b15740][TIMING] emit_host_span: [STRACE] v=1 pid=3964021 tid=3964021 inv=68 hid=d8e9c89da8b0d3f9 depth=3 name=chip.run.runner_run.device_wall.graph_build ts=4851 dur=1591973 clk=dev
[mono_ns=83667547891500][T0x701395b15740][TIMING] emit_host_span: [STRACE] v=1 pid=3964021 tid=3964021 inv=68 hid=d8e9c89da8b0d3f9 depth=3 name=chip.run.runner_run.device_wall.config_validate ts=5178 dur=1371 clk=dev
[mono_ns=83667547892692][T0x701395b15740][TIMING] emit_host_span: [STRACE] v=1 pid=3964021 tid=3964021 inv=68 hid=d8e9c89da8b0d3f9 depth=3 name=chip.run.runner_run.device_wall.arena_wire ts=6586 dur=1480 clk=dev
[mono_ns=83667547894304][T0x701395b15740][TIMING] emit_host_span: [STRACE] v=1 pid=3964021 tid=3964021 inv=68 hid=d8e9c89da8b0d3f9 depth=3 name=chip.run.runner_run.device_wall.sm_reset ts=8337 dur=1956 clk=dev
[mono_ns=83667547895506][T0x701395b15740][TIMING] emit_host_span: [STRACE] v=1 pid=3964021 tid=3964021 inv=68 hid=d8e9c89da8b0d3f9 depth=3 name=chip.run.runner_run.device_wall.post_orch ts=1596889 dur=4955 clk=dev
[mono_ns=83667547896728][T0x701395b15740][TIMING] emit_host_span: [STRACE] v=1 pid=3964021 tid=3964021 inv=68 hid=d8e9c89da8b0d3f9 depth=3 name=chip.run.runner_run.device_wall.orch ts=10379 dur=1568572 clk=dev
[mono_ns=83667547897849][T0x701395b15740][TIMING] emit_host_span: [STRACE] v=1 pid=3964021 tid=3964021 inv=68 hid=d8e9c89da8b0d3f9 depth=3 name=chip.run.runner_run.device_wall.sched ts=14814 dur=1566698 clk=dev
[mono_ns=83667547899612][T0x701395b15740][TIMING] emit_host_span: [STRACE] v=1 pid=3964021 tid=3964021 inv=68 hid=d8e9c89da8b0d3f9 depth=1 name=chip.run.claim_release ts=83667547899001 dur=241 
[mono_ns=83667547908035][T0x701395b15740][TIMING] emit_host_span: [STRACE] v=1 pid=3964021 tid=3964021 inv=68 hid=d8e9c89da8b0d3f9 depth=0 name=chip.run ts=83667442982370 dur=104925224 run_id=0 dispatch_id=0 slot_id=0 generation=68 run_epoch=68
[mono_ns=83667612352611][T0x701395b15740][TIMING] emit_host_span: [STRACE] v=1 pid=3964021 tid=3964021 inv=69 hid=d8e9c89da8b0d3f9 depth=2 name=chip.run.bind.args ts=83667549316268 dur=63035011 
[mono_ns=83667612371319][T0x701395b15740][TIMING] emit_host_span: [STRACE] v=1 pid=3964021 tid=3964021 inv=69 hid=d8e9c89da8b0d3f9 depth=2 name=chip.run.bind.prebuilt ts=83667612368505 dur=2433 
[mono_ns=83667612373102][T0x701395b15740][TIMING] emit_host_span: [STRACE] v=1 pid=3964021 tid=3964021 inv=69 hid=d8e9c89da8b0d3f9 depth=1 name=chip.run.bind ts=83667549312192 dur=63060619 
[mono_ns=83667617059876][T0x701395b15740][WARN] prepare_execution: [device_runner.cpp:342] AICPU CPU_TOPO unavailable; using json_fallback: soc=Ascend950PR_9579 occupy=0x3e stable_reachable=5 requested=0 effective=5 affinity=[1, 2, 3, 4, 5(orch)]
[mono_ns=83667618879167][T0x701395b15740][TIMING] emit_host_span: [STRACE] v=1 pid=3964021 tid=3964021 inv=69 hid=d8e9c89da8b0d3f9 depth=1 name=chip.run.runner_run ts=83667617119696 dur=1758930 
[mono_ns=83667652284115][T0x701395b15740][TIMING] emit_host_span: [STRACE] v=1 pid=3964021 tid=3964021 inv=69 hid=d8e9c89da8b0d3f9 depth=1 name=chip.run.validate ts=83667618884625 dur=33398639 
[mono_ns=83667652292928][T0x701395b15740][TIMING] emit_host_span: [STRACE] v=1 pid=3964021 tid=3964021 inv=69 hid=d8e9c89da8b0d3f9 depth=2 name=chip.run.runner_run.device_wall ts=0 dur=1570502 clk=dev
[mono_ns=83667652294701][T0x701395b15740][TIMING] emit_host_span: [STRACE] v=1 pid=3964021 tid=3964021 inv=69 hid=d8e9c89da8b0d3f9 depth=3 name=chip.run.runner_run.device_wall.preamble ts=0 dur=13570 clk=dev
[mono_ns=83667652295983][T0x701395b15740][TIMING] emit_host_span: [STRACE] v=1 pid=3964021 tid=3964021 inv=69 hid=d8e9c89da8b0d3f9 depth=3 name=chip.run.runner_run.device_wall.graph_build ts=2999 dur=1562549 clk=dev
[mono_ns=83667652297244][T0x701395b15740][TIMING] emit_host_span: [STRACE] v=1 pid=3964021 tid=3964021 inv=69 hid=d8e9c89da8b0d3f9 depth=3 name=chip.run.runner_run.device_wall.config_validate ts=3355 dur=1709 clk=dev
[mono_ns=83667652298386][T0x701395b15740][TIMING] emit_host_span: [STRACE] v=1 pid=3964021 tid=3964021 inv=69 hid=d8e9c89da8b0d3f9 depth=3 name=chip.run.runner_run.device_wall.arena_wire ts=5098 dur=1987 clk=dev
[mono_ns=83667652299558][T0x701395b15740][TIMING] emit_host_span: [STRACE] v=1 pid=3964021 tid=3964021 inv=69 hid=d8e9c89da8b0d3f9 depth=3 name=chip.run.runner_run.device_wall.sm_reset ts=7103 dur=2522 clk=dev
[mono_ns=83667652300710][T0x701395b15740][TIMING] emit_host_span: [STRACE] v=1 pid=3964021 tid=3964021 inv=69 hid=d8e9c89da8b0d3f9 depth=3 name=chip.run.runner_run.device_wall.post_orch ts=1565596 dur=4617 clk=dev
[mono_ns=83667652301861][T0x701395b15740][TIMING] emit_host_span: [STRACE] v=1 pid=3964021 tid=3964021 inv=69 hid=d8e9c89da8b0d3f9 depth=3 name=chip.run.runner_run.device_wall.orch ts=9715 dur=1538759 clk=dev
[mono_ns=83667652302993][T0x701395b15740][TIMING] emit_host_span: [STRACE] v=1 pid=3964021 tid=3964021 inv=69 hid=d8e9c89da8b0d3f9 depth=3 name=chip.run.runner_run.device_wall.sched ts=13332 dur=1537610 clk=dev
[mono_ns=83667652305026][T0x701395b15740][TIMING] emit_host_span: [STRACE] v=1 pid=3964021 tid=3964021 inv=69 hid=d8e9c89da8b0d3f9 depth=1 name=chip.run.claim_release ts=83667652304475 dur=301 
[mono_ns=83667652307099][T0x701395b15740][TIMING] emit_host_span: [STRACE] v=1 pid=3964021 tid=3964021 inv=69 hid=d8e9c89da8b0d3f9 depth=0 name=chip.run ts=83667549303529 dur=103003170 run_id=0 dispatch_id=0 slot_id=0 generation=69 run_epoch=69
[mono_ns=83667718173570][T0x701395b15740][TIMING] emit_host_span: [STRACE] v=1 pid=3964021 tid=3964021 inv=70 hid=d8e9c89da8b0d3f9 depth=2 name=chip.run.bind.args ts=83667653674572 dur=64497686 
[mono_ns=83667718196955][T0x701395b15740][TIMING] emit_host_span: [STRACE] v=1 pid=3964021 tid=3964021 inv=70 hid=d8e9c89da8b0d3f9 depth=2 name=chip.run.bind.prebuilt ts=83667718194651 dur=2023 
[mono_ns=83667718198577][T0x701395b15740][TIMING] emit_host_span: [STRACE] v=1 pid=3964021 tid=3964021 inv=70 hid=d8e9c89da8b0d3f9 depth=1 name=chip.run.bind ts=83667653670796 dur=64527511 
[mono_ns=83667722751160][T0x701395b15740][WARN] prepare_execution: [device_runner.cpp:342] AICPU CPU_TOPO unavailable; using json_fallback: soc=Ascend950PR_9579 occupy=0x3e stable_reachable=5 requested=0 effective=5 affinity=[1, 2, 3, 4, 5(orch)]
[mono_ns=83667724532954][T0x701395b15740][TIMING] emit_host_span: [STRACE] v=1 pid=3964021 tid=3964021 inv=70 hid=d8e9c89da8b0d3f9 depth=1 name=chip.run.runner_run ts=83667722809067 dur=1723216 
[mono_ns=83667757437952][T0x701395b15740][TIMING] emit_host_span: [STRACE] v=1 pid=3964021 tid=3964021 inv=70 hid=d8e9c89da8b0d3f9 depth=1 name=chip.run.validate ts=83667724537952 dur=32898848 
[mono_ns=83667757448007][T0x701395b15740][TIMING] emit_host_span: [STRACE] v=1 pid=3964021 tid=3964021 inv=70 hid=d8e9c89da8b0d3f9 depth=2 name=chip.run.runner_run.device_wall ts=0 dur=1566482 clk=dev
[mono_ns=83667757449630][T0x701395b15740][TIMING] emit_host_span: [STRACE] v=1 pid=3964021 tid=3964021 inv=70 hid=d8e9c89da8b0d3f9 depth=3 name=chip.run.runner_run.device_wall.preamble ts=0 dur=12609 clk=dev
[mono_ns=83667757450972][T0x701395b15740][TIMING] emit_host_span: [STRACE] v=1 pid=3964021 tid=3964021 inv=70 hid=d8e9c89da8b0d3f9 depth=3 name=chip.run.runner_run.device_wall.graph_build ts=2409 dur=1558745 clk=dev
[mono_ns=83667757452103][T0x701395b15740][TIMING] emit_host_span: [STRACE] v=1 pid=3964021 tid=3964021 inv=70 hid=d8e9c89da8b0d3f9 depth=3 name=chip.run.runner_run.device_wall.config_validate ts=2748 dur=1066 clk=dev
[mono_ns=83667757453275][T0x701395b15740][TIMING] emit_host_span: [STRACE] v=1 pid=3964021 tid=3964021 inv=70 hid=d8e9c89da8b0d3f9 depth=3 name=chip.run.runner_run.device_wall.arena_wire ts=3838 dur=1616 clk=dev
[mono_ns=83667757454427][T0x701395b15740][TIMING] emit_host_span: [STRACE] v=1 pid=3964021 tid=3964021 inv=70 hid=d8e9c89da8b0d3f9 depth=3 name=chip.run.runner_run.device_wall.sm_reset ts=5675 dur=2508 clk=dev
[mono_ns=83667757455659][T0x701395b15740][TIMING] emit_host_span: [STRACE] v=1 pid=3964021 tid=3964021 inv=70 hid=d8e9c89da8b0d3f9 depth=3 name=chip.run.runner_run.device_wall.post_orch ts=1561190 dur=5030 clk=dev
[mono_ns=83667757456801][T0x701395b15740][TIMING] emit_host_span: [STRACE] v=1 pid=3964021 tid=3964021 inv=70 hid=d8e9c89da8b0d3f9 depth=3 name=chip.run.runner_run.device_wall.orch ts=8212 dur=1535472 clk=dev
[mono_ns=83667757457932][T0x701395b15740][TIMING] emit_host_span: [STRACE] v=1 pid=3964021 tid=3964021 inv=70 hid=d8e9c89da8b0d3f9 depth=3 name=chip.run.runner_run.device_wall.sched ts=12048 dur=1533793 clk=dev
[mono_ns=83667757459615][T0x701395b15740][TIMING] emit_host_span: [STRACE] v=1 pid=3964021 tid=3964021 inv=70 hid=d8e9c89da8b0d3f9 depth=1 name=chip.run.claim_release ts=83667757459194 dur=160 
[mono_ns=83667757461528][T0x701395b15740][TIMING] emit_host_span: [STRACE] v=1 pid=3964021 tid=3964021 inv=70 hid=d8e9c89da8b0d3f9 depth=0 name=chip.run ts=83667653665128 dur=103796109 run_id=0 dispatch_id=0 slot_id=0 generation=70 run_epoch=70
[mono_ns=83667823353616][T0x701395b15740][TIMING] emit_host_span: [STRACE] v=1 pid=3964021 tid=3964021 inv=71 hid=d8e9c89da8b0d3f9 depth=2 name=chip.run.bind.args ts=83667758843041 dur=64509524 
[mono_ns=83667823368419][T0x701395b15740][TIMING] emit_host_span: [STRACE] v=1 pid=3964021 tid=3964021 inv=71 hid=d8e9c89da8b0d3f9 depth=2 name=chip.run.bind.prebuilt ts=83667823366095 dur=2043 
[mono_ns=83667823370231][T0x701395b15740][TIMING] emit_host_span: [STRACE] v=1 pid=3964021 tid=3964021 inv=71 hid=d8e9c89da8b0d3f9 depth=1 name=chip.run.bind ts=83667758839456 dur=64530495 
[mono_ns=83667827995954][T0x701395b15740][WARN] prepare_execution: [device_runner.cpp:342] AICPU CPU_TOPO unavailable; using json_fallback: soc=Ascend950PR_9579 occupy=0x3e stable_reachable=5 requested=0 effective=5 affinity=[1, 2, 3, 4, 5(orch)]
[mono_ns=83667829857819][T0x701395b15740][TIMING] emit_host_span: [STRACE] v=1 pid=3964021 tid=3964021 inv=71 hid=d8e9c89da8b0d3f9 depth=1 name=chip.run.runner_run ts=83667828065619 dur=1791819 
[mono_ns=83667863579582][T0x701395b15740][TIMING] emit_host_span: [STRACE] v=1 pid=3964021 tid=3964021 inv=71 hid=d8e9c89da8b0d3f9 depth=1 name=chip.run.validate ts=83667829863958 dur=33715174 
[mono_ns=83667863589076][T0x701395b15740][TIMING] emit_host_span: [STRACE] v=1 pid=3964021 tid=3964021 inv=71 hid=d8e9c89da8b0d3f9 depth=2 name=chip.run.runner_run.device_wall ts=0 dur=1620222 clk=dev
[mono_ns=83667863590699][T0x701395b15740][TIMING] emit_host_span: [STRACE] v=1 pid=3964021 tid=3964021 inv=71 hid=d8e9c89da8b0d3f9 depth=3 name=chip.run.runner_run.device_wall.preamble ts=0 dur=15344 clk=dev
[mono_ns=83667863592191][T0x701395b15740][TIMING] emit_host_span: [STRACE] v=1 pid=3964021 tid=3964021 inv=71 hid=d8e9c89da8b0d3f9 depth=3 name=chip.run.runner_run.device_wall.graph_build ts=5649 dur=1610011 clk=dev
[mono_ns=83667863593463][T0x701395b15740][TIMING] emit_host_span: [STRACE] v=1 pid=3964021 tid=3964021 inv=71 hid=d8e9c89da8b0d3f9 depth=3 name=chip.run.runner_run.device_wall.config_validate ts=6239 dur=1002 clk=dev
[mono_ns=83667863594645][T0x701395b15740][TIMING] emit_host_span: [STRACE] v=1 pid=3964021 tid=3964021 inv=71 hid=d8e9c89da8b0d3f9 depth=3 name=chip.run.runner_run.device_wall.arena_wire ts=7456 dur=1192 clk=dev
[mono_ns=83667863595827][T0x701395b15740][TIMING] emit_host_span: [STRACE] v=1 pid=3964021 tid=3964021 inv=71 hid=d8e9c89da8b0d3f9 depth=3 name=chip.run.runner_run.device_wall.sm_reset ts=8936 dur=2607 clk=dev
[mono_ns=83667863597028][T0x701395b15740][TIMING] emit_host_span: [STRACE] v=1 pid=3964021 tid=3964021 inv=71 hid=d8e9c89da8b0d3f9 depth=3 name=chip.run.runner_run.device_wall.post_orch ts=1615695 dur=4279 clk=dev
[mono_ns=83667863598160][T0x701395b15740][TIMING] emit_host_span: [STRACE] v=1 pid=3964021 tid=3964021 inv=71 hid=d8e9c89da8b0d3f9 depth=3 name=chip.run.runner_run.device_wall.orch ts=11577 dur=1586708 clk=dev
[mono_ns=83667863599282][T0x701395b15740][TIMING] emit_host_span: [STRACE] v=1 pid=3964021 tid=3964021 inv=71 hid=d8e9c89da8b0d3f9 depth=3 name=chip.run.runner_run.device_wall.sched ts=15220 dur=1584913 clk=dev
[mono_ns=83667863600934][T0x701395b15740][TIMING] emit_host_span: [STRACE] v=1 pid=3964021 tid=3964021 inv=71 hid=d8e9c89da8b0d3f9 depth=1 name=chip.run.claim_release ts=83667863600464 dur=220 
[mono_ns=83667863602667][T0x701395b15740][TIMING] emit_host_span: [STRACE] v=1 pid=3964021 tid=3964021 inv=71 hid=d8e9c89da8b0d3f9 depth=0 name=chip.run ts=83667758833747 dur=104768579 run_id=0 dispatch_id=0 slot_id=0 generation=71 run_epoch=71
[mono_ns=83667930494857][T0x701395b15740][TIMING] emit_host_span: [STRACE] v=1 pid=3964021 tid=3964021 inv=72 hid=d8e9c89da8b0d3f9 depth=2 name=chip.run.bind.args ts=83667864963870 dur=65529755 
[mono_ns=83667930510781][T0x701395b15740][TIMING] emit_host_span: [STRACE] v=1 pid=3964021 tid=3964021 inv=72 hid=d8e9c89da8b0d3f9 depth=2 name=chip.run.bind.prebuilt ts=83667930508347 dur=2013 
[mono_ns=83667930512463][T0x701395b15740][TIMING] emit_host_span: [STRACE] v=1 pid=3964021 tid=3964021 inv=72 hid=d8e9c89da8b0d3f9 depth=1 name=chip.run.bind ts=83667864960435 dur=65551748 
[mono_ns=83667935055602][T0x701395b15740][WARN] prepare_execution: [device_runner.cpp:342] AICPU CPU_TOPO unavailable; using json_fallback: soc=Ascend950PR_9579 occupy=0x3e stable_reachable=5 requested=0 effective=5 affinity=[1, 2, 3, 4, 5(orch)]
[mono_ns=83667936829845][T0x701395b15740][TIMING] emit_host_span: [STRACE] v=1 pid=3964021 tid=3964021 inv=72 hid=d8e9c89da8b0d3f9 depth=1 name=chip.run.runner_run ts=83667935113389 dur=1716105 
[mono_ns=83667970018999][T0x701395b15740][TIMING] emit_host_span: [STRACE] v=1 pid=3964021 tid=3964021 inv=72 hid=d8e9c89da8b0d3f9 depth=1 name=chip.run.validate ts=83667936834853 dur=33183415 
[mono_ns=83667970027182][T0x701395b15740][TIMING] emit_host_span: [STRACE] v=1 pid=3964021 tid=3964021 inv=72 hid=d8e9c89da8b0d3f9 depth=2 name=chip.run.runner_run.device_wall ts=0 dur=1561942 clk=dev
[mono_ns=83667970035063][T0x701395b15740][TIMING] emit_host_span: [STRACE] v=1 pid=3964021 tid=3964021 inv=72 hid=d8e9c89da8b0d3f9 depth=3 name=chip.run.runner_run.device_wall.preamble ts=0 dur=13754 clk=dev
[mono_ns=83667970036455][T0x701395b15740][TIMING] emit_host_span: [STRACE] v=1 pid=3964021 tid=3964021 inv=72 hid=d8e9c89da8b0d3f9 depth=3 name=chip.run.runner_run.device_wall.graph_build ts=2630 dur=1554297 clk=dev
[mono_ns=83667970037657][T0x701395b15740][TIMING] emit_host_span: [STRACE] v=1 pid=3964021 tid=3964021 inv=72 hid=d8e9c89da8b0d3f9 depth=3 name=chip.run.runner_run.device_wall.config_validate ts=3264 dur=1069 clk=dev
[mono_ns=83667970038799][T0x701395b15740][TIMING] emit_host_span: [STRACE] v=1 pid=3964021 tid=3964021 inv=72 hid=d8e9c89da8b0d3f9 depth=3 name=chip.run.runner_run.device_wall.arena_wire ts=4366 dur=1947 clk=dev
[mono_ns=83667970039951][T0x701395b15740][TIMING] emit_host_span: [STRACE] v=1 pid=3964021 tid=3964021 inv=72 hid=d8e9c89da8b0d3f9 depth=3 name=chip.run.runner_run.device_wall.sm_reset ts=6457 dur=1893 clk=dev
[mono_ns=83667970041052][T0x701395b15740][TIMING] emit_host_span: [STRACE] v=1 pid=3964021 tid=3964021 inv=72 hid=d8e9c89da8b0d3f9 depth=3 name=chip.run.runner_run.device_wall.post_orch ts=1556992 dur=4545 clk=dev
[mono_ns=83667970042174][T0x701395b15740][TIMING] emit_host_span: [STRACE] v=1 pid=3964021 tid=3964021 inv=72 hid=d8e9c89da8b0d3f9 depth=3 name=chip.run.runner_run.device_wall.orch ts=8388 dur=1531561 clk=dev
[mono_ns=83667970043296][T0x701395b15740][TIMING] emit_host_span: [STRACE] v=1 pid=3964021 tid=3964021 inv=72 hid=d8e9c89da8b0d3f9 depth=3 name=chip.run.runner_run.device_wall.sched ts=13328 dur=1528564 clk=dev
[mono_ns=83667970045199][T0x701395b15740][TIMING] emit_host_span: [STRACE] v=1 pid=3964021 tid=3964021 inv=72 hid=d8e9c89da8b0d3f9 depth=1 name=chip.run.claim_release ts=83667970044558 dur=300 
[mono_ns=83667970047192][T0x701395b15740][TIMING] emit_host_span: [STRACE] v=1 pid=3964021 tid=3964021 inv=72 hid=d8e9c89da8b0d3f9 depth=0 name=chip.run ts=83667864954736 dur=105092165 run_id=0 dispatch_id=0 slot_id=0 generation=72 run_epoch=72
[mono_ns=83668038236338][T0x701395b15740][TIMING] emit_host_span: [STRACE] v=1 pid=3964021 tid=3964021 inv=73 hid=d8e9c89da8b0d3f9 depth=2 name=chip.run.bind.args ts=83667971373242 dur=66862325 
[mono_ns=83668038252903][T0x701395b15740][TIMING] emit_host_span: [STRACE] v=1 pid=3964021 tid=3964021 inv=73 hid=d8e9c89da8b0d3f9 depth=2 name=chip.run.bind.prebuilt ts=83668038250459 dur=2073 
[mono_ns=83668038254635][T0x701395b15740][TIMING] emit_host_span: [STRACE] v=1 pid=3964021 tid=3964021 inv=73 hid=d8e9c89da8b0d3f9 depth=1 name=chip.run.bind ts=83667971370327 dur=66884038 
[mono_ns=83668042950964][T0x701395b15740][WARN] prepare_execution: [device_runner.cpp:342] AICPU CPU_TOPO unavailable; using json_fallback: soc=Ascend950PR_9579 occupy=0x3e stable_reachable=5 requested=0 effective=5 affinity=[1, 2, 3, 4, 5(orch)]
[mono_ns=83668044689814][T0x701395b15740][TIMING] emit_host_span: [STRACE] v=1 pid=3964021 tid=3964021 inv=73 hid=d8e9c89da8b0d3f9 depth=1 name=chip.run.runner_run ts=83668043018806 dur=1670678 
[mono_ns=83668078100631][T0x701395b15740][TIMING] emit_host_span: [STRACE] v=1 pid=3964021 tid=3964021 inv=73 hid=d8e9c89da8b0d3f9 depth=1 name=chip.run.validate ts=83668044695523 dur=33404617 
[mono_ns=83668078108663][T0x701395b15740][TIMING] emit_host_span: [STRACE] v=1 pid=3964021 tid=3964021 inv=73 hid=d8e9c89da8b0d3f9 depth=2 name=chip.run.runner_run.device_wall ts=0 dur=1513570 clk=dev
[mono_ns=83668078110676][T0x701395b15740][TIMING] emit_host_span: [STRACE] v=1 pid=3964021 tid=3964021 inv=73 hid=d8e9c89da8b0d3f9 depth=3 name=chip.run.runner_run.device_wall.preamble ts=0 dur=13165 clk=dev
[mono_ns=83668078112018][T0x701395b15740][TIMING] emit_host_span: [STRACE] v=1 pid=3964021 tid=3964021 inv=73 hid=d8e9c89da8b0d3f9 depth=3 name=chip.run.runner_run.device_wall.graph_build ts=2990 dur=1505520 clk=dev
[mono_ns=83668078118488][T0x701395b15740][TIMING] emit_host_span: [STRACE] v=1 pid=3964021 tid=3964021 inv=73 hid=d8e9c89da8b0d3f9 depth=3 name=chip.run.runner_run.device_wall.config_validate ts=3457 dur=1353 clk=dev
[mono_ns=83668078119630][T0x701395b15740][TIMING] emit_host_span: [STRACE] v=1 pid=3964021 tid=3964021 inv=73 hid=d8e9c89da8b0d3f9 depth=3 name=chip.run.runner_run.device_wall.arena_wire ts=5010 dur=2199 clk=dev
[mono_ns=83668078120751][T0x701395b15740][TIMING] emit_host_span: [STRACE] v=1 pid=3964021 tid=3964021 inv=73 hid=d8e9c89da8b0d3f9 depth=3 name=chip.run.runner_run.device_wall.sm_reset ts=7225 dur=3743 clk=dev
[mono_ns=83668078121883][T0x701395b15740][TIMING] emit_host_span: [STRACE] v=1 pid=3964021 tid=3964021 inv=73 hid=d8e9c89da8b0d3f9 depth=3 name=chip.run.runner_run.device_wall.post_orch ts=1508554 dur=4641 clk=dev
[mono_ns=83668078123005][T0x701395b15740][TIMING] emit_host_span: [STRACE] v=1 pid=3964021 tid=3964021 inv=73 hid=d8e9c89da8b0d3f9 depth=3 name=chip.run.runner_run.device_wall.orch ts=11001 dur=1479851 clk=dev
[mono_ns=83668078124156][T0x701395b15740][TIMING] emit_host_span: [STRACE] v=1 pid=3964021 tid=3964021 inv=73 hid=d8e9c89da8b0d3f9 depth=3 name=chip.run.runner_run.device_wall.sched ts=13410 dur=1479897 clk=dev
[mono_ns=83668078126119][T0x701395b15740][TIMING] emit_host_span: [STRACE] v=1 pid=3964021 tid=3964021 inv=73 hid=d8e9c89da8b0d3f9 depth=1 name=chip.run.claim_release ts=83668078125468 dur=291 
[mono_ns=83668078128403][T0x701395b15740][TIMING] emit_host_span: [STRACE] v=1 pid=3964021 tid=3964021 inv=73 hid=d8e9c89da8b0d3f9 depth=0 name=chip.run ts=83667971364759 dur=106763313 run_id=0 dispatch_id=0 slot_id=0 generation=73 run_epoch=73
[mono_ns=83668146275236][T0x701395b15740][TIMING] emit_host_span: [STRACE] v=1 pid=3964021 tid=3964021 inv=74 hid=d8e9c89da8b0d3f9 depth=2 name=chip.run.bind.args ts=83668079471238 dur=66803036 
[mono_ns=83668146292341][T0x701395b15740][TIMING] emit_host_span: [STRACE] v=1 pid=3964021 tid=3964021 inv=74 hid=d8e9c89da8b0d3f9 depth=2 name=chip.run.bind.prebuilt ts=83668146289737 dur=2204 
[mono_ns=83668146293924][T0x701395b15740][TIMING] emit_host_span: [STRACE] v=1 pid=3964021 tid=3964021 inv=74 hid=d8e9c89da8b0d3f9 depth=1 name=chip.run.bind ts=83668079467793 dur=66825870 
[mono_ns=83668150823733][T0x701395b15740][WARN] prepare_execution: [device_runner.cpp:342] AICPU CPU_TOPO unavailable; using json_fallback: soc=Ascend950PR_9579 occupy=0x3e stable_reachable=5 requested=0 effective=5 affinity=[1, 2, 3, 4, 5(orch)]
[mono_ns=83668152647019][T0x701395b15740][TIMING] emit_host_span: [STRACE] v=1 pid=3964021 tid=3964021 inv=74 hid=d8e9c89da8b0d3f9 depth=1 name=chip.run.runner_run ts=83668150878304 dur=1768174 
[mono_ns=83668186482493][T0x701395b15740][TIMING] emit_host_span: [STRACE] v=1 pid=3964021 tid=3964021 inv=74 hid=d8e9c89da8b0d3f9 depth=1 name=chip.run.validate ts=83668152652227 dur=33829385 
[mono_ns=83668186490455][T0x701395b15740][TIMING] emit_host_span: [STRACE] v=1 pid=3964021 tid=3964021 inv=74 hid=d8e9c89da8b0d3f9 depth=2 name=chip.run.runner_run.device_wall ts=0 dur=1611430 clk=dev
[mono_ns=83668186492288][T0x701395b15740][TIMING] emit_host_span: [STRACE] v=1 pid=3964021 tid=3964021 inv=74 hid=d8e9c89da8b0d3f9 depth=3 name=chip.run.runner_run.device_wall.preamble ts=0 dur=13039 clk=dev
[mono_ns=83668186493650][T0x701395b15740][TIMING] emit_host_span: [STRACE] v=1 pid=3964021 tid=3964021 inv=74 hid=d8e9c89da8b0d3f9 depth=3 name=chip.run.runner_run.device_wall.graph_build ts=2798 dur=1603962 clk=dev
[mono_ns=83668186494802][T0x701395b15740][TIMING] emit_host_span: [STRACE] v=1 pid=3964021 tid=3964021 inv=74 hid=d8e9c89da8b0d3f9 depth=3 name=chip.run.runner_run.device_wall.config_validate ts=3139 dur=1630 clk=dev
[mono_ns=83668186495944][T0x701395b15740][TIMING] emit_host_span: [STRACE] v=1 pid=3964021 tid=3964021 inv=74 hid=d8e9c89da8b0d3f9 depth=3 name=chip.run.runner_run.device_wall.arena_wire ts=4792 dur=2149 clk=dev
[mono_ns=83668186497316][T0x701395b15740][TIMING] emit_host_span: [STRACE] v=1 pid=3964021 tid=3964021 inv=74 hid=d8e9c89da8b0d3f9 depth=3 name=chip.run.runner_run.device_wall.sm_reset ts=6966 dur=2902 clk=dev
[mono_ns=83668186511707][T0x701395b15740][TIMING] emit_host_span: [STRACE] v=1 pid=3964021 tid=3964021 inv=74 hid=d8e9c89da8b0d3f9 depth=3 name=chip.run.runner_run.device_wall.post_orch ts=1606797 dur=4213 clk=dev
[mono_ns=83668186512989][T0x701395b15740][TIMING] emit_host_span: [STRACE] v=1 pid=3964021 tid=3964021 inv=74 hid=d8e9c89da8b0d3f9 depth=3 name=chip.run.runner_run.device_wall.orch ts=9947 dur=1579524 clk=dev
[mono_ns=83668186514211][T0x701395b15740][TIMING] emit_host_span: [STRACE] v=1 pid=3964021 tid=3964021 inv=74 hid=d8e9c89da8b0d3f9 depth=3 name=chip.run.runner_run.device_wall.sched ts=12541 dur=1579079 clk=dev
[mono_ns=83668186516144][T0x701395b15740][TIMING] emit_host_span: [STRACE] v=1 pid=3964021 tid=3964021 inv=74 hid=d8e9c89da8b0d3f9 depth=1 name=chip.run.claim_release ts=83668186515413 dur=300 
[mono_ns=83668186518417][T0x701395b15740][TIMING] emit_host_span: [STRACE] v=1 pid=3964021 tid=3964021 inv=74 hid=d8e9c89da8b0d3f9 depth=0 name=chip.run ts=83668079462685 dur=107055382 run_id=0 dispatch_id=0 slot_id=0 generation=74 run_epoch=74
[mono_ns=83668252818498][T0x701395b15740][TIMING] emit_host_span: [STRACE] v=1 pid=3964021 tid=3964021 inv=75 hid=d8e9c89da8b0d3f9 depth=2 name=chip.run.bind.args ts=83668187897197 dur=64919429 
[mono_ns=83668252841653][T0x701395b15740][TIMING] emit_host_span: [STRACE] v=1 pid=3964021 tid=3964021 inv=75 hid=d8e9c89da8b0d3f9 depth=2 name=chip.run.bind.prebuilt ts=83668252838639 dur=2614 
[mono_ns=83668252843606][T0x701395b15740][TIMING] emit_host_span: [STRACE] v=1 pid=3964021 tid=3964021 inv=75 hid=d8e9c89da8b0d3f9 depth=1 name=chip.run.bind ts=83668187893962 dur=64949344 
[mono_ns=83668257389249][T0x701395b15740][WARN] prepare_execution: [device_runner.cpp:342] AICPU CPU_TOPO unavailable; using json_fallback: soc=Ascend950PR_9579 occupy=0x3e stable_reachable=5 requested=0 effective=5 affinity=[1, 2, 3, 4, 5(orch)]
[mono_ns=83668259197553][T0x701395b15740][TIMING] emit_host_span: [STRACE] v=1 pid=3964021 tid=3964021 inv=75 hid=d8e9c89da8b0d3f9 depth=1 name=chip.run.runner_run ts=83668257446555 dur=1750477 
[mono_ns=83668292968460][T0x701395b15740][TIMING] emit_host_span: [STRACE] v=1 pid=3964021 tid=3964021 inv=75 hid=d8e9c89da8b0d3f9 depth=1 name=chip.run.validate ts=83668259202771 dur=33765058 
[mono_ns=83668292978245][T0x701395b15740][TIMING] emit_host_span: [STRACE] v=1 pid=3964021 tid=3964021 inv=75 hid=d8e9c89da8b0d3f9 depth=2 name=chip.run.runner_run.device_wall ts=0 dur=1572035 clk=dev
[mono_ns=83668292980148][T0x701395b15740][TIMING] emit_host_span: [STRACE] v=1 pid=3964021 tid=3964021 inv=75 hid=d8e9c89da8b0d3f9 depth=3 name=chip.run.runner_run.device_wall.preamble ts=0 dur=15405 clk=dev
[mono_ns=83668292981560][T0x701395b15740][TIMING] emit_host_span: [STRACE] v=1 pid=3964021 tid=3964021 inv=75 hid=d8e9c89da8b0d3f9 depth=3 name=chip.run.runner_run.device_wall.graph_build ts=5101 dur=1561856 clk=dev
[mono_ns=83668292982842][T0x701395b15740][TIMING] emit_host_span: [STRACE] v=1 pid=3964021 tid=3964021 inv=75 hid=d8e9c89da8b0d3f9 depth=3 name=chip.run.runner_run.device_wall.config_validate ts=5664 dur=1413 clk=dev
[mono_ns=83668292983994][T0x701395b15740][TIMING] emit_host_span: [STRACE] v=1 pid=3964021 tid=3964021 inv=75 hid=d8e9c89da8b0d3f9 depth=3 name=chip.run.runner_run.device_wall.arena_wire ts=7260 dur=1585 clk=dev
[mono_ns=83668292985135][T0x701395b15740][TIMING] emit_host_span: [STRACE] v=1 pid=3964021 tid=3964021 inv=75 hid=d8e9c89da8b0d3f9 depth=3 name=chip.run.runner_run.device_wall.sm_reset ts=9094 dur=3011 clk=dev
[mono_ns=83668292986297][T0x701395b15740][TIMING] emit_host_span: [STRACE] v=1 pid=3964021 tid=3964021 inv=75 hid=d8e9c89da8b0d3f9 depth=3 name=chip.run.runner_run.device_wall.post_orch ts=1566988 dur=3890 clk=dev
[mono_ns=83668292987529][T0x701395b15740][TIMING] emit_host_span: [STRACE] v=1 pid=3964021 tid=3964021 inv=75 hid=d8e9c89da8b0d3f9 depth=3 name=chip.run.runner_run.device_wall.orch ts=12192 dur=1536877 clk=dev
[mono_ns=83668292994690][T0x701395b15740][TIMING] emit_host_span: [STRACE] v=1 pid=3964021 tid=3964021 inv=75 hid=d8e9c89da8b0d3f9 depth=3 name=chip.run.runner_run.device_wall.sched ts=14971 dur=1536186 clk=dev
[mono_ns=83668292996392][T0x701395b15740][TIMING] emit_host_span: [STRACE] v=1 pid=3964021 tid=3964021 inv=75 hid=d8e9c89da8b0d3f9 depth=1 name=chip.run.claim_release ts=83668292995922 dur=210 
[mono_ns=83668292998495][T0x701395b15740][TIMING] emit_host_span: [STRACE] v=1 pid=3964021 tid=3964021 inv=75 hid=d8e9c89da8b0d3f9 depth=0 name=chip.run ts=83668187888173 dur=105110012 run_id=0 dispatch_id=0 slot_id=0 generation=75 run_epoch=75
[mono_ns=83668359219608][T0x701395b15740][TIMING] emit_host_span: [STRACE] v=1 pid=3964021 tid=3964021 inv=76 hid=d8e9c89da8b0d3f9 depth=2 name=chip.run.bind.args ts=83668294405417 dur=64813410 
[mono_ns=83668359236954][T0x701395b15740][TIMING] emit_host_span: [STRACE] v=1 pid=3964021 tid=3964021 inv=76 hid=d8e9c89da8b0d3f9 depth=2 name=chip.run.bind.prebuilt ts=83668359234310 dur=2263 
[mono_ns=83668359238777][T0x701395b15740][TIMING] emit_host_span: [STRACE] v=1 pid=3964021 tid=3964021 inv=76 hid=d8e9c89da8b0d3f9 depth=1 name=chip.run.bind ts=83668294401421 dur=64837085 
[mono_ns=83668363792842][T0x701395b15740][WARN] prepare_execution: [device_runner.cpp:342] AICPU CPU_TOPO unavailable; using json_fallback: soc=Ascend950PR_9579 occupy=0x3e stable_reachable=5 requested=0 effective=5 affinity=[1, 2, 3, 4, 5(orch)]
[mono_ns=83668365598072][T0x701395b15740][TIMING] emit_host_span: [STRACE] v=1 pid=3964021 tid=3964021 inv=76 hid=d8e9c89da8b0d3f9 depth=1 name=chip.run.runner_run ts=83668363849557 dur=1748114 
[mono_ns=83668398825894][T0x701395b15740][TIMING] emit_host_span: [STRACE] v=1 pid=3964021 tid=3964021 inv=76 hid=d8e9c89da8b0d3f9 depth=1 name=chip.run.validate ts=83668365603710 dur=33221573 
[mono_ns=83668398834567][T0x701395b15740][TIMING] emit_host_span: [STRACE] v=1 pid=3964021 tid=3964021 inv=76 hid=d8e9c89da8b0d3f9 depth=2 name=chip.run.runner_run.device_wall ts=0 dur=1579119 clk=dev
[mono_ns=83668398836219][T0x701395b15740][TIMING] emit_host_span: [STRACE] v=1 pid=3964021 tid=3964021 inv=76 hid=d8e9c89da8b0d3f9 depth=3 name=chip.run.runner_run.device_wall.preamble ts=0 dur=15699 clk=dev
[mono_ns=83668398837742][T0x701395b15740][TIMING] emit_host_span: [STRACE] v=1 pid=3964021 tid=3964021 inv=76 hid=d8e9c89da8b0d3f9 depth=3 name=chip.run.runner_run.device_wall.graph_build ts=5463 dur=1568677 clk=dev
[mono_ns=83668398839034][T0x701395b15740][TIMING] emit_host_span: [STRACE] v=1 pid=3964021 tid=3964021 inv=76 hid=d8e9c89da8b0d3f9 depth=3 name=chip.run.runner_run.device_wall.config_validate ts=6132 dur=1442 clk=dev
[mono_ns=83668398840175][T0x701395b15740][TIMING] emit_host_span: [STRACE] v=1 pid=3964021 tid=3964021 inv=76 hid=d8e9c89da8b0d3f9 depth=3 name=chip.run.runner_run.device_wall.arena_wire ts=7791 dur=1289 clk=dev
[mono_ns=83668398841327][T0x701395b15740][TIMING] emit_host_span: [STRACE] v=1 pid=3964021 tid=3964021 inv=76 hid=d8e9c89da8b0d3f9 depth=3 name=chip.run.runner_run.device_wall.sm_reset ts=9096 dur=2803 clk=dev
[mono_ns=83668398842479][T0x701395b15740][TIMING] emit_host_span: [STRACE] v=1 pid=3964021 tid=3964021 inv=76 hid=d8e9c89da8b0d3f9 depth=3 name=chip.run.runner_run.device_wall.post_orch ts=1574171 dur=4142 clk=dev
[mono_ns=83668398843620][T0x701395b15740][TIMING] emit_host_span: [STRACE] v=1 pid=3964021 tid=3964021 inv=76 hid=d8e9c89da8b0d3f9 depth=3 name=chip.run.runner_run.device_wall.orch ts=11983 dur=1544527 clk=dev
[mono_ns=83668398844732][T0x701395b15740][TIMING] emit_host_span: [STRACE] v=1 pid=3964021 tid=3964021 inv=76 hid=d8e9c89da8b0d3f9 depth=3 name=chip.run.runner_run.device_wall.sched ts=15339 dur=1543849 clk=dev
[mono_ns=83668398846375][T0x701395b15740][TIMING] emit_host_span: [STRACE] v=1 pid=3964021 tid=3964021 inv=76 hid=d8e9c89da8b0d3f9 depth=1 name=chip.run.claim_release ts=83668398845954 dur=170 
[mono_ns=83668398848297][T0x701395b15740][TIMING] emit_host_span: [STRACE] v=1 pid=3964021 tid=3964021 inv=76 hid=d8e9c89da8b0d3f9 depth=0 name=chip.run ts=83668294395472 dur=104452385 run_id=0 dispatch_id=0 slot_id=0 generation=76 run_epoch=76
[mono_ns=83668464880046][T0x701395b15740][TIMING] emit_host_span: [STRACE] v=1 pid=3964021 tid=3964021 inv=77 hid=d8e9c89da8b0d3f9 depth=2 name=chip.run.bind.args ts=83668400261418 dur=64617456 
[mono_ns=83668464898634][T0x701395b15740][TIMING] emit_host_span: [STRACE] v=1 pid=3964021 tid=3964021 inv=77 hid=d8e9c89da8b0d3f9 depth=2 name=chip.run.bind.prebuilt ts=83668464895579 dur=2604 
[mono_ns=83668464900567][T0x701395b15740][TIMING] emit_host_span: [STRACE] v=1 pid=3964021 tid=3964021 inv=77 hid=d8e9c89da8b0d3f9 depth=1 name=chip.run.bind ts=83668400258043 dur=64642223 
[mono_ns=83668469466119][T0x701395b15740][WARN] prepare_execution: [device_runner.cpp:342] AICPU CPU_TOPO unavailable; using json_fallback: soc=Ascend950PR_9579 occupy=0x3e stable_reachable=5 requested=0 effective=5 affinity=[1, 2, 3, 4, 5(orch)]
[mono_ns=83668471208785][T0x701395b15740][TIMING] emit_host_span: [STRACE] v=1 pid=3964021 tid=3964021 inv=77 hid=d8e9c89da8b0d3f9 depth=1 name=chip.run.runner_run ts=83668469521502 dur=1686872 
[mono_ns=83668503843497][T0x701395b15740][TIMING] emit_host_span: [STRACE] v=1 pid=3964021 tid=3964021 inv=77 hid=d8e9c89da8b0d3f9 depth=1 name=chip.run.validate ts=83668471214033 dur=32628843 
[mono_ns=83668503853572][T0x701395b15740][TIMING] emit_host_span: [STRACE] v=1 pid=3964021 tid=3964021 inv=77 hid=d8e9c89da8b0d3f9 depth=2 name=chip.run.runner_run.device_wall ts=0 dur=1523713 clk=dev
[mono_ns=83668503855314][T0x701395b15740][TIMING] emit_host_span: [STRACE] v=1 pid=3964021 tid=3964021 inv=77 hid=d8e9c89da8b0d3f9 depth=3 name=chip.run.runner_run.device_wall.preamble ts=0 dur=13035 clk=dev
[mono_ns=83668503856887][T0x701395b15740][TIMING] emit_host_span: [STRACE] v=1 pid=3964021 tid=3964021 inv=77 hid=d8e9c89da8b0d3f9 depth=3 name=chip.run.runner_run.device_wall.graph_build ts=2519 dur=1515766 clk=dev
[mono_ns=83668503858259][T0x701395b15740][TIMING] emit_host_span: [STRACE] v=1 pid=3964021 tid=3964021 inv=77 hid=d8e9c89da8b0d3f9 depth=3 name=chip.run.runner_run.device_wall.config_validate ts=2863 dur=1365 clk=dev
[mono_ns=83668503859481][T0x701395b15740][TIMING] emit_host_span: [STRACE] v=1 pid=3964021 tid=3964021 inv=77 hid=d8e9c89da8b0d3f9 depth=3 name=chip.run.runner_run.device_wall.arena_wire ts=4261 dur=1597 clk=dev
[mono_ns=83668503860642][T0x701395b15740][TIMING] emit_host_span: [STRACE] v=1 pid=3964021 tid=3964021 inv=77 hid=d8e9c89da8b0d3f9 depth=3 name=chip.run.runner_run.device_wall.sm_reset ts=5971 dur=2534 clk=dev
[mono_ns=83668503861764][T0x701395b15740][TIMING] emit_host_span: [STRACE] v=1 pid=3964021 tid=3964021 inv=77 hid=d8e9c89da8b0d3f9 depth=3 name=chip.run.runner_run.device_wall.post_orch ts=1518335 dur=5096 clk=dev
[mono_ns=83668503862916][T0x701395b15740][TIMING] emit_host_span: [STRACE] v=1 pid=3964021 tid=3964021 inv=77 hid=d8e9c89da8b0d3f9 depth=3 name=chip.run.runner_run.device_wall.orch ts=8579 dur=1492749 clk=dev
[mono_ns=83668503864038][T0x701395b15740][TIMING] emit_host_span: [STRACE] v=1 pid=3964021 tid=3964021 inv=77 hid=d8e9c89da8b0d3f9 depth=3 name=chip.run.runner_run.device_wall.sched ts=12600 dur=1491048 clk=dev
[mono_ns=83668503865680][T0x701395b15740][TIMING] emit_host_span: [STRACE] v=1 pid=3964021 tid=3964021 inv=77 hid=d8e9c89da8b0d3f9 depth=1 name=chip.run.claim_release ts=83668503865229 dur=181 
[mono_ns=83668503867353][T0x701395b15740][TIMING] emit_host_span: [STRACE] v=1 pid=3964021 tid=3964021 inv=77 hid=d8e9c89da8b0d3f9 depth=0 name=chip.run ts=83668400252134 dur=103614798 run_id=0 dispatch_id=0 slot_id=0 generation=77 run_epoch=77
[mono_ns=83668569616537][T0x701395b15740][TIMING] emit_host_span: [STRACE] v=1 pid=3964021 tid=3964021 inv=78 hid=d8e9c89da8b0d3f9 depth=2 name=chip.run.bind.args ts=83668505261405 dur=64353950 
[mono_ns=83668569633432][T0x701395b15740][TIMING] emit_host_span: [STRACE] v=1 pid=3964021 tid=3964021 inv=78 hid=d8e9c89da8b0d3f9 depth=2 name=chip.run.bind.prebuilt ts=83668569631339 dur=1823 
[mono_ns=83668569645380][T0x701395b15740][TIMING] emit_host_span: [STRACE] v=1 pid=3964021 tid=3964021 inv=78 hid=d8e9c89da8b0d3f9 depth=1 name=chip.run.bind ts=83668505258380 dur=64386690 
[mono_ns=83668574198644][T0x701395b15740][WARN] prepare_execution: [device_runner.cpp:342] AICPU CPU_TOPO unavailable; using json_fallback: soc=Ascend950PR_9579 occupy=0x3e stable_reachable=5 requested=0 effective=5 affinity=[1, 2, 3, 4, 5(orch)]
[mono_ns=83668575980158][T0x701395b15740][TIMING] emit_host_span: [STRACE] v=1 pid=3964021 tid=3964021 inv=78 hid=d8e9c89da8b0d3f9 depth=1 name=chip.run.runner_run ts=83668574251814 dur=1727974 
[mono_ns=83668608891235][T0x701395b15740][TIMING] emit_host_span: [STRACE] v=1 pid=3964021 tid=3964021 inv=78 hid=d8e9c89da8b0d3f9 depth=1 name=chip.run.validate ts=83668575986598 dur=32903886 
[mono_ns=83668608900008][T0x701395b15740][TIMING] emit_host_span: [STRACE] v=1 pid=3964021 tid=3964021 inv=78 hid=d8e9c89da8b0d3f9 depth=2 name=chip.run.runner_run.device_wall ts=0 dur=1567059 clk=dev
[mono_ns=83668608901791][T0x701395b15740][TIMING] emit_host_span: [STRACE] v=1 pid=3964021 tid=3964021 inv=78 hid=d8e9c89da8b0d3f9 depth=3 name=chip.run.runner_run.device_wall.preamble ts=0 dur=13002 clk=dev
[mono_ns=83668608903193][T0x701395b15740][TIMING] emit_host_span: [STRACE] v=1 pid=3964021 tid=3964021 inv=78 hid=d8e9c89da8b0d3f9 depth=3 name=chip.run.runner_run.device_wall.graph_build ts=2860 dur=1559537 clk=dev
[mono_ns=83668608904355][T0x701395b15740][TIMING] emit_host_span: [STRACE] v=1 pid=3964021 tid=3964021 inv=78 hid=d8e9c89da8b0d3f9 depth=3 name=chip.run.runner_run.device_wall.config_validate ts=3614 dur=1591 clk=dev
[mono_ns=83668608905486][T0x701395b15740][TIMING] emit_host_span: [STRACE] v=1 pid=3964021 tid=3964021 inv=78 hid=d8e9c89da8b0d3f9 depth=3 name=chip.run.runner_run.device_wall.arena_wire ts=5366 dur=1260 clk=dev
[mono_ns=83668608906858][T0x701395b15740][TIMING] emit_host_span: [STRACE] v=1 pid=3964021 tid=3964021 inv=78 hid=d8e9c89da8b0d3f9 depth=3 name=chip.run.runner_run.device_wall.sm_reset ts=6646 dur=2873 clk=dev
[mono_ns=83668608907990][T0x701395b15740][TIMING] emit_host_span: [STRACE] v=1 pid=3964021 tid=3964021 inv=78 hid=d8e9c89da8b0d3f9 depth=3 name=chip.run.runner_run.device_wall.post_orch ts=1562430 dur=4206 clk=dev
[mono_ns=83668608909212][T0x701395b15740][TIMING] emit_host_span: [STRACE] v=1 pid=3964021 tid=3964021 inv=78 hid=d8e9c89da8b0d3f9 depth=3 name=chip.run.runner_run.device_wall.orch ts=9709 dur=1534882 clk=dev
[mono_ns=83668608910324][T0x701395b15740][TIMING] emit_host_span: [STRACE] v=1 pid=3964021 tid=3964021 inv=78 hid=d8e9c89da8b0d3f9 depth=3 name=chip.run.runner_run.device_wall.sched ts=12633 dur=1534812 clk=dev
[mono_ns=83668608912066][T0x701395b15740][TIMING] emit_host_span: [STRACE] v=1 pid=3964021 tid=3964021 inv=78 hid=d8e9c89da8b0d3f9 depth=1 name=chip.run.claim_release ts=83668608911626 dur=180 
[mono_ns=83668608913929][T0x701395b15740][TIMING] emit_host_span: [STRACE] v=1 pid=3964021 tid=3964021 inv=78 hid=d8e9c89da8b0d3f9 depth=0 name=chip.run ts=83668505252782 dur=103660837 run_id=0 dispatch_id=0 slot_id=0 generation=78 run_epoch=78
[mono_ns=83668674269052][T0x701395b15740][TIMING] emit_host_span: [STRACE] v=1 pid=3964021 tid=3964021 inv=79 hid=d8e9c89da8b0d3f9 depth=2 name=chip.run.bind.args ts=83668610306199 dur=63961491 
[mono_ns=83668674285036][T0x701395b15740][TIMING] emit_host_span: [STRACE] v=1 pid=3964021 tid=3964021 inv=79 hid=d8e9c89da8b0d3f9 depth=2 name=chip.run.bind.prebuilt ts=83668674282993 dur=1652 
[mono_ns=83668674286949][T0x701395b15740][TIMING] emit_host_span: [STRACE] v=1 pid=3964021 tid=3964021 inv=79 hid=d8e9c89da8b0d3f9 depth=1 name=chip.run.bind ts=83668610303174 dur=63983314 
[mono_ns=83668679341155][T0x701395b15740][WARN] prepare_execution: [device_runner.cpp:342] AICPU CPU_TOPO unavailable; using json_fallback: soc=Ascend950PR_9579 occupy=0x3e stable_reachable=5 requested=0 effective=5 affinity=[1, 2, 3, 4, 5(orch)]
[mono_ns=83668681376790][T0x701395b15740][TIMING] emit_host_span: [STRACE] v=1 pid=3964021 tid=3964021 inv=79 hid=d8e9c89da8b0d3f9 depth=1 name=chip.run.runner_run ts=83668679396247 dur=1980102 
[mono_ns=83668715294938][T0x701395b15740][TIMING] emit_host_span: [STRACE] v=1 pid=3964021 tid=3964021 inv=79 hid=d8e9c89da8b0d3f9 depth=1 name=chip.run.validate ts=83668681389138 dur=33903877 
[mono_ns=83668715309350][T0x701395b15740][TIMING] emit_host_span: [STRACE] v=1 pid=3964021 tid=3964021 inv=79 hid=d8e9c89da8b0d3f9 depth=2 name=chip.run.runner_run.device_wall ts=0 dur=1819300 clk=dev
[mono_ns=83668715311323][T0x701395b15740][TIMING] emit_host_span: [STRACE] v=1 pid=3964021 tid=3964021 inv=79 hid=d8e9c89da8b0d3f9 depth=3 name=chip.run.runner_run.device_wall.preamble ts=0 dur=11882 clk=dev
[mono_ns=83668715312785][T0x701395b15740][TIMING] emit_host_span: [STRACE] v=1 pid=3964021 tid=3964021 inv=79 hid=d8e9c89da8b0d3f9 depth=3 name=chip.run.runner_run.device_wall.graph_build ts=2292 dur=1811640 clk=dev
[mono_ns=83668715314097][T0x701395b15740][TIMING] emit_host_span: [STRACE] v=1 pid=3964021 tid=3964021 inv=79 hid=d8e9c89da8b0d3f9 depth=3 name=chip.run.runner_run.device_wall.config_validate ts=2725 dur=899 clk=dev
[mono_ns=83668715315289][T0x701395b15740][TIMING] emit_host_span: [STRACE] v=1 pid=3964021 tid=3964021 inv=79 hid=d8e9c89da8b0d3f9 depth=3 name=chip.run.runner_run.device_wall.arena_wire ts=3654 dur=1734 clk=dev
[mono_ns=83668715316461][T0x701395b15740][TIMING] emit_host_span: [STRACE] v=1 pid=3964021 tid=3964021 inv=79 hid=d8e9c89da8b0d3f9 depth=3 name=chip.run.runner_run.device_wall.sm_reset ts=5490 dur=2979 clk=dev
[mono_ns=83668715317733][T0x701395b15740][TIMING] emit_host_span: [STRACE] v=1 pid=3964021 tid=3964021 inv=79 hid=d8e9c89da8b0d3f9 depth=3 name=chip.run.runner_run.device_wall.post_orch ts=1813968 dur=5118 clk=dev
[mono_ns=83668715318894][T0x701395b15740][TIMING] emit_host_span: [STRACE] v=1 pid=3964021 tid=3964021 inv=79 hid=d8e9c89da8b0d3f9 depth=3 name=chip.run.runner_run.device_wall.orch ts=8714 dur=1787916 clk=dev
[mono_ns=83668715320026][T0x701395b15740][TIMING] emit_host_span: [STRACE] v=1 pid=3964021 tid=3964021 inv=79 hid=d8e9c89da8b0d3f9 depth=3 name=chip.run.runner_run.device_wall.sched ts=11717 dur=1786852 clk=dev
[mono_ns=83668715321909][T0x701395b15740][TIMING] emit_host_span: [STRACE] v=1 pid=3964021 tid=3964021 inv=79 hid=d8e9c89da8b0d3f9 depth=1 name=chip.run.claim_release ts=83668715321428 dur=230 
[mono_ns=83668715324072][T0x701395b15740][TIMING] emit_host_span: [STRACE] v=1 pid=3964021 tid=3964021 inv=79 hid=d8e9c89da8b0d3f9 depth=0 name=chip.run ts=83668610297426 dur=105026306 run_id=0 dispatch_id=0 slot_id=0 generation=79 run_epoch=79
[mono_ns=83668781289761][T0x701395b15740][TIMING] emit_host_span: [STRACE] v=1 pid=3964021 tid=3964021 inv=80 hid=d8e9c89da8b0d3f9 depth=2 name=chip.run.bind.args ts=83668716751434 dur=64537486 
[mono_ns=83668781307908][T0x701395b15740][TIMING] emit_host_span: [STRACE] v=1 pid=3964021 tid=3964021 inv=80 hid=d8e9c89da8b0d3f9 depth=2 name=chip.run.bind.prebuilt ts=83668781304954 dur=2544 
[mono_ns=83668781309671][T0x701395b15740][TIMING] emit_host_span: [STRACE] v=1 pid=3964021 tid=3964021 inv=80 hid=d8e9c89da8b0d3f9 depth=1 name=chip.run.bind ts=83668716747248 dur=64562113 
[mono_ns=83668786457217][T0x701395b15740][WARN] prepare_execution: [device_runner.cpp:342] AICPU CPU_TOPO unavailable; using json_fallback: soc=Ascend950PR_9579 occupy=0x3e stable_reachable=5 requested=0 effective=5 affinity=[1, 2, 3, 4, 5(orch)]
[mono_ns=83668788278951][T0x701395b15740][TIMING] emit_host_span: [STRACE] v=1 pid=3964021 tid=3964021 inv=80 hid=d8e9c89da8b0d3f9 depth=1 name=chip.run.runner_run ts=83668786511679 dur=1766722 
[mono_ns=83668821591831][T0x701395b15740][TIMING] emit_host_span: [STRACE] v=1 pid=3964021 tid=3964021 inv=80 hid=d8e9c89da8b0d3f9 depth=1 name=chip.run.validate ts=83668788284420 dur=33306861 
[mono_ns=83668821600725][T0x701395b15740][TIMING] emit_host_span: [STRACE] v=1 pid=3964021 tid=3964021 inv=80 hid=d8e9c89da8b0d3f9 depth=2 name=chip.run.runner_run.device_wall ts=0 dur=1590808 clk=dev
[mono_ns=83668821602467][T0x701395b15740][TIMING] emit_host_span: [STRACE] v=1 pid=3964021 tid=3964021 inv=80 hid=d8e9c89da8b0d3f9 depth=3 name=chip.run.runner_run.device_wall.preamble ts=0 dur=14971 clk=dev
[mono_ns=83668821609127][T0x701395b15740][TIMING] emit_host_span: [STRACE] v=1 pid=3964021 tid=3964021 inv=80 hid=d8e9c89da8b0d3f9 depth=3 name=chip.run.runner_run.device_wall.graph_build ts=5442 dur=1580218 clk=dev
[mono_ns=83668821610289][T0x701395b15740][TIMING] emit_host_span: [STRACE] v=1 pid=3964021 tid=3964021 inv=80 hid=d8e9c89da8b0d3f9 depth=3 name=chip.run.runner_run.device_wall.config_validate ts=5721 dur=1359 clk=dev
[mono_ns=83668821611421][T0x701395b15740][TIMING] emit_host_span: [STRACE] v=1 pid=3964021 tid=3964021 inv=80 hid=d8e9c89da8b0d3f9 depth=3 name=chip.run.runner_run.device_wall.arena_wire ts=7290 dur=1370 clk=dev
[mono_ns=83668821612542][T0x701395b15740][TIMING] emit_host_span: [STRACE] v=1 pid=3964021 tid=3964021 inv=80 hid=d8e9c89da8b0d3f9 depth=3 name=chip.run.runner_run.device_wall.sm_reset ts=8684 dur=2641 clk=dev
[mono_ns=83668821613654][T0x701395b15740][TIMING] emit_host_span: [STRACE] v=1 pid=3964021 tid=3964021 inv=80 hid=d8e9c89da8b0d3f9 depth=3 name=chip.run.runner_run.device_wall.post_orch ts=1585724 dur=4549 clk=dev
[mono_ns=83668821614796][T0x701395b15740][TIMING] emit_host_span: [STRACE] v=1 pid=3964021 tid=3964021 inv=80 hid=d8e9c89da8b0d3f9 depth=3 name=chip.run.runner_run.device_wall.orch ts=11443 dur=1556674 clk=dev
[mono_ns=83668821615928][T0x701395b15740][TIMING] emit_host_span: [STRACE] v=1 pid=3964021 tid=3964021 inv=80 hid=d8e9c89da8b0d3f9 depth=3 name=chip.run.runner_run.device_wall.sched ts=14642 dur=1555729 clk=dev
[mono_ns=83668821617850][T0x701395b15740][TIMING] emit_host_span: [STRACE] v=1 pid=3964021 tid=3964021 inv=80 hid=d8e9c89da8b0d3f9 depth=1 name=chip.run.claim_release ts=83668821617340 dur=180 
[mono_ns=83668821619984][T0x701395b15740][TIMING] emit_host_span: [STRACE] v=1 pid=3964021 tid=3964021 inv=80 hid=d8e9c89da8b0d3f9 depth=0 name=chip.run ts=83668716739436 dur=104880127 run_id=0 dispatch_id=0 slot_id=0 generation=80 run_epoch=80
[mono_ns=83668888887837][T0x701395b15740][TIMING] emit_host_span: [STRACE] v=1 pid=3964021 tid=3964021 inv=81 hid=d8e9c89da8b0d3f9 depth=2 name=chip.run.bind.args ts=83668823059394 dur=65827031 
[mono_ns=83668888908618][T0x701395b15740][TIMING] emit_host_span: [STRACE] v=1 pid=3964021 tid=3964021 inv=81 hid=d8e9c89da8b0d3f9 depth=2 name=chip.run.bind.prebuilt ts=83668888905684 dur=2544 
[mono_ns=83668888910672][T0x701395b15740][TIMING] emit_host_span: [STRACE] v=1 pid=3964021 tid=3964021 inv=81 hid=d8e9c89da8b0d3f9 depth=1 name=chip.run.bind ts=83668823056109 dur=65854242 
[mono_ns=83668893973010][T0x701395b15740][WARN] prepare_execution: [device_runner.cpp:342] AICPU CPU_TOPO unavailable; using json_fallback: soc=Ascend950PR_9579 occupy=0x3e stable_reachable=5 requested=0 effective=5 affinity=[1, 2, 3, 4, 5(orch)]
[mono_ns=83668895792501][T0x701395b15740][TIMING] emit_host_span: [STRACE] v=1 pid=3964021 tid=3964021 inv=81 hid=d8e9c89da8b0d3f9 depth=1 name=chip.run.runner_run ts=83668894042734 dur=1749376 
[mono_ns=83668929817680][T0x701395b15740][TIMING] emit_host_span: [STRACE] v=1 pid=3964021 tid=3964021 inv=81 hid=d8e9c89da8b0d3f9 depth=1 name=chip.run.validate ts=83668895798640 dur=34018329 
[mono_ns=83668929826072][T0x701395b15740][TIMING] emit_host_span: [STRACE] v=1 pid=3964021 tid=3964021 inv=81 hid=d8e9c89da8b0d3f9 depth=2 name=chip.run.runner_run.device_wall ts=0 dur=1583131 clk=dev
[mono_ns=83668929827805][T0x701395b15740][TIMING] emit_host_span: [STRACE] v=1 pid=3964021 tid=3964021 inv=81 hid=d8e9c89da8b0d3f9 depth=3 name=chip.run.runner_run.device_wall.preamble ts=0 dur=14168 clk=dev
[mono_ns=83668929829197][T0x701395b15740][TIMING] emit_host_span: [STRACE] v=1 pid=3964021 tid=3964021 inv=81 hid=d8e9c89da8b0d3f9 depth=3 name=chip.run.runner_run.device_wall.graph_build ts=5657 dur=1572817 clk=dev
[mono_ns=83668929830479][T0x701395b15740][TIMING] emit_host_span: [STRACE] v=1 pid=3964021 tid=3964021 inv=81 hid=d8e9c89da8b0d3f9 depth=3 name=chip.run.runner_run.device_wall.config_validate ts=6213 dur=1295 clk=dev
[mono_ns=83668929836989][T0x701395b15740][TIMING] emit_host_span: [STRACE] v=1 pid=3964021 tid=3964021 inv=81 hid=d8e9c89da8b0d3f9 depth=3 name=chip.run.runner_run.device_wall.arena_wire ts=7530 dur=1387 clk=dev
[mono_ns=83668929838110][T0x701395b15740][TIMING] emit_host_span: [STRACE] v=1 pid=3964021 tid=3964021 inv=81 hid=d8e9c89da8b0d3f9 depth=3 name=chip.run.runner_run.device_wall.sm_reset ts=9105 dur=2358 clk=dev
[mono_ns=83668929839242][T0x701395b15740][TIMING] emit_host_span: [STRACE] v=1 pid=3964021 tid=3964021 inv=81 hid=d8e9c89da8b0d3f9 depth=3 name=chip.run.runner_run.device_wall.post_orch ts=1578504 dur=4194 clk=dev
[mono_ns=83668929840384][T0x701395b15740][TIMING] emit_host_span: [STRACE] v=1 pid=3964021 tid=3964021 inv=81 hid=d8e9c89da8b0d3f9 depth=3 name=chip.run.runner_run.device_wall.orch ts=11552 dur=1550367 clk=dev
[mono_ns=83668929841555][T0x701395b15740][TIMING] emit_host_span: [STRACE] v=1 pid=3964021 tid=3964021 inv=81 hid=d8e9c89da8b0d3f9 depth=3 name=chip.run.runner_run.device_wall.sched ts=13733 dur=1550309 clk=dev
[mono_ns=83668929843679][T0x701395b15740][TIMING] emit_host_span: [STRACE] v=1 pid=3964021 tid=3964021 inv=81 hid=d8e9c89da8b0d3f9 depth=1 name=chip.run.claim_release ts=83668929843098 dur=300 
[mono_ns=83668929845842][T0x701395b15740][TIMING] emit_host_span: [STRACE] v=1 pid=3964021 tid=3964021 inv=81 hid=d8e9c89da8b0d3f9 depth=0 name=chip.run ts=83668823051032 dur=106794379 run_id=0 dispatch_id=0 slot_id=0 generation=81 run_epoch=81
[mono_ns=83668996637120][T0x701395b15740][TIMING] emit_host_span: [STRACE] v=1 pid=3964021 tid=3964021 inv=82 hid=d8e9c89da8b0d3f9 depth=2 name=chip.run.bind.args ts=83668931228758 dur=65407461 
[mono_ns=83668996653956][T0x701395b15740][TIMING] emit_host_span: [STRACE] v=1 pid=3964021 tid=3964021 inv=82 hid=d8e9c89da8b0d3f9 depth=2 name=chip.run.bind.prebuilt ts=83668996651762 dur=1793 
[mono_ns=83668996656099][T0x701395b15740][TIMING] emit_host_span: [STRACE] v=1 pid=3964021 tid=3964021 inv=82 hid=d8e9c89da8b0d3f9 depth=1 name=chip.run.bind ts=83668931225282 dur=65430406 
[mono_ns=83669001834070][T0x701395b15740][WARN] prepare_execution: [device_runner.cpp:342] AICPU CPU_TOPO unavailable; using json_fallback: soc=Ascend950PR_9579 occupy=0x3e stable_reachable=5 requested=0 effective=5 affinity=[1, 2, 3, 4, 5(orch)]
[mono_ns=83669003645059][T0x701395b15740][TIMING] emit_host_span: [STRACE] v=1 pid=3964021 tid=3964021 inv=82 hid=d8e9c89da8b0d3f9 depth=1 name=chip.run.runner_run ts=83669001890265 dur=1754363 
[mono_ns=83669036493051][T0x701395b15740][TIMING] emit_host_span: [STRACE] v=1 pid=3964021 tid=3964021 inv=82 hid=d8e9c89da8b0d3f9 depth=1 name=chip.run.validate ts=83669003650807 dur=32841523 
[mono_ns=83669036501734][T0x701395b15740][TIMING] emit_host_span: [STRACE] v=1 pid=3964021 tid=3964021 inv=82 hid=d8e9c89da8b0d3f9 depth=2 name=chip.run.runner_run.device_wall ts=0 dur=1598665 clk=dev
[mono_ns=83669036503396][T0x701395b15740][TIMING] emit_host_span: [STRACE] v=1 pid=3964021 tid=3964021 inv=82 hid=d8e9c89da8b0d3f9 depth=3 name=chip.run.runner_run.device_wall.preamble ts=0 dur=12757 clk=dev
[mono_ns=83669036504939][T0x701395b15740][TIMING] emit_host_span: [STRACE] v=1 pid=3964021 tid=3964021 inv=82 hid=d8e9c89da8b0d3f9 depth=3 name=chip.run.runner_run.device_wall.graph_build ts=2995 dur=1590184 clk=dev
[mono_ns=83669036506331][T0x701395b15740][TIMING] emit_host_span: [STRACE] v=1 pid=3964021 tid=3964021 inv=82 hid=d8e9c89da8b0d3f9 depth=3 name=chip.run.runner_run.device_wall.config_validate ts=3361 dur=1209 clk=dev
[mono_ns=83669036507462][T0x701395b15740][TIMING] emit_host_span: [STRACE] v=1 pid=3964021 tid=3964021 inv=82 hid=d8e9c89da8b0d3f9 depth=3 name=chip.run.runner_run.device_wall.arena_wire ts=4594 dur=1380 clk=dev
[mono_ns=83669036508614][T0x701395b15740][TIMING] emit_host_span: [STRACE] v=1 pid=3964021 tid=3964021 inv=82 hid=d8e9c89da8b0d3f9 depth=3 name=chip.run.runner_run.device_wall.sm_reset ts=6143 dur=3263 clk=dev
[mono_ns=83669036510056][T0x701395b15740][TIMING] emit_host_span: [STRACE] v=1 pid=3964021 tid=3964021 inv=82 hid=d8e9c89da8b0d3f9 depth=3 name=chip.run.runner_run.device_wall.post_orch ts=1593244 dur=4862 clk=dev
[mono_ns=83669036517187][T0x701395b15740][TIMING] emit_host_span: [STRACE] v=1 pid=3964021 tid=3964021 inv=82 hid=d8e9c89da8b0d3f9 depth=3 name=chip.run.runner_run.device_wall.orch ts=9492 dur=1565431 clk=dev
[mono_ns=83669036518349][T0x701395b15740][TIMING] emit_host_span: [STRACE] v=1 pid=3964021 tid=3964021 inv=82 hid=d8e9c89da8b0d3f9 depth=3 name=chip.run.runner_run.device_wall.sched ts=12235 dur=1566028 clk=dev
[mono_ns=83669036519911][T0x701395b15740][TIMING] emit_host_span: [STRACE] v=1 pid=3964021 tid=3964021 inv=82 hid=d8e9c89da8b0d3f9 depth=1 name=chip.run.claim_release ts=83669036519440 dur=191 
[mono_ns=83669036521874][T0x701395b15740][TIMING] emit_host_span: [STRACE] v=1 pid=3964021 tid=3964021 inv=82 hid=d8e9c89da8b0d3f9 depth=0 name=chip.run ts=83668931219243 dur=105302281 run_id=0 dispatch_id=0 slot_id=0 generation=82 run_epoch=82
[mono_ns=83669102863728][T0x701395b15740][TIMING] emit_host_span: [STRACE] v=1 pid=3964021 tid=3964021 inv=83 hid=d8e9c89da8b0d3f9 depth=2 name=chip.run.bind.args ts=83669037867954 dur=64994892 
[mono_ns=83669102880713][T0x701395b15740][TIMING] emit_host_span: [STRACE] v=1 pid=3964021 tid=3964021 inv=83 hid=d8e9c89da8b0d3f9 depth=2 name=chip.run.bind.prebuilt ts=83669102878780 dur=1623 
[mono_ns=83669102882436][T0x701395b15740][TIMING] emit_host_span: [STRACE] v=1 pid=3964021 tid=3964021 inv=83 hid=d8e9c89da8b0d3f9 depth=1 name=chip.run.bind ts=83669037864639 dur=65017516 
[mono_ns=83669107475039][T0x701395b15740][WARN] prepare_execution: [device_runner.cpp:342] AICPU CPU_TOPO unavailable; using json_fallback: soc=Ascend950PR_9579 occupy=0x3e stable_reachable=5 requested=0 effective=5 affinity=[1, 2, 3, 4, 5(orch)]
[mono_ns=83669109254209][T0x701395b15740][TIMING] emit_host_span: [STRACE] v=1 pid=3964021 tid=3964021 inv=83 hid=d8e9c89da8b0d3f9 depth=1 name=chip.run.runner_run ts=83669107534458 dur=1719311 
[mono_ns=83669142669653][T0x701395b15740][TIMING] emit_host_span: [STRACE] v=1 pid=3964021 tid=3964021 inv=83 hid=d8e9c89da8b0d3f9 depth=1 name=chip.run.validate ts=83669109259858 dur=33409094 
[mono_ns=83669142678557][T0x701395b15740][TIMING] emit_host_span: [STRACE] v=1 pid=3964021 tid=3964021 inv=83 hid=d8e9c89da8b0d3f9 depth=2 name=chip.run.runner_run.device_wall ts=0 dur=1555338 clk=dev
[mono_ns=83669142680209][T0x701395b15740][TIMING] emit_host_span: [STRACE] v=1 pid=3964021 tid=3964021 inv=83 hid=d8e9c89da8b0d3f9 depth=3 name=chip.run.runner_run.device_wall.preamble ts=0 dur=12380 clk=dev
[mono_ns=83669142681741][T0x701395b15740][TIMING] emit_host_span: [STRACE] v=1 pid=3964021 tid=3964021 inv=83 hid=d8e9c89da8b0d3f9 depth=3 name=chip.run.runner_run.device_wall.graph_build ts=2403 dur=1547969 clk=dev
[mono_ns=83669142683103][T0x701395b15740][TIMING] emit_host_span: [STRACE] v=1 pid=3964021 tid=3964021 inv=83 hid=d8e9c89da8b0d3f9 depth=3 name=chip.run.runner_run.device_wall.config_validate ts=2746 dur=1361 clk=dev
[mono_ns=83669142684235][T0x701395b15740][TIMING] emit_host_span: [STRACE] v=1 pid=3964021 tid=3964021 inv=83 hid=d8e9c89da8b0d3f9 depth=3 name=chip.run.runner_run.device_wall.arena_wire ts=4131 dur=2102 clk=dev
[mono_ns=83669142685407][T0x701395b15740][TIMING] emit_host_span: [STRACE] v=1 pid=3964021 tid=3964021 inv=83 hid=d8e9c89da8b0d3f9 depth=3 name=chip.run.runner_run.device_wall.sm_reset ts=6260 dur=2936 clk=dev
[mono_ns=83669142686549][T0x701395b15740][TIMING] emit_host_span: [STRACE] v=1 pid=3964021 tid=3964021 inv=83 hid=d8e9c89da8b0d3f9 depth=3 name=chip.run.runner_run.device_wall.post_orch ts=1550402 dur=4556 clk=dev
[mono_ns=83669142687770][T0x701395b15740][TIMING] emit_host_span: [STRACE] v=1 pid=3964021 tid=3964021 inv=83 hid=d8e9c89da8b0d3f9 depth=3 name=chip.run.runner_run.device_wall.orch ts=9278 dur=1524228 clk=dev
[mono_ns=83669142688892][T0x701395b15740][TIMING] emit_host_span: [STRACE] v=1 pid=3964021 tid=3964021 inv=83 hid=d8e9c89da8b0d3f9 depth=3 name=chip.run.runner_run.device_wall.sched ts=12068 dur=1523565 clk=dev
[mono_ns=83669142696393][T0x701395b15740][TIMING] emit_host_span: [STRACE] v=1 pid=3964021 tid=3964021 inv=83 hid=d8e9c89da8b0d3f9 depth=1 name=chip.run.claim_release ts=83669142695973 dur=180 
[mono_ns=83669142698316][T0x701395b15740][TIMING] emit_host_span: [STRACE] v=1 pid=3964021 tid=3964021 inv=83 hid=d8e9c89da8b0d3f9 depth=0 name=chip.run ts=83669037858981 dur=104839015 run_id=0 dispatch_id=0 slot_id=0 generation=83 run_epoch=83
[mono_ns=83669209462524][T0x701395b15740][TIMING] emit_host_span: [STRACE] v=1 pid=3964021 tid=3964021 inv=84 hid=d8e9c89da8b0d3f9 depth=2 name=chip.run.bind.args ts=83669144095143 dur=65366450 
[mono_ns=83669209479239][T0x701395b15740][TIMING] emit_host_span: [STRACE] v=1 pid=3964021 tid=3964021 inv=84 hid=d8e9c89da8b0d3f9 depth=2 name=chip.run.bind.prebuilt ts=83669209476495 dur=2343 
[mono_ns=83669209481142][T0x701395b15740][TIMING] emit_host_span: [STRACE] v=1 pid=3964021 tid=3964021 inv=84 hid=d8e9c89da8b0d3f9 depth=1 name=chip.run.bind ts=83669144091427 dur=65389435 
[mono_ns=83669214045593][T0x701395b15740][WARN] prepare_execution: [device_runner.cpp:342] AICPU CPU_TOPO unavailable; using json_fallback: soc=Ascend950PR_9579 occupy=0x3e stable_reachable=5 requested=0 effective=5 affinity=[1, 2, 3, 4, 5(orch)]
[mono_ns=83669215835880][T0x701395b15740][TIMING] emit_host_span: [STRACE] v=1 pid=3964021 tid=3964021 inv=84 hid=d8e9c89da8b0d3f9 depth=1 name=chip.run.runner_run ts=83669214103179 dur=1732330 
[mono_ns=83669249232255][T0x701395b15740][TIMING] emit_host_span: [STRACE] v=1 pid=3964021 tid=3964021 inv=84 hid=d8e9c89da8b0d3f9 depth=1 name=chip.run.validate ts=83669215841659 dur=33389875 
[mono_ns=83669249241429][T0x701395b15740][TIMING] emit_host_span: [STRACE] v=1 pid=3964021 tid=3964021 inv=84 hid=d8e9c89da8b0d3f9 depth=2 name=chip.run.runner_run.device_wall ts=0 dur=1575193 clk=dev
[mono_ns=83669249243212][T0x701395b15740][TIMING] emit_host_span: [STRACE] v=1 pid=3964021 tid=3964021 inv=84 hid=d8e9c89da8b0d3f9 depth=3 name=chip.run.runner_run.device_wall.preamble ts=0 dur=12279 clk=dev
[mono_ns=83669249244634][T0x701395b15740][TIMING] emit_host_span: [STRACE] v=1 pid=3964021 tid=3964021 inv=84 hid=d8e9c89da8b0d3f9 depth=3 name=chip.run.runner_run.device_wall.graph_build ts=2823 dur=1567287 clk=dev
[mono_ns=83669249245886][T0x701395b15740][TIMING] emit_host_span: [STRACE] v=1 pid=3964021 tid=3964021 inv=84 hid=d8e9c89da8b0d3f9 depth=3 name=chip.run.runner_run.device_wall.config_validate ts=3252 dur=1595 clk=dev
[mono_ns=83669249247037][T0x701395b15740][TIMING] emit_host_span: [STRACE] v=1 pid=3964021 tid=3964021 inv=84 hid=d8e9c89da8b0d3f9 depth=3 name=chip.run.runner_run.device_wall.arena_wire ts=4879 dur=2021 clk=dev
[mono_ns=83669249248189][T0x701395b15740][TIMING] emit_host_span: [STRACE] v=1 pid=3964021 tid=3964021 inv=84 hid=d8e9c89da8b0d3f9 depth=3 name=chip.run.runner_run.device_wall.sm_reset ts=6917 dur=2925 clk=dev
[mono_ns=83669249249431][T0x701395b15740][TIMING] emit_host_span: [STRACE] v=1 pid=3964021 tid=3964021 inv=84 hid=d8e9c89da8b0d3f9 depth=3 name=chip.run.runner_run.device_wall.post_orch ts=1570170 dur=4503 clk=dev
[mono_ns=83669249250543][T0x701395b15740][TIMING] emit_host_span: [STRACE] v=1 pid=3964021 tid=3964021 inv=84 hid=d8e9c89da8b0d3f9 depth=3 name=chip.run.runner_run.device_wall.orch ts=10431 dur=1542192 clk=dev
[mono_ns=83669249251684][T0x701395b15740][TIMING] emit_host_span: [STRACE] v=1 pid=3964021 tid=3964021 inv=84 hid=d8e9c89da8b0d3f9 depth=3 name=chip.run.runner_run.device_wall.sched ts=12021 dur=1542659 clk=dev
[mono_ns=83669249253327][T0x701395b15740][TIMING] emit_host_span: [STRACE] v=1 pid=3964021 tid=3964021 inv=84 hid=d8e9c89da8b0d3f9 depth=1 name=chip.run.claim_release ts=83669249252776 dur=290 
[mono_ns=83669249254939][T0x701395b15740][TIMING] emit_host_span: [STRACE] v=1 pid=3964021 tid=3964021 inv=84 hid=d8e9c89da8b0d3f9 depth=0 name=chip.run ts=83669144086430 dur=105168179 run_id=0 dispatch_id=0 slot_id=0 generation=84 run_epoch=84
[mono_ns=83669316135401][T0x701395b15740][TIMING] emit_host_span: [STRACE] v=1 pid=3964021 tid=3964021 inv=85 hid=d8e9c89da8b0d3f9 depth=2 name=chip.run.bind.args ts=83669250618766 dur=65515313 
[mono_ns=83669316159257][T0x701395b15740][TIMING] emit_host_span: [STRACE] v=1 pid=3964021 tid=3964021 inv=85 hid=d8e9c89da8b0d3f9 depth=2 name=chip.run.bind.prebuilt ts=83669316156673 dur=2304 
[mono_ns=83669316160890][T0x701395b15740][TIMING] emit_host_span: [STRACE] v=1 pid=3964021 tid=3964021 inv=85 hid=d8e9c89da8b0d3f9 depth=1 name=chip.run.bind ts=83669250615772 dur=65544837 
[mono_ns=83669320731850][T0x701395b15740][WARN] prepare_execution: [device_runner.cpp:342] AICPU CPU_TOPO unavailable; using json_fallback: soc=Ascend950PR_9579 occupy=0x3e stable_reachable=5 requested=0 effective=5 affinity=[1, 2, 3, 4, 5(orch)]
[mono_ns=83669322542408][T0x701395b15740][TIMING] emit_host_span: [STRACE] v=1 pid=3964021 tid=3964021 inv=85 hid=d8e9c89da8b0d3f9 depth=1 name=chip.run.runner_run ts=83669320788165 dur=1753862 
[mono_ns=83669355246153][T0x701395b15740][TIMING] emit_host_span: [STRACE] v=1 pid=3964021 tid=3964021 inv=85 hid=d8e9c89da8b0d3f9 depth=1 name=chip.run.validate ts=83669322548026 dur=32697226 
[mono_ns=83669355255998][T0x701395b15740][TIMING] emit_host_span: [STRACE] v=1 pid=3964021 tid=3964021 inv=85 hid=d8e9c89da8b0d3f9 depth=2 name=chip.run.runner_run.device_wall ts=0 dur=1591689 clk=dev
[mono_ns=83669355257661][T0x701395b15740][TIMING] emit_host_span: [STRACE] v=1 pid=3964021 tid=3964021 inv=85 hid=d8e9c89da8b0d3f9 depth=3 name=chip.run.runner_run.device_wall.preamble ts=0 dur=13487 clk=dev
[mono_ns=83669355259113][T0x701395b15740][TIMING] emit_host_span: [STRACE] v=1 pid=3964021 tid=3964021 inv=85 hid=d8e9c89da8b0d3f9 depth=3 name=chip.run.runner_run.device_wall.graph_build ts=3052 dur=1583585 clk=dev
[mono_ns=83669355260255][T0x701395b15740][TIMING] emit_host_span: [STRACE] v=1 pid=3964021 tid=3964021 inv=85 hid=d8e9c89da8b0d3f9 depth=3 name=chip.run.runner_run.device_wall.config_validate ts=3376 dur=1316 clk=dev
[mono_ns=83669355261406][T0x701395b15740][TIMING] emit_host_span: [STRACE] v=1 pid=3964021 tid=3964021 inv=85 hid=d8e9c89da8b0d3f9 depth=3 name=chip.run.runner_run.device_wall.arena_wire ts=4724 dur=1716 clk=dev
[mono_ns=83669355262818][T0x701395b15740][TIMING] emit_host_span: [STRACE] v=1 pid=3964021 tid=3964021 inv=85 hid=d8e9c89da8b0d3f9 depth=3 name=chip.run.runner_run.device_wall.sm_reset ts=6457 dur=2484 clk=dev
[mono_ns=83669355263980][T0x701395b15740][TIMING] emit_host_span: [STRACE] v=1 pid=3964021 tid=3964021 inv=85 hid=d8e9c89da8b0d3f9 depth=3 name=chip.run.runner_run.device_wall.post_orch ts=1586666 dur=4387 clk=dev
[mono_ns=83669355265122][T0x701395b15740][TIMING] emit_host_span: [STRACE] v=1 pid=3964021 tid=3964021 inv=85 hid=d8e9c89da8b0d3f9 depth=3 name=chip.run.runner_run.device_wall.orch ts=8977 dur=1559477 clk=dev
[mono_ns=83669355266244][T0x701395b15740][TIMING] emit_host_span: [STRACE] v=1 pid=3964021 tid=3964021 inv=85 hid=d8e9c89da8b0d3f9 depth=3 name=chip.run.runner_run.device_wall.sched ts=13141 dur=1557617 clk=dev
[mono_ns=83669355267846][T0x701395b15740][TIMING] emit_host_span: [STRACE] v=1 pid=3964021 tid=3964021 inv=85 hid=d8e9c89da8b0d3f9 depth=1 name=chip.run.claim_release ts=83669355267435 dur=161 
[mono_ns=83669355269649][T0x701395b15740][TIMING] emit_host_span: [STRACE] v=1 pid=3964021 tid=3964021 inv=85 hid=d8e9c89da8b0d3f9 depth=0 name=chip.run ts=83669250610163 dur=104658945 run_id=0 dispatch_id=0 slot_id=0 generation=85 run_epoch=85
[mono_ns=83669420289228][T0x701395b15740][TIMING] emit_host_span: [STRACE] v=1 pid=3964021 tid=3964021 inv=86 hid=d8e9c89da8b0d3f9 depth=2 name=chip.run.bind.args ts=83669356645324 dur=63642982 
[mono_ns=83669420306454][T0x701395b15740][TIMING] emit_host_span: [STRACE] v=1 pid=3964021 tid=3964021 inv=86 hid=d8e9c89da8b0d3f9 depth=2 name=chip.run.bind.prebuilt ts=83669420303519 dur=2324 
[mono_ns=83669420308256][T0x701395b15740][TIMING] emit_host_span: [STRACE] v=1 pid=3964021 tid=3964021 inv=86 hid=d8e9c89da8b0d3f9 depth=1 name=chip.run.bind ts=83669356641418 dur=63666528 
[mono_ns=83669424861651][T0x701395b15740][WARN] prepare_execution: [device_runner.cpp:342] AICPU CPU_TOPO unavailable; using json_fallback: soc=Ascend950PR_9579 occupy=0x3e stable_reachable=5 requested=0 effective=5 affinity=[1, 2, 3, 4, 5(orch)]
[mono_ns=83669426644887][T0x701395b15740][TIMING] emit_host_span: [STRACE] v=1 pid=3964021 tid=3964021 inv=86 hid=d8e9c89da8b0d3f9 depth=1 name=chip.run.runner_run ts=83669424922262 dur=1722245 
[mono_ns=83669460062144][T0x701395b15740][TIMING] emit_host_span: [STRACE] v=1 pid=3964021 tid=3964021 inv=86 hid=d8e9c89da8b0d3f9 depth=1 name=chip.run.validate ts=83669426650576 dur=33410837 
[mono_ns=83669460071778][T0x701395b15740][TIMING] emit_host_span: [STRACE] v=1 pid=3964021 tid=3964021 inv=86 hid=d8e9c89da8b0d3f9 depth=2 name=chip.run.runner_run.device_wall ts=0 dur=1569417 clk=dev
[mono_ns=83669460073491][T0x701395b15740][TIMING] emit_host_span: [STRACE] v=1 pid=3964021 tid=3964021 inv=86 hid=d8e9c89da8b0d3f9 depth=3 name=chip.run.runner_run.device_wall.preamble ts=0 dur=15158 clk=dev
[mono_ns=83669460074803][T0x701395b15740][TIMING] emit_host_span: [STRACE] v=1 pid=3964021 tid=3964021 inv=86 hid=d8e9c89da8b0d3f9 depth=3 name=chip.run.runner_run.device_wall.graph_build ts=5101 dur=1559150 clk=dev
[mono_ns=83669460075985][T0x701395b15740][TIMING] emit_host_span: [STRACE] v=1 pid=3964021 tid=3964021 inv=86 hid=d8e9c89da8b0d3f9 depth=3 name=chip.run.runner_run.device_wall.config_validate ts=5643 dur=1182 clk=dev
[mono_ns=83669460077116][T0x701395b15740][TIMING] emit_host_span: [STRACE] v=1 pid=3964021 tid=3964021 inv=86 hid=d8e9c89da8b0d3f9 depth=3 name=chip.run.runner_run.device_wall.arena_wire ts=7037 dur=1602 clk=dev
[mono_ns=83669460078288][T0x701395b15740][TIMING] emit_host_span: [STRACE] v=1 pid=3964021 tid=3964021 inv=86 hid=d8e9c89da8b0d3f9 depth=3 name=chip.run.runner_run.device_wall.sm_reset ts=8694 dur=2748 clk=dev
[mono_ns=83669460079740][T0x701395b15740][TIMING] emit_host_span: [STRACE] v=1 pid=3964021 tid=3964021 inv=86 hid=d8e9c89da8b0d3f9 depth=3 name=chip.run.runner_run.device_wall.post_orch ts=1564281 dur=4643 clk=dev
[mono_ns=83669460080902][T0x701395b15740][TIMING] emit_host_span: [STRACE] v=1 pid=3964021 tid=3964021 inv=86 hid=d8e9c89da8b0d3f9 depth=3 name=chip.run.runner_run.device_wall.orch ts=11530 dur=1536112 clk=dev
[mono_ns=83669460082054][T0x701395b15740][TIMING] emit_host_span: [STRACE] v=1 pid=3964021 tid=3964021 inv=86 hid=d8e9c89da8b0d3f9 depth=3 name=chip.run.runner_run.device_wall.sched ts=14722 dur=1535342 clk=dev
[mono_ns=83669460083816][T0x701395b15740][TIMING] emit_host_span: [STRACE] v=1 pid=3964021 tid=3964021 inv=86 hid=d8e9c89da8b0d3f9 depth=1 name=chip.run.claim_release ts=83669460083386 dur=190 
[mono_ns=83669460085409][T0x701395b15740][TIMING] emit_host_span: [STRACE] v=1 pid=3964021 tid=3964021 inv=86 hid=d8e9c89da8b0d3f9 depth=0 name=chip.run ts=83669356634798 dur=103450290 run_id=0 dispatch_id=0 slot_id=0 generation=86 run_epoch=86
[mono_ns=83669525160591][T0x701395b15740][TIMING] emit_host_span: [STRACE] v=1 pid=3964021 tid=3964021 inv=87 hid=d8e9c89da8b0d3f9 depth=2 name=chip.run.bind.args ts=83669461463117 dur=63696232 
[mono_ns=83669525177296][T0x701395b15740][TIMING] emit_host_span: [STRACE] v=1 pid=3964021 tid=3964021 inv=87 hid=d8e9c89da8b0d3f9 depth=2 name=chip.run.bind.prebuilt ts=83669525175203 dur=1713 
[mono_ns=83669525179019][T0x701395b15740][TIMING] emit_host_span: [STRACE] v=1 pid=3964021 tid=3964021 inv=87 hid=d8e9c89da8b0d3f9 depth=1 name=chip.run.bind ts=83669461459701 dur=63719038 
[mono_ns=83669529749379][T0x701395b15740][WARN] prepare_execution: [device_runner.cpp:342] AICPU CPU_TOPO unavailable; using json_fallback: soc=Ascend950PR_9579 occupy=0x3e stable_reachable=5 requested=0 effective=5 affinity=[1, 2, 3, 4, 5(orch)]
[mono_ns=83669531561999][T0x701395b15740][TIMING] emit_host_span: [STRACE] v=1 pid=3964021 tid=3964021 inv=87 hid=d8e9c89da8b0d3f9 depth=1 name=chip.run.runner_run ts=83669529805002 dur=1756597 
[mono_ns=83669564783672][T0x701395b15740][TIMING] emit_host_span: [STRACE] v=1 pid=3964021 tid=3964021 inv=87 hid=d8e9c89da8b0d3f9 depth=1 name=chip.run.validate ts=83669531567638 dur=33215173 
[mono_ns=83669564802601][T0x701395b15740][TIMING] emit_host_span: [STRACE] v=1 pid=3964021 tid=3964021 inv=87 hid=d8e9c89da8b0d3f9 depth=2 name=chip.run.runner_run.device_wall ts=0 dur=1593515 clk=dev
[mono_ns=83669564804464][T0x701395b15740][TIMING] emit_host_span: [STRACE] v=1 pid=3964021 tid=3964021 inv=87 hid=d8e9c89da8b0d3f9 depth=3 name=chip.run.runner_run.device_wall.preamble ts=0 dur=11911 clk=dev
[mono_ns=83669564805796][T0x701395b15740][TIMING] emit_host_span: [STRACE] v=1 pid=3964021 tid=3964021 inv=87 hid=d8e9c89da8b0d3f9 depth=3 name=chip.run.runner_run.device_wall.graph_build ts=2489 dur=1585906 clk=dev
[mono_ns=83669564806967][T0x701395b15740][TIMING] emit_host_span: [STRACE] v=1 pid=3964021 tid=3964021 inv=87 hid=d8e9c89da8b0d3f9 depth=3 name=chip.run.runner_run.device_wall.config_validate ts=2614 dur=1128 clk=dev
[mono_ns=83669564808159][T0x701395b15740][TIMING] emit_host_span: [STRACE] v=1 pid=3964021 tid=3964021 inv=87 hid=d8e9c89da8b0d3f9 depth=3 name=chip.run.runner_run.device_wall.arena_wire ts=3777 dur=1874 clk=dev
[mono_ns=83669564809721][T0x701395b15740][TIMING] emit_host_span: [STRACE] v=1 pid=3964021 tid=3964021 inv=87 hid=d8e9c89da8b0d3f9 depth=3 name=chip.run.runner_run.device_wall.sm_reset ts=5672 dur=1962 clk=dev
[mono_ns=83669564810983][T0x701395b15740][TIMING] emit_host_span: [STRACE] v=1 pid=3964021 tid=3964021 inv=87 hid=d8e9c89da8b0d3f9 depth=3 name=chip.run.runner_run.device_wall.post_orch ts=1588424 dur=4853 clk=dev
[mono_ns=83669564812145][T0x701395b15740][TIMING] emit_host_span: [STRACE] v=1 pid=3964021 tid=3964021 inv=87 hid=d8e9c89da8b0d3f9 depth=3 name=chip.run.runner_run.device_wall.orch ts=7671 dur=1564447 clk=dev
[mono_ns=83669564813267][T0x701395b15740][TIMING] emit_host_span: [STRACE] v=1 pid=3964021 tid=3964021 inv=87 hid=d8e9c89da8b0d3f9 depth=3 name=chip.run.runner_run.device_wall.sched ts=11386 dur=1562695 clk=dev
[mono_ns=83669564814939][T0x701395b15740][TIMING] emit_host_span: [STRACE] v=1 pid=3964021 tid=3964021 inv=87 hid=d8e9c89da8b0d3f9 depth=1 name=chip.run.claim_release ts=83669564814479 dur=210 
[mono_ns=83669564816952][T0x701395b15740][TIMING] emit_host_span: [STRACE] v=1 pid=3964021 tid=3964021 inv=87 hid=d8e9c89da8b0d3f9 depth=0 name=chip.run ts=83669461454143 dur=103362469 run_id=0 dispatch_id=0 slot_id=0 generation=87 run_epoch=87
[mono_ns=83669631130784][T0x701395b15740][TIMING] emit_host_span: [STRACE] v=1 pid=3964021 tid=3964021 inv=88 hid=d8e9c89da8b0d3f9 depth=2 name=chip.run.bind.args ts=83669566226388 dur=64902954 
[mono_ns=83669631148971][T0x701395b15740][TIMING] emit_host_span: [STRACE] v=1 pid=3964021 tid=3964021 inv=88 hid=d8e9c89da8b0d3f9 depth=2 name=chip.run.bind.prebuilt ts=83669631146397 dur=2134 
[mono_ns=83669631150914][T0x701395b15740][TIMING] emit_host_span: [STRACE] v=1 pid=3964021 tid=3964021 inv=88 hid=d8e9c89da8b0d3f9 depth=1 name=chip.run.bind ts=83669566222262 dur=64928242 
[mono_ns=83669635748104][T0x701395b15740][WARN] prepare_execution: [device_runner.cpp:342] AICPU CPU_TOPO unavailable; using json_fallback: soc=Ascend950PR_9579 occupy=0x3e stable_reachable=5 requested=0 effective=5 affinity=[1, 2, 3, 4, 5(orch)]
[mono_ns=83669637571201][T0x701395b15740][TIMING] emit_host_span: [STRACE] v=1 pid=3964021 tid=3964021 inv=88 hid=d8e9c89da8b0d3f9 depth=1 name=chip.run.runner_run ts=83669635806242 dur=1764598 
[mono_ns=83669671509509][T0x701395b15740][TIMING] emit_host_span: [STRACE] v=1 pid=3964021 tid=3964021 inv=88 hid=d8e9c89da8b0d3f9 depth=1 name=chip.run.validate ts=83669637577230 dur=33931779 
[mono_ns=83669671517672][T0x701395b15740][TIMING] emit_host_span: [STRACE] v=1 pid=3964021 tid=3964021 inv=88 hid=d8e9c89da8b0d3f9 depth=2 name=chip.run.runner_run.device_wall ts=0 dur=1593058 clk=dev
[mono_ns=83669671519444][T0x701395b15740][TIMING] emit_host_span: [STRACE] v=1 pid=3964021 tid=3964021 inv=88 hid=d8e9c89da8b0d3f9 depth=3 name=chip.run.runner_run.device_wall.preamble ts=0 dur=11808 clk=dev
[mono_ns=83669671520776][T0x701395b15740][TIMING] emit_host_span: [STRACE] v=1 pid=3964021 tid=3964021 inv=88 hid=d8e9c89da8b0d3f9 depth=3 name=chip.run.runner_run.device_wall.graph_build ts=2598 dur=1584845 clk=dev
[mono_ns=83669671527626][T0x701395b15740][TIMING] emit_host_span: [STRACE] v=1 pid=3964021 tid=3964021 inv=88 hid=d8e9c89da8b0d3f9 depth=3 name=chip.run.runner_run.device_wall.config_validate ts=2799 dur=1734 clk=dev
[mono_ns=83669671528778][T0x701395b15740][TIMING] emit_host_span: [STRACE] v=1 pid=3964021 tid=3964021 inv=88 hid=d8e9c89da8b0d3f9 depth=3 name=chip.run.runner_run.device_wall.arena_wire ts=4565 dur=1554 clk=dev
[mono_ns=83669671529920][T0x701395b15740][TIMING] emit_host_span: [STRACE] v=1 pid=3964021 tid=3964021 inv=88 hid=d8e9c89da8b0d3f9 depth=3 name=chip.run.runner_run.device_wall.sm_reset ts=6136 dur=2600 clk=dev
[mono_ns=83669671531042][T0x701395b15740][TIMING] emit_host_span: [STRACE] v=1 pid=3964021 tid=3964021 inv=88 hid=d8e9c89da8b0d3f9 depth=3 name=chip.run.runner_run.device_wall.post_orch ts=1587473 dur=5171 clk=dev
[mono_ns=83669671532183][T0x701395b15740][TIMING] emit_host_span: [STRACE] v=1 pid=3964021 tid=3964021 inv=88 hid=d8e9c89da8b0d3f9 depth=3 name=chip.run.runner_run.device_wall.orch ts=8776 dur=1559984 clk=dev
[mono_ns=83669671533295][T0x701395b15740][TIMING] emit_host_span: [STRACE] v=1 pid=3964021 tid=3964021 inv=88 hid=d8e9c89da8b0d3f9 depth=3 name=chip.run.runner_run.device_wall.sched ts=11457 dur=1560543 clk=dev
[mono_ns=83669671535008][T0x701395b15740][TIMING] emit_host_span: [STRACE] v=1 pid=3964021 tid=3964021 inv=88 hid=d8e9c89da8b0d3f9 depth=1 name=chip.run.claim_release ts=83669671534547 dur=200 
[mono_ns=83669671536830][T0x701395b15740][TIMING] emit_host_span: [STRACE] v=1 pid=3964021 tid=3964021 inv=88 hid=d8e9c89da8b0d3f9 depth=0 name=chip.run ts=83669566214400 dur=105322060 run_id=0 dispatch_id=0 slot_id=0 generation=88 run_epoch=88
[mono_ns=83669738426226][T0x701395b15740][TIMING] emit_host_span: [STRACE] v=1 pid=3964021 tid=3964021 inv=89 hid=d8e9c89da8b0d3f9 depth=2 name=chip.run.bind.args ts=83669672881969 dur=65542955 
[mono_ns=83669738443452][T0x701395b15740][TIMING] emit_host_span: [STRACE] v=1 pid=3964021 tid=3964021 inv=89 hid=d8e9c89da8b0d3f9 depth=2 name=chip.run.bind.prebuilt ts=83669738440868 dur=2123 
[mono_ns=83669738445294][T0x701395b15740][TIMING] emit_host_span: [STRACE] v=1 pid=3964021 tid=3964021 inv=89 hid=d8e9c89da8b0d3f9 depth=1 name=chip.run.bind ts=83669672878444 dur=65566460 
[mono_ns=83669743094943][T0x701395b15740][WARN] prepare_execution: [device_runner.cpp:342] AICPU CPU_TOPO unavailable; using json_fallback: soc=Ascend950PR_9579 occupy=0x3e stable_reachable=5 requested=0 effective=5 affinity=[1, 2, 3, 4, 5(orch)]
[mono_ns=83669744881675][T0x701395b15740][TIMING] emit_host_span: [STRACE] v=1 pid=3964021 tid=3964021 inv=89 hid=d8e9c89da8b0d3f9 depth=1 name=chip.run.runner_run ts=83669743150196 dur=1731048 
[mono_ns=83669779050780][T0x701395b15740][TIMING] emit_host_span: [STRACE] v=1 pid=3964021 tid=3964021 inv=89 hid=d8e9c89da8b0d3f9 depth=1 name=chip.run.validate ts=83669744886983 dur=34163186 
[mono_ns=83669779058562][T0x701395b15740][TIMING] emit_host_span: [STRACE] v=1 pid=3964021 tid=3964021 inv=89 hid=d8e9c89da8b0d3f9 depth=2 name=chip.run.runner_run.device_wall ts=0 dur=1571586 clk=dev
[mono_ns=83669779060314][T0x701395b15740][TIMING] emit_host_span: [STRACE] v=1 pid=3964021 tid=3964021 inv=89 hid=d8e9c89da8b0d3f9 depth=3 name=chip.run.runner_run.device_wall.preamble ts=0 dur=16141 clk=dev
[mono_ns=83669779061666][T0x701395b15740][TIMING] emit_host_span: [STRACE] v=1 pid=3964021 tid=3964021 inv=89 hid=d8e9c89da8b0d3f9 depth=3 name=chip.run.runner_run.device_wall.graph_build ts=5748 dur=1561015 clk=dev
[mono_ns=83669779062868][T0x701395b15740][TIMING] emit_host_span: [STRACE] v=1 pid=3964021 tid=3964021 inv=89 hid=d8e9c89da8b0d3f9 depth=3 name=chip.run.runner_run.device_wall.config_validate ts=5811 dur=1365 clk=dev
[mono_ns=83669779064030][T0x701395b15740][TIMING] emit_host_span: [STRACE] v=1 pid=3964021 tid=3964021 inv=89 hid=d8e9c89da8b0d3f9 depth=3 name=chip.run.runner_run.device_wall.arena_wire ts=7376 dur=1901 clk=dev
[mono_ns=83669779073755][T0x701395b15740][TIMING] emit_host_span: [STRACE] v=1 pid=3964021 tid=3964021 inv=89 hid=d8e9c89da8b0d3f9 depth=3 name=chip.run.runner_run.device_wall.sm_reset ts=9295 dur=2769 clk=dev
[mono_ns=83669779074906][T0x701395b15740][TIMING] emit_host_span: [STRACE] v=1 pid=3964021 tid=3964021 inv=89 hid=d8e9c89da8b0d3f9 depth=3 name=chip.run.runner_run.device_wall.post_orch ts=1566796 dur=4141 clk=dev
[mono_ns=83669779076168][T0x701395b15740][TIMING] emit_host_span: [STRACE] v=1 pid=3964021 tid=3964021 inv=89 hid=d8e9c89da8b0d3f9 depth=3 name=chip.run.runner_run.device_wall.orch ts=12184 dur=1537617 clk=dev
[mono_ns=83669779077741][T0x701395b15740][TIMING] emit_host_span: [STRACE] v=1 pid=3964021 tid=3964021 inv=89 hid=d8e9c89da8b0d3f9 depth=3 name=chip.run.runner_run.device_wall.sched ts=15772 dur=1536211 clk=dev
[mono_ns=83669779079533][T0x701395b15740][TIMING] emit_host_span: [STRACE] v=1 pid=3964021 tid=3964021 inv=89 hid=d8e9c89da8b0d3f9 depth=1 name=chip.run.claim_release ts=83669779078992 dur=181 
[mono_ns=83669779081306][T0x701395b15740][TIMING] emit_host_span: [STRACE] v=1 pid=3964021 tid=3964021 inv=89 hid=d8e9c89da8b0d3f9 depth=0 name=chip.run ts=83669672873757 dur=106207148 run_id=0 dispatch_id=0 slot_id=0 generation=89 run_epoch=89
[mono_ns=83669845557932][T0x701395b15740][TIMING] emit_host_span: [STRACE] v=1 pid=3964021 tid=3964021 inv=90 hid=d8e9c89da8b0d3f9 depth=2 name=chip.run.bind.args ts=83669780431593 dur=65125047 
[mono_ns=83669845575168][T0x701395b15740][TIMING] emit_host_span: [STRACE] v=1 pid=3964021 tid=3964021 inv=90 hid=d8e9c89da8b0d3f9 depth=2 name=chip.run.bind.prebuilt ts=83669845572884 dur=1813 
[mono_ns=83669845576880][T0x701395b15740][TIMING] emit_host_span: [STRACE] v=1 pid=3964021 tid=3964021 inv=90 hid=d8e9c89da8b0d3f9 depth=1 name=chip.run.bind ts=83669780428017 dur=65148523 
[mono_ns=83669850202723][T0x701395b15740][WARN] prepare_execution: [device_runner.cpp:342] AICPU CPU_TOPO unavailable; using json_fallback: soc=Ascend950PR_9579 occupy=0x3e stable_reachable=5 requested=0 effective=5 affinity=[1, 2, 3, 4, 5(orch)]
[mono_ns=83669851979650][T0x701395b15740][TIMING] emit_host_span: [STRACE] v=1 pid=3964021 tid=3964021 inv=90 hid=d8e9c89da8b0d3f9 depth=1 name=chip.run.runner_run ts=83669850258317 dur=1720943 
[mono_ns=83669885722466][T0x701395b15740][TIMING] emit_host_span: [STRACE] v=1 pid=3964021 tid=3964021 inv=90 hid=d8e9c89da8b0d3f9 depth=1 name=chip.run.validate ts=83669851985920 dur=33735795 
[mono_ns=83669885732391][T0x701395b15740][TIMING] emit_host_span: [STRACE] v=1 pid=3964021 tid=3964021 inv=90 hid=d8e9c89da8b0d3f9 depth=2 name=chip.run.runner_run.device_wall ts=0 dur=1561838 clk=dev
[mono_ns=83669885734133][T0x701395b15740][TIMING] emit_host_span: [STRACE] v=1 pid=3964021 tid=3964021 inv=90 hid=d8e9c89da8b0d3f9 depth=3 name=chip.run.runner_run.device_wall.preamble ts=0 dur=15735 clk=dev
[mono_ns=83669885735475][T0x701395b15740][TIMING] emit_host_span: [STRACE] v=1 pid=3964021 tid=3964021 inv=90 hid=d8e9c89da8b0d3f9 depth=3 name=chip.run.runner_run.device_wall.graph_build ts=5701 dur=1552198 clk=dev
[mono_ns=83669885736737][T0x701395b15740][TIMING] emit_host_span: [STRACE] v=1 pid=3964021 tid=3964021 inv=90 hid=d8e9c89da8b0d3f9 depth=3 name=chip.run.runner_run.device_wall.config_validate ts=6375 dur=1267 clk=dev
[mono_ns=83669885737879][T0x701395b15740][TIMING] emit_host_span: [STRACE] v=1 pid=3964021 tid=3964021 inv=90 hid=d8e9c89da8b0d3f9 depth=3 name=chip.run.runner_run.device_wall.arena_wire ts=7675 dur=1476 clk=dev
[mono_ns=83669885738990][T0x701395b15740][TIMING] emit_host_span: [STRACE] v=1 pid=3964021 tid=3964021 inv=90 hid=d8e9c89da8b0d3f9 depth=3 name=chip.run.runner_run.device_wall.sm_reset ts=9407 dur=2238 clk=dev
[mono_ns=83669885740473][T0x701395b15740][TIMING] emit_host_span: [STRACE] v=1 pid=3964021 tid=3964021 inv=90 hid=d8e9c89da8b0d3f9 depth=3 name=chip.run.runner_run.device_wall.post_orch ts=1557927 dur=3804 clk=dev
[mono_ns=83669885741664][T0x701395b15740][TIMING] emit_host_span: [STRACE] v=1 pid=3964021 tid=3964021 inv=90 hid=d8e9c89da8b0d3f9 depth=3 name=chip.run.runner_run.device_wall.orch ts=11683 dur=1527359 clk=dev
[mono_ns=83669885748625][T0x701395b15740][TIMING] emit_host_span: [STRACE] v=1 pid=3964021 tid=3964021 inv=90 hid=d8e9c89da8b0d3f9 depth=3 name=chip.run.runner_run.device_wall.sched ts=15261 dur=1527521 clk=dev
[mono_ns=83669885750618][T0x701395b15740][TIMING] emit_host_span: [STRACE] v=1 pid=3964021 tid=3964021 inv=90 hid=d8e9c89da8b0d3f9 depth=1 name=chip.run.claim_release ts=83669885749957 dur=290 
[mono_ns=83669885752320][T0x701395b15740][TIMING] emit_host_span: [STRACE] v=1 pid=3964021 tid=3964021 inv=90 hid=d8e9c89da8b0d3f9 depth=0 name=chip.run ts=83669780423631 dur=105328359 run_id=0 dispatch_id=0 slot_id=0 generation=90 run_epoch=90
[mono_ns=83669953227525][T0x701395b15740][TIMING] emit_host_span: [STRACE] v=1 pid=3964021 tid=3964021 inv=91 hid=d8e9c89da8b0d3f9 depth=2 name=chip.run.bind.args ts=83669887112562 dur=66113060 
[mono_ns=83669953243599][T0x701395b15740][TIMING] emit_host_span: [STRACE] v=1 pid=3964021 tid=3964021 inv=91 hid=d8e9c89da8b0d3f9 depth=2 name=chip.run.bind.prebuilt ts=83669953240925 dur=2304 
[mono_ns=83669953245382][T0x701395b15740][TIMING] emit_host_span: [STRACE] v=1 pid=3964021 tid=3964021 inv=91 hid=d8e9c89da8b0d3f9 depth=1 name=chip.run.bind ts=83669887109177 dur=66135865 
[mono_ns=83669957822312][T0x701395b15740][WARN] prepare_execution: [device_runner.cpp:342] AICPU CPU_TOPO unavailable; using json_fallback: soc=Ascend950PR_9579 occupy=0x3e stable_reachable=5 requested=0 effective=5 affinity=[1, 2, 3, 4, 5(orch)]
[mono_ns=83669959599419][T0x701395b15740][TIMING] emit_host_span: [STRACE] v=1 pid=3964021 tid=3964021 inv=91 hid=d8e9c89da8b0d3f9 depth=1 name=chip.run.runner_run ts=83669957879437 dur=1719641 
[mono_ns=83669992696485][T0x701395b15740][TIMING] emit_host_span: [STRACE] v=1 pid=3964021 tid=3964021 inv=91 hid=d8e9c89da8b0d3f9 depth=1 name=chip.run.validate ts=83669959605488 dur=33090286 
[mono_ns=83669992706099][T0x701395b15740][TIMING] emit_host_span: [STRACE] v=1 pid=3964021 tid=3964021 inv=91 hid=d8e9c89da8b0d3f9 depth=2 name=chip.run.runner_run.device_wall ts=0 dur=1559433 clk=dev
[mono_ns=83669992707932][T0x701395b15740][TIMING] emit_host_span: [STRACE] v=1 pid=3964021 tid=3964021 inv=91 hid=d8e9c89da8b0d3f9 depth=3 name=chip.run.runner_run.device_wall.preamble ts=0 dur=15319 clk=dev
[mono_ns=83669992709264][T0x701395b15740][TIMING] emit_host_span: [STRACE] v=1 pid=3964021 tid=3964021 inv=91 hid=d8e9c89da8b0d3f9 depth=3 name=chip.run.runner_run.device_wall.graph_build ts=5324 dur=1549261 clk=dev
[mono_ns=83669992710406][T0x701395b15740][TIMING] emit_host_span: [STRACE] v=1 pid=3964021 tid=3964021 inv=91 hid=d8e9c89da8b0d3f9 depth=3 name=chip.run.runner_run.device_wall.config_validate ts=5674 dur=1327 clk=dev
[mono_ns=83669992711548][T0x701395b15740][TIMING] emit_host_span: [STRACE] v=1 pid=3964021 tid=3964021 inv=91 hid=d8e9c89da8b0d3f9 depth=3 name=chip.run.runner_run.device_wall.arena_wire ts=7182 dur=1402 clk=dev
[mono_ns=83669992712689][T0x701395b15740][TIMING] emit_host_span: [STRACE] v=1 pid=3964021 tid=3964021 inv=91 hid=d8e9c89da8b0d3f9 depth=3 name=chip.run.runner_run.device_wall.sm_reset ts=8601 dur=3227 clk=dev
[mono_ns=83669992713821][T0x701395b15740][TIMING] emit_host_span: [STRACE] v=1 pid=3964021 tid=3964021 inv=91 hid=d8e9c89da8b0d3f9 depth=3 name=chip.run.runner_run.device_wall.post_orch ts=1554616 dur=4476 clk=dev
[mono_ns=83669992715243][T0x701395b15740][TIMING] emit_host_span: [STRACE] v=1 pid=3964021 tid=3964021 inv=91 hid=d8e9c89da8b0d3f9 depth=3 name=chip.run.runner_run.device_wall.orch ts=12083 dur=1525134 clk=dev
[mono_ns=83669992716415][T0x701395b15740][TIMING] emit_host_span: [STRACE] v=1 pid=3964021 tid=3964021 inv=91 hid=d8e9c89da8b0d3f9 depth=3 name=chip.run.runner_run.device_wall.sched ts=15042 dur=1524710 clk=dev
[mono_ns=83669992718408][T0x701395b15740][TIMING] emit_host_span: [STRACE] v=1 pid=3964021 tid=3964021 inv=91 hid=d8e9c89da8b0d3f9 depth=1 name=chip.run.claim_release ts=83669992717617 dur=460 
[mono_ns=83669992719950][T0x701395b15740][TIMING] emit_host_span: [STRACE] v=1 pid=3964021 tid=3964021 inv=91 hid=d8e9c89da8b0d3f9 depth=0 name=chip.run ts=83669887103819 dur=105615811 run_id=0 dispatch_id=0 slot_id=0 generation=91 run_epoch=91
[mono_ns=83670058795554][T0x701395b15740][TIMING] emit_host_span: [STRACE] v=1 pid=3964021 tid=3964021 inv=92 hid=d8e9c89da8b0d3f9 depth=2 name=chip.run.bind.args ts=83669994068094 dur=64725978 
[mono_ns=83670058811689][T0x701395b15740][TIMING] emit_host_span: [STRACE] v=1 pid=3964021 tid=3964021 inv=92 hid=d8e9c89da8b0d3f9 depth=2 name=chip.run.bind.prebuilt ts=83670058809185 dur=2103 
[mono_ns=83670058813541][T0x701395b15740][TIMING] emit_host_span: [STRACE] v=1 pid=3964021 tid=3964021 inv=92 hid=d8e9c89da8b0d3f9 depth=1 name=chip.run.bind ts=83669994064949 dur=64748232 
[mono_ns=83670063448007][T0x701395b15740][WARN] prepare_execution: [device_runner.cpp:342] AICPU CPU_TOPO unavailable; using json_fallback: soc=Ascend950PR_9579 occupy=0x3e stable_reachable=5 requested=0 effective=5 affinity=[1, 2, 3, 4, 5(orch)]
[mono_ns=83670065249832][T0x701395b15740][TIMING] emit_host_span: [STRACE] v=1 pid=3964021 tid=3964021 inv=92 hid=d8e9c89da8b0d3f9 depth=1 name=chip.run.runner_run ts=83670063506115 dur=1743326 
[mono_ns=83670097590352][T0x701395b15740][TIMING] emit_host_span: [STRACE] v=1 pid=3964021 tid=3964021 inv=92 hid=d8e9c89da8b0d3f9 depth=1 name=chip.run.validate ts=83670065254679 dur=32335152 
[mono_ns=83670097598675][T0x701395b15740][TIMING] emit_host_span: [STRACE] v=1 pid=3964021 tid=3964021 inv=92 hid=d8e9c89da8b0d3f9 depth=2 name=chip.run.runner_run.device_wall ts=0 dur=1587644 clk=dev
[mono_ns=83670097600417][T0x701395b15740][TIMING] emit_host_span: [STRACE] v=1 pid=3964021 tid=3964021 inv=92 hid=d8e9c89da8b0d3f9 depth=3 name=chip.run.runner_run.device_wall.preamble ts=0 dur=13927 clk=dev
[mono_ns=83670097601719][T0x701395b15740][TIMING] emit_host_span: [STRACE] v=1 pid=3964021 tid=3964021 inv=92 hid=d8e9c89da8b0d3f9 depth=3 name=chip.run.runner_run.device_wall.graph_build ts=3216 dur=1580318 clk=dev
[mono_ns=83670097603001][T0x701395b15740][TIMING] emit_host_span: [STRACE] v=1 pid=3964021 tid=3964021 inv=92 hid=d8e9c89da8b0d3f9 depth=3 name=chip.run.runner_run.device_wall.config_validate ts=3564 dur=1423 clk=dev
[mono_ns=83670097604183][T0x701395b15740][TIMING] emit_host_span: [STRACE] v=1 pid=3964021 tid=3964021 inv=92 hid=d8e9c89da8b0d3f9 depth=3 name=chip.run.runner_run.device_wall.arena_wire ts=5008 dur=1639 clk=dev
[mono_ns=83670097605325][T0x701395b15740][TIMING] emit_host_span: [STRACE] v=1 pid=3964021 tid=3964021 inv=92 hid=d8e9c89da8b0d3f9 depth=3 name=chip.run.runner_run.device_wall.sm_reset ts=6666 dur=3222 clk=dev
[mono_ns=83670097606537][T0x701395b15740][TIMING] emit_host_span: [STRACE] v=1 pid=3964021 tid=3964021 inv=92 hid=d8e9c89da8b0d3f9 depth=3 name=chip.run.runner_run.device_wall.post_orch ts=1583592 dur=3709 clk=dev
[mono_ns=83670097607668][T0x701395b15740][TIMING] emit_host_span: [STRACE] v=1 pid=3964021 tid=3964021 inv=92 hid=d8e9c89da8b0d3f9 depth=3 name=chip.run.runner_run.device_wall.orch ts=9917 dur=1556127 clk=dev
[mono_ns=83670097608800][T0x701395b15740][TIMING] emit_host_span: [STRACE] v=1 pid=3964021 tid=3964021 inv=92 hid=d8e9c89da8b0d3f9 depth=3 name=chip.run.runner_run.device_wall.sched ts=13538 dur=1554728 clk=dev
[mono_ns=83670097610492][T0x701395b15740][TIMING] emit_host_span: [STRACE] v=1 pid=3964021 tid=3964021 inv=92 hid=d8e9c89da8b0d3f9 depth=1 name=chip.run.claim_release ts=83670097610072 dur=170 
[mono_ns=83670097612155][T0x701395b15740][TIMING] emit_host_span: [STRACE] v=1 pid=3964021 tid=3964021 inv=92 hid=d8e9c89da8b0d3f9 depth=0 name=chip.run ts=83669994060072 dur=103551682 run_id=0 dispatch_id=0 slot_id=0 generation=92 run_epoch=92
[mono_ns=83670163252065][T0x701395b15740][TIMING] emit_host_span: [STRACE] v=1 pid=3964021 tid=3964021 inv=93 hid=d8e9c89da8b0d3f9 depth=2 name=chip.run.bind.args ts=83670098959047 dur=64291746 
[mono_ns=83670163268380][T0x701395b15740][TIMING] emit_host_span: [STRACE] v=1 pid=3964021 tid=3964021 inv=93 hid=d8e9c89da8b0d3f9 depth=2 name=chip.run.bind.prebuilt ts=83670163266046 dur=1933 
[mono_ns=83670163275981][T0x701395b15740][TIMING] emit_host_span: [STRACE] v=1 pid=3964021 tid=3964021 inv=93 hid=d8e9c89da8b0d3f9 depth=1 name=chip.run.bind ts=83670098955812 dur=64319698 
[mono_ns=83670167885269][T0x701395b15740][WARN] prepare_execution: [device_runner.cpp:342] AICPU CPU_TOPO unavailable; using json_fallback: soc=Ascend950PR_9579 occupy=0x3e stable_reachable=5 requested=0 effective=5 affinity=[1, 2, 3, 4, 5(orch)]
[mono_ns=83670169704840][T0x701395b15740][TIMING] emit_host_span: [STRACE] v=1 pid=3964021 tid=3964021 inv=93 hid=d8e9c89da8b0d3f9 depth=1 name=chip.run.runner_run ts=83670167940843 dur=1763627 
[mono_ns=83670204256930][T0x701395b15740][TIMING] emit_host_span: [STRACE] v=1 pid=3964021 tid=3964021 inv=93 hid=d8e9c89da8b0d3f9 depth=1 name=chip.run.validate ts=83670169710198 dur=34546271 
[mono_ns=83670204266424][T0x701395b15740][TIMING] emit_host_span: [STRACE] v=1 pid=3964021 tid=3964021 inv=93 hid=d8e9c89da8b0d3f9 depth=2 name=chip.run.runner_run.device_wall ts=0 dur=1601822 clk=dev
[mono_ns=83670204268147][T0x701395b15740][TIMING] emit_host_span: [STRACE] v=1 pid=3964021 tid=3964021 inv=93 hid=d8e9c89da8b0d3f9 depth=3 name=chip.run.runner_run.device_wall.preamble ts=0 dur=12761 clk=dev
[mono_ns=83670204269349][T0x701395b15740][TIMING] emit_host_span: [STRACE] v=1 pid=3964021 tid=3964021 inv=93 hid=d8e9c89da8b0d3f9 depth=3 name=chip.run.runner_run.device_wall.graph_build ts=3010 dur=1593703 clk=dev
[mono_ns=83670204270491][T0x701395b15740][TIMING] emit_host_span: [STRACE] v=1 pid=3964021 tid=3964021 inv=93 hid=d8e9c89da8b0d3f9 depth=3 name=chip.run.runner_run.device_wall.config_validate ts=3516 dur=1410 clk=dev
[mono_ns=83670204271652][T0x701395b15740][TIMING] emit_host_span: [STRACE] v=1 pid=3964021 tid=3964021 inv=93 hid=d8e9c89da8b0d3f9 depth=3 name=chip.run.runner_run.device_wall.arena_wire ts=5118 dur=1596 clk=dev
[mono_ns=83670204272824][T0x701395b15740][TIMING] emit_host_span: [STRACE] v=1 pid=3964021 tid=3964021 inv=93 hid=d8e9c89da8b0d3f9 depth=3 name=chip.run.runner_run.device_wall.sm_reset ts=6952 dur=2520 clk=dev
[mono_ns=83670204274056][T0x701395b15740][TIMING] emit_host_span: [STRACE] v=1 pid=3964021 tid=3964021 inv=93 hid=d8e9c89da8b0d3f9 depth=3 name=chip.run.runner_run.device_wall.post_orch ts=1596755 dur=4444 clk=dev
[mono_ns=83670204275218][T0x701395b15740][TIMING] emit_host_span: [STRACE] v=1 pid=3964021 tid=3964021 inv=93 hid=d8e9c89da8b0d3f9 depth=3 name=chip.run.runner_run.device_wall.orch ts=9578 dur=1570697 clk=dev
[mono_ns=83670204276359][T0x701395b15740][TIMING] emit_host_span: [STRACE] v=1 pid=3964021 tid=3964021 inv=93 hid=d8e9c89da8b0d3f9 depth=3 name=chip.run.runner_run.device_wall.sched ts=12238 dur=1570713 clk=dev
[mono_ns=83670204277992][T0x701395b15740][TIMING] emit_host_span: [STRACE] v=1 pid=3964021 tid=3964021 inv=93 hid=d8e9c89da8b0d3f9 depth=1 name=chip.run.claim_release ts=83670204277511 dur=230 
[mono_ns=83670204279955][T0x701395b15740][TIMING] emit_host_span: [STRACE] v=1 pid=3964021 tid=3964021 inv=93 hid=d8e9c89da8b0d3f9 depth=0 name=chip.run ts=83670098951285 dur=105328259 run_id=0 dispatch_id=0 slot_id=0 generation=93 run_epoch=93
[mono_ns=83670272371384][T0x701395b15740][TIMING] emit_host_span: [STRACE] v=1 pid=3964021 tid=3964021 inv=94 hid=d8e9c89da8b0d3f9 depth=2 name=chip.run.bind.args ts=83670205780307 dur=66590036 
[mono_ns=83670272388150][T0x701395b15740][TIMING] emit_host_span: [STRACE] v=1 pid=3964021 tid=3964021 inv=94 hid=d8e9c89da8b0d3f9 depth=2 name=chip.run.bind.prebuilt ts=83670272385716 dur=2033 
[mono_ns=83670272389892][T0x701395b15740][TIMING] emit_host_span: [STRACE] v=1 pid=3964021 tid=3964021 inv=94 hid=d8e9c89da8b0d3f9 depth=1 name=chip.run.bind ts=83670205777112 dur=66612440 
[mono_ns=83670277155695][T0x701395b15740][WARN] prepare_execution: [device_runner.cpp:342] AICPU CPU_TOPO unavailable; using json_fallback: soc=Ascend950PR_9579 occupy=0x3e stable_reachable=5 requested=0 effective=5 affinity=[1, 2, 3, 4, 5(orch)]
[mono_ns=83670279280054][T0x701395b15740][TIMING] emit_host_span: [STRACE] v=1 pid=3964021 tid=3964021 inv=94 hid=d8e9c89da8b0d3f9 depth=1 name=chip.run.runner_run ts=83670277234143 dur=2045130 
[mono_ns=83670313890541][T0x701395b15740][TIMING] emit_host_span: [STRACE] v=1 pid=3964021 tid=3964021 inv=94 hid=d8e9c89da8b0d3f9 depth=1 name=chip.run.validate ts=83670279294275 dur=34595525 
[mono_ns=83670313898704][T0x701395b15740][TIMING] emit_host_span: [STRACE] v=1 pid=3964021 tid=3964021 inv=94 hid=d8e9c89da8b0d3f9 depth=2 name=chip.run.runner_run.device_wall ts=0 dur=1860540 clk=dev
[mono_ns=83670313900837][T0x701395b15740][TIMING] emit_host_span: [STRACE] v=1 pid=3964021 tid=3964021 inv=94 hid=d8e9c89da8b0d3f9 depth=3 name=chip.run.runner_run.device_wall.preamble ts=0 dur=11804 clk=dev
[mono_ns=83670313902449][T0x701395b15740][TIMING] emit_host_span: [STRACE] v=1 pid=3964021 tid=3964021 inv=94 hid=d8e9c89da8b0d3f9 depth=3 name=chip.run.runner_run.device_wall.graph_build ts=3053 dur=1851819 clk=dev
[mono_ns=83670313903881][T0x701395b15740][TIMING] emit_host_span: [STRACE] v=1 pid=3964021 tid=3964021 inv=94 hid=d8e9c89da8b0d3f9 depth=3 name=chip.run.runner_run.device_wall.config_validate ts=3460 dur=1717 clk=dev
[mono_ns=83670313905083][T0x701395b15740][TIMING] emit_host_span: [STRACE] v=1 pid=3964021 tid=3964021 inv=94 hid=d8e9c89da8b0d3f9 depth=3 name=chip.run.runner_run.device_wall.arena_wire ts=5210 dur=1170 clk=dev
[mono_ns=83670313906275][T0x701395b15740][TIMING] emit_host_span: [STRACE] v=1 pid=3964021 tid=3964021 inv=94 hid=d8e9c89da8b0d3f9 depth=3 name=chip.run.runner_run.device_wall.sm_reset ts=6440 dur=2847 clk=dev
[mono_ns=83670313907447][T0x701395b15740][TIMING] emit_host_span: [STRACE] v=1 pid=3964021 tid=3964021 inv=94 hid=d8e9c89da8b0d3f9 depth=3 name=chip.run.runner_run.device_wall.post_orch ts=1854922 dur=5086 clk=dev
[mono_ns=83670313908689][T0x701395b15740][TIMING] emit_host_span: [STRACE] v=1 pid=3964021 tid=3964021 inv=94 hid=d8e9c89da8b0d3f9 depth=3 name=chip.run.runner_run.device_wall.orch ts=9323 dur=1827962 clk=dev
[mono_ns=83670313909810][T0x701395b15740][TIMING] emit_host_span: [STRACE] v=1 pid=3964021 tid=3964021 inv=94 hid=d8e9c89da8b0d3f9 depth=3 name=chip.run.runner_run.device_wall.sched ts=11658 dur=1827772 clk=dev
[mono_ns=83670313911823][T0x701395b15740][TIMING] emit_host_span: [STRACE] v=1 pid=3964021 tid=3964021 inv=94 hid=d8e9c89da8b0d3f9 depth=1 name=chip.run.claim_release ts=83670313911262 dur=131 
[mono_ns=83670313914057][T0x701395b15740][TIMING] emit_host_span: [STRACE] v=1 pid=3964021 tid=3964021 inv=94 hid=d8e9c89da8b0d3f9 depth=0 name=chip.run ts=83670205771864 dur=108141802 run_id=0 dispatch_id=0 slot_id=0 generation=94 run_epoch=94
[mono_ns=83670384129414][T0x701395b15740][TIMING] emit_host_span: [STRACE] v=1 pid=3964021 tid=3964021 inv=95 hid=d8e9c89da8b0d3f9 depth=2 name=chip.run.bind.args ts=83670315424594 dur=68703869 
[mono_ns=83670384144857][T0x701395b15740][TIMING] emit_host_span: [STRACE] v=1 pid=3964021 tid=3964021 inv=95 hid=d8e9c89da8b0d3f9 depth=2 name=chip.run.bind.prebuilt ts=83670384141873 dur=2454 
[mono_ns=83670384146850][T0x701395b15740][TIMING] emit_host_span: [STRACE] v=1 pid=3964021 tid=3964021 inv=95 hid=d8e9c89da8b0d3f9 depth=1 name=chip.run.bind ts=83670315419586 dur=68726914 
[mono_ns=83670388690300][T0x701395b15740][WARN] prepare_execution: [device_runner.cpp:342] AICPU CPU_TOPO unavailable; using json_fallback: soc=Ascend950PR_9579 occupy=0x3e stable_reachable=5 requested=0 effective=5 affinity=[1, 2, 3, 4, 5(orch)]
[mono_ns=83670390527908][T0x701395b15740][TIMING] emit_host_span: [STRACE] v=1 pid=3964021 tid=3964021 inv=95 hid=d8e9c89da8b0d3f9 depth=1 name=chip.run.runner_run ts=83670388746484 dur=1780753 
[mono_ns=83670424623733][T0x701395b15740][TIMING] emit_host_span: [STRACE] v=1 pid=3964021 tid=3964021 inv=95 hid=d8e9c89da8b0d3f9 depth=1 name=chip.run.validate ts=83670390533647 dur=34089225 
[mono_ns=83670424631184][T0x701395b15740][TIMING] emit_host_span: [STRACE] v=1 pid=3964021 tid=3964021 inv=95 hid=d8e9c89da8b0d3f9 depth=2 name=chip.run.runner_run.device_wall ts=0 dur=1615971 clk=dev
[mono_ns=83670424639036][T0x701395b15740][TIMING] emit_host_span: [STRACE] v=1 pid=3964021 tid=3964021 inv=95 hid=d8e9c89da8b0d3f9 depth=3 name=chip.run.runner_run.device_wall.preamble ts=0 dur=13182 clk=dev
[mono_ns=83670424640378][T0x701395b15740][TIMING] emit_host_span: [STRACE] v=1 pid=3964021 tid=3964021 inv=95 hid=d8e9c89da8b0d3f9 depth=3 name=chip.run.runner_run.device_wall.graph_build ts=3013 dur=1607184 clk=dev
[mono_ns=83670424641560][T0x701395b15740][TIMING] emit_host_span: [STRACE] v=1 pid=3964021 tid=3964021 inv=95 hid=d8e9c89da8b0d3f9 depth=3 name=chip.run.runner_run.device_wall.config_validate ts=3391 dur=1208 clk=dev
[mono_ns=83670424642671][T0x701395b15740][TIMING] emit_host_span: [STRACE] v=1 pid=3964021 tid=3964021 inv=95 hid=d8e9c89da8b0d3f9 depth=3 name=chip.run.runner_run.device_wall.arena_wire ts=4633 dur=2045 clk=dev
[mono_ns=83670424643793][T0x701395b15740][TIMING] emit_host_span: [STRACE] v=1 pid=3964021 tid=3964021 inv=95 hid=d8e9c89da8b0d3f9 depth=3 name=chip.run.runner_run.device_wall.sm_reset ts=6802 dur=2823 clk=dev
[mono_ns=83670424644915][T0x701395b15740][TIMING] emit_host_span: [STRACE] v=1 pid=3964021 tid=3964021 inv=95 hid=d8e9c89da8b0d3f9 depth=3 name=chip.run.runner_run.device_wall.post_orch ts=1610239 dur=5091 clk=dev
[mono_ns=83670424646087][T0x701395b15740][TIMING] emit_host_span: [STRACE] v=1 pid=3964021 tid=3964021 inv=95 hid=d8e9c89da8b0d3f9 depth=3 name=chip.run.runner_run.device_wall.orch ts=9659 dur=1583091 clk=dev
[mono_ns=83670424647238][T0x701395b15740][TIMING] emit_host_span: [STRACE] v=1 pid=3964021 tid=3964021 inv=95 hid=d8e9c89da8b0d3f9 depth=3 name=chip.run.runner_run.device_wall.sched ts=12915 dur=1582215 clk=dev
[mono_ns=83670424649041][T0x701395b15740][TIMING] emit_host_span: [STRACE] v=1 pid=3964021 tid=3964021 inv=95 hid=d8e9c89da8b0d3f9 depth=1 name=chip.run.claim_release ts=83670424648610 dur=100 
[mono_ns=83670424651084][T0x701395b15740][TIMING] emit_host_span: [STRACE] v=1 pid=3964021 tid=3964021 inv=95 hid=d8e9c89da8b0d3f9 depth=0 name=chip.run ts=83670315414369 dur=109236304 run_id=0 dispatch_id=0 slot_id=0 generation=95 run_epoch=95
[mono_ns=83670496389277][T0x701395b15740][TIMING] emit_host_span: [STRACE] v=1 pid=3964021 tid=3964021 inv=96 hid=d8e9c89da8b0d3f9 depth=2 name=chip.run.bind.args ts=83670426119117 dur=70268768 
[mono_ns=83670496405962][T0x701395b15740][TIMING] emit_host_span: [STRACE] v=1 pid=3964021 tid=3964021 inv=96 hid=d8e9c89da8b0d3f9 depth=2 name=chip.run.bind.prebuilt ts=83670496403739 dur=1843 
[mono_ns=83670496407695][T0x701395b15740][TIMING] emit_host_span: [STRACE] v=1 pid=3964021 tid=3964021 inv=96 hid=d8e9c89da8b0d3f9 depth=1 name=chip.run.bind ts=83670426115151 dur=70292274 
[mono_ns=83670500973358][T0x701395b15740][WARN] prepare_execution: [device_runner.cpp:342] AICPU CPU_TOPO unavailable; using json_fallback: soc=Ascend950PR_9579 occupy=0x3e stable_reachable=5 requested=0 effective=5 affinity=[1, 2, 3, 4, 5(orch)]
[mono_ns=83670502775833][T0x701395b15740][TIMING] emit_host_span: [STRACE] v=1 pid=3964021 tid=3964021 inv=96 hid=d8e9c89da8b0d3f9 depth=1 name=chip.run.runner_run ts=83670501041670 dur=1733562 
[mono_ns=83670537691989][T0x701395b15740][TIMING] emit_host_span: [STRACE] v=1 pid=3964021 tid=3964021 inv=96 hid=d8e9c89da8b0d3f9 depth=1 name=chip.run.validate ts=83670502782172 dur=34908966 
[mono_ns=83670537700592][T0x701395b15740][TIMING] emit_host_span: [STRACE] v=1 pid=3964021 tid=3964021 inv=96 hid=d8e9c89da8b0d3f9 depth=2 name=chip.run.runner_run.device_wall ts=0 dur=1555823 clk=dev
[mono_ns=83670537702355][T0x701395b15740][TIMING] emit_host_span: [STRACE] v=1 pid=3964021 tid=3964021 inv=96 hid=d8e9c89da8b0d3f9 depth=3 name=chip.run.runner_run.device_wall.preamble ts=0 dur=13298 clk=dev
[mono_ns=83670537703657][T0x701395b15740][TIMING] emit_host_span: [STRACE] v=1 pid=3964021 tid=3964021 inv=96 hid=d8e9c89da8b0d3f9 depth=3 name=chip.run.runner_run.device_wall.graph_build ts=3075 dur=1547387 clk=dev
[mono_ns=83670537704779][T0x701395b15740][TIMING] emit_host_span: [STRACE] v=1 pid=3964021 tid=3964021 inv=96 hid=d8e9c89da8b0d3f9 depth=3 name=chip.run.runner_run.device_wall.config_validate ts=3418 dur=1363 clk=dev
[mono_ns=83670537711098][T0x701395b15740][TIMING] emit_host_span: [STRACE] v=1 pid=3964021 tid=3964021 inv=96 hid=d8e9c89da8b0d3f9 depth=3 name=chip.run.runner_run.device_wall.arena_wire ts=4814 dur=2130 clk=dev
[mono_ns=83670537712220][T0x701395b15740][TIMING] emit_host_span: [STRACE] v=1 pid=3964021 tid=3964021 inv=96 hid=d8e9c89da8b0d3f9 depth=3 name=chip.run.runner_run.device_wall.sm_reset ts=6962 dur=2609 clk=dev
[mono_ns=83670537713341][T0x701395b15740][TIMING] emit_host_span: [STRACE] v=1 pid=3964021 tid=3964021 inv=96 hid=d8e9c89da8b0d3f9 depth=3 name=chip.run.runner_run.device_wall.post_orch ts=1550504 dur=4752 clk=dev
[mono_ns=83670537714483][T0x701395b15740][TIMING] emit_host_span: [STRACE] v=1 pid=3964021 tid=3964021 inv=96 hid=d8e9c89da8b0d3f9 depth=3 name=chip.run.runner_run.device_wall.orch ts=9607 dur=1523187 clk=dev
[mono_ns=83670537715595][T0x701395b15740][TIMING] emit_host_span: [STRACE] v=1 pid=3964021 tid=3964021 inv=96 hid=d8e9c89da8b0d3f9 depth=3 name=chip.run.runner_run.device_wall.sched ts=12870 dur=1523274 clk=dev
[mono_ns=83670537717397][T0x701395b15740][TIMING] emit_host_span: [STRACE] v=1 pid=3964021 tid=3964021 inv=96 hid=d8e9c89da8b0d3f9 depth=1 name=chip.run.claim_release ts=83670537716877 dur=170 
[mono_ns=83670537719461][T0x701395b15740][TIMING] emit_host_span: [STRACE] v=1 pid=3964021 tid=3964021 inv=96 hid=d8e9c89da8b0d3f9 depth=0 name=chip.run ts=83670426110414 dur=111608616 run_id=0 dispatch_id=0 slot_id=0 generation=96 run_epoch=96
[mono_ns=83670609467118][T0x701395b15740][TIMING] emit_host_span: [STRACE] v=1 pid=3964021 tid=3964021 inv=97 hid=d8e9c89da8b0d3f9 depth=2 name=chip.run.bind.args ts=83670539194875 dur=70271111 
[mono_ns=83670609484785][T0x701395b15740][TIMING] emit_host_span: [STRACE] v=1 pid=3964021 tid=3964021 inv=97 hid=d8e9c89da8b0d3f9 depth=2 name=chip.run.bind.prebuilt ts=83670609482301 dur=2113 
[mono_ns=83670609486507][T0x701395b15740][TIMING] emit_host_span: [STRACE] v=1 pid=3964021 tid=3964021 inv=97 hid=d8e9c89da8b0d3f9 depth=1 name=chip.run.bind ts=83670539190869 dur=70295308 
[mono_ns=83670614058169][T0x701395b15740][WARN] prepare_execution: [device_runner.cpp:342] AICPU CPU_TOPO unavailable; using json_fallback: soc=Ascend950PR_9579 occupy=0x3e stable_reachable=5 requested=0 effective=5 affinity=[1, 2, 3, 4, 5(orch)]
[mono_ns=83670615822567][T0x701395b15740][TIMING] emit_host_span: [STRACE] v=1 pid=3964021 tid=3964021 inv=97 hid=d8e9c89da8b0d3f9 depth=1 name=chip.run.runner_run ts=83670614114614 dur=1707572 
[mono_ns=83670650399184][T0x701395b15740][TIMING] emit_host_span: [STRACE] v=1 pid=3964021 tid=3964021 inv=97 hid=d8e9c89da8b0d3f9 depth=1 name=chip.run.validate ts=83670615827765 dur=34570818 
[mono_ns=83670650409028][T0x701395b15740][TIMING] emit_host_span: [STRACE] v=1 pid=3964021 tid=3964021 inv=97 hid=d8e9c89da8b0d3f9 depth=2 name=chip.run.runner_run.device_wall ts=0 dur=1553764 clk=dev
[mono_ns=83670650410731][T0x701395b15740][TIMING] emit_host_span: [STRACE] v=1 pid=3964021 tid=3964021 inv=97 hid=d8e9c89da8b0d3f9 depth=3 name=chip.run.runner_run.device_wall.preamble ts=0 dur=13024 clk=dev
[mono_ns=83670650412013][T0x701395b15740][TIMING] emit_host_span: [STRACE] v=1 pid=3964021 tid=3964021 inv=97 hid=d8e9c89da8b0d3f9 depth=3 name=chip.run.runner_run.device_wall.graph_build ts=2871 dur=1545776 clk=dev
[mono_ns=83670650413175][T0x701395b15740][TIMING] emit_host_span: [STRACE] v=1 pid=3964021 tid=3964021 inv=97 hid=d8e9c89da8b0d3f9 depth=3 name=chip.run.runner_run.device_wall.config_validate ts=3251 dur=1314 clk=dev
[mono_ns=83670650414306][T0x701395b15740][TIMING] emit_host_span: [STRACE] v=1 pid=3964021 tid=3964021 inv=97 hid=d8e9c89da8b0d3f9 depth=3 name=chip.run.runner_run.device_wall.arena_wire ts=4588 dur=1748 clk=dev
[mono_ns=83670650415448][T0x701395b15740][TIMING] emit_host_span: [STRACE] v=1 pid=3964021 tid=3964021 inv=97 hid=d8e9c89da8b0d3f9 depth=3 name=chip.run.runner_run.device_wall.sm_reset ts=6353 dur=2534 clk=dev
[mono_ns=83670650416590][T0x701395b15740][TIMING] emit_host_span: [STRACE] v=1 pid=3964021 tid=3964021 inv=97 hid=d8e9c89da8b0d3f9 depth=3 name=chip.run.runner_run.device_wall.post_orch ts=1548676 dur=4702 clk=dev
[mono_ns=83670650423300][T0x701395b15740][TIMING] emit_host_span: [STRACE] v=1 pid=3964021 tid=3964021 inv=97 hid=d8e9c89da8b0d3f9 depth=3 name=chip.run.runner_run.device_wall.orch ts=8973 dur=1522384 clk=dev
[mono_ns=83670650424432][T0x701395b15740][TIMING] emit_host_span: [STRACE] v=1 pid=3964021 tid=3964021 inv=97 hid=d8e9c89da8b0d3f9 depth=3 name=chip.run.runner_run.device_wall.sched ts=12690 dur=1521559 clk=dev
[mono_ns=83670650425974][T0x701395b15740][TIMING] emit_host_span: [STRACE] v=1 pid=3964021 tid=3964021 inv=97 hid=d8e9c89da8b0d3f9 depth=1 name=chip.run.claim_release ts=83670650425643 dur=71 
[mono_ns=83670650428097][T0x701395b15740][TIMING] emit_host_span: [STRACE] v=1 pid=3964021 tid=3964021 inv=97 hid=d8e9c89da8b0d3f9 depth=0 name=chip.run ts=83670539185591 dur=111242085 run_id=0 dispatch_id=0 slot_id=0 generation=97 run_epoch=97
[mono_ns=83670719313679][T0x701395b15740][TIMING] emit_host_span: [STRACE] v=1 pid=3964021 tid=3964021 inv=98 hid=d8e9c89da8b0d3f9 depth=2 name=chip.run.bind.args ts=83670651879626 dur=67432751 
[mono_ns=83670719333969][T0x701395b15740][TIMING] emit_host_span: [STRACE] v=1 pid=3964021 tid=3964021 inv=98 hid=d8e9c89da8b0d3f9 depth=2 name=chip.run.bind.prebuilt ts=83670719331365 dur=2174 
[mono_ns=83670719335772][T0x701395b15740][TIMING] emit_host_span: [STRACE] v=1 pid=3964021 tid=3964021 inv=98 hid=d8e9c89da8b0d3f9 depth=1 name=chip.run.bind ts=83670651875650 dur=67459801 
[mono_ns=83670723887624][T0x701395b15740][WARN] prepare_execution: [device_runner.cpp:342] AICPU CPU_TOPO unavailable; using json_fallback: soc=Ascend950PR_9579 occupy=0x3e stable_reachable=5 requested=0 effective=5 affinity=[1, 2, 3, 4, 5(orch)]
[mono_ns=83670725706354][T0x701395b15740][TIMING] emit_host_span: [STRACE] v=1 pid=3964021 tid=3964021 inv=98 hid=d8e9c89da8b0d3f9 depth=1 name=chip.run.runner_run ts=83670723944960 dur=1761033 
[mono_ns=83670759488448][T0x701395b15740][TIMING] emit_host_span: [STRACE] v=1 pid=3964021 tid=3964021 inv=98 hid=d8e9c89da8b0d3f9 depth=1 name=chip.run.validate ts=83670725711832 dur=33775765 
[mono_ns=83670759497922][T0x701395b15740][TIMING] emit_host_span: [STRACE] v=1 pid=3964021 tid=3964021 inv=98 hid=d8e9c89da8b0d3f9 depth=2 name=chip.run.runner_run.device_wall ts=0 dur=1604240 clk=dev
[mono_ns=83670759499595][T0x701395b15740][TIMING] emit_host_span: [STRACE] v=1 pid=3964021 tid=3964021 inv=98 hid=d8e9c89da8b0d3f9 depth=3 name=chip.run.runner_run.device_wall.preamble ts=0 dur=15543 clk=dev
[mono_ns=83670759500947][T0x701395b15740][TIMING] emit_host_span: [STRACE] v=1 pid=3964021 tid=3964021 inv=98 hid=d8e9c89da8b0d3f9 depth=3 name=chip.run.runner_run.device_wall.graph_build ts=5348 dur=1593894 clk=dev
[mono_ns=83670759502339][T0x701395b15740][TIMING] emit_host_span: [STRACE] v=1 pid=3964021 tid=3964021 inv=98 hid=d8e9c89da8b0d3f9 depth=3 name=chip.run.runner_run.device_wall.config_validate ts=6074 dur=1466 clk=dev
[mono_ns=83670759503480][T0x701395b15740][TIMING] emit_host_span: [STRACE] v=1 pid=3964021 tid=3964021 inv=98 hid=d8e9c89da8b0d3f9 depth=3 name=chip.run.runner_run.device_wall.arena_wire ts=7747 dur=1299 clk=dev
[mono_ns=83670759504602][T0x701395b15740][TIMING] emit_host_span: [STRACE] v=1 pid=3964021 tid=3964021 inv=98 hid=d8e9c89da8b0d3f9 depth=3 name=chip.run.runner_run.device_wall.sm_reset ts=9065 dur=1990 clk=dev
[mono_ns=83670759505744][T0x701395b15740][TIMING] emit_host_span: [STRACE] v=1 pid=3964021 tid=3964021 inv=98 hid=d8e9c89da8b0d3f9 depth=3 name=chip.run.runner_run.device_wall.post_orch ts=1599271 dur=4088 clk=dev
[mono_ns=83670759506976][T0x701395b15740][TIMING] emit_host_span: [STRACE] v=1 pid=3964021 tid=3964021 inv=98 hid=d8e9c89da8b0d3f9 depth=3 name=chip.run.runner_run.device_wall.orch ts=11137 dur=1571119 clk=dev
[mono_ns=83670759508097][T0x701395b15740][TIMING] emit_host_span: [STRACE] v=1 pid=3964021 tid=3964021 inv=98 hid=d8e9c89da8b0d3f9 depth=3 name=chip.run.runner_run.device_wall.sched ts=15238 dur=1569495 clk=dev
[mono_ns=83670759521187][T0x701395b15740][TIMING] emit_host_span: [STRACE] v=1 pid=3964021 tid=3964021 inv=98 hid=d8e9c89da8b0d3f9 depth=1 name=chip.run.claim_release ts=83670759520756 dur=161 
[mono_ns=83670759523130][T0x701395b15740][TIMING] emit_host_span: [STRACE] v=1 pid=3964021 tid=3964021 inv=98 hid=d8e9c89da8b0d3f9 depth=0 name=chip.run ts=83670651869501 dur=107653318 run_id=0 dispatch_id=0 slot_id=0 generation=98 run_epoch=98
[mono_ns=83670827742011][T0x701395b15740][TIMING] emit_host_span: [STRACE] v=1 pid=3964021 tid=3964021 inv=99 hid=d8e9c89da8b0d3f9 depth=2 name=chip.run.bind.args ts=83670761036271 dur=66704749 
[mono_ns=83670827759708][T0x701395b15740][TIMING] emit_host_span: [STRACE] v=1 pid=3964021 tid=3964021 inv=99 hid=d8e9c89da8b0d3f9 depth=2 name=chip.run.bind.prebuilt ts=83670827757104 dur=2143 
[mono_ns=83670827761630][T0x701395b15740][TIMING] emit_host_span: [STRACE] v=1 pid=3964021 tid=3964021 inv=99 hid=d8e9c89da8b0d3f9 depth=1 name=chip.run.bind ts=83670761032205 dur=66729105 
[mono_ns=83670832662867][T0x701395b15740][WARN] prepare_execution: [device_runner.cpp:342] AICPU CPU_TOPO unavailable; using json_fallback: soc=Ascend950PR_9579 occupy=0x3e stable_reachable=5 requested=0 effective=5 affinity=[1, 2, 3, 4, 5(orch)]
[mono_ns=83670834502137][T0x701395b15740][TIMING] emit_host_span: [STRACE] v=1 pid=3964021 tid=3964021 inv=99 hid=d8e9c89da8b0d3f9 depth=1 name=chip.run.runner_run ts=83670832720634 dur=1780943 
[mono_ns=83670867987226][T0x701395b15740][TIMING] emit_host_span: [STRACE] v=1 pid=3964021 tid=3964021 inv=99 hid=d8e9c89da8b0d3f9 depth=1 name=chip.run.validate ts=83670834507776 dur=33478769 
[mono_ns=83670867996139][T0x701395b15740][TIMING] emit_host_span: [STRACE] v=1 pid=3964021 tid=3964021 inv=99 hid=d8e9c89da8b0d3f9 depth=2 name=chip.run.runner_run.device_wall ts=0 dur=1584838 clk=dev
[mono_ns=83670867997922][T0x701395b15740][TIMING] emit_host_span: [STRACE] v=1 pid=3964021 tid=3964021 inv=99 hid=d8e9c89da8b0d3f9 depth=3 name=chip.run.runner_run.device_wall.preamble ts=0 dur=16218 clk=dev
[mono_ns=83670867999264][T0x701395b15740][TIMING] emit_host_span: [STRACE] v=1 pid=3964021 tid=3964021 inv=99 hid=d8e9c89da8b0d3f9 depth=3 name=chip.run.runner_run.device_wall.graph_build ts=4925 dur=1574210 clk=dev
[mono_ns=83670868005503][T0x701395b15740][TIMING] emit_host_span: [STRACE] v=1 pid=3964021 tid=3964021 inv=99 hid=d8e9c89da8b0d3f9 depth=3 name=chip.run.runner_run.device_wall.config_validate ts=5548 dur=1399 clk=dev
[mono_ns=83670868008057][T0x701395b15740][TIMING] emit_host_span: [STRACE] v=1 pid=3964021 tid=3964021 inv=99 hid=d8e9c89da8b0d3f9 depth=3 name=chip.run.runner_run.device_wall.arena_wire ts=7164 dur=1555 clk=dev
[mono_ns=83670868009189][T0x701395b15740][TIMING] emit_host_span: [STRACE] v=1 pid=3964021 tid=3964021 inv=99 hid=d8e9c89da8b0d3f9 depth=3 name=chip.run.runner_run.device_wall.sm_reset ts=8780 dur=2193 clk=dev
[mono_ns=83670868010431][T0x701395b15740][TIMING] emit_host_span: [STRACE] v=1 pid=3964021 tid=3964021 inv=99 hid=d8e9c89da8b0d3f9 depth=3 name=chip.run.runner_run.device_wall.post_orch ts=1579163 dur=4510 clk=dev
[mono_ns=83670868011723][T0x701395b15740][TIMING] emit_host_span: [STRACE] v=1 pid=3964021 tid=3964021 inv=99 hid=d8e9c89da8b0d3f9 depth=3 name=chip.run.runner_run.device_wall.orch ts=11071 dur=1550772 clk=dev
[mono_ns=83670868012894][T0x701395b15740][TIMING] emit_host_span: [STRACE] v=1 pid=3964021 tid=3964021 inv=99 hid=d8e9c89da8b0d3f9 depth=3 name=chip.run.runner_run.device_wall.sched ts=15880 dur=1548245 clk=dev
[mono_ns=83670868014657][T0x701395b15740][TIMING] emit_host_span: [STRACE] v=1 pid=3964021 tid=3964021 inv=99 hid=d8e9c89da8b0d3f9 depth=1 name=chip.run.claim_release ts=83670868014216 dur=181 
[mono_ns=83670868016720][T0x701395b15740][TIMING] emit_host_span: [STRACE] v=1 pid=3964021 tid=3964021 inv=99 hid=d8e9c89da8b0d3f9 depth=0 name=chip.run ts=83670761026486 dur=106989823 run_id=0 dispatch_id=0 slot_id=0 generation=99 run_epoch=99
[mono_ns=83670935082881][T0x701395b15740][TIMING] emit_host_span: [STRACE] v=1 pid=3964021 tid=3964021 inv=100 hid=d8e9c89da8b0d3f9 depth=2 name=chip.run.bind.args ts=83670869477152 dur=65604397 
[mono_ns=83670935106256][T0x701395b15740][TIMING] emit_host_span: [STRACE] v=1 pid=3964021 tid=3964021 inv=100 hid=d8e9c89da8b0d3f9 depth=2 name=chip.run.bind.prebuilt ts=83670935103953 dur=1983 
[mono_ns=83670935108169][T0x701395b15740][TIMING] emit_host_span: [STRACE] v=1 pid=3964021 tid=3964021 inv=100 hid=d8e9c89da8b0d3f9 depth=1 name=chip.run.bind ts=83670869472946 dur=65634842 
[mono_ns=83670939706140][T0x701395b15740][WARN] prepare_execution: [device_runner.cpp:342] AICPU CPU_TOPO unavailable; using json_fallback: soc=Ascend950PR_9579 occupy=0x3e stable_reachable=5 requested=0 effective=5 affinity=[1, 2, 3, 4, 5(orch)]
[mono_ns=83670941485881][T0x701395b15740][TIMING] emit_host_span: [STRACE] v=1 pid=3964021 tid=3964021 inv=100 hid=d8e9c89da8b0d3f9 depth=1 name=chip.run.runner_run ts=83670939760351 dur=1725020 
[mono_ns=83670974578561][T0x701395b15740][TIMING] emit_host_span: [STRACE] v=1 pid=3964021 tid=3964021 inv=100 hid=d8e9c89da8b0d3f9 depth=1 name=chip.run.validate ts=83670941491289 dur=33086481 
[mono_ns=83670974587865][T0x701395b15740][TIMING] emit_host_span: [STRACE] v=1 pid=3964021 tid=3964021 inv=100 hid=d8e9c89da8b0d3f9 depth=2 name=chip.run.runner_run.device_wall ts=0 dur=1567393 clk=dev
[mono_ns=83670974589597][T0x701395b15740][TIMING] emit_host_span: [STRACE] v=1 pid=3964021 tid=3964021 inv=100 hid=d8e9c89da8b0d3f9 depth=3 name=chip.run.runner_run.device_wall.preamble ts=0 dur=16163 clk=dev
[mono_ns=83670974590919][T0x701395b15740][TIMING] emit_host_span: [STRACE] v=1 pid=3964021 tid=3964021 inv=100 hid=d8e9c89da8b0d3f9 depth=3 name=chip.run.runner_run.device_wall.graph_build ts=5338 dur=1557025 clk=dev
[mono_ns=83670974592061][T0x701395b15740][TIMING] emit_host_span: [STRACE] v=1 pid=3964021 tid=3964021 inv=100 hid=d8e9c89da8b0d3f9 depth=3 name=chip.run.runner_run.device_wall.config_validate ts=5886 dur=1230 clk=dev
[mono_ns=83670974593193][T0x701395b15740][TIMING] emit_host_span: [STRACE] v=1 pid=3964021 tid=3964021 inv=100 hid=d8e9c89da8b0d3f9 depth=3 name=chip.run.runner_run.device_wall.arena_wire ts=7140 dur=1409 clk=dev
[mono_ns=83670974594665][T0x701395b15740][TIMING] emit_host_span: [STRACE] v=1 pid=3964021 tid=3964021 inv=100 hid=d8e9c89da8b0d3f9 depth=3 name=chip.run.runner_run.device_wall.sm_reset ts=8571 dur=2449 clk=dev
[mono_ns=83670974595857][T0x701395b15740][TIMING] emit_host_span: [STRACE] v=1 pid=3964021 tid=3964021 inv=100 hid=d8e9c89da8b0d3f9 depth=3 name=chip.run.runner_run.device_wall.post_orch ts=1562391 dur=4259 clk=dev
[mono_ns=83670974597099][T0x701395b15740][TIMING] emit_host_span: [STRACE] v=1 pid=3964021 tid=3964021 inv=100 hid=d8e9c89da8b0d3f9 depth=3 name=chip.run.runner_run.device_wall.orch ts=11110 dur=1534693 clk=dev
[mono_ns=83670974598220][T0x701395b15740][TIMING] emit_host_span: [STRACE] v=1 pid=3964021 tid=3964021 inv=100 hid=d8e9c89da8b0d3f9 depth=3 name=chip.run.runner_run.device_wall.sched ts=15748 dur=1532196 clk=dev
[mono_ns=83670974599813][T0x701395b15740][TIMING] emit_host_span: [STRACE] v=1 pid=3964021 tid=3964021 inv=100 hid=d8e9c89da8b0d3f9 depth=1 name=chip.run.claim_release ts=83670974599332 dur=220 
[mono_ns=83670974601565][T0x701395b15740][TIMING] emit_host_span: [STRACE] v=1 pid=3964021 tid=3964021 inv=100 hid=d8e9c89da8b0d3f9 depth=0 name=chip.run ts=83670869466015 dur=105135200 run_id=0 dispatch_id=0 slot_id=0 generation=100 run_epoch=100
  TestAlternatingMatmulAdd::Case1 PASSED
