[mono_ns=83716044538686][T0x7b8da775f740][TIMING] clock_anchor: [CLOCK_ANCHOR] v=1 pid=3968285 mono_ns=83716044537715 wall_ns=1787730097688681969

=== Runtime: tensormap_and_ringbuffer  Level: 2 ===
  TestPagedAttentionUnrollManualScope::Case1 ...
[mono_ns=83720639807374][T0x7b8da775f740][TIMING] emit_host_span: [STRACE] v=1 pid=3968285 tid=3968285 inv=1 hid=4e691a1ac652a1b3 depth=2 name=chip.run.bind.args ts=83720443281484 dur=196519831 
[mono_ns=83720666278134][T0x7b8da775f740][TIMING] emit_host_span: [STRACE] v=1 pid=3968285 tid=3968285 inv=1 hid=4e691a1ac652a1b3 depth=2 name=chip.run.bind.prebuilt ts=83720639895837 dur=26377039 
[mono_ns=83720666324444][T0x7b8da775f740][TIMING] emit_host_span: [STRACE] v=1 pid=3968285 tid=3968285 inv=1 hid=4e691a1ac652a1b3 depth=1 name=chip.run.bind ts=83720440781963 dur=225541299 
[mono_ns=83720676331293][T0x7b8da775f740][WARN] query_cpu_topo: [aicpu_topology_probe.cpp:125] aicpu_topology_probe: halGetDeviceInfoByBuff(CPU_TOPO) rc=65534 total=0
[mono_ns=83720678586278][T0x7b8da775f740][WARN] query_cpu_topo: [aicpu_topology_probe.cpp:137] aicpu_topology_probe: dsmi_get_device_info(CPU_TOPO) rc=65534 total=0
[mono_ns=83720678743454][T0x7b8da775f740][WARN] prepare_execution: [device_runner.cpp:342] AICPU CPU_TOPO unavailable; using json_fallback: soc=Ascend950PR_9579 occupy=0x3e stable_reachable=5 requested=0 effective=5 affinity=[1, 2, 3, 4, 5(orch)]
[mono_ns=83720681895795][T0x7b8da775f740][TIMING] emit_host_span: [STRACE] v=1 pid=3968285 tid=3968285 inv=1 hid=4e691a1ac652a1b3 depth=1 name=chip.run.runner_run ts=83720678853859 dur=3040174 
[mono_ns=83720682231139][T0x7b8da775f740][TIMING] emit_host_span: [STRACE] v=1 pid=3968285 tid=3968285 inv=1 hid=4e691a1ac652a1b3 depth=1 name=chip.run.validate ts=83720681910227 dur=320241 
[mono_ns=83720682238890][T0x7b8da775f740][TIMING] emit_host_span: [STRACE] v=1 pid=3968285 tid=3968285 inv=1 hid=4e691a1ac652a1b3 depth=2 name=chip.run.runner_run.device_wall ts=0 dur=2060350 clk=dev
[mono_ns=83720682241033][T0x7b8da775f740][TIMING] emit_host_span: [STRACE] v=1 pid=3968285 tid=3968285 inv=1 hid=4e691a1ac652a1b3 depth=3 name=chip.run.runner_run.device_wall.preamble ts=0 dur=348032 clk=dev
[mono_ns=83720682242816][T0x7b8da775f740][TIMING] emit_host_span: [STRACE] v=1 pid=3968285 tid=3968285 inv=1 hid=4e691a1ac652a1b3 depth=3 name=chip.run.runner_run.device_wall.graph_build ts=71123 dur=1973808 clk=dev
[mono_ns=83720682244589][T0x7b8da775f740][TIMING] emit_host_span: [STRACE] v=1 pid=3968285 tid=3968285 inv=1 hid=4e691a1ac652a1b3 depth=3 name=chip.run.runner_run.device_wall.config_validate ts=76476 dur=2935 clk=dev
[mono_ns=83720682246602][T0x7b8da775f740][TIMING] emit_host_span: [STRACE] v=1 pid=3968285 tid=3968285 inv=1 hid=4e691a1ac652a1b3 depth=3 name=chip.run.runner_run.device_wall.arena_wire ts=79461 dur=15824 clk=dev
[mono_ns=83720682248034][T0x7b8da775f740][TIMING] emit_host_span: [STRACE] v=1 pid=3968285 tid=3968285 inv=1 hid=4e691a1ac652a1b3 depth=3 name=chip.run.runner_run.device_wall.sm_reset ts=95338 dur=43447 clk=dev
[mono_ns=83720682249146][T0x7b8da775f740][TIMING] emit_host_span: [STRACE] v=1 pid=3968285 tid=3968285 inv=1 hid=4e691a1ac652a1b3 depth=3 name=chip.run.runner_run.device_wall.post_orch ts=2045069 dur=10122 clk=dev
[mono_ns=83720682250297][T0x7b8da775f740][TIMING] emit_host_span: [STRACE] v=1 pid=3968285 tid=3968285 inv=1 hid=4e691a1ac652a1b3 depth=3 name=chip.run.runner_run.device_wall.orch ts=140613 dur=1161523 clk=dev
[mono_ns=83720682251429][T0x7b8da775f740][TIMING] emit_host_span: [STRACE] v=1 pid=3968285 tid=3968285 inv=1 hid=4e691a1ac652a1b3 depth=3 name=chip.run.runner_run.device_wall.sched ts=351034 dur=1660718 clk=dev
[mono_ns=83720682253262][T0x7b8da775f740][TIMING] emit_host_span: [STRACE] v=1 pid=3968285 tid=3968285 inv=1 hid=4e691a1ac652a1b3 depth=1 name=chip.run.claim_release ts=83720682252511 dur=410 
[mono_ns=83720682255125][T0x7b8da775f740][TIMING] emit_host_span: [STRACE] v=1 pid=3968285 tid=3968285 inv=1 hid=4e691a1ac652a1b3 depth=0 name=chip.run ts=83720440726429 dur=241528305 run_id=0 dispatch_id=0 slot_id=0 generation=1 run_epoch=1
[mono_ns=83720830471856][T0x7b8da775f740][TIMING] emit_host_span: [STRACE] v=1 pid=3968285 tid=3968285 inv=2 hid=4e691a1ac652a1b3 depth=2 name=chip.run.bind.args ts=83720682862286 dur=147604853 
[mono_ns=83720830520889][T0x7b8da775f740][TIMING] emit_host_span: [STRACE] v=1 pid=3968285 tid=3968285 inv=2 hid=4e691a1ac652a1b3 depth=2 name=chip.run.bind.prebuilt ts=83720830515752 dur=4567 
[mono_ns=83720830524104][T0x7b8da775f740][TIMING] emit_host_span: [STRACE] v=1 pid=3968285 tid=3968285 inv=2 hid=4e691a1ac652a1b3 depth=1 name=chip.run.bind ts=83720682854885 dur=147668678 
[mono_ns=83720835778491][T0x7b8da775f740][WARN] prepare_execution: [device_runner.cpp:342] AICPU CPU_TOPO unavailable; using json_fallback: soc=Ascend950PR_9579 occupy=0x3e stable_reachable=5 requested=0 effective=5 affinity=[1, 2, 3, 4, 5(orch)]
[mono_ns=83720837742909][T0x7b8da775f740][TIMING] emit_host_span: [STRACE] v=1 pid=3968285 tid=3968285 inv=2 hid=4e691a1ac652a1b3 depth=1 name=chip.run.runner_run ts=83720835851550 dur=1890388 
[mono_ns=83720838049960][T0x7b8da775f740][TIMING] emit_host_span: [STRACE] v=1 pid=3968285 tid=3968285 inv=2 hid=4e691a1ac652a1b3 depth=1 name=chip.run.validate ts=83720837755428 dur=294131 
[mono_ns=83720838056981][T0x7b8da775f740][TIMING] emit_host_span: [STRACE] v=1 pid=3968285 tid=3968285 inv=2 hid=4e691a1ac652a1b3 depth=2 name=chip.run.runner_run.device_wall ts=0 dur=1661327 clk=dev
[mono_ns=83720838059174][T0x7b8da775f740][TIMING] emit_host_span: [STRACE] v=1 pid=3968285 tid=3968285 inv=2 hid=4e691a1ac652a1b3 depth=3 name=chip.run.runner_run.device_wall.preamble ts=0 dur=13706 clk=dev
[mono_ns=83720838060766][T0x7b8da775f740][TIMING] emit_host_span: [STRACE] v=1 pid=3968285 tid=3968285 inv=2 hid=4e691a1ac652a1b3 depth=3 name=chip.run.runner_run.device_wall.graph_build ts=3207 dur=1652910 clk=dev
[mono_ns=83720838062258][T0x7b8da775f740][TIMING] emit_host_span: [STRACE] v=1 pid=3968285 tid=3968285 inv=2 hid=4e691a1ac652a1b3 depth=3 name=chip.run.runner_run.device_wall.config_validate ts=3847 dur=1655 clk=dev
[mono_ns=83720838063921][T0x7b8da775f740][TIMING] emit_host_span: [STRACE] v=1 pid=3968285 tid=3968285 inv=2 hid=4e691a1ac652a1b3 depth=3 name=chip.run.runner_run.device_wall.arena_wire ts=5538 dur=3740 clk=dev
[mono_ns=83720838065043][T0x7b8da775f740][TIMING] emit_host_span: [STRACE] v=1 pid=3968285 tid=3968285 inv=2 hid=4e691a1ac652a1b3 depth=3 name=chip.run.runner_run.device_wall.sm_reset ts=9319 dur=4100 clk=dev
[mono_ns=83720838066184][T0x7b8da775f740][TIMING] emit_host_span: [STRACE] v=1 pid=3968285 tid=3968285 inv=2 hid=4e691a1ac652a1b3 depth=3 name=chip.run.runner_run.device_wall.post_orch ts=1656216 dur=4599 clk=dev
[mono_ns=83720838067316][T0x7b8da775f740][TIMING] emit_host_span: [STRACE] v=1 pid=3968285 tid=3968285 inv=2 hid=4e691a1ac652a1b3 depth=3 name=chip.run.runner_run.device_wall.orch ts=13516 dur=1298985 clk=dev
[mono_ns=83720838068468][T0x7b8da775f740][TIMING] emit_host_span: [STRACE] v=1 pid=3968285 tid=3968285 inv=2 hid=4e691a1ac652a1b3 depth=3 name=chip.run.runner_run.device_wall.sched ts=14244 dur=1628688 clk=dev
[mono_ns=83720838069910][T0x7b8da775f740][TIMING] emit_host_span: [STRACE] v=1 pid=3968285 tid=3968285 inv=2 hid=4e691a1ac652a1b3 depth=1 name=chip.run.claim_release ts=83720838069519 dur=111 
[mono_ns=83720838071623][T0x7b8da775f740][TIMING] emit_host_span: [STRACE] v=1 pid=3968285 tid=3968285 inv=2 hid=4e691a1ac652a1b3 depth=0 name=chip.run ts=83720682847273 dur=155223999 run_id=0 dispatch_id=0 slot_id=0 generation=2 run_epoch=2
[mono_ns=83721001508208][T0x7b8da775f740][TIMING] emit_host_span: [STRACE] v=1 pid=3968285 tid=3968285 inv=3 hid=4e691a1ac652a1b3 depth=2 name=chip.run.bind.args ts=83720838461808 dur=163041552 
[mono_ns=83721001561397][T0x7b8da775f740][TIMING] emit_host_span: [STRACE] v=1 pid=3968285 tid=3968285 inv=3 hid=4e691a1ac652a1b3 depth=2 name=chip.run.bind.prebuilt ts=83721001556550 dur=4347 
[mono_ns=83721001565724][T0x7b8da775f740][TIMING] emit_host_span: [STRACE] v=1 pid=3968285 tid=3968285 inv=3 hid=4e691a1ac652a1b3 depth=1 name=chip.run.bind ts=83720838454097 dur=163111286 
[mono_ns=83721006811968][T0x7b8da775f740][WARN] prepare_execution: [device_runner.cpp:342] AICPU CPU_TOPO unavailable; using json_fallback: soc=Ascend950PR_9579 occupy=0x3e stable_reachable=5 requested=0 effective=5 affinity=[1, 2, 3, 4, 5(orch)]
[mono_ns=83721008813522][T0x7b8da775f740][TIMING] emit_host_span: [STRACE] v=1 pid=3968285 tid=3968285 inv=3 hid=4e691a1ac652a1b3 depth=1 name=chip.run.runner_run ts=83721006880231 dur=1932650 
[mono_ns=83721009091269][T0x7b8da775f740][TIMING] emit_host_span: [STRACE] v=1 pid=3968285 tid=3968285 inv=3 hid=4e691a1ac652a1b3 depth=1 name=chip.run.validate ts=83721008823828 dur=266810 
[mono_ns=83721009099121][T0x7b8da775f740][TIMING] emit_host_span: [STRACE] v=1 pid=3968285 tid=3968285 inv=3 hid=4e691a1ac652a1b3 depth=2 name=chip.run.runner_run.device_wall ts=0 dur=1698983 clk=dev
[mono_ns=83721009101344][T0x7b8da775f740][TIMING] emit_host_span: [STRACE] v=1 pid=3968285 tid=3968285 inv=3 hid=4e691a1ac652a1b3 depth=3 name=chip.run.runner_run.device_wall.preamble ts=0 dur=15172 clk=dev
[mono_ns=83721009102666][T0x7b8da775f740][TIMING] emit_host_span: [STRACE] v=1 pid=3968285 tid=3968285 inv=3 hid=4e691a1ac652a1b3 depth=3 name=chip.run.runner_run.device_wall.graph_build ts=3425 dur=1691465 clk=dev
[mono_ns=83721009103878][T0x7b8da775f740][TIMING] emit_host_span: [STRACE] v=1 pid=3968285 tid=3968285 inv=3 hid=4e691a1ac652a1b3 depth=3 name=chip.run.runner_run.device_wall.config_validate ts=3831 dur=1819 clk=dev
[mono_ns=83721009105310][T0x7b8da775f740][TIMING] emit_host_span: [STRACE] v=1 pid=3968285 tid=3968285 inv=3 hid=4e691a1ac652a1b3 depth=3 name=chip.run.runner_run.device_wall.arena_wire ts=5684 dur=2155 clk=dev
[mono_ns=83721009107594][T0x7b8da775f740][TIMING] emit_host_span: [STRACE] v=1 pid=3968285 tid=3968285 inv=3 hid=4e691a1ac652a1b3 depth=3 name=chip.run.runner_run.device_wall.sm_reset ts=7874 dur=2885 clk=dev
[mono_ns=83721009108725][T0x7b8da775f740][TIMING] emit_host_span: [STRACE] v=1 pid=3968285 tid=3968285 inv=3 hid=4e691a1ac652a1b3 depth=3 name=chip.run.runner_run.device_wall.post_orch ts=1695002 dur=3456 clk=dev
[mono_ns=83721009109877][T0x7b8da775f740][TIMING] emit_host_span: [STRACE] v=1 pid=3968285 tid=3968285 inv=3 hid=4e691a1ac652a1b3 depth=3 name=chip.run.runner_run.device_wall.orch ts=10891 dur=1297593 clk=dev
[mono_ns=83721009111049][T0x7b8da775f740][TIMING] emit_host_span: [STRACE] v=1 pid=3968285 tid=3968285 inv=3 hid=4e691a1ac652a1b3 depth=3 name=chip.run.runner_run.device_wall.sched ts=15358 dur=1667999 clk=dev
[mono_ns=83721009112471][T0x7b8da775f740][TIMING] emit_host_span: [STRACE] v=1 pid=3968285 tid=3968285 inv=3 hid=4e691a1ac652a1b3 depth=1 name=chip.run.claim_release ts=83721009112070 dur=111 
[mono_ns=83721009114644][T0x7b8da775f740][TIMING] emit_host_span: [STRACE] v=1 pid=3968285 tid=3968285 inv=3 hid=4e691a1ac652a1b3 depth=0 name=chip.run ts=83720838445714 dur=170668570 run_id=0 dispatch_id=0 slot_id=0 generation=3 run_epoch=3
[mono_ns=83721172745341][T0x7b8da775f740][TIMING] emit_host_span: [STRACE] v=1 pid=3968285 tid=3968285 inv=4 hid=4e691a1ac652a1b3 depth=2 name=chip.run.bind.args ts=83721009482526 dur=163259159 
[mono_ns=83721172798350][T0x7b8da775f740][TIMING] emit_host_span: [STRACE] v=1 pid=3968285 tid=3968285 inv=4 hid=4e691a1ac652a1b3 depth=2 name=chip.run.bind.prebuilt ts=83721172790529 dur=7311 
[mono_ns=83721172801315][T0x7b8da775f740][TIMING] emit_host_span: [STRACE] v=1 pid=3968285 tid=3968285 inv=4 hid=4e691a1ac652a1b3 depth=1 name=chip.run.bind ts=83721009477098 dur=163323886 
[mono_ns=83721177994539][T0x7b8da775f740][WARN] prepare_execution: [device_runner.cpp:342] AICPU CPU_TOPO unavailable; using json_fallback: soc=Ascend950PR_9579 occupy=0x3e stable_reachable=5 requested=0 effective=5 affinity=[1, 2, 3, 4, 5(orch)]
[mono_ns=83721180048332][T0x7b8da775f740][TIMING] emit_host_span: [STRACE] v=1 pid=3968285 tid=3968285 inv=4 hid=4e691a1ac652a1b3 depth=1 name=chip.run.runner_run ts=83721178068921 dur=1978450 
[mono_ns=83721180846039][T0x7b8da775f740][TIMING] emit_host_span: [STRACE] v=1 pid=3968285 tid=3968285 inv=4 hid=4e691a1ac652a1b3 depth=1 name=chip.run.validate ts=83721180059529 dur=785318 
[mono_ns=83721180867341][T0x7b8da775f740][TIMING] emit_host_span: [STRACE] v=1 pid=3968285 tid=3968285 inv=4 hid=4e691a1ac652a1b3 depth=2 name=chip.run.runner_run.device_wall ts=0 dur=1735316 clk=dev
[mono_ns=83721180869264][T0x7b8da775f740][TIMING] emit_host_span: [STRACE] v=1 pid=3968285 tid=3968285 inv=4 hid=4e691a1ac652a1b3 depth=3 name=chip.run.runner_run.device_wall.preamble ts=0 dur=12743 clk=dev
[mono_ns=83721180870686][T0x7b8da775f740][TIMING] emit_host_span: [STRACE] v=1 pid=3968285 tid=3968285 inv=4 hid=4e691a1ac652a1b3 depth=3 name=chip.run.runner_run.device_wall.graph_build ts=3187 dur=1726510 clk=dev
[mono_ns=83721180873681][T0x7b8da775f740][TIMING] emit_host_span: [STRACE] v=1 pid=3968285 tid=3968285 inv=4 hid=4e691a1ac652a1b3 depth=3 name=chip.run.runner_run.device_wall.config_validate ts=3521 dur=1113 clk=dev
[mono_ns=83721180875473][T0x7b8da775f740][TIMING] emit_host_span: [STRACE] v=1 pid=3968285 tid=3968285 inv=4 hid=4e691a1ac652a1b3 depth=3 name=chip.run.runner_run.device_wall.arena_wire ts=4658 dur=2496 clk=dev
[mono_ns=83721180876835][T0x7b8da775f740][TIMING] emit_host_span: [STRACE] v=1 pid=3968285 tid=3968285 inv=4 hid=4e691a1ac652a1b3 depth=3 name=chip.run.runner_run.device_wall.sm_reset ts=7183 dur=2781 clk=dev
[mono_ns=83721180877957][T0x7b8da775f740][TIMING] emit_host_span: [STRACE] v=1 pid=3968285 tid=3968285 inv=4 hid=4e691a1ac652a1b3 depth=3 name=chip.run.runner_run.device_wall.post_orch ts=1729783 dur=4661 clk=dev
[mono_ns=83721180879119][T0x7b8da775f740][TIMING] emit_host_span: [STRACE] v=1 pid=3968285 tid=3968285 inv=4 hid=4e691a1ac652a1b3 depth=3 name=chip.run.runner_run.device_wall.orch ts=10338 dur=1298995 clk=dev
[mono_ns=83721180880271][T0x7b8da775f740][TIMING] emit_host_span: [STRACE] v=1 pid=3968285 tid=3968285 inv=4 hid=4e691a1ac652a1b3 depth=3 name=chip.run.runner_run.device_wall.sched ts=12628 dur=1706090 clk=dev
[mono_ns=83721180882163][T0x7b8da775f740][TIMING] emit_host_span: [STRACE] v=1 pid=3968285 tid=3968285 inv=4 hid=4e691a1ac652a1b3 depth=1 name=chip.run.claim_release ts=83721180881583 dur=260 
[mono_ns=83721180884227][T0x7b8da775f740][TIMING] emit_host_span: [STRACE] v=1 pid=3968285 tid=3968285 inv=4 hid=4e691a1ac652a1b3 depth=0 name=chip.run ts=83721009470719 dur=171412957 run_id=0 dispatch_id=0 slot_id=0 generation=4 run_epoch=4
[mono_ns=83721351910343][T0x7b8da775f740][TIMING] emit_host_span: [STRACE] v=1 pid=3968285 tid=3968285 inv=5 hid=4e691a1ac652a1b3 depth=2 name=chip.run.bind.args ts=83721181587041 dur=170318895 
[mono_ns=83721351958936][T0x7b8da775f740][TIMING] emit_host_span: [STRACE] v=1 pid=3968285 tid=3968285 inv=5 hid=4e691a1ac652a1b3 depth=2 name=chip.run.bind.prebuilt ts=83721351954069 dur=4336 
[mono_ns=83721351963092][T0x7b8da775f740][TIMING] emit_host_span: [STRACE] v=1 pid=3968285 tid=3968285 inv=5 hid=4e691a1ac652a1b3 depth=1 name=chip.run.bind ts=83721181581093 dur=170381328 
[mono_ns=83721357138089][T0x7b8da775f740][WARN] prepare_execution: [device_runner.cpp:342] AICPU CPU_TOPO unavailable; using json_fallback: soc=Ascend950PR_9579 occupy=0x3e stable_reachable=5 requested=0 effective=5 affinity=[1, 2, 3, 4, 5(orch)]
[mono_ns=83721359165823][T0x7b8da775f740][TIMING] emit_host_span: [STRACE] v=1 pid=3968285 tid=3968285 inv=5 hid=4e691a1ac652a1b3 depth=1 name=chip.run.runner_run ts=83721357210077 dur=1954885 
[mono_ns=83721359471031][T0x7b8da775f740][TIMING] emit_host_span: [STRACE] v=1 pid=3968285 tid=3968285 inv=5 hid=4e691a1ac652a1b3 depth=1 name=chip.run.validate ts=83721359175517 dur=295103 
[mono_ns=83721359478152][T0x7b8da775f740][TIMING] emit_host_span: [STRACE] v=1 pid=3968285 tid=3968285 inv=5 hid=4e691a1ac652a1b3 depth=2 name=chip.run.runner_run.device_wall ts=0 dur=1720394 clk=dev
[mono_ns=83721359479984][T0x7b8da775f740][TIMING] emit_host_span: [STRACE] v=1 pid=3968285 tid=3968285 inv=5 hid=4e691a1ac652a1b3 depth=3 name=chip.run.runner_run.device_wall.preamble ts=0 dur=14122 clk=dev
[mono_ns=83721359481447][T0x7b8da775f740][TIMING] emit_host_span: [STRACE] v=1 pid=3968285 tid=3968285 inv=5 hid=4e691a1ac652a1b3 depth=3 name=chip.run.runner_run.device_wall.graph_build ts=3174 dur=1713017 clk=dev
[mono_ns=83721359493615][T0x7b8da775f740][TIMING] emit_host_span: [STRACE] v=1 pid=3968285 tid=3968285 inv=5 hid=4e691a1ac652a1b3 depth=3 name=chip.run.runner_run.device_wall.config_validate ts=3563 dur=918 clk=dev
[mono_ns=83721359495297][T0x7b8da775f740][TIMING] emit_host_span: [STRACE] v=1 pid=3968285 tid=3968285 inv=5 hid=4e691a1ac652a1b3 depth=3 name=chip.run.runner_run.device_wall.arena_wire ts=4531 dur=2722 clk=dev
[mono_ns=83721359497260][T0x7b8da775f740][TIMING] emit_host_span: [STRACE] v=1 pid=3968285 tid=3968285 inv=5 hid=4e691a1ac652a1b3 depth=3 name=chip.run.runner_run.device_wall.sm_reset ts=7267 dur=3028 clk=dev
[mono_ns=83721359499894][T0x7b8da775f740][TIMING] emit_host_span: [STRACE] v=1 pid=3968285 tid=3968285 inv=5 hid=4e691a1ac652a1b3 depth=3 name=chip.run.runner_run.device_wall.post_orch ts=1716284 dur=3598 clk=dev
[mono_ns=83721359501286][T0x7b8da775f740][TIMING] emit_host_span: [STRACE] v=1 pid=3968285 tid=3968285 inv=5 hid=4e691a1ac652a1b3 depth=3 name=chip.run.runner_run.device_wall.orch ts=10383 dur=1309975 clk=dev
[mono_ns=83721359502448][T0x7b8da775f740][TIMING] emit_host_span: [STRACE] v=1 pid=3968285 tid=3968285 inv=5 hid=4e691a1ac652a1b3 depth=3 name=chip.run.runner_run.device_wall.sched ts=14305 dur=1687356 clk=dev
[mono_ns=83721359503890][T0x7b8da775f740][TIMING] emit_host_span: [STRACE] v=1 pid=3968285 tid=3968285 inv=5 hid=4e691a1ac652a1b3 depth=1 name=chip.run.claim_release ts=83721359503450 dur=110 
[mono_ns=83721359505773][T0x7b8da775f740][TIMING] emit_host_span: [STRACE] v=1 pid=3968285 tid=3968285 inv=5 hid=4e691a1ac652a1b3 depth=0 name=chip.run ts=83721181572510 dur=177932913 run_id=0 dispatch_id=0 slot_id=0 generation=5 run_epoch=5
[mono_ns=83721536315991][T0x7b8da775f740][TIMING] emit_host_span: [STRACE] v=1 pid=3968285 tid=3968285 inv=6 hid=4e691a1ac652a1b3 depth=2 name=chip.run.bind.args ts=83721359893655 dur=176417709 
[mono_ns=83721536358725][T0x7b8da775f740][TIMING] emit_host_span: [STRACE] v=1 pid=3968285 tid=3968285 inv=6 hid=4e691a1ac652a1b3 depth=2 name=chip.run.bind.prebuilt ts=83721536353197 dur=4997 
[mono_ns=83721536361980][T0x7b8da775f740][TIMING] emit_host_span: [STRACE] v=1 pid=3968285 tid=3968285 inv=6 hid=4e691a1ac652a1b3 depth=1 name=chip.run.bind ts=83721359888508 dur=176472901 
[mono_ns=83721541543397][T0x7b8da775f740][WARN] prepare_execution: [device_runner.cpp:342] AICPU CPU_TOPO unavailable; using json_fallback: soc=Ascend950PR_9579 occupy=0x3e stable_reachable=5 requested=0 effective=5 affinity=[1, 2, 3, 4, 5(orch)]
[mono_ns=83721543485662][T0x7b8da775f740][TIMING] emit_host_span: [STRACE] v=1 pid=3968285 tid=3968285 inv=6 hid=4e691a1ac652a1b3 depth=1 name=chip.run.runner_run ts=83721541614083 dur=1870928 
[mono_ns=83721543799123][T0x7b8da775f740][TIMING] emit_host_span: [STRACE] v=1 pid=3968285 tid=3968285 inv=6 hid=4e691a1ac652a1b3 depth=1 name=chip.run.validate ts=83721543494786 dur=303946 
[mono_ns=83721543806293][T0x7b8da775f740][TIMING] emit_host_span: [STRACE] v=1 pid=3968285 tid=3968285 inv=6 hid=4e691a1ac652a1b3 depth=2 name=chip.run.runner_run.device_wall ts=0 dur=1660302 clk=dev
[mono_ns=83721543808276][T0x7b8da775f740][TIMING] emit_host_span: [STRACE] v=1 pid=3968285 tid=3968285 inv=6 hid=4e691a1ac652a1b3 depth=3 name=chip.run.runner_run.device_wall.preamble ts=0 dur=13160 clk=dev
[mono_ns=83721543809819][T0x7b8da775f740][TIMING] emit_host_span: [STRACE] v=1 pid=3968285 tid=3968285 inv=6 hid=4e691a1ac652a1b3 depth=3 name=chip.run.runner_run.device_wall.graph_build ts=2861 dur=1652560 clk=dev
[mono_ns=83721543811952][T0x7b8da775f740][TIMING] emit_host_span: [STRACE] v=1 pid=3968285 tid=3968285 inv=6 hid=4e691a1ac652a1b3 depth=3 name=chip.run.runner_run.device_wall.config_validate ts=3323 dur=1452 clk=dev
[mono_ns=83721543813334][T0x7b8da775f740][TIMING] emit_host_span: [STRACE] v=1 pid=3968285 tid=3968285 inv=6 hid=4e691a1ac652a1b3 depth=3 name=chip.run.runner_run.device_wall.arena_wire ts=4805 dur=2405 clk=dev
[mono_ns=83721543826784][T0x7b8da775f740][TIMING] emit_host_span: [STRACE] v=1 pid=3968285 tid=3968285 inv=6 hid=4e691a1ac652a1b3 depth=3 name=chip.run.runner_run.device_wall.sm_reset ts=7229 dur=2856 clk=dev
[mono_ns=83721543828987][T0x7b8da775f740][TIMING] emit_host_span: [STRACE] v=1 pid=3968285 tid=3968285 inv=6 hid=4e691a1ac652a1b3 depth=3 name=chip.run.runner_run.device_wall.post_orch ts=1655499 dur=4252 clk=dev
[mono_ns=83721543830239][T0x7b8da775f740][TIMING] emit_host_span: [STRACE] v=1 pid=3968285 tid=3968285 inv=6 hid=4e691a1ac652a1b3 depth=3 name=chip.run.runner_run.device_wall.orch ts=10165 dur=1263730 clk=dev
[mono_ns=83721543831391][T0x7b8da775f740][TIMING] emit_host_span: [STRACE] v=1 pid=3968285 tid=3968285 inv=6 hid=4e691a1ac652a1b3 depth=3 name=chip.run.runner_run.device_wall.sched ts=12611 dur=1630665 clk=dev
[mono_ns=83721543832953][T0x7b8da775f740][TIMING] emit_host_span: [STRACE] v=1 pid=3968285 tid=3968285 inv=6 hid=4e691a1ac652a1b3 depth=1 name=chip.run.claim_release ts=83721543832563 dur=90 
[mono_ns=83721543834716][T0x7b8da775f740][TIMING] emit_host_span: [STRACE] v=1 pid=3968285 tid=3968285 inv=6 hid=4e691a1ac652a1b3 depth=0 name=chip.run ts=83721359883680 dur=183950695 run_id=0 dispatch_id=0 slot_id=0 generation=6 run_epoch=6
[mono_ns=83721713514001][T0x7b8da775f740][TIMING] emit_host_span: [STRACE] v=1 pid=3968285 tid=3968285 inv=7 hid=4e691a1ac652a1b3 depth=2 name=chip.run.bind.args ts=83721544213765 dur=169295619 
[mono_ns=83721713548473][T0x7b8da775f740][TIMING] emit_host_span: [STRACE] v=1 pid=3968285 tid=3968285 inv=7 hid=4e691a1ac652a1b3 depth=2 name=chip.run.bind.prebuilt ts=83721713544837 dur=3295 
[mono_ns=83721713551407][T0x7b8da775f740][TIMING] emit_host_span: [STRACE] v=1 pid=3968285 tid=3968285 inv=7 hid=4e691a1ac652a1b3 depth=1 name=chip.run.bind ts=83721544207546 dur=169343320 
[mono_ns=83721718693405][T0x7b8da775f740][WARN] prepare_execution: [device_runner.cpp:342] AICPU CPU_TOPO unavailable; using json_fallback: soc=Ascend950PR_9579 occupy=0x3e stable_reachable=5 requested=0 effective=5 affinity=[1, 2, 3, 4, 5(orch)]
[mono_ns=83721720834849][T0x7b8da775f740][TIMING] emit_host_span: [STRACE] v=1 pid=3968285 tid=3968285 inv=7 hid=4e691a1ac652a1b3 depth=1 name=chip.run.runner_run ts=83721718765303 dur=2068915 
[mono_ns=83721721148750][T0x7b8da775f740][TIMING] emit_host_span: [STRACE] v=1 pid=3968285 tid=3968285 inv=7 hid=4e691a1ac652a1b3 depth=1 name=chip.run.validate ts=83721720844774 dur=303565 
[mono_ns=83721721156432][T0x7b8da775f740][TIMING] emit_host_span: [STRACE] v=1 pid=3968285 tid=3968285 inv=7 hid=4e691a1ac652a1b3 depth=2 name=chip.run.runner_run.device_wall ts=0 dur=1851773 clk=dev
[mono_ns=83721721158665][T0x7b8da775f740][TIMING] emit_host_span: [STRACE] v=1 pid=3968285 tid=3968285 inv=7 hid=4e691a1ac652a1b3 depth=3 name=chip.run.runner_run.device_wall.preamble ts=0 dur=15437 clk=dev
[mono_ns=83721721160067][T0x7b8da775f740][TIMING] emit_host_span: [STRACE] v=1 pid=3968285 tid=3968285 inv=7 hid=4e691a1ac652a1b3 depth=3 name=chip.run.runner_run.device_wall.graph_build ts=3745 dur=1842651 clk=dev
[mono_ns=83721721161710][T0x7b8da775f740][TIMING] emit_host_span: [STRACE] v=1 pid=3968285 tid=3968285 inv=7 hid=4e691a1ac652a1b3 depth=3 name=chip.run.runner_run.device_wall.config_validate ts=4262 dur=1127 clk=dev
[mono_ns=83721721164464][T0x7b8da775f740][TIMING] emit_host_span: [STRACE] v=1 pid=3968285 tid=3968285 inv=7 hid=4e691a1ac652a1b3 depth=3 name=chip.run.runner_run.device_wall.arena_wire ts=5435 dur=1325 clk=dev
[mono_ns=83721721166276][T0x7b8da775f740][TIMING] emit_host_span: [STRACE] v=1 pid=3968285 tid=3968285 inv=7 hid=4e691a1ac652a1b3 depth=3 name=chip.run.runner_run.device_wall.sm_reset ts=6978 dur=2393 clk=dev
[mono_ns=83721721167638][T0x7b8da775f740][TIMING] emit_host_span: [STRACE] v=1 pid=3968285 tid=3968285 inv=7 hid=4e691a1ac652a1b3 depth=3 name=chip.run.runner_run.device_wall.post_orch ts=1846414 dur=4891 clk=dev
[mono_ns=83721721168790][T0x7b8da775f740][TIMING] emit_host_span: [STRACE] v=1 pid=3968285 tid=3968285 inv=7 hid=4e691a1ac652a1b3 depth=3 name=chip.run.runner_run.device_wall.orch ts=9676 dur=1290689 clk=dev
[mono_ns=83721721179887][T0x7b8da775f740][TIMING] emit_host_span: [STRACE] v=1 pid=3968285 tid=3968285 inv=7 hid=4e691a1ac652a1b3 depth=3 name=chip.run.runner_run.device_wall.sched ts=15520 dur=1815417 clk=dev
[mono_ns=83721721181760][T0x7b8da775f740][TIMING] emit_host_span: [STRACE] v=1 pid=3968285 tid=3968285 inv=7 hid=4e691a1ac652a1b3 depth=1 name=chip.run.claim_release ts=83721721181349 dur=120 
[mono_ns=83721721183632][T0x7b8da775f740][TIMING] emit_host_span: [STRACE] v=1 pid=3968285 tid=3968285 inv=7 hid=4e691a1ac652a1b3 depth=0 name=chip.run ts=83721544200645 dur=176982627 run_id=0 dispatch_id=0 slot_id=0 generation=7 run_epoch=7
[mono_ns=83721903026834][T0x7b8da775f740][TIMING] emit_host_span: [STRACE] v=1 pid=3968285 tid=3968285 inv=8 hid=4e691a1ac652a1b3 depth=2 name=chip.run.bind.args ts=83721721537383 dur=181486938 
[mono_ns=83721903063169][T0x7b8da775f740][TIMING] emit_host_span: [STRACE] v=1 pid=3968285 tid=3968285 inv=8 hid=4e691a1ac652a1b3 depth=2 name=chip.run.bind.prebuilt ts=83721903058852 dur=3776 
[mono_ns=83721903066544][T0x7b8da775f740][TIMING] emit_host_span: [STRACE] v=1 pid=3968285 tid=3968285 inv=8 hid=4e691a1ac652a1b3 depth=1 name=chip.run.bind ts=83721721531665 dur=181534398 
[mono_ns=83721908292608][T0x7b8da775f740][WARN] prepare_execution: [device_runner.cpp:342] AICPU CPU_TOPO unavailable; using json_fallback: soc=Ascend950PR_9579 occupy=0x3e stable_reachable=5 requested=0 effective=5 affinity=[1, 2, 3, 4, 5(orch)]
[mono_ns=83721910240071][T0x7b8da775f740][TIMING] emit_host_span: [STRACE] v=1 pid=3968285 tid=3968285 inv=8 hid=4e691a1ac652a1b3 depth=1 name=chip.run.runner_run ts=83721908363144 dur=1875825 
[mono_ns=83721910534673][T0x7b8da775f740][TIMING] emit_host_span: [STRACE] v=1 pid=3968285 tid=3968285 inv=8 hid=4e691a1ac652a1b3 depth=1 name=chip.run.validate ts=83721910251798 dur=282474 
[mono_ns=83721910541503][T0x7b8da775f740][TIMING] emit_host_span: [STRACE] v=1 pid=3968285 tid=3968285 inv=8 hid=4e691a1ac652a1b3 depth=2 name=chip.run.runner_run.device_wall ts=0 dur=1669728 clk=dev
[mono_ns=83721910543777][T0x7b8da775f740][TIMING] emit_host_span: [STRACE] v=1 pid=3968285 tid=3968285 inv=8 hid=4e691a1ac652a1b3 depth=3 name=chip.run.runner_run.device_wall.preamble ts=0 dur=13652 clk=dev
[mono_ns=83721910545489][T0x7b8da775f740][TIMING] emit_host_span: [STRACE] v=1 pid=3968285 tid=3968285 inv=8 hid=4e691a1ac652a1b3 depth=3 name=chip.run.runner_run.device_wall.graph_build ts=3571 dur=1660768 clk=dev
[mono_ns=83721910548524][T0x7b8da775f740][TIMING] emit_host_span: [STRACE] v=1 pid=3968285 tid=3968285 inv=8 hid=4e691a1ac652a1b3 depth=3 name=chip.run.runner_run.device_wall.config_validate ts=3917 dur=1151 clk=dev
[mono_ns=83721910550367][T0x7b8da775f740][TIMING] emit_host_span: [STRACE] v=1 pid=3968285 tid=3968285 inv=8 hid=4e691a1ac652a1b3 depth=3 name=chip.run.runner_run.device_wall.arena_wire ts=5105 dur=2123 clk=dev
[mono_ns=83721910551779][T0x7b8da775f740][TIMING] emit_host_span: [STRACE] v=1 pid=3968285 tid=3968285 inv=8 hid=4e691a1ac652a1b3 depth=3 name=chip.run.runner_run.device_wall.sm_reset ts=7345 dur=3477 clk=dev
[mono_ns=83721910552920][T0x7b8da775f740][TIMING] emit_host_span: [STRACE] v=1 pid=3968285 tid=3968285 inv=8 hid=4e691a1ac652a1b3 depth=3 name=chip.run.runner_run.device_wall.post_orch ts=1664358 dur=4273 clk=dev
[mono_ns=83721910554082][T0x7b8da775f740][TIMING] emit_host_span: [STRACE] v=1 pid=3968285 tid=3968285 inv=8 hid=4e691a1ac652a1b3 depth=3 name=chip.run.runner_run.device_wall.orch ts=10856 dur=1268403 clk=dev
[mono_ns=83721910555234][T0x7b8da775f740][TIMING] emit_host_span: [STRACE] v=1 pid=3968285 tid=3968285 inv=8 hid=4e691a1ac652a1b3 depth=3 name=chip.run.runner_run.device_wall.sched ts=13593 dur=1635341 clk=dev
[mono_ns=83721910557247][T0x7b8da775f740][TIMING] emit_host_span: [STRACE] v=1 pid=3968285 tid=3968285 inv=8 hid=4e691a1ac652a1b3 depth=1 name=chip.run.claim_release ts=83721910556406 dur=571 
[mono_ns=83721910559050][T0x7b8da775f740][TIMING] emit_host_span: [STRACE] v=1 pid=3968285 tid=3968285 inv=8 hid=4e691a1ac652a1b3 depth=0 name=chip.run ts=83721721525966 dur=189032753 run_id=0 dispatch_id=0 slot_id=0 generation=8 run_epoch=8
[mono_ns=83722068469490][T0x7b8da775f740][TIMING] emit_host_span: [STRACE] v=1 pid=3968285 tid=3968285 inv=9 hid=4e691a1ac652a1b3 depth=2 name=chip.run.bind.args ts=83721910921824 dur=157542639 
[mono_ns=83722068511984][T0x7b8da775f740][TIMING] emit_host_span: [STRACE] v=1 pid=3968285 tid=3968285 inv=9 hid=4e691a1ac652a1b3 depth=2 name=chip.run.bind.prebuilt ts=83722068507648 dur=3805 
[mono_ns=83722068515389][T0x7b8da775f740][TIMING] emit_host_span: [STRACE] v=1 pid=3968285 tid=3968285 inv=9 hid=4e691a1ac652a1b3 depth=1 name=chip.run.bind ts=83721910916266 dur=157598593 
[mono_ns=83722073678038][T0x7b8da775f740][WARN] prepare_execution: [device_runner.cpp:342] AICPU CPU_TOPO unavailable; using json_fallback: soc=Ascend950PR_9579 occupy=0x3e stable_reachable=5 requested=0 effective=5 affinity=[1, 2, 3, 4, 5(orch)]
[mono_ns=83722075809617][T0x7b8da775f740][TIMING] emit_host_span: [STRACE] v=1 pid=3968285 tid=3968285 inv=9 hid=4e691a1ac652a1b3 depth=1 name=chip.run.runner_run ts=83722073749055 dur=2059551 
[mono_ns=83722076097369][T0x7b8da775f740][TIMING] emit_host_span: [STRACE] v=1 pid=3968285 tid=3968285 inv=9 hid=4e691a1ac652a1b3 depth=1 name=chip.run.validate ts=83722075820013 dur=276665 
[mono_ns=83722076106283][T0x7b8da775f740][TIMING] emit_host_span: [STRACE] v=1 pid=3968285 tid=3968285 inv=9 hid=4e691a1ac652a1b3 depth=2 name=chip.run.runner_run.device_wall ts=0 dur=1833014 clk=dev
[mono_ns=83722076108206][T0x7b8da775f740][TIMING] emit_host_span: [STRACE] v=1 pid=3968285 tid=3968285 inv=9 hid=4e691a1ac652a1b3 depth=3 name=chip.run.runner_run.device_wall.preamble ts=0 dur=14860 clk=dev
[mono_ns=83722076109768][T0x7b8da775f740][TIMING] emit_host_span: [STRACE] v=1 pid=3968285 tid=3968285 inv=9 hid=4e691a1ac652a1b3 depth=3 name=chip.run.runner_run.device_wall.graph_build ts=4643 dur=1824277 clk=dev
[mono_ns=83722076111571][T0x7b8da775f740][TIMING] emit_host_span: [STRACE] v=1 pid=3968285 tid=3968285 inv=9 hid=4e691a1ac652a1b3 depth=3 name=chip.run.runner_run.device_wall.config_validate ts=5100 dur=639 clk=dev
[mono_ns=83722076114425][T0x7b8da775f740][TIMING] emit_host_span: [STRACE] v=1 pid=3968285 tid=3968285 inv=9 hid=4e691a1ac652a1b3 depth=3 name=chip.run.runner_run.device_wall.arena_wire ts=5773 dur=2633 clk=dev
[mono_ns=83722076116258][T0x7b8da775f740][TIMING] emit_host_span: [STRACE] v=1 pid=3968285 tid=3968285 inv=9 hid=4e691a1ac652a1b3 depth=3 name=chip.run.runner_run.device_wall.sm_reset ts=8427 dur=3316 clk=dev
[mono_ns=83722076117650][T0x7b8da775f740][TIMING] emit_host_span: [STRACE] v=1 pid=3968285 tid=3968285 inv=9 hid=4e691a1ac652a1b3 depth=3 name=chip.run.runner_run.device_wall.post_orch ts=1828968 dur=3955 clk=dev
[mono_ns=83722076118842][T0x7b8da775f740][TIMING] emit_host_span: [STRACE] v=1 pid=3968285 tid=3968285 inv=9 hid=4e691a1ac652a1b3 depth=3 name=chip.run.runner_run.device_wall.orch ts=11826 dur=1260626 clk=dev
[mono_ns=83722076120003][T0x7b8da775f740][TIMING] emit_host_span: [STRACE] v=1 pid=3968285 tid=3968285 inv=9 hid=4e691a1ac652a1b3 depth=3 name=chip.run.runner_run.device_wall.sched ts=14361 dur=1800409 clk=dev
[mono_ns=83722076121445][T0x7b8da775f740][TIMING] emit_host_span: [STRACE] v=1 pid=3968285 tid=3968285 inv=9 hid=4e691a1ac652a1b3 depth=1 name=chip.run.claim_release ts=83722076121035 dur=100 
[mono_ns=83722076123348][T0x7b8da775f740][TIMING] emit_host_span: [STRACE] v=1 pid=3968285 tid=3968285 inv=9 hid=4e691a1ac652a1b3 depth=0 name=chip.run ts=83721910910497 dur=165212501 run_id=0 dispatch_id=0 slot_id=0 generation=9 run_epoch=9
[mono_ns=83722246353760][T0x7b8da775f740][TIMING] emit_host_span: [STRACE] v=1 pid=3968285 tid=3968285 inv=10 hid=4e691a1ac652a1b3 depth=2 name=chip.run.bind.args ts=83722076470009 dur=169879816 
[mono_ns=83722246396725][T0x7b8da775f740][TIMING] emit_host_span: [STRACE] v=1 pid=3968285 tid=3968285 inv=10 hid=4e691a1ac652a1b3 depth=2 name=chip.run.bind.prebuilt ts=83722246392388 dur=3656 
[mono_ns=83722246410466][T0x7b8da775f740][TIMING] emit_host_span: [STRACE] v=1 pid=3968285 tid=3968285 inv=10 hid=4e691a1ac652a1b3 depth=1 name=chip.run.bind ts=83722076464570 dur=169945465 
[mono_ns=83722251589709][T0x7b8da775f740][WARN] prepare_execution: [device_runner.cpp:342] AICPU CPU_TOPO unavailable; using json_fallback: soc=Ascend950PR_9579 occupy=0x3e stable_reachable=5 requested=0 effective=5 affinity=[1, 2, 3, 4, 5(orch)]
[mono_ns=83722253584443][T0x7b8da775f740][TIMING] emit_host_span: [STRACE] v=1 pid=3968285 tid=3968285 inv=10 hid=4e691a1ac652a1b3 depth=1 name=chip.run.runner_run ts=83722251668608 dur=1915004 
[mono_ns=83722253892445][T0x7b8da775f740][TIMING] emit_host_span: [STRACE] v=1 pid=3968285 tid=3968285 inv=10 hid=4e691a1ac652a1b3 depth=1 name=chip.run.validate ts=83722253594638 dur=297457 
[mono_ns=83722253899185][T0x7b8da775f740][TIMING] emit_host_span: [STRACE] v=1 pid=3968285 tid=3968285 inv=10 hid=4e691a1ac652a1b3 depth=2 name=chip.run.runner_run.device_wall ts=0 dur=1714697 clk=dev
[mono_ns=83722253901299][T0x7b8da775f740][TIMING] emit_host_span: [STRACE] v=1 pid=3968285 tid=3968285 inv=10 hid=4e691a1ac652a1b3 depth=3 name=chip.run.runner_run.device_wall.preamble ts=0 dur=13256 clk=dev
[mono_ns=83722253903111][T0x7b8da775f740][TIMING] emit_host_span: [STRACE] v=1 pid=3968285 tid=3968285 inv=10 hid=4e691a1ac652a1b3 depth=3 name=chip.run.runner_run.device_wall.graph_build ts=1975 dur=1707368 clk=dev
[mono_ns=83722253905845][T0x7b8da775f740][TIMING] emit_host_span: [STRACE] v=1 pid=3968285 tid=3968285 inv=10 hid=4e691a1ac652a1b3 depth=3 name=chip.run.runner_run.device_wall.config_validate ts=2536 dur=1178 clk=dev
[mono_ns=83722253907238][T0x7b8da775f740][TIMING] emit_host_span: [STRACE] v=1 pid=3968285 tid=3968285 inv=10 hid=4e691a1ac652a1b3 depth=3 name=chip.run.runner_run.device_wall.arena_wire ts=3749 dur=2872 clk=dev
[mono_ns=83722253908359][T0x7b8da775f740][TIMING] emit_host_span: [STRACE] v=1 pid=3968285 tid=3968285 inv=10 hid=4e691a1ac652a1b3 depth=3 name=chip.run.runner_run.device_wall.sm_reset ts=6638 dur=2730 clk=dev
[mono_ns=83722253909481][T0x7b8da775f740][TIMING] emit_host_span: [STRACE] v=1 pid=3968285 tid=3968285 inv=10 hid=4e691a1ac652a1b3 depth=3 name=chip.run.runner_run.device_wall.post_orch ts=1709467 dur=4723 clk=dev
[mono_ns=83722253910643][T0x7b8da775f740][TIMING] emit_host_span: [STRACE] v=1 pid=3968285 tid=3968285 inv=10 hid=4e691a1ac652a1b3 depth=3 name=chip.run.runner_run.device_wall.orch ts=9956 dur=1269350 clk=dev
[mono_ns=83722253911764][T0x7b8da775f740][TIMING] emit_host_span: [STRACE] v=1 pid=3968285 tid=3968285 inv=10 hid=4e691a1ac652a1b3 depth=3 name=chip.run.runner_run.device_wall.sched ts=12730 dur=1684228 clk=dev
[mono_ns=83722253913757][T0x7b8da775f740][TIMING] emit_host_span: [STRACE] v=1 pid=3968285 tid=3968285 inv=10 hid=4e691a1ac652a1b3 depth=1 name=chip.run.claim_release ts=83722253913257 dur=210 
[mono_ns=83722253915620][T0x7b8da775f740][TIMING] emit_host_span: [STRACE] v=1 pid=3968285 tid=3968285 inv=10 hid=4e691a1ac652a1b3 depth=0 name=chip.run ts=83722076458812 dur=177456458 run_id=0 dispatch_id=0 slot_id=0 generation=10 run_epoch=10
[mono_ns=83722422648084][T0x7b8da775f740][TIMING] emit_host_span: [STRACE] v=1 pid=3968285 tid=3968285 inv=11 hid=4e691a1ac652a1b3 depth=2 name=chip.run.bind.args ts=83722254261650 dur=168381156 
[mono_ns=83722422699752][T0x7b8da775f740][TIMING] emit_host_span: [STRACE] v=1 pid=3968285 tid=3968285 inv=11 hid=4e691a1ac652a1b3 depth=2 name=chip.run.bind.prebuilt ts=83722422694744 dur=4417 
[mono_ns=83722422703347][T0x7b8da775f740][TIMING] emit_host_span: [STRACE] v=1 pid=3968285 tid=3968285 inv=11 hid=4e691a1ac652a1b3 depth=1 name=chip.run.bind ts=83722254255520 dur=168447456 
[mono_ns=83722427916461][T0x7b8da775f740][WARN] prepare_execution: [device_runner.cpp:342] AICPU CPU_TOPO unavailable; using json_fallback: soc=Ascend950PR_9579 occupy=0x3e stable_reachable=5 requested=0 effective=5 affinity=[1, 2, 3, 4, 5(orch)]
[mono_ns=83722429969072][T0x7b8da775f740][TIMING] emit_host_span: [STRACE] v=1 pid=3968285 tid=3968285 inv=11 hid=4e691a1ac652a1b3 depth=1 name=chip.run.runner_run ts=83722427991744 dur=1976467 
[mono_ns=83722430303995][T0x7b8da775f740][TIMING] emit_host_span: [STRACE] v=1 pid=3968285 tid=3968285 inv=11 hid=4e691a1ac652a1b3 depth=1 name=chip.run.validate ts=83722429992848 dur=310716 
[mono_ns=83722430312357][T0x7b8da775f740][TIMING] emit_host_span: [STRACE] v=1 pid=3968285 tid=3968285 inv=11 hid=4e691a1ac652a1b3 depth=2 name=chip.run.runner_run.device_wall ts=0 dur=1716871 clk=dev
[mono_ns=83722430314320][T0x7b8da775f740][TIMING] emit_host_span: [STRACE] v=1 pid=3968285 tid=3968285 inv=11 hid=4e691a1ac652a1b3 depth=3 name=chip.run.runner_run.device_wall.preamble ts=0 dur=14068 clk=dev
[mono_ns=83722430315863][T0x7b8da775f740][TIMING] emit_host_span: [STRACE] v=1 pid=3968285 tid=3968285 inv=11 hid=4e691a1ac652a1b3 depth=3 name=chip.run.runner_run.device_wall.graph_build ts=3394 dur=1707584 clk=dev
[mono_ns=83722430317325][T0x7b8da775f740][TIMING] emit_host_span: [STRACE] v=1 pid=3968285 tid=3968285 inv=11 hid=4e691a1ac652a1b3 depth=3 name=chip.run.runner_run.device_wall.config_validate ts=3970 dur=1654 clk=dev
[mono_ns=83722430319378][T0x7b8da775f740][TIMING] emit_host_span: [STRACE] v=1 pid=3968285 tid=3968285 inv=11 hid=4e691a1ac652a1b3 depth=3 name=chip.run.runner_run.device_wall.arena_wire ts=5660 dur=1475 clk=dev
[mono_ns=83722430320520][T0x7b8da775f740][TIMING] emit_host_span: [STRACE] v=1 pid=3968285 tid=3968285 inv=11 hid=4e691a1ac652a1b3 depth=3 name=chip.run.runner_run.device_wall.sm_reset ts=7330 dur=2476 clk=dev
[mono_ns=83722430321641][T0x7b8da775f740][TIMING] emit_host_span: [STRACE] v=1 pid=3968285 tid=3968285 inv=11 hid=4e691a1ac652a1b3 depth=3 name=chip.run.runner_run.device_wall.post_orch ts=1711089 dur=4920 clk=dev
[mono_ns=83722430322783][T0x7b8da775f740][TIMING] emit_host_span: [STRACE] v=1 pid=3968285 tid=3968285 inv=11 hid=4e691a1ac652a1b3 depth=3 name=chip.run.runner_run.device_wall.orch ts=9888 dur=1288204 clk=dev
[mono_ns=83722430323915][T0x7b8da775f740][TIMING] emit_host_span: [STRACE] v=1 pid=3968285 tid=3968285 inv=11 hid=4e691a1ac652a1b3 depth=3 name=chip.run.runner_run.device_wall.sched ts=14264 dur=1683487 clk=dev
[mono_ns=83722430325447][T0x7b8da775f740][TIMING] emit_host_span: [STRACE] v=1 pid=3968285 tid=3968285 inv=11 hid=4e691a1ac652a1b3 depth=1 name=chip.run.claim_release ts=83722430324996 dur=121 
[mono_ns=83722430327420][T0x7b8da775f740][TIMING] emit_host_span: [STRACE] v=1 pid=3968285 tid=3968285 inv=11 hid=4e691a1ac652a1b3 depth=0 name=chip.run ts=83722254249401 dur=176077638 run_id=0 dispatch_id=0 slot_id=0 generation=11 run_epoch=11
[mono_ns=83722598540094][T0x7b8da775f740][TIMING] emit_host_span: [STRACE] v=1 pid=3968285 tid=3968285 inv=12 hid=4e691a1ac652a1b3 depth=2 name=chip.run.bind.args ts=83722430703204 dur=167832914 
[mono_ns=83722598583459][T0x7b8da775f740][TIMING] emit_host_span: [STRACE] v=1 pid=3968285 tid=3968285 inv=12 hid=4e691a1ac652a1b3 depth=2 name=chip.run.bind.prebuilt ts=83722598579172 dur=3766 
[mono_ns=83722598586163][T0x7b8da775f740][TIMING] emit_host_span: [STRACE] v=1 pid=3968285 tid=3968285 inv=12 hid=4e691a1ac652a1b3 depth=1 name=chip.run.bind ts=83722430696584 dur=167889238 
[mono_ns=83722603769412][T0x7b8da775f740][WARN] prepare_execution: [device_runner.cpp:342] AICPU CPU_TOPO unavailable; using json_fallback: soc=Ascend950PR_9579 occupy=0x3e stable_reachable=5 requested=0 effective=5 affinity=[1, 2, 3, 4, 5(orch)]
[mono_ns=83722605855313][T0x7b8da775f740][TIMING] emit_host_span: [STRACE] v=1 pid=3968285 tid=3968285 inv=12 hid=4e691a1ac652a1b3 depth=1 name=chip.run.runner_run ts=83722603843974 dur=2010768 
[mono_ns=83722606163756][T0x7b8da775f740][TIMING] emit_host_span: [STRACE] v=1 pid=3968285 tid=3968285 inv=12 hid=4e691a1ac652a1b3 depth=1 name=chip.run.validate ts=83722605865729 dur=297587 
[mono_ns=83722606171708][T0x7b8da775f740][TIMING] emit_host_span: [STRACE] v=1 pid=3968285 tid=3968285 inv=12 hid=4e691a1ac652a1b3 depth=2 name=chip.run.runner_run.device_wall ts=0 dur=1801476 clk=dev
[mono_ns=83722606173661][T0x7b8da775f740][TIMING] emit_host_span: [STRACE] v=1 pid=3968285 tid=3968285 inv=12 hid=4e691a1ac652a1b3 depth=3 name=chip.run.runner_run.device_wall.preamble ts=0 dur=13696 clk=dev
[mono_ns=83722606186801][T0x7b8da775f740][TIMING] emit_host_span: [STRACE] v=1 pid=3968285 tid=3968285 inv=12 hid=4e691a1ac652a1b3 depth=3 name=chip.run.runner_run.device_wall.graph_build ts=3204 dur=1792453 clk=dev
[mono_ns=83722606188764][T0x7b8da775f740][TIMING] emit_host_span: [STRACE] v=1 pid=3968285 tid=3968285 inv=12 hid=4e691a1ac652a1b3 depth=3 name=chip.run.runner_run.device_wall.config_validate ts=3524 dur=1486 clk=dev
[mono_ns=83722606191768][T0x7b8da775f740][TIMING] emit_host_span: [STRACE] v=1 pid=3968285 tid=3968285 inv=12 hid=4e691a1ac652a1b3 depth=3 name=chip.run.runner_run.device_wall.arena_wire ts=5052 dur=2635 clk=dev
[mono_ns=83722606193090][T0x7b8da775f740][TIMING] emit_host_span: [STRACE] v=1 pid=3968285 tid=3968285 inv=12 hid=4e691a1ac652a1b3 depth=3 name=chip.run.runner_run.device_wall.sm_reset ts=7706 dur=3013 clk=dev
[mono_ns=83722606194212][T0x7b8da775f740][TIMING] emit_host_span: [STRACE] v=1 pid=3968285 tid=3968285 inv=12 hid=4e691a1ac652a1b3 depth=3 name=chip.run.runner_run.device_wall.post_orch ts=1795691 dur=5132 clk=dev
[mono_ns=83722606195374][T0x7b8da775f740][TIMING] emit_host_span: [STRACE] v=1 pid=3968285 tid=3968285 inv=12 hid=4e691a1ac652a1b3 depth=3 name=chip.run.runner_run.device_wall.orch ts=10815 dur=1269268 clk=dev
[mono_ns=83722606196525][T0x7b8da775f740][TIMING] emit_host_span: [STRACE] v=1 pid=3968285 tid=3968285 inv=12 hid=4e691a1ac652a1b3 depth=3 name=chip.run.runner_run.device_wall.sched ts=13157 dur=1769018 clk=dev
[mono_ns=83722606198178][T0x7b8da775f740][TIMING] emit_host_span: [STRACE] v=1 pid=3968285 tid=3968285 inv=12 hid=4e691a1ac652a1b3 depth=1 name=chip.run.claim_release ts=83722606197557 dur=120 
[mono_ns=83722606200011][T0x7b8da775f740][TIMING] emit_host_span: [STRACE] v=1 pid=3968285 tid=3968285 inv=12 hid=4e691a1ac652a1b3 depth=0 name=chip.run ts=83722430689233 dur=175510417 run_id=0 dispatch_id=0 slot_id=0 generation=12 run_epoch=12
[mono_ns=83722767018276][T0x7b8da775f740][TIMING] emit_host_span: [STRACE] v=1 pid=3968285 tid=3968285 inv=13 hid=4e691a1ac652a1b3 depth=2 name=chip.run.bind.args ts=83722606567552 dur=160444414 
[mono_ns=83722767064015][T0x7b8da775f740][TIMING] emit_host_span: [STRACE] v=1 pid=3968285 tid=3968285 inv=13 hid=4e691a1ac652a1b3 depth=2 name=chip.run.bind.prebuilt ts=83722767059027 dur=4627 
[mono_ns=83722767068281][T0x7b8da775f740][TIMING] emit_host_span: [STRACE] v=1 pid=3968285 tid=3968285 inv=13 hid=4e691a1ac652a1b3 depth=1 name=chip.run.bind ts=83722606561183 dur=160506567 
[mono_ns=83722772287024][T0x7b8da775f740][WARN] prepare_execution: [device_runner.cpp:342] AICPU CPU_TOPO unavailable; using json_fallback: soc=Ascend950PR_9579 occupy=0x3e stable_reachable=5 requested=0 effective=5 affinity=[1, 2, 3, 4, 5(orch)]
[mono_ns=83722774348598][T0x7b8da775f740][TIMING] emit_host_span: [STRACE] v=1 pid=3968285 tid=3968285 inv=13 hid=4e691a1ac652a1b3 depth=1 name=chip.run.runner_run ts=83722772367815 dur=1979972 
[mono_ns=83722774663361][T0x7b8da775f740][TIMING] emit_host_span: [STRACE] v=1 pid=3968285 tid=3968285 inv=13 hid=4e691a1ac652a1b3 depth=1 name=chip.run.validate ts=83722774359665 dur=303275 
[mono_ns=83722774670561][T0x7b8da775f740][TIMING] emit_host_span: [STRACE] v=1 pid=3968285 tid=3968285 inv=13 hid=4e691a1ac652a1b3 depth=2 name=chip.run.runner_run.device_wall ts=0 dur=1777974 clk=dev
[mono_ns=83722774672985][T0x7b8da775f740][TIMING] emit_host_span: [STRACE] v=1 pid=3968285 tid=3968285 inv=13 hid=4e691a1ac652a1b3 depth=3 name=chip.run.runner_run.device_wall.preamble ts=0 dur=14750 clk=dev
[mono_ns=83722774674718][T0x7b8da775f740][TIMING] emit_host_span: [STRACE] v=1 pid=3968285 tid=3968285 inv=13 hid=4e691a1ac652a1b3 depth=3 name=chip.run.runner_run.device_wall.graph_build ts=3042 dur=1769520 clk=dev
[mono_ns=83722774676590][T0x7b8da775f740][TIMING] emit_host_span: [STRACE] v=1 pid=3968285 tid=3968285 inv=13 hid=4e691a1ac652a1b3 depth=3 name=chip.run.runner_run.device_wall.config_validate ts=3657 dur=814 clk=dev
[mono_ns=83722774689920][T0x7b8da775f740][TIMING] emit_host_span: [STRACE] v=1 pid=3968285 tid=3968285 inv=13 hid=4e691a1ac652a1b3 depth=3 name=chip.run.runner_run.device_wall.arena_wire ts=4632 dur=2200 clk=dev
[mono_ns=83722774691773][T0x7b8da775f740][TIMING] emit_host_span: [STRACE] v=1 pid=3968285 tid=3968285 inv=13 hid=4e691a1ac652a1b3 depth=3 name=chip.run.runner_run.device_wall.sm_reset ts=6849 dur=3211 clk=dev
[mono_ns=83722774692985][T0x7b8da775f740][TIMING] emit_host_span: [STRACE] v=1 pid=3968285 tid=3968285 inv=13 hid=4e691a1ac652a1b3 depth=3 name=chip.run.runner_run.device_wall.post_orch ts=1772652 dur=4952 clk=dev
[mono_ns=83722774694187][T0x7b8da775f740][TIMING] emit_host_span: [STRACE] v=1 pid=3968285 tid=3968285 inv=13 hid=4e691a1ac652a1b3 depth=3 name=chip.run.runner_run.device_wall.orch ts=10139 dur=1286540 clk=dev
[mono_ns=83722774695399][T0x7b8da775f740][TIMING] emit_host_span: [STRACE] v=1 pid=3968285 tid=3968285 inv=13 hid=4e691a1ac652a1b3 depth=3 name=chip.run.runner_run.device_wall.sched ts=14257 dur=1743484 clk=dev
[mono_ns=83722774697342][T0x7b8da775f740][TIMING] emit_host_span: [STRACE] v=1 pid=3968285 tid=3968285 inv=13 hid=4e691a1ac652a1b3 depth=1 name=chip.run.claim_release ts=83722774696711 dur=110 
[mono_ns=83722774699725][T0x7b8da775f740][TIMING] emit_host_span: [STRACE] v=1 pid=3968285 tid=3968285 inv=13 hid=4e691a1ac652a1b3 depth=0 name=chip.run ts=83722606555324 dur=168144041 run_id=0 dispatch_id=0 slot_id=0 generation=13 run_epoch=13
[mono_ns=83722941717175][T0x7b8da775f740][TIMING] emit_host_span: [STRACE] v=1 pid=3968285 tid=3968285 inv=14 hid=4e691a1ac652a1b3 depth=2 name=chip.run.bind.args ts=83722775090982 dur=166622357 
[mono_ns=83722941757896][T0x7b8da775f740][TIMING] emit_host_span: [STRACE] v=1 pid=3968285 tid=3968285 inv=14 hid=4e691a1ac652a1b3 depth=2 name=chip.run.bind.prebuilt ts=83722941753219 dur=4346 
[mono_ns=83722941763054][T0x7b8da775f740][TIMING] emit_host_span: [STRACE] v=1 pid=3968285 tid=3968285 inv=14 hid=4e691a1ac652a1b3 depth=1 name=chip.run.bind ts=83722775084523 dur=166677870 
[mono_ns=83722946886443][T0x7b8da775f740][WARN] prepare_execution: [device_runner.cpp:342] AICPU CPU_TOPO unavailable; using json_fallback: soc=Ascend950PR_9579 occupy=0x3e stable_reachable=5 requested=0 effective=5 affinity=[1, 2, 3, 4, 5(orch)]
[mono_ns=83722948913766][T0x7b8da775f740][TIMING] emit_host_span: [STRACE] v=1 pid=3968285 tid=3968285 inv=14 hid=4e691a1ac652a1b3 depth=1 name=chip.run.runner_run ts=83722946960104 dur=1953011 
[mono_ns=83722949230802][T0x7b8da775f740][TIMING] emit_host_span: [STRACE] v=1 pid=3968285 tid=3968285 inv=14 hid=4e691a1ac652a1b3 depth=1 name=chip.run.validate ts=83722948923461 dur=306780 
[mono_ns=83722949237933][T0x7b8da775f740][TIMING] emit_host_span: [STRACE] v=1 pid=3968285 tid=3968285 inv=14 hid=4e691a1ac652a1b3 depth=2 name=chip.run.runner_run.device_wall ts=0 dur=1747058 clk=dev
[mono_ns=83722949240206][T0x7b8da775f740][TIMING] emit_host_span: [STRACE] v=1 pid=3968285 tid=3968285 inv=14 hid=4e691a1ac652a1b3 depth=3 name=chip.run.runner_run.device_wall.preamble ts=0 dur=13127 clk=dev
[mono_ns=83722949241668][T0x7b8da775f740][TIMING] emit_host_span: [STRACE] v=1 pid=3968285 tid=3968285 inv=14 hid=4e691a1ac652a1b3 depth=3 name=chip.run.runner_run.device_wall.graph_build ts=3070 dur=1739658 clk=dev
[mono_ns=83722949243551][T0x7b8da775f740][TIMING] emit_host_span: [STRACE] v=1 pid=3968285 tid=3968285 inv=14 hid=4e691a1ac652a1b3 depth=3 name=chip.run.runner_run.device_wall.config_validate ts=3352 dur=1000 clk=dev
[mono_ns=83722949245554][T0x7b8da775f740][TIMING] emit_host_span: [STRACE] v=1 pid=3968285 tid=3968285 inv=14 hid=4e691a1ac652a1b3 depth=3 name=chip.run.runner_run.device_wall.arena_wire ts=4427 dur=1232 clk=dev
[mono_ns=83722949246706][T0x7b8da775f740][TIMING] emit_host_span: [STRACE] v=1 pid=3968285 tid=3968285 inv=14 hid=4e691a1ac652a1b3 depth=3 name=chip.run.runner_run.device_wall.sm_reset ts=5738 dur=2708 clk=dev
[mono_ns=83722949247868][T0x7b8da775f740][TIMING] emit_host_span: [STRACE] v=1 pid=3968285 tid=3968285 inv=14 hid=4e691a1ac652a1b3 depth=3 name=chip.run.runner_run.device_wall.post_orch ts=1742975 dur=4043 clk=dev
[mono_ns=83722949260357][T0x7b8da775f740][TIMING] emit_host_span: [STRACE] v=1 pid=3968285 tid=3968285 inv=14 hid=4e691a1ac652a1b3 depth=3 name=chip.run.runner_run.device_wall.orch ts=8582 dur=1304828 clk=dev
[mono_ns=83722949262039][T0x7b8da775f740][TIMING] emit_host_span: [STRACE] v=1 pid=3968285 tid=3968285 inv=14 hid=4e691a1ac652a1b3 depth=3 name=chip.run.runner_run.device_wall.sched ts=12902 dur=1716665 clk=dev
[mono_ns=83722949263802][T0x7b8da775f740][TIMING] emit_host_span: [STRACE] v=1 pid=3968285 tid=3968285 inv=14 hid=4e691a1ac652a1b3 depth=1 name=chip.run.claim_release ts=83722949263221 dur=90 
[mono_ns=83722949265474][T0x7b8da775f740][TIMING] emit_host_span: [STRACE] v=1 pid=3968285 tid=3968285 inv=14 hid=4e691a1ac652a1b3 depth=0 name=chip.run ts=83722775076370 dur=174188784 run_id=0 dispatch_id=0 slot_id=0 generation=14 run_epoch=14
[mono_ns=83723120438551][T0x7b8da775f740][TIMING] emit_host_span: [STRACE] v=1 pid=3968285 tid=3968285 inv=15 hid=4e691a1ac652a1b3 depth=2 name=chip.run.bind.args ts=83722949592044 dur=170842221 
[mono_ns=83723120486593][T0x7b8da775f740][TIMING] emit_host_span: [STRACE] v=1 pid=3968285 tid=3968285 inv=15 hid=4e691a1ac652a1b3 depth=2 name=chip.run.bind.prebuilt ts=83723120481706 dur=4557 
[mono_ns=83723120491791][T0x7b8da775f740][TIMING] emit_host_span: [STRACE] v=1 pid=3968285 tid=3968285 inv=15 hid=4e691a1ac652a1b3 depth=1 name=chip.run.bind ts=83722949586596 dur=170904664 
[mono_ns=83723125632297][T0x7b8da775f740][WARN] prepare_execution: [device_runner.cpp:342] AICPU CPU_TOPO unavailable; using json_fallback: soc=Ascend950PR_9579 occupy=0x3e stable_reachable=5 requested=0 effective=5 affinity=[1, 2, 3, 4, 5(orch)]
[mono_ns=83723127600781][T0x7b8da775f740][TIMING] emit_host_span: [STRACE] v=1 pid=3968285 tid=3968285 inv=15 hid=4e691a1ac652a1b3 depth=1 name=chip.run.runner_run ts=83723125703954 dur=1896166 
[mono_ns=83723127898278][T0x7b8da775f740][TIMING] emit_host_span: [STRACE] v=1 pid=3968285 tid=3968285 inv=15 hid=4e691a1ac652a1b3 depth=1 name=chip.run.validate ts=83723127611998 dur=285679 
[mono_ns=83723127904647][T0x7b8da775f740][TIMING] emit_host_span: [STRACE] v=1 pid=3968285 tid=3968285 inv=15 hid=4e691a1ac652a1b3 depth=2 name=chip.run.runner_run.device_wall ts=0 dur=1691487 clk=dev
[mono_ns=83723127906991][T0x7b8da775f740][TIMING] emit_host_span: [STRACE] v=1 pid=3968285 tid=3968285 inv=15 hid=4e691a1ac652a1b3 depth=3 name=chip.run.runner_run.device_wall.preamble ts=0 dur=12525 clk=dev
[mono_ns=83723127908894][T0x7b8da775f740][TIMING] emit_host_span: [STRACE] v=1 pid=3968285 tid=3968285 inv=15 hid=4e691a1ac652a1b3 depth=3 name=chip.run.runner_run.device_wall.graph_build ts=2379 dur=1683314 clk=dev
[mono_ns=83723127911508][T0x7b8da775f740][TIMING] emit_host_span: [STRACE] v=1 pid=3968285 tid=3968285 inv=15 hid=4e691a1ac652a1b3 depth=3 name=chip.run.runner_run.device_wall.config_validate ts=2952 dur=851 clk=dev
[mono_ns=83723127912890][T0x7b8da775f740][TIMING] emit_host_span: [STRACE] v=1 pid=3968285 tid=3968285 inv=15 hid=4e691a1ac652a1b3 depth=3 name=chip.run.runner_run.device_wall.arena_wire ts=3977 dur=2037 clk=dev
[mono_ns=83723127914081][T0x7b8da775f740][TIMING] emit_host_span: [STRACE] v=1 pid=3968285 tid=3968285 inv=15 hid=4e691a1ac652a1b3 depth=3 name=chip.run.runner_run.device_wall.sm_reset ts=6031 dur=3202 clk=dev
[mono_ns=83723127915233][T0x7b8da775f740][TIMING] emit_host_span: [STRACE] v=1 pid=3968285 tid=3968285 inv=15 hid=4e691a1ac652a1b3 depth=3 name=chip.run.runner_run.device_wall.post_orch ts=1685810 dur=5280 clk=dev
[mono_ns=83723127916385][T0x7b8da775f740][TIMING] emit_host_span: [STRACE] v=1 pid=3968285 tid=3968285 inv=15 hid=4e691a1ac652a1b3 depth=3 name=chip.run.runner_run.device_wall.orch ts=9374 dur=1280668 clk=dev
[mono_ns=83723127917507][T0x7b8da775f740][TIMING] emit_host_span: [STRACE] v=1 pid=3968285 tid=3968285 inv=15 hid=4e691a1ac652a1b3 depth=3 name=chip.run.runner_run.device_wall.sched ts=11907 dur=1658637 clk=dev
[mono_ns=83723127929595][T0x7b8da775f740][TIMING] emit_host_span: [STRACE] v=1 pid=3968285 tid=3968285 inv=15 hid=4e691a1ac652a1b3 depth=1 name=chip.run.claim_release ts=83723127929174 dur=120 
[mono_ns=83723127931938][T0x7b8da775f740][TIMING] emit_host_span: [STRACE] v=1 pid=3968285 tid=3968285 inv=15 hid=4e691a1ac652a1b3 depth=0 name=chip.run ts=83722949580036 dur=178351552 run_id=0 dispatch_id=0 slot_id=0 generation=15 run_epoch=15
[mono_ns=83723298535460][T0x7b8da775f740][TIMING] emit_host_span: [STRACE] v=1 pid=3968285 tid=3968285 inv=16 hid=4e691a1ac652a1b3 depth=2 name=chip.run.bind.args ts=83723128305389 dur=170227237 
[mono_ns=83723298573938][T0x7b8da775f740][TIMING] emit_host_span: [STRACE] v=1 pid=3968285 tid=3968285 inv=16 hid=4e691a1ac652a1b3 depth=2 name=chip.run.bind.prebuilt ts=83723298570152 dur=3476 
[mono_ns=83723298576612][T0x7b8da775f740][TIMING] emit_host_span: [STRACE] v=1 pid=3968285 tid=3968285 inv=16 hid=4e691a1ac652a1b3 depth=1 name=chip.run.bind ts=83723128299530 dur=170276551 
[mono_ns=83723303758259][T0x7b8da775f740][WARN] prepare_execution: [device_runner.cpp:342] AICPU CPU_TOPO unavailable; using json_fallback: soc=Ascend950PR_9579 occupy=0x3e stable_reachable=5 requested=0 effective=5 affinity=[1, 2, 3, 4, 5(orch)]
[mono_ns=83723305761376][T0x7b8da775f740][TIMING] emit_host_span: [STRACE] v=1 pid=3968285 tid=3968285 inv=16 hid=4e691a1ac652a1b3 depth=1 name=chip.run.runner_run ts=83723303829266 dur=1931349 
[mono_ns=83723306074376][T0x7b8da775f740][TIMING] emit_host_span: [STRACE] v=1 pid=3968285 tid=3968285 inv=16 hid=4e691a1ac652a1b3 depth=1 name=chip.run.validate ts=83723305771361 dur=302454 
[mono_ns=83723306082067][T0x7b8da775f740][TIMING] emit_host_span: [STRACE] v=1 pid=3968285 tid=3968285 inv=16 hid=4e691a1ac652a1b3 depth=2 name=chip.run.runner_run.device_wall ts=0 dur=1734263 clk=dev
[mono_ns=83723306084441][T0x7b8da775f740][TIMING] emit_host_span: [STRACE] v=1 pid=3968285 tid=3968285 inv=16 hid=4e691a1ac652a1b3 depth=3 name=chip.run.runner_run.device_wall.preamble ts=0 dur=12260 clk=dev
[mono_ns=83723306087045][T0x7b8da775f740][TIMING] emit_host_span: [STRACE] v=1 pid=3968285 tid=3968285 inv=16 hid=4e691a1ac652a1b3 depth=3 name=chip.run.runner_run.device_wall.graph_build ts=2291 dur=1726647 clk=dev
[mono_ns=83723306089038][T0x7b8da775f740][TIMING] emit_host_span: [STRACE] v=1 pid=3968285 tid=3968285 inv=16 hid=4e691a1ac652a1b3 depth=3 name=chip.run.runner_run.device_wall.config_validate ts=2733 dur=839 clk=dev
[mono_ns=83723306090750][T0x7b8da775f740][TIMING] emit_host_span: [STRACE] v=1 pid=3968285 tid=3968285 inv=16 hid=4e691a1ac652a1b3 depth=3 name=chip.run.runner_run.device_wall.arena_wire ts=3756 dur=1843 clk=dev
[mono_ns=83723306091922][T0x7b8da775f740][TIMING] emit_host_span: [STRACE] v=1 pid=3968285 tid=3968285 inv=16 hid=4e691a1ac652a1b3 depth=3 name=chip.run.runner_run.device_wall.sm_reset ts=5820 dur=2663 clk=dev
[mono_ns=83723306093054][T0x7b8da775f740][TIMING] emit_host_span: [STRACE] v=1 pid=3968285 tid=3968285 inv=16 hid=4e691a1ac652a1b3 depth=3 name=chip.run.runner_run.device_wall.post_orch ts=1729050 dur=4814 clk=dev
[mono_ns=83723306094185][T0x7b8da775f740][TIMING] emit_host_span: [STRACE] v=1 pid=3968285 tid=3968285 inv=16 hid=4e691a1ac652a1b3 depth=3 name=chip.run.runner_run.device_wall.orch ts=8915 dur=1285370 clk=dev
[mono_ns=83723306095307][T0x7b8da775f740][TIMING] emit_host_span: [STRACE] v=1 pid=3968285 tid=3968285 inv=16 hid=4e691a1ac652a1b3 depth=3 name=chip.run.runner_run.device_wall.sched ts=12016 dur=1701456 clk=dev
[mono_ns=83723306096909][T0x7b8da775f740][TIMING] emit_host_span: [STRACE] v=1 pid=3968285 tid=3968285 inv=16 hid=4e691a1ac652a1b3 depth=1 name=chip.run.claim_release ts=83723306096339 dur=80 
[mono_ns=83723306098652][T0x7b8da775f740][TIMING] emit_host_span: [STRACE] v=1 pid=3968285 tid=3968285 inv=16 hid=4e691a1ac652a1b3 depth=0 name=chip.run ts=83723128293491 dur=177804821 run_id=0 dispatch_id=0 slot_id=0 generation=16 run_epoch=16
[mono_ns=83723473845527][T0x7b8da775f740][TIMING] emit_host_span: [STRACE] v=1 pid=3968285 tid=3968285 inv=17 hid=4e691a1ac652a1b3 depth=2 name=chip.run.bind.args ts=83723306442238 dur=167397560 
[mono_ns=83723473909503][T0x7b8da775f740][TIMING] emit_host_span: [STRACE] v=1 pid=3968285 tid=3968285 inv=17 hid=4e691a1ac652a1b3 depth=2 name=chip.run.bind.prebuilt ts=83723473899908 dur=9004 
[mono_ns=83723473912888][T0x7b8da775f740][TIMING] emit_host_span: [STRACE] v=1 pid=3968285 tid=3968285 inv=17 hid=4e691a1ac652a1b3 depth=1 name=chip.run.bind ts=83723306436579 dur=167475778 
[mono_ns=83723479075887][T0x7b8da775f740][WARN] prepare_execution: [device_runner.cpp:342] AICPU CPU_TOPO unavailable; using json_fallback: soc=Ascend950PR_9579 occupy=0x3e stable_reachable=5 requested=0 effective=5 affinity=[1, 2, 3, 4, 5(orch)]
[mono_ns=83723481042769][T0x7b8da775f740][TIMING] emit_host_span: [STRACE] v=1 pid=3968285 tid=3968285 inv=17 hid=4e691a1ac652a1b3 depth=1 name=chip.run.runner_run ts=83723479152011 dur=1890067 
[mono_ns=83723481346845][T0x7b8da775f740][TIMING] emit_host_span: [STRACE] v=1 pid=3968285 tid=3968285 inv=17 hid=4e691a1ac652a1b3 depth=1 name=chip.run.validate ts=83723481052373 dur=293902 
[mono_ns=83723481353676][T0x7b8da775f740][TIMING] emit_host_span: [STRACE] v=1 pid=3968285 tid=3968285 inv=17 hid=4e691a1ac652a1b3 depth=2 name=chip.run.runner_run.device_wall ts=0 dur=1681947 clk=dev
[mono_ns=83723481355719][T0x7b8da775f740][TIMING] emit_host_span: [STRACE] v=1 pid=3968285 tid=3968285 inv=17 hid=4e691a1ac652a1b3 depth=3 name=chip.run.runner_run.device_wall.preamble ts=0 dur=12558 clk=dev
[mono_ns=83723481357762][T0x7b8da775f740][TIMING] emit_host_span: [STRACE] v=1 pid=3968285 tid=3968285 inv=17 hid=4e691a1ac652a1b3 depth=3 name=chip.run.runner_run.device_wall.graph_build ts=2556 dur=1674050 clk=dev
[mono_ns=83723481360246][T0x7b8da775f740][TIMING] emit_host_span: [STRACE] v=1 pid=3968285 tid=3968285 inv=17 hid=4e691a1ac652a1b3 depth=3 name=chip.run.runner_run.device_wall.config_validate ts=2955 dur=1043 clk=dev
[mono_ns=83723481361898][T0x7b8da775f740][TIMING] emit_host_span: [STRACE] v=1 pid=3968285 tid=3968285 inv=17 hid=4e691a1ac652a1b3 depth=3 name=chip.run.runner_run.device_wall.arena_wire ts=4033 dur=2230 clk=dev
[mono_ns=83723481363060][T0x7b8da775f740][TIMING] emit_host_span: [STRACE] v=1 pid=3968285 tid=3968285 inv=17 hid=4e691a1ac652a1b3 depth=3 name=chip.run.runner_run.device_wall.sm_reset ts=6528 dur=2368 clk=dev
[mono_ns=83723481364212][T0x7b8da775f740][TIMING] emit_host_span: [STRACE] v=1 pid=3968285 tid=3968285 inv=17 hid=4e691a1ac652a1b3 depth=3 name=chip.run.runner_run.device_wall.post_orch ts=1676637 dur=4889 clk=dev
[mono_ns=83723481365353][T0x7b8da775f740][TIMING] emit_host_span: [STRACE] v=1 pid=3968285 tid=3968285 inv=17 hid=4e691a1ac652a1b3 depth=3 name=chip.run.runner_run.device_wall.orch ts=9268 dur=1270540 clk=dev
[mono_ns=83723481366475][T0x7b8da775f740][TIMING] emit_host_span: [STRACE] v=1 pid=3968285 tid=3968285 inv=17 hid=4e691a1ac652a1b3 depth=3 name=chip.run.runner_run.device_wall.sched ts=12670 dur=1647912 clk=dev
[mono_ns=83723481367937][T0x7b8da775f740][TIMING] emit_host_span: [STRACE] v=1 pid=3968285 tid=3968285 inv=17 hid=4e691a1ac652a1b3 depth=1 name=chip.run.claim_release ts=83723481367547 dur=110 
[mono_ns=83723481369890][T0x7b8da775f740][TIMING] emit_host_span: [STRACE] v=1 pid=3968285 tid=3968285 inv=17 hid=4e691a1ac652a1b3 depth=0 name=chip.run ts=83723306429459 dur=174940050 run_id=0 dispatch_id=0 slot_id=0 generation=17 run_epoch=17
[mono_ns=83723663381134][T0x7b8da775f740][TIMING] emit_host_span: [STRACE] v=1 pid=3968285 tid=3968285 inv=18 hid=4e691a1ac652a1b3 depth=2 name=chip.run.bind.args ts=83723481848138 dur=181529441 
[mono_ns=83723663424239][T0x7b8da775f740][TIMING] emit_host_span: [STRACE] v=1 pid=3968285 tid=3968285 inv=18 hid=4e691a1ac652a1b3 depth=2 name=chip.run.bind.prebuilt ts=83723663418951 dur=4747 
[mono_ns=83723663427454][T0x7b8da775f740][TIMING] emit_host_span: [STRACE] v=1 pid=3968285 tid=3968285 inv=18 hid=4e691a1ac652a1b3 depth=1 name=chip.run.bind ts=83723481842890 dur=181584053 
[mono_ns=83723668614109][T0x7b8da775f740][WARN] prepare_execution: [device_runner.cpp:342] AICPU CPU_TOPO unavailable; using json_fallback: soc=Ascend950PR_9579 occupy=0x3e stable_reachable=5 requested=0 effective=5 affinity=[1, 2, 3, 4, 5(orch)]
[mono_ns=83723670563134][T0x7b8da775f740][TIMING] emit_host_span: [STRACE] v=1 pid=3968285 tid=3968285 inv=18 hid=4e691a1ac652a1b3 depth=1 name=chip.run.runner_run ts=83723668695961 dur=1866332 
[mono_ns=83723670862123][T0x7b8da775f740][TIMING] emit_host_span: [STRACE] v=1 pid=3968285 tid=3968285 inv=18 hid=4e691a1ac652a1b3 depth=1 name=chip.run.validate ts=83723670576634 dur=285108 
[mono_ns=83723670869033][T0x7b8da775f740][TIMING] emit_host_span: [STRACE] v=1 pid=3968285 tid=3968285 inv=18 hid=4e691a1ac652a1b3 depth=2 name=chip.run.runner_run.device_wall ts=0 dur=1668572 clk=dev
[mono_ns=83723670870936][T0x7b8da775f740][TIMING] emit_host_span: [STRACE] v=1 pid=3968285 tid=3968285 inv=18 hid=4e691a1ac652a1b3 depth=3 name=chip.run.runner_run.device_wall.preamble ts=0 dur=13831 clk=dev
[mono_ns=83723670872348][T0x7b8da775f740][TIMING] emit_host_span: [STRACE] v=1 pid=3968285 tid=3968285 inv=18 hid=4e691a1ac652a1b3 depth=3 name=chip.run.runner_run.device_wall.graph_build ts=3013 dur=1660538 clk=dev
[mono_ns=83723670873800][T0x7b8da775f740][TIMING] emit_host_span: [STRACE] v=1 pid=3968285 tid=3968285 inv=18 hid=4e691a1ac652a1b3 depth=3 name=chip.run.runner_run.device_wall.config_validate ts=3416 dur=1328 clk=dev
[mono_ns=83723670876404][T0x7b8da775f740][TIMING] emit_host_span: [STRACE] v=1 pid=3968285 tid=3968285 inv=18 hid=4e691a1ac652a1b3 depth=3 name=chip.run.runner_run.device_wall.arena_wire ts=4775 dur=2105 clk=dev
[mono_ns=83723670877766][T0x7b8da775f740][TIMING] emit_host_span: [STRACE] v=1 pid=3968285 tid=3968285 inv=18 hid=4e691a1ac652a1b3 depth=3 name=chip.run.runner_run.device_wall.sm_reset ts=6900 dur=2909 clk=dev
[mono_ns=83723670878898][T0x7b8da775f740][TIMING] emit_host_span: [STRACE] v=1 pid=3968285 tid=3968285 inv=18 hid=4e691a1ac652a1b3 depth=3 name=chip.run.runner_run.device_wall.post_orch ts=1663877 dur=4138 clk=dev
[mono_ns=83723670880039][T0x7b8da775f740][TIMING] emit_host_span: [STRACE] v=1 pid=3968285 tid=3968285 inv=18 hid=4e691a1ac652a1b3 depth=3 name=chip.run.runner_run.device_wall.orch ts=9845 dur=1299016 clk=dev
[mono_ns=83723670881181][T0x7b8da775f740][TIMING] emit_host_span: [STRACE] v=1 pid=3968285 tid=3968285 inv=18 hid=4e691a1ac652a1b3 depth=3 name=chip.run.runner_run.device_wall.sched ts=13381 dur=1636538 clk=dev
[mono_ns=83723670882653][T0x7b8da775f740][TIMING] emit_host_span: [STRACE] v=1 pid=3968285 tid=3968285 inv=18 hid=4e691a1ac652a1b3 depth=1 name=chip.run.claim_release ts=83723670882253 dur=90 
[mono_ns=83723670884727][T0x7b8da775f740][TIMING] emit_host_span: [STRACE] v=1 pid=3968285 tid=3968285 inv=18 hid=4e691a1ac652a1b3 depth=0 name=chip.run ts=83723481837111 dur=189047245 run_id=0 dispatch_id=0 slot_id=0 generation=18 run_epoch=18
[mono_ns=83723816759623][T0x7b8da775f740][TIMING] emit_host_span: [STRACE] v=1 pid=3968285 tid=3968285 inv=19 hid=4e691a1ac652a1b3 depth=2 name=chip.run.bind.args ts=83723671247661 dur=145508347 
[mono_ns=83723816815497][T0x7b8da775f740][TIMING] emit_host_span: [STRACE] v=1 pid=3968285 tid=3968285 inv=19 hid=4e691a1ac652a1b3 depth=2 name=chip.run.bind.prebuilt ts=83723816810900 dur=4036 
[mono_ns=83723816819944][T0x7b8da775f740][TIMING] emit_host_span: [STRACE] v=1 pid=3968285 tid=3968285 inv=19 hid=4e691a1ac652a1b3 depth=1 name=chip.run.bind ts=83723671241742 dur=145577520 
[mono_ns=83723821922482][T0x7b8da775f740][WARN] prepare_execution: [device_runner.cpp:342] AICPU CPU_TOPO unavailable; using json_fallback: soc=Ascend950PR_9579 occupy=0x3e stable_reachable=5 requested=0 effective=5 affinity=[1, 2, 3, 4, 5(orch)]
[mono_ns=83723824031918][T0x7b8da775f740][TIMING] emit_host_span: [STRACE] v=1 pid=3968285 tid=3968285 inv=19 hid=4e691a1ac652a1b3 depth=1 name=chip.run.runner_run ts=83723821998035 dur=2032691 
[mono_ns=83723824340511][T0x7b8da775f740][TIMING] emit_host_span: [STRACE] v=1 pid=3968285 tid=3968285 inv=19 hid=4e691a1ac652a1b3 depth=1 name=chip.run.validate ts=83723824044056 dur=295814 
[mono_ns=83723824363185][T0x7b8da775f740][TIMING] emit_host_span: [STRACE] v=1 pid=3968285 tid=3968285 inv=19 hid=4e691a1ac652a1b3 depth=2 name=chip.run.runner_run.device_wall ts=0 dur=1808713 clk=dev
[mono_ns=83723824365148][T0x7b8da775f740][TIMING] emit_host_span: [STRACE] v=1 pid=3968285 tid=3968285 inv=19 hid=4e691a1ac652a1b3 depth=3 name=chip.run.runner_run.device_wall.preamble ts=0 dur=13187 clk=dev
[mono_ns=83723824367111][T0x7b8da775f740][TIMING] emit_host_span: [STRACE] v=1 pid=3968285 tid=3968285 inv=19 hid=4e691a1ac652a1b3 depth=3 name=chip.run.runner_run.device_wall.graph_build ts=3194 dur=1800535 clk=dev
[mono_ns=83723824370406][T0x7b8da775f740][TIMING] emit_host_span: [STRACE] v=1 pid=3968285 tid=3968285 inv=19 hid=4e691a1ac652a1b3 depth=3 name=chip.run.runner_run.device_wall.config_validate ts=3636 dur=717 clk=dev
[mono_ns=83723824372299][T0x7b8da775f740][TIMING] emit_host_span: [STRACE] v=1 pid=3968285 tid=3968285 inv=19 hid=4e691a1ac652a1b3 depth=3 name=chip.run.runner_run.device_wall.arena_wire ts=4500 dur=1756 clk=dev
[mono_ns=83723824373631][T0x7b8da775f740][TIMING] emit_host_span: [STRACE] v=1 pid=3968285 tid=3968285 inv=19 hid=4e691a1ac652a1b3 depth=3 name=chip.run.runner_run.device_wall.sm_reset ts=6272 dur=2195 clk=dev
[mono_ns=83723824374763][T0x7b8da775f740][TIMING] emit_host_span: [STRACE] v=1 pid=3968285 tid=3968285 inv=19 hid=4e691a1ac652a1b3 depth=3 name=chip.run.runner_run.device_wall.post_orch ts=1804099 dur=3965 clk=dev
[mono_ns=83723824375914][T0x7b8da775f740][TIMING] emit_host_span: [STRACE] v=1 pid=3968285 tid=3968285 inv=19 hid=4e691a1ac652a1b3 depth=3 name=chip.run.runner_run.device_wall.orch ts=8585 dur=1304449 clk=dev
[mono_ns=83723824377066][T0x7b8da775f740][TIMING] emit_host_span: [STRACE] v=1 pid=3968285 tid=3968285 inv=19 hid=4e691a1ac652a1b3 depth=3 name=chip.run.runner_run.device_wall.sched ts=12895 dur=1776723 clk=dev
[mono_ns=83723824378799][T0x7b8da775f740][TIMING] emit_host_span: [STRACE] v=1 pid=3968285 tid=3968285 inv=19 hid=4e691a1ac652a1b3 depth=1 name=chip.run.claim_release ts=83723824378158 dur=120 
[mono_ns=83723824380922][T0x7b8da775f740][TIMING] emit_host_span: [STRACE] v=1 pid=3968285 tid=3968285 inv=19 hid=4e691a1ac652a1b3 depth=0 name=chip.run ts=83723671235503 dur=153145038 run_id=0 dispatch_id=0 slot_id=0 generation=19 run_epoch=19
[mono_ns=83723996755292][T0x7b8da775f740][TIMING] emit_host_span: [STRACE] v=1 pid=3968285 tid=3968285 inv=20 hid=4e691a1ac652a1b3 depth=2 name=chip.run.bind.args ts=83723824776546 dur=171975030 
[mono_ns=83723996806889][T0x7b8da775f740][TIMING] emit_host_span: [STRACE] v=1 pid=3968285 tid=3968285 inv=20 hid=4e691a1ac652a1b3 depth=2 name=chip.run.bind.prebuilt ts=83723996801932 dur=4437 
[mono_ns=83723996810545][T0x7b8da775f740][TIMING] emit_host_span: [STRACE] v=1 pid=3968285 tid=3968285 inv=20 hid=4e691a1ac652a1b3 depth=1 name=chip.run.bind ts=83723824772420 dur=172037424 
[mono_ns=83724001949628][T0x7b8da775f740][WARN] prepare_execution: [device_runner.cpp:342] AICPU CPU_TOPO unavailable; using json_fallback: soc=Ascend950PR_9579 occupy=0x3e stable_reachable=5 requested=0 effective=5 affinity=[1, 2, 3, 4, 5(orch)]
[mono_ns=83724003980647][T0x7b8da775f740][TIMING] emit_host_span: [STRACE] v=1 pid=3968285 tid=3968285 inv=20 hid=4e691a1ac652a1b3 depth=1 name=chip.run.runner_run ts=83724002024170 dur=1955776 
[mono_ns=83724004304172][T0x7b8da775f740][TIMING] emit_host_span: [STRACE] v=1 pid=3968285 tid=3968285 inv=20 hid=4e691a1ac652a1b3 depth=1 name=chip.run.validate ts=83724003992364 dur=311388 
[mono_ns=83724004311563][T0x7b8da775f740][TIMING] emit_host_span: [STRACE] v=1 pid=3968285 tid=3968285 inv=20 hid=4e691a1ac652a1b3 depth=2 name=chip.run.runner_run.device_wall ts=0 dur=1733636 clk=dev
[mono_ns=83724004313877][T0x7b8da775f740][TIMING] emit_host_span: [STRACE] v=1 pid=3968285 tid=3968285 inv=20 hid=4e691a1ac652a1b3 depth=3 name=chip.run.runner_run.device_wall.preamble ts=0 dur=13536 clk=dev
[mono_ns=83724004315289][T0x7b8da775f740][TIMING] emit_host_span: [STRACE] v=1 pid=3968285 tid=3968285 inv=20 hid=4e691a1ac652a1b3 depth=3 name=chip.run.runner_run.device_wall.graph_build ts=2785 dur=1726175 clk=dev
[mono_ns=83724004323111][T0x7b8da775f740][TIMING] emit_host_span: [STRACE] v=1 pid=3968285 tid=3968285 inv=20 hid=4e691a1ac652a1b3 depth=3 name=chip.run.runner_run.device_wall.config_validate ts=3239 dur=1210 clk=dev
[mono_ns=83724004324513][T0x7b8da775f740][TIMING] emit_host_span: [STRACE] v=1 pid=3968285 tid=3968285 inv=20 hid=4e691a1ac652a1b3 depth=3 name=chip.run.runner_run.device_wall.arena_wire ts=4475 dur=1975 clk=dev
[mono_ns=83724004325624][T0x7b8da775f740][TIMING] emit_host_span: [STRACE] v=1 pid=3968285 tid=3968285 inv=20 hid=4e691a1ac652a1b3 depth=3 name=chip.run.runner_run.device_wall.sm_reset ts=6476 dur=3142 clk=dev
[mono_ns=83724004326746][T0x7b8da775f740][TIMING] emit_host_span: [STRACE] v=1 pid=3968285 tid=3968285 inv=20 hid=4e691a1ac652a1b3 depth=3 name=chip.run.runner_run.device_wall.post_orch ts=1729229 dur=4330 clk=dev
[mono_ns=83724004327888][T0x7b8da775f740][TIMING] emit_host_span: [STRACE] v=1 pid=3968285 tid=3968285 inv=20 hid=4e691a1ac652a1b3 depth=3 name=chip.run.runner_run.device_wall.orch ts=10084 dur=1312115 clk=dev
[mono_ns=83724004332064][T0x7b8da775f740][TIMING] emit_host_span: [STRACE] v=1 pid=3968285 tid=3968285 inv=20 hid=4e691a1ac652a1b3 depth=3 name=chip.run.runner_run.device_wall.sched ts=13045 dur=1704058 clk=dev
[mono_ns=83724004334488][T0x7b8da775f740][TIMING] emit_host_span: [STRACE] v=1 pid=3968285 tid=3968285 inv=20 hid=4e691a1ac652a1b3 depth=1 name=chip.run.claim_release ts=83724004334067 dur=110 
[mono_ns=83724004336901][T0x7b8da775f740][TIMING] emit_host_span: [STRACE] v=1 pid=3968285 tid=3968285 inv=20 hid=4e691a1ac652a1b3 depth=0 name=chip.run ts=83723824766881 dur=179569640 run_id=0 dispatch_id=0 slot_id=0 generation=20 run_epoch=20
[mono_ns=83724191506948][T0x7b8da775f740][TIMING] emit_host_span: [STRACE] v=1 pid=3968285 tid=3968285 inv=21 hid=4e691a1ac652a1b3 depth=2 name=chip.run.bind.args ts=83724004704012 dur=186799201 
[mono_ns=83724191582412][T0x7b8da775f740][TIMING] emit_host_span: [STRACE] v=1 pid=3968285 tid=3968285 inv=21 hid=4e691a1ac652a1b3 depth=2 name=chip.run.bind.prebuilt ts=83724191573779 dur=8292 
[mono_ns=83724191585536][T0x7b8da775f740][TIMING] emit_host_span: [STRACE] v=1 pid=3968285 tid=3968285 inv=21 hid=4e691a1ac652a1b3 depth=1 name=chip.run.bind ts=83724004699606 dur=186885249 
[mono_ns=83724196762326][T0x7b8da775f740][WARN] prepare_execution: [device_runner.cpp:342] AICPU CPU_TOPO unavailable; using json_fallback: soc=Ascend950PR_9579 occupy=0x3e stable_reachable=5 requested=0 effective=5 affinity=[1, 2, 3, 4, 5(orch)]
[mono_ns=83724198773856][T0x7b8da775f740][TIMING] emit_host_span: [STRACE] v=1 pid=3968285 tid=3968285 inv=21 hid=4e691a1ac652a1b3 depth=1 name=chip.run.runner_run ts=83724196833984 dur=1938930 
[mono_ns=83724199156340][T0x7b8da775f740][TIMING] emit_host_span: [STRACE] v=1 pid=3968285 tid=3968285 inv=21 hid=4e691a1ac652a1b3 depth=1 name=chip.run.validate ts=83724198783490 dur=372459 
[mono_ns=83724199163981][T0x7b8da775f740][TIMING] emit_host_span: [STRACE] v=1 pid=3968285 tid=3968285 inv=21 hid=4e691a1ac652a1b3 depth=2 name=chip.run.runner_run.device_wall ts=0 dur=1712629 clk=dev
[mono_ns=83724199166004][T0x7b8da775f740][TIMING] emit_host_span: [STRACE] v=1 pid=3968285 tid=3968285 inv=21 hid=4e691a1ac652a1b3 depth=3 name=chip.run.runner_run.device_wall.preamble ts=0 dur=13528 clk=dev
[mono_ns=83724199167576][T0x7b8da775f740][TIMING] emit_host_span: [STRACE] v=1 pid=3968285 tid=3968285 inv=21 hid=4e691a1ac652a1b3 depth=3 name=chip.run.runner_run.device_wall.graph_build ts=2132 dur=1705960 clk=dev
[mono_ns=83724199169289][T0x7b8da775f740][TIMING] emit_host_span: [STRACE] v=1 pid=3968285 tid=3968285 inv=21 hid=4e691a1ac652a1b3 depth=3 name=chip.run.runner_run.device_wall.config_validate ts=2616 dur=967 clk=dev
[mono_ns=83724199171102][T0x7b8da775f740][TIMING] emit_host_span: [STRACE] v=1 pid=3968285 tid=3968285 inv=21 hid=4e691a1ac652a1b3 depth=3 name=chip.run.runner_run.device_wall.arena_wire ts=3619 dur=1841 clk=dev
[mono_ns=83724199179304][T0x7b8da775f740][TIMING] emit_host_span: [STRACE] v=1 pid=3968285 tid=3968285 inv=21 hid=4e691a1ac652a1b3 depth=3 name=chip.run.runner_run.device_wall.sm_reset ts=5479 dur=2832 clk=dev
[mono_ns=83724199180446][T0x7b8da775f740][TIMING] emit_host_span: [STRACE] v=1 pid=3968285 tid=3968285 inv=21 hid=4e691a1ac652a1b3 depth=3 name=chip.run.runner_run.device_wall.post_orch ts=1708247 dur=3987 clk=dev
[mono_ns=83724199184652][T0x7b8da775f740][TIMING] emit_host_span: [STRACE] v=1 pid=3968285 tid=3968285 inv=21 hid=4e691a1ac652a1b3 depth=3 name=chip.run.runner_run.device_wall.orch ts=8433 dur=1295907 clk=dev
[mono_ns=83724199186495][T0x7b8da775f740][TIMING] emit_host_span: [STRACE] v=1 pid=3968285 tid=3968285 inv=21 hid=4e691a1ac652a1b3 depth=3 name=chip.run.runner_run.device_wall.sched ts=13271 dur=1683826 clk=dev
[mono_ns=83724199188338][T0x7b8da775f740][TIMING] emit_host_span: [STRACE] v=1 pid=3968285 tid=3968285 inv=21 hid=4e691a1ac652a1b3 depth=1 name=chip.run.claim_release ts=83724199187737 dur=110 
[mono_ns=83724199190170][T0x7b8da775f740][TIMING] emit_host_span: [STRACE] v=1 pid=3968285 tid=3968285 inv=21 hid=4e691a1ac652a1b3 depth=0 name=chip.run ts=83724004694778 dur=194495022 run_id=0 dispatch_id=0 slot_id=0 generation=21 run_epoch=21
[mono_ns=83724371508066][T0x7b8da775f740][TIMING] emit_host_span: [STRACE] v=1 pid=3968285 tid=3968285 inv=22 hid=4e691a1ac652a1b3 depth=2 name=chip.run.bind.args ts=83724199899525 dur=171604485 
[mono_ns=83724371554575][T0x7b8da775f740][TIMING] emit_host_span: [STRACE] v=1 pid=3968285 tid=3968285 inv=22 hid=4e691a1ac652a1b3 depth=2 name=chip.run.bind.prebuilt ts=83724371549177 dur=4647 
[mono_ns=83724371558381][T0x7b8da775f740][TIMING] emit_host_span: [STRACE] v=1 pid=3968285 tid=3968285 inv=22 hid=4e691a1ac652a1b3 depth=1 name=chip.run.bind ts=83724199895289 dur=171662441 
[mono_ns=83724376737535][T0x7b8da775f740][WARN] prepare_execution: [device_runner.cpp:342] AICPU CPU_TOPO unavailable; using json_fallback: soc=Ascend950PR_9579 occupy=0x3e stable_reachable=5 requested=0 effective=5 affinity=[1, 2, 3, 4, 5(orch)]
[mono_ns=83724378826029][T0x7b8da775f740][TIMING] emit_host_span: [STRACE] v=1 pid=3968285 tid=3968285 inv=22 hid=4e691a1ac652a1b3 depth=1 name=chip.run.runner_run ts=83724376805467 dur=2019851 
[mono_ns=83724379131488][T0x7b8da775f740][TIMING] emit_host_span: [STRACE] v=1 pid=3968285 tid=3968285 inv=22 hid=4e691a1ac652a1b3 depth=1 name=chip.run.validate ts=83724378836355 dur=294742 
[mono_ns=83724379139350][T0x7b8da775f740][TIMING] emit_host_span: [STRACE] v=1 pid=3968285 tid=3968285 inv=22 hid=4e691a1ac652a1b3 depth=2 name=chip.run.runner_run.device_wall ts=0 dur=1805529 clk=dev
[mono_ns=83724379141323][T0x7b8da775f740][TIMING] emit_host_span: [STRACE] v=1 pid=3968285 tid=3968285 inv=22 hid=4e691a1ac652a1b3 depth=3 name=chip.run.runner_run.device_wall.preamble ts=0 dur=14900 clk=dev
[mono_ns=83724379143035][T0x7b8da775f740][TIMING] emit_host_span: [STRACE] v=1 pid=3968285 tid=3968285 inv=22 hid=4e691a1ac652a1b3 depth=3 name=chip.run.runner_run.device_wall.graph_build ts=3397 dur=1797968 clk=dev
[mono_ns=83724379145819][T0x7b8da775f740][TIMING] emit_host_span: [STRACE] v=1 pid=3968285 tid=3968285 inv=22 hid=4e691a1ac652a1b3 depth=3 name=chip.run.runner_run.device_wall.config_validate ts=3844 dur=1440 clk=dev
[mono_ns=83724379147642][T0x7b8da775f740][TIMING] emit_host_span: [STRACE] v=1 pid=3968285 tid=3968285 inv=22 hid=4e691a1ac652a1b3 depth=3 name=chip.run.runner_run.device_wall.arena_wire ts=5311 dur=1992 clk=dev
[mono_ns=83724379149014][T0x7b8da775f740][TIMING] emit_host_span: [STRACE] v=1 pid=3968285 tid=3968285 inv=22 hid=4e691a1ac652a1b3 depth=3 name=chip.run.runner_run.device_wall.sm_reset ts=7323 dur=2795 clk=dev
[mono_ns=83724379150156][T0x7b8da775f740][TIMING] emit_host_span: [STRACE] v=1 pid=3968285 tid=3968285 inv=22 hid=4e691a1ac652a1b3 depth=3 name=chip.run.runner_run.device_wall.post_orch ts=1801401 dur=3585 clk=dev
[mono_ns=83724379151308][T0x7b8da775f740][TIMING] emit_host_span: [STRACE] v=1 pid=3968285 tid=3968285 inv=22 hid=4e691a1ac652a1b3 depth=3 name=chip.run.runner_run.device_wall.orch ts=10203 dur=1293453 clk=dev
[mono_ns=83724379161052][T0x7b8da775f740][TIMING] emit_host_span: [STRACE] v=1 pid=3968285 tid=3968285 inv=22 hid=4e691a1ac652a1b3 depth=3 name=chip.run.runner_run.device_wall.sched ts=14865 dur=1773888 clk=dev
[mono_ns=83724379163346][T0x7b8da775f740][TIMING] emit_host_span: [STRACE] v=1 pid=3968285 tid=3968285 inv=22 hid=4e691a1ac652a1b3 depth=1 name=chip.run.claim_release ts=83724379162735 dur=110 
[mono_ns=83724379165148][T0x7b8da775f740][TIMING] emit_host_span: [STRACE] v=1 pid=3968285 tid=3968285 inv=22 hid=4e691a1ac652a1b3 depth=0 name=chip.run ts=83724199889861 dur=179274937 run_id=0 dispatch_id=0 slot_id=0 generation=22 run_epoch=22
[mono_ns=83724549916152][T0x7b8da775f740][TIMING] emit_host_span: [STRACE] v=1 pid=3968285 tid=3968285 inv=23 hid=4e691a1ac652a1b3 depth=2 name=chip.run.bind.args ts=83724379526060 dur=170387638 
[mono_ns=83724549954960][T0x7b8da775f740][TIMING] emit_host_span: [STRACE] v=1 pid=3968285 tid=3968285 inv=23 hid=4e691a1ac652a1b3 depth=2 name=chip.run.bind.prebuilt ts=83724549951084 dur=3556 
[mono_ns=83724549957324][T0x7b8da775f740][TIMING] emit_host_span: [STRACE] v=1 pid=3968285 tid=3968285 inv=23 hid=4e691a1ac652a1b3 depth=1 name=chip.run.bind ts=83724379521283 dur=170435550 
[mono_ns=83724555110518][T0x7b8da775f740][WARN] prepare_execution: [device_runner.cpp:342] AICPU CPU_TOPO unavailable; using json_fallback: soc=Ascend950PR_9579 occupy=0x3e stable_reachable=5 requested=0 effective=5 affinity=[1, 2, 3, 4, 5(orch)]
[mono_ns=83724557101216][T0x7b8da775f740][TIMING] emit_host_span: [STRACE] v=1 pid=3968285 tid=3968285 inv=23 hid=4e691a1ac652a1b3 depth=1 name=chip.run.runner_run ts=83724555179371 dur=1921154 
[mono_ns=83724557406174][T0x7b8da775f740][TIMING] emit_host_span: [STRACE] v=1 pid=3968285 tid=3968285 inv=23 hid=4e691a1ac652a1b3 depth=1 name=chip.run.validate ts=83724557109999 dur=295764 
[mono_ns=83724557413214][T0x7b8da775f740][TIMING] emit_host_span: [STRACE] v=1 pid=3968285 tid=3968285 inv=23 hid=4e691a1ac652a1b3 depth=2 name=chip.run.runner_run.device_wall ts=0 dur=1705020 clk=dev
[mono_ns=83724557415337][T0x7b8da775f740][TIMING] emit_host_span: [STRACE] v=1 pid=3968285 tid=3968285 inv=23 hid=4e691a1ac652a1b3 depth=3 name=chip.run.runner_run.device_wall.preamble ts=0 dur=14411 clk=dev
[mono_ns=83724557417280][T0x7b8da775f740][TIMING] emit_host_span: [STRACE] v=1 pid=3968285 tid=3968285 inv=23 hid=4e691a1ac652a1b3 depth=3 name=chip.run.runner_run.device_wall.graph_build ts=2935 dur=1697469 clk=dev
[mono_ns=83724557419554][T0x7b8da775f740][TIMING] emit_host_span: [STRACE] v=1 pid=3968285 tid=3968285 inv=23 hid=4e691a1ac652a1b3 depth=3 name=chip.run.runner_run.device_wall.config_validate ts=3258 dur=1408 clk=dev
[mono_ns=83724557421196][T0x7b8da775f740][TIMING] emit_host_span: [STRACE] v=1 pid=3968285 tid=3968285 inv=23 hid=4e691a1ac652a1b3 depth=3 name=chip.run.runner_run.device_wall.arena_wire ts=4690 dur=1583 clk=dev
[mono_ns=83724557422338][T0x7b8da775f740][TIMING] emit_host_span: [STRACE] v=1 pid=3968285 tid=3968285 inv=23 hid=4e691a1ac652a1b3 depth=3 name=chip.run.runner_run.device_wall.sm_reset ts=6388 dur=3040 clk=dev
[mono_ns=83724557423480][T0x7b8da775f740][TIMING] emit_host_span: [STRACE] v=1 pid=3968285 tid=3968285 inv=23 hid=4e691a1ac652a1b3 depth=3 name=chip.run.runner_run.device_wall.post_orch ts=1700446 dur=4109 clk=dev
[mono_ns=83724557424611][T0x7b8da775f740][TIMING] emit_host_span: [STRACE] v=1 pid=3968285 tid=3968285 inv=23 hid=4e691a1ac652a1b3 depth=3 name=chip.run.runner_run.device_wall.orch ts=9517 dur=1282060 clk=dev
[mono_ns=83724557425753][T0x7b8da775f740][TIMING] emit_host_span: [STRACE] v=1 pid=3968285 tid=3968285 inv=23 hid=4e691a1ac652a1b3 depth=3 name=chip.run.runner_run.device_wall.sched ts=14368 dur=1675339 clk=dev
[mono_ns=83724557427406][T0x7b8da775f740][TIMING] emit_host_span: [STRACE] v=1 pid=3968285 tid=3968285 inv=23 hid=4e691a1ac652a1b3 depth=1 name=chip.run.claim_release ts=83724557426805 dur=80 
[mono_ns=83724557429228][T0x7b8da775f740][TIMING] emit_host_span: [STRACE] v=1 pid=3968285 tid=3968285 inv=23 hid=4e691a1ac652a1b3 depth=0 name=chip.run ts=83724379516626 dur=177912252 run_id=0 dispatch_id=0 slot_id=0 generation=23 run_epoch=23
[mono_ns=83724732265493][T0x7b8da775f740][TIMING] emit_host_span: [STRACE] v=1 pid=3968285 tid=3968285 inv=24 hid=4e691a1ac652a1b3 depth=2 name=chip.run.bind.args ts=83724557775027 dur=174487782 
[mono_ns=83724732307747][T0x7b8da775f740][TIMING] emit_host_span: [STRACE] v=1 pid=3968285 tid=3968285 inv=24 hid=4e691a1ac652a1b3 depth=2 name=chip.run.bind.prebuilt ts=83724732303601 dur=3805 
[mono_ns=83724732310691][T0x7b8da775f740][TIMING] emit_host_span: [STRACE] v=1 pid=3968285 tid=3968285 inv=24 hid=4e691a1ac652a1b3 depth=1 name=chip.run.bind ts=83724557770481 dur=174539790 
[mono_ns=83724737627882][T0x7b8da775f740][WARN] prepare_execution: [device_runner.cpp:342] AICPU CPU_TOPO unavailable; using json_fallback: soc=Ascend950PR_9579 occupy=0x3e stable_reachable=5 requested=0 effective=5 affinity=[1, 2, 3, 4, 5(orch)]
[mono_ns=83724739617839][T0x7b8da775f740][TIMING] emit_host_span: [STRACE] v=1 pid=3968285 tid=3968285 inv=24 hid=4e691a1ac652a1b3 depth=1 name=chip.run.runner_run ts=83724737714322 dur=1902605 
[mono_ns=83724739936477][T0x7b8da775f740][TIMING] emit_host_span: [STRACE] v=1 pid=3968285 tid=3968285 inv=24 hid=4e691a1ac652a1b3 depth=1 name=chip.run.validate ts=83724739628184 dur=307652 
[mono_ns=83724739942977][T0x7b8da775f740][TIMING] emit_host_span: [STRACE] v=1 pid=3968285 tid=3968285 inv=24 hid=4e691a1ac652a1b3 depth=2 name=chip.run.runner_run.device_wall ts=0 dur=1679623 clk=dev
[mono_ns=83724739945000][T0x7b8da775f740][TIMING] emit_host_span: [STRACE] v=1 pid=3968285 tid=3968285 inv=24 hid=4e691a1ac652a1b3 depth=3 name=chip.run.runner_run.device_wall.preamble ts=0 dur=13543 clk=dev
[mono_ns=83724739946782][T0x7b8da775f740][TIMING] emit_host_span: [STRACE] v=1 pid=3968285 tid=3968285 inv=24 hid=4e691a1ac652a1b3 depth=3 name=chip.run.runner_run.device_wall.graph_build ts=3021 dur=1670945 clk=dev
[mono_ns=83724739949416][T0x7b8da775f740][TIMING] emit_host_span: [STRACE] v=1 pid=3968285 tid=3968285 inv=24 hid=4e691a1ac652a1b3 depth=3 name=chip.run.runner_run.device_wall.config_validate ts=3330 dur=1020 clk=dev
[mono_ns=83724739951319][T0x7b8da775f740][TIMING] emit_host_span: [STRACE] v=1 pid=3968285 tid=3968285 inv=24 hid=4e691a1ac652a1b3 depth=3 name=chip.run.runner_run.device_wall.arena_wire ts=4371 dur=1813 clk=dev
[mono_ns=83724739952781][T0x7b8da775f740][TIMING] emit_host_span: [STRACE] v=1 pid=3968285 tid=3968285 inv=24 hid=4e691a1ac652a1b3 depth=3 name=chip.run.runner_run.device_wall.sm_reset ts=6223 dur=3121 clk=dev
[mono_ns=83724739954013][T0x7b8da775f740][TIMING] emit_host_span: [STRACE] v=1 pid=3968285 tid=3968285 inv=24 hid=4e691a1ac652a1b3 depth=3 name=chip.run.runner_run.device_wall.post_orch ts=1674012 dur=4853 clk=dev
[mono_ns=83724739955265][T0x7b8da775f740][TIMING] emit_host_span: [STRACE] v=1 pid=3968285 tid=3968285 inv=24 hid=4e691a1ac652a1b3 depth=3 name=chip.run.runner_run.device_wall.orch ts=9380 dur=1276727 clk=dev
[mono_ns=83724739956507][T0x7b8da775f740][TIMING] emit_host_span: [STRACE] v=1 pid=3968285 tid=3968285 inv=24 hid=4e691a1ac652a1b3 depth=3 name=chip.run.runner_run.device_wall.sched ts=13591 dur=1647101 clk=dev
[mono_ns=83724739957969][T0x7b8da775f740][TIMING] emit_host_span: [STRACE] v=1 pid=3968285 tid=3968285 inv=24 hid=4e691a1ac652a1b3 depth=1 name=chip.run.claim_release ts=83724739957589 dur=70 
[mono_ns=83724739960122][T0x7b8da775f740][TIMING] emit_host_span: [STRACE] v=1 pid=3968285 tid=3968285 inv=24 hid=4e691a1ac652a1b3 depth=0 name=chip.run ts=83724557765924 dur=182193798 run_id=0 dispatch_id=0 slot_id=0 generation=24 run_epoch=24
[mono_ns=83724923543957][T0x7b8da775f740][TIMING] emit_host_span: [STRACE] v=1 pid=3968285 tid=3968285 inv=25 hid=4e691a1ac652a1b3 depth=2 name=chip.run.bind.args ts=83724740281114 dur=183260900 
[mono_ns=83724923574012][T0x7b8da775f740][TIMING] emit_host_span: [STRACE] v=1 pid=3968285 tid=3968285 inv=25 hid=4e691a1ac652a1b3 depth=2 name=chip.run.bind.prebuilt ts=83724923569676 dur=3805 
[mono_ns=83724923584498][T0x7b8da775f740][TIMING] emit_host_span: [STRACE] v=1 pid=3968285 tid=3968285 inv=25 hid=4e691a1ac652a1b3 depth=1 name=chip.run.bind ts=83724740277679 dur=183306328 
[mono_ns=83724928734698][T0x7b8da775f740][WARN] prepare_execution: [device_runner.cpp:342] AICPU CPU_TOPO unavailable; using json_fallback: soc=Ascend950PR_9579 occupy=0x3e stable_reachable=5 requested=0 effective=5 affinity=[1, 2, 3, 4, 5(orch)]
[mono_ns=83724930702461][T0x7b8da775f740][TIMING] emit_host_span: [STRACE] v=1 pid=3968285 tid=3968285 inv=25 hid=4e691a1ac652a1b3 depth=1 name=chip.run.runner_run ts=83724928808208 dur=1893582 
[mono_ns=83724931026277][T0x7b8da775f740][TIMING] emit_host_span: [STRACE] v=1 pid=3968285 tid=3968285 inv=25 hid=4e691a1ac652a1b3 depth=1 name=chip.run.validate ts=83724930711645 dur=314252 
[mono_ns=83724931033989][T0x7b8da775f740][TIMING] emit_host_span: [STRACE] v=1 pid=3968285 tid=3968285 inv=25 hid=4e691a1ac652a1b3 depth=2 name=chip.run.runner_run.device_wall ts=0 dur=1678428 clk=dev
[mono_ns=83724931035892][T0x7b8da775f740][TIMING] emit_host_span: [STRACE] v=1 pid=3968285 tid=3968285 inv=25 hid=4e691a1ac652a1b3 depth=3 name=chip.run.runner_run.device_wall.preamble ts=0 dur=13815 clk=dev
[mono_ns=83724931037154][T0x7b8da775f740][TIMING] emit_host_span: [STRACE] v=1 pid=3968285 tid=3968285 inv=25 hid=4e691a1ac652a1b3 depth=3 name=chip.run.runner_run.device_wall.graph_build ts=3399 dur=1670370 clk=dev
[mono_ns=83724931038335][T0x7b8da775f740][TIMING] emit_host_span: [STRACE] v=1 pid=3968285 tid=3968285 inv=25 hid=4e691a1ac652a1b3 depth=3 name=chip.run.runner_run.device_wall.config_validate ts=3914 dur=981 clk=dev
[mono_ns=83724931039527][T0x7b8da775f740][TIMING] emit_host_span: [STRACE] v=1 pid=3968285 tid=3968285 inv=25 hid=4e691a1ac652a1b3 depth=3 name=chip.run.runner_run.device_wall.arena_wire ts=4928 dur=2274 clk=dev
[mono_ns=83724931040669][T0x7b8da775f740][TIMING] emit_host_span: [STRACE] v=1 pid=3968285 tid=3968285 inv=25 hid=4e691a1ac652a1b3 depth=3 name=chip.run.runner_run.device_wall.sm_reset ts=7298 dur=2590 clk=dev
[mono_ns=83724931042061][T0x7b8da775f740][TIMING] emit_host_span: [STRACE] v=1 pid=3968285 tid=3968285 inv=25 hid=4e691a1ac652a1b3 depth=3 name=chip.run.runner_run.device_wall.post_orch ts=1673814 dur=4170 clk=dev
[mono_ns=83724931043934][T0x7b8da775f740][TIMING] emit_host_span: [STRACE] v=1 pid=3968285 tid=3968285 inv=25 hid=4e691a1ac652a1b3 depth=3 name=chip.run.runner_run.device_wall.orch ts=9992 dur=1309303 clk=dev
[mono_ns=83724931045306][T0x7b8da775f740][TIMING] emit_host_span: [STRACE] v=1 pid=3968285 tid=3968285 inv=25 hid=4e691a1ac652a1b3 depth=3 name=chip.run.runner_run.device_wall.sched ts=13944 dur=1646903 clk=dev
[mono_ns=83724931046858][T0x7b8da775f740][TIMING] emit_host_span: [STRACE] v=1 pid=3968285 tid=3968285 inv=25 hid=4e691a1ac652a1b3 depth=1 name=chip.run.claim_release ts=83724931046478 dur=90 
[mono_ns=83724931048661][T0x7b8da775f740][TIMING] emit_host_span: [STRACE] v=1 pid=3968285 tid=3968285 inv=25 hid=4e691a1ac652a1b3 depth=0 name=chip.run ts=83724740274584 dur=190773736 run_id=0 dispatch_id=0 slot_id=0 generation=25 run_epoch=25
[mono_ns=83725088454615][T0x7b8da775f740][TIMING] emit_host_span: [STRACE] v=1 pid=3968285 tid=3968285 inv=26 hid=4e691a1ac652a1b3 depth=2 name=chip.run.bind.args ts=83724931372998 dur=157078973 
[mono_ns=83725088487965][T0x7b8da775f740][TIMING] emit_host_span: [STRACE] v=1 pid=3968285 tid=3968285 inv=26 hid=4e691a1ac652a1b3 depth=2 name=chip.run.bind.prebuilt ts=83725088484339 dur=3315 
[mono_ns=83725088490889][T0x7b8da775f740][TIMING] emit_host_span: [STRACE] v=1 pid=3968285 tid=3968285 inv=26 hid=4e691a1ac652a1b3 depth=1 name=chip.run.bind ts=83724931368451 dur=157121927 
[mono_ns=83725093693738][T0x7b8da775f740][WARN] prepare_execution: [device_runner.cpp:342] AICPU CPU_TOPO unavailable; using json_fallback: soc=Ascend950PR_9579 occupy=0x3e stable_reachable=5 requested=0 effective=5 affinity=[1, 2, 3, 4, 5(orch)]
[mono_ns=83725095653029][T0x7b8da775f740][TIMING] emit_host_span: [STRACE] v=1 pid=3968285 tid=3968285 inv=26 hid=4e691a1ac652a1b3 depth=1 name=chip.run.runner_run ts=83725093765826 dur=1886362 
[mono_ns=83725095964747][T0x7b8da775f740][TIMING] emit_host_span: [STRACE] v=1 pid=3968285 tid=3968285 inv=26 hid=4e691a1ac652a1b3 depth=1 name=chip.run.validate ts=83725095673670 dur=290686 
[mono_ns=83725095972268][T0x7b8da775f740][TIMING] emit_host_span: [STRACE] v=1 pid=3968285 tid=3968285 inv=26 hid=4e691a1ac652a1b3 depth=2 name=chip.run.runner_run.device_wall ts=0 dur=1664096 clk=dev
[mono_ns=83725095974441][T0x7b8da775f740][TIMING] emit_host_span: [STRACE] v=1 pid=3968285 tid=3968285 inv=26 hid=4e691a1ac652a1b3 depth=3 name=chip.run.runner_run.device_wall.preamble ts=0 dur=12603 clk=dev
[mono_ns=83725095976564][T0x7b8da775f740][TIMING] emit_host_span: [STRACE] v=1 pid=3968285 tid=3968285 inv=26 hid=4e691a1ac652a1b3 depth=3 name=chip.run.runner_run.device_wall.graph_build ts=2922 dur=1656467 clk=dev
[mono_ns=83725095979399][T0x7b8da775f740][TIMING] emit_host_span: [STRACE] v=1 pid=3968285 tid=3968285 inv=26 hid=4e691a1ac652a1b3 depth=3 name=chip.run.runner_run.device_wall.config_validate ts=3052 dur=1769 clk=dev
[mono_ns=83725095980801][T0x7b8da775f740][TIMING] emit_host_span: [STRACE] v=1 pid=3968285 tid=3968285 inv=26 hid=4e691a1ac652a1b3 depth=3 name=chip.run.runner_run.device_wall.arena_wire ts=4848 dur=2117 clk=dev
[mono_ns=83725095981932][T0x7b8da775f740][TIMING] emit_host_span: [STRACE] v=1 pid=3968285 tid=3968285 inv=26 hid=4e691a1ac652a1b3 depth=3 name=chip.run.runner_run.device_wall.sm_reset ts=6982 dur=2465 clk=dev
[mono_ns=83725095983054][T0x7b8da775f740][TIMING] emit_host_span: [STRACE] v=1 pid=3968285 tid=3968285 inv=26 hid=4e691a1ac652a1b3 depth=3 name=chip.run.runner_run.device_wall.post_orch ts=1659753 dur=4216 clk=dev
[mono_ns=83725095984206][T0x7b8da775f740][TIMING] emit_host_span: [STRACE] v=1 pid=3968285 tid=3968285 inv=26 hid=4e691a1ac652a1b3 depth=3 name=chip.run.runner_run.device_wall.orch ts=9706 dur=1289760 clk=dev
[mono_ns=83725095985328][T0x7b8da775f740][TIMING] emit_host_span: [STRACE] v=1 pid=3968285 tid=3968285 inv=26 hid=4e691a1ac652a1b3 depth=3 name=chip.run.runner_run.device_wall.sched ts=12744 dur=1633939 clk=dev
[mono_ns=83725095986950][T0x7b8da775f740][TIMING] emit_host_span: [STRACE] v=1 pid=3968285 tid=3968285 inv=26 hid=4e691a1ac652a1b3 depth=1 name=chip.run.claim_release ts=83725095986529 dur=111 
[mono_ns=83725095988683][T0x7b8da775f740][TIMING] emit_host_span: [STRACE] v=1 pid=3968285 tid=3968285 inv=26 hid=4e691a1ac652a1b3 depth=0 name=chip.run ts=83724931363173 dur=164625149 run_id=0 dispatch_id=0 slot_id=0 generation=26 run_epoch=26
[mono_ns=83725264912664][T0x7b8da775f740][TIMING] emit_host_span: [STRACE] v=1 pid=3968285 tid=3968285 inv=27 hid=4e691a1ac652a1b3 depth=2 name=chip.run.bind.args ts=83725096343034 dur=168568098 
[mono_ns=83725264946024][T0x7b8da775f740][TIMING] emit_host_span: [STRACE] v=1 pid=3968285 tid=3968285 inv=27 hid=4e691a1ac652a1b3 depth=2 name=chip.run.bind.prebuilt ts=83725264940896 dur=4597 
[mono_ns=83725264949389][T0x7b8da775f740][TIMING] emit_host_span: [STRACE] v=1 pid=3968285 tid=3968285 inv=27 hid=4e691a1ac652a1b3 depth=1 name=chip.run.bind ts=83725096337727 dur=168611161 
[mono_ns=83725270127391][T0x7b8da775f740][WARN] prepare_execution: [device_runner.cpp:342] AICPU CPU_TOPO unavailable; using json_fallback: soc=Ascend950PR_9579 occupy=0x3e stable_reachable=5 requested=0 effective=5 affinity=[1, 2, 3, 4, 5(orch)]
[mono_ns=83725272088895][T0x7b8da775f740][TIMING] emit_host_span: [STRACE] v=1 pid=3968285 tid=3968285 inv=27 hid=4e691a1ac652a1b3 depth=1 name=chip.run.runner_run ts=83725270198297 dur=1889576 
[mono_ns=83725272379471][T0x7b8da775f740][TIMING] emit_host_span: [STRACE] v=1 pid=3968285 tid=3968285 inv=27 hid=4e691a1ac652a1b3 depth=1 name=chip.run.validate ts=83725272099771 dur=279099 
[mono_ns=83725272386512][T0x7b8da775f740][TIMING] emit_host_span: [STRACE] v=1 pid=3968285 tid=3968285 inv=27 hid=4e691a1ac652a1b3 depth=2 name=chip.run.runner_run.device_wall ts=0 dur=1672049 clk=dev
[mono_ns=83725272394243][T0x7b8da775f740][TIMING] emit_host_span: [STRACE] v=1 pid=3968285 tid=3968285 inv=27 hid=4e691a1ac652a1b3 depth=3 name=chip.run.runner_run.device_wall.preamble ts=0 dur=14897 clk=dev
[mono_ns=83725272395906][T0x7b8da775f740][TIMING] emit_host_span: [STRACE] v=1 pid=3968285 tid=3968285 inv=27 hid=4e691a1ac652a1b3 depth=3 name=chip.run.runner_run.device_wall.graph_build ts=3652 dur=1662812 clk=dev
[mono_ns=83725272397358][T0x7b8da775f740][TIMING] emit_host_span: [STRACE] v=1 pid=3968285 tid=3968285 inv=27 hid=4e691a1ac652a1b3 depth=3 name=chip.run.runner_run.device_wall.config_validate ts=3982 dur=1157 clk=dev
[mono_ns=83725272398540][T0x7b8da775f740][TIMING] emit_host_span: [STRACE] v=1 pid=3968285 tid=3968285 inv=27 hid=4e691a1ac652a1b3 depth=3 name=chip.run.runner_run.device_wall.arena_wire ts=5163 dur=1936 clk=dev
[mono_ns=83725272399691][T0x7b8da775f740][TIMING] emit_host_span: [STRACE] v=1 pid=3968285 tid=3968285 inv=27 hid=4e691a1ac652a1b3 depth=3 name=chip.run.runner_run.device_wall.sm_reset ts=7159 dur=2954 clk=dev
[mono_ns=83725272400843][T0x7b8da775f740][TIMING] emit_host_span: [STRACE] v=1 pid=3968285 tid=3968285 inv=27 hid=4e691a1ac652a1b3 depth=3 name=chip.run.runner_run.device_wall.post_orch ts=1666685 dur=4814 clk=dev
[mono_ns=83725272402576][T0x7b8da775f740][TIMING] emit_host_span: [STRACE] v=1 pid=3968285 tid=3968285 inv=27 hid=4e691a1ac652a1b3 depth=3 name=chip.run.runner_run.device_wall.orch ts=10142 dur=1287643 clk=dev
[mono_ns=83725272405570][T0x7b8da775f740][TIMING] emit_host_span: [STRACE] v=1 pid=3968285 tid=3968285 inv=27 hid=4e691a1ac652a1b3 depth=3 name=chip.run.runner_run.device_wall.sched ts=15410 dur=1638979 clk=dev
[mono_ns=83725272407623][T0x7b8da775f740][TIMING] emit_host_span: [STRACE] v=1 pid=3968285 tid=3968285 inv=27 hid=4e691a1ac652a1b3 depth=1 name=chip.run.claim_release ts=83725272407243 dur=100 
[mono_ns=83725272409456][T0x7b8da775f740][TIMING] emit_host_span: [STRACE] v=1 pid=3968285 tid=3968285 inv=27 hid=4e691a1ac652a1b3 depth=0 name=chip.run ts=83725096333029 dur=176076056 run_id=0 dispatch_id=0 slot_id=0 generation=27 run_epoch=27
[mono_ns=83725473265975][T0x7b8da775f740][TIMING] emit_host_span: [STRACE] v=1 pid=3968285 tid=3968285 inv=28 hid=4e691a1ac652a1b3 depth=2 name=chip.run.bind.args ts=83725272740303 dur=200521827 
[mono_ns=83725473309431][T0x7b8da775f740][TIMING] emit_host_span: [STRACE] v=1 pid=3968285 tid=3968285 inv=28 hid=4e691a1ac652a1b3 depth=2 name=chip.run.bind.prebuilt ts=83725473304613 dur=4277 
[mono_ns=83725473313857][T0x7b8da775f740][TIMING] emit_host_span: [STRACE] v=1 pid=3968285 tid=3968285 inv=28 hid=4e691a1ac652a1b3 depth=1 name=chip.run.bind ts=83725272734624 dur=200578712 
[mono_ns=83725478507833][T0x7b8da775f740][WARN] prepare_execution: [device_runner.cpp:342] AICPU CPU_TOPO unavailable; using json_fallback: soc=Ascend950PR_9579 occupy=0x3e stable_reachable=5 requested=0 effective=5 affinity=[1, 2, 3, 4, 5(orch)]
[mono_ns=83725480445071][T0x7b8da775f740][TIMING] emit_host_span: [STRACE] v=1 pid=3968285 tid=3968285 inv=28 hid=4e691a1ac652a1b3 depth=1 name=chip.run.runner_run ts=83725478579060 dur=1865169 
[mono_ns=83725480761035][T0x7b8da775f740][TIMING] emit_host_span: [STRACE] v=1 pid=3968285 tid=3968285 inv=28 hid=4e691a1ac652a1b3 depth=1 name=chip.run.validate ts=83725480458581 dur=301833 
[mono_ns=83725480767995][T0x7b8da775f740][TIMING] emit_host_span: [STRACE] v=1 pid=3968285 tid=3968285 inv=28 hid=4e691a1ac652a1b3 depth=2 name=chip.run.runner_run.device_wall ts=0 dur=1639212 clk=dev
[mono_ns=83725480770349][T0x7b8da775f740][TIMING] emit_host_span: [STRACE] v=1 pid=3968285 tid=3968285 inv=28 hid=4e691a1ac652a1b3 depth=3 name=chip.run.runner_run.device_wall.preamble ts=0 dur=14459 clk=dev
[mono_ns=83725480772282][T0x7b8da775f740][TIMING] emit_host_span: [STRACE] v=1 pid=3968285 tid=3968285 inv=28 hid=4e691a1ac652a1b3 depth=3 name=chip.run.runner_run.device_wall.graph_build ts=3278 dur=1630687 clk=dev
[mono_ns=83725480774595][T0x7b8da775f740][TIMING] emit_host_span: [STRACE] v=1 pid=3968285 tid=3968285 inv=28 hid=4e691a1ac652a1b3 depth=3 name=chip.run.runner_run.device_wall.config_validate ts=3796 dur=1660 clk=dev
[mono_ns=83725480784861][T0x7b8da775f740][TIMING] emit_host_span: [STRACE] v=1 pid=3968285 tid=3968285 inv=28 hid=4e691a1ac652a1b3 depth=3 name=chip.run.runner_run.device_wall.arena_wire ts=5481 dur=1817 clk=dev
[mono_ns=83725480786293][T0x7b8da775f740][TIMING] emit_host_span: [STRACE] v=1 pid=3968285 tid=3968285 inv=28 hid=4e691a1ac652a1b3 depth=3 name=chip.run.runner_run.device_wall.sm_reset ts=7386 dur=3062 clk=dev
[mono_ns=83725480788676][T0x7b8da775f740][TIMING] emit_host_span: [STRACE] v=1 pid=3968285 tid=3968285 inv=28 hid=4e691a1ac652a1b3 depth=3 name=chip.run.runner_run.device_wall.post_orch ts=1634023 dur=4497 clk=dev
[mono_ns=83725480789838][T0x7b8da775f740][TIMING] emit_host_span: [STRACE] v=1 pid=3968285 tid=3968285 inv=28 hid=4e691a1ac652a1b3 depth=3 name=chip.run.runner_run.device_wall.orch ts=11103 dur=1322732 clk=dev
[mono_ns=83725480791180][T0x7b8da775f740][TIMING] emit_host_span: [STRACE] v=1 pid=3968285 tid=3968285 inv=28 hid=4e691a1ac652a1b3 depth=3 name=chip.run.runner_run.device_wall.sched ts=14542 dur=1606633 clk=dev
[mono_ns=83725480792612][T0x7b8da775f740][TIMING] emit_host_span: [STRACE] v=1 pid=3968285 tid=3968285 inv=28 hid=4e691a1ac652a1b3 depth=1 name=chip.run.claim_release ts=83725480792222 dur=100 
[mono_ns=83725480794325][T0x7b8da775f740][TIMING] emit_host_span: [STRACE] v=1 pid=3968285 tid=3968285 inv=28 hid=4e691a1ac652a1b3 depth=0 name=chip.run ts=83725272729677 dur=208064297 run_id=0 dispatch_id=0 slot_id=0 generation=28 run_epoch=28
[mono_ns=83725655517911][T0x7b8da775f740][TIMING] emit_host_span: [STRACE] v=1 pid=3968285 tid=3968285 inv=29 hid=4e691a1ac652a1b3 depth=2 name=chip.run.bind.args ts=83725481188647 dur=174325959 
[mono_ns=83725655569628][T0x7b8da775f740][TIMING] emit_host_span: [STRACE] v=1 pid=3968285 tid=3968285 inv=29 hid=4e691a1ac652a1b3 depth=2 name=chip.run.bind.prebuilt ts=83725655564681 dur=4417 
[mono_ns=83725655574536][T0x7b8da775f740][TIMING] emit_host_span: [STRACE] v=1 pid=3968285 tid=3968285 inv=29 hid=4e691a1ac652a1b3 depth=1 name=chip.run.bind ts=83725481182558 dur=174391407 
[mono_ns=83725660751396][T0x7b8da775f740][WARN] prepare_execution: [device_runner.cpp:342] AICPU CPU_TOPO unavailable; using json_fallback: soc=Ascend950PR_9579 occupy=0x3e stable_reachable=5 requested=0 effective=5 affinity=[1, 2, 3, 4, 5(orch)]
[mono_ns=83725662744698][T0x7b8da775f740][TIMING] emit_host_span: [STRACE] v=1 pid=3968285 tid=3968285 inv=29 hid=4e691a1ac652a1b3 depth=1 name=chip.run.runner_run ts=83725660822222 dur=1921604 
[mono_ns=83725663087122][T0x7b8da775f740][TIMING] emit_host_span: [STRACE] v=1 pid=3968285 tid=3968285 inv=29 hid=4e691a1ac652a1b3 depth=1 name=chip.run.validate ts=83725662754062 dur=332479 
[mono_ns=83725663094643][T0x7b8da775f740][TIMING] emit_host_span: [STRACE] v=1 pid=3968285 tid=3968285 inv=29 hid=4e691a1ac652a1b3 depth=2 name=chip.run.runner_run.device_wall ts=0 dur=1689869 clk=dev
[mono_ns=83725663096736][T0x7b8da775f740][TIMING] emit_host_span: [STRACE] v=1 pid=3968285 tid=3968285 inv=29 hid=4e691a1ac652a1b3 depth=3 name=chip.run.runner_run.device_wall.preamble ts=0 dur=13845 clk=dev
[mono_ns=83725663098439][T0x7b8da775f740][TIMING] emit_host_span: [STRACE] v=1 pid=3968285 tid=3968285 inv=29 hid=4e691a1ac652a1b3 depth=3 name=chip.run.runner_run.device_wall.graph_build ts=3618 dur=1681437 clk=dev
[mono_ns=83725663099861][T0x7b8da775f740][TIMING] emit_host_span: [STRACE] v=1 pid=3968285 tid=3968285 inv=29 hid=4e691a1ac652a1b3 depth=3 name=chip.run.runner_run.device_wall.config_validate ts=3951 dur=1029 clk=dev
[mono_ns=83725663101233][T0x7b8da775f740][TIMING] emit_host_span: [STRACE] v=1 pid=3968285 tid=3968285 inv=29 hid=4e691a1ac652a1b3 depth=3 name=chip.run.runner_run.device_wall.arena_wire ts=5004 dur=2494 clk=dev
[mono_ns=83725663102865][T0x7b8da775f740][TIMING] emit_host_span: [STRACE] v=1 pid=3968285 tid=3968285 inv=29 hid=4e691a1ac652a1b3 depth=3 name=chip.run.runner_run.device_wall.sm_reset ts=7645 dur=3566 clk=dev
[mono_ns=83725663104197][T0x7b8da775f740][TIMING] emit_host_span: [STRACE] v=1 pid=3968285 tid=3968285 inv=29 hid=4e691a1ac652a1b3 depth=3 name=chip.run.runner_run.device_wall.post_orch ts=1685147 dur=3890 clk=dev
[mono_ns=83725663113351][T0x7b8da775f740][TIMING] emit_host_span: [STRACE] v=1 pid=3968285 tid=3968285 inv=29 hid=4e691a1ac652a1b3 depth=3 name=chip.run.runner_run.device_wall.orch ts=11292 dur=1288942 clk=dev
[mono_ns=83725663116516][T0x7b8da775f740][TIMING] emit_host_span: [STRACE] v=1 pid=3968285 tid=3968285 inv=29 hid=4e691a1ac652a1b3 depth=3 name=chip.run.runner_run.device_wall.sched ts=13915 dur=1659962 clk=dev
[mono_ns=83725663118849][T0x7b8da775f740][TIMING] emit_host_span: [STRACE] v=1 pid=3968285 tid=3968285 inv=29 hid=4e691a1ac652a1b3 depth=1 name=chip.run.claim_release ts=83725663118278 dur=231 
[mono_ns=83725663120992][T0x7b8da775f740][TIMING] emit_host_span: [STRACE] v=1 pid=3968285 tid=3968285 inv=29 hid=4e691a1ac652a1b3 depth=0 name=chip.run ts=83725481177891 dur=181942711 run_id=0 dispatch_id=0 slot_id=0 generation=29 run_epoch=29
[mono_ns=83725825257626][T0x7b8da775f740][TIMING] emit_host_span: [STRACE] v=1 pid=3968285 tid=3968285 inv=30 hid=4e691a1ac652a1b3 depth=2 name=chip.run.bind.args ts=83725663485860 dur=161769243 
[mono_ns=83725825291477][T0x7b8da775f740][TIMING] emit_host_span: [STRACE] v=1 pid=3968285 tid=3968285 inv=30 hid=4e691a1ac652a1b3 depth=2 name=chip.run.bind.prebuilt ts=83725825287581 dur=3576 
[mono_ns=83725825294071][T0x7b8da775f740][TIMING] emit_host_span: [STRACE] v=1 pid=3968285 tid=3968285 inv=30 hid=4e691a1ac652a1b3 depth=1 name=chip.run.bind ts=83725663480142 dur=161813619 
[mono_ns=83725830481968][T0x7b8da775f740][WARN] prepare_execution: [device_runner.cpp:342] AICPU CPU_TOPO unavailable; using json_fallback: soc=Ascend950PR_9579 occupy=0x3e stable_reachable=5 requested=0 effective=5 affinity=[1, 2, 3, 4, 5(orch)]
[mono_ns=83725832535510][T0x7b8da775f740][TIMING] emit_host_span: [STRACE] v=1 pid=3968285 tid=3968285 inv=30 hid=4e691a1ac652a1b3 depth=1 name=chip.run.runner_run ts=83725830552103 dur=1982556 
[mono_ns=83725832828400][T0x7b8da775f740][TIMING] emit_host_span: [STRACE] v=1 pid=3968285 tid=3968285 inv=30 hid=4e691a1ac652a1b3 depth=1 name=chip.run.validate ts=83725832545735 dur=282024 
[mono_ns=83725832836211][T0x7b8da775f740][TIMING] emit_host_span: [STRACE] v=1 pid=3968285 tid=3968285 inv=30 hid=4e691a1ac652a1b3 depth=2 name=chip.run.runner_run.device_wall ts=0 dur=1741090 clk=dev
[mono_ns=83725832838184][T0x7b8da775f740][TIMING] emit_host_span: [STRACE] v=1 pid=3968285 tid=3968285 inv=30 hid=4e691a1ac652a1b3 depth=3 name=chip.run.runner_run.device_wall.preamble ts=0 dur=13919 clk=dev
[mono_ns=83725832839907][T0x7b8da775f740][TIMING] emit_host_span: [STRACE] v=1 pid=3968285 tid=3968285 inv=30 hid=4e691a1ac652a1b3 depth=3 name=chip.run.runner_run.device_wall.graph_build ts=3519 dur=1733415 clk=dev
[mono_ns=83725832842521][T0x7b8da775f740][TIMING] emit_host_span: [STRACE] v=1 pid=3968285 tid=3968285 inv=30 hid=4e691a1ac652a1b3 depth=3 name=chip.run.runner_run.device_wall.config_validate ts=3824 dur=799 clk=dev
[mono_ns=83725832843953][T0x7b8da775f740][TIMING] emit_host_span: [STRACE] v=1 pid=3968285 tid=3968285 inv=30 hid=4e691a1ac652a1b3 depth=3 name=chip.run.runner_run.device_wall.arena_wire ts=4650 dur=2319 clk=dev
[mono_ns=83725832845115][T0x7b8da775f740][TIMING] emit_host_span: [STRACE] v=1 pid=3968285 tid=3968285 inv=30 hid=4e691a1ac652a1b3 depth=3 name=chip.run.runner_run.device_wall.sm_reset ts=6987 dur=2877 clk=dev
[mono_ns=83725832846236][T0x7b8da775f740][TIMING] emit_host_span: [STRACE] v=1 pid=3968285 tid=3968285 inv=30 hid=4e691a1ac652a1b3 depth=3 name=chip.run.runner_run.device_wall.post_orch ts=1737033 dur=2969 clk=dev
[mono_ns=83725832847378][T0x7b8da775f740][TIMING] emit_host_span: [STRACE] v=1 pid=3968285 tid=3968285 inv=30 hid=4e691a1ac652a1b3 depth=3 name=chip.run.runner_run.device_wall.orch ts=9996 dur=1325687 clk=dev
[mono_ns=83725832848510][T0x7b8da775f740][TIMING] emit_host_span: [STRACE] v=1 pid=3968285 tid=3968285 inv=30 hid=4e691a1ac652a1b3 depth=3 name=chip.run.runner_run.device_wall.sched ts=13746 dur=1711939 clk=dev
[mono_ns=83725832857503][T0x7b8da775f740][TIMING] emit_host_span: [STRACE] v=1 pid=3968285 tid=3968285 inv=30 hid=4e691a1ac652a1b3 depth=1 name=chip.run.claim_release ts=83725832857033 dur=110 
[mono_ns=83725832859857][T0x7b8da775f740][TIMING] emit_host_span: [STRACE] v=1 pid=3968285 tid=3968285 inv=30 hid=4e691a1ac652a1b3 depth=0 name=chip.run ts=83725663475835 dur=169383651 run_id=0 dispatch_id=0 slot_id=0 generation=30 run_epoch=30
[mono_ns=83726019150334][T0x7b8da775f740][TIMING] emit_host_span: [STRACE] v=1 pid=3968285 tid=3968285 inv=31 hid=4e691a1ac652a1b3 depth=2 name=chip.run.bind.args ts=83725833199316 dur=185948444 
[mono_ns=83726019192086][T0x7b8da775f740][TIMING] emit_host_span: [STRACE] v=1 pid=3968285 tid=3968285 inv=31 hid=4e691a1ac652a1b3 depth=2 name=chip.run.bind.prebuilt ts=83726019188401 dur=3145 
[mono_ns=83726019195572][T0x7b8da775f740][TIMING] emit_host_span: [STRACE] v=1 pid=3968285 tid=3968285 inv=31 hid=4e691a1ac652a1b3 depth=1 name=chip.run.bind ts=83725833194569 dur=186000432 
[mono_ns=83726026767917][T0x7b8da775f740][WARN] prepare_execution: [device_runner.cpp:342] AICPU CPU_TOPO unavailable; using json_fallback: soc=Ascend950PR_9579 occupy=0x3e stable_reachable=5 requested=0 effective=5 affinity=[1, 2, 3, 4, 5(orch)]
[mono_ns=83726028934970][T0x7b8da775f740][TIMING] emit_host_span: [STRACE] v=1 pid=3968285 tid=3968285 inv=31 hid=4e691a1ac652a1b3 depth=1 name=chip.run.runner_run ts=83726026836720 dur=2097238 
[mono_ns=83726029225997][T0x7b8da775f740][TIMING] emit_host_span: [STRACE] v=1 pid=3968285 tid=3968285 inv=31 hid=4e691a1ac652a1b3 depth=1 name=chip.run.validate ts=83726028944774 dur=280802 
[mono_ns=83726029233598][T0x7b8da775f740][TIMING] emit_host_span: [STRACE] v=1 pid=3968285 tid=3968285 inv=31 hid=4e691a1ac652a1b3 depth=2 name=chip.run.runner_run.device_wall ts=0 dur=1870620 clk=dev
[mono_ns=83726029235631][T0x7b8da775f740][TIMING] emit_host_span: [STRACE] v=1 pid=3968285 tid=3968285 inv=31 hid=4e691a1ac652a1b3 depth=3 name=chip.run.runner_run.device_wall.preamble ts=0 dur=15314 clk=dev
[mono_ns=83726029237103][T0x7b8da775f740][TIMING] emit_host_span: [STRACE] v=1 pid=3968285 tid=3968285 inv=31 hid=4e691a1ac652a1b3 depth=3 name=chip.run.runner_run.device_wall.graph_build ts=3413 dur=1861765 clk=dev
[mono_ns=83726029238465][T0x7b8da775f740][TIMING] emit_host_span: [STRACE] v=1 pid=3968285 tid=3968285 inv=31 hid=4e691a1ac652a1b3 depth=3 name=chip.run.runner_run.device_wall.config_validate ts=3766 dur=1037 clk=dev
[mono_ns=83726029239857][T0x7b8da775f740][TIMING] emit_host_span: [STRACE] v=1 pid=3968285 tid=3968285 inv=31 hid=4e691a1ac652a1b3 depth=3 name=chip.run.runner_run.device_wall.arena_wire ts=4836 dur=2146 clk=dev
[mono_ns=83726029240989][T0x7b8da775f740][TIMING] emit_host_span: [STRACE] v=1 pid=3968285 tid=3968285 inv=31 hid=4e691a1ac652a1b3 depth=3 name=chip.run.runner_run.device_wall.sm_reset ts=7002 dur=2565 clk=dev
[mono_ns=83726029243002][T0x7b8da775f740][TIMING] emit_host_span: [STRACE] v=1 pid=3968285 tid=3968285 inv=31 hid=4e691a1ac652a1b3 depth=3 name=chip.run.runner_run.device_wall.post_orch ts=1865253 dur=4417 clk=dev
[mono_ns=83726029244384][T0x7b8da775f740][TIMING] emit_host_span: [STRACE] v=1 pid=3968285 tid=3968285 inv=31 hid=4e691a1ac652a1b3 depth=3 name=chip.run.runner_run.device_wall.orch ts=9670 dur=1274056 clk=dev
[mono_ns=83726029245536][T0x7b8da775f740][TIMING] emit_host_span: [STRACE] v=1 pid=3968285 tid=3968285 inv=31 hid=4e691a1ac652a1b3 depth=3 name=chip.run.runner_run.device_wall.sched ts=15392 dur=1836092 clk=dev
[mono_ns=83726029247008][T0x7b8da775f740][TIMING] emit_host_span: [STRACE] v=1 pid=3968285 tid=3968285 inv=31 hid=4e691a1ac652a1b3 depth=1 name=chip.run.claim_release ts=83726029246597 dur=111 
[mono_ns=83726029248921][T0x7b8da775f740][TIMING] emit_host_span: [STRACE] v=1 pid=3968285 tid=3968285 inv=31 hid=4e691a1ac652a1b3 depth=0 name=chip.run ts=83725833190954 dur=196057586 run_id=0 dispatch_id=0 slot_id=0 generation=31 run_epoch=31
[mono_ns=83726205480370][T0x7b8da775f740][TIMING] emit_host_span: [STRACE] v=1 pid=3968285 tid=3968285 inv=32 hid=4e691a1ac652a1b3 depth=2 name=chip.run.bind.args ts=83726029588411 dur=175889245 
[mono_ns=83726205526710][T0x7b8da775f740][TIMING] emit_host_span: [STRACE] v=1 pid=3968285 tid=3968285 inv=32 hid=4e691a1ac652a1b3 depth=2 name=chip.run.bind.prebuilt ts=83726205522714 dur=3435 
[mono_ns=83726205529664][T0x7b8da775f740][TIMING] emit_host_span: [STRACE] v=1 pid=3968285 tid=3968285 inv=32 hid=4e691a1ac652a1b3 depth=1 name=chip.run.bind ts=83726029583093 dur=175945920 
[mono_ns=83726210621336][T0x7b8da775f740][WARN] prepare_execution: [device_runner.cpp:342] AICPU CPU_TOPO unavailable; using json_fallback: soc=Ascend950PR_9579 occupy=0x3e stable_reachable=5 requested=0 effective=5 affinity=[1, 2, 3, 4, 5(orch)]
[mono_ns=83726212668679][T0x7b8da775f740][TIMING] emit_host_span: [STRACE] v=1 pid=3968285 tid=3968285 inv=32 hid=4e691a1ac652a1b3 depth=1 name=chip.run.runner_run ts=83726210692123 dur=1975855 
[mono_ns=83726212955950][T0x7b8da775f740][TIMING] emit_host_span: [STRACE] v=1 pid=3968285 tid=3968285 inv=32 hid=4e691a1ac652a1b3 depth=1 name=chip.run.validate ts=83726212679225 dur=276084 
[mono_ns=83726212962530][T0x7b8da775f740][TIMING] emit_host_span: [STRACE] v=1 pid=3968285 tid=3968285 inv=32 hid=4e691a1ac652a1b3 depth=2 name=chip.run.runner_run.device_wall ts=0 dur=1760098 clk=dev
[mono_ns=83726212964363][T0x7b8da775f740][TIMING] emit_host_span: [STRACE] v=1 pid=3968285 tid=3968285 inv=32 hid=4e691a1ac652a1b3 depth=3 name=chip.run.runner_run.device_wall.preamble ts=0 dur=14775 clk=dev
[mono_ns=83726212966236][T0x7b8da775f740][TIMING] emit_host_span: [STRACE] v=1 pid=3968285 tid=3968285 inv=32 hid=4e691a1ac652a1b3 depth=3 name=chip.run.runner_run.device_wall.graph_build ts=3046 dur=1751469 clk=dev
[mono_ns=83726212968049][T0x7b8da775f740][TIMING] emit_host_span: [STRACE] v=1 pid=3968285 tid=3968285 inv=32 hid=4e691a1ac652a1b3 depth=3 name=chip.run.runner_run.device_wall.config_validate ts=3557 dur=1206 clk=dev
[mono_ns=83726212969401][T0x7b8da775f740][TIMING] emit_host_span: [STRACE] v=1 pid=3968285 tid=3968285 inv=32 hid=4e691a1ac652a1b3 depth=3 name=chip.run.runner_run.device_wall.arena_wire ts=4784 dur=2387 clk=dev
[mono_ns=83726212970522][T0x7b8da775f740][TIMING] emit_host_span: [STRACE] v=1 pid=3968285 tid=3968285 inv=32 hid=4e691a1ac652a1b3 depth=3 name=chip.run.runner_run.device_wall.sm_reset ts=7274 dur=3413 clk=dev
[mono_ns=83726212971664][T0x7b8da775f740][TIMING] emit_host_span: [STRACE] v=1 pid=3968285 tid=3968285 inv=32 hid=4e691a1ac652a1b3 depth=3 name=chip.run.runner_run.device_wall.post_orch ts=1754534 dur=4651 clk=dev
[mono_ns=83726212972826][T0x7b8da775f740][TIMING] emit_host_span: [STRACE] v=1 pid=3968285 tid=3968285 inv=32 hid=4e691a1ac652a1b3 depth=3 name=chip.run.runner_run.device_wall.orch ts=10777 dur=1301604 clk=dev
[mono_ns=83726212974608][T0x7b8da775f740][TIMING] emit_host_span: [STRACE] v=1 pid=3968285 tid=3968285 inv=32 hid=4e691a1ac652a1b3 depth=3 name=chip.run.runner_run.device_wall.sched ts=14517 dur=1728098 clk=dev
[mono_ns=83726212977653][T0x7b8da775f740][TIMING] emit_host_span: [STRACE] v=1 pid=3968285 tid=3968285 inv=32 hid=4e691a1ac652a1b3 depth=1 name=chip.run.claim_release ts=83726212977012 dur=110 
[mono_ns=83726212979696][T0x7b8da775f740][TIMING] emit_host_span: [STRACE] v=1 pid=3968285 tid=3968285 inv=32 hid=4e691a1ac652a1b3 depth=0 name=chip.run ts=83726029578355 dur=183400960 run_id=0 dispatch_id=0 slot_id=0 generation=32 run_epoch=32
[mono_ns=83726371494885][T0x7b8da775f740][TIMING] emit_host_span: [STRACE] v=1 pid=3968285 tid=3968285 inv=33 hid=4e691a1ac652a1b3 depth=2 name=chip.run.bind.args ts=83726213347047 dur=158145184 
[mono_ns=83726371533042][T0x7b8da775f740][TIMING] emit_host_span: [STRACE] v=1 pid=3968285 tid=3968285 inv=33 hid=4e691a1ac652a1b3 depth=2 name=chip.run.bind.prebuilt ts=83726371529186 dur=3535 
[mono_ns=83726371536026][T0x7b8da775f740][TIMING] emit_host_span: [STRACE] v=1 pid=3968285 tid=3968285 inv=33 hid=4e691a1ac652a1b3 depth=1 name=chip.run.bind ts=83726213341509 dur=158194197 
[mono_ns=83726376651474][T0x7b8da775f740][WARN] prepare_execution: [device_runner.cpp:342] AICPU CPU_TOPO unavailable; using json_fallback: soc=Ascend950PR_9579 occupy=0x3e stable_reachable=5 requested=0 effective=5 affinity=[1, 2, 3, 4, 5(orch)]
[mono_ns=83726378837916][T0x7b8da775f740][TIMING] emit_host_span: [STRACE] v=1 pid=3968285 tid=3968285 inv=33 hid=4e691a1ac652a1b3 depth=1 name=chip.run.runner_run ts=83726376727749 dur=2109446 
[mono_ns=83726379129073][T0x7b8da775f740][TIMING] emit_host_span: [STRACE] v=1 pid=3968285 tid=3968285 inv=33 hid=4e691a1ac652a1b3 depth=1 name=chip.run.validate ts=83726378848802 dur=279870 
[mono_ns=83726379137345][T0x7b8da775f740][TIMING] emit_host_span: [STRACE] v=1 pid=3968285 tid=3968285 inv=33 hid=4e691a1ac652a1b3 depth=2 name=chip.run.runner_run.device_wall ts=0 dur=1896553 clk=dev
[mono_ns=83726379139138][T0x7b8da775f740][TIMING] emit_host_span: [STRACE] v=1 pid=3968285 tid=3968285 inv=33 hid=4e691a1ac652a1b3 depth=3 name=chip.run.runner_run.device_wall.preamble ts=0 dur=13929 clk=dev
[mono_ns=83726379140480][T0x7b8da775f740][TIMING] emit_host_span: [STRACE] v=1 pid=3968285 tid=3968285 inv=33 hid=4e691a1ac652a1b3 depth=3 name=chip.run.runner_run.device_wall.graph_build ts=3522 dur=1887268 clk=dev
[mono_ns=83726379142253][T0x7b8da775f740][TIMING] emit_host_span: [STRACE] v=1 pid=3968285 tid=3968285 inv=33 hid=4e691a1ac652a1b3 depth=3 name=chip.run.runner_run.device_wall.config_validate ts=3820 dur=1402 clk=dev
[mono_ns=83726379144125][T0x7b8da775f740][TIMING] emit_host_span: [STRACE] v=1 pid=3968285 tid=3968285 inv=33 hid=4e691a1ac652a1b3 depth=3 name=chip.run.runner_run.device_wall.arena_wire ts=5256 dur=1926 clk=dev
[mono_ns=83726379145508][T0x7b8da775f740][TIMING] emit_host_span: [STRACE] v=1 pid=3968285 tid=3968285 inv=33 hid=4e691a1ac652a1b3 depth=3 name=chip.run.runner_run.device_wall.sm_reset ts=7202 dur=3399 clk=dev
[mono_ns=83726379146639][T0x7b8da775f740][TIMING] emit_host_span: [STRACE] v=1 pid=3968285 tid=3968285 inv=33 hid=4e691a1ac652a1b3 depth=3 name=chip.run.runner_run.device_wall.post_orch ts=1890854 dur=4422 clk=dev
[mono_ns=83726379147801][T0x7b8da775f740][TIMING] emit_host_span: [STRACE] v=1 pid=3968285 tid=3968285 inv=33 hid=4e691a1ac652a1b3 depth=3 name=chip.run.runner_run.device_wall.orch ts=10731 dur=1266035 clk=dev
[mono_ns=83726379148983][T0x7b8da775f740][TIMING] emit_host_span: [STRACE] v=1 pid=3968285 tid=3968285 inv=33 hid=4e691a1ac652a1b3 depth=3 name=chip.run.runner_run.device_wall.sched ts=13916 dur=1862113 clk=dev
[mono_ns=83726379150415][T0x7b8da775f740][TIMING] emit_host_span: [STRACE] v=1 pid=3968285 tid=3968285 inv=33 hid=4e691a1ac652a1b3 depth=1 name=chip.run.claim_release ts=83726379149974 dur=120 
[mono_ns=83726379152137][T0x7b8da775f740][TIMING] emit_host_span: [STRACE] v=1 pid=3968285 tid=3968285 inv=33 hid=4e691a1ac652a1b3 depth=0 name=chip.run ts=83726213335280 dur=165816507 run_id=0 dispatch_id=0 slot_id=0 generation=33 run_epoch=33
[mono_ns=83726536568637][T0x7b8da775f740][TIMING] emit_host_span: [STRACE] v=1 pid=3968285 tid=3968285 inv=34 hid=4e691a1ac652a1b3 depth=2 name=chip.run.bind.args ts=83726379519879 dur=157046174 
[mono_ns=83726536610259][T0x7b8da775f740][TIMING] emit_host_span: [STRACE] v=1 pid=3968285 tid=3968285 inv=34 hid=4e691a1ac652a1b3 depth=2 name=chip.run.bind.prebuilt ts=83726536606494 dur=3425 
[mono_ns=83726536613114][T0x7b8da775f740][TIMING] emit_host_span: [STRACE] v=1 pid=3968285 tid=3968285 inv=34 hid=4e691a1ac652a1b3 depth=1 name=chip.run.bind ts=83726379514131 dur=157098472 
[mono_ns=83726541790314][T0x7b8da775f740][WARN] prepare_execution: [device_runner.cpp:342] AICPU CPU_TOPO unavailable; using json_fallback: soc=Ascend950PR_9579 occupy=0x3e stable_reachable=5 requested=0 effective=5 affinity=[1, 2, 3, 4, 5(orch)]
[mono_ns=83726543770917][T0x7b8da775f740][TIMING] emit_host_span: [STRACE] v=1 pid=3968285 tid=3968285 inv=34 hid=4e691a1ac652a1b3 depth=1 name=chip.run.runner_run ts=83726541857946 dur=1912030 
[mono_ns=83726544080341][T0x7b8da775f740][TIMING] emit_host_span: [STRACE] v=1 pid=3968285 tid=3968285 inv=34 hid=4e691a1ac652a1b3 depth=1 name=chip.run.validate ts=83726543780521 dur=299420 
[mono_ns=83726544094793][T0x7b8da775f740][TIMING] emit_host_span: [STRACE] v=1 pid=3968285 tid=3968285 inv=34 hid=4e691a1ac652a1b3 depth=2 name=chip.run.runner_run.device_wall ts=0 dur=1706147 clk=dev
[mono_ns=83726544096966][T0x7b8da775f740][TIMING] emit_host_span: [STRACE] v=1 pid=3968285 tid=3968285 inv=34 hid=4e691a1ac652a1b3 depth=3 name=chip.run.runner_run.device_wall.preamble ts=0 dur=12568 clk=dev
[mono_ns=83726544098258][T0x7b8da775f740][TIMING] emit_host_span: [STRACE] v=1 pid=3968285 tid=3968285 inv=34 hid=4e691a1ac652a1b3 depth=3 name=chip.run.runner_run.device_wall.graph_build ts=3074 dur=1698817 clk=dev
[mono_ns=83726544099690][T0x7b8da775f740][TIMING] emit_host_span: [STRACE] v=1 pid=3968285 tid=3968285 inv=34 hid=4e691a1ac652a1b3 depth=3 name=chip.run.runner_run.device_wall.config_validate ts=3635 dur=1377 clk=dev
[mono_ns=83726544102164][T0x7b8da775f740][TIMING] emit_host_span: [STRACE] v=1 pid=3968285 tid=3968285 inv=34 hid=4e691a1ac652a1b3 depth=3 name=chip.run.runner_run.device_wall.arena_wire ts=5043 dur=2002 clk=dev
[mono_ns=83726544104087][T0x7b8da775f740][TIMING] emit_host_span: [STRACE] v=1 pid=3968285 tid=3968285 inv=34 hid=4e691a1ac652a1b3 depth=3 name=chip.run.runner_run.device_wall.sm_reset ts=7287 dur=3040 clk=dev
[mono_ns=83726544105699][T0x7b8da775f740][TIMING] emit_host_span: [STRACE] v=1 pid=3968285 tid=3968285 inv=34 hid=4e691a1ac652a1b3 depth=3 name=chip.run.runner_run.device_wall.post_orch ts=1701929 dur=3315 clk=dev
[mono_ns=83726544106861][T0x7b8da775f740][TIMING] emit_host_span: [STRACE] v=1 pid=3968285 tid=3968285 inv=34 hid=4e691a1ac652a1b3 depth=3 name=chip.run.runner_run.device_wall.orch ts=10408 dur=1323297 clk=dev
[mono_ns=83726544108013][T0x7b8da775f740][TIMING] emit_host_span: [STRACE] v=1 pid=3968285 tid=3968285 inv=34 hid=4e691a1ac652a1b3 depth=3 name=chip.run.runner_run.device_wall.sched ts=12263 dur=1674096 clk=dev
[mono_ns=83726544109665][T0x7b8da775f740][TIMING] emit_host_span: [STRACE] v=1 pid=3968285 tid=3968285 inv=34 hid=4e691a1ac652a1b3 depth=1 name=chip.run.claim_release ts=83726544109024 dur=121 
[mono_ns=83726544111518][T0x7b8da775f740][TIMING] emit_host_span: [STRACE] v=1 pid=3968285 tid=3968285 inv=34 hid=4e691a1ac652a1b3 depth=0 name=chip.run ts=83726379508472 dur=164602696 run_id=0 dispatch_id=0 slot_id=0 generation=34 run_epoch=34
[mono_ns=83726703769282][T0x7b8da775f740][TIMING] emit_host_span: [STRACE] v=1 pid=3968285 tid=3968285 inv=35 hid=4e691a1ac652a1b3 depth=2 name=chip.run.bind.args ts=83726544439460 dur=159326707 
[mono_ns=83726703810453][T0x7b8da775f740][TIMING] emit_host_span: [STRACE] v=1 pid=3968285 tid=3968285 inv=35 hid=4e691a1ac652a1b3 depth=2 name=chip.run.bind.prebuilt ts=83726703805897 dur=4056 
[mono_ns=83726703813758][T0x7b8da775f740][TIMING] emit_host_span: [STRACE] v=1 pid=3968285 tid=3968285 inv=35 hid=4e691a1ac652a1b3 depth=1 name=chip.run.bind ts=83726544433732 dur=159379506 
[mono_ns=83726708937419][T0x7b8da775f740][WARN] prepare_execution: [device_runner.cpp:342] AICPU CPU_TOPO unavailable; using json_fallback: soc=Ascend950PR_9579 occupy=0x3e stable_reachable=5 requested=0 effective=5 affinity=[1, 2, 3, 4, 5(orch)]
[mono_ns=83726710875487][T0x7b8da775f740][TIMING] emit_host_span: [STRACE] v=1 pid=3968285 tid=3968285 inv=35 hid=4e691a1ac652a1b3 depth=1 name=chip.run.runner_run ts=83726709013212 dur=1861364 
[mono_ns=83726711192894][T0x7b8da775f740][TIMING] emit_host_span: [STRACE] v=1 pid=3968285 tid=3968285 inv=35 hid=4e691a1ac652a1b3 depth=1 name=chip.run.validate ts=83726710885372 dur=307171 
[mono_ns=83726711200305][T0x7b8da775f740][TIMING] emit_host_span: [STRACE] v=1 pid=3968285 tid=3968285 inv=35 hid=4e691a1ac652a1b3 depth=2 name=chip.run.runner_run.device_wall ts=0 dur=1655664 clk=dev
[mono_ns=83726711202338][T0x7b8da775f740][TIMING] emit_host_span: [STRACE] v=1 pid=3968285 tid=3968285 inv=35 hid=4e691a1ac652a1b3 depth=3 name=chip.run.runner_run.device_wall.preamble ts=0 dur=12751 clk=dev
[mono_ns=83726711203700][T0x7b8da775f740][TIMING] emit_host_span: [STRACE] v=1 pid=3968285 tid=3968285 inv=35 hid=4e691a1ac652a1b3 depth=3 name=chip.run.runner_run.device_wall.graph_build ts=2452 dur=1647931 clk=dev
[mono_ns=83726711212453][T0x7b8da775f740][TIMING] emit_host_span: [STRACE] v=1 pid=3968285 tid=3968285 inv=35 hid=4e691a1ac652a1b3 depth=3 name=chip.run.runner_run.device_wall.config_validate ts=3053 dur=1305 clk=dev
[mono_ns=83726711213855][T0x7b8da775f740][TIMING] emit_host_span: [STRACE] v=1 pid=3968285 tid=3968285 inv=35 hid=4e691a1ac652a1b3 depth=3 name=chip.run.runner_run.device_wall.arena_wire ts=4389 dur=2105 clk=dev
[mono_ns=83726711215017][T0x7b8da775f740][TIMING] emit_host_span: [STRACE] v=1 pid=3968285 tid=3968285 inv=35 hid=4e691a1ac652a1b3 depth=3 name=chip.run.runner_run.device_wall.sm_reset ts=6588 dur=2844 clk=dev
[mono_ns=83726711216149][T0x7b8da775f740][TIMING] emit_host_span: [STRACE] v=1 pid=3968285 tid=3968285 inv=35 hid=4e691a1ac652a1b3 depth=3 name=chip.run.runner_run.device_wall.post_orch ts=1650465 dur=4578 clk=dev
[mono_ns=83726711217992][T0x7b8da775f740][TIMING] emit_host_span: [STRACE] v=1 pid=3968285 tid=3968285 inv=35 hid=4e691a1ac652a1b3 depth=3 name=chip.run.runner_run.device_wall.orch ts=9503 dur=1275484 clk=dev
[mono_ns=83726711221266][T0x7b8da775f740][TIMING] emit_host_span: [STRACE] v=1 pid=3968285 tid=3968285 inv=35 hid=4e691a1ac652a1b3 depth=3 name=chip.run.runner_run.device_wall.sched ts=12781 dur=1622451 clk=dev
[mono_ns=83726711223300][T0x7b8da775f740][TIMING] emit_host_span: [STRACE] v=1 pid=3968285 tid=3968285 inv=35 hid=4e691a1ac652a1b3 depth=1 name=chip.run.claim_release ts=83726711222699 dur=100 
[mono_ns=83726711225333][T0x7b8da775f740][TIMING] emit_host_span: [STRACE] v=1 pid=3968285 tid=3968285 inv=35 hid=4e691a1ac652a1b3 depth=0 name=chip.run ts=83726544428334 dur=166796668 run_id=0 dispatch_id=0 slot_id=0 generation=35 run_epoch=35
[mono_ns=83726910016712][T0x7b8da775f740][TIMING] emit_host_span: [STRACE] v=1 pid=3968285 tid=3968285 inv=36 hid=4e691a1ac652a1b3 depth=2 name=chip.run.bind.args ts=83726711560956 dur=198452782 
[mono_ns=83726910058475][T0x7b8da775f740][TIMING] emit_host_span: [STRACE] v=1 pid=3968285 tid=3968285 inv=36 hid=4e691a1ac652a1b3 depth=2 name=chip.run.bind.prebuilt ts=83726910054119 dur=3845 
[mono_ns=83726910061159][T0x7b8da775f740][TIMING] emit_host_span: [STRACE] v=1 pid=3968285 tid=3968285 inv=36 hid=4e691a1ac652a1b3 depth=1 name=chip.run.bind ts=83726711555418 dur=198505411 
[mono_ns=83726915109356][T0x7b8da775f740][WARN] prepare_execution: [device_runner.cpp:342] AICPU CPU_TOPO unavailable; using json_fallback: soc=Ascend950PR_9579 occupy=0x3e stable_reachable=5 requested=0 effective=5 affinity=[1, 2, 3, 4, 5(orch)]
[mono_ns=83726917092132][T0x7b8da775f740][TIMING] emit_host_span: [STRACE] v=1 pid=3968285 tid=3968285 inv=36 hid=4e691a1ac652a1b3 depth=1 name=chip.run.runner_run ts=83726915179912 dur=1911449 
[mono_ns=83726917403049][T0x7b8da775f740][TIMING] emit_host_span: [STRACE] v=1 pid=3968285 tid=3968285 inv=36 hid=4e691a1ac652a1b3 depth=1 name=chip.run.validate ts=83726917102758 dur=299740 
[mono_ns=83726917410029][T0x7b8da775f740][TIMING] emit_host_span: [STRACE] v=1 pid=3968285 tid=3968285 inv=36 hid=4e691a1ac652a1b3 depth=2 name=chip.run.runner_run.device_wall ts=0 dur=1700788 clk=dev
[mono_ns=83726917412142][T0x7b8da775f740][TIMING] emit_host_span: [STRACE] v=1 pid=3968285 tid=3968285 inv=36 hid=4e691a1ac652a1b3 depth=3 name=chip.run.runner_run.device_wall.preamble ts=0 dur=12738 clk=dev
[mono_ns=83726917414025][T0x7b8da775f740][TIMING] emit_host_span: [STRACE] v=1 pid=3968285 tid=3968285 inv=36 hid=4e691a1ac652a1b3 depth=3 name=chip.run.runner_run.device_wall.graph_build ts=2439 dur=1693824 clk=dev
[mono_ns=83726917416789][T0x7b8da775f740][TIMING] emit_host_span: [STRACE] v=1 pid=3968285 tid=3968285 inv=36 hid=4e691a1ac652a1b3 depth=3 name=chip.run.runner_run.device_wall.config_validate ts=2929 dur=1146 clk=dev
[mono_ns=83726917418181][T0x7b8da775f740][TIMING] emit_host_span: [STRACE] v=1 pid=3968285 tid=3968285 inv=36 hid=4e691a1ac652a1b3 depth=3 name=chip.run.runner_run.device_wall.arena_wire ts=4104 dur=1908 clk=dev
[mono_ns=83726917425202][T0x7b8da775f740][TIMING] emit_host_span: [STRACE] v=1 pid=3968285 tid=3968285 inv=36 hid=4e691a1ac652a1b3 depth=3 name=chip.run.runner_run.device_wall.sm_reset ts=6029 dur=2953 clk=dev
[mono_ns=83726917426364][T0x7b8da775f740][TIMING] emit_host_span: [STRACE] v=1 pid=3968285 tid=3968285 inv=36 hid=4e691a1ac652a1b3 depth=3 name=chip.run.runner_run.device_wall.post_orch ts=1696280 dur=4430 clk=dev
[mono_ns=83726917429899][T0x7b8da775f740][TIMING] emit_host_span: [STRACE] v=1 pid=3968285 tid=3968285 inv=36 hid=4e691a1ac652a1b3 depth=3 name=chip.run.runner_run.device_wall.orch ts=10091 dur=1303983 clk=dev
[mono_ns=83726917431782][T0x7b8da775f740][TIMING] emit_host_span: [STRACE] v=1 pid=3968285 tid=3968285 inv=36 hid=4e691a1ac652a1b3 depth=3 name=chip.run.runner_run.device_wall.sched ts=12128 dur=1672069 clk=dev
[mono_ns=83726917433635][T0x7b8da775f740][TIMING] emit_host_span: [STRACE] v=1 pid=3968285 tid=3968285 inv=36 hid=4e691a1ac652a1b3 depth=1 name=chip.run.claim_release ts=83726917433074 dur=80 
[mono_ns=83726917435437][T0x7b8da775f740][TIMING] emit_host_span: [STRACE] v=1 pid=3968285 tid=3968285 inv=36 hid=4e691a1ac652a1b3 depth=0 name=chip.run ts=83726711550461 dur=205884626 run_id=0 dispatch_id=0 slot_id=0 generation=36 run_epoch=36
[mono_ns=83727095415791][T0x7b8da775f740][TIMING] emit_host_span: [STRACE] v=1 pid=3968285 tid=3968285 inv=37 hid=4e691a1ac652a1b3 depth=2 name=chip.run.bind.args ts=83726917779804 dur=177633364 
[mono_ns=83727095455571][T0x7b8da775f740][TIMING] emit_host_span: [STRACE] v=1 pid=3968285 tid=3968285 inv=37 hid=4e691a1ac652a1b3 depth=2 name=chip.run.bind.prebuilt ts=83727095451936 dur=3305 
[mono_ns=83727095458155][T0x7b8da775f740][TIMING] emit_host_span: [STRACE] v=1 pid=3968285 tid=3968285 inv=37 hid=4e691a1ac652a1b3 depth=1 name=chip.run.bind ts=83726917775317 dur=177682518 
[mono_ns=83727100529967][T0x7b8da775f740][WARN] prepare_execution: [device_runner.cpp:342] AICPU CPU_TOPO unavailable; using json_fallback: soc=Ascend950PR_9579 occupy=0x3e stable_reachable=5 requested=0 effective=5 affinity=[1, 2, 3, 4, 5(orch)]
[mono_ns=83727102616489][T0x7b8da775f740][TIMING] emit_host_span: [STRACE] v=1 pid=3968285 tid=3968285 inv=37 hid=4e691a1ac652a1b3 depth=1 name=chip.run.runner_run ts=83727100598310 dur=2017568 
[mono_ns=83727102911522][T0x7b8da775f740][TIMING] emit_host_span: [STRACE] v=1 pid=3968285 tid=3968285 inv=37 hid=4e691a1ac652a1b3 depth=1 name=chip.run.validate ts=83727102625222 dur=285929 
[mono_ns=83727102918152][T0x7b8da775f740][TIMING] emit_host_span: [STRACE] v=1 pid=3968285 tid=3968285 inv=37 hid=4e691a1ac652a1b3 depth=2 name=chip.run.runner_run.device_wall ts=0 dur=1822374 clk=dev
[mono_ns=83727102920085][T0x7b8da775f740][TIMING] emit_host_span: [STRACE] v=1 pid=3968285 tid=3968285 inv=37 hid=4e691a1ac652a1b3 depth=3 name=chip.run.runner_run.device_wall.preamble ts=0 dur=13050 clk=dev
[mono_ns=83727102921607][T0x7b8da775f740][TIMING] emit_host_span: [STRACE] v=1 pid=3968285 tid=3968285 inv=37 hid=4e691a1ac652a1b3 depth=3 name=chip.run.runner_run.device_wall.graph_build ts=2519 dur=1814135 clk=dev
[mono_ns=83727102924582][T0x7b8da775f740][TIMING] emit_host_span: [STRACE] v=1 pid=3968285 tid=3968285 inv=37 hid=4e691a1ac652a1b3 depth=3 name=chip.run.runner_run.device_wall.config_validate ts=3141 dur=1086 clk=dev
[mono_ns=83727102926725][T0x7b8da775f740][TIMING] emit_host_span: [STRACE] v=1 pid=3968285 tid=3968285 inv=37 hid=4e691a1ac652a1b3 depth=3 name=chip.run.runner_run.device_wall.arena_wire ts=4425 dur=2398 clk=dev
[mono_ns=83727102928107][T0x7b8da775f740][TIMING] emit_host_span: [STRACE] v=1 pid=3968285 tid=3968285 inv=37 hid=4e691a1ac652a1b3 depth=3 name=chip.run.runner_run.device_wall.sm_reset ts=6840 dur=3590 clk=dev
[mono_ns=83727102929239][T0x7b8da775f740][TIMING] emit_host_span: [STRACE] v=1 pid=3968285 tid=3968285 inv=37 hid=4e691a1ac652a1b3 depth=3 name=chip.run.runner_run.device_wall.post_orch ts=1816736 dur=5178 clk=dev
[mono_ns=83727102930390][T0x7b8da775f740][TIMING] emit_host_span: [STRACE] v=1 pid=3968285 tid=3968285 inv=37 hid=4e691a1ac652a1b3 depth=3 name=chip.run.runner_run.device_wall.orch ts=10509 dur=1277946 clk=dev
[mono_ns=83727102945723][T0x7b8da775f740][TIMING] emit_host_span: [STRACE] v=1 pid=3968285 tid=3968285 inv=37 hid=4e691a1ac652a1b3 depth=3 name=chip.run.runner_run.device_wall.sched ts=12174 dur=1792537 clk=dev
[mono_ns=83727102948187][T0x7b8da775f740][TIMING] emit_host_span: [STRACE] v=1 pid=3968285 tid=3968285 inv=37 hid=4e691a1ac652a1b3 depth=1 name=chip.run.claim_release ts=83727102947516 dur=170 
[mono_ns=83727102951672][T0x7b8da775f740][TIMING] emit_host_span: [STRACE] v=1 pid=3968285 tid=3968285 inv=37 hid=4e691a1ac652a1b3 depth=0 name=chip.run ts=83726917770210 dur=185181092 run_id=0 dispatch_id=0 slot_id=0 generation=37 run_epoch=37
[mono_ns=83727266932584][T0x7b8da775f740][TIMING] emit_host_span: [STRACE] v=1 pid=3968285 tid=3968285 inv=38 hid=4e691a1ac652a1b3 depth=2 name=chip.run.bind.args ts=83727103281487 dur=163649134 
[mono_ns=83727266962219][T0x7b8da775f740][TIMING] emit_host_span: [STRACE] v=1 pid=3968285 tid=3968285 inv=38 hid=4e691a1ac652a1b3 depth=2 name=chip.run.bind.prebuilt ts=83727266959324 dur=2424 
[mono_ns=83727266964642][T0x7b8da775f740][TIMING] emit_host_span: [STRACE] v=1 pid=3968285 tid=3968285 inv=38 hid=4e691a1ac652a1b3 depth=1 name=chip.run.bind ts=83727103276269 dur=163688103 
[mono_ns=83727272206670][T0x7b8da775f740][WARN] prepare_execution: [device_runner.cpp:342] AICPU CPU_TOPO unavailable; using json_fallback: soc=Ascend950PR_9579 occupy=0x3e stable_reachable=5 requested=0 effective=5 affinity=[1, 2, 3, 4, 5(orch)]
[mono_ns=83727274282816][T0x7b8da775f740][TIMING] emit_host_span: [STRACE] v=1 pid=3968285 tid=3968285 inv=38 hid=4e691a1ac652a1b3 depth=1 name=chip.run.runner_run ts=83727272275383 dur=2006732 
[mono_ns=83727274568285][T0x7b8da775f740][TIMING] emit_host_span: [STRACE] v=1 pid=3968285 tid=3968285 inv=38 hid=4e691a1ac652a1b3 depth=1 name=chip.run.validate ts=83727274292431 dur=275443 
[mono_ns=83727274575225][T0x7b8da775f740][TIMING] emit_host_span: [STRACE] v=1 pid=3968285 tid=3968285 inv=38 hid=4e691a1ac652a1b3 depth=2 name=chip.run.runner_run.device_wall ts=0 dur=1803769 clk=dev
[mono_ns=83727274577138][T0x7b8da775f740][TIMING] emit_host_span: [STRACE] v=1 pid=3968285 tid=3968285 inv=38 hid=4e691a1ac652a1b3 depth=3 name=chip.run.runner_run.device_wall.preamble ts=0 dur=13763 clk=dev
[mono_ns=83727274579091][T0x7b8da775f740][TIMING] emit_host_span: [STRACE] v=1 pid=3968285 tid=3968285 inv=38 hid=4e691a1ac652a1b3 depth=3 name=chip.run.runner_run.device_wall.graph_build ts=3268 dur=1795034 clk=dev
[mono_ns=83727274581765][T0x7b8da775f740][TIMING] emit_host_span: [STRACE] v=1 pid=3968285 tid=3968285 inv=38 hid=4e691a1ac652a1b3 depth=3 name=chip.run.runner_run.device_wall.config_validate ts=3777 dur=1322 clk=dev
[mono_ns=83727274583688][T0x7b8da775f740][TIMING] emit_host_span: [STRACE] v=1 pid=3968285 tid=3968285 inv=38 hid=4e691a1ac652a1b3 depth=3 name=chip.run.runner_run.device_wall.arena_wire ts=5127 dur=2369 clk=dev
[mono_ns=83727274585040][T0x7b8da775f740][TIMING] emit_host_span: [STRACE] v=1 pid=3968285 tid=3968285 inv=38 hid=4e691a1ac652a1b3 depth=3 name=chip.run.runner_run.device_wall.sm_reset ts=7518 dur=2774 clk=dev
[mono_ns=83727274586162][T0x7b8da775f740][TIMING] emit_host_span: [STRACE] v=1 pid=3968285 tid=3968285 inv=38 hid=4e691a1ac652a1b3 depth=3 name=chip.run.runner_run.device_wall.post_orch ts=1798371 dur=4952 clk=dev
[mono_ns=83727274587313][T0x7b8da775f740][TIMING] emit_host_span: [STRACE] v=1 pid=3968285 tid=3968285 inv=38 hid=4e691a1ac652a1b3 depth=3 name=chip.run.runner_run.device_wall.orch ts=10332 dur=1270154 clk=dev
[mono_ns=83727274588455][T0x7b8da775f740][TIMING] emit_host_span: [STRACE] v=1 pid=3968285 tid=3968285 inv=38 hid=4e691a1ac652a1b3 depth=3 name=chip.run.runner_run.device_wall.sched ts=13495 dur=1770944 clk=dev
[mono_ns=83727274590028][T0x7b8da775f740][TIMING] emit_host_span: [STRACE] v=1 pid=3968285 tid=3968285 inv=38 hid=4e691a1ac652a1b3 depth=1 name=chip.run.claim_release ts=83727274589427 dur=90 
[mono_ns=83727274607534][T0x7b8da775f740][TIMING] emit_host_span: [STRACE] v=1 pid=3968285 tid=3968285 inv=38 hid=4e691a1ac652a1b3 depth=0 name=chip.run ts=83727103270661 dur=171336492 run_id=0 dispatch_id=0 slot_id=0 generation=38 run_epoch=38
[mono_ns=83727430055439][T0x7b8da775f740][TIMING] emit_host_span: [STRACE] v=1 pid=3968285 tid=3968285 inv=39 hid=4e691a1ac652a1b3 depth=2 name=chip.run.bind.args ts=83727274971750 dur=155081636 
[mono_ns=83727430089490][T0x7b8da775f740][TIMING] emit_host_span: [STRACE] v=1 pid=3968285 tid=3968285 inv=39 hid=4e691a1ac652a1b3 depth=2 name=chip.run.bind.prebuilt ts=83727430085754 dur=3155 
[mono_ns=83727430092154][T0x7b8da775f740][TIMING] emit_host_span: [STRACE] v=1 pid=3968285 tid=3968285 inv=39 hid=4e691a1ac652a1b3 depth=1 name=chip.run.bind ts=83727274967875 dur=155123788 
[mono_ns=83727435189975][T0x7b8da775f740][WARN] prepare_execution: [device_runner.cpp:342] AICPU CPU_TOPO unavailable; using json_fallback: soc=Ascend950PR_9579 occupy=0x3e stable_reachable=5 requested=0 effective=5 affinity=[1, 2, 3, 4, 5(orch)]
[mono_ns=83727437282386][T0x7b8da775f740][TIMING] emit_host_span: [STRACE] v=1 pid=3968285 tid=3968285 inv=39 hid=4e691a1ac652a1b3 depth=1 name=chip.run.runner_run ts=83727435262995 dur=2018579 
[mono_ns=83727437572381][T0x7b8da775f740][TIMING] emit_host_span: [STRACE] v=1 pid=3968285 tid=3968285 inv=39 hid=4e691a1ac652a1b3 depth=1 name=chip.run.validate ts=83727437292010 dur=279840 
[mono_ns=83727437580133][T0x7b8da775f740][TIMING] emit_host_span: [STRACE] v=1 pid=3968285 tid=3968285 inv=39 hid=4e691a1ac652a1b3 depth=2 name=chip.run.runner_run.device_wall ts=0 dur=1817378 clk=dev
[mono_ns=83727437582426][T0x7b8da775f740][TIMING] emit_host_span: [STRACE] v=1 pid=3968285 tid=3968285 inv=39 hid=4e691a1ac652a1b3 depth=3 name=chip.run.runner_run.device_wall.preamble ts=0 dur=14666 clk=dev
[mono_ns=83727437585661][T0x7b8da775f740][TIMING] emit_host_span: [STRACE] v=1 pid=3968285 tid=3968285 inv=39 hid=4e691a1ac652a1b3 depth=3 name=chip.run.runner_run.device_wall.graph_build ts=3122 dur=1808411 clk=dev
[mono_ns=83727437587754][T0x7b8da775f740][TIMING] emit_host_span: [STRACE] v=1 pid=3968285 tid=3968285 inv=39 hid=4e691a1ac652a1b3 depth=3 name=chip.run.runner_run.device_wall.config_validate ts=3582 dur=733 clk=dev
[mono_ns=83727437589096][T0x7b8da775f740][TIMING] emit_host_span: [STRACE] v=1 pid=3968285 tid=3968285 inv=39 hid=4e691a1ac652a1b3 depth=3 name=chip.run.runner_run.device_wall.arena_wire ts=4530 dur=2019 clk=dev
[mono_ns=83727437590238][T0x7b8da775f740][TIMING] emit_host_span: [STRACE] v=1 pid=3968285 tid=3968285 inv=39 hid=4e691a1ac652a1b3 depth=3 name=chip.run.runner_run.device_wall.sm_reset ts=6581 dur=2942 clk=dev
[mono_ns=83727437591369][T0x7b8da775f740][TIMING] emit_host_span: [STRACE] v=1 pid=3968285 tid=3968285 inv=39 hid=4e691a1ac652a1b3 depth=3 name=chip.run.runner_run.device_wall.post_orch ts=1811618 dur=4875 clk=dev
[mono_ns=83727437592521][T0x7b8da775f740][TIMING] emit_host_span: [STRACE] v=1 pid=3968285 tid=3968285 inv=39 hid=4e691a1ac652a1b3 depth=3 name=chip.run.runner_run.device_wall.orch ts=9673 dur=1277923 clk=dev
[mono_ns=83727437593643][T0x7b8da775f740][TIMING] emit_host_span: [STRACE] v=1 pid=3968285 tid=3968285 inv=39 hid=4e691a1ac652a1b3 depth=3 name=chip.run.runner_run.device_wall.sched ts=14424 dur=1786771 clk=dev
[mono_ns=83727437595476][T0x7b8da775f740][TIMING] emit_host_span: [STRACE] v=1 pid=3968285 tid=3968285 inv=39 hid=4e691a1ac652a1b3 depth=1 name=chip.run.claim_release ts=83727437594915 dur=70 
[mono_ns=83727437597198][T0x7b8da775f740][TIMING] emit_host_span: [STRACE] v=1 pid=3968285 tid=3968285 inv=39 hid=4e691a1ac652a1b3 depth=0 name=chip.run ts=83727274963668 dur=162633190 run_id=0 dispatch_id=0 slot_id=0 generation=39 run_epoch=39
[mono_ns=83727603710881][T0x7b8da775f740][TIMING] emit_host_span: [STRACE] v=1 pid=3968285 tid=3968285 inv=40 hid=4e691a1ac652a1b3 depth=2 name=chip.run.bind.args ts=83727437929637 dur=165777028 
[mono_ns=83727603756951][T0x7b8da775f740][TIMING] emit_host_span: [STRACE] v=1 pid=3968285 tid=3968285 inv=40 hid=4e691a1ac652a1b3 depth=2 name=chip.run.bind.prebuilt ts=83727603752033 dur=4627 
[mono_ns=83727603783450][T0x7b8da775f740][TIMING] emit_host_span: [STRACE] v=1 pid=3968285 tid=3968285 inv=40 hid=4e691a1ac652a1b3 depth=1 name=chip.run.bind ts=83727437925801 dur=165857088 
[mono_ns=83727609324557][T0x7b8da775f740][WARN] prepare_execution: [device_runner.cpp:342] AICPU CPU_TOPO unavailable; using json_fallback: soc=Ascend950PR_9579 occupy=0x3e stable_reachable=5 requested=0 effective=5 affinity=[1, 2, 3, 4, 5(orch)]
[mono_ns=83727611289957][T0x7b8da775f740][TIMING] emit_host_span: [STRACE] v=1 pid=3968285 tid=3968285 inv=40 hid=4e691a1ac652a1b3 depth=1 name=chip.run.runner_run ts=83727609396114 dur=1892461 
[mono_ns=83727611596838][T0x7b8da775f740][TIMING] emit_host_span: [STRACE] v=1 pid=3968285 tid=3968285 inv=40 hid=4e691a1ac652a1b3 depth=1 name=chip.run.validate ts=83727611300303 dur=296134 
[mono_ns=83727611603778][T0x7b8da775f740][TIMING] emit_host_span: [STRACE] v=1 pid=3968285 tid=3968285 inv=40 hid=4e691a1ac652a1b3 depth=2 name=chip.run.runner_run.device_wall ts=0 dur=1660264 clk=dev
[mono_ns=83727611605941][T0x7b8da775f740][TIMING] emit_host_span: [STRACE] v=1 pid=3968285 tid=3968285 inv=40 hid=4e691a1ac652a1b3 depth=3 name=chip.run.runner_run.device_wall.preamble ts=0 dur=16590 clk=dev
[mono_ns=83727611607604][T0x7b8da775f740][TIMING] emit_host_span: [STRACE] v=1 pid=3968285 tid=3968285 inv=40 hid=4e691a1ac652a1b3 depth=3 name=chip.run.runner_run.device_wall.graph_build ts=5140 dur=1651001 clk=dev
[mono_ns=83727611610518][T0x7b8da775f740][TIMING] emit_host_span: [STRACE] v=1 pid=3968285 tid=3968285 inv=40 hid=4e691a1ac652a1b3 depth=3 name=chip.run.runner_run.device_wall.config_validate ts=5618 dur=892 clk=dev
[mono_ns=83727611612421][T0x7b8da775f740][TIMING] emit_host_span: [STRACE] v=1 pid=3968285 tid=3968285 inv=40 hid=4e691a1ac652a1b3 depth=3 name=chip.run.runner_run.device_wall.arena_wire ts=6704 dur=2498 clk=dev
[mono_ns=83727611613573][T0x7b8da775f740][TIMING] emit_host_span: [STRACE] v=1 pid=3968285 tid=3968285 inv=40 hid=4e691a1ac652a1b3 depth=3 name=chip.run.runner_run.device_wall.sm_reset ts=9218 dur=2841 clk=dev
[mono_ns=83727611614724][T0x7b8da775f740][TIMING] emit_host_span: [STRACE] v=1 pid=3968285 tid=3968285 inv=40 hid=4e691a1ac652a1b3 depth=3 name=chip.run.runner_run.device_wall.post_orch ts=1656186 dur=4033 clk=dev
[mono_ns=83727611615876][T0x7b8da775f740][TIMING] emit_host_span: [STRACE] v=1 pid=3968285 tid=3968285 inv=40 hid=4e691a1ac652a1b3 depth=3 name=chip.run.runner_run.device_wall.orch ts=12139 dur=1272454 clk=dev
[mono_ns=83727611617028][T0x7b8da775f740][TIMING] emit_host_span: [STRACE] v=1 pid=3968285 tid=3968285 inv=40 hid=4e691a1ac652a1b3 depth=3 name=chip.run.runner_run.device_wall.sched ts=16773 dur=1626091 clk=dev
[mono_ns=83727611618670][T0x7b8da775f740][TIMING] emit_host_span: [STRACE] v=1 pid=3968285 tid=3968285 inv=40 hid=4e691a1ac652a1b3 depth=1 name=chip.run.claim_release ts=83727611618059 dur=111 
[mono_ns=83727611620483][T0x7b8da775f740][TIMING] emit_host_span: [STRACE] v=1 pid=3968285 tid=3968285 inv=40 hid=4e691a1ac652a1b3 depth=0 name=chip.run ts=83727437921705 dur=173698448 run_id=0 dispatch_id=0 slot_id=0 generation=40 run_epoch=40
[mono_ns=83727806299300][T0x7b8da775f740][TIMING] emit_host_span: [STRACE] v=1 pid=3968285 tid=3968285 inv=41 hid=4e691a1ac652a1b3 depth=2 name=chip.run.bind.args ts=83727611968085 dur=194326118 
[mono_ns=83727806345850][T0x7b8da775f740][TIMING] emit_host_span: [STRACE] v=1 pid=3968285 tid=3968285 inv=41 hid=4e691a1ac652a1b3 depth=2 name=chip.run.bind.prebuilt ts=83727806340061 dur=5268 
[mono_ns=83727806349215][T0x7b8da775f740][TIMING] emit_host_span: [STRACE] v=1 pid=3968285 tid=3968285 inv=41 hid=4e691a1ac652a1b3 depth=1 name=chip.run.bind ts=83727611964730 dur=194384004 
[mono_ns=83727811534378][T0x7b8da775f740][WARN] prepare_execution: [device_runner.cpp:342] AICPU CPU_TOPO unavailable; using json_fallback: soc=Ascend950PR_9579 occupy=0x3e stable_reachable=5 requested=0 effective=5 affinity=[1, 2, 3, 4, 5(orch)]
[mono_ns=83727813508110][T0x7b8da775f740][TIMING] emit_host_span: [STRACE] v=1 pid=3968285 tid=3968285 inv=41 hid=4e691a1ac652a1b3 depth=1 name=chip.run.runner_run ts=83727811595740 dur=1911479 
[mono_ns=83727813846057][T0x7b8da775f740][TIMING] emit_host_span: [STRACE] v=1 pid=3968285 tid=3968285 inv=41 hid=4e691a1ac652a1b3 depth=1 name=chip.run.validate ts=83727813519167 dur=326169 
[mono_ns=83727813852036][T0x7b8da775f740][TIMING] emit_host_span: [STRACE] v=1 pid=3968285 tid=3968285 inv=41 hid=4e691a1ac652a1b3 depth=2 name=chip.run.runner_run.device_wall ts=0 dur=1700002 clk=dev
[mono_ns=83727813853829][T0x7b8da775f740][TIMING] emit_host_span: [STRACE] v=1 pid=3968285 tid=3968285 inv=41 hid=4e691a1ac652a1b3 depth=3 name=chip.run.runner_run.device_wall.preamble ts=0 dur=14870 clk=dev
[mono_ns=83727813855301][T0x7b8da775f740][TIMING] emit_host_span: [STRACE] v=1 pid=3968285 tid=3968285 inv=41 hid=4e691a1ac652a1b3 depth=3 name=chip.run.runner_run.device_wall.graph_build ts=2808 dur=1690790 clk=dev
[mono_ns=83727813856864][T0x7b8da775f740][TIMING] emit_host_span: [STRACE] v=1 pid=3968285 tid=3968285 inv=41 hid=4e691a1ac652a1b3 depth=3 name=chip.run.runner_run.device_wall.config_validate ts=3114 dur=836 clk=dev
[mono_ns=83727813858566][T0x7b8da775f740][TIMING] emit_host_span: [STRACE] v=1 pid=3968285 tid=3968285 inv=41 hid=4e691a1ac652a1b3 depth=3 name=chip.run.runner_run.device_wall.arena_wire ts=3975 dur=2086 clk=dev
[mono_ns=83727813859808][T0x7b8da775f740][TIMING] emit_host_span: [STRACE] v=1 pid=3968285 tid=3968285 inv=41 hid=4e691a1ac652a1b3 depth=3 name=chip.run.runner_run.device_wall.sm_reset ts=6184 dur=2640 clk=dev
[mono_ns=83727813860940][T0x7b8da775f740][TIMING] emit_host_span: [STRACE] v=1 pid=3968285 tid=3968285 inv=41 hid=4e691a1ac652a1b3 depth=3 name=chip.run.runner_run.device_wall.post_orch ts=1693642 dur=5278 clk=dev
[mono_ns=83727813862091][T0x7b8da775f740][TIMING] emit_host_span: [STRACE] v=1 pid=3968285 tid=3968285 inv=41 hid=4e691a1ac652a1b3 depth=3 name=chip.run.runner_run.device_wall.orch ts=8897 dur=1284473 clk=dev
[mono_ns=83727813863223][T0x7b8da775f740][TIMING] emit_host_span: [STRACE] v=1 pid=3968285 tid=3968285 inv=41 hid=4e691a1ac652a1b3 depth=3 name=chip.run.runner_run.device_wall.sched ts=14994 dur=1665406 clk=dev
[mono_ns=83727813864735][T0x7b8da775f740][TIMING] emit_host_span: [STRACE] v=1 pid=3968285 tid=3968285 inv=41 hid=4e691a1ac652a1b3 depth=1 name=chip.run.claim_release ts=83727813864285 dur=110 
[mono_ns=83727813866728][T0x7b8da775f740][TIMING] emit_host_span: [STRACE] v=1 pid=3968285 tid=3968285 inv=41 hid=4e691a1ac652a1b3 depth=0 name=chip.run ts=83727611960453 dur=201905885 run_id=0 dispatch_id=0 slot_id=0 generation=41 run_epoch=41
[mono_ns=83727986281189][T0x7b8da775f740][TIMING] emit_host_span: [STRACE] v=1 pid=3968285 tid=3968285 inv=42 hid=4e691a1ac652a1b3 depth=2 name=chip.run.bind.args ts=83727814348211 dur=171927189 
[mono_ns=83727986328149][T0x7b8da775f740][TIMING] emit_host_span: [STRACE] v=1 pid=3968285 tid=3968285 inv=42 hid=4e691a1ac652a1b3 depth=2 name=chip.run.bind.prebuilt ts=83727986323071 dur=4527 
[mono_ns=83727986331945][T0x7b8da775f740][TIMING] emit_host_span: [STRACE] v=1 pid=3968285 tid=3968285 inv=42 hid=4e691a1ac652a1b3 depth=1 name=chip.run.bind ts=83727814342262 dur=171989122 
[mono_ns=83727991500542][T0x7b8da775f740][WARN] prepare_execution: [device_runner.cpp:342] AICPU CPU_TOPO unavailable; using json_fallback: soc=Ascend950PR_9579 occupy=0x3e stable_reachable=5 requested=0 effective=5 affinity=[1, 2, 3, 4, 5(orch)]
[mono_ns=83727993577780][T0x7b8da775f740][TIMING] emit_host_span: [STRACE] v=1 pid=3968285 tid=3968285 inv=42 hid=4e691a1ac652a1b3 depth=1 name=chip.run.runner_run ts=83727991577398 dur=1999521 
[mono_ns=83727994046964][T0x7b8da775f740][TIMING] emit_host_span: [STRACE] v=1 pid=3968285 tid=3968285 inv=42 hid=4e691a1ac652a1b3 depth=1 name=chip.run.validate ts=83727993588356 dur=457917 
[mono_ns=83727994055307][T0x7b8da775f740][TIMING] emit_host_span: [STRACE] v=1 pid=3968285 tid=3968285 inv=42 hid=4e691a1ac652a1b3 depth=2 name=chip.run.runner_run.device_wall ts=0 dur=1761934 clk=dev
[mono_ns=83727994082688][T0x7b8da775f740][TIMING] emit_host_span: [STRACE] v=1 pid=3968285 tid=3968285 inv=42 hid=4e691a1ac652a1b3 depth=3 name=chip.run.runner_run.device_wall.preamble ts=0 dur=14056 clk=dev
[mono_ns=83727994084531][T0x7b8da775f740][TIMING] emit_host_span: [STRACE] v=1 pid=3968285 tid=3968285 inv=42 hid=4e691a1ac652a1b3 depth=3 name=chip.run.runner_run.device_wall.graph_build ts=3149 dur=1753159 clk=dev
[mono_ns=83727994085953][T0x7b8da775f740][TIMING] emit_host_span: [STRACE] v=1 pid=3968285 tid=3968285 inv=42 hid=4e691a1ac652a1b3 depth=3 name=chip.run.runner_run.device_wall.config_validate ts=3481 dur=1337 clk=dev
[mono_ns=83727994087395][T0x7b8da775f740][TIMING] emit_host_span: [STRACE] v=1 pid=3968285 tid=3968285 inv=42 hid=4e691a1ac652a1b3 depth=3 name=chip.run.runner_run.device_wall.arena_wire ts=4845 dur=2589 clk=dev
[mono_ns=83727994090019][T0x7b8da775f740][TIMING] emit_host_span: [STRACE] v=1 pid=3968285 tid=3968285 inv=42 hid=4e691a1ac652a1b3 depth=3 name=chip.run.runner_run.device_wall.sm_reset ts=7451 dur=2922 clk=dev
[mono_ns=83727994091752][T0x7b8da775f740][TIMING] emit_host_span: [STRACE] v=1 pid=3968285 tid=3968285 inv=42 hid=4e691a1ac652a1b3 depth=3 name=chip.run.runner_run.device_wall.post_orch ts=1756344 dur=4643 clk=dev
[mono_ns=83727994093114][T0x7b8da775f740][TIMING] emit_host_span: [STRACE] v=1 pid=3968285 tid=3968285 inv=42 hid=4e691a1ac652a1b3 depth=3 name=chip.run.runner_run.device_wall.orch ts=10783 dur=1285368 clk=dev
[mono_ns=83727994094275][T0x7b8da775f740][TIMING] emit_host_span: [STRACE] v=1 pid=3968285 tid=3968285 inv=42 hid=4e691a1ac652a1b3 depth=3 name=chip.run.runner_run.device_wall.sched ts=14135 dur=1727850 clk=dev
[mono_ns=83727994096028][T0x7b8da775f740][TIMING] emit_host_span: [STRACE] v=1 pid=3968285 tid=3968285 inv=42 hid=4e691a1ac652a1b3 depth=1 name=chip.run.claim_release ts=83727994095377 dur=120 
[mono_ns=83727994098352][T0x7b8da775f740][TIMING] emit_host_span: [STRACE] v=1 pid=3968285 tid=3968285 inv=42 hid=4e691a1ac652a1b3 depth=0 name=chip.run ts=83727814334851 dur=179762920 run_id=0 dispatch_id=0 slot_id=0 generation=42 run_epoch=42
[mono_ns=83728179065632][T0x7b8da775f740][TIMING] emit_host_span: [STRACE] v=1 pid=3968285 tid=3968285 inv=43 hid=4e691a1ac652a1b3 depth=2 name=chip.run.bind.args ts=83727994514035 dur=184547351 
[mono_ns=83728179100365][T0x7b8da775f740][TIMING] emit_host_span: [STRACE] v=1 pid=3968285 tid=3968285 inv=43 hid=4e691a1ac652a1b3 depth=2 name=chip.run.bind.prebuilt ts=83728179095988 dur=3856 
[mono_ns=83728179104250][T0x7b8da775f740][TIMING] emit_host_span: [STRACE] v=1 pid=3968285 tid=3968285 inv=43 hid=4e691a1ac652a1b3 depth=1 name=chip.run.bind ts=83727994507415 dur=184596335 
[mono_ns=83728184238807][T0x7b8da775f740][WARN] prepare_execution: [device_runner.cpp:342] AICPU CPU_TOPO unavailable; using json_fallback: soc=Ascend950PR_9579 occupy=0x3e stable_reachable=5 requested=0 effective=5 affinity=[1, 2, 3, 4, 5(orch)]
[mono_ns=83728186295534][T0x7b8da775f740][TIMING] emit_host_span: [STRACE] v=1 pid=3968285 tid=3968285 inv=43 hid=4e691a1ac652a1b3 depth=1 name=chip.run.runner_run ts=83728184315071 dur=1979782 
[mono_ns=83728186608043][T0x7b8da775f740][TIMING] emit_host_span: [STRACE] v=1 pid=3968285 tid=3968285 inv=43 hid=4e691a1ac652a1b3 depth=1 name=chip.run.validate ts=83728186304928 dur=302694 
[mono_ns=83728186615084][T0x7b8da775f740][TIMING] emit_host_span: [STRACE] v=1 pid=3968285 tid=3968285 inv=43 hid=4e691a1ac652a1b3 depth=2 name=chip.run.runner_run.device_wall ts=0 dur=1767958 clk=dev
[mono_ns=83728186617327][T0x7b8da775f740][TIMING] emit_host_span: [STRACE] v=1 pid=3968285 tid=3968285 inv=43 hid=4e691a1ac652a1b3 depth=3 name=chip.run.runner_run.device_wall.preamble ts=0 dur=13275 clk=dev
[mono_ns=83728186619580][T0x7b8da775f740][TIMING] emit_host_span: [STRACE] v=1 pid=3968285 tid=3968285 inv=43 hid=4e691a1ac652a1b3 depth=3 name=chip.run.runner_run.device_wall.graph_build ts=2659 dur=1759914 clk=dev
[mono_ns=83728186621573][T0x7b8da775f740][TIMING] emit_host_span: [STRACE] v=1 pid=3968285 tid=3968285 inv=43 hid=4e691a1ac652a1b3 depth=3 name=chip.run.runner_run.device_wall.config_validate ts=2973 dur=1164 clk=dev
[mono_ns=83728186631468][T0x7b8da775f740][TIMING] emit_host_span: [STRACE] v=1 pid=3968285 tid=3968285 inv=43 hid=4e691a1ac652a1b3 depth=3 name=chip.run.runner_run.device_wall.arena_wire ts=4170 dur=1982 clk=dev
[mono_ns=83728186635274][T0x7b8da775f740][TIMING] emit_host_span: [STRACE] v=1 pid=3968285 tid=3968285 inv=43 hid=4e691a1ac652a1b3 depth=3 name=chip.run.runner_run.device_wall.sm_reset ts=6177 dur=3049 clk=dev
[mono_ns=83728186637197][T0x7b8da775f740][TIMING] emit_host_span: [STRACE] v=1 pid=3968285 tid=3968285 inv=43 hid=4e691a1ac652a1b3 depth=3 name=chip.run.runner_run.device_wall.post_orch ts=1762605 dur=4860 clk=dev
[mono_ns=83728186638599][T0x7b8da775f740][TIMING] emit_host_span: [STRACE] v=1 pid=3968285 tid=3968285 inv=43 hid=4e691a1ac652a1b3 depth=3 name=chip.run.runner_run.device_wall.orch ts=9318 dur=1253318 clk=dev
[mono_ns=83728186639741][T0x7b8da775f740][TIMING] emit_host_span: [STRACE] v=1 pid=3968285 tid=3968285 inv=43 hid=4e691a1ac652a1b3 depth=3 name=chip.run.runner_run.device_wall.sched ts=13416 dur=1737642 clk=dev
[mono_ns=83728186641343][T0x7b8da775f740][TIMING] emit_host_span: [STRACE] v=1 pid=3968285 tid=3968285 inv=43 hid=4e691a1ac652a1b3 depth=1 name=chip.run.claim_release ts=83728186640932 dur=101 
[mono_ns=83728186643066][T0x7b8da775f740][TIMING] emit_host_span: [STRACE] v=1 pid=3968285 tid=3968285 inv=43 hid=4e691a1ac652a1b3 depth=0 name=chip.run ts=83727994499393 dur=192143342 run_id=0 dispatch_id=0 slot_id=0 generation=43 run_epoch=43
[mono_ns=83728378216211][T0x7b8da775f740][TIMING] emit_host_span: [STRACE] v=1 pid=3968285 tid=3968285 inv=44 hid=4e691a1ac652a1b3 depth=2 name=chip.run.bind.args ts=83728186976736 dur=191234889 
[mono_ns=83728378262331][T0x7b8da775f740][TIMING] emit_host_span: [STRACE] v=1 pid=3968285 tid=3968285 inv=44 hid=4e691a1ac652a1b3 depth=2 name=chip.run.bind.prebuilt ts=83728378257694 dur=4156 
[mono_ns=83728378267508][T0x7b8da775f740][TIMING] emit_host_span: [STRACE] v=1 pid=3968285 tid=3968285 inv=44 hid=4e691a1ac652a1b3 depth=1 name=chip.run.bind ts=83728186971619 dur=191295379 
[mono_ns=83728383377438][T0x7b8da775f740][WARN] prepare_execution: [device_runner.cpp:342] AICPU CPU_TOPO unavailable; using json_fallback: soc=Ascend950PR_9579 occupy=0x3e stable_reachable=5 requested=0 effective=5 affinity=[1, 2, 3, 4, 5(orch)]
[mono_ns=83728385510029][T0x7b8da775f740][TIMING] emit_host_span: [STRACE] v=1 pid=3968285 tid=3968285 inv=44 hid=4e691a1ac652a1b3 depth=1 name=chip.run.runner_run ts=83728383450968 dur=2057759 
[mono_ns=83728385833414][T0x7b8da775f740][TIMING] emit_host_span: [STRACE] v=1 pid=3968285 tid=3968285 inv=44 hid=4e691a1ac652a1b3 depth=1 name=chip.run.validate ts=83728385521095 dur=311949 
[mono_ns=83728385841026][T0x7b8da775f740][TIMING] emit_host_span: [STRACE] v=1 pid=3968285 tid=3968285 inv=44 hid=4e691a1ac652a1b3 depth=2 name=chip.run.runner_run.device_wall ts=0 dur=1842455 clk=dev
[mono_ns=83728385843079][T0x7b8da775f740][TIMING] emit_host_span: [STRACE] v=1 pid=3968285 tid=3968285 inv=44 hid=4e691a1ac652a1b3 depth=3 name=chip.run.runner_run.device_wall.preamble ts=0 dur=13908 clk=dev
[mono_ns=83728385844912][T0x7b8da775f740][TIMING] emit_host_span: [STRACE] v=1 pid=3968285 tid=3968285 inv=44 hid=4e691a1ac652a1b3 depth=3 name=chip.run.runner_run.device_wall.graph_build ts=3340 dur=1832906 clk=dev
[mono_ns=83728385846884][T0x7b8da775f740][TIMING] emit_host_span: [STRACE] v=1 pid=3968285 tid=3968285 inv=44 hid=4e691a1ac652a1b3 depth=3 name=chip.run.runner_run.device_wall.config_validate ts=3965 dur=1125 clk=dev
[mono_ns=83728385848597][T0x7b8da775f740][TIMING] emit_host_span: [STRACE] v=1 pid=3968285 tid=3968285 inv=44 hid=4e691a1ac652a1b3 depth=3 name=chip.run.runner_run.device_wall.arena_wire ts=5257 dur=2577 clk=dev
[mono_ns=83728385849739][T0x7b8da775f740][TIMING] emit_host_span: [STRACE] v=1 pid=3968285 tid=3968285 inv=44 hid=4e691a1ac652a1b3 depth=3 name=chip.run.runner_run.device_wall.sm_reset ts=7863 dur=2698 clk=dev
[mono_ns=83728385857150][T0x7b8da775f740][TIMING] emit_host_span: [STRACE] v=1 pid=3968285 tid=3968285 inv=44 hid=4e691a1ac652a1b3 depth=3 name=chip.run.runner_run.device_wall.post_orch ts=1836277 dur=5028 clk=dev
[mono_ns=83728385860705][T0x7b8da775f740][TIMING] emit_host_span: [STRACE] v=1 pid=3968285 tid=3968285 inv=44 hid=4e691a1ac652a1b3 depth=3 name=chip.run.runner_run.device_wall.orch ts=11236 dur=1260210 clk=dev
[mono_ns=83728385862588][T0x7b8da775f740][TIMING] emit_host_span: [STRACE] v=1 pid=3968285 tid=3968285 inv=44 hid=4e691a1ac652a1b3 depth=3 name=chip.run.runner_run.device_wall.sched ts=13820 dur=1810533 clk=dev
[mono_ns=83728385864441][T0x7b8da775f740][TIMING] emit_host_span: [STRACE] v=1 pid=3968285 tid=3968285 inv=44 hid=4e691a1ac652a1b3 depth=1 name=chip.run.claim_release ts=83728385863850 dur=100 
[mono_ns=83728385866274][T0x7b8da775f740][TIMING] emit_host_span: [STRACE] v=1 pid=3968285 tid=3968285 inv=44 hid=4e691a1ac652a1b3 depth=0 name=chip.run ts=83728186967392 dur=198898531 run_id=0 dispatch_id=0 slot_id=0 generation=44 run_epoch=44
[mono_ns=83728593298453][T0x7b8da775f740][TIMING] emit_host_span: [STRACE] v=1 pid=3968285 tid=3968285 inv=45 hid=4e691a1ac652a1b3 depth=2 name=chip.run.bind.args ts=83728386234586 dur=207059049 
[mono_ns=83728593352464][T0x7b8da775f740][TIMING] emit_host_span: [STRACE] v=1 pid=3968285 tid=3968285 inv=45 hid=4e691a1ac652a1b3 depth=2 name=chip.run.bind.prebuilt ts=83728593348337 dur=3746 
[mono_ns=83728593356530][T0x7b8da775f740][TIMING] emit_host_span: [STRACE] v=1 pid=3968285 tid=3968285 inv=45 hid=4e691a1ac652a1b3 depth=1 name=chip.run.bind ts=83728386229369 dur=207126570 
[mono_ns=83728598555833][T0x7b8da775f740][WARN] prepare_execution: [device_runner.cpp:342] AICPU CPU_TOPO unavailable; using json_fallback: soc=Ascend950PR_9579 occupy=0x3e stable_reachable=5 requested=0 effective=5 affinity=[1, 2, 3, 4, 5(orch)]
[mono_ns=83728600533902][T0x7b8da775f740][TIMING] emit_host_span: [STRACE] v=1 pid=3968285 tid=3968285 inv=45 hid=4e691a1ac652a1b3 depth=1 name=chip.run.runner_run ts=83728598627842 dur=1905319 
[mono_ns=83728600863777][T0x7b8da775f740][TIMING] emit_host_span: [STRACE] v=1 pid=3968285 tid=3968285 inv=45 hid=4e691a1ac652a1b3 depth=1 name=chip.run.validate ts=83728600543867 dur=319500 
[mono_ns=83728600870187][T0x7b8da775f740][TIMING] emit_host_span: [STRACE] v=1 pid=3968285 tid=3968285 inv=45 hid=4e691a1ac652a1b3 depth=2 name=chip.run.runner_run.device_wall ts=0 dur=1687114 clk=dev
[mono_ns=83728600872090][T0x7b8da775f740][TIMING] emit_host_span: [STRACE] v=1 pid=3968285 tid=3968285 inv=45 hid=4e691a1ac652a1b3 depth=3 name=chip.run.runner_run.device_wall.preamble ts=0 dur=15459 clk=dev
[mono_ns=83728600873943][T0x7b8da775f740][TIMING] emit_host_span: [STRACE] v=1 pid=3968285 tid=3968285 inv=45 hid=4e691a1ac652a1b3 depth=3 name=chip.run.runner_run.device_wall.graph_build ts=3441 dur=1678048 clk=dev
[mono_ns=83728600875796][T0x7b8da775f740][TIMING] emit_host_span: [STRACE] v=1 pid=3968285 tid=3968285 inv=45 hid=4e691a1ac652a1b3 depth=3 name=chip.run.runner_run.device_wall.config_validate ts=3719 dur=1067 clk=dev
[mono_ns=83728600877468][T0x7b8da775f740][TIMING] emit_host_span: [STRACE] v=1 pid=3968285 tid=3968285 inv=45 hid=4e691a1ac652a1b3 depth=3 name=chip.run.runner_run.device_wall.arena_wire ts=4806 dur=2912 clk=dev
[mono_ns=83728600878620][T0x7b8da775f740][TIMING] emit_host_span: [STRACE] v=1 pid=3968285 tid=3968285 inv=45 hid=4e691a1ac652a1b3 depth=3 name=chip.run.runner_run.device_wall.sm_reset ts=7754 dur=2937 clk=dev
[mono_ns=83728600879771][T0x7b8da775f740][TIMING] emit_host_span: [STRACE] v=1 pid=3968285 tid=3968285 inv=45 hid=4e691a1ac652a1b3 depth=3 name=chip.run.runner_run.device_wall.post_orch ts=1681519 dur=4349 clk=dev
[mono_ns=83728600880923][T0x7b8da775f740][TIMING] emit_host_span: [STRACE] v=1 pid=3968285 tid=3968285 inv=45 hid=4e691a1ac652a1b3 depth=3 name=chip.run.runner_run.device_wall.orch ts=11520 dur=1315604 clk=dev
[mono_ns=83728600882055][T0x7b8da775f740][TIMING] emit_host_span: [STRACE] v=1 pid=3968285 tid=3968285 inv=45 hid=4e691a1ac652a1b3 depth=3 name=chip.run.runner_run.device_wall.sched ts=15389 dur=1650703 clk=dev
[mono_ns=83728600891359][T0x7b8da775f740][TIMING] emit_host_span: [STRACE] v=1 pid=3968285 tid=3968285 inv=45 hid=4e691a1ac652a1b3 depth=1 name=chip.run.claim_release ts=83728600890738 dur=110 
[mono_ns=83728600893893][T0x7b8da775f740][TIMING] emit_host_span: [STRACE] v=1 pid=3968285 tid=3968285 inv=45 hid=4e691a1ac652a1b3 depth=0 name=chip.run ts=83728386224852 dur=214668680 run_id=0 dispatch_id=0 slot_id=0 generation=45 run_epoch=45
[mono_ns=83728801938544][T0x7b8da775f740][TIMING] emit_host_span: [STRACE] v=1 pid=3968285 tid=3968285 inv=46 hid=4e691a1ac652a1b3 depth=2 name=chip.run.bind.args ts=83728601278620 dur=200655197 
[mono_ns=83728801985986][T0x7b8da775f740][TIMING] emit_host_span: [STRACE] v=1 pid=3968285 tid=3968285 inv=46 hid=4e691a1ac652a1b3 depth=2 name=chip.run.bind.prebuilt ts=83728801981048 dur=4257 
[mono_ns=83728801990002][T0x7b8da775f740][TIMING] emit_host_span: [STRACE] v=1 pid=3968285 tid=3968285 inv=46 hid=4e691a1ac652a1b3 depth=1 name=chip.run.bind ts=83728601273252 dur=200716199 
[mono_ns=83728807237688][T0x7b8da775f740][WARN] prepare_execution: [device_runner.cpp:342] AICPU CPU_TOPO unavailable; using json_fallback: soc=Ascend950PR_9579 occupy=0x3e stable_reachable=5 requested=0 effective=5 affinity=[1, 2, 3, 4, 5(orch)]
[mono_ns=83728809332252][T0x7b8da775f740][TIMING] emit_host_span: [STRACE] v=1 pid=3968285 tid=3968285 inv=46 hid=4e691a1ac652a1b3 depth=1 name=chip.run.runner_run ts=83728807308715 dur=2022395 
[mono_ns=83728809675587][T0x7b8da775f740][TIMING] emit_host_span: [STRACE] v=1 pid=3968285 tid=3968285 inv=46 hid=4e691a1ac652a1b3 depth=1 name=chip.run.validate ts=83728809345562 dur=329625 
[mono_ns=83728809683529][T0x7b8da775f740][TIMING] emit_host_span: [STRACE] v=1 pid=3968285 tid=3968285 inv=46 hid=4e691a1ac652a1b3 depth=2 name=chip.run.runner_run.device_wall ts=0 dur=1768333 clk=dev
[mono_ns=83728809685782][T0x7b8da775f740][TIMING] emit_host_span: [STRACE] v=1 pid=3968285 tid=3968285 inv=46 hid=4e691a1ac652a1b3 depth=3 name=chip.run.runner_run.device_wall.preamble ts=0 dur=14093 clk=dev
[mono_ns=83728809687485][T0x7b8da775f740][TIMING] emit_host_span: [STRACE] v=1 pid=3968285 tid=3968285 inv=46 hid=4e691a1ac652a1b3 depth=3 name=chip.run.runner_run.device_wall.graph_build ts=3602 dur=1759192 clk=dev
[mono_ns=83728809689608][T0x7b8da775f740][TIMING] emit_host_span: [STRACE] v=1 pid=3968285 tid=3968285 inv=46 hid=4e691a1ac652a1b3 depth=3 name=chip.run.runner_run.device_wall.config_validate ts=4050 dur=1055 clk=dev
[mono_ns=83728809690970][T0x7b8da775f740][TIMING] emit_host_span: [STRACE] v=1 pid=3968285 tid=3968285 inv=46 hid=4e691a1ac652a1b3 depth=3 name=chip.run.runner_run.device_wall.arena_wire ts=5152 dur=2700 clk=dev
[mono_ns=83728809692102][T0x7b8da775f740][TIMING] emit_host_span: [STRACE] v=1 pid=3968285 tid=3968285 inv=46 hid=4e691a1ac652a1b3 depth=3 name=chip.run.runner_run.device_wall.sm_reset ts=7920 dur=2879 clk=dev
[mono_ns=83728809693234][T0x7b8da775f740][TIMING] emit_host_span: [STRACE] v=1 pid=3968285 tid=3968285 inv=46 hid=4e691a1ac652a1b3 depth=3 name=chip.run.runner_run.device_wall.post_orch ts=1762857 dur=4927 clk=dev
[mono_ns=83728809694405][T0x7b8da775f740][TIMING] emit_host_span: [STRACE] v=1 pid=3968285 tid=3968285 inv=46 hid=4e691a1ac652a1b3 depth=3 name=chip.run.runner_run.device_wall.orch ts=11056 dur=1268510 clk=dev
[mono_ns=83728809695547][T0x7b8da775f740][TIMING] emit_host_span: [STRACE] v=1 pid=3968285 tid=3968285 inv=46 hid=4e691a1ac652a1b3 depth=3 name=chip.run.runner_run.device_wall.sched ts=13975 dur=1733600 clk=dev
[mono_ns=83728809697049][T0x7b8da775f740][TIMING] emit_host_span: [STRACE] v=1 pid=3968285 tid=3968285 inv=46 hid=4e691a1ac652a1b3 depth=1 name=chip.run.claim_release ts=83728809696609 dur=110 
[mono_ns=83728809699012][T0x7b8da775f740][TIMING] emit_host_span: [STRACE] v=1 pid=3968285 tid=3968285 inv=46 hid=4e691a1ac652a1b3 depth=0 name=chip.run ts=83728601269567 dur=208429045 run_id=0 dispatch_id=0 slot_id=0 generation=46 run_epoch=46
[mono_ns=83728989033178][T0x7b8da775f740][TIMING] emit_host_span: [STRACE] v=1 pid=3968285 tid=3968285 inv=47 hid=4e691a1ac652a1b3 depth=2 name=chip.run.bind.args ts=83728810112523 dur=178918082 
[mono_ns=83728989067159][T0x7b8da775f740][TIMING] emit_host_span: [STRACE] v=1 pid=3968285 tid=3968285 inv=47 hid=4e691a1ac652a1b3 depth=2 name=chip.run.bind.prebuilt ts=83728989063063 dur=3746 
[mono_ns=83728989070294][T0x7b8da775f740][TIMING] emit_host_span: [STRACE] v=1 pid=3968285 tid=3968285 inv=47 hid=4e691a1ac652a1b3 depth=1 name=chip.run.bind ts=83728810106654 dur=178963139 
[mono_ns=83728994447675][T0x7b8da775f740][WARN] prepare_execution: [device_runner.cpp:342] AICPU CPU_TOPO unavailable; using json_fallback: soc=Ascend950PR_9579 occupy=0x3e stable_reachable=5 requested=0 effective=5 affinity=[1, 2, 3, 4, 5(orch)]
[mono_ns=83728996486065][T0x7b8da775f740][TIMING] emit_host_span: [STRACE] v=1 pid=3968285 tid=3968285 inv=47 hid=4e691a1ac652a1b3 depth=1 name=chip.run.runner_run ts=83728994524220 dur=1961214 
[mono_ns=83728996795529][T0x7b8da775f740][TIMING] emit_host_span: [STRACE] v=1 pid=3968285 tid=3968285 inv=47 hid=4e691a1ac652a1b3 depth=1 name=chip.run.validate ts=83728996496460 dur=298709 
[mono_ns=83728996802560][T0x7b8da775f740][TIMING] emit_host_span: [STRACE] v=1 pid=3968285 tid=3968285 inv=47 hid=4e691a1ac652a1b3 depth=2 name=chip.run.runner_run.device_wall ts=0 dur=1755696 clk=dev
[mono_ns=83728996804623][T0x7b8da775f740][TIMING] emit_host_span: [STRACE] v=1 pid=3968285 tid=3968285 inv=47 hid=4e691a1ac652a1b3 depth=3 name=chip.run.runner_run.device_wall.preamble ts=0 dur=13251 clk=dev
[mono_ns=83728996806656][T0x7b8da775f740][TIMING] emit_host_span: [STRACE] v=1 pid=3968285 tid=3968285 inv=47 hid=4e691a1ac652a1b3 depth=3 name=chip.run.runner_run.device_wall.graph_build ts=3333 dur=1746767 clk=dev
[mono_ns=83728996808989][T0x7b8da775f740][TIMING] emit_host_span: [STRACE] v=1 pid=3968285 tid=3968285 inv=47 hid=4e691a1ac652a1b3 depth=3 name=chip.run.runner_run.device_wall.config_validate ts=3654 dur=1223 clk=dev
[mono_ns=83728996810361][T0x7b8da775f740][TIMING] emit_host_span: [STRACE] v=1 pid=3968285 tid=3968285 inv=47 hid=4e691a1ac652a1b3 depth=3 name=chip.run.runner_run.device_wall.arena_wire ts=4907 dur=1819 clk=dev
[mono_ns=83728996811483][T0x7b8da775f740][TIMING] emit_host_span: [STRACE] v=1 pid=3968285 tid=3968285 inv=47 hid=4e691a1ac652a1b3 depth=3 name=chip.run.runner_run.device_wall.sm_reset ts=6756 dur=2501 clk=dev
[mono_ns=83728996812605][T0x7b8da775f740][TIMING] emit_host_span: [STRACE] v=1 pid=3968285 tid=3968285 inv=47 hid=4e691a1ac652a1b3 depth=3 name=chip.run.runner_run.device_wall.post_orch ts=1750129 dur=4569 clk=dev
[mono_ns=83728996813756][T0x7b8da775f740][TIMING] emit_host_span: [STRACE] v=1 pid=3968285 tid=3968285 inv=47 hid=4e691a1ac652a1b3 depth=3 name=chip.run.runner_run.device_wall.orch ts=9382 dur=1294623 clk=dev
[mono_ns=83728996814918][T0x7b8da775f740][TIMING] emit_host_span: [STRACE] v=1 pid=3968285 tid=3968285 inv=47 hid=4e691a1ac652a1b3 depth=3 name=chip.run.runner_run.device_wall.sched ts=13189 dur=1723941 clk=dev
[mono_ns=83728996816320][T0x7b8da775f740][TIMING] emit_host_span: [STRACE] v=1 pid=3968285 tid=3968285 inv=47 hid=4e691a1ac652a1b3 depth=1 name=chip.run.claim_release ts=83728996815970 dur=70 
[mono_ns=83728996818353][T0x7b8da775f740][TIMING] emit_host_span: [STRACE] v=1 pid=3968285 tid=3968285 inv=47 hid=4e691a1ac652a1b3 depth=0 name=chip.run ts=83728810099584 dur=186718429 run_id=0 dispatch_id=0 slot_id=0 generation=47 run_epoch=47
[mono_ns=83729168245812][T0x7b8da775f740][TIMING] emit_host_span: [STRACE] v=1 pid=3968285 tid=3968285 inv=48 hid=4e691a1ac652a1b3 depth=2 name=chip.run.bind.args ts=83728997155039 dur=171086557 
[mono_ns=83729168291681][T0x7b8da775f740][TIMING] emit_host_span: [STRACE] v=1 pid=3968285 tid=3968285 inv=48 hid=4e691a1ac652a1b3 depth=2 name=chip.run.bind.prebuilt ts=83729168287665 dur=3615 
[mono_ns=83729168296368][T0x7b8da775f740][TIMING] emit_host_span: [STRACE] v=1 pid=3968285 tid=3968285 inv=48 hid=4e691a1ac652a1b3 depth=1 name=chip.run.bind ts=83728997149851 dur=171146026 
[mono_ns=83729180275798][T0x7b8da775f740][WARN] prepare_execution: [device_runner.cpp:342] AICPU CPU_TOPO unavailable; using json_fallback: soc=Ascend950PR_9579 occupy=0x3e stable_reachable=5 requested=0 effective=5 affinity=[1, 2, 3, 4, 5(orch)]
[mono_ns=83729182299255][T0x7b8da775f740][TIMING] emit_host_span: [STRACE] v=1 pid=3968285 tid=3968285 inv=48 hid=4e691a1ac652a1b3 depth=1 name=chip.run.runner_run ts=83729180348678 dur=1949716 
[mono_ns=83729182592455][T0x7b8da775f740][TIMING] emit_host_span: [STRACE] v=1 pid=3968285 tid=3968285 inv=48 hid=4e691a1ac652a1b3 depth=1 name=chip.run.validate ts=83729182310722 dur=281112 
[mono_ns=83729182599296][T0x7b8da775f740][TIMING] emit_host_span: [STRACE] v=1 pid=3968285 tid=3968285 inv=48 hid=4e691a1ac652a1b3 depth=2 name=chip.run.runner_run.device_wall ts=0 dur=1718528 clk=dev
[mono_ns=83729182601859][T0x7b8da775f740][TIMING] emit_host_span: [STRACE] v=1 pid=3968285 tid=3968285 inv=48 hid=4e691a1ac652a1b3 depth=3 name=chip.run.runner_run.device_wall.preamble ts=0 dur=12525 clk=dev
[mono_ns=83729182603782][T0x7b8da775f740][TIMING] emit_host_span: [STRACE] v=1 pid=3968285 tid=3968285 inv=48 hid=4e691a1ac652a1b3 depth=3 name=chip.run.runner_run.device_wall.graph_build ts=3549 dur=1710168 clk=dev
[mono_ns=83729182605705][T0x7b8da775f740][TIMING] emit_host_span: [STRACE] v=1 pid=3968285 tid=3968285 inv=48 hid=4e691a1ac652a1b3 depth=3 name=chip.run.runner_run.device_wall.config_validate ts=3982 dur=1111 clk=dev
[mono_ns=83729182607047][T0x7b8da775f740][TIMING] emit_host_span: [STRACE] v=1 pid=3968285 tid=3968285 inv=48 hid=4e691a1ac652a1b3 depth=3 name=chip.run.runner_run.device_wall.arena_wire ts=5128 dur=1626 clk=dev
[mono_ns=83729182608169][T0x7b8da775f740][TIMING] emit_host_span: [STRACE] v=1 pid=3968285 tid=3968285 inv=48 hid=4e691a1ac652a1b3 depth=3 name=chip.run.runner_run.device_wall.sm_reset ts=6996 dur=2420 clk=dev
[mono_ns=83729182609301][T0x7b8da775f740][TIMING] emit_host_span: [STRACE] v=1 pid=3968285 tid=3968285 inv=48 hid=4e691a1ac652a1b3 depth=3 name=chip.run.runner_run.device_wall.post_orch ts=1713754 dur=4174 clk=dev
[mono_ns=83729182610442][T0x7b8da775f740][TIMING] emit_host_span: [STRACE] v=1 pid=3968285 tid=3968285 inv=48 hid=4e691a1ac652a1b3 depth=3 name=chip.run.runner_run.device_wall.orch ts=9661 dur=1253559 clk=dev
[mono_ns=83729182611574][T0x7b8da775f740][TIMING] emit_host_span: [STRACE] v=1 pid=3968285 tid=3968285 inv=48 hid=4e691a1ac652a1b3 depth=3 name=chip.run.runner_run.device_wall.sched ts=12520 dur=1686483 clk=dev
[mono_ns=83729182613387][T0x7b8da775f740][TIMING] emit_host_span: [STRACE] v=1 pid=3968285 tid=3968285 inv=48 hid=4e691a1ac652a1b3 depth=1 name=chip.run.claim_release ts=83729182612986 dur=110 
[mono_ns=83729182615219][T0x7b8da775f740][TIMING] emit_host_span: [STRACE] v=1 pid=3968285 tid=3968285 inv=48 hid=4e691a1ac652a1b3 depth=0 name=chip.run ts=83728997143982 dur=185470887 run_id=0 dispatch_id=0 slot_id=0 generation=48 run_epoch=48
[mono_ns=83729356355349][T0x7b8da775f740][TIMING] emit_host_span: [STRACE] v=1 pid=3968285 tid=3968285 inv=49 hid=4e691a1ac652a1b3 depth=2 name=chip.run.bind.args ts=83729182982070 dur=173370315 
[mono_ns=83729356395740][T0x7b8da775f740][TIMING] emit_host_span: [STRACE] v=1 pid=3968285 tid=3968285 inv=49 hid=4e691a1ac652a1b3 depth=2 name=chip.run.bind.prebuilt ts=83729356391774 dur=3615 
[mono_ns=83729356398284][T0x7b8da775f740][TIMING] emit_host_span: [STRACE] v=1 pid=3968285 tid=3968285 inv=49 hid=4e691a1ac652a1b3 depth=1 name=chip.run.bind ts=83729182976171 dur=173421592 
[mono_ns=83729361578589][T0x7b8da775f740][WARN] prepare_execution: [device_runner.cpp:342] AICPU CPU_TOPO unavailable; using json_fallback: soc=Ascend950PR_9579 occupy=0x3e stable_reachable=5 requested=0 effective=5 affinity=[1, 2, 3, 4, 5(orch)]
[mono_ns=83729363597920][T0x7b8da775f740][TIMING] emit_host_span: [STRACE] v=1 pid=3968285 tid=3968285 inv=49 hid=4e691a1ac652a1b3 depth=1 name=chip.run.runner_run ts=83729361647462 dur=1949707 
[mono_ns=83729363901606][T0x7b8da775f740][TIMING] emit_host_span: [STRACE] v=1 pid=3968285 tid=3968285 inv=49 hid=4e691a1ac652a1b3 depth=1 name=chip.run.validate ts=83729363609227 dur=292038 
[mono_ns=83729363916027][T0x7b8da775f740][TIMING] emit_host_span: [STRACE] v=1 pid=3968285 tid=3968285 inv=49 hid=4e691a1ac652a1b3 depth=2 name=chip.run.runner_run.device_wall ts=0 dur=1752775 clk=dev
[mono_ns=83729363918090][T0x7b8da775f740][TIMING] emit_host_span: [STRACE] v=1 pid=3968285 tid=3968285 inv=49 hid=4e691a1ac652a1b3 depth=3 name=chip.run.runner_run.device_wall.preamble ts=0 dur=12654 clk=dev
[mono_ns=83729363919583][T0x7b8da775f740][TIMING] emit_host_span: [STRACE] v=1 pid=3968285 tid=3968285 inv=49 hid=4e691a1ac652a1b3 depth=3 name=chip.run.runner_run.device_wall.graph_build ts=3164 dur=1743763 clk=dev
[mono_ns=83729363921676][T0x7b8da775f740][TIMING] emit_host_span: [STRACE] v=1 pid=3968285 tid=3968285 inv=49 hid=4e691a1ac652a1b3 depth=3 name=chip.run.runner_run.device_wall.config_validate ts=3439 dur=1055 clk=dev
[mono_ns=83729363924400][T0x7b8da775f740][TIMING] emit_host_span: [STRACE] v=1 pid=3968285 tid=3968285 inv=49 hid=4e691a1ac652a1b3 depth=3 name=chip.run.runner_run.device_wall.arena_wire ts=4518 dur=1891 clk=dev
[mono_ns=83729363926233][T0x7b8da775f740][TIMING] emit_host_span: [STRACE] v=1 pid=3968285 tid=3968285 inv=49 hid=4e691a1ac652a1b3 depth=3 name=chip.run.runner_run.device_wall.sm_reset ts=6427 dur=2461 clk=dev
[mono_ns=83729363927595][T0x7b8da775f740][TIMING] emit_host_span: [STRACE] v=1 pid=3968285 tid=3968285 inv=49 hid=4e691a1ac652a1b3 depth=3 name=chip.run.runner_run.device_wall.post_orch ts=1746977 dur=5066 clk=dev
[mono_ns=83729363928756][T0x7b8da775f740][TIMING] emit_host_span: [STRACE] v=1 pid=3968285 tid=3968285 inv=49 hid=4e691a1ac652a1b3 depth=3 name=chip.run.runner_run.device_wall.orch ts=8919 dur=1302065 clk=dev
[mono_ns=83729363929878][T0x7b8da775f740][TIMING] emit_host_span: [STRACE] v=1 pid=3968285 tid=3968285 inv=49 hid=4e691a1ac652a1b3 depth=3 name=chip.run.runner_run.device_wall.sched ts=12888 dur=1720346 clk=dev
[mono_ns=83729363931661][T0x7b8da775f740][TIMING] emit_host_span: [STRACE] v=1 pid=3968285 tid=3968285 inv=49 hid=4e691a1ac652a1b3 depth=1 name=chip.run.claim_release ts=83729363931290 dur=80 
[mono_ns=83729363933724][T0x7b8da775f740][TIMING] emit_host_span: [STRACE] v=1 pid=3968285 tid=3968285 inv=49 hid=4e691a1ac652a1b3 depth=0 name=chip.run ts=83729182968990 dur=180964383 run_id=0 dispatch_id=0 slot_id=0 generation=49 run_epoch=49
[mono_ns=83729563373537][T0x7b8da775f740][TIMING] emit_host_span: [STRACE] v=1 pid=3968285 tid=3968285 inv=50 hid=4e691a1ac652a1b3 depth=2 name=chip.run.bind.args ts=83729364275968 dur=199094635 
[mono_ns=83729563413717][T0x7b8da775f740][TIMING] emit_host_span: [STRACE] v=1 pid=3968285 tid=3968285 inv=50 hid=4e691a1ac652a1b3 depth=2 name=chip.run.bind.prebuilt ts=83729563409090 dur=4086 
[mono_ns=83729563416762][T0x7b8da775f740][TIMING] emit_host_span: [STRACE] v=1 pid=3968285 tid=3968285 inv=50 hid=4e691a1ac652a1b3 depth=1 name=chip.run.bind ts=83729364270319 dur=199145972 
[mono_ns=83729568615475][T0x7b8da775f740][WARN] prepare_execution: [device_runner.cpp:342] AICPU CPU_TOPO unavailable; using json_fallback: soc=Ascend950PR_9579 occupy=0x3e stable_reachable=5 requested=0 effective=5 affinity=[1, 2, 3, 4, 5(orch)]
[mono_ns=83729570594215][T0x7b8da775f740][TIMING] emit_host_span: [STRACE] v=1 pid=3968285 tid=3968285 inv=50 hid=4e691a1ac652a1b3 depth=1 name=chip.run.runner_run ts=83729568688444 dur=1904889 
[mono_ns=83729570901977][T0x7b8da775f740][TIMING] emit_host_span: [STRACE] v=1 pid=3968285 tid=3968285 inv=50 hid=4e691a1ac652a1b3 depth=1 name=chip.run.validate ts=83729570605171 dur=296255 
[mono_ns=83729570908817][T0x7b8da775f740][TIMING] emit_host_span: [STRACE] v=1 pid=3968285 tid=3968285 inv=50 hid=4e691a1ac652a1b3 depth=2 name=chip.run.runner_run.device_wall ts=0 dur=1695375 clk=dev
[mono_ns=83729570910820][T0x7b8da775f740][TIMING] emit_host_span: [STRACE] v=1 pid=3968285 tid=3968285 inv=50 hid=4e691a1ac652a1b3 depth=3 name=chip.run.runner_run.device_wall.preamble ts=0 dur=13182 clk=dev
[mono_ns=83729570919653][T0x7b8da775f740][TIMING] emit_host_span: [STRACE] v=1 pid=3968285 tid=3968285 inv=50 hid=4e691a1ac652a1b3 depth=3 name=chip.run.runner_run.device_wall.graph_build ts=3661 dur=1685272 clk=dev
[mono_ns=83729570921386][T0x7b8da775f740][TIMING] emit_host_span: [STRACE] v=1 pid=3968285 tid=3968285 inv=50 hid=4e691a1ac652a1b3 depth=3 name=chip.run.runner_run.device_wall.config_validate ts=4104 dur=1276 clk=dev
[mono_ns=83729570922758][T0x7b8da775f740][TIMING] emit_host_span: [STRACE] v=1 pid=3968285 tid=3968285 inv=50 hid=4e691a1ac652a1b3 depth=3 name=chip.run.runner_run.device_wall.arena_wire ts=5404 dur=1424 clk=dev
[mono_ns=83729570923889][T0x7b8da775f740][TIMING] emit_host_span: [STRACE] v=1 pid=3968285 tid=3968285 inv=50 hid=4e691a1ac652a1b3 depth=3 name=chip.run.runner_run.device_wall.sm_reset ts=6862 dur=2528 clk=dev
[mono_ns=83729570925041][T0x7b8da775f740][TIMING] emit_host_span: [STRACE] v=1 pid=3968285 tid=3968285 inv=50 hid=4e691a1ac652a1b3 depth=3 name=chip.run.runner_run.device_wall.post_orch ts=1688994 dur=5390 clk=dev
[mono_ns=83729570929268][T0x7b8da775f740][TIMING] emit_host_span: [STRACE] v=1 pid=3968285 tid=3968285 inv=50 hid=4e691a1ac652a1b3 depth=3 name=chip.run.runner_run.device_wall.orch ts=9495 dur=1282670 clk=dev
[mono_ns=83729570931100][T0x7b8da775f740][TIMING] emit_host_span: [STRACE] v=1 pid=3968285 tid=3968285 inv=50 hid=4e691a1ac652a1b3 depth=3 name=chip.run.runner_run.device_wall.sched ts=13213 dur=1662428 clk=dev
[mono_ns=83729570932933][T0x7b8da775f740][TIMING] emit_host_span: [STRACE] v=1 pid=3968285 tid=3968285 inv=50 hid=4e691a1ac652a1b3 depth=1 name=chip.run.claim_release ts=83729570932382 dur=80 
[mono_ns=83729570934996][T0x7b8da775f740][TIMING] emit_host_span: [STRACE] v=1 pid=3968285 tid=3968285 inv=50 hid=4e691a1ac652a1b3 depth=0 name=chip.run ts=83729364263689 dur=206670937 run_id=0 dispatch_id=0 slot_id=0 generation=50 run_epoch=50
[mono_ns=83729723422998][T0x7b8da775f740][TIMING] emit_host_span: [STRACE] v=1 pid=3968285 tid=3968285 inv=51 hid=4e691a1ac652a1b3 depth=2 name=chip.run.bind.args ts=83729571292403 dur=152126840 
[mono_ns=83729723464250][T0x7b8da775f740][TIMING] emit_host_span: [STRACE] v=1 pid=3968285 tid=3968285 inv=51 hid=4e691a1ac652a1b3 depth=2 name=chip.run.bind.prebuilt ts=83729723459263 dur=4687 
[mono_ns=83729723468787][T0x7b8da775f740][TIMING] emit_host_span: [STRACE] v=1 pid=3968285 tid=3968285 inv=51 hid=4e691a1ac652a1b3 depth=1 name=chip.run.bind ts=83729571286464 dur=152181742 
[mono_ns=83729728637014][T0x7b8da775f740][WARN] prepare_execution: [device_runner.cpp:342] AICPU CPU_TOPO unavailable; using json_fallback: soc=Ascend950PR_9579 occupy=0x3e stable_reachable=5 requested=0 effective=5 affinity=[1, 2, 3, 4, 5(orch)]
[mono_ns=83729730776986][T0x7b8da775f740][TIMING] emit_host_span: [STRACE] v=1 pid=3968285 tid=3968285 inv=51 hid=4e691a1ac652a1b3 depth=1 name=chip.run.runner_run ts=83729728711626 dur=2064479 
[mono_ns=83729731081633][T0x7b8da775f740][TIMING] emit_host_span: [STRACE] v=1 pid=3968285 tid=3968285 inv=51 hid=4e691a1ac652a1b3 depth=1 name=chip.run.validate ts=83729730786821 dur=294262 
[mono_ns=83729731089495][T0x7b8da775f740][TIMING] emit_host_span: [STRACE] v=1 pid=3968285 tid=3968285 inv=51 hid=4e691a1ac652a1b3 depth=2 name=chip.run.runner_run.device_wall ts=0 dur=1862329 clk=dev
[mono_ns=83729731091909][T0x7b8da775f740][TIMING] emit_host_span: [STRACE] v=1 pid=3968285 tid=3968285 inv=51 hid=4e691a1ac652a1b3 depth=3 name=chip.run.runner_run.device_wall.preamble ts=0 dur=13355 clk=dev
[mono_ns=83729731093581][T0x7b8da775f740][TIMING] emit_host_span: [STRACE] v=1 pid=3968285 tid=3968285 inv=51 hid=4e691a1ac652a1b3 depth=3 name=chip.run.runner_run.device_wall.graph_build ts=3138 dur=1853880 clk=dev
[mono_ns=83729731096195][T0x7b8da775f740][TIMING] emit_host_span: [STRACE] v=1 pid=3968285 tid=3968285 inv=51 hid=4e691a1ac652a1b3 depth=3 name=chip.run.runner_run.device_wall.config_validate ts=3413 dur=1115 clk=dev
[mono_ns=83729731098158][T0x7b8da775f740][TIMING] emit_host_span: [STRACE] v=1 pid=3968285 tid=3968285 inv=51 hid=4e691a1ac652a1b3 depth=3 name=chip.run.runner_run.device_wall.arena_wire ts=4551 dur=2416 clk=dev
[mono_ns=83729731105179][T0x7b8da775f740][TIMING] emit_host_span: [STRACE] v=1 pid=3968285 tid=3968285 inv=51 hid=4e691a1ac652a1b3 depth=3 name=chip.run.runner_run.device_wall.sm_reset ts=6985 dur=3441 clk=dev
[mono_ns=83729731106340][T0x7b8da775f740][TIMING] emit_host_span: [STRACE] v=1 pid=3968285 tid=3968285 inv=51 hid=4e691a1ac652a1b3 depth=3 name=chip.run.runner_run.device_wall.post_orch ts=1857041 dur=4524 clk=dev
[mono_ns=83729731107482][T0x7b8da775f740][TIMING] emit_host_span: [STRACE] v=1 pid=3968285 tid=3968285 inv=51 hid=4e691a1ac652a1b3 depth=3 name=chip.run.runner_run.device_wall.orch ts=10931 dur=1283531 clk=dev
[mono_ns=83729731109746][T0x7b8da775f740][TIMING] emit_host_span: [STRACE] v=1 pid=3968285 tid=3968285 inv=51 hid=4e691a1ac652a1b3 depth=3 name=chip.run.runner_run.device_wall.sched ts=13335 dur=1830577 clk=dev
[mono_ns=83729731112159][T0x7b8da775f740][TIMING] emit_host_span: [STRACE] v=1 pid=3968285 tid=3968285 inv=51 hid=4e691a1ac652a1b3 depth=1 name=chip.run.claim_release ts=83729731111588 dur=80 
[mono_ns=83729731114032][T0x7b8da775f740][TIMING] emit_host_span: [STRACE] v=1 pid=3968285 tid=3968285 inv=51 hid=4e691a1ac652a1b3 depth=0 name=chip.run ts=83729571279914 dur=159833767 run_id=0 dispatch_id=0 slot_id=0 generation=51 run_epoch=51
[mono_ns=83729900585695][T0x7b8da775f740][TIMING] emit_host_span: [STRACE] v=1 pid=3968285 tid=3968285 inv=52 hid=4e691a1ac652a1b3 depth=2 name=chip.run.bind.args ts=83729731484999 dur=169096921 
[mono_ns=83729900630563][T0x7b8da775f740][TIMING] emit_host_span: [STRACE] v=1 pid=3968285 tid=3968285 inv=52 hid=4e691a1ac652a1b3 depth=2 name=chip.run.bind.prebuilt ts=83729900626006 dur=4246 
[mono_ns=83729900634158][T0x7b8da775f740][TIMING] emit_host_span: [STRACE] v=1 pid=3968285 tid=3968285 inv=52 hid=4e691a1ac652a1b3 depth=1 name=chip.run.bind ts=83729731479721 dur=169153806 
[mono_ns=83729905787623][T0x7b8da775f740][WARN] prepare_execution: [device_runner.cpp:342] AICPU CPU_TOPO unavailable; using json_fallback: soc=Ascend950PR_9579 occupy=0x3e stable_reachable=5 requested=0 effective=5 affinity=[1, 2, 3, 4, 5(orch)]
[mono_ns=83729907843198][T0x7b8da775f740][TIMING] emit_host_span: [STRACE] v=1 pid=3968285 tid=3968285 inv=52 hid=4e691a1ac652a1b3 depth=1 name=chip.run.runner_run ts=83729905856787 dur=1985620 
[mono_ns=83729908145051][T0x7b8da775f740][TIMING] emit_host_span: [STRACE] v=1 pid=3968285 tid=3968285 inv=52 hid=4e691a1ac652a1b3 depth=1 name=chip.run.validate ts=83729907853343 dur=291318 
[mono_ns=83729908152913][T0x7b8da775f740][TIMING] emit_host_span: [STRACE] v=1 pid=3968285 tid=3968285 inv=52 hid=4e691a1ac652a1b3 depth=2 name=chip.run.runner_run.device_wall ts=0 dur=1777544 clk=dev
[mono_ns=83729908155076][T0x7b8da775f740][TIMING] emit_host_span: [STRACE] v=1 pid=3968285 tid=3968285 inv=52 hid=4e691a1ac652a1b3 depth=3 name=chip.run.runner_run.device_wall.preamble ts=0 dur=12935 clk=dev
[mono_ns=83729908156669][T0x7b8da775f740][TIMING] emit_host_span: [STRACE] v=1 pid=3968285 tid=3968285 inv=52 hid=4e691a1ac652a1b3 depth=3 name=chip.run.runner_run.device_wall.graph_build ts=2719 dur=1769222 clk=dev
[mono_ns=83729908158622][T0x7b8da775f740][TIMING] emit_host_span: [STRACE] v=1 pid=3968285 tid=3968285 inv=52 hid=4e691a1ac652a1b3 depth=3 name=chip.run.runner_run.device_wall.config_validate ts=3018 dur=822 clk=dev
[mono_ns=83729908160254][T0x7b8da775f740][TIMING] emit_host_span: [STRACE] v=1 pid=3968285 tid=3968285 inv=52 hid=4e691a1ac652a1b3 depth=3 name=chip.run.runner_run.device_wall.arena_wire ts=3864 dur=2235 clk=dev
[mono_ns=83729908161656][T0x7b8da775f740][TIMING] emit_host_span: [STRACE] v=1 pid=3968285 tid=3968285 inv=52 hid=4e691a1ac652a1b3 depth=3 name=chip.run.runner_run.device_wall.sm_reset ts=6129 dur=2428 clk=dev
[mono_ns=83729908162808][T0x7b8da775f740][TIMING] emit_host_span: [STRACE] v=1 pid=3968285 tid=3968285 inv=52 hid=4e691a1ac652a1b3 depth=3 name=chip.run.runner_run.device_wall.post_orch ts=1771970 dur=4914 clk=dev
[mono_ns=83729908172022][T0x7b8da775f740][TIMING] emit_host_span: [STRACE] v=1 pid=3968285 tid=3968285 inv=52 hid=4e691a1ac652a1b3 depth=3 name=chip.run.runner_run.device_wall.orch ts=8592 dur=1300305 clk=dev
[mono_ns=83729908174225][T0x7b8da775f740][TIMING] emit_host_span: [STRACE] v=1 pid=3968285 tid=3968285 inv=52 hid=4e691a1ac652a1b3 depth=3 name=chip.run.runner_run.device_wall.sched ts=12741 dur=1744379 clk=dev
[mono_ns=83729908176528][T0x7b8da775f740][TIMING] emit_host_span: [STRACE] v=1 pid=3968285 tid=3968285 inv=52 hid=4e691a1ac652a1b3 depth=1 name=chip.run.claim_release ts=83729908175948 dur=280 
[mono_ns=83729908178572][T0x7b8da775f740][TIMING] emit_host_span: [STRACE] v=1 pid=3968285 tid=3968285 inv=52 hid=4e691a1ac652a1b3 depth=0 name=chip.run ts=83729731473221 dur=176705010 run_id=0 dispatch_id=0 slot_id=0 generation=52 run_epoch=52
[mono_ns=83730106884213][T0x7b8da775f740][TIMING] emit_host_span: [STRACE] v=1 pid=3968285 tid=3968285 inv=53 hid=4e691a1ac652a1b3 depth=2 name=chip.run.bind.args ts=83729908502638 dur=198378250 
[mono_ns=83730106924884][T0x7b8da775f740][TIMING] emit_host_span: [STRACE] v=1 pid=3968285 tid=3968285 inv=53 hid=4e691a1ac652a1b3 depth=2 name=chip.run.bind.prebuilt ts=83730106920918 dur=3455 
[mono_ns=83730106927908][T0x7b8da775f740][TIMING] emit_host_span: [STRACE] v=1 pid=3968285 tid=3968285 inv=53 hid=4e691a1ac652a1b3 depth=1 name=chip.run.bind ts=83729908497911 dur=198429507 
[mono_ns=83730112126751][T0x7b8da775f740][WARN] prepare_execution: [device_runner.cpp:342] AICPU CPU_TOPO unavailable; using json_fallback: soc=Ascend950PR_9579 occupy=0x3e stable_reachable=5 requested=0 effective=5 affinity=[1, 2, 3, 4, 5(orch)]
[mono_ns=83730114137539][T0x7b8da775f740][TIMING] emit_host_span: [STRACE] v=1 pid=3968285 tid=3968285 inv=53 hid=4e691a1ac652a1b3 depth=1 name=chip.run.runner_run ts=83730112196716 dur=1939752 
[mono_ns=83730114450920][T0x7b8da775f740][TIMING] emit_host_span: [STRACE] v=1 pid=3968285 tid=3968285 inv=53 hid=4e691a1ac652a1b3 depth=1 name=chip.run.validate ts=83730114151550 dur=298819 
[mono_ns=83730114457590][T0x7b8da775f740][TIMING] emit_host_span: [STRACE] v=1 pid=3968285 tid=3968285 inv=53 hid=4e691a1ac652a1b3 depth=2 name=chip.run.runner_run.device_wall ts=0 dur=1741359 clk=dev
[mono_ns=83730114459533][T0x7b8da775f740][TIMING] emit_host_span: [STRACE] v=1 pid=3968285 tid=3968285 inv=53 hid=4e691a1ac652a1b3 depth=3 name=chip.run.runner_run.device_wall.preamble ts=0 dur=14069 clk=dev
[mono_ns=83730114461105][T0x7b8da775f740][TIMING] emit_host_span: [STRACE] v=1 pid=3968285 tid=3968285 inv=53 hid=4e691a1ac652a1b3 depth=3 name=chip.run.runner_run.device_wall.graph_build ts=2534 dur=1733387 clk=dev
[mono_ns=83730114465001][T0x7b8da775f740][TIMING] emit_host_span: [STRACE] v=1 pid=3968285 tid=3968285 inv=53 hid=4e691a1ac652a1b3 depth=3 name=chip.run.runner_run.device_wall.config_validate ts=3434 dur=1015 clk=dev
[mono_ns=83730114466834][T0x7b8da775f740][TIMING] emit_host_span: [STRACE] v=1 pid=3968285 tid=3968285 inv=53 hid=4e691a1ac652a1b3 depth=3 name=chip.run.runner_run.device_wall.arena_wire ts=4493 dur=2616 clk=dev
[mono_ns=83730114468196][T0x7b8da775f740][TIMING] emit_host_span: [STRACE] v=1 pid=3968285 tid=3968285 inv=53 hid=4e691a1ac652a1b3 depth=3 name=chip.run.runner_run.device_wall.sm_reset ts=7128 dur=3234 clk=dev
[mono_ns=83730114469347][T0x7b8da775f740][TIMING] emit_host_span: [STRACE] v=1 pid=3968285 tid=3968285 inv=53 hid=4e691a1ac652a1b3 depth=3 name=chip.run.runner_run.device_wall.post_orch ts=1735996 dur=4891 clk=dev
[mono_ns=83730114470489][T0x7b8da775f740][TIMING] emit_host_span: [STRACE] v=1 pid=3968285 tid=3968285 inv=53 hid=4e691a1ac652a1b3 depth=3 name=chip.run.runner_run.device_wall.orch ts=11363 dur=1265428 clk=dev
[mono_ns=83730114471641][T0x7b8da775f740][TIMING] emit_host_span: [STRACE] v=1 pid=3968285 tid=3968285 inv=53 hid=4e691a1ac652a1b3 depth=3 name=chip.run.runner_run.device_wall.sched ts=13658 dur=1708943 clk=dev
[mono_ns=83730114473434][T0x7b8da775f740][TIMING] emit_host_span: [STRACE] v=1 pid=3968285 tid=3968285 inv=53 hid=4e691a1ac652a1b3 depth=1 name=chip.run.claim_release ts=83730114473043 dur=90 
[mono_ns=83730114482207][T0x7b8da775f740][TIMING] emit_host_span: [STRACE] v=1 pid=3968285 tid=3968285 inv=53 hid=4e691a1ac652a1b3 depth=0 name=chip.run ts=83729908491531 dur=205990295 run_id=0 dispatch_id=0 slot_id=0 generation=53 run_epoch=53
[mono_ns=83730294266739][T0x7b8da775f740][TIMING] emit_host_span: [STRACE] v=1 pid=3968285 tid=3968285 inv=54 hid=4e691a1ac652a1b3 depth=2 name=chip.run.bind.args ts=83730114829899 dur=179432313 
[mono_ns=83730294313829][T0x7b8da775f740][TIMING] emit_host_span: [STRACE] v=1 pid=3968285 tid=3968285 inv=54 hid=4e691a1ac652a1b3 depth=2 name=chip.run.bind.prebuilt ts=83730294309062 dur=4427 
[mono_ns=83730294319228][T0x7b8da775f740][TIMING] emit_host_span: [STRACE] v=1 pid=3968285 tid=3968285 inv=54 hid=4e691a1ac652a1b3 depth=1 name=chip.run.bind ts=83730114823809 dur=179494918 
[mono_ns=83730299528797][T0x7b8da775f740][WARN] prepare_execution: [device_runner.cpp:342] AICPU CPU_TOPO unavailable; using json_fallback: soc=Ascend950PR_9579 occupy=0x3e stable_reachable=5 requested=0 effective=5 affinity=[1, 2, 3, 4, 5(orch)]
[mono_ns=83730301486325][T0x7b8da775f740][TIMING] emit_host_span: [STRACE] v=1 pid=3968285 tid=3968285 inv=54 hid=4e691a1ac652a1b3 depth=1 name=chip.run.runner_run ts=83730299598581 dur=1887093 
[mono_ns=83730301785464][T0x7b8da775f740][TIMING] emit_host_span: [STRACE] v=1 pid=3968285 tid=3968285 inv=54 hid=4e691a1ac652a1b3 depth=1 name=chip.run.validate ts=83730301496740 dur=288363 
[mono_ns=83730301792885][T0x7b8da775f740][TIMING] emit_host_span: [STRACE] v=1 pid=3968285 tid=3968285 inv=54 hid=4e691a1ac652a1b3 depth=2 name=chip.run.runner_run.device_wall ts=0 dur=1667604 clk=dev
[mono_ns=83730301794968][T0x7b8da775f740][TIMING] emit_host_span: [STRACE] v=1 pid=3968285 tid=3968285 inv=54 hid=4e691a1ac652a1b3 depth=3 name=chip.run.runner_run.device_wall.preamble ts=0 dur=13967 clk=dev
[mono_ns=83730301796711][T0x7b8da775f740][TIMING] emit_host_span: [STRACE] v=1 pid=3968285 tid=3968285 inv=54 hid=4e691a1ac652a1b3 depth=3 name=chip.run.runner_run.device_wall.graph_build ts=3036 dur=1658786 clk=dev
[mono_ns=83730301799204][T0x7b8da775f740][TIMING] emit_host_span: [STRACE] v=1 pid=3968285 tid=3968285 inv=54 hid=4e691a1ac652a1b3 depth=3 name=chip.run.runner_run.device_wall.config_validate ts=3333 dur=906 clk=dev
[mono_ns=83730301800817][T0x7b8da775f740][TIMING] emit_host_span: [STRACE] v=1 pid=3968285 tid=3968285 inv=54 hid=4e691a1ac652a1b3 depth=3 name=chip.run.runner_run.device_wall.arena_wire ts=4418 dur=2033 clk=dev
[mono_ns=83730301801969][T0x7b8da775f740][TIMING] emit_host_span: [STRACE] v=1 pid=3968285 tid=3968285 inv=54 hid=4e691a1ac652a1b3 depth=3 name=chip.run.runner_run.device_wall.sm_reset ts=6629 dur=2821 clk=dev
[mono_ns=83730301803090][T0x7b8da775f740][TIMING] emit_host_span: [STRACE] v=1 pid=3968285 tid=3968285 inv=54 hid=4e691a1ac652a1b3 depth=3 name=chip.run.runner_run.device_wall.post_orch ts=1661860 dur=5171 clk=dev
[mono_ns=83730301804222][T0x7b8da775f740][TIMING] emit_host_span: [STRACE] v=1 pid=3968285 tid=3968285 inv=54 hid=4e691a1ac652a1b3 depth=3 name=chip.run.runner_run.device_wall.orch ts=9530 dur=1303920 clk=dev
[mono_ns=83730301805374][T0x7b8da775f740][TIMING] emit_host_span: [STRACE] v=1 pid=3968285 tid=3968285 inv=54 hid=4e691a1ac652a1b3 depth=3 name=chip.run.runner_run.device_wall.sched ts=13954 dur=1635230 clk=dev
[mono_ns=83730301807116][T0x7b8da775f740][TIMING] emit_host_span: [STRACE] v=1 pid=3968285 tid=3968285 inv=54 hid=4e691a1ac652a1b3 depth=1 name=chip.run.claim_release ts=83730301806545 dur=91 
[mono_ns=83730301809139][T0x7b8da775f740][TIMING] emit_host_span: [STRACE] v=1 pid=3968285 tid=3968285 inv=54 hid=4e691a1ac652a1b3 depth=0 name=chip.run ts=83730114817199 dur=186991580 run_id=0 dispatch_id=0 slot_id=0 generation=54 run_epoch=54
[mono_ns=83730471982976][T0x7b8da775f740][TIMING] emit_host_span: [STRACE] v=1 pid=3968285 tid=3968285 inv=55 hid=4e691a1ac652a1b3 depth=2 name=chip.run.bind.args ts=83730302189420 dur=169788759 
[mono_ns=83730472033903][T0x7b8da775f740][TIMING] emit_host_span: [STRACE] v=1 pid=3968285 tid=3968285 inv=55 hid=4e691a1ac652a1b3 depth=2 name=chip.run.bind.prebuilt ts=83730472029506 dur=3896 
[mono_ns=83730472046001][T0x7b8da775f740][TIMING] emit_host_span: [STRACE] v=1 pid=3968285 tid=3968285 inv=55 hid=4e691a1ac652a1b3 depth=1 name=chip.run.bind ts=83730302184282 dur=169861198 
[mono_ns=83730476866576][T0x7b8da775f740][WARN] prepare_execution: [device_runner.cpp:342] AICPU CPU_TOPO unavailable; using json_fallback: soc=Ascend950PR_9579 occupy=0x3e stable_reachable=5 requested=0 effective=5 affinity=[1, 2, 3, 4, 5(orch)]
[mono_ns=83730478935572][T0x7b8da775f740][TIMING] emit_host_span: [STRACE] v=1 pid=3968285 tid=3968285 inv=55 hid=4e691a1ac652a1b3 depth=1 name=chip.run.runner_run ts=83730476940527 dur=1994414 
[mono_ns=83730479255262][T0x7b8da775f740][TIMING] emit_host_span: [STRACE] v=1 pid=3968285 tid=3968285 inv=55 hid=4e691a1ac652a1b3 depth=1 name=chip.run.validate ts=83730478948301 dur=306540 
[mono_ns=83730479264075][T0x7b8da775f740][TIMING] emit_host_span: [STRACE] v=1 pid=3968285 tid=3968285 inv=55 hid=4e691a1ac652a1b3 depth=2 name=chip.run.runner_run.device_wall ts=0 dur=1748783 clk=dev
[mono_ns=83730479266599][T0x7b8da775f740][TIMING] emit_host_span: [STRACE] v=1 pid=3968285 tid=3968285 inv=55 hid=4e691a1ac652a1b3 depth=3 name=chip.run.runner_run.device_wall.preamble ts=0 dur=13954 clk=dev
[mono_ns=83730479267881][T0x7b8da775f740][TIMING] emit_host_span: [STRACE] v=1 pid=3968285 tid=3968285 inv=55 hid=4e691a1ac652a1b3 depth=3 name=chip.run.runner_run.device_wall.graph_build ts=3026 dur=1740726 clk=dev
[mono_ns=83730479269613][T0x7b8da775f740][TIMING] emit_host_span: [STRACE] v=1 pid=3968285 tid=3968285 inv=55 hid=4e691a1ac652a1b3 depth=3 name=chip.run.runner_run.device_wall.config_validate ts=3779 dur=1732 clk=dev
[mono_ns=83730479272247][T0x7b8da775f740][TIMING] emit_host_span: [STRACE] v=1 pid=3968285 tid=3968285 inv=55 hid=4e691a1ac652a1b3 depth=3 name=chip.run.runner_run.device_wall.arena_wire ts=5539 dur=2712 clk=dev
[mono_ns=83730479274140][T0x7b8da775f740][TIMING] emit_host_span: [STRACE] v=1 pid=3968285 tid=3968285 inv=55 hid=4e691a1ac652a1b3 depth=3 name=chip.run.runner_run.device_wall.sm_reset ts=8267 dur=3246 clk=dev
[mono_ns=83730479275272][T0x7b8da775f740][TIMING] emit_host_span: [STRACE] v=1 pid=3968285 tid=3968285 inv=55 hid=4e691a1ac652a1b3 depth=3 name=chip.run.runner_run.device_wall.post_orch ts=1743831 dur=4358 clk=dev
[mono_ns=83730479276403][T0x7b8da775f740][TIMING] emit_host_span: [STRACE] v=1 pid=3968285 tid=3968285 inv=55 hid=4e691a1ac652a1b3 depth=3 name=chip.run.runner_run.device_wall.orch ts=11696 dur=1263140 clk=dev
[mono_ns=83730479277555][T0x7b8da775f740][TIMING] emit_host_span: [STRACE] v=1 pid=3968285 tid=3968285 inv=55 hid=4e691a1ac652a1b3 depth=3 name=chip.run.runner_run.device_wall.sched ts=13649 dur=1717327 clk=dev
[mono_ns=83730479279228][T0x7b8da775f740][TIMING] emit_host_span: [STRACE] v=1 pid=3968285 tid=3968285 inv=55 hid=4e691a1ac652a1b3 depth=1 name=chip.run.claim_release ts=83730479278607 dur=110 
[mono_ns=83730479281140][T0x7b8da775f740][TIMING] emit_host_span: [STRACE] v=1 pid=3968285 tid=3968285 inv=55 hid=4e691a1ac652a1b3 depth=0 name=chip.run ts=83730302178624 dur=177102136 run_id=0 dispatch_id=0 slot_id=0 generation=55 run_epoch=55
[mono_ns=83730682173556][T0x7b8da775f740][TIMING] emit_host_span: [STRACE] v=1 pid=3968285 tid=3968285 inv=56 hid=4e691a1ac652a1b3 depth=2 name=chip.run.bind.args ts=83730479657055 dur=202512184 
[mono_ns=83730682217301][T0x7b8da775f740][TIMING] emit_host_span: [STRACE] v=1 pid=3968285 tid=3968285 inv=56 hid=4e691a1ac652a1b3 depth=2 name=chip.run.bind.prebuilt ts=83730682213385 dur=3516 
[mono_ns=83730682220236][T0x7b8da775f740][TIMING] emit_host_span: [STRACE] v=1 pid=3968285 tid=3968285 inv=56 hid=4e691a1ac652a1b3 depth=1 name=chip.run.bind ts=83730479651026 dur=202568699 
[mono_ns=83730686935172][T0x7b8da775f740][WARN] prepare_execution: [device_runner.cpp:342] AICPU CPU_TOPO unavailable; using json_fallback: soc=Ascend950PR_9579 occupy=0x3e stable_reachable=5 requested=0 effective=5 affinity=[1, 2, 3, 4, 5(orch)]
[mono_ns=83730688863547][T0x7b8da775f740][TIMING] emit_host_span: [STRACE] v=1 pid=3968285 tid=3968285 inv=56 hid=4e691a1ac652a1b3 depth=1 name=chip.run.runner_run ts=83730687019839 dur=1843087 
[mono_ns=83730689175986][T0x7b8da775f740][TIMING] emit_host_span: [STRACE] v=1 pid=3968285 tid=3968285 inv=56 hid=4e691a1ac652a1b3 depth=1 name=chip.run.validate ts=83730688873512 dur=302093 
[mono_ns=83730689183627][T0x7b8da775f740][TIMING] emit_host_span: [STRACE] v=1 pid=3968285 tid=3968285 inv=56 hid=4e691a1ac652a1b3 depth=2 name=chip.run.runner_run.device_wall ts=0 dur=1640759 clk=dev
[mono_ns=83730689185580][T0x7b8da775f740][TIMING] emit_host_span: [STRACE] v=1 pid=3968285 tid=3968285 inv=56 hid=4e691a1ac652a1b3 depth=3 name=chip.run.runner_run.device_wall.preamble ts=0 dur=14382 clk=dev
[mono_ns=83730689186912][T0x7b8da775f740][TIMING] emit_host_span: [STRACE] v=1 pid=3968285 tid=3968285 inv=56 hid=4e691a1ac652a1b3 depth=3 name=chip.run.runner_run.device_wall.graph_build ts=2871 dur=1632187 clk=dev
[mono_ns=83730689188384][T0x7b8da775f740][TIMING] emit_host_span: [STRACE] v=1 pid=3968285 tid=3968285 inv=56 hid=4e691a1ac652a1b3 depth=3 name=chip.run.runner_run.device_wall.config_validate ts=3486 dur=1337 clk=dev
[mono_ns=83730689191008][T0x7b8da775f740][TIMING] emit_host_span: [STRACE] v=1 pid=3968285 tid=3968285 inv=56 hid=4e691a1ac652a1b3 depth=3 name=chip.run.runner_run.device_wall.arena_wire ts=4966 dur=2284 clk=dev
[mono_ns=83730689192370][T0x7b8da775f740][TIMING] emit_host_span: [STRACE] v=1 pid=3968285 tid=3968285 inv=56 hid=4e691a1ac652a1b3 depth=3 name=chip.run.runner_run.device_wall.sm_reset ts=7269 dur=3041 clk=dev
[mono_ns=83730689193522][T0x7b8da775f740][TIMING] emit_host_span: [STRACE] v=1 pid=3968285 tid=3968285 inv=56 hid=4e691a1ac652a1b3 depth=3 name=chip.run.runner_run.device_wall.post_orch ts=1635147 dur=4640 clk=dev
[mono_ns=83730689194674][T0x7b8da775f740][TIMING] emit_host_span: [STRACE] v=1 pid=3968285 tid=3968285 inv=56 hid=4e691a1ac652a1b3 depth=3 name=chip.run.runner_run.device_wall.orch ts=10394 dur=1302291 clk=dev
[mono_ns=83730689195815][T0x7b8da775f740][TIMING] emit_host_span: [STRACE] v=1 pid=3968285 tid=3968285 inv=56 hid=4e691a1ac652a1b3 depth=3 name=chip.run.runner_run.device_wall.sched ts=14487 dur=1609659 clk=dev
[mono_ns=83730689197528][T0x7b8da775f740][TIMING] emit_host_span: [STRACE] v=1 pid=3968285 tid=3968285 inv=56 hid=4e691a1ac652a1b3 depth=1 name=chip.run.claim_release ts=83730689197017 dur=221 
[mono_ns=83730689199331][T0x7b8da775f740][TIMING] emit_host_span: [STRACE] v=1 pid=3968285 tid=3968285 inv=56 hid=4e691a1ac652a1b3 depth=0 name=chip.run ts=83730479646028 dur=209552952 run_id=0 dispatch_id=0 slot_id=0 generation=56 run_epoch=56
[mono_ns=83730885922767][T0x7b8da775f740][TIMING] emit_host_span: [STRACE] v=1 pid=3968285 tid=3968285 inv=57 hid=4e691a1ac652a1b3 depth=2 name=chip.run.bind.args ts=83730689561114 dur=196357637 
[mono_ns=83730885966402][T0x7b8da775f740][TIMING] emit_host_span: [STRACE] v=1 pid=3968285 tid=3968285 inv=57 hid=4e691a1ac652a1b3 depth=2 name=chip.run.bind.prebuilt ts=83730885961695 dur=4387 
[mono_ns=83730885969988][T0x7b8da775f740][TIMING] emit_host_span: [STRACE] v=1 pid=3968285 tid=3968285 inv=57 hid=4e691a1ac652a1b3 depth=1 name=chip.run.bind ts=83730689555515 dur=196413882 
[mono_ns=83730892628251][T0x7b8da775f740][WARN] prepare_execution: [device_runner.cpp:342] AICPU CPU_TOPO unavailable; using json_fallback: soc=Ascend950PR_9579 occupy=0x3e stable_reachable=5 requested=0 effective=5 affinity=[1, 2, 3, 4, 5(orch)]
[mono_ns=83730894509344][T0x7b8da775f740][TIMING] emit_host_span: [STRACE] v=1 pid=3968285 tid=3968285 inv=57 hid=4e691a1ac652a1b3 depth=1 name=chip.run.runner_run ts=83730892699819 dur=1808844 
[mono_ns=83730894797016][T0x7b8da775f740][TIMING] emit_host_span: [STRACE] v=1 pid=3968285 tid=3968285 inv=57 hid=4e691a1ac652a1b3 depth=1 name=chip.run.validate ts=83730894519069 dur=277537 
[mono_ns=83730894803907][T0x7b8da775f740][TIMING] emit_host_span: [STRACE] v=1 pid=3968285 tid=3968285 inv=57 hid=4e691a1ac652a1b3 depth=2 name=chip.run.runner_run.device_wall ts=0 dur=1600780 clk=dev
[mono_ns=83730894812760][T0x7b8da775f740][TIMING] emit_host_span: [STRACE] v=1 pid=3968285 tid=3968285 inv=57 hid=4e691a1ac652a1b3 depth=3 name=chip.run.runner_run.device_wall.preamble ts=0 dur=12862 clk=dev
[mono_ns=83730894814963][T0x7b8da775f740][TIMING] emit_host_span: [STRACE] v=1 pid=3968285 tid=3968285 inv=57 hid=4e691a1ac652a1b3 depth=3 name=chip.run.runner_run.device_wall.graph_build ts=3227 dur=1593033 clk=dev
[mono_ns=83730894816405][T0x7b8da775f740][TIMING] emit_host_span: [STRACE] v=1 pid=3968285 tid=3968285 inv=57 hid=4e691a1ac652a1b3 depth=3 name=chip.run.runner_run.device_wall.config_validate ts=3669 dur=1637 clk=dev
[mono_ns=83730894817597][T0x7b8da775f740][TIMING] emit_host_span: [STRACE] v=1 pid=3968285 tid=3968285 inv=57 hid=4e691a1ac652a1b3 depth=3 name=chip.run.runner_run.device_wall.arena_wire ts=5332 dur=2444 clk=dev
[mono_ns=83730894818709][T0x7b8da775f740][TIMING] emit_host_span: [STRACE] v=1 pid=3968285 tid=3968285 inv=57 hid=4e691a1ac652a1b3 depth=3 name=chip.run.runner_run.device_wall.sm_reset ts=7807 dur=2910 clk=dev
[mono_ns=83730894820381][T0x7b8da775f740][TIMING] emit_host_span: [STRACE] v=1 pid=3968285 tid=3968285 inv=57 hid=4e691a1ac652a1b3 depth=3 name=chip.run.runner_run.device_wall.post_orch ts=1596582 dur=3967 clk=dev
[mono_ns=83730894824117][T0x7b8da775f740][TIMING] emit_host_span: [STRACE] v=1 pid=3968285 tid=3968285 inv=57 hid=4e691a1ac652a1b3 depth=3 name=chip.run.runner_run.device_wall.orch ts=10809 dur=1277230 clk=dev
[mono_ns=83730894825950][T0x7b8da775f740][TIMING] emit_host_span: [STRACE] v=1 pid=3968285 tid=3968285 inv=57 hid=4e691a1ac652a1b3 depth=3 name=chip.run.runner_run.device_wall.sched ts=12394 dur=1570870 clk=dev
[mono_ns=83730894827843][T0x7b8da775f740][TIMING] emit_host_span: [STRACE] v=1 pid=3968285 tid=3968285 inv=57 hid=4e691a1ac652a1b3 depth=1 name=chip.run.claim_release ts=83730894827382 dur=130 
[mono_ns=83730894829745][T0x7b8da775f740][TIMING] emit_host_span: [STRACE] v=1 pid=3968285 tid=3968285 inv=57 hid=4e691a1ac652a1b3 depth=0 name=chip.run ts=83730689550828 dur=205278557 run_id=0 dispatch_id=0 slot_id=0 generation=57 run_epoch=57
[mono_ns=83731072319063][T0x7b8da775f740][TIMING] emit_host_span: [STRACE] v=1 pid=3968285 tid=3968285 inv=58 hid=4e691a1ac652a1b3 depth=2 name=chip.run.bind.args ts=83730895203857 dur=177111320 
[mono_ns=83731072356028][T0x7b8da775f740][TIMING] emit_host_span: [STRACE] v=1 pid=3968285 tid=3968285 inv=58 hid=4e691a1ac652a1b3 depth=2 name=chip.run.bind.prebuilt ts=83731072351611 dur=4066 
[mono_ns=83731072359293][T0x7b8da775f740][TIMING] emit_host_span: [STRACE] v=1 pid=3968285 tid=3968285 inv=58 hid=4e691a1ac652a1b3 depth=1 name=chip.run.bind ts=83730895198048 dur=177160734 
[mono_ns=83731077163113][T0x7b8da775f740][WARN] prepare_execution: [device_runner.cpp:342] AICPU CPU_TOPO unavailable; using json_fallback: soc=Ascend950PR_9579 occupy=0x3e stable_reachable=5 requested=0 effective=5 affinity=[1, 2, 3, 4, 5(orch)]
[mono_ns=83731079169595][T0x7b8da775f740][TIMING] emit_host_span: [STRACE] v=1 pid=3968285 tid=3968285 inv=58 hid=4e691a1ac652a1b3 depth=1 name=chip.run.runner_run ts=83731077232387 dur=1936587 
[mono_ns=83731079477487][T0x7b8da775f740][TIMING] emit_host_span: [STRACE] v=1 pid=3968285 tid=3968285 inv=58 hid=4e691a1ac652a1b3 depth=1 name=chip.run.validate ts=83731079180801 dur=296335 
[mono_ns=83731079484317][T0x7b8da775f740][TIMING] emit_host_span: [STRACE] v=1 pid=3968285 tid=3968285 inv=58 hid=4e691a1ac652a1b3 depth=2 name=chip.run.runner_run.device_wall ts=0 dur=1730680 clk=dev
[mono_ns=83731079486330][T0x7b8da775f740][TIMING] emit_host_span: [STRACE] v=1 pid=3968285 tid=3968285 inv=58 hid=4e691a1ac652a1b3 depth=3 name=chip.run.runner_run.device_wall.preamble ts=0 dur=15656 clk=dev
[mono_ns=83731079488533][T0x7b8da775f740][TIMING] emit_host_span: [STRACE] v=1 pid=3968285 tid=3968285 inv=58 hid=4e691a1ac652a1b3 depth=3 name=chip.run.runner_run.device_wall.graph_build ts=3713 dur=1721849 clk=dev
[mono_ns=83731079491157][T0x7b8da775f740][TIMING] emit_host_span: [STRACE] v=1 pid=3968285 tid=3968285 inv=58 hid=4e691a1ac652a1b3 depth=3 name=chip.run.runner_run.device_wall.config_validate ts=4345 dur=1768 clk=dev
[mono_ns=83731079499099][T0x7b8da775f740][TIMING] emit_host_span: [STRACE] v=1 pid=3968285 tid=3968285 inv=58 hid=4e691a1ac652a1b3 depth=3 name=chip.run.runner_run.device_wall.arena_wire ts=6141 dur=2574 clk=dev
[mono_ns=83731079500521][T0x7b8da775f740][TIMING] emit_host_span: [STRACE] v=1 pid=3968285 tid=3968285 inv=58 hid=4e691a1ac652a1b3 depth=3 name=chip.run.runner_run.device_wall.sm_reset ts=8732 dur=3110 clk=dev
[mono_ns=83731079501673][T0x7b8da775f740][TIMING] emit_host_span: [STRACE] v=1 pid=3968285 tid=3968285 inv=58 hid=4e691a1ac652a1b3 depth=3 name=chip.run.runner_run.device_wall.post_orch ts=1725633 dur=4867 clk=dev
[mono_ns=83731079503406][T0x7b8da775f740][TIMING] emit_host_span: [STRACE] v=1 pid=3968285 tid=3968285 inv=58 hid=4e691a1ac652a1b3 depth=3 name=chip.run.runner_run.device_wall.orch ts=11925 dur=1296574 clk=dev
[mono_ns=83731079505559][T0x7b8da775f740][TIMING] emit_host_span: [STRACE] v=1 pid=3968285 tid=3968285 inv=58 hid=4e691a1ac652a1b3 depth=3 name=chip.run.runner_run.device_wall.sched ts=15395 dur=1697943 clk=dev
[mono_ns=83731079507622][T0x7b8da775f740][TIMING] emit_host_span: [STRACE] v=1 pid=3968285 tid=3968285 inv=58 hid=4e691a1ac652a1b3 depth=1 name=chip.run.claim_release ts=83731079506931 dur=110 
[mono_ns=83731079509475][T0x7b8da775f740][TIMING] emit_host_span: [STRACE] v=1 pid=3968285 tid=3968285 inv=58 hid=4e691a1ac652a1b3 depth=0 name=chip.run ts=83730895192850 dur=184316284 run_id=0 dispatch_id=0 slot_id=0 generation=58 run_epoch=58
[mono_ns=83731252857436][T0x7b8da775f740][TIMING] emit_host_span: [STRACE] v=1 pid=3968285 tid=3968285 inv=59 hid=4e691a1ac652a1b3 depth=2 name=chip.run.bind.args ts=83731079848383 dur=173004416 
[mono_ns=83731252908072][T0x7b8da775f740][TIMING] emit_host_span: [STRACE] v=1 pid=3968285 tid=3968285 inv=59 hid=4e691a1ac652a1b3 depth=2 name=chip.run.bind.prebuilt ts=83731252903876 dur=3745 
[mono_ns=83731252911647][T0x7b8da775f740][TIMING] emit_host_span: [STRACE] v=1 pid=3968285 tid=3968285 inv=59 hid=4e691a1ac652a1b3 depth=1 name=chip.run.bind ts=83731079842815 dur=173068342 
[mono_ns=83731257650851][T0x7b8da775f740][WARN] prepare_execution: [device_runner.cpp:342] AICPU CPU_TOPO unavailable; using json_fallback: soc=Ascend950PR_9579 occupy=0x3e stable_reachable=5 requested=0 effective=5 affinity=[1, 2, 3, 4, 5(orch)]
[mono_ns=83731259570862][T0x7b8da775f740][TIMING] emit_host_span: [STRACE] v=1 pid=3968285 tid=3968285 inv=59 hid=4e691a1ac652a1b3 depth=1 name=chip.run.runner_run ts=83731257727275 dur=1842956 
[mono_ns=83731259877332][T0x7b8da775f740][TIMING] emit_host_span: [STRACE] v=1 pid=3968285 tid=3968285 inv=59 hid=4e691a1ac652a1b3 depth=1 name=chip.run.validate ts=83731259582770 dur=294002 
[mono_ns=83731259883882][T0x7b8da775f740][TIMING] emit_host_span: [STRACE] v=1 pid=3968285 tid=3968285 inv=59 hid=4e691a1ac652a1b3 depth=2 name=chip.run.runner_run.device_wall ts=0 dur=1637248 clk=dev
[mono_ns=83731259885805][T0x7b8da775f740][TIMING] emit_host_span: [STRACE] v=1 pid=3968285 tid=3968285 inv=59 hid=4e691a1ac652a1b3 depth=3 name=chip.run.runner_run.device_wall.preamble ts=0 dur=13427 clk=dev
[mono_ns=83731259887438][T0x7b8da775f740][TIMING] emit_host_span: [STRACE] v=1 pid=3968285 tid=3968285 inv=59 hid=4e691a1ac652a1b3 depth=3 name=chip.run.runner_run.device_wall.graph_build ts=3114 dur=1629089 clk=dev
[mono_ns=83731259890432][T0x7b8da775f740][TIMING] emit_host_span: [STRACE] v=1 pid=3968285 tid=3968285 inv=59 hid=4e691a1ac652a1b3 depth=3 name=chip.run.runner_run.device_wall.config_validate ts=3787 dur=1415 clk=dev
[mono_ns=83731259892325][T0x7b8da775f740][TIMING] emit_host_span: [STRACE] v=1 pid=3968285 tid=3968285 inv=59 hid=4e691a1ac652a1b3 depth=3 name=chip.run.runner_run.device_wall.arena_wire ts=5226 dur=2751 clk=dev
[mono_ns=83731259893687][T0x7b8da775f740][TIMING] emit_host_span: [STRACE] v=1 pid=3968285 tid=3968285 inv=59 hid=4e691a1ac652a1b3 depth=3 name=chip.run.runner_run.device_wall.sm_reset ts=7997 dur=3698 clk=dev
[mono_ns=83731259900717][T0x7b8da775f740][TIMING] emit_host_span: [STRACE] v=1 pid=3968285 tid=3968285 inv=59 hid=4e691a1ac652a1b3 depth=3 name=chip.run.runner_run.device_wall.post_orch ts=1632232 dur=4540 clk=dev
[mono_ns=83731259901929][T0x7b8da775f740][TIMING] emit_host_span: [STRACE] v=1 pid=3968285 tid=3968285 inv=59 hid=4e691a1ac652a1b3 depth=3 name=chip.run.runner_run.device_wall.orch ts=11786 dur=1301375 clk=dev
[mono_ns=83731259904173][T0x7b8da775f740][TIMING] emit_host_span: [STRACE] v=1 pid=3968285 tid=3968285 inv=59 hid=4e691a1ac652a1b3 depth=3 name=chip.run.runner_run.device_wall.sched ts=13751 dur=1603711 clk=dev
[mono_ns=83731259906066][T0x7b8da775f740][TIMING] emit_host_span: [STRACE] v=1 pid=3968285 tid=3968285 inv=59 hid=4e691a1ac652a1b3 depth=1 name=chip.run.claim_release ts=83731259905645 dur=120 
[mono_ns=83731259907878][T0x7b8da775f740][TIMING] emit_host_span: [STRACE] v=1 pid=3968285 tid=3968285 inv=59 hid=4e691a1ac652a1b3 depth=0 name=chip.run ts=83731079837707 dur=180069821 run_id=0 dispatch_id=0 slot_id=0 generation=59 run_epoch=59
[mono_ns=83731410449990][T0x7b8da775f740][TIMING] emit_host_span: [STRACE] v=1 pid=3968285 tid=3968285 inv=60 hid=4e691a1ac652a1b3 depth=2 name=chip.run.bind.args ts=83731260276682 dur=150169863 
[mono_ns=83731410488287][T0x7b8da775f740][TIMING] emit_host_span: [STRACE] v=1 pid=3968285 tid=3968285 inv=60 hid=4e691a1ac652a1b3 depth=2 name=chip.run.bind.prebuilt ts=83731410484071 dur=3906 
[mono_ns=83731410490951][T0x7b8da775f740][TIMING] emit_host_span: [STRACE] v=1 pid=3968285 tid=3968285 inv=60 hid=4e691a1ac652a1b3 depth=1 name=chip.run.bind ts=83731260270743 dur=150219908 
[mono_ns=83731415160660][T0x7b8da775f740][WARN] prepare_execution: [device_runner.cpp:342] AICPU CPU_TOPO unavailable; using json_fallback: soc=Ascend950PR_9579 occupy=0x3e stable_reachable=5 requested=0 effective=5 affinity=[1, 2, 3, 4, 5(orch)]
[mono_ns=83731417079520][T0x7b8da775f740][TIMING] emit_host_span: [STRACE] v=1 pid=3968285 tid=3968285 inv=60 hid=4e691a1ac652a1b3 depth=1 name=chip.run.runner_run ts=83731415228592 dur=1850197 
[mono_ns=83731417379410][T0x7b8da775f740][TIMING] emit_host_span: [STRACE] v=1 pid=3968285 tid=3968285 inv=60 hid=4e691a1ac652a1b3 depth=1 name=chip.run.validate ts=83731417089535 dur=289525 
[mono_ns=83731417386801][T0x7b8da775f740][TIMING] emit_host_span: [STRACE] v=1 pid=3968285 tid=3968285 inv=60 hid=4e691a1ac652a1b3 depth=2 name=chip.run.runner_run.device_wall ts=0 dur=1652927 clk=dev
[mono_ns=83731417388905][T0x7b8da775f740][TIMING] emit_host_span: [STRACE] v=1 pid=3968285 tid=3968285 inv=60 hid=4e691a1ac652a1b3 depth=3 name=chip.run.runner_run.device_wall.preamble ts=0 dur=16217 clk=dev
[mono_ns=83731417391048][T0x7b8da775f740][TIMING] emit_host_span: [STRACE] v=1 pid=3968285 tid=3968285 inv=60 hid=4e691a1ac652a1b3 depth=3 name=chip.run.runner_run.device_wall.graph_build ts=5022 dur=1644122 clk=dev
[mono_ns=83731417393692][T0x7b8da775f740][TIMING] emit_host_span: [STRACE] v=1 pid=3968285 tid=3968285 inv=60 hid=4e691a1ac652a1b3 depth=3 name=chip.run.runner_run.device_wall.config_validate ts=5497 dur=1253 clk=dev
[mono_ns=83731417395625][T0x7b8da775f740][TIMING] emit_host_span: [STRACE] v=1 pid=3968285 tid=3968285 inv=60 hid=4e691a1ac652a1b3 depth=3 name=chip.run.runner_run.device_wall.arena_wire ts=6938 dur=3120 clk=dev
[mono_ns=83731417397287][T0x7b8da775f740][TIMING] emit_host_span: [STRACE] v=1 pid=3968285 tid=3968285 inv=60 hid=4e691a1ac652a1b3 depth=3 name=chip.run.runner_run.device_wall.sm_reset ts=10083 dur=3602 clk=dev
[mono_ns=83731417398459][T0x7b8da775f740][TIMING] emit_host_span: [STRACE] v=1 pid=3968285 tid=3968285 inv=60 hid=4e691a1ac652a1b3 depth=3 name=chip.run.runner_run.device_wall.post_orch ts=1649197 dur=3332 clk=dev
[mono_ns=83731417399621][T0x7b8da775f740][TIMING] emit_host_span: [STRACE] v=1 pid=3968285 tid=3968285 inv=60 hid=4e691a1ac652a1b3 depth=3 name=chip.run.runner_run.device_wall.orch ts=13766 dur=1302172 clk=dev
[mono_ns=83731417400762][T0x7b8da775f740][TIMING] emit_host_span: [STRACE] v=1 pid=3968285 tid=3968285 inv=60 hid=4e691a1ac652a1b3 depth=3 name=chip.run.runner_run.device_wall.sched ts=15892 dur=1619601 clk=dev
[mono_ns=83731417410948][T0x7b8da775f740][TIMING] emit_host_span: [STRACE] v=1 pid=3968285 tid=3968285 inv=60 hid=4e691a1ac652a1b3 depth=1 name=chip.run.claim_release ts=83731417410387 dur=80 
[mono_ns=83731417413311][T0x7b8da775f740][TIMING] emit_host_span: [STRACE] v=1 pid=3968285 tid=3968285 inv=60 hid=4e691a1ac652a1b3 depth=0 name=chip.run ts=83731260264123 dur=157148828 run_id=0 dispatch_id=0 slot_id=0 generation=60 run_epoch=60
[mono_ns=83731575550392][T0x7b8da775f740][TIMING] emit_host_span: [STRACE] v=1 pid=3968285 tid=3968285 inv=61 hid=4e691a1ac652a1b3 depth=2 name=chip.run.bind.args ts=83731417749436 dur=157796670 
[mono_ns=83731575594989][T0x7b8da775f740][TIMING] emit_host_span: [STRACE] v=1 pid=3968285 tid=3968285 inv=61 hid=4e691a1ac652a1b3 depth=2 name=chip.run.bind.prebuilt ts=83731575591003 dur=3475 
[mono_ns=83731575598615][T0x7b8da775f740][TIMING] emit_host_span: [STRACE] v=1 pid=3968285 tid=3968285 inv=61 hid=4e691a1ac652a1b3 depth=1 name=chip.run.bind ts=83731417744458 dur=157853856 
[mono_ns=83731580643937][T0x7b8da775f740][WARN] prepare_execution: [device_runner.cpp:342] AICPU CPU_TOPO unavailable; using json_fallback: soc=Ascend950PR_9579 occupy=0x3e stable_reachable=5 requested=0 effective=5 affinity=[1, 2, 3, 4, 5(orch)]
[mono_ns=83731582584610][T0x7b8da775f740][TIMING] emit_host_span: [STRACE] v=1 pid=3968285 tid=3968285 inv=61 hid=4e691a1ac652a1b3 depth=1 name=chip.run.runner_run ts=83731580714643 dur=1869386 
[mono_ns=83731582897760][T0x7b8da775f740][TIMING] emit_host_span: [STRACE] v=1 pid=3968285 tid=3968285 inv=61 hid=4e691a1ac652a1b3 depth=1 name=chip.run.validate ts=83731582593844 dur=303485 
[mono_ns=83731582904440][T0x7b8da775f740][TIMING] emit_host_span: [STRACE] v=1 pid=3968285 tid=3968285 inv=61 hid=4e691a1ac652a1b3 depth=2 name=chip.run.runner_run.device_wall ts=0 dur=1645838 clk=dev
[mono_ns=83731582906603][T0x7b8da775f740][TIMING] emit_host_span: [STRACE] v=1 pid=3968285 tid=3968285 inv=61 hid=4e691a1ac652a1b3 depth=3 name=chip.run.runner_run.device_wall.preamble ts=0 dur=13349 clk=dev
[mono_ns=83731582908486][T0x7b8da775f740][TIMING] emit_host_span: [STRACE] v=1 pid=3968285 tid=3968285 inv=61 hid=4e691a1ac652a1b3 depth=3 name=chip.run.runner_run.device_wall.graph_build ts=3215 dur=1636956 clk=dev
[mono_ns=83731582911020][T0x7b8da775f740][TIMING] emit_host_span: [STRACE] v=1 pid=3968285 tid=3968285 inv=61 hid=4e691a1ac652a1b3 depth=3 name=chip.run.runner_run.device_wall.config_validate ts=3672 dur=1224 clk=dev
[mono_ns=83731582912722][T0x7b8da775f740][TIMING] emit_host_span: [STRACE] v=1 pid=3968285 tid=3968285 inv=61 hid=4e691a1ac652a1b3 depth=3 name=chip.run.runner_run.device_wall.arena_wire ts=4928 dur=2498 clk=dev
[mono_ns=83731582913844][T0x7b8da775f740][TIMING] emit_host_span: [STRACE] v=1 pid=3968285 tid=3968285 inv=61 hid=4e691a1ac652a1b3 depth=3 name=chip.run.runner_run.device_wall.sm_reset ts=7446 dur=3819 clk=dev
[mono_ns=83731582914996][T0x7b8da775f740][TIMING] emit_host_span: [STRACE] v=1 pid=3968285 tid=3968285 inv=61 hid=4e691a1ac652a1b3 depth=3 name=chip.run.runner_run.device_wall.post_orch ts=1640243 dur=5532 clk=dev
[mono_ns=83731582916158][T0x7b8da775f740][TIMING] emit_host_span: [STRACE] v=1 pid=3968285 tid=3968285 inv=61 hid=4e691a1ac652a1b3 depth=3 name=chip.run.runner_run.device_wall.orch ts=11299 dur=1284717 clk=dev
[mono_ns=83731582917309][T0x7b8da775f740][TIMING] emit_host_span: [STRACE] v=1 pid=3968285 tid=3968285 inv=61 hid=4e691a1ac652a1b3 depth=3 name=chip.run.runner_run.device_wall.sched ts=13468 dur=1612118 clk=dev
[mono_ns=83731582918691][T0x7b8da775f740][TIMING] emit_host_span: [STRACE] v=1 pid=3968285 tid=3968285 inv=61 hid=4e691a1ac652a1b3 depth=1 name=chip.run.claim_release ts=83731582918301 dur=100 
[mono_ns=83731582920474][T0x7b8da775f740][TIMING] emit_host_span: [STRACE] v=1 pid=3968285 tid=3968285 inv=61 hid=4e691a1ac652a1b3 depth=0 name=chip.run ts=83731417739120 dur=165181014 run_id=0 dispatch_id=0 slot_id=0 generation=61 run_epoch=61
[mono_ns=83731741677075][T0x7b8da775f740][TIMING] emit_host_span: [STRACE] v=1 pid=3968285 tid=3968285 inv=62 hid=4e691a1ac652a1b3 depth=2 name=chip.run.bind.args ts=83731583287595 dur=158385254 
[mono_ns=83731741730926][T0x7b8da775f740][TIMING] emit_host_span: [STRACE] v=1 pid=3968285 tid=3968285 inv=62 hid=4e691a1ac652a1b3 depth=2 name=chip.run.bind.prebuilt ts=83731741726830 dur=3705 
[mono_ns=83731741736975][T0x7b8da775f740][TIMING] emit_host_span: [STRACE] v=1 pid=3968285 tid=3968285 inv=62 hid=4e691a1ac652a1b3 depth=1 name=chip.run.bind ts=83731583283209 dur=158452915 
[mono_ns=83731746476629][T0x7b8da775f740][WARN] prepare_execution: [device_runner.cpp:342] AICPU CPU_TOPO unavailable; using json_fallback: soc=Ascend950PR_9579 occupy=0x3e stable_reachable=5 requested=0 effective=5 affinity=[1, 2, 3, 4, 5(orch)]
[mono_ns=83731748531182][T0x7b8da775f740][TIMING] emit_host_span: [STRACE] v=1 pid=3968285 tid=3968285 inv=62 hid=4e691a1ac652a1b3 depth=1 name=chip.run.runner_run ts=83731746548196 dur=1982335 
[mono_ns=83731748851653][T0x7b8da775f740][TIMING] emit_host_span: [STRACE] v=1 pid=3968285 tid=3968285 inv=62 hid=4e691a1ac652a1b3 depth=1 name=chip.run.validate ts=83731748541388 dur=309855 
[mono_ns=83731748858624][T0x7b8da775f740][TIMING] emit_host_span: [STRACE] v=1 pid=3968285 tid=3968285 inv=62 hid=4e691a1ac652a1b3 depth=2 name=chip.run.runner_run.device_wall ts=0 dur=1773963 clk=dev
[mono_ns=83731748861017][T0x7b8da775f740][TIMING] emit_host_span: [STRACE] v=1 pid=3968285 tid=3968285 inv=62 hid=4e691a1ac652a1b3 depth=3 name=chip.run.runner_run.device_wall.preamble ts=0 dur=14056 clk=dev
[mono_ns=83731748862770][T0x7b8da775f740][TIMING] emit_host_span: [STRACE] v=1 pid=3968285 tid=3968285 inv=62 hid=4e691a1ac652a1b3 depth=3 name=chip.run.runner_run.device_wall.graph_build ts=3042 dur=1766072 clk=dev
[mono_ns=83731748865624][T0x7b8da775f740][TIMING] emit_host_span: [STRACE] v=1 pid=3968285 tid=3968285 inv=62 hid=4e691a1ac652a1b3 depth=3 name=chip.run.runner_run.device_wall.config_validate ts=3486 dur=1601 clk=dev
[mono_ns=83731748867217][T0x7b8da775f740][TIMING] emit_host_span: [STRACE] v=1 pid=3968285 tid=3968285 inv=62 hid=4e691a1ac652a1b3 depth=3 name=chip.run.runner_run.device_wall.arena_wire ts=5116 dur=1859 clk=dev
[mono_ns=83731748868348][T0x7b8da775f740][TIMING] emit_host_span: [STRACE] v=1 pid=3968285 tid=3968285 inv=62 hid=4e691a1ac652a1b3 depth=3 name=chip.run.runner_run.device_wall.sm_reset ts=6997 dur=2902 clk=dev
[mono_ns=83731748869490][T0x7b8da775f740][TIMING] emit_host_span: [STRACE] v=1 pid=3968285 tid=3968285 inv=62 hid=4e691a1ac652a1b3 depth=3 name=chip.run.runner_run.device_wall.post_orch ts=1769145 dur=4329 clk=dev
[mono_ns=83731748870652][T0x7b8da775f740][TIMING] emit_host_span: [STRACE] v=1 pid=3968285 tid=3968285 inv=62 hid=4e691a1ac652a1b3 depth=3 name=chip.run.runner_run.device_wall.orch ts=9933 dur=1288242 clk=dev
[mono_ns=83731748871784][T0x7b8da775f740][TIMING] emit_host_span: [STRACE] v=1 pid=3968285 tid=3968285 inv=62 hid=4e691a1ac652a1b3 depth=3 name=chip.run.runner_run.device_wall.sched ts=13492 dur=1741476 clk=dev
[mono_ns=83731748873296][T0x7b8da775f740][TIMING] emit_host_span: [STRACE] v=1 pid=3968285 tid=3968285 inv=62 hid=4e691a1ac652a1b3 depth=1 name=chip.run.claim_release ts=83731748872865 dur=110 
[mono_ns=83731748875199][T0x7b8da775f740][TIMING] emit_host_span: [STRACE] v=1 pid=3968285 tid=3968285 inv=62 hid=4e691a1ac652a1b3 depth=0 name=chip.run ts=83731583278091 dur=165596707 run_id=0 dispatch_id=0 slot_id=0 generation=62 run_epoch=62
[mono_ns=83731907856206][T0x7b8da775f740][TIMING] emit_host_span: [STRACE] v=1 pid=3968285 tid=3968285 inv=63 hid=4e691a1ac652a1b3 depth=2 name=chip.run.bind.args ts=83731749240527 dur=158613406 
[mono_ns=83731907896487][T0x7b8da775f740][TIMING] emit_host_span: [STRACE] v=1 pid=3968285 tid=3968285 inv=63 hid=4e691a1ac652a1b3 depth=2 name=chip.run.bind.prebuilt ts=83731907892251 dur=3585 
[mono_ns=83731907899582][T0x7b8da775f740][TIMING] emit_host_span: [STRACE] v=1 pid=3968285 tid=3968285 inv=63 hid=4e691a1ac652a1b3 depth=1 name=chip.run.bind ts=83731749236301 dur=158662760 
[mono_ns=83731912643131][T0x7b8da775f740][WARN] prepare_execution: [device_runner.cpp:342] AICPU CPU_TOPO unavailable; using json_fallback: soc=Ascend950PR_9579 occupy=0x3e stable_reachable=5 requested=0 effective=5 affinity=[1, 2, 3, 4, 5(orch)]
[mono_ns=83731914604395][T0x7b8da775f740][TIMING] emit_host_span: [STRACE] v=1 pid=3968285 tid=3968285 inv=63 hid=4e691a1ac652a1b3 depth=1 name=chip.run.runner_run ts=83731912716151 dur=1887423 
[mono_ns=83731914904125][T0x7b8da775f740][TIMING] emit_host_span: [STRACE] v=1 pid=3968285 tid=3968285 inv=63 hid=4e691a1ac652a1b3 depth=1 name=chip.run.validate ts=83731914614230 dur=289194 
[mono_ns=83731914911225][T0x7b8da775f740][TIMING] emit_host_span: [STRACE] v=1 pid=3968285 tid=3968285 inv=63 hid=4e691a1ac652a1b3 depth=2 name=chip.run.runner_run.device_wall ts=0 dur=1691831 clk=dev
[mono_ns=83731914913389][T0x7b8da775f740][TIMING] emit_host_span: [STRACE] v=1 pid=3968285 tid=3968285 inv=63 hid=4e691a1ac652a1b3 depth=3 name=chip.run.runner_run.device_wall.preamble ts=0 dur=13764 clk=dev
[mono_ns=83731914915001][T0x7b8da775f740][TIMING] emit_host_span: [STRACE] v=1 pid=3968285 tid=3968285 inv=63 hid=4e691a1ac652a1b3 depth=3 name=chip.run.runner_run.device_wall.graph_build ts=3022 dur=1685156 clk=dev
[mono_ns=83731914917765][T0x7b8da775f740][TIMING] emit_host_span: [STRACE] v=1 pid=3968285 tid=3968285 inv=63 hid=4e691a1ac652a1b3 depth=3 name=chip.run.runner_run.device_wall.config_validate ts=3622 dur=1028 clk=dev
[mono_ns=83731914919618][T0x7b8da775f740][TIMING] emit_host_span: [STRACE] v=1 pid=3968285 tid=3968285 inv=63 hid=4e691a1ac652a1b3 depth=3 name=chip.run.runner_run.device_wall.arena_wire ts=4809 dur=2651 clk=dev
[mono_ns=83731914921250][T0x7b8da775f740][TIMING] emit_host_span: [STRACE] v=1 pid=3968285 tid=3968285 inv=63 hid=4e691a1ac652a1b3 depth=3 name=chip.run.runner_run.device_wall.sm_reset ts=7479 dur=2865 clk=dev
[mono_ns=83731914922372][T0x7b8da775f740][TIMING] emit_host_span: [STRACE] v=1 pid=3968285 tid=3968285 inv=63 hid=4e691a1ac652a1b3 depth=3 name=chip.run.runner_run.device_wall.post_orch ts=1688218 dur=3514 clk=dev
[mono_ns=83731914923534][T0x7b8da775f740][TIMING] emit_host_span: [STRACE] v=1 pid=3968285 tid=3968285 inv=63 hid=4e691a1ac652a1b3 depth=3 name=chip.run.runner_run.device_wall.orch ts=10436 dur=1283611 clk=dev
[mono_ns=83731914924766][T0x7b8da775f740][TIMING] emit_host_span: [STRACE] v=1 pid=3968285 tid=3968285 inv=63 hid=4e691a1ac652a1b3 depth=3 name=chip.run.runner_run.device_wall.sched ts=13344 dur=1662368 clk=dev
[mono_ns=83731914926488][T0x7b8da775f740][TIMING] emit_host_span: [STRACE] v=1 pid=3968285 tid=3968285 inv=63 hid=4e691a1ac652a1b3 depth=1 name=chip.run.claim_release ts=83731914925978 dur=220 
[mono_ns=83731914928301][T0x7b8da775f740][TIMING] emit_host_span: [STRACE] v=1 pid=3968285 tid=3968285 inv=63 hid=4e691a1ac652a1b3 depth=0 name=chip.run ts=83731749231754 dur=165696207 run_id=0 dispatch_id=0 slot_id=0 generation=63 run_epoch=63
[mono_ns=83732080175183][T0x7b8da775f740][TIMING] emit_host_span: [STRACE] v=1 pid=3968285 tid=3968285 inv=64 hid=4e691a1ac652a1b3 depth=2 name=chip.run.bind.args ts=83731915280980 dur=164891790 
[mono_ns=83732080223145][T0x7b8da775f740][TIMING] emit_host_span: [STRACE] v=1 pid=3968285 tid=3968285 inv=64 hid=4e691a1ac652a1b3 depth=2 name=chip.run.bind.prebuilt ts=83732080219310 dur=3515 
[mono_ns=83732080226861][T0x7b8da775f740][TIMING] emit_host_span: [STRACE] v=1 pid=3968285 tid=3968285 inv=64 hid=4e691a1ac652a1b3 depth=1 name=chip.run.bind ts=83731915277786 dur=164948494 
[mono_ns=83732085444392][T0x7b8da775f740][WARN] prepare_execution: [device_runner.cpp:342] AICPU CPU_TOPO unavailable; using json_fallback: soc=Ascend950PR_9579 occupy=0x3e stable_reachable=5 requested=0 effective=5 affinity=[1, 2, 3, 4, 5(orch)]
[mono_ns=83732087395220][T0x7b8da775f740][TIMING] emit_host_span: [STRACE] v=1 pid=3968285 tid=3968285 inv=64 hid=4e691a1ac652a1b3 depth=1 name=chip.run.runner_run ts=83732085515799 dur=1878820 
[mono_ns=83732087695060][T0x7b8da775f740][TIMING] emit_host_span: [STRACE] v=1 pid=3968285 tid=3968285 inv=64 hid=4e691a1ac652a1b3 depth=1 name=chip.run.validate ts=83732087411725 dur=282934 
[mono_ns=83732087702281][T0x7b8da775f740][TIMING] emit_host_span: [STRACE] v=1 pid=3968285 tid=3968285 inv=64 hid=4e691a1ac652a1b3 depth=2 name=chip.run.runner_run.device_wall ts=0 dur=1658250 clk=dev
[mono_ns=83732087703973][T0x7b8da775f740][TIMING] emit_host_span: [STRACE] v=1 pid=3968285 tid=3968285 inv=64 hid=4e691a1ac652a1b3 depth=3 name=chip.run.runner_run.device_wall.preamble ts=0 dur=15623 clk=dev
[mono_ns=83732087705376][T0x7b8da775f740][TIMING] emit_host_span: [STRACE] v=1 pid=3968285 tid=3968285 inv=64 hid=4e691a1ac652a1b3 depth=3 name=chip.run.runner_run.device_wall.graph_build ts=5048 dur=1648180 clk=dev
[mono_ns=83732087709482][T0x7b8da775f740][TIMING] emit_host_span: [STRACE] v=1 pid=3968285 tid=3968285 inv=64 hid=4e691a1ac652a1b3 depth=3 name=chip.run.runner_run.device_wall.config_validate ts=5361 dur=1115 clk=dev
[mono_ns=83732087711385][T0x7b8da775f740][TIMING] emit_host_span: [STRACE] v=1 pid=3968285 tid=3968285 inv=64 hid=4e691a1ac652a1b3 depth=3 name=chip.run.runner_run.device_wall.arena_wire ts=6642 dur=2595 clk=dev
[mono_ns=83732087713047][T0x7b8da775f740][TIMING] emit_host_span: [STRACE] v=1 pid=3968285 tid=3968285 inv=64 hid=4e691a1ac652a1b3 depth=3 name=chip.run.runner_run.device_wall.sm_reset ts=9255 dur=3387 clk=dev
[mono_ns=83732087714169][T0x7b8da775f740][TIMING] emit_host_span: [STRACE] v=1 pid=3968285 tid=3968285 inv=64 hid=4e691a1ac652a1b3 depth=3 name=chip.run.runner_run.device_wall.post_orch ts=1653264 dur=4367 clk=dev
[mono_ns=83732087715310][T0x7b8da775f740][TIMING] emit_host_span: [STRACE] v=1 pid=3968285 tid=3968285 inv=64 hid=4e691a1ac652a1b3 depth=3 name=chip.run.runner_run.device_wall.orch ts=12729 dur=1280671 clk=dev
[mono_ns=83732087716462][T0x7b8da775f740][TIMING] emit_host_span: [STRACE] v=1 pid=3968285 tid=3968285 inv=64 hid=4e691a1ac652a1b3 depth=3 name=chip.run.runner_run.device_wall.sched ts=15526 dur=1624444 clk=dev
[mono_ns=83732087717874][T0x7b8da775f740][TIMING] emit_host_span: [STRACE] v=1 pid=3968285 tid=3968285 inv=64 hid=4e691a1ac652a1b3 depth=1 name=chip.run.claim_release ts=83732087717484 dur=100 
[mono_ns=83732087719577][T0x7b8da775f740][TIMING] emit_host_span: [STRACE] v=1 pid=3968285 tid=3968285 inv=64 hid=4e691a1ac652a1b3 depth=0 name=chip.run ts=83731915273709 dur=172445527 run_id=0 dispatch_id=0 slot_id=0 generation=64 run_epoch=64
[mono_ns=83732234064048][T0x7b8da775f740][TIMING] emit_host_span: [STRACE] v=1 pid=3968285 tid=3968285 inv=65 hid=4e691a1ac652a1b3 depth=2 name=chip.run.bind.args ts=83732088069843 dur=145991181 
[mono_ns=83732234103928][T0x7b8da775f740][TIMING] emit_host_span: [STRACE] v=1 pid=3968285 tid=3968285 inv=65 hid=4e691a1ac652a1b3 depth=2 name=chip.run.bind.prebuilt ts=83732234100032 dur=3585 
[mono_ns=83732234106892][T0x7b8da775f740][TIMING] emit_host_span: [STRACE] v=1 pid=3968285 tid=3968285 inv=65 hid=4e691a1ac652a1b3 depth=1 name=chip.run.bind ts=83732088066207 dur=146039954 
[mono_ns=83732239198444][T0x7b8da775f740][WARN] prepare_execution: [device_runner.cpp:342] AICPU CPU_TOPO unavailable; using json_fallback: soc=Ascend950PR_9579 occupy=0x3e stable_reachable=5 requested=0 effective=5 affinity=[1, 2, 3, 4, 5(orch)]
[mono_ns=83732241207500][T0x7b8da775f740][TIMING] emit_host_span: [STRACE] v=1 pid=3968285 tid=3968285 inv=65 hid=4e691a1ac652a1b3 depth=1 name=chip.run.runner_run ts=83732239266497 dur=1940091 
[mono_ns=83732241498567][T0x7b8da775f740][TIMING] emit_host_span: [STRACE] v=1 pid=3968285 tid=3968285 inv=65 hid=4e691a1ac652a1b3 depth=1 name=chip.run.validate ts=83732241216904 dur=281312 
[mono_ns=83732241505377][T0x7b8da775f740][TIMING] emit_host_span: [STRACE] v=1 pid=3968285 tid=3968285 inv=65 hid=4e691a1ac652a1b3 depth=2 name=chip.run.runner_run.device_wall ts=0 dur=1742433 clk=dev
[mono_ns=83732241507620][T0x7b8da775f740][TIMING] emit_host_span: [STRACE] v=1 pid=3968285 tid=3968285 inv=65 hid=4e691a1ac652a1b3 depth=3 name=chip.run.runner_run.device_wall.preamble ts=0 dur=13861 clk=dev
[mono_ns=83732241516113][T0x7b8da775f740][TIMING] emit_host_span: [STRACE] v=1 pid=3968285 tid=3968285 inv=65 hid=4e691a1ac652a1b3 depth=3 name=chip.run.runner_run.device_wall.graph_build ts=3180 dur=1734246 clk=dev
[mono_ns=83732241517645][T0x7b8da775f740][TIMING] emit_host_span: [STRACE] v=1 pid=3968285 tid=3968285 inv=65 hid=4e691a1ac652a1b3 depth=3 name=chip.run.runner_run.device_wall.config_validate ts=3516 dur=948 clk=dev
[mono_ns=83732241519057][T0x7b8da775f740][TIMING] emit_host_span: [STRACE] v=1 pid=3968285 tid=3968285 inv=65 hid=4e691a1ac652a1b3 depth=3 name=chip.run.runner_run.device_wall.arena_wire ts=4510 dur=1813 clk=dev
[mono_ns=83732241520419][T0x7b8da775f740][TIMING] emit_host_span: [STRACE] v=1 pid=3968285 tid=3968285 inv=65 hid=4e691a1ac652a1b3 depth=3 name=chip.run.runner_run.device_wall.sm_reset ts=6351 dur=2663 clk=dev
[mono_ns=83732241522052][T0x7b8da775f740][TIMING] emit_host_span: [STRACE] v=1 pid=3968285 tid=3968285 inv=65 hid=4e691a1ac652a1b3 depth=3 name=chip.run.runner_run.device_wall.post_orch ts=1737455 dur=4500 clk=dev
[mono_ns=83732241525637][T0x7b8da775f740][TIMING] emit_host_span: [STRACE] v=1 pid=3968285 tid=3968285 inv=65 hid=4e691a1ac652a1b3 depth=3 name=chip.run.runner_run.device_wall.orch ts=9084 dur=1322635 clk=dev
[mono_ns=83732241527490][T0x7b8da775f740][TIMING] emit_host_span: [STRACE] v=1 pid=3968285 tid=3968285 inv=65 hid=4e691a1ac652a1b3 depth=3 name=chip.run.runner_run.device_wall.sched ts=13377 dur=1708726 clk=dev
[mono_ns=83732241529473][T0x7b8da775f740][TIMING] emit_host_span: [STRACE] v=1 pid=3968285 tid=3968285 inv=65 hid=4e691a1ac652a1b3 depth=1 name=chip.run.claim_release ts=83732241529082 dur=91 
[mono_ns=83732241531156][T0x7b8da775f740][TIMING] emit_host_span: [STRACE] v=1 pid=3968285 tid=3968285 inv=65 hid=4e691a1ac652a1b3 depth=0 name=chip.run ts=83732088061961 dur=153468834 run_id=0 dispatch_id=0 slot_id=0 generation=65 run_epoch=65
[mono_ns=83732387119372][T0x7b8da775f740][TIMING] emit_host_span: [STRACE] v=1 pid=3968285 tid=3968285 inv=66 hid=4e691a1ac652a1b3 depth=2 name=chip.run.bind.args ts=83732241886389 dur=145229698 
[mono_ns=83732387159702][T0x7b8da775f740][TIMING] emit_host_span: [STRACE] v=1 pid=3968285 tid=3968285 inv=66 hid=4e691a1ac652a1b3 depth=2 name=chip.run.bind.prebuilt ts=83732387155336 dur=3896 
[mono_ns=83732387162977][T0x7b8da775f740][TIMING] emit_host_span: [STRACE] v=1 pid=3968285 tid=3968285 inv=66 hid=4e691a1ac652a1b3 depth=1 name=chip.run.bind ts=83732241882152 dur=145280355 
[mono_ns=83732392264604][T0x7b8da775f740][WARN] prepare_execution: [device_runner.cpp:342] AICPU CPU_TOPO unavailable; using json_fallback: soc=Ascend950PR_9579 occupy=0x3e stable_reachable=5 requested=0 effective=5 affinity=[1, 2, 3, 4, 5(orch)]
[mono_ns=83732394346529][T0x7b8da775f740][TIMING] emit_host_span: [STRACE] v=1 pid=3968285 tid=3968285 inv=66 hid=4e691a1ac652a1b3 depth=1 name=chip.run.runner_run ts=83732392332366 dur=2013462 
[mono_ns=83732394646830][T0x7b8da775f740][TIMING] emit_host_span: [STRACE] v=1 pid=3968285 tid=3968285 inv=66 hid=4e691a1ac652a1b3 depth=1 name=chip.run.validate ts=83732394356604 dur=289875 
[mono_ns=83732394653921][T0x7b8da775f740][TIMING] emit_host_span: [STRACE] v=1 pid=3968285 tid=3968285 inv=66 hid=4e691a1ac652a1b3 depth=2 name=chip.run.runner_run.device_wall ts=0 dur=1813229 clk=dev
[mono_ns=83732394656444][T0x7b8da775f740][TIMING] emit_host_span: [STRACE] v=1 pid=3968285 tid=3968285 inv=66 hid=4e691a1ac652a1b3 depth=3 name=chip.run.runner_run.device_wall.preamble ts=0 dur=13424 clk=dev
[mono_ns=83732394658167][T0x7b8da775f740][TIMING] emit_host_span: [STRACE] v=1 pid=3968285 tid=3968285 inv=66 hid=4e691a1ac652a1b3 depth=3 name=chip.run.runner_run.device_wall.graph_build ts=3192 dur=1805095 clk=dev
[mono_ns=83732394660340][T0x7b8da775f740][TIMING] emit_host_span: [STRACE] v=1 pid=3968285 tid=3968285 inv=66 hid=4e691a1ac652a1b3 depth=3 name=chip.run.runner_run.device_wall.config_validate ts=3296 dur=1330 clk=dev
[mono_ns=83732394662143][T0x7b8da775f740][TIMING] emit_host_span: [STRACE] v=1 pid=3968285 tid=3968285 inv=66 hid=4e691a1ac652a1b3 depth=3 name=chip.run.runner_run.device_wall.arena_wire ts=4651 dur=1969 clk=dev
[mono_ns=83732394669223][T0x7b8da775f740][TIMING] emit_host_span: [STRACE] v=1 pid=3968285 tid=3968285 inv=66 hid=4e691a1ac652a1b3 depth=3 name=chip.run.runner_run.device_wall.sm_reset ts=6637 dur=3443 clk=dev
[mono_ns=83732394670896][T0x7b8da775f740][TIMING] emit_host_span: [STRACE] v=1 pid=3968285 tid=3968285 inv=66 hid=4e691a1ac652a1b3 depth=3 name=chip.run.runner_run.device_wall.post_orch ts=1808348 dur=4410 clk=dev
[mono_ns=83732394674401][T0x7b8da775f740][TIMING] emit_host_span: [STRACE] v=1 pid=3968285 tid=3968285 inv=66 hid=4e691a1ac652a1b3 depth=3 name=chip.run.runner_run.device_wall.orch ts=10114 dur=1256908 clk=dev
[mono_ns=83732394676284][T0x7b8da775f740][TIMING] emit_host_span: [STRACE] v=1 pid=3968285 tid=3968285 inv=66 hid=4e691a1ac652a1b3 depth=3 name=chip.run.runner_run.device_wall.sched ts=12895 dur=1783856 clk=dev
[mono_ns=83732394678017][T0x7b8da775f740][TIMING] emit_host_span: [STRACE] v=1 pid=3968285 tid=3968285 inv=66 hid=4e691a1ac652a1b3 depth=1 name=chip.run.claim_release ts=83732394677656 dur=70 
[mono_ns=83732394680270][T0x7b8da775f740][TIMING] emit_host_span: [STRACE] v=1 pid=3968285 tid=3968285 inv=66 hid=4e691a1ac652a1b3 depth=0 name=chip.run ts=83732241877035 dur=152802905 run_id=0 dispatch_id=0 slot_id=0 generation=66 run_epoch=66
[mono_ns=83732540261796][T0x7b8da775f740][TIMING] emit_host_span: [STRACE] v=1 pid=3968285 tid=3968285 inv=67 hid=4e691a1ac652a1b3 depth=2 name=chip.run.bind.args ts=83732395039349 dur=145219272 
[mono_ns=83732540301866][T0x7b8da775f740][TIMING] emit_host_span: [STRACE] v=1 pid=3968285 tid=3968285 inv=67 hid=4e691a1ac652a1b3 depth=2 name=chip.run.bind.prebuilt ts=83732540297330 dur=4266 
[mono_ns=83732540307124][T0x7b8da775f740][TIMING] emit_host_span: [STRACE] v=1 pid=3968285 tid=3968285 inv=67 hid=4e691a1ac652a1b3 depth=1 name=chip.run.bind ts=83732395032779 dur=145273854 
[mono_ns=83732545416984][T0x7b8da775f740][WARN] prepare_execution: [device_runner.cpp:342] AICPU CPU_TOPO unavailable; using json_fallback: soc=Ascend950PR_9579 occupy=0x3e stable_reachable=5 requested=0 effective=5 affinity=[1, 2, 3, 4, 5(orch)]
[mono_ns=83732547350386][T0x7b8da775f740][TIMING] emit_host_span: [STRACE] v=1 pid=3968285 tid=3968285 inv=67 hid=4e691a1ac652a1b3 depth=1 name=chip.run.runner_run ts=83732545486819 dur=1862755 
[mono_ns=83732547646881][T0x7b8da775f740][TIMING] emit_host_span: [STRACE] v=1 pid=3968285 tid=3968285 inv=67 hid=4e691a1ac652a1b3 depth=1 name=chip.run.validate ts=83732547361973 dur=284557 
[mono_ns=83732547653721][T0x7b8da775f740][TIMING] emit_host_span: [STRACE] v=1 pid=3968285 tid=3968285 inv=67 hid=4e691a1ac652a1b3 depth=2 name=chip.run.runner_run.device_wall ts=0 dur=1671785 clk=dev
[mono_ns=83732547655744][T0x7b8da775f740][TIMING] emit_host_span: [STRACE] v=1 pid=3968285 tid=3968285 inv=67 hid=4e691a1ac652a1b3 depth=3 name=chip.run.runner_run.device_wall.preamble ts=0 dur=15631 clk=dev
[mono_ns=83732547658027][T0x7b8da775f740][TIMING] emit_host_span: [STRACE] v=1 pid=3968285 tid=3968285 inv=67 hid=4e691a1ac652a1b3 depth=3 name=chip.run.runner_run.device_wall.graph_build ts=4819 dur=1660983 clk=dev
[mono_ns=83732547660591][T0x7b8da775f740][TIMING] emit_host_span: [STRACE] v=1 pid=3968285 tid=3968285 inv=67 hid=4e691a1ac652a1b3 depth=3 name=chip.run.runner_run.device_wall.config_validate ts=5468 dur=1285 clk=dev
[mono_ns=83732547661963][T0x7b8da775f740][TIMING] emit_host_span: [STRACE] v=1 pid=3968285 tid=3968285 inv=67 hid=4e691a1ac652a1b3 depth=3 name=chip.run.runner_run.device_wall.arena_wire ts=6779 dur=1798 clk=dev
[mono_ns=83732547663095][T0x7b8da775f740][TIMING] emit_host_span: [STRACE] v=1 pid=3968285 tid=3968285 inv=67 hid=4e691a1ac652a1b3 depth=3 name=chip.run.runner_run.device_wall.sm_reset ts=8602 dur=2968 clk=dev
[mono_ns=83732547664227][T0x7b8da775f740][TIMING] emit_host_span: [STRACE] v=1 pid=3968285 tid=3968285 inv=67 hid=4e691a1ac652a1b3 depth=3 name=chip.run.runner_run.device_wall.post_orch ts=1665837 dur=4848 clk=dev
[mono_ns=83732547673791][T0x7b8da775f740][TIMING] emit_host_span: [STRACE] v=1 pid=3968285 tid=3968285 inv=67 hid=4e691a1ac652a1b3 depth=3 name=chip.run.runner_run.device_wall.orch ts=11661 dur=1281040 clk=dev
[mono_ns=83732547675904][T0x7b8da775f740][TIMING] emit_host_span: [STRACE] v=1 pid=3968285 tid=3968285 inv=67 hid=4e691a1ac652a1b3 depth=3 name=chip.run.runner_run.device_wall.sched ts=15065 dur=1636949 clk=dev
[mono_ns=83732547677997][T0x7b8da775f740][TIMING] emit_host_span: [STRACE] v=1 pid=3968285 tid=3968285 inv=67 hid=4e691a1ac652a1b3 depth=1 name=chip.run.claim_release ts=83732547677346 dur=381 
[mono_ns=83732547680110][T0x7b8da775f740][TIMING] emit_host_span: [STRACE] v=1 pid=3968285 tid=3968285 inv=67 hid=4e691a1ac652a1b3 depth=0 name=chip.run ts=83732395026910 dur=152652840 run_id=0 dispatch_id=0 slot_id=0 generation=67 run_epoch=67
[mono_ns=83732702285431][T0x7b8da775f740][TIMING] emit_host_span: [STRACE] v=1 pid=3968285 tid=3968285 inv=68 hid=4e691a1ac652a1b3 depth=2 name=chip.run.bind.args ts=83732548043666 dur=154237558 
[mono_ns=83732702336998][T0x7b8da775f740][TIMING] emit_host_span: [STRACE] v=1 pid=3968285 tid=3968285 inv=68 hid=4e691a1ac652a1b3 depth=2 name=chip.run.bind.prebuilt ts=83732702332321 dur=4347 
[mono_ns=83732702341014][T0x7b8da775f740][TIMING] emit_host_span: [STRACE] v=1 pid=3968285 tid=3968285 inv=68 hid=4e691a1ac652a1b3 depth=1 name=chip.run.bind ts=83732548038058 dur=154302435 
[mono_ns=83732707463973][T0x7b8da775f740][WARN] prepare_execution: [device_runner.cpp:342] AICPU CPU_TOPO unavailable; using json_fallback: soc=Ascend950PR_9579 occupy=0x3e stable_reachable=5 requested=0 effective=5 affinity=[1, 2, 3, 4, 5(orch)]
[mono_ns=83732709466188][T0x7b8da775f740][TIMING] emit_host_span: [STRACE] v=1 pid=3968285 tid=3968285 inv=68 hid=4e691a1ac652a1b3 depth=1 name=chip.run.runner_run ts=83732707533608 dur=1931629 
[mono_ns=83732709764316][T0x7b8da775f740][TIMING] emit_host_span: [STRACE] v=1 pid=3968285 tid=3968285 inv=68 hid=4e691a1ac652a1b3 depth=1 name=chip.run.validate ts=83732709475152 dur=288833 
[mono_ns=83732709771687][T0x7b8da775f740][TIMING] emit_host_span: [STRACE] v=1 pid=3968285 tid=3968285 inv=68 hid=4e691a1ac652a1b3 depth=2 name=chip.run.runner_run.device_wall ts=0 dur=1730644 clk=dev
[mono_ns=83732709774181][T0x7b8da775f740][TIMING] emit_host_span: [STRACE] v=1 pid=3968285 tid=3968285 inv=68 hid=4e691a1ac652a1b3 depth=3 name=chip.run.runner_run.device_wall.preamble ts=0 dur=12551 clk=dev
[mono_ns=83732709775773][T0x7b8da775f740][TIMING] emit_host_span: [STRACE] v=1 pid=3968285 tid=3968285 inv=68 hid=4e691a1ac652a1b3 depth=3 name=chip.run.runner_run.device_wall.graph_build ts=2980 dur=1722584 clk=dev
[mono_ns=83732709778878][T0x7b8da775f740][TIMING] emit_host_span: [STRACE] v=1 pid=3968285 tid=3968285 inv=68 hid=4e691a1ac652a1b3 depth=3 name=chip.run.runner_run.device_wall.config_validate ts=3492 dur=1265 clk=dev
[mono_ns=83732709780700][T0x7b8da775f740][TIMING] emit_host_span: [STRACE] v=1 pid=3968285 tid=3968285 inv=68 hid=4e691a1ac652a1b3 depth=3 name=chip.run.runner_run.device_wall.arena_wire ts=4792 dur=1644 clk=dev
[mono_ns=83732709782082][T0x7b8da775f740][TIMING] emit_host_span: [STRACE] v=1 pid=3968285 tid=3968285 inv=68 hid=4e691a1ac652a1b3 depth=3 name=chip.run.runner_run.device_wall.sm_reset ts=6520 dur=2590 clk=dev
[mono_ns=83732709783214][T0x7b8da775f740][TIMING] emit_host_span: [STRACE] v=1 pid=3968285 tid=3968285 inv=68 hid=4e691a1ac652a1b3 depth=3 name=chip.run.runner_run.device_wall.post_orch ts=1725627 dur=4608 clk=dev
[mono_ns=83732709784416][T0x7b8da775f740][TIMING] emit_host_span: [STRACE] v=1 pid=3968285 tid=3968285 inv=68 hid=4e691a1ac652a1b3 depth=3 name=chip.run.runner_run.device_wall.orch ts=9249 dur=1297208 clk=dev
[mono_ns=83732709785558][T0x7b8da775f740][TIMING] emit_host_span: [STRACE] v=1 pid=3968285 tid=3968285 inv=68 hid=4e691a1ac652a1b3 depth=3 name=chip.run.runner_run.device_wall.sched ts=12539 dur=1698820 clk=dev
[mono_ns=83732709787461][T0x7b8da775f740][TIMING] emit_host_span: [STRACE] v=1 pid=3968285 tid=3968285 inv=68 hid=4e691a1ac652a1b3 depth=1 name=chip.run.claim_release ts=83732709786770 dur=200 
[mono_ns=83732709796063][T0x7b8da775f740][TIMING] emit_host_span: [STRACE] v=1 pid=3968285 tid=3968285 inv=68 hid=4e691a1ac652a1b3 depth=0 name=chip.run ts=83732548031258 dur=161764455 run_id=0 dispatch_id=0 slot_id=0 generation=68 run_epoch=68
[mono_ns=83732875453542][T0x7b8da775f740][TIMING] emit_host_span: [STRACE] v=1 pid=3968285 tid=3968285 inv=69 hid=4e691a1ac652a1b3 depth=2 name=chip.run.bind.args ts=83732710169123 dur=165280183 
[mono_ns=83732875503387][T0x7b8da775f740][TIMING] emit_host_span: [STRACE] v=1 pid=3968285 tid=3968285 inv=69 hid=4e691a1ac652a1b3 depth=2 name=chip.run.bind.prebuilt ts=83732875499211 dur=3835 
[mono_ns=83732875507343][T0x7b8da775f740][TIMING] emit_host_span: [STRACE] v=1 pid=3968285 tid=3968285 inv=69 hid=4e691a1ac652a1b3 depth=1 name=chip.run.bind ts=83732710164136 dur=165342676 
[mono_ns=83732880612525][T0x7b8da775f740][WARN] prepare_execution: [device_runner.cpp:342] AICPU CPU_TOPO unavailable; using json_fallback: soc=Ascend950PR_9579 occupy=0x3e stable_reachable=5 requested=0 effective=5 affinity=[1, 2, 3, 4, 5(orch)]
[mono_ns=83732882522682][T0x7b8da775f740][TIMING] emit_host_span: [STRACE] v=1 pid=3968285 tid=3968285 inv=69 hid=4e691a1ac652a1b3 depth=1 name=chip.run.runner_run ts=83732880678214 dur=1843477 
[mono_ns=83732882829433][T0x7b8da775f740][TIMING] emit_host_span: [STRACE] v=1 pid=3968285 tid=3968285 inv=69 hid=4e691a1ac652a1b3 depth=1 name=chip.run.validate ts=83732882534740 dur=294172 
[mono_ns=83732882835612][T0x7b8da775f740][TIMING] emit_host_span: [STRACE] v=1 pid=3968285 tid=3968285 inv=69 hid=4e691a1ac652a1b3 depth=2 name=chip.run.runner_run.device_wall ts=0 dur=1647710 clk=dev
[mono_ns=83732882837725][T0x7b8da775f740][TIMING] emit_host_span: [STRACE] v=1 pid=3968285 tid=3968285 inv=69 hid=4e691a1ac652a1b3 depth=3 name=chip.run.runner_run.device_wall.preamble ts=0 dur=12336 clk=dev
[mono_ns=83732882839658][T0x7b8da775f740][TIMING] emit_host_span: [STRACE] v=1 pid=3968285 tid=3968285 inv=69 hid=4e691a1ac652a1b3 depth=3 name=chip.run.runner_run.device_wall.graph_build ts=3113 dur=1639908 clk=dev
[mono_ns=83732882842833][T0x7b8da775f740][TIMING] emit_host_span: [STRACE] v=1 pid=3968285 tid=3968285 inv=69 hid=4e691a1ac652a1b3 depth=3 name=chip.run.runner_run.device_wall.config_validate ts=3522 dur=1271 clk=dev
[mono_ns=83732882844585][T0x7b8da775f740][TIMING] emit_host_span: [STRACE] v=1 pid=3968285 tid=3968285 inv=69 hid=4e691a1ac652a1b3 depth=3 name=chip.run.runner_run.device_wall.arena_wire ts=4826 dur=1908 clk=dev
[mono_ns=83732882845927][T0x7b8da775f740][TIMING] emit_host_span: [STRACE] v=1 pid=3968285 tid=3968285 inv=69 hid=4e691a1ac652a1b3 depth=3 name=chip.run.runner_run.device_wall.sm_reset ts=6755 dur=2593 clk=dev
[mono_ns=83732882847049][T0x7b8da775f740][TIMING] emit_host_span: [STRACE] v=1 pid=3968285 tid=3968285 inv=69 hid=4e691a1ac652a1b3 depth=3 name=chip.run.runner_run.device_wall.post_orch ts=1643245 dur=4401 clk=dev
[mono_ns=83732882848211][T0x7b8da775f740][TIMING] emit_host_span: [STRACE] v=1 pid=3968285 tid=3968285 inv=69 hid=4e691a1ac652a1b3 depth=3 name=chip.run.runner_run.device_wall.orch ts=9421 dur=1301745 clk=dev
[mono_ns=83732882849352][T0x7b8da775f740][TIMING] emit_host_span: [STRACE] v=1 pid=3968285 tid=3968285 inv=69 hid=4e691a1ac652a1b3 depth=3 name=chip.run.runner_run.device_wall.sched ts=11864 dur=1618162 clk=dev
[mono_ns=83732882851145][T0x7b8da775f740][TIMING] emit_host_span: [STRACE] v=1 pid=3968285 tid=3968285 inv=69 hid=4e691a1ac652a1b3 depth=1 name=chip.run.claim_release ts=83732882850715 dur=120 
[mono_ns=83732882852998][T0x7b8da775f740][TIMING] emit_host_span: [STRACE] v=1 pid=3968285 tid=3968285 inv=69 hid=4e691a1ac652a1b3 depth=0 name=chip.run ts=83732710158568 dur=172694059 run_id=0 dispatch_id=0 slot_id=0 generation=69 run_epoch=69
[mono_ns=83733052922689][T0x7b8da775f740][TIMING] emit_host_span: [STRACE] v=1 pid=3968285 tid=3968285 inv=70 hid=4e691a1ac652a1b3 depth=2 name=chip.run.bind.args ts=83732883216093 dur=169701819 
[mono_ns=83733052969219][T0x7b8da775f740][TIMING] emit_host_span: [STRACE] v=1 pid=3968285 tid=3968285 inv=70 hid=4e691a1ac652a1b3 depth=2 name=chip.run.bind.prebuilt ts=83733052964522 dur=4176 
[mono_ns=83733052972804][T0x7b8da775f740][TIMING] emit_host_span: [STRACE] v=1 pid=3968285 tid=3968285 inv=70 hid=4e691a1ac652a1b3 depth=1 name=chip.run.bind ts=83732883210144 dur=169762129 
[mono_ns=83733058209774][T0x7b8da775f740][WARN] prepare_execution: [device_runner.cpp:342] AICPU CPU_TOPO unavailable; using json_fallback: soc=Ascend950PR_9579 occupy=0x3e stable_reachable=5 requested=0 effective=5 affinity=[1, 2, 3, 4, 5(orch)]
[mono_ns=83733060253382][T0x7b8da775f740][TIMING] emit_host_span: [STRACE] v=1 pid=3968285 tid=3968285 inv=70 hid=4e691a1ac652a1b3 depth=1 name=chip.run.runner_run ts=83733058280270 dur=1972070 
[mono_ns=83733060542986][T0x7b8da775f740][TIMING] emit_host_span: [STRACE] v=1 pid=3968285 tid=3968285 inv=70 hid=4e691a1ac652a1b3 depth=1 name=chip.run.validate ts=83733060264438 dur=278148 
[mono_ns=83733060550427][T0x7b8da775f740][TIMING] emit_host_span: [STRACE] v=1 pid=3968285 tid=3968285 inv=70 hid=4e691a1ac652a1b3 depth=2 name=chip.run.runner_run.device_wall ts=0 dur=1763780 clk=dev
[mono_ns=83733060552481][T0x7b8da775f740][TIMING] emit_host_span: [STRACE] v=1 pid=3968285 tid=3968285 inv=70 hid=4e691a1ac652a1b3 depth=3 name=chip.run.runner_run.device_wall.preamble ts=0 dur=12293 clk=dev
[mono_ns=83733060553742][T0x7b8da775f740][TIMING] emit_host_span: [STRACE] v=1 pid=3968285 tid=3968285 inv=70 hid=4e691a1ac652a1b3 depth=3 name=chip.run.runner_run.device_wall.graph_build ts=1645 dur=1758418 clk=dev
[mono_ns=83733060555185][T0x7b8da775f740][TIMING] emit_host_span: [STRACE] v=1 pid=3968285 tid=3968285 inv=70 hid=4e691a1ac652a1b3 depth=3 name=chip.run.runner_run.device_wall.config_validate ts=2657 dur=598 clk=dev
[mono_ns=83733060557758][T0x7b8da775f740][TIMING] emit_host_span: [STRACE] v=1 pid=3968285 tid=3968285 inv=70 hid=4e691a1ac652a1b3 depth=3 name=chip.run.runner_run.device_wall.arena_wire ts=3328 dur=2223 clk=dev
[mono_ns=83733060559141][T0x7b8da775f740][TIMING] emit_host_span: [STRACE] v=1 pid=3968285 tid=3968285 inv=70 hid=4e691a1ac652a1b3 depth=3 name=chip.run.runner_run.device_wall.sm_reset ts=5665 dur=3199 clk=dev
[mono_ns=83733060560292][T0x7b8da775f740][TIMING] emit_host_span: [STRACE] v=1 pid=3968285 tid=3968285 inv=70 hid=4e691a1ac652a1b3 depth=3 name=chip.run.runner_run.device_wall.post_orch ts=1760129 dur=3566 clk=dev
[mono_ns=83733060561454][T0x7b8da775f740][TIMING] emit_host_span: [STRACE] v=1 pid=3968285 tid=3968285 inv=70 hid=4e691a1ac652a1b3 depth=3 name=chip.run.runner_run.device_wall.orch ts=8949 dur=1314113 clk=dev
[mono_ns=83733060562586][T0x7b8da775f740][TIMING] emit_host_span: [STRACE] v=1 pid=3968285 tid=3968285 inv=70 hid=4e691a1ac652a1b3 depth=3 name=chip.run.runner_run.device_wall.sched ts=11806 dur=1736380 clk=dev
[mono_ns=83733060564228][T0x7b8da775f740][TIMING] emit_host_span: [STRACE] v=1 pid=3968285 tid=3968285 inv=70 hid=4e691a1ac652a1b3 depth=1 name=chip.run.claim_release ts=83733060563848 dur=90 
[mono_ns=83733060566051][T0x7b8da775f740][TIMING] emit_host_span: [STRACE] v=1 pid=3968285 tid=3968285 inv=70 hid=4e691a1ac652a1b3 depth=0 name=chip.run ts=83732883203684 dur=177361996 run_id=0 dispatch_id=0 slot_id=0 generation=70 run_epoch=70
[mono_ns=83733229045245][T0x7b8da775f740][TIMING] emit_host_span: [STRACE] v=1 pid=3968285 tid=3968285 inv=71 hid=4e691a1ac652a1b3 depth=2 name=chip.run.bind.args ts=83733060964128 dur=168078753 
[mono_ns=83733229080387][T0x7b8da775f740][TIMING] emit_host_span: [STRACE] v=1 pid=3968285 tid=3968285 inv=71 hid=4e691a1ac652a1b3 depth=2 name=chip.run.bind.prebuilt ts=83733229076461 dur=3416 
[mono_ns=83733229083292][T0x7b8da775f740][TIMING] emit_host_span: [STRACE] v=1 pid=3968285 tid=3968285 inv=71 hid=4e691a1ac652a1b3 depth=1 name=chip.run.bind ts=83733060958400 dur=168124381 
[mono_ns=83733234231399][T0x7b8da775f740][WARN] prepare_execution: [device_runner.cpp:342] AICPU CPU_TOPO unavailable; using json_fallback: soc=Ascend950PR_9579 occupy=0x3e stable_reachable=5 requested=0 effective=5 affinity=[1, 2, 3, 4, 5(orch)]
[mono_ns=83733236176678][T0x7b8da775f740][TIMING] emit_host_span: [STRACE] v=1 pid=3968285 tid=3968285 inv=71 hid=4e691a1ac652a1b3 depth=1 name=chip.run.runner_run ts=83733234304408 dur=1871599 
[mono_ns=83733236472362][T0x7b8da775f740][TIMING] emit_host_span: [STRACE] v=1 pid=3968285 tid=3968285 inv=71 hid=4e691a1ac652a1b3 depth=1 name=chip.run.validate ts=83733236185612 dur=286199 
[mono_ns=83733236479303][T0x7b8da775f740][TIMING] emit_host_span: [STRACE] v=1 pid=3968285 tid=3968285 inv=71 hid=4e691a1ac652a1b3 depth=2 name=chip.run.runner_run.device_wall ts=0 dur=1676242 clk=dev
[mono_ns=83733236481115][T0x7b8da775f740][TIMING] emit_host_span: [STRACE] v=1 pid=3968285 tid=3968285 inv=71 hid=4e691a1ac652a1b3 depth=3 name=chip.run.runner_run.device_wall.preamble ts=0 dur=13490 clk=dev
[mono_ns=83733236482587][T0x7b8da775f740][TIMING] emit_host_span: [STRACE] v=1 pid=3968285 tid=3968285 inv=71 hid=4e691a1ac652a1b3 depth=3 name=chip.run.runner_run.device_wall.graph_build ts=2818 dur=1669031 clk=dev
[mono_ns=83733236485552][T0x7b8da775f740][TIMING] emit_host_span: [STRACE] v=1 pid=3968285 tid=3968285 inv=71 hid=4e691a1ac652a1b3 depth=3 name=chip.run.runner_run.device_wall.config_validate ts=3479 dur=1508 clk=dev
[mono_ns=83733236487405][T0x7b8da775f740][TIMING] emit_host_span: [STRACE] v=1 pid=3968285 tid=3968285 inv=71 hid=4e691a1ac652a1b3 depth=3 name=chip.run.runner_run.device_wall.arena_wire ts=5016 dur=1718 clk=dev
[mono_ns=83733236488757][T0x7b8da775f740][TIMING] emit_host_span: [STRACE] v=1 pid=3968285 tid=3968285 inv=71 hid=4e691a1ac652a1b3 depth=3 name=chip.run.runner_run.device_wall.sm_reset ts=6948 dur=3503 clk=dev
[mono_ns=83733236489898][T0x7b8da775f740][TIMING] emit_host_span: [STRACE] v=1 pid=3968285 tid=3968285 inv=71 hid=4e691a1ac652a1b3 depth=3 name=chip.run.runner_run.device_wall.post_orch ts=1671966 dur=4096 clk=dev
[mono_ns=83733236491040][T0x7b8da775f740][TIMING] emit_host_span: [STRACE] v=1 pid=3968285 tid=3968285 inv=71 hid=4e691a1ac652a1b3 depth=3 name=chip.run.runner_run.device_wall.orch ts=10530 dur=1308024 clk=dev
[mono_ns=83733236492192][T0x7b8da775f740][TIMING] emit_host_span: [STRACE] v=1 pid=3968285 tid=3968285 inv=71 hid=4e691a1ac652a1b3 depth=3 name=chip.run.runner_run.device_wall.sched ts=12872 dur=1647716 clk=dev
[mono_ns=83733236493724][T0x7b8da775f740][TIMING] emit_host_span: [STRACE] v=1 pid=3968285 tid=3968285 inv=71 hid=4e691a1ac652a1b3 depth=1 name=chip.run.claim_release ts=83733236493193 dur=60 
[mono_ns=83733236495637][T0x7b8da775f740][TIMING] emit_host_span: [STRACE] v=1 pid=3968285 tid=3968285 inv=71 hid=4e691a1ac652a1b3 depth=0 name=chip.run ts=83733060950738 dur=175544539 run_id=0 dispatch_id=0 slot_id=0 generation=71 run_epoch=71
[mono_ns=83733408886071][T0x7b8da775f740][TIMING] emit_host_span: [STRACE] v=1 pid=3968285 tid=3968285 inv=72 hid=4e691a1ac652a1b3 depth=2 name=chip.run.bind.args ts=83733236834406 dur=172047769 
[mono_ns=83733408931409][T0x7b8da775f740][TIMING] emit_host_span: [STRACE] v=1 pid=3968285 tid=3968285 inv=72 hid=4e691a1ac652a1b3 depth=2 name=chip.run.bind.prebuilt ts=83733408926161 dur=4697 
[mono_ns=83733408934784][T0x7b8da775f740][TIMING] emit_host_span: [STRACE] v=1 pid=3968285 tid=3968285 inv=72 hid=4e691a1ac652a1b3 depth=1 name=chip.run.bind ts=83733236829398 dur=172104866 
[mono_ns=83733414068349][T0x7b8da775f740][WARN] prepare_execution: [device_runner.cpp:342] AICPU CPU_TOPO unavailable; using json_fallback: soc=Ascend950PR_9579 occupy=0x3e stable_reachable=5 requested=0 effective=5 affinity=[1, 2, 3, 4, 5(orch)]
[mono_ns=83733416087360][T0x7b8da775f740][TIMING] emit_host_span: [STRACE] v=1 pid=3968285 tid=3968285 inv=72 hid=4e691a1ac652a1b3 depth=1 name=chip.run.runner_run ts=83733414137764 dur=1948724 
[mono_ns=83733416394050][T0x7b8da775f740][TIMING] emit_host_span: [STRACE] v=1 pid=3968285 tid=3968285 inv=72 hid=4e691a1ac652a1b3 depth=1 name=chip.run.validate ts=83733416100860 dur=292579 
[mono_ns=83733416401692][T0x7b8da775f740][TIMING] emit_host_span: [STRACE] v=1 pid=3968285 tid=3968285 inv=72 hid=4e691a1ac652a1b3 depth=2 name=chip.run.runner_run.device_wall ts=0 dur=1727128 clk=dev
[mono_ns=83733416409043][T0x7b8da775f740][TIMING] emit_host_span: [STRACE] v=1 pid=3968285 tid=3968285 inv=72 hid=4e691a1ac652a1b3 depth=3 name=chip.run.runner_run.device_wall.preamble ts=0 dur=13002 clk=dev
[mono_ns=83733416411256][T0x7b8da775f740][TIMING] emit_host_span: [STRACE] v=1 pid=3968285 tid=3968285 inv=72 hid=4e691a1ac652a1b3 depth=3 name=chip.run.runner_run.device_wall.graph_build ts=2791 dur=1720600 clk=dev
[mono_ns=83733416412748][T0x7b8da775f740][TIMING] emit_host_span: [STRACE] v=1 pid=3968285 tid=3968285 inv=72 hid=4e691a1ac652a1b3 depth=3 name=chip.run.runner_run.device_wall.config_validate ts=3204 dur=918 clk=dev
[mono_ns=83733416413930][T0x7b8da775f740][TIMING] emit_host_span: [STRACE] v=1 pid=3968285 tid=3968285 inv=72 hid=4e691a1ac652a1b3 depth=3 name=chip.run.runner_run.device_wall.arena_wire ts=4250 dur=1303 clk=dev
[mono_ns=83733416415432][T0x7b8da775f740][TIMING] emit_host_span: [STRACE] v=1 pid=3968285 tid=3968285 inv=72 hid=4e691a1ac652a1b3 depth=3 name=chip.run.runner_run.device_wall.sm_reset ts=5819 dur=2696 clk=dev
[mono_ns=83733416416564][T0x7b8da775f740][TIMING] emit_host_span: [STRACE] v=1 pid=3968285 tid=3968285 inv=72 hid=4e691a1ac652a1b3 depth=3 name=chip.run.runner_run.device_wall.post_orch ts=1723571 dur=3387 clk=dev
[mono_ns=83733416417716][T0x7b8da775f740][TIMING] emit_host_span: [STRACE] v=1 pid=3968285 tid=3968285 inv=72 hid=4e691a1ac652a1b3 depth=3 name=chip.run.runner_run.device_wall.orch ts=8579 dur=1325783 clk=dev
[mono_ns=83733416418857][T0x7b8da775f740][TIMING] emit_host_span: [STRACE] v=1 pid=3968285 tid=3968285 inv=72 hid=4e691a1ac652a1b3 depth=3 name=chip.run.runner_run.device_wall.sched ts=12705 dur=1699447 clk=dev
[mono_ns=83733416420570][T0x7b8da775f740][TIMING] emit_host_span: [STRACE] v=1 pid=3968285 tid=3968285 inv=72 hid=4e691a1ac652a1b3 depth=1 name=chip.run.claim_release ts=83733416420169 dur=110 
[mono_ns=83733416423865][T0x7b8da775f740][TIMING] emit_host_span: [STRACE] v=1 pid=3968285 tid=3968285 inv=72 hid=4e691a1ac652a1b3 depth=0 name=chip.run ts=83733236824250 dur=179599254 run_id=0 dispatch_id=0 slot_id=0 generation=72 run_epoch=72
[mono_ns=83733573945232][T0x7b8da775f740][TIMING] emit_host_span: [STRACE] v=1 pid=3968285 tid=3968285 inv=73 hid=4e691a1ac652a1b3 depth=2 name=chip.run.bind.args ts=83733416799569 dur=157142288 
[mono_ns=83733573981827][T0x7b8da775f740][TIMING] emit_host_span: [STRACE] v=1 pid=3968285 tid=3968285 inv=73 hid=4e691a1ac652a1b3 depth=2 name=chip.run.bind.prebuilt ts=83733573977891 dur=3585 
[mono_ns=83733573984661][T0x7b8da775f740][TIMING] emit_host_span: [STRACE] v=1 pid=3968285 tid=3968285 inv=73 hid=4e691a1ac652a1b3 depth=1 name=chip.run.bind ts=83733416793750 dur=157190580 
[mono_ns=83733579072948][T0x7b8da775f740][WARN] prepare_execution: [device_runner.cpp:342] AICPU CPU_TOPO unavailable; using json_fallback: soc=Ascend950PR_9579 occupy=0x3e stable_reachable=5 requested=0 effective=5 affinity=[1, 2, 3, 4, 5(orch)]
[mono_ns=83733581101683][T0x7b8da775f740][TIMING] emit_host_span: [STRACE] v=1 pid=3968285 tid=3968285 inv=73 hid=4e691a1ac652a1b3 depth=1 name=chip.run.runner_run ts=83733579142272 dur=1958810 
[mono_ns=83733581411738][T0x7b8da775f740][TIMING] emit_host_span: [STRACE] v=1 pid=3968285 tid=3968285 inv=73 hid=4e691a1ac652a1b3 depth=1 name=chip.run.validate ts=83733581111898 dur=299470 
[mono_ns=83733581419109][T0x7b8da775f740][TIMING] emit_host_span: [STRACE] v=1 pid=3968285 tid=3968285 inv=73 hid=4e691a1ac652a1b3 depth=2 name=chip.run.runner_run.device_wall ts=0 dur=1754104 clk=dev
[mono_ns=83733581421122][T0x7b8da775f740][TIMING] emit_host_span: [STRACE] v=1 pid=3968285 tid=3968285 inv=73 hid=4e691a1ac652a1b3 depth=3 name=chip.run.runner_run.device_wall.preamble ts=0 dur=13056 clk=dev
[mono_ns=83733581423085][T0x7b8da775f740][TIMING] emit_host_span: [STRACE] v=1 pid=3968285 tid=3968285 inv=73 hid=4e691a1ac652a1b3 depth=3 name=chip.run.runner_run.device_wall.graph_build ts=3135 dur=1746497 clk=dev
[mono_ns=83733581427502][T0x7b8da775f740][TIMING] emit_host_span: [STRACE] v=1 pid=3968285 tid=3968285 inv=73 hid=4e691a1ac652a1b3 depth=3 name=chip.run.runner_run.device_wall.config_validate ts=3694 dur=1082 clk=dev
[mono_ns=83733581429164][T0x7b8da775f740][TIMING] emit_host_span: [STRACE] v=1 pid=3968285 tid=3968285 inv=73 hid=4e691a1ac652a1b3 depth=3 name=chip.run.runner_run.device_wall.arena_wire ts=5003 dur=1970 clk=dev
[mono_ns=83733581430306][T0x7b8da775f740][TIMING] emit_host_span: [STRACE] v=1 pid=3968285 tid=3968285 inv=73 hid=4e691a1ac652a1b3 depth=3 name=chip.run.runner_run.device_wall.sm_reset ts=6992 dur=2804 clk=dev
[mono_ns=83733581431448][T0x7b8da775f740][TIMING] emit_host_span: [STRACE] v=1 pid=3968285 tid=3968285 inv=73 hid=4e691a1ac652a1b3 depth=3 name=chip.run.runner_run.device_wall.post_orch ts=1749704 dur=4197 clk=dev
[mono_ns=83733581432610][T0x7b8da775f740][TIMING] emit_host_span: [STRACE] v=1 pid=3968285 tid=3968285 inv=73 hid=4e691a1ac652a1b3 depth=3 name=chip.run.runner_run.device_wall.orch ts=9838 dur=1320388 clk=dev
[mono_ns=83733581433751][T0x7b8da775f740][TIMING] emit_host_span: [STRACE] v=1 pid=3968285 tid=3968285 inv=73 hid=4e691a1ac652a1b3 depth=3 name=chip.run.runner_run.device_wall.sched ts=13203 dur=1724501 clk=dev
[mono_ns=83733581435173][T0x7b8da775f740][TIMING] emit_host_span: [STRACE] v=1 pid=3968285 tid=3968285 inv=73 hid=4e691a1ac652a1b3 depth=1 name=chip.run.claim_release ts=83733581434763 dur=110 
[mono_ns=83733581439330][T0x7b8da775f740][TIMING] emit_host_span: [STRACE] v=1 pid=3968285 tid=3968285 inv=73 hid=4e691a1ac652a1b3 depth=0 name=chip.run ts=83733416787451 dur=164651548 run_id=0 dispatch_id=0 slot_id=0 generation=73 run_epoch=73
[mono_ns=83733753631777][T0x7b8da775f740][TIMING] emit_host_span: [STRACE] v=1 pid=3968285 tid=3968285 inv=74 hid=4e691a1ac652a1b3 depth=2 name=chip.run.bind.args ts=83733581775705 dur=171850994 
[mono_ns=83733753677225][T0x7b8da775f740][TIMING] emit_host_span: [STRACE] v=1 pid=3968285 tid=3968285 inv=74 hid=4e691a1ac652a1b3 depth=2 name=chip.run.bind.prebuilt ts=83733753672608 dur=4276 
[mono_ns=83733753680740][T0x7b8da775f740][TIMING] emit_host_span: [STRACE] v=1 pid=3968285 tid=3968285 inv=74 hid=4e691a1ac652a1b3 depth=1 name=chip.run.bind ts=83733581770306 dur=171910104 
[mono_ns=83733758778441][T0x7b8da775f740][WARN] prepare_execution: [device_runner.cpp:342] AICPU CPU_TOPO unavailable; using json_fallback: soc=Ascend950PR_9579 occupy=0x3e stable_reachable=5 requested=0 effective=5 affinity=[1, 2, 3, 4, 5(orch)]
[mono_ns=83733760812785][T0x7b8da775f740][TIMING] emit_host_span: [STRACE] v=1 pid=3968285 tid=3968285 inv=74 hid=4e691a1ac652a1b3 depth=1 name=chip.run.runner_run ts=83733758849558 dur=1962195 
[mono_ns=83733761121428][T0x7b8da775f740][TIMING] emit_host_span: [STRACE] v=1 pid=3968285 tid=3968285 inv=74 hid=4e691a1ac652a1b3 depth=1 name=chip.run.validate ts=83733760825774 dur=295283 
[mono_ns=83733761129140][T0x7b8da775f740][TIMING] emit_host_span: [STRACE] v=1 pid=3968285 tid=3968285 inv=74 hid=4e691a1ac652a1b3 depth=2 name=chip.run.runner_run.device_wall ts=0 dur=1755002 clk=dev
[mono_ns=83733761131213][T0x7b8da775f740][TIMING] emit_host_span: [STRACE] v=1 pid=3968285 tid=3968285 inv=74 hid=4e691a1ac652a1b3 depth=3 name=chip.run.runner_run.device_wall.preamble ts=0 dur=12265 clk=dev
[mono_ns=83733761132785][T0x7b8da775f740][TIMING] emit_host_span: [STRACE] v=1 pid=3968285 tid=3968285 inv=74 hid=4e691a1ac652a1b3 depth=3 name=chip.run.runner_run.device_wall.graph_build ts=2200 dur=1747026 clk=dev
[mono_ns=83733761134628][T0x7b8da775f740][TIMING] emit_host_span: [STRACE] v=1 pid=3968285 tid=3968285 inv=74 hid=4e691a1ac652a1b3 depth=3 name=chip.run.runner_run.device_wall.config_validate ts=2586 dur=923 clk=dev
[mono_ns=83733761136330][T0x7b8da775f740][TIMING] emit_host_span: [STRACE] v=1 pid=3968285 tid=3968285 inv=74 hid=4e691a1ac652a1b3 depth=3 name=chip.run.runner_run.device_wall.arena_wire ts=3726 dur=1994 clk=dev
[mono_ns=83733761137953][T0x7b8da775f740][TIMING] emit_host_span: [STRACE] v=1 pid=3968285 tid=3968285 inv=74 hid=4e691a1ac652a1b3 depth=3 name=chip.run.runner_run.device_wall.sm_reset ts=5750 dur=3137 clk=dev
[mono_ns=83733761153877][T0x7b8da775f740][TIMING] emit_host_span: [STRACE] v=1 pid=3968285 tid=3968285 inv=74 hid=4e691a1ac652a1b3 depth=3 name=chip.run.runner_run.device_wall.post_orch ts=1749252 dur=4751 clk=dev
[mono_ns=83733761155890][T0x7b8da775f740][TIMING] emit_host_span: [STRACE] v=1 pid=3968285 tid=3968285 inv=74 hid=4e691a1ac652a1b3 depth=3 name=chip.run.runner_run.device_wall.orch ts=8966 dur=1275921 clk=dev
[mono_ns=83733761157062][T0x7b8da775f740][TIMING] emit_host_span: [STRACE] v=1 pid=3968285 tid=3968285 inv=74 hid=4e691a1ac652a1b3 depth=3 name=chip.run.runner_run.device_wall.sched ts=12067 dur=1725161 clk=dev
[mono_ns=83733761158734][T0x7b8da775f740][TIMING] emit_host_span: [STRACE] v=1 pid=3968285 tid=3968285 inv=74 hid=4e691a1ac652a1b3 depth=1 name=chip.run.claim_release ts=83733761158153 dur=301 
[mono_ns=83733761163571][T0x7b8da775f740][TIMING] emit_host_span: [STRACE] v=1 pid=3968285 tid=3968285 inv=74 hid=4e691a1ac652a1b3 depth=0 name=chip.run ts=83733581764878 dur=179398333 run_id=0 dispatch_id=0 slot_id=0 generation=74 run_epoch=74
[mono_ns=83733954026533][T0x7b8da775f740][TIMING] emit_host_span: [STRACE] v=1 pid=3968285 tid=3968285 inv=75 hid=4e691a1ac652a1b3 depth=2 name=chip.run.bind.args ts=83733761552976 dur=192469361 
[mono_ns=83733954072252][T0x7b8da775f740][TIMING] emit_host_span: [STRACE] v=1 pid=3968285 tid=3968285 inv=75 hid=4e691a1ac652a1b3 depth=2 name=chip.run.bind.prebuilt ts=83733954067595 dur=4206 
[mono_ns=83733954078201][T0x7b8da775f740][TIMING] emit_host_span: [STRACE] v=1 pid=3968285 tid=3968285 inv=75 hid=4e691a1ac652a1b3 depth=1 name=chip.run.bind ts=83733761547908 dur=192529772 
[mono_ns=83733959164635][T0x7b8da775f740][WARN] prepare_execution: [device_runner.cpp:342] AICPU CPU_TOPO unavailable; using json_fallback: soc=Ascend950PR_9579 occupy=0x3e stable_reachable=5 requested=0 effective=5 affinity=[1, 2, 3, 4, 5(orch)]
[mono_ns=83733961256865][T0x7b8da775f740][TIMING] emit_host_span: [STRACE] v=1 pid=3968285 tid=3968285 inv=75 hid=4e691a1ac652a1b3 depth=1 name=chip.run.runner_run ts=83733959233528 dur=2022276 
[mono_ns=83733961549565][T0x7b8da775f740][TIMING] emit_host_span: [STRACE] v=1 pid=3968285 tid=3968285 inv=75 hid=4e691a1ac652a1b3 depth=1 name=chip.run.validate ts=83733961269684 dur=279320 
[mono_ns=83733961556906][T0x7b8da775f740][TIMING] emit_host_span: [STRACE] v=1 pid=3968285 tid=3968285 inv=75 hid=4e691a1ac652a1b3 depth=2 name=chip.run.runner_run.device_wall ts=0 dur=1823609 clk=dev
[mono_ns=83733961558999][T0x7b8da775f740][TIMING] emit_host_span: [STRACE] v=1 pid=3968285 tid=3968285 inv=75 hid=4e691a1ac652a1b3 depth=3 name=chip.run.runner_run.device_wall.preamble ts=0 dur=13833 clk=dev
[mono_ns=83733961560831][T0x7b8da775f740][TIMING] emit_host_span: [STRACE] v=1 pid=3968285 tid=3968285 inv=75 hid=4e691a1ac652a1b3 depth=3 name=chip.run.runner_run.device_wall.graph_build ts=2678 dur=1815521 clk=dev
[mono_ns=83733961563535][T0x7b8da775f740][TIMING] emit_host_span: [STRACE] v=1 pid=3968285 tid=3968285 inv=75 hid=4e691a1ac652a1b3 depth=3 name=chip.run.runner_run.device_wall.config_validate ts=3324 dur=1059 clk=dev
[mono_ns=83733961564958][T0x7b8da775f740][TIMING] emit_host_span: [STRACE] v=1 pid=3968285 tid=3968285 inv=75 hid=4e691a1ac652a1b3 depth=3 name=chip.run.runner_run.device_wall.arena_wire ts=4487 dur=2295 clk=dev
[mono_ns=83733961566079][T0x7b8da775f740][TIMING] emit_host_span: [STRACE] v=1 pid=3968285 tid=3968285 inv=75 hid=4e691a1ac652a1b3 depth=3 name=chip.run.runner_run.device_wall.sm_reset ts=6807 dur=3281 clk=dev
[mono_ns=83733961567231][T0x7b8da775f740][TIMING] emit_host_span: [STRACE] v=1 pid=3968285 tid=3968285 inv=75 hid=4e691a1ac652a1b3 depth=3 name=chip.run.runner_run.device_wall.post_orch ts=1818233 dur=5290 clk=dev
[mono_ns=83733961568383][T0x7b8da775f740][TIMING] emit_host_span: [STRACE] v=1 pid=3968285 tid=3968285 inv=75 hid=4e691a1ac652a1b3 depth=3 name=chip.run.runner_run.device_wall.orch ts=10111 dur=1291355 clk=dev
[mono_ns=83733961574442][T0x7b8da775f740][TIMING] emit_host_span: [STRACE] v=1 pid=3968285 tid=3968285 inv=75 hid=4e691a1ac652a1b3 depth=3 name=chip.run.runner_run.device_wall.sched ts=13758 dur=1791760 clk=dev
[mono_ns=83733961578137][T0x7b8da775f740][TIMING] emit_host_span: [STRACE] v=1 pid=3968285 tid=3968285 inv=75 hid=4e691a1ac652a1b3 depth=1 name=chip.run.claim_release ts=83733961577567 dur=270 
[mono_ns=83733961580100][T0x7b8da775f740][TIMING] emit_host_span: [STRACE] v=1 pid=3968285 tid=3968285 inv=75 hid=4e691a1ac652a1b3 depth=0 name=chip.run ts=83733761541549 dur=200038201 run_id=0 dispatch_id=0 slot_id=0 generation=75 run_epoch=75
[mono_ns=83734145762083][T0x7b8da775f740][TIMING] emit_host_span: [STRACE] v=1 pid=3968285 tid=3968285 inv=76 hid=4e691a1ac652a1b3 depth=2 name=chip.run.bind.args ts=83733961961142 dur=183798036 
[mono_ns=83734145800540][T0x7b8da775f740][TIMING] emit_host_span: [STRACE] v=1 pid=3968285 tid=3968285 inv=76 hid=4e691a1ac652a1b3 depth=2 name=chip.run.bind.prebuilt ts=83734145796304 dur=3926 
[mono_ns=83734145803425][T0x7b8da775f740][TIMING] emit_host_span: [STRACE] v=1 pid=3968285 tid=3968285 inv=76 hid=4e691a1ac652a1b3 depth=1 name=chip.run.bind ts=83733961955354 dur=183847320 
[mono_ns=83734150943850][T0x7b8da775f740][WARN] prepare_execution: [device_runner.cpp:342] AICPU CPU_TOPO unavailable; using json_fallback: soc=Ascend950PR_9579 occupy=0x3e stable_reachable=5 requested=0 effective=5 affinity=[1, 2, 3, 4, 5(orch)]
[mono_ns=83734153011734][T0x7b8da775f740][TIMING] emit_host_span: [STRACE] v=1 pid=3968285 tid=3968285 inv=76 hid=4e691a1ac652a1b3 depth=1 name=chip.run.runner_run ts=83734151014306 dur=1996607 
[mono_ns=83734153308399][T0x7b8da775f740][TIMING] emit_host_span: [STRACE] v=1 pid=3968285 tid=3968285 inv=76 hid=4e691a1ac652a1b3 depth=1 name=chip.run.validate ts=83734153021088 dur=286690 
[mono_ns=83734153315650][T0x7b8da775f740][TIMING] emit_host_span: [STRACE] v=1 pid=3968285 tid=3968285 inv=76 hid=4e691a1ac652a1b3 depth=2 name=chip.run.runner_run.device_wall ts=0 dur=1777977 clk=dev
[mono_ns=83734153317773][T0x7b8da775f740][TIMING] emit_host_span: [STRACE] v=1 pid=3968285 tid=3968285 inv=76 hid=4e691a1ac652a1b3 depth=3 name=chip.run.runner_run.device_wall.preamble ts=0 dur=15095 clk=dev
[mono_ns=83734153319846][T0x7b8da775f740][TIMING] emit_host_span: [STRACE] v=1 pid=3968285 tid=3968285 inv=76 hid=4e691a1ac652a1b3 depth=3 name=chip.run.runner_run.device_wall.graph_build ts=3676 dur=1770004 clk=dev
[mono_ns=83734153322590][T0x7b8da775f740][TIMING] emit_host_span: [STRACE] v=1 pid=3968285 tid=3968285 inv=76 hid=4e691a1ac652a1b3 depth=3 name=chip.run.runner_run.device_wall.config_validate ts=4210 dur=1403 clk=dev
[mono_ns=83734153324423][T0x7b8da775f740][TIMING] emit_host_span: [STRACE] v=1 pid=3968285 tid=3968285 inv=76 hid=4e691a1ac652a1b3 depth=3 name=chip.run.runner_run.device_wall.arena_wire ts=5642 dur=2583 clk=dev
[mono_ns=83734153326046][T0x7b8da775f740][TIMING] emit_host_span: [STRACE] v=1 pid=3968285 tid=3968285 inv=76 hid=4e691a1ac652a1b3 depth=3 name=chip.run.runner_run.device_wall.sm_reset ts=8241 dur=3119 clk=dev
[mono_ns=83734153327187][T0x7b8da775f740][TIMING] emit_host_span: [STRACE] v=1 pid=3968285 tid=3968285 inv=76 hid=4e691a1ac652a1b3 depth=3 name=chip.run.runner_run.device_wall.post_orch ts=1773711 dur=3547 clk=dev
[mono_ns=83734153328349][T0x7b8da775f740][TIMING] emit_host_span: [STRACE] v=1 pid=3968285 tid=3968285 inv=76 hid=4e691a1ac652a1b3 depth=3 name=chip.run.runner_run.device_wall.orch ts=11437 dur=1283871 clk=dev
[mono_ns=83734153329521][T0x7b8da775f740][TIMING] emit_host_span: [STRACE] v=1 pid=3968285 tid=3968285 inv=76 hid=4e691a1ac652a1b3 depth=3 name=chip.run.runner_run.device_wall.sched ts=15147 dur=1746974 clk=dev
[mono_ns=83734153330953][T0x7b8da775f740][TIMING] emit_host_span: [STRACE] v=1 pid=3968285 tid=3968285 inv=76 hid=4e691a1ac652a1b3 depth=1 name=chip.run.claim_release ts=83734153330552 dur=110 
[mono_ns=83734153332786][T0x7b8da775f740][TIMING] emit_host_span: [STRACE] v=1 pid=3968285 tid=3968285 inv=76 hid=4e691a1ac652a1b3 depth=0 name=chip.run ts=83733961946901 dur=191385544 run_id=0 dispatch_id=0 slot_id=0 generation=76 run_epoch=76
[mono_ns=83734351740490][T0x7b8da775f740][TIMING] emit_host_span: [STRACE] v=1 pid=3968285 tid=3968285 inv=77 hid=4e691a1ac652a1b3 depth=2 name=chip.run.bind.args ts=83734153721319 dur=198016116 
[mono_ns=83734351777926][T0x7b8da775f740][TIMING] emit_host_span: [STRACE] v=1 pid=3968285 tid=3968285 inv=77 hid=4e691a1ac652a1b3 depth=2 name=chip.run.bind.prebuilt ts=83734351773810 dur=3615 
[mono_ns=83734351780880][T0x7b8da775f740][TIMING] emit_host_span: [STRACE] v=1 pid=3968285 tid=3968285 inv=77 hid=4e691a1ac652a1b3 depth=1 name=chip.run.bind ts=83734153715921 dur=198064298 
[mono_ns=83734356988296][T0x7b8da775f740][WARN] prepare_execution: [device_runner.cpp:342] AICPU CPU_TOPO unavailable; using json_fallback: soc=Ascend950PR_9579 occupy=0x3e stable_reachable=5 requested=0 effective=5 affinity=[1, 2, 3, 4, 5(orch)]
[mono_ns=83734359038383][T0x7b8da775f740][TIMING] emit_host_span: [STRACE] v=1 pid=3968285 tid=3968285 inv=77 hid=4e691a1ac652a1b3 depth=1 name=chip.run.runner_run ts=83734357062237 dur=1975265 
[mono_ns=83734359354217][T0x7b8da775f740][TIMING] emit_host_span: [STRACE] v=1 pid=3968285 tid=3968285 inv=77 hid=4e691a1ac652a1b3 depth=1 name=chip.run.validate ts=83734359049119 dur=304507 
[mono_ns=83734359361348][T0x7b8da775f740][TIMING] emit_host_span: [STRACE] v=1 pid=3968285 tid=3968285 inv=77 hid=4e691a1ac652a1b3 depth=2 name=chip.run.runner_run.device_wall ts=0 dur=1774536 clk=dev
[mono_ns=83734359363611][T0x7b8da775f740][TIMING] emit_host_span: [STRACE] v=1 pid=3968285 tid=3968285 inv=77 hid=4e691a1ac652a1b3 depth=3 name=chip.run.runner_run.device_wall.preamble ts=0 dur=14149 clk=dev
[mono_ns=83734359365124][T0x7b8da775f740][TIMING] emit_host_span: [STRACE] v=1 pid=3968285 tid=3968285 inv=77 hid=4e691a1ac652a1b3 depth=3 name=chip.run.runner_run.device_wall.graph_build ts=3058 dur=1766650 clk=dev
[mono_ns=83734359368088][T0x7b8da775f740][TIMING] emit_host_span: [STRACE] v=1 pid=3968285 tid=3968285 inv=77 hid=4e691a1ac652a1b3 depth=3 name=chip.run.runner_run.device_wall.config_validate ts=3376 dur=1199 clk=dev
[mono_ns=83734359369951][T0x7b8da775f740][TIMING] emit_host_span: [STRACE] v=1 pid=3968285 tid=3968285 inv=77 hid=4e691a1ac652a1b3 depth=3 name=chip.run.runner_run.device_wall.arena_wire ts=4668 dur=1986 clk=dev
[mono_ns=83734359371353][T0x7b8da775f740][TIMING] emit_host_span: [STRACE] v=1 pid=3968285 tid=3968285 inv=77 hid=4e691a1ac652a1b3 depth=3 name=chip.run.runner_run.device_wall.sm_reset ts=6881 dur=3532 clk=dev
[mono_ns=83734359372495][T0x7b8da775f740][TIMING] emit_host_span: [STRACE] v=1 pid=3968285 tid=3968285 inv=77 hid=4e691a1ac652a1b3 depth=3 name=chip.run.runner_run.device_wall.post_orch ts=1769771 dur=4069 clk=dev
[mono_ns=83734359373646][T0x7b8da775f740][TIMING] emit_host_span: [STRACE] v=1 pid=3968285 tid=3968285 inv=77 hid=4e691a1ac652a1b3 depth=3 name=chip.run.runner_run.device_wall.orch ts=10499 dur=1290708 clk=dev
[mono_ns=83734359374798][T0x7b8da775f740][TIMING] emit_host_span: [STRACE] v=1 pid=3968285 tid=3968285 inv=77 hid=4e691a1ac652a1b3 depth=3 name=chip.run.runner_run.device_wall.sched ts=13655 dur=1743348 clk=dev
[mono_ns=83734359376601][T0x7b8da775f740][TIMING] emit_host_span: [STRACE] v=1 pid=3968285 tid=3968285 inv=77 hid=4e691a1ac652a1b3 depth=1 name=chip.run.claim_release ts=83734359376160 dur=70 
[mono_ns=83734359378624][T0x7b8da775f740][TIMING] emit_host_span: [STRACE] v=1 pid=3968285 tid=3968285 inv=77 hid=4e691a1ac652a1b3 depth=0 name=chip.run ts=83734153708480 dur=205669813 run_id=0 dispatch_id=0 slot_id=0 generation=77 run_epoch=77
[mono_ns=83734548972359][T0x7b8da775f740][TIMING] emit_host_span: [STRACE] v=1 pid=3968285 tid=3968285 inv=78 hid=4e691a1ac652a1b3 depth=2 name=chip.run.bind.args ts=83734359725935 dur=189243409 
[mono_ns=83734549015654][T0x7b8da775f740][TIMING] emit_host_span: [STRACE] v=1 pid=3968285 tid=3968285 inv=78 hid=4e691a1ac652a1b3 depth=2 name=chip.run.bind.prebuilt ts=83734549011638 dur=3505 
[mono_ns=83734549018768][T0x7b8da775f740][TIMING] emit_host_span: [STRACE] v=1 pid=3968285 tid=3968285 inv=78 hid=4e691a1ac652a1b3 depth=1 name=chip.run.bind ts=83734359720247 dur=189298051 
[mono_ns=83734554140205][T0x7b8da775f740][WARN] prepare_execution: [device_runner.cpp:342] AICPU CPU_TOPO unavailable; using json_fallback: soc=Ascend950PR_9579 occupy=0x3e stable_reachable=5 requested=0 effective=5 affinity=[1, 2, 3, 4, 5(orch)]
[mono_ns=83734556125295][T0x7b8da775f740][TIMING] emit_host_span: [STRACE] v=1 pid=3968285 tid=3968285 inv=78 hid=4e691a1ac652a1b3 depth=1 name=chip.run.runner_run ts=83734554208177 dur=1915656 
[mono_ns=83734556445525][T0x7b8da775f740][TIMING] emit_host_span: [STRACE] v=1 pid=3968285 tid=3968285 inv=78 hid=4e691a1ac652a1b3 depth=1 name=chip.run.validate ts=83734556139436 dur=305729 
[mono_ns=83734556452936][T0x7b8da775f740][TIMING] emit_host_span: [STRACE] v=1 pid=3968285 tid=3968285 inv=78 hid=4e691a1ac652a1b3 depth=2 name=chip.run.runner_run.device_wall ts=0 dur=1714873 clk=dev
[mono_ns=83734556454789][T0x7b8da775f740][TIMING] emit_host_span: [STRACE] v=1 pid=3968285 tid=3968285 inv=78 hid=4e691a1ac652a1b3 depth=3 name=chip.run.runner_run.device_wall.preamble ts=0 dur=13637 clk=dev
[mono_ns=83734556456261][T0x7b8da775f740][TIMING] emit_host_span: [STRACE] v=1 pid=3968285 tid=3968285 inv=78 hid=4e691a1ac652a1b3 depth=3 name=chip.run.runner_run.device_wall.graph_build ts=2968 dur=1707935 clk=dev
[mono_ns=83734556458775][T0x7b8da775f740][TIMING] emit_host_span: [STRACE] v=1 pid=3968285 tid=3968285 inv=78 hid=4e691a1ac652a1b3 depth=3 name=chip.run.runner_run.device_wall.config_validate ts=3561 dur=840 clk=dev
[mono_ns=83734556460398][T0x7b8da775f740][TIMING] emit_host_span: [STRACE] v=1 pid=3968285 tid=3968285 inv=78 hid=4e691a1ac652a1b3 depth=3 name=chip.run.runner_run.device_wall.arena_wire ts=4523 dur=2211 clk=dev
[mono_ns=83734556461549][T0x7b8da775f740][TIMING] emit_host_span: [STRACE] v=1 pid=3968285 tid=3968285 inv=78 hid=4e691a1ac652a1b3 depth=3 name=chip.run.runner_run.device_wall.sm_reset ts=6756 dur=3477 clk=dev
[mono_ns=83734556462681][T0x7b8da775f740][TIMING] emit_host_span: [STRACE] v=1 pid=3968285 tid=3968285 inv=78 hid=4e691a1ac652a1b3 depth=3 name=chip.run.runner_run.device_wall.post_orch ts=1710947 dur=3593 clk=dev
[mono_ns=83734556463843][T0x7b8da775f740][TIMING] emit_host_span: [STRACE] v=1 pid=3968285 tid=3968285 inv=78 hid=4e691a1ac652a1b3 depth=3 name=chip.run.runner_run.device_wall.orch ts=10576 dur=1302821 clk=dev
[mono_ns=83734556464995][T0x7b8da775f740][TIMING] emit_host_span: [STRACE] v=1 pid=3968285 tid=3968285 inv=78 hid=4e691a1ac652a1b3 depth=3 name=chip.run.runner_run.device_wall.sched ts=13024 dur=1684340 clk=dev
[mono_ns=83734556466998][T0x7b8da775f740][TIMING] emit_host_span: [STRACE] v=1 pid=3968285 tid=3968285 inv=78 hid=4e691a1ac652a1b3 depth=1 name=chip.run.claim_release ts=83734556466357 dur=90 
[mono_ns=83734556468961][T0x7b8da775f740][TIMING] emit_host_span: [STRACE] v=1 pid=3968285 tid=3968285 inv=78 hid=4e691a1ac652a1b3 depth=0 name=chip.run ts=83734359713897 dur=196754723 run_id=0 dispatch_id=0 slot_id=0 generation=78 run_epoch=78
[mono_ns=83734743820821][T0x7b8da775f740][TIMING] emit_host_span: [STRACE] v=1 pid=3968285 tid=3968285 inv=79 hid=4e691a1ac652a1b3 depth=2 name=chip.run.bind.args ts=83734556822341 dur=186993442 
[mono_ns=83734743880150][T0x7b8da775f740][TIMING] emit_host_span: [STRACE] v=1 pid=3968285 tid=3968285 inv=79 hid=4e691a1ac652a1b3 depth=2 name=chip.run.bind.prebuilt ts=83734743874942 dur=4677 
[mono_ns=83734743883825][T0x7b8da775f740][TIMING] emit_host_span: [STRACE] v=1 pid=3968285 tid=3968285 inv=79 hid=4e691a1ac652a1b3 depth=1 name=chip.run.bind ts=83734556816943 dur=187066331 
[mono_ns=83734749116529][T0x7b8da775f740][WARN] prepare_execution: [device_runner.cpp:342] AICPU CPU_TOPO unavailable; using json_fallback: soc=Ascend950PR_9579 occupy=0x3e stable_reachable=5 requested=0 effective=5 affinity=[1, 2, 3, 4, 5(orch)]
[mono_ns=83734751140076][T0x7b8da775f740][TIMING] emit_host_span: [STRACE] v=1 pid=3968285 tid=3968285 inv=79 hid=4e691a1ac652a1b3 depth=1 name=chip.run.runner_run ts=83734749190951 dur=1947903 
[mono_ns=83734751442410][T0x7b8da775f740][TIMING] emit_host_span: [STRACE] v=1 pid=3968285 tid=3968285 inv=79 hid=4e691a1ac652a1b3 depth=1 name=chip.run.validate ts=83734751155830 dur=285979 
[mono_ns=83734751450041][T0x7b8da775f740][TIMING] emit_host_span: [STRACE] v=1 pid=3968285 tid=3968285 inv=79 hid=4e691a1ac652a1b3 depth=2 name=chip.run.runner_run.device_wall ts=0 dur=1737016 clk=dev
[mono_ns=83734751451934][T0x7b8da775f740][TIMING] emit_host_span: [STRACE] v=1 pid=3968285 tid=3968285 inv=79 hid=4e691a1ac652a1b3 depth=3 name=chip.run.runner_run.device_wall.preamble ts=0 dur=11763 clk=dev
[mono_ns=83734751453717][T0x7b8da775f740][TIMING] emit_host_span: [STRACE] v=1 pid=3968285 tid=3968285 inv=79 hid=4e691a1ac652a1b3 depth=3 name=chip.run.runner_run.device_wall.graph_build ts=2446 dur=1729555 clk=dev
[mono_ns=83734751455950][T0x7b8da775f740][TIMING] emit_host_span: [STRACE] v=1 pid=3968285 tid=3968285 inv=79 hid=4e691a1ac652a1b3 depth=3 name=chip.run.runner_run.device_wall.config_validate ts=2907 dur=752 clk=dev
[mono_ns=83734751457112][T0x7b8da775f740][TIMING] emit_host_span: [STRACE] v=1 pid=3968285 tid=3968285 inv=79 hid=4e691a1ac652a1b3 depth=3 name=chip.run.runner_run.device_wall.arena_wire ts=3682 dur=2816 clk=dev
[mono_ns=83734751458264][T0x7b8da775f740][TIMING] emit_host_span: [STRACE] v=1 pid=3968285 tid=3968285 inv=79 hid=4e691a1ac652a1b3 depth=3 name=chip.run.runner_run.device_wall.sm_reset ts=6516 dur=3326 clk=dev
[mono_ns=83734751459405][T0x7b8da775f740][TIMING] emit_host_span: [STRACE] v=1 pid=3968285 tid=3968285 inv=79 hid=4e691a1ac652a1b3 depth=3 name=chip.run.runner_run.device_wall.post_orch ts=1732033 dur=3977 clk=dev
[mono_ns=83734751460547][T0x7b8da775f740][TIMING] emit_host_span: [STRACE] v=1 pid=3968285 tid=3968285 inv=79 hid=4e691a1ac652a1b3 depth=3 name=chip.run.runner_run.device_wall.orch ts=9939 dur=1305271 clk=dev
[mono_ns=83734751461659][T0x7b8da775f740][TIMING] emit_host_span: [STRACE] v=1 pid=3968285 tid=3968285 inv=79 hid=4e691a1ac652a1b3 depth=3 name=chip.run.runner_run.device_wall.sched ts=11511 dur=1705899 clk=dev
[mono_ns=83734751463361][T0x7b8da775f740][TIMING] emit_host_span: [STRACE] v=1 pid=3968285 tid=3968285 inv=79 hid=4e691a1ac652a1b3 depth=1 name=chip.run.claim_release ts=83734751462730 dur=121 
[mono_ns=83734751465164][T0x7b8da775f740][TIMING] emit_host_span: [STRACE] v=1 pid=3968285 tid=3968285 inv=79 hid=4e691a1ac652a1b3 depth=0 name=chip.run ts=83734556810834 dur=194653940 run_id=0 dispatch_id=0 slot_id=0 generation=79 run_epoch=79
[mono_ns=83734937333397][T0x7b8da775f740][TIMING] emit_host_span: [STRACE] v=1 pid=3968285 tid=3968285 inv=80 hid=4e691a1ac652a1b3 depth=2 name=chip.run.bind.args ts=83734751846146 dur=185482414 
[mono_ns=83734937381630][T0x7b8da775f740][TIMING] emit_host_span: [STRACE] v=1 pid=3968285 tid=3968285 inv=80 hid=4e691a1ac652a1b3 depth=2 name=chip.run.bind.prebuilt ts=83734937376883 dur=4226 
[mono_ns=83734937385706][T0x7b8da775f740][TIMING] emit_host_span: [STRACE] v=1 pid=3968285 tid=3968285 inv=80 hid=4e691a1ac652a1b3 depth=1 name=chip.run.bind ts=83734751840698 dur=185544507 
[mono_ns=83734942532661][T0x7b8da775f740][WARN] prepare_execution: [device_runner.cpp:342] AICPU CPU_TOPO unavailable; using json_fallback: soc=Ascend950PR_9579 occupy=0x3e stable_reachable=5 requested=0 effective=5 affinity=[1, 2, 3, 4, 5(orch)]
[mono_ns=83734944478201][T0x7b8da775f740][TIMING] emit_host_span: [STRACE] v=1 pid=3968285 tid=3968285 inv=80 hid=4e691a1ac652a1b3 depth=1 name=chip.run.runner_run ts=83734942602596 dur=1874574 
[mono_ns=83734944783940][T0x7b8da775f740][TIMING] emit_host_span: [STRACE] v=1 pid=3968285 tid=3968285 inv=80 hid=4e691a1ac652a1b3 depth=1 name=chip.run.validate ts=83734944493444 dur=289655 
[mono_ns=83734944790840][T0x7b8da775f740][TIMING] emit_host_span: [STRACE] v=1 pid=3968285 tid=3968285 inv=80 hid=4e691a1ac652a1b3 depth=2 name=chip.run.runner_run.device_wall ts=0 dur=1660218 clk=dev
[mono_ns=83734944793074][T0x7b8da775f740][TIMING] emit_host_span: [STRACE] v=1 pid=3968285 tid=3968285 inv=80 hid=4e691a1ac652a1b3 depth=3 name=chip.run.runner_run.device_wall.preamble ts=0 dur=14267 clk=dev
[mono_ns=83734944799864][T0x7b8da775f740][TIMING] emit_host_span: [STRACE] v=1 pid=3968285 tid=3968285 inv=80 hid=4e691a1ac652a1b3 depth=3 name=chip.run.runner_run.device_wall.graph_build ts=3312 dur=1651644 clk=dev
[mono_ns=83734944801476][T0x7b8da775f740][TIMING] emit_host_span: [STRACE] v=1 pid=3968285 tid=3968285 inv=80 hid=4e691a1ac652a1b3 depth=3 name=chip.run.runner_run.device_wall.config_validate ts=3901 dur=1097 clk=dev
[mono_ns=83734944802638][T0x7b8da775f740][TIMING] emit_host_span: [STRACE] v=1 pid=3968285 tid=3968285 inv=80 hid=4e691a1ac652a1b3 depth=3 name=chip.run.runner_run.device_wall.arena_wire ts=5023 dur=2124 clk=dev
[mono_ns=83734944803800][T0x7b8da775f740][TIMING] emit_host_span: [STRACE] v=1 pid=3968285 tid=3968285 inv=80 hid=4e691a1ac652a1b3 depth=3 name=chip.run.runner_run.device_wall.sm_reset ts=7175 dur=2545 clk=dev
[mono_ns=83734944804942][T0x7b8da775f740][TIMING] emit_host_span: [STRACE] v=1 pid=3968285 tid=3968285 inv=80 hid=4e691a1ac652a1b3 depth=3 name=chip.run.runner_run.device_wall.post_orch ts=1654997 dur=5168 clk=dev
[mono_ns=83734944806113][T0x7b8da775f740][TIMING] emit_host_span: [STRACE] v=1 pid=3968285 tid=3968285 inv=80 hid=4e691a1ac652a1b3 depth=3 name=chip.run.runner_run.device_wall.orch ts=9969 dur=1302595 clk=dev
[mono_ns=83734944807265][T0x7b8da775f740][TIMING] emit_host_span: [STRACE] v=1 pid=3968285 tid=3968285 inv=80 hid=4e691a1ac652a1b3 depth=3 name=chip.run.runner_run.device_wall.sched ts=13947 dur=1628142 clk=dev
[mono_ns=83734944809168][T0x7b8da775f740][TIMING] emit_host_span: [STRACE] v=1 pid=3968285 tid=3968285 inv=80 hid=4e691a1ac652a1b3 depth=1 name=chip.run.claim_release ts=83734944808547 dur=110 
[mono_ns=83734944813054][T0x7b8da775f740][TIMING] emit_host_span: [STRACE] v=1 pid=3968285 tid=3968285 inv=80 hid=4e691a1ac652a1b3 depth=0 name=chip.run ts=83734751835961 dur=192976722 run_id=0 dispatch_id=0 slot_id=0 generation=80 run_epoch=80
[mono_ns=83735134207680][T0x7b8da775f740][TIMING] emit_host_span: [STRACE] v=1 pid=3968285 tid=3968285 inv=81 hid=4e691a1ac652a1b3 depth=2 name=chip.run.bind.args ts=83734945182528 dur=189021997 
[mono_ns=83735134245557][T0x7b8da775f740][TIMING] emit_host_span: [STRACE] v=1 pid=3968285 tid=3968285 inv=81 hid=4e691a1ac652a1b3 depth=2 name=chip.run.bind.prebuilt ts=83735134241050 dur=4046 
[mono_ns=83735134248731][T0x7b8da775f740][TIMING] emit_host_span: [STRACE] v=1 pid=3968285 tid=3968285 inv=81 hid=4e691a1ac652a1b3 depth=1 name=chip.run.bind ts=83734945176810 dur=189071391 
[mono_ns=83735139362597][T0x7b8da775f740][WARN] prepare_execution: [device_runner.cpp:342] AICPU CPU_TOPO unavailable; using json_fallback: soc=Ascend950PR_9579 occupy=0x3e stable_reachable=5 requested=0 effective=5 affinity=[1, 2, 3, 4, 5(orch)]
[mono_ns=83735141413125][T0x7b8da775f740][TIMING] emit_host_span: [STRACE] v=1 pid=3968285 tid=3968285 inv=81 hid=4e691a1ac652a1b3 depth=1 name=chip.run.runner_run ts=83735139434274 dur=1978049 
[mono_ns=83735141713345][T0x7b8da775f740][TIMING] emit_host_span: [STRACE] v=1 pid=3968285 tid=3968285 inv=81 hid=4e691a1ac652a1b3 depth=1 name=chip.run.validate ts=83735141423720 dur=289285 
[mono_ns=83735141720175][T0x7b8da775f740][TIMING] emit_host_span: [STRACE] v=1 pid=3968285 tid=3968285 inv=81 hid=4e691a1ac652a1b3 depth=2 name=chip.run.runner_run.device_wall ts=0 dur=1775841 clk=dev
[mono_ns=83735141722239][T0x7b8da775f740][TIMING] emit_host_span: [STRACE] v=1 pid=3968285 tid=3968285 inv=81 hid=4e691a1ac652a1b3 depth=3 name=chip.run.runner_run.device_wall.preamble ts=0 dur=13607 clk=dev
[mono_ns=83735141723911][T0x7b8da775f740][TIMING] emit_host_span: [STRACE] v=1 pid=3968285 tid=3968285 inv=81 hid=4e691a1ac652a1b3 depth=3 name=chip.run.runner_run.device_wall.graph_build ts=2185 dur=1768682 clk=dev
[mono_ns=83735141726926][T0x7b8da775f740][TIMING] emit_host_span: [STRACE] v=1 pid=3968285 tid=3968285 inv=81 hid=4e691a1ac652a1b3 depth=3 name=chip.run.runner_run.device_wall.config_validate ts=2505 dur=1634 clk=dev
[mono_ns=83735141733796][T0x7b8da775f740][TIMING] emit_host_span: [STRACE] v=1 pid=3968285 tid=3968285 inv=81 hid=4e691a1ac652a1b3 depth=3 name=chip.run.runner_run.device_wall.arena_wire ts=4171 dur=1981 clk=dev
[mono_ns=83735141735368][T0x7b8da775f740][TIMING] emit_host_span: [STRACE] v=1 pid=3968285 tid=3968285 inv=81 hid=4e691a1ac652a1b3 depth=3 name=chip.run.runner_run.device_wall.sm_reset ts=6542 dur=3153 clk=dev
[mono_ns=83735141736570][T0x7b8da775f740][TIMING] emit_host_span: [STRACE] v=1 pid=3968285 tid=3968285 inv=81 hid=4e691a1ac652a1b3 depth=3 name=chip.run.runner_run.device_wall.post_orch ts=1770905 dur=4610 clk=dev
[mono_ns=83735141737772][T0x7b8da775f740][TIMING] emit_host_span: [STRACE] v=1 pid=3968285 tid=3968285 inv=81 hid=4e691a1ac652a1b3 depth=3 name=chip.run.runner_run.device_wall.orch ts=9766 dur=1314031 clk=dev
[mono_ns=83735141739615][T0x7b8da775f740][TIMING] emit_host_span: [STRACE] v=1 pid=3968285 tid=3968285 inv=81 hid=4e691a1ac652a1b3 depth=3 name=chip.run.runner_run.device_wall.sched ts=13541 dur=1743744 clk=dev
[mono_ns=83735141742569][T0x7b8da775f740][TIMING] emit_host_span: [STRACE] v=1 pid=3968285 tid=3968285 inv=81 hid=4e691a1ac652a1b3 depth=1 name=chip.run.claim_release ts=83735141742148 dur=111 
[mono_ns=83735141744622][T0x7b8da775f740][TIMING] emit_host_span: [STRACE] v=1 pid=3968285 tid=3968285 inv=81 hid=4e691a1ac652a1b3 depth=0 name=chip.run ts=83734945170570 dur=196573702 run_id=0 dispatch_id=0 slot_id=0 generation=81 run_epoch=81
[mono_ns=83735337921918][T0x7b8da775f740][TIMING] emit_host_span: [STRACE] v=1 pid=3968285 tid=3968285 inv=82 hid=4e691a1ac652a1b3 depth=2 name=chip.run.bind.args ts=83735142145864 dur=195772359 
[mono_ns=83735337963641][T0x7b8da775f740][TIMING] emit_host_span: [STRACE] v=1 pid=3968285 tid=3968285 inv=82 hid=4e691a1ac652a1b3 depth=2 name=chip.run.bind.prebuilt ts=83735337959234 dur=4077 
[mono_ns=83735337966235][T0x7b8da775f740][TIMING] emit_host_span: [STRACE] v=1 pid=3968285 tid=3968285 inv=82 hid=4e691a1ac652a1b3 depth=1 name=chip.run.bind ts=83735142141037 dur=195824607 
[mono_ns=83735343080110][T0x7b8da775f740][WARN] prepare_execution: [device_runner.cpp:342] AICPU CPU_TOPO unavailable; using json_fallback: soc=Ascend950PR_9579 occupy=0x3e stable_reachable=5 requested=0 effective=5 affinity=[1, 2, 3, 4, 5(orch)]
[mono_ns=83735345158169][T0x7b8da775f740][TIMING] emit_host_span: [STRACE] v=1 pid=3968285 tid=3968285 inv=82 hid=4e691a1ac652a1b3 depth=1 name=chip.run.runner_run ts=83735343152549 dur=2004679 
[mono_ns=83735345458510][T0x7b8da775f740][TIMING] emit_host_span: [STRACE] v=1 pid=3968285 tid=3968285 inv=82 hid=4e691a1ac652a1b3 depth=1 name=chip.run.validate ts=83735345171620 dur=286540 
[mono_ns=83735345466042][T0x7b8da775f740][TIMING] emit_host_span: [STRACE] v=1 pid=3968285 tid=3968285 inv=82 hid=4e691a1ac652a1b3 depth=2 name=chip.run.runner_run.device_wall ts=0 dur=1804472 clk=dev
[mono_ns=83735345468175][T0x7b8da775f740][TIMING] emit_host_span: [STRACE] v=1 pid=3968285 tid=3968285 inv=82 hid=4e691a1ac652a1b3 depth=3 name=chip.run.runner_run.device_wall.preamble ts=0 dur=13736 clk=dev
[mono_ns=83735345469817][T0x7b8da775f740][TIMING] emit_host_span: [STRACE] v=1 pid=3968285 tid=3968285 inv=82 hid=4e691a1ac652a1b3 depth=3 name=chip.run.runner_run.device_wall.graph_build ts=3182 dur=1796559 clk=dev
[mono_ns=83735345471970][T0x7b8da775f740][TIMING] emit_host_span: [STRACE] v=1 pid=3968285 tid=3968285 inv=82 hid=4e691a1ac652a1b3 depth=3 name=chip.run.runner_run.device_wall.config_validate ts=3474 dur=1512 clk=dev
[mono_ns=83735345473893][T0x7b8da775f740][TIMING] emit_host_span: [STRACE] v=1 pid=3968285 tid=3968285 inv=82 hid=4e691a1ac652a1b3 depth=3 name=chip.run.runner_run.device_wall.arena_wire ts=5018 dur=2405 clk=dev
[mono_ns=83735345475506][T0x7b8da775f740][TIMING] emit_host_span: [STRACE] v=1 pid=3968285 tid=3968285 inv=82 hid=4e691a1ac652a1b3 depth=3 name=chip.run.runner_run.device_wall.sm_reset ts=7439 dur=2905 clk=dev
[mono_ns=83735345476637][T0x7b8da775f740][TIMING] emit_host_span: [STRACE] v=1 pid=3968285 tid=3968285 inv=82 hid=4e691a1ac652a1b3 depth=3 name=chip.run.runner_run.device_wall.post_orch ts=1799773 dur=4382 clk=dev
[mono_ns=83735345483438][T0x7b8da775f740][TIMING] emit_host_span: [STRACE] v=1 pid=3968285 tid=3968285 inv=82 hid=4e691a1ac652a1b3 depth=3 name=chip.run.runner_run.device_wall.orch ts=10382 dur=1301073 clk=dev
[mono_ns=83735345486202][T0x7b8da775f740][TIMING] emit_host_span: [STRACE] v=1 pid=3968285 tid=3968285 inv=82 hid=4e691a1ac652a1b3 depth=3 name=chip.run.runner_run.device_wall.sched ts=13575 dur=1772124 clk=dev
[mono_ns=83735345487564][T0x7b8da775f740][TIMING] emit_host_span: [STRACE] v=1 pid=3968285 tid=3968285 inv=82 hid=4e691a1ac652a1b3 depth=1 name=chip.run.claim_release ts=83735345487203 dur=80 
[mono_ns=83735345489286][T0x7b8da775f740][TIMING] emit_host_span: [STRACE] v=1 pid=3968285 tid=3968285 inv=82 hid=4e691a1ac652a1b3 depth=0 name=chip.run ts=83735142134407 dur=203354519 run_id=0 dispatch_id=0 slot_id=0 generation=82 run_epoch=82
[mono_ns=83735544394367][T0x7b8da775f740][TIMING] emit_host_span: [STRACE] v=1 pid=3968285 tid=3968285 inv=83 hid=4e691a1ac652a1b3 depth=2 name=chip.run.bind.args ts=83735345834515 dur=198555726 
[mono_ns=83735544439995][T0x7b8da775f740][TIMING] emit_host_span: [STRACE] v=1 pid=3968285 tid=3968285 inv=83 hid=4e691a1ac652a1b3 depth=2 name=chip.run.bind.prebuilt ts=83735544435879 dur=3786 
[mono_ns=83735544442760][T0x7b8da775f740][TIMING] emit_host_span: [STRACE] v=1 pid=3968285 tid=3968285 inv=83 hid=4e691a1ac652a1b3 depth=1 name=chip.run.bind ts=83735345828125 dur=198614114 
[mono_ns=83735549502424][T0x7b8da775f740][WARN] prepare_execution: [device_runner.cpp:342] AICPU CPU_TOPO unavailable; using json_fallback: soc=Ascend950PR_9579 occupy=0x3e stable_reachable=5 requested=0 effective=5 affinity=[1, 2, 3, 4, 5(orch)]
[mono_ns=83735551559501][T0x7b8da775f740][TIMING] emit_host_span: [STRACE] v=1 pid=3968285 tid=3968285 inv=83 hid=4e691a1ac652a1b3 depth=1 name=chip.run.runner_run ts=83735549570496 dur=1987914 
[mono_ns=83735551868445][T0x7b8da775f740][TIMING] emit_host_span: [STRACE] v=1 pid=3968285 tid=3968285 inv=83 hid=4e691a1ac652a1b3 depth=1 name=chip.run.validate ts=83735551571629 dur=296295 
[mono_ns=83735551875556][T0x7b8da775f740][TIMING] emit_host_span: [STRACE] v=1 pid=3968285 tid=3968285 inv=83 hid=4e691a1ac652a1b3 depth=2 name=chip.run.runner_run.device_wall ts=0 dur=1796457 clk=dev
[mono_ns=83735551877969][T0x7b8da775f740][TIMING] emit_host_span: [STRACE] v=1 pid=3968285 tid=3968285 inv=83 hid=4e691a1ac652a1b3 depth=3 name=chip.run.runner_run.device_wall.preamble ts=0 dur=13706 clk=dev
[mono_ns=83735551881274][T0x7b8da775f740][TIMING] emit_host_span: [STRACE] v=1 pid=3968285 tid=3968285 inv=83 hid=4e691a1ac652a1b3 depth=3 name=chip.run.runner_run.device_wall.graph_build ts=2714 dur=1790006 clk=dev
[mono_ns=83735551883147][T0x7b8da775f740][TIMING] emit_host_span: [STRACE] v=1 pid=3968285 tid=3968285 inv=83 hid=4e691a1ac652a1b3 depth=3 name=chip.run.runner_run.device_wall.config_validate ts=3333 dur=884 clk=dev
[mono_ns=83735551884569][T0x7b8da775f740][TIMING] emit_host_span: [STRACE] v=1 pid=3968285 tid=3968285 inv=83 hid=4e691a1ac652a1b3 depth=3 name=chip.run.runner_run.device_wall.arena_wire ts=4418 dur=2144 clk=dev
[mono_ns=83735551885751][T0x7b8da775f740][TIMING] emit_host_span: [STRACE] v=1 pid=3968285 tid=3968285 inv=83 hid=4e691a1ac652a1b3 depth=3 name=chip.run.runner_run.device_wall.sm_reset ts=6580 dur=3090 clk=dev
[mono_ns=83735551886893][T0x7b8da775f740][TIMING] emit_host_span: [STRACE] v=1 pid=3968285 tid=3968285 inv=83 hid=4e691a1ac652a1b3 depth=3 name=chip.run.runner_run.device_wall.post_orch ts=1792762 dur=2980 clk=dev
[mono_ns=83735551888024][T0x7b8da775f740][TIMING] emit_host_span: [STRACE] v=1 pid=3968285 tid=3968285 inv=83 hid=4e691a1ac652a1b3 depth=3 name=chip.run.runner_run.device_wall.orch ts=9765 dur=1261607 clk=dev
[mono_ns=83735551889146][T0x7b8da775f740][TIMING] emit_host_span: [STRACE] v=1 pid=3968285 tid=3968285 inv=83 hid=4e691a1ac652a1b3 depth=3 name=chip.run.runner_run.device_wall.sched ts=13695 dur=1764148 clk=dev
[mono_ns=83735551891169][T0x7b8da775f740][TIMING] emit_host_span: [STRACE] v=1 pid=3968285 tid=3968285 inv=83 hid=4e691a1ac652a1b3 depth=1 name=chip.run.claim_release ts=83735551890648 dur=261 
[mono_ns=83735551901535][T0x7b8da775f740][TIMING] emit_host_span: [STRACE] v=1 pid=3968285 tid=3968285 inv=83 hid=4e691a1ac652a1b3 depth=0 name=chip.run ts=83735345821034 dur=206080150 run_id=0 dispatch_id=0 slot_id=0 generation=83 run_epoch=83
[mono_ns=83735731064464][T0x7b8da775f740][TIMING] emit_host_span: [STRACE] v=1 pid=3968285 tid=3968285 inv=84 hid=4e691a1ac652a1b3 depth=2 name=chip.run.bind.args ts=83735552258060 dur=178802017 
[mono_ns=83735731109842][T0x7b8da775f740][TIMING] emit_host_span: [STRACE] v=1 pid=3968285 tid=3968285 inv=84 hid=4e691a1ac652a1b3 depth=2 name=chip.run.bind.prebuilt ts=83735731105185 dur=4126 
[mono_ns=83735731113537][T0x7b8da775f740][TIMING] emit_host_span: [STRACE] v=1 pid=3968285 tid=3968285 inv=84 hid=4e691a1ac652a1b3 depth=1 name=chip.run.bind ts=83735552252231 dur=178860755 
[mono_ns=83735736259611][T0x7b8da775f740][WARN] prepare_execution: [device_runner.cpp:342] AICPU CPU_TOPO unavailable; using json_fallback: soc=Ascend950PR_9579 occupy=0x3e stable_reachable=5 requested=0 effective=5 affinity=[1, 2, 3, 4, 5(orch)]
[mono_ns=83735738160284][T0x7b8da775f740][TIMING] emit_host_span: [STRACE] v=1 pid=3968285 tid=3968285 inv=84 hid=4e691a1ac652a1b3 depth=1 name=chip.run.runner_run ts=83735736332761 dur=1826461 
[mono_ns=83735738458071][T0x7b8da775f740][TIMING] emit_host_span: [STRACE] v=1 pid=3968285 tid=3968285 inv=84 hid=4e691a1ac652a1b3 depth=1 name=chip.run.validate ts=83735738171010 dur=286660 
[mono_ns=83735738465312][T0x7b8da775f740][TIMING] emit_host_span: [STRACE] v=1 pid=3968285 tid=3968285 inv=84 hid=4e691a1ac652a1b3 depth=2 name=chip.run.runner_run.device_wall ts=0 dur=1611074 clk=dev
[mono_ns=83735738467355][T0x7b8da775f740][TIMING] emit_host_span: [STRACE] v=1 pid=3968285 tid=3968285 inv=84 hid=4e691a1ac652a1b3 depth=3 name=chip.run.runner_run.device_wall.preamble ts=0 dur=13230 clk=dev
[mono_ns=83735738468907][T0x7b8da775f740][TIMING] emit_host_span: [STRACE] v=1 pid=3968285 tid=3968285 inv=84 hid=4e691a1ac652a1b3 depth=3 name=chip.run.runner_run.device_wall.graph_build ts=2033 dur=1604533 clk=dev
[mono_ns=83735738470409][T0x7b8da775f740][TIMING] emit_host_span: [STRACE] v=1 pid=3968285 tid=3968285 inv=84 hid=4e691a1ac652a1b3 depth=3 name=chip.run.runner_run.device_wall.config_validate ts=2854 dur=967 clk=dev
[mono_ns=83735738471822][T0x7b8da775f740][TIMING] emit_host_span: [STRACE] v=1 pid=3968285 tid=3968285 inv=84 hid=4e691a1ac652a1b3 depth=3 name=chip.run.runner_run.device_wall.arena_wire ts=3985 dur=2466 clk=dev
[mono_ns=83735738473454][T0x7b8da775f740][TIMING] emit_host_span: [STRACE] v=1 pid=3968285 tid=3968285 inv=84 hid=4e691a1ac652a1b3 depth=3 name=chip.run.runner_run.device_wall.sm_reset ts=6471 dur=2940 clk=dev
[mono_ns=83735738474786][T0x7b8da775f740][TIMING] emit_host_span: [STRACE] v=1 pid=3968285 tid=3968285 inv=84 hid=4e691a1ac652a1b3 depth=3 name=chip.run.runner_run.device_wall.post_orch ts=1606613 dur=4019 clk=dev
[mono_ns=83735738475938][T0x7b8da775f740][TIMING] emit_host_span: [STRACE] v=1 pid=3968285 tid=3968285 inv=84 hid=4e691a1ac652a1b3 depth=3 name=chip.run.runner_run.device_wall.orch ts=9443 dur=1318214 clk=dev
[mono_ns=83735738477069][T0x7b8da775f740][TIMING] emit_host_span: [STRACE] v=1 pid=3968285 tid=3968285 inv=84 hid=4e691a1ac652a1b3 depth=3 name=chip.run.runner_run.device_wall.sched ts=13100 dur=1582117 clk=dev
[mono_ns=83735738478542][T0x7b8da775f740][TIMING] emit_host_span: [STRACE] v=1 pid=3968285 tid=3968285 inv=84 hid=4e691a1ac652a1b3 depth=1 name=chip.run.claim_release ts=83735738478161 dur=100 
[mono_ns=83735738480384][T0x7b8da775f740][TIMING] emit_host_span: [STRACE] v=1 pid=3968285 tid=3968285 inv=84 hid=4e691a1ac652a1b3 depth=0 name=chip.run ts=83735552244199 dur=186235835 run_id=0 dispatch_id=0 slot_id=0 generation=84 run_epoch=84
[mono_ns=83735913553435][T0x7b8da775f740][TIMING] emit_host_span: [STRACE] v=1 pid=3968285 tid=3968285 inv=85 hid=4e691a1ac652a1b3 depth=2 name=chip.run.bind.args ts=83735738881136 dur=174668804 
[mono_ns=83735913605072][T0x7b8da775f740][TIMING] emit_host_span: [STRACE] v=1 pid=3968285 tid=3968285 inv=85 hid=4e691a1ac652a1b3 depth=2 name=chip.run.bind.prebuilt ts=83735913600325 dur=4387 
[mono_ns=83735913607897][T0x7b8da775f740][TIMING] emit_host_span: [STRACE] v=1 pid=3968285 tid=3968285 inv=85 hid=4e691a1ac652a1b3 depth=1 name=chip.run.bind ts=83735738873845 dur=174733521 
[mono_ns=83735918684506][T0x7b8da775f740][WARN] prepare_execution: [device_runner.cpp:342] AICPU CPU_TOPO unavailable; using json_fallback: soc=Ascend950PR_9579 occupy=0x3e stable_reachable=5 requested=0 effective=5 affinity=[1, 2, 3, 4, 5(orch)]
[mono_ns=83735920720732][T0x7b8da775f740][TIMING] emit_host_span: [STRACE] v=1 pid=3968285 tid=3968285 inv=85 hid=4e691a1ac652a1b3 depth=1 name=chip.run.runner_run ts=83735918753400 dur=1966331 
[mono_ns=83735921032791][T0x7b8da775f740][TIMING] emit_host_span: [STRACE] v=1 pid=3968285 tid=3968285 inv=85 hid=4e691a1ac652a1b3 depth=1 name=chip.run.validate ts=83735920732440 dur=299840 
[mono_ns=83735921040402][T0x7b8da775f740][TIMING] emit_host_span: [STRACE] v=1 pid=3968285 tid=3968285 inv=85 hid=4e691a1ac652a1b3 depth=2 name=chip.run.runner_run.device_wall ts=0 dur=1775911 clk=dev
[mono_ns=83735921042295][T0x7b8da775f740][TIMING] emit_host_span: [STRACE] v=1 pid=3968285 tid=3968285 inv=85 hid=4e691a1ac652a1b3 depth=3 name=chip.run.runner_run.device_wall.preamble ts=0 dur=12283 clk=dev
[mono_ns=83735921043837][T0x7b8da775f740][TIMING] emit_host_span: [STRACE] v=1 pid=3968285 tid=3968285 inv=85 hid=4e691a1ac652a1b3 depth=3 name=chip.run.runner_run.device_wall.graph_build ts=2184 dur=1768750 clk=dev
[mono_ns=83735921045550][T0x7b8da775f740][TIMING] emit_host_span: [STRACE] v=1 pid=3968285 tid=3968285 inv=85 hid=4e691a1ac652a1b3 depth=3 name=chip.run.runner_run.device_wall.config_validate ts=2773 dur=811 clk=dev
[mono_ns=83735921047413][T0x7b8da775f740][TIMING] emit_host_span: [STRACE] v=1 pid=3968285 tid=3968285 inv=85 hid=4e691a1ac652a1b3 depth=3 name=chip.run.runner_run.device_wall.arena_wire ts=3839 dur=1833 clk=dev
[mono_ns=83735921048805][T0x7b8da775f740][TIMING] emit_host_span: [STRACE] v=1 pid=3968285 tid=3968285 inv=85 hid=4e691a1ac652a1b3 depth=3 name=chip.run.runner_run.device_wall.sm_reset ts=5938 dur=2752 clk=dev
[mono_ns=83735921049927][T0x7b8da775f740][TIMING] emit_host_span: [STRACE] v=1 pid=3968285 tid=3968285 inv=85 hid=4e691a1ac652a1b3 depth=3 name=chip.run.runner_run.device_wall.post_orch ts=1770956 dur=4795 clk=dev
[mono_ns=83735921051088][T0x7b8da775f740][TIMING] emit_host_span: [STRACE] v=1 pid=3968285 tid=3968285 inv=85 hid=4e691a1ac652a1b3 depth=3 name=chip.run.runner_run.device_wall.orch ts=8722 dur=1297748 clk=dev
[mono_ns=83735921052240][T0x7b8da775f740][TIMING] emit_host_span: [STRACE] v=1 pid=3968285 tid=3968285 inv=85 hid=4e691a1ac652a1b3 depth=3 name=chip.run.runner_run.device_wall.sched ts=11846 dur=1745987 clk=dev
[mono_ns=83735921053902][T0x7b8da775f740][TIMING] emit_host_span: [STRACE] v=1 pid=3968285 tid=3968285 inv=85 hid=4e691a1ac652a1b3 depth=1 name=chip.run.claim_release ts=83735921053512 dur=80 
[mono_ns=83735921055615][T0x7b8da775f740][TIMING] emit_host_span: [STRACE] v=1 pid=3968285 tid=3968285 inv=85 hid=4e691a1ac652a1b3 depth=0 name=chip.run ts=83735738865683 dur=182189592 run_id=0 dispatch_id=0 slot_id=0 generation=85 run_epoch=85
[mono_ns=83736080601360][T0x7b8da775f740][TIMING] emit_host_span: [STRACE] v=1 pid=3968285 tid=3968285 inv=86 hid=4e691a1ac652a1b3 depth=2 name=chip.run.bind.args ts=83735921444959 dur=159152455 
[mono_ns=83736080641260][T0x7b8da775f740][TIMING] emit_host_span: [STRACE] v=1 pid=3968285 tid=3968285 inv=86 hid=4e691a1ac652a1b3 depth=2 name=chip.run.bind.prebuilt ts=83736080636713 dur=3996 
[mono_ns=83736080644725][T0x7b8da775f740][TIMING] emit_host_span: [STRACE] v=1 pid=3968285 tid=3968285 inv=86 hid=4e691a1ac652a1b3 depth=1 name=chip.run.bind ts=83735921437849 dur=159206366 
[mono_ns=83736086235236][T0x7b8da775f740][WARN] prepare_execution: [device_runner.cpp:342] AICPU CPU_TOPO unavailable; using json_fallback: soc=Ascend950PR_9579 occupy=0x3e stable_reachable=5 requested=0 effective=5 affinity=[1, 2, 3, 4, 5(orch)]
[mono_ns=83736088280837][T0x7b8da775f740][TIMING] emit_host_span: [STRACE] v=1 pid=3968285 tid=3968285 inv=86 hid=4e691a1ac652a1b3 depth=1 name=chip.run.runner_run ts=83736086313344 dur=1966731 
[mono_ns=83736088545364][T0x7b8da775f740][TIMING] emit_host_span: [STRACE] v=1 pid=3968285 tid=3968285 inv=86 hid=4e691a1ac652a1b3 depth=1 name=chip.run.validate ts=83736088291112 dur=253701 
[mono_ns=83736088552544][T0x7b8da775f740][TIMING] emit_host_span: [STRACE] v=1 pid=3968285 tid=3968285 inv=86 hid=4e691a1ac652a1b3 depth=2 name=chip.run.runner_run.device_wall ts=0 dur=1753489 clk=dev
[mono_ns=83736088554688][T0x7b8da775f740][TIMING] emit_host_span: [STRACE] v=1 pid=3968285 tid=3968285 inv=86 hid=4e691a1ac652a1b3 depth=3 name=chip.run.runner_run.device_wall.preamble ts=0 dur=12443 clk=dev
[mono_ns=83736088556260][T0x7b8da775f740][TIMING] emit_host_span: [STRACE] v=1 pid=3968285 tid=3968285 inv=86 hid=4e691a1ac652a1b3 depth=3 name=chip.run.runner_run.device_wall.graph_build ts=2489 dur=1745274 clk=dev
[mono_ns=83736088558924][T0x7b8da775f740][TIMING] emit_host_span: [STRACE] v=1 pid=3968285 tid=3968285 inv=86 hid=4e691a1ac652a1b3 depth=3 name=chip.run.runner_run.device_wall.config_validate ts=3097 dur=1204 clk=dev
[mono_ns=83736088560637][T0x7b8da775f740][TIMING] emit_host_span: [STRACE] v=1 pid=3968285 tid=3968285 inv=86 hid=4e691a1ac652a1b3 depth=3 name=chip.run.runner_run.device_wall.arena_wire ts=4470 dur=1978 clk=dev
[mono_ns=83736088561798][T0x7b8da775f740][TIMING] emit_host_span: [STRACE] v=1 pid=3968285 tid=3968285 inv=86 hid=4e691a1ac652a1b3 depth=3 name=chip.run.runner_run.device_wall.sm_reset ts=6468 dur=2739 clk=dev
[mono_ns=83736088562930][T0x7b8da775f740][TIMING] emit_host_span: [STRACE] v=1 pid=3968285 tid=3968285 inv=86 hid=4e691a1ac652a1b3 depth=3 name=chip.run.runner_run.device_wall.post_orch ts=1747798 dur=5003 clk=dev
[mono_ns=83736088564102][T0x7b8da775f740][TIMING] emit_host_span: [STRACE] v=1 pid=3968285 tid=3968285 inv=86 hid=4e691a1ac652a1b3 depth=3 name=chip.run.runner_run.device_wall.orch ts=9242 dur=1252931 clk=dev
[mono_ns=83736088565284][T0x7b8da775f740][TIMING] emit_host_span: [STRACE] v=1 pid=3968285 tid=3968285 inv=86 hid=4e691a1ac652a1b3 depth=3 name=chip.run.runner_run.device_wall.sched ts=12174 dur=1723703 clk=dev
[mono_ns=83736088566966][T0x7b8da775f740][TIMING] emit_host_span: [STRACE] v=1 pid=3968285 tid=3968285 inv=86 hid=4e691a1ac652a1b3 depth=1 name=chip.run.claim_release ts=83736088566375 dur=110 
[mono_ns=83736088568849][T0x7b8da775f740][TIMING] emit_host_span: [STRACE] v=1 pid=3968285 tid=3968285 inv=86 hid=4e691a1ac652a1b3 depth=0 name=chip.run ts=83735921430247 dur=167138251 run_id=0 dispatch_id=0 slot_id=0 generation=86 run_epoch=86
[mono_ns=83736277891908][T0x7b8da775f740][TIMING] emit_host_span: [STRACE] v=1 pid=3968285 tid=3968285 inv=87 hid=4e691a1ac652a1b3 depth=2 name=chip.run.bind.args ts=83736088932324 dur=188954816 
[mono_ns=83736277943024][T0x7b8da775f740][TIMING] emit_host_span: [STRACE] v=1 pid=3968285 tid=3968285 inv=87 hid=4e691a1ac652a1b3 depth=2 name=chip.run.bind.prebuilt ts=83736277938027 dur=4697 
[mono_ns=83736277946930][T0x7b8da775f740][TIMING] emit_host_span: [STRACE] v=1 pid=3968285 tid=3968285 inv=87 hid=4e691a1ac652a1b3 depth=1 name=chip.run.bind ts=83736088926295 dur=189020124 
[mono_ns=83736283069819][T0x7b8da775f740][WARN] prepare_execution: [device_runner.cpp:342] AICPU CPU_TOPO unavailable; using json_fallback: soc=Ascend950PR_9579 occupy=0x3e stable_reachable=5 requested=0 effective=5 affinity=[1, 2, 3, 4, 5(orch)]
[mono_ns=83736284985535][T0x7b8da775f740][TIMING] emit_host_span: [STRACE] v=1 pid=3968285 tid=3968285 inv=87 hid=4e691a1ac652a1b3 depth=1 name=chip.run.runner_run ts=83736283148668 dur=1836025 
[mono_ns=83736285295370][T0x7b8da775f740][TIMING] emit_host_span: [STRACE] v=1 pid=3968285 tid=3968285 inv=87 hid=4e691a1ac652a1b3 depth=1 name=chip.run.validate ts=83736284996211 dur=298838 
[mono_ns=83736285307778][T0x7b8da775f740][TIMING] emit_host_span: [STRACE] v=1 pid=3968285 tid=3968285 inv=87 hid=4e691a1ac652a1b3 depth=2 name=chip.run.runner_run.device_wall ts=0 dur=1636475 clk=dev
[mono_ns=83736285309961][T0x7b8da775f740][TIMING] emit_host_span: [STRACE] v=1 pid=3968285 tid=3968285 inv=87 hid=4e691a1ac652a1b3 depth=3 name=chip.run.runner_run.device_wall.preamble ts=0 dur=13039 clk=dev
[mono_ns=83736285311494][T0x7b8da775f740][TIMING] emit_host_span: [STRACE] v=1 pid=3968285 tid=3968285 inv=87 hid=4e691a1ac652a1b3 depth=3 name=chip.run.runner_run.device_wall.graph_build ts=3766 dur=1627716 clk=dev
[mono_ns=83736285312996][T0x7b8da775f740][TIMING] emit_host_span: [STRACE] v=1 pid=3968285 tid=3968285 inv=87 hid=4e691a1ac652a1b3 depth=3 name=chip.run.runner_run.device_wall.config_validate ts=4159 dur=1438 clk=dev
[mono_ns=83736285315660][T0x7b8da775f740][TIMING] emit_host_span: [STRACE] v=1 pid=3968285 tid=3968285 inv=87 hid=4e691a1ac652a1b3 depth=3 name=chip.run.runner_run.device_wall.arena_wire ts=5625 dur=1478 clk=dev
[mono_ns=83736285317483][T0x7b8da775f740][TIMING] emit_host_span: [STRACE] v=1 pid=3968285 tid=3968285 inv=87 hid=4e691a1ac652a1b3 depth=3 name=chip.run.runner_run.device_wall.sm_reset ts=7202 dur=2894 clk=dev
[mono_ns=83736285318845][T0x7b8da775f740][TIMING] emit_host_span: [STRACE] v=1 pid=3968285 tid=3968285 inv=87 hid=4e691a1ac652a1b3 depth=3 name=chip.run.runner_run.device_wall.post_orch ts=1631518 dur=4582 clk=dev
[mono_ns=83736285320037][T0x7b8da775f740][TIMING] emit_host_span: [STRACE] v=1 pid=3968285 tid=3968285 inv=87 hid=4e691a1ac652a1b3 depth=3 name=chip.run.runner_run.device_wall.orch ts=10133 dur=1317046 clk=dev
[mono_ns=83736285321198][T0x7b8da775f740][TIMING] emit_host_span: [STRACE] v=1 pid=3968285 tid=3968285 inv=87 hid=4e691a1ac652a1b3 depth=3 name=chip.run.runner_run.device_wall.sched ts=12482 dur=1603768 clk=dev
[mono_ns=83736285322570][T0x7b8da775f740][TIMING] emit_host_span: [STRACE] v=1 pid=3968285 tid=3968285 inv=87 hid=4e691a1ac652a1b3 depth=1 name=chip.run.claim_release ts=83736285322210 dur=70 
[mono_ns=83736285324483][T0x7b8da775f740][TIMING] emit_host_span: [STRACE] v=1 pid=3968285 tid=3968285 inv=87 hid=4e691a1ac652a1b3 depth=0 name=chip.run ts=83736088919846 dur=196404267 run_id=0 dispatch_id=0 slot_id=0 generation=87 run_epoch=87
[mono_ns=83736473389053][T0x7b8da775f740][TIMING] emit_host_span: [STRACE] v=1 pid=3968285 tid=3968285 inv=88 hid=4e691a1ac652a1b3 depth=2 name=chip.run.bind.args ts=83736285783733 dur=187601504 
[mono_ns=83736473433329][T0x7b8da775f740][TIMING] emit_host_span: [STRACE] v=1 pid=3968285 tid=3968285 inv=88 hid=4e691a1ac652a1b3 depth=2 name=chip.run.bind.prebuilt ts=83736473428783 dur=4196 
[mono_ns=83736473437005][T0x7b8da775f740][TIMING] emit_host_span: [STRACE] v=1 pid=3968285 tid=3968285 inv=88 hid=4e691a1ac652a1b3 depth=1 name=chip.run.bind ts=83736285778695 dur=187657619 
[mono_ns=83736478518081][T0x7b8da775f740][WARN] prepare_execution: [device_runner.cpp:342] AICPU CPU_TOPO unavailable; using json_fallback: soc=Ascend950PR_9579 occupy=0x3e stable_reachable=5 requested=0 effective=5 affinity=[1, 2, 3, 4, 5(orch)]
[mono_ns=83736480533626][T0x7b8da775f740][TIMING] emit_host_span: [STRACE] v=1 pid=3968285 tid=3968285 inv=88 hid=4e691a1ac652a1b3 depth=1 name=chip.run.runner_run ts=83736478588617 dur=1943958 
[mono_ns=83736480848970][T0x7b8da775f740][TIMING] emit_host_span: [STRACE] v=1 pid=3968285 tid=3968285 inv=88 hid=4e691a1ac652a1b3 depth=1 name=chip.run.validate ts=83736480551293 dur=297286 
[mono_ns=83736480855730][T0x7b8da775f740][TIMING] emit_host_span: [STRACE] v=1 pid=3968285 tid=3968285 inv=88 hid=4e691a1ac652a1b3 depth=2 name=chip.run.runner_run.device_wall ts=0 dur=1737716 clk=dev
[mono_ns=83736480857713][T0x7b8da775f740][TIMING] emit_host_span: [STRACE] v=1 pid=3968285 tid=3968285 inv=88 hid=4e691a1ac652a1b3 depth=3 name=chip.run.runner_run.device_wall.preamble ts=0 dur=11638 clk=dev
[mono_ns=83736480859536][T0x7b8da775f740][TIMING] emit_host_span: [STRACE] v=1 pid=3968285 tid=3968285 inv=88 hid=4e691a1ac652a1b3 depth=3 name=chip.run.runner_run.device_wall.graph_build ts=2979 dur=1729691 clk=dev
[mono_ns=83736480867918][T0x7b8da775f740][TIMING] emit_host_span: [STRACE] v=1 pid=3968285 tid=3968285 inv=88 hid=4e691a1ac652a1b3 depth=3 name=chip.run.runner_run.device_wall.config_validate ts=3403 dur=832 clk=dev
[mono_ns=83736480869410][T0x7b8da775f740][TIMING] emit_host_span: [STRACE] v=1 pid=3968285 tid=3968285 inv=88 hid=4e691a1ac652a1b3 depth=3 name=chip.run.runner_run.device_wall.arena_wire ts=4387 dur=1709 clk=dev
[mono_ns=83736480870622][T0x7b8da775f740][TIMING] emit_host_span: [STRACE] v=1 pid=3968285 tid=3968285 inv=88 hid=4e691a1ac652a1b3 depth=3 name=chip.run.runner_run.device_wall.sm_reset ts=6355 dur=2725 clk=dev
[mono_ns=83736480872275][T0x7b8da775f740][TIMING] emit_host_span: [STRACE] v=1 pid=3968285 tid=3968285 inv=88 hid=4e691a1ac652a1b3 depth=3 name=chip.run.runner_run.device_wall.post_orch ts=1732702 dur=4946 clk=dev
[mono_ns=83736480876110][T0x7b8da775f740][TIMING] emit_host_span: [STRACE] v=1 pid=3968285 tid=3968285 inv=88 hid=4e691a1ac652a1b3 depth=3 name=chip.run.runner_run.device_wall.orch ts=9534 dur=1326193 clk=dev
[mono_ns=83736480878003][T0x7b8da775f740][TIMING] emit_host_span: [STRACE] v=1 pid=3968285 tid=3968285 inv=88 hid=4e691a1ac652a1b3 depth=3 name=chip.run.runner_run.device_wall.sched ts=11399 dur=1708822 clk=dev
[mono_ns=83736480880427][T0x7b8da775f740][TIMING] emit_host_span: [STRACE] v=1 pid=3968285 tid=3968285 inv=88 hid=4e691a1ac652a1b3 depth=1 name=chip.run.claim_release ts=83736480879826 dur=120 
[mono_ns=83736480882450][T0x7b8da775f740][TIMING] emit_host_span: [STRACE] v=1 pid=3968285 tid=3968285 inv=88 hid=4e691a1ac652a1b3 depth=0 name=chip.run ts=83736285772936 dur=195109163 run_id=0 dispatch_id=0 slot_id=0 generation=88 run_epoch=88
[mono_ns=83736684803389][T0x7b8da775f740][TIMING] emit_host_span: [STRACE] v=1 pid=3968285 tid=3968285 inv=89 hid=4e691a1ac652a1b3 depth=2 name=chip.run.bind.args ts=83736481261279 dur=203538615 
[mono_ns=83736684845893][T0x7b8da775f740][TIMING] emit_host_span: [STRACE] v=1 pid=3968285 tid=3968285 inv=89 hid=4e691a1ac652a1b3 depth=2 name=chip.run.bind.prebuilt ts=83736684841396 dur=3976 
[mono_ns=83736684849037][T0x7b8da775f740][TIMING] emit_host_span: [STRACE] v=1 pid=3968285 tid=3968285 inv=89 hid=4e691a1ac652a1b3 depth=1 name=chip.run.bind ts=83736481255290 dur=203593237 
[mono_ns=83736690231476][T0x7b8da775f740][WARN] prepare_execution: [device_runner.cpp:342] AICPU CPU_TOPO unavailable; using json_fallback: soc=Ascend950PR_9579 occupy=0x3e stable_reachable=5 requested=0 effective=5 affinity=[1, 2, 3, 4, 5(orch)]
[mono_ns=83736692210887][T0x7b8da775f740][TIMING] emit_host_span: [STRACE] v=1 pid=3968285 tid=3968285 inv=89 hid=4e691a1ac652a1b3 depth=1 name=chip.run.runner_run ts=83736690300039 dur=1910207 
[mono_ns=83736692517527][T0x7b8da775f740][TIMING] emit_host_span: [STRACE] v=1 pid=3968285 tid=3968285 inv=89 hid=4e691a1ac652a1b3 depth=1 name=chip.run.validate ts=83736692220361 dur=296846 
[mono_ns=83736692524898][T0x7b8da775f740][TIMING] emit_host_span: [STRACE] v=1 pid=3968285 tid=3968285 inv=89 hid=4e691a1ac652a1b3 depth=2 name=chip.run.runner_run.device_wall ts=0 dur=1712111 clk=dev
[mono_ns=83736692527422][T0x7b8da775f740][TIMING] emit_host_span: [STRACE] v=1 pid=3968285 tid=3968285 inv=89 hid=4e691a1ac652a1b3 depth=3 name=chip.run.runner_run.device_wall.preamble ts=0 dur=13407 clk=dev
[mono_ns=83736692529275][T0x7b8da775f740][TIMING] emit_host_span: [STRACE] v=1 pid=3968285 tid=3968285 inv=89 hid=4e691a1ac652a1b3 depth=3 name=chip.run.runner_run.device_wall.graph_build ts=2243 dur=1704238 clk=dev
[mono_ns=83736692531388][T0x7b8da775f740][TIMING] emit_host_span: [STRACE] v=1 pid=3968285 tid=3968285 inv=89 hid=4e691a1ac652a1b3 depth=3 name=chip.run.runner_run.device_wall.config_validate ts=2696 dur=1006 clk=dev
[mono_ns=83736692532840][T0x7b8da775f740][TIMING] emit_host_span: [STRACE] v=1 pid=3968285 tid=3968285 inv=89 hid=4e691a1ac652a1b3 depth=3 name=chip.run.runner_run.device_wall.arena_wire ts=3859 dur=2228 clk=dev
[mono_ns=83736692533972][T0x7b8da775f740][TIMING] emit_host_span: [STRACE] v=1 pid=3968285 tid=3968285 inv=89 hid=4e691a1ac652a1b3 depth=3 name=chip.run.runner_run.device_wall.sm_reset ts=6169 dur=3127 clk=dev
[mono_ns=83736692541393][T0x7b8da775f740][TIMING] emit_host_span: [STRACE] v=1 pid=3968285 tid=3968285 inv=89 hid=4e691a1ac652a1b3 depth=3 name=chip.run.runner_run.device_wall.post_orch ts=1706512 dur=5263 clk=dev
[mono_ns=83736692544528][T0x7b8da775f740][TIMING] emit_host_span: [STRACE] v=1 pid=3968285 tid=3968285 inv=89 hid=4e691a1ac652a1b3 depth=3 name=chip.run.runner_run.device_wall.orch ts=9377 dur=1288249 clk=dev
[mono_ns=83736692546150][T0x7b8da775f740][TIMING] emit_host_span: [STRACE] v=1 pid=3968285 tid=3968285 inv=89 hid=4e691a1ac652a1b3 depth=3 name=chip.run.runner_run.device_wall.sched ts=12949 dur=1678891 clk=dev
[mono_ns=83736692547953][T0x7b8da775f740][TIMING] emit_host_span: [STRACE] v=1 pid=3968285 tid=3968285 inv=89 hid=4e691a1ac652a1b3 depth=1 name=chip.run.claim_release ts=83736692547362 dur=110 
[mono_ns=83736692549846][T0x7b8da775f740][TIMING] emit_host_span: [STRACE] v=1 pid=3968285 tid=3968285 inv=89 hid=4e691a1ac652a1b3 depth=0 name=chip.run ts=83736481249190 dur=211300325 run_id=0 dispatch_id=0 slot_id=0 generation=89 run_epoch=89
[mono_ns=83736889589717][T0x7b8da775f740][TIMING] emit_host_span: [STRACE] v=1 pid=3968285 tid=3968285 inv=90 hid=4e691a1ac652a1b3 depth=2 name=chip.run.bind.args ts=83736692880131 dur=196706401 
[mono_ns=83736889633212][T0x7b8da775f740][TIMING] emit_host_span: [STRACE] v=1 pid=3968285 tid=3968285 inv=90 hid=4e691a1ac652a1b3 depth=2 name=chip.run.bind.prebuilt ts=83736889628645 dur=4266 
[mono_ns=83736889636637][T0x7b8da775f740][TIMING] emit_host_span: [STRACE] v=1 pid=3968285 tid=3968285 inv=90 hid=4e691a1ac652a1b3 depth=1 name=chip.run.bind ts=83736692875685 dur=196760401 
[mono_ns=83736894777633][T0x7b8da775f740][WARN] prepare_execution: [device_runner.cpp:342] AICPU CPU_TOPO unavailable; using json_fallback: soc=Ascend950PR_9579 occupy=0x3e stable_reachable=5 requested=0 effective=5 affinity=[1, 2, 3, 4, 5(orch)]
[mono_ns=83736896747770][T0x7b8da775f740][TIMING] emit_host_span: [STRACE] v=1 pid=3968285 tid=3968285 inv=90 hid=4e691a1ac652a1b3 depth=1 name=chip.run.runner_run ts=83736894850062 dur=1897027 
[mono_ns=83736897063003][T0x7b8da775f740][TIMING] emit_host_span: [STRACE] v=1 pid=3968285 tid=3968285 inv=90 hid=4e691a1ac652a1b3 depth=1 name=chip.run.validate ts=83736896761050 dur=301573 
[mono_ns=83736897070605][T0x7b8da775f740][TIMING] emit_host_span: [STRACE] v=1 pid=3968285 tid=3968285 inv=90 hid=4e691a1ac652a1b3 depth=2 name=chip.run.runner_run.device_wall ts=0 dur=1702722 clk=dev
[mono_ns=83736897072998][T0x7b8da775f740][TIMING] emit_host_span: [STRACE] v=1 pid=3968285 tid=3968285 inv=90 hid=4e691a1ac652a1b3 depth=3 name=chip.run.runner_run.device_wall.preamble ts=0 dur=12580 clk=dev
[mono_ns=83736897074931][T0x7b8da775f740][TIMING] emit_host_span: [STRACE] v=1 pid=3968285 tid=3968285 inv=90 hid=4e691a1ac652a1b3 depth=3 name=chip.run.runner_run.device_wall.graph_build ts=2932 dur=1694947 clk=dev
[mono_ns=83736897077796][T0x7b8da775f740][TIMING] emit_host_span: [STRACE] v=1 pid=3968285 tid=3968285 inv=90 hid=4e691a1ac652a1b3 depth=3 name=chip.run.runner_run.device_wall.config_validate ts=3441 dur=1277 clk=dev
[mono_ns=83736897079699][T0x7b8da775f740][TIMING] emit_host_span: [STRACE] v=1 pid=3968285 tid=3968285 inv=90 hid=4e691a1ac652a1b3 depth=3 name=chip.run.runner_run.device_wall.arena_wire ts=4744 dur=1597 clk=dev
[mono_ns=83736897081061][T0x7b8da775f740][TIMING] emit_host_span: [STRACE] v=1 pid=3968285 tid=3968285 inv=90 hid=4e691a1ac652a1b3 depth=3 name=chip.run.runner_run.device_wall.sm_reset ts=6358 dur=2383 clk=dev
[mono_ns=83736897082192][T0x7b8da775f740][TIMING] emit_host_span: [STRACE] v=1 pid=3968285 tid=3968285 inv=90 hid=4e691a1ac652a1b3 depth=3 name=chip.run.runner_run.device_wall.post_orch ts=1697911 dur=4687 clk=dev
[mono_ns=83736897083354][T0x7b8da775f740][TIMING] emit_host_span: [STRACE] v=1 pid=3968285 tid=3968285 inv=90 hid=4e691a1ac652a1b3 depth=3 name=chip.run.runner_run.device_wall.orch ts=8803 dur=1305100 clk=dev
[mono_ns=83736897090545][T0x7b8da775f740][TIMING] emit_host_span: [STRACE] v=1 pid=3968285 tid=3968285 inv=90 hid=4e691a1ac652a1b3 depth=3 name=chip.run.runner_run.device_wall.sched ts=12320 dur=1671253 clk=dev
[mono_ns=83736897093249][T0x7b8da775f740][TIMING] emit_host_span: [STRACE] v=1 pid=3968285 tid=3968285 inv=90 hid=4e691a1ac652a1b3 depth=1 name=chip.run.claim_release ts=83736897092848 dur=100 
[mono_ns=83736897095122][T0x7b8da775f740][TIMING] emit_host_span: [STRACE] v=1 pid=3968285 tid=3968285 inv=90 hid=4e691a1ac652a1b3 depth=0 name=chip.run ts=83736692870637 dur=204224144 run_id=0 dispatch_id=0 slot_id=0 generation=90 run_epoch=90
[mono_ns=83737079457633][T0x7b8da775f740][TIMING] emit_host_span: [STRACE] v=1 pid=3968285 tid=3968285 inv=91 hid=4e691a1ac652a1b3 depth=2 name=chip.run.bind.args ts=83736897478948 dur=181975280 
[mono_ns=83737079507318][T0x7b8da775f740][TIMING] emit_host_span: [STRACE] v=1 pid=3968285 tid=3968285 inv=91 hid=4e691a1ac652a1b3 depth=2 name=chip.run.bind.prebuilt ts=83737079502871 dur=4026 
[mono_ns=83737079510913][T0x7b8da775f740][TIMING] emit_host_span: [STRACE] v=1 pid=3968285 tid=3968285 inv=91 hid=4e691a1ac652a1b3 depth=1 name=chip.run.bind ts=83736897471827 dur=182038425 
[mono_ns=83737084611719][T0x7b8da775f740][WARN] prepare_execution: [device_runner.cpp:342] AICPU CPU_TOPO unavailable; using json_fallback: soc=Ascend950PR_9579 occupy=0x3e stable_reachable=5 requested=0 effective=5 affinity=[1, 2, 3, 4, 5(orch)]
[mono_ns=83737086779182][T0x7b8da775f740][TIMING] emit_host_span: [STRACE] v=1 pid=3968285 tid=3968285 inv=91 hid=4e691a1ac652a1b3 depth=1 name=chip.run.runner_run ts=83737084682014 dur=2096497 
[mono_ns=83737087101546][T0x7b8da775f740][TIMING] emit_host_span: [STRACE] v=1 pid=3968285 tid=3968285 inv=91 hid=4e691a1ac652a1b3 depth=1 name=chip.run.validate ts=83737086790169 dur=310976 
[mono_ns=83737087109348][T0x7b8da775f740][TIMING] emit_host_span: [STRACE] v=1 pid=3968285 tid=3968285 inv=91 hid=4e691a1ac652a1b3 depth=2 name=chip.run.runner_run.device_wall ts=0 dur=1883525 clk=dev
[mono_ns=83737087111531][T0x7b8da775f740][TIMING] emit_host_span: [STRACE] v=1 pid=3968285 tid=3968285 inv=91 hid=4e691a1ac652a1b3 depth=3 name=chip.run.runner_run.device_wall.preamble ts=0 dur=13027 clk=dev
[mono_ns=83737087112923][T0x7b8da775f740][TIMING] emit_host_span: [STRACE] v=1 pid=3968285 tid=3968285 inv=91 hid=4e691a1ac652a1b3 depth=3 name=chip.run.runner_run.device_wall.graph_build ts=3025 dur=1875417 clk=dev
[mono_ns=83737087116378][T0x7b8da775f740][TIMING] emit_host_span: [STRACE] v=1 pid=3968285 tid=3968285 inv=91 hid=4e691a1ac652a1b3 depth=3 name=chip.run.runner_run.device_wall.config_validate ts=3462 dur=1077 clk=dev
[mono_ns=83737087118401][T0x7b8da775f740][TIMING] emit_host_span: [STRACE] v=1 pid=3968285 tid=3968285 inv=91 hid=4e691a1ac652a1b3 depth=3 name=chip.run.runner_run.device_wall.arena_wire ts=4718 dur=1876 clk=dev
[mono_ns=83737087119773][T0x7b8da775f740][TIMING] emit_host_span: [STRACE] v=1 pid=3968285 tid=3968285 inv=91 hid=4e691a1ac652a1b3 depth=3 name=chip.run.runner_run.device_wall.sm_reset ts=6606 dur=2554 clk=dev
[mono_ns=83737087120935][T0x7b8da775f740][TIMING] emit_host_span: [STRACE] v=1 pid=3968285 tid=3968285 inv=91 hid=4e691a1ac652a1b3 depth=3 name=chip.run.runner_run.device_wall.post_orch ts=1878479 dur=4719 clk=dev
[mono_ns=83737087122087][T0x7b8da775f740][TIMING] emit_host_span: [STRACE] v=1 pid=3968285 tid=3968285 inv=91 hid=4e691a1ac652a1b3 depth=3 name=chip.run.runner_run.device_wall.orch ts=9194 dur=1250997 clk=dev
[mono_ns=83737087123229][T0x7b8da775f740][TIMING] emit_host_span: [STRACE] v=1 pid=3968285 tid=3968285 inv=91 hid=4e691a1ac652a1b3 depth=3 name=chip.run.runner_run.device_wall.sched ts=12740 dur=1854187 clk=dev
[mono_ns=83737087124981][T0x7b8da775f740][TIMING] emit_host_span: [STRACE] v=1 pid=3968285 tid=3968285 inv=91 hid=4e691a1ac652a1b3 depth=1 name=chip.run.claim_release ts=83737087124420 dur=90 
[mono_ns=83737087126974][T0x7b8da775f740][TIMING] emit_host_span: [STRACE] v=1 pid=3968285 tid=3968285 inv=91 hid=4e691a1ac652a1b3 depth=0 name=chip.run ts=83736897463014 dur=189663600 run_id=0 dispatch_id=0 slot_id=0 generation=91 run_epoch=91
[mono_ns=83737284043079][T0x7b8da775f740][TIMING] emit_host_span: [STRACE] v=1 pid=3968285 tid=3968285 inv=92 hid=4e691a1ac652a1b3 depth=2 name=chip.run.bind.args ts=83737087501126 dur=196534552 
[mono_ns=83737284094156][T0x7b8da775f740][TIMING] emit_host_span: [STRACE] v=1 pid=3968285 tid=3968285 inv=92 hid=4e691a1ac652a1b3 depth=2 name=chip.run.bind.prebuilt ts=83737284086404 dur=6210 
[mono_ns=83737284103971][T0x7b8da775f740][TIMING] emit_host_span: [STRACE] v=1 pid=3968285 tid=3968285 inv=92 hid=4e691a1ac652a1b3 depth=1 name=chip.run.bind ts=83737087495627 dur=196606571 
[mono_ns=83737289299499][T0x7b8da775f740][WARN] prepare_execution: [device_runner.cpp:342] AICPU CPU_TOPO unavailable; using json_fallback: soc=Ascend950PR_9579 occupy=0x3e stable_reachable=5 requested=0 effective=5 affinity=[1, 2, 3, 4, 5(orch)]
[mono_ns=83737291188194][T0x7b8da775f740][TIMING] emit_host_span: [STRACE] v=1 pid=3968285 tid=3968285 inv=92 hid=4e691a1ac652a1b3 depth=1 name=chip.run.runner_run ts=83737289374702 dur=1812600 
[mono_ns=83737291543317][T0x7b8da775f740][TIMING] emit_host_span: [STRACE] v=1 pid=3968285 tid=3968285 inv=92 hid=4e691a1ac652a1b3 depth=1 name=chip.run.validate ts=83737291198739 dur=344067 
[mono_ns=83737291551309][T0x7b8da775f740][TIMING] emit_host_span: [STRACE] v=1 pid=3968285 tid=3968285 inv=92 hid=4e691a1ac652a1b3 depth=2 name=chip.run.runner_run.device_wall ts=0 dur=1631138 clk=dev
[mono_ns=83737291553792][T0x7b8da775f740][TIMING] emit_host_span: [STRACE] v=1 pid=3968285 tid=3968285 inv=92 hid=4e691a1ac652a1b3 depth=3 name=chip.run.runner_run.device_wall.preamble ts=0 dur=13849 clk=dev
[mono_ns=83737291558189][T0x7b8da775f740][TIMING] emit_host_span: [STRACE] v=1 pid=3968285 tid=3968285 inv=92 hid=4e691a1ac652a1b3 depth=3 name=chip.run.runner_run.device_wall.graph_build ts=3296 dur=1622368 clk=dev
[mono_ns=83737291560522][T0x7b8da775f740][TIMING] emit_host_span: [STRACE] v=1 pid=3968285 tid=3968285 inv=92 hid=4e691a1ac652a1b3 depth=3 name=chip.run.runner_run.device_wall.config_validate ts=3719 dur=1513 clk=dev
[mono_ns=83737291561995][T0x7b8da775f740][TIMING] emit_host_span: [STRACE] v=1 pid=3968285 tid=3968285 inv=92 hid=4e691a1ac652a1b3 depth=3 name=chip.run.runner_run.device_wall.arena_wire ts=5258 dur=1159 clk=dev
[mono_ns=83737291563136][T0x7b8da775f740][TIMING] emit_host_span: [STRACE] v=1 pid=3968285 tid=3968285 inv=92 hid=4e691a1ac652a1b3 depth=3 name=chip.run.runner_run.device_wall.sm_reset ts=6645 dur=3055 clk=dev
[mono_ns=83737291564278][T0x7b8da775f740][TIMING] emit_host_span: [STRACE] v=1 pid=3968285 tid=3968285 inv=92 hid=4e691a1ac652a1b3 depth=3 name=chip.run.runner_run.device_wall.post_orch ts=1625783 dur=4383 clk=dev
[mono_ns=83737291565430][T0x7b8da775f740][TIMING] emit_host_span: [STRACE] v=1 pid=3968285 tid=3968285 inv=92 hid=4e691a1ac652a1b3 depth=3 name=chip.run.runner_run.device_wall.orch ts=9731 dur=1305250 clk=dev
[mono_ns=83737291566571][T0x7b8da775f740][TIMING] emit_host_span: [STRACE] v=1 pid=3968285 tid=3968285 inv=92 hid=4e691a1ac652a1b3 depth=3 name=chip.run.runner_run.device_wall.sched ts=13955 dur=1596154 clk=dev
[mono_ns=83737291568124][T0x7b8da775f740][TIMING] emit_host_span: [STRACE] v=1 pid=3968285 tid=3968285 inv=92 hid=4e691a1ac652a1b3 depth=1 name=chip.run.claim_release ts=83737291567683 dur=120 
[mono_ns=83737291570868][T0x7b8da775f740][TIMING] emit_host_span: [STRACE] v=1 pid=3968285 tid=3968285 inv=92 hid=4e691a1ac652a1b3 depth=0 name=chip.run ts=83737087488557 dur=204081920 run_id=0 dispatch_id=0 slot_id=0 generation=92 run_epoch=92
[mono_ns=83737482493608][T0x7b8da775f740][TIMING] emit_host_span: [STRACE] v=1 pid=3968285 tid=3968285 inv=93 hid=4e691a1ac652a1b3 depth=2 name=chip.run.bind.args ts=83737291971609 dur=190518033 
[mono_ns=83737482528189][T0x7b8da775f740][TIMING] emit_host_span: [STRACE] v=1 pid=3968285 tid=3968285 inv=93 hid=4e691a1ac652a1b3 depth=2 name=chip.run.bind.prebuilt ts=83737482523332 dur=4237 
[mono_ns=83737482537994][T0x7b8da775f740][TIMING] emit_host_span: [STRACE] v=1 pid=3968285 tid=3968285 inv=93 hid=4e691a1ac652a1b3 depth=1 name=chip.run.bind ts=83737291965711 dur=190571742 
[mono_ns=83737487641805][T0x7b8da775f740][WARN] prepare_execution: [device_runner.cpp:342] AICPU CPU_TOPO unavailable; using json_fallback: soc=Ascend950PR_9579 occupy=0x3e stable_reachable=5 requested=0 effective=5 affinity=[1, 2, 3, 4, 5(orch)]
[mono_ns=83737489627164][T0x7b8da775f740][TIMING] emit_host_span: [STRACE] v=1 pid=3968285 tid=3968285 inv=93 hid=4e691a1ac652a1b3 depth=1 name=chip.run.runner_run ts=83737487711669 dur=1914644 
[mono_ns=83737489920575][T0x7b8da775f740][TIMING] emit_host_span: [STRACE] v=1 pid=3968285 tid=3968285 inv=93 hid=4e691a1ac652a1b3 depth=1 name=chip.run.validate ts=83737489636599 dur=283585 
[mono_ns=83737489927545][T0x7b8da775f740][TIMING] emit_host_span: [STRACE] v=1 pid=3968285 tid=3968285 inv=93 hid=4e691a1ac652a1b3 depth=2 name=chip.run.runner_run.device_wall ts=0 dur=1737472 clk=dev
[mono_ns=83737489929749][T0x7b8da775f740][TIMING] emit_host_span: [STRACE] v=1 pid=3968285 tid=3968285 inv=93 hid=4e691a1ac652a1b3 depth=3 name=chip.run.runner_run.device_wall.preamble ts=0 dur=13084 clk=dev
[mono_ns=83737489931291][T0x7b8da775f740][TIMING] emit_host_span: [STRACE] v=1 pid=3968285 tid=3968285 inv=93 hid=4e691a1ac652a1b3 depth=3 name=chip.run.runner_run.device_wall.graph_build ts=2631 dur=1729378 clk=dev
[mono_ns=83737489933474][T0x7b8da775f740][TIMING] emit_host_span: [STRACE] v=1 pid=3968285 tid=3968285 inv=93 hid=4e691a1ac652a1b3 depth=3 name=chip.run.runner_run.device_wall.config_validate ts=2908 dur=1685 clk=dev
[mono_ns=83737489935127][T0x7b8da775f740][TIMING] emit_host_span: [STRACE] v=1 pid=3968285 tid=3968285 inv=93 hid=4e691a1ac652a1b3 depth=3 name=chip.run.runner_run.device_wall.arena_wire ts=4622 dur=1720 clk=dev
[mono_ns=83737489936509][T0x7b8da775f740][TIMING] emit_host_span: [STRACE] v=1 pid=3968285 tid=3968285 inv=93 hid=4e691a1ac652a1b3 depth=3 name=chip.run.runner_run.device_wall.sm_reset ts=6564 dur=2656 clk=dev
[mono_ns=83737489937650][T0x7b8da775f740][TIMING] emit_host_span: [STRACE] v=1 pid=3968285 tid=3968285 inv=93 hid=4e691a1ac652a1b3 depth=3 name=chip.run.runner_run.device_wall.post_orch ts=1732239 dur=5107 clk=dev
[mono_ns=83737489938802][T0x7b8da775f740][TIMING] emit_host_span: [STRACE] v=1 pid=3968285 tid=3968285 inv=93 hid=4e691a1ac652a1b3 depth=3 name=chip.run.runner_run.device_wall.orch ts=9244 dur=1302533 clk=dev
[mono_ns=83737489939934][T0x7b8da775f740][TIMING] emit_host_span: [STRACE] v=1 pid=3968285 tid=3968285 inv=93 hid=4e691a1ac652a1b3 depth=3 name=chip.run.runner_run.device_wall.sched ts=12433 dur=1706384 clk=dev
[mono_ns=83737489941777][T0x7b8da775f740][TIMING] emit_host_span: [STRACE] v=1 pid=3968285 tid=3968285 inv=93 hid=4e691a1ac652a1b3 depth=1 name=chip.run.claim_release ts=83737489940985 dur=291 
[mono_ns=83737489943830][T0x7b8da775f740][TIMING] emit_host_span: [STRACE] v=1 pid=3968285 tid=3968285 inv=93 hid=4e691a1ac652a1b3 depth=0 name=chip.run ts=83737291959671 dur=197983778 run_id=0 dispatch_id=0 slot_id=0 generation=93 run_epoch=93
[mono_ns=83737696801997][T0x7b8da775f740][TIMING] emit_host_span: [STRACE] v=1 pid=3968285 tid=3968285 inv=94 hid=4e691a1ac652a1b3 depth=2 name=chip.run.bind.args ts=83737490270330 dur=206526499 
[mono_ns=83737696837280][T0x7b8da775f740][TIMING] emit_host_span: [STRACE] v=1 pid=3968285 tid=3968285 inv=94 hid=4e691a1ac652a1b3 depth=2 name=chip.run.bind.prebuilt ts=83737696832653 dur=4277 
[mono_ns=83737696841156][T0x7b8da775f740][TIMING] emit_host_span: [STRACE] v=1 pid=3968285 tid=3968285 inv=94 hid=4e691a1ac652a1b3 depth=1 name=chip.run.bind ts=83737490265112 dur=206575623 
[mono_ns=83737701953309][T0x7b8da775f740][WARN] prepare_execution: [device_runner.cpp:342] AICPU CPU_TOPO unavailable; using json_fallback: soc=Ascend950PR_9579 occupy=0x3e stable_reachable=5 requested=0 effective=5 affinity=[1, 2, 3, 4, 5(orch)]
[mono_ns=83737704034342][T0x7b8da775f740][TIMING] emit_host_span: [STRACE] v=1 pid=3968285 tid=3968285 inv=94 hid=4e691a1ac652a1b3 depth=1 name=chip.run.runner_run ts=83737702028041 dur=2005610 
[mono_ns=83737704354833][T0x7b8da775f740][TIMING] emit_host_span: [STRACE] v=1 pid=3968285 tid=3968285 inv=94 hid=4e691a1ac652a1b3 depth=1 name=chip.run.validate ts=83737704051668 dur=302554 
[mono_ns=83737704361904][T0x7b8da775f740][TIMING] emit_host_span: [STRACE] v=1 pid=3968285 tid=3968285 inv=94 hid=4e691a1ac652a1b3 depth=2 name=chip.run.runner_run.device_wall ts=0 dur=1785931 clk=dev
[mono_ns=83737704363977][T0x7b8da775f740][TIMING] emit_host_span: [STRACE] v=1 pid=3968285 tid=3968285 inv=94 hid=4e691a1ac652a1b3 depth=3 name=chip.run.runner_run.device_wall.preamble ts=0 dur=13172 clk=dev
[mono_ns=83737704365590][T0x7b8da775f740][TIMING] emit_host_span: [STRACE] v=1 pid=3968285 tid=3968285 inv=94 hid=4e691a1ac652a1b3 depth=3 name=chip.run.runner_run.device_wall.graph_build ts=2009 dur=1778475 clk=dev
[mono_ns=83737704368414][T0x7b8da775f740][TIMING] emit_host_span: [STRACE] v=1 pid=3968285 tid=3968285 inv=94 hid=4e691a1ac652a1b3 depth=3 name=chip.run.runner_run.device_wall.config_validate ts=2590 dur=1293 clk=dev
[mono_ns=83737704369986][T0x7b8da775f740][TIMING] emit_host_span: [STRACE] v=1 pid=3968285 tid=3968285 inv=94 hid=4e691a1ac652a1b3 depth=3 name=chip.run.runner_run.device_wall.arena_wire ts=3913 dur=1920 clk=dev
[mono_ns=83737704371198][T0x7b8da775f740][TIMING] emit_host_span: [STRACE] v=1 pid=3968285 tid=3968285 inv=94 hid=4e691a1ac652a1b3 depth=3 name=chip.run.runner_run.device_wall.sm_reset ts=5850 dur=3107 clk=dev
[mono_ns=83737704372380][T0x7b8da775f740][TIMING] emit_host_span: [STRACE] v=1 pid=3968285 tid=3968285 inv=94 hid=4e691a1ac652a1b3 depth=3 name=chip.run.runner_run.device_wall.post_orch ts=1780705 dur=4880 clk=dev
[mono_ns=83737704373561][T0x7b8da775f740][TIMING] emit_host_span: [STRACE] v=1 pid=3968285 tid=3968285 inv=94 hid=4e691a1ac652a1b3 depth=3 name=chip.run.runner_run.device_wall.orch ts=8990 dur=1283579 clk=dev
[mono_ns=83737704374743][T0x7b8da775f740][TIMING] emit_host_span: [STRACE] v=1 pid=3968285 tid=3968285 inv=94 hid=4e691a1ac652a1b3 depth=3 name=chip.run.runner_run.device_wall.sched ts=13148 dur=1756365 clk=dev
[mono_ns=83737704376606][T0x7b8da775f740][TIMING] emit_host_span: [STRACE] v=1 pid=3968285 tid=3968285 inv=94 hid=4e691a1ac652a1b3 depth=1 name=chip.run.claim_release ts=83737704375985 dur=110 
[mono_ns=83737704378599][T0x7b8da775f740][TIMING] emit_host_span: [STRACE] v=1 pid=3968285 tid=3968285 inv=94 hid=4e691a1ac652a1b3 depth=0 name=chip.run ts=83737490257581 dur=214120647 run_id=0 dispatch_id=0 slot_id=0 generation=94 run_epoch=94
[mono_ns=83737898986490][T0x7b8da775f740][TIMING] emit_host_span: [STRACE] v=1 pid=3968285 tid=3968285 inv=95 hid=4e691a1ac652a1b3 depth=2 name=chip.run.bind.args ts=83737704756476 dur=194226318 
[mono_ns=83737899021893][T0x7b8da775f740][TIMING] emit_host_span: [STRACE] v=1 pid=3968285 tid=3968285 inv=95 hid=4e691a1ac652a1b3 depth=2 name=chip.run.bind.prebuilt ts=83737899016785 dur=4717 
[mono_ns=83737899025989][T0x7b8da775f740][TIMING] emit_host_span: [STRACE] v=1 pid=3968285 tid=3968285 inv=95 hid=4e691a1ac652a1b3 depth=1 name=chip.run.bind ts=83737704751158 dur=194274501 
[mono_ns=83737904150250][T0x7b8da775f740][WARN] prepare_execution: [device_runner.cpp:342] AICPU CPU_TOPO unavailable; using json_fallback: soc=Ascend950PR_9579 occupy=0x3e stable_reachable=5 requested=0 effective=5 affinity=[1, 2, 3, 4, 5(orch)]
[mono_ns=83737906116001][T0x7b8da775f740][TIMING] emit_host_span: [STRACE] v=1 pid=3968285 tid=3968285 inv=95 hid=4e691a1ac652a1b3 depth=1 name=chip.run.runner_run ts=83737904219955 dur=1895325 
[mono_ns=83737906418465][T0x7b8da775f740][TIMING] emit_host_span: [STRACE] v=1 pid=3968285 tid=3968285 inv=95 hid=4e691a1ac652a1b3 depth=1 name=chip.run.validate ts=83737906125535 dur=292479 
[mono_ns=83737906425054][T0x7b8da775f740][TIMING] emit_host_span: [STRACE] v=1 pid=3968285 tid=3968285 inv=95 hid=4e691a1ac652a1b3 depth=2 name=chip.run.runner_run.device_wall ts=0 dur=1714821 clk=dev
[mono_ns=83737906427007][T0x7b8da775f740][TIMING] emit_host_span: [STRACE] v=1 pid=3968285 tid=3968285 inv=95 hid=4e691a1ac652a1b3 depth=3 name=chip.run.runner_run.device_wall.preamble ts=0 dur=12829 clk=dev
[mono_ns=83737906434919][T0x7b8da775f740][TIMING] emit_host_span: [STRACE] v=1 pid=3968285 tid=3968285 inv=95 hid=4e691a1ac652a1b3 depth=3 name=chip.run.runner_run.device_wall.graph_build ts=1919 dur=1708522 clk=dev
[mono_ns=83737906436422][T0x7b8da775f740][TIMING] emit_host_span: [STRACE] v=1 pid=3968285 tid=3968285 inv=95 hid=4e691a1ac652a1b3 depth=3 name=chip.run.runner_run.device_wall.config_validate ts=2421 dur=935 clk=dev
[mono_ns=83737906437603][T0x7b8da775f740][TIMING] emit_host_span: [STRACE] v=1 pid=3968285 tid=3968285 inv=95 hid=4e691a1ac652a1b3 depth=3 name=chip.run.runner_run.device_wall.arena_wire ts=3505 dur=2644 clk=dev
[mono_ns=83737906438755][T0x7b8da775f740][TIMING] emit_host_span: [STRACE] v=1 pid=3968285 tid=3968285 inv=95 hid=4e691a1ac652a1b3 depth=3 name=chip.run.runner_run.device_wall.sm_reset ts=6170 dur=3085 clk=dev
[mono_ns=83737906439897][T0x7b8da775f740][TIMING] emit_host_span: [STRACE] v=1 pid=3968285 tid=3968285 inv=95 hid=4e691a1ac652a1b3 depth=3 name=chip.run.runner_run.device_wall.post_orch ts=1710512 dur=3774 clk=dev
[mono_ns=83737906441048][T0x7b8da775f740][TIMING] emit_host_span: [STRACE] v=1 pid=3968285 tid=3968285 inv=95 hid=4e691a1ac652a1b3 depth=3 name=chip.run.runner_run.device_wall.orch ts=10186 dur=1301363 clk=dev
[mono_ns=83737906444954][T0x7b8da775f740][TIMING] emit_host_span: [STRACE] v=1 pid=3968285 tid=3968285 inv=95 hid=4e691a1ac652a1b3 depth=3 name=chip.run.runner_run.device_wall.sched ts=12026 dur=1687066 clk=dev
[mono_ns=83737906447358][T0x7b8da775f740][TIMING] emit_host_span: [STRACE] v=1 pid=3968285 tid=3968285 inv=95 hid=4e691a1ac652a1b3 depth=1 name=chip.run.claim_release ts=83737906446977 dur=101 
[mono_ns=83737906449321][T0x7b8da775f740][TIMING] emit_host_span: [STRACE] v=1 pid=3968285 tid=3968285 inv=95 hid=4e691a1ac652a1b3 depth=0 name=chip.run ts=83737704744689 dur=201704271 run_id=0 dispatch_id=0 slot_id=0 generation=95 run_epoch=95
[mono_ns=83738107110046][T0x7b8da775f740][TIMING] emit_host_span: [STRACE] v=1 pid=3968285 tid=3968285 inv=96 hid=4e691a1ac652a1b3 depth=2 name=chip.run.bind.args ts=83737906786858 dur=200319823 
[mono_ns=83738107136897][T0x7b8da775f740][TIMING] emit_host_span: [STRACE] v=1 pid=3968285 tid=3968285 inv=96 hid=4e691a1ac652a1b3 depth=2 name=chip.run.bind.prebuilt ts=83738107132821 dur=3755 
[mono_ns=83738107139891][T0x7b8da775f740][TIMING] emit_host_span: [STRACE] v=1 pid=3968285 tid=3968285 inv=96 hid=4e691a1ac652a1b3 depth=1 name=chip.run.bind ts=83737906781399 dur=200357992 
[mono_ns=83738112236811][T0x7b8da775f740][WARN] prepare_execution: [device_runner.cpp:342] AICPU CPU_TOPO unavailable; using json_fallback: soc=Ascend950PR_9579 occupy=0x3e stable_reachable=5 requested=0 effective=5 affinity=[1, 2, 3, 4, 5(orch)]
[mono_ns=83738114104294][T0x7b8da775f740][TIMING] emit_host_span: [STRACE] v=1 pid=3968285 tid=3968285 inv=96 hid=4e691a1ac652a1b3 depth=1 name=chip.run.runner_run ts=83738112306125 dur=1797388 
[mono_ns=83738114414600][T0x7b8da775f740][TIMING] emit_host_span: [STRACE] v=1 pid=3968285 tid=3968285 inv=96 hid=4e691a1ac652a1b3 depth=1 name=chip.run.validate ts=83738114114069 dur=299950 
[mono_ns=83738114421631][T0x7b8da775f740][TIMING] emit_host_span: [STRACE] v=1 pid=3968285 tid=3968285 inv=96 hid=4e691a1ac652a1b3 depth=2 name=chip.run.runner_run.device_wall ts=0 dur=1625272 clk=dev
[mono_ns=83738114423984][T0x7b8da775f740][TIMING] emit_host_span: [STRACE] v=1 pid=3968285 tid=3968285 inv=96 hid=4e691a1ac652a1b3 depth=3 name=chip.run.runner_run.device_wall.preamble ts=0 dur=13203 clk=dev
[mono_ns=83738114425346][T0x7b8da775f740][TIMING] emit_host_span: [STRACE] v=1 pid=3968285 tid=3968285 inv=96 hid=4e691a1ac652a1b3 depth=3 name=chip.run.runner_run.device_wall.graph_build ts=2957 dur=1617495 clk=dev
[mono_ns=83738114427319][T0x7b8da775f740][TIMING] emit_host_span: [STRACE] v=1 pid=3968285 tid=3968285 inv=96 hid=4e691a1ac652a1b3 depth=3 name=chip.run.runner_run.device_wall.config_validate ts=3418 dur=769 clk=dev
[mono_ns=83738114434420][T0x7b8da775f740][TIMING] emit_host_span: [STRACE] v=1 pid=3968285 tid=3968285 inv=96 hid=4e691a1ac652a1b3 depth=3 name=chip.run.runner_run.device_wall.arena_wire ts=4405 dur=1833 clk=dev
[mono_ns=83738114435862][T0x7b8da775f740][TIMING] emit_host_span: [STRACE] v=1 pid=3968285 tid=3968285 inv=96 hid=4e691a1ac652a1b3 depth=3 name=chip.run.runner_run.device_wall.sm_reset ts=6258 dur=2941 clk=dev
[mono_ns=83738114437014][T0x7b8da775f740][TIMING] emit_host_span: [STRACE] v=1 pid=3968285 tid=3968285 inv=96 hid=4e691a1ac652a1b3 depth=3 name=chip.run.runner_run.device_wall.post_orch ts=1620525 dur=4418 clk=dev
[mono_ns=83738114438175][T0x7b8da775f740][TIMING] emit_host_span: [STRACE] v=1 pid=3968285 tid=3968285 inv=96 hid=4e691a1ac652a1b3 depth=3 name=chip.run.runner_run.device_wall.orch ts=9238 dur=1289020 clk=dev
[mono_ns=83738114440088][T0x7b8da775f740][TIMING] emit_host_span: [STRACE] v=1 pid=3968285 tid=3968285 inv=96 hid=4e691a1ac652a1b3 depth=3 name=chip.run.runner_run.device_wall.sched ts=13027 dur=1593567 clk=dev
[mono_ns=83738114443714][T0x7b8da775f740][TIMING] emit_host_span: [STRACE] v=1 pid=3968285 tid=3968285 inv=96 hid=4e691a1ac652a1b3 depth=1 name=chip.run.claim_release ts=83738114443073 dur=80 
[mono_ns=83738114445957][T0x7b8da775f740][TIMING] emit_host_span: [STRACE] v=1 pid=3968285 tid=3968285 inv=96 hid=4e691a1ac652a1b3 depth=0 name=chip.run ts=83737906775110 dur=207670497 run_id=0 dispatch_id=0 slot_id=0 generation=96 run_epoch=96
[mono_ns=83738310010864][T0x7b8da775f740][TIMING] emit_host_span: [STRACE] v=1 pid=3968285 tid=3968285 inv=97 hid=4e691a1ac652a1b3 depth=2 name=chip.run.bind.args ts=83738114759327 dur=195240120 
[mono_ns=83738310041751][T0x7b8da775f740][TIMING] emit_host_span: [STRACE] v=1 pid=3968285 tid=3968285 inv=97 hid=4e691a1ac652a1b3 depth=2 name=chip.run.bind.prebuilt ts=83738310037234 dur=3986 
[mono_ns=83738310044955][T0x7b8da775f740][TIMING] emit_host_span: [STRACE] v=1 pid=3968285 tid=3968285 inv=97 hid=4e691a1ac652a1b3 depth=1 name=chip.run.bind ts=83738114753719 dur=195290706 
[mono_ns=83738315198530][T0x7b8da775f740][WARN] prepare_execution: [device_runner.cpp:342] AICPU CPU_TOPO unavailable; using json_fallback: soc=Ascend950PR_9579 occupy=0x3e stable_reachable=5 requested=0 effective=5 affinity=[1, 2, 3, 4, 5(orch)]
[mono_ns=83738317277511][T0x7b8da775f740][TIMING] emit_host_span: [STRACE] v=1 pid=3968285 tid=3968285 inv=97 hid=4e691a1ac652a1b3 depth=1 name=chip.run.runner_run ts=83738315269507 dur=2007042 
[mono_ns=83738317571442][T0x7b8da775f740][TIMING] emit_host_span: [STRACE] v=1 pid=3968285 tid=3968285 inv=97 hid=4e691a1ac652a1b3 depth=1 name=chip.run.validate ts=83738317286524 dur=284537 
[mono_ns=83738317578463][T0x7b8da775f740][TIMING] emit_host_span: [STRACE] v=1 pid=3968285 tid=3968285 inv=97 hid=4e691a1ac652a1b3 depth=2 name=chip.run.runner_run.device_wall ts=0 dur=1832986 clk=dev
[mono_ns=83738317580496][T0x7b8da775f740][TIMING] emit_host_span: [STRACE] v=1 pid=3968285 tid=3968285 inv=97 hid=4e691a1ac652a1b3 depth=3 name=chip.run.runner_run.device_wall.preamble ts=0 dur=14355 clk=dev
[mono_ns=83738317582128][T0x7b8da775f740][TIMING] emit_host_span: [STRACE] v=1 pid=3968285 tid=3968285 inv=97 hid=4e691a1ac652a1b3 depth=3 name=chip.run.runner_run.device_wall.graph_build ts=2530 dur=1826061 clk=dev
[mono_ns=83738317585593][T0x7b8da775f740][TIMING] emit_host_span: [STRACE] v=1 pid=3968285 tid=3968285 inv=97 hid=4e691a1ac652a1b3 depth=3 name=chip.run.runner_run.device_wall.config_validate ts=2995 dur=1089 clk=dev
[mono_ns=83738317587416][T0x7b8da775f740][TIMING] emit_host_span: [STRACE] v=1 pid=3968285 tid=3968285 inv=97 hid=4e691a1ac652a1b3 depth=3 name=chip.run.runner_run.device_wall.arena_wire ts=4320 dur=2209 clk=dev
[mono_ns=83738317588758][T0x7b8da775f740][TIMING] emit_host_span: [STRACE] v=1 pid=3968285 tid=3968285 inv=97 hid=4e691a1ac652a1b3 depth=3 name=chip.run.runner_run.device_wall.sm_reset ts=6545 dur=3191 clk=dev
[mono_ns=83738317589880][T0x7b8da775f740][TIMING] emit_host_span: [STRACE] v=1 pid=3968285 tid=3968285 inv=97 hid=4e691a1ac652a1b3 depth=3 name=chip.run.runner_run.device_wall.post_orch ts=1828649 dur=4246 clk=dev
[mono_ns=83738317598122][T0x7b8da775f740][TIMING] emit_host_span: [STRACE] v=1 pid=3968285 tid=3968285 inv=97 hid=4e691a1ac652a1b3 depth=3 name=chip.run.runner_run.device_wall.orch ts=9831 dur=1313821 clk=dev
[mono_ns=83738317600245][T0x7b8da775f740][TIMING] emit_host_span: [STRACE] v=1 pid=3968285 tid=3968285 inv=97 hid=4e691a1ac652a1b3 depth=3 name=chip.run.runner_run.device_wall.sched ts=14128 dur=1800334 clk=dev
[mono_ns=83738317601818][T0x7b8da775f740][TIMING] emit_host_span: [STRACE] v=1 pid=3968285 tid=3968285 inv=97 hid=4e691a1ac652a1b3 depth=1 name=chip.run.claim_release ts=83738317601447 dur=80 
[mono_ns=83738317603891][T0x7b8da775f740][TIMING] emit_host_span: [STRACE] v=1 pid=3968285 tid=3968285 inv=97 hid=4e691a1ac652a1b3 depth=0 name=chip.run ts=83738114747680 dur=202855840 run_id=0 dispatch_id=0 slot_id=0 generation=97 run_epoch=97
[mono_ns=83738490222157][T0x7b8da775f740][TIMING] emit_host_span: [STRACE] v=1 pid=3968285 tid=3968285 inv=98 hid=4e691a1ac652a1b3 depth=2 name=chip.run.bind.args ts=83738317963881 dur=172255031 
[mono_ns=83738490260835][T0x7b8da775f740][TIMING] emit_host_span: [STRACE] v=1 pid=3968285 tid=3968285 inv=98 hid=4e691a1ac652a1b3 depth=2 name=chip.run.bind.prebuilt ts=83738490251531 dur=8783 
[mono_ns=83738490263980][T0x7b8da775f740][TIMING] emit_host_span: [STRACE] v=1 pid=3968285 tid=3968285 inv=98 hid=4e691a1ac652a1b3 depth=1 name=chip.run.bind ts=83738317959104 dur=172304575 
[mono_ns=83738495366738][T0x7b8da775f740][WARN] prepare_execution: [device_runner.cpp:342] AICPU CPU_TOPO unavailable; using json_fallback: soc=Ascend950PR_9579 occupy=0x3e stable_reachable=5 requested=0 effective=5 affinity=[1, 2, 3, 4, 5(orch)]
[mono_ns=83738497413571][T0x7b8da775f740][TIMING] emit_host_span: [STRACE] v=1 pid=3968285 tid=3968285 inv=98 hid=4e691a1ac652a1b3 depth=1 name=chip.run.runner_run ts=83738495440149 dur=1972771 
[mono_ns=83738497716836][T0x7b8da775f740][TIMING] emit_host_span: [STRACE] v=1 pid=3968285 tid=3968285 inv=98 hid=4e691a1ac652a1b3 depth=1 name=chip.run.validate ts=83738497423616 dur=292859 
[mono_ns=83738497723506][T0x7b8da775f740][TIMING] emit_host_span: [STRACE] v=1 pid=3968285 tid=3968285 inv=98 hid=4e691a1ac652a1b3 depth=2 name=chip.run.runner_run.device_wall ts=0 dur=1793798 clk=dev
[mono_ns=83738497725349][T0x7b8da775f740][TIMING] emit_host_span: [STRACE] v=1 pid=3968285 tid=3968285 inv=98 hid=4e691a1ac652a1b3 depth=3 name=chip.run.runner_run.device_wall.preamble ts=0 dur=12213 clk=dev
[mono_ns=83738497726761][T0x7b8da775f740][TIMING] emit_host_span: [STRACE] v=1 pid=3968285 tid=3968285 inv=98 hid=4e691a1ac652a1b3 depth=3 name=chip.run.runner_run.device_wall.graph_build ts=2477 dur=1785757 clk=dev
[mono_ns=83738497728333][T0x7b8da775f740][TIMING] emit_host_span: [STRACE] v=1 pid=3968285 tid=3968285 inv=98 hid=4e691a1ac652a1b3 depth=3 name=chip.run.runner_run.device_wall.config_validate ts=2917 dur=855 clk=dev
[mono_ns=83738497731057][T0x7b8da775f740][TIMING] emit_host_span: [STRACE] v=1 pid=3968285 tid=3968285 inv=98 hid=4e691a1ac652a1b3 depth=3 name=chip.run.runner_run.device_wall.arena_wire ts=3944 dur=2153 clk=dev
[mono_ns=83738497732469][T0x7b8da775f740][TIMING] emit_host_span: [STRACE] v=1 pid=3968285 tid=3968285 inv=98 hid=4e691a1ac652a1b3 depth=3 name=chip.run.runner_run.device_wall.sm_reset ts=6114 dur=3441 clk=dev
[mono_ns=83738497733591][T0x7b8da775f740][TIMING] emit_host_span: [STRACE] v=1 pid=3968285 tid=3968285 inv=98 hid=4e691a1ac652a1b3 depth=3 name=chip.run.runner_run.device_wall.post_orch ts=1788274 dur=5038 clk=dev
[mono_ns=83738497734763][T0x7b8da775f740][TIMING] emit_host_span: [STRACE] v=1 pid=3968285 tid=3968285 inv=98 hid=4e691a1ac652a1b3 depth=3 name=chip.run.runner_run.device_wall.orch ts=9636 dur=1303335 clk=dev
[mono_ns=83738497735884][T0x7b8da775f740][TIMING] emit_host_span: [STRACE] v=1 pid=3968285 tid=3968285 inv=98 hid=4e691a1ac652a1b3 depth=3 name=chip.run.runner_run.device_wall.sched ts=12004 dur=1763956 clk=dev
[mono_ns=83738497745619][T0x7b8da775f740][TIMING] emit_host_span: [STRACE] v=1 pid=3968285 tid=3968285 inv=98 hid=4e691a1ac652a1b3 depth=1 name=chip.run.claim_release ts=83738497745038 dur=80 
[mono_ns=83738497747872][T0x7b8da775f740][TIMING] emit_host_span: [STRACE] v=1 pid=3968285 tid=3968285 inv=98 hid=4e691a1ac652a1b3 depth=0 name=chip.run ts=83738317952955 dur=179794577 run_id=0 dispatch_id=0 slot_id=0 generation=98 run_epoch=98
[mono_ns=83738674655817][T0x7b8da775f740][TIMING] emit_host_span: [STRACE] v=1 pid=3968285 tid=3968285 inv=99 hid=4e691a1ac652a1b3 depth=2 name=chip.run.bind.args ts=83738498162535 dur=176488104 
[mono_ns=83738674695166][T0x7b8da775f740][TIMING] emit_host_span: [STRACE] v=1 pid=3968285 tid=3968285 inv=99 hid=4e691a1ac652a1b3 depth=2 name=chip.run.bind.prebuilt ts=83738674690188 dur=4617 
[mono_ns=83738674698341][T0x7b8da775f740][TIMING] emit_host_span: [STRACE] v=1 pid=3968285 tid=3968285 inv=99 hid=4e691a1ac652a1b3 depth=1 name=chip.run.bind ts=83738498156876 dur=176540754 
[mono_ns=83738679820619][T0x7b8da775f740][WARN] prepare_execution: [device_runner.cpp:342] AICPU CPU_TOPO unavailable; using json_fallback: soc=Ascend950PR_9579 occupy=0x3e stable_reachable=5 requested=0 effective=5 affinity=[1, 2, 3, 4, 5(orch)]
[mono_ns=83738681790095][T0x7b8da775f740][TIMING] emit_host_span: [STRACE] v=1 pid=3968285 tid=3968285 inv=99 hid=4e691a1ac652a1b3 depth=1 name=chip.run.runner_run ts=83738679889793 dur=1899220 
[mono_ns=83738682091627][T0x7b8da775f740][TIMING] emit_host_span: [STRACE] v=1 pid=3968285 tid=3968285 inv=99 hid=4e691a1ac652a1b3 depth=1 name=chip.run.validate ts=83738681799329 dur=291898 
[mono_ns=83738682099760][T0x7b8da775f740][TIMING] emit_host_span: [STRACE] v=1 pid=3968285 tid=3968285 inv=99 hid=4e691a1ac652a1b3 depth=2 name=chip.run.runner_run.device_wall ts=0 dur=1712293 clk=dev
[mono_ns=83738682101652][T0x7b8da775f740][TIMING] emit_host_span: [STRACE] v=1 pid=3968285 tid=3968285 inv=99 hid=4e691a1ac652a1b3 depth=3 name=chip.run.runner_run.device_wall.preamble ts=0 dur=13788 clk=dev
[mono_ns=83738682103375][T0x7b8da775f740][TIMING] emit_host_span: [STRACE] v=1 pid=3968285 tid=3968285 inv=99 hid=4e691a1ac652a1b3 depth=3 name=chip.run.runner_run.device_wall.graph_build ts=2526 dur=1705069 clk=dev
[mono_ns=83738682105068][T0x7b8da775f740][TIMING] emit_host_span: [STRACE] v=1 pid=3968285 tid=3968285 inv=99 hid=4e691a1ac652a1b3 depth=3 name=chip.run.runner_run.device_wall.config_validate ts=3156 dur=1651 clk=dev
[mono_ns=83738682108262][T0x7b8da775f740][TIMING] emit_host_span: [STRACE] v=1 pid=3968285 tid=3968285 inv=99 hid=4e691a1ac652a1b3 depth=3 name=chip.run.runner_run.device_wall.arena_wire ts=4834 dur=1843 clk=dev
[mono_ns=83738682110175][T0x7b8da775f740][TIMING] emit_host_span: [STRACE] v=1 pid=3968285 tid=3968285 inv=99 hid=4e691a1ac652a1b3 depth=3 name=chip.run.runner_run.device_wall.sm_reset ts=6780 dur=3270 clk=dev
[mono_ns=83738682111507][T0x7b8da775f740][TIMING] emit_host_span: [STRACE] v=1 pid=3968285 tid=3968285 inv=99 hid=4e691a1ac652a1b3 depth=3 name=chip.run.runner_run.device_wall.post_orch ts=1707678 dur=4209 clk=dev
[mono_ns=83738682112679][T0x7b8da775f740][TIMING] emit_host_span: [STRACE] v=1 pid=3968285 tid=3968285 inv=99 hid=4e691a1ac652a1b3 depth=3 name=chip.run.runner_run.device_wall.orch ts=10137 dur=1289697 clk=dev
[mono_ns=83738682113811][T0x7b8da775f740][TIMING] emit_host_span: [STRACE] v=1 pid=3968285 tid=3968285 inv=99 hid=4e691a1ac652a1b3 depth=3 name=chip.run.runner_run.device_wall.sched ts=13226 dur=1681289 clk=dev
[mono_ns=83738682115393][T0x7b8da775f740][TIMING] emit_host_span: [STRACE] v=1 pid=3968285 tid=3968285 inv=99 hid=4e691a1ac652a1b3 depth=1 name=chip.run.claim_release ts=83738682115013 dur=100 
[mono_ns=83738682117256][T0x7b8da775f740][TIMING] emit_host_span: [STRACE] v=1 pid=3968285 tid=3968285 inv=99 hid=4e691a1ac652a1b3 depth=0 name=chip.run ts=83738498150266 dur=183966639 run_id=0 dispatch_id=0 slot_id=0 generation=99 run_epoch=99
[mono_ns=83738881010298][T0x7b8da775f740][TIMING] emit_host_span: [STRACE] v=1 pid=3968285 tid=3968285 inv=100 hid=4e691a1ac652a1b3 depth=2 name=chip.run.bind.args ts=83738682479359 dur=198526623 
[mono_ns=83738881056127][T0x7b8da775f740][TIMING] emit_host_span: [STRACE] v=1 pid=3968285 tid=3968285 inv=100 hid=4e691a1ac652a1b3 depth=2 name=chip.run.bind.prebuilt ts=83738881048105 dur=7682 
[mono_ns=83738881059352][T0x7b8da775f740][TIMING] emit_host_span: [STRACE] v=1 pid=3968285 tid=3968285 inv=100 hid=4e691a1ac652a1b3 depth=1 name=chip.run.bind ts=83738682473601 dur=198585190 
[mono_ns=83738886716283][T0x7b8da775f740][WARN] prepare_execution: [device_runner.cpp:342] AICPU CPU_TOPO unavailable; using json_fallback: soc=Ascend950PR_9579 occupy=0x3e stable_reachable=5 requested=0 effective=5 affinity=[1, 2, 3, 4, 5(orch)]
[mono_ns=83738888649134][T0x7b8da775f740][TIMING] emit_host_span: [STRACE] v=1 pid=3968285 tid=3968285 inv=100 hid=4e691a1ac652a1b3 depth=1 name=chip.run.runner_run ts=83738886791876 dur=1856086 
[mono_ns=83738888992219][T0x7b8da775f740][TIMING] emit_host_span: [STRACE] v=1 pid=3968285 tid=3968285 inv=100 hid=4e691a1ac652a1b3 depth=1 name=chip.run.validate ts=83738888660110 dur=331718 
[mono_ns=83738888999459][T0x7b8da775f740][TIMING] emit_host_span: [STRACE] v=1 pid=3968285 tid=3968285 inv=100 hid=4e691a1ac652a1b3 depth=2 name=chip.run.runner_run.device_wall ts=0 dur=1655629 clk=dev
[mono_ns=83738889008373][T0x7b8da775f740][TIMING] emit_host_span: [STRACE] v=1 pid=3968285 tid=3968285 inv=100 hid=4e691a1ac652a1b3 depth=3 name=chip.run.runner_run.device_wall.preamble ts=0 dur=14180 clk=dev
[mono_ns=83738889010005][T0x7b8da775f740][TIMING] emit_host_span: [STRACE] v=1 pid=3968285 tid=3968285 inv=100 hid=4e691a1ac652a1b3 depth=3 name=chip.run.runner_run.device_wall.graph_build ts=3137 dur=1648301 clk=dev
[mono_ns=83738889011427][T0x7b8da775f740][TIMING] emit_host_span: [STRACE] v=1 pid=3968285 tid=3968285 inv=100 hid=4e691a1ac652a1b3 depth=3 name=chip.run.runner_run.device_wall.config_validate ts=3744 dur=1438 clk=dev
[mono_ns=83738889012579][T0x7b8da775f740][TIMING] emit_host_span: [STRACE] v=1 pid=3968285 tid=3968285 inv=100 hid=4e691a1ac652a1b3 depth=3 name=chip.run.runner_run.device_wall.arena_wire ts=5218 dur=2038 clk=dev
[mono_ns=83738889014091][T0x7b8da775f740][TIMING] emit_host_span: [STRACE] v=1 pid=3968285 tid=3968285 inv=100 hid=4e691a1ac652a1b3 depth=3 name=chip.run.runner_run.device_wall.sm_reset ts=7278 dur=2458 clk=dev
[mono_ns=83738889016445][T0x7b8da775f740][TIMING] emit_host_span: [STRACE] v=1 pid=3968285 tid=3968285 inv=100 hid=4e691a1ac652a1b3 depth=3 name=chip.run.runner_run.device_wall.post_orch ts=1651607 dur=3721 clk=dev
[mono_ns=83738889018398][T0x7b8da775f740][TIMING] emit_host_span: [STRACE] v=1 pid=3968285 tid=3968285 inv=100 hid=4e691a1ac652a1b3 depth=3 name=chip.run.runner_run.device_wall.orch ts=9816 dur=1262041 clk=dev
[mono_ns=83738889019730][T0x7b8da775f740][TIMING] emit_host_span: [STRACE] v=1 pid=3968285 tid=3968285 inv=100 hid=4e691a1ac652a1b3 depth=3 name=chip.run.runner_run.device_wall.sched ts=13468 dur=1627050 clk=dev
[mono_ns=83738889021513][T0x7b8da775f740][TIMING] emit_host_span: [STRACE] v=1 pid=3968285 tid=3968285 inv=100 hid=4e691a1ac652a1b3 depth=1 name=chip.run.claim_release ts=83738889021102 dur=100 
[mono_ns=83738889023315][T0x7b8da775f740][TIMING] emit_host_span: [STRACE] v=1 pid=3968285 tid=3968285 inv=100 hid=4e691a1ac652a1b3 depth=0 name=chip.run ts=83738682466140 dur=206556805 run_id=0 dispatch_id=0 slot_id=0 generation=100 run_epoch=100
  TestPagedAttentionUnrollManualScope::Case1 PASSED
