[mono_ns=83706053673824][T0x7eb6f8e97740][TIMING] clock_anchor: [CLOCK_ANCHOR] v=1 pid=3967479 mono_ns=83706053672972 wall_ns=1787730087697817027

=== Runtime: tensormap_and_ringbuffer  Level: 2 ===
  TestPagedAttentionUnroll::Case2 ...
[mono_ns=83709017831035][T0x7eb6f8e97740][TIMING] emit_host_span: [STRACE] v=1 pid=3967479 tid=3967479 inv=1 hid=87d82477c49eb8f1 depth=2 name=chip.run.bind.args ts=83708976174782 dur=41652928 
[mono_ns=83709041414672][T0x7eb6f8e97740][TIMING] emit_host_span: [STRACE] v=1 pid=3967479 tid=3967479 inv=1 hid=87d82477c49eb8f1 depth=2 name=chip.run.bind.prebuilt ts=83709017867249 dur=23544218 
[mono_ns=83709041444647][T0x7eb6f8e97740][TIMING] emit_host_span: [STRACE] v=1 pid=3967479 tid=3967479 inv=1 hid=87d82477c49eb8f1 depth=1 name=chip.run.bind ts=83708971742449 dur=69701727 
[mono_ns=83709051058907][T0x7eb6f8e97740][WARN] query_cpu_topo: [aicpu_topology_probe.cpp:125] aicpu_topology_probe: halGetDeviceInfoByBuff(CPU_TOPO) rc=65534 total=0
[mono_ns=83709053146250][T0x7eb6f8e97740][WARN] query_cpu_topo: [aicpu_topology_probe.cpp:137] aicpu_topology_probe: dsmi_get_device_info(CPU_TOPO) rc=65534 total=0
[mono_ns=83709053266751][T0x7eb6f8e97740][WARN] prepare_execution: [device_runner.cpp:342] AICPU CPU_TOPO unavailable; using json_fallback: soc=Ascend950PR_9579 occupy=0x3e stable_reachable=5 requested=0 effective=5 affinity=[1, 2, 3, 4, 5(orch)]
[mono_ns=83709055443197][T0x7eb6f8e97740][TIMING] emit_host_span: [STRACE] v=1 pid=3967479 tid=3967479 inv=1 hid=87d82477c49eb8f1 depth=1 name=chip.run.runner_run ts=83709053343186 dur=2099080 
[mono_ns=83709055870018][T0x7eb6f8e97740][TIMING] emit_host_span: [STRACE] v=1 pid=3967479 tid=3967479 inv=1 hid=87d82477c49eb8f1 depth=1 name=chip.run.validate ts=83709055453924 dur=415583 
[mono_ns=83709055875436][T0x7eb6f8e97740][TIMING] emit_host_span: [STRACE] v=1 pid=3967479 tid=3967479 inv=1 hid=87d82477c49eb8f1 depth=2 name=chip.run.runner_run.device_wall ts=0 dur=1227498 clk=dev
[mono_ns=83709055877710][T0x7eb6f8e97740][TIMING] emit_host_span: [STRACE] v=1 pid=3967479 tid=3967479 inv=1 hid=87d82477c49eb8f1 depth=3 name=chip.run.runner_run.device_wall.preamble ts=0 dur=317625 clk=dev
[mono_ns=83709055879643][T0x7eb6f8e97740][TIMING] emit_host_span: [STRACE] v=1 pid=3967479 tid=3967479 inv=1 hid=87d82477c49eb8f1 depth=3 name=chip.run.runner_run.device_wall.graph_build ts=45994 dur=1166290 clk=dev
[mono_ns=83709055881295][T0x7eb6f8e97740][TIMING] emit_host_span: [STRACE] v=1 pid=3967479 tid=3967479 inv=1 hid=87d82477c49eb8f1 depth=3 name=chip.run.runner_run.device_wall.config_validate ts=52011 dur=3109 clk=dev
[mono_ns=83709055882727][T0x7eb6f8e97740][TIMING] emit_host_span: [STRACE] v=1 pid=3967479 tid=3967479 inv=1 hid=87d82477c49eb8f1 depth=3 name=chip.run.runner_run.device_wall.arena_wire ts=55161 dur=17215 clk=dev
[mono_ns=83709055883889][T0x7eb6f8e97740][TIMING] emit_host_span: [STRACE] v=1 pid=3967479 tid=3967479 inv=1 hid=87d82477c49eb8f1 depth=3 name=chip.run.runner_run.device_wall.sm_reset ts=72411 dur=75181 clk=dev
[mono_ns=83709055885011][T0x7eb6f8e97740][TIMING] emit_host_span: [STRACE] v=1 pid=3967479 tid=3967479 inv=1 hid=87d82477c49eb8f1 depth=3 name=chip.run.runner_run.device_wall.post_orch ts=1212397 dur=8809 clk=dev
[mono_ns=83709055886142][T0x7eb6f8e97740][TIMING] emit_host_span: [STRACE] v=1 pid=3967479 tid=3967479 inv=1 hid=87d82477c49eb8f1 depth=3 name=chip.run.runner_run.device_wall.orch ts=149539 dur=597739 clk=dev
[mono_ns=83709055887314][T0x7eb6f8e97740][TIMING] emit_host_span: [STRACE] v=1 pid=3967479 tid=3967479 inv=1 hid=87d82477c49eb8f1 depth=3 name=chip.run.runner_run.device_wall.sched ts=320497 dur=856136 clk=dev
[mono_ns=83709055888957][T0x7eb6f8e97740][TIMING] emit_host_span: [STRACE] v=1 pid=3967479 tid=3967479 inv=1 hid=87d82477c49eb8f1 depth=1 name=chip.run.claim_release ts=83709055888406 dur=130 
[mono_ns=83709055891921][T0x7eb6f8e97740][TIMING] emit_host_span: [STRACE] v=1 pid=3967479 tid=3967479 inv=1 hid=87d82477c49eb8f1 depth=0 name=chip.run ts=83708971676871 dur=84214669 run_id=0 dispatch_id=0 slot_id=0 generation=1 run_epoch=1
[mono_ns=83709093891075][T0x7eb6f8e97740][TIMING] emit_host_span: [STRACE] v=1 pid=3967479 tid=3967479 inv=2 hid=87d82477c49eb8f1 depth=2 name=chip.run.bind.args ts=83709056395887 dur=37494507 
[mono_ns=83709093903664][T0x7eb6f8e97740][TIMING] emit_host_span: [STRACE] v=1 pid=3967479 tid=3967479 inv=2 hid=87d82477c49eb8f1 depth=2 name=chip.run.bind.prebuilt ts=83709093901420 dur=1943 
[mono_ns=83709093905416][T0x7eb6f8e97740][TIMING] emit_host_span: [STRACE] v=1 pid=3967479 tid=3967479 inv=2 hid=87d82477c49eb8f1 depth=1 name=chip.run.bind ts=83709056391461 dur=37513625 
[mono_ns=83709099289728][T0x7eb6f8e97740][WARN] prepare_execution: [device_runner.cpp:342] AICPU CPU_TOPO unavailable; using json_fallback: soc=Ascend950PR_9579 occupy=0x3e stable_reachable=5 requested=0 effective=5 affinity=[1, 2, 3, 4, 5(orch)]
[mono_ns=83709100454265][T0x7eb6f8e97740][TIMING] emit_host_span: [STRACE] v=1 pid=3967479 tid=3967479 inv=2 hid=87d82477c49eb8f1 depth=1 name=chip.run.runner_run ts=83709099342036 dur=1111609 
[mono_ns=83709100834106][T0x7eb6f8e97740][TIMING] emit_host_span: [STRACE] v=1 pid=3967479 tid=3967479 inv=2 hid=87d82477c49eb8f1 depth=1 name=chip.run.validate ts=83709100460865 dur=372760 
[mono_ns=83709100839594][T0x7eb6f8e97740][TIMING] emit_host_span: [STRACE] v=1 pid=3967479 tid=3967479 inv=2 hid=87d82477c49eb8f1 depth=2 name=chip.run.runner_run.device_wall ts=0 dur=951653 clk=dev
[mono_ns=83709100841306][T0x7eb6f8e97740][TIMING] emit_host_span: [STRACE] v=1 pid=3967479 tid=3967479 inv=2 hid=87d82477c49eb8f1 depth=3 name=chip.run.runner_run.device_wall.preamble ts=0 dur=13812 clk=dev
[mono_ns=83709100842919][T0x7eb6f8e97740][TIMING] emit_host_span: [STRACE] v=1 pid=3967479 tid=3967479 inv=2 hid=87d82477c49eb8f1 depth=3 name=chip.run.runner_run.device_wall.graph_build ts=3620 dur=943459 clk=dev
[mono_ns=83709100844681][T0x7eb6f8e97740][TIMING] emit_host_span: [STRACE] v=1 pid=3967479 tid=3967479 inv=2 hid=87d82477c49eb8f1 depth=3 name=chip.run.runner_run.device_wall.config_validate ts=4147 dur=1646 clk=dev
[mono_ns=83709100846033][T0x7eb6f8e97740][TIMING] emit_host_span: [STRACE] v=1 pid=3967479 tid=3967479 inv=2 hid=87d82477c49eb8f1 depth=3 name=chip.run.runner_run.device_wall.arena_wire ts=5818 dur=3440 clk=dev
[mono_ns=83709100847175][T0x7eb6f8e97740][TIMING] emit_host_span: [STRACE] v=1 pid=3967479 tid=3967479 inv=2 hid=87d82477c49eb8f1 depth=3 name=chip.run.runner_run.device_wall.sm_reset ts=9293 dur=4558 clk=dev
[mono_ns=83709100848287][T0x7eb6f8e97740][TIMING] emit_host_span: [STRACE] v=1 pid=3967479 tid=3967479 inv=2 hid=87d82477c49eb8f1 depth=3 name=chip.run.runner_run.device_wall.post_orch ts=947124 dur=3418 clk=dev
[mono_ns=83709100849439][T0x7eb6f8e97740][TIMING] emit_host_span: [STRACE] v=1 pid=3967479 tid=3967479 inv=2 hid=87d82477c49eb8f1 depth=3 name=chip.run.runner_run.device_wall.orch ts=13947 dur=700776 clk=dev
[mono_ns=83709100851111][T0x7eb6f8e97740][TIMING] emit_host_span: [STRACE] v=1 pid=3967479 tid=3967479 inv=2 hid=87d82477c49eb8f1 depth=3 name=chip.run.runner_run.device_wall.sched ts=14641 dur=918727 clk=dev
[mono_ns=83709100853364][T0x7eb6f8e97740][TIMING] emit_host_span: [STRACE] v=1 pid=3967479 tid=3967479 inv=2 hid=87d82477c49eb8f1 depth=1 name=chip.run.claim_release ts=83709100852994 dur=90 
[mono_ns=83709100855007][T0x7eb6f8e97740][TIMING] emit_host_span: [STRACE] v=1 pid=3967479 tid=3967479 inv=2 hid=87d82477c49eb8f1 depth=0 name=chip.run ts=83709056387365 dur=44467321 run_id=0 dispatch_id=0 slot_id=0 generation=2 run_epoch=2
[mono_ns=83709143556579][T0x7eb6f8e97740][TIMING] emit_host_span: [STRACE] v=1 pid=3967479 tid=3967479 inv=3 hid=87d82477c49eb8f1 depth=2 name=chip.run.bind.args ts=83709101177401 dur=42375081 
[mono_ns=83709143588597][T0x7eb6f8e97740][TIMING] emit_host_span: [STRACE] v=1 pid=3967479 tid=3967479 inv=3 hid=87d82477c49eb8f1 depth=2 name=chip.run.bind.prebuilt ts=83709143583719 dur=4367 
[mono_ns=83709143591821][T0x7eb6f8e97740][TIMING] emit_host_span: [STRACE] v=1 pid=3967479 tid=3967479 inv=3 hid=87d82477c49eb8f1 depth=1 name=chip.run.bind ts=83709101174907 dur=42416444 
[mono_ns=83709148526328][T0x7eb6f8e97740][WARN] prepare_execution: [device_runner.cpp:342] AICPU CPU_TOPO unavailable; using json_fallback: soc=Ascend950PR_9579 occupy=0x3e stable_reachable=5 requested=0 effective=5 affinity=[1, 2, 3, 4, 5(orch)]
[mono_ns=83709149724907][T0x7eb6f8e97740][TIMING] emit_host_span: [STRACE] v=1 pid=3967479 tid=3967479 inv=3 hid=87d82477c49eb8f1 depth=1 name=chip.run.runner_run ts=83709148586047 dur=1138159 
[mono_ns=83709150108623][T0x7eb6f8e97740][TIMING] emit_host_span: [STRACE] v=1 pid=3967479 tid=3967479 inv=3 hid=87d82477c49eb8f1 depth=1 name=chip.run.validate ts=83709149732809 dur=375403 
[mono_ns=83709150114602][T0x7eb6f8e97740][TIMING] emit_host_span: [STRACE] v=1 pid=3967479 tid=3967479 inv=3 hid=87d82477c49eb8f1 depth=2 name=chip.run.runner_run.device_wall ts=0 dur=945418 clk=dev
[mono_ns=83709150116494][T0x7eb6f8e97740][TIMING] emit_host_span: [STRACE] v=1 pid=3967479 tid=3967479 inv=3 hid=87d82477c49eb8f1 depth=3 name=chip.run.runner_run.device_wall.preamble ts=0 dur=15433 clk=dev
[mono_ns=83709150118147][T0x7eb6f8e97740][TIMING] emit_host_span: [STRACE] v=1 pid=3967479 tid=3967479 inv=3 hid=87d82477c49eb8f1 depth=3 name=chip.run.runner_run.device_wall.graph_build ts=5019 dur=936005 clk=dev
[mono_ns=83709150119839][T0x7eb6f8e97740][TIMING] emit_host_span: [STRACE] v=1 pid=3967479 tid=3967479 inv=3 hid=87d82477c49eb8f1 depth=3 name=chip.run.runner_run.device_wall.config_validate ts=5494 dur=1244 clk=dev
[mono_ns=83709150121111][T0x7eb6f8e97740][TIMING] emit_host_span: [STRACE] v=1 pid=3967479 tid=3967479 inv=3 hid=87d82477c49eb8f1 depth=3 name=chip.run.runner_run.device_wall.arena_wire ts=6766 dur=1648 clk=dev
[mono_ns=83709150122203][T0x7eb6f8e97740][TIMING] emit_host_span: [STRACE] v=1 pid=3967479 tid=3967479 inv=3 hid=87d82477c49eb8f1 depth=3 name=chip.run.runner_run.device_wall.sm_reset ts=8458 dur=2539 clk=dev
[mono_ns=83709150123315][T0x7eb6f8e97740][TIMING] emit_host_span: [STRACE] v=1 pid=3967479 tid=3967479 inv=3 hid=87d82477c49eb8f1 depth=3 name=chip.run.runner_run.device_wall.post_orch ts=941065 dur=3816 clk=dev
[mono_ns=83709150124446][T0x7eb6f8e97740][TIMING] emit_host_span: [STRACE] v=1 pid=3967479 tid=3967479 inv=3 hid=87d82477c49eb8f1 depth=3 name=chip.run.runner_run.device_wall.orch ts=11035 dur=690447 clk=dev
[mono_ns=83709150125578][T0x7eb6f8e97740][TIMING] emit_host_span: [STRACE] v=1 pid=3967479 tid=3967479 inv=3 hid=87d82477c49eb8f1 depth=3 name=chip.run.runner_run.device_wall.sched ts=15344 dur=912575 clk=dev
[mono_ns=83709150128152][T0x7eb6f8e97740][TIMING] emit_host_span: [STRACE] v=1 pid=3967479 tid=3967479 inv=3 hid=87d82477c49eb8f1 depth=1 name=chip.run.claim_release ts=83709150127721 dur=131 
[mono_ns=83709150130265][T0x7eb6f8e97740][TIMING] emit_host_span: [STRACE] v=1 pid=3967479 tid=3967479 inv=3 hid=87d82477c49eb8f1 depth=0 name=chip.run ts=83709101171933 dur=48957952 run_id=0 dispatch_id=0 slot_id=0 generation=3 run_epoch=3
[mono_ns=83709185787033][T0x7eb6f8e97740][TIMING] emit_host_span: [STRACE] v=1 pid=3967479 tid=3967479 inv=4 hid=87d82477c49eb8f1 depth=2 name=chip.run.bind.args ts=83709150482464 dur=35303197 
[mono_ns=83709185800794][T0x7eb6f8e97740][TIMING] emit_host_span: [STRACE] v=1 pid=3967479 tid=3967479 inv=4 hid=87d82477c49eb8f1 depth=2 name=chip.run.bind.prebuilt ts=83709185798580 dur=1773 
[mono_ns=83709185802727][T0x7eb6f8e97740][TIMING] emit_host_span: [STRACE] v=1 pid=3967479 tid=3967479 inv=4 hid=87d82477c49eb8f1 depth=1 name=chip.run.bind ts=83709150478097 dur=35324259 
[mono_ns=83709190624834][T0x7eb6f8e97740][WARN] prepare_execution: [device_runner.cpp:342] AICPU CPU_TOPO unavailable; using json_fallback: soc=Ascend950PR_9579 occupy=0x3e stable_reachable=5 requested=0 effective=5 affinity=[1, 2, 3, 4, 5(orch)]
[mono_ns=83709191865807][T0x7eb6f8e97740][TIMING] emit_host_span: [STRACE] v=1 pid=3967479 tid=3967479 inv=4 hid=87d82477c49eb8f1 depth=1 name=chip.run.runner_run ts=83709190674990 dur=1190306 
[mono_ns=83709192234280][T0x7eb6f8e97740][TIMING] emit_host_span: [STRACE] v=1 pid=3967479 tid=3967479 inv=4 hid=87d82477c49eb8f1 depth=1 name=chip.run.validate ts=83709191873789 dur=360150 
[mono_ns=83709192245717][T0x7eb6f8e97740][TIMING] emit_host_span: [STRACE] v=1 pid=3967479 tid=3967479 inv=4 hid=87d82477c49eb8f1 depth=2 name=chip.run.runner_run.device_wall ts=0 dur=1037433 clk=dev
[mono_ns=83709192247440][T0x7eb6f8e97740][TIMING] emit_host_span: [STRACE] v=1 pid=3967479 tid=3967479 inv=4 hid=87d82477c49eb8f1 depth=3 name=chip.run.runner_run.device_wall.preamble ts=0 dur=15472 clk=dev
[mono_ns=83709192248661][T0x7eb6f8e97740][TIMING] emit_host_span: [STRACE] v=1 pid=3967479 tid=3967479 inv=4 hid=87d82477c49eb8f1 depth=3 name=chip.run.runner_run.device_wall.graph_build ts=4425 dur=1028242 clk=dev
[mono_ns=83709192249863][T0x7eb6f8e97740][TIMING] emit_host_span: [STRACE] v=1 pid=3967479 tid=3967479 inv=4 hid=87d82477c49eb8f1 depth=3 name=chip.run.runner_run.device_wall.config_validate ts=4588 dur=1032 clk=dev
[mono_ns=83709192251045][T0x7eb6f8e97740][TIMING] emit_host_span: [STRACE] v=1 pid=3967479 tid=3967479 inv=4 hid=87d82477c49eb8f1 depth=3 name=chip.run.runner_run.device_wall.arena_wire ts=5757 dur=2108 clk=dev
[mono_ns=83709192252487][T0x7eb6f8e97740][TIMING] emit_host_span: [STRACE] v=1 pid=3967479 tid=3967479 inv=4 hid=87d82477c49eb8f1 depth=3 name=chip.run.runner_run.device_wall.sm_reset ts=7895 dur=2812 clk=dev
[mono_ns=83709192255111][T0x7eb6f8e97740][TIMING] emit_host_span: [STRACE] v=1 pid=3967479 tid=3967479 inv=4 hid=87d82477c49eb8f1 depth=3 name=chip.run.runner_run.device_wall.post_orch ts=1032881 dur=4439 clk=dev
[mono_ns=83709192256413][T0x7eb6f8e97740][TIMING] emit_host_span: [STRACE] v=1 pid=3967479 tid=3967479 inv=4 hid=87d82477c49eb8f1 depth=3 name=chip.run.runner_run.device_wall.orch ts=10859 dur=677989 clk=dev
[mono_ns=83709192257575][T0x7eb6f8e97740][TIMING] emit_host_span: [STRACE] v=1 pid=3967479 tid=3967479 inv=4 hid=87d82477c49eb8f1 depth=3 name=chip.run.runner_run.device_wall.sched ts=14953 dur=1006524 clk=dev
[mono_ns=83709192258927][T0x7eb6f8e97740][TIMING] emit_host_span: [STRACE] v=1 pid=3967479 tid=3967479 inv=4 hid=87d82477c49eb8f1 depth=1 name=chip.run.claim_release ts=83709192258606 dur=60 
[mono_ns=83709192260459][T0x7eb6f8e97740][TIMING] emit_host_span: [STRACE] v=1 pid=3967479 tid=3967479 inv=4 hid=87d82477c49eb8f1 depth=0 name=chip.run ts=83709150473620 dur=41786519 run_id=0 dispatch_id=0 slot_id=0 generation=4 run_epoch=4
[mono_ns=83709223809732][T0x7eb6f8e97740][TIMING] emit_host_span: [STRACE] v=1 pid=3967479 tid=3967479 inv=5 hid=87d82477c49eb8f1 depth=2 name=chip.run.bind.args ts=83709192508171 dur=31300920 
[mono_ns=83709223822241][T0x7eb6f8e97740][TIMING] emit_host_span: [STRACE] v=1 pid=3967479 tid=3967479 inv=5 hid=87d82477c49eb8f1 depth=2 name=chip.run.bind.prebuilt ts=83709223820578 dur=1342 
[mono_ns=83709223823993][T0x7eb6f8e97740][TIMING] emit_host_span: [STRACE] v=1 pid=3967479 tid=3967479 inv=5 hid=87d82477c49eb8f1 depth=1 name=chip.run.bind ts=83709192505597 dur=31318126 
[mono_ns=83709228655265][T0x7eb6f8e97740][WARN] prepare_execution: [device_runner.cpp:342] AICPU CPU_TOPO unavailable; using json_fallback: soc=Ascend950PR_9579 occupy=0x3e stable_reachable=5 requested=0 effective=5 affinity=[1, 2, 3, 4, 5(orch)]
[mono_ns=83709229826813][T0x7eb6f8e97740][TIMING] emit_host_span: [STRACE] v=1 pid=3967479 tid=3967479 inv=5 hid=87d82477c49eb8f1 depth=1 name=chip.run.runner_run ts=83709228703277 dur=1123176 
[mono_ns=83709230170569][T0x7eb6f8e97740][TIMING] emit_host_span: [STRACE] v=1 pid=3967479 tid=3967479 inv=5 hid=87d82477c49eb8f1 depth=1 name=chip.run.validate ts=83709229834284 dur=335814 
[mono_ns=83709230175887][T0x7eb6f8e97740][TIMING] emit_host_span: [STRACE] v=1 pid=3967479 tid=3967479 inv=5 hid=87d82477c49eb8f1 depth=2 name=chip.run.runner_run.device_wall ts=0 dur=982990 clk=dev
[mono_ns=83709230177399][T0x7eb6f8e97740][TIMING] emit_host_span: [STRACE] v=1 pid=3967479 tid=3967479 inv=5 hid=87d82477c49eb8f1 depth=3 name=chip.run.runner_run.device_wall.preamble ts=0 dur=13655 clk=dev
[mono_ns=83709230178581][T0x7eb6f8e97740][TIMING] emit_host_span: [STRACE] v=1 pid=3967479 tid=3967479 inv=5 hid=87d82477c49eb8f1 depth=3 name=chip.run.runner_run.device_wall.graph_build ts=4712 dur=973894 clk=dev
[mono_ns=83709230186533][T0x7eb6f8e97740][TIMING] emit_host_span: [STRACE] v=1 pid=3967479 tid=3967479 inv=5 hid=87d82477c49eb8f1 depth=3 name=chip.run.runner_run.device_wall.config_validate ts=5086 dur=1348 clk=dev
[mono_ns=83709230187825][T0x7eb6f8e97740][TIMING] emit_host_span: [STRACE] v=1 pid=3967479 tid=3967479 inv=5 hid=87d82477c49eb8f1 depth=3 name=chip.run.runner_run.device_wall.arena_wire ts=6460 dur=1518 clk=dev
[mono_ns=83709230188957][T0x7eb6f8e97740][TIMING] emit_host_span: [STRACE] v=1 pid=3967479 tid=3967479 inv=5 hid=87d82477c49eb8f1 depth=3 name=chip.run.runner_run.device_wall.sm_reset ts=8005 dur=2639 clk=dev
[mono_ns=83709230190068][T0x7eb6f8e97740][TIMING] emit_host_span: [STRACE] v=1 pid=3967479 tid=3967479 inv=5 hid=87d82477c49eb8f1 depth=3 name=chip.run.runner_run.device_wall.post_orch ts=978642 dur=4135 clk=dev
[mono_ns=83709230191210][T0x7eb6f8e97740][TIMING] emit_host_span: [STRACE] v=1 pid=3967479 tid=3967479 inv=5 hid=87d82477c49eb8f1 depth=3 name=chip.run.runner_run.device_wall.orch ts=10786 dur=677415 clk=dev
[mono_ns=83709230192362][T0x7eb6f8e97740][TIMING] emit_host_span: [STRACE] v=1 pid=3967479 tid=3967479 inv=5 hid=87d82477c49eb8f1 depth=3 name=chip.run.runner_run.device_wall.sched ts=13206 dur=953345 clk=dev
[mono_ns=83709230193694][T0x7eb6f8e97740][TIMING] emit_host_span: [STRACE] v=1 pid=3967479 tid=3967479 inv=5 hid=87d82477c49eb8f1 depth=1 name=chip.run.claim_release ts=83709230193353 dur=60 
[mono_ns=83709230195216][T0x7eb6f8e97740][TIMING] emit_host_span: [STRACE] v=1 pid=3967479 tid=3967479 inv=5 hid=87d82477c49eb8f1 depth=0 name=chip.run ts=83709192503093 dur=37691813 run_id=0 dispatch_id=0 slot_id=0 generation=5 run_epoch=5
[mono_ns=83709261189606][T0x7eb6f8e97740][TIMING] emit_host_span: [STRACE] v=1 pid=3967479 tid=3967479 inv=6 hid=87d82477c49eb8f1 depth=2 name=chip.run.bind.args ts=83709230417079 dur=30772016 
[mono_ns=83709261201434][T0x7eb6f8e97740][TIMING] emit_host_span: [STRACE] v=1 pid=3967479 tid=3967479 inv=6 hid=87d82477c49eb8f1 depth=2 name=chip.run.bind.prebuilt ts=83709261199892 dur=1242 
[mono_ns=83709261203317][T0x7eb6f8e97740][TIMING] emit_host_span: [STRACE] v=1 pid=3967479 tid=3967479 inv=6 hid=87d82477c49eb8f1 depth=1 name=chip.run.bind ts=83709230414555 dur=30788481 
[mono_ns=83709266032114][T0x7eb6f8e97740][WARN] prepare_execution: [device_runner.cpp:342] AICPU CPU_TOPO unavailable; using json_fallback: soc=Ascend950PR_9579 occupy=0x3e stable_reachable=5 requested=0 effective=5 affinity=[1, 2, 3, 4, 5(orch)]
[mono_ns=83709267243803][T0x7eb6f8e97740][TIMING] emit_host_span: [STRACE] v=1 pid=3967479 tid=3967479 inv=6 hid=87d82477c49eb8f1 depth=1 name=chip.run.runner_run ts=83709266078985 dur=1164418 
[mono_ns=83709267571114][T0x7eb6f8e97740][TIMING] emit_host_span: [STRACE] v=1 pid=3967479 tid=3967479 inv=6 hid=87d82477c49eb8f1 depth=1 name=chip.run.validate ts=83709267251304 dur=319440 
[mono_ns=83709267576062][T0x7eb6f8e97740][TIMING] emit_host_span: [STRACE] v=1 pid=3967479 tid=3967479 inv=6 hid=87d82477c49eb8f1 depth=2 name=chip.run.runner_run.device_wall ts=0 dur=1011533 clk=dev
[mono_ns=83709267577524][T0x7eb6f8e97740][TIMING] emit_host_span: [STRACE] v=1 pid=3967479 tid=3967479 inv=6 hid=87d82477c49eb8f1 depth=3 name=chip.run.runner_run.device_wall.preamble ts=0 dur=15331 clk=dev
[mono_ns=83709267578736][T0x7eb6f8e97740][TIMING] emit_host_span: [STRACE] v=1 pid=3967479 tid=3967479 inv=6 hid=87d82477c49eb8f1 depth=3 name=chip.run.runner_run.device_wall.graph_build ts=5816 dur=1001355 clk=dev
[mono_ns=83709267579938][T0x7eb6f8e97740][TIMING] emit_host_span: [STRACE] v=1 pid=3967479 tid=3967479 inv=6 hid=87d82477c49eb8f1 depth=3 name=chip.run.runner_run.device_wall.config_validate ts=6365 dur=828 clk=dev
[mono_ns=83709267581400][T0x7eb6f8e97740][TIMING] emit_host_span: [STRACE] v=1 pid=3967479 tid=3967479 inv=6 hid=87d82477c49eb8f1 depth=3 name=chip.run.runner_run.device_wall.arena_wire ts=7362 dur=2386 clk=dev
[mono_ns=83709267587539][T0x7eb6f8e97740][TIMING] emit_host_span: [STRACE] v=1 pid=3967479 tid=3967479 inv=6 hid=87d82477c49eb8f1 depth=3 name=chip.run.runner_run.device_wall.sm_reset ts=9765 dur=2828 clk=dev
[mono_ns=83709267588841][T0x7eb6f8e97740][TIMING] emit_host_span: [STRACE] v=1 pid=3967479 tid=3967479 inv=6 hid=87d82477c49eb8f1 depth=3 name=chip.run.runner_run.device_wall.post_orch ts=1007188 dur=4162 clk=dev
[mono_ns=83709267590003][T0x7eb6f8e97740][TIMING] emit_host_span: [STRACE] v=1 pid=3967479 tid=3967479 inv=6 hid=87d82477c49eb8f1 depth=3 name=chip.run.runner_run.device_wall.orch ts=12679 dur=774376 clk=dev
[mono_ns=83709267591114][T0x7eb6f8e97740][TIMING] emit_host_span: [STRACE] v=1 pid=3967479 tid=3967479 inv=6 hid=87d82477c49eb8f1 depth=3 name=chip.run.runner_run.device_wall.sched ts=14914 dur=980266 clk=dev
[mono_ns=83709267592436][T0x7eb6f8e97740][TIMING] emit_host_span: [STRACE] v=1 pid=3967479 tid=3967479 inv=6 hid=87d82477c49eb8f1 depth=1 name=chip.run.claim_release ts=83709267592146 dur=50 
[mono_ns=83709267594790][T0x7eb6f8e97740][TIMING] emit_host_span: [STRACE] v=1 pid=3967479 tid=3967479 inv=6 hid=87d82477c49eb8f1 depth=0 name=chip.run ts=83709230412062 dur=37182417 run_id=0 dispatch_id=0 slot_id=0 generation=6 run_epoch=6
[mono_ns=83709298850312][T0x7eb6f8e97740][TIMING] emit_host_span: [STRACE] v=1 pid=3967479 tid=3967479 inv=7 hid=87d82477c49eb8f1 depth=2 name=chip.run.bind.args ts=83709267807539 dur=31042262 
[mono_ns=83709298861879][T0x7eb6f8e97740][TIMING] emit_host_span: [STRACE] v=1 pid=3967479 tid=3967479 inv=7 hid=87d82477c49eb8f1 depth=2 name=chip.run.bind.prebuilt ts=83709298860127 dur=1442 
[mono_ns=83709298863702][T0x7eb6f8e97740][TIMING] emit_host_span: [STRACE] v=1 pid=3967479 tid=3967479 inv=7 hid=87d82477c49eb8f1 depth=1 name=chip.run.bind ts=83709267805136 dur=31058286 
[mono_ns=83709303725439][T0x7eb6f8e97740][WARN] prepare_execution: [device_runner.cpp:342] AICPU CPU_TOPO unavailable; using json_fallback: soc=Ascend950PR_9579 occupy=0x3e stable_reachable=5 requested=0 effective=5 affinity=[1, 2, 3, 4, 5(orch)]
[mono_ns=83709304885030][T0x7eb6f8e97740][TIMING] emit_host_span: [STRACE] v=1 pid=3967479 tid=3967479 inv=7 hid=87d82477c49eb8f1 depth=1 name=chip.run.runner_run ts=83709303780111 dur=1104598 
[mono_ns=83709305224779][T0x7eb6f8e97740][TIMING] emit_host_span: [STRACE] v=1 pid=3967479 tid=3967479 inv=7 hid=87d82477c49eb8f1 depth=1 name=chip.run.validate ts=83709304892180 dur=332299 
[mono_ns=83709305230138][T0x7eb6f8e97740][TIMING] emit_host_span: [STRACE] v=1 pid=3967479 tid=3967479 inv=7 hid=87d82477c49eb8f1 depth=2 name=chip.run.runner_run.device_wall ts=0 dur=978872 clk=dev
[mono_ns=83709305231650][T0x7eb6f8e97740][TIMING] emit_host_span: [STRACE] v=1 pid=3967479 tid=3967479 inv=7 hid=87d82477c49eb8f1 depth=3 name=chip.run.runner_run.device_wall.preamble ts=0 dur=14708 clk=dev
[mono_ns=83709305232822][T0x7eb6f8e97740][TIMING] emit_host_span: [STRACE] v=1 pid=3967479 tid=3967479 inv=7 hid=87d82477c49eb8f1 depth=3 name=chip.run.runner_run.device_wall.graph_build ts=4757 dur=969603 clk=dev
[mono_ns=83709305233973][T0x7eb6f8e97740][TIMING] emit_host_span: [STRACE] v=1 pid=3967479 tid=3967479 inv=7 hid=87d82477c49eb8f1 depth=3 name=chip.run.runner_run.device_wall.config_validate ts=5289 dur=851 clk=dev
[mono_ns=83709305235125][T0x7eb6f8e97740][TIMING] emit_host_span: [STRACE] v=1 pid=3967479 tid=3967479 inv=7 hid=87d82477c49eb8f1 depth=3 name=chip.run.runner_run.device_wall.arena_wire ts=6341 dur=2393 clk=dev
[mono_ns=83709305236477][T0x7eb6f8e97740][TIMING] emit_host_span: [STRACE] v=1 pid=3967479 tid=3967479 inv=7 hid=87d82477c49eb8f1 depth=3 name=chip.run.runner_run.device_wall.sm_reset ts=8754 dur=2586 clk=dev
[mono_ns=83709305238089][T0x7eb6f8e97740][TIMING] emit_host_span: [STRACE] v=1 pid=3967479 tid=3967479 inv=7 hid=87d82477c49eb8f1 depth=3 name=chip.run.runner_run.device_wall.post_orch ts=974405 dur=4408 clk=dev
[mono_ns=83709305239371][T0x7eb6f8e97740][TIMING] emit_host_span: [STRACE] v=1 pid=3967479 tid=3967479 inv=7 hid=87d82477c49eb8f1 depth=3 name=chip.run.runner_run.device_wall.orch ts=11382 dur=686038 clk=dev
[mono_ns=83709305244389][T0x7eb6f8e97740][TIMING] emit_host_span: [STRACE] v=1 pid=3967479 tid=3967479 inv=7 hid=87d82477c49eb8f1 depth=3 name=chip.run.runner_run.device_wall.sched ts=14660 dur=946180 clk=dev
[mono_ns=83709305245751][T0x7eb6f8e97740][TIMING] emit_host_span: [STRACE] v=1 pid=3967479 tid=3967479 inv=7 hid=87d82477c49eb8f1 depth=1 name=chip.run.claim_release ts=83709305245420 dur=41 
[mono_ns=83709305247193][T0x7eb6f8e97740][TIMING] emit_host_span: [STRACE] v=1 pid=3967479 tid=3967479 inv=7 hid=87d82477c49eb8f1 depth=0 name=chip.run ts=83709267802902 dur=37444001 run_id=0 dispatch_id=0 slot_id=0 generation=7 run_epoch=7
[mono_ns=83709333963985][T0x7eb6f8e97740][TIMING] emit_host_span: [STRACE] v=1 pid=3967479 tid=3967479 inv=8 hid=87d82477c49eb8f1 depth=2 name=chip.run.bind.args ts=83709305471139 dur=28492345 
[mono_ns=83709333975081][T0x7eb6f8e97740][TIMING] emit_host_span: [STRACE] v=1 pid=3967479 tid=3967479 inv=8 hid=87d82477c49eb8f1 depth=2 name=chip.run.bind.prebuilt ts=83709333973699 dur=1082 
[mono_ns=83709333976794][T0x7eb6f8e97740][TIMING] emit_host_span: [STRACE] v=1 pid=3967479 tid=3967479 inv=8 hid=87d82477c49eb8f1 depth=1 name=chip.run.bind ts=83709305468986 dur=28507528 
[mono_ns=83709338800794][T0x7eb6f8e97740][WARN] prepare_execution: [device_runner.cpp:342] AICPU CPU_TOPO unavailable; using json_fallback: soc=Ascend950PR_9579 occupy=0x3e stable_reachable=5 requested=0 effective=5 affinity=[1, 2, 3, 4, 5(orch)]
[mono_ns=83709340041116][T0x7eb6f8e97740][TIMING] emit_host_span: [STRACE] v=1 pid=3967479 tid=3967479 inv=8 hid=87d82477c49eb8f1 depth=1 name=chip.run.runner_run ts=83709338852893 dur=1187832 
[mono_ns=83709340361487][T0x7eb6f8e97740][TIMING] emit_host_span: [STRACE] v=1 pid=3967479 tid=3967479 inv=8 hid=87d82477c49eb8f1 depth=1 name=chip.run.validate ts=83709340049008 dur=312168 
[mono_ns=83709340366344][T0x7eb6f8e97740][TIMING] emit_host_span: [STRACE] v=1 pid=3967479 tid=3967479 inv=8 hid=87d82477c49eb8f1 depth=2 name=chip.run.runner_run.device_wall ts=0 dur=1018944 clk=dev
[mono_ns=83709340367917][T0x7eb6f8e97740][TIMING] emit_host_span: [STRACE] v=1 pid=3967479 tid=3967479 inv=8 hid=87d82477c49eb8f1 depth=3 name=chip.run.runner_run.device_wall.preamble ts=0 dur=14117 clk=dev
[mono_ns=83709340369168][T0x7eb6f8e97740][TIMING] emit_host_span: [STRACE] v=1 pid=3967479 tid=3967479 inv=8 hid=87d82477c49eb8f1 depth=3 name=chip.run.runner_run.device_wall.graph_build ts=3790 dur=1010557 clk=dev
[mono_ns=83709340370671][T0x7eb6f8e97740][TIMING] emit_host_span: [STRACE] v=1 pid=3967479 tid=3967479 inv=8 hid=87d82477c49eb8f1 depth=3 name=chip.run.runner_run.device_wall.config_validate ts=4203 dur=965 clk=dev
[mono_ns=83709340372714][T0x7eb6f8e97740][TIMING] emit_host_span: [STRACE] v=1 pid=3967479 tid=3967479 inv=8 hid=87d82477c49eb8f1 depth=3 name=chip.run.runner_run.device_wall.arena_wire ts=5316 dur=1923 clk=dev
[mono_ns=83709340373996][T0x7eb6f8e97740][TIMING] emit_host_span: [STRACE] v=1 pid=3967479 tid=3967479 inv=8 hid=87d82477c49eb8f1 depth=3 name=chip.run.runner_run.device_wall.sm_reset ts=7254 dur=2146 clk=dev
[mono_ns=83709340375087][T0x7eb6f8e97740][TIMING] emit_host_span: [STRACE] v=1 pid=3967479 tid=3967479 inv=8 hid=87d82477c49eb8f1 depth=3 name=chip.run.runner_run.device_wall.post_orch ts=1014378 dur=4321 clk=dev
[mono_ns=83709340376239][T0x7eb6f8e97740][TIMING] emit_host_span: [STRACE] v=1 pid=3967479 tid=3967479 inv=8 hid=87d82477c49eb8f1 depth=3 name=chip.run.runner_run.device_wall.orch ts=9483 dur=702004 clk=dev
[mono_ns=83709340377361][T0x7eb6f8e97740][TIMING] emit_host_span: [STRACE] v=1 pid=3967479 tid=3967479 inv=8 hid=87d82477c49eb8f1 depth=3 name=chip.run.runner_run.device_wall.sched ts=13915 dur=987488 clk=dev
[mono_ns=83709340378653][T0x7eb6f8e97740][TIMING] emit_host_span: [STRACE] v=1 pid=3967479 tid=3967479 inv=8 hid=87d82477c49eb8f1 depth=1 name=chip.run.claim_release ts=83709340378372 dur=40 
[mono_ns=83709340380095][T0x7eb6f8e97740][TIMING] emit_host_span: [STRACE] v=1 pid=3967479 tid=3967479 inv=8 hid=87d82477c49eb8f1 depth=0 name=chip.run ts=83709305466663 dur=34913131 run_id=0 dispatch_id=0 slot_id=0 generation=8 run_epoch=8
[mono_ns=83709367580891][T0x7eb6f8e97740][TIMING] emit_host_span: [STRACE] v=1 pid=3967479 tid=3967479 inv=9 hid=87d82477c49eb8f1 depth=2 name=chip.run.bind.args ts=83709340576219 dur=27004071 
[mono_ns=83709367591096][T0x7eb6f8e97740][TIMING] emit_host_span: [STRACE] v=1 pid=3967479 tid=3967479 inv=9 hid=87d82477c49eb8f1 depth=2 name=chip.run.bind.prebuilt ts=83709367589654 dur=1162 
[mono_ns=83709367593059][T0x7eb6f8e97740][TIMING] emit_host_span: [STRACE] v=1 pid=3967479 tid=3967479 inv=9 hid=87d82477c49eb8f1 depth=1 name=chip.run.bind ts=83709340574046 dur=27018673 
[mono_ns=83709372444230][T0x7eb6f8e97740][WARN] prepare_execution: [device_runner.cpp:342] AICPU CPU_TOPO unavailable; using json_fallback: soc=Ascend950PR_9579 occupy=0x3e stable_reachable=5 requested=0 effective=5 affinity=[1, 2, 3, 4, 5(orch)]
[mono_ns=83709373572213][T0x7eb6f8e97740][TIMING] emit_host_span: [STRACE] v=1 pid=3967479 tid=3967479 inv=9 hid=87d82477c49eb8f1 depth=1 name=chip.run.runner_run ts=83709372499053 dur=1072770 
[mono_ns=83709373917712][T0x7eb6f8e97740][TIMING] emit_host_span: [STRACE] v=1 pid=3967479 tid=3967479 inv=9 hid=87d82477c49eb8f1 depth=1 name=chip.run.validate ts=83709373579585 dur=337777 
[mono_ns=83709373922509][T0x7eb6f8e97740][TIMING] emit_host_span: [STRACE] v=1 pid=3967479 tid=3967479 inv=9 hid=87d82477c49eb8f1 depth=2 name=chip.run.runner_run.device_wall ts=0 dur=943633 clk=dev
[mono_ns=83709373924332][T0x7eb6f8e97740][TIMING] emit_host_span: [STRACE] v=1 pid=3967479 tid=3967479 inv=9 hid=87d82477c49eb8f1 depth=3 name=chip.run.runner_run.device_wall.preamble ts=0 dur=14865 clk=dev
[mono_ns=83709373925644][T0x7eb6f8e97740][TIMING] emit_host_span: [STRACE] v=1 pid=3967479 tid=3967479 inv=9 hid=87d82477c49eb8f1 depth=3 name=chip.run.runner_run.device_wall.graph_build ts=5172 dur=933936 clk=dev
[mono_ns=83709373927096][T0x7eb6f8e97740][TIMING] emit_host_span: [STRACE] v=1 pid=3967479 tid=3967479 inv=9 hid=87d82477c49eb8f1 depth=3 name=chip.run.runner_run.device_wall.config_validate ts=5344 dur=1250 clk=dev
[mono_ns=83709373929550][T0x7eb6f8e97740][TIMING] emit_host_span: [STRACE] v=1 pid=3967479 tid=3967479 inv=9 hid=87d82477c49eb8f1 depth=3 name=chip.run.runner_run.device_wall.arena_wire ts=6622 dur=1853 clk=dev
[mono_ns=83709373931252][T0x7eb6f8e97740][TIMING] emit_host_span: [STRACE] v=1 pid=3967479 tid=3967479 inv=9 hid=87d82477c49eb8f1 depth=3 name=chip.run.runner_run.device_wall.sm_reset ts=8491 dur=1640 clk=dev
[mono_ns=83709373932514][T0x7eb6f8e97740][TIMING] emit_host_span: [STRACE] v=1 pid=3967479 tid=3967479 inv=9 hid=87d82477c49eb8f1 depth=3 name=chip.run.runner_run.device_wall.post_orch ts=939142 dur=4179 clk=dev
[mono_ns=83709373933666][T0x7eb6f8e97740][TIMING] emit_host_span: [STRACE] v=1 pid=3967479 tid=3967479 inv=9 hid=87d82477c49eb8f1 depth=3 name=chip.run.runner_run.device_wall.orch ts=10170 dur=699930 clk=dev
[mono_ns=83709373934788][T0x7eb6f8e97740][TIMING] emit_host_span: [STRACE] v=1 pid=3967479 tid=3967479 inv=9 hid=87d82477c49eb8f1 depth=3 name=chip.run.runner_run.device_wall.sched ts=14493 dur=912280 clk=dev
[mono_ns=83709373936140][T0x7eb6f8e97740][TIMING] emit_host_span: [STRACE] v=1 pid=3967479 tid=3967479 inv=9 hid=87d82477c49eb8f1 depth=1 name=chip.run.claim_release ts=83709373935829 dur=40 
[mono_ns=83709373937672][T0x7eb6f8e97740][TIMING] emit_host_span: [STRACE] v=1 pid=3967479 tid=3967479 inv=9 hid=87d82477c49eb8f1 depth=0 name=chip.run ts=83709340571883 dur=33365398 run_id=0 dispatch_id=0 slot_id=0 generation=9 run_epoch=9
[mono_ns=83709403153843][T0x7eb6f8e97740][TIMING] emit_host_span: [STRACE] v=1 pid=3967479 tid=3967479 inv=10 hid=87d82477c49eb8f1 depth=2 name=chip.run.bind.args ts=83709374147277 dur=29005845 
[mono_ns=83709403166622][T0x7eb6f8e97740][TIMING] emit_host_span: [STRACE] v=1 pid=3967479 tid=3967479 inv=10 hid=87d82477c49eb8f1 depth=2 name=chip.run.bind.prebuilt ts=83709403164930 dur=1352 
[mono_ns=83709403168545][T0x7eb6f8e97740][TIMING] emit_host_span: [STRACE] v=1 pid=3967479 tid=3967479 inv=10 hid=87d82477c49eb8f1 depth=1 name=chip.run.bind ts=83709374145193 dur=29022982 
[mono_ns=83709408040287][T0x7eb6f8e97740][WARN] prepare_execution: [device_runner.cpp:342] AICPU CPU_TOPO unavailable; using json_fallback: soc=Ascend950PR_9579 occupy=0x3e stable_reachable=5 requested=0 effective=5 affinity=[1, 2, 3, 4, 5(orch)]
[mono_ns=83709409194460][T0x7eb6f8e97740][TIMING] emit_host_span: [STRACE] v=1 pid=3967479 tid=3967479 inv=10 hid=87d82477c49eb8f1 depth=1 name=chip.run.runner_run ts=83709408092085 dur=1102044 
[mono_ns=83709409546538][T0x7eb6f8e97740][TIMING] emit_host_span: [STRACE] v=1 pid=3967479 tid=3967479 inv=10 hid=87d82477c49eb8f1 depth=1 name=chip.run.validate ts=83709409201660 dur=344518 
[mono_ns=83709409551516][T0x7eb6f8e97740][TIMING] emit_host_span: [STRACE] v=1 pid=3967479 tid=3967479 inv=10 hid=87d82477c49eb8f1 depth=2 name=chip.run.runner_run.device_wall ts=0 dur=965562 clk=dev
[mono_ns=83709409552948][T0x7eb6f8e97740][TIMING] emit_host_span: [STRACE] v=1 pid=3967479 tid=3967479 inv=10 hid=87d82477c49eb8f1 depth=3 name=chip.run.runner_run.device_wall.preamble ts=0 dur=13097 clk=dev
[mono_ns=83709409554210][T0x7eb6f8e97740][TIMING] emit_host_span: [STRACE] v=1 pid=3967479 tid=3967479 inv=10 hid=87d82477c49eb8f1 depth=3 name=chip.run.runner_run.device_wall.graph_build ts=2620 dur=958890 clk=dev
[mono_ns=83709409555381][T0x7eb6f8e97740][TIMING] emit_host_span: [STRACE] v=1 pid=3967479 tid=3967479 inv=10 hid=87d82477c49eb8f1 depth=3 name=chip.run.runner_run.device_wall.config_validate ts=3220 dur=1204 clk=dev
[mono_ns=83709409556823][T0x7eb6f8e97740][TIMING] emit_host_span: [STRACE] v=1 pid=3967479 tid=3967479 inv=10 hid=87d82477c49eb8f1 depth=3 name=chip.run.runner_run.device_wall.arena_wire ts=4451 dur=1409 clk=dev
[mono_ns=83709409558466][T0x7eb6f8e97740][TIMING] emit_host_span: [STRACE] v=1 pid=3967479 tid=3967479 inv=10 hid=87d82477c49eb8f1 depth=3 name=chip.run.runner_run.device_wall.sm_reset ts=5880 dur=2353 clk=dev
[mono_ns=83709409559758][T0x7eb6f8e97740][TIMING] emit_host_span: [STRACE] v=1 pid=3967479 tid=3967479 inv=10 hid=87d82477c49eb8f1 depth=3 name=chip.run.runner_run.device_wall.post_orch ts=961531 dur=3593 clk=dev
[mono_ns=83709409560890][T0x7eb6f8e97740][TIMING] emit_host_span: [STRACE] v=1 pid=3967479 tid=3967479 inv=10 hid=87d82477c49eb8f1 depth=3 name=chip.run.runner_run.device_wall.orch ts=8262 dur=661457 clk=dev
[mono_ns=83709409562011][T0x7eb6f8e97740][TIMING] emit_host_span: [STRACE] v=1 pid=3967479 tid=3967479 inv=10 hid=87d82477c49eb8f1 depth=3 name=chip.run.runner_run.device_wall.sched ts=12751 dur=934336 clk=dev
[mono_ns=83709409563323][T0x7eb6f8e97740][TIMING] emit_host_span: [STRACE] v=1 pid=3967479 tid=3967479 inv=10 hid=87d82477c49eb8f1 depth=1 name=chip.run.claim_release ts=83709409563023 dur=40 
[mono_ns=83709409564795][T0x7eb6f8e97740][TIMING] emit_host_span: [STRACE] v=1 pid=3967479 tid=3967479 inv=10 hid=87d82477c49eb8f1 depth=0 name=chip.run ts=83709374143261 dur=35421234 run_id=0 dispatch_id=0 slot_id=0 generation=10 run_epoch=10
[mono_ns=83709442909643][T0x7eb6f8e97740][TIMING] emit_host_span: [STRACE] v=1 pid=3967479 tid=3967479 inv=11 hid=87d82477c49eb8f1 depth=2 name=chip.run.bind.args ts=83709409762813 dur=33142925 
[mono_ns=83709442943234][T0x7eb6f8e97740][TIMING] emit_host_span: [STRACE] v=1 pid=3967479 tid=3967479 inv=11 hid=87d82477c49eb8f1 depth=2 name=chip.run.bind.prebuilt ts=83709442938427 dur=4386 
[mono_ns=83709442946709][T0x7eb6f8e97740][TIMING] emit_host_span: [STRACE] v=1 pid=3967479 tid=3967479 inv=11 hid=87d82477c49eb8f1 depth=1 name=chip.run.bind ts=83709409760409 dur=33185839 
[mono_ns=83709447979673][T0x7eb6f8e97740][WARN] prepare_execution: [device_runner.cpp:342] AICPU CPU_TOPO unavailable; using json_fallback: soc=Ascend950PR_9579 occupy=0x3e stable_reachable=5 requested=0 effective=5 affinity=[1, 2, 3, 4, 5(orch)]
[mono_ns=83709449219494][T0x7eb6f8e97740][TIMING] emit_host_span: [STRACE] v=1 pid=3967479 tid=3967479 inv=11 hid=87d82477c49eb8f1 depth=1 name=chip.run.runner_run ts=83709448044490 dur=1174153 
[mono_ns=83709449632965][T0x7eb6f8e97740][TIMING] emit_host_span: [STRACE] v=1 pid=3967479 tid=3967479 inv=11 hid=87d82477c49eb8f1 depth=1 name=chip.run.validate ts=83709449235788 dur=396766 
[mono_ns=83709449638142][T0x7eb6f8e97740][TIMING] emit_host_span: [STRACE] v=1 pid=3967479 tid=3967479 inv=11 hid=87d82477c49eb8f1 depth=2 name=chip.run.runner_run.device_wall ts=0 dur=998301 clk=dev
[mono_ns=83709449640075][T0x7eb6f8e97740][TIMING] emit_host_span: [STRACE] v=1 pid=3967479 tid=3967479 inv=11 hid=87d82477c49eb8f1 depth=3 name=chip.run.runner_run.device_wall.preamble ts=0 dur=12189 clk=dev
[mono_ns=83709449641387][T0x7eb6f8e97740][TIMING] emit_host_span: [STRACE] v=1 pid=3967479 tid=3967479 inv=11 hid=87d82477c49eb8f1 depth=3 name=chip.run.runner_run.device_wall.graph_build ts=2190 dur=991687 clk=dev
[mono_ns=83709449643470][T0x7eb6f8e97740][TIMING] emit_host_span: [STRACE] v=1 pid=3967479 tid=3967479 inv=11 hid=87d82477c49eb8f1 depth=3 name=chip.run.runner_run.device_wall.config_validate ts=2851 dur=857 clk=dev
[mono_ns=83709449645113][T0x7eb6f8e97740][TIMING] emit_host_span: [STRACE] v=1 pid=3967479 tid=3967479 inv=11 hid=87d82477c49eb8f1 depth=3 name=chip.run.runner_run.device_wall.arena_wire ts=3876 dur=1746 clk=dev
[mono_ns=83709449646345][T0x7eb6f8e97740][TIMING] emit_host_span: [STRACE] v=1 pid=3967479 tid=3967479 inv=11 hid=87d82477c49eb8f1 depth=3 name=chip.run.runner_run.device_wall.sm_reset ts=5680 dur=3076 clk=dev
[mono_ns=83709449647446][T0x7eb6f8e97740][TIMING] emit_host_span: [STRACE] v=1 pid=3967479 tid=3967479 inv=11 hid=87d82477c49eb8f1 depth=3 name=chip.run.runner_run.device_wall.post_orch ts=994047 dur=4199 clk=dev
[mono_ns=83709449648598][T0x7eb6f8e97740][TIMING] emit_host_span: [STRACE] v=1 pid=3967479 tid=3967479 inv=11 hid=87d82477c49eb8f1 depth=3 name=chip.run.runner_run.device_wall.orch ts=8844 dur=686639 clk=dev
[mono_ns=83709449649700][T0x7eb6f8e97740][TIMING] emit_host_span: [STRACE] v=1 pid=3967479 tid=3967479 inv=11 hid=87d82477c49eb8f1 depth=3 name=chip.run.runner_run.device_wall.sched ts=11699 dur=970420 clk=dev
[mono_ns=83709449651462][T0x7eb6f8e97740][TIMING] emit_host_span: [STRACE] v=1 pid=3967479 tid=3967479 inv=11 hid=87d82477c49eb8f1 depth=1 name=chip.run.claim_release ts=83709449651042 dur=130 
[mono_ns=83709449653455][T0x7eb6f8e97740][TIMING] emit_host_span: [STRACE] v=1 pid=3967479 tid=3967479 inv=11 hid=87d82477c49eb8f1 depth=0 name=chip.run ts=83709409758416 dur=39894669 run_id=0 dispatch_id=0 slot_id=0 generation=11 run_epoch=11
[mono_ns=83709488290006][T0x7eb6f8e97740][TIMING] emit_host_span: [STRACE] v=1 pid=3967479 tid=3967479 inv=12 hid=87d82477c49eb8f1 depth=2 name=chip.run.bind.args ts=83709450070211 dur=38219154 
[mono_ns=83709488303306][T0x7eb6f8e97740][TIMING] emit_host_span: [STRACE] v=1 pid=3967479 tid=3967479 inv=12 hid=87d82477c49eb8f1 depth=2 name=chip.run.bind.prebuilt ts=83709488300702 dur=2283 
[mono_ns=83709488305239][T0x7eb6f8e97740][TIMING] emit_host_span: [STRACE] v=1 pid=3967479 tid=3967479 inv=12 hid=87d82477c49eb8f1 depth=1 name=chip.run.bind ts=83709450065744 dur=38239204 
[mono_ns=83709493226064][T0x7eb6f8e97740][WARN] prepare_execution: [device_runner.cpp:342] AICPU CPU_TOPO unavailable; using json_fallback: soc=Ascend950PR_9579 occupy=0x3e stable_reachable=5 requested=0 effective=5 affinity=[1, 2, 3, 4, 5(orch)]
[mono_ns=83709494419275][T0x7eb6f8e97740][TIMING] emit_host_span: [STRACE] v=1 pid=3967479 tid=3967479 inv=12 hid=87d82477c49eb8f1 depth=1 name=chip.run.runner_run ts=83709493282940 dur=1135614 
[mono_ns=83709494740888][T0x7eb6f8e97740][TIMING] emit_host_span: [STRACE] v=1 pid=3967479 tid=3967479 inv=12 hid=87d82477c49eb8f1 depth=1 name=chip.run.validate ts=83709494426496 dur=313961 
[mono_ns=83709494746246][T0x7eb6f8e97740][TIMING] emit_host_span: [STRACE] v=1 pid=3967479 tid=3967479 inv=12 hid=87d82477c49eb8f1 depth=2 name=chip.run.runner_run.device_wall ts=0 dur=987434 clk=dev
[mono_ns=83709494748129][T0x7eb6f8e97740][TIMING] emit_host_span: [STRACE] v=1 pid=3967479 tid=3967479 inv=12 hid=87d82477c49eb8f1 depth=3 name=chip.run.runner_run.device_wall.preamble ts=0 dur=14517 clk=dev
[mono_ns=83709494755440][T0x7eb6f8e97740][TIMING] emit_host_span: [STRACE] v=1 pid=3967479 tid=3967479 inv=12 hid=87d82477c49eb8f1 depth=3 name=chip.run.runner_run.device_wall.graph_build ts=4847 dur=977992 clk=dev
[mono_ns=83709494756792][T0x7eb6f8e97740][TIMING] emit_host_span: [STRACE] v=1 pid=3967479 tid=3967479 inv=12 hid=87d82477c49eb8f1 depth=3 name=chip.run.runner_run.device_wall.config_validate ts=5152 dur=967 clk=dev
[mono_ns=83709494757943][T0x7eb6f8e97740][TIMING] emit_host_span: [STRACE] v=1 pid=3967479 tid=3967479 inv=12 hid=87d82477c49eb8f1 depth=3 name=chip.run.runner_run.device_wall.arena_wire ts=6231 dur=3016 clk=dev
[mono_ns=83709494759085][T0x7eb6f8e97740][TIMING] emit_host_span: [STRACE] v=1 pid=3967479 tid=3967479 inv=12 hid=87d82477c49eb8f1 depth=3 name=chip.run.runner_run.device_wall.sm_reset ts=9263 dur=2331 clk=dev
[mono_ns=83709494760197][T0x7eb6f8e97740][TIMING] emit_host_span: [STRACE] v=1 pid=3967479 tid=3967479 inv=12 hid=87d82477c49eb8f1 depth=3 name=chip.run.runner_run.device_wall.post_orch ts=982870 dur=3810 clk=dev
[mono_ns=83709494761319][T0x7eb6f8e97740][TIMING] emit_host_span: [STRACE] v=1 pid=3967479 tid=3967479 inv=12 hid=87d82477c49eb8f1 depth=3 name=chip.run.runner_run.device_wall.orch ts=11639 dur=674010 clk=dev
[mono_ns=83709494762831][T0x7eb6f8e97740][TIMING] emit_host_span: [STRACE] v=1 pid=3967479 tid=3967479 inv=12 hid=87d82477c49eb8f1 depth=3 name=chip.run.runner_run.device_wall.sched ts=14460 dur=952924 clk=dev
[mono_ns=83709494766086][T0x7eb6f8e97740][TIMING] emit_host_span: [STRACE] v=1 pid=3967479 tid=3967479 inv=12 hid=87d82477c49eb8f1 depth=1 name=chip.run.claim_release ts=83709494765735 dur=60 
[mono_ns=83709494768199][T0x7eb6f8e97740][TIMING] emit_host_span: [STRACE] v=1 pid=3967479 tid=3967479 inv=12 hid=87d82477c49eb8f1 depth=0 name=chip.run ts=83709450060707 dur=44707221 run_id=0 dispatch_id=0 slot_id=0 generation=12 run_epoch=12
[mono_ns=83709529195041][T0x7eb6f8e97740][TIMING] emit_host_span: [STRACE] v=1 pid=3967479 tid=3967479 inv=13 hid=87d82477c49eb8f1 depth=2 name=chip.run.bind.args ts=83709495060768 dur=34133502 
[mono_ns=83709529206278][T0x7eb6f8e97740][TIMING] emit_host_span: [STRACE] v=1 pid=3967479 tid=3967479 inv=13 hid=87d82477c49eb8f1 depth=2 name=chip.run.bind.prebuilt ts=83709529203954 dur=1993 
[mono_ns=83709529209032][T0x7eb6f8e97740][TIMING] emit_host_span: [STRACE] v=1 pid=3967479 tid=3967479 inv=13 hid=87d82477c49eb8f1 depth=1 name=chip.run.bind ts=83709495058054 dur=34150257 
[mono_ns=83709534111330][T0x7eb6f8e97740][WARN] prepare_execution: [device_runner.cpp:342] AICPU CPU_TOPO unavailable; using json_fallback: soc=Ascend950PR_9579 occupy=0x3e stable_reachable=5 requested=0 effective=5 affinity=[1, 2, 3, 4, 5(orch)]
[mono_ns=83709535272723][T0x7eb6f8e97740][TIMING] emit_host_span: [STRACE] v=1 pid=3967479 tid=3967479 inv=13 hid=87d82477c49eb8f1 depth=1 name=chip.run.runner_run ts=83709534158921 dur=1113391 
[mono_ns=83709535658852][T0x7eb6f8e97740][TIMING] emit_host_span: [STRACE] v=1 pid=3967479 tid=3967479 inv=13 hid=87d82477c49eb8f1 depth=1 name=chip.run.validate ts=83709535279193 dur=379339 
[mono_ns=83709535664411][T0x7eb6f8e97740][TIMING] emit_host_span: [STRACE] v=1 pid=3967479 tid=3967479 inv=13 hid=87d82477c49eb8f1 depth=2 name=chip.run.runner_run.device_wall ts=0 dur=979061 clk=dev
[mono_ns=83709535666073][T0x7eb6f8e97740][TIMING] emit_host_span: [STRACE] v=1 pid=3967479 tid=3967479 inv=13 hid=87d82477c49eb8f1 depth=3 name=chip.run.runner_run.device_wall.preamble ts=0 dur=14521 clk=dev
[mono_ns=83709535667255][T0x7eb6f8e97740][TIMING] emit_host_span: [STRACE] v=1 pid=3967479 tid=3967479 inv=13 hid=87d82477c49eb8f1 depth=3 name=chip.run.runner_run.device_wall.graph_build ts=4958 dur=967816 clk=dev
[mono_ns=83709535668697][T0x7eb6f8e97740][TIMING] emit_host_span: [STRACE] v=1 pid=3967479 tid=3967479 inv=13 hid=87d82477c49eb8f1 depth=3 name=chip.run.runner_run.device_wall.config_validate ts=5633 dur=1227 clk=dev
[mono_ns=83709535671241][T0x7eb6f8e97740][TIMING] emit_host_span: [STRACE] v=1 pid=3967479 tid=3967479 inv=13 hid=87d82477c49eb8f1 depth=3 name=chip.run.runner_run.device_wall.arena_wire ts=6890 dur=2181 clk=dev
[mono_ns=83709535675127][T0x7eb6f8e97740][TIMING] emit_host_span: [STRACE] v=1 pid=3967479 tid=3967479 inv=13 hid=87d82477c49eb8f1 depth=3 name=chip.run.runner_run.device_wall.sm_reset ts=9093 dur=2353 clk=dev
[mono_ns=83709535676249][T0x7eb6f8e97740][TIMING] emit_host_span: [STRACE] v=1 pid=3967479 tid=3967479 inv=13 hid=87d82477c49eb8f1 depth=3 name=chip.run.runner_run.device_wall.post_orch ts=972793 dur=4983 clk=dev
[mono_ns=83709535677380][T0x7eb6f8e97740][TIMING] emit_host_span: [STRACE] v=1 pid=3967479 tid=3967479 inv=13 hid=87d82477c49eb8f1 depth=3 name=chip.run.runner_run.device_wall.orch ts=11490 dur=707435 clk=dev
[mono_ns=83709535678492][T0x7eb6f8e97740][TIMING] emit_host_span: [STRACE] v=1 pid=3967479 tid=3967479 inv=13 hid=87d82477c49eb8f1 depth=3 name=chip.run.runner_run.device_wall.sched ts=14239 dur=945243 clk=dev
[mono_ns=83709535679824][T0x7eb6f8e97740][TIMING] emit_host_span: [STRACE] v=1 pid=3967479 tid=3967479 inv=13 hid=87d82477c49eb8f1 depth=1 name=chip.run.claim_release ts=83709535679513 dur=41 
[mono_ns=83709535681366][T0x7eb6f8e97740][TIMING] emit_host_span: [STRACE] v=1 pid=3967479 tid=3967479 inv=13 hid=87d82477c49eb8f1 depth=0 name=chip.run ts=83709495054589 dur=40626487 run_id=0 dispatch_id=0 slot_id=0 generation=13 run_epoch=13
[mono_ns=83709565403116][T0x7eb6f8e97740][TIMING] emit_host_span: [STRACE] v=1 pid=3967479 tid=3967479 inv=14 hid=87d82477c49eb8f1 depth=2 name=chip.run.bind.args ts=83709535972053 dur=29430342 
[mono_ns=83709565415625][T0x7eb6f8e97740][TIMING] emit_host_span: [STRACE] v=1 pid=3967479 tid=3967479 inv=14 hid=87d82477c49eb8f1 depth=2 name=chip.run.bind.prebuilt ts=83709565413432 dur=1872 
[mono_ns=83709565418539][T0x7eb6f8e97740][TIMING] emit_host_span: [STRACE] v=1 pid=3967479 tid=3967479 inv=14 hid=87d82477c49eb8f1 depth=1 name=chip.run.bind ts=83709535970540 dur=29447258 
[mono_ns=83709570364974][T0x7eb6f8e97740][WARN] prepare_execution: [device_runner.cpp:342] AICPU CPU_TOPO unavailable; using json_fallback: soc=Ascend950PR_9579 occupy=0x3e stable_reachable=5 requested=0 effective=5 affinity=[1, 2, 3, 4, 5(orch)]
[mono_ns=83709571517393][T0x7eb6f8e97740][TIMING] emit_host_span: [STRACE] v=1 pid=3967479 tid=3967479 inv=14 hid=87d82477c49eb8f1 depth=1 name=chip.run.runner_run ts=83709570402540 dur=1114473 
[mono_ns=83709571881169][T0x7eb6f8e97740][TIMING] emit_host_span: [STRACE] v=1 pid=3967479 tid=3967479 inv=14 hid=87d82477c49eb8f1 depth=1 name=chip.run.validate ts=83709571524474 dur=356325 
[mono_ns=83709571886137][T0x7eb6f8e97740][TIMING] emit_host_span: [STRACE] v=1 pid=3967479 tid=3967479 inv=14 hid=87d82477c49eb8f1 depth=2 name=chip.run.runner_run.device_wall ts=0 dur=985331 clk=dev
[mono_ns=83709571887759][T0x7eb6f8e97740][TIMING] emit_host_span: [STRACE] v=1 pid=3967479 tid=3967479 inv=14 hid=87d82477c49eb8f1 depth=3 name=chip.run.runner_run.device_wall.preamble ts=0 dur=16699 clk=dev
[mono_ns=83709571889071][T0x7eb6f8e97740][TIMING] emit_host_span: [STRACE] v=1 pid=3967479 tid=3967479 inv=14 hid=87d82477c49eb8f1 depth=3 name=chip.run.runner_run.device_wall.graph_build ts=5491 dur=974590 clk=dev
[mono_ns=83709571890553][T0x7eb6f8e97740][TIMING] emit_host_span: [STRACE] v=1 pid=3967479 tid=3967479 inv=14 hid=87d82477c49eb8f1 depth=3 name=chip.run.runner_run.device_wall.config_validate ts=6141 dur=893 clk=dev
[mono_ns=83709571893007][T0x7eb6f8e97740][TIMING] emit_host_span: [STRACE] v=1 pid=3967479 tid=3967479 inv=14 hid=87d82477c49eb8f1 depth=3 name=chip.run.runner_run.device_wall.arena_wire ts=7124 dur=2610 clk=dev
[mono_ns=83709571894690][T0x7eb6f8e97740][TIMING] emit_host_span: [STRACE] v=1 pid=3967479 tid=3967479 inv=14 hid=87d82477c49eb8f1 depth=3 name=chip.run.runner_run.device_wall.sm_reset ts=9756 dur=2656 clk=dev
[mono_ns=83709571895961][T0x7eb6f8e97740][TIMING] emit_host_span: [STRACE] v=1 pid=3967479 tid=3967479 inv=14 hid=87d82477c49eb8f1 depth=3 name=chip.run.runner_run.device_wall.post_orch ts=980127 dur=4685 clk=dev
[mono_ns=83709571900108][T0x7eb6f8e97740][TIMING] emit_host_span: [STRACE] v=1 pid=3967479 tid=3967479 inv=14 hid=87d82477c49eb8f1 depth=3 name=chip.run.runner_run.device_wall.orch ts=12456 dur=695094 clk=dev
[mono_ns=83709571901239][T0x7eb6f8e97740][TIMING] emit_host_span: [STRACE] v=1 pid=3967479 tid=3967479 inv=14 hid=87d82477c49eb8f1 depth=3 name=chip.run.runner_run.device_wall.sched ts=16271 dur=950325 clk=dev
[mono_ns=83709571902551][T0x7eb6f8e97740][TIMING] emit_host_span: [STRACE] v=1 pid=3967479 tid=3967479 inv=14 hid=87d82477c49eb8f1 depth=1 name=chip.run.claim_release ts=83709571902241 dur=70 
[mono_ns=83709571904054][T0x7eb6f8e97740][TIMING] emit_host_span: [STRACE] v=1 pid=3967479 tid=3967479 inv=14 hid=87d82477c49eb8f1 depth=0 name=chip.run ts=83709535967716 dur=35936047 run_id=0 dispatch_id=0 slot_id=0 generation=14 run_epoch=14
[mono_ns=83709602888909][T0x7eb6f8e97740][TIMING] emit_host_span: [STRACE] v=1 pid=3967479 tid=3967479 inv=15 hid=87d82477c49eb8f1 depth=2 name=chip.run.bind.args ts=83709572158816 dur=30729512 
[mono_ns=83709602906295][T0x7eb6f8e97740][TIMING] emit_host_span: [STRACE] v=1 pid=3967479 tid=3967479 inv=15 hid=87d82477c49eb8f1 depth=2 name=chip.run.bind.prebuilt ts=83709602904393 dur=1582 
[mono_ns=83709602908158][T0x7eb6f8e97740][TIMING] emit_host_span: [STRACE] v=1 pid=3967479 tid=3967479 inv=15 hid=87d82477c49eb8f1 depth=1 name=chip.run.bind ts=83709572156923 dur=30750955 
[mono_ns=83709607791748][T0x7eb6f8e97740][WARN] prepare_execution: [device_runner.cpp:342] AICPU CPU_TOPO unavailable; using json_fallback: soc=Ascend950PR_9579 occupy=0x3e stable_reachable=5 requested=0 effective=5 affinity=[1, 2, 3, 4, 5(orch)]
[mono_ns=83709608937398][T0x7eb6f8e97740][TIMING] emit_host_span: [STRACE] v=1 pid=3967479 tid=3967479 inv=15 hid=87d82477c49eb8f1 depth=1 name=chip.run.runner_run ts=83709607828824 dur=1108153 
[mono_ns=83709609294594][T0x7eb6f8e97740][TIMING] emit_host_span: [STRACE] v=1 pid=3967479 tid=3967479 inv=15 hid=87d82477c49eb8f1 depth=1 name=chip.run.validate ts=83709608944628 dur=349615 
[mono_ns=83709609300242][T0x7eb6f8e97740][TIMING] emit_host_span: [STRACE] v=1 pid=3967479 tid=3967479 inv=15 hid=87d82477c49eb8f1 depth=2 name=chip.run.runner_run.device_wall ts=0 dur=997475 clk=dev
[mono_ns=83709609301835][T0x7eb6f8e97740][TIMING] emit_host_span: [STRACE] v=1 pid=3967479 tid=3967479 inv=15 hid=87d82477c49eb8f1 depth=3 name=chip.run.runner_run.device_wall.preamble ts=0 dur=16219 clk=dev
[mono_ns=83709609303227][T0x7eb6f8e97740][TIMING] emit_host_span: [STRACE] v=1 pid=3967479 tid=3967479 inv=15 hid=87d82477c49eb8f1 depth=3 name=chip.run.runner_run.device_wall.graph_build ts=5372 dur=987414 clk=dev
[mono_ns=83709609304388][T0x7eb6f8e97740][TIMING] emit_host_span: [STRACE] v=1 pid=3967479 tid=3967479 inv=15 hid=87d82477c49eb8f1 depth=3 name=chip.run.runner_run.device_wall.config_validate ts=6046 dur=880 clk=dev
[mono_ns=83709609305851][T0x7eb6f8e97740][TIMING] emit_host_span: [STRACE] v=1 pid=3967479 tid=3967479 inv=15 hid=87d82477c49eb8f1 depth=3 name=chip.run.runner_run.device_wall.arena_wire ts=7152 dur=2330 clk=dev
[mono_ns=83709609307613][T0x7eb6f8e97740][TIMING] emit_host_span: [STRACE] v=1 pid=3967479 tid=3967479 inv=15 hid=87d82477c49eb8f1 depth=3 name=chip.run.runner_run.device_wall.sm_reset ts=9504 dur=2157 clk=dev
[mono_ns=83709609308855][T0x7eb6f8e97740][TIMING] emit_host_span: [STRACE] v=1 pid=3967479 tid=3967479 inv=15 hid=87d82477c49eb8f1 depth=3 name=chip.run.runner_run.device_wall.post_orch ts=992810 dur=3895 clk=dev
[mono_ns=83709609309987][T0x7eb6f8e97740][TIMING] emit_host_span: [STRACE] v=1 pid=3967479 tid=3967479 inv=15 hid=87d82477c49eb8f1 depth=3 name=chip.run.runner_run.device_wall.orch ts=11698 dur=702454 clk=dev
[mono_ns=83709609311119][T0x7eb6f8e97740][TIMING] emit_host_span: [STRACE] v=1 pid=3967479 tid=3967479 inv=15 hid=87d82477c49eb8f1 depth=3 name=chip.run.runner_run.device_wall.sched ts=15849 dur=963454 clk=dev
[mono_ns=83709609312411][T0x7eb6f8e97740][TIMING] emit_host_span: [STRACE] v=1 pid=3967479 tid=3967479 inv=15 hid=87d82477c49eb8f1 depth=1 name=chip.run.claim_release ts=83709609312070 dur=80 
[mono_ns=83709609319050][T0x7eb6f8e97740][TIMING] emit_host_span: [STRACE] v=1 pid=3967479 tid=3967479 inv=15 hid=87d82477c49eb8f1 depth=0 name=chip.run ts=83709572154199 dur=37164431 run_id=0 dispatch_id=0 slot_id=0 generation=15 run_epoch=15
[mono_ns=83709638328672][T0x7eb6f8e97740][TIMING] emit_host_span: [STRACE] v=1 pid=3967479 tid=3967479 inv=16 hid=87d82477c49eb8f1 depth=2 name=chip.run.bind.args ts=83709609537138 dur=28790973 
[mono_ns=83709638339898][T0x7eb6f8e97740][TIMING] emit_host_span: [STRACE] v=1 pid=3967479 tid=3967479 inv=16 hid=87d82477c49eb8f1 depth=2 name=chip.run.bind.prebuilt ts=83709638337875 dur=1683 
[mono_ns=83709638341731][T0x7eb6f8e97740][TIMING] emit_host_span: [STRACE] v=1 pid=3967479 tid=3967479 inv=16 hid=87d82477c49eb8f1 depth=1 name=chip.run.bind ts=83709609535355 dur=28806106 
[mono_ns=83709643301886][T0x7eb6f8e97740][WARN] prepare_execution: [device_runner.cpp:342] AICPU CPU_TOPO unavailable; using json_fallback: soc=Ascend950PR_9579 occupy=0x3e stable_reachable=5 requested=0 effective=5 affinity=[1, 2, 3, 4, 5(orch)]
[mono_ns=83709644380044][T0x7eb6f8e97740][TIMING] emit_host_span: [STRACE] v=1 pid=3967479 tid=3967479 inv=16 hid=87d82477c49eb8f1 depth=1 name=chip.run.runner_run ts=83709643340544 dur=1039160 
[mono_ns=83709644674116][T0x7eb6f8e97740][TIMING] emit_host_span: [STRACE] v=1 pid=3967479 tid=3967479 inv=16 hid=87d82477c49eb8f1 depth=1 name=chip.run.validate ts=83709644387245 dur=286510 
[mono_ns=83709644679133][T0x7eb6f8e97740][TIMING] emit_host_span: [STRACE] v=1 pid=3967479 tid=3967479 inv=16 hid=87d82477c49eb8f1 depth=2 name=chip.run.runner_run.device_wall ts=0 dur=930025 clk=dev
[mono_ns=83709644680705][T0x7eb6f8e97740][TIMING] emit_host_span: [STRACE] v=1 pid=3967479 tid=3967479 inv=16 hid=87d82477c49eb8f1 depth=3 name=chip.run.runner_run.device_wall.preamble ts=0 dur=16209 clk=dev
[mono_ns=83709644681867][T0x7eb6f8e97740][TIMING] emit_host_span: [STRACE] v=1 pid=3967479 tid=3967479 inv=16 hid=87d82477c49eb8f1 depth=3 name=chip.run.runner_run.device_wall.graph_build ts=5582 dur=919362 clk=dev
[mono_ns=83709644683239][T0x7eb6f8e97740][TIMING] emit_host_span: [STRACE] v=1 pid=3967479 tid=3967479 inv=16 hid=87d82477c49eb8f1 depth=3 name=chip.run.runner_run.device_wall.config_validate ts=6366 dur=1189 clk=dev
[mono_ns=83709644685162][T0x7eb6f8e97740][TIMING] emit_host_span: [STRACE] v=1 pid=3967479 tid=3967479 inv=16 hid=87d82477c49eb8f1 depth=3 name=chip.run.runner_run.device_wall.arena_wire ts=7583 dur=1186 clk=dev
[mono_ns=83709644687135][T0x7eb6f8e97740][TIMING] emit_host_span: [STRACE] v=1 pid=3967479 tid=3967479 inv=16 hid=87d82477c49eb8f1 depth=3 name=chip.run.runner_run.device_wall.sm_reset ts=8786 dur=2744 clk=dev
[mono_ns=83709644688397][T0x7eb6f8e97740][TIMING] emit_host_span: [STRACE] v=1 pid=3967479 tid=3967479 inv=16 hid=87d82477c49eb8f1 depth=3 name=chip.run.runner_run.device_wall.post_orch ts=924973 dur=4594 clk=dev
[mono_ns=83709644689539][T0x7eb6f8e97740][TIMING] emit_host_span: [STRACE] v=1 pid=3967479 tid=3967479 inv=16 hid=87d82477c49eb8f1 depth=3 name=chip.run.runner_run.device_wall.orch ts=11750 dur=697283 clk=dev
[mono_ns=83709644690660][T0x7eb6f8e97740][TIMING] emit_host_span: [STRACE] v=1 pid=3967479 tid=3967479 inv=16 hid=87d82477c49eb8f1 depth=3 name=chip.run.runner_run.device_wall.sched ts=16024 dur=896974 clk=dev
[mono_ns=83709644692022][T0x7eb6f8e97740][TIMING] emit_host_span: [STRACE] v=1 pid=3967479 tid=3967479 inv=16 hid=87d82477c49eb8f1 depth=1 name=chip.run.claim_release ts=83709644691702 dur=60 
[mono_ns=83709644693324][T0x7eb6f8e97740][TIMING] emit_host_span: [STRACE] v=1 pid=3967479 tid=3967479 inv=16 hid=87d82477c49eb8f1 depth=0 name=chip.run ts=83709609532952 dur=35160062 run_id=0 dispatch_id=0 slot_id=0 generation=16 run_epoch=16
[mono_ns=83709675977449][T0x7eb6f8e97740][TIMING] emit_host_span: [STRACE] v=1 pid=3967479 tid=3967479 inv=17 hid=87d82477c49eb8f1 depth=2 name=chip.run.bind.args ts=83709644897451 dur=31079407 
[mono_ns=83709675988236][T0x7eb6f8e97740][TIMING] emit_host_span: [STRACE] v=1 pid=3967479 tid=3967479 inv=17 hid=87d82477c49eb8f1 depth=2 name=chip.run.bind.prebuilt ts=83709675986934 dur=1031 
[mono_ns=83709675993063][T0x7eb6f8e97740][TIMING] emit_host_span: [STRACE] v=1 pid=3967479 tid=3967479 inv=17 hid=87d82477c49eb8f1 depth=1 name=chip.run.bind ts=83709644895868 dur=31096884 
[mono_ns=83709680869582][T0x7eb6f8e97740][WARN] prepare_execution: [device_runner.cpp:342] AICPU CPU_TOPO unavailable; using json_fallback: soc=Ascend950PR_9579 occupy=0x3e stable_reachable=5 requested=0 effective=5 affinity=[1, 2, 3, 4, 5(orch)]
[mono_ns=83709682045657][T0x7eb6f8e97740][TIMING] emit_host_span: [STRACE] v=1 pid=3967479 tid=3967479 inv=17 hid=87d82477c49eb8f1 depth=1 name=chip.run.runner_run ts=83709680916523 dur=1128674 
[mono_ns=83709682351787][T0x7eb6f8e97740][TIMING] emit_host_span: [STRACE] v=1 pid=3967479 tid=3967479 inv=17 hid=87d82477c49eb8f1 depth=1 name=chip.run.validate ts=83709682052848 dur=298598 
[mono_ns=83709682356704][T0x7eb6f8e97740][TIMING] emit_host_span: [STRACE] v=1 pid=3967479 tid=3967479 inv=17 hid=87d82477c49eb8f1 depth=2 name=chip.run.runner_run.device_wall ts=0 dur=1015777 clk=dev
[mono_ns=83709682358347][T0x7eb6f8e97740][TIMING] emit_host_span: [STRACE] v=1 pid=3967479 tid=3967479 inv=17 hid=87d82477c49eb8f1 depth=3 name=chip.run.runner_run.device_wall.preamble ts=0 dur=14663 clk=dev
[mono_ns=83709682359538][T0x7eb6f8e97740][TIMING] emit_host_span: [STRACE] v=1 pid=3967479 tid=3967479 inv=17 hid=87d82477c49eb8f1 depth=3 name=chip.run.runner_run.device_wall.graph_build ts=5080 dur=1007079 clk=dev
[mono_ns=83709682361001][T0x7eb6f8e97740][TIMING] emit_host_span: [STRACE] v=1 pid=3967479 tid=3967479 inv=17 hid=87d82477c49eb8f1 depth=3 name=chip.run.runner_run.device_wall.config_validate ts=5563 dur=1101 clk=dev
[mono_ns=83709682363544][T0x7eb6f8e97740][TIMING] emit_host_span: [STRACE] v=1 pid=3967479 tid=3967479 inv=17 hid=87d82477c49eb8f1 depth=3 name=chip.run.runner_run.device_wall.arena_wire ts=6691 dur=2440 clk=dev
[mono_ns=83709682365167][T0x7eb6f8e97740][TIMING] emit_host_span: [STRACE] v=1 pid=3967479 tid=3967479 inv=17 hid=87d82477c49eb8f1 depth=3 name=chip.run.runner_run.device_wall.sm_reset ts=9148 dur=2863 clk=dev
[mono_ns=83709682366409][T0x7eb6f8e97740][TIMING] emit_host_span: [STRACE] v=1 pid=3967479 tid=3967479 inv=17 hid=87d82477c49eb8f1 depth=3 name=chip.run.runner_run.device_wall.post_orch ts=1012204 dur=3430 clk=dev
[mono_ns=83709682367540][T0x7eb6f8e97740][TIMING] emit_host_span: [STRACE] v=1 pid=3967479 tid=3967479 inv=17 hid=87d82477c49eb8f1 depth=3 name=chip.run.runner_run.device_wall.orch ts=12136 dur=678554 clk=dev
[mono_ns=83709682368672][T0x7eb6f8e97740][TIMING] emit_host_span: [STRACE] v=1 pid=3967479 tid=3967479 inv=17 hid=87d82477c49eb8f1 depth=3 name=chip.run.runner_run.device_wall.sched ts=14267 dur=984768 clk=dev
[mono_ns=83709682370024][T0x7eb6f8e97740][TIMING] emit_host_span: [STRACE] v=1 pid=3967479 tid=3967479 inv=17 hid=87d82477c49eb8f1 depth=1 name=chip.run.claim_release ts=83709682369704 dur=50 
[mono_ns=83709682371386][T0x7eb6f8e97740][TIMING] emit_host_span: [STRACE] v=1 pid=3967479 tid=3967479 inv=17 hid=87d82477c49eb8f1 depth=0 name=chip.run ts=83709644893996 dur=37477080 run_id=0 dispatch_id=0 slot_id=0 generation=17 run_epoch=17
[mono_ns=83709710158432][T0x7eb6f8e97740][TIMING] emit_host_span: [STRACE] v=1 pid=3967479 tid=3967479 inv=18 hid=87d82477c49eb8f1 depth=2 name=chip.run.bind.args ts=83709682570154 dur=27587227 
[mono_ns=83709710170861][T0x7eb6f8e97740][TIMING] emit_host_span: [STRACE] v=1 pid=3967479 tid=3967479 inv=18 hid=87d82477c49eb8f1 depth=2 name=chip.run.bind.prebuilt ts=83709710169018 dur=1573 
[mono_ns=83709710172604][T0x7eb6f8e97740][TIMING] emit_host_span: [STRACE] v=1 pid=3967479 tid=3967479 inv=18 hid=87d82477c49eb8f1 depth=1 name=chip.run.bind ts=83709682568632 dur=27603711 
[mono_ns=83709715073559][T0x7eb6f8e97740][WARN] prepare_execution: [device_runner.cpp:342] AICPU CPU_TOPO unavailable; using json_fallback: soc=Ascend950PR_9579 occupy=0x3e stable_reachable=5 requested=0 effective=5 affinity=[1, 2, 3, 4, 5(orch)]
[mono_ns=83709716205188][T0x7eb6f8e97740][TIMING] emit_host_span: [STRACE] v=1 pid=3967479 tid=3967479 inv=18 hid=87d82477c49eb8f1 depth=1 name=chip.run.runner_run ts=83709715129143 dur=1075684 
[mono_ns=83709716513140][T0x7eb6f8e97740][TIMING] emit_host_span: [STRACE] v=1 pid=3967479 tid=3967479 inv=18 hid=87d82477c49eb8f1 depth=1 name=chip.run.validate ts=83709716212599 dur=300201 
[mono_ns=83709716518238][T0x7eb6f8e97740][TIMING] emit_host_span: [STRACE] v=1 pid=3967479 tid=3967479 inv=18 hid=87d82477c49eb8f1 depth=2 name=chip.run.runner_run.device_wall ts=0 dur=959372 clk=dev
[mono_ns=83709716519660][T0x7eb6f8e97740][TIMING] emit_host_span: [STRACE] v=1 pid=3967479 tid=3967479 inv=18 hid=87d82477c49eb8f1 depth=3 name=chip.run.runner_run.device_wall.preamble ts=0 dur=14975 clk=dev
[mono_ns=83709716520862][T0x7eb6f8e97740][TIMING] emit_host_span: [STRACE] v=1 pid=3967479 tid=3967479 inv=18 hid=87d82477c49eb8f1 depth=3 name=chip.run.runner_run.device_wall.graph_build ts=4549 dur=949762 clk=dev
[mono_ns=83709716522034][T0x7eb6f8e97740][TIMING] emit_host_span: [STRACE] v=1 pid=3967479 tid=3967479 inv=18 hid=87d82477c49eb8f1 depth=3 name=chip.run.runner_run.device_wall.config_validate ts=5175 dur=1001 clk=dev
[mono_ns=83709716523476][T0x7eb6f8e97740][TIMING] emit_host_span: [STRACE] v=1 pid=3967479 tid=3967479 inv=18 hid=87d82477c49eb8f1 depth=3 name=chip.run.runner_run.device_wall.arena_wire ts=6212 dur=1249 clk=dev
[mono_ns=83709716525879][T0x7eb6f8e97740][TIMING] emit_host_span: [STRACE] v=1 pid=3967479 tid=3967479 inv=18 hid=87d82477c49eb8f1 depth=3 name=chip.run.runner_run.device_wall.sm_reset ts=7710 dur=2600 clk=dev
[mono_ns=83709716527572][T0x7eb6f8e97740][TIMING] emit_host_span: [STRACE] v=1 pid=3967479 tid=3967479 inv=18 hid=87d82477c49eb8f1 depth=3 name=chip.run.runner_run.device_wall.post_orch ts=954375 dur=4359 clk=dev
[mono_ns=83709716528904][T0x7eb6f8e97740][TIMING] emit_host_span: [STRACE] v=1 pid=3967479 tid=3967479 inv=18 hid=87d82477c49eb8f1 depth=3 name=chip.run.runner_run.device_wall.orch ts=10439 dur=691011 clk=dev
[mono_ns=83709716530015][T0x7eb6f8e97740][TIMING] emit_host_span: [STRACE] v=1 pid=3967479 tid=3967479 inv=18 hid=87d82477c49eb8f1 depth=3 name=chip.run.runner_run.device_wall.sched ts=14812 dur=926000 clk=dev
[mono_ns=83709716531337][T0x7eb6f8e97740][TIMING] emit_host_span: [STRACE] v=1 pid=3967479 tid=3967479 inv=18 hid=87d82477c49eb8f1 depth=1 name=chip.run.claim_release ts=83709716531037 dur=50 
[mono_ns=83709716532679][T0x7eb6f8e97740][TIMING] emit_host_span: [STRACE] v=1 pid=3967479 tid=3967479 inv=18 hid=87d82477c49eb8f1 depth=0 name=chip.run ts=83709682566910 dur=33965469 run_id=0 dispatch_id=0 slot_id=0 generation=18 run_epoch=18
[mono_ns=83709744641989][T0x7eb6f8e97740][TIMING] emit_host_span: [STRACE] v=1 pid=3967479 tid=3967479 inv=19 hid=87d82477c49eb8f1 depth=2 name=chip.run.bind.args ts=83709716739230 dur=27902008 
[mono_ns=83709744654799][T0x7eb6f8e97740][TIMING] emit_host_span: [STRACE] v=1 pid=3967479 tid=3967479 inv=19 hid=87d82477c49eb8f1 depth=2 name=chip.run.bind.prebuilt ts=83709744652976 dur=1572 
[mono_ns=83709744656521][T0x7eb6f8e97740][TIMING] emit_host_span: [STRACE] v=1 pid=3967479 tid=3967479 inv=19 hid=87d82477c49eb8f1 depth=1 name=chip.run.bind ts=83709716737817 dur=27918464 
[mono_ns=83709749552219][T0x7eb6f8e97740][WARN] prepare_execution: [device_runner.cpp:342] AICPU CPU_TOPO unavailable; using json_fallback: soc=Ascend950PR_9579 occupy=0x3e stable_reachable=5 requested=0 effective=5 affinity=[1, 2, 3, 4, 5(orch)]
[mono_ns=83709750836417][T0x7eb6f8e97740][TIMING] emit_host_span: [STRACE] v=1 pid=3967479 tid=3967479 inv=19 hid=87d82477c49eb8f1 depth=1 name=chip.run.runner_run ts=83709749604568 dur=1231478 
[mono_ns=83709751110258][T0x7eb6f8e97740][TIMING] emit_host_span: [STRACE] v=1 pid=3967479 tid=3967479 inv=19 hid=87d82477c49eb8f1 depth=1 name=chip.run.validate ts=83709750843027 dur=266850 
[mono_ns=83709751115876][T0x7eb6f8e97740][TIMING] emit_host_span: [STRACE] v=1 pid=3967479 tid=3967479 inv=19 hid=87d82477c49eb8f1 depth=2 name=chip.run.runner_run.device_wall ts=0 dur=1106801 clk=dev
[mono_ns=83709751126192][T0x7eb6f8e97740][TIMING] emit_host_span: [STRACE] v=1 pid=3967479 tid=3967479 inv=19 hid=87d82477c49eb8f1 depth=3 name=chip.run.runner_run.device_wall.preamble ts=0 dur=12537 clk=dev
[mono_ns=83709751127393][T0x7eb6f8e97740][TIMING] emit_host_span: [STRACE] v=1 pid=3967479 tid=3967479 inv=19 hid=87d82477c49eb8f1 depth=3 name=chip.run.runner_run.device_wall.graph_build ts=2554 dur=1099377 clk=dev
[mono_ns=83709751128535][T0x7eb6f8e97740][TIMING] emit_host_span: [STRACE] v=1 pid=3967479 tid=3967479 inv=19 hid=87d82477c49eb8f1 depth=3 name=chip.run.runner_run.device_wall.config_validate ts=2635 dur=895 clk=dev
[mono_ns=83709751129677][T0x7eb6f8e97740][TIMING] emit_host_span: [STRACE] v=1 pid=3967479 tid=3967479 inv=19 hid=87d82477c49eb8f1 depth=3 name=chip.run.runner_run.device_wall.arena_wire ts=3565 dur=1960 clk=dev
[mono_ns=83709751130788][T0x7eb6f8e97740][TIMING] emit_host_span: [STRACE] v=1 pid=3967479 tid=3967479 inv=19 hid=87d82477c49eb8f1 depth=3 name=chip.run.runner_run.device_wall.sm_reset ts=5560 dur=2638 clk=dev
[mono_ns=83709751131890][T0x7eb6f8e97740][TIMING] emit_host_span: [STRACE] v=1 pid=3967479 tid=3967479 inv=19 hid=87d82477c49eb8f1 depth=3 name=chip.run.runner_run.device_wall.post_orch ts=1101975 dur=4595 clk=dev
[mono_ns=83709751133743][T0x7eb6f8e97740][TIMING] emit_host_span: [STRACE] v=1 pid=3967479 tid=3967479 inv=19 hid=87d82477c49eb8f1 depth=3 name=chip.run.runner_run.device_wall.orch ts=8856 dur=672643 clk=dev
[mono_ns=83709751135576][T0x7eb6f8e97740][TIMING] emit_host_span: [STRACE] v=1 pid=3967479 tid=3967479 inv=19 hid=87d82477c49eb8f1 depth=3 name=chip.run.runner_run.device_wall.sched ts=12340 dur=1077543 clk=dev
[mono_ns=83709751137018][T0x7eb6f8e97740][TIMING] emit_host_span: [STRACE] v=1 pid=3967479 tid=3967479 inv=19 hid=87d82477c49eb8f1 depth=1 name=chip.run.claim_release ts=83709751136707 dur=60 
[mono_ns=83709751138320][T0x7eb6f8e97740][TIMING] emit_host_span: [STRACE] v=1 pid=3967479 tid=3967479 inv=19 hid=87d82477c49eb8f1 depth=0 name=chip.run ts=83709716735494 dur=34402545 run_id=0 dispatch_id=0 slot_id=0 generation=19 run_epoch=19
[mono_ns=83709778417403][T0x7eb6f8e97740][TIMING] emit_host_span: [STRACE] v=1 pid=3967479 tid=3967479 inv=20 hid=87d82477c49eb8f1 depth=2 name=chip.run.bind.args ts=83709751364089 dur=27052123 
[mono_ns=83709778435100][T0x7eb6f8e97740][TIMING] emit_host_span: [STRACE] v=1 pid=3967479 tid=3967479 inv=20 hid=87d82477c49eb8f1 depth=2 name=chip.run.bind.prebuilt ts=83709778433418 dur=1352 
[mono_ns=83709778437023][T0x7eb6f8e97740][TIMING] emit_host_span: [STRACE] v=1 pid=3967479 tid=3967479 inv=20 hid=87d82477c49eb8f1 depth=1 name=chip.run.bind ts=83709751362156 dur=27074556 
[mono_ns=83709783324178][T0x7eb6f8e97740][WARN] prepare_execution: [device_runner.cpp:342] AICPU CPU_TOPO unavailable; using json_fallback: soc=Ascend950PR_9579 occupy=0x3e stable_reachable=5 requested=0 effective=5 affinity=[1, 2, 3, 4, 5(orch)]
[mono_ns=83709784498050][T0x7eb6f8e97740][TIMING] emit_host_span: [STRACE] v=1 pid=3967479 tid=3967479 inv=20 hid=87d82477c49eb8f1 depth=1 name=chip.run.runner_run ts=83709783378820 dur=1118839 
[mono_ns=83709784849978][T0x7eb6f8e97740][TIMING] emit_host_span: [STRACE] v=1 pid=3967479 tid=3967479 inv=20 hid=87d82477c49eb8f1 depth=1 name=chip.run.validate ts=83709784505161 dur=344367 
[mono_ns=83709784855186][T0x7eb6f8e97740][TIMING] emit_host_span: [STRACE] v=1 pid=3967479 tid=3967479 inv=20 hid=87d82477c49eb8f1 depth=2 name=chip.run.runner_run.device_wall ts=0 dur=984148 clk=dev
[mono_ns=83709784856849][T0x7eb6f8e97740][TIMING] emit_host_span: [STRACE] v=1 pid=3967479 tid=3967479 inv=20 hid=87d82477c49eb8f1 depth=3 name=chip.run.runner_run.device_wall.preamble ts=0 dur=15154 clk=dev
[mono_ns=83709784858020][T0x7eb6f8e97740][TIMING] emit_host_span: [STRACE] v=1 pid=3967479 tid=3967479 inv=20 hid=87d82477c49eb8f1 depth=3 name=chip.run.runner_run.device_wall.graph_build ts=5371 dur=974062 clk=dev
[mono_ns=83709784859162][T0x7eb6f8e97740][TIMING] emit_host_span: [STRACE] v=1 pid=3967479 tid=3967479 inv=20 hid=87d82477c49eb8f1 depth=3 name=chip.run.runner_run.device_wall.config_validate ts=6054 dur=863 clk=dev
[mono_ns=83709784880704][T0x7eb6f8e97740][TIMING] emit_host_span: [STRACE] v=1 pid=3967479 tid=3967479 inv=20 hid=87d82477c49eb8f1 depth=3 name=chip.run.runner_run.device_wall.arena_wire ts=7082 dur=2271 clk=dev
[mono_ns=83709784882197][T0x7eb6f8e97740][TIMING] emit_host_span: [STRACE] v=1 pid=3967479 tid=3967479 inv=20 hid=87d82477c49eb8f1 depth=3 name=chip.run.runner_run.device_wall.sm_reset ts=9370 dur=2831 clk=dev
[mono_ns=83709784883328][T0x7eb6f8e97740][TIMING] emit_host_span: [STRACE] v=1 pid=3967479 tid=3967479 inv=20 hid=87d82477c49eb8f1 depth=3 name=chip.run.runner_run.device_wall.post_orch ts=979449 dur=4203 clk=dev
[mono_ns=83709784884750][T0x7eb6f8e97740][TIMING] emit_host_span: [STRACE] v=1 pid=3967479 tid=3967479 inv=20 hid=87d82477c49eb8f1 depth=3 name=chip.run.runner_run.device_wall.orch ts=12241 dur=682549 clk=dev
[mono_ns=83709784887344][T0x7eb6f8e97740][TIMING] emit_host_span: [STRACE] v=1 pid=3967479 tid=3967479 inv=20 hid=87d82477c49eb8f1 depth=3 name=chip.run.runner_run.device_wall.sched ts=14847 dur=952047 clk=dev
[mono_ns=83709784889447][T0x7eb6f8e97740][TIMING] emit_host_span: [STRACE] v=1 pid=3967479 tid=3967479 inv=20 hid=87d82477c49eb8f1 depth=1 name=chip.run.claim_release ts=83709784889107 dur=80 
[mono_ns=83709784891390][T0x7eb6f8e97740][TIMING] emit_host_span: [STRACE] v=1 pid=3967479 tid=3967479 inv=20 hid=87d82477c49eb8f1 depth=0 name=chip.run ts=83709751359392 dur=33531698 run_id=0 dispatch_id=0 slot_id=0 generation=20 run_epoch=20
[mono_ns=83709812753850][T0x7eb6f8e97740][TIMING] emit_host_span: [STRACE] v=1 pid=3967479 tid=3967479 inv=21 hid=87d82477c49eb8f1 depth=2 name=chip.run.bind.args ts=83709785158031 dur=27595298 
[mono_ns=83709812766579][T0x7eb6f8e97740][TIMING] emit_host_span: [STRACE] v=1 pid=3967479 tid=3967479 inv=21 hid=87d82477c49eb8f1 depth=2 name=chip.run.bind.prebuilt ts=83709812764916 dur=1372 
[mono_ns=83709812768392][T0x7eb6f8e97740][TIMING] emit_host_span: [STRACE] v=1 pid=3967479 tid=3967479 inv=21 hid=87d82477c49eb8f1 depth=1 name=chip.run.bind ts=83709785156118 dur=27612023 
[mono_ns=83709817641616][T0x7eb6f8e97740][WARN] prepare_execution: [device_runner.cpp:342] AICPU CPU_TOPO unavailable; using json_fallback: soc=Ascend950PR_9579 occupy=0x3e stable_reachable=5 requested=0 effective=5 affinity=[1, 2, 3, 4, 5(orch)]
[mono_ns=83709818899233][T0x7eb6f8e97740][TIMING] emit_host_span: [STRACE] v=1 pid=3967479 tid=3967479 inv=21 hid=87d82477c49eb8f1 depth=1 name=chip.run.runner_run ts=83709817678561 dur=1220282 
[mono_ns=83709819238793][T0x7eb6f8e97740][TIMING] emit_host_span: [STRACE] v=1 pid=3967479 tid=3967479 inv=21 hid=87d82477c49eb8f1 depth=1 name=chip.run.validate ts=83709818907065 dur=331348 
[mono_ns=83709819244682][T0x7eb6f8e97740][TIMING] emit_host_span: [STRACE] v=1 pid=3967479 tid=3967479 inv=21 hid=87d82477c49eb8f1 depth=2 name=chip.run.runner_run.device_wall ts=0 dur=1088674 clk=dev
[mono_ns=83709819246405][T0x7eb6f8e97740][TIMING] emit_host_span: [STRACE] v=1 pid=3967479 tid=3967479 inv=21 hid=87d82477c49eb8f1 depth=3 name=chip.run.runner_run.device_wall.preamble ts=0 dur=13976 clk=dev
[mono_ns=83709819247576][T0x7eb6f8e97740][TIMING] emit_host_span: [STRACE] v=1 pid=3967479 tid=3967479 inv=21 hid=87d82477c49eb8f1 depth=3 name=chip.run.runner_run.device_wall.graph_build ts=3764 dur=1081006 clk=dev
[mono_ns=83709819248718][T0x7eb6f8e97740][TIMING] emit_host_span: [STRACE] v=1 pid=3967479 tid=3967479 inv=21 hid=87d82477c49eb8f1 depth=3 name=chip.run.runner_run.device_wall.config_validate ts=4203 dur=865 clk=dev
[mono_ns=83709819250150][T0x7eb6f8e97740][TIMING] emit_host_span: [STRACE] v=1 pid=3967479 tid=3967479 inv=21 hid=87d82477c49eb8f1 depth=3 name=chip.run.runner_run.device_wall.arena_wire ts=5258 dur=1475 clk=dev
[mono_ns=83709819252373][T0x7eb6f8e97740][TIMING] emit_host_span: [STRACE] v=1 pid=3967479 tid=3967479 inv=21 hid=87d82477c49eb8f1 depth=3 name=chip.run.runner_run.device_wall.sm_reset ts=6831 dur=2331 clk=dev
[mono_ns=83709819256400][T0x7eb6f8e97740][TIMING] emit_host_span: [STRACE] v=1 pid=3967479 tid=3967479 inv=21 hid=87d82477c49eb8f1 depth=3 name=chip.run.runner_run.device_wall.post_orch ts=1084790 dur=3817 clk=dev
[mono_ns=83709819257571][T0x7eb6f8e97740][TIMING] emit_host_span: [STRACE] v=1 pid=3967479 tid=3967479 inv=21 hid=87d82477c49eb8f1 depth=3 name=chip.run.runner_run.device_wall.orch ts=9198 dur=667012 clk=dev
[mono_ns=83709819258693][T0x7eb6f8e97740][TIMING] emit_host_span: [STRACE] v=1 pid=3967479 tid=3967479 inv=21 hid=87d82477c49eb8f1 depth=3 name=chip.run.runner_run.device_wall.sched ts=13850 dur=1055330 clk=dev
[mono_ns=83709819260035][T0x7eb6f8e97740][TIMING] emit_host_span: [STRACE] v=1 pid=3967479 tid=3967479 inv=21 hid=87d82477c49eb8f1 depth=1 name=chip.run.claim_release ts=83709819259704 dur=71 
[mono_ns=83709819261337][T0x7eb6f8e97740][TIMING] emit_host_span: [STRACE] v=1 pid=3967479 tid=3967479 inv=21 hid=87d82477c49eb8f1 depth=0 name=chip.run ts=83709785153884 dur=34107162 run_id=0 dispatch_id=0 slot_id=0 generation=21 run_epoch=21
[mono_ns=83709848526562][T0x7eb6f8e97740][TIMING] emit_host_span: [STRACE] v=1 pid=3967479 tid=3967479 inv=22 hid=87d82477c49eb8f1 depth=2 name=chip.run.bind.args ts=83709819490361 dur=29035600 
[mono_ns=83709848539221][T0x7eb6f8e97740][TIMING] emit_host_span: [STRACE] v=1 pid=3967479 tid=3967479 inv=22 hid=87d82477c49eb8f1 depth=2 name=chip.run.bind.prebuilt ts=83709848537648 dur=1252 
[mono_ns=83709848541003][T0x7eb6f8e97740][TIMING] emit_host_span: [STRACE] v=1 pid=3967479 tid=3967479 inv=22 hid=87d82477c49eb8f1 depth=1 name=chip.run.bind ts=83709819488678 dur=29052035 
[mono_ns=83709853857533][T0x7eb6f8e97740][WARN] prepare_execution: [device_runner.cpp:342] AICPU CPU_TOPO unavailable; using json_fallback: soc=Ascend950PR_9579 occupy=0x3e stable_reachable=5 requested=0 effective=5 affinity=[1, 2, 3, 4, 5(orch)]
[mono_ns=83709855065035][T0x7eb6f8e97740][TIMING] emit_host_span: [STRACE] v=1 pid=3967479 tid=3967479 inv=22 hid=87d82477c49eb8f1 depth=1 name=chip.run.runner_run ts=83709853897012 dur=1167292 
[mono_ns=83709855399257][T0x7eb6f8e97740][TIMING] emit_host_span: [STRACE] v=1 pid=3967479 tid=3967479 inv=22 hid=87d82477c49eb8f1 depth=1 name=chip.run.validate ts=83709855073768 dur=325118 
[mono_ns=83709855404014][T0x7eb6f8e97740][TIMING] emit_host_span: [STRACE] v=1 pid=3967479 tid=3967479 inv=22 hid=87d82477c49eb8f1 depth=2 name=chip.run.runner_run.device_wall ts=0 dur=1020527 clk=dev
[mono_ns=83709855405757][T0x7eb6f8e97740][TIMING] emit_host_span: [STRACE] v=1 pid=3967479 tid=3967479 inv=22 hid=87d82477c49eb8f1 depth=3 name=chip.run.runner_run.device_wall.preamble ts=0 dur=13994 clk=dev
[mono_ns=83709855407039][T0x7eb6f8e97740][TIMING] emit_host_span: [STRACE] v=1 pid=3967479 tid=3967479 inv=22 hid=87d82477c49eb8f1 depth=3 name=chip.run.runner_run.device_wall.graph_build ts=4188 dur=1009944 clk=dev
[mono_ns=83709855408451][T0x7eb6f8e97740][TIMING] emit_host_span: [STRACE] v=1 pid=3967479 tid=3967479 inv=22 hid=87d82477c49eb8f1 depth=3 name=chip.run.runner_run.device_wall.config_validate ts=4638 dur=941 clk=dev
[mono_ns=83709855410053][T0x7eb6f8e97740][TIMING] emit_host_span: [STRACE] v=1 pid=3967479 tid=3967479 inv=22 hid=87d82477c49eb8f1 depth=3 name=chip.run.runner_run.device_wall.arena_wire ts=5679 dur=2178 clk=dev
[mono_ns=83709855411365][T0x7eb6f8e97740][TIMING] emit_host_span: [STRACE] v=1 pid=3967479 tid=3967479 inv=22 hid=87d82477c49eb8f1 depth=3 name=chip.run.runner_run.device_wall.sm_reset ts=7875 dur=2602 clk=dev
[mono_ns=83709855412487][T0x7eb6f8e97740][TIMING] emit_host_span: [STRACE] v=1 pid=3967479 tid=3967479 inv=22 hid=87d82477c49eb8f1 depth=3 name=chip.run.runner_run.device_wall.post_orch ts=1014162 dur=5173 clk=dev
[mono_ns=83709855413619][T0x7eb6f8e97740][TIMING] emit_host_span: [STRACE] v=1 pid=3967479 tid=3967479 inv=22 hid=87d82477c49eb8f1 depth=3 name=chip.run.runner_run.device_wall.orch ts=10518 dur=682683 clk=dev
[mono_ns=83709855414760][T0x7eb6f8e97740][TIMING] emit_host_span: [STRACE] v=1 pid=3967479 tid=3967479 inv=22 hid=87d82477c49eb8f1 depth=3 name=chip.run.runner_run.device_wall.sched ts=13545 dur=987040 clk=dev
[mono_ns=83709855418316][T0x7eb6f8e97740][TIMING] emit_host_span: [STRACE] v=1 pid=3967479 tid=3967479 inv=22 hid=87d82477c49eb8f1 depth=1 name=chip.run.claim_release ts=83709855417955 dur=90 
[mono_ns=83709855419678][T0x7eb6f8e97740][TIMING] emit_host_span: [STRACE] v=1 pid=3967479 tid=3967479 inv=22 hid=87d82477c49eb8f1 depth=0 name=chip.run ts=83709819486655 dur=35932742 run_id=0 dispatch_id=0 slot_id=0 generation=22 run_epoch=22
[mono_ns=83709886656482][T0x7eb6f8e97740][TIMING] emit_host_span: [STRACE] v=1 pid=3967479 tid=3967479 inv=23 hid=87d82477c49eb8f1 depth=2 name=chip.run.bind.args ts=83709855659838 dur=30995912 
[mono_ns=83709886667098][T0x7eb6f8e97740][TIMING] emit_host_span: [STRACE] v=1 pid=3967479 tid=3967479 inv=23 hid=87d82477c49eb8f1 depth=2 name=chip.run.bind.prebuilt ts=83709886665615 dur=1182 
[mono_ns=83709886668810][T0x7eb6f8e97740][TIMING] emit_host_span: [STRACE] v=1 pid=3967479 tid=3967479 inv=23 hid=87d82477c49eb8f1 depth=1 name=chip.run.bind ts=83709855657865 dur=31010645 
[mono_ns=83709891584899][T0x7eb6f8e97740][WARN] prepare_execution: [device_runner.cpp:342] AICPU CPU_TOPO unavailable; using json_fallback: soc=Ascend950PR_9579 occupy=0x3e stable_reachable=5 requested=0 effective=5 affinity=[1, 2, 3, 4, 5(orch)]
[mono_ns=83709892710378][T0x7eb6f8e97740][TIMING] emit_host_span: [STRACE] v=1 pid=3967479 tid=3967479 inv=23 hid=87d82477c49eb8f1 depth=1 name=chip.run.runner_run ts=83709891625059 dur=1084918 
[mono_ns=83709893026262][T0x7eb6f8e97740][TIMING] emit_host_span: [STRACE] v=1 pid=3967479 tid=3967479 inv=23 hid=87d82477c49eb8f1 depth=1 name=chip.run.validate ts=83709892717298 dur=308523 
[mono_ns=83709893031540][T0x7eb6f8e97740][TIMING] emit_host_span: [STRACE] v=1 pid=3967479 tid=3967479 inv=23 hid=87d82477c49eb8f1 depth=2 name=chip.run.runner_run.device_wall ts=0 dur=977804 clk=dev
[mono_ns=83709893032912][T0x7eb6f8e97740][TIMING] emit_host_span: [STRACE] v=1 pid=3967479 tid=3967479 inv=23 hid=87d82477c49eb8f1 depth=3 name=chip.run.runner_run.device_wall.preamble ts=0 dur=11908 clk=dev
[mono_ns=83709893034074][T0x7eb6f8e97740][TIMING] emit_host_span: [STRACE] v=1 pid=3967479 tid=3967479 inv=23 hid=87d82477c49eb8f1 depth=3 name=chip.run.runner_run.device_wall.graph_build ts=2678 dur=970165 clk=dev
[mono_ns=83709893035236][T0x7eb6f8e97740][TIMING] emit_host_span: [STRACE] v=1 pid=3967479 tid=3967479 inv=23 hid=87d82477c49eb8f1 depth=3 name=chip.run.runner_run.device_wall.config_validate ts=3352 dur=769 clk=dev
[mono_ns=83709893036688][T0x7eb6f8e97740][TIMING] emit_host_span: [STRACE] v=1 pid=3967479 tid=3967479 inv=23 hid=87d82477c49eb8f1 depth=3 name=chip.run.runner_run.device_wall.arena_wire ts=4284 dur=2381 clk=dev
[mono_ns=83709893038781][T0x7eb6f8e97740][TIMING] emit_host_span: [STRACE] v=1 pid=3967479 tid=3967479 inv=23 hid=87d82477c49eb8f1 depth=3 name=chip.run.runner_run.device_wall.sm_reset ts=6685 dur=2017 clk=dev
[mono_ns=83709893040033][T0x7eb6f8e97740][TIMING] emit_host_span: [STRACE] v=1 pid=3967479 tid=3967479 inv=23 hid=87d82477c49eb8f1 depth=3 name=chip.run.runner_run.device_wall.post_orch ts=972974 dur=4536 clk=dev
[mono_ns=83709893041185][T0x7eb6f8e97740][TIMING] emit_host_span: [STRACE] v=1 pid=3967479 tid=3967479 inv=23 hid=87d82477c49eb8f1 depth=3 name=chip.run.runner_run.device_wall.orch ts=9307 dur=672954 clk=dev
[mono_ns=83709893042296][T0x7eb6f8e97740][TIMING] emit_host_span: [STRACE] v=1 pid=3967479 tid=3967479 inv=23 hid=87d82477c49eb8f1 depth=3 name=chip.run.runner_run.device_wall.sched ts=11511 dur=950489 clk=dev
[mono_ns=83709893043648][T0x7eb6f8e97740][TIMING] emit_host_span: [STRACE] v=1 pid=3967479 tid=3967479 inv=23 hid=87d82477c49eb8f1 depth=1 name=chip.run.claim_release ts=83709893043308 dur=80 
[mono_ns=83709893044960][T0x7eb6f8e97740][TIMING] emit_host_span: [STRACE] v=1 pid=3967479 tid=3967479 inv=23 hid=87d82477c49eb8f1 depth=0 name=chip.run ts=83709855655912 dur=37388758 run_id=0 dispatch_id=0 slot_id=0 generation=23 run_epoch=23
[mono_ns=83709923317767][T0x7eb6f8e97740][TIMING] emit_host_span: [STRACE] v=1 pid=3967479 tid=3967479 inv=24 hid=87d82477c49eb8f1 depth=2 name=chip.run.bind.args ts=83709893259783 dur=30057524 
[mono_ns=83709923328503][T0x7eb6f8e97740][TIMING] emit_host_span: [STRACE] v=1 pid=3967479 tid=3967479 inv=24 hid=87d82477c49eb8f1 depth=2 name=chip.run.bind.prebuilt ts=83709923326951 dur=1272 
[mono_ns=83709923330126][T0x7eb6f8e97740][TIMING] emit_host_span: [STRACE] v=1 pid=3967479 tid=3967479 inv=24 hid=87d82477c49eb8f1 depth=1 name=chip.run.bind ts=83709893258220 dur=30071625 
[mono_ns=83709928227917][T0x7eb6f8e97740][WARN] prepare_execution: [device_runner.cpp:342] AICPU CPU_TOPO unavailable; using json_fallback: soc=Ascend950PR_9579 occupy=0x3e stable_reachable=5 requested=0 effective=5 affinity=[1, 2, 3, 4, 5(orch)]
[mono_ns=83709929344052][T0x7eb6f8e97740][TIMING] emit_host_span: [STRACE] v=1 pid=3967479 tid=3967479 inv=24 hid=87d82477c49eb8f1 depth=1 name=chip.run.runner_run ts=83709928265003 dur=1078649 
[mono_ns=83709929655690][T0x7eb6f8e97740][TIMING] emit_host_span: [STRACE] v=1 pid=3967479 tid=3967479 inv=24 hid=87d82477c49eb8f1 depth=1 name=chip.run.validate ts=83709929351383 dur=303946 
[mono_ns=83709929660036][T0x7eb6f8e97740][TIMING] emit_host_span: [STRACE] v=1 pid=3967479 tid=3967479 inv=24 hid=87d82477c49eb8f1 depth=2 name=chip.run.runner_run.device_wall ts=0 dur=972042 clk=dev
[mono_ns=83709929661629][T0x7eb6f8e97740][TIMING] emit_host_span: [STRACE] v=1 pid=3967479 tid=3967479 inv=24 hid=87d82477c49eb8f1 depth=3 name=chip.run.runner_run.device_wall.preamble ts=0 dur=15258 clk=dev
[mono_ns=83709929662991][T0x7eb6f8e97740][TIMING] emit_host_span: [STRACE] v=1 pid=3967479 tid=3967479 inv=24 hid=87d82477c49eb8f1 depth=3 name=chip.run.runner_run.device_wall.graph_build ts=5149 dur=963242 clk=dev
[mono_ns=83709929664463][T0x7eb6f8e97740][TIMING] emit_host_span: [STRACE] v=1 pid=3967479 tid=3967479 inv=24 hid=87d82477c49eb8f1 depth=3 name=chip.run.runner_run.device_wall.config_validate ts=5285 dur=939 clk=dev
[mono_ns=83709929666126][T0x7eb6f8e97740][TIMING] emit_host_span: [STRACE] v=1 pid=3967479 tid=3967479 inv=24 hid=87d82477c49eb8f1 depth=3 name=chip.run.runner_run.device_wall.arena_wire ts=6256 dur=2165 clk=dev
[mono_ns=83709929667418][T0x7eb6f8e97740][TIMING] emit_host_span: [STRACE] v=1 pid=3967479 tid=3967479 inv=24 hid=87d82477c49eb8f1 depth=3 name=chip.run.runner_run.device_wall.sm_reset ts=8454 dur=2179 clk=dev
[mono_ns=83709929668529][T0x7eb6f8e97740][TIMING] emit_host_span: [STRACE] v=1 pid=3967479 tid=3967479 inv=24 hid=87d82477c49eb8f1 depth=3 name=chip.run.runner_run.device_wall.post_orch ts=968439 dur=3498 clk=dev
[mono_ns=83709929669681][T0x7eb6f8e97740][TIMING] emit_host_span: [STRACE] v=1 pid=3967479 tid=3967479 inv=24 hid=87d82477c49eb8f1 depth=3 name=chip.run.runner_run.device_wall.orch ts=10664 dur=691113 clk=dev
[mono_ns=83709929670803][T0x7eb6f8e97740][TIMING] emit_host_span: [STRACE] v=1 pid=3967479 tid=3967479 inv=24 hid=87d82477c49eb8f1 depth=3 name=chip.run.runner_run.device_wall.sched ts=14608 dur=940824 clk=dev
[mono_ns=83709929672054][T0x7eb6f8e97740][TIMING] emit_host_span: [STRACE] v=1 pid=3967479 tid=3967479 inv=24 hid=87d82477c49eb8f1 depth=1 name=chip.run.claim_release ts=83709929671784 dur=30 
[mono_ns=83709929673386][T0x7eb6f8e97740][TIMING] emit_host_span: [STRACE] v=1 pid=3967479 tid=3967479 inv=24 hid=87d82477c49eb8f1 depth=0 name=chip.run ts=83709893256478 dur=36416628 run_id=0 dispatch_id=0 slot_id=0 generation=24 run_epoch=24
[mono_ns=83709959787085][T0x7eb6f8e97740][TIMING] emit_host_span: [STRACE] v=1 pid=3967479 tid=3967479 inv=25 hid=87d82477c49eb8f1 depth=2 name=chip.run.bind.args ts=83709929892155 dur=29894369 
[mono_ns=83709959797701][T0x7eb6f8e97740][TIMING] emit_host_span: [STRACE] v=1 pid=3967479 tid=3967479 inv=25 hid=87d82477c49eb8f1 depth=2 name=chip.run.bind.prebuilt ts=83709959796088 dur=1342 
[mono_ns=83709959799253][T0x7eb6f8e97740][TIMING] emit_host_span: [STRACE] v=1 pid=3967479 tid=3967479 inv=25 hid=87d82477c49eb8f1 depth=1 name=chip.run.bind ts=83709929890763 dur=29908240 
[mono_ns=83709964704816][T0x7eb6f8e97740][WARN] prepare_execution: [device_runner.cpp:342] AICPU CPU_TOPO unavailable; using json_fallback: soc=Ascend950PR_9579 occupy=0x3e stable_reachable=5 requested=0 effective=5 affinity=[1, 2, 3, 4, 5(orch)]
[mono_ns=83709965819439][T0x7eb6f8e97740][TIMING] emit_host_span: [STRACE] v=1 pid=3967479 tid=3967479 inv=25 hid=87d82477c49eb8f1 depth=1 name=chip.run.runner_run ts=83709964756363 dur=1062665 
[mono_ns=83709966107762][T0x7eb6f8e97740][TIMING] emit_host_span: [STRACE] v=1 pid=3967479 tid=3967479 inv=25 hid=87d82477c49eb8f1 depth=1 name=chip.run.validate ts=83709965826299 dur=280842 
[mono_ns=83709966113029][T0x7eb6f8e97740][TIMING] emit_host_span: [STRACE] v=1 pid=3967479 tid=3967479 inv=25 hid=87d82477c49eb8f1 depth=2 name=chip.run.runner_run.device_wall ts=0 dur=956612 clk=dev
[mono_ns=83709966114572][T0x7eb6f8e97740][TIMING] emit_host_span: [STRACE] v=1 pid=3967479 tid=3967479 inv=25 hid=87d82477c49eb8f1 depth=3 name=chip.run.runner_run.device_wall.preamble ts=0 dur=12913 clk=dev
[mono_ns=83709966115754][T0x7eb6f8e97740][TIMING] emit_host_span: [STRACE] v=1 pid=3967479 tid=3967479 inv=25 hid=87d82477c49eb8f1 depth=3 name=chip.run.runner_run.device_wall.graph_build ts=2401 dur=949725 clk=dev
[mono_ns=83709966116895][T0x7eb6f8e97740][TIMING] emit_host_span: [STRACE] v=1 pid=3967479 tid=3967479 inv=25 hid=87d82477c49eb8f1 depth=3 name=chip.run.runner_run.device_wall.config_validate ts=3041 dur=1111 clk=dev
[mono_ns=83709966118037][T0x7eb6f8e97740][TIMING] emit_host_span: [STRACE] v=1 pid=3967479 tid=3967479 inv=25 hid=87d82477c49eb8f1 depth=3 name=chip.run.runner_run.device_wall.arena_wire ts=4181 dur=1755 clk=dev
[mono_ns=83709966119399][T0x7eb6f8e97740][TIMING] emit_host_span: [STRACE] v=1 pid=3967479 tid=3967479 inv=25 hid=87d82477c49eb8f1 depth=3 name=chip.run.runner_run.device_wall.sm_reset ts=6011 dur=2446 clk=dev
[mono_ns=83709966121572][T0x7eb6f8e97740][TIMING] emit_host_span: [STRACE] v=1 pid=3967479 tid=3967479 inv=25 hid=87d82477c49eb8f1 depth=3 name=chip.run.runner_run.device_wall.post_orch ts=952275 dur=4250 clk=dev
[mono_ns=83709966123265][T0x7eb6f8e97740][TIMING] emit_host_span: [STRACE] v=1 pid=3967479 tid=3967479 inv=25 hid=87d82477c49eb8f1 depth=3 name=chip.run.runner_run.device_wall.orch ts=8495 dur=683526 clk=dev
[mono_ns=83709966124397][T0x7eb6f8e97740][TIMING] emit_host_span: [STRACE] v=1 pid=3967479 tid=3967479 inv=25 hid=87d82477c49eb8f1 depth=3 name=chip.run.runner_run.device_wall.sched ts=12718 dur=926869 clk=dev
[mono_ns=83709966125618][T0x7eb6f8e97740][TIMING] emit_host_span: [STRACE] v=1 pid=3967479 tid=3967479 inv=25 hid=87d82477c49eb8f1 depth=1 name=chip.run.claim_release ts=83709966125348 dur=40 
[mono_ns=83709966126940][T0x7eb6f8e97740][TIMING] emit_host_span: [STRACE] v=1 pid=3967479 tid=3967479 inv=25 hid=87d82477c49eb8f1 depth=0 name=chip.run ts=83709929889311 dur=36237339 run_id=0 dispatch_id=0 slot_id=0 generation=25 run_epoch=25
[mono_ns=83709994149850][T0x7eb6f8e97740][TIMING] emit_host_span: [STRACE] v=1 pid=3967479 tid=3967479 inv=26 hid=87d82477c49eb8f1 depth=2 name=chip.run.bind.args ts=83709966342103 dur=27807076 
[mono_ns=83709994161238][T0x7eb6f8e97740][TIMING] emit_host_span: [STRACE] v=1 pid=3967479 tid=3967479 inv=26 hid=87d82477c49eb8f1 depth=2 name=chip.run.bind.prebuilt ts=83709994159325 dur=1622 
[mono_ns=83709994163010][T0x7eb6f8e97740][TIMING] emit_host_span: [STRACE] v=1 pid=3967479 tid=3967479 inv=26 hid=87d82477c49eb8f1 depth=1 name=chip.run.bind ts=83709966340801 dur=27821839 
[mono_ns=83709999113821][T0x7eb6f8e97740][WARN] prepare_execution: [device_runner.cpp:342] AICPU CPU_TOPO unavailable; using json_fallback: soc=Ascend950PR_9579 occupy=0x3e stable_reachable=5 requested=0 effective=5 affinity=[1, 2, 3, 4, 5(orch)]
[mono_ns=83710000214373][T0x7eb6f8e97740][TIMING] emit_host_span: [STRACE] v=1 pid=3967479 tid=3967479 inv=26 hid=87d82477c49eb8f1 depth=1 name=chip.run.runner_run ts=83709999165388 dur=1048604 
[mono_ns=83710000529235][T0x7eb6f8e97740][TIMING] emit_host_span: [STRACE] v=1 pid=3967479 tid=3967479 inv=26 hid=87d82477c49eb8f1 depth=1 name=chip.run.validate ts=83710000221664 dur=307081 
[mono_ns=83710000536697][T0x7eb6f8e97740][TIMING] emit_host_span: [STRACE] v=1 pid=3967479 tid=3967479 inv=26 hid=87d82477c49eb8f1 depth=2 name=chip.run.runner_run.device_wall ts=0 dur=925813 clk=dev
[mono_ns=83710000538139][T0x7eb6f8e97740][TIMING] emit_host_span: [STRACE] v=1 pid=3967479 tid=3967479 inv=26 hid=87d82477c49eb8f1 depth=3 name=chip.run.runner_run.device_wall.preamble ts=0 dur=11823 clk=dev
[mono_ns=83710000539291][T0x7eb6f8e97740][TIMING] emit_host_span: [STRACE] v=1 pid=3967479 tid=3967479 inv=26 hid=87d82477c49eb8f1 depth=3 name=chip.run.runner_run.device_wall.graph_build ts=2466 dur=919010 clk=dev
[mono_ns=83710000540693][T0x7eb6f8e97740][TIMING] emit_host_span: [STRACE] v=1 pid=3967479 tid=3967479 inv=26 hid=87d82477c49eb8f1 depth=3 name=chip.run.runner_run.device_wall.config_validate ts=2844 dur=876 clk=dev
[mono_ns=83710000543327][T0x7eb6f8e97740][TIMING] emit_host_span: [STRACE] v=1 pid=3967479 tid=3967479 inv=26 hid=87d82477c49eb8f1 depth=3 name=chip.run.runner_run.device_wall.arena_wire ts=3926 dur=2063 clk=dev
[mono_ns=83710000545019][T0x7eb6f8e97740][TIMING] emit_host_span: [STRACE] v=1 pid=3967479 tid=3967479 inv=26 hid=87d82477c49eb8f1 depth=3 name=chip.run.runner_run.device_wall.sm_reset ts=6165 dur=2808 clk=dev
[mono_ns=83710000546281][T0x7eb6f8e97740][TIMING] emit_host_span: [STRACE] v=1 pid=3967479 tid=3967479 inv=26 hid=87d82477c49eb8f1 depth=3 name=chip.run.runner_run.device_wall.post_orch ts=921521 dur=3839 clk=dev
[mono_ns=83710000547433][T0x7eb6f8e97740][TIMING] emit_host_span: [STRACE] v=1 pid=3967479 tid=3967479 inv=26 hid=87d82477c49eb8f1 depth=3 name=chip.run.runner_run.device_wall.orch ts=9009 dur=681249 clk=dev
[mono_ns=83710000548544][T0x7eb6f8e97740][TIMING] emit_host_span: [STRACE] v=1 pid=3967479 tid=3967479 inv=26 hid=87d82477c49eb8f1 depth=3 name=chip.run.runner_run.device_wall.sched ts=11587 dur=897286 clk=dev
[mono_ns=83710000549856][T0x7eb6f8e97740][TIMING] emit_host_span: [STRACE] v=1 pid=3967479 tid=3967479 inv=26 hid=87d82477c49eb8f1 depth=1 name=chip.run.claim_release ts=83710000549536 dur=50 
[mono_ns=83710000551158][T0x7eb6f8e97740][TIMING] emit_host_span: [STRACE] v=1 pid=3967479 tid=3967479 inv=26 hid=87d82477c49eb8f1 depth=0 name=chip.run ts=83709966338979 dur=34211889 run_id=0 dispatch_id=0 slot_id=0 generation=26 run_epoch=26
[mono_ns=83710028432426][T0x7eb6f8e97740][TIMING] emit_host_span: [STRACE] v=1 pid=3967479 tid=3967479 inv=27 hid=87d82477c49eb8f1 depth=2 name=chip.run.bind.args ts=83710000778029 dur=27653866 
[mono_ns=83710028442341][T0x7eb6f8e97740][TIMING] emit_host_span: [STRACE] v=1 pid=3967479 tid=3967479 inv=27 hid=87d82477c49eb8f1 depth=2 name=chip.run.bind.prebuilt ts=83710028440989 dur=1061 
[mono_ns=83710028443903][T0x7eb6f8e97740][TIMING] emit_host_span: [STRACE] v=1 pid=3967479 tid=3967479 inv=27 hid=87d82477c49eb8f1 depth=1 name=chip.run.bind ts=83710000776366 dur=27667267 
[mono_ns=83710033378449][T0x7eb6f8e97740][WARN] prepare_execution: [device_runner.cpp:342] AICPU CPU_TOPO unavailable; using json_fallback: soc=Ascend950PR_9579 occupy=0x3e stable_reachable=5 requested=0 effective=5 affinity=[1, 2, 3, 4, 5(orch)]
[mono_ns=83710034517659][T0x7eb6f8e97740][TIMING] emit_host_span: [STRACE] v=1 pid=3967479 tid=3967479 inv=27 hid=87d82477c49eb8f1 depth=1 name=chip.run.runner_run ts=83710033430898 dur=1086401 
[mono_ns=83710034857740][T0x7eb6f8e97740][TIMING] emit_host_span: [STRACE] v=1 pid=3967479 tid=3967479 inv=27 hid=87d82477c49eb8f1 depth=1 name=chip.run.validate ts=83710034526392 dur=330897 
[mono_ns=83710034862847][T0x7eb6f8e97740][TIMING] emit_host_span: [STRACE] v=1 pid=3967479 tid=3967479 inv=27 hid=87d82477c49eb8f1 depth=2 name=chip.run.runner_run.device_wall ts=0 dur=961014 clk=dev
[mono_ns=83710034864310][T0x7eb6f8e97740][TIMING] emit_host_span: [STRACE] v=1 pid=3967479 tid=3967479 inv=27 hid=87d82477c49eb8f1 depth=3 name=chip.run.runner_run.device_wall.preamble ts=0 dur=11759 clk=dev
[mono_ns=83710034867524][T0x7eb6f8e97740][TIMING] emit_host_span: [STRACE] v=1 pid=3967479 tid=3967479 inv=27 hid=87d82477c49eb8f1 depth=3 name=chip.run.runner_run.device_wall.graph_build ts=2459 dur=954004 clk=dev
[mono_ns=83710034869217][T0x7eb6f8e97740][TIMING] emit_host_span: [STRACE] v=1 pid=3967479 tid=3967479 inv=27 hid=87d82477c49eb8f1 depth=3 name=chip.run.runner_run.device_wall.config_validate ts=2895 dur=919 clk=dev
[mono_ns=83710034870499][T0x7eb6f8e97740][TIMING] emit_host_span: [STRACE] v=1 pid=3967479 tid=3967479 inv=27 hid=87d82477c49eb8f1 depth=3 name=chip.run.runner_run.device_wall.arena_wire ts=3840 dur=1658 clk=dev
[mono_ns=83710034871641][T0x7eb6f8e97740][TIMING] emit_host_span: [STRACE] v=1 pid=3967479 tid=3967479 inv=27 hid=87d82477c49eb8f1 depth=3 name=chip.run.runner_run.device_wall.sm_reset ts=5516 dur=2635 clk=dev
[mono_ns=83710034872772][T0x7eb6f8e97740][TIMING] emit_host_span: [STRACE] v=1 pid=3967479 tid=3967479 inv=27 hid=87d82477c49eb8f1 depth=3 name=chip.run.runner_run.device_wall.post_orch ts=956482 dur=4167 clk=dev
[mono_ns=83710034873894][T0x7eb6f8e97740][TIMING] emit_host_span: [STRACE] v=1 pid=3967479 tid=3967479 inv=27 hid=87d82477c49eb8f1 depth=3 name=chip.run.runner_run.device_wall.orch ts=8168 dur=705923 clk=dev
[mono_ns=83710034875016][T0x7eb6f8e97740][TIMING] emit_host_span: [STRACE] v=1 pid=3967479 tid=3967479 inv=27 hid=87d82477c49eb8f1 depth=3 name=chip.run.runner_run.device_wall.sched ts=11577 dur=929403 clk=dev
[mono_ns=83710034876348][T0x7eb6f8e97740][TIMING] emit_host_span: [STRACE] v=1 pid=3967479 tid=3967479 inv=27 hid=87d82477c49eb8f1 depth=1 name=chip.run.claim_release ts=83710034876047 dur=30 
[mono_ns=83710034877680][T0x7eb6f8e97740][TIMING] emit_host_span: [STRACE] v=1 pid=3967479 tid=3967479 inv=27 hid=87d82477c49eb8f1 depth=0 name=chip.run ts=83710000774764 dur=34102625 run_id=0 dispatch_id=0 slot_id=0 generation=27 run_epoch=27
[mono_ns=83710063016974][T0x7eb6f8e97740][TIMING] emit_host_span: [STRACE] v=1 pid=3967479 tid=3967479 inv=28 hid=87d82477c49eb8f1 depth=2 name=chip.run.bind.args ts=83710035137890 dur=27878413 
[mono_ns=83710063030264][T0x7eb6f8e97740][TIMING] emit_host_span: [STRACE] v=1 pid=3967479 tid=3967479 inv=28 hid=87d82477c49eb8f1 depth=2 name=chip.run.bind.prebuilt ts=83710063028482 dur=1482 
[mono_ns=83710063032027][T0x7eb6f8e97740][TIMING] emit_host_span: [STRACE] v=1 pid=3967479 tid=3967479 inv=28 hid=87d82477c49eb8f1 depth=1 name=chip.run.bind ts=83710035136348 dur=27895419 
[mono_ns=83710067956498][T0x7eb6f8e97740][WARN] prepare_execution: [device_runner.cpp:342] AICPU CPU_TOPO unavailable; using json_fallback: soc=Ascend950PR_9579 occupy=0x3e stable_reachable=5 requested=0 effective=5 affinity=[1, 2, 3, 4, 5(orch)]
[mono_ns=83710069219564][T0x7eb6f8e97740][TIMING] emit_host_span: [STRACE] v=1 pid=3967479 tid=3967479 inv=28 hid=87d82477c49eb8f1 depth=1 name=chip.run.runner_run ts=83710067995066 dur=1224107 
[mono_ns=83710069554917][T0x7eb6f8e97740][TIMING] emit_host_span: [STRACE] v=1 pid=3967479 tid=3967479 inv=28 hid=87d82477c49eb8f1 depth=1 name=chip.run.validate ts=83710069226985 dur=327592 
[mono_ns=83710069559875][T0x7eb6f8e97740][TIMING] emit_host_span: [STRACE] v=1 pid=3967479 tid=3967479 inv=28 hid=87d82477c49eb8f1 depth=2 name=chip.run.runner_run.device_wall ts=0 dur=1094721 clk=dev
[mono_ns=83710069561357][T0x7eb6f8e97740][TIMING] emit_host_span: [STRACE] v=1 pid=3967479 tid=3967479 inv=28 hid=87d82477c49eb8f1 depth=3 name=chip.run.runner_run.device_wall.preamble ts=0 dur=12940 clk=dev
[mono_ns=83710069562509][T0x7eb6f8e97740][TIMING] emit_host_span: [STRACE] v=1 pid=3967479 tid=3967479 inv=28 hid=87d82477c49eb8f1 depth=3 name=chip.run.runner_run.device_wall.graph_build ts=3360 dur=1086822 clk=dev
[mono_ns=83710069563971][T0x7eb6f8e97740][TIMING] emit_host_span: [STRACE] v=1 pid=3967479 tid=3967479 inv=28 hid=87d82477c49eb8f1 depth=3 name=chip.run.runner_run.device_wall.config_validate ts=3798 dur=908 clk=dev
[mono_ns=83710069566565][T0x7eb6f8e97740][TIMING] emit_host_span: [STRACE] v=1 pid=3967479 tid=3967479 inv=28 hid=87d82477c49eb8f1 depth=3 name=chip.run.runner_run.device_wall.arena_wire ts=4729 dur=2161 clk=dev
[mono_ns=83710069570551][T0x7eb6f8e97740][TIMING] emit_host_span: [STRACE] v=1 pid=3967479 tid=3967479 inv=28 hid=87d82477c49eb8f1 depth=3 name=chip.run.runner_run.device_wall.sm_reset ts=7091 dur=2421 clk=dev
[mono_ns=83710069571813][T0x7eb6f8e97740][TIMING] emit_host_span: [STRACE] v=1 pid=3967479 tid=3967479 inv=28 hid=87d82477c49eb8f1 depth=3 name=chip.run.runner_run.device_wall.post_orch ts=1090202 dur=3890 clk=dev
[mono_ns=83710069572954][T0x7eb6f8e97740][TIMING] emit_host_span: [STRACE] v=1 pid=3967479 tid=3967479 inv=28 hid=87d82477c49eb8f1 depth=3 name=chip.run.runner_run.device_wall.orch ts=9597 dur=654622 clk=dev
[mono_ns=83710069574066][T0x7eb6f8e97740][TIMING] emit_host_span: [STRACE] v=1 pid=3967479 tid=3967479 inv=28 hid=87d82477c49eb8f1 depth=3 name=chip.run.runner_run.device_wall.sched ts=12429 dur=1062269 clk=dev
[mono_ns=83710069575368][T0x7eb6f8e97740][TIMING] emit_host_span: [STRACE] v=1 pid=3967479 tid=3967479 inv=28 hid=87d82477c49eb8f1 depth=1 name=chip.run.claim_release ts=83710069575068 dur=40 
[mono_ns=83710069576680][T0x7eb6f8e97740][TIMING] emit_host_span: [STRACE] v=1 pid=3967479 tid=3967479 inv=28 hid=87d82477c49eb8f1 depth=0 name=chip.run ts=83710035134735 dur=34441675 run_id=0 dispatch_id=0 slot_id=0 generation=28 run_epoch=28
[mono_ns=83710098535705][T0x7eb6f8e97740][TIMING] emit_host_span: [STRACE] v=1 pid=3967479 tid=3967479 inv=29 hid=87d82477c49eb8f1 depth=2 name=chip.run.bind.args ts=83710069796750 dur=28738525 
[mono_ns=83710098546521][T0x7eb6f8e97740][TIMING] emit_host_span: [STRACE] v=1 pid=3967479 tid=3967479 inv=29 hid=87d82477c49eb8f1 depth=2 name=chip.run.bind.prebuilt ts=83710098544548 dur=1463 
[mono_ns=83710098548304][T0x7eb6f8e97740][TIMING] emit_host_span: [STRACE] v=1 pid=3967479 tid=3967479 inv=29 hid=87d82477c49eb8f1 depth=1 name=chip.run.bind ts=83710069795128 dur=28752876 
[mono_ns=83710103460046][T0x7eb6f8e97740][WARN] prepare_execution: [device_runner.cpp:342] AICPU CPU_TOPO unavailable; using json_fallback: soc=Ascend950PR_9579 occupy=0x3e stable_reachable=5 requested=0 effective=5 affinity=[1, 2, 3, 4, 5(orch)]
[mono_ns=83710104573878][T0x7eb6f8e97740][TIMING] emit_host_span: [STRACE] v=1 pid=3967479 tid=3967479 inv=29 hid=87d82477c49eb8f1 depth=1 name=chip.run.runner_run ts=83710103499676 dur=1073831 
[mono_ns=83710104911965][T0x7eb6f8e97740][TIMING] emit_host_span: [STRACE] v=1 pid=3967479 tid=3967479 inv=29 hid=87d82477c49eb8f1 depth=1 name=chip.run.validate ts=83710104580588 dur=331057 
[mono_ns=83710104917003][T0x7eb6f8e97740][TIMING] emit_host_span: [STRACE] v=1 pid=3967479 tid=3967479 inv=29 hid=87d82477c49eb8f1 depth=2 name=chip.run.runner_run.device_wall ts=0 dur=955171 clk=dev
[mono_ns=83710104918515][T0x7eb6f8e97740][TIMING] emit_host_span: [STRACE] v=1 pid=3967479 tid=3967479 inv=29 hid=87d82477c49eb8f1 depth=3 name=chip.run.runner_run.device_wall.preamble ts=0 dur=12744 clk=dev
[mono_ns=83710104919907][T0x7eb6f8e97740][TIMING] emit_host_span: [STRACE] v=1 pid=3967479 tid=3967479 inv=29 hid=87d82477c49eb8f1 depth=3 name=chip.run.runner_run.device_wall.graph_build ts=2593 dur=949094 clk=dev
[mono_ns=83710104921360][T0x7eb6f8e97740][TIMING] emit_host_span: [STRACE] v=1 pid=3967479 tid=3967479 inv=29 hid=87d82477c49eb8f1 depth=3 name=chip.run.runner_run.device_wall.config_validate ts=3084 dur=869 clk=dev
[mono_ns=83710104923022][T0x7eb6f8e97740][TIMING] emit_host_span: [STRACE] v=1 pid=3967479 tid=3967479 inv=29 hid=87d82477c49eb8f1 depth=3 name=chip.run.runner_run.device_wall.arena_wire ts=3974 dur=2063 clk=dev
[mono_ns=83710104924304][T0x7eb6f8e97740][TIMING] emit_host_span: [STRACE] v=1 pid=3967479 tid=3967479 inv=29 hid=87d82477c49eb8f1 depth=3 name=chip.run.runner_run.device_wall.sm_reset ts=6093 dur=2024 clk=dev
[mono_ns=83710104925416][T0x7eb6f8e97740][TIMING] emit_host_span: [STRACE] v=1 pid=3967479 tid=3967479 inv=29 hid=87d82477c49eb8f1 depth=3 name=chip.run.runner_run.device_wall.post_orch ts=951722 dur=3378 clk=dev
[mono_ns=83710104926547][T0x7eb6f8e97740][TIMING] emit_host_span: [STRACE] v=1 pid=3967479 tid=3967479 inv=29 hid=87d82477c49eb8f1 depth=3 name=chip.run.runner_run.device_wall.orch ts=8353 dur=679520 clk=dev
[mono_ns=83710104929822][T0x7eb6f8e97740][TIMING] emit_host_span: [STRACE] v=1 pid=3967479 tid=3967479 inv=29 hid=87d82477c49eb8f1 depth=3 name=chip.run.runner_run.device_wall.sched ts=12527 dur=926507 clk=dev
[mono_ns=83710104931094][T0x7eb6f8e97740][TIMING] emit_host_span: [STRACE] v=1 pid=3967479 tid=3967479 inv=29 hid=87d82477c49eb8f1 depth=1 name=chip.run.claim_release ts=83710104930784 dur=40 
[mono_ns=83710104932476][T0x7eb6f8e97740][TIMING] emit_host_span: [STRACE] v=1 pid=3967479 tid=3967479 inv=29 hid=87d82477c49eb8f1 depth=0 name=chip.run ts=83710069793125 dur=35139021 run_id=0 dispatch_id=0 slot_id=0 generation=29 run_epoch=29
[mono_ns=83710134956139][T0x7eb6f8e97740][TIMING] emit_host_span: [STRACE] v=1 pid=3967479 tid=3967479 inv=30 hid=87d82477c49eb8f1 depth=2 name=chip.run.bind.args ts=83710105163894 dur=29791654 
[mono_ns=83710134966875][T0x7eb6f8e97740][TIMING] emit_host_span: [STRACE] v=1 pid=3967479 tid=3967479 inv=30 hid=87d82477c49eb8f1 depth=2 name=chip.run.bind.prebuilt ts=83710134965383 dur=1212 
[mono_ns=83710134968378][T0x7eb6f8e97740][TIMING] emit_host_span: [STRACE] v=1 pid=3967479 tid=3967479 inv=30 hid=87d82477c49eb8f1 depth=1 name=chip.run.bind ts=83710105162351 dur=29805776 
[mono_ns=83710139875192][T0x7eb6f8e97740][WARN] prepare_execution: [device_runner.cpp:342] AICPU CPU_TOPO unavailable; using json_fallback: soc=Ascend950PR_9579 occupy=0x3e stable_reachable=5 requested=0 effective=5 affinity=[1, 2, 3, 4, 5(orch)]
[mono_ns=83710140995624][T0x7eb6f8e97740][TIMING] emit_host_span: [STRACE] v=1 pid=3967479 tid=3967479 inv=30 hid=87d82477c49eb8f1 depth=1 name=chip.run.runner_run ts=83710139913079 dur=1082165 
[mono_ns=83710141315705][T0x7eb6f8e97740][TIMING] emit_host_span: [STRACE] v=1 pid=3967479 tid=3967479 inv=30 hid=87d82477c49eb8f1 depth=1 name=chip.run.validate ts=83710141004037 dur=311327 
[mono_ns=83710141321123][T0x7eb6f8e97740][TIMING] emit_host_span: [STRACE] v=1 pid=3967479 tid=3967479 inv=30 hid=87d82477c49eb8f1 depth=2 name=chip.run.runner_run.device_wall ts=0 dur=983946 clk=dev
[mono_ns=83710141322505][T0x7eb6f8e97740][TIMING] emit_host_span: [STRACE] v=1 pid=3967479 tid=3967479 inv=30 hid=87d82477c49eb8f1 depth=3 name=chip.run.runner_run.device_wall.preamble ts=0 dur=11763 clk=dev
[mono_ns=83710141323697][T0x7eb6f8e97740][TIMING] emit_host_span: [STRACE] v=1 pid=3967479 tid=3967479 inv=30 hid=87d82477c49eb8f1 depth=3 name=chip.run.runner_run.device_wall.graph_build ts=2347 dur=976354 clk=dev
[mono_ns=83710141324838][T0x7eb6f8e97740][TIMING] emit_host_span: [STRACE] v=1 pid=3967479 tid=3967479 inv=30 hid=87d82477c49eb8f1 depth=3 name=chip.run.runner_run.device_wall.config_validate ts=2952 dur=775 clk=dev
[mono_ns=83710141326200][T0x7eb6f8e97740][TIMING] emit_host_span: [STRACE] v=1 pid=3967479 tid=3967479 inv=30 hid=87d82477c49eb8f1 depth=3 name=chip.run.runner_run.device_wall.arena_wire ts=3764 dur=2573 clk=dev
[mono_ns=83710141328303][T0x7eb6f8e97740][TIMING] emit_host_span: [STRACE] v=1 pid=3967479 tid=3967479 inv=30 hid=87d82477c49eb8f1 depth=3 name=chip.run.runner_run.device_wall.sm_reset ts=6412 dur=2409 clk=dev
[mono_ns=83710141329575][T0x7eb6f8e97740][TIMING] emit_host_span: [STRACE] v=1 pid=3967479 tid=3967479 inv=30 hid=87d82477c49eb8f1 depth=3 name=chip.run.runner_run.device_wall.post_orch ts=978729 dur=4791 clk=dev
[mono_ns=83710141330717][T0x7eb6f8e97740][TIMING] emit_host_span: [STRACE] v=1 pid=3967479 tid=3967479 inv=30 hid=87d82477c49eb8f1 depth=3 name=chip.run.runner_run.device_wall.orch ts=8853 dur=710665 clk=dev
[mono_ns=83710141331829][T0x7eb6f8e97740][TIMING] emit_host_span: [STRACE] v=1 pid=3967479 tid=3967479 inv=30 hid=87d82477c49eb8f1 depth=3 name=chip.run.runner_run.device_wall.sched ts=11351 dur=951331 clk=dev
[mono_ns=83710141333061][T0x7eb6f8e97740][TIMING] emit_host_span: [STRACE] v=1 pid=3967479 tid=3967479 inv=30 hid=87d82477c49eb8f1 depth=1 name=chip.run.claim_release ts=83710141332780 dur=40 
[mono_ns=83710141336215][T0x7eb6f8e97740][TIMING] emit_host_span: [STRACE] v=1 pid=3967479 tid=3967479 inv=30 hid=87d82477c49eb8f1 depth=0 name=chip.run ts=83710105160809 dur=36175126 run_id=0 dispatch_id=0 slot_id=0 generation=30 run_epoch=30
[mono_ns=83710179793877][T0x7eb6f8e97740][TIMING] emit_host_span: [STRACE] v=1 pid=3967479 tid=3967479 inv=31 hid=87d82477c49eb8f1 depth=2 name=chip.run.bind.args ts=83710141548404 dur=38241848 
[mono_ns=83710179825415][T0x7eb6f8e97740][TIMING] emit_host_span: [STRACE] v=1 pid=3967479 tid=3967479 inv=31 hid=87d82477c49eb8f1 depth=2 name=chip.run.bind.prebuilt ts=83710179820707 dur=4297 
[mono_ns=83710179828689][T0x7eb6f8e97740][TIMING] emit_host_span: [STRACE] v=1 pid=3967479 tid=3967479 inv=31 hid=87d82477c49eb8f1 depth=1 name=chip.run.bind ts=83710141547172 dur=38281057 
[mono_ns=83710184841303][T0x7eb6f8e97740][WARN] prepare_execution: [device_runner.cpp:342] AICPU CPU_TOPO unavailable; using json_fallback: soc=Ascend950PR_9579 occupy=0x3e stable_reachable=5 requested=0 effective=5 affinity=[1, 2, 3, 4, 5(orch)]
[mono_ns=83710186042756][T0x7eb6f8e97740][TIMING] emit_host_span: [STRACE] v=1 pid=3967479 tid=3967479 inv=31 hid=87d82477c49eb8f1 depth=1 name=chip.run.runner_run ts=83710184906651 dur=1135364 
[mono_ns=83710186484469][T0x7eb6f8e97740][TIMING] emit_host_span: [STRACE] v=1 pid=3967479 tid=3967479 inv=31 hid=87d82477c49eb8f1 depth=1 name=chip.run.validate ts=83710186051249 dur=432810 
[mono_ns=83710186490428][T0x7eb6f8e97740][TIMING] emit_host_span: [STRACE] v=1 pid=3967479 tid=3967479 inv=31 hid=87d82477c49eb8f1 depth=2 name=chip.run.runner_run.device_wall ts=0 dur=947492 clk=dev
[mono_ns=83710186492441][T0x7eb6f8e97740][TIMING] emit_host_span: [STRACE] v=1 pid=3967479 tid=3967479 inv=31 hid=87d82477c49eb8f1 depth=3 name=chip.run.runner_run.device_wall.preamble ts=0 dur=12456 clk=dev
[mono_ns=83710186494034][T0x7eb6f8e97740][TIMING] emit_host_span: [STRACE] v=1 pid=3967479 tid=3967479 inv=31 hid=87d82477c49eb8f1 depth=3 name=chip.run.runner_run.device_wall.graph_build ts=2212 dur=940624 clk=dev
[mono_ns=83710186497779][T0x7eb6f8e97740][TIMING] emit_host_span: [STRACE] v=1 pid=3967479 tid=3967479 inv=31 hid=87d82477c49eb8f1 depth=3 name=chip.run.runner_run.device_wall.config_validate ts=2864 dur=955 clk=dev
[mono_ns=83710186499261][T0x7eb6f8e97740][TIMING] emit_host_span: [STRACE] v=1 pid=3967479 tid=3967479 inv=31 hid=87d82477c49eb8f1 depth=3 name=chip.run.runner_run.device_wall.arena_wire ts=3963 dur=2003 clk=dev
[mono_ns=83710186500383][T0x7eb6f8e97740][TIMING] emit_host_span: [STRACE] v=1 pid=3967479 tid=3967479 inv=31 hid=87d82477c49eb8f1 depth=3 name=chip.run.runner_run.device_wall.sm_reset ts=5985 dur=2021 clk=dev
[mono_ns=83710186501495][T0x7eb6f8e97740][TIMING] emit_host_span: [STRACE] v=1 pid=3967479 tid=3967479 inv=31 hid=87d82477c49eb8f1 depth=3 name=chip.run.runner_run.device_wall.post_orch ts=942895 dur=4229 clk=dev
[mono_ns=83710186502647][T0x7eb6f8e97740][TIMING] emit_host_span: [STRACE] v=1 pid=3967479 tid=3967479 inv=31 hid=87d82477c49eb8f1 depth=3 name=chip.run.runner_run.device_wall.orch ts=8089 dur=704723 clk=dev
[mono_ns=83710186503748][T0x7eb6f8e97740][TIMING] emit_host_span: [STRACE] v=1 pid=3967479 tid=3967479 inv=31 hid=87d82477c49eb8f1 depth=3 name=chip.run.runner_run.device_wall.sched ts=12250 dur=918836 clk=dev
[mono_ns=83710186505321][T0x7eb6f8e97740][TIMING] emit_host_span: [STRACE] v=1 pid=3967479 tid=3967479 inv=31 hid=87d82477c49eb8f1 depth=1 name=chip.run.claim_release ts=83710186504800 dur=120 
[mono_ns=83710186507534][T0x7eb6f8e97740][TIMING] emit_host_span: [STRACE] v=1 pid=3967479 tid=3967479 inv=31 hid=87d82477c49eb8f1 depth=0 name=chip.run ts=83710141545269 dur=44961894 run_id=0 dispatch_id=0 slot_id=0 generation=31 run_epoch=31
[mono_ns=83710226609383][T0x7eb6f8e97740][TIMING] emit_host_span: [STRACE] v=1 pid=3967479 tid=3967479 inv=32 hid=87d82477c49eb8f1 depth=2 name=chip.run.bind.args ts=83710186904009 dur=39704483 
[mono_ns=83710226621381][T0x7eb6f8e97740][TIMING] emit_host_span: [STRACE] v=1 pid=3967479 tid=3967479 inv=32 hid=87d82477c49eb8f1 depth=2 name=chip.run.bind.prebuilt ts=83710226618998 dur=2073 
[mono_ns=83710226631757][T0x7eb6f8e97740][TIMING] emit_host_span: [STRACE] v=1 pid=3967479 tid=3967479 inv=32 hid=87d82477c49eb8f1 depth=1 name=chip.run.bind ts=83710186899292 dur=39732044 
[mono_ns=83710231620795][T0x7eb6f8e97740][WARN] prepare_execution: [device_runner.cpp:342] AICPU CPU_TOPO unavailable; using json_fallback: soc=Ascend950PR_9579 occupy=0x3e stable_reachable=5 requested=0 effective=5 affinity=[1, 2, 3, 4, 5(orch)]
[mono_ns=83710232751162][T0x7eb6f8e97740][TIMING] emit_host_span: [STRACE] v=1 pid=3967479 tid=3967479 inv=32 hid=87d82477c49eb8f1 depth=1 name=chip.run.runner_run ts=83710231666123 dur=1084498 
[mono_ns=83710233140586][T0x7eb6f8e97740][TIMING] emit_host_span: [STRACE] v=1 pid=3967479 tid=3967479 inv=32 hid=87d82477c49eb8f1 depth=1 name=chip.run.validate ts=83710232758423 dur=381823 
[mono_ns=83710233146635][T0x7eb6f8e97740][TIMING] emit_host_span: [STRACE] v=1 pid=3967479 tid=3967479 inv=32 hid=87d82477c49eb8f1 depth=2 name=chip.run.runner_run.device_wall ts=0 dur=941740 clk=dev
[mono_ns=83710233148238][T0x7eb6f8e97740][TIMING] emit_host_span: [STRACE] v=1 pid=3967479 tid=3967479 inv=32 hid=87d82477c49eb8f1 depth=3 name=chip.run.runner_run.device_wall.preamble ts=0 dur=15710 clk=dev
[mono_ns=83710233149590][T0x7eb6f8e97740][TIMING] emit_host_span: [STRACE] v=1 pid=3967479 tid=3967479 inv=32 hid=87d82477c49eb8f1 depth=3 name=chip.run.runner_run.device_wall.graph_build ts=5745 dur=931341 clk=dev
[mono_ns=83710233150722][T0x7eb6f8e97740][TIMING] emit_host_span: [STRACE] v=1 pid=3967479 tid=3967479 inv=32 hid=87d82477c49eb8f1 depth=3 name=chip.run.runner_run.device_wall.config_validate ts=6090 dur=968 clk=dev
[mono_ns=83710233152124][T0x7eb6f8e97740][TIMING] emit_host_span: [STRACE] v=1 pid=3967479 tid=3967479 inv=32 hid=87d82477c49eb8f1 depth=3 name=chip.run.runner_run.device_wall.arena_wire ts=7223 dur=2350 clk=dev
[mono_ns=83710233153756][T0x7eb6f8e97740][TIMING] emit_host_span: [STRACE] v=1 pid=3967479 tid=3967479 inv=32 hid=87d82477c49eb8f1 depth=3 name=chip.run.runner_run.device_wall.sm_reset ts=9591 dur=2436 clk=dev
[mono_ns=83710233155028][T0x7eb6f8e97740][TIMING] emit_host_span: [STRACE] v=1 pid=3967479 tid=3967479 inv=32 hid=87d82477c49eb8f1 depth=3 name=chip.run.runner_run.device_wall.post_orch ts=937115 dur=4271 clk=dev
[mono_ns=83710233156170][T0x7eb6f8e97740][TIMING] emit_host_span: [STRACE] v=1 pid=3967479 tid=3967479 inv=32 hid=87d82477c49eb8f1 depth=3 name=chip.run.runner_run.device_wall.orch ts=12067 dur=673196 clk=dev
[mono_ns=83710233157301][T0x7eb6f8e97740][TIMING] emit_host_span: [STRACE] v=1 pid=3967479 tid=3967479 inv=32 hid=87d82477c49eb8f1 depth=3 name=chip.run.runner_run.device_wall.sched ts=15294 dur=908336 clk=dev
[mono_ns=83710233158754][T0x7eb6f8e97740][TIMING] emit_host_span: [STRACE] v=1 pid=3967479 tid=3967479 inv=32 hid=87d82477c49eb8f1 depth=1 name=chip.run.claim_release ts=83710233158333 dur=60 
[mono_ns=83710233160546][T0x7eb6f8e97740][TIMING] emit_host_span: [STRACE] v=1 pid=3967479 tid=3967479 inv=32 hid=87d82477c49eb8f1 depth=0 name=chip.run ts=83710186892251 dur=46268005 run_id=0 dispatch_id=0 slot_id=0 generation=32 run_epoch=32
[mono_ns=83710266946987][T0x7eb6f8e97740][TIMING] emit_host_span: [STRACE] v=1 pid=3967479 tid=3967479 inv=33 hid=87d82477c49eb8f1 depth=2 name=chip.run.bind.args ts=83710233502359 dur=33444087 
[mono_ns=83710266956321][T0x7eb6f8e97740][TIMING] emit_host_span: [STRACE] v=1 pid=3967479 tid=3967479 inv=33 hid=87d82477c49eb8f1 depth=2 name=chip.run.bind.prebuilt ts=83710266954789 dur=1232 
[mono_ns=83710266958184][T0x7eb6f8e97740][TIMING] emit_host_span: [STRACE] v=1 pid=3967479 tid=3967479 inv=33 hid=87d82477c49eb8f1 depth=1 name=chip.run.bind ts=83710233498293 dur=33459530 
[mono_ns=83710271953251][T0x7eb6f8e97740][WARN] prepare_execution: [device_runner.cpp:342] AICPU CPU_TOPO unavailable; using json_fallback: soc=Ascend950PR_9579 occupy=0x3e stable_reachable=5 requested=0 effective=5 affinity=[1, 2, 3, 4, 5(orch)]
[mono_ns=83710273126822][T0x7eb6f8e97740][TIMING] emit_host_span: [STRACE] v=1 pid=3967479 tid=3967479 inv=33 hid=87d82477c49eb8f1 depth=1 name=chip.run.runner_run ts=83710271995975 dur=1130367 
[mono_ns=83710273469286][T0x7eb6f8e97740][TIMING] emit_host_span: [STRACE] v=1 pid=3967479 tid=3967479 inv=33 hid=87d82477c49eb8f1 depth=1 name=chip.run.validate ts=83710273133813 dur=335003 
[mono_ns=83710273475105][T0x7eb6f8e97740][TIMING] emit_host_span: [STRACE] v=1 pid=3967479 tid=3967479 inv=33 hid=87d82477c49eb8f1 depth=2 name=chip.run.runner_run.device_wall ts=0 dur=1004026 clk=dev
[mono_ns=83710273476537][T0x7eb6f8e97740][TIMING] emit_host_span: [STRACE] v=1 pid=3967479 tid=3967479 inv=33 hid=87d82477c49eb8f1 depth=3 name=chip.run.runner_run.device_wall.preamble ts=0 dur=15779 clk=dev
[mono_ns=83710273477759][T0x7eb6f8e97740][TIMING] emit_host_span: [STRACE] v=1 pid=3967479 tid=3967479 inv=33 hid=87d82477c49eb8f1 depth=3 name=chip.run.runner_run.device_wall.graph_build ts=5389 dur=994092 clk=dev
[mono_ns=83710273478891][T0x7eb6f8e97740][TIMING] emit_host_span: [STRACE] v=1 pid=3967479 tid=3967479 inv=33 hid=87d82477c49eb8f1 depth=3 name=chip.run.runner_run.device_wall.config_validate ts=5856 dur=704 clk=dev
[mono_ns=83710273480253][T0x7eb6f8e97740][TIMING] emit_host_span: [STRACE] v=1 pid=3967479 tid=3967479 inv=33 hid=87d82477c49eb8f1 depth=3 name=chip.run.runner_run.device_wall.arena_wire ts=6596 dur=1819 clk=dev
[mono_ns=83710273482646][T0x7eb6f8e97740][TIMING] emit_host_span: [STRACE] v=1 pid=3967479 tid=3967479 inv=33 hid=87d82477c49eb8f1 depth=3 name=chip.run.runner_run.device_wall.sm_reset ts=8437 dur=2235 clk=dev
[mono_ns=83710273484299][T0x7eb6f8e97740][TIMING] emit_host_span: [STRACE] v=1 pid=3967479 tid=3967479 inv=33 hid=87d82477c49eb8f1 depth=3 name=chip.run.runner_run.device_wall.post_orch ts=999613 dur=4276 clk=dev
[mono_ns=83710273485561][T0x7eb6f8e97740][TIMING] emit_host_span: [STRACE] v=1 pid=3967479 tid=3967479 inv=33 hid=87d82477c49eb8f1 depth=3 name=chip.run.runner_run.device_wall.orch ts=10834 dur=685882 clk=dev
[mono_ns=83710273486693][T0x7eb6f8e97740][TIMING] emit_host_span: [STRACE] v=1 pid=3967479 tid=3967479 inv=33 hid=87d82477c49eb8f1 depth=3 name=chip.run.runner_run.device_wall.sched ts=15366 dur=970818 clk=dev
[mono_ns=83710273488115][T0x7eb6f8e97740][TIMING] emit_host_span: [STRACE] v=1 pid=3967479 tid=3967479 inv=33 hid=87d82477c49eb8f1 depth=1 name=chip.run.claim_release ts=83710273487704 dur=40 
[mono_ns=83710273489727][T0x7eb6f8e97740][TIMING] emit_host_span: [STRACE] v=1 pid=3967479 tid=3967479 inv=33 hid=87d82477c49eb8f1 depth=0 name=chip.run ts=83710233494768 dur=39994639 run_id=0 dispatch_id=0 slot_id=0 generation=33 run_epoch=33
[mono_ns=83710305125410][T0x7eb6f8e97740][TIMING] emit_host_span: [STRACE] v=1 pid=3967479 tid=3967479 inv=34 hid=87d82477c49eb8f1 depth=2 name=chip.run.bind.args ts=83710273763668 dur=31361061 
[mono_ns=83710305134914][T0x7eb6f8e97740][TIMING] emit_host_span: [STRACE] v=1 pid=3967479 tid=3967479 inv=34 hid=87d82477c49eb8f1 depth=2 name=chip.run.bind.prebuilt ts=83710305133442 dur=1121 
[mono_ns=83710305136476][T0x7eb6f8e97740][TIMING] emit_host_span: [STRACE] v=1 pid=3967479 tid=3967479 inv=34 hid=87d82477c49eb8f1 depth=1 name=chip.run.bind ts=83710273760514 dur=31375632 
[mono_ns=83710310102179][T0x7eb6f8e97740][WARN] prepare_execution: [device_runner.cpp:342] AICPU CPU_TOPO unavailable; using json_fallback: soc=Ascend950PR_9579 occupy=0x3e stable_reachable=5 requested=0 effective=5 affinity=[1, 2, 3, 4, 5(orch)]
[mono_ns=83710311178355][T0x7eb6f8e97740][TIMING] emit_host_span: [STRACE] v=1 pid=3967479 tid=3967479 inv=34 hid=87d82477c49eb8f1 depth=1 name=chip.run.runner_run ts=83710310151694 dur=1026150 
[mono_ns=83710311491975][T0x7eb6f8e97740][TIMING] emit_host_span: [STRACE] v=1 pid=3967479 tid=3967479 inv=34 hid=87d82477c49eb8f1 depth=1 name=chip.run.validate ts=83710311185165 dur=306300 
[mono_ns=83710311497394][T0x7eb6f8e97740][TIMING] emit_host_span: [STRACE] v=1 pid=3967479 tid=3967479 inv=34 hid=87d82477c49eb8f1 depth=2 name=chip.run.runner_run.device_wall ts=0 dur=924219 clk=dev
[mono_ns=83710311501700][T0x7eb6f8e97740][TIMING] emit_host_span: [STRACE] v=1 pid=3967479 tid=3967479 inv=34 hid=87d82477c49eb8f1 depth=3 name=chip.run.runner_run.device_wall.preamble ts=0 dur=12924 clk=dev
[mono_ns=83710311698405][T0x7eb6f8e97740][TIMING] emit_host_span: [STRACE] v=1 pid=3967479 tid=3967479 inv=34 hid=87d82477c49eb8f1 depth=3 name=chip.run.runner_run.device_wall.graph_build ts=3226 dur=917211 clk=dev
[mono_ns=83710311700208][T0x7eb6f8e97740][TIMING] emit_host_span: [STRACE] v=1 pid=3967479 tid=3967479 inv=34 hid=87d82477c49eb8f1 depth=3 name=chip.run.runner_run.device_wall.config_validate ts=3740 dur=675 clk=dev
[mono_ns=83710311701330][T0x7eb6f8e97740][TIMING] emit_host_span: [STRACE] v=1 pid=3967479 tid=3967479 inv=34 hid=87d82477c49eb8f1 depth=3 name=chip.run.runner_run.device_wall.arena_wire ts=4450 dur=1506 clk=dev
[mono_ns=83710311702752][T0x7eb6f8e97740][TIMING] emit_host_span: [STRACE] v=1 pid=3967479 tid=3967479 inv=34 hid=87d82477c49eb8f1 depth=3 name=chip.run.runner_run.device_wall.sm_reset ts=5975 dur=2163 clk=dev
[mono_ns=83710311704354][T0x7eb6f8e97740][TIMING] emit_host_span: [STRACE] v=1 pid=3967479 tid=3967479 inv=34 hid=87d82477c49eb8f1 depth=3 name=chip.run.runner_run.device_wall.post_orch ts=920454 dur=3537 clk=dev
[mono_ns=83710311705626][T0x7eb6f8e97740][TIMING] emit_host_span: [STRACE] v=1 pid=3967479 tid=3967479 inv=34 hid=87d82477c49eb8f1 depth=3 name=chip.run.runner_run.device_wall.orch ts=8173 dur=687679 clk=dev
[mono_ns=83710311706738][T0x7eb6f8e97740][TIMING] emit_host_span: [STRACE] v=1 pid=3967479 tid=3967479 inv=34 hid=87d82477c49eb8f1 depth=3 name=chip.run.runner_run.device_wall.sched ts=12574 dur=896004 clk=dev
[mono_ns=83710311708150][T0x7eb6f8e97740][TIMING] emit_host_span: [STRACE] v=1 pid=3967479 tid=3967479 inv=34 hid=87d82477c49eb8f1 depth=1 name=chip.run.claim_release ts=83710311707739 dur=40 
[mono_ns=83710311709632][T0x7eb6f8e97740][TIMING] emit_host_span: [STRACE] v=1 pid=3967479 tid=3967479 inv=34 hid=87d82477c49eb8f1 depth=0 name=chip.run ts=83710273757729 dur=37951563 run_id=0 dispatch_id=0 slot_id=0 generation=34 run_epoch=34
[mono_ns=83710342438383][T0x7eb6f8e97740][TIMING] emit_host_span: [STRACE] v=1 pid=3967479 tid=3967479 inv=35 hid=87d82477c49eb8f1 depth=2 name=chip.run.bind.args ts=83710311978436 dur=30459567 
[mono_ns=83710342447367][T0x7eb6f8e97740][TIMING] emit_host_span: [STRACE] v=1 pid=3967479 tid=3967479 inv=35 hid=87d82477c49eb8f1 depth=2 name=chip.run.bind.prebuilt ts=83710342445895 dur=1192 
[mono_ns=83710342449090][T0x7eb6f8e97740][TIMING] emit_host_span: [STRACE] v=1 pid=3967479 tid=3967479 inv=35 hid=87d82477c49eb8f1 depth=1 name=chip.run.bind ts=83710311976202 dur=30472617 
[mono_ns=83710347364677][T0x7eb6f8e97740][WARN] prepare_execution: [device_runner.cpp:342] AICPU CPU_TOPO unavailable; using json_fallback: soc=Ascend950PR_9579 occupy=0x3e stable_reachable=5 requested=0 effective=5 affinity=[1, 2, 3, 4, 5(orch)]
[mono_ns=83710348624629][T0x7eb6f8e97740][TIMING] emit_host_span: [STRACE] v=1 pid=3967479 tid=3967479 inv=35 hid=87d82477c49eb8f1 depth=1 name=chip.run.runner_run ts=83710347418949 dur=1205339 
[mono_ns=83710348891319][T0x7eb6f8e97740][TIMING] emit_host_span: [STRACE] v=1 pid=3967479 tid=3967479 inv=35 hid=87d82477c49eb8f1 depth=1 name=chip.run.validate ts=83710348631739 dur=259219 
[mono_ns=83710348896236][T0x7eb6f8e97740][TIMING] emit_host_span: [STRACE] v=1 pid=3967479 tid=3967479 inv=35 hid=87d82477c49eb8f1 depth=2 name=chip.run.runner_run.device_wall ts=0 dur=1093919 clk=dev
[mono_ns=83710348897849][T0x7eb6f8e97740][TIMING] emit_host_span: [STRACE] v=1 pid=3967479 tid=3967479 inv=35 hid=87d82477c49eb8f1 depth=3 name=chip.run.runner_run.device_wall.preamble ts=0 dur=14712 clk=dev
[mono_ns=83710348899010][T0x7eb6f8e97740][TIMING] emit_host_span: [STRACE] v=1 pid=3967479 tid=3967479 inv=35 hid=87d82477c49eb8f1 depth=3 name=chip.run.runner_run.device_wall.graph_build ts=4604 dur=1083917 clk=dev
[mono_ns=83710348900182][T0x7eb6f8e97740][TIMING] emit_host_span: [STRACE] v=1 pid=3967479 tid=3967479 inv=35 hid=87d82477c49eb8f1 depth=3 name=chip.run.runner_run.device_wall.config_validate ts=5280 dur=990 clk=dev
[mono_ns=83710348904138][T0x7eb6f8e97740][TIMING] emit_host_span: [STRACE] v=1 pid=3967479 tid=3967479 inv=35 hid=87d82477c49eb8f1 depth=3 name=chip.run.runner_run.device_wall.arena_wire ts=6412 dur=1637 clk=dev
[mono_ns=83710348905430][T0x7eb6f8e97740][TIMING] emit_host_span: [STRACE] v=1 pid=3967479 tid=3967479 inv=35 hid=87d82477c49eb8f1 depth=3 name=chip.run.runner_run.device_wall.sm_reset ts=8066 dur=2252 clk=dev
[mono_ns=83710348906532][T0x7eb6f8e97740][TIMING] emit_host_span: [STRACE] v=1 pid=3967479 tid=3967479 inv=35 hid=87d82477c49eb8f1 depth=3 name=chip.run.runner_run.device_wall.post_orch ts=1088541 dur=4665 clk=dev
[mono_ns=83710348907673][T0x7eb6f8e97740][TIMING] emit_host_span: [STRACE] v=1 pid=3967479 tid=3967479 inv=35 hid=87d82477c49eb8f1 depth=3 name=chip.run.runner_run.device_wall.orch ts=10402 dur=694351 clk=dev
[mono_ns=83710348908815][T0x7eb6f8e97740][TIMING] emit_host_span: [STRACE] v=1 pid=3967479 tid=3967479 inv=35 hid=87d82477c49eb8f1 depth=3 name=chip.run.runner_run.device_wall.sched ts=14398 dur=1058841 clk=dev
[mono_ns=83710348910107][T0x7eb6f8e97740][TIMING] emit_host_span: [STRACE] v=1 pid=3967479 tid=3967479 inv=35 hid=87d82477c49eb8f1 depth=1 name=chip.run.claim_release ts=83710348909807 dur=60 
[mono_ns=83710348911619][T0x7eb6f8e97740][TIMING] emit_host_span: [STRACE] v=1 pid=3967479 tid=3967479 inv=35 hid=87d82477c49eb8f1 depth=0 name=chip.run ts=83710311973538 dur=36937791 run_id=0 dispatch_id=0 slot_id=0 generation=35 run_epoch=35
[mono_ns=83710376862261][T0x7eb6f8e97740][TIMING] emit_host_span: [STRACE] v=1 pid=3967479 tid=3967479 inv=36 hid=87d82477c49eb8f1 depth=2 name=chip.run.bind.args ts=83710349166712 dur=27695078 
[mono_ns=83710376869892][T0x7eb6f8e97740][TIMING] emit_host_span: [STRACE] v=1 pid=3967479 tid=3967479 inv=36 hid=87d82477c49eb8f1 depth=2 name=chip.run.bind.prebuilt ts=83710376868550 dur=1052 
[mono_ns=83710376871815][T0x7eb6f8e97740][TIMING] emit_host_span: [STRACE] v=1 pid=3967479 tid=3967479 inv=36 hid=87d82477c49eb8f1 depth=1 name=chip.run.bind ts=83710349164789 dur=27706776 
[mono_ns=83710381734754][T0x7eb6f8e97740][WARN] prepare_execution: [device_runner.cpp:342] AICPU CPU_TOPO unavailable; using json_fallback: soc=Ascend950PR_9579 occupy=0x3e stable_reachable=5 requested=0 effective=5 affinity=[1, 2, 3, 4, 5(orch)]
[mono_ns=83710382871510][T0x7eb6f8e97740][TIMING] emit_host_span: [STRACE] v=1 pid=3967479 tid=3967479 inv=36 hid=87d82477c49eb8f1 depth=1 name=chip.run.runner_run ts=83710381785230 dur=1085900 
[mono_ns=83710383178681][T0x7eb6f8e97740][TIMING] emit_host_span: [STRACE] v=1 pid=3967479 tid=3967479 inv=36 hid=87d82477c49eb8f1 depth=1 name=chip.run.validate ts=83710382878110 dur=300291 
[mono_ns=83710383183839][T0x7eb6f8e97740][TIMING] emit_host_span: [STRACE] v=1 pid=3967479 tid=3967479 inv=36 hid=87d82477c49eb8f1 depth=2 name=chip.run.runner_run.device_wall ts=0 dur=968085 clk=dev
[mono_ns=83710383185221][T0x7eb6f8e97740][TIMING] emit_host_span: [STRACE] v=1 pid=3967479 tid=3967479 inv=36 hid=87d82477c49eb8f1 depth=3 name=chip.run.runner_run.device_wall.preamble ts=0 dur=12112 clk=dev
[mono_ns=83710383186403][T0x7eb6f8e97740][TIMING] emit_host_span: [STRACE] v=1 pid=3967479 tid=3967479 inv=36 hid=87d82477c49eb8f1 depth=3 name=chip.run.runner_run.device_wall.graph_build ts=2445 dur=961664 clk=dev
[mono_ns=83710383187575][T0x7eb6f8e97740][TIMING] emit_host_span: [STRACE] v=1 pid=3967479 tid=3967479 inv=36 hid=87d82477c49eb8f1 depth=3 name=chip.run.runner_run.device_wall.config_validate ts=2929 dur=723 clk=dev
[mono_ns=83710383188977][T0x7eb6f8e97740][TIMING] emit_host_span: [STRACE] v=1 pid=3967479 tid=3967479 inv=36 hid=87d82477c49eb8f1 depth=3 name=chip.run.runner_run.device_wall.arena_wire ts=3683 dur=1975 clk=dev
[mono_ns=83710383191661][T0x7eb6f8e97740][TIMING] emit_host_span: [STRACE] v=1 pid=3967479 tid=3967479 inv=36 hid=87d82477c49eb8f1 depth=3 name=chip.run.runner_run.device_wall.sm_reset ts=5676 dur=2276 clk=dev
[mono_ns=83710383192913][T0x7eb6f8e97740][TIMING] emit_host_span: [STRACE] v=1 pid=3967479 tid=3967479 inv=36 hid=87d82477c49eb8f1 depth=3 name=chip.run.runner_run.device_wall.post_orch ts=964139 dur=3794 clk=dev
[mono_ns=83710383195947][T0x7eb6f8e97740][TIMING] emit_host_span: [STRACE] v=1 pid=3967479 tid=3967479 inv=36 hid=87d82477c49eb8f1 depth=3 name=chip.run.runner_run.device_wall.orch ts=8026 dur=685598 clk=dev
[mono_ns=83710383197079][T0x7eb6f8e97740][TIMING] emit_host_span: [STRACE] v=1 pid=3967479 tid=3967479 inv=36 hid=87d82477c49eb8f1 depth=3 name=chip.run.runner_run.device_wall.sched ts=11786 dur=938483 clk=dev
[mono_ns=83710383198391][T0x7eb6f8e97740][TIMING] emit_host_span: [STRACE] v=1 pid=3967479 tid=3967479 inv=36 hid=87d82477c49eb8f1 depth=1 name=chip.run.claim_release ts=83710383198070 dur=51 
[mono_ns=83710383199783][T0x7eb6f8e97740][TIMING] emit_host_span: [STRACE] v=1 pid=3967479 tid=3967479 inv=36 hid=87d82477c49eb8f1 depth=0 name=chip.run ts=83710349162145 dur=34037358 run_id=0 dispatch_id=0 slot_id=0 generation=36 run_epoch=36
[mono_ns=83710410926398][T0x7eb6f8e97740][TIMING] emit_host_span: [STRACE] v=1 pid=3967479 tid=3967479 inv=37 hid=87d82477c49eb8f1 depth=2 name=chip.run.bind.args ts=83710383452983 dur=27472444 
[mono_ns=83710410943294][T0x7eb6f8e97740][TIMING] emit_host_span: [STRACE] v=1 pid=3967479 tid=3967479 inv=37 hid=87d82477c49eb8f1 depth=2 name=chip.run.bind.prebuilt ts=83710410941381 dur=1552 
[mono_ns=83710410945918][T0x7eb6f8e97740][TIMING] emit_host_span: [STRACE] v=1 pid=3967479 tid=3967479 inv=37 hid=87d82477c49eb8f1 depth=1 name=chip.run.bind ts=83710383450870 dur=27494667 
[mono_ns=83710415906683][T0x7eb6f8e97740][WARN] prepare_execution: [device_runner.cpp:342] AICPU CPU_TOPO unavailable; using json_fallback: soc=Ascend950PR_9579 occupy=0x3e stable_reachable=5 requested=0 effective=5 affinity=[1, 2, 3, 4, 5(orch)]
[mono_ns=83710417035648][T0x7eb6f8e97740][TIMING] emit_host_span: [STRACE] v=1 pid=3967479 tid=3967479 inv=37 hid=87d82477c49eb8f1 depth=1 name=chip.run.runner_run ts=83710415961686 dur=1073461 
[mono_ns=83710417376299][T0x7eb6f8e97740][TIMING] emit_host_span: [STRACE] v=1 pid=3967479 tid=3967479 inv=37 hid=87d82477c49eb8f1 depth=1 name=chip.run.validate ts=83710417043600 dur=332269 
[mono_ns=83710417381227][T0x7eb6f8e97740][TIMING] emit_host_span: [STRACE] v=1 pid=3967479 tid=3967479 inv=37 hid=87d82477c49eb8f1 depth=2 name=chip.run.runner_run.device_wall ts=0 dur=937988 clk=dev
[mono_ns=83710417382789][T0x7eb6f8e97740][TIMING] emit_host_span: [STRACE] v=1 pid=3967479 tid=3967479 inv=37 hid=87d82477c49eb8f1 depth=3 name=chip.run.runner_run.device_wall.preamble ts=0 dur=13307 clk=dev
[mono_ns=83710417384071][T0x7eb6f8e97740][TIMING] emit_host_span: [STRACE] v=1 pid=3967479 tid=3967479 inv=37 hid=87d82477c49eb8f1 depth=3 name=chip.run.runner_run.device_wall.graph_build ts=3813 dur=929335 clk=dev
[mono_ns=83710417385553][T0x7eb6f8e97740][TIMING] emit_host_span: [STRACE] v=1 pid=3967479 tid=3967479 inv=37 hid=87d82477c49eb8f1 depth=3 name=chip.run.runner_run.device_wall.config_validate ts=4466 dur=852 clk=dev
[mono_ns=83710417388978][T0x7eb6f8e97740][TIMING] emit_host_span: [STRACE] v=1 pid=3967479 tid=3967479 inv=37 hid=87d82477c49eb8f1 depth=3 name=chip.run.runner_run.device_wall.arena_wire ts=5506 dur=1789 clk=dev
[mono_ns=83710417390250][T0x7eb6f8e97740][TIMING] emit_host_span: [STRACE] v=1 pid=3967479 tid=3967479 inv=37 hid=87d82477c49eb8f1 depth=3 name=chip.run.runner_run.device_wall.sm_reset ts=7313 dur=1879 clk=dev
[mono_ns=83710417391372][T0x7eb6f8e97740][TIMING] emit_host_span: [STRACE] v=1 pid=3967479 tid=3967479 inv=37 hid=87d82477c49eb8f1 depth=3 name=chip.run.runner_run.device_wall.post_orch ts=933316 dur=4612 clk=dev
[mono_ns=83710417392504][T0x7eb6f8e97740][TIMING] emit_host_span: [STRACE] v=1 pid=3967479 tid=3967479 inv=37 hid=87d82477c49eb8f1 depth=3 name=chip.run.runner_run.device_wall.orch ts=9301 dur=679952 clk=dev
[mono_ns=83710417393625][T0x7eb6f8e97740][TIMING] emit_host_span: [STRACE] v=1 pid=3967479 tid=3967479 inv=37 hid=87d82477c49eb8f1 depth=3 name=chip.run.runner_run.device_wall.sched ts=13225 dur=908631 clk=dev
[mono_ns=83710417415178][T0x7eb6f8e97740][TIMING] emit_host_span: [STRACE] v=1 pid=3967479 tid=3967479 inv=37 hid=87d82477c49eb8f1 depth=1 name=chip.run.claim_release ts=83710417414727 dur=140 
[mono_ns=83710417417761][T0x7eb6f8e97740][TIMING] emit_host_span: [STRACE] v=1 pid=3967479 tid=3967479 inv=37 hid=87d82477c49eb8f1 depth=0 name=chip.run ts=83710383448356 dur=33969035 run_id=0 dispatch_id=0 slot_id=0 generation=37 run_epoch=37
[mono_ns=83710445814993][T0x7eb6f8e97740][TIMING] emit_host_span: [STRACE] v=1 pid=3967479 tid=3967479 inv=38 hid=87d82477c49eb8f1 depth=2 name=chip.run.bind.args ts=83710417699945 dur=28114297 
[mono_ns=83710445825229][T0x7eb6f8e97740][TIMING] emit_host_span: [STRACE] v=1 pid=3967479 tid=3967479 inv=38 hid=87d82477c49eb8f1 depth=2 name=chip.run.bind.prebuilt ts=83710445823446 dur=1492 
[mono_ns=83710445826841][T0x7eb6f8e97740][TIMING] emit_host_span: [STRACE] v=1 pid=3967479 tid=3967479 inv=38 hid=87d82477c49eb8f1 depth=1 name=chip.run.bind ts=83710417696961 dur=28129570 
[mono_ns=83710450697532][T0x7eb6f8e97740][WARN] prepare_execution: [device_runner.cpp:342] AICPU CPU_TOPO unavailable; using json_fallback: soc=Ascend950PR_9579 occupy=0x3e stable_reachable=5 requested=0 effective=5 affinity=[1, 2, 3, 4, 5(orch)]
[mono_ns=83710451806366][T0x7eb6f8e97740][TIMING] emit_host_span: [STRACE] v=1 pid=3967479 tid=3967479 inv=38 hid=87d82477c49eb8f1 depth=1 name=chip.run.runner_run ts=83710450748929 dur=1057026 
[mono_ns=83710452147919][T0x7eb6f8e97740][TIMING] emit_host_span: [STRACE] v=1 pid=3967479 tid=3967479 inv=38 hid=87d82477c49eb8f1 depth=1 name=chip.run.validate ts=83710451812966 dur=334662 
[mono_ns=83710452154478][T0x7eb6f8e97740][TIMING] emit_host_span: [STRACE] v=1 pid=3967479 tid=3967479 inv=38 hid=87d82477c49eb8f1 depth=2 name=chip.run.runner_run.device_wall ts=0 dur=934949 clk=dev
[mono_ns=83710452156121][T0x7eb6f8e97740][TIMING] emit_host_span: [STRACE] v=1 pid=3967479 tid=3967479 inv=38 hid=87d82477c49eb8f1 depth=3 name=chip.run.runner_run.device_wall.preamble ts=0 dur=13937 clk=dev
[mono_ns=83710452157323][T0x7eb6f8e97740][TIMING] emit_host_span: [STRACE] v=1 pid=3967479 tid=3967479 inv=38 hid=87d82477c49eb8f1 depth=3 name=chip.run.runner_run.device_wall.graph_build ts=4753 dur=925448 clk=dev
[mono_ns=83710452158484][T0x7eb6f8e97740][TIMING] emit_host_span: [STRACE] v=1 pid=3967479 tid=3967479 inv=38 hid=87d82477c49eb8f1 depth=3 name=chip.run.runner_run.device_wall.config_validate ts=5085 dur=1133 clk=dev
[mono_ns=83710452159606][T0x7eb6f8e97740][TIMING] emit_host_span: [STRACE] v=1 pid=3967479 tid=3967479 inv=38 hid=87d82477c49eb8f1 depth=3 name=chip.run.runner_run.device_wall.arena_wire ts=6403 dur=1797 clk=dev
[mono_ns=83710452161950][T0x7eb6f8e97740][TIMING] emit_host_span: [STRACE] v=1 pid=3967479 tid=3967479 inv=38 hid=87d82477c49eb8f1 depth=3 name=chip.run.runner_run.device_wall.sm_reset ts=8295 dur=2292 clk=dev
[mono_ns=83710452163542][T0x7eb6f8e97740][TIMING] emit_host_span: [STRACE] v=1 pid=3967479 tid=3967479 inv=38 hid=87d82477c49eb8f1 depth=3 name=chip.run.runner_run.device_wall.post_orch ts=930236 dur=4109 clk=dev
[mono_ns=83710452164804][T0x7eb6f8e97740][TIMING] emit_host_span: [STRACE] v=1 pid=3967479 tid=3967479 inv=38 hid=87d82477c49eb8f1 depth=3 name=chip.run.runner_run.device_wall.orch ts=10663 dur=696976 clk=dev
[mono_ns=83710452165936][T0x7eb6f8e97740][TIMING] emit_host_span: [STRACE] v=1 pid=3967479 tid=3967479 inv=38 hid=87d82477c49eb8f1 depth=3 name=chip.run.runner_run.device_wall.sched ts=13439 dur=901401 clk=dev
[mono_ns=83710452167198][T0x7eb6f8e97740][TIMING] emit_host_span: [STRACE] v=1 pid=3967479 tid=3967479 inv=38 hid=87d82477c49eb8f1 depth=1 name=chip.run.claim_release ts=83710452166897 dur=60 
[mono_ns=83710452168690][T0x7eb6f8e97740][TIMING] emit_host_span: [STRACE] v=1 pid=3967479 tid=3967479 inv=38 hid=87d82477c49eb8f1 depth=0 name=chip.run ts=83710417693786 dur=34474603 run_id=0 dispatch_id=0 slot_id=0 generation=38 run_epoch=38
[mono_ns=83710483457752][T0x7eb6f8e97740][TIMING] emit_host_span: [STRACE] v=1 pid=3967479 tid=3967479 inv=39 hid=87d82477c49eb8f1 depth=2 name=chip.run.bind.args ts=83710452424233 dur=31033048 
[mono_ns=83710483471984][T0x7eb6f8e97740][TIMING] emit_host_span: [STRACE] v=1 pid=3967479 tid=3967479 inv=39 hid=87d82477c49eb8f1 depth=2 name=chip.run.bind.prebuilt ts=83710483470611 dur=1082 
[mono_ns=83710483473546][T0x7eb6f8e97740][TIMING] emit_host_span: [STRACE] v=1 pid=3967479 tid=3967479 inv=39 hid=87d82477c49eb8f1 depth=1 name=chip.run.bind ts=83710452421920 dur=31051386 
[mono_ns=83710488416815][T0x7eb6f8e97740][WARN] prepare_execution: [device_runner.cpp:342] AICPU CPU_TOPO unavailable; using json_fallback: soc=Ascend950PR_9579 occupy=0x3e stable_reachable=5 requested=0 effective=5 affinity=[1, 2, 3, 4, 5(orch)]
[mono_ns=83710489545870][T0x7eb6f8e97740][TIMING] emit_host_span: [STRACE] v=1 pid=3967479 tid=3967479 inv=39 hid=87d82477c49eb8f1 depth=1 name=chip.run.runner_run ts=83710488452729 dur=1092760 
[mono_ns=83710489868334][T0x7eb6f8e97740][TIMING] emit_host_span: [STRACE] v=1 pid=3967479 tid=3967479 inv=39 hid=87d82477c49eb8f1 depth=1 name=chip.run.validate ts=83710489552079 dur=315914 
[mono_ns=83710489872931][T0x7eb6f8e97740][TIMING] emit_host_span: [STRACE] v=1 pid=3967479 tid=3967479 inv=39 hid=87d82477c49eb8f1 depth=2 name=chip.run.runner_run.device_wall ts=0 dur=979569 clk=dev
[mono_ns=83710489874263][T0x7eb6f8e97740][TIMING] emit_host_span: [STRACE] v=1 pid=3967479 tid=3967479 inv=39 hid=87d82477c49eb8f1 depth=3 name=chip.run.runner_run.device_wall.preamble ts=0 dur=16644 clk=dev
[mono_ns=83710489875445][T0x7eb6f8e97740][TIMING] emit_host_span: [STRACE] v=1 pid=3967479 tid=3967479 inv=39 hid=87d82477c49eb8f1 depth=3 name=chip.run.runner_run.device_wall.graph_build ts=6127 dur=968800 clk=dev
[mono_ns=83710489876586][T0x7eb6f8e97740][TIMING] emit_host_span: [STRACE] v=1 pid=3967479 tid=3967479 inv=39 hid=87d82477c49eb8f1 depth=3 name=chip.run.runner_run.device_wall.config_validate ts=6783 dur=590 clk=dev
[mono_ns=83710489877948][T0x7eb6f8e97740][TIMING] emit_host_span: [STRACE] v=1 pid=3967479 tid=3967479 inv=39 hid=87d82477c49eb8f1 depth=3 name=chip.run.runner_run.device_wall.arena_wire ts=7435 dur=2449 clk=dev
[mono_ns=83710489879711][T0x7eb6f8e97740][TIMING] emit_host_span: [STRACE] v=1 pid=3967479 tid=3967479 inv=39 hid=87d82477c49eb8f1 depth=3 name=chip.run.runner_run.device_wall.sm_reset ts=9903 dur=2352 clk=dev
[mono_ns=83710489881023][T0x7eb6f8e97740][TIMING] emit_host_span: [STRACE] v=1 pid=3967479 tid=3967479 inv=39 hid=87d82477c49eb8f1 depth=3 name=chip.run.runner_run.device_wall.post_orch ts=974950 dur=4250 clk=dev
[mono_ns=83710489882145][T0x7eb6f8e97740][TIMING] emit_host_span: [STRACE] v=1 pid=3967479 tid=3967479 inv=39 hid=87d82477c49eb8f1 depth=3 name=chip.run.runner_run.device_wall.orch ts=12292 dur=707316 clk=dev
[mono_ns=83710489883276][T0x7eb6f8e97740][TIMING] emit_host_span: [STRACE] v=1 pid=3967479 tid=3967479 inv=39 hid=87d82477c49eb8f1 depth=3 name=chip.run.runner_run.device_wall.sched ts=16191 dur=944691 clk=dev
[mono_ns=83710489884568][T0x7eb6f8e97740][TIMING] emit_host_span: [STRACE] v=1 pid=3967479 tid=3967479 inv=39 hid=87d82477c49eb8f1 depth=1 name=chip.run.claim_release ts=83710489884258 dur=40 
[mono_ns=83710489886010][T0x7eb6f8e97740][TIMING] emit_host_span: [STRACE] v=1 pid=3967479 tid=3967479 inv=39 hid=87d82477c49eb8f1 depth=0 name=chip.run ts=83710452419596 dur=37466134 run_id=0 dispatch_id=0 slot_id=0 generation=39 run_epoch=39
[mono_ns=83710520368903][T0x7eb6f8e97740][TIMING] emit_host_span: [STRACE] v=1 pid=3967479 tid=3967479 inv=40 hid=87d82477c49eb8f1 depth=2 name=chip.run.bind.args ts=83710490157899 dur=30210573 
[mono_ns=83710520378447][T0x7eb6f8e97740][TIMING] emit_host_span: [STRACE] v=1 pid=3967479 tid=3967479 inv=40 hid=87d82477c49eb8f1 depth=2 name=chip.run.bind.prebuilt ts=83710520376845 dur=1312 
[mono_ns=83710520380070][T0x7eb6f8e97740][TIMING] emit_host_span: [STRACE] v=1 pid=3967479 tid=3967479 inv=40 hid=87d82477c49eb8f1 depth=1 name=chip.run.bind ts=83710490156056 dur=30223763 
[mono_ns=83710525248427][T0x7eb6f8e97740][WARN] prepare_execution: [device_runner.cpp:342] AICPU CPU_TOPO unavailable; using json_fallback: soc=Ascend950PR_9579 occupy=0x3e stable_reachable=5 requested=0 effective=5 affinity=[1, 2, 3, 4, 5(orch)]
[mono_ns=83710526359334][T0x7eb6f8e97740][TIMING] emit_host_span: [STRACE] v=1 pid=3967479 tid=3967479 inv=40 hid=87d82477c49eb8f1 depth=1 name=chip.run.runner_run ts=83710525284481 dur=1074462 
[mono_ns=83710526696851][T0x7eb6f8e97740][TIMING] emit_host_span: [STRACE] v=1 pid=3967479 tid=3967479 inv=40 hid=87d82477c49eb8f1 depth=1 name=chip.run.validate ts=83710526366064 dur=330436 
[mono_ns=83710526702329][T0x7eb6f8e97740][TIMING] emit_host_span: [STRACE] v=1 pid=3967479 tid=3967479 inv=40 hid=87d82477c49eb8f1 depth=2 name=chip.run.runner_run.device_wall ts=0 dur=971411 clk=dev
[mono_ns=83710526703731][T0x7eb6f8e97740][TIMING] emit_host_span: [STRACE] v=1 pid=3967479 tid=3967479 inv=40 hid=87d82477c49eb8f1 depth=3 name=chip.run.runner_run.device_wall.preamble ts=0 dur=14043 clk=dev
[mono_ns=83710526704893][T0x7eb6f8e97740][TIMING] emit_host_span: [STRACE] v=1 pid=3967479 tid=3967479 inv=40 hid=87d82477c49eb8f1 depth=3 name=chip.run.runner_run.device_wall.graph_build ts=3827 dur=962969 clk=dev
[mono_ns=83710526706044][T0x7eb6f8e97740][TIMING] emit_host_span: [STRACE] v=1 pid=3967479 tid=3967479 inv=40 hid=87d82477c49eb8f1 depth=3 name=chip.run.runner_run.device_wall.config_validate ts=4488 dur=732 clk=dev
[mono_ns=83710526707477][T0x7eb6f8e97740][TIMING] emit_host_span: [STRACE] v=1 pid=3967479 tid=3967479 inv=40 hid=87d82477c49eb8f1 depth=3 name=chip.run.runner_run.device_wall.arena_wire ts=5361 dur=2070 clk=dev
[mono_ns=83710526709439][T0x7eb6f8e97740][TIMING] emit_host_span: [STRACE] v=1 pid=3967479 tid=3967479 inv=40 hid=87d82477c49eb8f1 depth=3 name=chip.run.runner_run.device_wall.sm_reset ts=7444 dur=2247 clk=dev
[mono_ns=83710526711553][T0x7eb6f8e97740][TIMING] emit_host_span: [STRACE] v=1 pid=3967479 tid=3967479 inv=40 hid=87d82477c49eb8f1 depth=3 name=chip.run.runner_run.device_wall.post_orch ts=966822 dur=4142 clk=dev
[mono_ns=83710526713065][T0x7eb6f8e97740][TIMING] emit_host_span: [STRACE] v=1 pid=3967479 tid=3967479 inv=40 hid=87d82477c49eb8f1 depth=3 name=chip.run.runner_run.device_wall.orch ts=9781 dur=704933 clk=dev
[mono_ns=83710526714187][T0x7eb6f8e97740][TIMING] emit_host_span: [STRACE] v=1 pid=3967479 tid=3967479 inv=40 hid=87d82477c49eb8f1 depth=3 name=chip.run.runner_run.device_wall.sched ts=13623 dur=938597 clk=dev
[mono_ns=83710526715448][T0x7eb6f8e97740][TIMING] emit_host_span: [STRACE] v=1 pid=3967479 tid=3967479 inv=40 hid=87d82477c49eb8f1 depth=1 name=chip.run.claim_release ts=83710526715158 dur=30 
[mono_ns=83710526716841][T0x7eb6f8e97740][TIMING] emit_host_span: [STRACE] v=1 pid=3967479 tid=3967479 inv=40 hid=87d82477c49eb8f1 depth=0 name=chip.run ts=83710490153933 dur=36562627 run_id=0 dispatch_id=0 slot_id=0 generation=40 run_epoch=40
[mono_ns=83710561238505][T0x7eb6f8e97740][TIMING] emit_host_span: [STRACE] v=1 pid=3967479 tid=3967479 inv=41 hid=87d82477c49eb8f1 depth=2 name=chip.run.bind.args ts=83710526959335 dur=34277027 
[mono_ns=83710561254158][T0x7eb6f8e97740][TIMING] emit_host_span: [STRACE] v=1 pid=3967479 tid=3967479 inv=41 hid=87d82477c49eb8f1 depth=2 name=chip.run.bind.prebuilt ts=83710561249201 dur=4657 
[mono_ns=83710561256181][T0x7eb6f8e97740][TIMING] emit_host_span: [STRACE] v=1 pid=3967479 tid=3967479 inv=41 hid=87d82477c49eb8f1 depth=1 name=chip.run.bind ts=83710526957702 dur=34298209 
[mono_ns=83710566163256][T0x7eb6f8e97740][WARN] prepare_execution: [device_runner.cpp:342] AICPU CPU_TOPO unavailable; using json_fallback: soc=Ascend950PR_9579 occupy=0x3e stable_reachable=5 requested=0 effective=5 affinity=[1, 2, 3, 4, 5(orch)]
[mono_ns=83710567601465][T0x7eb6f8e97740][TIMING] emit_host_span: [STRACE] v=1 pid=3967479 tid=3967479 inv=41 hid=87d82477c49eb8f1 depth=1 name=chip.run.runner_run ts=83710566210928 dur=1384548 
[mono_ns=83710568289137][T0x7eb6f8e97740][TIMING] emit_host_span: [STRACE] v=1 pid=3967479 tid=3967479 inv=41 hid=87d82477c49eb8f1 depth=1 name=chip.run.validate ts=83710567647644 dur=640662 
[mono_ns=83710568303409][T0x7eb6f8e97740][TIMING] emit_host_span: [STRACE] v=1 pid=3967479 tid=3967479 inv=41 hid=87d82477c49eb8f1 depth=2 name=chip.run.runner_run.device_wall ts=0 dur=972057 clk=dev
[mono_ns=83710568305842][T0x7eb6f8e97740][TIMING] emit_host_span: [STRACE] v=1 pid=3967479 tid=3967479 inv=41 hid=87d82477c49eb8f1 depth=3 name=chip.run.runner_run.device_wall.preamble ts=0 dur=14411 clk=dev
[mono_ns=83710568307405][T0x7eb6f8e97740][TIMING] emit_host_span: [STRACE] v=1 pid=3967479 tid=3967479 inv=41 hid=87d82477c49eb8f1 depth=3 name=chip.run.runner_run.device_wall.graph_build ts=4152 dur=962919 clk=dev
[mono_ns=83710568309388][T0x7eb6f8e97740][TIMING] emit_host_span: [STRACE] v=1 pid=3967479 tid=3967479 inv=41 hid=87d82477c49eb8f1 depth=3 name=chip.run.runner_run.device_wall.config_validate ts=4818 dur=981 clk=dev
[mono_ns=83710568312212][T0x7eb6f8e97740][TIMING] emit_host_span: [STRACE] v=1 pid=3967479 tid=3967479 inv=41 hid=87d82477c49eb8f1 depth=3 name=chip.run.runner_run.device_wall.arena_wire ts=5829 dur=2443 clk=dev
[mono_ns=83710568314225][T0x7eb6f8e97740][TIMING] emit_host_span: [STRACE] v=1 pid=3967479 tid=3967479 inv=41 hid=87d82477c49eb8f1 depth=3 name=chip.run.runner_run.device_wall.sm_reset ts=8285 dur=1928 clk=dev
[mono_ns=83710568315617][T0x7eb6f8e97740][TIMING] emit_host_span: [STRACE] v=1 pid=3967479 tid=3967479 inv=41 hid=87d82477c49eb8f1 depth=3 name=chip.run.runner_run.device_wall.post_orch ts=967100 dur=4812 clk=dev
[mono_ns=83710568316769][T0x7eb6f8e97740][TIMING] emit_host_span: [STRACE] v=1 pid=3967479 tid=3967479 inv=41 hid=87d82477c49eb8f1 depth=3 name=chip.run.runner_run.device_wall.orch ts=10248 dur=733686 clk=dev
[mono_ns=83710568317930][T0x7eb6f8e97740][TIMING] emit_host_span: [STRACE] v=1 pid=3967479 tid=3967479 inv=41 hid=87d82477c49eb8f1 depth=3 name=chip.run.runner_run.device_wall.sched ts=13953 dur=937954 clk=dev
[mono_ns=83710568319793][T0x7eb6f8e97740][TIMING] emit_host_span: [STRACE] v=1 pid=3967479 tid=3967479 inv=41 hid=87d82477c49eb8f1 depth=1 name=chip.run.claim_release ts=83710568318972 dur=511 
[mono_ns=83710568322427][T0x7eb6f8e97740][TIMING] emit_host_span: [STRACE] v=1 pid=3967479 tid=3967479 inv=41 hid=87d82477c49eb8f1 depth=0 name=chip.run ts=83710526955519 dur=41366317 run_id=0 dispatch_id=0 slot_id=0 generation=41 run_epoch=41
[mono_ns=83710616369842][T0x7eb6f8e97740][TIMING] emit_host_span: [STRACE] v=1 pid=3967479 tid=3967479 inv=42 hid=87d82477c49eb8f1 depth=2 name=chip.run.bind.args ts=83710568921867 dur=47447084 
[mono_ns=83710616389252][T0x7eb6f8e97740][TIMING] emit_host_span: [STRACE] v=1 pid=3967479 tid=3967479 inv=42 hid=87d82477c49eb8f1 depth=2 name=chip.run.bind.prebuilt ts=83710616384234 dur=4607 
[mono_ns=83710616391745][T0x7eb6f8e97740][TIMING] emit_host_span: [STRACE] v=1 pid=3967479 tid=3967479 inv=42 hid=87d82477c49eb8f1 depth=1 name=chip.run.bind ts=83710568912974 dur=47478251 
[mono_ns=83710621512481][T0x7eb6f8e97740][WARN] prepare_execution: [device_runner.cpp:342] AICPU CPU_TOPO unavailable; using json_fallback: soc=Ascend950PR_9579 occupy=0x3e stable_reachable=5 requested=0 effective=5 affinity=[1, 2, 3, 4, 5(orch)]
[mono_ns=83710622706573][T0x7eb6f8e97740][TIMING] emit_host_span: [STRACE] v=1 pid=3967479 tid=3967479 inv=42 hid=87d82477c49eb8f1 depth=1 name=chip.run.runner_run ts=83710621582116 dur=1123877 
[mono_ns=83710623092012][T0x7eb6f8e97740][TIMING] emit_host_span: [STRACE] v=1 pid=3967479 tid=3967479 inv=42 hid=87d82477c49eb8f1 depth=1 name=chip.run.validate ts=83710622715877 dur=375744 
[mono_ns=83710623099283][T0x7eb6f8e97740][TIMING] emit_host_span: [STRACE] v=1 pid=3967479 tid=3967479 inv=42 hid=87d82477c49eb8f1 depth=2 name=chip.run.runner_run.device_wall ts=0 dur=942154 clk=dev
[mono_ns=83710623101186][T0x7eb6f8e97740][TIMING] emit_host_span: [STRACE] v=1 pid=3967479 tid=3967479 inv=42 hid=87d82477c49eb8f1 depth=3 name=chip.run.runner_run.device_wall.preamble ts=0 dur=15685 clk=dev
[mono_ns=83710623102398][T0x7eb6f8e97740][TIMING] emit_host_span: [STRACE] v=1 pid=3967479 tid=3967479 inv=42 hid=87d82477c49eb8f1 depth=3 name=chip.run.runner_run.device_wall.graph_build ts=5489 dur=932733 clk=dev
[mono_ns=83710623107305][T0x7eb6f8e97740][TIMING] emit_host_span: [STRACE] v=1 pid=3967479 tid=3967479 inv=42 hid=87d82477c49eb8f1 depth=3 name=chip.run.runner_run.device_wall.config_validate ts=6143 dur=911 clk=dev
[mono_ns=83710623108697][T0x7eb6f8e97740][TIMING] emit_host_span: [STRACE] v=1 pid=3967479 tid=3967479 inv=42 hid=87d82477c49eb8f1 depth=3 name=chip.run.runner_run.device_wall.arena_wire ts=7242 dur=1903 clk=dev
[mono_ns=83710623109789][T0x7eb6f8e97740][TIMING] emit_host_span: [STRACE] v=1 pid=3967479 tid=3967479 inv=42 hid=87d82477c49eb8f1 depth=3 name=chip.run.runner_run.device_wall.sm_reset ts=9339 dur=2212 clk=dev
[mono_ns=83710623110900][T0x7eb6f8e97740][TIMING] emit_host_span: [STRACE] v=1 pid=3967479 tid=3967479 inv=42 hid=87d82477c49eb8f1 depth=3 name=chip.run.runner_run.device_wall.post_orch ts=938241 dur=3481 clk=dev
[mono_ns=83710623112032][T0x7eb6f8e97740][TIMING] emit_host_span: [STRACE] v=1 pid=3967479 tid=3967479 inv=42 hid=87d82477c49eb8f1 depth=3 name=chip.run.runner_run.device_wall.orch ts=11586 dur=694593 clk=dev
[mono_ns=83710623113154][T0x7eb6f8e97740][TIMING] emit_host_span: [STRACE] v=1 pid=3967479 tid=3967479 inv=42 hid=87d82477c49eb8f1 depth=3 name=chip.run.runner_run.device_wall.sched ts=15164 dur=907828 clk=dev
[mono_ns=83710623114516][T0x7eb6f8e97740][TIMING] emit_host_span: [STRACE] v=1 pid=3967479 tid=3967479 inv=42 hid=87d82477c49eb8f1 depth=1 name=chip.run.claim_release ts=83710623114125 dur=90 
[mono_ns=83710623115988][T0x7eb6f8e97740][TIMING] emit_host_span: [STRACE] v=1 pid=3967479 tid=3967479 inv=42 hid=87d82477c49eb8f1 depth=0 name=chip.run ts=83710568904371 dur=54211296 run_id=0 dispatch_id=0 slot_id=0 generation=42 run_epoch=42
[mono_ns=83710662341192][T0x7eb6f8e97740][TIMING] emit_host_span: [STRACE] v=1 pid=3967479 tid=3967479 inv=43 hid=87d82477c49eb8f1 depth=2 name=chip.run.bind.args ts=83710623470530 dur=38870021 
[mono_ns=83710662354001][T0x7eb6f8e97740][TIMING] emit_host_span: [STRACE] v=1 pid=3967479 tid=3967479 inv=43 hid=87d82477c49eb8f1 depth=2 name=chip.run.bind.prebuilt ts=83710662350976 dur=2454 
[mono_ns=83710662356134][T0x7eb6f8e97740][TIMING] emit_host_span: [STRACE] v=1 pid=3967479 tid=3967479 inv=43 hid=87d82477c49eb8f1 depth=1 name=chip.run.bind ts=83710623467265 dur=38888459 
[mono_ns=83710667373895][T0x7eb6f8e97740][WARN] prepare_execution: [device_runner.cpp:342] AICPU CPU_TOPO unavailable; using json_fallback: soc=Ascend950PR_9579 occupy=0x3e stable_reachable=5 requested=0 effective=5 affinity=[1, 2, 3, 4, 5(orch)]
[mono_ns=83710668565234][T0x7eb6f8e97740][TIMING] emit_host_span: [STRACE] v=1 pid=3967479 tid=3967479 inv=43 hid=87d82477c49eb8f1 depth=1 name=chip.run.runner_run ts=83710667436570 dur=1128093 
[mono_ns=83710668939575][T0x7eb6f8e97740][TIMING] emit_host_span: [STRACE] v=1 pid=3967479 tid=3967479 inv=43 hid=87d82477c49eb8f1 depth=1 name=chip.run.validate ts=83710668573095 dur=365930 
[mono_ns=83710668945524][T0x7eb6f8e97740][TIMING] emit_host_span: [STRACE] v=1 pid=3967479 tid=3967479 inv=43 hid=87d82477c49eb8f1 depth=2 name=chip.run.runner_run.device_wall ts=0 dur=993699 clk=dev
[mono_ns=83710668947307][T0x7eb6f8e97740][TIMING] emit_host_span: [STRACE] v=1 pid=3967479 tid=3967479 inv=43 hid=87d82477c49eb8f1 depth=3 name=chip.run.runner_run.device_wall.preamble ts=0 dur=16212 clk=dev
[mono_ns=83710668948559][T0x7eb6f8e97740][TIMING] emit_host_span: [STRACE] v=1 pid=3967479 tid=3967479 inv=43 hid=87d82477c49eb8f1 depth=3 name=chip.run.runner_run.device_wall.graph_build ts=5620 dur=982891 clk=dev
[mono_ns=83710668950021][T0x7eb6f8e97740][TIMING] emit_host_span: [STRACE] v=1 pid=3967479 tid=3967479 inv=43 hid=87d82477c49eb8f1 depth=3 name=chip.run.runner_run.device_wall.config_validate ts=6301 dur=883 clk=dev
[mono_ns=83710668951914][T0x7eb6f8e97740][TIMING] emit_host_span: [STRACE] v=1 pid=3967479 tid=3967479 inv=43 hid=87d82477c49eb8f1 depth=3 name=chip.run.runner_run.device_wall.arena_wire ts=7320 dur=2327 clk=dev
[mono_ns=83710668956210][T0x7eb6f8e97740][TIMING] emit_host_span: [STRACE] v=1 pid=3967479 tid=3967479 inv=43 hid=87d82477c49eb8f1 depth=3 name=chip.run.runner_run.device_wall.sm_reset ts=9667 dur=2865 clk=dev
[mono_ns=83710668957582][T0x7eb6f8e97740][TIMING] emit_host_span: [STRACE] v=1 pid=3967479 tid=3967479 inv=43 hid=87d82477c49eb8f1 depth=3 name=chip.run.runner_run.device_wall.post_orch ts=988544 dur=4702 clk=dev
[mono_ns=83710668958714][T0x7eb6f8e97740][TIMING] emit_host_span: [STRACE] v=1 pid=3967479 tid=3967479 inv=43 hid=87d82477c49eb8f1 depth=3 name=chip.run.runner_run.device_wall.orch ts=12570 dur=676865 clk=dev
[mono_ns=83710668959826][T0x7eb6f8e97740][TIMING] emit_host_span: [STRACE] v=1 pid=3967479 tid=3967479 inv=43 hid=87d82477c49eb8f1 depth=3 name=chip.run.runner_run.device_wall.sched ts=15756 dur=959180 clk=dev
[mono_ns=83710668961188][T0x7eb6f8e97740][TIMING] emit_host_span: [STRACE] v=1 pid=3967479 tid=3967479 inv=43 hid=87d82477c49eb8f1 depth=1 name=chip.run.claim_release ts=83710668960857 dur=80 
[mono_ns=83710668962690][T0x7eb6f8e97740][TIMING] emit_host_span: [STRACE] v=1 pid=3967479 tid=3967479 inv=43 hid=87d82477c49eb8f1 depth=0 name=chip.run ts=83710623462468 dur=45499912 run_id=0 dispatch_id=0 slot_id=0 generation=43 run_epoch=43
[mono_ns=83710702804955][T0x7eb6f8e97740][TIMING] emit_host_span: [STRACE] v=1 pid=3967479 tid=3967479 inv=44 hid=87d82477c49eb8f1 depth=2 name=chip.run.bind.args ts=83710669279926 dur=33524568 
[mono_ns=83710702817043][T0x7eb6f8e97740][TIMING] emit_host_span: [STRACE] v=1 pid=3967479 tid=3967479 inv=44 hid=87d82477c49eb8f1 depth=2 name=chip.run.bind.prebuilt ts=83710702814379 dur=2233 
[mono_ns=83710702818795][T0x7eb6f8e97740][TIMING] emit_host_span: [STRACE] v=1 pid=3967479 tid=3967479 inv=44 hid=87d82477c49eb8f1 depth=1 name=chip.run.bind ts=83710669277282 dur=33541233 
[mono_ns=83710707829216][T0x7eb6f8e97740][WARN] prepare_execution: [device_runner.cpp:342] AICPU CPU_TOPO unavailable; using json_fallback: soc=Ascend950PR_9579 occupy=0x3e stable_reachable=5 requested=0 effective=5 affinity=[1, 2, 3, 4, 5(orch)]
[mono_ns=83710708967254][T0x7eb6f8e97740][TIMING] emit_host_span: [STRACE] v=1 pid=3967479 tid=3967479 inv=44 hid=87d82477c49eb8f1 depth=1 name=chip.run.runner_run ts=83710707892330 dur=1074553 
[mono_ns=83710709328366][T0x7eb6f8e97740][TIMING] emit_host_span: [STRACE] v=1 pid=3967479 tid=3967479 inv=44 hid=87d82477c49eb8f1 depth=1 name=chip.run.validate ts=83710708974775 dur=353090 
[mono_ns=83710709335416][T0x7eb6f8e97740][TIMING] emit_host_span: [STRACE] v=1 pid=3967479 tid=3967479 inv=44 hid=87d82477c49eb8f1 depth=2 name=chip.run.runner_run.device_wall ts=0 dur=945850 clk=dev
[mono_ns=83710709337209][T0x7eb6f8e97740][TIMING] emit_host_span: [STRACE] v=1 pid=3967479 tid=3967479 inv=44 hid=87d82477c49eb8f1 depth=3 name=chip.run.runner_run.device_wall.preamble ts=0 dur=11465 clk=dev
[mono_ns=83710709338471][T0x7eb6f8e97740][TIMING] emit_host_span: [STRACE] v=1 pid=3967479 tid=3967479 inv=44 hid=87d82477c49eb8f1 depth=3 name=chip.run.runner_run.device_wall.graph_build ts=2214 dur=939226 clk=dev
[mono_ns=83710709339623][T0x7eb6f8e97740][TIMING] emit_host_span: [STRACE] v=1 pid=3967479 tid=3967479 inv=44 hid=87d82477c49eb8f1 depth=3 name=chip.run.runner_run.device_wall.config_validate ts=2639 dur=801 clk=dev
[mono_ns=83710709341045][T0x7eb6f8e97740][TIMING] emit_host_span: [STRACE] v=1 pid=3967479 tid=3967479 inv=44 hid=87d82477c49eb8f1 depth=3 name=chip.run.runner_run.device_wall.arena_wire ts=3476 dur=1658 clk=dev
[mono_ns=83710709342978][T0x7eb6f8e97740][TIMING] emit_host_span: [STRACE] v=1 pid=3967479 tid=3967479 inv=44 hid=87d82477c49eb8f1 depth=3 name=chip.run.runner_run.device_wall.sm_reset ts=5154 dur=2359 clk=dev
[mono_ns=83710709344340][T0x7eb6f8e97740][TIMING] emit_host_span: [STRACE] v=1 pid=3967479 tid=3967479 inv=44 hid=87d82477c49eb8f1 depth=3 name=chip.run.runner_run.device_wall.post_orch ts=941469 dur=4271 clk=dev
[mono_ns=83710709345461][T0x7eb6f8e97740][TIMING] emit_host_span: [STRACE] v=1 pid=3967479 tid=3967479 inv=44 hid=87d82477c49eb8f1 depth=3 name=chip.run.runner_run.device_wall.orch ts=7536 dur=687664 clk=dev
[mono_ns=83710709348266][T0x7eb6f8e97740][TIMING] emit_host_span: [STRACE] v=1 pid=3967479 tid=3967479 inv=44 hid=87d82477c49eb8f1 depth=3 name=chip.run.runner_run.device_wall.sched ts=10929 dur=915580 clk=dev
[mono_ns=83710709349608][T0x7eb6f8e97740][TIMING] emit_host_span: [STRACE] v=1 pid=3967479 tid=3967479 inv=44 hid=87d82477c49eb8f1 depth=1 name=chip.run.claim_release ts=83710709349277 dur=80 
[mono_ns=83710709350910][T0x7eb6f8e97740][TIMING] emit_host_span: [STRACE] v=1 pid=3967479 tid=3967479 inv=44 hid=87d82477c49eb8f1 depth=0 name=chip.run ts=83710669273697 dur=40076932 run_id=0 dispatch_id=0 slot_id=0 generation=44 run_epoch=44
[mono_ns=83710742009738][T0x7eb6f8e97740][TIMING] emit_host_span: [STRACE] v=1 pid=3967479 tid=3967479 inv=45 hid=87d82477c49eb8f1 depth=2 name=chip.run.bind.args ts=83710709632262 dur=32376985 
[mono_ns=83710742021686][T0x7eb6f8e97740][TIMING] emit_host_span: [STRACE] v=1 pid=3967479 tid=3967479 inv=45 hid=87d82477c49eb8f1 depth=2 name=chip.run.bind.prebuilt ts=83710742018972 dur=2253 
[mono_ns=83710742023619][T0x7eb6f8e97740][TIMING] emit_host_span: [STRACE] v=1 pid=3967479 tid=3967479 inv=45 hid=87d82477c49eb8f1 depth=1 name=chip.run.bind ts=83710709630509 dur=32392789 
[mono_ns=83710747043623][T0x7eb6f8e97740][WARN] prepare_execution: [device_runner.cpp:342] AICPU CPU_TOPO unavailable; using json_fallback: soc=Ascend950PR_9579 occupy=0x3e stable_reachable=5 requested=0 effective=5 affinity=[1, 2, 3, 4, 5(orch)]
[mono_ns=83710748272718][T0x7eb6f8e97740][TIMING] emit_host_span: [STRACE] v=1 pid=3967479 tid=3967479 inv=45 hid=87d82477c49eb8f1 depth=1 name=chip.run.runner_run ts=83710747104775 dur=1167603 
[mono_ns=83710748627340][T0x7eb6f8e97740][TIMING] emit_host_span: [STRACE] v=1 pid=3967479 tid=3967479 inv=45 hid=87d82477c49eb8f1 depth=1 name=chip.run.validate ts=83710748280870 dur=346110 
[mono_ns=83710748633650][T0x7eb6f8e97740][TIMING] emit_host_span: [STRACE] v=1 pid=3967479 tid=3967479 inv=45 hid=87d82477c49eb8f1 depth=2 name=chip.run.runner_run.device_wall ts=0 dur=1040294 clk=dev
[mono_ns=83710748635432][T0x7eb6f8e97740][TIMING] emit_host_span: [STRACE] v=1 pid=3967479 tid=3967479 inv=45 hid=87d82477c49eb8f1 depth=3 name=chip.run.runner_run.device_wall.preamble ts=0 dur=15271 clk=dev
[mono_ns=83710748636584][T0x7eb6f8e97740][TIMING] emit_host_span: [STRACE] v=1 pid=3967479 tid=3967479 inv=45 hid=87d82477c49eb8f1 depth=3 name=chip.run.runner_run.device_wall.graph_build ts=5406 dur=1030008 clk=dev
[mono_ns=83710748638026][T0x7eb6f8e97740][TIMING] emit_host_span: [STRACE] v=1 pid=3967479 tid=3967479 inv=45 hid=87d82477c49eb8f1 depth=3 name=chip.run.runner_run.device_wall.config_validate ts=5839 dur=824 clk=dev
[mono_ns=83710748640210][T0x7eb6f8e97740][TIMING] emit_host_span: [STRACE] v=1 pid=3967479 tid=3967479 inv=45 hid=87d82477c49eb8f1 depth=3 name=chip.run.runner_run.device_wall.arena_wire ts=6816 dur=2290 clk=dev
[mono_ns=83710748642022][T0x7eb6f8e97740][TIMING] emit_host_span: [STRACE] v=1 pid=3967479 tid=3967479 inv=45 hid=87d82477c49eb8f1 depth=3 name=chip.run.runner_run.device_wall.sm_reset ts=9130 dur=2032 clk=dev
[mono_ns=83710748643424][T0x7eb6f8e97740][TIMING] emit_host_span: [STRACE] v=1 pid=3967479 tid=3967479 inv=45 hid=87d82477c49eb8f1 depth=3 name=chip.run.runner_run.device_wall.post_orch ts=1035440 dur=4465 clk=dev
[mono_ns=83710748644566][T0x7eb6f8e97740][TIMING] emit_host_span: [STRACE] v=1 pid=3967479 tid=3967479 inv=45 hid=87d82477c49eb8f1 depth=3 name=chip.run.runner_run.device_wall.orch ts=11203 dur=677215 clk=dev
[mono_ns=83710748645678][T0x7eb6f8e97740][TIMING] emit_host_span: [STRACE] v=1 pid=3967479 tid=3967479 inv=45 hid=87d82477c49eb8f1 depth=3 name=chip.run.runner_run.device_wall.sched ts=14867 dur=1009074 clk=dev
[mono_ns=83710748647000][T0x7eb6f8e97740][TIMING] emit_host_span: [STRACE] v=1 pid=3967479 tid=3967479 inv=45 hid=87d82477c49eb8f1 depth=1 name=chip.run.claim_release ts=83710748646659 dur=60 
[mono_ns=83710748648322][T0x7eb6f8e97740][TIMING] emit_host_span: [STRACE] v=1 pid=3967479 tid=3967479 inv=45 hid=87d82477c49eb8f1 depth=0 name=chip.run ts=83710709626974 dur=39021067 run_id=0 dispatch_id=0 slot_id=0 generation=45 run_epoch=45
[mono_ns=83710779777945][T0x7eb6f8e97740][TIMING] emit_host_span: [STRACE] v=1 pid=3967479 tid=3967479 inv=46 hid=87d82477c49eb8f1 depth=2 name=chip.run.bind.args ts=83710748913109 dur=30864395 
[mono_ns=83710779788861][T0x7eb6f8e97740][TIMING] emit_host_span: [STRACE] v=1 pid=3967479 tid=3967479 inv=46 hid=87d82477c49eb8f1 depth=2 name=chip.run.bind.prebuilt ts=83710779787259 dur=1322 
[mono_ns=83710779790644][T0x7eb6f8e97740][TIMING] emit_host_span: [STRACE] v=1 pid=3967479 tid=3967479 inv=46 hid=87d82477c49eb8f1 depth=1 name=chip.run.bind ts=83710748911487 dur=30878907 
[mono_ns=83710784715325][T0x7eb6f8e97740][WARN] prepare_execution: [device_runner.cpp:342] AICPU CPU_TOPO unavailable; using json_fallback: soc=Ascend950PR_9579 occupy=0x3e stable_reachable=5 requested=0 effective=5 affinity=[1, 2, 3, 4, 5(orch)]
[mono_ns=83710785899633][T0x7eb6f8e97740][TIMING] emit_host_span: [STRACE] v=1 pid=3967479 tid=3967479 inv=46 hid=87d82477c49eb8f1 depth=1 name=chip.run.runner_run ts=83710784774715 dur=1124588 
[mono_ns=83710786257080][T0x7eb6f8e97740][TIMING] emit_host_span: [STRACE] v=1 pid=3967479 tid=3967479 inv=46 hid=87d82477c49eb8f1 depth=1 name=chip.run.validate ts=83710785907615 dur=349104 
[mono_ns=83710786263089][T0x7eb6f8e97740][TIMING] emit_host_span: [STRACE] v=1 pid=3967479 tid=3967479 inv=46 hid=87d82477c49eb8f1 depth=2 name=chip.run.runner_run.device_wall ts=0 dur=993529 clk=dev
[mono_ns=83710786264601][T0x7eb6f8e97740][TIMING] emit_host_span: [STRACE] v=1 pid=3967479 tid=3967479 inv=46 hid=87d82477c49eb8f1 depth=3 name=chip.run.runner_run.device_wall.preamble ts=0 dur=12077 clk=dev
[mono_ns=83710786265793][T0x7eb6f8e97740][TIMING] emit_host_span: [STRACE] v=1 pid=3967479 tid=3967479 inv=46 hid=87d82477c49eb8f1 depth=3 name=chip.run.runner_run.device_wall.graph_build ts=2586 dur=986537 clk=dev
[mono_ns=83710786266944][T0x7eb6f8e97740][TIMING] emit_host_span: [STRACE] v=1 pid=3967479 tid=3967479 inv=46 hid=87d82477c49eb8f1 depth=3 name=chip.run.runner_run.device_wall.config_validate ts=3040 dur=675 clk=dev
[mono_ns=83710786268356][T0x7eb6f8e97740][TIMING] emit_host_span: [STRACE] v=1 pid=3967479 tid=3967479 inv=46 hid=87d82477c49eb8f1 depth=3 name=chip.run.runner_run.device_wall.arena_wire ts=3748 dur=2123 clk=dev
[mono_ns=83710786270600][T0x7eb6f8e97740][TIMING] emit_host_span: [STRACE] v=1 pid=3967479 tid=3967479 inv=46 hid=87d82477c49eb8f1 depth=3 name=chip.run.runner_run.device_wall.sm_reset ts=5891 dur=1771 clk=dev
[mono_ns=83710786272483][T0x7eb6f8e97740][TIMING] emit_host_span: [STRACE] v=1 pid=3967479 tid=3967479 inv=46 hid=87d82477c49eb8f1 depth=3 name=chip.run.runner_run.device_wall.post_orch ts=989258 dur=4168 clk=dev
[mono_ns=83710786273845][T0x7eb6f8e97740][TIMING] emit_host_span: [STRACE] v=1 pid=3967479 tid=3967479 inv=46 hid=87d82477c49eb8f1 depth=3 name=chip.run.runner_run.device_wall.orch ts=7701 dur=684116 clk=dev
[mono_ns=83710786274946][T0x7eb6f8e97740][TIMING] emit_host_span: [STRACE] v=1 pid=3967479 tid=3967479 inv=46 hid=87d82477c49eb8f1 depth=3 name=chip.run.runner_run.device_wall.sched ts=11706 dur=966598 clk=dev
[mono_ns=83710786276208][T0x7eb6f8e97740][TIMING] emit_host_span: [STRACE] v=1 pid=3967479 tid=3967479 inv=46 hid=87d82477c49eb8f1 depth=1 name=chip.run.claim_release ts=83710786275888 dur=70 
[mono_ns=83710786277530][T0x7eb6f8e97740][TIMING] emit_host_span: [STRACE] v=1 pid=3967479 tid=3967479 inv=46 hid=87d82477c49eb8f1 depth=0 name=chip.run ts=83710748908703 dur=37368537 run_id=0 dispatch_id=0 slot_id=0 generation=46 run_epoch=46
[mono_ns=83710817281144][T0x7eb6f8e97740][TIMING] emit_host_span: [STRACE] v=1 pid=3967479 tid=3967479 inv=47 hid=87d82477c49eb8f1 depth=2 name=chip.run.bind.args ts=83710786536158 dur=30744596 
[mono_ns=83710817291550][T0x7eb6f8e97740][TIMING] emit_host_span: [STRACE] v=1 pid=3967479 tid=3967479 inv=47 hid=87d82477c49eb8f1 depth=2 name=chip.run.bind.prebuilt ts=83710817289647 dur=1432 
[mono_ns=83710817295466][T0x7eb6f8e97740][TIMING] emit_host_span: [STRACE] v=1 pid=3967479 tid=3967479 inv=47 hid=87d82477c49eb8f1 depth=1 name=chip.run.bind ts=83710786534486 dur=30760689 
[mono_ns=83710822316782][T0x7eb6f8e97740][WARN] prepare_execution: [device_runner.cpp:342] AICPU CPU_TOPO unavailable; using json_fallback: soc=Ascend950PR_9579 occupy=0x3e stable_reachable=5 requested=0 effective=5 affinity=[1, 2, 3, 4, 5(orch)]
[mono_ns=83710823547289][T0x7eb6f8e97740][TIMING] emit_host_span: [STRACE] v=1 pid=3967479 tid=3967479 inv=47 hid=87d82477c49eb8f1 depth=1 name=chip.run.runner_run ts=83710822374509 dur=1172440 
[mono_ns=83710823895091][T0x7eb6f8e97740][TIMING] emit_host_span: [STRACE] v=1 pid=3967479 tid=3967479 inv=47 hid=87d82477c49eb8f1 depth=1 name=chip.run.validate ts=83710823555992 dur=338749 
[mono_ns=83710823901170][T0x7eb6f8e97740][TIMING] emit_host_span: [STRACE] v=1 pid=3967479 tid=3967479 inv=47 hid=87d82477c49eb8f1 depth=2 name=chip.run.runner_run.device_wall ts=0 dur=1038512 clk=dev
[mono_ns=83710823902713][T0x7eb6f8e97740][TIMING] emit_host_span: [STRACE] v=1 pid=3967479 tid=3967479 inv=47 hid=87d82477c49eb8f1 depth=3 name=chip.run.runner_run.device_wall.preamble ts=0 dur=11395 clk=dev
[mono_ns=83710823903914][T0x7eb6f8e97740][TIMING] emit_host_span: [STRACE] v=1 pid=3967479 tid=3967479 inv=47 hid=87d82477c49eb8f1 depth=3 name=chip.run.runner_run.device_wall.graph_build ts=1984 dur=1031704 clk=dev
[mono_ns=83710823905457][T0x7eb6f8e97740][TIMING] emit_host_span: [STRACE] v=1 pid=3967479 tid=3967479 inv=47 hid=87d82477c49eb8f1 depth=3 name=chip.run.runner_run.device_wall.config_validate ts=2426 dur=696 clk=dev
[mono_ns=83710823907840][T0x7eb6f8e97740][TIMING] emit_host_span: [STRACE] v=1 pid=3967479 tid=3967479 inv=47 hid=87d82477c49eb8f1 depth=3 name=chip.run.runner_run.device_wall.arena_wire ts=3298 dur=2747 clk=dev
[mono_ns=83710823909653][T0x7eb6f8e97740][TIMING] emit_host_span: [STRACE] v=1 pid=3967479 tid=3967479 inv=47 hid=87d82477c49eb8f1 depth=3 name=chip.run.runner_run.device_wall.sm_reset ts=6061 dur=2428 clk=dev
[mono_ns=83710823911005][T0x7eb6f8e97740][TIMING] emit_host_span: [STRACE] v=1 pid=3967479 tid=3967479 inv=47 hid=87d82477c49eb8f1 depth=3 name=chip.run.runner_run.device_wall.post_orch ts=1033719 dur=4710 clk=dev
[mono_ns=83710823912157][T0x7eb6f8e97740][TIMING] emit_host_span: [STRACE] v=1 pid=3967479 tid=3967479 inv=47 hid=87d82477c49eb8f1 depth=3 name=chip.run.runner_run.device_wall.orch ts=8518 dur=702039 clk=dev
[mono_ns=83710823913298][T0x7eb6f8e97740][TIMING] emit_host_span: [STRACE] v=1 pid=3967479 tid=3967479 inv=47 hid=87d82477c49eb8f1 depth=3 name=chip.run.runner_run.device_wall.sched ts=10993 dur=1007452 clk=dev
[mono_ns=83710823914610][T0x7eb6f8e97740][TIMING] emit_host_span: [STRACE] v=1 pid=3967479 tid=3967479 inv=47 hid=87d82477c49eb8f1 depth=1 name=chip.run.claim_release ts=83710823914320 dur=40 
[mono_ns=83710823915942][T0x7eb6f8e97740][TIMING] emit_host_span: [STRACE] v=1 pid=3967479 tid=3967479 inv=47 hid=87d82477c49eb8f1 depth=0 name=chip.run ts=83710786531682 dur=37383960 run_id=0 dispatch_id=0 slot_id=0 generation=47 run_epoch=47
[mono_ns=83710855636482][T0x7eb6f8e97740][TIMING] emit_host_span: [STRACE] v=1 pid=3967479 tid=3967479 inv=48 hid=87d82477c49eb8f1 depth=2 name=chip.run.bind.args ts=83710824156443 dur=31479338 
[mono_ns=83710855647459][T0x7eb6f8e97740][TIMING] emit_host_span: [STRACE] v=1 pid=3967479 tid=3967479 inv=48 hid=87d82477c49eb8f1 depth=2 name=chip.run.bind.prebuilt ts=83710855645476 dur=1412 
[mono_ns=83710855649342][T0x7eb6f8e97740][TIMING] emit_host_span: [STRACE] v=1 pid=3967479 tid=3967479 inv=48 hid=87d82477c49eb8f1 depth=1 name=chip.run.bind ts=83710824154771 dur=31494320 
[mono_ns=83710860643858][T0x7eb6f8e97740][WARN] prepare_execution: [device_runner.cpp:342] AICPU CPU_TOPO unavailable; using json_fallback: soc=Ascend950PR_9579 occupy=0x3e stable_reachable=5 requested=0 effective=5 affinity=[1, 2, 3, 4, 5(orch)]
[mono_ns=83710861846643][T0x7eb6f8e97740][TIMING] emit_host_span: [STRACE] v=1 pid=3967479 tid=3967479 inv=48 hid=87d82477c49eb8f1 depth=1 name=chip.run.runner_run ts=83710860703107 dur=1143186 
[mono_ns=83710862187525][T0x7eb6f8e97740][TIMING] emit_host_span: [STRACE] v=1 pid=3967479 tid=3967479 inv=48 hid=87d82477c49eb8f1 depth=1 name=chip.run.validate ts=83710861856648 dur=330567 
[mono_ns=83710862193915][T0x7eb6f8e97740][TIMING] emit_host_span: [STRACE] v=1 pid=3967479 tid=3967479 inv=48 hid=87d82477c49eb8f1 depth=2 name=chip.run.runner_run.device_wall ts=0 dur=1006189 clk=dev
[mono_ns=83710862195427][T0x7eb6f8e97740][TIMING] emit_host_span: [STRACE] v=1 pid=3967479 tid=3967479 inv=48 hid=87d82477c49eb8f1 depth=3 name=chip.run.runner_run.device_wall.preamble ts=0 dur=14726 clk=dev
[mono_ns=83710862196609][T0x7eb6f8e97740][TIMING] emit_host_span: [STRACE] v=1 pid=3967479 tid=3967479 inv=48 hid=87d82477c49eb8f1 depth=3 name=chip.run.runner_run.device_wall.graph_build ts=5224 dur=996469 clk=dev
[mono_ns=83710862197730][T0x7eb6f8e97740][TIMING] emit_host_span: [STRACE] v=1 pid=3967479 tid=3967479 inv=48 hid=87d82477c49eb8f1 depth=3 name=chip.run.runner_run.device_wall.config_validate ts=5869 dur=721 clk=dev
[mono_ns=83710862199193][T0x7eb6f8e97740][TIMING] emit_host_span: [STRACE] v=1 pid=3967479 tid=3967479 inv=48 hid=87d82477c49eb8f1 depth=3 name=chip.run.runner_run.device_wall.arena_wire ts=6837 dur=1985 clk=dev
[mono_ns=83710862201977][T0x7eb6f8e97740][TIMING] emit_host_span: [STRACE] v=1 pid=3967479 tid=3967479 inv=48 hid=87d82477c49eb8f1 depth=3 name=chip.run.runner_run.device_wall.sm_reset ts=8840 dur=2600 clk=dev
[mono_ns=83710862203850][T0x7eb6f8e97740][TIMING] emit_host_span: [STRACE] v=1 pid=3967479 tid=3967479 inv=48 hid=87d82477c49eb8f1 depth=3 name=chip.run.runner_run.device_wall.post_orch ts=1001722 dur=4352 clk=dev
[mono_ns=83710862205202][T0x7eb6f8e97740][TIMING] emit_host_span: [STRACE] v=1 pid=3967479 tid=3967479 inv=48 hid=87d82477c49eb8f1 depth=3 name=chip.run.runner_run.device_wall.orch ts=11482 dur=669025 clk=dev
[mono_ns=83710862206333][T0x7eb6f8e97740][TIMING] emit_host_span: [STRACE] v=1 pid=3967479 tid=3967479 inv=48 hid=87d82477c49eb8f1 depth=3 name=chip.run.runner_run.device_wall.sched ts=14290 dur=976242 clk=dev
[mono_ns=83710862207665][T0x7eb6f8e97740][TIMING] emit_host_span: [STRACE] v=1 pid=3967479 tid=3967479 inv=48 hid=87d82477c49eb8f1 depth=1 name=chip.run.claim_release ts=83710862207355 dur=40 
[mono_ns=83710862208967][T0x7eb6f8e97740][TIMING] emit_host_span: [STRACE] v=1 pid=3967479 tid=3967479 inv=48 hid=87d82477c49eb8f1 depth=0 name=chip.run ts=83710824152367 dur=38056320 run_id=0 dispatch_id=0 slot_id=0 generation=48 run_epoch=48
[mono_ns=83710893236707][T0x7eb6f8e97740][TIMING] emit_host_span: [STRACE] v=1 pid=3967479 tid=3967479 inv=49 hid=87d82477c49eb8f1 depth=2 name=chip.run.bind.args ts=83710862472282 dur=30764025 
[mono_ns=83710893247013][T0x7eb6f8e97740][TIMING] emit_host_span: [STRACE] v=1 pid=3967479 tid=3967479 inv=49 hid=87d82477c49eb8f1 depth=2 name=chip.run.bind.prebuilt ts=83710893245110 dur=1432 
[mono_ns=83710893248896][T0x7eb6f8e97740][TIMING] emit_host_span: [STRACE] v=1 pid=3967479 tid=3967479 inv=49 hid=87d82477c49eb8f1 depth=1 name=chip.run.bind ts=83710862471031 dur=30777614 
[mono_ns=83710898222821][T0x7eb6f8e97740][WARN] prepare_execution: [device_runner.cpp:342] AICPU CPU_TOPO unavailable; using json_fallback: soc=Ascend950PR_9579 occupy=0x3e stable_reachable=5 requested=0 effective=5 affinity=[1, 2, 3, 4, 5(orch)]
[mono_ns=83710899413698][T0x7eb6f8e97740][TIMING] emit_host_span: [STRACE] v=1 pid=3967479 tid=3967479 inv=49 hid=87d82477c49eb8f1 depth=1 name=chip.run.runner_run ts=83710898283682 dur=1129676 
[mono_ns=83710899766348][T0x7eb6f8e97740][TIMING] emit_host_span: [STRACE] v=1 pid=3967479 tid=3967479 inv=49 hid=87d82477c49eb8f1 depth=1 name=chip.run.validate ts=83710899421370 dur=344657 
[mono_ns=83710899772447][T0x7eb6f8e97740][TIMING] emit_host_span: [STRACE] v=1 pid=3967479 tid=3967479 inv=49 hid=87d82477c49eb8f1 depth=2 name=chip.run.runner_run.device_wall ts=0 dur=988306 clk=dev
[mono_ns=83710899774049][T0x7eb6f8e97740][TIMING] emit_host_span: [STRACE] v=1 pid=3967479 tid=3967479 inv=49 hid=87d82477c49eb8f1 depth=3 name=chip.run.runner_run.device_wall.preamble ts=0 dur=12837 clk=dev
[mono_ns=83710899777525][T0x7eb6f8e97740][TIMING] emit_host_span: [STRACE] v=1 pid=3967479 tid=3967479 inv=49 hid=87d82477c49eb8f1 depth=3 name=chip.run.runner_run.device_wall.graph_build ts=2392 dur=981415 clk=dev
[mono_ns=83710899779688][T0x7eb6f8e97740][TIMING] emit_host_span: [STRACE] v=1 pid=3967479 tid=3967479 inv=49 hid=87d82477c49eb8f1 depth=3 name=chip.run.runner_run.device_wall.config_validate ts=2823 dur=795 clk=dev
[mono_ns=83710899781040][T0x7eb6f8e97740][TIMING] emit_host_span: [STRACE] v=1 pid=3967479 tid=3967479 inv=49 hid=87d82477c49eb8f1 depth=3 name=chip.run.runner_run.device_wall.arena_wire ts=3644 dur=1986 clk=dev
[mono_ns=83710899782162][T0x7eb6f8e97740][TIMING] emit_host_span: [STRACE] v=1 pid=3967479 tid=3967479 inv=49 hid=87d82477c49eb8f1 depth=3 name=chip.run.runner_run.device_wall.sm_reset ts=5647 dur=2130 clk=dev
[mono_ns=83710899783263][T0x7eb6f8e97740][TIMING] emit_host_span: [STRACE] v=1 pid=3967479 tid=3967479 inv=49 hid=87d82477c49eb8f1 depth=3 name=chip.run.runner_run.device_wall.post_orch ts=983837 dur=4395 clk=dev
[mono_ns=83710899784405][T0x7eb6f8e97740][TIMING] emit_host_span: [STRACE] v=1 pid=3967479 tid=3967479 inv=49 hid=87d82477c49eb8f1 depth=3 name=chip.run.runner_run.device_wall.orch ts=8383 dur=725636 clk=dev
[mono_ns=83710899785507][T0x7eb6f8e97740][TIMING] emit_host_span: [STRACE] v=1 pid=3967479 tid=3967479 inv=49 hid=87d82477c49eb8f1 depth=3 name=chip.run.runner_run.device_wall.sched ts=12388 dur=956115 clk=dev
[mono_ns=83710899786809][T0x7eb6f8e97740][TIMING] emit_host_span: [STRACE] v=1 pid=3967479 tid=3967479 inv=49 hid=87d82477c49eb8f1 depth=1 name=chip.run.claim_release ts=83710899786488 dur=50 
[mono_ns=83710899788120][T0x7eb6f8e97740][TIMING] emit_host_span: [STRACE] v=1 pid=3967479 tid=3967479 inv=49 hid=87d82477c49eb8f1 depth=0 name=chip.run ts=83710862468637 dur=37319193 run_id=0 dispatch_id=0 slot_id=0 generation=49 run_epoch=49
[mono_ns=83710931668971][T0x7eb6f8e97740][TIMING] emit_host_span: [STRACE] v=1 pid=3967479 tid=3967479 inv=50 hid=87d82477c49eb8f1 depth=2 name=chip.run.bind.args ts=83710900081601 dur=31586949 
[mono_ns=83710931680408][T0x7eb6f8e97740][TIMING] emit_host_span: [STRACE] v=1 pid=3967479 tid=3967479 inv=50 hid=87d82477c49eb8f1 depth=2 name=chip.run.bind.prebuilt ts=83710931677985 dur=1963 
[mono_ns=83710931682351][T0x7eb6f8e97740][TIMING] emit_host_span: [STRACE] v=1 pid=3967479 tid=3967479 inv=50 hid=87d82477c49eb8f1 depth=1 name=chip.run.bind ts=83710900080329 dur=31601732 
[mono_ns=83710936637008][T0x7eb6f8e97740][WARN] prepare_execution: [device_runner.cpp:342] AICPU CPU_TOPO unavailable; using json_fallback: soc=Ascend950PR_9579 occupy=0x3e stable_reachable=5 requested=0 effective=5 affinity=[1, 2, 3, 4, 5(orch)]
[mono_ns=83710937799172][T0x7eb6f8e97740][TIMING] emit_host_span: [STRACE] v=1 pid=3967479 tid=3967479 inv=50 hid=87d82477c49eb8f1 depth=1 name=chip.run.runner_run ts=83710936697118 dur=1101734 
[mono_ns=83710938128026][T0x7eb6f8e97740][TIMING] emit_host_span: [STRACE] v=1 pid=3967479 tid=3967479 inv=50 hid=87d82477c49eb8f1 depth=1 name=chip.run.validate ts=83710937807204 dur=320521 
[mono_ns=83710938134615][T0x7eb6f8e97740][TIMING] emit_host_span: [STRACE] v=1 pid=3967479 tid=3967479 inv=50 hid=87d82477c49eb8f1 depth=2 name=chip.run.runner_run.device_wall ts=0 dur=968240 clk=dev
[mono_ns=83710938136649][T0x7eb6f8e97740][TIMING] emit_host_span: [STRACE] v=1 pid=3967479 tid=3967479 inv=50 hid=87d82477c49eb8f1 depth=3 name=chip.run.runner_run.device_wall.preamble ts=0 dur=12103 clk=dev
[mono_ns=83710938137981][T0x7eb6f8e97740][TIMING] emit_host_span: [STRACE] v=1 pid=3967479 tid=3967479 inv=50 hid=87d82477c49eb8f1 depth=3 name=chip.run.runner_run.device_wall.graph_build ts=2331 dur=961669 clk=dev
[mono_ns=83710938139222][T0x7eb6f8e97740][TIMING] emit_host_span: [STRACE] v=1 pid=3967479 tid=3967479 inv=50 hid=87d82477c49eb8f1 depth=3 name=chip.run.runner_run.device_wall.config_validate ts=3066 dur=990 clk=dev
[mono_ns=83710938143048][T0x7eb6f8e97740][TIMING] emit_host_span: [STRACE] v=1 pid=3967479 tid=3967479 inv=50 hid=87d82477c49eb8f1 depth=3 name=chip.run.runner_run.device_wall.arena_wire ts=4259 dur=1171 clk=dev
[mono_ns=83710938144430][T0x7eb6f8e97740][TIMING] emit_host_span: [STRACE] v=1 pid=3967479 tid=3967479 inv=50 hid=87d82477c49eb8f1 depth=3 name=chip.run.runner_run.device_wall.sm_reset ts=5713 dur=1933 clk=dev
[mono_ns=83710938145532][T0x7eb6f8e97740][TIMING] emit_host_span: [STRACE] v=1 pid=3967479 tid=3967479 inv=50 hid=87d82477c49eb8f1 depth=3 name=chip.run.runner_run.device_wall.post_orch ts=964033 dur=3799 clk=dev
[mono_ns=83710938146684][T0x7eb6f8e97740][TIMING] emit_host_span: [STRACE] v=1 pid=3967479 tid=3967479 inv=50 hid=87d82477c49eb8f1 depth=3 name=chip.run.runner_run.device_wall.orch ts=7979 dur=688146 clk=dev
[mono_ns=83710938147805][T0x7eb6f8e97740][TIMING] emit_host_span: [STRACE] v=1 pid=3967479 tid=3967479 inv=50 hid=87d82477c49eb8f1 depth=3 name=chip.run.runner_run.device_wall.sched ts=11686 dur=940045 clk=dev
[mono_ns=83710938149127][T0x7eb6f8e97740][TIMING] emit_host_span: [STRACE] v=1 pid=3967479 tid=3967479 inv=50 hid=87d82477c49eb8f1 depth=1 name=chip.run.claim_release ts=83710938148827 dur=40 
[mono_ns=83710938150449][T0x7eb6f8e97740][TIMING] emit_host_span: [STRACE] v=1 pid=3967479 tid=3967479 inv=50 hid=87d82477c49eb8f1 depth=0 name=chip.run ts=83710900077875 dur=38072294 run_id=0 dispatch_id=0 slot_id=0 generation=50 run_epoch=50
[mono_ns=83710969428765][T0x7eb6f8e97740][TIMING] emit_host_span: [STRACE] v=1 pid=3967479 tid=3967479 inv=51 hid=87d82477c49eb8f1 depth=2 name=chip.run.bind.args ts=83710938389668 dur=31038697 
[mono_ns=83710969438931][T0x7eb6f8e97740][TIMING] emit_host_span: [STRACE] v=1 pid=3967479 tid=3967479 inv=51 hid=87d82477c49eb8f1 depth=2 name=chip.run.bind.prebuilt ts=83710969437298 dur=1162 
[mono_ns=83710969440563][T0x7eb6f8e97740][TIMING] emit_host_span: [STRACE] v=1 pid=3967479 tid=3967479 inv=51 hid=87d82477c49eb8f1 depth=1 name=chip.run.bind ts=83710938388426 dur=31051897 
[mono_ns=83710974412666][T0x7eb6f8e97740][WARN] prepare_execution: [device_runner.cpp:342] AICPU CPU_TOPO unavailable; using json_fallback: soc=Ascend950PR_9579 occupy=0x3e stable_reachable=5 requested=0 effective=5 affinity=[1, 2, 3, 4, 5(orch)]
[mono_ns=83710975593628][T0x7eb6f8e97740][TIMING] emit_host_span: [STRACE] v=1 pid=3967479 tid=3967479 inv=51 hid=87d82477c49eb8f1 depth=1 name=chip.run.runner_run ts=83710974472806 dur=1120472 
[mono_ns=83710975918776][T0x7eb6f8e97740][TIMING] emit_host_span: [STRACE] v=1 pid=3967479 tid=3967479 inv=51 hid=87d82477c49eb8f1 depth=1 name=chip.run.validate ts=83710975600929 dur=317547 
[mono_ns=83710975924385][T0x7eb6f8e97740][TIMING] emit_host_span: [STRACE] v=1 pid=3967479 tid=3967479 inv=51 hid=87d82477c49eb8f1 depth=2 name=chip.run.runner_run.device_wall ts=0 dur=972352 clk=dev
[mono_ns=83710975926017][T0x7eb6f8e97740][TIMING] emit_host_span: [STRACE] v=1 pid=3967479 tid=3967479 inv=51 hid=87d82477c49eb8f1 depth=3 name=chip.run.runner_run.device_wall.preamble ts=0 dur=14462 clk=dev
[mono_ns=83710975927179][T0x7eb6f8e97740][TIMING] emit_host_span: [STRACE] v=1 pid=3967479 tid=3967479 inv=51 hid=87d82477c49eb8f1 depth=3 name=chip.run.runner_run.device_wall.graph_build ts=4808 dur=961627 clk=dev
[mono_ns=83710975928311][T0x7eb6f8e97740][TIMING] emit_host_span: [STRACE] v=1 pid=3967479 tid=3967479 inv=51 hid=87d82477c49eb8f1 depth=3 name=chip.run.runner_run.device_wall.config_validate ts=5099 dur=1012 clk=dev
[mono_ns=83710975929763][T0x7eb6f8e97740][TIMING] emit_host_span: [STRACE] v=1 pid=3967479 tid=3967479 inv=51 hid=87d82477c49eb8f1 depth=3 name=chip.run.runner_run.device_wall.arena_wire ts=6310 dur=2045 clk=dev
[mono_ns=83710975932036][T0x7eb6f8e97740][TIMING] emit_host_span: [STRACE] v=1 pid=3967479 tid=3967479 inv=51 hid=87d82477c49eb8f1 depth=3 name=chip.run.runner_run.device_wall.sm_reset ts=8371 dur=2519 clk=dev
[mono_ns=83710975933358][T0x7eb6f8e97740][TIMING] emit_host_span: [STRACE] v=1 pid=3967479 tid=3967479 inv=51 hid=87d82477c49eb8f1 depth=3 name=chip.run.runner_run.device_wall.post_orch ts=966545 dur=4622 clk=dev
[mono_ns=83710975936233][T0x7eb6f8e97740][TIMING] emit_host_span: [STRACE] v=1 pid=3967479 tid=3967479 inv=51 hid=87d82477c49eb8f1 depth=3 name=chip.run.runner_run.device_wall.orch ts=10972 dur=689737 clk=dev
[mono_ns=83710975937384][T0x7eb6f8e97740][TIMING] emit_host_span: [STRACE] v=1 pid=3967479 tid=3967479 inv=51 hid=87d82477c49eb8f1 depth=3 name=chip.run.runner_run.device_wall.sched ts=14292 dur=939513 clk=dev
[mono_ns=83710975938676][T0x7eb6f8e97740][TIMING] emit_host_span: [STRACE] v=1 pid=3967479 tid=3967479 inv=51 hid=87d82477c49eb8f1 depth=1 name=chip.run.claim_release ts=83710975938376 dur=40 
[mono_ns=83710975939938][T0x7eb6f8e97740][TIMING] emit_host_span: [STRACE] v=1 pid=3967479 tid=3967479 inv=51 hid=87d82477c49eb8f1 depth=0 name=chip.run ts=83710938385893 dur=37553765 run_id=0 dispatch_id=0 slot_id=0 generation=51 run_epoch=51
[mono_ns=83711008572096][T0x7eb6f8e97740][TIMING] emit_host_span: [STRACE] v=1 pid=3967479 tid=3967479 inv=52 hid=87d82477c49eb8f1 depth=2 name=chip.run.bind.args ts=83710976206448 dur=32365248 
[mono_ns=83711008583043][T0x7eb6f8e97740][TIMING] emit_host_span: [STRACE] v=1 pid=3967479 tid=3967479 inv=52 hid=87d82477c49eb8f1 depth=2 name=chip.run.bind.prebuilt ts=83711008581140 dur=1452 
[mono_ns=83711008584715][T0x7eb6f8e97740][TIMING] emit_host_span: [STRACE] v=1 pid=3967479 tid=3967479 inv=52 hid=87d82477c49eb8f1 depth=1 name=chip.run.bind ts=83710976205046 dur=32379409 
[mono_ns=83711013673844][T0x7eb6f8e97740][WARN] prepare_execution: [device_runner.cpp:342] AICPU CPU_TOPO unavailable; using json_fallback: soc=Ascend950PR_9579 occupy=0x3e stable_reachable=5 requested=0 effective=5 affinity=[1, 2, 3, 4, 5(orch)]
[mono_ns=83711014903189][T0x7eb6f8e97740][TIMING] emit_host_span: [STRACE] v=1 pid=3967479 tid=3967479 inv=52 hid=87d82477c49eb8f1 depth=1 name=chip.run.runner_run ts=83711013733503 dur=1169365 
[mono_ns=83711015246394][T0x7eb6f8e97740][TIMING] emit_host_span: [STRACE] v=1 pid=3967479 tid=3967479 inv=52 hid=87d82477c49eb8f1 depth=1 name=chip.run.validate ts=83711014911091 dur=334993 
[mono_ns=83711015252643][T0x7eb6f8e97740][TIMING] emit_host_span: [STRACE] v=1 pid=3967479 tid=3967479 inv=52 hid=87d82477c49eb8f1 depth=2 name=chip.run.runner_run.device_wall ts=0 dur=1033336 clk=dev
[mono_ns=83711015254206][T0x7eb6f8e97740][TIMING] emit_host_span: [STRACE] v=1 pid=3967479 tid=3967479 inv=52 hid=87d82477c49eb8f1 depth=3 name=chip.run.runner_run.device_wall.preamble ts=0 dur=14695 clk=dev
[mono_ns=83711015255468][T0x7eb6f8e97740][TIMING] emit_host_span: [STRACE] v=1 pid=3967479 tid=3967479 inv=52 hid=87d82477c49eb8f1 depth=3 name=chip.run.runner_run.device_wall.graph_build ts=5452 dur=1023541 clk=dev
[mono_ns=83711015256619][T0x7eb6f8e97740][TIMING] emit_host_span: [STRACE] v=1 pid=3967479 tid=3967479 inv=52 hid=87d82477c49eb8f1 depth=3 name=chip.run.runner_run.device_wall.config_validate ts=6098 dur=758 clk=dev
[mono_ns=83711015258011][T0x7eb6f8e97740][TIMING] emit_host_span: [STRACE] v=1 pid=3967479 tid=3967479 inv=52 hid=87d82477c49eb8f1 depth=3 name=chip.run.runner_run.device_wall.arena_wire ts=7016 dur=1633 clk=dev
[mono_ns=83711015261246][T0x7eb6f8e97740][TIMING] emit_host_span: [STRACE] v=1 pid=3967479 tid=3967479 inv=52 hid=87d82477c49eb8f1 depth=3 name=chip.run.runner_run.device_wall.sm_reset ts=8666 dur=2855 clk=dev
[mono_ns=83711015263109][T0x7eb6f8e97740][TIMING] emit_host_span: [STRACE] v=1 pid=3967479 tid=3967479 inv=52 hid=87d82477c49eb8f1 depth=3 name=chip.run.runner_run.device_wall.post_orch ts=1029088 dur=4094 clk=dev
[mono_ns=83711015264491][T0x7eb6f8e97740][TIMING] emit_host_span: [STRACE] v=1 pid=3967479 tid=3967479 inv=52 hid=87d82477c49eb8f1 depth=3 name=chip.run.runner_run.device_wall.orch ts=11601 dur=689337 clk=dev
[mono_ns=83711015265593][T0x7eb6f8e97740][TIMING] emit_host_span: [STRACE] v=1 pid=3967479 tid=3967479 inv=52 hid=87d82477c49eb8f1 depth=3 name=chip.run.runner_run.device_wall.sched ts=14164 dur=1003709 clk=dev
[mono_ns=83711015266895][T0x7eb6f8e97740][TIMING] emit_host_span: [STRACE] v=1 pid=3967479 tid=3967479 inv=52 hid=87d82477c49eb8f1 depth=1 name=chip.run.claim_release ts=83711015266594 dur=30 
[mono_ns=83711015270180][T0x7eb6f8e97740][TIMING] emit_host_span: [STRACE] v=1 pid=3967479 tid=3967479 inv=52 hid=87d82477c49eb8f1 depth=0 name=chip.run ts=83710976202763 dur=39067146 run_id=0 dispatch_id=0 slot_id=0 generation=52 run_epoch=52
[mono_ns=83711047609889][T0x7eb6f8e97740][TIMING] emit_host_span: [STRACE] v=1 pid=3967479 tid=3967479 inv=53 hid=87d82477c49eb8f1 depth=2 name=chip.run.bind.args ts=83711015500586 dur=32107891 
[mono_ns=83711047628186][T0x7eb6f8e97740][TIMING] emit_host_span: [STRACE] v=1 pid=3967479 tid=3967479 inv=53 hid=87d82477c49eb8f1 depth=2 name=chip.run.bind.prebuilt ts=83711047625893 dur=1813 
[mono_ns=83711047630089][T0x7eb6f8e97740][TIMING] emit_host_span: [STRACE] v=1 pid=3967479 tid=3967479 inv=53 hid=87d82477c49eb8f1 depth=1 name=chip.run.bind ts=83711015499073 dur=32130736 
[mono_ns=83711052576483][T0x7eb6f8e97740][WARN] prepare_execution: [device_runner.cpp:342] AICPU CPU_TOPO unavailable; using json_fallback: soc=Ascend950PR_9579 occupy=0x3e stable_reachable=5 requested=0 effective=5 affinity=[1, 2, 3, 4, 5(orch)]
[mono_ns=83711053760961][T0x7eb6f8e97740][TIMING] emit_host_span: [STRACE] v=1 pid=3967479 tid=3967479 inv=53 hid=87d82477c49eb8f1 depth=1 name=chip.run.runner_run ts=83711052638056 dur=1122585 
[mono_ns=83711054106971][T0x7eb6f8e97740][TIMING] emit_host_span: [STRACE] v=1 pid=3967479 tid=3967479 inv=53 hid=87d82477c49eb8f1 depth=1 name=chip.run.validate ts=83711053769905 dur=336575 
[mono_ns=83711054114382][T0x7eb6f8e97740][TIMING] emit_host_span: [STRACE] v=1 pid=3967479 tid=3967479 inv=53 hid=87d82477c49eb8f1 depth=2 name=chip.run.runner_run.device_wall ts=0 dur=970807 clk=dev
[mono_ns=83711054116575][T0x7eb6f8e97740][TIMING] emit_host_span: [STRACE] v=1 pid=3967479 tid=3967479 inv=53 hid=87d82477c49eb8f1 depth=3 name=chip.run.runner_run.device_wall.preamble ts=0 dur=12514 clk=dev
[mono_ns=83711054118017][T0x7eb6f8e97740][TIMING] emit_host_span: [STRACE] v=1 pid=3967479 tid=3967479 inv=53 hid=87d82477c49eb8f1 depth=3 name=chip.run.runner_run.device_wall.graph_build ts=2317 dur=963610 clk=dev
[mono_ns=83711054119219][T0x7eb6f8e97740][TIMING] emit_host_span: [STRACE] v=1 pid=3967479 tid=3967479 inv=53 hid=87d82477c49eb8f1 depth=3 name=chip.run.runner_run.device_wall.config_validate ts=2969 dur=903 clk=dev
[mono_ns=83711054120651][T0x7eb6f8e97740][TIMING] emit_host_span: [STRACE] v=1 pid=3967479 tid=3967479 inv=53 hid=87d82477c49eb8f1 depth=3 name=chip.run.runner_run.device_wall.arena_wire ts=3897 dur=1660 clk=dev
[mono_ns=83711054122895][T0x7eb6f8e97740][TIMING] emit_host_span: [STRACE] v=1 pid=3967479 tid=3967479 inv=53 hid=87d82477c49eb8f1 depth=3 name=chip.run.runner_run.device_wall.sm_reset ts=5575 dur=1964 clk=dev
[mono_ns=83711054124247][T0x7eb6f8e97740][TIMING] emit_host_span: [STRACE] v=1 pid=3967479 tid=3967479 inv=53 hid=87d82477c49eb8f1 depth=3 name=chip.run.runner_run.device_wall.post_orch ts=965956 dur=4364 clk=dev
[mono_ns=83711054125388][T0x7eb6f8e97740][TIMING] emit_host_span: [STRACE] v=1 pid=3967479 tid=3967479 inv=53 hid=87d82477c49eb8f1 depth=3 name=chip.run.runner_run.device_wall.orch ts=7616 dur=703959 clk=dev
[mono_ns=83711054126500][T0x7eb6f8e97740][TIMING] emit_host_span: [STRACE] v=1 pid=3967479 tid=3967479 inv=53 hid=87d82477c49eb8f1 depth=3 name=chip.run.runner_run.device_wall.sched ts=12062 dur=941865 clk=dev
[mono_ns=83711054128032][T0x7eb6f8e97740][TIMING] emit_host_span: [STRACE] v=1 pid=3967479 tid=3967479 inv=53 hid=87d82477c49eb8f1 depth=1 name=chip.run.claim_release ts=83711054127471 dur=261 
[mono_ns=83711054129364][T0x7eb6f8e97740][TIMING] emit_host_span: [STRACE] v=1 pid=3967479 tid=3967479 inv=53 hid=87d82477c49eb8f1 depth=0 name=chip.run ts=83711015496790 dur=38632274 run_id=0 dispatch_id=0 slot_id=0 generation=53 run_epoch=53
[mono_ns=83711086372759][T0x7eb6f8e97740][TIMING] emit_host_span: [STRACE] v=1 pid=3967479 tid=3967479 inv=54 hid=87d82477c49eb8f1 depth=2 name=chip.run.bind.args ts=83711054431468 dur=31939679 
[mono_ns=83711086404356][T0x7eb6f8e97740][TIMING] emit_host_span: [STRACE] v=1 pid=3967479 tid=3967479 inv=54 hid=87d82477c49eb8f1 depth=2 name=chip.run.bind.prebuilt ts=83711086401342 dur=2554 
[mono_ns=83711086406550][T0x7eb6f8e97740][TIMING] emit_host_span: [STRACE] v=1 pid=3967479 tid=3967479 inv=54 hid=87d82477c49eb8f1 depth=1 name=chip.run.bind ts=83711054428193 dur=31977946 
[mono_ns=83711091401186][T0x7eb6f8e97740][WARN] prepare_execution: [device_runner.cpp:342] AICPU CPU_TOPO unavailable; using json_fallback: soc=Ascend950PR_9579 occupy=0x3e stable_reachable=5 requested=0 effective=5 affinity=[1, 2, 3, 4, 5(orch)]
[mono_ns=83711092640797][T0x7eb6f8e97740][TIMING] emit_host_span: [STRACE] v=1 pid=3967479 tid=3967479 inv=54 hid=87d82477c49eb8f1 depth=1 name=chip.run.runner_run ts=83711091465302 dur=1174954 
[mono_ns=83711092994838][T0x7eb6f8e97740][TIMING] emit_host_span: [STRACE] v=1 pid=3967479 tid=3967479 inv=54 hid=87d82477c49eb8f1 depth=1 name=chip.run.validate ts=83711092649410 dur=344947 
[mono_ns=83711093006315][T0x7eb6f8e97740][TIMING] emit_host_span: [STRACE] v=1 pid=3967479 tid=3967479 inv=54 hid=87d82477c49eb8f1 depth=2 name=chip.run.runner_run.device_wall ts=0 dur=1011004 clk=dev
[mono_ns=83711093008689][T0x7eb6f8e97740][TIMING] emit_host_span: [STRACE] v=1 pid=3967479 tid=3967479 inv=54 hid=87d82477c49eb8f1 depth=3 name=chip.run.runner_run.device_wall.preamble ts=0 dur=16689 clk=dev
[mono_ns=83711093010432][T0x7eb6f8e97740][TIMING] emit_host_span: [STRACE] v=1 pid=3967479 tid=3967479 inv=54 hid=87d82477c49eb8f1 depth=3 name=chip.run.runner_run.device_wall.graph_build ts=5614 dur=999892 clk=dev
[mono_ns=83711093013316][T0x7eb6f8e97740][TIMING] emit_host_span: [STRACE] v=1 pid=3967479 tid=3967479 inv=54 hid=87d82477c49eb8f1 depth=3 name=chip.run.runner_run.device_wall.config_validate ts=6267 dur=897 clk=dev
[mono_ns=83711093015179][T0x7eb6f8e97740][TIMING] emit_host_span: [STRACE] v=1 pid=3967479 tid=3967479 inv=54 hid=87d82477c49eb8f1 depth=3 name=chip.run.runner_run.device_wall.arena_wire ts=7357 dur=1968 clk=dev
[mono_ns=83711093016531][T0x7eb6f8e97740][TIMING] emit_host_span: [STRACE] v=1 pid=3967479 tid=3967479 inv=54 hid=87d82477c49eb8f1 depth=3 name=chip.run.runner_run.device_wall.sm_reset ts=9346 dur=2837 clk=dev
[mono_ns=83711093017642][T0x7eb6f8e97740][TIMING] emit_host_span: [STRACE] v=1 pid=3967479 tid=3967479 inv=54 hid=87d82477c49eb8f1 depth=3 name=chip.run.runner_run.device_wall.post_orch ts=1005536 dur=4719 clk=dev
[mono_ns=83711093018764][T0x7eb6f8e97740][TIMING] emit_host_span: [STRACE] v=1 pid=3967479 tid=3967479 inv=54 hid=87d82477c49eb8f1 depth=3 name=chip.run.runner_run.device_wall.orch ts=12266 dur=689032 clk=dev
[mono_ns=83711093019896][T0x7eb6f8e97740][TIMING] emit_host_span: [STRACE] v=1 pid=3967479 tid=3967479 inv=54 hid=87d82477c49eb8f1 depth=3 name=chip.run.runner_run.device_wall.sched ts=16453 dur=976052 clk=dev
[mono_ns=83711093021168][T0x7eb6f8e97740][TIMING] emit_host_span: [STRACE] v=1 pid=3967479 tid=3967479 inv=54 hid=87d82477c49eb8f1 depth=1 name=chip.run.claim_release ts=83711093020867 dur=30 
[mono_ns=83711093022640][T0x7eb6f8e97740][TIMING] emit_host_span: [STRACE] v=1 pid=3967479 tid=3967479 inv=54 hid=87d82477c49eb8f1 depth=0 name=chip.run ts=83711054425028 dur=38597331 run_id=0 dispatch_id=0 slot_id=0 generation=54 run_epoch=54
[mono_ns=83711128241090][T0x7eb6f8e97740][TIMING] emit_host_span: [STRACE] v=1 pid=3967479 tid=3967479 inv=55 hid=87d82477c49eb8f1 depth=2 name=chip.run.bind.args ts=83711093367487 dur=34872271 
[mono_ns=83711128259918][T0x7eb6f8e97740][TIMING] emit_host_span: [STRACE] v=1 pid=3967479 tid=3967479 inv=55 hid=87d82477c49eb8f1 depth=2 name=chip.run.bind.prebuilt ts=83711128256914 dur=2523 
[mono_ns=83711128261751][T0x7eb6f8e97740][TIMING] emit_host_span: [STRACE] v=1 pid=3967479 tid=3967479 inv=55 hid=87d82477c49eb8f1 depth=1 name=chip.run.bind ts=83711093363231 dur=34898250 
[mono_ns=83711133278401][T0x7eb6f8e97740][WARN] prepare_execution: [device_runner.cpp:342] AICPU CPU_TOPO unavailable; using json_fallback: soc=Ascend950PR_9579 occupy=0x3e stable_reachable=5 requested=0 effective=5 affinity=[1, 2, 3, 4, 5(orch)]
[mono_ns=83711134494205][T0x7eb6f8e97740][TIMING] emit_host_span: [STRACE] v=1 pid=3967479 tid=3967479 inv=55 hid=87d82477c49eb8f1 depth=1 name=chip.run.runner_run ts=83711133344830 dur=1148845 
[mono_ns=83711134858733][T0x7eb6f8e97740][TIMING] emit_host_span: [STRACE] v=1 pid=3967479 tid=3967479 inv=55 hid=87d82477c49eb8f1 depth=1 name=chip.run.validate ts=83711134502147 dur=356145 
[mono_ns=83711134864661][T0x7eb6f8e97740][TIMING] emit_host_span: [STRACE] v=1 pid=3967479 tid=3967479 inv=55 hid=87d82477c49eb8f1 depth=2 name=chip.run.runner_run.device_wall ts=0 dur=994707 clk=dev
[mono_ns=83711134866204][T0x7eb6f8e97740][TIMING] emit_host_span: [STRACE] v=1 pid=3967479 tid=3967479 inv=55 hid=87d82477c49eb8f1 depth=3 name=chip.run.runner_run.device_wall.preamble ts=0 dur=12029 clk=dev
[mono_ns=83711134867385][T0x7eb6f8e97740][TIMING] emit_host_span: [STRACE] v=1 pid=3967479 tid=3967479 inv=55 hid=87d82477c49eb8f1 depth=3 name=chip.run.runner_run.device_wall.graph_build ts=2674 dur=988204 clk=dev
[mono_ns=83711134868798][T0x7eb6f8e97740][TIMING] emit_host_span: [STRACE] v=1 pid=3967479 tid=3967479 inv=55 hid=87d82477c49eb8f1 depth=3 name=chip.run.runner_run.device_wall.config_validate ts=3312 dur=740 clk=dev
[mono_ns=83711134871652][T0x7eb6f8e97740][TIMING] emit_host_span: [STRACE] v=1 pid=3967479 tid=3967479 inv=55 hid=87d82477c49eb8f1 depth=3 name=chip.run.runner_run.device_wall.arena_wire ts=4164 dur=2446 clk=dev
[mono_ns=83711134873565][T0x7eb6f8e97740][TIMING] emit_host_span: [STRACE] v=1 pid=3967479 tid=3967479 inv=55 hid=87d82477c49eb8f1 depth=3 name=chip.run.runner_run.device_wall.sm_reset ts=6628 dur=2350 clk=dev
[mono_ns=83711134874907][T0x7eb6f8e97740][TIMING] emit_host_span: [STRACE] v=1 pid=3967479 tid=3967479 inv=55 hid=87d82477c49eb8f1 depth=3 name=chip.run.runner_run.device_wall.post_orch ts=990971 dur=3655 clk=dev
[mono_ns=83711134876048][T0x7eb6f8e97740][TIMING] emit_host_span: [STRACE] v=1 pid=3967479 tid=3967479 inv=55 hid=87d82477c49eb8f1 depth=3 name=chip.run.runner_run.device_wall.orch ts=9064 dur=680790 clk=dev
[mono_ns=83711134877180][T0x7eb6f8e97740][TIMING] emit_host_span: [STRACE] v=1 pid=3967479 tid=3967479 inv=55 hid=87d82477c49eb8f1 depth=3 name=chip.run.runner_run.device_wall.sched ts=11582 dur=964102 clk=dev
[mono_ns=83711134878592][T0x7eb6f8e97740][TIMING] emit_host_span: [STRACE] v=1 pid=3967479 tid=3967479 inv=55 hid=87d82477c49eb8f1 depth=1 name=chip.run.claim_release ts=83711134878102 dur=40 
[mono_ns=83711134880044][T0x7eb6f8e97740][TIMING] emit_host_span: [STRACE] v=1 pid=3967479 tid=3967479 inv=55 hid=87d82477c49eb8f1 depth=0 name=chip.run ts=83711093358083 dur=41521691 run_id=0 dispatch_id=0 slot_id=0 generation=55 run_epoch=55
[mono_ns=83711168303490][T0x7eb6f8e97740][TIMING] emit_host_span: [STRACE] v=1 pid=3967479 tid=3967479 inv=56 hid=87d82477c49eb8f1 depth=2 name=chip.run.bind.args ts=83711135209910 dur=33092729 
[mono_ns=83711168319615][T0x7eb6f8e97740][TIMING] emit_host_span: [STRACE] v=1 pid=3967479 tid=3967479 inv=56 hid=87d82477c49eb8f1 depth=2 name=chip.run.bind.prebuilt ts=83711168317251 dur=1983 
[mono_ns=83711168321487][T0x7eb6f8e97740][TIMING] emit_host_span: [STRACE] v=1 pid=3967479 tid=3967479 inv=56 hid=87d82477c49eb8f1 depth=1 name=chip.run.bind ts=83711135205813 dur=33115404 
[mono_ns=83711173302323][T0x7eb6f8e97740][WARN] prepare_execution: [device_runner.cpp:342] AICPU CPU_TOPO unavailable; using json_fallback: soc=Ascend950PR_9579 occupy=0x3e stable_reachable=5 requested=0 effective=5 affinity=[1, 2, 3, 4, 5(orch)]
[mono_ns=83711174471278][T0x7eb6f8e97740][TIMING] emit_host_span: [STRACE] v=1 pid=3967479 tid=3967479 inv=56 hid=87d82477c49eb8f1 depth=1 name=chip.run.runner_run ts=83711173365778 dur=1105139 
[mono_ns=83711174841383][T0x7eb6f8e97740][TIMING] emit_host_span: [STRACE] v=1 pid=3967479 tid=3967479 inv=56 hid=87d82477c49eb8f1 depth=1 name=chip.run.validate ts=83711174478459 dur=362423 
[mono_ns=83711174847182][T0x7eb6f8e97740][TIMING] emit_host_span: [STRACE] v=1 pid=3967479 tid=3967479 inv=56 hid=87d82477c49eb8f1 depth=2 name=chip.run.runner_run.device_wall ts=0 dur=951896 clk=dev
[mono_ns=83711174854373][T0x7eb6f8e97740][TIMING] emit_host_span: [STRACE] v=1 pid=3967479 tid=3967479 inv=56 hid=87d82477c49eb8f1 depth=3 name=chip.run.runner_run.device_wall.preamble ts=0 dur=14820 clk=dev
[mono_ns=83711174856085][T0x7eb6f8e97740][TIMING] emit_host_span: [STRACE] v=1 pid=3967479 tid=3967479 inv=56 hid=87d82477c49eb8f1 depth=3 name=chip.run.runner_run.device_wall.graph_build ts=5011 dur=941957 clk=dev
[mono_ns=83711174857237][T0x7eb6f8e97740][TIMING] emit_host_span: [STRACE] v=1 pid=3967479 tid=3967479 inv=56 hid=87d82477c49eb8f1 depth=3 name=chip.run.runner_run.device_wall.config_validate ts=5767 dur=690 clk=dev
[mono_ns=83711174858389][T0x7eb6f8e97740][TIMING] emit_host_span: [STRACE] v=1 pid=3967479 tid=3967479 inv=56 hid=87d82477c49eb8f1 depth=3 name=chip.run.runner_run.device_wall.arena_wire ts=6489 dur=1556 clk=dev
[mono_ns=83711174859520][T0x7eb6f8e97740][TIMING] emit_host_span: [STRACE] v=1 pid=3967479 tid=3967479 inv=56 hid=87d82477c49eb8f1 depth=3 name=chip.run.runner_run.device_wall.sm_reset ts=8145 dur=2483 clk=dev
[mono_ns=83711174860632][T0x7eb6f8e97740][TIMING] emit_host_span: [STRACE] v=1 pid=3967479 tid=3967479 inv=56 hid=87d82477c49eb8f1 depth=3 name=chip.run.runner_run.device_wall.post_orch ts=946998 dur=4430 clk=dev
[mono_ns=83711174861784][T0x7eb6f8e97740][TIMING] emit_host_span: [STRACE] v=1 pid=3967479 tid=3967479 inv=56 hid=87d82477c49eb8f1 depth=3 name=chip.run.runner_run.device_wall.orch ts=10672 dur=672224 clk=dev
[mono_ns=83711174862916][T0x7eb6f8e97740][TIMING] emit_host_span: [STRACE] v=1 pid=3967479 tid=3967479 inv=56 hid=87d82477c49eb8f1 depth=3 name=chip.run.runner_run.device_wall.sched ts=14408 dur=919875 clk=dev
[mono_ns=83711174867142][T0x7eb6f8e97740][TIMING] emit_host_span: [STRACE] v=1 pid=3967479 tid=3967479 inv=56 hid=87d82477c49eb8f1 depth=1 name=chip.run.claim_release ts=83711174866841 dur=41 
[mono_ns=83711174868854][T0x7eb6f8e97740][TIMING] emit_host_span: [STRACE] v=1 pid=3967479 tid=3967479 inv=56 hid=87d82477c49eb8f1 depth=0 name=chip.run ts=83711135201747 dur=39666837 run_id=0 dispatch_id=0 slot_id=0 generation=56 run_epoch=56
[mono_ns=83711208182045][T0x7eb6f8e97740][TIMING] emit_host_span: [STRACE] v=1 pid=3967479 tid=3967479 inv=57 hid=87d82477c49eb8f1 depth=2 name=chip.run.bind.args ts=83711175231589 dur=32949645 
[mono_ns=83711208196977][T0x7eb6f8e97740][TIMING] emit_host_span: [STRACE] v=1 pid=3967479 tid=3967479 inv=57 hid=87d82477c49eb8f1 depth=2 name=chip.run.bind.prebuilt ts=83711208194714 dur=1853 
[mono_ns=83711208198640][T0x7eb6f8e97740][TIMING] emit_host_span: [STRACE] v=1 pid=3967479 tid=3967479 inv=57 hid=87d82477c49eb8f1 depth=1 name=chip.run.bind ts=83711175228074 dur=32970305 
[mono_ns=83711213158104][T0x7eb6f8e97740][WARN] prepare_execution: [device_runner.cpp:342] AICPU CPU_TOPO unavailable; using json_fallback: soc=Ascend950PR_9579 occupy=0x3e stable_reachable=5 requested=0 effective=5 affinity=[1, 2, 3, 4, 5(orch)]
[mono_ns=83711214349942][T0x7eb6f8e97740][TIMING] emit_host_span: [STRACE] v=1 pid=3967479 tid=3967479 inv=57 hid=87d82477c49eb8f1 depth=1 name=chip.run.runner_run ts=83711213222340 dur=1127252 
[mono_ns=83711214700078][T0x7eb6f8e97740][TIMING] emit_host_span: [STRACE] v=1 pid=3967479 tid=3967479 inv=57 hid=87d82477c49eb8f1 depth=1 name=chip.run.validate ts=83711214357123 dur=342434 
[mono_ns=83711214705686][T0x7eb6f8e97740][TIMING] emit_host_span: [STRACE] v=1 pid=3967479 tid=3967479 inv=57 hid=87d82477c49eb8f1 depth=2 name=chip.run.runner_run.device_wall ts=0 dur=980294 clk=dev
[mono_ns=83711214707209][T0x7eb6f8e97740][TIMING] emit_host_span: [STRACE] v=1 pid=3967479 tid=3967479 inv=57 hid=87d82477c49eb8f1 depth=3 name=chip.run.runner_run.device_wall.preamble ts=0 dur=12154 clk=dev
[mono_ns=83711214708491][T0x7eb6f8e97740][TIMING] emit_host_span: [STRACE] v=1 pid=3967479 tid=3967479 inv=57 hid=87d82477c49eb8f1 depth=3 name=chip.run.runner_run.device_wall.graph_build ts=2225 dur=973265 clk=dev
[mono_ns=83711214714069][T0x7eb6f8e97740][TIMING] emit_host_span: [STRACE] v=1 pid=3967479 tid=3967479 inv=57 hid=87d82477c49eb8f1 depth=3 name=chip.run.runner_run.device_wall.config_validate ts=2876 dur=792 clk=dev
[mono_ns=83711214715481][T0x7eb6f8e97740][TIMING] emit_host_span: [STRACE] v=1 pid=3967479 tid=3967479 inv=57 hid=87d82477c49eb8f1 depth=3 name=chip.run.runner_run.device_wall.arena_wire ts=3761 dur=2223 clk=dev
[mono_ns=83711214716583][T0x7eb6f8e97740][TIMING] emit_host_span: [STRACE] v=1 pid=3967479 tid=3967479 inv=57 hid=87d82477c49eb8f1 depth=3 name=chip.run.runner_run.device_wall.sm_reset ts=6074 dur=2270 clk=dev
[mono_ns=83711214717674][T0x7eb6f8e97740][TIMING] emit_host_span: [STRACE] v=1 pid=3967479 tid=3967479 inv=57 hid=87d82477c49eb8f1 depth=3 name=chip.run.runner_run.device_wall.post_orch ts=975518 dur=4386 clk=dev
[mono_ns=83711214718796][T0x7eb6f8e97740][TIMING] emit_host_span: [STRACE] v=1 pid=3967479 tid=3967479 inv=57 hid=87d82477c49eb8f1 depth=3 name=chip.run.runner_run.device_wall.orch ts=8388 dur=689649 clk=dev
[mono_ns=83711214719928][T0x7eb6f8e97740][TIMING] emit_host_span: [STRACE] v=1 pid=3967479 tid=3967479 inv=57 hid=87d82477c49eb8f1 depth=3 name=chip.run.runner_run.device_wall.sched ts=11825 dur=949807 clk=dev
[mono_ns=83711214721250][T0x7eb6f8e97740][TIMING] emit_host_span: [STRACE] v=1 pid=3967479 tid=3967479 inv=57 hid=87d82477c49eb8f1 depth=1 name=chip.run.claim_release ts=83711214720929 dur=50 
[mono_ns=83711214723273][T0x7eb6f8e97740][TIMING] emit_host_span: [STRACE] v=1 pid=3967479 tid=3967479 inv=57 hid=87d82477c49eb8f1 depth=0 name=chip.run ts=83711175223897 dur=39499085 run_id=0 dispatch_id=0 slot_id=0 generation=57 run_epoch=57
[mono_ns=83711247035431][T0x7eb6f8e97740][TIMING] emit_host_span: [STRACE] v=1 pid=3967479 tid=3967479 inv=58 hid=87d82477c49eb8f1 depth=2 name=chip.run.bind.args ts=83711215030013 dur=32004376 
[mono_ns=83711247048280][T0x7eb6f8e97740][TIMING] emit_host_span: [STRACE] v=1 pid=3967479 tid=3967479 inv=58 hid=87d82477c49eb8f1 depth=2 name=chip.run.bind.prebuilt ts=83711247046307 dur=1602 
[mono_ns=83711247050073][T0x7eb6f8e97740][TIMING] emit_host_span: [STRACE] v=1 pid=3967479 tid=3967479 inv=58 hid=87d82477c49eb8f1 depth=1 name=chip.run.bind ts=83711215026838 dur=32022964 
[mono_ns=83711252057548][T0x7eb6f8e97740][WARN] prepare_execution: [device_runner.cpp:342] AICPU CPU_TOPO unavailable; using json_fallback: soc=Ascend950PR_9579 occupy=0x3e stable_reachable=5 requested=0 effective=5 affinity=[1, 2, 3, 4, 5(orch)]
[mono_ns=83711253203188][T0x7eb6f8e97740][TIMING] emit_host_span: [STRACE] v=1 pid=3967479 tid=3967479 inv=58 hid=87d82477c49eb8f1 depth=1 name=chip.run.runner_run ts=83711252119902 dur=1082925 
[mono_ns=83711253543118][T0x7eb6f8e97740][TIMING] emit_host_span: [STRACE] v=1 pid=3967479 tid=3967479 inv=58 hid=87d82477c49eb8f1 depth=1 name=chip.run.validate ts=83711253211250 dur=331387 
[mono_ns=83711253548496][T0x7eb6f8e97740][TIMING] emit_host_span: [STRACE] v=1 pid=3967479 tid=3967479 inv=58 hid=87d82477c49eb8f1 depth=2 name=chip.run.runner_run.device_wall ts=0 dur=928617 clk=dev
[mono_ns=83711253550179][T0x7eb6f8e97740][TIMING] emit_host_span: [STRACE] v=1 pid=3967479 tid=3967479 inv=58 hid=87d82477c49eb8f1 depth=3 name=chip.run.runner_run.device_wall.preamble ts=0 dur=13721 clk=dev
[mono_ns=83711253551611][T0x7eb6f8e97740][TIMING] emit_host_span: [STRACE] v=1 pid=3967479 tid=3967479 inv=58 hid=87d82477c49eb8f1 depth=3 name=chip.run.runner_run.device_wall.graph_build ts=5173 dur=918762 clk=dev
[mono_ns=83711253553033][T0x7eb6f8e97740][TIMING] emit_host_span: [STRACE] v=1 pid=3967479 tid=3967479 inv=58 hid=87d82477c49eb8f1 depth=3 name=chip.run.runner_run.device_wall.config_validate ts=5779 dur=782 clk=dev
[mono_ns=83711253555767][T0x7eb6f8e97740][TIMING] emit_host_span: [STRACE] v=1 pid=3967479 tid=3967479 inv=58 hid=87d82477c49eb8f1 depth=3 name=chip.run.runner_run.device_wall.arena_wire ts=6665 dur=2409 clk=dev
[mono_ns=83711253557610][T0x7eb6f8e97740][TIMING] emit_host_span: [STRACE] v=1 pid=3967479 tid=3967479 inv=58 hid=87d82477c49eb8f1 depth=3 name=chip.run.runner_run.device_wall.sm_reset ts=9102 dur=2248 clk=dev
[mono_ns=83711253561997][T0x7eb6f8e97740][TIMING] emit_host_span: [STRACE] v=1 pid=3967479 tid=3967479 inv=58 hid=87d82477c49eb8f1 depth=3 name=chip.run.runner_run.device_wall.post_orch ts=923954 dur=4276 clk=dev
[mono_ns=83711253563138][T0x7eb6f8e97740][TIMING] emit_host_span: [STRACE] v=1 pid=3967479 tid=3967479 inv=58 hid=87d82477c49eb8f1 depth=3 name=chip.run.runner_run.device_wall.orch ts=11389 dur=681176 clk=dev
[mono_ns=83711253564290][T0x7eb6f8e97740][TIMING] emit_host_span: [STRACE] v=1 pid=3967479 tid=3967479 inv=58 hid=87d82477c49eb8f1 depth=3 name=chip.run.runner_run.device_wall.sched ts=13352 dur=898519 clk=dev
[mono_ns=83711253565592][T0x7eb6f8e97740][TIMING] emit_host_span: [STRACE] v=1 pid=3967479 tid=3967479 inv=58 hid=87d82477c49eb8f1 depth=1 name=chip.run.claim_release ts=83711253565261 dur=71 
[mono_ns=83711253566954][T0x7eb6f8e97740][TIMING] emit_host_span: [STRACE] v=1 pid=3967479 tid=3967479 inv=58 hid=87d82477c49eb8f1 depth=0 name=chip.run ts=83711215023463 dur=38543170 run_id=0 dispatch_id=0 slot_id=0 generation=58 run_epoch=58
[mono_ns=83711285490769][T0x7eb6f8e97740][TIMING] emit_host_span: [STRACE] v=1 pid=3967479 tid=3967479 inv=59 hid=87d82477c49eb8f1 depth=2 name=chip.run.bind.args ts=83711253866604 dur=31623514 
[mono_ns=83711285503258][T0x7eb6f8e97740][TIMING] emit_host_span: [STRACE] v=1 pid=3967479 tid=3967479 inv=59 hid=87d82477c49eb8f1 depth=2 name=chip.run.bind.prebuilt ts=83711285501165 dur=1732 
[mono_ns=83711285505361][T0x7eb6f8e97740][TIMING] emit_host_span: [STRACE] v=1 pid=3967479 tid=3967479 inv=59 hid=87d82477c49eb8f1 depth=1 name=chip.run.bind ts=83711253863399 dur=31641692 
[mono_ns=83711290580869][T0x7eb6f8e97740][WARN] prepare_execution: [device_runner.cpp:342] AICPU CPU_TOPO unavailable; using json_fallback: soc=Ascend950PR_9579 occupy=0x3e stable_reachable=5 requested=0 effective=5 affinity=[1, 2, 3, 4, 5(orch)]
[mono_ns=83711291764646][T0x7eb6f8e97740][TIMING] emit_host_span: [STRACE] v=1 pid=3967479 tid=3967479 inv=59 hid=87d82477c49eb8f1 depth=1 name=chip.run.runner_run ts=83711290641880 dur=1122425 
[mono_ns=83711292108301][T0x7eb6f8e97740][TIMING] emit_host_span: [STRACE] v=1 pid=3967479 tid=3967479 inv=59 hid=87d82477c49eb8f1 depth=1 name=chip.run.validate ts=83711291772908 dur=335053 
[mono_ns=83711292114871][T0x7eb6f8e97740][TIMING] emit_host_span: [STRACE] v=1 pid=3967479 tid=3967479 inv=59 hid=87d82477c49eb8f1 depth=2 name=chip.run.runner_run.device_wall ts=0 dur=977370 clk=dev
[mono_ns=83711292116424][T0x7eb6f8e97740][TIMING] emit_host_span: [STRACE] v=1 pid=3967479 tid=3967479 inv=59 hid=87d82477c49eb8f1 depth=3 name=chip.run.runner_run.device_wall.preamble ts=0 dur=11716 clk=dev
[mono_ns=83711292117736][T0x7eb6f8e97740][TIMING] emit_host_span: [STRACE] v=1 pid=3967479 tid=3967479 inv=59 hid=87d82477c49eb8f1 depth=3 name=chip.run.runner_run.device_wall.graph_build ts=2566 dur=970245 clk=dev
[mono_ns=83711292118897][T0x7eb6f8e97740][TIMING] emit_host_span: [STRACE] v=1 pid=3967479 tid=3967479 inv=59 hid=87d82477c49eb8f1 depth=3 name=chip.run.runner_run.device_wall.config_validate ts=3198 dur=882 clk=dev
[mono_ns=83711292120380][T0x7eb6f8e97740][TIMING] emit_host_span: [STRACE] v=1 pid=3967479 tid=3967479 inv=59 hid=87d82477c49eb8f1 depth=3 name=chip.run.runner_run.device_wall.arena_wire ts=4217 dur=2127 clk=dev
[mono_ns=83711292122873][T0x7eb6f8e97740][TIMING] emit_host_span: [STRACE] v=1 pid=3967479 tid=3967479 inv=59 hid=87d82477c49eb8f1 depth=3 name=chip.run.runner_run.device_wall.sm_reset ts=6366 dur=2239 clk=dev
[mono_ns=83711292124696][T0x7eb6f8e97740][TIMING] emit_host_span: [STRACE] v=1 pid=3967479 tid=3967479 inv=59 hid=87d82477c49eb8f1 depth=3 name=chip.run.runner_run.device_wall.post_orch ts=972842 dur=4109 clk=dev
[mono_ns=83711292126128][T0x7eb6f8e97740][TIMING] emit_host_span: [STRACE] v=1 pid=3967479 tid=3967479 inv=59 hid=87d82477c49eb8f1 depth=3 name=chip.run.runner_run.device_wall.orch ts=8634 dur=693565 clk=dev
[mono_ns=83711292130334][T0x7eb6f8e97740][TIMING] emit_host_span: [STRACE] v=1 pid=3967479 tid=3967479 inv=59 hid=87d82477c49eb8f1 depth=3 name=chip.run.runner_run.device_wall.sched ts=11204 dur=945887 clk=dev
[mono_ns=83711292131666][T0x7eb6f8e97740][TIMING] emit_host_span: [STRACE] v=1 pid=3967479 tid=3967479 inv=59 hid=87d82477c49eb8f1 depth=1 name=chip.run.claim_release ts=83711292131356 dur=30 
[mono_ns=83711292133019][T0x7eb6f8e97740][TIMING] emit_host_span: [STRACE] v=1 pid=3967479 tid=3967479 inv=59 hid=87d82477c49eb8f1 depth=0 name=chip.run ts=83711253860104 dur=38272634 run_id=0 dispatch_id=0 slot_id=0 generation=59 run_epoch=59
[mono_ns=83711323926768][T0x7eb6f8e97740][TIMING] emit_host_span: [STRACE] v=1 pid=3967479 tid=3967479 inv=60 hid=87d82477c49eb8f1 depth=2 name=chip.run.bind.args ts=83711292385898 dur=31539338 
[mono_ns=83711323947329][T0x7eb6f8e97740][TIMING] emit_host_span: [STRACE] v=1 pid=3967479 tid=3967479 inv=60 hid=87d82477c49eb8f1 depth=2 name=chip.run.bind.prebuilt ts=83711323944675 dur=2284 
[mono_ns=83711323949993][T0x7eb6f8e97740][TIMING] emit_host_span: [STRACE] v=1 pid=3967479 tid=3967479 inv=60 hid=87d82477c49eb8f1 depth=1 name=chip.run.bind ts=83711292383374 dur=31566239 
[mono_ns=83711329051039][T0x7eb6f8e97740][WARN] prepare_execution: [device_runner.cpp:342] AICPU CPU_TOPO unavailable; using json_fallback: soc=Ascend950PR_9579 occupy=0x3e stable_reachable=5 requested=0 effective=5 affinity=[1, 2, 3, 4, 5(orch)]
[mono_ns=83711330265963][T0x7eb6f8e97740][TIMING] emit_host_span: [STRACE] v=1 pid=3967479 tid=3967479 inv=60 hid=87d82477c49eb8f1 depth=1 name=chip.run.runner_run ts=83711329120454 dur=1145038 
[mono_ns=83711330604471][T0x7eb6f8e97740][TIMING] emit_host_span: [STRACE] v=1 pid=3967479 tid=3967479 inv=60 hid=87d82477c49eb8f1 depth=1 name=chip.run.validate ts=83711330274676 dur=329204 
[mono_ns=83711330610450][T0x7eb6f8e97740][TIMING] emit_host_span: [STRACE] v=1 pid=3967479 tid=3967479 inv=60 hid=87d82477c49eb8f1 depth=2 name=chip.run.runner_run.device_wall ts=0 dur=976779 clk=dev
[mono_ns=83711330612243][T0x7eb6f8e97740][TIMING] emit_host_span: [STRACE] v=1 pid=3967479 tid=3967479 inv=60 hid=87d82477c49eb8f1 depth=3 name=chip.run.runner_run.device_wall.preamble ts=0 dur=15126 clk=dev
[mono_ns=83711330613585][T0x7eb6f8e97740][TIMING] emit_host_span: [STRACE] v=1 pid=3967479 tid=3967479 inv=60 hid=87d82477c49eb8f1 depth=3 name=chip.run.runner_run.device_wall.graph_build ts=5139 dur=967897 clk=dev
[mono_ns=83711330615127][T0x7eb6f8e97740][TIMING] emit_host_span: [STRACE] v=1 pid=3967479 tid=3967479 inv=60 hid=87d82477c49eb8f1 depth=3 name=chip.run.runner_run.device_wall.config_validate ts=5832 dur=929 clk=dev
[mono_ns=83711330617741][T0x7eb6f8e97740][TIMING] emit_host_span: [STRACE] v=1 pid=3967479 tid=3967479 inv=60 hid=87d82477c49eb8f1 depth=3 name=chip.run.runner_run.device_wall.arena_wire ts=6891 dur=2085 clk=dev
[mono_ns=83711330619554][T0x7eb6f8e97740][TIMING] emit_host_span: [STRACE] v=1 pid=3967479 tid=3967479 inv=60 hid=87d82477c49eb8f1 depth=3 name=chip.run.runner_run.device_wall.sm_reset ts=8995 dur=2155 clk=dev
[mono_ns=83711330620906][T0x7eb6f8e97740][TIMING] emit_host_span: [STRACE] v=1 pid=3967479 tid=3967479 inv=60 hid=87d82477c49eb8f1 depth=3 name=chip.run.runner_run.device_wall.post_orch ts=973253 dur=3410 clk=dev
[mono_ns=83711330622067][T0x7eb6f8e97740][TIMING] emit_host_span: [STRACE] v=1 pid=3967479 tid=3967479 inv=60 hid=87d82477c49eb8f1 depth=3 name=chip.run.runner_run.device_wall.orch ts=11175 dur=691546 clk=dev
[mono_ns=83711330623209][T0x7eb6f8e97740][TIMING] emit_host_span: [STRACE] v=1 pid=3967479 tid=3967479 inv=60 hid=87d82477c49eb8f1 depth=3 name=chip.run.runner_run.device_wall.sched ts=14999 dur=946026 clk=dev
[mono_ns=83711330624661][T0x7eb6f8e97740][TIMING] emit_host_span: [STRACE] v=1 pid=3967479 tid=3967479 inv=60 hid=87d82477c49eb8f1 depth=1 name=chip.run.claim_release ts=83711330624251 dur=110 
[mono_ns=83711330626204][T0x7eb6f8e97740][TIMING] emit_host_span: [STRACE] v=1 pid=3967479 tid=3967479 inv=60 hid=87d82477c49eb8f1 depth=0 name=chip.run ts=83711292380410 dur=38245413 run_id=0 dispatch_id=0 slot_id=0 generation=60 run_epoch=60
[mono_ns=83711361458721][T0x7eb6f8e97740][TIMING] emit_host_span: [STRACE] v=1 pid=3967479 tid=3967479 inv=61 hid=87d82477c49eb8f1 depth=2 name=chip.run.bind.args ts=83711330918432 dur=30538937 
[mono_ns=83711361478521][T0x7eb6f8e97740][TIMING] emit_host_span: [STRACE] v=1 pid=3967479 tid=3967479 inv=61 hid=87d82477c49eb8f1 depth=2 name=chip.run.bind.prebuilt ts=83711361475366 dur=2794 
[mono_ns=83711361480694][T0x7eb6f8e97740][TIMING] emit_host_span: [STRACE] v=1 pid=3967479 tid=3967479 inv=61 hid=87d82477c49eb8f1 depth=1 name=chip.run.bind ts=83711330915608 dur=30564615 
[mono_ns=83711366453648][T0x7eb6f8e97740][WARN] prepare_execution: [device_runner.cpp:342] AICPU CPU_TOPO unavailable; using json_fallback: soc=Ascend950PR_9579 occupy=0x3e stable_reachable=5 requested=0 effective=5 affinity=[1, 2, 3, 4, 5(orch)]
[mono_ns=83711367654370][T0x7eb6f8e97740][TIMING] emit_host_span: [STRACE] v=1 pid=3967479 tid=3967479 inv=61 hid=87d82477c49eb8f1 depth=1 name=chip.run.runner_run ts=83711366516432 dur=1137307 
[mono_ns=83711367993138][T0x7eb6f8e97740][TIMING] emit_host_span: [STRACE] v=1 pid=3967479 tid=3967479 inv=61 hid=87d82477c49eb8f1 depth=1 name=chip.run.validate ts=83711367662232 dur=330536 
[mono_ns=83711367998977][T0x7eb6f8e97740][TIMING] emit_host_span: [STRACE] v=1 pid=3967479 tid=3967479 inv=61 hid=87d82477c49eb8f1 depth=2 name=chip.run.runner_run.device_wall ts=0 dur=985653 clk=dev
[mono_ns=83711368004325][T0x7eb6f8e97740][TIMING] emit_host_span: [STRACE] v=1 pid=3967479 tid=3967479 inv=61 hid=87d82477c49eb8f1 depth=3 name=chip.run.runner_run.device_wall.preamble ts=0 dur=11617 clk=dev
[mono_ns=83711368006398][T0x7eb6f8e97740][TIMING] emit_host_span: [STRACE] v=1 pid=3967479 tid=3967479 inv=61 hid=87d82477c49eb8f1 depth=3 name=chip.run.runner_run.device_wall.graph_build ts=2494 dur=978677 clk=dev
[mono_ns=83711368008061][T0x7eb6f8e97740][TIMING] emit_host_span: [STRACE] v=1 pid=3967479 tid=3967479 inv=61 hid=87d82477c49eb8f1 depth=3 name=chip.run.runner_run.device_wall.config_validate ts=2962 dur=1162 clk=dev
[mono_ns=83711368010855][T0x7eb6f8e97740][TIMING] emit_host_span: [STRACE] v=1 pid=3967479 tid=3967479 inv=61 hid=87d82477c49eb8f1 depth=3 name=chip.run.runner_run.device_wall.arena_wire ts=4157 dur=2085 clk=dev
[mono_ns=83711368012798][T0x7eb6f8e97740][TIMING] emit_host_span: [STRACE] v=1 pid=3967479 tid=3967479 inv=61 hid=87d82477c49eb8f1 depth=3 name=chip.run.runner_run.device_wall.sm_reset ts=6260 dur=2500 clk=dev
[mono_ns=83711368014140][T0x7eb6f8e97740][TIMING] emit_host_span: [STRACE] v=1 pid=3967479 tid=3967479 inv=61 hid=87d82477c49eb8f1 depth=3 name=chip.run.runner_run.device_wall.post_orch ts=981199 dur=4383 clk=dev
[mono_ns=83711368015272][T0x7eb6f8e97740][TIMING] emit_host_span: [STRACE] v=1 pid=3967479 tid=3967479 inv=61 hid=87d82477c49eb8f1 depth=3 name=chip.run.runner_run.device_wall.orch ts=8982 dur=732795 clk=dev
[mono_ns=83711368016383][T0x7eb6f8e97740][TIMING] emit_host_span: [STRACE] v=1 pid=3967479 tid=3967479 inv=61 hid=87d82477c49eb8f1 depth=3 name=chip.run.runner_run.device_wall.sched ts=11264 dur=957550 clk=dev
[mono_ns=83711368017735][T0x7eb6f8e97740][TIMING] emit_host_span: [STRACE] v=1 pid=3967479 tid=3967479 inv=61 hid=87d82477c49eb8f1 depth=1 name=chip.run.claim_release ts=83711368017405 dur=60 
[mono_ns=83711368019268][T0x7eb6f8e97740][TIMING] emit_host_span: [STRACE] v=1 pid=3967479 tid=3967479 inv=61 hid=87d82477c49eb8f1 depth=0 name=chip.run ts=83711330912373 dur=37106594 run_id=0 dispatch_id=0 slot_id=0 generation=61 run_epoch=61
[mono_ns=83711399561340][T0x7eb6f8e97740][TIMING] emit_host_span: [STRACE] v=1 pid=3967479 tid=3967479 inv=62 hid=87d82477c49eb8f1 depth=2 name=chip.run.bind.args ts=83711368289373 dur=31271406 
[mono_ns=83711399573238][T0x7eb6f8e97740][TIMING] emit_host_span: [STRACE] v=1 pid=3967479 tid=3967479 inv=62 hid=87d82477c49eb8f1 depth=2 name=chip.run.bind.prebuilt ts=83711399571084 dur=1683 
[mono_ns=83711399575541][T0x7eb6f8e97740][TIMING] emit_host_span: [STRACE] v=1 pid=3967479 tid=3967479 inv=62 hid=87d82477c49eb8f1 depth=1 name=chip.run.bind ts=83711368287320 dur=31287780 
[mono_ns=83711404573663][T0x7eb6f8e97740][WARN] prepare_execution: [device_runner.cpp:342] AICPU CPU_TOPO unavailable; using json_fallback: soc=Ascend950PR_9579 occupy=0x3e stable_reachable=5 requested=0 effective=5 affinity=[1, 2, 3, 4, 5(orch)]
[mono_ns=83711405772733][T0x7eb6f8e97740][TIMING] emit_host_span: [STRACE] v=1 pid=3967479 tid=3967479 inv=62 hid=87d82477c49eb8f1 depth=1 name=chip.run.runner_run ts=83711404632932 dur=1139440 
[mono_ns=83711406097250][T0x7eb6f8e97740][TIMING] emit_host_span: [STRACE] v=1 pid=3967479 tid=3967479 inv=62 hid=87d82477c49eb8f1 depth=1 name=chip.run.validate ts=83711405780945 dur=315964 
[mono_ns=83711406104450][T0x7eb6f8e97740][TIMING] emit_host_span: [STRACE] v=1 pid=3967479 tid=3967479 inv=62 hid=87d82477c49eb8f1 depth=2 name=chip.run.runner_run.device_wall ts=0 dur=1004527 clk=dev
[mono_ns=83711406106023][T0x7eb6f8e97740][TIMING] emit_host_span: [STRACE] v=1 pid=3967479 tid=3967479 inv=62 hid=87d82477c49eb8f1 depth=3 name=chip.run.runner_run.device_wall.preamble ts=0 dur=13604 clk=dev
[mono_ns=83711406107225][T0x7eb6f8e97740][TIMING] emit_host_span: [STRACE] v=1 pid=3967479 tid=3967479 inv=62 hid=87d82477c49eb8f1 depth=3 name=chip.run.runner_run.device_wall.graph_build ts=4474 dur=994492 clk=dev
[mono_ns=83711406108366][T0x7eb6f8e97740][TIMING] emit_host_span: [STRACE] v=1 pid=3967479 tid=3967479 inv=62 hid=87d82477c49eb8f1 depth=3 name=chip.run.runner_run.device_wall.config_validate ts=4993 dur=1085 clk=dev
[mono_ns=83711406109748][T0x7eb6f8e97740][TIMING] emit_host_span: [STRACE] v=1 pid=3967479 tid=3967479 inv=62 hid=87d82477c49eb8f1 depth=3 name=chip.run.runner_run.device_wall.arena_wire ts=6103 dur=2094 clk=dev
[mono_ns=83711406112262][T0x7eb6f8e97740][TIMING] emit_host_span: [STRACE] v=1 pid=3967479 tid=3967479 inv=62 hid=87d82477c49eb8f1 depth=3 name=chip.run.runner_run.device_wall.sm_reset ts=8218 dur=2050 clk=dev
[mono_ns=83711406113604][T0x7eb6f8e97740][TIMING] emit_host_span: [STRACE] v=1 pid=3967479 tid=3967479 inv=62 hid=87d82477c49eb8f1 depth=3 name=chip.run.runner_run.device_wall.post_orch ts=999347 dur=4168 clk=dev
[mono_ns=83711406114746][T0x7eb6f8e97740][TIMING] emit_host_span: [STRACE] v=1 pid=3967479 tid=3967479 inv=62 hid=87d82477c49eb8f1 depth=3 name=chip.run.runner_run.device_wall.orch ts=10308 dur=688560 clk=dev
[mono_ns=83711406115858][T0x7eb6f8e97740][TIMING] emit_host_span: [STRACE] v=1 pid=3967479 tid=3967479 inv=62 hid=87d82477c49eb8f1 depth=3 name=chip.run.runner_run.device_wall.sched ts=13100 dur=972285 clk=dev
[mono_ns=83711406117330][T0x7eb6f8e97740][TIMING] emit_host_span: [STRACE] v=1 pid=3967479 tid=3967479 inv=62 hid=87d82477c49eb8f1 depth=1 name=chip.run.claim_release ts=83711406116849 dur=40 
[mono_ns=83711406118642][T0x7eb6f8e97740][TIMING] emit_host_span: [STRACE] v=1 pid=3967479 tid=3967479 inv=62 hid=87d82477c49eb8f1 depth=0 name=chip.run ts=83711368284846 dur=37833475 run_id=0 dispatch_id=0 slot_id=0 generation=62 run_epoch=62
[mono_ns=83711436540192][T0x7eb6f8e97740][TIMING] emit_host_span: [STRACE] v=1 pid=3967479 tid=3967479 inv=63 hid=87d82477c49eb8f1 depth=2 name=chip.run.bind.args ts=83711406367826 dur=30171885 
[mono_ns=83711436552340][T0x7eb6f8e97740][TIMING] emit_host_span: [STRACE] v=1 pid=3967479 tid=3967479 inv=63 hid=87d82477c49eb8f1 depth=2 name=chip.run.bind.prebuilt ts=83711436550678 dur=1302 
[mono_ns=83711436554193][T0x7eb6f8e97740][TIMING] emit_host_span: [STRACE] v=1 pid=3967479 tid=3967479 inv=63 hid=87d82477c49eb8f1 depth=1 name=chip.run.bind ts=83711406366053 dur=30187850 
[mono_ns=83711441534728][T0x7eb6f8e97740][WARN] prepare_execution: [device_runner.cpp:342] AICPU CPU_TOPO unavailable; using json_fallback: soc=Ascend950PR_9579 occupy=0x3e stable_reachable=5 requested=0 effective=5 affinity=[1, 2, 3, 4, 5(orch)]
[mono_ns=83711442688510][T0x7eb6f8e97740][TIMING] emit_host_span: [STRACE] v=1 pid=3967479 tid=3967479 inv=63 hid=87d82477c49eb8f1 depth=1 name=chip.run.runner_run ts=83711441595329 dur=1092801 
[mono_ns=83711443032797][T0x7eb6f8e97740][TIMING] emit_host_span: [STRACE] v=1 pid=3967479 tid=3967479 inv=63 hid=87d82477c49eb8f1 depth=1 name=chip.run.validate ts=83711442699186 dur=333250 
[mono_ns=83711443039417][T0x7eb6f8e97740][TIMING] emit_host_span: [STRACE] v=1 pid=3967479 tid=3967479 inv=63 hid=87d82477c49eb8f1 depth=2 name=chip.run.runner_run.device_wall ts=0 dur=961930 clk=dev
[mono_ns=83711443041019][T0x7eb6f8e97740][TIMING] emit_host_span: [STRACE] v=1 pid=3967479 tid=3967479 inv=63 hid=87d82477c49eb8f1 depth=3 name=chip.run.runner_run.device_wall.preamble ts=0 dur=14590 clk=dev
[mono_ns=83711443042221][T0x7eb6f8e97740][TIMING] emit_host_span: [STRACE] v=1 pid=3967479 tid=3967479 inv=63 hid=87d82477c49eb8f1 depth=3 name=chip.run.runner_run.device_wall.graph_build ts=4103 dur=953564 clk=dev
[mono_ns=83711443043373][T0x7eb6f8e97740][TIMING] emit_host_span: [STRACE] v=1 pid=3967479 tid=3967479 inv=63 hid=87d82477c49eb8f1 depth=3 name=chip.run.runner_run.device_wall.config_validate ts=4564 dur=818 clk=dev
[mono_ns=83711443044775][T0x7eb6f8e97740][TIMING] emit_host_span: [STRACE] v=1 pid=3967479 tid=3967479 inv=63 hid=87d82477c49eb8f1 depth=3 name=chip.run.runner_run.device_wall.arena_wire ts=5560 dur=1908 clk=dev
[mono_ns=83711443047259][T0x7eb6f8e97740][TIMING] emit_host_span: [STRACE] v=1 pid=3967479 tid=3967479 inv=63 hid=87d82477c49eb8f1 depth=3 name=chip.run.runner_run.device_wall.sm_reset ts=7499 dur=2872 clk=dev
[mono_ns=83711443049192][T0x7eb6f8e97740][TIMING] emit_host_span: [STRACE] v=1 pid=3967479 tid=3967479 inv=63 hid=87d82477c49eb8f1 depth=3 name=chip.run.runner_run.device_wall.post_orch ts=957695 dur=4159 clk=dev
[mono_ns=83711443050534][T0x7eb6f8e97740][TIMING] emit_host_span: [STRACE] v=1 pid=3967479 tid=3967479 inv=63 hid=87d82477c49eb8f1 depth=3 name=chip.run.runner_run.device_wall.orch ts=10395 dur=665589 clk=dev
[mono_ns=83711443051655][T0x7eb6f8e97740][TIMING] emit_host_span: [STRACE] v=1 pid=3967479 tid=3967479 inv=63 hid=87d82477c49eb8f1 depth=3 name=chip.run.runner_run.device_wall.sched ts=14191 dur=931275 clk=dev
[mono_ns=83711443053057][T0x7eb6f8e97740][TIMING] emit_host_span: [STRACE] v=1 pid=3967479 tid=3967479 inv=63 hid=87d82477c49eb8f1 depth=1 name=chip.run.claim_release ts=83711443052707 dur=100 
[mono_ns=83711443054499][T0x7eb6f8e97740][TIMING] emit_host_span: [STRACE] v=1 pid=3967479 tid=3967479 inv=63 hid=87d82477c49eb8f1 depth=0 name=chip.run ts=83711406364150 dur=36690029 run_id=0 dispatch_id=0 slot_id=0 generation=63 run_epoch=63
[mono_ns=83711474314228][T0x7eb6f8e97740][TIMING] emit_host_span: [STRACE] v=1 pid=3967479 tid=3967479 inv=64 hid=87d82477c49eb8f1 depth=2 name=chip.run.bind.args ts=83711443303293 dur=31010043 
[mono_ns=83711474331924][T0x7eb6f8e97740][TIMING] emit_host_span: [STRACE] v=1 pid=3967479 tid=3967479 inv=64 hid=87d82477c49eb8f1 depth=2 name=chip.run.bind.prebuilt ts=83711474329821 dur=1713 
[mono_ns=83711474334458][T0x7eb6f8e97740][TIMING] emit_host_span: [STRACE] v=1 pid=3967479 tid=3967479 inv=64 hid=87d82477c49eb8f1 depth=1 name=chip.run.bind ts=83711443301410 dur=31032688 
[mono_ns=83711479398829][T0x7eb6f8e97740][WARN] prepare_execution: [device_runner.cpp:342] AICPU CPU_TOPO unavailable; using json_fallback: soc=Ascend950PR_9579 occupy=0x3e stable_reachable=5 requested=0 effective=5 affinity=[1, 2, 3, 4, 5(orch)]
[mono_ns=83711480542336][T0x7eb6f8e97740][TIMING] emit_host_span: [STRACE] v=1 pid=3967479 tid=3967479 inv=64 hid=87d82477c49eb8f1 depth=1 name=chip.run.runner_run ts=83711479461173 dur=1080702 
[mono_ns=83711480879502][T0x7eb6f8e97740][TIMING] emit_host_span: [STRACE] v=1 pid=3967479 tid=3967479 inv=64 hid=87d82477c49eb8f1 depth=1 name=chip.run.validate ts=83711480550999 dur=328092 
[mono_ns=83711480885331][T0x7eb6f8e97740][TIMING] emit_host_span: [STRACE] v=1 pid=3967479 tid=3967479 inv=64 hid=87d82477c49eb8f1 depth=2 name=chip.run.runner_run.device_wall ts=0 dur=938265 clk=dev
[mono_ns=83711480887814][T0x7eb6f8e97740][TIMING] emit_host_span: [STRACE] v=1 pid=3967479 tid=3967479 inv=64 hid=87d82477c49eb8f1 depth=3 name=chip.run.runner_run.device_wall.preamble ts=0 dur=13526 clk=dev
[mono_ns=83711480892351][T0x7eb6f8e97740][TIMING] emit_host_span: [STRACE] v=1 pid=3967479 tid=3967479 inv=64 hid=87d82477c49eb8f1 depth=3 name=chip.run.runner_run.device_wall.graph_build ts=2186 dur=931417 clk=dev
[mono_ns=83711480893893][T0x7eb6f8e97740][TIMING] emit_host_span: [STRACE] v=1 pid=3967479 tid=3967479 inv=64 hid=87d82477c49eb8f1 depth=3 name=chip.run.runner_run.device_wall.config_validate ts=2318 dur=1088 clk=dev
[mono_ns=83711480895055][T0x7eb6f8e97740][TIMING] emit_host_span: [STRACE] v=1 pid=3967479 tid=3967479 inv=64 hid=87d82477c49eb8f1 depth=3 name=chip.run.runner_run.device_wall.arena_wire ts=3546 dur=2347 clk=dev
[mono_ns=83711480896187][T0x7eb6f8e97740][TIMING] emit_host_span: [STRACE] v=1 pid=3967479 tid=3967479 inv=64 hid=87d82477c49eb8f1 depth=3 name=chip.run.runner_run.device_wall.sm_reset ts=5911 dur=2227 clk=dev
[mono_ns=83711480897309][T0x7eb6f8e97740][TIMING] emit_host_span: [STRACE] v=1 pid=3967479 tid=3967479 inv=64 hid=87d82477c49eb8f1 depth=3 name=chip.run.runner_run.device_wall.post_orch ts=933680 dur=4397 clk=dev
[mono_ns=83711480898450][T0x7eb6f8e97740][TIMING] emit_host_span: [STRACE] v=1 pid=3967479 tid=3967479 inv=64 hid=87d82477c49eb8f1 depth=3 name=chip.run.runner_run.device_wall.orch ts=8273 dur=697542 clk=dev
[mono_ns=83711480899572][T0x7eb6f8e97740][TIMING] emit_host_span: [STRACE] v=1 pid=3967479 tid=3967479 inv=64 hid=87d82477c49eb8f1 depth=3 name=chip.run.runner_run.device_wall.sched ts=13229 dur=908674 clk=dev
[mono_ns=83711480901024][T0x7eb6f8e97740][TIMING] emit_host_span: [STRACE] v=1 pid=3967479 tid=3967479 inv=64 hid=87d82477c49eb8f1 depth=1 name=chip.run.claim_release ts=83711480900623 dur=121 
[mono_ns=83711480905571][T0x7eb6f8e97740][TIMING] emit_host_span: [STRACE] v=1 pid=3967479 tid=3967479 inv=64 hid=87d82477c49eb8f1 depth=0 name=chip.run ts=83711443299057 dur=37606153 run_id=0 dispatch_id=0 slot_id=0 generation=64 run_epoch=64
[mono_ns=83711511907572][T0x7eb6f8e97740][TIMING] emit_host_span: [STRACE] v=1 pid=3967479 tid=3967479 inv=65 hid=87d82477c49eb8f1 depth=2 name=chip.run.bind.args ts=83711481185361 dur=30721611 
[mono_ns=83711511919961][T0x7eb6f8e97740][TIMING] emit_host_span: [STRACE] v=1 pid=3967479 tid=3967479 inv=65 hid=87d82477c49eb8f1 depth=2 name=chip.run.bind.prebuilt ts=83711511918158 dur=1432 
[mono_ns=83711511921694][T0x7eb6f8e97740][TIMING] emit_host_span: [STRACE] v=1 pid=3967479 tid=3967479 inv=65 hid=87d82477c49eb8f1 depth=1 name=chip.run.bind ts=83711481182857 dur=30738606 
[mono_ns=83711516980577][T0x7eb6f8e97740][WARN] prepare_execution: [device_runner.cpp:342] AICPU CPU_TOPO unavailable; using json_fallback: soc=Ascend950PR_9579 occupy=0x3e stable_reachable=5 requested=0 effective=5 affinity=[1, 2, 3, 4, 5(orch)]
[mono_ns=83711518163813][T0x7eb6f8e97740][TIMING] emit_host_span: [STRACE] v=1 pid=3967479 tid=3967479 inv=65 hid=87d82477c49eb8f1 depth=1 name=chip.run.runner_run ts=83711517042249 dur=1121213 
[mono_ns=83711518491835][T0x7eb6f8e97740][TIMING] emit_host_span: [STRACE] v=1 pid=3967479 tid=3967479 inv=65 hid=87d82477c49eb8f1 depth=1 name=chip.run.validate ts=83711518171534 dur=319950 
[mono_ns=83711518497624][T0x7eb6f8e97740][TIMING] emit_host_span: [STRACE] v=1 pid=3967479 tid=3967479 inv=65 hid=87d82477c49eb8f1 depth=2 name=chip.run.runner_run.device_wall ts=0 dur=969408 clk=dev
[mono_ns=83711518499156][T0x7eb6f8e97740][TIMING] emit_host_span: [STRACE] v=1 pid=3967479 tid=3967479 inv=65 hid=87d82477c49eb8f1 depth=3 name=chip.run.runner_run.device_wall.preamble ts=0 dur=12426 clk=dev
[mono_ns=83711518500378][T0x7eb6f8e97740][TIMING] emit_host_span: [STRACE] v=1 pid=3967479 tid=3967479 inv=65 hid=87d82477c49eb8f1 depth=3 name=chip.run.runner_run.device_wall.graph_build ts=2625 dur=962060 clk=dev
[mono_ns=83711518501529][T0x7eb6f8e97740][TIMING] emit_host_span: [STRACE] v=1 pid=3967479 tid=3967479 inv=65 hid=87d82477c49eb8f1 depth=3 name=chip.run.runner_run.device_wall.config_validate ts=2884 dur=1233 clk=dev
[mono_ns=83711518502901][T0x7eb6f8e97740][TIMING] emit_host_span: [STRACE] v=1 pid=3967479 tid=3967479 inv=65 hid=87d82477c49eb8f1 depth=3 name=chip.run.runner_run.device_wall.arena_wire ts=4147 dur=1716 clk=dev
[mono_ns=83711518507178][T0x7eb6f8e97740][TIMING] emit_host_span: [STRACE] v=1 pid=3967479 tid=3967479 inv=65 hid=87d82477c49eb8f1 depth=3 name=chip.run.runner_run.device_wall.sm_reset ts=5880 dur=2391 clk=dev
[mono_ns=83711518508550][T0x7eb6f8e97740][TIMING] emit_host_span: [STRACE] v=1 pid=3967479 tid=3967479 inv=65 hid=87d82477c49eb8f1 depth=3 name=chip.run.runner_run.device_wall.post_orch ts=964714 dur=4553 clk=dev
[mono_ns=83711518509692][T0x7eb6f8e97740][TIMING] emit_host_span: [STRACE] v=1 pid=3967479 tid=3967479 inv=65 hid=87d82477c49eb8f1 depth=3 name=chip.run.runner_run.device_wall.orch ts=8309 dur=720896 clk=dev
[mono_ns=83711518510793][T0x7eb6f8e97740][TIMING] emit_host_span: [STRACE] v=1 pid=3967479 tid=3967479 inv=65 hid=87d82477c49eb8f1 depth=3 name=chip.run.runner_run.device_wall.sched ts=12301 dur=939098 clk=dev
[mono_ns=83711518512175][T0x7eb6f8e97740][TIMING] emit_host_span: [STRACE] v=1 pid=3967479 tid=3967479 inv=65 hid=87d82477c49eb8f1 depth=1 name=chip.run.claim_release ts=83711518511815 dur=90 
[mono_ns=83711518513557][T0x7eb6f8e97740][TIMING] emit_host_span: [STRACE] v=1 pid=3967479 tid=3967479 inv=65 hid=87d82477c49eb8f1 depth=0 name=chip.run ts=83711481179522 dur=37333735 run_id=0 dispatch_id=0 slot_id=0 generation=65 run_epoch=65
[mono_ns=83711550507718][T0x7eb6f8e97740][TIMING] emit_host_span: [STRACE] v=1 pid=3967479 tid=3967479 inv=66 hid=87d82477c49eb8f1 depth=2 name=chip.run.bind.args ts=83711518775310 dur=31731767 
[mono_ns=83711550519316][T0x7eb6f8e97740][TIMING] emit_host_span: [STRACE] v=1 pid=3967479 tid=3967479 inv=66 hid=87d82477c49eb8f1 depth=2 name=chip.run.bind.prebuilt ts=83711550517543 dur=1442 
[mono_ns=83711550521098][T0x7eb6f8e97740][TIMING] emit_host_span: [STRACE] v=1 pid=3967479 tid=3967479 inv=66 hid=87d82477c49eb8f1 depth=1 name=chip.run.bind ts=83711518773488 dur=31747350 
[mono_ns=83711555456646][T0x7eb6f8e97740][WARN] prepare_execution: [device_runner.cpp:342] AICPU CPU_TOPO unavailable; using json_fallback: soc=Ascend950PR_9579 occupy=0x3e stable_reachable=5 requested=0 effective=5 affinity=[1, 2, 3, 4, 5(orch)]
[mono_ns=83711556687483][T0x7eb6f8e97740][TIMING] emit_host_span: [STRACE] v=1 pid=3967479 tid=3967479 inv=66 hid=87d82477c49eb8f1 depth=1 name=chip.run.runner_run ts=83711555516676 dur=1170417 
[mono_ns=83711557041725][T0x7eb6f8e97740][TIMING] emit_host_span: [STRACE] v=1 pid=3967479 tid=3967479 inv=66 hid=87d82477c49eb8f1 depth=1 name=chip.run.validate ts=83711556695756 dur=345629 
[mono_ns=83711557048255][T0x7eb6f8e97740][TIMING] emit_host_span: [STRACE] v=1 pid=3967479 tid=3967479 inv=66 hid=87d82477c49eb8f1 depth=2 name=chip.run.runner_run.device_wall ts=0 dur=1035239 clk=dev
[mono_ns=83711557049917][T0x7eb6f8e97740][TIMING] emit_host_span: [STRACE] v=1 pid=3967479 tid=3967479 inv=66 hid=87d82477c49eb8f1 depth=3 name=chip.run.runner_run.device_wall.preamble ts=0 dur=12802 clk=dev
[mono_ns=83711557051159][T0x7eb6f8e97740][TIMING] emit_host_span: [STRACE] v=1 pid=3967479 tid=3967479 inv=66 hid=87d82477c49eb8f1 depth=3 name=chip.run.runner_run.device_wall.graph_build ts=2425 dur=1028001 clk=dev
[mono_ns=83711557052321][T0x7eb6f8e97740][TIMING] emit_host_span: [STRACE] v=1 pid=3967479 tid=3967479 inv=66 hid=87d82477c49eb8f1 depth=3 name=chip.run.runner_run.device_wall.config_validate ts=2577 dur=1232 clk=dev
[mono_ns=83711557053433][T0x7eb6f8e97740][TIMING] emit_host_span: [STRACE] v=1 pid=3967479 tid=3967479 inv=66 hid=87d82477c49eb8f1 depth=3 name=chip.run.runner_run.device_wall.arena_wire ts=3832 dur=1430 clk=dev
[mono_ns=83711557054805][T0x7eb6f8e97740][TIMING] emit_host_span: [STRACE] v=1 pid=3967479 tid=3967479 inv=66 hid=87d82477c49eb8f1 depth=3 name=chip.run.runner_run.device_wall.sm_reset ts=5280 dur=2508 clk=dev
[mono_ns=83711557057218][T0x7eb6f8e97740][TIMING] emit_host_span: [STRACE] v=1 pid=3967479 tid=3967479 inv=66 hid=87d82477c49eb8f1 depth=3 name=chip.run.runner_run.device_wall.post_orch ts=1030455 dur=4400 clk=dev
[mono_ns=83711557060834][T0x7eb6f8e97740][TIMING] emit_host_span: [STRACE] v=1 pid=3967479 tid=3967479 inv=66 hid=87d82477c49eb8f1 depth=3 name=chip.run.runner_run.device_wall.orch ts=7954 dur=672065 clk=dev
[mono_ns=83711557062176][T0x7eb6f8e97740][TIMING] emit_host_span: [STRACE] v=1 pid=3967479 tid=3967479 inv=66 hid=87d82477c49eb8f1 depth=3 name=chip.run.runner_run.device_wall.sched ts=12459 dur=1004794 clk=dev
[mono_ns=83711557063538][T0x7eb6f8e97740][TIMING] emit_host_span: [STRACE] v=1 pid=3967479 tid=3967479 inv=66 hid=87d82477c49eb8f1 depth=1 name=chip.run.claim_release ts=83711557063207 dur=50 
[mono_ns=83711557064840][T0x7eb6f8e97740][TIMING] emit_host_span: [STRACE] v=1 pid=3967479 tid=3967479 inv=66 hid=87d82477c49eb8f1 depth=0 name=chip.run ts=83711518770874 dur=38293685 run_id=0 dispatch_id=0 slot_id=0 generation=66 run_epoch=66
[mono_ns=83711588623947][T0x7eb6f8e97740][TIMING] emit_host_span: [STRACE] v=1 pid=3967479 tid=3967479 inv=67 hid=87d82477c49eb8f1 depth=2 name=chip.run.bind.args ts=83711557321795 dur=31301692 
[mono_ns=83711588634263][T0x7eb6f8e97740][TIMING] emit_host_span: [STRACE] v=1 pid=3967479 tid=3967479 inv=67 hid=87d82477c49eb8f1 depth=2 name=chip.run.bind.prebuilt ts=83711588632280 dur=1662 
[mono_ns=83711588635895][T0x7eb6f8e97740][TIMING] emit_host_span: [STRACE] v=1 pid=3967479 tid=3967479 inv=67 hid=87d82477c49eb8f1 depth=1 name=chip.run.bind ts=83711557320063 dur=31315582 
[mono_ns=83711593619846][T0x7eb6f8e97740][WARN] prepare_execution: [device_runner.cpp:342] AICPU CPU_TOPO unavailable; using json_fallback: soc=Ascend950PR_9579 occupy=0x3e stable_reachable=5 requested=0 effective=5 affinity=[1, 2, 3, 4, 5(orch)]
[mono_ns=83711594805145][T0x7eb6f8e97740][TIMING] emit_host_span: [STRACE] v=1 pid=3967479 tid=3967479 inv=67 hid=87d82477c49eb8f1 depth=1 name=chip.run.runner_run ts=83711593681108 dur=1123696 
[mono_ns=83711595134499][T0x7eb6f8e97740][TIMING] emit_host_span: [STRACE] v=1 pid=3967479 tid=3967479 inv=67 hid=87d82477c49eb8f1 depth=1 name=chip.run.validate ts=83711594812957 dur=321202 
[mono_ns=83711595140879][T0x7eb6f8e97740][TIMING] emit_host_span: [STRACE] v=1 pid=3967479 tid=3967479 inv=67 hid=87d82477c49eb8f1 depth=2 name=chip.run.runner_run.device_wall ts=0 dur=990619 clk=dev
[mono_ns=83711595142551][T0x7eb6f8e97740][TIMING] emit_host_span: [STRACE] v=1 pid=3967479 tid=3967479 inv=67 hid=87d82477c49eb8f1 depth=3 name=chip.run.runner_run.device_wall.preamble ts=0 dur=15517 clk=dev
[mono_ns=83711595143903][T0x7eb6f8e97740][TIMING] emit_host_span: [STRACE] v=1 pid=3967479 tid=3967479 inv=67 hid=87d82477c49eb8f1 depth=3 name=chip.run.runner_run.device_wall.graph_build ts=5217 dur=981492 clk=dev
[mono_ns=83711595145045][T0x7eb6f8e97740][TIMING] emit_host_span: [STRACE] v=1 pid=3967479 tid=3967479 inv=67 hid=87d82477c49eb8f1 depth=3 name=chip.run.runner_run.device_wall.config_validate ts=5665 dur=918 clk=dev
[mono_ns=83711595146497][T0x7eb6f8e97740][TIMING] emit_host_span: [STRACE] v=1 pid=3967479 tid=3967479 inv=67 hid=87d82477c49eb8f1 depth=3 name=chip.run.runner_run.device_wall.arena_wire ts=6755 dur=1644 clk=dev
[mono_ns=83711595148290][T0x7eb6f8e97740][TIMING] emit_host_span: [STRACE] v=1 pid=3967479 tid=3967479 inv=67 hid=87d82477c49eb8f1 depth=3 name=chip.run.runner_run.device_wall.sm_reset ts=8419 dur=2849 clk=dev
[mono_ns=83711595149642][T0x7eb6f8e97740][TIMING] emit_host_span: [STRACE] v=1 pid=3967479 tid=3967479 inv=67 hid=87d82477c49eb8f1 depth=3 name=chip.run.runner_run.device_wall.post_orch ts=986738 dur=3463 clk=dev
[mono_ns=83711595150804][T0x7eb6f8e97740][TIMING] emit_host_span: [STRACE] v=1 pid=3967479 tid=3967479 inv=67 hid=87d82477c49eb8f1 depth=3 name=chip.run.runner_run.device_wall.orch ts=11308 dur=681915 clk=dev
[mono_ns=83711595151945][T0x7eb6f8e97740][TIMING] emit_host_span: [STRACE] v=1 pid=3967479 tid=3967479 inv=67 hid=87d82477c49eb8f1 depth=3 name=chip.run.runner_run.device_wall.sched ts=15304 dur=955791 clk=dev
[mono_ns=83711595153197][T0x7eb6f8e97740][TIMING] emit_host_span: [STRACE] v=1 pid=3967479 tid=3967479 inv=67 hid=87d82477c49eb8f1 depth=1 name=chip.run.claim_release ts=83711595152927 dur=30 
[mono_ns=83711595155841][T0x7eb6f8e97740][TIMING] emit_host_span: [STRACE] v=1 pid=3967479 tid=3967479 inv=67 hid=87d82477c49eb8f1 depth=0 name=chip.run ts=83711557317279 dur=37838262 run_id=0 dispatch_id=0 slot_id=0 generation=67 run_epoch=67
[mono_ns=83711625869680][T0x7eb6f8e97740][TIMING] emit_host_span: [STRACE] v=1 pid=3967479 tid=3967479 inv=68 hid=87d82477c49eb8f1 depth=2 name=chip.run.bind.args ts=83711595382932 dur=30486268 
[mono_ns=83711625879966][T0x7eb6f8e97740][TIMING] emit_host_span: [STRACE] v=1 pid=3967479 tid=3967479 inv=68 hid=87d82477c49eb8f1 depth=2 name=chip.run.bind.prebuilt ts=83711625878443 dur=1212 
[mono_ns=83711625881638][T0x7eb6f8e97740][TIMING] emit_host_span: [STRACE] v=1 pid=3967479 tid=3967479 inv=68 hid=87d82477c49eb8f1 depth=1 name=chip.run.bind ts=83711595381190 dur=30500158 
[mono_ns=83711630864427][T0x7eb6f8e97740][WARN] prepare_execution: [device_runner.cpp:342] AICPU CPU_TOPO unavailable; using json_fallback: soc=Ascend950PR_9579 occupy=0x3e stable_reachable=5 requested=0 effective=5 affinity=[1, 2, 3, 4, 5(orch)]
[mono_ns=83711632021894][T0x7eb6f8e97740][TIMING] emit_host_span: [STRACE] v=1 pid=3967479 tid=3967479 inv=68 hid=87d82477c49eb8f1 depth=1 name=chip.run.runner_run ts=83711630922755 dur=1098799 
[mono_ns=83711632359521][T0x7eb6f8e97740][TIMING] emit_host_span: [STRACE] v=1 pid=3967479 tid=3967479 inv=68 hid=87d82477c49eb8f1 depth=1 name=chip.run.validate ts=83711632029586 dur=329585 
[mono_ns=83711632365190][T0x7eb6f8e97740][TIMING] emit_host_span: [STRACE] v=1 pid=3967479 tid=3967479 inv=68 hid=87d82477c49eb8f1 depth=2 name=chip.run.runner_run.device_wall ts=0 dur=968280 clk=dev
[mono_ns=83711632366692][T0x7eb6f8e97740][TIMING] emit_host_span: [STRACE] v=1 pid=3967479 tid=3967479 inv=68 hid=87d82477c49eb8f1 depth=3 name=chip.run.runner_run.device_wall.preamble ts=0 dur=12285 clk=dev
[mono_ns=83711632367884][T0x7eb6f8e97740][TIMING] emit_host_span: [STRACE] v=1 pid=3967479 tid=3967479 inv=68 hid=87d82477c49eb8f1 depth=3 name=chip.run.runner_run.device_wall.graph_build ts=2457 dur=961303 clk=dev
[mono_ns=83711632369025][T0x7eb6f8e97740][TIMING] emit_host_span: [STRACE] v=1 pid=3967479 tid=3967479 inv=68 hid=87d82477c49eb8f1 depth=3 name=chip.run.runner_run.device_wall.config_validate ts=2837 dur=1099 clk=dev
[mono_ns=83711632370508][T0x7eb6f8e97740][TIMING] emit_host_span: [STRACE] v=1 pid=3967479 tid=3967479 inv=68 hid=87d82477c49eb8f1 depth=3 name=chip.run.runner_run.device_wall.arena_wire ts=3961 dur=2013 clk=dev
[mono_ns=83711632373091][T0x7eb6f8e97740][TIMING] emit_host_span: [STRACE] v=1 pid=3967479 tid=3967479 inv=68 hid=87d82477c49eb8f1 depth=3 name=chip.run.runner_run.device_wall.sm_reset ts=5990 dur=2607 clk=dev
[mono_ns=83711632374964][T0x7eb6f8e97740][TIMING] emit_host_span: [STRACE] v=1 pid=3967479 tid=3967479 inv=68 hid=87d82477c49eb8f1 depth=3 name=chip.run.runner_run.device_wall.post_orch ts=963822 dur=4116 clk=dev
[mono_ns=83711632376326][T0x7eb6f8e97740][TIMING] emit_host_span: [STRACE] v=1 pid=3967479 tid=3967479 inv=68 hid=87d82477c49eb8f1 depth=3 name=chip.run.runner_run.device_wall.orch ts=8630 dur=697462 clk=dev
[mono_ns=83711632377428][T0x7eb6f8e97740][TIMING] emit_host_span: [STRACE] v=1 pid=3967479 tid=3967479 inv=68 hid=87d82477c49eb8f1 depth=3 name=chip.run.runner_run.device_wall.sched ts=11824 dur=936659 clk=dev
[mono_ns=83711632378680][T0x7eb6f8e97740][TIMING] emit_host_span: [STRACE] v=1 pid=3967479 tid=3967479 inv=68 hid=87d82477c49eb8f1 depth=1 name=chip.run.claim_release ts=83711632378399 dur=40 
[mono_ns=83711632380252][T0x7eb6f8e97740][TIMING] emit_host_span: [STRACE] v=1 pid=3967479 tid=3967479 inv=68 hid=87d82477c49eb8f1 depth=0 name=chip.run ts=83711595378606 dur=37001346 run_id=0 dispatch_id=0 slot_id=0 generation=68 run_epoch=68
[mono_ns=83711663493050][T0x7eb6f8e97740][TIMING] emit_host_span: [STRACE] v=1 pid=3967479 tid=3967479 inv=69 hid=87d82477c49eb8f1 depth=2 name=chip.run.bind.args ts=83711632633142 dur=30859087 
[mono_ns=83711663503005][T0x7eb6f8e97740][TIMING] emit_host_span: [STRACE] v=1 pid=3967479 tid=3967479 inv=69 hid=87d82477c49eb8f1 depth=2 name=chip.run.bind.prebuilt ts=83711663501192 dur=1563 
[mono_ns=83711663506961][T0x7eb6f8e97740][TIMING] emit_host_span: [STRACE] v=1 pid=3967479 tid=3967479 inv=69 hid=87d82477c49eb8f1 depth=1 name=chip.run.bind ts=83711632631529 dur=30875141 
[mono_ns=83711668514977][T0x7eb6f8e97740][WARN] prepare_execution: [device_runner.cpp:342] AICPU CPU_TOPO unavailable; using json_fallback: soc=Ascend950PR_9579 occupy=0x3e stable_reachable=5 requested=0 effective=5 affinity=[1, 2, 3, 4, 5(orch)]
[mono_ns=83711669681779][T0x7eb6f8e97740][TIMING] emit_host_span: [STRACE] v=1 pid=3967479 tid=3967479 inv=69 hid=87d82477c49eb8f1 depth=1 name=chip.run.runner_run ts=83711668573095 dur=1108363 
[mono_ns=83711669997443][T0x7eb6f8e97740][TIMING] emit_host_span: [STRACE] v=1 pid=3967479 tid=3967479 inv=69 hid=87d82477c49eb8f1 depth=1 name=chip.run.validate ts=83711669689560 dur=307562 
[mono_ns=83711670007458][T0x7eb6f8e97740][TIMING] emit_host_span: [STRACE] v=1 pid=3967479 tid=3967479 inv=69 hid=87d82477c49eb8f1 depth=2 name=chip.run.runner_run.device_wall ts=0 dur=976373 clk=dev
[mono_ns=83711670009581][T0x7eb6f8e97740][TIMING] emit_host_span: [STRACE] v=1 pid=3967479 tid=3967479 inv=69 hid=87d82477c49eb8f1 depth=3 name=chip.run.runner_run.device_wall.preamble ts=0 dur=15203 clk=dev
[mono_ns=83711670010753][T0x7eb6f8e97740][TIMING] emit_host_span: [STRACE] v=1 pid=3967479 tid=3967479 inv=69 hid=87d82477c49eb8f1 depth=3 name=chip.run.runner_run.device_wall.graph_build ts=4725 dur=966885 clk=dev
[mono_ns=83711670011904][T0x7eb6f8e97740][TIMING] emit_host_span: [STRACE] v=1 pid=3967479 tid=3967479 inv=69 hid=87d82477c49eb8f1 depth=3 name=chip.run.runner_run.device_wall.config_validate ts=5022 dur=933 clk=dev
[mono_ns=83711670013326][T0x7eb6f8e97740][TIMING] emit_host_span: [STRACE] v=1 pid=3967479 tid=3967479 inv=69 hid=87d82477c49eb8f1 depth=3 name=chip.run.runner_run.device_wall.arena_wire ts=6117 dur=2066 clk=dev
[mono_ns=83711670015009][T0x7eb6f8e97740][TIMING] emit_host_span: [STRACE] v=1 pid=3967479 tid=3967479 inv=69 hid=87d82477c49eb8f1 depth=3 name=chip.run.runner_run.device_wall.sm_reset ts=8206 dur=2477 clk=dev
[mono_ns=83711670016381][T0x7eb6f8e97740][TIMING] emit_host_span: [STRACE] v=1 pid=3967479 tid=3967479 inv=69 hid=87d82477c49eb8f1 depth=3 name=chip.run.runner_run.device_wall.post_orch ts=971638 dur=3737 clk=dev
[mono_ns=83711670017503][T0x7eb6f8e97740][TIMING] emit_host_span: [STRACE] v=1 pid=3967479 tid=3967479 inv=69 hid=87d82477c49eb8f1 depth=3 name=chip.run.runner_run.device_wall.orch ts=10774 dur=691188 clk=dev
[mono_ns=83711670018624][T0x7eb6f8e97740][TIMING] emit_host_span: [STRACE] v=1 pid=3967479 tid=3967479 inv=69 hid=87d82477c49eb8f1 depth=3 name=chip.run.runner_run.device_wall.sched ts=14884 dur=941286 clk=dev
[mono_ns=83711670019826][T0x7eb6f8e97740][TIMING] emit_host_span: [STRACE] v=1 pid=3967479 tid=3967479 inv=69 hid=87d82477c49eb8f1 depth=1 name=chip.run.claim_release ts=83711670019566 dur=40 
[mono_ns=83711670021158][T0x7eb6f8e97740][TIMING] emit_host_span: [STRACE] v=1 pid=3967479 tid=3967479 inv=69 hid=87d82477c49eb8f1 depth=0 name=chip.run ts=83711632629176 dur=37391682 run_id=0 dispatch_id=0 slot_id=0 generation=69 run_epoch=69
[mono_ns=83711700437791][T0x7eb6f8e97740][TIMING] emit_host_span: [STRACE] v=1 pid=3967479 tid=3967479 inv=70 hid=87d82477c49eb8f1 depth=2 name=chip.run.bind.args ts=83711670273267 dur=30163933 
[mono_ns=83711700450019][T0x7eb6f8e97740][TIMING] emit_host_span: [STRACE] v=1 pid=3967479 tid=3967479 inv=70 hid=87d82477c49eb8f1 depth=2 name=chip.run.bind.prebuilt ts=83711700448257 dur=1512 
[mono_ns=83711700451582][T0x7eb6f8e97740][TIMING] emit_host_span: [STRACE] v=1 pid=3967479 tid=3967479 inv=70 hid=87d82477c49eb8f1 depth=1 name=chip.run.bind ts=83711670271644 dur=30179677 
[mono_ns=83711705397455][T0x7eb6f8e97740][WARN] prepare_execution: [device_runner.cpp:342] AICPU CPU_TOPO unavailable; using json_fallback: soc=Ascend950PR_9579 occupy=0x3e stable_reachable=5 requested=0 effective=5 affinity=[1, 2, 3, 4, 5(orch)]
[mono_ns=83711706582313][T0x7eb6f8e97740][TIMING] emit_host_span: [STRACE] v=1 pid=3967479 tid=3967479 inv=70 hid=87d82477c49eb8f1 depth=1 name=chip.run.runner_run ts=83711705459508 dur=1122425 
[mono_ns=83711706907972][T0x7eb6f8e97740][TIMING] emit_host_span: [STRACE] v=1 pid=3967479 tid=3967479 inv=70 hid=87d82477c49eb8f1 depth=1 name=chip.run.validate ts=83711706590035 dur=317637 
[mono_ns=83711706913481][T0x7eb6f8e97740][TIMING] emit_host_span: [STRACE] v=1 pid=3967479 tid=3967479 inv=70 hid=87d82477c49eb8f1 depth=2 name=chip.run.runner_run.device_wall ts=0 dur=967102 clk=dev
[mono_ns=83711706915373][T0x7eb6f8e97740][TIMING] emit_host_span: [STRACE] v=1 pid=3967479 tid=3967479 inv=70 hid=87d82477c49eb8f1 depth=3 name=chip.run.runner_run.device_wall.preamble ts=0 dur=15415 clk=dev
[mono_ns=83711706916585][T0x7eb6f8e97740][TIMING] emit_host_span: [STRACE] v=1 pid=3967479 tid=3967479 inv=70 hid=87d82477c49eb8f1 depth=3 name=chip.run.runner_run.device_wall.graph_build ts=5781 dur=955554 clk=dev
[mono_ns=83711706917757][T0x7eb6f8e97740][TIMING] emit_host_span: [STRACE] v=1 pid=3967479 tid=3967479 inv=70 hid=87d82477c49eb8f1 depth=3 name=chip.run.runner_run.device_wall.config_validate ts=6273 dur=825 clk=dev
[mono_ns=83711706919249][T0x7eb6f8e97740][TIMING] emit_host_span: [STRACE] v=1 pid=3967479 tid=3967479 inv=70 hid=87d82477c49eb8f1 depth=3 name=chip.run.runner_run.device_wall.arena_wire ts=7277 dur=2468 clk=dev
[mono_ns=83711706921162][T0x7eb6f8e97740][TIMING] emit_host_span: [STRACE] v=1 pid=3967479 tid=3967479 inv=70 hid=87d82477c49eb8f1 depth=3 name=chip.run.runner_run.device_wall.sm_reset ts=9765 dur=2477 clk=dev
[mono_ns=83711706922564][T0x7eb6f8e97740][TIMING] emit_host_span: [STRACE] v=1 pid=3967479 tid=3967479 inv=70 hid=87d82477c49eb8f1 depth=3 name=chip.run.runner_run.device_wall.post_orch ts=961364 dur=4923 clk=dev
[mono_ns=83711706923706][T0x7eb6f8e97740][TIMING] emit_host_span: [STRACE] v=1 pid=3967479 tid=3967479 inv=70 hid=87d82477c49eb8f1 depth=3 name=chip.run.runner_run.device_wall.orch ts=12286 dur=654889 clk=dev
[mono_ns=83711706924808][T0x7eb6f8e97740][TIMING] emit_host_span: [STRACE] v=1 pid=3967479 tid=3967479 inv=70 hid=87d82477c49eb8f1 depth=3 name=chip.run.runner_run.device_wall.sched ts=15264 dur=932872 clk=dev
[mono_ns=83711706926049][T0x7eb6f8e97740][TIMING] emit_host_span: [STRACE] v=1 pid=3967479 tid=3967479 inv=70 hid=87d82477c49eb8f1 depth=1 name=chip.run.claim_release ts=83711706925759 dur=50 
[mono_ns=83711706927582][T0x7eb6f8e97740][TIMING] emit_host_span: [STRACE] v=1 pid=3967479 tid=3967479 inv=70 hid=87d82477c49eb8f1 depth=0 name=chip.run ts=83711670269190 dur=36658061 run_id=0 dispatch_id=0 slot_id=0 generation=70 run_epoch=70
[mono_ns=83711735319936][T0x7eb6f8e97740][TIMING] emit_host_span: [STRACE] v=1 pid=3967479 tid=3967479 inv=71 hid=87d82477c49eb8f1 depth=2 name=chip.run.bind.args ts=83711707163656 dur=28155239 
[mono_ns=83711735337523][T0x7eb6f8e97740][TIMING] emit_host_span: [STRACE] v=1 pid=3967479 tid=3967479 inv=71 hid=87d82477c49eb8f1 depth=2 name=chip.run.bind.prebuilt ts=83711735335259 dur=1933 
[mono_ns=83711735339866][T0x7eb6f8e97740][TIMING] emit_host_span: [STRACE] v=1 pid=3967479 tid=3967479 inv=71 hid=87d82477c49eb8f1 depth=1 name=chip.run.bind ts=83711707162224 dur=28177322 
[mono_ns=83711740261203][T0x7eb6f8e97740][WARN] prepare_execution: [device_runner.cpp:342] AICPU CPU_TOPO unavailable; using json_fallback: soc=Ascend950PR_9579 occupy=0x3e stable_reachable=5 requested=0 effective=5 affinity=[1, 2, 3, 4, 5(orch)]
[mono_ns=83711741404319][T0x7eb6f8e97740][TIMING] emit_host_span: [STRACE] v=1 pid=3967479 tid=3967479 inv=71 hid=87d82477c49eb8f1 depth=1 name=chip.run.runner_run ts=83711740321844 dur=1082054 
[mono_ns=83711741736737][T0x7eb6f8e97740][TIMING] emit_host_span: [STRACE] v=1 pid=3967479 tid=3967479 inv=71 hid=87d82477c49eb8f1 depth=1 name=chip.run.validate ts=83711741413322 dur=323015 
[mono_ns=83711741742917][T0x7eb6f8e97740][TIMING] emit_host_span: [STRACE] v=1 pid=3967479 tid=3967479 inv=71 hid=87d82477c49eb8f1 depth=2 name=chip.run.runner_run.device_wall ts=0 dur=940222 clk=dev
[mono_ns=83711741753322][T0x7eb6f8e97740][TIMING] emit_host_span: [STRACE] v=1 pid=3967479 tid=3967479 inv=71 hid=87d82477c49eb8f1 depth=3 name=chip.run.runner_run.device_wall.preamble ts=0 dur=17127 clk=dev
[mono_ns=83711741754885][T0x7eb6f8e97740][TIMING] emit_host_span: [STRACE] v=1 pid=3967479 tid=3967479 inv=71 hid=87d82477c49eb8f1 depth=3 name=chip.run.runner_run.device_wall.graph_build ts=5876 dur=930221 clk=dev
[mono_ns=83711741756086][T0x7eb6f8e97740][TIMING] emit_host_span: [STRACE] v=1 pid=3967479 tid=3967479 inv=71 hid=87d82477c49eb8f1 depth=3 name=chip.run.runner_run.device_wall.config_validate ts=6367 dur=740 clk=dev
[mono_ns=83711741757218][T0x7eb6f8e97740][TIMING] emit_host_span: [STRACE] v=1 pid=3967479 tid=3967479 inv=71 hid=87d82477c49eb8f1 depth=3 name=chip.run.runner_run.device_wall.arena_wire ts=7252 dur=1692 clk=dev
[mono_ns=83711741758360][T0x7eb6f8e97740][TIMING] emit_host_span: [STRACE] v=1 pid=3967479 tid=3967479 inv=71 hid=87d82477c49eb8f1 depth=3 name=chip.run.runner_run.device_wall.sm_reset ts=9101 dur=2856 clk=dev
[mono_ns=83711741760032][T0x7eb6f8e97740][TIMING] emit_host_span: [STRACE] v=1 pid=3967479 tid=3967479 inv=71 hid=87d82477c49eb8f1 depth=3 name=chip.run.runner_run.device_wall.post_orch ts=936130 dur=3639 clk=dev
[mono_ns=83711741762416][T0x7eb6f8e97740][TIMING] emit_host_span: [STRACE] v=1 pid=3967479 tid=3967479 inv=71 hid=87d82477c49eb8f1 depth=3 name=chip.run.runner_run.device_wall.orch ts=11986 dur=701610 clk=dev
[mono_ns=83711741763788][T0x7eb6f8e97740][TIMING] emit_host_span: [STRACE] v=1 pid=3967479 tid=3967479 inv=71 hid=87d82477c49eb8f1 depth=3 name=chip.run.runner_run.device_wall.sched ts=16654 dur=907843 clk=dev
[mono_ns=83711741765160][T0x7eb6f8e97740][TIMING] emit_host_span: [STRACE] v=1 pid=3967479 tid=3967479 inv=71 hid=87d82477c49eb8f1 depth=1 name=chip.run.claim_release ts=83711741764780 dur=100 
[mono_ns=83711741766632][T0x7eb6f8e97740][TIMING] emit_host_span: [STRACE] v=1 pid=3967479 tid=3967479 inv=71 hid=87d82477c49eb8f1 depth=0 name=chip.run ts=83711707159770 dur=34606502 run_id=0 dispatch_id=0 slot_id=0 generation=71 run_epoch=71
[mono_ns=83711770708692][T0x7eb6f8e97740][TIMING] emit_host_span: [STRACE] v=1 pid=3967479 tid=3967479 inv=72 hid=87d82477c49eb8f1 depth=2 name=chip.run.bind.args ts=83711742033463 dur=28674748 
[mono_ns=83711770719458][T0x7eb6f8e97740][TIMING] emit_host_span: [STRACE] v=1 pid=3967479 tid=3967479 inv=72 hid=87d82477c49eb8f1 depth=2 name=chip.run.bind.prebuilt ts=83711770717455 dur=1653 
[mono_ns=83711770721151][T0x7eb6f8e97740][TIMING] emit_host_span: [STRACE] v=1 pid=3967479 tid=3967479 inv=72 hid=87d82477c49eb8f1 depth=1 name=chip.run.bind ts=83711742031370 dur=28689530 
[mono_ns=83711775680805][T0x7eb6f8e97740][WARN] prepare_execution: [device_runner.cpp:342] AICPU CPU_TOPO unavailable; using json_fallback: soc=Ascend950PR_9579 occupy=0x3e stable_reachable=5 requested=0 effective=5 affinity=[1, 2, 3, 4, 5(orch)]
[mono_ns=83711776890250][T0x7eb6f8e97740][TIMING] emit_host_span: [STRACE] v=1 pid=3967479 tid=3967479 inv=72 hid=87d82477c49eb8f1 depth=1 name=chip.run.runner_run ts=83711775742838 dur=1147051 
[mono_ns=83711777211893][T0x7eb6f8e97740][TIMING] emit_host_span: [STRACE] v=1 pid=3967479 tid=3967479 inv=72 hid=87d82477c49eb8f1 depth=1 name=chip.run.validate ts=83711776898112 dur=313400 
[mono_ns=83711777218302][T0x7eb6f8e97740][TIMING] emit_host_span: [STRACE] v=1 pid=3967479 tid=3967479 inv=72 hid=87d82477c49eb8f1 depth=2 name=chip.run.runner_run.device_wall ts=0 dur=1008433 clk=dev
[mono_ns=83711777219915][T0x7eb6f8e97740][TIMING] emit_host_span: [STRACE] v=1 pid=3967479 tid=3967479 inv=72 hid=87d82477c49eb8f1 depth=3 name=chip.run.runner_run.device_wall.preamble ts=0 dur=12760 clk=dev
[mono_ns=83711777221237][T0x7eb6f8e97740][TIMING] emit_host_span: [STRACE] v=1 pid=3967479 tid=3967479 inv=72 hid=87d82477c49eb8f1 depth=3 name=chip.run.runner_run.device_wall.graph_build ts=2502 dur=1002295 clk=dev
[mono_ns=83711777222399][T0x7eb6f8e97740][TIMING] emit_host_span: [STRACE] v=1 pid=3967479 tid=3967479 inv=72 hid=87d82477c49eb8f1 depth=3 name=chip.run.runner_run.device_wall.config_validate ts=2854 dur=838 clk=dev
[mono_ns=83711777226495][T0x7eb6f8e97740][TIMING] emit_host_span: [STRACE] v=1 pid=3967479 tid=3967479 inv=72 hid=87d82477c49eb8f1 depth=3 name=chip.run.runner_run.device_wall.arena_wire ts=3893 dur=1743 clk=dev
[mono_ns=83711777228297][T0x7eb6f8e97740][TIMING] emit_host_span: [STRACE] v=1 pid=3967479 tid=3967479 inv=72 hid=87d82477c49eb8f1 depth=3 name=chip.run.runner_run.device_wall.sm_reset ts=5655 dur=2391 clk=dev
[mono_ns=83711777229649][T0x7eb6f8e97740][TIMING] emit_host_span: [STRACE] v=1 pid=3967479 tid=3967479 inv=72 hid=87d82477c49eb8f1 depth=3 name=chip.run.runner_run.device_wall.post_orch ts=1004829 dur=3526 clk=dev
[mono_ns=83711777230781][T0x7eb6f8e97740][TIMING] emit_host_span: [STRACE] v=1 pid=3967479 tid=3967479 inv=72 hid=87d82477c49eb8f1 depth=3 name=chip.run.runner_run.device_wall.orch ts=8090 dur=678223 clk=dev
[mono_ns=83711777231933][T0x7eb6f8e97740][TIMING] emit_host_span: [STRACE] v=1 pid=3967479 tid=3967479 inv=72 hid=87d82477c49eb8f1 depth=3 name=chip.run.runner_run.device_wall.sched ts=12283 dur=979901 clk=dev
[mono_ns=83711777233205][T0x7eb6f8e97740][TIMING] emit_host_span: [STRACE] v=1 pid=3967479 tid=3967479 inv=72 hid=87d82477c49eb8f1 depth=1 name=chip.run.claim_release ts=83711777232874 dur=50 
[mono_ns=83711777234547][T0x7eb6f8e97740][TIMING] emit_host_span: [STRACE] v=1 pid=3967479 tid=3967479 inv=72 hid=87d82477c49eb8f1 depth=0 name=chip.run ts=83711742029066 dur=35205190 run_id=0 dispatch_id=0 slot_id=0 generation=72 run_epoch=72
[mono_ns=83711808058661][T0x7eb6f8e97740][TIMING] emit_host_span: [STRACE] v=1 pid=3967479 tid=3967479 inv=73 hid=87d82477c49eb8f1 depth=2 name=chip.run.bind.args ts=83711777452183 dur=30605697 
[mono_ns=83711808072752][T0x7eb6f8e97740][TIMING] emit_host_span: [STRACE] v=1 pid=3967479 tid=3967479 inv=73 hid=87d82477c49eb8f1 depth=2 name=chip.run.bind.prebuilt ts=83711808070459 dur=1933 
[mono_ns=83711808074555][T0x7eb6f8e97740][TIMING] emit_host_span: [STRACE] v=1 pid=3967479 tid=3967479 inv=73 hid=87d82477c49eb8f1 depth=1 name=chip.run.bind ts=83711777450972 dur=30623303 
[mono_ns=83711813094530][T0x7eb6f8e97740][WARN] prepare_execution: [device_runner.cpp:342] AICPU CPU_TOPO unavailable; using json_fallback: soc=Ascend950PR_9579 occupy=0x3e stable_reachable=5 requested=0 effective=5 affinity=[1, 2, 3, 4, 5(orch)]
[mono_ns=83711814301732][T0x7eb6f8e97740][TIMING] emit_host_span: [STRACE] v=1 pid=3967479 tid=3967479 inv=73 hid=87d82477c49eb8f1 depth=1 name=chip.run.runner_run ts=83711813159497 dur=1141564 
[mono_ns=83711814639529][T0x7eb6f8e97740][TIMING] emit_host_span: [STRACE] v=1 pid=3967479 tid=3967479 inv=73 hid=87d82477c49eb8f1 depth=1 name=chip.run.validate ts=83711814310114 dur=329034 
[mono_ns=83711814645407][T0x7eb6f8e97740][TIMING] emit_host_span: [STRACE] v=1 pid=3967479 tid=3967479 inv=73 hid=87d82477c49eb8f1 depth=2 name=chip.run.runner_run.device_wall ts=0 dur=1001683 clk=dev
[mono_ns=83711814647010][T0x7eb6f8e97740][TIMING] emit_host_span: [STRACE] v=1 pid=3967479 tid=3967479 inv=73 hid=87d82477c49eb8f1 depth=3 name=chip.run.runner_run.device_wall.preamble ts=0 dur=11317 clk=dev
[mono_ns=83711814648302][T0x7eb6f8e97740][TIMING] emit_host_span: [STRACE] v=1 pid=3967479 tid=3967479 inv=73 hid=87d82477c49eb8f1 depth=3 name=chip.run.runner_run.device_wall.graph_build ts=1490 dur=995573 clk=dev
[mono_ns=83711814649824][T0x7eb6f8e97740][TIMING] emit_host_span: [STRACE] v=1 pid=3967479 tid=3967479 inv=73 hid=87d82477c49eb8f1 depth=3 name=chip.run.runner_run.device_wall.config_validate ts=1981 dur=1114 clk=dev
[mono_ns=83711814651717][T0x7eb6f8e97740][TIMING] emit_host_span: [STRACE] v=1 pid=3967479 tid=3967479 inv=73 hid=87d82477c49eb8f1 depth=3 name=chip.run.runner_run.device_wall.arena_wire ts=3250 dur=2273 clk=dev
[mono_ns=83711814653860][T0x7eb6f8e97740][TIMING] emit_host_span: [STRACE] v=1 pid=3967479 tid=3967479 inv=73 hid=87d82477c49eb8f1 depth=3 name=chip.run.runner_run.device_wall.sm_reset ts=5888 dur=2470 clk=dev
[mono_ns=83711814657866][T0x7eb6f8e97740][TIMING] emit_host_span: [STRACE] v=1 pid=3967479 tid=3967479 inv=73 hid=87d82477c49eb8f1 depth=3 name=chip.run.runner_run.device_wall.post_orch ts=997094 dur=4313 clk=dev
[mono_ns=83711814659018][T0x7eb6f8e97740][TIMING] emit_host_span: [STRACE] v=1 pid=3967479 tid=3967479 inv=73 hid=87d82477c49eb8f1 depth=3 name=chip.run.runner_run.device_wall.orch ts=8466 dur=670665 clk=dev
[mono_ns=83711814660140][T0x7eb6f8e97740][TIMING] emit_host_span: [STRACE] v=1 pid=3967479 tid=3967479 inv=73 hid=87d82477c49eb8f1 depth=3 name=chip.run.runner_run.device_wall.sched ts=11167 dur=970564 clk=dev
[mono_ns=83711814661442][T0x7eb6f8e97740][TIMING] emit_host_span: [STRACE] v=1 pid=3967479 tid=3967479 inv=73 hid=87d82477c49eb8f1 depth=1 name=chip.run.claim_release ts=83711814661131 dur=30 
[mono_ns=83711814662944][T0x7eb6f8e97740][TIMING] emit_host_span: [STRACE] v=1 pid=3967479 tid=3967479 inv=73 hid=87d82477c49eb8f1 depth=0 name=chip.run ts=83711777449089 dur=37213574 run_id=0 dispatch_id=0 slot_id=0 generation=73 run_epoch=73
[mono_ns=83711847093279][T0x7eb6f8e97740][TIMING] emit_host_span: [STRACE] v=1 pid=3967479 tid=3967479 inv=74 hid=87d82477c49eb8f1 depth=2 name=chip.run.bind.args ts=83711814907801 dur=32184957 
[mono_ns=83711847105658][T0x7eb6f8e97740][TIMING] emit_host_span: [STRACE] v=1 pid=3967479 tid=3967479 inv=74 hid=87d82477c49eb8f1 depth=2 name=chip.run.bind.prebuilt ts=83711847103535 dur=1842 
[mono_ns=83711847107541][T0x7eb6f8e97740][TIMING] emit_host_span: [STRACE] v=1 pid=3967479 tid=3967479 inv=74 hid=87d82477c49eb8f1 depth=1 name=chip.run.bind ts=83711814906579 dur=32200681 
[mono_ns=83711852182958][T0x7eb6f8e97740][WARN] prepare_execution: [device_runner.cpp:342] AICPU CPU_TOPO unavailable; using json_fallback: soc=Ascend950PR_9579 occupy=0x3e stable_reachable=5 requested=0 effective=5 affinity=[1, 2, 3, 4, 5(orch)]
[mono_ns=83711853341047][T0x7eb6f8e97740][TIMING] emit_host_span: [STRACE] v=1 pid=3967479 tid=3967479 inv=74 hid=87d82477c49eb8f1 depth=1 name=chip.run.runner_run ts=83711852242367 dur=1098149 
[mono_ns=83711853689369][T0x7eb6f8e97740][TIMING] emit_host_span: [STRACE] v=1 pid=3967479 tid=3967479 inv=74 hid=87d82477c49eb8f1 depth=1 name=chip.run.validate ts=83711853348688 dur=340020 
[mono_ns=83711853695118][T0x7eb6f8e97740][TIMING] emit_host_span: [STRACE] v=1 pid=3967479 tid=3967479 inv=74 hid=87d82477c49eb8f1 depth=2 name=chip.run.runner_run.device_wall ts=0 dur=965276 clk=dev
[mono_ns=83711853696460][T0x7eb6f8e97740][TIMING] emit_host_span: [STRACE] v=1 pid=3967479 tid=3967479 inv=74 hid=87d82477c49eb8f1 depth=3 name=chip.run.runner_run.device_wall.preamble ts=0 dur=13218 clk=dev
[mono_ns=83711853697732][T0x7eb6f8e97740][TIMING] emit_host_span: [STRACE] v=1 pid=3967479 tid=3967479 inv=74 hid=87d82477c49eb8f1 depth=3 name=chip.run.runner_run.device_wall.graph_build ts=2359 dur=957814 clk=dev
[mono_ns=83711853698894][T0x7eb6f8e97740][TIMING] emit_host_span: [STRACE] v=1 pid=3967479 tid=3967479 inv=74 hid=87d82477c49eb8f1 depth=3 name=chip.run.runner_run.device_wall.config_validate ts=2657 dur=710 clk=dev
[mono_ns=83711853700336][T0x7eb6f8e97740][TIMING] emit_host_span: [STRACE] v=1 pid=3967479 tid=3967479 inv=74 hid=87d82477c49eb8f1 depth=3 name=chip.run.runner_run.device_wall.arena_wire ts=3401 dur=2125 clk=dev
[mono_ns=83711853703080][T0x7eb6f8e97740][TIMING] emit_host_span: [STRACE] v=1 pid=3967479 tid=3967479 inv=74 hid=87d82477c49eb8f1 depth=3 name=chip.run.runner_run.device_wall.sm_reset ts=5541 dur=2176 clk=dev
[mono_ns=83711853704883][T0x7eb6f8e97740][TIMING] emit_host_span: [STRACE] v=1 pid=3967479 tid=3967479 inv=74 hid=87d82477c49eb8f1 depth=3 name=chip.run.runner_run.device_wall.post_orch ts=960209 dur=4670 clk=dev
[mono_ns=83711853706205][T0x7eb6f8e97740][TIMING] emit_host_span: [STRACE] v=1 pid=3967479 tid=3967479 inv=74 hid=87d82477c49eb8f1 depth=3 name=chip.run.runner_run.device_wall.orch ts=8084 dur=711258 clk=dev
[mono_ns=83711853707326][T0x7eb6f8e97740][TIMING] emit_host_span: [STRACE] v=1 pid=3967479 tid=3967479 inv=74 hid=87d82477c49eb8f1 depth=3 name=chip.run.runner_run.device_wall.sched ts=12694 dur=931903 clk=dev
[mono_ns=83711853718824][T0x7eb6f8e97740][TIMING] emit_host_span: [STRACE] v=1 pid=3967479 tid=3967479 inv=74 hid=87d82477c49eb8f1 depth=1 name=chip.run.claim_release ts=83711853718503 dur=30 
[mono_ns=83711853720706][T0x7eb6f8e97740][TIMING] emit_host_span: [STRACE] v=1 pid=3967479 tid=3967479 inv=74 hid=87d82477c49eb8f1 depth=0 name=chip.run ts=83711814904276 dur=38816130 run_id=0 dispatch_id=0 slot_id=0 generation=74 run_epoch=74
[mono_ns=83711885581937][T0x7eb6f8e97740][TIMING] emit_host_span: [STRACE] v=1 pid=3967479 tid=3967479 inv=75 hid=87d82477c49eb8f1 depth=2 name=chip.run.bind.args ts=83711853962710 dur=31618827 
[mono_ns=83711885592634][T0x7eb6f8e97740][TIMING] emit_host_span: [STRACE] v=1 pid=3967479 tid=3967479 inv=75 hid=87d82477c49eb8f1 depth=2 name=chip.run.bind.prebuilt ts=83711885590761 dur=1572 
[mono_ns=83711885594156][T0x7eb6f8e97740][TIMING] emit_host_span: [STRACE] v=1 pid=3967479 tid=3967479 inv=75 hid=87d82477c49eb8f1 depth=1 name=chip.run.bind ts=83711853960987 dur=31632908 
[mono_ns=83711890537255][T0x7eb6f8e97740][WARN] prepare_execution: [device_runner.cpp:342] AICPU CPU_TOPO unavailable; using json_fallback: soc=Ascend950PR_9579 occupy=0x3e stable_reachable=5 requested=0 effective=5 affinity=[1, 2, 3, 4, 5(orch)]
[mono_ns=83711891702804][T0x7eb6f8e97740][TIMING] emit_host_span: [STRACE] v=1 pid=3967479 tid=3967479 inv=75 hid=87d82477c49eb8f1 depth=1 name=chip.run.runner_run ts=83711890598707 dur=1103366 
[mono_ns=83711892064668][T0x7eb6f8e97740][TIMING] emit_host_span: [STRACE] v=1 pid=3967479 tid=3967479 inv=75 hid=87d82477c49eb8f1 depth=1 name=chip.run.validate ts=83711891710546 dur=353751 
[mono_ns=83711892071678][T0x7eb6f8e97740][TIMING] emit_host_span: [STRACE] v=1 pid=3967479 tid=3967479 inv=75 hid=87d82477c49eb8f1 depth=2 name=chip.run.runner_run.device_wall ts=0 dur=969731 clk=dev
[mono_ns=83711892073250][T0x7eb6f8e97740][TIMING] emit_host_span: [STRACE] v=1 pid=3967479 tid=3967479 inv=75 hid=87d82477c49eb8f1 depth=3 name=chip.run.runner_run.device_wall.preamble ts=0 dur=15255 clk=dev
[mono_ns=83711892074512][T0x7eb6f8e97740][TIMING] emit_host_span: [STRACE] v=1 pid=3967479 tid=3967479 inv=75 hid=87d82477c49eb8f1 depth=3 name=chip.run.runner_run.device_wall.graph_build ts=5338 dur=959772 clk=dev
[mono_ns=83711892075664][T0x7eb6f8e97740][TIMING] emit_host_span: [STRACE] v=1 pid=3967479 tid=3967479 inv=75 hid=87d82477c49eb8f1 depth=3 name=chip.run.runner_run.device_wall.config_validate ts=5608 dur=916 clk=dev
[mono_ns=83711892077186][T0x7eb6f8e97740][TIMING] emit_host_span: [STRACE] v=1 pid=3967479 tid=3967479 inv=75 hid=87d82477c49eb8f1 depth=3 name=chip.run.runner_run.device_wall.arena_wire ts=6561 dur=1219 clk=dev
[mono_ns=83711892079139][T0x7eb6f8e97740][TIMING] emit_host_span: [STRACE] v=1 pid=3967479 tid=3967479 inv=75 hid=87d82477c49eb8f1 depth=3 name=chip.run.runner_run.device_wall.sm_reset ts=7810 dur=2277 clk=dev
[mono_ns=83711892081002][T0x7eb6f8e97740][TIMING] emit_host_span: [STRACE] v=1 pid=3967479 tid=3967479 inv=75 hid=87d82477c49eb8f1 depth=3 name=chip.run.runner_run.device_wall.post_orch ts=965476 dur=4115 clk=dev
[mono_ns=83711892082344][T0x7eb6f8e97740][TIMING] emit_host_span: [STRACE] v=1 pid=3967479 tid=3967479 inv=75 hid=87d82477c49eb8f1 depth=3 name=chip.run.runner_run.device_wall.orch ts=10229 dur=684140 clk=dev
[mono_ns=83711892083476][T0x7eb6f8e97740][TIMING] emit_host_span: [STRACE] v=1 pid=3967479 tid=3967479 inv=75 hid=87d82477c49eb8f1 depth=3 name=chip.run.runner_run.device_wall.sched ts=14879 dur=937510 clk=dev
[mono_ns=83711892084758][T0x7eb6f8e97740][TIMING] emit_host_span: [STRACE] v=1 pid=3967479 tid=3967479 inv=75 hid=87d82477c49eb8f1 depth=1 name=chip.run.claim_release ts=83711892084477 dur=30 
[mono_ns=83711892086080][T0x7eb6f8e97740][TIMING] emit_host_span: [STRACE] v=1 pid=3967479 tid=3967479 inv=75 hid=87d82477c49eb8f1 depth=0 name=chip.run ts=83711853958413 dur=38127376 run_id=0 dispatch_id=0 slot_id=0 generation=75 run_epoch=75
[mono_ns=83711922980109][T0x7eb6f8e97740][TIMING] emit_host_span: [STRACE] v=1 pid=3967479 tid=3967479 inv=76 hid=87d82477c49eb8f1 depth=2 name=chip.run.bind.args ts=83711892318048 dur=30661520 
[mono_ns=83711922993069][T0x7eb6f8e97740][TIMING] emit_host_span: [STRACE] v=1 pid=3967479 tid=3967479 inv=76 hid=87d82477c49eb8f1 depth=2 name=chip.run.bind.prebuilt ts=83711922991276 dur=1492 
[mono_ns=83711922994921][T0x7eb6f8e97740][TIMING] emit_host_span: [STRACE] v=1 pid=3967479 tid=3967479 inv=76 hid=87d82477c49eb8f1 depth=1 name=chip.run.bind ts=83711892316666 dur=30677985 
[mono_ns=83711927971301][T0x7eb6f8e97740][WARN] prepare_execution: [device_runner.cpp:342] AICPU CPU_TOPO unavailable; using json_fallback: soc=Ascend950PR_9579 occupy=0x3e stable_reachable=5 requested=0 effective=5 affinity=[1, 2, 3, 4, 5(orch)]
[mono_ns=83711929187686][T0x7eb6f8e97740][TIMING] emit_host_span: [STRACE] v=1 pid=3967479 tid=3967479 inv=76 hid=87d82477c49eb8f1 depth=1 name=chip.run.runner_run ts=83711928046353 dur=1140983 
[mono_ns=83711929519454][T0x7eb6f8e97740][TIMING] emit_host_span: [STRACE] v=1 pid=3967479 tid=3967479 inv=76 hid=87d82477c49eb8f1 depth=1 name=chip.run.validate ts=83711929196590 dur=322343 
[mono_ns=83711929525854][T0x7eb6f8e97740][TIMING] emit_host_span: [STRACE] v=1 pid=3967479 tid=3967479 inv=76 hid=87d82477c49eb8f1 depth=2 name=chip.run.runner_run.device_wall ts=0 dur=994588 clk=dev
[mono_ns=83711929527526][T0x7eb6f8e97740][TIMING] emit_host_span: [STRACE] v=1 pid=3967479 tid=3967479 inv=76 hid=87d82477c49eb8f1 depth=3 name=chip.run.runner_run.device_wall.preamble ts=0 dur=12714 clk=dev
[mono_ns=83711929528748][T0x7eb6f8e97740][TIMING] emit_host_span: [STRACE] v=1 pid=3967479 tid=3967479 inv=76 hid=87d82477c49eb8f1 depth=3 name=chip.run.runner_run.device_wall.graph_build ts=2128 dur=988287 clk=dev
[mono_ns=83711929530200][T0x7eb6f8e97740][TIMING] emit_host_span: [STRACE] v=1 pid=3967479 tid=3967479 inv=76 hid=87d82477c49eb8f1 depth=3 name=chip.run.runner_run.device_wall.config_validate ts=2619 dur=728 clk=dev
[mono_ns=83711929532914][T0x7eb6f8e97740][TIMING] emit_host_span: [STRACE] v=1 pid=3967479 tid=3967479 inv=76 hid=87d82477c49eb8f1 depth=3 name=chip.run.runner_run.device_wall.arena_wire ts=3549 dur=1142 clk=dev
[mono_ns=83711929534757][T0x7eb6f8e97740][TIMING] emit_host_span: [STRACE] v=1 pid=3967479 tid=3967479 inv=76 hid=87d82477c49eb8f1 depth=3 name=chip.run.runner_run.device_wall.sm_reset ts=4974 dur=2167 clk=dev
[mono_ns=83711929536119][T0x7eb6f8e97740][TIMING] emit_host_span: [STRACE] v=1 pid=3967479 tid=3967479 inv=76 hid=87d82477c49eb8f1 depth=3 name=chip.run.runner_run.device_wall.post_orch ts=990547 dur=3902 clk=dev
[mono_ns=83711929537231][T0x7eb6f8e97740][TIMING] emit_host_span: [STRACE] v=1 pid=3967479 tid=3967479 inv=76 hid=87d82477c49eb8f1 depth=3 name=chip.run.runner_run.device_wall.orch ts=7172 dur=697223 clk=dev
[mono_ns=83711929538373][T0x7eb6f8e97740][TIMING] emit_host_span: [STRACE] v=1 pid=3967479 tid=3967479 inv=76 hid=87d82477c49eb8f1 depth=3 name=chip.run.runner_run.device_wall.sched ts=12368 dur=966861 clk=dev
[mono_ns=83711929539634][T0x7eb6f8e97740][TIMING] emit_host_span: [STRACE] v=1 pid=3967479 tid=3967479 inv=76 hid=87d82477c49eb8f1 depth=1 name=chip.run.claim_release ts=83711929539334 dur=40 
[mono_ns=83711929540956][T0x7eb6f8e97740][TIMING] emit_host_span: [STRACE] v=1 pid=3967479 tid=3967479 inv=76 hid=87d82477c49eb8f1 depth=0 name=chip.run ts=83711892314513 dur=37226163 run_id=0 dispatch_id=0 slot_id=0 generation=76 run_epoch=76
[mono_ns=83711960644771][T0x7eb6f8e97740][TIMING] emit_host_span: [STRACE] v=1 pid=3967479 tid=3967479 inv=77 hid=87d82477c49eb8f1 depth=2 name=chip.run.bind.args ts=83711929774817 dur=30869343 
[mono_ns=83711960656098][T0x7eb6f8e97740][TIMING] emit_host_span: [STRACE] v=1 pid=3967479 tid=3967479 inv=77 hid=87d82477c49eb8f1 depth=2 name=chip.run.bind.prebuilt ts=83711960654325 dur=1452 
[mono_ns=83711960657760][T0x7eb6f8e97740][TIMING] emit_host_span: [STRACE] v=1 pid=3967479 tid=3967479 inv=77 hid=87d82477c49eb8f1 depth=1 name=chip.run.bind ts=83711929773285 dur=30884255 
[mono_ns=83711966020159][T0x7eb6f8e97740][WARN] prepare_execution: [device_runner.cpp:342] AICPU CPU_TOPO unavailable; using json_fallback: soc=Ascend950PR_9579 occupy=0x3e stable_reachable=5 requested=0 effective=5 affinity=[1, 2, 3, 4, 5(orch)]
[mono_ns=83711967240560][T0x7eb6f8e97740][TIMING] emit_host_span: [STRACE] v=1 pid=3967479 tid=3967479 inv=77 hid=87d82477c49eb8f1 depth=1 name=chip.run.runner_run ts=83711966083063 dur=1157147 
[mono_ns=83711967574321][T0x7eb6f8e97740][TIMING] emit_host_span: [STRACE] v=1 pid=3967479 tid=3967479 inv=77 hid=87d82477c49eb8f1 depth=1 name=chip.run.validate ts=83711967248262 dur=325048 
[mono_ns=83711967579369][T0x7eb6f8e97740][TIMING] emit_host_span: [STRACE] v=1 pid=3967479 tid=3967479 inv=77 hid=87d82477c49eb8f1 depth=2 name=chip.run.runner_run.device_wall ts=0 dur=1004879 clk=dev
[mono_ns=83711967580871][T0x7eb6f8e97740][TIMING] emit_host_span: [STRACE] v=1 pid=3967479 tid=3967479 inv=77 hid=87d82477c49eb8f1 depth=3 name=chip.run.runner_run.device_wall.preamble ts=0 dur=15335 clk=dev
[mono_ns=83711967582053][T0x7eb6f8e97740][TIMING] emit_host_span: [STRACE] v=1 pid=3967479 tid=3967479 inv=77 hid=87d82477c49eb8f1 depth=3 name=chip.run.runner_run.device_wall.graph_build ts=4564 dur=994894 clk=dev
[mono_ns=83711967583185][T0x7eb6f8e97740][TIMING] emit_host_span: [STRACE] v=1 pid=3967479 tid=3967479 inv=77 hid=87d82477c49eb8f1 depth=3 name=chip.run.runner_run.device_wall.config_validate ts=5137 dur=816 clk=dev
[mono_ns=83711967584617][T0x7eb6f8e97740][TIMING] emit_host_span: [STRACE] v=1 pid=3967479 tid=3967479 inv=77 hid=87d82477c49eb8f1 depth=3 name=chip.run.runner_run.device_wall.arena_wire ts=6090 dur=1864 clk=dev
[mono_ns=83711967587151][T0x7eb6f8e97740][TIMING] emit_host_span: [STRACE] v=1 pid=3967479 tid=3967479 inv=77 hid=87d82477c49eb8f1 depth=3 name=chip.run.runner_run.device_wall.sm_reset ts=7986 dur=2555 clk=dev
[mono_ns=83711967588262][T0x7eb6f8e97740][TIMING] emit_host_span: [STRACE] v=1 pid=3967479 tid=3967479 inv=77 hid=87d82477c49eb8f1 depth=3 name=chip.run.runner_run.device_wall.post_orch ts=999489 dur=4461 clk=dev
[mono_ns=83711967589394][T0x7eb6f8e97740][TIMING] emit_host_span: [STRACE] v=1 pid=3967479 tid=3967479 inv=77 hid=87d82477c49eb8f1 depth=3 name=chip.run.runner_run.device_wall.orch ts=10570 dur=692361 clk=dev
[mono_ns=83711967590516][T0x7eb6f8e97740][TIMING] emit_host_span: [STRACE] v=1 pid=3967479 tid=3967479 inv=77 hid=87d82477c49eb8f1 depth=3 name=chip.run.runner_run.device_wall.sched ts=14959 dur=969848 clk=dev
[mono_ns=83711967591818][T0x7eb6f8e97740][TIMING] emit_host_span: [STRACE] v=1 pid=3967479 tid=3967479 inv=77 hid=87d82477c49eb8f1 depth=1 name=chip.run.claim_release ts=83711967591497 dur=70 
[mono_ns=83711967593100][T0x7eb6f8e97740][TIMING] emit_host_span: [STRACE] v=1 pid=3967479 tid=3967479 inv=77 hid=87d82477c49eb8f1 depth=0 name=chip.run ts=83711929770882 dur=37821937 run_id=0 dispatch_id=0 slot_id=0 generation=77 run_epoch=77
[mono_ns=83711996588099][T0x7eb6f8e97740][TIMING] emit_host_span: [STRACE] v=1 pid=3967479 tid=3967479 inv=78 hid=87d82477c49eb8f1 depth=2 name=chip.run.bind.args ts=83711967829344 dur=28758034 
[mono_ns=83711996598534][T0x7eb6f8e97740][TIMING] emit_host_span: [STRACE] v=1 pid=3967479 tid=3967479 inv=78 hid=87d82477c49eb8f1 depth=2 name=chip.run.bind.prebuilt ts=83711996596551 dur=1643 
[mono_ns=83711996600177][T0x7eb6f8e97740][TIMING] emit_host_span: [STRACE] v=1 pid=3967479 tid=3967479 inv=78 hid=87d82477c49eb8f1 depth=1 name=chip.run.bind ts=83711967827662 dur=28772275 
[mono_ns=83712001722235][T0x7eb6f8e97740][WARN] prepare_execution: [device_runner.cpp:342] AICPU CPU_TOPO unavailable; using json_fallback: soc=Ascend950PR_9579 occupy=0x3e stable_reachable=5 requested=0 effective=5 affinity=[1, 2, 3, 4, 5(orch)]
[mono_ns=83712002959952][T0x7eb6f8e97740][TIMING] emit_host_span: [STRACE] v=1 pid=3967479 tid=3967479 inv=78 hid=87d82477c49eb8f1 depth=1 name=chip.run.runner_run ts=83712001783136 dur=1176436 
[mono_ns=83712003299893][T0x7eb6f8e97740][TIMING] emit_host_span: [STRACE] v=1 pid=3967479 tid=3967479 inv=78 hid=87d82477c49eb8f1 depth=1 name=chip.run.validate ts=83712002968015 dur=331387 
[mono_ns=83712003308846][T0x7eb6f8e97740][TIMING] emit_host_span: [STRACE] v=1 pid=3967479 tid=3967479 inv=78 hid=87d82477c49eb8f1 depth=2 name=chip.run.runner_run.device_wall ts=0 dur=1024158 clk=dev
[mono_ns=83712003310198][T0x7eb6f8e97740][TIMING] emit_host_span: [STRACE] v=1 pid=3967479 tid=3967479 inv=78 hid=87d82477c49eb8f1 depth=3 name=chip.run.runner_run.device_wall.preamble ts=0 dur=12972 clk=dev
[mono_ns=83712003311360][T0x7eb6f8e97740][TIMING] emit_host_span: [STRACE] v=1 pid=3967479 tid=3967479 inv=78 hid=87d82477c49eb8f1 depth=3 name=chip.run.runner_run.device_wall.graph_build ts=3069 dur=1016464 clk=dev
[mono_ns=83712003312502][T0x7eb6f8e97740][TIMING] emit_host_span: [STRACE] v=1 pid=3967479 tid=3967479 inv=78 hid=87d82477c49eb8f1 depth=3 name=chip.run.runner_run.device_wall.config_validate ts=3530 dur=745 clk=dev
[mono_ns=83712003313894][T0x7eb6f8e97740][TIMING] emit_host_span: [STRACE] v=1 pid=3967479 tid=3967479 inv=78 hid=87d82477c49eb8f1 depth=3 name=chip.run.runner_run.device_wall.arena_wire ts=4500 dur=1794 clk=dev
[mono_ns=83712003316518][T0x7eb6f8e97740][TIMING] emit_host_span: [STRACE] v=1 pid=3967479 tid=3967479 inv=78 hid=87d82477c49eb8f1 depth=3 name=chip.run.runner_run.device_wall.sm_reset ts=6312 dur=1898 clk=dev
[mono_ns=83712003318380][T0x7eb6f8e97740][TIMING] emit_host_span: [STRACE] v=1 pid=3967479 tid=3967479 inv=78 hid=87d82477c49eb8f1 depth=3 name=chip.run.runner_run.device_wall.post_orch ts=1019579 dur=4133 clk=dev
[mono_ns=83712003319762][T0x7eb6f8e97740][TIMING] emit_host_span: [STRACE] v=1 pid=3967479 tid=3967479 inv=78 hid=87d82477c49eb8f1 depth=3 name=chip.run.runner_run.device_wall.orch ts=8296 dur=693745 clk=dev
[mono_ns=83712003320894][T0x7eb6f8e97740][TIMING] emit_host_span: [STRACE] v=1 pid=3967479 tid=3967479 inv=78 hid=87d82477c49eb8f1 depth=3 name=chip.run.runner_run.device_wall.sched ts=13004 dur=992134 clk=dev
[mono_ns=83712003322186][T0x7eb6f8e97740][TIMING] emit_host_span: [STRACE] v=1 pid=3967479 tid=3967479 inv=78 hid=87d82477c49eb8f1 depth=1 name=chip.run.claim_release ts=83712003321906 dur=40 
[mono_ns=83712003323458][T0x7eb6f8e97740][TIMING] emit_host_span: [STRACE] v=1 pid=3967479 tid=3967479 inv=78 hid=87d82477c49eb8f1 depth=0 name=chip.run ts=83711967825528 dur=35497660 run_id=0 dispatch_id=0 slot_id=0 generation=78 run_epoch=78
[mono_ns=83712034640422][T0x7eb6f8e97740][TIMING] emit_host_span: [STRACE] v=1 pid=3967479 tid=3967479 inv=79 hid=87d82477c49eb8f1 depth=2 name=chip.run.bind.args ts=83712003548015 dur=31091746 
[mono_ns=83712034652010][T0x7eb6f8e97740][TIMING] emit_host_span: [STRACE] v=1 pid=3967479 tid=3967479 inv=79 hid=87d82477c49eb8f1 depth=2 name=chip.run.bind.prebuilt ts=83712034650267 dur=1412 
[mono_ns=83712034653742][T0x7eb6f8e97740][TIMING] emit_host_span: [STRACE] v=1 pid=3967479 tid=3967479 inv=79 hid=87d82477c49eb8f1 depth=1 name=chip.run.bind ts=83712003546353 dur=31107149 
[mono_ns=83712039707437][T0x7eb6f8e97740][WARN] prepare_execution: [device_runner.cpp:342] AICPU CPU_TOPO unavailable; using json_fallback: soc=Ascend950PR_9579 occupy=0x3e stable_reachable=5 requested=0 effective=5 affinity=[1, 2, 3, 4, 5(orch)]
[mono_ns=83712040861690][T0x7eb6f8e97740][TIMING] emit_host_span: [STRACE] v=1 pid=3967479 tid=3967479 inv=79 hid=87d82477c49eb8f1 depth=1 name=chip.run.runner_run ts=83712039766436 dur=1094653 
[mono_ns=83712041189542][T0x7eb6f8e97740][TIMING] emit_host_span: [STRACE] v=1 pid=3967479 tid=3967479 inv=79 hid=87d82477c49eb8f1 depth=1 name=chip.run.validate ts=83712040870453 dur=318778 
[mono_ns=83712041196362][T0x7eb6f8e97740][TIMING] emit_host_span: [STRACE] v=1 pid=3967479 tid=3967479 inv=79 hid=87d82477c49eb8f1 depth=2 name=chip.run.runner_run.device_wall ts=0 dur=934007 clk=dev
[mono_ns=83712041197925][T0x7eb6f8e97740][TIMING] emit_host_span: [STRACE] v=1 pid=3967479 tid=3967479 inv=79 hid=87d82477c49eb8f1 depth=3 name=chip.run.runner_run.device_wall.preamble ts=0 dur=12974 clk=dev
[mono_ns=83712041201059][T0x7eb6f8e97740][TIMING] emit_host_span: [STRACE] v=1 pid=3967479 tid=3967479 inv=79 hid=87d82477c49eb8f1 depth=3 name=chip.run.runner_run.device_wall.graph_build ts=3232 dur=926452 clk=dev
[mono_ns=83712041202231][T0x7eb6f8e97740][TIMING] emit_host_span: [STRACE] v=1 pid=3967479 tid=3967479 inv=79 hid=87d82477c49eb8f1 depth=3 name=chip.run.runner_run.device_wall.config_validate ts=3742 dur=1062 clk=dev
[mono_ns=83712041203633][T0x7eb6f8e97740][TIMING] emit_host_span: [STRACE] v=1 pid=3967479 tid=3967479 inv=79 hid=87d82477c49eb8f1 depth=3 name=chip.run.runner_run.device_wall.arena_wire ts=4825 dur=1810 clk=dev
[mono_ns=83712041205486][T0x7eb6f8e97740][TIMING] emit_host_span: [STRACE] v=1 pid=3967479 tid=3967479 inv=79 hid=87d82477c49eb8f1 depth=3 name=chip.run.runner_run.device_wall.sm_reset ts=6654 dur=2659 clk=dev
[mono_ns=83712041206878][T0x7eb6f8e97740][TIMING] emit_host_span: [STRACE] v=1 pid=3967479 tid=3967479 inv=79 hid=87d82477c49eb8f1 depth=3 name=chip.run.runner_run.device_wall.post_orch ts=929706 dur=4115 clk=dev
[mono_ns=83712041208020][T0x7eb6f8e97740][TIMING] emit_host_span: [STRACE] v=1 pid=3967479 tid=3967479 inv=79 hid=87d82477c49eb8f1 depth=3 name=chip.run.runner_run.device_wall.orch ts=9774 dur=682627 clk=dev
[mono_ns=83712041209131][T0x7eb6f8e97740][TIMING] emit_host_span: [STRACE] v=1 pid=3967479 tid=3967479 inv=79 hid=87d82477c49eb8f1 depth=3 name=chip.run.runner_run.device_wall.sched ts=13004 dur=901120 clk=dev
[mono_ns=83712041210483][T0x7eb6f8e97740][TIMING] emit_host_span: [STRACE] v=1 pid=3967479 tid=3967479 inv=79 hid=87d82477c49eb8f1 depth=1 name=chip.run.claim_release ts=83712041210143 dur=70 
[mono_ns=83712041211795][T0x7eb6f8e97740][TIMING] emit_host_span: [STRACE] v=1 pid=3967479 tid=3967479 inv=79 hid=87d82477c49eb8f1 depth=0 name=chip.run ts=83712003544350 dur=37667175 run_id=0 dispatch_id=0 slot_id=0 generation=79 run_epoch=79
[mono_ns=83712071610341][T0x7eb6f8e97740][TIMING] emit_host_span: [STRACE] v=1 pid=3967479 tid=3967479 inv=80 hid=87d82477c49eb8f1 depth=2 name=chip.run.bind.args ts=83712041432537 dur=30177353 
[mono_ns=83712071621648][T0x7eb6f8e97740][TIMING] emit_host_span: [STRACE] v=1 pid=3967479 tid=3967479 inv=80 hid=87d82477c49eb8f1 depth=2 name=chip.run.bind.prebuilt ts=83712071619305 dur=1762 
[mono_ns=83712071623441][T0x7eb6f8e97740][TIMING] emit_host_span: [STRACE] v=1 pid=3967479 tid=3967479 inv=80 hid=87d82477c49eb8f1 depth=1 name=chip.run.bind ts=83712041430474 dur=30192696 
[mono_ns=83712076672890][T0x7eb6f8e97740][WARN] prepare_execution: [device_runner.cpp:342] AICPU CPU_TOPO unavailable; using json_fallback: soc=Ascend950PR_9579 occupy=0x3e stable_reachable=5 requested=0 effective=5 affinity=[1, 2, 3, 4, 5(orch)]
[mono_ns=83712077815835][T0x7eb6f8e97740][TIMING] emit_host_span: [STRACE] v=1 pid=3967479 tid=3967479 inv=80 hid=87d82477c49eb8f1 depth=1 name=chip.run.runner_run ts=83712076734232 dur=1081112 
[mono_ns=83712078143297][T0x7eb6f8e97740][TIMING] emit_host_span: [STRACE] v=1 pid=3967479 tid=3967479 inv=80 hid=87d82477c49eb8f1 depth=1 name=chip.run.validate ts=83712077824578 dur=318458 
[mono_ns=83712078150047][T0x7eb6f8e97740][TIMING] emit_host_span: [STRACE] v=1 pid=3967479 tid=3967479 inv=80 hid=87d82477c49eb8f1 depth=2 name=chip.run.runner_run.device_wall ts=0 dur=934019 clk=dev
[mono_ns=83712078151649][T0x7eb6f8e97740][TIMING] emit_host_span: [STRACE] v=1 pid=3967479 tid=3967479 inv=80 hid=87d82477c49eb8f1 depth=3 name=chip.run.runner_run.device_wall.preamble ts=0 dur=13597 clk=dev
[mono_ns=83712078152821][T0x7eb6f8e97740][TIMING] emit_host_span: [STRACE] v=1 pid=3967479 tid=3967479 inv=80 hid=87d82477c49eb8f1 depth=3 name=chip.run.runner_run.device_wall.graph_build ts=3271 dur=926462 clk=dev
[mono_ns=83712078153983][T0x7eb6f8e97740][TIMING] emit_host_span: [STRACE] v=1 pid=3967479 tid=3967479 inv=80 hid=87d82477c49eb8f1 depth=3 name=chip.run.runner_run.device_wall.config_validate ts=3617 dur=904 clk=dev
[mono_ns=83712078155425][T0x7eb6f8e97740][TIMING] emit_host_span: [STRACE] v=1 pid=3967479 tid=3967479 inv=80 hid=87d82477c49eb8f1 depth=3 name=chip.run.runner_run.device_wall.arena_wire ts=4553 dur=1947 clk=dev
[mono_ns=83712078159251][T0x7eb6f8e97740][TIMING] emit_host_span: [STRACE] v=1 pid=3967479 tid=3967479 inv=80 hid=87d82477c49eb8f1 depth=3 name=chip.run.runner_run.device_wall.sm_reset ts=6520 dur=1939 clk=dev
[mono_ns=83712078160623][T0x7eb6f8e97740][TIMING] emit_host_span: [STRACE] v=1 pid=3967479 tid=3967479 inv=80 hid=87d82477c49eb8f1 depth=3 name=chip.run.runner_run.device_wall.post_orch ts=929762 dur=3820 clk=dev
[mono_ns=83712078161754][T0x7eb6f8e97740][TIMING] emit_host_span: [STRACE] v=1 pid=3967479 tid=3967479 inv=80 hid=87d82477c49eb8f1 depth=3 name=chip.run.runner_run.device_wall.orch ts=8536 dur=670503 clk=dev
[mono_ns=83712078162866][T0x7eb6f8e97740][TIMING] emit_host_span: [STRACE] v=1 pid=3967479 tid=3967479 inv=80 hid=87d82477c49eb8f1 depth=3 name=chip.run.runner_run.device_wall.sched ts=13403 dur=901175 clk=dev
[mono_ns=83712078164238][T0x7eb6f8e97740][TIMING] emit_host_span: [STRACE] v=1 pid=3967479 tid=3967479 inv=80 hid=87d82477c49eb8f1 depth=1 name=chip.run.claim_release ts=83712078163857 dur=40 
[mono_ns=83712078165510][T0x7eb6f8e97740][TIMING] emit_host_span: [STRACE] v=1 pid=3967479 tid=3967479 inv=80 hid=87d82477c49eb8f1 depth=0 name=chip.run ts=83712041428380 dur=36736849 run_id=0 dispatch_id=0 slot_id=0 generation=80 run_epoch=80
[mono_ns=83712109394813][T0x7eb6f8e97740][TIMING] emit_host_span: [STRACE] v=1 pid=3967479 tid=3967479 inv=81 hid=87d82477c49eb8f1 depth=2 name=chip.run.bind.args ts=83712078382916 dur=31011175 
[mono_ns=83712109405649][T0x7eb6f8e97740][TIMING] emit_host_span: [STRACE] v=1 pid=3967479 tid=3967479 inv=81 hid=87d82477c49eb8f1 depth=2 name=chip.run.bind.prebuilt ts=83712109404006 dur=1342 
[mono_ns=83712109407421][T0x7eb6f8e97740][TIMING] emit_host_span: [STRACE] v=1 pid=3967479 tid=3967479 inv=81 hid=87d82477c49eb8f1 depth=1 name=chip.run.bind ts=83712078381234 dur=31025917 
[mono_ns=83712114419624][T0x7eb6f8e97740][WARN] prepare_execution: [device_runner.cpp:342] AICPU CPU_TOPO unavailable; using json_fallback: soc=Ascend950PR_9579 occupy=0x3e stable_reachable=5 requested=0 effective=5 affinity=[1, 2, 3, 4, 5(orch)]
[mono_ns=83712115619255][T0x7eb6f8e97740][TIMING] emit_host_span: [STRACE] v=1 pid=3967479 tid=3967479 inv=81 hid=87d82477c49eb8f1 depth=1 name=chip.run.runner_run ts=83712114476660 dur=1142264 
[mono_ns=83712115952345][T0x7eb6f8e97740][TIMING] emit_host_span: [STRACE] v=1 pid=3967479 tid=3967479 inv=81 hid=87d82477c49eb8f1 depth=1 name=chip.run.validate ts=83712115627307 dur=324697 
[mono_ns=83712115957783][T0x7eb6f8e97740][TIMING] emit_host_span: [STRACE] v=1 pid=3967479 tid=3967479 inv=81 hid=87d82477c49eb8f1 depth=2 name=chip.run.runner_run.device_wall ts=0 dur=993213 clk=dev
[mono_ns=83712115959285][T0x7eb6f8e97740][TIMING] emit_host_span: [STRACE] v=1 pid=3967479 tid=3967479 inv=81 hid=87d82477c49eb8f1 depth=3 name=chip.run.runner_run.device_wall.preamble ts=0 dur=14035 clk=dev
[mono_ns=83712115960437][T0x7eb6f8e97740][TIMING] emit_host_span: [STRACE] v=1 pid=3967479 tid=3967479 inv=81 hid=87d82477c49eb8f1 depth=3 name=chip.run.runner_run.device_wall.graph_build ts=3364 dur=985072 clk=dev
[mono_ns=83712115961569][T0x7eb6f8e97740][TIMING] emit_host_span: [STRACE] v=1 pid=3967479 tid=3967479 inv=81 hid=87d82477c49eb8f1 depth=3 name=chip.run.runner_run.device_wall.config_validate ts=3638 dur=1018 clk=dev
[mono_ns=83712115963011][T0x7eb6f8e97740][TIMING] emit_host_span: [STRACE] v=1 pid=3967479 tid=3967479 inv=81 hid=87d82477c49eb8f1 depth=3 name=chip.run.runner_run.device_wall.arena_wire ts=4690 dur=2246 clk=dev
[mono_ns=83712115965004][T0x7eb6f8e97740][TIMING] emit_host_span: [STRACE] v=1 pid=3967479 tid=3967479 inv=81 hid=87d82477c49eb8f1 depth=3 name=chip.run.runner_run.device_wall.sm_reset ts=6959 dur=2444 clk=dev
[mono_ns=83712115966306][T0x7eb6f8e97740][TIMING] emit_host_span: [STRACE] v=1 pid=3967479 tid=3967479 inv=81 hid=87d82477c49eb8f1 depth=3 name=chip.run.runner_run.device_wall.post_orch ts=988479 dur=3946 clk=dev
[mono_ns=83712115967428][T0x7eb6f8e97740][TIMING] emit_host_span: [STRACE] v=1 pid=3967479 tid=3967479 inv=81 hid=87d82477c49eb8f1 depth=3 name=chip.run.runner_run.device_wall.orch ts=9479 dur=691252 clk=dev
[mono_ns=83712115970322][T0x7eb6f8e97740][TIMING] emit_host_span: [STRACE] v=1 pid=3967479 tid=3967479 inv=81 hid=87d82477c49eb8f1 depth=3 name=chip.run.runner_run.device_wall.sched ts=13934 dur=962324 clk=dev
[mono_ns=83712115971734][T0x7eb6f8e97740][TIMING] emit_host_span: [STRACE] v=1 pid=3967479 tid=3967479 inv=81 hid=87d82477c49eb8f1 depth=1 name=chip.run.claim_release ts=83712115971323 dur=40 
[mono_ns=83712115973016][T0x7eb6f8e97740][TIMING] emit_host_span: [STRACE] v=1 pid=3967479 tid=3967479 inv=81 hid=87d82477c49eb8f1 depth=0 name=chip.run ts=83712078378990 dur=37593756 run_id=0 dispatch_id=0 slot_id=0 generation=81 run_epoch=81
[mono_ns=83712147875509][T0x7eb6f8e97740][TIMING] emit_host_span: [STRACE] v=1 pid=3967479 tid=3967479 inv=82 hid=87d82477c49eb8f1 depth=2 name=chip.run.bind.args ts=83712116204133 dur=31670915 
[mono_ns=83712147886375][T0x7eb6f8e97740][TIMING] emit_host_span: [STRACE] v=1 pid=3967479 tid=3967479 inv=82 hid=87d82477c49eb8f1 depth=2 name=chip.run.bind.prebuilt ts=83712147884703 dur=1402 
[mono_ns=83712147888268][T0x7eb6f8e97740][TIMING] emit_host_span: [STRACE] v=1 pid=3967479 tid=3967479 inv=82 hid=87d82477c49eb8f1 depth=1 name=chip.run.bind ts=83712116201759 dur=31686249 
[mono_ns=83712152896155][T0x7eb6f8e97740][WARN] prepare_execution: [device_runner.cpp:342] AICPU CPU_TOPO unavailable; using json_fallback: soc=Ascend950PR_9579 occupy=0x3e stable_reachable=5 requested=0 effective=5 affinity=[1, 2, 3, 4, 5(orch)]
[mono_ns=83712154057347][T0x7eb6f8e97740][TIMING] emit_host_span: [STRACE] v=1 pid=3967479 tid=3967479 inv=82 hid=87d82477c49eb8f1 depth=1 name=chip.run.runner_run ts=83712152955954 dur=1101023 
[mono_ns=83712154404779][T0x7eb6f8e97740][TIMING] emit_host_span: [STRACE] v=1 pid=3967479 tid=3967479 inv=82 hid=87d82477c49eb8f1 depth=1 name=chip.run.validate ts=83712154066121 dur=338287 
[mono_ns=83712154411058][T0x7eb6f8e97740][TIMING] emit_host_span: [STRACE] v=1 pid=3967479 tid=3967479 inv=82 hid=87d82477c49eb8f1 depth=2 name=chip.run.runner_run.device_wall ts=0 dur=953074 clk=dev
[mono_ns=83712154412591][T0x7eb6f8e97740][TIMING] emit_host_span: [STRACE] v=1 pid=3967479 tid=3967479 inv=82 hid=87d82477c49eb8f1 depth=3 name=chip.run.runner_run.device_wall.preamble ts=0 dur=12732 clk=dev
[mono_ns=83712154413893][T0x7eb6f8e97740][TIMING] emit_host_span: [STRACE] v=1 pid=3967479 tid=3967479 inv=82 hid=87d82477c49eb8f1 depth=3 name=chip.run.runner_run.device_wall.graph_build ts=3389 dur=944458 clk=dev
[mono_ns=83712154415054][T0x7eb6f8e97740][TIMING] emit_host_span: [STRACE] v=1 pid=3967479 tid=3967479 inv=82 hid=87d82477c49eb8f1 depth=3 name=chip.run.runner_run.device_wall.config_validate ts=3877 dur=1028 clk=dev
[mono_ns=83712154416456][T0x7eb6f8e97740][TIMING] emit_host_span: [STRACE] v=1 pid=3967479 tid=3967479 inv=82 hid=87d82477c49eb8f1 depth=3 name=chip.run.runner_run.device_wall.arena_wire ts=4936 dur=2838 clk=dev
[mono_ns=83712154418409][T0x7eb6f8e97740][TIMING] emit_host_span: [STRACE] v=1 pid=3967479 tid=3967479 inv=82 hid=87d82477c49eb8f1 depth=3 name=chip.run.runner_run.device_wall.sm_reset ts=7789 dur=2364 clk=dev
[mono_ns=83712154419771][T0x7eb6f8e97740][TIMING] emit_host_span: [STRACE] v=1 pid=3967479 tid=3967479 inv=82 hid=87d82477c49eb8f1 depth=3 name=chip.run.runner_run.device_wall.post_orch ts=947871 dur=4843 clk=dev
[mono_ns=83712154420913][T0x7eb6f8e97740][TIMING] emit_host_span: [STRACE] v=1 pid=3967479 tid=3967479 inv=82 hid=87d82477c49eb8f1 depth=3 name=chip.run.runner_run.device_wall.orch ts=10193 dur=681634 clk=dev
[mono_ns=83712154422045][T0x7eb6f8e97740][TIMING] emit_host_span: [STRACE] v=1 pid=3967479 tid=3967479 inv=82 hid=87d82477c49eb8f1 depth=3 name=chip.run.runner_run.device_wall.sched ts=12595 dur=922957 clk=dev
[mono_ns=83712154423347][T0x7eb6f8e97740][TIMING] emit_host_span: [STRACE] v=1 pid=3967479 tid=3967479 inv=82 hid=87d82477c49eb8f1 depth=1 name=chip.run.claim_release ts=83712154423016 dur=70 
[mono_ns=83712154426892][T0x7eb6f8e97740][TIMING] emit_host_span: [STRACE] v=1 pid=3967479 tid=3967479 inv=82 hid=87d82477c49eb8f1 depth=0 name=chip.run ts=83712116199245 dur=38227347 run_id=0 dispatch_id=0 slot_id=0 generation=82 run_epoch=82
[mono_ns=83712186103085][T0x7eb6f8e97740][TIMING] emit_host_span: [STRACE] v=1 pid=3967479 tid=3967479 inv=83 hid=87d82477c49eb8f1 depth=2 name=chip.run.bind.args ts=83712154697258 dur=31405026 
[mono_ns=83712186115684][T0x7eb6f8e97740][TIMING] emit_host_span: [STRACE] v=1 pid=3967479 tid=3967479 inv=83 hid=87d82477c49eb8f1 depth=2 name=chip.run.bind.prebuilt ts=83712186114122 dur=1302 
[mono_ns=83712186117497][T0x7eb6f8e97740][TIMING] emit_host_span: [STRACE] v=1 pid=3967479 tid=3967479 inv=83 hid=87d82477c49eb8f1 depth=1 name=chip.run.bind ts=83712154695425 dur=31421802 
[mono_ns=83712191094788][T0x7eb6f8e97740][WARN] prepare_execution: [device_runner.cpp:342] AICPU CPU_TOPO unavailable; using json_fallback: soc=Ascend950PR_9579 occupy=0x3e stable_reachable=5 requested=0 effective=5 affinity=[1, 2, 3, 4, 5(orch)]
[mono_ns=83712192262050][T0x7eb6f8e97740][TIMING] emit_host_span: [STRACE] v=1 pid=3967479 tid=3967479 inv=83 hid=87d82477c49eb8f1 depth=1 name=chip.run.runner_run ts=83712191154778 dur=1106931 
[mono_ns=83712192595560][T0x7eb6f8e97740][TIMING] emit_host_span: [STRACE] v=1 pid=3967479 tid=3967479 inv=83 hid=87d82477c49eb8f1 depth=1 name=chip.run.validate ts=83712192270462 dur=324567 
[mono_ns=83712192601149][T0x7eb6f8e97740][TIMING] emit_host_span: [STRACE] v=1 pid=3967479 tid=3967479 inv=83 hid=87d82477c49eb8f1 depth=2 name=chip.run.runner_run.device_wall ts=0 dur=958528 clk=dev
[mono_ns=83712192602661][T0x7eb6f8e97740][TIMING] emit_host_span: [STRACE] v=1 pid=3967479 tid=3967479 inv=83 hid=87d82477c49eb8f1 depth=3 name=chip.run.runner_run.device_wall.preamble ts=0 dur=12480 clk=dev
[mono_ns=83712192603933][T0x7eb6f8e97740][TIMING] emit_host_span: [STRACE] v=1 pid=3967479 tid=3967479 inv=83 hid=87d82477c49eb8f1 depth=3 name=chip.run.runner_run.device_wall.graph_build ts=3504 dur=950643 clk=dev
[mono_ns=83712192605415][T0x7eb6f8e97740][TIMING] emit_host_span: [STRACE] v=1 pid=3967479 tid=3967479 inv=83 hid=87d82477c49eb8f1 depth=3 name=chip.run.runner_run.device_wall.config_validate ts=3853 dur=1115 clk=dev
[mono_ns=83712192607789][T0x7eb6f8e97740][TIMING] emit_host_span: [STRACE] v=1 pid=3967479 tid=3967479 inv=83 hid=87d82477c49eb8f1 depth=3 name=chip.run.runner_run.device_wall.arena_wire ts=4994 dur=2143 clk=dev
[mono_ns=83712192609571][T0x7eb6f8e97740][TIMING] emit_host_span: [STRACE] v=1 pid=3967479 tid=3967479 inv=83 hid=87d82477c49eb8f1 depth=3 name=chip.run.runner_run.device_wall.sm_reset ts=7160 dur=1948 clk=dev
[mono_ns=83712192610933][T0x7eb6f8e97740][TIMING] emit_host_span: [STRACE] v=1 pid=3967479 tid=3967479 inv=83 hid=87d82477c49eb8f1 depth=3 name=chip.run.runner_run.device_wall.post_orch ts=954170 dur=3697 clk=dev
[mono_ns=83712192612065][T0x7eb6f8e97740][TIMING] emit_host_span: [STRACE] v=1 pid=3967479 tid=3967479 inv=83 hid=87d82477c49eb8f1 depth=3 name=chip.run.runner_run.device_wall.orch ts=9147 dur=689822 clk=dev
[mono_ns=83712192613187][T0x7eb6f8e97740][TIMING] emit_host_span: [STRACE] v=1 pid=3967479 tid=3967479 inv=83 hid=87d82477c49eb8f1 depth=3 name=chip.run.runner_run.device_wall.sched ts=12087 dur=929425 clk=dev
[mono_ns=83712192614469][T0x7eb6f8e97740][TIMING] emit_host_span: [STRACE] v=1 pid=3967479 tid=3967479 inv=83 hid=87d82477c49eb8f1 depth=1 name=chip.run.claim_release ts=83712192614168 dur=60 
[mono_ns=83712192615771][T0x7eb6f8e97740][TIMING] emit_host_span: [STRACE] v=1 pid=3967479 tid=3967479 inv=83 hid=87d82477c49eb8f1 depth=0 name=chip.run ts=83712154693162 dur=37922308 run_id=0 dispatch_id=0 slot_id=0 generation=83 run_epoch=83
[mono_ns=83712224735179][T0x7eb6f8e97740][TIMING] emit_host_span: [STRACE] v=1 pid=3967479 tid=3967479 inv=84 hid=87d82477c49eb8f1 depth=2 name=chip.run.bind.args ts=83712192870653 dur=31863885 
[mono_ns=83712224746406][T0x7eb6f8e97740][TIMING] emit_host_span: [STRACE] v=1 pid=3967479 tid=3967479 inv=84 hid=87d82477c49eb8f1 depth=2 name=chip.run.bind.prebuilt ts=83712224744864 dur=1242 
[mono_ns=83712224750512][T0x7eb6f8e97740][TIMING] emit_host_span: [STRACE] v=1 pid=3967479 tid=3967479 inv=84 hid=87d82477c49eb8f1 depth=1 name=chip.run.bind ts=83712192868670 dur=31881552 
[mono_ns=83712229809996][T0x7eb6f8e97740][WARN] prepare_execution: [device_runner.cpp:342] AICPU CPU_TOPO unavailable; using json_fallback: soc=Ascend950PR_9579 occupy=0x3e stable_reachable=5 requested=0 effective=5 affinity=[1, 2, 3, 4, 5(orch)]
[mono_ns=83712231040443][T0x7eb6f8e97740][TIMING] emit_host_span: [STRACE] v=1 pid=3967479 tid=3967479 inv=84 hid=87d82477c49eb8f1 depth=1 name=chip.run.runner_run ts=83712229871649 dur=1168383 
[mono_ns=83712231366672][T0x7eb6f8e97740][TIMING] emit_host_span: [STRACE] v=1 pid=3967479 tid=3967479 inv=84 hid=87d82477c49eb8f1 depth=1 name=chip.run.validate ts=83712231048916 dur=317216 
[mono_ns=83712231372261][T0x7eb6f8e97740][TIMING] emit_host_span: [STRACE] v=1 pid=3967479 tid=3967479 inv=84 hid=87d82477c49eb8f1 depth=2 name=chip.run.runner_run.device_wall ts=0 dur=1024649 clk=dev
[mono_ns=83712231373753][T0x7eb6f8e97740][TIMING] emit_host_span: [STRACE] v=1 pid=3967479 tid=3967479 inv=84 hid=87d82477c49eb8f1 depth=3 name=chip.run.runner_run.device_wall.preamble ts=0 dur=13703 clk=dev
[mono_ns=83712231374935][T0x7eb6f8e97740][TIMING] emit_host_span: [STRACE] v=1 pid=3967479 tid=3967479 inv=84 hid=87d82477c49eb8f1 depth=3 name=chip.run.runner_run.device_wall.graph_build ts=2895 dur=1015257 clk=dev
[mono_ns=83712231376447][T0x7eb6f8e97740][TIMING] emit_host_span: [STRACE] v=1 pid=3967479 tid=3967479 inv=84 hid=87d82477c49eb8f1 depth=3 name=chip.run.runner_run.device_wall.config_validate ts=3024 dur=1228 clk=dev
[mono_ns=83712231379031][T0x7eb6f8e97740][TIMING] emit_host_span: [STRACE] v=1 pid=3967479 tid=3967479 inv=84 hid=87d82477c49eb8f1 depth=3 name=chip.run.runner_run.device_wall.arena_wire ts=4278 dur=2278 clk=dev
[mono_ns=83712231380373][T0x7eb6f8e97740][TIMING] emit_host_span: [STRACE] v=1 pid=3967479 tid=3967479 inv=84 hid=87d82477c49eb8f1 depth=3 name=chip.run.runner_run.device_wall.sm_reset ts=6588 dur=2463 clk=dev
[mono_ns=83712231381485][T0x7eb6f8e97740][TIMING] emit_host_span: [STRACE] v=1 pid=3967479 tid=3967479 inv=84 hid=87d82477c49eb8f1 depth=3 name=chip.run.runner_run.device_wall.post_orch ts=1018183 dur=5293 clk=dev
[mono_ns=83712231382636][T0x7eb6f8e97740][TIMING] emit_host_span: [STRACE] v=1 pid=3967479 tid=3967479 inv=84 hid=87d82477c49eb8f1 depth=3 name=chip.run.runner_run.device_wall.orch ts=9356 dur=680316 clk=dev
[mono_ns=83712231383748][T0x7eb6f8e97740][TIMING] emit_host_span: [STRACE] v=1 pid=3967479 tid=3967479 inv=84 hid=87d82477c49eb8f1 depth=3 name=chip.run.runner_run.device_wall.sched ts=13757 dur=992412 clk=dev
[mono_ns=83712231385090][T0x7eb6f8e97740][TIMING] emit_host_span: [STRACE] v=1 pid=3967479 tid=3967479 inv=84 hid=87d82477c49eb8f1 depth=1 name=chip.run.claim_release ts=83712231384760 dur=70 
[mono_ns=83712231386452][T0x7eb6f8e97740][TIMING] emit_host_span: [STRACE] v=1 pid=3967479 tid=3967479 inv=84 hid=87d82477c49eb8f1 depth=0 name=chip.run ts=83712192866527 dur=38519605 run_id=0 dispatch_id=0 slot_id=0 generation=84 run_epoch=84
[mono_ns=83712262495134][T0x7eb6f8e97740][TIMING] emit_host_span: [STRACE] v=1 pid=3967479 tid=3967479 inv=85 hid=87d82477c49eb8f1 depth=2 name=chip.run.bind.args ts=83712231646252 dur=30848331 
[mono_ns=83712262505810][T0x7eb6f8e97740][TIMING] emit_host_span: [STRACE] v=1 pid=3967479 tid=3967479 inv=85 hid=87d82477c49eb8f1 depth=2 name=chip.run.bind.prebuilt ts=83712262504368 dur=1151 
[mono_ns=83712262507502][T0x7eb6f8e97740][TIMING] emit_host_span: [STRACE] v=1 pid=3967479 tid=3967479 inv=85 hid=87d82477c49eb8f1 depth=1 name=chip.run.bind ts=83712231643838 dur=30863424 
[mono_ns=83712267784593][T0x7eb6f8e97740][WARN] prepare_execution: [device_runner.cpp:342] AICPU CPU_TOPO unavailable; using json_fallback: soc=Ascend950PR_9579 occupy=0x3e stable_reachable=5 requested=0 effective=5 affinity=[1, 2, 3, 4, 5(orch)]
[mono_ns=83712268987949][T0x7eb6f8e97740][TIMING] emit_host_span: [STRACE] v=1 pid=3967479 tid=3967479 inv=85 hid=87d82477c49eb8f1 depth=1 name=chip.run.runner_run ts=83712267846235 dur=1141373 
[mono_ns=83712269312276][T0x7eb6f8e97740][TIMING] emit_host_span: [STRACE] v=1 pid=3967479 tid=3967479 inv=85 hid=87d82477c49eb8f1 depth=1 name=chip.run.validate ts=83712268998695 dur=313250 
[mono_ns=83712269318916][T0x7eb6f8e97740][TIMING] emit_host_span: [STRACE] v=1 pid=3967479 tid=3967479 inv=85 hid=87d82477c49eb8f1 depth=2 name=chip.run.runner_run.device_wall ts=0 dur=978137 clk=dev
[mono_ns=83712269320458][T0x7eb6f8e97740][TIMING] emit_host_span: [STRACE] v=1 pid=3967479 tid=3967479 inv=85 hid=87d82477c49eb8f1 depth=3 name=chip.run.runner_run.device_wall.preamble ts=0 dur=13389 clk=dev
[mono_ns=83712269321630][T0x7eb6f8e97740][TIMING] emit_host_span: [STRACE] v=1 pid=3967479 tid=3967479 inv=85 hid=87d82477c49eb8f1 depth=3 name=chip.run.runner_run.device_wall.graph_build ts=3282 dur=970149 clk=dev
[mono_ns=83712269323062][T0x7eb6f8e97740][TIMING] emit_host_span: [STRACE] v=1 pid=3967479 tid=3967479 inv=85 hid=87d82477c49eb8f1 depth=3 name=chip.run.runner_run.device_wall.config_validate ts=3853 dur=1033 clk=dev
[mono_ns=83712269325836][T0x7eb6f8e97740][TIMING] emit_host_span: [STRACE] v=1 pid=3967479 tid=3967479 inv=85 hid=87d82477c49eb8f1 depth=3 name=chip.run.runner_run.device_wall.arena_wire ts=4984 dur=1920 clk=dev
[mono_ns=83712269327879][T0x7eb6f8e97740][TIMING] emit_host_span: [STRACE] v=1 pid=3967479 tid=3967479 inv=85 hid=87d82477c49eb8f1 depth=3 name=chip.run.runner_run.device_wall.sm_reset ts=6920 dur=2142 clk=dev
[mono_ns=83712269329221][T0x7eb6f8e97740][TIMING] emit_host_span: [STRACE] v=1 pid=3967479 tid=3967479 inv=85 hid=87d82477c49eb8f1 depth=3 name=chip.run.runner_run.device_wall.post_orch ts=973492 dur=4239 clk=dev
[mono_ns=83712269330373][T0x7eb6f8e97740][TIMING] emit_host_span: [STRACE] v=1 pid=3967479 tid=3967479 inv=85 hid=87d82477c49eb8f1 depth=3 name=chip.run.runner_run.device_wall.orch ts=9653 dur=683945 clk=dev
[mono_ns=83712269331485][T0x7eb6f8e97740][TIMING] emit_host_span: [STRACE] v=1 pid=3967479 tid=3967479 inv=85 hid=87d82477c49eb8f1 depth=3 name=chip.run.runner_run.device_wall.sched ts=13383 dur=946834 clk=dev
[mono_ns=83712269332807][T0x7eb6f8e97740][TIMING] emit_host_span: [STRACE] v=1 pid=3967479 tid=3967479 inv=85 hid=87d82477c49eb8f1 depth=1 name=chip.run.claim_release ts=83712269332486 dur=50 
[mono_ns=83712269334139][T0x7eb6f8e97740][TIMING] emit_host_span: [STRACE] v=1 pid=3967479 tid=3967479 inv=85 hid=87d82477c49eb8f1 depth=0 name=chip.run ts=83712231641635 dur=37692213 run_id=0 dispatch_id=0 slot_id=0 generation=85 run_epoch=85
[mono_ns=83712301992196][T0x7eb6f8e97740][TIMING] emit_host_span: [STRACE] v=1 pid=3967479 tid=3967479 inv=86 hid=87d82477c49eb8f1 depth=2 name=chip.run.bind.args ts=83712269595851 dur=32395764 
[mono_ns=83712302007869][T0x7eb6f8e97740][TIMING] emit_host_span: [STRACE] v=1 pid=3967479 tid=3967479 inv=86 hid=87d82477c49eb8f1 depth=2 name=chip.run.bind.prebuilt ts=83712302006577 dur=1022 
[mono_ns=83712302010173][T0x7eb6f8e97740][TIMING] emit_host_span: [STRACE] v=1 pid=3967479 tid=3967479 inv=86 hid=87d82477c49eb8f1 depth=1 name=chip.run.bind ts=83712269593868 dur=32416054 
[mono_ns=83712307022936][T0x7eb6f8e97740][WARN] prepare_execution: [device_runner.cpp:342] AICPU CPU_TOPO unavailable; using json_fallback: soc=Ascend950PR_9579 occupy=0x3e stable_reachable=5 requested=0 effective=5 affinity=[1, 2, 3, 4, 5(orch)]
[mono_ns=83712308301626][T0x7eb6f8e97740][TIMING] emit_host_span: [STRACE] v=1 pid=3967479 tid=3967479 inv=86 hid=87d82477c49eb8f1 depth=1 name=chip.run.runner_run ts=83712307083978 dur=1217287 
[mono_ns=83712308620634][T0x7eb6f8e97740][TIMING] emit_host_span: [STRACE] v=1 pid=3967479 tid=3967479 inv=86 hid=87d82477c49eb8f1 depth=1 name=chip.run.validate ts=83712308309568 dur=310536 
[mono_ns=83712308626083][T0x7eb6f8e97740][TIMING] emit_host_span: [STRACE] v=1 pid=3967479 tid=3967479 inv=86 hid=87d82477c49eb8f1 depth=2 name=chip.run.runner_run.device_wall ts=0 dur=1039126 clk=dev
[mono_ns=83712308629287][T0x7eb6f8e97740][TIMING] emit_host_span: [STRACE] v=1 pid=3967479 tid=3967479 inv=86 hid=87d82477c49eb8f1 depth=3 name=chip.run.runner_run.device_wall.preamble ts=0 dur=14005 clk=dev
[mono_ns=83712308630790][T0x7eb6f8e97740][TIMING] emit_host_span: [STRACE] v=1 pid=3967479 tid=3967479 inv=86 hid=87d82477c49eb8f1 depth=3 name=chip.run.runner_run.device_wall.graph_build ts=2950 dur=1030405 clk=dev
[mono_ns=83712308633093][T0x7eb6f8e97740][TIMING] emit_host_span: [STRACE] v=1 pid=3967479 tid=3967479 inv=86 hid=87d82477c49eb8f1 depth=3 name=chip.run.runner_run.device_wall.config_validate ts=3259 dur=880 clk=dev
[mono_ns=83712308634996][T0x7eb6f8e97740][TIMING] emit_host_span: [STRACE] v=1 pid=3967479 tid=3967479 inv=86 hid=87d82477c49eb8f1 depth=3 name=chip.run.runner_run.device_wall.arena_wire ts=4215 dur=1686 clk=dev
[mono_ns=83712308636358][T0x7eb6f8e97740][TIMING] emit_host_span: [STRACE] v=1 pid=3967479 tid=3967479 inv=86 hid=87d82477c49eb8f1 depth=3 name=chip.run.runner_run.device_wall.sm_reset ts=5920 dur=2033 clk=dev
[mono_ns=83712308637470][T0x7eb6f8e97740][TIMING] emit_host_span: [STRACE] v=1 pid=3967479 tid=3967479 inv=86 hid=87d82477c49eb8f1 depth=3 name=chip.run.runner_run.device_wall.post_orch ts=1033384 dur=5141 clk=dev
[mono_ns=83712308638611][T0x7eb6f8e97740][TIMING] emit_host_span: [STRACE] v=1 pid=3967479 tid=3967479 inv=86 hid=87d82477c49eb8f1 depth=3 name=chip.run.runner_run.device_wall.orch ts=8029 dur=685312 clk=dev
[mono_ns=83712308639733][T0x7eb6f8e97740][TIMING] emit_host_span: [STRACE] v=1 pid=3967479 tid=3967479 inv=86 hid=87d82477c49eb8f1 depth=3 name=chip.run.runner_run.device_wall.sched ts=14117 dur=1007093 clk=dev
[mono_ns=83712308641065][T0x7eb6f8e97740][TIMING] emit_host_span: [STRACE] v=1 pid=3967479 tid=3967479 inv=86 hid=87d82477c49eb8f1 depth=1 name=chip.run.claim_release ts=83712308640725 dur=50 
[mono_ns=83712308642517][T0x7eb6f8e97740][TIMING] emit_host_span: [STRACE] v=1 pid=3967479 tid=3967479 inv=86 hid=87d82477c49eb8f1 depth=0 name=chip.run ts=83712269591615 dur=39050642 run_id=0 dispatch_id=0 slot_id=0 generation=86 run_epoch=86
[mono_ns=83712339707473][T0x7eb6f8e97740][TIMING] emit_host_span: [STRACE] v=1 pid=3967479 tid=3967479 inv=87 hid=87d82477c49eb8f1 depth=2 name=chip.run.bind.args ts=83712308903709 dur=30803254 
[mono_ns=83712339717779][T0x7eb6f8e97740][TIMING] emit_host_span: [STRACE] v=1 pid=3967479 tid=3967479 inv=87 hid=87d82477c49eb8f1 depth=2 name=chip.run.bind.prebuilt ts=83712339716186 dur=1292 
[mono_ns=83712339719712][T0x7eb6f8e97740][TIMING] emit_host_span: [STRACE] v=1 pid=3967479 tid=3967479 inv=87 hid=87d82477c49eb8f1 depth=1 name=chip.run.bind ts=83712308901506 dur=30817945 
[mono_ns=83712344757363][T0x7eb6f8e97740][WARN] prepare_execution: [device_runner.cpp:342] AICPU CPU_TOPO unavailable; using json_fallback: soc=Ascend950PR_9579 occupy=0x3e stable_reachable=5 requested=0 effective=5 affinity=[1, 2, 3, 4, 5(orch)]
[mono_ns=83712345931515][T0x7eb6f8e97740][TIMING] emit_host_span: [STRACE] v=1 pid=3967479 tid=3967479 inv=87 hid=87d82477c49eb8f1 depth=1 name=chip.run.runner_run ts=83712344817844 dur=1113301 
[mono_ns=83712346285857][T0x7eb6f8e97740][TIMING] emit_host_span: [STRACE] v=1 pid=3967479 tid=3967479 inv=87 hid=87d82477c49eb8f1 depth=1 name=chip.run.validate ts=83712345939818 dur=345718 
[mono_ns=83712346292447][T0x7eb6f8e97740][TIMING] emit_host_span: [STRACE] v=1 pid=3967479 tid=3967479 inv=87 hid=87d82477c49eb8f1 depth=2 name=chip.run.runner_run.device_wall ts=0 dur=972170 clk=dev
[mono_ns=83712346293919][T0x7eb6f8e97740][TIMING] emit_host_span: [STRACE] v=1 pid=3967479 tid=3967479 inv=87 hid=87d82477c49eb8f1 depth=3 name=chip.run.runner_run.device_wall.preamble ts=0 dur=12020 clk=dev
[mono_ns=83712346295231][T0x7eb6f8e97740][TIMING] emit_host_span: [STRACE] v=1 pid=3967479 tid=3967479 inv=87 hid=87d82477c49eb8f1 depth=3 name=chip.run.runner_run.device_wall.graph_build ts=3102 dur=964715 clk=dev
[mono_ns=83712346296503][T0x7eb6f8e97740][TIMING] emit_host_span: [STRACE] v=1 pid=3967479 tid=3967479 inv=87 hid=87d82477c49eb8f1 depth=3 name=chip.run.runner_run.device_wall.config_validate ts=3592 dur=809 clk=dev
[mono_ns=83712346300499][T0x7eb6f8e97740][TIMING] emit_host_span: [STRACE] v=1 pid=3967479 tid=3967479 inv=87 hid=87d82477c49eb8f1 depth=3 name=chip.run.runner_run.device_wall.arena_wire ts=4510 dur=1972 clk=dev
[mono_ns=83712346301911][T0x7eb6f8e97740][TIMING] emit_host_span: [STRACE] v=1 pid=3967479 tid=3967479 inv=87 hid=87d82477c49eb8f1 depth=3 name=chip.run.runner_run.device_wall.sm_reset ts=6502 dur=2252 clk=dev
[mono_ns=83712346303063][T0x7eb6f8e97740][TIMING] emit_host_span: [STRACE] v=1 pid=3967479 tid=3967479 inv=87 hid=87d82477c49eb8f1 depth=3 name=chip.run.runner_run.device_wall.post_orch ts=967848 dur=3925 clk=dev
[mono_ns=83712346304235][T0x7eb6f8e97740][TIMING] emit_host_span: [STRACE] v=1 pid=3967479 tid=3967479 inv=87 hid=87d82477c49eb8f1 depth=3 name=chip.run.runner_run.device_wall.orch ts=8788 dur=686385 clk=dev
[mono_ns=83712346305366][T0x7eb6f8e97740][TIMING] emit_host_span: [STRACE] v=1 pid=3967479 tid=3967479 inv=87 hid=87d82477c49eb8f1 depth=3 name=chip.run.runner_run.device_wall.sched ts=11886 dur=943456 clk=dev
[mono_ns=83712346306688][T0x7eb6f8e97740][TIMING] emit_host_span: [STRACE] v=1 pid=3967479 tid=3967479 inv=87 hid=87d82477c49eb8f1 depth=1 name=chip.run.claim_release ts=83712346306378 dur=40 
[mono_ns=83712346308010][T0x7eb6f8e97740][TIMING] emit_host_span: [STRACE] v=1 pid=3967479 tid=3967479 inv=87 hid=87d82477c49eb8f1 depth=0 name=chip.run ts=83712308899313 dur=37408417 run_id=0 dispatch_id=0 slot_id=0 generation=87 run_epoch=87
[mono_ns=83712377868630][T0x7eb6f8e97740][TIMING] emit_host_span: [STRACE] v=1 pid=3967479 tid=3967479 inv=88 hid=87d82477c49eb8f1 depth=2 name=chip.run.bind.args ts=83712346574991 dur=31293108 
[mono_ns=83712377879426][T0x7eb6f8e97740][TIMING] emit_host_span: [STRACE] v=1 pid=3967479 tid=3967479 inv=88 hid=87d82477c49eb8f1 depth=2 name=chip.run.bind.prebuilt ts=83712377877714 dur=1422 
[mono_ns=83712377881209][T0x7eb6f8e97740][TIMING] emit_host_span: [STRACE] v=1 pid=3967479 tid=3967479 inv=88 hid=87d82477c49eb8f1 depth=1 name=chip.run.bind ts=83712346573338 dur=31307601 
[mono_ns=83712382949927][T0x7eb6f8e97740][WARN] prepare_execution: [device_runner.cpp:342] AICPU CPU_TOPO unavailable; using json_fallback: soc=Ascend950PR_9579 occupy=0x3e stable_reachable=5 requested=0 effective=5 affinity=[1, 2, 3, 4, 5(orch)]
[mono_ns=83712384169177][T0x7eb6f8e97740][TIMING] emit_host_span: [STRACE] v=1 pid=3967479 tid=3967479 inv=88 hid=87d82477c49eb8f1 depth=1 name=chip.run.runner_run ts=83712383019912 dur=1148904 
[mono_ns=83712384510229][T0x7eb6f8e97740][TIMING] emit_host_span: [STRACE] v=1 pid=3967479 tid=3967479 inv=88 hid=87d82477c49eb8f1 depth=1 name=chip.run.validate ts=83712384177469 dur=332409 
[mono_ns=83712384516127][T0x7eb6f8e97740][TIMING] emit_host_span: [STRACE] v=1 pid=3967479 tid=3967479 inv=88 hid=87d82477c49eb8f1 depth=2 name=chip.run.runner_run.device_wall ts=0 dur=999343 clk=dev
[mono_ns=83712384517710][T0x7eb6f8e97740][TIMING] emit_host_span: [STRACE] v=1 pid=3967479 tid=3967479 inv=88 hid=87d82477c49eb8f1 depth=3 name=chip.run.runner_run.device_wall.preamble ts=0 dur=13696 clk=dev
[mono_ns=83712384518972][T0x7eb6f8e97740][TIMING] emit_host_span: [STRACE] v=1 pid=3967479 tid=3967479 inv=88 hid=87d82477c49eb8f1 depth=3 name=chip.run.runner_run.device_wall.graph_build ts=2702 dur=992084 clk=dev
[mono_ns=83712384520434][T0x7eb6f8e97740][TIMING] emit_host_span: [STRACE] v=1 pid=3967479 tid=3967479 inv=88 hid=87d82477c49eb8f1 depth=3 name=chip.run.runner_run.device_wall.config_validate ts=3013 dur=1025 clk=dev
[mono_ns=83712384523378][T0x7eb6f8e97740][TIMING] emit_host_span: [STRACE] v=1 pid=3967479 tid=3967479 inv=88 hid=87d82477c49eb8f1 depth=3 name=chip.run.runner_run.device_wall.arena_wire ts=4062 dur=2717 clk=dev
[mono_ns=83712384525021][T0x7eb6f8e97740][TIMING] emit_host_span: [STRACE] v=1 pid=3967479 tid=3967479 inv=88 hid=87d82477c49eb8f1 depth=3 name=chip.run.runner_run.device_wall.sm_reset ts=6800 dur=2840 clk=dev
[mono_ns=83712384526373][T0x7eb6f8e97740][TIMING] emit_host_span: [STRACE] v=1 pid=3967479 tid=3967479 inv=88 hid=87d82477c49eb8f1 depth=3 name=chip.run.runner_run.device_wall.post_orch ts=994813 dur=4149 clk=dev
[mono_ns=83712384529738][T0x7eb6f8e97740][TIMING] emit_host_span: [STRACE] v=1 pid=3967479 tid=3967479 inv=88 hid=87d82477c49eb8f1 depth=3 name=chip.run.runner_run.device_wall.orch ts=9718 dur=645987 clk=dev
[mono_ns=83712384530860][T0x7eb6f8e97740][TIMING] emit_host_span: [STRACE] v=1 pid=3967479 tid=3967479 inv=88 hid=87d82477c49eb8f1 depth=3 name=chip.run.runner_run.device_wall.sched ts=13472 dur=968404 clk=dev
[mono_ns=83712384532202][T0x7eb6f8e97740][TIMING] emit_host_span: [STRACE] v=1 pid=3967479 tid=3967479 inv=88 hid=87d82477c49eb8f1 depth=1 name=chip.run.claim_release ts=83712384531851 dur=60 
[mono_ns=83712384533514][T0x7eb6f8e97740][TIMING] emit_host_span: [STRACE] v=1 pid=3967479 tid=3967479 inv=88 hid=87d82477c49eb8f1 depth=0 name=chip.run ts=83712346570805 dur=37962428 run_id=0 dispatch_id=0 slot_id=0 generation=88 run_epoch=88
[mono_ns=83712416692822][T0x7eb6f8e97740][TIMING] emit_host_span: [STRACE] v=1 pid=3967479 tid=3967479 inv=89 hid=87d82477c49eb8f1 depth=2 name=chip.run.bind.args ts=83712384795206 dur=31897155 
[mono_ns=83712416703098][T0x7eb6f8e97740][TIMING] emit_host_span: [STRACE] v=1 pid=3967479 tid=3967479 inv=89 hid=87d82477c49eb8f1 depth=2 name=chip.run.bind.prebuilt ts=83712416701445 dur=1332 
[mono_ns=83712416704910][T0x7eb6f8e97740][TIMING] emit_host_span: [STRACE] v=1 pid=3967479 tid=3967479 inv=89 hid=87d82477c49eb8f1 depth=1 name=chip.run.bind ts=83712384793474 dur=31911176 
[mono_ns=83712421704664][T0x7eb6f8e97740][WARN] prepare_execution: [device_runner.cpp:342] AICPU CPU_TOPO unavailable; using json_fallback: soc=Ascend950PR_9579 occupy=0x3e stable_reachable=5 requested=0 effective=5 affinity=[1, 2, 3, 4, 5(orch)]
[mono_ns=83712422866518][T0x7eb6f8e97740][TIMING] emit_host_span: [STRACE] v=1 pid=3967479 tid=3967479 inv=89 hid=87d82477c49eb8f1 depth=1 name=chip.run.runner_run ts=83712421764995 dur=1101183 
[mono_ns=83712423208622][T0x7eb6f8e97740][TIMING] emit_host_span: [STRACE] v=1 pid=3967479 tid=3967479 inv=89 hid=87d82477c49eb8f1 depth=1 name=chip.run.validate ts=83712422874701 dur=333610 
[mono_ns=83712423215883][T0x7eb6f8e97740][TIMING] emit_host_span: [STRACE] v=1 pid=3967479 tid=3967479 inv=89 hid=87d82477c49eb8f1 depth=2 name=chip.run.runner_run.device_wall ts=0 dur=961565 clk=dev
[mono_ns=83712423217475][T0x7eb6f8e97740][TIMING] emit_host_span: [STRACE] v=1 pid=3967479 tid=3967479 inv=89 hid=87d82477c49eb8f1 depth=3 name=chip.run.runner_run.device_wall.preamble ts=0 dur=13264 clk=dev
[mono_ns=83712423218627][T0x7eb6f8e97740][TIMING] emit_host_span: [STRACE] v=1 pid=3967479 tid=3967479 inv=89 hid=87d82477c49eb8f1 depth=3 name=chip.run.runner_run.device_wall.graph_build ts=2645 dur=954551 clk=dev
[mono_ns=83712423219759][T0x7eb6f8e97740][TIMING] emit_host_span: [STRACE] v=1 pid=3967479 tid=3967479 inv=89 hid=87d82477c49eb8f1 depth=3 name=chip.run.runner_run.device_wall.config_validate ts=2945 dur=959 clk=dev
[mono_ns=83712423221231][T0x7eb6f8e97740][TIMING] emit_host_span: [STRACE] v=1 pid=3967479 tid=3967479 inv=89 hid=87d82477c49eb8f1 depth=3 name=chip.run.runner_run.device_wall.arena_wire ts=3929 dur=1990 clk=dev
[mono_ns=83712423223885][T0x7eb6f8e97740][TIMING] emit_host_span: [STRACE] v=1 pid=3967479 tid=3967479 inv=89 hid=87d82477c49eb8f1 depth=3 name=chip.run.runner_run.device_wall.sm_reset ts=5939 dur=2566 clk=dev
[mono_ns=83712423225687][T0x7eb6f8e97740][TIMING] emit_host_span: [STRACE] v=1 pid=3967479 tid=3967479 inv=89 hid=87d82477c49eb8f1 depth=3 name=chip.run.runner_run.device_wall.post_orch ts=957233 dur=4237 clk=dev
[mono_ns=83712423227079][T0x7eb6f8e97740][TIMING] emit_host_span: [STRACE] v=1 pid=3967479 tid=3967479 inv=89 hid=87d82477c49eb8f1 depth=3 name=chip.run.runner_run.device_wall.orch ts=8610 dur=654071 clk=dev
[mono_ns=83712423228231][T0x7eb6f8e97740][TIMING] emit_host_span: [STRACE] v=1 pid=3967479 tid=3967479 inv=89 hid=87d82477c49eb8f1 depth=3 name=chip.run.runner_run.device_wall.sched ts=13167 dur=931704 clk=dev
[mono_ns=83712423231606][T0x7eb6f8e97740][TIMING] emit_host_span: [STRACE] v=1 pid=3967479 tid=3967479 inv=89 hid=87d82477c49eb8f1 depth=1 name=chip.run.claim_release ts=83712423231286 dur=50 
[mono_ns=83712423232928][T0x7eb6f8e97740][TIMING] emit_host_span: [STRACE] v=1 pid=3967479 tid=3967479 inv=89 hid=87d82477c49eb8f1 depth=0 name=chip.run ts=83712384790830 dur=38441808 run_id=0 dispatch_id=0 slot_id=0 generation=89 run_epoch=89
[mono_ns=83712454883193][T0x7eb6f8e97740][TIMING] emit_host_span: [STRACE] v=1 pid=3967479 tid=3967479 inv=90 hid=87d82477c49eb8f1 depth=2 name=chip.run.bind.args ts=83712423491867 dur=31390815 
[mono_ns=83712454894530][T0x7eb6f8e97740][TIMING] emit_host_span: [STRACE] v=1 pid=3967479 tid=3967479 inv=90 hid=87d82477c49eb8f1 depth=2 name=chip.run.bind.prebuilt ts=83712454892967 dur=1242 
[mono_ns=83712454896483][T0x7eb6f8e97740][TIMING] emit_host_span: [STRACE] v=1 pid=3967479 tid=3967479 inv=90 hid=87d82477c49eb8f1 depth=1 name=chip.run.bind ts=83712423489984 dur=31406278 
[mono_ns=83712459927554][T0x7eb6f8e97740][WARN] prepare_execution: [device_runner.cpp:342] AICPU CPU_TOPO unavailable; using json_fallback: soc=Ascend950PR_9579 occupy=0x3e stable_reachable=5 requested=0 effective=5 affinity=[1, 2, 3, 4, 5(orch)]
[mono_ns=83712461134876][T0x7eb6f8e97740][TIMING] emit_host_span: [STRACE] v=1 pid=3967479 tid=3967479 inv=90 hid=87d82477c49eb8f1 depth=1 name=chip.run.runner_run ts=83712459987464 dur=1147072 
[mono_ns=83712461470900][T0x7eb6f8e97740][TIMING] emit_host_span: [STRACE] v=1 pid=3967479 tid=3967479 inv=90 hid=87d82477c49eb8f1 depth=1 name=chip.run.validate ts=83712461142848 dur=327692 
[mono_ns=83712461476359][T0x7eb6f8e97740][TIMING] emit_host_span: [STRACE] v=1 pid=3967479 tid=3967479 inv=90 hid=87d82477c49eb8f1 depth=2 name=chip.run.runner_run.device_wall ts=0 dur=992281 clk=dev
[mono_ns=83712461477841][T0x7eb6f8e97740][TIMING] emit_host_span: [STRACE] v=1 pid=3967479 tid=3967479 inv=90 hid=87d82477c49eb8f1 depth=3 name=chip.run.runner_run.device_wall.preamble ts=0 dur=12934 clk=dev
[mono_ns=83712461479053][T0x7eb6f8e97740][TIMING] emit_host_span: [STRACE] v=1 pid=3967479 tid=3967479 inv=90 hid=87d82477c49eb8f1 depth=3 name=chip.run.runner_run.device_wall.graph_build ts=3032 dur=984146 clk=dev
[mono_ns=83712461480585][T0x7eb6f8e97740][TIMING] emit_host_span: [STRACE] v=1 pid=3967479 tid=3967479 inv=90 hid=87d82477c49eb8f1 depth=3 name=chip.run.runner_run.device_wall.config_validate ts=3182 dur=1179 clk=dev
[mono_ns=83712461483710][T0x7eb6f8e97740][TIMING] emit_host_span: [STRACE] v=1 pid=3967479 tid=3967479 inv=90 hid=87d82477c49eb8f1 depth=3 name=chip.run.runner_run.device_wall.arena_wire ts=4391 dur=2440 clk=dev
[mono_ns=83712461485562][T0x7eb6f8e97740][TIMING] emit_host_span: [STRACE] v=1 pid=3967479 tid=3967479 inv=90 hid=87d82477c49eb8f1 depth=3 name=chip.run.runner_run.device_wall.sm_reset ts=6850 dur=2203 clk=dev
[mono_ns=83712461486804][T0x7eb6f8e97740][TIMING] emit_host_span: [STRACE] v=1 pid=3967479 tid=3967479 inv=90 hid=87d82477c49eb8f1 depth=3 name=chip.run.runner_run.device_wall.post_orch ts=987211 dur=4593 clk=dev
[mono_ns=83712461487946][T0x7eb6f8e97740][TIMING] emit_host_span: [STRACE] v=1 pid=3967479 tid=3967479 inv=90 hid=87d82477c49eb8f1 depth=3 name=chip.run.runner_run.device_wall.orch ts=9082 dur=670252 clk=dev
[mono_ns=83712461489068][T0x7eb6f8e97740][TIMING] emit_host_span: [STRACE] v=1 pid=3967479 tid=3967479 inv=90 hid=87d82477c49eb8f1 depth=3 name=chip.run.runner_run.device_wall.sched ts=12729 dur=961675 clk=dev
[mono_ns=83712461490320][T0x7eb6f8e97740][TIMING] emit_host_span: [STRACE] v=1 pid=3967479 tid=3967479 inv=90 hid=87d82477c49eb8f1 depth=1 name=chip.run.claim_release ts=83712461490039 dur=40 
[mono_ns=83712461491642][T0x7eb6f8e97740][TIMING] emit_host_span: [STRACE] v=1 pid=3967479 tid=3967479 inv=90 hid=87d82477c49eb8f1 depth=0 name=chip.run ts=83712423487550 dur=38003811 run_id=0 dispatch_id=0 slot_id=0 generation=90 run_epoch=90
[mono_ns=83712493518321][T0x7eb6f8e97740][TIMING] emit_host_span: [STRACE] v=1 pid=3967479 tid=3967479 inv=91 hid=87d82477c49eb8f1 depth=2 name=chip.run.bind.args ts=83712461748096 dur=31769814 
[mono_ns=83712493531701][T0x7eb6f8e97740][TIMING] emit_host_span: [STRACE] v=1 pid=3967479 tid=3967479 inv=91 hid=87d82477c49eb8f1 depth=2 name=chip.run.bind.prebuilt ts=83712493530269 dur=1162 
[mono_ns=83712493533323][T0x7eb6f8e97740][TIMING] emit_host_span: [STRACE] v=1 pid=3967479 tid=3967479 inv=91 hid=87d82477c49eb8f1 depth=1 name=chip.run.bind ts=83712461746845 dur=31786248 
[mono_ns=83712498571475][T0x7eb6f8e97740][WARN] prepare_execution: [device_runner.cpp:342] AICPU CPU_TOPO unavailable; using json_fallback: soc=Ascend950PR_9579 occupy=0x3e stable_reachable=5 requested=0 effective=5 affinity=[1, 2, 3, 4, 5(orch)]
[mono_ns=83712499826619][T0x7eb6f8e97740][TIMING] emit_host_span: [STRACE] v=1 pid=3967479 tid=3967479 inv=91 hid=87d82477c49eb8f1 depth=1 name=chip.run.runner_run ts=83712498631425 dur=1194864 
[mono_ns=83712500165107][T0x7eb6f8e97740][TIMING] emit_host_span: [STRACE] v=1 pid=3967479 tid=3967479 inv=91 hid=87d82477c49eb8f1 depth=1 name=chip.run.validate ts=83712499834771 dur=330006 
[mono_ns=83712500171657][T0x7eb6f8e97740][TIMING] emit_host_span: [STRACE] v=1 pid=3967479 tid=3967479 inv=91 hid=87d82477c49eb8f1 depth=2 name=chip.run.runner_run.device_wall ts=0 dur=1051707 clk=dev
[mono_ns=83712500173209][T0x7eb6f8e97740][TIMING] emit_host_span: [STRACE] v=1 pid=3967479 tid=3967479 inv=91 hid=87d82477c49eb8f1 depth=3 name=chip.run.runner_run.device_wall.preamble ts=0 dur=13072 clk=dev
[mono_ns=83712500174391][T0x7eb6f8e97740][TIMING] emit_host_span: [STRACE] v=1 pid=3967479 tid=3967479 inv=91 hid=87d82477c49eb8f1 depth=3 name=chip.run.runner_run.device_wall.graph_build ts=2913 dur=1044545 clk=dev
[mono_ns=83712500175503][T0x7eb6f8e97740][TIMING] emit_host_span: [STRACE] v=1 pid=3967479 tid=3967479 inv=91 hid=87d82477c49eb8f1 depth=3 name=chip.run.runner_run.device_wall.config_validate ts=3199 dur=1123 clk=dev
[mono_ns=83712500176895][T0x7eb6f8e97740][TIMING] emit_host_span: [STRACE] v=1 pid=3967479 tid=3967479 inv=91 hid=87d82477c49eb8f1 depth=3 name=chip.run.runner_run.device_wall.arena_wire ts=4356 dur=2472 clk=dev
[mono_ns=83712500179198][T0x7eb6f8e97740][TIMING] emit_host_span: [STRACE] v=1 pid=3967479 tid=3967479 inv=91 hid=87d82477c49eb8f1 depth=3 name=chip.run.runner_run.device_wall.sm_reset ts=6846 dur=2740 clk=dev
[mono_ns=83712500180550][T0x7eb6f8e97740][TIMING] emit_host_span: [STRACE] v=1 pid=3967479 tid=3967479 inv=91 hid=87d82477c49eb8f1 depth=3 name=chip.run.runner_run.device_wall.post_orch ts=1047491 dur=3902 clk=dev
[mono_ns=83712500181682][T0x7eb6f8e97740][TIMING] emit_host_span: [STRACE] v=1 pid=3967479 tid=3967479 inv=91 hid=87d82477c49eb8f1 depth=3 name=chip.run.runner_run.device_wall.orch ts=9616 dur=702365 clk=dev
[mono_ns=83712500182814][T0x7eb6f8e97740][TIMING] emit_host_span: [STRACE] v=1 pid=3967479 tid=3967479 inv=91 hid=87d82477c49eb8f1 depth=3 name=chip.run.runner_run.device_wall.sched ts=12641 dur=1019281 clk=dev
[mono_ns=83712500184076][T0x7eb6f8e97740][TIMING] emit_host_span: [STRACE] v=1 pid=3967479 tid=3967479 inv=91 hid=87d82477c49eb8f1 depth=1 name=chip.run.claim_release ts=83712500183785 dur=50 
[mono_ns=83712500185358][T0x7eb6f8e97740][TIMING] emit_host_span: [STRACE] v=1 pid=3967479 tid=3967479 inv=91 hid=87d82477c49eb8f1 depth=0 name=chip.run ts=83712461744481 dur=38440626 run_id=0 dispatch_id=0 slot_id=0 generation=91 run_epoch=91
[mono_ns=83712531572858][T0x7eb6f8e97740][TIMING] emit_host_span: [STRACE] v=1 pid=3967479 tid=3967479 inv=92 hid=87d82477c49eb8f1 depth=2 name=chip.run.bind.args ts=83712500412769 dur=31159338 
[mono_ns=83712531583544][T0x7eb6f8e97740][TIMING] emit_host_span: [STRACE] v=1 pid=3967479 tid=3967479 inv=92 hid=87d82477c49eb8f1 depth=2 name=chip.run.bind.prebuilt ts=83712531582182 dur=1071 
[mono_ns=83712531585246][T0x7eb6f8e97740][TIMING] emit_host_span: [STRACE] v=1 pid=3967479 tid=3967479 inv=92 hid=87d82477c49eb8f1 depth=1 name=chip.run.bind ts=83712500411357 dur=31173659 
[mono_ns=83712536657790][T0x7eb6f8e97740][WARN] prepare_execution: [device_runner.cpp:342] AICPU CPU_TOPO unavailable; using json_fallback: soc=Ascend950PR_9579 occupy=0x3e stable_reachable=5 requested=0 effective=5 affinity=[1, 2, 3, 4, 5(orch)]
[mono_ns=83712537901497][T0x7eb6f8e97740][TIMING] emit_host_span: [STRACE] v=1 pid=3967479 tid=3967479 inv=92 hid=87d82477c49eb8f1 depth=1 name=chip.run.runner_run ts=83712536743108 dur=1157477 
[mono_ns=83712538351802][T0x7eb6f8e97740][TIMING] emit_host_span: [STRACE] v=1 pid=3967479 tid=3967479 inv=92 hid=87d82477c49eb8f1 depth=1 name=chip.run.validate ts=83712537910400 dur=440952 
[mono_ns=83712538358793][T0x7eb6f8e97740][TIMING] emit_host_span: [STRACE] v=1 pid=3967479 tid=3967479 inv=92 hid=87d82477c49eb8f1 depth=2 name=chip.run.runner_run.device_wall ts=0 dur=996446 clk=dev
[mono_ns=83712538360866][T0x7eb6f8e97740][TIMING] emit_host_span: [STRACE] v=1 pid=3967479 tid=3967479 inv=92 hid=87d82477c49eb8f1 depth=3 name=chip.run.runner_run.device_wall.preamble ts=0 dur=12523 clk=dev
[mono_ns=83712538362408][T0x7eb6f8e97740][TIMING] emit_host_span: [STRACE] v=1 pid=3967479 tid=3967479 inv=92 hid=87d82477c49eb8f1 depth=3 name=chip.run.runner_run.device_wall.graph_build ts=3147 dur=988217 clk=dev
[mono_ns=83712538363941][T0x7eb6f8e97740][TIMING] emit_host_span: [STRACE] v=1 pid=3967479 tid=3967479 inv=92 hid=87d82477c49eb8f1 depth=3 name=chip.run.runner_run.device_wall.config_validate ts=3593 dur=987 clk=dev
[mono_ns=83712538365633][T0x7eb6f8e97740][TIMING] emit_host_span: [STRACE] v=1 pid=3967479 tid=3967479 inv=92 hid=87d82477c49eb8f1 depth=3 name=chip.run.runner_run.device_wall.arena_wire ts=4610 dur=1293 clk=dev
[mono_ns=83712538366965][T0x7eb6f8e97740][TIMING] emit_host_span: [STRACE] v=1 pid=3967479 tid=3967479 inv=92 hid=87d82477c49eb8f1 depth=3 name=chip.run.runner_run.device_wall.sm_reset ts=6276 dur=2387 clk=dev
[mono_ns=83712538368097][T0x7eb6f8e97740][TIMING] emit_host_span: [STRACE] v=1 pid=3967479 tid=3967479 inv=92 hid=87d82477c49eb8f1 depth=3 name=chip.run.runner_run.device_wall.post_orch ts=991392 dur=4952 clk=dev
[mono_ns=83712538369229][T0x7eb6f8e97740][TIMING] emit_host_span: [STRACE] v=1 pid=3967479 tid=3967479 inv=92 hid=87d82477c49eb8f1 depth=3 name=chip.run.runner_run.device_wall.orch ts=8678 dur=660821 clk=dev
[mono_ns=83712538370360][T0x7eb6f8e97740][TIMING] emit_host_span: [STRACE] v=1 pid=3967479 tid=3967479 inv=92 hid=87d82477c49eb8f1 depth=3 name=chip.run.runner_run.device_wall.sched ts=12248 dur=967752 clk=dev
[mono_ns=83712538371873][T0x7eb6f8e97740][TIMING] emit_host_span: [STRACE] v=1 pid=3967479 tid=3967479 inv=92 hid=87d82477c49eb8f1 depth=1 name=chip.run.claim_release ts=83712538371442 dur=110 
[mono_ns=83712538373936][T0x7eb6f8e97740][TIMING] emit_host_span: [STRACE] v=1 pid=3967479 tid=3967479 inv=92 hid=87d82477c49eb8f1 depth=0 name=chip.run ts=83712500409073 dur=37964302 run_id=0 dispatch_id=0 slot_id=0 generation=92 run_epoch=92
[mono_ns=83712585677655][T0x7eb6f8e97740][TIMING] emit_host_span: [STRACE] v=1 pid=3967479 tid=3967479 inv=93 hid=87d82477c49eb8f1 depth=2 name=chip.run.bind.args ts=83712538690391 dur=46986723 
[mono_ns=83712585692447][T0x7eb6f8e97740][TIMING] emit_host_span: [STRACE] v=1 pid=3967479 tid=3967479 inv=93 hid=87d82477c49eb8f1 depth=2 name=chip.run.bind.prebuilt ts=83712585689022 dur=2884 
[mono_ns=83712585694320][T0x7eb6f8e97740][TIMING] emit_host_span: [STRACE] v=1 pid=3967479 tid=3967479 inv=93 hid=87d82477c49eb8f1 depth=1 name=chip.run.bind ts=83712538686254 dur=47007665 
[mono_ns=83712590835086][T0x7eb6f8e97740][WARN] prepare_execution: [device_runner.cpp:342] AICPU CPU_TOPO unavailable; using json_fallback: soc=Ascend950PR_9579 occupy=0x3e stable_reachable=5 requested=0 effective=5 affinity=[1, 2, 3, 4, 5(orch)]
[mono_ns=83712591968246][T0x7eb6f8e97740][TIMING] emit_host_span: [STRACE] v=1 pid=3967479 tid=3967479 inv=93 hid=87d82477c49eb8f1 depth=1 name=chip.run.runner_run ts=83712590893633 dur=1074163 
[mono_ns=83712592342919][T0x7eb6f8e97740][TIMING] emit_host_span: [STRACE] v=1 pid=3967479 tid=3967479 inv=93 hid=87d82477c49eb8f1 depth=1 name=chip.run.validate ts=83712591975988 dur=366530 
[mono_ns=83712592351832][T0x7eb6f8e97740][TIMING] emit_host_span: [STRACE] v=1 pid=3967479 tid=3967479 inv=93 hid=87d82477c49eb8f1 depth=2 name=chip.run.runner_run.device_wall ts=0 dur=932377 clk=dev
[mono_ns=83712592353435][T0x7eb6f8e97740][TIMING] emit_host_span: [STRACE] v=1 pid=3967479 tid=3967479 inv=93 hid=87d82477c49eb8f1 depth=3 name=chip.run.runner_run.device_wall.preamble ts=0 dur=13733 clk=dev
[mono_ns=83712592354706][T0x7eb6f8e97740][TIMING] emit_host_span: [STRACE] v=1 pid=3967479 tid=3967479 inv=93 hid=87d82477c49eb8f1 depth=3 name=chip.run.runner_run.device_wall.graph_build ts=3593 dur=923988 clk=dev
[mono_ns=83712592355868][T0x7eb6f8e97740][TIMING] emit_host_span: [STRACE] v=1 pid=3967479 tid=3967479 inv=93 hid=87d82477c49eb8f1 depth=3 name=chip.run.runner_run.device_wall.config_validate ts=3961 dur=925 clk=dev
[mono_ns=83712592357250][T0x7eb6f8e97740][TIMING] emit_host_span: [STRACE] v=1 pid=3967479 tid=3967479 inv=93 hid=87d82477c49eb8f1 depth=3 name=chip.run.runner_run.device_wall.arena_wire ts=4925 dur=1719 clk=dev
[mono_ns=83712592358993][T0x7eb6f8e97740][TIMING] emit_host_span: [STRACE] v=1 pid=3967479 tid=3967479 inv=93 hid=87d82477c49eb8f1 depth=3 name=chip.run.runner_run.device_wall.sm_reset ts=6663 dur=1821 clk=dev
[mono_ns=83712592360285][T0x7eb6f8e97740][TIMING] emit_host_span: [STRACE] v=1 pid=3967479 tid=3967479 inv=93 hid=87d82477c49eb8f1 depth=3 name=chip.run.runner_run.device_wall.post_orch ts=927611 dur=4238 clk=dev
[mono_ns=83712592361427][T0x7eb6f8e97740][TIMING] emit_host_span: [STRACE] v=1 pid=3967479 tid=3967479 inv=93 hid=87d82477c49eb8f1 depth=3 name=chip.run.runner_run.device_wall.orch ts=8629 dur=673549 clk=dev
[mono_ns=83712592362528][T0x7eb6f8e97740][TIMING] emit_host_span: [STRACE] v=1 pid=3967479 tid=3967479 inv=93 hid=87d82477c49eb8f1 depth=3 name=chip.run.runner_run.device_wall.sched ts=13663 dur=899619 clk=dev
[mono_ns=83712592363900][T0x7eb6f8e97740][TIMING] emit_host_span: [STRACE] v=1 pid=3967479 tid=3967479 inv=93 hid=87d82477c49eb8f1 depth=1 name=chip.run.claim_release ts=83712592363570 dur=80 
[mono_ns=83712592365523][T0x7eb6f8e97740][TIMING] emit_host_span: [STRACE] v=1 pid=3967479 tid=3967479 inv=93 hid=87d82477c49eb8f1 depth=0 name=chip.run ts=83712538681978 dur=53683214 run_id=0 dispatch_id=0 slot_id=0 generation=93 run_epoch=93
[mono_ns=83712629015221][T0x7eb6f8e97740][TIMING] emit_host_span: [STRACE] v=1 pid=3967479 tid=3967479 inv=94 hid=87d82477c49eb8f1 depth=2 name=chip.run.bind.args ts=83712592599203 dur=36415597 
[mono_ns=83712629025576][T0x7eb6f8e97740][TIMING] emit_host_span: [STRACE] v=1 pid=3967479 tid=3967479 inv=94 hid=87d82477c49eb8f1 depth=2 name=chip.run.bind.prebuilt ts=83712629023583 dur=1613 
[mono_ns=83712629027269][T0x7eb6f8e97740][TIMING] emit_host_span: [STRACE] v=1 pid=3967479 tid=3967479 inv=94 hid=87d82477c49eb8f1 depth=1 name=chip.run.bind ts=83712592596800 dur=36430179 
[mono_ns=83712633858440][T0x7eb6f8e97740][WARN] prepare_execution: [device_runner.cpp:342] AICPU CPU_TOPO unavailable; using json_fallback: soc=Ascend950PR_9579 occupy=0x3e stable_reachable=5 requested=0 effective=5 affinity=[1, 2, 3, 4, 5(orch)]
[mono_ns=83712635086824][T0x7eb6f8e97740][TIMING] emit_host_span: [STRACE] v=1 pid=3967479 tid=3967479 inv=94 hid=87d82477c49eb8f1 depth=1 name=chip.run.runner_run ts=83712633915756 dur=1170707 
[mono_ns=83712635460735][T0x7eb6f8e97740][TIMING] emit_host_span: [STRACE] v=1 pid=3967479 tid=3967479 inv=94 hid=87d82477c49eb8f1 depth=1 name=chip.run.validate ts=83712635093714 dur=366590 
[mono_ns=83712635466253][T0x7eb6f8e97740][TIMING] emit_host_span: [STRACE] v=1 pid=3967479 tid=3967479 inv=94 hid=87d82477c49eb8f1 depth=2 name=chip.run.runner_run.device_wall ts=0 dur=1032124 clk=dev
[mono_ns=83712635468056][T0x7eb6f8e97740][TIMING] emit_host_span: [STRACE] v=1 pid=3967479 tid=3967479 inv=94 hid=87d82477c49eb8f1 depth=3 name=chip.run.runner_run.device_wall.preamble ts=0 dur=13952 clk=dev
[mono_ns=83712635469268][T0x7eb6f8e97740][TIMING] emit_host_span: [STRACE] v=1 pid=3967479 tid=3967479 inv=94 hid=87d82477c49eb8f1 depth=3 name=chip.run.runner_run.device_wall.graph_build ts=3439 dur=1023765 clk=dev
[mono_ns=83712635472973][T0x7eb6f8e97740][TIMING] emit_host_span: [STRACE] v=1 pid=3967479 tid=3967479 inv=94 hid=87d82477c49eb8f1 depth=3 name=chip.run.runner_run.device_wall.config_validate ts=3723 dur=809 clk=dev
[mono_ns=83712635474325][T0x7eb6f8e97740][TIMING] emit_host_span: [STRACE] v=1 pid=3967479 tid=3967479 inv=94 hid=87d82477c49eb8f1 depth=3 name=chip.run.runner_run.device_wall.arena_wire ts=4697 dur=1578 clk=dev
[mono_ns=83712635475507][T0x7eb6f8e97740][TIMING] emit_host_span: [STRACE] v=1 pid=3967479 tid=3967479 inv=94 hid=87d82477c49eb8f1 depth=3 name=chip.run.runner_run.device_wall.sm_reset ts=6292 dur=1882 clk=dev
[mono_ns=83712635476639][T0x7eb6f8e97740][TIMING] emit_host_span: [STRACE] v=1 pid=3967479 tid=3967479 inv=94 hid=87d82477c49eb8f1 depth=3 name=chip.run.runner_run.device_wall.post_orch ts=1027235 dur=4514 clk=dev
[mono_ns=83712635477801][T0x7eb6f8e97740][TIMING] emit_host_span: [STRACE] v=1 pid=3967479 tid=3967479 inv=94 hid=87d82477c49eb8f1 depth=3 name=chip.run.runner_run.device_wall.orch ts=8274 dur=667213 clk=dev
[mono_ns=83712635478952][T0x7eb6f8e97740][TIMING] emit_host_span: [STRACE] v=1 pid=3967479 tid=3967479 inv=94 hid=87d82477c49eb8f1 depth=3 name=chip.run.runner_run.device_wall.sched ts=13560 dur=999726 clk=dev
[mono_ns=83712635480304][T0x7eb6f8e97740][TIMING] emit_host_span: [STRACE] v=1 pid=3967479 tid=3967479 inv=94 hid=87d82477c49eb8f1 depth=1 name=chip.run.claim_release ts=83712635479954 dur=70 
[mono_ns=83712635481807][T0x7eb6f8e97740][TIMING] emit_host_span: [STRACE] v=1 pid=3967479 tid=3967479 inv=94 hid=87d82477c49eb8f1 depth=0 name=chip.run ts=83712592593585 dur=42887921 run_id=0 dispatch_id=0 slot_id=0 generation=94 run_epoch=94
[mono_ns=83712669314076][T0x7eb6f8e97740][TIMING] emit_host_span: [STRACE] v=1 pid=3967479 tid=3967479 inv=95 hid=87d82477c49eb8f1 depth=2 name=chip.run.bind.args ts=83712635727786 dur=33585830 
[mono_ns=83712669324282][T0x7eb6f8e97740][TIMING] emit_host_span: [STRACE] v=1 pid=3967479 tid=3967479 inv=95 hid=87d82477c49eb8f1 depth=2 name=chip.run.bind.prebuilt ts=83712669322138 dur=1703 
[mono_ns=83712669325944][T0x7eb6f8e97740][TIMING] emit_host_span: [STRACE] v=1 pid=3967479 tid=3967479 inv=95 hid=87d82477c49eb8f1 depth=1 name=chip.run.bind ts=83712635726264 dur=33599390 
[mono_ns=83712674197426][T0x7eb6f8e97740][WARN] prepare_execution: [device_runner.cpp:342] AICPU CPU_TOPO unavailable; using json_fallback: soc=Ascend950PR_9579 occupy=0x3e stable_reachable=5 requested=0 effective=5 affinity=[1, 2, 3, 4, 5(orch)]
[mono_ns=83712675359119][T0x7eb6f8e97740][TIMING] emit_host_span: [STRACE] v=1 pid=3967479 tid=3967479 inv=95 hid=87d82477c49eb8f1 depth=1 name=chip.run.runner_run ts=83712674250966 dur=1107773 
[mono_ns=83712675733922][T0x7eb6f8e97740][TIMING] emit_host_span: [STRACE] v=1 pid=3967479 tid=3967479 inv=95 hid=87d82477c49eb8f1 depth=1 name=chip.run.validate ts=83712675366400 dur=367181 
[mono_ns=83712675739330][T0x7eb6f8e97740][TIMING] emit_host_span: [STRACE] v=1 pid=3967479 tid=3967479 inv=95 hid=87d82477c49eb8f1 depth=2 name=chip.run.runner_run.device_wall ts=0 dur=966164 clk=dev
[mono_ns=83712675740912][T0x7eb6f8e97740][TIMING] emit_host_span: [STRACE] v=1 pid=3967479 tid=3967479 inv=95 hid=87d82477c49eb8f1 depth=3 name=chip.run.runner_run.device_wall.preamble ts=0 dur=12774 clk=dev
[mono_ns=83712675742234][T0x7eb6f8e97740][TIMING] emit_host_span: [STRACE] v=1 pid=3967479 tid=3967479 inv=95 hid=87d82477c49eb8f1 depth=3 name=chip.run.runner_run.device_wall.graph_build ts=2784 dur=958532 clk=dev
[mono_ns=83712675743667][T0x7eb6f8e97740][TIMING] emit_host_span: [STRACE] v=1 pid=3967479 tid=3967479 inv=95 hid=87d82477c49eb8f1 depth=3 name=chip.run.runner_run.device_wall.config_validate ts=3119 dur=944 clk=dev
[mono_ns=83712675745990][T0x7eb6f8e97740][TIMING] emit_host_span: [STRACE] v=1 pid=3967479 tid=3967479 inv=95 hid=87d82477c49eb8f1 depth=3 name=chip.run.runner_run.device_wall.arena_wire ts=4086 dur=1497 clk=dev
[mono_ns=83712675749656][T0x7eb6f8e97740][TIMING] emit_host_span: [STRACE] v=1 pid=3967479 tid=3967479 inv=95 hid=87d82477c49eb8f1 depth=3 name=chip.run.runner_run.device_wall.sm_reset ts=5603 dur=2010 clk=dev
[mono_ns=83712675750807][T0x7eb6f8e97740][TIMING] emit_host_span: [STRACE] v=1 pid=3967479 tid=3967479 inv=95 hid=87d82477c49eb8f1 depth=3 name=chip.run.runner_run.device_wall.post_orch ts=961340 dur=4675 clk=dev
[mono_ns=83712675751989][T0x7eb6f8e97740][TIMING] emit_host_span: [STRACE] v=1 pid=3967479 tid=3967479 inv=95 hid=87d82477c49eb8f1 depth=3 name=chip.run.runner_run.device_wall.orch ts=7693 dur=710386 clk=dev
[mono_ns=83712675753121][T0x7eb6f8e97740][TIMING] emit_host_span: [STRACE] v=1 pid=3967479 tid=3967479 inv=95 hid=87d82477c49eb8f1 depth=3 name=chip.run.runner_run.device_wall.sched ts=12235 dur=933516 clk=dev
[mono_ns=83712675754463][T0x7eb6f8e97740][TIMING] emit_host_span: [STRACE] v=1 pid=3967479 tid=3967479 inv=95 hid=87d82477c49eb8f1 depth=1 name=chip.run.claim_release ts=83712675754142 dur=40 
[mono_ns=83712675755965][T0x7eb6f8e97740][TIMING] emit_host_span: [STRACE] v=1 pid=3967479 tid=3967479 inv=95 hid=87d82477c49eb8f1 depth=0 name=chip.run ts=83712635723820 dur=40031865 run_id=0 dispatch_id=0 slot_id=0 generation=95 run_epoch=95
[mono_ns=83712705250424][T0x7eb6f8e97740][TIMING] emit_host_span: [STRACE] v=1 pid=3967479 tid=3967479 inv=96 hid=87d82477c49eb8f1 depth=2 name=chip.run.bind.args ts=83712675987152 dur=29262671 
[mono_ns=83712705262312][T0x7eb6f8e97740][TIMING] emit_host_span: [STRACE] v=1 pid=3967479 tid=3967479 inv=96 hid=87d82477c49eb8f1 depth=2 name=chip.run.bind.prebuilt ts=83712705260389 dur=1592 
[mono_ns=83712705264124][T0x7eb6f8e97740][TIMING] emit_host_span: [STRACE] v=1 pid=3967479 tid=3967479 inv=96 hid=87d82477c49eb8f1 depth=1 name=chip.run.bind ts=83712675985249 dur=29278615 
[mono_ns=83712710177469][T0x7eb6f8e97740][WARN] prepare_execution: [device_runner.cpp:342] AICPU CPU_TOPO unavailable; using json_fallback: soc=Ascend950PR_9579 occupy=0x3e stable_reachable=5 requested=0 effective=5 affinity=[1, 2, 3, 4, 5(orch)]
[mono_ns=83712711412593][T0x7eb6f8e97740][TIMING] emit_host_span: [STRACE] v=1 pid=3967479 tid=3967479 inv=96 hid=87d82477c49eb8f1 depth=1 name=chip.run.runner_run ts=83712710230098 dur=1181994 
[mono_ns=83712711743900][T0x7eb6f8e97740][TIMING] emit_host_span: [STRACE] v=1 pid=3967479 tid=3967479 inv=96 hid=87d82477c49eb8f1 depth=1 name=chip.run.validate ts=83712711419713 dur=323756 
[mono_ns=83712711749158][T0x7eb6f8e97740][TIMING] emit_host_span: [STRACE] v=1 pid=3967479 tid=3967479 inv=96 hid=87d82477c49eb8f1 depth=2 name=chip.run.runner_run.device_wall ts=0 dur=1032858 clk=dev
[mono_ns=83712711750760][T0x7eb6f8e97740][TIMING] emit_host_span: [STRACE] v=1 pid=3967479 tid=3967479 inv=96 hid=87d82477c49eb8f1 depth=3 name=chip.run.runner_run.device_wall.preamble ts=0 dur=13893 clk=dev
[mono_ns=83712711752042][T0x7eb6f8e97740][TIMING] emit_host_span: [STRACE] v=1 pid=3967479 tid=3967479 inv=96 hid=87d82477c49eb8f1 depth=3 name=chip.run.runner_run.device_wall.graph_build ts=3760 dur=1024378 clk=dev
[mono_ns=83712711753564][T0x7eb6f8e97740][TIMING] emit_host_span: [STRACE] v=1 pid=3967479 tid=3967479 inv=96 hid=87d82477c49eb8f1 depth=3 name=chip.run.runner_run.device_wall.config_validate ts=4062 dur=898 clk=dev
[mono_ns=83712711756158][T0x7eb6f8e97740][TIMING] emit_host_span: [STRACE] v=1 pid=3967479 tid=3967479 inv=96 hid=87d82477c49eb8f1 depth=3 name=chip.run.runner_run.device_wall.arena_wire ts=5130 dur=2212 clk=dev
[mono_ns=83712711757891][T0x7eb6f8e97740][TIMING] emit_host_span: [STRACE] v=1 pid=3967479 tid=3967479 inv=96 hid=87d82477c49eb8f1 depth=3 name=chip.run.runner_run.device_wall.sm_reset ts=7359 dur=2435 clk=dev
[mono_ns=83712711759183][T0x7eb6f8e97740][TIMING] emit_host_span: [STRACE] v=1 pid=3967479 tid=3967479 inv=96 hid=87d82477c49eb8f1 depth=3 name=chip.run.runner_run.device_wall.post_orch ts=1028175 dur=4222 clk=dev
[mono_ns=83712711760345][T0x7eb6f8e97740][TIMING] emit_host_span: [STRACE] v=1 pid=3967479 tid=3967479 inv=96 hid=87d82477c49eb8f1 depth=3 name=chip.run.runner_run.device_wall.orch ts=10339 dur=684055 clk=dev
[mono_ns=83712711763539][T0x7eb6f8e97740][TIMING] emit_host_span: [STRACE] v=1 pid=3967479 tid=3967479 inv=96 hid=87d82477c49eb8f1 depth=3 name=chip.run.runner_run.device_wall.sched ts=13785 dur=1001633 clk=dev
[mono_ns=83712711764881][T0x7eb6f8e97740][TIMING] emit_host_span: [STRACE] v=1 pid=3967479 tid=3967479 inv=96 hid=87d82477c49eb8f1 depth=1 name=chip.run.claim_release ts=83712711764561 dur=40 
[mono_ns=83712711766223][T0x7eb6f8e97740][TIMING] emit_host_span: [STRACE] v=1 pid=3967479 tid=3967479 inv=96 hid=87d82477c49eb8f1 depth=0 name=chip.run ts=83712675983076 dur=35782857 run_id=0 dispatch_id=0 slot_id=0 generation=96 run_epoch=96
[mono_ns=83712742188705][T0x7eb6f8e97740][TIMING] emit_host_span: [STRACE] v=1 pid=3967479 tid=3967479 inv=97 hid=87d82477c49eb8f1 depth=2 name=chip.run.bind.args ts=83712711963520 dur=30224504 
[mono_ns=83712742198630][T0x7eb6f8e97740][TIMING] emit_host_span: [STRACE] v=1 pid=3967479 tid=3967479 inv=97 hid=87d82477c49eb8f1 depth=2 name=chip.run.bind.prebuilt ts=83712742197068 dur=1262 
[mono_ns=83712742200373][T0x7eb6f8e97740][TIMING] emit_host_span: [STRACE] v=1 pid=3967479 tid=3967479 inv=97 hid=87d82477c49eb8f1 depth=1 name=chip.run.bind ts=83712711961607 dur=30238515 
[mono_ns=83712747099256][T0x7eb6f8e97740][WARN] prepare_execution: [device_runner.cpp:342] AICPU CPU_TOPO unavailable; using json_fallback: soc=Ascend950PR_9579 occupy=0x3e stable_reachable=5 requested=0 effective=5 affinity=[1, 2, 3, 4, 5(orch)]
[mono_ns=83712748280939][T0x7eb6f8e97740][TIMING] emit_host_span: [STRACE] v=1 pid=3967479 tid=3967479 inv=97 hid=87d82477c49eb8f1 depth=1 name=chip.run.runner_run ts=83712747151414 dur=1129104 
[mono_ns=83712748622151][T0x7eb6f8e97740][TIMING] emit_host_span: [STRACE] v=1 pid=3967479 tid=3967479 inv=97 hid=87d82477c49eb8f1 depth=1 name=chip.run.validate ts=83712748288350 dur=333351 
[mono_ns=83712748627489][T0x7eb6f8e97740][TIMING] emit_host_span: [STRACE] v=1 pid=3967479 tid=3967479 inv=97 hid=87d82477c49eb8f1 depth=2 name=chip.run.runner_run.device_wall ts=0 dur=994076 clk=dev
[mono_ns=83712748629042][T0x7eb6f8e97740][TIMING] emit_host_span: [STRACE] v=1 pid=3967479 tid=3967479 inv=97 hid=87d82477c49eb8f1 depth=3 name=chip.run.runner_run.device_wall.preamble ts=0 dur=13440 clk=dev
[mono_ns=83712748630364][T0x7eb6f8e97740][TIMING] emit_host_span: [STRACE] v=1 pid=3967479 tid=3967479 inv=97 hid=87d82477c49eb8f1 depth=3 name=chip.run.runner_run.device_wall.graph_build ts=2412 dur=986663 clk=dev
[mono_ns=83712748631796][T0x7eb6f8e97740][TIMING] emit_host_span: [STRACE] v=1 pid=3967479 tid=3967479 inv=97 hid=87d82477c49eb8f1 depth=3 name=chip.run.runner_run.device_wall.config_validate ts=2569 dur=1045 clk=dev
[mono_ns=83712748634039][T0x7eb6f8e97740][TIMING] emit_host_span: [STRACE] v=1 pid=3967479 tid=3967479 inv=97 hid=87d82477c49eb8f1 depth=3 name=chip.run.runner_run.device_wall.arena_wire ts=3753 dur=2130 clk=dev
[mono_ns=83712748635982][T0x7eb6f8e97740][TIMING] emit_host_span: [STRACE] v=1 pid=3967479 tid=3967479 inv=97 hid=87d82477c49eb8f1 depth=3 name=chip.run.runner_run.device_wall.sm_reset ts=5899 dur=1913 clk=dev
[mono_ns=83712748637424][T0x7eb6f8e97740][TIMING] emit_host_span: [STRACE] v=1 pid=3967479 tid=3967479 inv=97 hid=87d82477c49eb8f1 depth=3 name=chip.run.runner_run.device_wall.post_orch ts=989096 dur=4295 clk=dev
[mono_ns=83712748638606][T0x7eb6f8e97740][TIMING] emit_host_span: [STRACE] v=1 pid=3967479 tid=3967479 inv=97 hid=87d82477c49eb8f1 depth=3 name=chip.run.runner_run.device_wall.orch ts=7841 dur=693922 clk=dev
[mono_ns=83712748639748][T0x7eb6f8e97740][TIMING] emit_host_span: [STRACE] v=1 pid=3967479 tid=3967479 inv=97 hid=87d82477c49eb8f1 depth=3 name=chip.run.runner_run.device_wall.sched ts=13113 dur=960295 clk=dev
[mono_ns=83712748641060][T0x7eb6f8e97740][TIMING] emit_host_span: [STRACE] v=1 pid=3967479 tid=3967479 inv=97 hid=87d82477c49eb8f1 depth=1 name=chip.run.claim_release ts=83712748640779 dur=40 
[mono_ns=83712748642382][T0x7eb6f8e97740][TIMING] emit_host_span: [STRACE] v=1 pid=3967479 tid=3967479 inv=97 hid=87d82477c49eb8f1 depth=0 name=chip.run ts=83712711959744 dur=36682367 run_id=0 dispatch_id=0 slot_id=0 generation=97 run_epoch=97
[mono_ns=83712778568578][T0x7eb6f8e97740][TIMING] emit_host_span: [STRACE] v=1 pid=3967479 tid=3967479 inv=98 hid=87d82477c49eb8f1 depth=2 name=chip.run.bind.args ts=83712748836253 dur=29731284 
[mono_ns=83712778577712][T0x7eb6f8e97740][TIMING] emit_host_span: [STRACE] v=1 pid=3967479 tid=3967479 inv=98 hid=87d82477c49eb8f1 depth=2 name=chip.run.bind.prebuilt ts=83712778576020 dur=1312 
[mono_ns=83712778579335][T0x7eb6f8e97740][TIMING] emit_host_span: [STRACE] v=1 pid=3967479 tid=3967479 inv=98 hid=87d82477c49eb8f1 depth=1 name=chip.run.bind ts=83712748834390 dur=29744654 
[mono_ns=83712783392118][T0x7eb6f8e97740][WARN] prepare_execution: [device_runner.cpp:342] AICPU CPU_TOPO unavailable; using json_fallback: soc=Ascend950PR_9579 occupy=0x3e stable_reachable=5 requested=0 effective=5 affinity=[1, 2, 3, 4, 5(orch)]
[mono_ns=83712784533301][T0x7eb6f8e97740][TIMING] emit_host_span: [STRACE] v=1 pid=3967479 tid=3967479 inv=98 hid=87d82477c49eb8f1 depth=1 name=chip.run.runner_run ts=83712783443666 dur=1089294 
[mono_ns=83712784874042][T0x7eb6f8e97740][TIMING] emit_host_span: [STRACE] v=1 pid=3967479 tid=3967479 inv=98 hid=87d82477c49eb8f1 depth=1 name=chip.run.validate ts=83712784540752 dur=332930 
[mono_ns=83712784879370][T0x7eb6f8e97740][TIMING] emit_host_span: [STRACE] v=1 pid=3967479 tid=3967479 inv=98 hid=87d82477c49eb8f1 depth=2 name=chip.run.runner_run.device_wall ts=0 dur=956146 clk=dev
[mono_ns=83712784880923][T0x7eb6f8e97740][TIMING] emit_host_span: [STRACE] v=1 pid=3967479 tid=3967479 inv=98 hid=87d82477c49eb8f1 depth=3 name=chip.run.runner_run.device_wall.preamble ts=0 dur=13344 clk=dev
[mono_ns=83712784882084][T0x7eb6f8e97740][TIMING] emit_host_span: [STRACE] v=1 pid=3967479 tid=3967479 inv=98 hid=87d82477c49eb8f1 depth=3 name=chip.run.runner_run.device_wall.graph_build ts=3561 dur=948287 clk=dev
[mono_ns=83712784883527][T0x7eb6f8e97740][TIMING] emit_host_span: [STRACE] v=1 pid=3967479 tid=3967479 inv=98 hid=87d82477c49eb8f1 depth=3 name=chip.run.runner_run.device_wall.config_validate ts=3873 dur=802 clk=dev
[mono_ns=83712784886131][T0x7eb6f8e97740][TIMING] emit_host_span: [STRACE] v=1 pid=3967479 tid=3967479 inv=98 hid=87d82477c49eb8f1 depth=3 name=chip.run.runner_run.device_wall.arena_wire ts=4707 dur=1595 clk=dev
[mono_ns=83712784887873][T0x7eb6f8e97740][TIMING] emit_host_span: [STRACE] v=1 pid=3967479 tid=3967479 inv=98 hid=87d82477c49eb8f1 depth=3 name=chip.run.runner_run.device_wall.sm_reset ts=6321 dur=1826 clk=dev
[mono_ns=83712784889185][T0x7eb6f8e97740][TIMING] emit_host_span: [STRACE] v=1 pid=3967479 tid=3967479 inv=98 hid=87d82477c49eb8f1 depth=3 name=chip.run.runner_run.device_wall.post_orch ts=951942 dur=3721 clk=dev
[mono_ns=83712784890317][T0x7eb6f8e97740][TIMING] emit_host_span: [STRACE] v=1 pid=3967479 tid=3967479 inv=98 hid=87d82477c49eb8f1 depth=3 name=chip.run.runner_run.device_wall.orch ts=8175 dur=685458 clk=dev
[mono_ns=83712784891449][T0x7eb6f8e97740][TIMING] emit_host_span: [STRACE] v=1 pid=3967479 tid=3967479 inv=98 hid=87d82477c49eb8f1 depth=3 name=chip.run.runner_run.device_wall.sched ts=12908 dur=927782 clk=dev
[mono_ns=83712784892801][T0x7eb6f8e97740][TIMING] emit_host_span: [STRACE] v=1 pid=3967479 tid=3967479 inv=98 hid=87d82477c49eb8f1 depth=1 name=chip.run.claim_release ts=83712784892480 dur=60 
[mono_ns=83712784894072][T0x7eb6f8e97740][TIMING] emit_host_span: [STRACE] v=1 pid=3967479 tid=3967479 inv=98 hid=87d82477c49eb8f1 depth=0 name=chip.run ts=83712748832767 dur=36061035 run_id=0 dispatch_id=0 slot_id=0 generation=98 run_epoch=98
[mono_ns=83712816283856][T0x7eb6f8e97740][TIMING] emit_host_span: [STRACE] v=1 pid=3967479 tid=3967479 inv=99 hid=87d82477c49eb8f1 depth=2 name=chip.run.bind.args ts=83712785101914 dur=31178767 
[mono_ns=83712816379329][T0x7eb6f8e97740][TIMING] emit_host_span: [STRACE] v=1 pid=3967479 tid=3967479 inv=99 hid=87d82477c49eb8f1 depth=2 name=chip.run.bind.prebuilt ts=83712816335033 dur=43004 
[mono_ns=83712816397967][T0x7eb6f8e97740][TIMING] emit_host_span: [STRACE] v=1 pid=3967479 tid=3967479 inv=99 hid=87d82477c49eb8f1 depth=1 name=chip.run.bind ts=83712785100683 dur=31296062 
[mono_ns=83712821695188][T0x7eb6f8e97740][WARN] prepare_execution: [device_runner.cpp:342] AICPU CPU_TOPO unavailable; using json_fallback: soc=Ascend950PR_9579 occupy=0x3e stable_reachable=5 requested=0 effective=5 affinity=[1, 2, 3, 4, 5(orch)]
[mono_ns=83712822988559][T0x7eb6f8e97740][TIMING] emit_host_span: [STRACE] v=1 pid=3967479 tid=3967479 inv=99 hid=87d82477c49eb8f1 depth=1 name=chip.run.runner_run ts=83712821771472 dur=1216556 
[mono_ns=83712823644914][T0x7eb6f8e97740][TIMING] emit_host_span: [STRACE] v=1 pid=3967479 tid=3967479 inv=99 hid=87d82477c49eb8f1 depth=1 name=chip.run.validate ts=83712822998114 dur=646360 
[mono_ns=83712823651735][T0x7eb6f8e97740][TIMING] emit_host_span: [STRACE] v=1 pid=3967479 tid=3967479 inv=99 hid=87d82477c49eb8f1 depth=2 name=chip.run.runner_run.device_wall ts=0 dur=990800 clk=dev
[mono_ns=83712823653537][T0x7eb6f8e97740][TIMING] emit_host_span: [STRACE] v=1 pid=3967479 tid=3967479 inv=99 hid=87d82477c49eb8f1 depth=3 name=chip.run.runner_run.device_wall.preamble ts=0 dur=12472 clk=dev
[mono_ns=83712823654969][T0x7eb6f8e97740][TIMING] emit_host_span: [STRACE] v=1 pid=3967479 tid=3967479 inv=99 hid=87d82477c49eb8f1 depth=3 name=chip.run.runner_run.device_wall.graph_build ts=3262 dur=982771 clk=dev
[mono_ns=83712823656752][T0x7eb6f8e97740][TIMING] emit_host_span: [STRACE] v=1 pid=3967479 tid=3967479 inv=99 hid=87d82477c49eb8f1 depth=3 name=chip.run.runner_run.device_wall.config_validate ts=3566 dur=798 clk=dev
[mono_ns=83712823659006][T0x7eb6f8e97740][TIMING] emit_host_span: [STRACE] v=1 pid=3967479 tid=3967479 inv=99 hid=87d82477c49eb8f1 depth=3 name=chip.run.runner_run.device_wall.arena_wire ts=4390 dur=1395 clk=dev
[mono_ns=83712823660348][T0x7eb6f8e97740][TIMING] emit_host_span: [STRACE] v=1 pid=3967479 tid=3967479 inv=99 hid=87d82477c49eb8f1 depth=3 name=chip.run.runner_run.device_wall.sm_reset ts=5840 dur=2128 clk=dev
[mono_ns=83712823661439][T0x7eb6f8e97740][TIMING] emit_host_span: [STRACE] v=1 pid=3967479 tid=3967479 inv=99 hid=87d82477c49eb8f1 depth=3 name=chip.run.runner_run.device_wall.post_orch ts=986092 dur=4135 clk=dev
[mono_ns=83712823662571][T0x7eb6f8e97740][TIMING] emit_host_span: [STRACE] v=1 pid=3967479 tid=3967479 inv=99 hid=87d82477c49eb8f1 depth=3 name=chip.run.runner_run.device_wall.orch ts=8002 dur=684307 clk=dev
[mono_ns=83712823663693][T0x7eb6f8e97740][TIMING] emit_host_span: [STRACE] v=1 pid=3967479 tid=3967479 inv=99 hid=87d82477c49eb8f1 depth=3 name=chip.run.runner_run.device_wall.sched ts=12494 dur=961948 clk=dev
[mono_ns=83712823665215][T0x7eb6f8e97740][TIMING] emit_host_span: [STRACE] v=1 pid=3967479 tid=3967479 inv=99 hid=87d82477c49eb8f1 depth=1 name=chip.run.claim_release ts=83712823664784 dur=110 
[mono_ns=83712823667659][T0x7eb6f8e97740][TIMING] emit_host_span: [STRACE] v=1 pid=3967479 tid=3967479 inv=99 hid=87d82477c49eb8f1 depth=0 name=chip.run ts=83712785099090 dur=38568188 run_id=0 dispatch_id=0 slot_id=0 generation=99 run_epoch=99
[mono_ns=83712869952899][T0x7eb6f8e97740][TIMING] emit_host_span: [STRACE] v=1 pid=3967479 tid=3967479 inv=100 hid=87d82477c49eb8f1 depth=2 name=chip.run.bind.args ts=83712824547449 dur=45404629 
[mono_ns=83712869964637][T0x7eb6f8e97740][TIMING] emit_host_span: [STRACE] v=1 pid=3967479 tid=3967479 inv=100 hid=87d82477c49eb8f1 depth=2 name=chip.run.bind.prebuilt ts=83712869961822 dur=2344 
[mono_ns=83712869966489][T0x7eb6f8e97740][TIMING] emit_host_span: [STRACE] v=1 pid=3967479 tid=3967479 inv=100 hid=87d82477c49eb8f1 depth=1 name=chip.run.bind ts=83712824544645 dur=45421514 
[mono_ns=83712875060515][T0x7eb6f8e97740][WARN] prepare_execution: [device_runner.cpp:342] AICPU CPU_TOPO unavailable; using json_fallback: soc=Ascend950PR_9579 occupy=0x3e stable_reachable=5 requested=0 effective=5 affinity=[1, 2, 3, 4, 5(orch)]
[mono_ns=83712876305514][T0x7eb6f8e97740][TIMING] emit_host_span: [STRACE] v=1 pid=3967479 tid=3967479 inv=100 hid=87d82477c49eb8f1 depth=1 name=chip.run.runner_run ts=83712875162077 dur=1143096 
[mono_ns=83712876673005][T0x7eb6f8e97740][TIMING] emit_host_span: [STRACE] v=1 pid=3967479 tid=3967479 inv=100 hid=87d82477c49eb8f1 depth=1 name=chip.run.validate ts=83712876316650 dur=356005 
[mono_ns=83712876679675][T0x7eb6f8e97740][TIMING] emit_host_span: [STRACE] v=1 pid=3967479 tid=3967479 inv=100 hid=87d82477c49eb8f1 depth=2 name=chip.run.runner_run.device_wall ts=0 dur=973906 clk=dev
[mono_ns=83712876681147][T0x7eb6f8e97740][TIMING] emit_host_span: [STRACE] v=1 pid=3967479 tid=3967479 inv=100 hid=87d82477c49eb8f1 depth=3 name=chip.run.runner_run.device_wall.preamble ts=0 dur=13026 clk=dev
[mono_ns=83712876682349][T0x7eb6f8e97740][TIMING] emit_host_span: [STRACE] v=1 pid=3967479 tid=3967479 inv=100 hid=87d82477c49eb8f1 depth=3 name=chip.run.runner_run.device_wall.graph_build ts=3355 dur=966386 clk=dev
[mono_ns=83712876683882][T0x7eb6f8e97740][TIMING] emit_host_span: [STRACE] v=1 pid=3967479 tid=3967479 inv=100 hid=87d82477c49eb8f1 depth=3 name=chip.run.runner_run.device_wall.config_validate ts=3632 dur=826 clk=dev
[mono_ns=83712876686275][T0x7eb6f8e97740][TIMING] emit_host_span: [STRACE] v=1 pid=3967479 tid=3967479 inv=100 hid=87d82477c49eb8f1 depth=3 name=chip.run.runner_run.device_wall.arena_wire ts=4479 dur=2913 clk=dev
[mono_ns=83712876688128][T0x7eb6f8e97740][TIMING] emit_host_span: [STRACE] v=1 pid=3967479 tid=3967479 inv=100 hid=87d82477c49eb8f1 depth=3 name=chip.run.runner_run.device_wall.sm_reset ts=7409 dur=2418 clk=dev
[mono_ns=83712876689250][T0x7eb6f8e97740][TIMING] emit_host_span: [STRACE] v=1 pid=3967479 tid=3967479 inv=100 hid=87d82477c49eb8f1 depth=3 name=chip.run.runner_run.device_wall.post_orch ts=969770 dur=3920 clk=dev
[mono_ns=83712876690401][T0x7eb6f8e97740][TIMING] emit_host_span: [STRACE] v=1 pid=3967479 tid=3967479 inv=100 hid=87d82477c49eb8f1 depth=3 name=chip.run.runner_run.device_wall.orch ts=9857 dur=682682 clk=dev
[mono_ns=83712876691523][T0x7eb6f8e97740][TIMING] emit_host_span: [STRACE] v=1 pid=3967479 tid=3967479 inv=100 hid=87d82477c49eb8f1 depth=3 name=chip.run.runner_run.device_wall.sched ts=12918 dur=941214 clk=dev
[mono_ns=83712876692915][T0x7eb6f8e97740][TIMING] emit_host_span: [STRACE] v=1 pid=3967479 tid=3967479 inv=100 hid=87d82477c49eb8f1 depth=1 name=chip.run.claim_release ts=83712876692585 dur=50 
[mono_ns=83712876694287][T0x7eb6f8e97740][TIMING] emit_host_span: [STRACE] v=1 pid=3967479 tid=3967479 inv=100 hid=87d82477c49eb8f1 depth=0 name=chip.run ts=83712824537314 dur=52156663 run_id=0 dispatch_id=0 slot_id=0 generation=100 run_epoch=100
  TestPagedAttentionUnroll::Case2 PASSED
