[mono_ns=83741100996899][T0x76bbe1aa8740][TIMING] clock_anchor: [CLOCK_ANCHOR] v=1 pid=3969863 mono_ns=83741100996118 wall_ns=1787730122745140112

=== Runtime: tensormap_and_ringbuffer  Level: 2 ===
  TestPagedAttentionUnrollManualScope::Case2 ...
[mono_ns=83743431034117][T0x76bbe1aa8740][TIMING] emit_host_span: [STRACE] v=1 pid=3969863 tid=3969863 inv=1 hid=4e691a1ac652a1b3 depth=2 name=chip.run.bind.args ts=83743393174904 dur=37855247 
[mono_ns=83743452114507][T0x76bbe1aa8740][TIMING] emit_host_span: [STRACE] v=1 pid=3969863 tid=3969863 inv=1 hid=4e691a1ac652a1b3 depth=2 name=chip.run.bind.prebuilt ts=83743431228519 dur=20882583 
[mono_ns=83743452140336][T0x76bbe1aa8740][TIMING] emit_host_span: [STRACE] v=1 pid=3969863 tid=3969863 inv=1 hid=4e691a1ac652a1b3 depth=1 name=chip.run.bind ts=83743391260480 dur=60879305 
[mono_ns=83743462954697][T0x76bbe1aa8740][WARN] query_cpu_topo: [aicpu_topology_probe.cpp:125] aicpu_topology_probe: halGetDeviceInfoByBuff(CPU_TOPO) rc=65534 total=0
[mono_ns=83743465144835][T0x76bbe1aa8740][WARN] query_cpu_topo: [aicpu_topology_probe.cpp:137] aicpu_topology_probe: dsmi_get_device_info(CPU_TOPO) rc=65534 total=0
[mono_ns=83743465257133][T0x76bbe1aa8740][WARN] prepare_execution: [device_runner.cpp:342] AICPU CPU_TOPO unavailable; using json_fallback: soc=Ascend950PR_9579 occupy=0x3e stable_reachable=5 requested=0 effective=5 affinity=[1, 2, 3, 4, 5(orch)]
[mono_ns=83743468517196][T0x76bbe1aa8740][TIMING] emit_host_span: [STRACE] v=1 pid=3969863 tid=3969863 inv=1 hid=4e691a1ac652a1b3 depth=1 name=chip.run.runner_run ts=83743465339747 dur=3176247 
[mono_ns=83743468975234][T0x76bbe1aa8740][TIMING] emit_host_span: [STRACE] v=1 pid=3969863 tid=3969863 inv=1 hid=4e691a1ac652a1b3 depth=1 name=chip.run.validate ts=83743468530606 dur=444077 
[mono_ns=83743468981473][T0x76bbe1aa8740][TIMING] emit_host_span: [STRACE] v=1 pid=3969863 tid=3969863 inv=1 hid=4e691a1ac652a1b3 depth=2 name=chip.run.runner_run.device_wall ts=0 dur=1295114 clk=dev
[mono_ns=83743468983636][T0x76bbe1aa8740][TIMING] emit_host_span: [STRACE] v=1 pid=3969863 tid=3969863 inv=1 hid=4e691a1ac652a1b3 depth=3 name=chip.run.runner_run.device_wall.preamble ts=0 dur=307957 clk=dev
[mono_ns=83743468985279][T0x76bbe1aa8740][TIMING] emit_host_span: [STRACE] v=1 pid=3969863 tid=3969863 inv=1 hid=4e691a1ac652a1b3 depth=3 name=chip.run.runner_run.device_wall.graph_build ts=45076 dur=1234653 clk=dev
[mono_ns=83743468986781][T0x76bbe1aa8740][TIMING] emit_host_span: [STRACE] v=1 pid=3969863 tid=3969863 inv=1 hid=4e691a1ac652a1b3 depth=3 name=chip.run.runner_run.device_wall.config_validate ts=50803 dur=3211 clk=dev
[mono_ns=83743468990086][T0x76bbe1aa8740][TIMING] emit_host_span: [STRACE] v=1 pid=3969863 tid=3969863 inv=1 hid=4e691a1ac652a1b3 depth=3 name=chip.run.runner_run.device_wall.arena_wire ts=54052 dur=15389 clk=dev
[mono_ns=83743468991708][T0x76bbe1aa8740][TIMING] emit_host_span: [STRACE] v=1 pid=3969863 tid=3969863 inv=1 hid=4e691a1ac652a1b3 depth=3 name=chip.run.runner_run.device_wall.sm_reset ts=69478 dur=41311 clk=dev
[mono_ns=83743468992840][T0x76bbe1aa8740][TIMING] emit_host_span: [STRACE] v=1 pid=3969863 tid=3969863 inv=1 hid=4e691a1ac652a1b3 depth=3 name=chip.run.runner_run.device_wall.post_orch ts=1279921 dur=9899 clk=dev
[mono_ns=83743468993992][T0x76bbe1aa8740][TIMING] emit_host_span: [STRACE] v=1 pid=3969863 tid=3969863 inv=1 hid=4e691a1ac652a1b3 depth=3 name=chip.run.runner_run.device_wall.orch ts=112556 dur=476878 clk=dev
[mono_ns=83743468995144][T0x76bbe1aa8740][TIMING] emit_host_span: [STRACE] v=1 pid=3969863 tid=3969863 inv=1 hid=4e691a1ac652a1b3 depth=3 name=chip.run.runner_run.device_wall.sched ts=310686 dur=947130 clk=dev
[mono_ns=83743468997016][T0x76bbe1aa8740][TIMING] emit_host_span: [STRACE] v=1 pid=3969863 tid=3969863 inv=1 hid=4e691a1ac652a1b3 depth=1 name=chip.run.claim_release ts=83743468996225 dur=471 
[mono_ns=83743468998849][T0x76bbe1aa8740][TIMING] emit_host_span: [STRACE] v=1 pid=3969863 tid=3969863 inv=1 hid=4e691a1ac652a1b3 depth=0 name=chip.run ts=83743391203414 dur=77794874 run_id=0 dispatch_id=0 slot_id=0 generation=1 run_epoch=1
[mono_ns=83743505029869][T0x76bbe1aa8740][TIMING] emit_host_span: [STRACE] v=1 pid=3969863 tid=3969863 inv=2 hid=4e691a1ac652a1b3 depth=2 name=chip.run.bind.args ts=83743469542475 dur=35486693 
[mono_ns=83743505044681][T0x76bbe1aa8740][TIMING] emit_host_span: [STRACE] v=1 pid=3969863 tid=3969863 inv=2 hid=4e691a1ac652a1b3 depth=2 name=chip.run.bind.prebuilt ts=83743505042157 dur=2073 
[mono_ns=83743505046874][T0x76bbe1aa8740][TIMING] emit_host_span: [STRACE] v=1 pid=3969863 tid=3969863 inv=2 hid=4e691a1ac652a1b3 depth=1 name=chip.run.bind ts=83743469537097 dur=35509267 
[mono_ns=83743509764625][T0x76bbe1aa8740][WARN] prepare_execution: [device_runner.cpp:342] AICPU CPU_TOPO unavailable; using json_fallback: soc=Ascend950PR_9579 occupy=0x3e stable_reachable=5 requested=0 effective=5 affinity=[1, 2, 3, 4, 5(orch)]
[mono_ns=83743510993089][T0x76bbe1aa8740][TIMING] emit_host_span: [STRACE] v=1 pid=3969863 tid=3969863 inv=2 hid=4e691a1ac652a1b3 depth=1 name=chip.run.runner_run ts=83743509819257 dur=1173311 
[mono_ns=83743511388352][T0x76bbe1aa8740][TIMING] emit_host_span: [STRACE] v=1 pid=3969863 tid=3969863 inv=2 hid=4e691a1ac652a1b3 depth=1 name=chip.run.validate ts=83743511010986 dur=376916 
[mono_ns=83743511394251][T0x76bbe1aa8740][TIMING] emit_host_span: [STRACE] v=1 pid=3969863 tid=3969863 inv=2 hid=4e691a1ac652a1b3 depth=2 name=chip.run.runner_run.device_wall ts=0 dur=1003149 clk=dev
[mono_ns=83743511395814][T0x76bbe1aa8740][TIMING] emit_host_span: [STRACE] v=1 pid=3969863 tid=3969863 inv=2 hid=4e691a1ac652a1b3 depth=3 name=chip.run.runner_run.device_wall.preamble ts=0 dur=14898 clk=dev
[mono_ns=83743511397105][T0x76bbe1aa8740][TIMING] emit_host_span: [STRACE] v=1 pid=3969863 tid=3969863 inv=2 hid=4e691a1ac652a1b3 depth=3 name=chip.run.runner_run.device_wall.graph_build ts=3406 dur=995571 clk=dev
[mono_ns=83743511398538][T0x76bbe1aa8740][TIMING] emit_host_span: [STRACE] v=1 pid=3969863 tid=3969863 inv=2 hid=4e691a1ac652a1b3 depth=3 name=chip.run.runner_run.device_wall.config_validate ts=3589 dur=1947 clk=dev
[mono_ns=83743511400921][T0x76bbe1aa8740][TIMING] emit_host_span: [STRACE] v=1 pid=3969863 tid=3969863 inv=2 hid=4e691a1ac652a1b3 depth=3 name=chip.run.runner_run.device_wall.arena_wire ts=5571 dur=3284 clk=dev
[mono_ns=83743511402574][T0x76bbe1aa8740][TIMING] emit_host_span: [STRACE] v=1 pid=3969863 tid=3969863 inv=2 hid=4e691a1ac652a1b3 depth=3 name=chip.run.runner_run.device_wall.sm_reset ts=8942 dur=3545 clk=dev
[mono_ns=83743511403936][T0x76bbe1aa8740][TIMING] emit_host_span: [STRACE] v=1 pid=3969863 tid=3969863 inv=2 hid=4e691a1ac652a1b3 depth=3 name=chip.run.runner_run.device_wall.post_orch ts=999033 dur=3566 clk=dev
[mono_ns=83743511405067][T0x76bbe1aa8740][TIMING] emit_host_span: [STRACE] v=1 pid=3969863 tid=3969863 inv=2 hid=4e691a1ac652a1b3 depth=3 name=chip.run.runner_run.device_wall.orch ts=12549 dur=593606 clk=dev
[mono_ns=83743511406209][T0x76bbe1aa8740][TIMING] emit_host_span: [STRACE] v=1 pid=3969863 tid=3969863 inv=2 hid=4e691a1ac652a1b3 depth=3 name=chip.run.runner_run.device_wall.sched ts=14521 dur=970908 clk=dev
[mono_ns=83743511407581][T0x76bbe1aa8740][TIMING] emit_host_span: [STRACE] v=1 pid=3969863 tid=3969863 inv=2 hid=4e691a1ac652a1b3 depth=1 name=chip.run.claim_release ts=83743511407221 dur=90 
[mono_ns=83743511409093][T0x76bbe1aa8740][TIMING] emit_host_span: [STRACE] v=1 pid=3969863 tid=3969863 inv=2 hid=4e691a1ac652a1b3 depth=0 name=chip.run ts=83743469531579 dur=41877204 run_id=0 dispatch_id=0 slot_id=0 generation=2 run_epoch=2
[mono_ns=83743541986738][T0x76bbe1aa8740][TIMING] emit_host_span: [STRACE] v=1 pid=3969863 tid=3969863 inv=3 hid=4e691a1ac652a1b3 depth=2 name=chip.run.bind.args ts=83743511710586 dur=30275231 
[mono_ns=83743541996683][T0x76bbe1aa8740][TIMING] emit_host_span: [STRACE] v=1 pid=3969863 tid=3969863 inv=3 hid=4e691a1ac652a1b3 depth=2 name=chip.run.bind.prebuilt ts=83743541994880 dur=1372 
[mono_ns=83743541998265][T0x76bbe1aa8740][TIMING] emit_host_span: [STRACE] v=1 pid=3969863 tid=3969863 inv=3 hid=4e691a1ac652a1b3 depth=1 name=chip.run.bind ts=83743511708273 dur=30289722 
[mono_ns=83743546601615][T0x76bbe1aa8740][WARN] prepare_execution: [device_runner.cpp:342] AICPU CPU_TOPO unavailable; using json_fallback: soc=Ascend950PR_9579 occupy=0x3e stable_reachable=5 requested=0 effective=5 affinity=[1, 2, 3, 4, 5(orch)]
[mono_ns=83743547773193][T0x76bbe1aa8740][TIMING] emit_host_span: [STRACE] v=1 pid=3969863 tid=3969863 inv=3 hid=4e691a1ac652a1b3 depth=1 name=chip.run.runner_run ts=83743546652531 dur=1120161 
[mono_ns=83743548112372][T0x76bbe1aa8740][TIMING] emit_host_span: [STRACE] v=1 pid=3969863 tid=3969863 inv=3 hid=4e691a1ac652a1b3 depth=1 name=chip.run.validate ts=83743547780103 dur=331899 
[mono_ns=83743548117470][T0x76bbe1aa8740][TIMING] emit_host_span: [STRACE] v=1 pid=3969863 tid=3969863 inv=3 hid=4e691a1ac652a1b3 depth=2 name=chip.run.runner_run.device_wall ts=0 dur=978144 clk=dev
[mono_ns=83743548119072][T0x76bbe1aa8740][TIMING] emit_host_span: [STRACE] v=1 pid=3969863 tid=3969863 inv=3 hid=4e691a1ac652a1b3 depth=3 name=chip.run.runner_run.device_wall.preamble ts=0 dur=12961 clk=dev
[mono_ns=83743548120314][T0x76bbe1aa8740][TIMING] emit_host_span: [STRACE] v=1 pid=3969863 tid=3969863 inv=3 hid=4e691a1ac652a1b3 depth=3 name=chip.run.runner_run.device_wall.graph_build ts=2526 dur=970645 clk=dev
[mono_ns=83743548121476][T0x76bbe1aa8740][TIMING] emit_host_span: [STRACE] v=1 pid=3969863 tid=3969863 inv=3 hid=4e691a1ac652a1b3 depth=3 name=chip.run.runner_run.device_wall.config_validate ts=2981 dur=1719 clk=dev
[mono_ns=83743548122868][T0x76bbe1aa8740][TIMING] emit_host_span: [STRACE] v=1 pid=3969863 tid=3969863 inv=3 hid=4e691a1ac652a1b3 depth=3 name=chip.run.runner_run.device_wall.arena_wire ts=4724 dur=3018 clk=dev
[mono_ns=83743548124741][T0x76bbe1aa8740][TIMING] emit_host_span: [STRACE] v=1 pid=3969863 tid=3969863 inv=3 hid=4e691a1ac652a1b3 depth=3 name=chip.run.runner_run.device_wall.sm_reset ts=7774 dur=3015 clk=dev
[mono_ns=83743548125983][T0x76bbe1aa8740][TIMING] emit_host_span: [STRACE] v=1 pid=3969863 tid=3969863 inv=3 hid=4e691a1ac652a1b3 depth=3 name=chip.run.runner_run.device_wall.post_orch ts=973211 dur=4640 clk=dev
[mono_ns=83743548127144][T0x76bbe1aa8740][TIMING] emit_host_span: [STRACE] v=1 pid=3969863 tid=3969863 inv=3 hid=4e691a1ac652a1b3 depth=3 name=chip.run.runner_run.device_wall.orch ts=11184 dur=600269 clk=dev
[mono_ns=83743548128286][T0x76bbe1aa8740][TIMING] emit_host_span: [STRACE] v=1 pid=3969863 tid=3969863 inv=3 hid=4e691a1ac652a1b3 depth=3 name=chip.run.runner_run.device_wall.sched ts=12743 dur=945929 clk=dev
[mono_ns=83743548129678][T0x76bbe1aa8740][TIMING] emit_host_span: [STRACE] v=1 pid=3969863 tid=3969863 inv=3 hid=4e691a1ac652a1b3 depth=1 name=chip.run.claim_release ts=83743548129318 dur=60 
[mono_ns=83743548131170][T0x76bbe1aa8740][TIMING] emit_host_span: [STRACE] v=1 pid=3969863 tid=3969863 inv=3 hid=4e691a1ac652a1b3 depth=0 name=chip.run ts=83743511705599 dur=36425261 run_id=0 dispatch_id=0 slot_id=0 generation=3 run_epoch=3
[mono_ns=83743577108643][T0x76bbe1aa8740][TIMING] emit_host_span: [STRACE] v=1 pid=3969863 tid=3969863 inv=4 hid=4e691a1ac652a1b3 depth=2 name=chip.run.bind.args ts=83743548373774 dur=28734378 
[mono_ns=83743577118508][T0x76bbe1aa8740][TIMING] emit_host_span: [STRACE] v=1 pid=3969863 tid=3969863 inv=4 hid=4e691a1ac652a1b3 depth=2 name=chip.run.bind.prebuilt ts=83743577116645 dur=1482 
[mono_ns=83743577120191][T0x76bbe1aa8740][TIMING] emit_host_span: [STRACE] v=1 pid=3969863 tid=3969863 inv=4 hid=4e691a1ac652a1b3 depth=1 name=chip.run.bind ts=83743548371621 dur=28748309 
[mono_ns=83743581648397][T0x76bbe1aa8740][WARN] prepare_execution: [device_runner.cpp:342] AICPU CPU_TOPO unavailable; using json_fallback: soc=Ascend950PR_9579 occupy=0x3e stable_reachable=5 requested=0 effective=5 affinity=[1, 2, 3, 4, 5(orch)]
[mono_ns=83743582812414][T0x76bbe1aa8740][TIMING] emit_host_span: [STRACE] v=1 pid=3969863 tid=3969863 inv=4 hid=4e691a1ac652a1b3 depth=1 name=chip.run.runner_run ts=83743581702158 dur=1109755 
[mono_ns=83743583163952][T0x76bbe1aa8740][TIMING] emit_host_span: [STRACE] v=1 pid=3969863 tid=3969863 inv=4 hid=4e691a1ac652a1b3 depth=1 name=chip.run.validate ts=83743582819675 dur=343876 
[mono_ns=83743583174648][T0x76bbe1aa8740][TIMING] emit_host_span: [STRACE] v=1 pid=3969863 tid=3969863 inv=4 hid=4e691a1ac652a1b3 depth=2 name=chip.run.runner_run.device_wall ts=0 dur=972316 clk=dev
[mono_ns=83743583176040][T0x76bbe1aa8740][TIMING] emit_host_span: [STRACE] v=1 pid=3969863 tid=3969863 inv=4 hid=4e691a1ac652a1b3 depth=3 name=chip.run.runner_run.device_wall.preamble ts=0 dur=14924 clk=dev
[mono_ns=83743583177322][T0x76bbe1aa8740][TIMING] emit_host_span: [STRACE] v=1 pid=3969863 tid=3969863 inv=4 hid=4e691a1ac652a1b3 depth=3 name=chip.run.runner_run.device_wall.graph_build ts=4933 dur=963170 clk=dev
[mono_ns=83743583178494][T0x76bbe1aa8740][TIMING] emit_host_span: [STRACE] v=1 pid=3969863 tid=3969863 inv=4 hid=4e691a1ac652a1b3 depth=3 name=chip.run.runner_run.device_wall.config_validate ts=5062 dur=1509 clk=dev
[mono_ns=83743583179605][T0x76bbe1aa8740][TIMING] emit_host_span: [STRACE] v=1 pid=3969863 tid=3969863 inv=4 hid=4e691a1ac652a1b3 depth=3 name=chip.run.runner_run.device_wall.arena_wire ts=6601 dur=3045 clk=dev
[mono_ns=83743583182289][T0x76bbe1aa8740][TIMING] emit_host_span: [STRACE] v=1 pid=3969863 tid=3969863 inv=4 hid=4e691a1ac652a1b3 depth=3 name=chip.run.runner_run.device_wall.sm_reset ts=9674 dur=3148 clk=dev
[mono_ns=83743583184162][T0x76bbe1aa8740][TIMING] emit_host_span: [STRACE] v=1 pid=3969863 tid=3969863 inv=4 hid=4e691a1ac652a1b3 depth=3 name=chip.run.runner_run.device_wall.post_orch ts=968164 dur=3970 clk=dev
[mono_ns=83743583185424][T0x76bbe1aa8740][TIMING] emit_host_span: [STRACE] v=1 pid=3969863 tid=3969863 inv=4 hid=4e691a1ac652a1b3 depth=3 name=chip.run.runner_run.device_wall.orch ts=12907 dur=596106 clk=dev
[mono_ns=83743583186556][T0x76bbe1aa8740][TIMING] emit_host_span: [STRACE] v=1 pid=3969863 tid=3969863 inv=4 hid=4e691a1ac652a1b3 depth=3 name=chip.run.runner_run.device_wall.sched ts=14498 dur=941985 clk=dev
[mono_ns=83743583187878][T0x76bbe1aa8740][TIMING] emit_host_span: [STRACE] v=1 pid=3969863 tid=3969863 inv=4 hid=4e691a1ac652a1b3 depth=1 name=chip.run.claim_release ts=83743583187537 dur=50 
[mono_ns=83743583189260][T0x76bbe1aa8740][TIMING] emit_host_span: [STRACE] v=1 pid=3969863 tid=3969863 inv=4 hid=4e691a1ac652a1b3 depth=0 name=chip.run ts=83743548369418 dur=34819561 run_id=0 dispatch_id=0 slot_id=0 generation=4 run_epoch=4
[mono_ns=83743611787864][T0x76bbe1aa8740][TIMING] emit_host_span: [STRACE] v=1 pid=3969863 tid=3969863 inv=5 hid=4e691a1ac652a1b3 depth=2 name=chip.run.bind.args ts=83743583410782 dur=28376701 
[mono_ns=83743611797218][T0x76bbe1aa8740][TIMING] emit_host_span: [STRACE] v=1 pid=3969863 tid=3969863 inv=5 hid=4e691a1ac652a1b3 depth=2 name=chip.run.bind.prebuilt ts=83743611796026 dur=922 
[mono_ns=83743611798870][T0x76bbe1aa8740][TIMING] emit_host_span: [STRACE] v=1 pid=3969863 tid=3969863 inv=5 hid=4e691a1ac652a1b3 depth=1 name=chip.run.bind ts=83743583409270 dur=28389350 
[mono_ns=83743616339075][T0x76bbe1aa8740][WARN] prepare_execution: [device_runner.cpp:342] AICPU CPU_TOPO unavailable; using json_fallback: soc=Ascend950PR_9579 occupy=0x3e stable_reachable=5 requested=0 effective=5 affinity=[1, 2, 3, 4, 5(orch)]
[mono_ns=83743617509121][T0x76bbe1aa8740][TIMING] emit_host_span: [STRACE] v=1 pid=3969863 tid=3969863 inv=5 hid=4e691a1ac652a1b3 depth=1 name=chip.run.runner_run ts=83743616390702 dur=1117858 
[mono_ns=83743617843703][T0x76bbe1aa8740][TIMING] emit_host_span: [STRACE] v=1 pid=3969863 tid=3969863 inv=5 hid=4e691a1ac652a1b3 depth=1 name=chip.run.validate ts=83743617516783 dur=326620 
[mono_ns=83743617848611][T0x76bbe1aa8740][TIMING] emit_host_span: [STRACE] v=1 pid=3969863 tid=3969863 inv=5 hid=4e691a1ac652a1b3 depth=2 name=chip.run.runner_run.device_wall ts=0 dur=988313 clk=dev
[mono_ns=83743617850113][T0x76bbe1aa8740][TIMING] emit_host_span: [STRACE] v=1 pid=3969863 tid=3969863 inv=5 hid=4e691a1ac652a1b3 depth=3 name=chip.run.runner_run.device_wall.preamble ts=0 dur=15362 clk=dev
[mono_ns=83743617851315][T0x76bbe1aa8740][TIMING] emit_host_span: [STRACE] v=1 pid=3969863 tid=3969863 inv=5 hid=4e691a1ac652a1b3 depth=3 name=chip.run.runner_run.device_wall.graph_build ts=4627 dur=978378 clk=dev
[mono_ns=83743617856913][T0x76bbe1aa8740][TIMING] emit_host_span: [STRACE] v=1 pid=3969863 tid=3969863 inv=5 hid=4e691a1ac652a1b3 depth=3 name=chip.run.runner_run.device_wall.config_validate ts=4984 dur=1349 clk=dev
[mono_ns=83743617858235][T0x76bbe1aa8740][TIMING] emit_host_span: [STRACE] v=1 pid=3969863 tid=3969863 inv=5 hid=4e691a1ac652a1b3 depth=3 name=chip.run.runner_run.device_wall.arena_wire ts=6365 dur=2048 clk=dev
[mono_ns=83743617859377][T0x76bbe1aa8740][TIMING] emit_host_span: [STRACE] v=1 pid=3969863 tid=3969863 inv=5 hid=4e691a1ac652a1b3 depth=3 name=chip.run.runner_run.device_wall.sm_reset ts=8443 dur=2509 clk=dev
[mono_ns=83743617860488][T0x76bbe1aa8740][TIMING] emit_host_span: [STRACE] v=1 pid=3969863 tid=3969863 inv=5 hid=4e691a1ac652a1b3 depth=3 name=chip.run.runner_run.device_wall.post_orch ts=983046 dur=4580 clk=dev
[mono_ns=83743617861640][T0x76bbe1aa8740][TIMING] emit_host_span: [STRACE] v=1 pid=3969863 tid=3969863 inv=5 hid=4e691a1ac652a1b3 depth=3 name=chip.run.runner_run.device_wall.orch ts=11055 dur=605862 clk=dev
[mono_ns=83743617862782][T0x76bbe1aa8740][TIMING] emit_host_span: [STRACE] v=1 pid=3969863 tid=3969863 inv=5 hid=4e691a1ac652a1b3 depth=3 name=chip.run.runner_run.device_wall.sched ts=15048 dur=955227 clk=dev
[mono_ns=83743617864104][T0x76bbe1aa8740][TIMING] emit_host_span: [STRACE] v=1 pid=3969863 tid=3969863 inv=5 hid=4e691a1ac652a1b3 depth=1 name=chip.run.claim_release ts=83743617863793 dur=40 
[mono_ns=83743617865456][T0x76bbe1aa8740][TIMING] emit_host_span: [STRACE] v=1 pid=3969863 tid=3969863 inv=5 hid=4e691a1ac652a1b3 depth=0 name=chip.run ts=83743583407397 dur=34457728 run_id=0 dispatch_id=0 slot_id=0 generation=5 run_epoch=5
[mono_ns=83743644510318][T0x76bbe1aa8740][TIMING] emit_host_span: [STRACE] v=1 pid=3969863 tid=3969863 inv=6 hid=4e691a1ac652a1b3 depth=2 name=chip.run.bind.args ts=83743618118426 dur=26391481 
[mono_ns=83743644520102][T0x76bbe1aa8740][TIMING] emit_host_span: [STRACE] v=1 pid=3969863 tid=3969863 inv=6 hid=4e691a1ac652a1b3 depth=2 name=chip.run.bind.prebuilt ts=83743644518780 dur=1022 
[mono_ns=83743644521715][T0x76bbe1aa8740][TIMING] emit_host_span: [STRACE] v=1 pid=3969863 tid=3969863 inv=6 hid=4e691a1ac652a1b3 depth=1 name=chip.run.bind ts=83743618117064 dur=26404390 
[mono_ns=83743649041218][T0x76bbe1aa8740][WARN] prepare_execution: [device_runner.cpp:342] AICPU CPU_TOPO unavailable; using json_fallback: soc=Ascend950PR_9579 occupy=0x3e stable_reachable=5 requested=0 effective=5 affinity=[1, 2, 3, 4, 5(orch)]
[mono_ns=83743650271595][T0x76bbe1aa8740][TIMING] emit_host_span: [STRACE] v=1 pid=3969863 tid=3969863 inv=6 hid=4e691a1ac652a1b3 depth=1 name=chip.run.runner_run ts=83743649092986 dur=1177998 
[mono_ns=83743650562632][T0x76bbe1aa8740][TIMING] emit_host_span: [STRACE] v=1 pid=3969863 tid=3969863 inv=6 hid=4e691a1ac652a1b3 depth=1 name=chip.run.validate ts=83743650278676 dur=283605 
[mono_ns=83743650567138][T0x76bbe1aa8740][TIMING] emit_host_span: [STRACE] v=1 pid=3969863 tid=3969863 inv=6 hid=4e691a1ac652a1b3 depth=2 name=chip.run.runner_run.device_wall ts=0 dur=1051145 clk=dev
[mono_ns=83743650568791][T0x76bbe1aa8740][TIMING] emit_host_span: [STRACE] v=1 pid=3969863 tid=3969863 inv=6 hid=4e691a1ac652a1b3 depth=3 name=chip.run.runner_run.device_wall.preamble ts=0 dur=13360 clk=dev
[mono_ns=83743650569983][T0x76bbe1aa8740][TIMING] emit_host_span: [STRACE] v=1 pid=3969863 tid=3969863 inv=6 hid=4e691a1ac652a1b3 depth=3 name=chip.run.runner_run.device_wall.graph_build ts=4114 dur=1042098 clk=dev
[mono_ns=83743650571355][T0x76bbe1aa8740][TIMING] emit_host_span: [STRACE] v=1 pid=3969863 tid=3969863 inv=6 hid=4e691a1ac652a1b3 depth=3 name=chip.run.runner_run.device_wall.config_validate ts=4449 dur=1758 clk=dev
[mono_ns=83743650573688][T0x76bbe1aa8740][TIMING] emit_host_span: [STRACE] v=1 pid=3969863 tid=3969863 inv=6 hid=4e691a1ac652a1b3 depth=3 name=chip.run.runner_run.device_wall.arena_wire ts=6231 dur=1849 clk=dev
[mono_ns=83743650578646][T0x76bbe1aa8740][TIMING] emit_host_span: [STRACE] v=1 pid=3969863 tid=3969863 inv=6 hid=4e691a1ac652a1b3 depth=3 name=chip.run.runner_run.device_wall.sm_reset ts=8107 dur=2669 clk=dev
[mono_ns=83743650579858][T0x76bbe1aa8740][TIMING] emit_host_span: [STRACE] v=1 pid=3969863 tid=3969863 inv=6 hid=4e691a1ac652a1b3 depth=3 name=chip.run.runner_run.device_wall.post_orch ts=1046250 dur=4088 clk=dev
[mono_ns=83743650581029][T0x76bbe1aa8740][TIMING] emit_host_span: [STRACE] v=1 pid=3969863 tid=3969863 inv=6 hid=4e691a1ac652a1b3 depth=3 name=chip.run.runner_run.device_wall.orch ts=10806 dur=602076 clk=dev
[mono_ns=83743650582171][T0x76bbe1aa8740][TIMING] emit_host_span: [STRACE] v=1 pid=3969863 tid=3969863 inv=6 hid=4e691a1ac652a1b3 depth=3 name=chip.run.runner_run.device_wall.sched ts=12996 dur=1018676 clk=dev
[mono_ns=83743650583513][T0x76bbe1aa8740][TIMING] emit_host_span: [STRACE] v=1 pid=3969863 tid=3969863 inv=6 hid=4e691a1ac652a1b3 depth=1 name=chip.run.claim_release ts=83743650583183 dur=50 
[mono_ns=83743650584855][T0x76bbe1aa8740][TIMING] emit_host_span: [STRACE] v=1 pid=3969863 tid=3969863 inv=6 hid=4e691a1ac652a1b3 depth=0 name=chip.run ts=83743618115071 dur=32469494 run_id=0 dispatch_id=0 slot_id=0 generation=6 run_epoch=6
[mono_ns=83743678436218][T0x76bbe1aa8740][TIMING] emit_host_span: [STRACE] v=1 pid=3969863 tid=3969863 inv=7 hid=4e691a1ac652a1b3 depth=2 name=chip.run.bind.args ts=83743650785787 dur=27650020 
[mono_ns=83743678445151][T0x76bbe1aa8740][TIMING] emit_host_span: [STRACE] v=1 pid=3969863 tid=3969863 inv=7 hid=4e691a1ac652a1b3 depth=2 name=chip.run.bind.prebuilt ts=83743678443769 dur=1112 
[mono_ns=83743678446713][T0x76bbe1aa8740][TIMING] emit_host_span: [STRACE] v=1 pid=3969863 tid=3969863 inv=7 hid=4e691a1ac652a1b3 depth=1 name=chip.run.bind ts=83743650784685 dur=27661768 
[mono_ns=83743682998155][T0x76bbe1aa8740][WARN] prepare_execution: [device_runner.cpp:342] AICPU CPU_TOPO unavailable; using json_fallback: soc=Ascend950PR_9579 occupy=0x3e stable_reachable=5 requested=0 effective=5 affinity=[1, 2, 3, 4, 5(orch)]
[mono_ns=83743684138977][T0x76bbe1aa8740][TIMING] emit_host_span: [STRACE] v=1 pid=3969863 tid=3969863 inv=7 hid=4e691a1ac652a1b3 depth=1 name=chip.run.runner_run ts=83743683056392 dur=1082094 
[mono_ns=83743684481431][T0x76bbe1aa8740][TIMING] emit_host_span: [STRACE] v=1 pid=3969863 tid=3969863 inv=7 hid=4e691a1ac652a1b3 depth=1 name=chip.run.validate ts=83743684145797 dur=335354 
[mono_ns=83743684486088][T0x76bbe1aa8740][TIMING] emit_host_span: [STRACE] v=1 pid=3969863 tid=3969863 inv=7 hid=4e691a1ac652a1b3 depth=2 name=chip.run.runner_run.device_wall ts=0 dur=963748 clk=dev
[mono_ns=83743684487801][T0x76bbe1aa8740][TIMING] emit_host_span: [STRACE] v=1 pid=3969863 tid=3969863 inv=7 hid=4e691a1ac652a1b3 depth=3 name=chip.run.runner_run.device_wall.preamble ts=0 dur=11999 clk=dev
[mono_ns=83743684489093][T0x76bbe1aa8740][TIMING] emit_host_span: [STRACE] v=1 pid=3969863 tid=3969863 inv=7 hid=4e691a1ac652a1b3 depth=3 name=chip.run.runner_run.device_wall.graph_build ts=2454 dur=956451 clk=dev
[mono_ns=83743684490264][T0x76bbe1aa8740][TIMING] emit_host_span: [STRACE] v=1 pid=3969863 tid=3969863 inv=7 hid=4e691a1ac652a1b3 depth=3 name=chip.run.runner_run.device_wall.config_validate ts=2631 dur=960 clk=dev
[mono_ns=83743684491687][T0x76bbe1aa8740][TIMING] emit_host_span: [STRACE] v=1 pid=3969863 tid=3969863 inv=7 hid=4e691a1ac652a1b3 depth=3 name=chip.run.runner_run.device_wall.arena_wire ts=3670 dur=2484 clk=dev
[mono_ns=83743684493339][T0x76bbe1aa8740][TIMING] emit_host_span: [STRACE] v=1 pid=3969863 tid=3969863 inv=7 hid=4e691a1ac652a1b3 depth=3 name=chip.run.runner_run.device_wall.sm_reset ts=6182 dur=3079 clk=dev
[mono_ns=83743684494801][T0x76bbe1aa8740][TIMING] emit_host_span: [STRACE] v=1 pid=3969863 tid=3969863 inv=7 hid=4e691a1ac652a1b3 depth=3 name=chip.run.runner_run.device_wall.post_orch ts=958952 dur=4436 clk=dev
[mono_ns=83743684495933][T0x76bbe1aa8740][TIMING] emit_host_span: [STRACE] v=1 pid=3969863 tid=3969863 inv=7 hid=4e691a1ac652a1b3 depth=3 name=chip.run.runner_run.device_wall.orch ts=9354 dur=588113 clk=dev
[mono_ns=83743684500269][T0x76bbe1aa8740][TIMING] emit_host_span: [STRACE] v=1 pid=3969863 tid=3969863 inv=7 hid=4e691a1ac652a1b3 depth=3 name=chip.run.runner_run.device_wall.sched ts=11379 dur=933589 clk=dev
[mono_ns=83743684501682][T0x76bbe1aa8740][TIMING] emit_host_span: [STRACE] v=1 pid=3969863 tid=3969863 inv=7 hid=4e691a1ac652a1b3 depth=1 name=chip.run.claim_release ts=83743684501331 dur=70 
[mono_ns=83743684502973][T0x76bbe1aa8740][TIMING] emit_host_span: [STRACE] v=1 pid=3969863 tid=3969863 inv=7 hid=4e691a1ac652a1b3 depth=0 name=chip.run ts=83743650782622 dur=33720071 run_id=0 dispatch_id=0 slot_id=0 generation=7 run_epoch=7
[mono_ns=83743712808978][T0x76bbe1aa8740][TIMING] emit_host_span: [STRACE] v=1 pid=3969863 tid=3969863 inv=8 hid=4e691a1ac652a1b3 depth=2 name=chip.run.bind.args ts=83743684705267 dur=28103050 
[mono_ns=83743712818443][T0x76bbe1aa8740][TIMING] emit_host_span: [STRACE] v=1 pid=3969863 tid=3969863 inv=8 hid=4e691a1ac652a1b3 depth=2 name=chip.run.bind.prebuilt ts=83743712817201 dur=971 
[mono_ns=83743712820215][T0x76bbe1aa8740][TIMING] emit_host_span: [STRACE] v=1 pid=3969863 tid=3969863 inv=8 hid=4e691a1ac652a1b3 depth=1 name=chip.run.bind ts=83743684704135 dur=28115840 
[mono_ns=83743717313339][T0x76bbe1aa8740][WARN] prepare_execution: [device_runner.cpp:342] AICPU CPU_TOPO unavailable; using json_fallback: soc=Ascend950PR_9579 occupy=0x3e stable_reachable=5 requested=0 effective=5 affinity=[1, 2, 3, 4, 5(orch)]
[mono_ns=83743718522905][T0x76bbe1aa8740][TIMING] emit_host_span: [STRACE] v=1 pid=3969863 tid=3969863 inv=8 hid=4e691a1ac652a1b3 depth=1 name=chip.run.runner_run ts=83743717361762 dur=1160682 
[mono_ns=83743718869395][T0x76bbe1aa8740][TIMING] emit_host_span: [STRACE] v=1 pid=3969863 tid=3969863 inv=8 hid=4e691a1ac652a1b3 depth=1 name=chip.run.validate ts=83743718529605 dur=339479 
[mono_ns=83743718873861][T0x76bbe1aa8740][TIMING] emit_host_span: [STRACE] v=1 pid=3969863 tid=3969863 inv=8 hid=4e691a1ac652a1b3 depth=2 name=chip.run.runner_run.device_wall ts=0 dur=1037433 clk=dev
[mono_ns=83743718875434][T0x76bbe1aa8740][TIMING] emit_host_span: [STRACE] v=1 pid=3969863 tid=3969863 inv=8 hid=4e691a1ac652a1b3 depth=3 name=chip.run.runner_run.device_wall.preamble ts=0 dur=15461 clk=dev
[mono_ns=83743718876636][T0x76bbe1aa8740][TIMING] emit_host_span: [STRACE] v=1 pid=3969863 tid=3969863 inv=8 hid=4e691a1ac652a1b3 depth=3 name=chip.run.runner_run.device_wall.graph_build ts=6085 dur=1025478 clk=dev
[mono_ns=83743718877817][T0x76bbe1aa8740][TIMING] emit_host_span: [STRACE] v=1 pid=3969863 tid=3969863 inv=8 hid=4e691a1ac652a1b3 depth=3 name=chip.run.runner_run.device_wall.config_validate ts=6394 dur=1312 clk=dev
[mono_ns=83743718879259][T0x76bbe1aa8740][TIMING] emit_host_span: [STRACE] v=1 pid=3969863 tid=3969863 inv=8 hid=4e691a1ac652a1b3 depth=3 name=chip.run.runner_run.device_wall.arena_wire ts=7727 dur=2091 clk=dev
[mono_ns=83743718881623][T0x76bbe1aa8740][TIMING] emit_host_span: [STRACE] v=1 pid=3969863 tid=3969863 inv=8 hid=4e691a1ac652a1b3 depth=3 name=chip.run.runner_run.device_wall.sm_reset ts=9840 dur=2702 clk=dev
[mono_ns=83743718883075][T0x76bbe1aa8740][TIMING] emit_host_span: [STRACE] v=1 pid=3969863 tid=3969863 inv=8 hid=4e691a1ac652a1b3 depth=3 name=chip.run.runner_run.device_wall.post_orch ts=1031584 dur=5505 clk=dev
[mono_ns=83743718884277][T0x76bbe1aa8740][TIMING] emit_host_span: [STRACE] v=1 pid=3969863 tid=3969863 inv=8 hid=4e691a1ac652a1b3 depth=3 name=chip.run.runner_run.device_wall.orch ts=12581 dur=607747 clk=dev
[mono_ns=83743718885419][T0x76bbe1aa8740][TIMING] emit_host_span: [STRACE] v=1 pid=3969863 tid=3969863 inv=8 hid=4e691a1ac652a1b3 depth=3 name=chip.run.runner_run.device_wall.sched ts=14982 dur=1004031 clk=dev
[mono_ns=83743718886761][T0x76bbe1aa8740][TIMING] emit_host_span: [STRACE] v=1 pid=3969863 tid=3969863 inv=8 hid=4e691a1ac652a1b3 depth=1 name=chip.run.claim_release ts=83743718886440 dur=60 
[mono_ns=83743718888063][T0x76bbe1aa8740][TIMING] emit_host_span: [STRACE] v=1 pid=3969863 tid=3969863 inv=8 hid=4e691a1ac652a1b3 depth=0 name=chip.run ts=83743684701942 dur=34185840 run_id=0 dispatch_id=0 slot_id=0 generation=8 run_epoch=8
[mono_ns=83743746383752][T0x76bbe1aa8740][TIMING] emit_host_span: [STRACE] v=1 pid=3969863 tid=3969863 inv=9 hid=4e691a1ac652a1b3 depth=2 name=chip.run.bind.args ts=83743719121723 dur=27261598 
[mono_ns=83743746393456][T0x76bbe1aa8740][TIMING] emit_host_span: [STRACE] v=1 pid=3969863 tid=3969863 inv=9 hid=4e691a1ac652a1b3 depth=2 name=chip.run.bind.prebuilt ts=83743746392084 dur=961 
[mono_ns=83743746395099][T0x76bbe1aa8740][TIMING] emit_host_span: [STRACE] v=1 pid=3969863 tid=3969863 inv=9 hid=4e691a1ac652a1b3 depth=1 name=chip.run.bind ts=83743719120522 dur=27274316 
[mono_ns=83743750909604][T0x76bbe1aa8740][WARN] prepare_execution: [device_runner.cpp:342] AICPU CPU_TOPO unavailable; using json_fallback: soc=Ascend950PR_9579 occupy=0x3e stable_reachable=5 requested=0 effective=5 affinity=[1, 2, 3, 4, 5(orch)]
[mono_ns=83743752136776][T0x76bbe1aa8740][TIMING] emit_host_span: [STRACE] v=1 pid=3969863 tid=3969863 inv=9 hid=4e691a1ac652a1b3 depth=1 name=chip.run.runner_run ts=83743750960311 dur=1176085 
[mono_ns=83743752479941][T0x76bbe1aa8740][TIMING] emit_host_span: [STRACE] v=1 pid=3969863 tid=3969863 inv=9 hid=4e691a1ac652a1b3 depth=1 name=chip.run.validate ts=83743752145369 dur=334272 
[mono_ns=83743752484568][T0x76bbe1aa8740][TIMING] emit_host_span: [STRACE] v=1 pid=3969863 tid=3969863 inv=9 hid=4e691a1ac652a1b3 depth=2 name=chip.run.runner_run.device_wall ts=0 dur=1055025 clk=dev
[mono_ns=83743752485930][T0x76bbe1aa8740][TIMING] emit_host_span: [STRACE] v=1 pid=3969863 tid=3969863 inv=9 hid=4e691a1ac652a1b3 depth=3 name=chip.run.runner_run.device_wall.preamble ts=0 dur=13680 clk=dev
[mono_ns=83743752487132][T0x76bbe1aa8740][TIMING] emit_host_span: [STRACE] v=1 pid=3969863 tid=3969863 inv=9 hid=4e691a1ac652a1b3 depth=3 name=chip.run.runner_run.device_wall.graph_build ts=4065 dur=1046089 clk=dev
[mono_ns=83743752488384][T0x76bbe1aa8740][TIMING] emit_host_span: [STRACE] v=1 pid=3969863 tid=3969863 inv=9 hid=4e691a1ac652a1b3 depth=3 name=chip.run.runner_run.device_wall.config_validate ts=4394 dur=1093 clk=dev
[mono_ns=83743752489816][T0x76bbe1aa8740][TIMING] emit_host_span: [STRACE] v=1 pid=3969863 tid=3969863 inv=9 hid=4e691a1ac652a1b3 depth=3 name=chip.run.runner_run.device_wall.arena_wire ts=5509 dur=2415 clk=dev
[mono_ns=83743752492090][T0x76bbe1aa8740][TIMING] emit_host_span: [STRACE] v=1 pid=3969863 tid=3969863 inv=9 hid=4e691a1ac652a1b3 depth=3 name=chip.run.runner_run.device_wall.sm_reset ts=7941 dur=3159 clk=dev
[mono_ns=83743752493792][T0x76bbe1aa8740][TIMING] emit_host_span: [STRACE] v=1 pid=3969863 tid=3969863 inv=9 hid=4e691a1ac652a1b3 depth=3 name=chip.run.runner_run.device_wall.post_orch ts=1050186 dur=4435 clk=dev
[mono_ns=83743752495084][T0x76bbe1aa8740][TIMING] emit_host_span: [STRACE] v=1 pid=3969863 tid=3969863 inv=9 hid=4e691a1ac652a1b3 depth=3 name=chip.run.runner_run.device_wall.orch ts=11160 dur=600209 clk=dev
[mono_ns=83743752496216][T0x76bbe1aa8740][TIMING] emit_host_span: [STRACE] v=1 pid=3969863 tid=3969863 inv=9 hid=4e691a1ac652a1b3 depth=3 name=chip.run.runner_run.device_wall.sched ts=13638 dur=1023658 clk=dev
[mono_ns=83743752497538][T0x76bbe1aa8740][TIMING] emit_host_span: [STRACE] v=1 pid=3969863 tid=3969863 inv=9 hid=4e691a1ac652a1b3 depth=1 name=chip.run.claim_release ts=83743752497207 dur=90 
[mono_ns=83743752498870][T0x76bbe1aa8740][TIMING] emit_host_span: [STRACE] v=1 pid=3969863 tid=3969863 inv=9 hid=4e691a1ac652a1b3 depth=0 name=chip.run ts=83743719118679 dur=33379900 run_id=0 dispatch_id=0 slot_id=0 generation=9 run_epoch=9
[mono_ns=83743779717753][T0x76bbe1aa8740][TIMING] emit_host_span: [STRACE] v=1 pid=3969863 tid=3969863 inv=10 hid=4e691a1ac652a1b3 depth=2 name=chip.run.bind.args ts=83743752736406 dur=26980947 
[mono_ns=83743779726927][T0x76bbe1aa8740][TIMING] emit_host_span: [STRACE] v=1 pid=3969863 tid=3969863 inv=10 hid=4e691a1ac652a1b3 depth=2 name=chip.run.bind.prebuilt ts=83743779725595 dur=931 
[mono_ns=83743779728489][T0x76bbe1aa8740][TIMING] emit_host_span: [STRACE] v=1 pid=3969863 tid=3969863 inv=10 hid=4e691a1ac652a1b3 depth=1 name=chip.run.bind ts=83743752735235 dur=26993014 
[mono_ns=83743816816105][T0x76bbe1aa8740][WARN] prepare_execution: [device_runner.cpp:342] AICPU CPU_TOPO unavailable; using json_fallback: soc=Ascend950PR_9579 occupy=0x3e stable_reachable=5 requested=0 effective=5 affinity=[1, 2, 3, 4, 5(orch)]
[mono_ns=83743817930287][T0x76bbe1aa8740][TIMING] emit_host_span: [STRACE] v=1 pid=3969863 tid=3969863 inv=10 hid=4e691a1ac652a1b3 depth=1 name=chip.run.runner_run ts=83743816874102 dur=1055744 
[mono_ns=83743818268565][T0x76bbe1aa8740][TIMING] emit_host_span: [STRACE] v=1 pid=3969863 tid=3969863 inv=10 hid=4e691a1ac652a1b3 depth=1 name=chip.run.validate ts=83743817937428 dur=330716 
[mono_ns=83743818274133][T0x76bbe1aa8740][TIMING] emit_host_span: [STRACE] v=1 pid=3969863 tid=3969863 inv=10 hid=4e691a1ac652a1b3 depth=2 name=chip.run.runner_run.device_wall ts=0 dur=932323 clk=dev
[mono_ns=83743818275756][T0x76bbe1aa8740][TIMING] emit_host_span: [STRACE] v=1 pid=3969863 tid=3969863 inv=10 hid=4e691a1ac652a1b3 depth=3 name=chip.run.runner_run.device_wall.preamble ts=0 dur=12000 clk=dev
[mono_ns=83743818276957][T0x76bbe1aa8740][TIMING] emit_host_span: [STRACE] v=1 pid=3969863 tid=3969863 inv=10 hid=4e691a1ac652a1b3 depth=3 name=chip.run.runner_run.device_wall.graph_build ts=3278 dur=924225 clk=dev
[mono_ns=83743818278159][T0x76bbe1aa8740][TIMING] emit_host_span: [STRACE] v=1 pid=3969863 tid=3969863 inv=10 hid=4e691a1ac652a1b3 depth=3 name=chip.run.runner_run.device_wall.config_validate ts=3679 dur=1139 clk=dev
[mono_ns=83743818279641][T0x76bbe1aa8740][TIMING] emit_host_span: [STRACE] v=1 pid=3969863 tid=3969863 inv=10 hid=4e691a1ac652a1b3 depth=3 name=chip.run.runner_run.device_wall.arena_wire ts=4838 dur=2234 clk=dev
[mono_ns=83743818281224][T0x76bbe1aa8740][TIMING] emit_host_span: [STRACE] v=1 pid=3969863 tid=3969863 inv=10 hid=4e691a1ac652a1b3 depth=3 name=chip.run.runner_run.device_wall.sm_reset ts=7090 dur=3082 clk=dev
[mono_ns=83743818282566][T0x76bbe1aa8740][TIMING] emit_host_span: [STRACE] v=1 pid=3969863 tid=3969863 inv=10 hid=4e691a1ac652a1b3 depth=3 name=chip.run.runner_run.device_wall.post_orch ts=927527 dur=3929 clk=dev
[mono_ns=83743818283748][T0x76bbe1aa8740][TIMING] emit_host_span: [STRACE] v=1 pid=3969863 tid=3969863 inv=10 hid=4e691a1ac652a1b3 depth=3 name=chip.run.runner_run.device_wall.orch ts=10271 dur=605908 clk=dev
[mono_ns=83743818284899][T0x76bbe1aa8740][TIMING] emit_host_span: [STRACE] v=1 pid=3969863 tid=3969863 inv=10 hid=4e691a1ac652a1b3 depth=3 name=chip.run.runner_run.device_wall.sched ts=11965 dur=900002 clk=dev
[mono_ns=83743818286261][T0x76bbe1aa8740][TIMING] emit_host_span: [STRACE] v=1 pid=3969863 tid=3969863 inv=10 hid=4e691a1ac652a1b3 depth=1 name=chip.run.claim_release ts=83743818285911 dur=70 
[mono_ns=83743818287663][T0x76bbe1aa8740][TIMING] emit_host_span: [STRACE] v=1 pid=3969863 tid=3969863 inv=10 hid=4e691a1ac652a1b3 depth=0 name=chip.run ts=83743752733572 dur=65553761 run_id=0 dispatch_id=0 slot_id=0 generation=10 run_epoch=10
[mono_ns=83743846291825][T0x76bbe1aa8740][TIMING] emit_host_span: [STRACE] v=1 pid=3969863 tid=3969863 inv=11 hid=4e691a1ac652a1b3 depth=2 name=chip.run.bind.args ts=83743818514494 dur=27776911 
[mono_ns=83743846301250][T0x76bbe1aa8740][TIMING] emit_host_span: [STRACE] v=1 pid=3969863 tid=3969863 inv=11 hid=4e691a1ac652a1b3 depth=2 name=chip.run.bind.prebuilt ts=83743846299988 dur=951 
[mono_ns=83743846302862][T0x76bbe1aa8740][TIMING] emit_host_span: [STRACE] v=1 pid=3969863 tid=3969863 inv=11 hid=4e691a1ac652a1b3 depth=1 name=chip.run.bind ts=83743818513432 dur=27789130 
[mono_ns=83743855677613][T0x76bbe1aa8740][WARN] prepare_execution: [device_runner.cpp:342] AICPU CPU_TOPO unavailable; using json_fallback: soc=Ascend950PR_9579 occupy=0x3e stable_reachable=5 requested=0 effective=5 affinity=[1, 2, 3, 4, 5(orch)]
[mono_ns=83743856869412][T0x76bbe1aa8740][TIMING] emit_host_span: [STRACE] v=1 pid=3969863 tid=3969863 inv=11 hid=4e691a1ac652a1b3 depth=1 name=chip.run.runner_run ts=83743855727197 dur=1141864 
[mono_ns=83743857204665][T0x76bbe1aa8740][TIMING] emit_host_span: [STRACE] v=1 pid=3969863 tid=3969863 inv=11 hid=4e691a1ac652a1b3 depth=1 name=chip.run.validate ts=83743856880038 dur=324326 
[mono_ns=83743857210353][T0x76bbe1aa8740][TIMING] emit_host_span: [STRACE] v=1 pid=3969863 tid=3969863 inv=11 hid=4e691a1ac652a1b3 depth=2 name=chip.run.runner_run.device_wall ts=0 dur=1006497 clk=dev
[mono_ns=83743857211795][T0x76bbe1aa8740][TIMING] emit_host_span: [STRACE] v=1 pid=3969863 tid=3969863 inv=11 hid=4e691a1ac652a1b3 depth=3 name=chip.run.runner_run.device_wall.preamble ts=0 dur=15170 clk=dev
[mono_ns=83743857212977][T0x76bbe1aa8740][TIMING] emit_host_span: [STRACE] v=1 pid=3969863 tid=3969863 inv=11 hid=4e691a1ac652a1b3 depth=3 name=chip.run.runner_run.device_wall.graph_build ts=3371 dur=998752 clk=dev
[mono_ns=83743857214149][T0x76bbe1aa8740][TIMING] emit_host_span: [STRACE] v=1 pid=3969863 tid=3969863 inv=11 hid=4e691a1ac652a1b3 depth=3 name=chip.run.runner_run.device_wall.config_validate ts=3529 dur=1413 clk=dev
[mono_ns=83743857216122][T0x76bbe1aa8740][TIMING] emit_host_span: [STRACE] v=1 pid=3969863 tid=3969863 inv=11 hid=4e691a1ac652a1b3 depth=3 name=chip.run.runner_run.device_wall.arena_wire ts=4964 dur=2172 clk=dev
[mono_ns=83743857217825][T0x76bbe1aa8740][TIMING] emit_host_span: [STRACE] v=1 pid=3969863 tid=3969863 inv=11 hid=4e691a1ac652a1b3 depth=3 name=chip.run.runner_run.device_wall.sm_reset ts=7157 dur=2673 clk=dev
[mono_ns=83743857219086][T0x76bbe1aa8740][TIMING] emit_host_span: [STRACE] v=1 pid=3969863 tid=3969863 inv=11 hid=4e691a1ac652a1b3 depth=3 name=chip.run.runner_run.device_wall.post_orch ts=1002145 dur=3923 clk=dev
[mono_ns=83743857220228][T0x76bbe1aa8740][TIMING] emit_host_span: [STRACE] v=1 pid=3969863 tid=3969863 inv=11 hid=4e691a1ac652a1b3 depth=3 name=chip.run.runner_run.device_wall.orch ts=10097 dur=614822 clk=dev
[mono_ns=83743857221350][T0x76bbe1aa8740][TIMING] emit_host_span: [STRACE] v=1 pid=3969863 tid=3969863 inv=11 hid=4e691a1ac652a1b3 depth=3 name=chip.run.runner_run.device_wall.sched ts=14597 dur=971828 clk=dev
[mono_ns=83743857222652][T0x76bbe1aa8740][TIMING] emit_host_span: [STRACE] v=1 pid=3969863 tid=3969863 inv=11 hid=4e691a1ac652a1b3 depth=1 name=chip.run.claim_release ts=83743857222341 dur=50 
[mono_ns=83743857224014][T0x76bbe1aa8740][TIMING] emit_host_span: [STRACE] v=1 pid=3969863 tid=3969863 inv=11 hid=4e691a1ac652a1b3 depth=0 name=chip.run ts=83743818511710 dur=38712013 run_id=0 dispatch_id=0 slot_id=0 generation=11 run_epoch=11
[mono_ns=83743885508106][T0x76bbe1aa8740][TIMING] emit_host_span: [STRACE] v=1 pid=3969863 tid=3969863 inv=12 hid=4e691a1ac652a1b3 depth=2 name=chip.run.bind.args ts=83743857437124 dur=28070521 
[mono_ns=83743885517891][T0x76bbe1aa8740][TIMING] emit_host_span: [STRACE] v=1 pid=3969863 tid=3969863 inv=12 hid=4e691a1ac652a1b3 depth=2 name=chip.run.bind.prebuilt ts=83743885516779 dur=821 
[mono_ns=83743885519413][T0x76bbe1aa8740][TIMING] emit_host_span: [STRACE] v=1 pid=3969863 tid=3969863 inv=12 hid=4e691a1ac652a1b3 depth=1 name=chip.run.bind ts=83743857435982 dur=28083181 
[mono_ns=83743890037725][T0x76bbe1aa8740][WARN] prepare_execution: [device_runner.cpp:342] AICPU CPU_TOPO unavailable; using json_fallback: soc=Ascend950PR_9579 occupy=0x3e stable_reachable=5 requested=0 effective=5 affinity=[1, 2, 3, 4, 5(orch)]
[mono_ns=83743891173820][T0x76bbe1aa8740][TIMING] emit_host_span: [STRACE] v=1 pid=3969863 tid=3969863 inv=12 hid=4e691a1ac652a1b3 depth=1 name=chip.run.runner_run ts=83743890087920 dur=1085499 
[mono_ns=83743891519869][T0x76bbe1aa8740][TIMING] emit_host_span: [STRACE] v=1 pid=3969863 tid=3969863 inv=12 hid=4e691a1ac652a1b3 depth=1 name=chip.run.validate ts=83743891181521 dur=337998 
[mono_ns=83743891524436][T0x76bbe1aa8740][TIMING] emit_host_span: [STRACE] v=1 pid=3969863 tid=3969863 inv=12 hid=4e691a1ac652a1b3 depth=2 name=chip.run.runner_run.device_wall ts=0 dur=934531 clk=dev
[mono_ns=83743891525998][T0x76bbe1aa8740][TIMING] emit_host_span: [STRACE] v=1 pid=3969863 tid=3969863 inv=12 hid=4e691a1ac652a1b3 depth=3 name=chip.run.runner_run.device_wall.preamble ts=0 dur=13053 clk=dev
[mono_ns=83743891530745][T0x76bbe1aa8740][TIMING] emit_host_span: [STRACE] v=1 pid=3969863 tid=3969863 inv=12 hid=4e691a1ac652a1b3 depth=3 name=chip.run.runner_run.device_wall.graph_build ts=3332 dur=926226 clk=dev
[mono_ns=83743891532929][T0x76bbe1aa8740][TIMING] emit_host_span: [STRACE] v=1 pid=3969863 tid=3969863 inv=12 hid=4e691a1ac652a1b3 depth=3 name=chip.run.runner_run.device_wall.config_validate ts=3714 dur=1335 clk=dev
[mono_ns=83743891534271][T0x76bbe1aa8740][TIMING] emit_host_span: [STRACE] v=1 pid=3969863 tid=3969863 inv=12 hid=4e691a1ac652a1b3 depth=3 name=chip.run.runner_run.device_wall.arena_wire ts=5076 dur=2325 clk=dev
[mono_ns=83743891535402][T0x76bbe1aa8740][TIMING] emit_host_span: [STRACE] v=1 pid=3969863 tid=3969863 inv=12 hid=4e691a1ac652a1b3 depth=3 name=chip.run.runner_run.device_wall.sm_reset ts=7422 dur=2772 clk=dev
[mono_ns=83743891536534][T0x76bbe1aa8740][TIMING] emit_host_span: [STRACE] v=1 pid=3969863 tid=3969863 inv=12 hid=4e691a1ac652a1b3 depth=3 name=chip.run.runner_run.device_wall.post_orch ts=929621 dur=4692 clk=dev
[mono_ns=83743891537696][T0x76bbe1aa8740][TIMING] emit_host_span: [STRACE] v=1 pid=3969863 tid=3969863 inv=12 hid=4e691a1ac652a1b3 depth=3 name=chip.run.runner_run.device_wall.orch ts=10280 dur=587071 clk=dev
[mono_ns=83743891538828][T0x76bbe1aa8740][TIMING] emit_host_span: [STRACE] v=1 pid=3969863 tid=3969863 inv=12 hid=4e691a1ac652a1b3 depth=3 name=chip.run.runner_run.device_wall.sched ts=12846 dur=904632 clk=dev
[mono_ns=83743891540140][T0x76bbe1aa8740][TIMING] emit_host_span: [STRACE] v=1 pid=3969863 tid=3969863 inv=12 hid=4e691a1ac652a1b3 depth=1 name=chip.run.claim_release ts=83743891539829 dur=60 
[mono_ns=83743891541441][T0x76bbe1aa8740][TIMING] emit_host_span: [STRACE] v=1 pid=3969863 tid=3969863 inv=12 hid=4e691a1ac652a1b3 depth=0 name=chip.run ts=83743857434239 dur=34106912 run_id=0 dispatch_id=0 slot_id=0 generation=12 run_epoch=12
[mono_ns=83743918696098][T0x76bbe1aa8740][TIMING] emit_host_span: [STRACE] v=1 pid=3969863 tid=3969863 inv=13 hid=4e691a1ac652a1b3 depth=2 name=chip.run.bind.args ts=83743891755833 dur=26939775 
[mono_ns=83743918705392][T0x76bbe1aa8740][TIMING] emit_host_span: [STRACE] v=1 pid=3969863 tid=3969863 inv=13 hid=4e691a1ac652a1b3 depth=2 name=chip.run.bind.prebuilt ts=83743918704201 dur=921 
[mono_ns=83743918707385][T0x76bbe1aa8740][TIMING] emit_host_span: [STRACE] v=1 pid=3969863 tid=3969863 inv=13 hid=4e691a1ac652a1b3 depth=1 name=chip.run.bind ts=83743891754822 dur=26952303 
[mono_ns=83743923294370][T0x76bbe1aa8740][WARN] prepare_execution: [device_runner.cpp:342] AICPU CPU_TOPO unavailable; using json_fallback: soc=Ascend950PR_9579 occupy=0x3e stable_reachable=5 requested=0 effective=5 affinity=[1, 2, 3, 4, 5(orch)]
[mono_ns=83743924403194][T0x76bbe1aa8740][TIMING] emit_host_span: [STRACE] v=1 pid=3969863 tid=3969863 inv=13 hid=4e691a1ac652a1b3 depth=1 name=chip.run.runner_run ts=83743923345537 dur=1057217 
[mono_ns=83743924740681][T0x76bbe1aa8740][TIMING] emit_host_span: [STRACE] v=1 pid=3969863 tid=3969863 inv=13 hid=4e691a1ac652a1b3 depth=1 name=chip.run.validate ts=83743924410135 dur=330175 
[mono_ns=83743924745849][T0x76bbe1aa8740][TIMING] emit_host_span: [STRACE] v=1 pid=3969863 tid=3969863 inv=13 hid=4e691a1ac652a1b3 depth=2 name=chip.run.runner_run.device_wall ts=0 dur=938571 clk=dev
[mono_ns=83743924747331][T0x76bbe1aa8740][TIMING] emit_host_span: [STRACE] v=1 pid=3969863 tid=3969863 inv=13 hid=4e691a1ac652a1b3 depth=3 name=chip.run.runner_run.device_wall.preamble ts=0 dur=14541 clk=dev
[mono_ns=83743924748723][T0x76bbe1aa8740][TIMING] emit_host_span: [STRACE] v=1 pid=3969863 tid=3969863 inv=13 hid=4e691a1ac652a1b3 depth=3 name=chip.run.runner_run.device_wall.graph_build ts=4466 dur=928016 clk=dev
[mono_ns=83743924750325][T0x76bbe1aa8740][TIMING] emit_host_span: [STRACE] v=1 pid=3969863 tid=3969863 inv=13 hid=4e691a1ac652a1b3 depth=3 name=chip.run.runner_run.device_wall.config_validate ts=5003 dur=1085 clk=dev
[mono_ns=83743924752759][T0x76bbe1aa8740][TIMING] emit_host_span: [STRACE] v=1 pid=3969863 tid=3969863 inv=13 hid=4e691a1ac652a1b3 depth=3 name=chip.run.runner_run.device_wall.arena_wire ts=6109 dur=2289 clk=dev
[mono_ns=83743924758127][T0x76bbe1aa8740][TIMING] emit_host_span: [STRACE] v=1 pid=3969863 tid=3969863 inv=13 hid=4e691a1ac652a1b3 depth=3 name=chip.run.runner_run.device_wall.sm_reset ts=8416 dur=2988 clk=dev
[mono_ns=83743924759419][T0x76bbe1aa8740][TIMING] emit_host_span: [STRACE] v=1 pid=3969863 tid=3969863 inv=13 hid=4e691a1ac652a1b3 depth=3 name=chip.run.runner_run.device_wall.post_orch ts=932566 dur=5169 clk=dev
[mono_ns=83743924760571][T0x76bbe1aa8740][TIMING] emit_host_span: [STRACE] v=1 pid=3969863 tid=3969863 inv=13 hid=4e691a1ac652a1b3 depth=3 name=chip.run.runner_run.device_wall.orch ts=11465 dur=575144 clk=dev
[mono_ns=83743924761692][T0x76bbe1aa8740][TIMING] emit_host_span: [STRACE] v=1 pid=3969863 tid=3969863 inv=13 hid=4e691a1ac652a1b3 depth=3 name=chip.run.runner_run.device_wall.sched ts=14395 dur=905946 clk=dev
[mono_ns=83743924762984][T0x76bbe1aa8740][TIMING] emit_host_span: [STRACE] v=1 pid=3969863 tid=3969863 inv=13 hid=4e691a1ac652a1b3 depth=1 name=chip.run.claim_release ts=83743924762674 dur=60 
[mono_ns=83743924764727][T0x76bbe1aa8740][TIMING] emit_host_span: [STRACE] v=1 pid=3969863 tid=3969863 inv=13 hid=4e691a1ac652a1b3 depth=0 name=chip.run ts=83743891752809 dur=33011577 run_id=0 dispatch_id=0 slot_id=0 generation=13 run_epoch=13
[mono_ns=83743952732544][T0x76bbe1aa8740][TIMING] emit_host_span: [STRACE] v=1 pid=3969863 tid=3969863 inv=14 hid=4e691a1ac652a1b3 depth=2 name=chip.run.bind.args ts=83743925021993 dur=27710161 
[mono_ns=83743952742079][T0x76bbe1aa8740][TIMING] emit_host_span: [STRACE] v=1 pid=3969863 tid=3969863 inv=14 hid=4e691a1ac652a1b3 depth=2 name=chip.run.bind.prebuilt ts=83743952740957 dur=841 
[mono_ns=83743952743811][T0x76bbe1aa8740][TIMING] emit_host_span: [STRACE] v=1 pid=3969863 tid=3969863 inv=14 hid=4e691a1ac652a1b3 depth=1 name=chip.run.bind ts=83743925020791 dur=27722770 
[mono_ns=83743957264527][T0x76bbe1aa8740][WARN] prepare_execution: [device_runner.cpp:342] AICPU CPU_TOPO unavailable; using json_fallback: soc=Ascend950PR_9579 occupy=0x3e stable_reachable=5 requested=0 effective=5 affinity=[1, 2, 3, 4, 5(orch)]
[mono_ns=83743958458368][T0x76bbe1aa8740][TIMING] emit_host_span: [STRACE] v=1 pid=3969863 tid=3969863 inv=14 hid=4e691a1ac652a1b3 depth=1 name=chip.run.runner_run ts=83743957316054 dur=1141884 
[mono_ns=83743958806761][T0x76bbe1aa8740][TIMING] emit_host_span: [STRACE] v=1 pid=3969863 tid=3969863 inv=14 hid=4e691a1ac652a1b3 depth=1 name=chip.run.validate ts=83743958465990 dur=340421 
[mono_ns=83743958811719][T0x76bbe1aa8740][TIMING] emit_host_span: [STRACE] v=1 pid=3969863 tid=3969863 inv=14 hid=4e691a1ac652a1b3 depth=2 name=chip.run.runner_run.device_wall ts=0 dur=1012937 clk=dev
[mono_ns=83743958813451][T0x76bbe1aa8740][TIMING] emit_host_span: [STRACE] v=1 pid=3969863 tid=3969863 inv=14 hid=4e691a1ac652a1b3 depth=3 name=chip.run.runner_run.device_wall.preamble ts=0 dur=13852 clk=dev
[mono_ns=83743958814653][T0x76bbe1aa8740][TIMING] emit_host_span: [STRACE] v=1 pid=3969863 tid=3969863 inv=14 hid=4e691a1ac652a1b3 depth=3 name=chip.run.runner_run.device_wall.graph_build ts=3304 dur=1004728 clk=dev
[mono_ns=83743958815825][T0x76bbe1aa8740][TIMING] emit_host_span: [STRACE] v=1 pid=3969863 tid=3969863 inv=14 hid=4e691a1ac652a1b3 depth=3 name=chip.run.runner_run.device_wall.config_validate ts=3655 dur=1010 clk=dev
[mono_ns=83743958817417][T0x76bbe1aa8740][TIMING] emit_host_span: [STRACE] v=1 pid=3969863 tid=3969863 inv=14 hid=4e691a1ac652a1b3 depth=3 name=chip.run.runner_run.device_wall.arena_wire ts=4866 dur=2350 clk=dev
[mono_ns=83743958819691][T0x76bbe1aa8740][TIMING] emit_host_span: [STRACE] v=1 pid=3969863 tid=3969863 inv=14 hid=4e691a1ac652a1b3 depth=3 name=chip.run.runner_run.device_wall.sm_reset ts=7316 dur=2305 clk=dev
[mono_ns=83743958821403][T0x76bbe1aa8740][TIMING] emit_host_span: [STRACE] v=1 pid=3969863 tid=3969863 inv=14 hid=4e691a1ac652a1b3 depth=3 name=chip.run.runner_run.device_wall.post_orch ts=1008061 dur=4192 clk=dev
[mono_ns=83743958825519][T0x76bbe1aa8740][TIMING] emit_host_span: [STRACE] v=1 pid=3969863 tid=3969863 inv=14 hid=4e691a1ac652a1b3 depth=3 name=chip.run.runner_run.device_wall.orch ts=9701 dur=590697 clk=dev
[mono_ns=83743958826651][T0x76bbe1aa8740][TIMING] emit_host_span: [STRACE] v=1 pid=3969863 tid=3969863 inv=14 hid=4e691a1ac652a1b3 depth=3 name=chip.run.runner_run.device_wall.sched ts=13373 dur=979297 clk=dev
[mono_ns=83743958827983][T0x76bbe1aa8740][TIMING] emit_host_span: [STRACE] v=1 pid=3969863 tid=3969863 inv=14 hid=4e691a1ac652a1b3 depth=1 name=chip.run.claim_release ts=83743958827673 dur=50 
[mono_ns=83743958829255][T0x76bbe1aa8740][TIMING] emit_host_span: [STRACE] v=1 pid=3969863 tid=3969863 inv=14 hid=4e691a1ac652a1b3 depth=0 name=chip.run ts=83743924998959 dur=33830006 run_id=0 dispatch_id=0 slot_id=0 generation=14 run_epoch=14
[mono_ns=83743987134739][T0x76bbe1aa8740][TIMING] emit_host_span: [STRACE] v=1 pid=3969863 tid=3969863 inv=15 hid=4e691a1ac652a1b3 depth=2 name=chip.run.bind.args ts=83743959061524 dur=28072845 
[mono_ns=83743987143903][T0x76bbe1aa8740][TIMING] emit_host_span: [STRACE] v=1 pid=3969863 tid=3969863 inv=15 hid=4e691a1ac652a1b3 depth=2 name=chip.run.bind.prebuilt ts=83743987142531 dur=1052 
[mono_ns=83743987145906][T0x76bbe1aa8740][TIMING] emit_host_span: [STRACE] v=1 pid=3969863 tid=3969863 inv=15 hid=4e691a1ac652a1b3 depth=1 name=chip.run.bind ts=83743959060392 dur=28085224 
[mono_ns=83743991636736][T0x76bbe1aa8740][WARN] prepare_execution: [device_runner.cpp:342] AICPU CPU_TOPO unavailable; using json_fallback: soc=Ascend950PR_9579 occupy=0x3e stable_reachable=5 requested=0 effective=5 affinity=[1, 2, 3, 4, 5(orch)]
[mono_ns=83743992855345][T0x76bbe1aa8740][TIMING] emit_host_span: [STRACE] v=1 pid=3969863 tid=3969863 inv=15 hid=4e691a1ac652a1b3 depth=1 name=chip.run.runner_run ts=83743991689436 dur=1165509 
[mono_ns=83743993182907][T0x76bbe1aa8740][TIMING] emit_host_span: [STRACE] v=1 pid=3969863 tid=3969863 inv=15 hid=4e691a1ac652a1b3 depth=1 name=chip.run.validate ts=83743992863518 dur=319039 
[mono_ns=83743993189207][T0x76bbe1aa8740][TIMING] emit_host_span: [STRACE] v=1 pid=3969863 tid=3969863 inv=15 hid=4e691a1ac652a1b3 depth=2 name=chip.run.runner_run.device_wall ts=0 dur=1039028 clk=dev
[mono_ns=83743993190859][T0x76bbe1aa8740][TIMING] emit_host_span: [STRACE] v=1 pid=3969863 tid=3969863 inv=15 hid=4e691a1ac652a1b3 depth=3 name=chip.run.runner_run.device_wall.preamble ts=0 dur=15696 clk=dev
[mono_ns=83743993192161][T0x76bbe1aa8740][TIMING] emit_host_span: [STRACE] v=1 pid=3969863 tid=3969863 inv=15 hid=4e691a1ac652a1b3 depth=3 name=chip.run.runner_run.device_wall.graph_build ts=5832 dur=1028060 clk=dev
[mono_ns=83743993193363][T0x76bbe1aa8740][TIMING] emit_host_span: [STRACE] v=1 pid=3969863 tid=3969863 inv=15 hid=4e691a1ac652a1b3 depth=3 name=chip.run.runner_run.device_wall.config_validate ts=6292 dur=1261 clk=dev
[mono_ns=83743993194775][T0x76bbe1aa8740][TIMING] emit_host_span: [STRACE] v=1 pid=3969863 tid=3969863 inv=15 hid=4e691a1ac652a1b3 depth=3 name=chip.run.runner_run.device_wall.arena_wire ts=7642 dur=2501 clk=dev
[mono_ns=83743993197199][T0x76bbe1aa8740][TIMING] emit_host_span: [STRACE] v=1 pid=3969863 tid=3969863 inv=15 hid=4e691a1ac652a1b3 depth=3 name=chip.run.runner_run.device_wall.sm_reset ts=10161 dur=2915 clk=dev
[mono_ns=83743993198511][T0x76bbe1aa8740][TIMING] emit_host_span: [STRACE] v=1 pid=3969863 tid=3969863 inv=15 hid=4e691a1ac652a1b3 depth=3 name=chip.run.runner_run.device_wall.post_orch ts=1033923 dur=4755 clk=dev
[mono_ns=83743993199672][T0x76bbe1aa8740][TIMING] emit_host_span: [STRACE] v=1 pid=3969863 tid=3969863 inv=15 hid=4e691a1ac652a1b3 depth=3 name=chip.run.runner_run.device_wall.orch ts=13155 dur=610509 clk=dev
[mono_ns=83743993200824][T0x76bbe1aa8740][TIMING] emit_host_span: [STRACE] v=1 pid=3969863 tid=3969863 inv=15 hid=4e691a1ac652a1b3 depth=3 name=chip.run.runner_run.device_wall.sched ts=15410 dur=1004363 clk=dev
[mono_ns=83743993202256][T0x76bbe1aa8740][TIMING] emit_host_span: [STRACE] v=1 pid=3969863 tid=3969863 inv=15 hid=4e691a1ac652a1b3 depth=1 name=chip.run.claim_release ts=83743993201896 dur=80 
[mono_ns=83743993206723][T0x76bbe1aa8740][TIMING] emit_host_span: [STRACE] v=1 pid=3969863 tid=3969863 inv=15 hid=4e691a1ac652a1b3 depth=0 name=chip.run ts=83743959058589 dur=34147823 run_id=0 dispatch_id=0 slot_id=0 generation=15 run_epoch=15
[mono_ns=83744020879618][T0x76bbe1aa8740][TIMING] emit_host_span: [STRACE] v=1 pid=3969863 tid=3969863 inv=16 hid=4e691a1ac652a1b3 depth=2 name=chip.run.bind.args ts=83743993422547 dur=27456590 
[mono_ns=83744020889162][T0x76bbe1aa8740][TIMING] emit_host_span: [STRACE] v=1 pid=3969863 tid=3969863 inv=16 hid=4e691a1ac652a1b3 depth=2 name=chip.run.bind.prebuilt ts=83744020887830 dur=1062 
[mono_ns=83744020890995][T0x76bbe1aa8740][TIMING] emit_host_span: [STRACE] v=1 pid=3969863 tid=3969863 inv=16 hid=4e691a1ac652a1b3 depth=1 name=chip.run.bind ts=83743993421505 dur=27469229 
[mono_ns=83744025388766][T0x76bbe1aa8740][WARN] prepare_execution: [device_runner.cpp:342] AICPU CPU_TOPO unavailable; using json_fallback: soc=Ascend950PR_9579 occupy=0x3e stable_reachable=5 requested=0 effective=5 affinity=[1, 2, 3, 4, 5(orch)]
[mono_ns=83744026585311][T0x76bbe1aa8740][TIMING] emit_host_span: [STRACE] v=1 pid=3969863 tid=3969863 inv=16 hid=4e691a1ac652a1b3 depth=1 name=chip.run.runner_run ts=83744025440373 dur=1144588 
[mono_ns=83744026932503][T0x76bbe1aa8740][TIMING] emit_host_span: [STRACE] v=1 pid=3969863 tid=3969863 inv=16 hid=4e691a1ac652a1b3 depth=1 name=chip.run.validate ts=83744026592222 dur=339960 
[mono_ns=83744026937320][T0x76bbe1aa8740][TIMING] emit_host_span: [STRACE] v=1 pid=3969863 tid=3969863 inv=16 hid=4e691a1ac652a1b3 depth=2 name=chip.run.runner_run.device_wall ts=0 dur=1020334 clk=dev
[mono_ns=83744026938952][T0x76bbe1aa8740][TIMING] emit_host_span: [STRACE] v=1 pid=3969863 tid=3969863 inv=16 hid=4e691a1ac652a1b3 depth=3 name=chip.run.runner_run.device_wall.preamble ts=0 dur=12318 clk=dev
[mono_ns=83744026940164][T0x76bbe1aa8740][TIMING] emit_host_span: [STRACE] v=1 pid=3969863 tid=3969863 inv=16 hid=4e691a1ac652a1b3 depth=3 name=chip.run.runner_run.device_wall.graph_build ts=2662 dur=1013130 clk=dev
[mono_ns=83744026941586][T0x76bbe1aa8740][TIMING] emit_host_span: [STRACE] v=1 pid=3969863 tid=3969863 inv=16 hid=4e691a1ac652a1b3 depth=3 name=chip.run.runner_run.device_wall.config_validate ts=2856 dur=1100 clk=dev
[mono_ns=83744026944030][T0x76bbe1aa8740][TIMING] emit_host_span: [STRACE] v=1 pid=3969863 tid=3969863 inv=16 hid=4e691a1ac652a1b3 depth=3 name=chip.run.runner_run.device_wall.arena_wire ts=3992 dur=3089 clk=dev
[mono_ns=83744026945412][T0x76bbe1aa8740][TIMING] emit_host_span: [STRACE] v=1 pid=3969863 tid=3969863 inv=16 hid=4e691a1ac652a1b3 depth=3 name=chip.run.runner_run.device_wall.sm_reset ts=7107 dur=3149 clk=dev
[mono_ns=83744026946534][T0x76bbe1aa8740][TIMING] emit_host_span: [STRACE] v=1 pid=3969863 tid=3969863 inv=16 hid=4e691a1ac652a1b3 depth=3 name=chip.run.runner_run.device_wall.post_orch ts=1015862 dur=4121 clk=dev
[mono_ns=83744026947675][T0x76bbe1aa8740][TIMING] emit_host_span: [STRACE] v=1 pid=3969863 tid=3969863 inv=16 hid=4e691a1ac652a1b3 depth=3 name=chip.run.runner_run.device_wall.orch ts=10342 dur=610099 clk=dev
[mono_ns=83744026948827][T0x76bbe1aa8740][TIMING] emit_host_span: [STRACE] v=1 pid=3969863 tid=3969863 inv=16 hid=4e691a1ac652a1b3 depth=3 name=chip.run.runner_run.device_wall.sched ts=12494 dur=989817 clk=dev
[mono_ns=83744026950139][T0x76bbe1aa8740][TIMING] emit_host_span: [STRACE] v=1 pid=3969863 tid=3969863 inv=16 hid=4e691a1ac652a1b3 depth=1 name=chip.run.claim_release ts=83744026949819 dur=50 
[mono_ns=83744026951461][T0x76bbe1aa8740][TIMING] emit_host_span: [STRACE] v=1 pid=3969863 tid=3969863 inv=16 hid=4e691a1ac652a1b3 depth=0 name=chip.run ts=83743993419853 dur=33531318 run_id=0 dispatch_id=0 slot_id=0 generation=16 run_epoch=16
[mono_ns=83744054671697][T0x76bbe1aa8740][TIMING] emit_host_span: [STRACE] v=1 pid=3969863 tid=3969863 inv=17 hid=4e691a1ac652a1b3 depth=2 name=chip.run.bind.args ts=83744027205192 dur=27466094 
[mono_ns=83744054684266][T0x76bbe1aa8740][TIMING] emit_host_span: [STRACE] v=1 pid=3969863 tid=3969863 inv=17 hid=4e691a1ac652a1b3 depth=2 name=chip.run.bind.prebuilt ts=83744054682964 dur=1011 
[mono_ns=83744054686098][T0x76bbe1aa8740][TIMING] emit_host_span: [STRACE] v=1 pid=3969863 tid=3969863 inv=17 hid=4e691a1ac652a1b3 depth=1 name=chip.run.bind ts=83744027204140 dur=27481718 
[mono_ns=83744059219202][T0x76bbe1aa8740][WARN] prepare_execution: [device_runner.cpp:342] AICPU CPU_TOPO unavailable; using json_fallback: soc=Ascend950PR_9579 occupy=0x3e stable_reachable=5 requested=0 effective=5 affinity=[1, 2, 3, 4, 5(orch)]
[mono_ns=83744060487886][T0x76bbe1aa8740][TIMING] emit_host_span: [STRACE] v=1 pid=3969863 tid=3969863 inv=17 hid=4e691a1ac652a1b3 depth=1 name=chip.run.runner_run ts=83744059272352 dur=1215164 
[mono_ns=83744060839925][T0x76bbe1aa8740][TIMING] emit_host_span: [STRACE] v=1 pid=3969863 tid=3969863 inv=17 hid=4e691a1ac652a1b3 depth=1 name=chip.run.validate ts=83744060495278 dur=344346 
[mono_ns=83744060844962][T0x76bbe1aa8740][TIMING] emit_host_span: [STRACE] v=1 pid=3969863 tid=3969863 inv=17 hid=4e691a1ac652a1b3 depth=2 name=chip.run.runner_run.device_wall ts=0 dur=1087058 clk=dev
[mono_ns=83744060846485][T0x76bbe1aa8740][TIMING] emit_host_span: [STRACE] v=1 pid=3969863 tid=3969863 inv=17 hid=4e691a1ac652a1b3 depth=3 name=chip.run.runner_run.device_wall.preamble ts=0 dur=12414 clk=dev
[mono_ns=83744060847666][T0x76bbe1aa8740][TIMING] emit_host_span: [STRACE] v=1 pid=3969863 tid=3969863 inv=17 hid=4e691a1ac652a1b3 depth=3 name=chip.run.runner_run.device_wall.graph_build ts=2574 dur=1078879 clk=dev
[mono_ns=83744060848818][T0x76bbe1aa8740][TIMING] emit_host_span: [STRACE] v=1 pid=3969863 tid=3969863 inv=17 hid=4e691a1ac652a1b3 depth=3 name=chip.run.runner_run.device_wall.config_validate ts=3008 dur=1349 clk=dev
[mono_ns=83744060850190][T0x76bbe1aa8740][TIMING] emit_host_span: [STRACE] v=1 pid=3969863 tid=3969863 inv=17 hid=4e691a1ac652a1b3 depth=3 name=chip.run.runner_run.device_wall.arena_wire ts=4388 dur=2304 clk=dev
[mono_ns=83744060852404][T0x76bbe1aa8740][TIMING] emit_host_span: [STRACE] v=1 pid=3969863 tid=3969863 inv=17 hid=4e691a1ac652a1b3 depth=3 name=chip.run.runner_run.device_wall.sm_reset ts=6726 dur=2785 clk=dev
[mono_ns=83744060854076][T0x76bbe1aa8740][TIMING] emit_host_span: [STRACE] v=1 pid=3969863 tid=3969863 inv=17 hid=4e691a1ac652a1b3 depth=3 name=chip.run.runner_run.device_wall.post_orch ts=1081501 dur=5452 clk=dev
[mono_ns=83744060855518][T0x76bbe1aa8740][TIMING] emit_host_span: [STRACE] v=1 pid=3969863 tid=3969863 inv=17 hid=4e691a1ac652a1b3 depth=3 name=chip.run.runner_run.device_wall.orch ts=9585 dur=592146 clk=dev
[mono_ns=83744060856660][T0x76bbe1aa8740][TIMING] emit_host_span: [STRACE] v=1 pid=3969863 tid=3969863 inv=17 hid=4e691a1ac652a1b3 depth=3 name=chip.run.runner_run.device_wall.sched ts=11901 dur=1057087 clk=dev
[mono_ns=83744060857982][T0x76bbe1aa8740][TIMING] emit_host_span: [STRACE] v=1 pid=3969863 tid=3969863 inv=17 hid=4e691a1ac652a1b3 depth=1 name=chip.run.claim_release ts=83744060857671 dur=51 
[mono_ns=83744060859344][T0x76bbe1aa8740][TIMING] emit_host_span: [STRACE] v=1 pid=3969863 tid=3969863 inv=17 hid=4e691a1ac652a1b3 depth=0 name=chip.run ts=83744027202328 dur=33656686 run_id=0 dispatch_id=0 slot_id=0 generation=17 run_epoch=17
[mono_ns=83744088211858][T0x76bbe1aa8740][TIMING] emit_host_span: [STRACE] v=1 pid=3969863 tid=3969863 inv=18 hid=4e691a1ac652a1b3 depth=2 name=chip.run.bind.args ts=83744061087757 dur=27123700 
[mono_ns=83744088221072][T0x76bbe1aa8740][TIMING] emit_host_span: [STRACE] v=1 pid=3969863 tid=3969863 inv=18 hid=4e691a1ac652a1b3 depth=2 name=chip.run.bind.prebuilt ts=83744088219830 dur=941 
[mono_ns=83744088222654][T0x76bbe1aa8740][TIMING] emit_host_span: [STRACE] v=1 pid=3969863 tid=3969863 inv=18 hid=4e691a1ac652a1b3 depth=1 name=chip.run.bind ts=83744061086715 dur=27135699 
[mono_ns=83744092932263][T0x76bbe1aa8740][WARN] prepare_execution: [device_runner.cpp:342] AICPU CPU_TOPO unavailable; using json_fallback: soc=Ascend950PR_9579 occupy=0x3e stable_reachable=5 requested=0 effective=5 affinity=[1, 2, 3, 4, 5(orch)]
[mono_ns=83744094152414][T0x76bbe1aa8740][TIMING] emit_host_span: [STRACE] v=1 pid=3969863 tid=3969863 inv=18 hid=4e691a1ac652a1b3 depth=1 name=chip.run.runner_run ts=83744092990881 dur=1161093 
[mono_ns=83744094495209][T0x76bbe1aa8740][TIMING] emit_host_span: [STRACE] v=1 pid=3969863 tid=3969863 inv=18 hid=4e691a1ac652a1b3 depth=1 name=chip.run.validate ts=83744094159885 dur=335013 
[mono_ns=83744094500497][T0x76bbe1aa8740][TIMING] emit_host_span: [STRACE] v=1 pid=3969863 tid=3969863 inv=18 hid=4e691a1ac652a1b3 depth=2 name=chip.run.runner_run.device_wall ts=0 dur=1040402 clk=dev
[mono_ns=83744094501959][T0x76bbe1aa8740][TIMING] emit_host_span: [STRACE] v=1 pid=3969863 tid=3969863 inv=18 hid=4e691a1ac652a1b3 depth=3 name=chip.run.runner_run.device_wall.preamble ts=0 dur=13010 clk=dev
[mono_ns=83744094503161][T0x76bbe1aa8740][TIMING] emit_host_span: [STRACE] v=1 pid=3969863 tid=3969863 inv=18 hid=4e691a1ac652a1b3 depth=3 name=chip.run.runner_run.device_wall.graph_build ts=2929 dur=1033670 clk=dev
[mono_ns=83744094504302][T0x76bbe1aa8740][TIMING] emit_host_span: [STRACE] v=1 pid=3969863 tid=3969863 inv=18 hid=4e691a1ac652a1b3 depth=3 name=chip.run.runner_run.device_wall.config_validate ts=3378 dur=992 clk=dev
[mono_ns=83744094505755][T0x76bbe1aa8740][TIMING] emit_host_span: [STRACE] v=1 pid=3969863 tid=3969863 inv=18 hid=4e691a1ac652a1b3 depth=3 name=chip.run.runner_run.device_wall.arena_wire ts=4397 dur=1985 clk=dev
[mono_ns=83744094507687][T0x76bbe1aa8740][TIMING] emit_host_span: [STRACE] v=1 pid=3969863 tid=3969863 inv=18 hid=4e691a1ac652a1b3 depth=3 name=chip.run.runner_run.device_wall.sm_reset ts=6569 dur=2736 clk=dev
[mono_ns=83744094508959][T0x76bbe1aa8740][TIMING] emit_host_span: [STRACE] v=1 pid=3969863 tid=3969863 inv=18 hid=4e691a1ac652a1b3 depth=3 name=chip.run.runner_run.device_wall.post_orch ts=1036646 dur=3683 clk=dev
[mono_ns=83744094510101][T0x76bbe1aa8740][TIMING] emit_host_span: [STRACE] v=1 pid=3969863 tid=3969863 inv=18 hid=4e691a1ac652a1b3 depth=3 name=chip.run.runner_run.device_wall.orch ts=9386 dur=588352 clk=dev
[mono_ns=83744094511243][T0x76bbe1aa8740][TIMING] emit_host_span: [STRACE] v=1 pid=3969863 tid=3969863 inv=18 hid=4e691a1ac652a1b3 depth=3 name=chip.run.runner_run.device_wall.sched ts=12374 dur=1012824 clk=dev
[mono_ns=83744094512585][T0x76bbe1aa8740][TIMING] emit_host_span: [STRACE] v=1 pid=3969863 tid=3969863 inv=18 hid=4e691a1ac652a1b3 depth=1 name=chip.run.claim_release ts=83744094512274 dur=60 
[mono_ns=83744094513867][T0x76bbe1aa8740][TIMING] emit_host_span: [STRACE] v=1 pid=3969863 tid=3969863 inv=18 hid=4e691a1ac652a1b3 depth=0 name=chip.run ts=83744061084923 dur=33428673 run_id=0 dispatch_id=0 slot_id=0 generation=18 run_epoch=18
[mono_ns=83744127696171][T0x76bbe1aa8740][TIMING] emit_host_span: [STRACE] v=1 pid=3969863 tid=3969863 inv=19 hid=4e691a1ac652a1b3 depth=2 name=chip.run.bind.args ts=83744094732966 dur=32959349 
[mono_ns=83744127736842][T0x76bbe1aa8740][TIMING] emit_host_span: [STRACE] v=1 pid=3969863 tid=3969863 inv=19 hid=4e691a1ac652a1b3 depth=2 name=chip.run.bind.prebuilt ts=83744127731884 dur=4537 
[mono_ns=83744127739946][T0x76bbe1aa8740][TIMING] emit_host_span: [STRACE] v=1 pid=3969863 tid=3969863 inv=19 hid=4e691a1ac652a1b3 depth=1 name=chip.run.bind ts=83744094731884 dur=33007602 
[mono_ns=83744132414753][T0x76bbe1aa8740][WARN] prepare_execution: [device_runner.cpp:342] AICPU CPU_TOPO unavailable; using json_fallback: soc=Ascend950PR_9579 occupy=0x3e stable_reachable=5 requested=0 effective=5 affinity=[1, 2, 3, 4, 5(orch)]
[mono_ns=83744133706892][T0x76bbe1aa8740][TIMING] emit_host_span: [STRACE] v=1 pid=3969863 tid=3969863 inv=19 hid=4e691a1ac652a1b3 depth=1 name=chip.run.runner_run ts=83744132466350 dur=1239581 
[mono_ns=83744134192291][T0x76bbe1aa8740][TIMING] emit_host_span: [STRACE] v=1 pid=3969863 tid=3969863 inv=19 hid=4e691a1ac652a1b3 depth=1 name=chip.run.validate ts=83744133715786 dur=476024 
[mono_ns=83744134199041][T0x76bbe1aa8740][TIMING] emit_host_span: [STRACE] v=1 pid=3969863 tid=3969863 inv=19 hid=4e691a1ac652a1b3 depth=2 name=chip.run.runner_run.device_wall ts=0 dur=1048401 clk=dev
[mono_ns=83744134214484][T0x76bbe1aa8740][TIMING] emit_host_span: [STRACE] v=1 pid=3969863 tid=3969863 inv=19 hid=4e691a1ac652a1b3 depth=3 name=chip.run.runner_run.device_wall.preamble ts=0 dur=13560 clk=dev
[mono_ns=83744134216778][T0x76bbe1aa8740][TIMING] emit_host_span: [STRACE] v=1 pid=3969863 tid=3969863 inv=19 hid=4e691a1ac652a1b3 depth=3 name=chip.run.runner_run.device_wall.graph_build ts=4731 dur=1039112 clk=dev
[mono_ns=83744134219492][T0x76bbe1aa8740][TIMING] emit_host_span: [STRACE] v=1 pid=3969863 tid=3969863 inv=19 hid=4e691a1ac652a1b3 depth=3 name=chip.run.runner_run.device_wall.config_validate ts=5397 dur=1219 clk=dev
[mono_ns=83744134220864][T0x76bbe1aa8740][TIMING] emit_host_span: [STRACE] v=1 pid=3969863 tid=3969863 inv=19 hid=4e691a1ac652a1b3 depth=3 name=chip.run.runner_run.device_wall.arena_wire ts=6810 dur=1613 clk=dev
[mono_ns=83744134222046][T0x76bbe1aa8740][TIMING] emit_host_span: [STRACE] v=1 pid=3969863 tid=3969863 inv=19 hid=4e691a1ac652a1b3 depth=3 name=chip.run.runner_run.device_wall.sm_reset ts=8671 dur=2320 clk=dev
[mono_ns=83744134223207][T0x76bbe1aa8740][TIMING] emit_host_span: [STRACE] v=1 pid=3969863 tid=3969863 inv=19 hid=4e691a1ac652a1b3 depth=3 name=chip.run.runner_run.device_wall.post_orch ts=1043885 dur=3848 clk=dev
[mono_ns=83744134224359][T0x76bbe1aa8740][TIMING] emit_host_span: [STRACE] v=1 pid=3969863 tid=3969863 inv=19 hid=4e691a1ac652a1b3 depth=3 name=chip.run.runner_run.device_wall.orch ts=11084 dur=595318 clk=dev
[mono_ns=83744134225541][T0x76bbe1aa8740][TIMING] emit_host_span: [STRACE] v=1 pid=3969863 tid=3969863 inv=19 hid=4e691a1ac652a1b3 depth=3 name=chip.run.runner_run.device_wall.sched ts=13033 dur=1015491 clk=dev
[mono_ns=83744134227193][T0x76bbe1aa8740][TIMING] emit_host_span: [STRACE] v=1 pid=3969863 tid=3969863 inv=19 hid=4e691a1ac652a1b3 depth=1 name=chip.run.claim_release ts=83744134226773 dur=120 
[mono_ns=83744134229697][T0x76bbe1aa8740][TIMING] emit_host_span: [STRACE] v=1 pid=3969863 tid=3969863 inv=19 hid=4e691a1ac652a1b3 depth=0 name=chip.run ts=83744094730231 dur=39498865 run_id=0 dispatch_id=0 slot_id=0 generation=19 run_epoch=19
[mono_ns=83744173570404][T0x76bbe1aa8740][TIMING] emit_host_span: [STRACE] v=1 pid=3969863 tid=3969863 inv=20 hid=4e691a1ac652a1b3 depth=2 name=chip.run.bind.args ts=83744134678951 dur=38890672 
[mono_ns=83744173583023][T0x76bbe1aa8740][TIMING] emit_host_span: [STRACE] v=1 pid=3969863 tid=3969863 inv=20 hid=4e691a1ac652a1b3 depth=2 name=chip.run.bind.prebuilt ts=83744173580930 dur=1693 
[mono_ns=83744173585046][T0x76bbe1aa8740][TIMING] emit_host_span: [STRACE] v=1 pid=3969863 tid=3969863 inv=20 hid=4e691a1ac652a1b3 depth=1 name=chip.run.bind ts=83744134674104 dur=38910632 
[mono_ns=83744178175206][T0x76bbe1aa8740][WARN] prepare_execution: [device_runner.cpp:342] AICPU CPU_TOPO unavailable; using json_fallback: soc=Ascend950PR_9579 occupy=0x3e stable_reachable=5 requested=0 effective=5 affinity=[1, 2, 3, 4, 5(orch)]
[mono_ns=83744179351862][T0x76bbe1aa8740][TIMING] emit_host_span: [STRACE] v=1 pid=3969863 tid=3969863 inv=20 hid=4e691a1ac652a1b3 depth=1 name=chip.run.runner_run ts=83744178220063 dur=1131448 
[mono_ns=83744179760435][T0x76bbe1aa8740][TIMING] emit_host_span: [STRACE] v=1 pid=3969863 tid=3969863 inv=20 hid=4e691a1ac652a1b3 depth=1 name=chip.run.validate ts=83744179358702 dur=401352 
[mono_ns=83744179765823][T0x76bbe1aa8740][TIMING] emit_host_span: [STRACE] v=1 pid=3969863 tid=3969863 inv=20 hid=4e691a1ac652a1b3 depth=2 name=chip.run.runner_run.device_wall ts=0 dur=1006072 clk=dev
[mono_ns=83744179767355][T0x76bbe1aa8740][TIMING] emit_host_span: [STRACE] v=1 pid=3969863 tid=3969863 inv=20 hid=4e691a1ac652a1b3 depth=3 name=chip.run.runner_run.device_wall.preamble ts=0 dur=14345 clk=dev
[mono_ns=83744179768627][T0x76bbe1aa8740][TIMING] emit_host_span: [STRACE] v=1 pid=3969863 tid=3969863 inv=20 hid=4e691a1ac652a1b3 depth=3 name=chip.run.runner_run.device_wall.graph_build ts=4582 dur=995566 clk=dev
[mono_ns=83744179772824][T0x76bbe1aa8740][TIMING] emit_host_span: [STRACE] v=1 pid=3969863 tid=3969863 inv=20 hid=4e691a1ac652a1b3 depth=3 name=chip.run.runner_run.device_wall.config_validate ts=4968 dur=1058 clk=dev
[mono_ns=83744179774296][T0x76bbe1aa8740][TIMING] emit_host_span: [STRACE] v=1 pid=3969863 tid=3969863 inv=20 hid=4e691a1ac652a1b3 depth=3 name=chip.run.runner_run.device_wall.arena_wire ts=6211 dur=1619 clk=dev
[mono_ns=83744179775427][T0x76bbe1aa8740][TIMING] emit_host_span: [STRACE] v=1 pid=3969863 tid=3969863 inv=20 hid=4e691a1ac652a1b3 depth=3 name=chip.run.runner_run.device_wall.sm_reset ts=7902 dur=2149 clk=dev
[mono_ns=83744179776569][T0x76bbe1aa8740][TIMING] emit_host_span: [STRACE] v=1 pid=3969863 tid=3969863 inv=20 hid=4e691a1ac652a1b3 depth=3 name=chip.run.runner_run.device_wall.post_orch ts=1000348 dur=5151 clk=dev
[mono_ns=83744179777711][T0x76bbe1aa8740][TIMING] emit_host_span: [STRACE] v=1 pid=3969863 tid=3969863 inv=20 hid=4e691a1ac652a1b3 depth=3 name=chip.run.runner_run.device_wall.orch ts=10157 dur=582607 clk=dev
[mono_ns=83744179778873][T0x76bbe1aa8740][TIMING] emit_host_span: [STRACE] v=1 pid=3969863 tid=3969863 inv=20 hid=4e691a1ac652a1b3 depth=3 name=chip.run.runner_run.device_wall.sched ts=13900 dur=973348 clk=dev
[mono_ns=83744179780255][T0x76bbe1aa8740][TIMING] emit_host_span: [STRACE] v=1 pid=3969863 tid=3969863 inv=20 hid=4e691a1ac652a1b3 depth=1 name=chip.run.claim_release ts=83744179779904 dur=70 
[mono_ns=83744179781637][T0x76bbe1aa8740][TIMING] emit_host_span: [STRACE] v=1 pid=3969863 tid=3969863 inv=20 hid=4e691a1ac652a1b3 depth=0 name=chip.run ts=83744134668245 dur=45113061 run_id=0 dispatch_id=0 slot_id=0 generation=20 run_epoch=20
[mono_ns=83744211028065][T0x76bbe1aa8740][TIMING] emit_host_span: [STRACE] v=1 pid=3969863 tid=3969863 inv=21 hid=4e691a1ac652a1b3 depth=2 name=chip.run.bind.args ts=83744180136970 dur=30890594 
[mono_ns=83744211037469][T0x76bbe1aa8740][TIMING] emit_host_span: [STRACE] v=1 pid=3969863 tid=3969863 inv=21 hid=4e691a1ac652a1b3 depth=2 name=chip.run.bind.prebuilt ts=83744211036197 dur=1002 
[mono_ns=83744211039282][T0x76bbe1aa8740][TIMING] emit_host_span: [STRACE] v=1 pid=3969863 tid=3969863 inv=21 hid=4e691a1ac652a1b3 depth=1 name=chip.run.bind ts=83744180134917 dur=30904075 
[mono_ns=83744215541089][T0x76bbe1aa8740][WARN] prepare_execution: [device_runner.cpp:342] AICPU CPU_TOPO unavailable; using json_fallback: soc=Ascend950PR_9579 occupy=0x3e stable_reachable=5 requested=0 effective=5 affinity=[1, 2, 3, 4, 5(orch)]
[mono_ns=83744216780169][T0x76bbe1aa8740][TIMING] emit_host_span: [STRACE] v=1 pid=3969863 tid=3969863 inv=21 hid=4e691a1ac652a1b3 depth=1 name=chip.run.runner_run ts=83744215577283 dur=1202445 
[mono_ns=83744217117074][T0x76bbe1aa8740][TIMING] emit_host_span: [STRACE] v=1 pid=3969863 tid=3969863 inv=21 hid=4e691a1ac652a1b3 depth=1 name=chip.run.validate ts=83744216786628 dur=330086 
[mono_ns=83744217122973][T0x76bbe1aa8740][TIMING] emit_host_span: [STRACE] v=1 pid=3969863 tid=3969863 inv=21 hid=4e691a1ac652a1b3 depth=2 name=chip.run.runner_run.device_wall ts=0 dur=1089145 clk=dev
[mono_ns=83744217124596][T0x76bbe1aa8740][TIMING] emit_host_span: [STRACE] v=1 pid=3969863 tid=3969863 inv=21 hid=4e691a1ac652a1b3 depth=3 name=chip.run.runner_run.device_wall.preamble ts=0 dur=13052 clk=dev
[mono_ns=83744217125938][T0x76bbe1aa8740][TIMING] emit_host_span: [STRACE] v=1 pid=3969863 tid=3969863 inv=21 hid=4e691a1ac652a1b3 depth=3 name=chip.run.runner_run.device_wall.graph_build ts=2695 dur=1081347 clk=dev
[mono_ns=83744217127460][T0x76bbe1aa8740][TIMING] emit_host_span: [STRACE] v=1 pid=3969863 tid=3969863 inv=21 hid=4e691a1ac652a1b3 depth=3 name=chip.run.runner_run.device_wall.config_validate ts=3037 dur=1849 clk=dev
[mono_ns=83744217129803][T0x76bbe1aa8740][TIMING] emit_host_span: [STRACE] v=1 pid=3969863 tid=3969863 inv=21 hid=4e691a1ac652a1b3 depth=3 name=chip.run.runner_run.device_wall.arena_wire ts=4916 dur=1912 clk=dev
[mono_ns=83744217131426][T0x76bbe1aa8740][TIMING] emit_host_span: [STRACE] v=1 pid=3969863 tid=3969863 inv=21 hid=4e691a1ac652a1b3 depth=3 name=chip.run.runner_run.device_wall.sm_reset ts=6845 dur=2628 clk=dev
[mono_ns=83744217136133][T0x76bbe1aa8740][TIMING] emit_host_span: [STRACE] v=1 pid=3969863 tid=3969863 inv=21 hid=4e691a1ac652a1b3 depth=3 name=chip.run.runner_run.device_wall.post_orch ts=1084103 dur=4742 clk=dev
[mono_ns=83744217137285][T0x76bbe1aa8740][TIMING] emit_host_span: [STRACE] v=1 pid=3969863 tid=3969863 inv=21 hid=4e691a1ac652a1b3 depth=3 name=chip.run.runner_run.device_wall.orch ts=9502 dur=598492 clk=dev
[mono_ns=83744217138426][T0x76bbe1aa8740][TIMING] emit_host_span: [STRACE] v=1 pid=3969863 tid=3969863 inv=21 hid=4e691a1ac652a1b3 depth=3 name=chip.run.runner_run.device_wall.sched ts=12847 dur=1055659 clk=dev
[mono_ns=83744217139768][T0x76bbe1aa8740][TIMING] emit_host_span: [STRACE] v=1 pid=3969863 tid=3969863 inv=21 hid=4e691a1ac652a1b3 depth=1 name=chip.run.claim_release ts=83744217139448 dur=70 
[mono_ns=83744217141671][T0x76bbe1aa8740][TIMING] emit_host_span: [STRACE] v=1 pid=3969863 tid=3969863 inv=21 hid=4e691a1ac652a1b3 depth=0 name=chip.run ts=83744180131762 dur=37009569 run_id=0 dispatch_id=0 slot_id=0 generation=21 run_epoch=21
[mono_ns=83744243965401][T0x76bbe1aa8740][TIMING] emit_host_span: [STRACE] v=1 pid=3969863 tid=3969863 inv=22 hid=4e691a1ac652a1b3 depth=2 name=chip.run.bind.args ts=83744217402102 dur=26562859 
[mono_ns=83744243974445][T0x76bbe1aa8740][TIMING] emit_host_span: [STRACE] v=1 pid=3969863 tid=3969863 inv=22 hid=4e691a1ac652a1b3 depth=2 name=chip.run.bind.prebuilt ts=83744243973123 dur=971 
[mono_ns=83744243976188][T0x76bbe1aa8740][TIMING] emit_host_span: [STRACE] v=1 pid=3969863 tid=3969863 inv=22 hid=4e691a1ac652a1b3 depth=1 name=chip.run.bind ts=83744217400620 dur=26575297 
[mono_ns=83744248546327][T0x76bbe1aa8740][WARN] prepare_execution: [device_runner.cpp:342] AICPU CPU_TOPO unavailable; using json_fallback: soc=Ascend950PR_9579 occupy=0x3e stable_reachable=5 requested=0 effective=5 affinity=[1, 2, 3, 4, 5(orch)]
[mono_ns=83744249695522][T0x76bbe1aa8740][TIMING] emit_host_span: [STRACE] v=1 pid=3969863 tid=3969863 inv=22 hid=4e691a1ac652a1b3 depth=1 name=chip.run.runner_run ts=83744248586537 dur=1108614 
[mono_ns=83744250030935][T0x76bbe1aa8740][TIMING] emit_host_span: [STRACE] v=1 pid=3969863 tid=3969863 inv=22 hid=4e691a1ac652a1b3 depth=1 name=chip.run.validate ts=83744249702903 dur=327702 
[mono_ns=83744250036974][T0x76bbe1aa8740][TIMING] emit_host_span: [STRACE] v=1 pid=3969863 tid=3969863 inv=22 hid=4e691a1ac652a1b3 depth=2 name=chip.run.runner_run.device_wall ts=0 dur=998841 clk=dev
[mono_ns=83744250038557][T0x76bbe1aa8740][TIMING] emit_host_span: [STRACE] v=1 pid=3969863 tid=3969863 inv=22 hid=4e691a1ac652a1b3 depth=3 name=chip.run.runner_run.device_wall.preamble ts=0 dur=15453 clk=dev
[mono_ns=83744250039859][T0x76bbe1aa8740][TIMING] emit_host_span: [STRACE] v=1 pid=3969863 tid=3969863 inv=22 hid=4e691a1ac652a1b3 depth=3 name=chip.run.runner_run.device_wall.graph_build ts=4933 dur=988699 clk=dev
[mono_ns=83744250041030][T0x76bbe1aa8740][TIMING] emit_host_span: [STRACE] v=1 pid=3969863 tid=3969863 inv=22 hid=4e691a1ac652a1b3 depth=3 name=chip.run.runner_run.device_wall.config_validate ts=5443 dur=1250 clk=dev
[mono_ns=83744250043795][T0x76bbe1aa8740][TIMING] emit_host_span: [STRACE] v=1 pid=3969863 tid=3969863 inv=22 hid=4e691a1ac652a1b3 depth=3 name=chip.run.runner_run.device_wall.arena_wire ts=6726 dur=2203 clk=dev
[mono_ns=83744250045497][T0x76bbe1aa8740][TIMING] emit_host_span: [STRACE] v=1 pid=3969863 tid=3969863 inv=22 hid=4e691a1ac652a1b3 depth=3 name=chip.run.runner_run.device_wall.sm_reset ts=8990 dur=2414 clk=dev
[mono_ns=83744250046709][T0x76bbe1aa8740][TIMING] emit_host_span: [STRACE] v=1 pid=3969863 tid=3969863 inv=22 hid=4e691a1ac652a1b3 depth=3 name=chip.run.runner_run.device_wall.post_orch ts=993723 dur=4270 clk=dev
[mono_ns=83744250047851][T0x76bbe1aa8740][TIMING] emit_host_span: [STRACE] v=1 pid=3969863 tid=3969863 inv=22 hid=4e691a1ac652a1b3 depth=3 name=chip.run.runner_run.device_wall.orch ts=11440 dur=586929 clk=dev
[mono_ns=83744250049012][T0x76bbe1aa8740][TIMING] emit_host_span: [STRACE] v=1 pid=3969863 tid=3969863 inv=22 hid=4e691a1ac652a1b3 depth=3 name=chip.run.runner_run.device_wall.sched ts=15229 dur=963068 clk=dev
[mono_ns=83744250052588][T0x76bbe1aa8740][TIMING] emit_host_span: [STRACE] v=1 pid=3969863 tid=3969863 inv=22 hid=4e691a1ac652a1b3 depth=1 name=chip.run.claim_release ts=83744250052247 dur=70 
[mono_ns=83744250053950][T0x76bbe1aa8740][TIMING] emit_host_span: [STRACE] v=1 pid=3969863 tid=3969863 inv=22 hid=4e691a1ac652a1b3 depth=0 name=chip.run ts=83744217398076 dur=32655573 run_id=0 dispatch_id=0 slot_id=0 generation=22 run_epoch=22
[mono_ns=83744277425122][T0x76bbe1aa8740][TIMING] emit_host_span: [STRACE] v=1 pid=3969863 tid=3969863 inv=23 hid=4e691a1ac652a1b3 depth=2 name=chip.run.bind.args ts=83744250304706 dur=27120005 
[mono_ns=83744277435898][T0x76bbe1aa8740][TIMING] emit_host_span: [STRACE] v=1 pid=3969863 tid=3969863 inv=23 hid=4e691a1ac652a1b3 depth=2 name=chip.run.bind.prebuilt ts=83744277434556 dur=1072 
[mono_ns=83744277437611][T0x76bbe1aa8740][TIMING] emit_host_span: [STRACE] v=1 pid=3969863 tid=3969863 inv=23 hid=4e691a1ac652a1b3 depth=1 name=chip.run.bind ts=83744250303294 dur=27134066 
[mono_ns=83744282039648][T0x76bbe1aa8740][WARN] prepare_execution: [device_runner.cpp:342] AICPU CPU_TOPO unavailable; using json_fallback: soc=Ascend950PR_9579 occupy=0x3e stable_reachable=5 requested=0 effective=5 affinity=[1, 2, 3, 4, 5(orch)]
[mono_ns=83744283182663][T0x76bbe1aa8740][TIMING] emit_host_span: [STRACE] v=1 pid=3969863 tid=3969863 inv=23 hid=4e691a1ac652a1b3 depth=1 name=chip.run.runner_run ts=83744282093398 dur=1088915 
[mono_ns=83744283509684][T0x76bbe1aa8740][TIMING] emit_host_span: [STRACE] v=1 pid=3969863 tid=3969863 inv=23 hid=4e691a1ac652a1b3 depth=1 name=chip.run.validate ts=83744283190385 dur=318969 
[mono_ns=83744283514752][T0x76bbe1aa8740][TIMING] emit_host_span: [STRACE] v=1 pid=3969863 tid=3969863 inv=23 hid=4e691a1ac652a1b3 depth=2 name=chip.run.runner_run.device_wall ts=0 dur=972152 clk=dev
[mono_ns=83744283516524][T0x76bbe1aa8740][TIMING] emit_host_span: [STRACE] v=1 pid=3969863 tid=3969863 inv=23 hid=4e691a1ac652a1b3 depth=3 name=chip.run.runner_run.device_wall.preamble ts=0 dur=14190 clk=dev
[mono_ns=83744283517816][T0x76bbe1aa8740][TIMING] emit_host_span: [STRACE] v=1 pid=3969863 tid=3969863 inv=23 hid=4e691a1ac652a1b3 depth=3 name=chip.run.runner_run.device_wall.graph_build ts=5171 dur=962088 clk=dev
[mono_ns=83744283519319][T0x76bbe1aa8740][TIMING] emit_host_span: [STRACE] v=1 pid=3969863 tid=3969863 inv=23 hid=4e691a1ac652a1b3 depth=3 name=chip.run.runner_run.device_wall.config_validate ts=5497 dur=1192 clk=dev
[mono_ns=83744283521462][T0x76bbe1aa8740][TIMING] emit_host_span: [STRACE] v=1 pid=3969863 tid=3969863 inv=23 hid=4e691a1ac652a1b3 depth=3 name=chip.run.runner_run.device_wall.arena_wire ts=6856 dur=2033 clk=dev
[mono_ns=83744283522974][T0x76bbe1aa8740][TIMING] emit_host_span: [STRACE] v=1 pid=3969863 tid=3969863 inv=23 hid=4e691a1ac652a1b3 depth=3 name=chip.run.runner_run.device_wall.sm_reset ts=8918 dur=2916 clk=dev
[mono_ns=83744283524116][T0x76bbe1aa8740][TIMING] emit_host_span: [STRACE] v=1 pid=3969863 tid=3969863 inv=23 hid=4e691a1ac652a1b3 depth=3 name=chip.run.runner_run.device_wall.post_orch ts=967288 dur=4409 clk=dev
[mono_ns=83744283525278][T0x76bbe1aa8740][TIMING] emit_host_span: [STRACE] v=1 pid=3969863 tid=3969863 inv=23 hid=4e691a1ac652a1b3 depth=3 name=chip.run.runner_run.device_wall.orch ts=11894 dur=580512 clk=dev
[mono_ns=83744283526389][T0x76bbe1aa8740][TIMING] emit_host_span: [STRACE] v=1 pid=3969863 tid=3969863 inv=23 hid=4e691a1ac652a1b3 depth=3 name=chip.run.runner_run.device_wall.sched ts=13591 dur=940538 clk=dev
[mono_ns=83744283527651][T0x76bbe1aa8740][TIMING] emit_host_span: [STRACE] v=1 pid=3969863 tid=3969863 inv=23 hid=4e691a1ac652a1b3 depth=1 name=chip.run.claim_release ts=83744283527371 dur=50 
[mono_ns=83744283528973][T0x76bbe1aa8740][TIMING] emit_host_span: [STRACE] v=1 pid=3969863 tid=3969863 inv=23 hid=4e691a1ac652a1b3 depth=0 name=chip.run ts=83744250300981 dur=33227672 run_id=0 dispatch_id=0 slot_id=0 generation=23 run_epoch=23
[mono_ns=83744309406373][T0x76bbe1aa8740][TIMING] emit_host_span: [STRACE] v=1 pid=3969863 tid=3969863 inv=24 hid=4e691a1ac652a1b3 depth=2 name=chip.run.bind.args ts=83744283793230 dur=25612532 
[mono_ns=83744309419262][T0x76bbe1aa8740][TIMING] emit_host_span: [STRACE] v=1 pid=3969863 tid=3969863 inv=24 hid=4e691a1ac652a1b3 depth=2 name=chip.run.bind.prebuilt ts=83744309417490 dur=1482 
[mono_ns=83744309421325][T0x76bbe1aa8740][TIMING] emit_host_span: [STRACE] v=1 pid=3969863 tid=3969863 inv=24 hid=4e691a1ac652a1b3 depth=1 name=chip.run.bind ts=83744283791788 dur=25629277 
[mono_ns=83744314133678][T0x76bbe1aa8740][WARN] prepare_execution: [device_runner.cpp:342] AICPU CPU_TOPO unavailable; using json_fallback: soc=Ascend950PR_9579 occupy=0x3e stable_reachable=5 requested=0 effective=5 affinity=[1, 2, 3, 4, 5(orch)]
[mono_ns=83744315429213][T0x76bbe1aa8740][TIMING] emit_host_span: [STRACE] v=1 pid=3969863 tid=3969863 inv=24 hid=4e691a1ac652a1b3 depth=1 name=chip.run.runner_run ts=83744314227008 dur=1200863 
[mono_ns=83744315918097][T0x76bbe1aa8740][TIMING] emit_host_span: [STRACE] v=1 pid=3969863 tid=3969863 inv=24 hid=4e691a1ac652a1b3 depth=1 name=chip.run.validate ts=83744315441311 dur=476245 
[mono_ns=83744315924216][T0x76bbe1aa8740][TIMING] emit_host_span: [STRACE] v=1 pid=3969863 tid=3969863 inv=24 hid=4e691a1ac652a1b3 depth=2 name=chip.run.runner_run.device_wall ts=0 dur=990526 clk=dev
[mono_ns=83744315926629][T0x76bbe1aa8740][TIMING] emit_host_span: [STRACE] v=1 pid=3969863 tid=3969863 inv=24 hid=4e691a1ac652a1b3 depth=3 name=chip.run.runner_run.device_wall.preamble ts=0 dur=13090 clk=dev
[mono_ns=83744315928252][T0x76bbe1aa8740][TIMING] emit_host_span: [STRACE] v=1 pid=3969863 tid=3969863 inv=24 hid=4e691a1ac652a1b3 depth=3 name=chip.run.runner_run.device_wall.graph_build ts=2302 dur=983633 clk=dev
[mono_ns=83744315931316][T0x76bbe1aa8740][TIMING] emit_host_span: [STRACE] v=1 pid=3969863 tid=3969863 inv=24 hid=4e691a1ac652a1b3 depth=3 name=chip.run.runner_run.device_wall.config_validate ts=2652 dur=1150 clk=dev
[mono_ns=83744315932759][T0x76bbe1aa8740][TIMING] emit_host_span: [STRACE] v=1 pid=3969863 tid=3969863 inv=24 hid=4e691a1ac652a1b3 depth=3 name=chip.run.runner_run.device_wall.arena_wire ts=3827 dur=1793 clk=dev
[mono_ns=83744315933950][T0x76bbe1aa8740][TIMING] emit_host_span: [STRACE] v=1 pid=3969863 tid=3969863 inv=24 hid=4e691a1ac652a1b3 depth=3 name=chip.run.runner_run.device_wall.sm_reset ts=5650 dur=1847 clk=dev
[mono_ns=83744315935132][T0x76bbe1aa8740][TIMING] emit_host_span: [STRACE] v=1 pid=3969863 tid=3969863 inv=24 hid=4e691a1ac652a1b3 depth=3 name=chip.run.runner_run.device_wall.post_orch ts=985985 dur=4306 clk=dev
[mono_ns=83744315936324][T0x76bbe1aa8740][TIMING] emit_host_span: [STRACE] v=1 pid=3969863 tid=3969863 inv=24 hid=4e691a1ac652a1b3 depth=3 name=chip.run.runner_run.device_wall.orch ts=7585 dur=591228 clk=dev
[mono_ns=83744315937456][T0x76bbe1aa8740][TIMING] emit_host_span: [STRACE] v=1 pid=3969863 tid=3969863 inv=24 hid=4e691a1ac652a1b3 depth=3 name=chip.run.runner_run.device_wall.sched ts=12692 dur=960056 clk=dev
[mono_ns=83744315939168][T0x76bbe1aa8740][TIMING] emit_host_span: [STRACE] v=1 pid=3969863 tid=3969863 inv=24 hid=4e691a1ac652a1b3 depth=1 name=chip.run.claim_release ts=83744315938537 dur=301 
[mono_ns=83744315941412][T0x76bbe1aa8740][TIMING] emit_host_span: [STRACE] v=1 pid=3969863 tid=3969863 inv=24 hid=4e691a1ac652a1b3 depth=0 name=chip.run ts=83744283789745 dur=32150926 run_id=0 dispatch_id=0 slot_id=0 generation=24 run_epoch=24
[mono_ns=83744358514210][T0x76bbe1aa8740][TIMING] emit_host_span: [STRACE] v=1 pid=3969863 tid=3969863 inv=25 hid=4e691a1ac652a1b3 depth=2 name=chip.run.bind.args ts=83744316363014 dur=42149764 
[mono_ns=83744358533098][T0x76bbe1aa8740][TIMING] emit_host_span: [STRACE] v=1 pid=3969863 tid=3969863 inv=25 hid=4e691a1ac652a1b3 depth=2 name=chip.run.bind.prebuilt ts=83744358529192 dur=3586 
[mono_ns=83744358536333][T0x76bbe1aa8740][TIMING] emit_host_span: [STRACE] v=1 pid=3969863 tid=3969863 inv=25 hid=4e691a1ac652a1b3 depth=1 name=chip.run.bind ts=83744316357176 dur=42178716 
[mono_ns=83744363061685][T0x76bbe1aa8740][WARN] prepare_execution: [device_runner.cpp:342] AICPU CPU_TOPO unavailable; using json_fallback: soc=Ascend950PR_9579 occupy=0x3e stable_reachable=5 requested=0 effective=5 affinity=[1, 2, 3, 4, 5(orch)]
[mono_ns=83744364296439][T0x76bbe1aa8740][TIMING] emit_host_span: [STRACE] v=1 pid=3969863 tid=3969863 inv=25 hid=4e691a1ac652a1b3 depth=1 name=chip.run.runner_run ts=83744363114955 dur=1180843 
[mono_ns=83744364677531][T0x76bbe1aa8740][TIMING] emit_host_span: [STRACE] v=1 pid=3969863 tid=3969863 inv=25 hid=4e691a1ac652a1b3 depth=1 name=chip.run.validate ts=83744364304491 dur=372699 
[mono_ns=83744364682839][T0x76bbe1aa8740][TIMING] emit_host_span: [STRACE] v=1 pid=3969863 tid=3969863 inv=25 hid=4e691a1ac652a1b3 depth=2 name=chip.run.runner_run.device_wall ts=0 dur=1023361 clk=dev
[mono_ns=83744364684531][T0x76bbe1aa8740][TIMING] emit_host_span: [STRACE] v=1 pid=3969863 tid=3969863 inv=25 hid=4e691a1ac652a1b3 depth=3 name=chip.run.runner_run.device_wall.preamble ts=0 dur=14033 clk=dev
[mono_ns=83744364685813][T0x76bbe1aa8740][TIMING] emit_host_span: [STRACE] v=1 pid=3969863 tid=3969863 inv=25 hid=4e691a1ac652a1b3 depth=3 name=chip.run.runner_run.device_wall.graph_build ts=4319 dur=1013723 clk=dev
[mono_ns=83744364687125][T0x76bbe1aa8740][TIMING] emit_host_span: [STRACE] v=1 pid=3969863 tid=3969863 inv=25 hid=4e691a1ac652a1b3 depth=3 name=chip.run.runner_run.device_wall.config_validate ts=4469 dur=1115 clk=dev
[mono_ns=83744364688547][T0x76bbe1aa8740][TIMING] emit_host_span: [STRACE] v=1 pid=3969863 tid=3969863 inv=25 hid=4e691a1ac652a1b3 depth=3 name=chip.run.runner_run.device_wall.arena_wire ts=5706 dur=2830 clk=dev
[mono_ns=83744364690710][T0x76bbe1aa8740][TIMING] emit_host_span: [STRACE] v=1 pid=3969863 tid=3969863 inv=25 hid=4e691a1ac652a1b3 depth=3 name=chip.run.runner_run.device_wall.sm_reset ts=8572 dur=2896 clk=dev
[mono_ns=83744364691852][T0x76bbe1aa8740][TIMING] emit_host_span: [STRACE] v=1 pid=3969863 tid=3969863 inv=25 hid=4e691a1ac652a1b3 depth=3 name=chip.run.runner_run.device_wall.post_orch ts=1018083 dur=3936 clk=dev
[mono_ns=83744364693014][T0x76bbe1aa8740][TIMING] emit_host_span: [STRACE] v=1 pid=3969863 tid=3969863 inv=25 hid=4e691a1ac652a1b3 depth=3 name=chip.run.runner_run.device_wall.orch ts=11503 dur=607012 clk=dev
[mono_ns=83744364694176][T0x76bbe1aa8740][TIMING] emit_host_span: [STRACE] v=1 pid=3969863 tid=3969863 inv=25 hid=4e691a1ac652a1b3 depth=3 name=chip.run.runner_run.device_wall.sched ts=13642 dur=993511 clk=dev
[mono_ns=83744364695568][T0x76bbe1aa8740][TIMING] emit_host_span: [STRACE] v=1 pid=3969863 tid=3969863 inv=25 hid=4e691a1ac652a1b3 depth=1 name=chip.run.claim_release ts=83744364695247 dur=50 
[mono_ns=83744364697210][T0x76bbe1aa8740][TIMING] emit_host_span: [STRACE] v=1 pid=3969863 tid=3969863 inv=25 hid=4e691a1ac652a1b3 depth=0 name=chip.run ts=83744316351097 dur=48345602 run_id=0 dispatch_id=0 slot_id=0 generation=25 run_epoch=25
[mono_ns=83744397666785][T0x76bbe1aa8740][TIMING] emit_host_span: [STRACE] v=1 pid=3969863 tid=3969863 inv=26 hid=4e691a1ac652a1b3 depth=2 name=chip.run.bind.args ts=83744365045783 dur=32619960 
[mono_ns=83744397679574][T0x76bbe1aa8740][TIMING] emit_host_span: [STRACE] v=1 pid=3969863 tid=3969863 inv=26 hid=4e691a1ac652a1b3 depth=2 name=chip.run.bind.prebuilt ts=83744397677731 dur=1543 
[mono_ns=83744397681727][T0x76bbe1aa8740][TIMING] emit_host_span: [STRACE] v=1 pid=3969863 tid=3969863 inv=26 hid=4e691a1ac652a1b3 depth=1 name=chip.run.bind ts=83744365041647 dur=32639559 
[mono_ns=83744402206659][T0x76bbe1aa8740][WARN] prepare_execution: [device_runner.cpp:342] AICPU CPU_TOPO unavailable; using json_fallback: soc=Ascend950PR_9579 occupy=0x3e stable_reachable=5 requested=0 effective=5 affinity=[1, 2, 3, 4, 5(orch)]
[mono_ns=83744403487541][T0x76bbe1aa8740][TIMING] emit_host_span: [STRACE] v=1 pid=3969863 tid=3969863 inv=26 hid=4e691a1ac652a1b3 depth=1 name=chip.run.runner_run ts=83744402263574 dur=1223497 
[mono_ns=83744403868102][T0x76bbe1aa8740][TIMING] emit_host_span: [STRACE] v=1 pid=3969863 tid=3969863 inv=26 hid=4e691a1ac652a1b3 depth=1 name=chip.run.validate ts=83744403499159 dur=368543 
[mono_ns=83744403873451][T0x76bbe1aa8740][TIMING] emit_host_span: [STRACE] v=1 pid=3969863 tid=3969863 inv=26 hid=4e691a1ac652a1b3 depth=2 name=chip.run.runner_run.device_wall ts=0 dur=1072629 clk=dev
[mono_ns=83744403875073][T0x76bbe1aa8740][TIMING] emit_host_span: [STRACE] v=1 pid=3969863 tid=3969863 inv=26 hid=4e691a1ac652a1b3 depth=3 name=chip.run.runner_run.device_wall.preamble ts=0 dur=12052 clk=dev
[mono_ns=83744403876245][T0x76bbe1aa8740][TIMING] emit_host_span: [STRACE] v=1 pid=3969863 tid=3969863 inv=26 hid=4e691a1ac652a1b3 depth=3 name=chip.run.runner_run.device_wall.graph_build ts=1400 dur=1065922 clk=dev
[mono_ns=83744403877436][T0x76bbe1aa8740][TIMING] emit_host_span: [STRACE] v=1 pid=3969863 tid=3969863 inv=26 hid=4e691a1ac652a1b3 depth=3 name=chip.run.runner_run.device_wall.config_validate ts=1694 dur=987 clk=dev
[mono_ns=83744403879399][T0x76bbe1aa8740][TIMING] emit_host_span: [STRACE] v=1 pid=3969863 tid=3969863 inv=26 hid=4e691a1ac652a1b3 depth=3 name=chip.run.runner_run.device_wall.arena_wire ts=2957 dur=2264 clk=dev
[mono_ns=83744403881102][T0x76bbe1aa8740][TIMING] emit_host_span: [STRACE] v=1 pid=3969863 tid=3969863 inv=26 hid=4e691a1ac652a1b3 depth=3 name=chip.run.runner_run.device_wall.sm_reset ts=5250 dur=2506 clk=dev
[mono_ns=83744403882294][T0x76bbe1aa8740][TIMING] emit_host_span: [STRACE] v=1 pid=3969863 tid=3969863 inv=26 hid=4e691a1ac652a1b3 depth=3 name=chip.run.runner_run.device_wall.post_orch ts=1067363 dur=4592 clk=dev
[mono_ns=83744403883446][T0x76bbe1aa8740][TIMING] emit_host_span: [STRACE] v=1 pid=3969863 tid=3969863 inv=26 hid=4e691a1ac652a1b3 depth=3 name=chip.run.runner_run.device_wall.orch ts=7882 dur=593655 clk=dev
[mono_ns=83744403884617][T0x76bbe1aa8740][TIMING] emit_host_span: [STRACE] v=1 pid=3969863 tid=3969863 inv=26 hid=4e691a1ac652a1b3 depth=3 name=chip.run.runner_run.device_wall.sched ts=11453 dur=1043614 clk=dev
[mono_ns=83744403886019][T0x76bbe1aa8740][TIMING] emit_host_span: [STRACE] v=1 pid=3969863 tid=3969863 inv=26 hid=4e691a1ac652a1b3 depth=1 name=chip.run.claim_release ts=83744403885689 dur=50 
[mono_ns=83744403887442][T0x76bbe1aa8740][TIMING] emit_host_span: [STRACE] v=1 pid=3969863 tid=3969863 inv=26 hid=4e691a1ac652a1b3 depth=0 name=chip.run ts=83744365037681 dur=38849440 run_id=0 dispatch_id=0 slot_id=0 generation=26 run_epoch=26
[mono_ns=83744433402892][T0x76bbe1aa8740][TIMING] emit_host_span: [STRACE] v=1 pid=3969863 tid=3969863 inv=27 hid=4e691a1ac652a1b3 depth=2 name=chip.run.bind.args ts=83744404218889 dur=29182951 
[mono_ns=83744433415741][T0x76bbe1aa8740][TIMING] emit_host_span: [STRACE] v=1 pid=3969863 tid=3969863 inv=27 hid=4e691a1ac652a1b3 depth=2 name=chip.run.bind.prebuilt ts=83744433414129 dur=1232 
[mono_ns=83744433417644][T0x76bbe1aa8740][TIMING] emit_host_span: [STRACE] v=1 pid=3969863 tid=3969863 inv=27 hid=4e691a1ac652a1b3 depth=1 name=chip.run.bind ts=83744404215534 dur=29201749 
[mono_ns=83744437917338][T0x76bbe1aa8740][WARN] prepare_execution: [device_runner.cpp:342] AICPU CPU_TOPO unavailable; using json_fallback: soc=Ascend950PR_9579 occupy=0x3e stable_reachable=5 requested=0 effective=5 affinity=[1, 2, 3, 4, 5(orch)]
[mono_ns=83744439135937][T0x76bbe1aa8740][TIMING] emit_host_span: [STRACE] v=1 pid=3969863 tid=3969863 inv=27 hid=4e691a1ac652a1b3 depth=1 name=chip.run.runner_run ts=83744437970487 dur=1165039 
[mono_ns=83744439477509][T0x76bbe1aa8740][TIMING] emit_host_span: [STRACE] v=1 pid=3969863 tid=3969863 inv=27 hid=4e691a1ac652a1b3 depth=1 name=chip.run.validate ts=83744439143107 dur=333992 
[mono_ns=83744439482927][T0x76bbe1aa8740][TIMING] emit_host_span: [STRACE] v=1 pid=3969863 tid=3969863 inv=27 hid=4e691a1ac652a1b3 depth=2 name=chip.run.runner_run.device_wall ts=0 dur=1019654 clk=dev
[mono_ns=83744439484400][T0x76bbe1aa8740][TIMING] emit_host_span: [STRACE] v=1 pid=3969863 tid=3969863 inv=27 hid=4e691a1ac652a1b3 depth=3 name=chip.run.runner_run.device_wall.preamble ts=0 dur=15087 clk=dev
[mono_ns=83744439489728][T0x76bbe1aa8740][TIMING] emit_host_span: [STRACE] v=1 pid=3969863 tid=3969863 inv=27 hid=4e691a1ac652a1b3 depth=3 name=chip.run.runner_run.device_wall.graph_build ts=4862 dur=1010749 clk=dev
[mono_ns=83744439491050][T0x76bbe1aa8740][TIMING] emit_host_span: [STRACE] v=1 pid=3969863 tid=3969863 inv=27 hid=4e691a1ac652a1b3 depth=3 name=chip.run.runner_run.device_wall.config_validate ts=5392 dur=1349 clk=dev
[mono_ns=83744439492191][T0x76bbe1aa8740][TIMING] emit_host_span: [STRACE] v=1 pid=3969863 tid=3969863 inv=27 hid=4e691a1ac652a1b3 depth=3 name=chip.run.runner_run.device_wall.arena_wire ts=6771 dur=1703 clk=dev
[mono_ns=83744439493333][T0x76bbe1aa8740][TIMING] emit_host_span: [STRACE] v=1 pid=3969863 tid=3969863 inv=27 hid=4e691a1ac652a1b3 depth=3 name=chip.run.runner_run.device_wall.sm_reset ts=8506 dur=2322 clk=dev
[mono_ns=83744439494465][T0x76bbe1aa8740][TIMING] emit_host_span: [STRACE] v=1 pid=3969863 tid=3969863 inv=27 hid=4e691a1ac652a1b3 depth=3 name=chip.run.runner_run.device_wall.post_orch ts=1015639 dur=3397 clk=dev
[mono_ns=83744439495627][T0x76bbe1aa8740][TIMING] emit_host_span: [STRACE] v=1 pid=3969863 tid=3969863 inv=27 hid=4e691a1ac652a1b3 depth=3 name=chip.run.runner_run.device_wall.orch ts=10862 dur=598550 clk=dev
[mono_ns=83744439496778][T0x76bbe1aa8740][TIMING] emit_host_span: [STRACE] v=1 pid=3969863 tid=3969863 inv=27 hid=4e691a1ac652a1b3 depth=3 name=chip.run.runner_run.device_wall.sched ts=14953 dur=986827 clk=dev
[mono_ns=83744439498130][T0x76bbe1aa8740][TIMING] emit_host_span: [STRACE] v=1 pid=3969863 tid=3969863 inv=27 hid=4e691a1ac652a1b3 depth=1 name=chip.run.claim_release ts=83744439497820 dur=50 
[mono_ns=83744439499963][T0x76bbe1aa8740][TIMING] emit_host_span: [STRACE] v=1 pid=3969863 tid=3969863 inv=27 hid=4e691a1ac652a1b3 depth=0 name=chip.run ts=83744404211979 dur=35287684 run_id=0 dispatch_id=0 slot_id=0 generation=27 run_epoch=27
[mono_ns=83744466775782][T0x76bbe1aa8740][TIMING] emit_host_span: [STRACE] v=1 pid=3969863 tid=3969863 inv=28 hid=4e691a1ac652a1b3 depth=2 name=chip.run.bind.args ts=83744439786944 dur=26987977 
[mono_ns=83744466788471][T0x76bbe1aa8740][TIMING] emit_host_span: [STRACE] v=1 pid=3969863 tid=3969863 inv=28 hid=4e691a1ac652a1b3 depth=2 name=chip.run.bind.prebuilt ts=83744466786508 dur=1592 
[mono_ns=83744466790384][T0x76bbe1aa8740][TIMING] emit_host_span: [STRACE] v=1 pid=3969863 tid=3969863 inv=28 hid=4e691a1ac652a1b3 depth=1 name=chip.run.bind ts=83744439783639 dur=27006394 
[mono_ns=83744471228745][T0x76bbe1aa8740][WARN] prepare_execution: [device_runner.cpp:342] AICPU CPU_TOPO unavailable; using json_fallback: soc=Ascend950PR_9579 occupy=0x3e stable_reachable=5 requested=0 effective=5 affinity=[1, 2, 3, 4, 5(orch)]
[mono_ns=83744472429818][T0x76bbe1aa8740][TIMING] emit_host_span: [STRACE] v=1 pid=3969863 tid=3969863 inv=28 hid=4e691a1ac652a1b3 depth=1 name=chip.run.runner_run ts=83744471280032 dur=1149345 
[mono_ns=83744472787335][T0x76bbe1aa8740][TIMING] emit_host_span: [STRACE] v=1 pid=3969863 tid=3969863 inv=28 hid=4e691a1ac652a1b3 depth=1 name=chip.run.validate ts=83744472437540 dur=349324 
[mono_ns=83744472793183][T0x76bbe1aa8740][TIMING] emit_host_span: [STRACE] v=1 pid=3969863 tid=3969863 inv=28 hid=4e691a1ac652a1b3 depth=2 name=chip.run.runner_run.device_wall ts=0 dur=1015737 clk=dev
[mono_ns=83744472794666][T0x76bbe1aa8740][TIMING] emit_host_span: [STRACE] v=1 pid=3969863 tid=3969863 inv=28 hid=4e691a1ac652a1b3 depth=3 name=chip.run.runner_run.device_wall.preamble ts=0 dur=14586 clk=dev
[mono_ns=83744472795847][T0x76bbe1aa8740][TIMING] emit_host_span: [STRACE] v=1 pid=3969863 tid=3969863 inv=28 hid=4e691a1ac652a1b3 depth=3 name=chip.run.runner_run.device_wall.graph_build ts=4874 dur=1004960 clk=dev
[mono_ns=83744472797019][T0x76bbe1aa8740][TIMING] emit_host_span: [STRACE] v=1 pid=3969863 tid=3969863 inv=28 hid=4e691a1ac652a1b3 depth=3 name=chip.run.runner_run.device_wall.config_validate ts=5459 dur=929 clk=dev
[mono_ns=83744472798501][T0x76bbe1aa8740][TIMING] emit_host_span: [STRACE] v=1 pid=3969863 tid=3969863 inv=28 hid=4e691a1ac652a1b3 depth=3 name=chip.run.runner_run.device_wall.arena_wire ts=6588 dur=1481 clk=dev
[mono_ns=83744472803229][T0x76bbe1aa8740][TIMING] emit_host_span: [STRACE] v=1 pid=3969863 tid=3969863 inv=28 hid=4e691a1ac652a1b3 depth=3 name=chip.run.runner_run.device_wall.sm_reset ts=8144 dur=2217 clk=dev
[mono_ns=83744472804490][T0x76bbe1aa8740][TIMING] emit_host_span: [STRACE] v=1 pid=3969863 tid=3969863 inv=28 hid=4e691a1ac652a1b3 depth=3 name=chip.run.runner_run.device_wall.post_orch ts=1009919 dur=4534 clk=dev
[mono_ns=83744472805642][T0x76bbe1aa8740][TIMING] emit_host_span: [STRACE] v=1 pid=3969863 tid=3969863 inv=28 hid=4e691a1ac652a1b3 depth=3 name=chip.run.runner_run.device_wall.orch ts=10663 dur=594690 clk=dev
[mono_ns=83744472806774][T0x76bbe1aa8740][TIMING] emit_host_span: [STRACE] v=1 pid=3969863 tid=3969863 inv=28 hid=4e691a1ac652a1b3 depth=3 name=chip.run.runner_run.device_wall.sched ts=14294 dur=980483 clk=dev
[mono_ns=83744472808246][T0x76bbe1aa8740][TIMING] emit_host_span: [STRACE] v=1 pid=3969863 tid=3969863 inv=28 hid=4e691a1ac652a1b3 depth=1 name=chip.run.claim_release ts=83744472807886 dur=70 
[mono_ns=83744472809628][T0x76bbe1aa8740][TIMING] emit_host_span: [STRACE] v=1 pid=3969863 tid=3969863 inv=28 hid=4e691a1ac652a1b3 depth=0 name=chip.run ts=83744439781025 dur=33028263 run_id=0 dispatch_id=0 slot_id=0 generation=28 run_epoch=28
[mono_ns=83744500608121][T0x76bbe1aa8740][TIMING] emit_host_span: [STRACE] v=1 pid=3969863 tid=3969863 inv=29 hid=4e691a1ac652a1b3 depth=2 name=chip.run.bind.args ts=83744473114386 dur=27493275 
[mono_ns=83744500619719][T0x76bbe1aa8740][TIMING] emit_host_span: [STRACE] v=1 pid=3969863 tid=3969863 inv=29 hid=4e691a1ac652a1b3 depth=2 name=chip.run.bind.prebuilt ts=83744500617796 dur=1602 
[mono_ns=83744500621471][T0x76bbe1aa8740][TIMING] emit_host_span: [STRACE] v=1 pid=3969863 tid=3969863 inv=29 hid=4e691a1ac652a1b3 depth=1 name=chip.run.bind ts=83744473111151 dur=27509990 
[mono_ns=83744507039344][T0x76bbe1aa8740][WARN] prepare_execution: [device_runner.cpp:342] AICPU CPU_TOPO unavailable; using json_fallback: soc=Ascend950PR_9579 occupy=0x3e stable_reachable=5 requested=0 effective=5 affinity=[1, 2, 3, 4, 5(orch)]
[mono_ns=83744508286035][T0x76bbe1aa8740][TIMING] emit_host_span: [STRACE] v=1 pid=3969863 tid=3969863 inv=29 hid=4e691a1ac652a1b3 depth=1 name=chip.run.runner_run ts=83744507092734 dur=1192951 
[mono_ns=83744508638735][T0x76bbe1aa8740][TIMING] emit_host_span: [STRACE] v=1 pid=3969863 tid=3969863 inv=29 hid=4e691a1ac652a1b3 depth=1 name=chip.run.validate ts=83744508293066 dur=345248 
[mono_ns=83744508643852][T0x76bbe1aa8740][TIMING] emit_host_span: [STRACE] v=1 pid=3969863 tid=3969863 inv=29 hid=4e691a1ac652a1b3 depth=2 name=chip.run.runner_run.device_wall ts=0 dur=1056361 clk=dev
[mono_ns=83744508645315][T0x76bbe1aa8740][TIMING] emit_host_span: [STRACE] v=1 pid=3969863 tid=3969863 inv=29 hid=4e691a1ac652a1b3 depth=3 name=chip.run.runner_run.device_wall.preamble ts=0 dur=13872 clk=dev
[mono_ns=83744508646607][T0x76bbe1aa8740][TIMING] emit_host_span: [STRACE] v=1 pid=3969863 tid=3969863 inv=29 hid=4e691a1ac652a1b3 depth=3 name=chip.run.runner_run.device_wall.graph_build ts=4451 dur=1046388 clk=dev
[mono_ns=83744508647788][T0x76bbe1aa8740][TIMING] emit_host_span: [STRACE] v=1 pid=3969863 tid=3969863 inv=29 hid=4e691a1ac652a1b3 depth=3 name=chip.run.runner_run.device_wall.config_validate ts=5074 dur=1097 clk=dev
[mono_ns=83744508650623][T0x76bbe1aa8740][TIMING] emit_host_span: [STRACE] v=1 pid=3969863 tid=3969863 inv=29 hid=4e691a1ac652a1b3 depth=3 name=chip.run.runner_run.device_wall.arena_wire ts=6197 dur=1765 clk=dev
[mono_ns=83744508652586][T0x76bbe1aa8740][TIMING] emit_host_span: [STRACE] v=1 pid=3969863 tid=3969863 inv=29 hid=4e691a1ac652a1b3 depth=3 name=chip.run.runner_run.device_wall.sm_reset ts=8180 dur=2794 clk=dev
[mono_ns=83744508653988][T0x76bbe1aa8740][TIMING] emit_host_span: [STRACE] v=1 pid=3969863 tid=3969863 inv=29 hid=4e691a1ac652a1b3 depth=3 name=chip.run.runner_run.device_wall.post_orch ts=1050887 dur=4566 clk=dev
[mono_ns=83744508658014][T0x76bbe1aa8740][TIMING] emit_host_span: [STRACE] v=1 pid=3969863 tid=3969863 inv=29 hid=4e691a1ac652a1b3 depth=3 name=chip.run.runner_run.device_wall.orch ts=11071 dur=583338 clk=dev
[mono_ns=83744508659185][T0x76bbe1aa8740][TIMING] emit_host_span: [STRACE] v=1 pid=3969863 tid=3969863 inv=29 hid=4e691a1ac652a1b3 depth=3 name=chip.run.runner_run.device_wall.sched ts=13597 dur=1010066 clk=dev
[mono_ns=83744508660537][T0x76bbe1aa8740][TIMING] emit_host_span: [STRACE] v=1 pid=3969863 tid=3969863 inv=29 hid=4e691a1ac652a1b3 depth=1 name=chip.run.claim_release ts=83744508660217 dur=60 
[mono_ns=83744508661890][T0x76bbe1aa8740][TIMING] emit_host_span: [STRACE] v=1 pid=3969863 tid=3969863 inv=29 hid=4e691a1ac652a1b3 depth=0 name=chip.run ts=83744473108527 dur=35553072 run_id=0 dispatch_id=0 slot_id=0 generation=29 run_epoch=29
[mono_ns=83744536808155][T0x76bbe1aa8740][TIMING] emit_host_span: [STRACE] v=1 pid=3969863 tid=3969863 inv=30 hid=4e691a1ac652a1b3 depth=2 name=chip.run.bind.args ts=83744508925065 dur=27881928 
[mono_ns=83744536827894][T0x76bbe1aa8740][TIMING] emit_host_span: [STRACE] v=1 pid=3969863 tid=3969863 inv=30 hid=4e691a1ac652a1b3 depth=2 name=chip.run.bind.prebuilt ts=83744536826102 dur=1422 
[mono_ns=83744536830428][T0x76bbe1aa8740][TIMING] emit_host_span: [STRACE] v=1 pid=3969863 tid=3969863 inv=30 hid=4e691a1ac652a1b3 depth=1 name=chip.run.bind ts=83744508922090 dur=27907978 
[mono_ns=83744541364303][T0x76bbe1aa8740][WARN] prepare_execution: [device_runner.cpp:342] AICPU CPU_TOPO unavailable; using json_fallback: soc=Ascend950PR_9579 occupy=0x3e stable_reachable=5 requested=0 effective=5 affinity=[1, 2, 3, 4, 5(orch)]
[mono_ns=83744542522091][T0x76bbe1aa8740][TIMING] emit_host_span: [STRACE] v=1 pid=3969863 tid=3969863 inv=30 hid=4e691a1ac652a1b3 depth=1 name=chip.run.runner_run ts=83744541419586 dur=1101994 
[mono_ns=83744542864715][T0x76bbe1aa8740][TIMING] emit_host_span: [STRACE] v=1 pid=3969863 tid=3969863 inv=30 hid=4e691a1ac652a1b3 depth=1 name=chip.run.validate ts=83744542530263 dur=334062 
[mono_ns=83744542869953][T0x76bbe1aa8740][TIMING] emit_host_span: [STRACE] v=1 pid=3969863 tid=3969863 inv=30 hid=4e691a1ac652a1b3 depth=2 name=chip.run.runner_run.device_wall ts=0 dur=946472 clk=dev
[mono_ns=83744542871545][T0x76bbe1aa8740][TIMING] emit_host_span: [STRACE] v=1 pid=3969863 tid=3969863 inv=30 hid=4e691a1ac652a1b3 depth=3 name=chip.run.runner_run.device_wall.preamble ts=0 dur=12934 clk=dev
[mono_ns=83744542872988][T0x76bbe1aa8740][TIMING] emit_host_span: [STRACE] v=1 pid=3969863 tid=3969863 inv=30 hid=4e691a1ac652a1b3 depth=3 name=chip.run.runner_run.device_wall.graph_build ts=3061 dur=938701 clk=dev
[mono_ns=83744542874390][T0x76bbe1aa8740][TIMING] emit_host_span: [STRACE] v=1 pid=3969863 tid=3969863 inv=30 hid=4e691a1ac652a1b3 depth=3 name=chip.run.runner_run.device_wall.config_validate ts=3727 dur=691 clk=dev
[mono_ns=83744542877054][T0x76bbe1aa8740][TIMING] emit_host_span: [STRACE] v=1 pid=3969863 tid=3969863 inv=30 hid=4e691a1ac652a1b3 depth=3 name=chip.run.runner_run.device_wall.arena_wire ts=4612 dur=2041 clk=dev
[mono_ns=83744542878426][T0x76bbe1aa8740][TIMING] emit_host_span: [STRACE] v=1 pid=3969863 tid=3969863 inv=30 hid=4e691a1ac652a1b3 depth=3 name=chip.run.runner_run.device_wall.sm_reset ts=6668 dur=1849 clk=dev
[mono_ns=83744542879598][T0x76bbe1aa8740][TIMING] emit_host_span: [STRACE] v=1 pid=3969863 tid=3969863 inv=30 hid=4e691a1ac652a1b3 depth=3 name=chip.run.runner_run.device_wall.post_orch ts=941793 dur=4348 clk=dev
[mono_ns=83744542880799][T0x76bbe1aa8740][TIMING] emit_host_span: [STRACE] v=1 pid=3969863 tid=3969863 inv=30 hid=4e691a1ac652a1b3 depth=3 name=chip.run.runner_run.device_wall.orch ts=8630 dur=585891 clk=dev
[mono_ns=83744542881941][T0x76bbe1aa8740][TIMING] emit_host_span: [STRACE] v=1 pid=3969863 tid=3969863 inv=30 hid=4e691a1ac652a1b3 depth=3 name=chip.run.runner_run.device_wall.sched ts=12723 dur=917060 clk=dev
[mono_ns=83744542883473][T0x76bbe1aa8740][TIMING] emit_host_span: [STRACE] v=1 pid=3969863 tid=3969863 inv=30 hid=4e691a1ac652a1b3 depth=1 name=chip.run.claim_release ts=83744542883043 dur=110 
[mono_ns=83744542888751][T0x76bbe1aa8740][TIMING] emit_host_span: [STRACE] v=1 pid=3969863 tid=3969863 inv=30 hid=4e691a1ac652a1b3 depth=0 name=chip.run ts=83744508919596 dur=33968745 run_id=0 dispatch_id=0 slot_id=0 generation=30 run_epoch=30
[mono_ns=83744570794826][T0x76bbe1aa8740][TIMING] emit_host_span: [STRACE] v=1 pid=3969863 tid=3969863 inv=31 hid=4e691a1ac652a1b3 depth=2 name=chip.run.bind.args ts=83744543191876 dur=27602349 
[mono_ns=83744570806363][T0x76bbe1aa8740][TIMING] emit_host_span: [STRACE] v=1 pid=3969863 tid=3969863 inv=31 hid=4e691a1ac652a1b3 depth=2 name=chip.run.bind.prebuilt ts=83744570804641 dur=1412 
[mono_ns=83744570807976][T0x76bbe1aa8740][TIMING] emit_host_span: [STRACE] v=1 pid=3969863 tid=3969863 inv=31 hid=4e691a1ac652a1b3 depth=1 name=chip.run.bind ts=83744543188591 dur=27619104 
[mono_ns=83744575221049][T0x76bbe1aa8740][WARN] prepare_execution: [device_runner.cpp:342] AICPU CPU_TOPO unavailable; using json_fallback: soc=Ascend950PR_9579 occupy=0x3e stable_reachable=5 requested=0 effective=5 affinity=[1, 2, 3, 4, 5(orch)]
[mono_ns=83744576460520][T0x76bbe1aa8740][TIMING] emit_host_span: [STRACE] v=1 pid=3969863 tid=3969863 inv=31 hid=4e691a1ac652a1b3 depth=1 name=chip.run.runner_run ts=83744575274059 dur=1186070 
[mono_ns=83744576801281][T0x76bbe1aa8740][TIMING] emit_host_span: [STRACE] v=1 pid=3969863 tid=3969863 inv=31 hid=4e691a1ac652a1b3 depth=1 name=chip.run.validate ts=83744576467240 dur=333731 
[mono_ns=83744576806599][T0x76bbe1aa8740][TIMING] emit_host_span: [STRACE] v=1 pid=3969863 tid=3969863 inv=31 hid=4e691a1ac652a1b3 depth=2 name=chip.run.runner_run.device_wall ts=0 dur=1050734 clk=dev
[mono_ns=83744576808272][T0x76bbe1aa8740][TIMING] emit_host_span: [STRACE] v=1 pid=3969863 tid=3969863 inv=31 hid=4e691a1ac652a1b3 depth=3 name=chip.run.runner_run.device_wall.preamble ts=0 dur=14577 clk=dev
[mono_ns=83744576809514][T0x76bbe1aa8740][TIMING] emit_host_span: [STRACE] v=1 pid=3969863 tid=3969863 inv=31 hid=4e691a1ac652a1b3 depth=3 name=chip.run.runner_run.device_wall.graph_build ts=4693 dur=1040534 clk=dev
[mono_ns=83744576810996][T0x76bbe1aa8740][TIMING] emit_host_span: [STRACE] v=1 pid=3969863 tid=3969863 inv=31 hid=4e691a1ac652a1b3 depth=3 name=chip.run.runner_run.device_wall.config_validate ts=5229 dur=1437 clk=dev
[mono_ns=83744576814110][T0x76bbe1aa8740][TIMING] emit_host_span: [STRACE] v=1 pid=3969863 tid=3969863 inv=31 hid=4e691a1ac652a1b3 depth=3 name=chip.run.runner_run.device_wall.arena_wire ts=6696 dur=2053 clk=dev
[mono_ns=83744576815372][T0x76bbe1aa8740][TIMING] emit_host_span: [STRACE] v=1 pid=3969863 tid=3969863 inv=31 hid=4e691a1ac652a1b3 depth=3 name=chip.run.runner_run.device_wall.sm_reset ts=8810 dur=3026 clk=dev
[mono_ns=83744576816514][T0x76bbe1aa8740][TIMING] emit_host_span: [STRACE] v=1 pid=3969863 tid=3969863 inv=31 hid=4e691a1ac652a1b3 depth=3 name=chip.run.runner_run.device_wall.post_orch ts=1045249 dur=4691 clk=dev
[mono_ns=83744576817686][T0x76bbe1aa8740][TIMING] emit_host_span: [STRACE] v=1 pid=3969863 tid=3969863 inv=31 hid=4e691a1ac652a1b3 depth=3 name=chip.run.runner_run.device_wall.orch ts=12024 dur=596977 clk=dev
[mono_ns=83744576818878][T0x76bbe1aa8740][TIMING] emit_host_span: [STRACE] v=1 pid=3969863 tid=3969863 inv=31 hid=4e691a1ac652a1b3 depth=3 name=chip.run.runner_run.device_wall.sched ts=14158 dur=1018483 clk=dev
[mono_ns=83744576820270][T0x76bbe1aa8740][TIMING] emit_host_span: [STRACE] v=1 pid=3969863 tid=3969863 inv=31 hid=4e691a1ac652a1b3 depth=1 name=chip.run.claim_release ts=83744576819919 dur=80 
[mono_ns=83744576821702][T0x76bbe1aa8740][TIMING] emit_host_span: [STRACE] v=1 pid=3969863 tid=3969863 inv=31 hid=4e691a1ac652a1b3 depth=0 name=chip.run ts=83744543184996 dur=33636365 run_id=0 dispatch_id=0 slot_id=0 generation=31 run_epoch=31
[mono_ns=83744605508088][T0x76bbe1aa8740][TIMING] emit_host_span: [STRACE] v=1 pid=3969863 tid=3969863 inv=32 hid=4e691a1ac652a1b3 depth=2 name=chip.run.bind.args ts=83744577115613 dur=28392014 
[mono_ns=83744605517973][T0x76bbe1aa8740][TIMING] emit_host_span: [STRACE] v=1 pid=3969863 tid=3969863 inv=32 hid=4e691a1ac652a1b3 depth=2 name=chip.run.bind.prebuilt ts=83744605516591 dur=1091 
[mono_ns=83744605523511][T0x76bbe1aa8740][TIMING] emit_host_span: [STRACE] v=1 pid=3969863 tid=3969863 inv=32 hid=4e691a1ac652a1b3 depth=1 name=chip.run.bind ts=83744577113560 dur=28409651 
[mono_ns=83744610094922][T0x76bbe1aa8740][WARN] prepare_execution: [device_runner.cpp:342] AICPU CPU_TOPO unavailable; using json_fallback: soc=Ascend950PR_9579 occupy=0x3e stable_reachable=5 requested=0 effective=5 affinity=[1, 2, 3, 4, 5(orch)]
[mono_ns=83744611238218][T0x76bbe1aa8740][TIMING] emit_host_span: [STRACE] v=1 pid=3969863 tid=3969863 inv=32 hid=4e691a1ac652a1b3 depth=1 name=chip.run.runner_run ts=83744610138267 dur=1099571 
[mono_ns=83744611575364][T0x76bbe1aa8740][TIMING] emit_host_span: [STRACE] v=1 pid=3969863 tid=3969863 inv=32 hid=4e691a1ac652a1b3 depth=1 name=chip.run.validate ts=83744611245119 dur=329945 
[mono_ns=83744611580542][T0x76bbe1aa8740][TIMING] emit_host_span: [STRACE] v=1 pid=3969863 tid=3969863 inv=32 hid=4e691a1ac652a1b3 depth=2 name=chip.run.runner_run.device_wall ts=0 dur=972031 clk=dev
[mono_ns=83744611582295][T0x76bbe1aa8740][TIMING] emit_host_span: [STRACE] v=1 pid=3969863 tid=3969863 inv=32 hid=4e691a1ac652a1b3 depth=3 name=chip.run.runner_run.device_wall.preamble ts=0 dur=15576 clk=dev
[mono_ns=83744611583517][T0x76bbe1aa8740][TIMING] emit_host_span: [STRACE] v=1 pid=3969863 tid=3969863 inv=32 hid=4e691a1ac652a1b3 depth=3 name=chip.run.runner_run.device_wall.graph_build ts=5472 dur=962223 clk=dev
[mono_ns=83744611584979][T0x76bbe1aa8740][TIMING] emit_host_span: [STRACE] v=1 pid=3969863 tid=3969863 inv=32 hid=4e691a1ac652a1b3 depth=3 name=chip.run.runner_run.device_wall.config_validate ts=6122 dur=998 clk=dev
[mono_ns=83744611586942][T0x76bbe1aa8740][TIMING] emit_host_span: [STRACE] v=1 pid=3969863 tid=3969863 inv=32 hid=4e691a1ac652a1b3 depth=3 name=chip.run.runner_run.device_wall.arena_wire ts=7152 dur=2000 clk=dev
[mono_ns=83744611588214][T0x76bbe1aa8740][TIMING] emit_host_span: [STRACE] v=1 pid=3969863 tid=3969863 inv=32 hid=4e691a1ac652a1b3 depth=3 name=chip.run.runner_run.device_wall.sm_reset ts=9174 dur=2294 clk=dev
[mono_ns=83744611589335][T0x76bbe1aa8740][TIMING] emit_host_span: [STRACE] v=1 pid=3969863 tid=3969863 inv=32 hid=4e691a1ac652a1b3 depth=3 name=chip.run.runner_run.device_wall.post_orch ts=967757 dur=3649 clk=dev
[mono_ns=83744611590497][T0x76bbe1aa8740][TIMING] emit_host_span: [STRACE] v=1 pid=3969863 tid=3969863 inv=32 hid=4e691a1ac652a1b3 depth=3 name=chip.run.runner_run.device_wall.orch ts=11547 dur=600762 clk=dev
[mono_ns=83744611591669][T0x76bbe1aa8740][TIMING] emit_host_span: [STRACE] v=1 pid=3969863 tid=3969863 inv=32 hid=4e691a1ac652a1b3 depth=3 name=chip.run.runner_run.device_wall.sched ts=15260 dur=938911 clk=dev
[mono_ns=83744611592981][T0x76bbe1aa8740][TIMING] emit_host_span: [STRACE] v=1 pid=3969863 tid=3969863 inv=32 hid=4e691a1ac652a1b3 depth=1 name=chip.run.claim_release ts=83744611592690 dur=40 
[mono_ns=83744611594333][T0x76bbe1aa8740][TIMING] emit_host_span: [STRACE] v=1 pid=3969863 tid=3969863 inv=32 hid=4e691a1ac652a1b3 depth=0 name=chip.run ts=83744577110926 dur=34483076 run_id=0 dispatch_id=0 slot_id=0 generation=32 run_epoch=32
[mono_ns=83744638167317][T0x76bbe1aa8740][TIMING] emit_host_span: [STRACE] v=1 pid=3969863 tid=3969863 inv=33 hid=4e691a1ac652a1b3 depth=2 name=chip.run.bind.args ts=83744611863557 dur=26303329 
[mono_ns=83744638177121][T0x76bbe1aa8740][TIMING] emit_host_span: [STRACE] v=1 pid=3969863 tid=3969863 inv=33 hid=4e691a1ac652a1b3 depth=2 name=chip.run.bind.prebuilt ts=83744638175649 dur=1192 
[mono_ns=83744638178834][T0x76bbe1aa8740][TIMING] emit_host_span: [STRACE] v=1 pid=3969863 tid=3969863 inv=33 hid=4e691a1ac652a1b3 depth=1 name=chip.run.bind ts=83744611861414 dur=26317150 
[mono_ns=83744642593921][T0x76bbe1aa8740][WARN] prepare_execution: [device_runner.cpp:342] AICPU CPU_TOPO unavailable; using json_fallback: soc=Ascend950PR_9579 occupy=0x3e stable_reachable=5 requested=0 effective=5 affinity=[1, 2, 3, 4, 5(orch)]
[mono_ns=83744643786040][T0x76bbe1aa8740][TIMING] emit_host_span: [STRACE] v=1 pid=3969863 tid=3969863 inv=33 hid=4e691a1ac652a1b3 depth=1 name=chip.run.runner_run ts=83744642646940 dur=1138679 
[mono_ns=83744644130767][T0x76bbe1aa8740][TIMING] emit_host_span: [STRACE] v=1 pid=3969863 tid=3969863 inv=33 hid=4e691a1ac652a1b3 depth=1 name=chip.run.validate ts=83744643793271 dur=337096 
[mono_ns=83744644136326][T0x76bbe1aa8740][TIMING] emit_host_span: [STRACE] v=1 pid=3969863 tid=3969863 inv=33 hid=4e691a1ac652a1b3 depth=2 name=chip.run.runner_run.device_wall ts=0 dur=1016338 clk=dev
[mono_ns=83744644137868][T0x76bbe1aa8740][TIMING] emit_host_span: [STRACE] v=1 pid=3969863 tid=3969863 inv=33 hid=4e691a1ac652a1b3 depth=3 name=chip.run.runner_run.device_wall.preamble ts=0 dur=14786 clk=dev
[mono_ns=83744644139060][T0x76bbe1aa8740][TIMING] emit_host_span: [STRACE] v=1 pid=3969863 tid=3969863 inv=33 hid=4e691a1ac652a1b3 depth=3 name=chip.run.runner_run.device_wall.graph_build ts=4500 dur=1007290 clk=dev
[mono_ns=83744644140232][T0x76bbe1aa8740][TIMING] emit_host_span: [STRACE] v=1 pid=3969863 tid=3969863 inv=33 hid=4e691a1ac652a1b3 depth=3 name=chip.run.runner_run.device_wall.config_validate ts=4842 dur=1258 clk=dev
[mono_ns=83744644141714][T0x76bbe1aa8740][TIMING] emit_host_span: [STRACE] v=1 pid=3969863 tid=3969863 inv=33 hid=4e691a1ac652a1b3 depth=3 name=chip.run.runner_run.device_wall.arena_wire ts=6241 dur=1330 clk=dev
[mono_ns=83744644144318][T0x76bbe1aa8740][TIMING] emit_host_span: [STRACE] v=1 pid=3969863 tid=3969863 inv=33 hid=4e691a1ac652a1b3 depth=3 name=chip.run.runner_run.device_wall.sm_reset ts=7590 dur=2272 clk=dev
[mono_ns=83744644145600][T0x76bbe1aa8740][TIMING] emit_host_span: [STRACE] v=1 pid=3969863 tid=3969863 inv=33 hid=4e691a1ac652a1b3 depth=3 name=chip.run.runner_run.device_wall.post_orch ts=1011858 dur=4061 clk=dev
[mono_ns=83744644146761][T0x76bbe1aa8740][TIMING] emit_host_span: [STRACE] v=1 pid=3969863 tid=3969863 inv=33 hid=4e691a1ac652a1b3 depth=3 name=chip.run.runner_run.device_wall.orch ts=10360 dur=605725 clk=dev
[mono_ns=83744644147893][T0x76bbe1aa8740][TIMING] emit_host_span: [STRACE] v=1 pid=3969863 tid=3969863 inv=33 hid=4e691a1ac652a1b3 depth=3 name=chip.run.runner_run.device_wall.sched ts=14443 dur=983299 clk=dev
[mono_ns=83744644149225][T0x76bbe1aa8740][TIMING] emit_host_span: [STRACE] v=1 pid=3969863 tid=3969863 inv=33 hid=4e691a1ac652a1b3 depth=1 name=chip.run.claim_release ts=83744644148905 dur=60 
[mono_ns=83744644150547][T0x76bbe1aa8740][TIMING] emit_host_span: [STRACE] v=1 pid=3969863 tid=3969863 inv=33 hid=4e691a1ac652a1b3 depth=0 name=chip.run ts=83744611858960 dur=32291287 run_id=0 dispatch_id=0 slot_id=0 generation=33 run_epoch=33
[mono_ns=83744672076622][T0x76bbe1aa8740][TIMING] emit_host_span: [STRACE] v=1 pid=3969863 tid=3969863 inv=34 hid=4e691a1ac652a1b3 depth=2 name=chip.run.bind.args ts=83744644409716 dur=27666435 
[mono_ns=83744672085836][T0x76bbe1aa8740][TIMING] emit_host_span: [STRACE] v=1 pid=3969863 tid=3969863 inv=34 hid=4e691a1ac652a1b3 depth=2 name=chip.run.bind.prebuilt ts=83744672084173 dur=1372 
[mono_ns=83744672087388][T0x76bbe1aa8740][TIMING] emit_host_span: [STRACE] v=1 pid=3969863 tid=3969863 inv=34 hid=4e691a1ac652a1b3 depth=1 name=chip.run.bind ts=83744644407763 dur=27679345 
[mono_ns=83744676519140][T0x76bbe1aa8740][WARN] prepare_execution: [device_runner.cpp:342] AICPU CPU_TOPO unavailable; using json_fallback: soc=Ascend950PR_9579 occupy=0x3e stable_reachable=5 requested=0 effective=5 affinity=[1, 2, 3, 4, 5(orch)]
[mono_ns=83744677714664][T0x76bbe1aa8740][TIMING] emit_host_span: [STRACE] v=1 pid=3969863 tid=3969863 inv=34 hid=4e691a1ac652a1b3 depth=1 name=chip.run.runner_run ts=83744676569315 dur=1144989 
[mono_ns=83744678034785][T0x76bbe1aa8740][TIMING] emit_host_span: [STRACE] v=1 pid=3969863 tid=3969863 inv=34 hid=4e691a1ac652a1b3 depth=1 name=chip.run.validate ts=83744677721805 dur=312659 
[mono_ns=83744678040223][T0x76bbe1aa8740][TIMING] emit_host_span: [STRACE] v=1 pid=3969863 tid=3969863 inv=34 hid=4e691a1ac652a1b3 depth=2 name=chip.run.runner_run.device_wall ts=0 dur=1036258 clk=dev
[mono_ns=83744678043908][T0x76bbe1aa8740][TIMING] emit_host_span: [STRACE] v=1 pid=3969863 tid=3969863 inv=34 hid=4e691a1ac652a1b3 depth=3 name=chip.run.runner_run.device_wall.preamble ts=0 dur=12643 clk=dev
[mono_ns=83744678045621][T0x76bbe1aa8740][TIMING] emit_host_span: [STRACE] v=1 pid=3969863 tid=3969863 inv=34 hid=4e691a1ac652a1b3 depth=3 name=chip.run.runner_run.device_wall.graph_build ts=2856 dur=1028406 clk=dev
[mono_ns=83744678047664][T0x76bbe1aa8740][TIMING] emit_host_span: [STRACE] v=1 pid=3969863 tid=3969863 inv=34 hid=4e691a1ac652a1b3 depth=3 name=chip.run.runner_run.device_wall.config_validate ts=3506 dur=905 clk=dev
[mono_ns=83744678049036][T0x76bbe1aa8740][TIMING] emit_host_span: [STRACE] v=1 pid=3969863 tid=3969863 inv=34 hid=4e691a1ac652a1b3 depth=3 name=chip.run.runner_run.device_wall.arena_wire ts=4548 dur=1337 clk=dev
[mono_ns=83744678050168][T0x76bbe1aa8740][TIMING] emit_host_span: [STRACE] v=1 pid=3969863 tid=3969863 inv=34 hid=4e691a1ac652a1b3 depth=3 name=chip.run.runner_run.device_wall.sm_reset ts=5896 dur=2640 clk=dev
[mono_ns=83744678051269][T0x76bbe1aa8740][TIMING] emit_host_span: [STRACE] v=1 pid=3969863 tid=3969863 inv=34 hid=4e691a1ac652a1b3 depth=3 name=chip.run.runner_run.device_wall.post_orch ts=1031281 dur=4544 clk=dev
[mono_ns=83744678052411][T0x76bbe1aa8740][TIMING] emit_host_span: [STRACE] v=1 pid=3969863 tid=3969863 inv=34 hid=4e691a1ac652a1b3 depth=3 name=chip.run.runner_run.device_wall.orch ts=8647 dur=597536 clk=dev
[mono_ns=83744678053563][T0x76bbe1aa8740][TIMING] emit_host_span: [STRACE] v=1 pid=3969863 tid=3969863 inv=34 hid=4e691a1ac652a1b3 depth=3 name=chip.run.runner_run.device_wall.sched ts=12314 dur=1003339 clk=dev
[mono_ns=83744678054905][T0x76bbe1aa8740][TIMING] emit_host_span: [STRACE] v=1 pid=3969863 tid=3969863 inv=34 hid=4e691a1ac652a1b3 depth=1 name=chip.run.claim_release ts=83744678054614 dur=30 
[mono_ns=83744678056187][T0x76bbe1aa8740][TIMING] emit_host_span: [STRACE] v=1 pid=3969863 tid=3969863 inv=34 hid=4e691a1ac652a1b3 depth=0 name=chip.run ts=83744644405259 dur=33650637 run_id=0 dispatch_id=0 slot_id=0 generation=34 run_epoch=34
[mono_ns=83744704100697][T0x76bbe1aa8740][TIMING] emit_host_span: [STRACE] v=1 pid=3969863 tid=3969863 inv=35 hid=4e691a1ac652a1b3 depth=2 name=chip.run.bind.args ts=83744678296618 dur=25803689 
[mono_ns=83744704110162][T0x76bbe1aa8740][TIMING] emit_host_span: [STRACE] v=1 pid=3969863 tid=3969863 inv=35 hid=4e691a1ac652a1b3 depth=2 name=chip.run.bind.prebuilt ts=83744704108840 dur=1061 
[mono_ns=83744704111744][T0x76bbe1aa8740][TIMING] emit_host_span: [STRACE] v=1 pid=3969863 tid=3969863 inv=35 hid=4e691a1ac652a1b3 depth=1 name=chip.run.bind ts=83744678295245 dur=25816219 
[mono_ns=83744708474592][T0x76bbe1aa8740][WARN] prepare_execution: [device_runner.cpp:342] AICPU CPU_TOPO unavailable; using json_fallback: soc=Ascend950PR_9579 occupy=0x3e stable_reachable=5 requested=0 effective=5 affinity=[1, 2, 3, 4, 5(orch)]
[mono_ns=83744709612210][T0x76bbe1aa8740][TIMING] emit_host_span: [STRACE] v=1 pid=3969863 tid=3969863 inv=35 hid=4e691a1ac652a1b3 depth=1 name=chip.run.runner_run ts=83744708525969 dur=1085850 
[mono_ns=83744709964659][T0x76bbe1aa8740][TIMING] emit_host_span: [STRACE] v=1 pid=3969863 tid=3969863 inv=35 hid=4e691a1ac652a1b3 depth=1 name=chip.run.validate ts=83744709618880 dur=345508 
[mono_ns=83744709969296][T0x76bbe1aa8740][TIMING] emit_host_span: [STRACE] v=1 pid=3969863 tid=3969863 inv=35 hid=4e691a1ac652a1b3 depth=2 name=chip.run.runner_run.device_wall ts=0 dur=957753 clk=dev
[mono_ns=83744709970798][T0x76bbe1aa8740][TIMING] emit_host_span: [STRACE] v=1 pid=3969863 tid=3969863 inv=35 hid=4e691a1ac652a1b3 depth=3 name=chip.run.runner_run.device_wall.preamble ts=0 dur=15135 clk=dev
[mono_ns=83744709972090][T0x76bbe1aa8740][TIMING] emit_host_span: [STRACE] v=1 pid=3969863 tid=3969863 inv=35 hid=4e691a1ac652a1b3 depth=3 name=chip.run.runner_run.device_wall.graph_build ts=5781 dur=947437 clk=dev
[mono_ns=83744709973232][T0x76bbe1aa8740][TIMING] emit_host_span: [STRACE] v=1 pid=3969863 tid=3969863 inv=35 hid=4e691a1ac652a1b3 depth=3 name=chip.run.runner_run.device_wall.config_validate ts=6161 dur=1308 clk=dev
[mono_ns=83744709977037][T0x76bbe1aa8740][TIMING] emit_host_span: [STRACE] v=1 pid=3969863 tid=3969863 inv=35 hid=4e691a1ac652a1b3 depth=3 name=chip.run.runner_run.device_wall.arena_wire ts=7491 dur=1960 clk=dev
[mono_ns=83744709978339][T0x76bbe1aa8740][TIMING] emit_host_span: [STRACE] v=1 pid=3969863 tid=3969863 inv=35 hid=4e691a1ac652a1b3 depth=3 name=chip.run.runner_run.device_wall.sm_reset ts=9512 dur=2632 clk=dev
[mono_ns=83744709979481][T0x76bbe1aa8740][TIMING] emit_host_span: [STRACE] v=1 pid=3969863 tid=3969863 inv=35 hid=4e691a1ac652a1b3 depth=3 name=chip.run.runner_run.device_wall.post_orch ts=953247 dur=4058 clk=dev
[mono_ns=83744709980623][T0x76bbe1aa8740][TIMING] emit_host_span: [STRACE] v=1 pid=3969863 tid=3969863 inv=35 hid=4e691a1ac652a1b3 depth=3 name=chip.run.runner_run.device_wall.orch ts=12170 dur=600611 clk=dev
[mono_ns=83744709981774][T0x76bbe1aa8740][TIMING] emit_host_span: [STRACE] v=1 pid=3969863 tid=3969863 inv=35 hid=4e691a1ac652a1b3 depth=3 name=chip.run.runner_run.device_wall.sched ts=14776 dur=924907 clk=dev
[mono_ns=83744709983106][T0x76bbe1aa8740][TIMING] emit_host_span: [STRACE] v=1 pid=3969863 tid=3969863 inv=35 hid=4e691a1ac652a1b3 depth=1 name=chip.run.claim_release ts=83744709982796 dur=40 
[mono_ns=83744709984378][T0x76bbe1aa8740][TIMING] emit_host_span: [STRACE] v=1 pid=3969863 tid=3969863 inv=35 hid=4e691a1ac652a1b3 depth=0 name=chip.run ts=83744678293012 dur=31691096 run_id=0 dispatch_id=0 slot_id=0 generation=35 run_epoch=35
[mono_ns=83744737861159][T0x76bbe1aa8740][TIMING] emit_host_span: [STRACE] v=1 pid=3969863 tid=3969863 inv=36 hid=4e691a1ac652a1b3 depth=2 name=chip.run.bind.args ts=83744710220342 dur=27640396 
[mono_ns=83744737870353][T0x76bbe1aa8740][TIMING] emit_host_span: [STRACE] v=1 pid=3969863 tid=3969863 inv=36 hid=4e691a1ac652a1b3 depth=2 name=chip.run.bind.prebuilt ts=83744737869061 dur=1001 
[mono_ns=83744737872086][T0x76bbe1aa8740][TIMING] emit_host_span: [STRACE] v=1 pid=3969863 tid=3969863 inv=36 hid=4e691a1ac652a1b3 depth=1 name=chip.run.bind ts=83744710218980 dur=27652825 
[mono_ns=83744742334974][T0x76bbe1aa8740][WARN] prepare_execution: [device_runner.cpp:342] AICPU CPU_TOPO unavailable; using json_fallback: soc=Ascend950PR_9579 occupy=0x3e stable_reachable=5 requested=0 effective=5 affinity=[1, 2, 3, 4, 5(orch)]
[mono_ns=83744743490198][T0x76bbe1aa8740][TIMING] emit_host_span: [STRACE] v=1 pid=3969863 tid=3969863 inv=36 hid=4e691a1ac652a1b3 depth=1 name=chip.run.runner_run ts=83744742387433 dur=1102404 
[mono_ns=83744743832482][T0x76bbe1aa8740][TIMING] emit_host_span: [STRACE] v=1 pid=3969863 tid=3969863 inv=36 hid=4e691a1ac652a1b3 depth=1 name=chip.run.validate ts=83744743497649 dur=334532 
[mono_ns=83744743837499][T0x76bbe1aa8740][TIMING] emit_host_span: [STRACE] v=1 pid=3969863 tid=3969863 inv=36 hid=4e691a1ac652a1b3 depth=2 name=chip.run.runner_run.device_wall ts=0 dur=976815 clk=dev
[mono_ns=83744743838991][T0x76bbe1aa8740][TIMING] emit_host_span: [STRACE] v=1 pid=3969863 tid=3969863 inv=36 hid=4e691a1ac652a1b3 depth=3 name=chip.run.runner_run.device_wall.preamble ts=0 dur=14722 clk=dev
[mono_ns=83744743840153][T0x76bbe1aa8740][TIMING] emit_host_span: [STRACE] v=1 pid=3969863 tid=3969863 inv=36 hid=4e691a1ac652a1b3 depth=3 name=chip.run.runner_run.device_wall.graph_build ts=4860 dur=966577 clk=dev
[mono_ns=83744743841645][T0x76bbe1aa8740][TIMING] emit_host_span: [STRACE] v=1 pid=3969863 tid=3969863 inv=36 hid=4e691a1ac652a1b3 depth=3 name=chip.run.runner_run.device_wall.config_validate ts=5455 dur=1323 clk=dev
[mono_ns=83744743844009][T0x76bbe1aa8740][TIMING] emit_host_span: [STRACE] v=1 pid=3969863 tid=3969863 inv=36 hid=4e691a1ac652a1b3 depth=3 name=chip.run.runner_run.device_wall.arena_wire ts=6814 dur=2122 clk=dev
[mono_ns=83744743845271][T0x76bbe1aa8740][TIMING] emit_host_span: [STRACE] v=1 pid=3969863 tid=3969863 inv=36 hid=4e691a1ac652a1b3 depth=3 name=chip.run.runner_run.device_wall.sm_reset ts=8956 dur=2306 clk=dev
[mono_ns=83744743848846][T0x76bbe1aa8740][TIMING] emit_host_span: [STRACE] v=1 pid=3969863 tid=3969863 inv=36 hid=4e691a1ac652a1b3 depth=3 name=chip.run.runner_run.device_wall.post_orch ts=971613 dur=4957 clk=dev
[mono_ns=83744743849998][T0x76bbe1aa8740][TIMING] emit_host_span: [STRACE] v=1 pid=3969863 tid=3969863 inv=36 hid=4e691a1ac652a1b3 depth=3 name=chip.run.runner_run.device_wall.orch ts=11351 dur=604721 clk=dev
[mono_ns=83744743851170][T0x76bbe1aa8740][TIMING] emit_host_span: [STRACE] v=1 pid=3969863 tid=3969863 inv=36 hid=4e691a1ac652a1b3 depth=3 name=chip.run.runner_run.device_wall.sched ts=14376 dur=944604 clk=dev
[mono_ns=83744743852522][T0x76bbe1aa8740][TIMING] emit_host_span: [STRACE] v=1 pid=3969863 tid=3969863 inv=36 hid=4e691a1ac652a1b3 depth=1 name=chip.run.claim_release ts=83744743852201 dur=50 
[mono_ns=83744743854164][T0x76bbe1aa8740][TIMING] emit_host_span: [STRACE] v=1 pid=3969863 tid=3969863 inv=36 hid=4e691a1ac652a1b3 depth=0 name=chip.run ts=83744710216797 dur=33637107 run_id=0 dispatch_id=0 slot_id=0 generation=36 run_epoch=36
[mono_ns=83744770560007][T0x76bbe1aa8740][TIMING] emit_host_span: [STRACE] v=1 pid=3969863 tid=3969863 inv=37 hid=4e691a1ac652a1b3 depth=2 name=chip.run.bind.args ts=83744744100264 dur=26459233 
[mono_ns=83744770570653][T0x76bbe1aa8740][TIMING] emit_host_span: [STRACE] v=1 pid=3969863 tid=3969863 inv=37 hid=4e691a1ac652a1b3 depth=2 name=chip.run.bind.prebuilt ts=83744770569351 dur=1002 
[mono_ns=83744770572346][T0x76bbe1aa8740][TIMING] emit_host_span: [STRACE] v=1 pid=3969863 tid=3969863 inv=37 hid=4e691a1ac652a1b3 depth=1 name=chip.run.bind ts=83744744098891 dur=26473175 
[mono_ns=83744774997037][T0x76bbe1aa8740][WARN] prepare_execution: [device_runner.cpp:342] AICPU CPU_TOPO unavailable; using json_fallback: soc=Ascend950PR_9579 occupy=0x3e stable_reachable=5 requested=0 effective=5 affinity=[1, 2, 3, 4, 5(orch)]
[mono_ns=83744776235246][T0x76bbe1aa8740][TIMING] emit_host_span: [STRACE] v=1 pid=3969863 tid=3969863 inv=37 hid=4e691a1ac652a1b3 depth=1 name=chip.run.runner_run ts=83744775053852 dur=1181033 
[mono_ns=83744776578090][T0x76bbe1aa8740][TIMING] emit_host_span: [STRACE] v=1 pid=3969863 tid=3969863 inv=37 hid=4e691a1ac652a1b3 depth=1 name=chip.run.validate ts=83744776241665 dur=336105 
[mono_ns=83744776582837][T0x76bbe1aa8740][TIMING] emit_host_span: [STRACE] v=1 pid=3969863 tid=3969863 inv=37 hid=4e691a1ac652a1b3 depth=2 name=chip.run.runner_run.device_wall ts=0 dur=1048670 clk=dev
[mono_ns=83744776584319][T0x76bbe1aa8740][TIMING] emit_host_span: [STRACE] v=1 pid=3969863 tid=3969863 inv=37 hid=4e691a1ac652a1b3 depth=3 name=chip.run.runner_run.device_wall.preamble ts=0 dur=15255 clk=dev
[mono_ns=83744776585802][T0x76bbe1aa8740][TIMING] emit_host_span: [STRACE] v=1 pid=3969863 tid=3969863 inv=37 hid=4e691a1ac652a1b3 depth=3 name=chip.run.runner_run.device_wall.graph_build ts=4872 dur=1039047 clk=dev
[mono_ns=83744776587184][T0x76bbe1aa8740][TIMING] emit_host_span: [STRACE] v=1 pid=3969863 tid=3969863 inv=37 hid=4e691a1ac652a1b3 depth=3 name=chip.run.runner_run.device_wall.config_validate ts=5204 dur=1155 clk=dev
[mono_ns=83744776588586][T0x76bbe1aa8740][TIMING] emit_host_span: [STRACE] v=1 pid=3969863 tid=3969863 inv=37 hid=4e691a1ac652a1b3 depth=3 name=chip.run.runner_run.device_wall.arena_wire ts=6392 dur=2147 clk=dev
[mono_ns=83744776590879][T0x76bbe1aa8740][TIMING] emit_host_span: [STRACE] v=1 pid=3969863 tid=3969863 inv=37 hid=4e691a1ac652a1b3 depth=3 name=chip.run.runner_run.device_wall.sm_reset ts=8558 dur=2461 clk=dev
[mono_ns=83744776592532][T0x76bbe1aa8740][TIMING] emit_host_span: [STRACE] v=1 pid=3969863 tid=3969863 inv=37 hid=4e691a1ac652a1b3 depth=3 name=chip.run.runner_run.device_wall.post_orch ts=1043949 dur=4361 clk=dev
[mono_ns=83744776594024][T0x76bbe1aa8740][TIMING] emit_host_span: [STRACE] v=1 pid=3969863 tid=3969863 inv=37 hid=4e691a1ac652a1b3 depth=3 name=chip.run.runner_run.device_wall.orch ts=11121 dur=603569 clk=dev
[mono_ns=83744776595166][T0x76bbe1aa8740][TIMING] emit_host_span: [STRACE] v=1 pid=3969863 tid=3969863 inv=37 hid=4e691a1ac652a1b3 depth=3 name=chip.run.runner_run.device_wall.sched ts=14754 dur=1017092 clk=dev
[mono_ns=83744776603178][T0x76bbe1aa8740][TIMING] emit_host_span: [STRACE] v=1 pid=3969863 tid=3969863 inv=37 hid=4e691a1ac652a1b3 depth=1 name=chip.run.claim_release ts=83744776602847 dur=70 
[mono_ns=83744776605281][T0x76bbe1aa8740][TIMING] emit_host_span: [STRACE] v=1 pid=3969863 tid=3969863 inv=37 hid=4e691a1ac652a1b3 depth=0 name=chip.run ts=83744744096718 dur=32508293 run_id=0 dispatch_id=0 slot_id=0 generation=37 run_epoch=37
[mono_ns=83744804883995][T0x76bbe1aa8740][TIMING] emit_host_span: [STRACE] v=1 pid=3969863 tid=3969863 inv=38 hid=4e691a1ac652a1b3 depth=2 name=chip.run.bind.args ts=83744776842858 dur=28040646 
[mono_ns=83744804893880][T0x76bbe1aa8740][TIMING] emit_host_span: [STRACE] v=1 pid=3969863 tid=3969863 inv=38 hid=4e691a1ac652a1b3 depth=2 name=chip.run.bind.prebuilt ts=83744804892738 dur=851 
[mono_ns=83744804895612][T0x76bbe1aa8740][TIMING] emit_host_span: [STRACE] v=1 pid=3969863 tid=3969863 inv=38 hid=4e691a1ac652a1b3 depth=1 name=chip.run.bind ts=83744776841475 dur=28053877 
[mono_ns=83744809360734][T0x76bbe1aa8740][WARN] prepare_execution: [device_runner.cpp:342] AICPU CPU_TOPO unavailable; using json_fallback: soc=Ascend950PR_9579 occupy=0x3e stable_reachable=5 requested=0 effective=5 affinity=[1, 2, 3, 4, 5(orch)]
[mono_ns=83744810606133][T0x76bbe1aa8740][TIMING] emit_host_span: [STRACE] v=1 pid=3969863 tid=3969863 inv=38 hid=4e691a1ac652a1b3 depth=1 name=chip.run.runner_run ts=83744809413093 dur=1192650 
[mono_ns=83744810953285][T0x76bbe1aa8740][TIMING] emit_host_span: [STRACE] v=1 pid=3969863 tid=3969863 inv=38 hid=4e691a1ac652a1b3 depth=1 name=chip.run.validate ts=83744810612313 dur=340661 
[mono_ns=83744810958222][T0x76bbe1aa8740][TIMING] emit_host_span: [STRACE] v=1 pid=3969863 tid=3969863 inv=38 hid=4e691a1ac652a1b3 depth=2 name=chip.run.runner_run.device_wall ts=0 dur=1066464 clk=dev
[mono_ns=83744810959914][T0x76bbe1aa8740][TIMING] emit_host_span: [STRACE] v=1 pid=3969863 tid=3969863 inv=38 hid=4e691a1ac652a1b3 depth=3 name=chip.run.runner_run.device_wall.preamble ts=0 dur=12271 clk=dev
[mono_ns=83744810961106][T0x76bbe1aa8740][TIMING] emit_host_span: [STRACE] v=1 pid=3969863 tid=3969863 inv=38 hid=4e691a1ac652a1b3 depth=3 name=chip.run.runner_run.device_wall.graph_build ts=2783 dur=1059038 clk=dev
[mono_ns=83744810962588][T0x76bbe1aa8740][TIMING] emit_host_span: [STRACE] v=1 pid=3969863 tid=3969863 inv=38 hid=4e691a1ac652a1b3 depth=3 name=chip.run.runner_run.device_wall.config_validate ts=3211 dur=1500 clk=dev
[mono_ns=83744810964762][T0x76bbe1aa8740][TIMING] emit_host_span: [STRACE] v=1 pid=3969863 tid=3969863 inv=38 hid=4e691a1ac652a1b3 depth=3 name=chip.run.runner_run.device_wall.arena_wire ts=4736 dur=1531 clk=dev
[mono_ns=83744810965903][T0x76bbe1aa8740][TIMING] emit_host_span: [STRACE] v=1 pid=3969863 tid=3969863 inv=38 hid=4e691a1ac652a1b3 depth=3 name=chip.run.runner_run.device_wall.sm_reset ts=6287 dur=2489 clk=dev
[mono_ns=83744810967205][T0x76bbe1aa8740][TIMING] emit_host_span: [STRACE] v=1 pid=3969863 tid=3969863 inv=38 hid=4e691a1ac652a1b3 depth=3 name=chip.run.runner_run.device_wall.post_orch ts=1061850 dur=4157 clk=dev
[mono_ns=83744810969038][T0x76bbe1aa8740][TIMING] emit_host_span: [STRACE] v=1 pid=3969863 tid=3969863 inv=38 hid=4e691a1ac652a1b3 depth=3 name=chip.run.runner_run.device_wall.orch ts=8887 dur=608763 clk=dev
[mono_ns=83744810970210][T0x76bbe1aa8740][TIMING] emit_host_span: [STRACE] v=1 pid=3969863 tid=3969863 inv=38 hid=4e691a1ac652a1b3 depth=3 name=chip.run.runner_run.device_wall.sched ts=11927 dur=1034242 clk=dev
[mono_ns=83744810971482][T0x76bbe1aa8740][TIMING] emit_host_span: [STRACE] v=1 pid=3969863 tid=3969863 inv=38 hid=4e691a1ac652a1b3 depth=1 name=chip.run.claim_release ts=83744810971171 dur=50 
[mono_ns=83744810972764][T0x76bbe1aa8740][TIMING] emit_host_span: [STRACE] v=1 pid=3969863 tid=3969863 inv=38 hid=4e691a1ac652a1b3 depth=0 name=chip.run ts=83744776838962 dur=34133511 run_id=0 dispatch_id=0 slot_id=0 generation=38 run_epoch=38
[mono_ns=83744837808592][T0x76bbe1aa8740][TIMING] emit_host_span: [STRACE] v=1 pid=3969863 tid=3969863 inv=39 hid=4e691a1ac652a1b3 depth=2 name=chip.run.bind.args ts=83744811233755 dur=26574397 
[mono_ns=83744837817996][T0x76bbe1aa8740][TIMING] emit_host_span: [STRACE] v=1 pid=3969863 tid=3969863 inv=39 hid=4e691a1ac652a1b3 depth=2 name=chip.run.bind.prebuilt ts=83744837816885 dur=821 
[mono_ns=83744837819839][T0x76bbe1aa8740][TIMING] emit_host_span: [STRACE] v=1 pid=3969863 tid=3969863 inv=39 hid=4e691a1ac652a1b3 depth=1 name=chip.run.bind ts=83744811232173 dur=26587386 
[mono_ns=83744842328847][T0x76bbe1aa8740][WARN] prepare_execution: [device_runner.cpp:342] AICPU CPU_TOPO unavailable; using json_fallback: soc=Ascend950PR_9579 occupy=0x3e stable_reachable=5 requested=0 effective=5 affinity=[1, 2, 3, 4, 5(orch)]
[mono_ns=83744843497951][T0x76bbe1aa8740][TIMING] emit_host_span: [STRACE] v=1 pid=3969863 tid=3969863 inv=39 hid=4e691a1ac652a1b3 depth=1 name=chip.run.runner_run ts=83744842372122 dur=1125449 
[mono_ns=83744843811412][T0x76bbe1aa8740][TIMING] emit_host_span: [STRACE] v=1 pid=3969863 tid=3969863 inv=39 hid=4e691a1ac652a1b3 depth=1 name=chip.run.validate ts=83744843505413 dur=305678 
[mono_ns=83744843816209][T0x76bbe1aa8740][TIMING] emit_host_span: [STRACE] v=1 pid=3969863 tid=3969863 inv=39 hid=4e691a1ac652a1b3 depth=2 name=chip.run.runner_run.device_wall ts=0 dur=990861 clk=dev
[mono_ns=83744843817741][T0x76bbe1aa8740][TIMING] emit_host_span: [STRACE] v=1 pid=3969863 tid=3969863 inv=39 hid=4e691a1ac652a1b3 depth=3 name=chip.run.runner_run.device_wall.preamble ts=0 dur=12695 clk=dev
[mono_ns=83744843819003][T0x76bbe1aa8740][TIMING] emit_host_span: [STRACE] v=1 pid=3969863 tid=3969863 inv=39 hid=4e691a1ac652a1b3 depth=3 name=chip.run.runner_run.device_wall.graph_build ts=2533 dur=983354 clk=dev
[mono_ns=83744843820175][T0x76bbe1aa8740][TIMING] emit_host_span: [STRACE] v=1 pid=3969863 tid=3969863 inv=39 hid=4e691a1ac652a1b3 depth=3 name=chip.run.runner_run.device_wall.config_validate ts=2934 dur=1093 clk=dev
[mono_ns=83744843821637][T0x76bbe1aa8740][TIMING] emit_host_span: [STRACE] v=1 pid=3969863 tid=3969863 inv=39 hid=4e691a1ac652a1b3 depth=3 name=chip.run.runner_run.device_wall.arena_wire ts=4053 dur=2611 clk=dev
[mono_ns=83744843823901][T0x76bbe1aa8740][TIMING] emit_host_span: [STRACE] v=1 pid=3969863 tid=3969863 inv=39 hid=4e691a1ac652a1b3 depth=3 name=chip.run.runner_run.device_wall.sm_reset ts=6681 dur=2767 clk=dev
[mono_ns=83744843825173][T0x76bbe1aa8740][TIMING] emit_host_span: [STRACE] v=1 pid=3969863 tid=3969863 inv=39 hid=4e691a1ac652a1b3 depth=3 name=chip.run.runner_run.device_wall.post_orch ts=986058 dur=4743 clk=dev
[mono_ns=83744843826324][T0x76bbe1aa8740][TIMING] emit_host_span: [STRACE] v=1 pid=3969863 tid=3969863 inv=39 hid=4e691a1ac652a1b3 depth=3 name=chip.run.runner_run.device_wall.orch ts=9530 dur=604567 clk=dev
[mono_ns=83744843827456][T0x76bbe1aa8740][TIMING] emit_host_span: [STRACE] v=1 pid=3969863 tid=3969863 inv=39 hid=4e691a1ac652a1b3 depth=3 name=chip.run.runner_run.device_wall.sched ts=12389 dur=962114 clk=dev
[mono_ns=83744843828778][T0x76bbe1aa8740][TIMING] emit_host_span: [STRACE] v=1 pid=3969863 tid=3969863 inv=39 hid=4e691a1ac652a1b3 depth=1 name=chip.run.claim_release ts=83744843828457 dur=61 
[mono_ns=83744843830110][T0x76bbe1aa8740][TIMING] emit_host_span: [STRACE] v=1 pid=3969863 tid=3969863 inv=39 hid=4e691a1ac652a1b3 depth=0 name=chip.run ts=83744811229940 dur=32599890 run_id=0 dispatch_id=0 slot_id=0 generation=39 run_epoch=39
[mono_ns=83744870048872][T0x76bbe1aa8740][TIMING] emit_host_span: [STRACE] v=1 pid=3969863 tid=3969863 inv=40 hid=4e691a1ac652a1b3 depth=2 name=chip.run.bind.args ts=83744844081898 dur=25966574 
[mono_ns=83744870057786][T0x76bbe1aa8740][TIMING] emit_host_span: [STRACE] v=1 pid=3969863 tid=3969863 inv=40 hid=4e691a1ac652a1b3 depth=2 name=chip.run.bind.prebuilt ts=83744870056494 dur=1001 
[mono_ns=83744870059388][T0x76bbe1aa8740][TIMING] emit_host_span: [STRACE] v=1 pid=3969863 tid=3969863 inv=40 hid=4e691a1ac652a1b3 depth=1 name=chip.run.bind ts=83744844080225 dur=25978893 
[mono_ns=83744874430248][T0x76bbe1aa8740][WARN] prepare_execution: [device_runner.cpp:342] AICPU CPU_TOPO unavailable; using json_fallback: soc=Ascend950PR_9579 occupy=0x3e stable_reachable=5 requested=0 effective=5 affinity=[1, 2, 3, 4, 5(orch)]
[mono_ns=83744875600715][T0x76bbe1aa8740][TIMING] emit_host_span: [STRACE] v=1 pid=3969863 tid=3969863 inv=40 hid=4e691a1ac652a1b3 depth=1 name=chip.run.runner_run ts=83744874481826 dur=1118539 
[mono_ns=83744875939714][T0x76bbe1aa8740][TIMING] emit_host_span: [STRACE] v=1 pid=3969863 tid=3969863 inv=40 hid=4e691a1ac652a1b3 depth=1 name=chip.run.validate ts=83744875607415 dur=331948 
[mono_ns=83744875945062][T0x76bbe1aa8740][TIMING] emit_host_span: [STRACE] v=1 pid=3969863 tid=3969863 inv=40 hid=4e691a1ac652a1b3 depth=2 name=chip.run.runner_run.device_wall ts=0 dur=995500 clk=dev
[mono_ns=83744875946444][T0x76bbe1aa8740][TIMING] emit_host_span: [STRACE] v=1 pid=3969863 tid=3969863 inv=40 hid=4e691a1ac652a1b3 depth=3 name=chip.run.runner_run.device_wall.preamble ts=0 dur=15645 clk=dev
[mono_ns=83744875947636][T0x76bbe1aa8740][TIMING] emit_host_span: [STRACE] v=1 pid=3969863 tid=3969863 inv=40 hid=4e691a1ac652a1b3 depth=3 name=chip.run.runner_run.device_wall.graph_build ts=4628 dur=986635 clk=dev
[mono_ns=83744875948798][T0x76bbe1aa8740][TIMING] emit_host_span: [STRACE] v=1 pid=3969863 tid=3969863 inv=40 hid=4e691a1ac652a1b3 depth=3 name=chip.run.runner_run.device_wall.config_validate ts=4996 dur=1174 clk=dev
[mono_ns=83744875950180][T0x76bbe1aa8740][TIMING] emit_host_span: [STRACE] v=1 pid=3969863 tid=3969863 inv=40 hid=4e691a1ac652a1b3 depth=3 name=chip.run.runner_run.device_wall.arena_wire ts=6326 dur=1524 clk=dev
[mono_ns=83744875952643][T0x76bbe1aa8740][TIMING] emit_host_span: [STRACE] v=1 pid=3969863 tid=3969863 inv=40 hid=4e691a1ac652a1b3 depth=3 name=chip.run.runner_run.device_wall.sm_reset ts=7915 dur=2619 clk=dev
[mono_ns=83744875953925][T0x76bbe1aa8740][TIMING] emit_host_span: [STRACE] v=1 pid=3969863 tid=3969863 inv=40 hid=4e691a1ac652a1b3 depth=3 name=chip.run.runner_run.device_wall.post_orch ts=991294 dur=3634 clk=dev
[mono_ns=83744875955047][T0x76bbe1aa8740][TIMING] emit_host_span: [STRACE] v=1 pid=3969863 tid=3969863 inv=40 hid=4e691a1ac652a1b3 depth=3 name=chip.run.runner_run.device_wall.orch ts=10619 dur=591296 clk=dev
[mono_ns=83744875956189][T0x76bbe1aa8740][TIMING] emit_host_span: [STRACE] v=1 pid=3969863 tid=3969863 inv=40 hid=4e691a1ac652a1b3 depth=3 name=chip.run.runner_run.device_wall.sched ts=14978 dur=960841 clk=dev
[mono_ns=83744875957501][T0x76bbe1aa8740][TIMING] emit_host_span: [STRACE] v=1 pid=3969863 tid=3969863 inv=40 hid=4e691a1ac652a1b3 depth=1 name=chip.run.claim_release ts=83744875957190 dur=60 
[mono_ns=83744875958843][T0x76bbe1aa8740][TIMING] emit_host_span: [STRACE] v=1 pid=3969863 tid=3969863 inv=40 hid=4e691a1ac652a1b3 depth=0 name=chip.run ts=83744844078022 dur=31880510 run_id=0 dispatch_id=0 slot_id=0 generation=40 run_epoch=40
[mono_ns=83744903562714][T0x76bbe1aa8740][TIMING] emit_host_span: [STRACE] v=1 pid=3969863 tid=3969863 inv=41 hid=4e691a1ac652a1b3 depth=2 name=chip.run.bind.args ts=83744876214617 dur=27347716 
[mono_ns=83744903571988][T0x76bbe1aa8740][TIMING] emit_host_span: [STRACE] v=1 pid=3969863 tid=3969863 inv=41 hid=4e691a1ac652a1b3 depth=2 name=chip.run.bind.prebuilt ts=83744903570596 dur=1001 
[mono_ns=83744903573550][T0x76bbe1aa8740][TIMING] emit_host_span: [STRACE] v=1 pid=3969863 tid=3969863 inv=41 hid=4e691a1ac652a1b3 depth=1 name=chip.run.bind ts=83744876213295 dur=27359985 
[mono_ns=83744907985973][T0x76bbe1aa8740][WARN] prepare_execution: [device_runner.cpp:342] AICPU CPU_TOPO unavailable; using json_fallback: soc=Ascend950PR_9579 occupy=0x3e stable_reachable=5 requested=0 effective=5 affinity=[1, 2, 3, 4, 5(orch)]
[mono_ns=83744910195279][T0x76bbe1aa8740][TIMING] emit_host_span: [STRACE] v=1 pid=3969863 tid=3969863 inv=41 hid=4e691a1ac652a1b3 depth=1 name=chip.run.runner_run ts=83744908037570 dur=2151509 
[mono_ns=83744910991474][T0x76bbe1aa8740][TIMING] emit_host_span: [STRACE] v=1 pid=3969863 tid=3969863 inv=41 hid=4e691a1ac652a1b3 depth=1 name=chip.run.validate ts=83744910296120 dur=694713 
[mono_ns=83744911007999][T0x76bbe1aa8740][TIMING] emit_host_span: [STRACE] v=1 pid=3969863 tid=3969863 inv=41 hid=4e691a1ac652a1b3 depth=2 name=chip.run.runner_run.device_wall ts=0 dur=1055143 clk=dev
[mono_ns=83744911011934][T0x76bbe1aa8740][TIMING] emit_host_span: [STRACE] v=1 pid=3969863 tid=3969863 inv=41 hid=4e691a1ac652a1b3 depth=3 name=chip.run.runner_run.device_wall.preamble ts=0 dur=14145 clk=dev
[mono_ns=83744911013887][T0x76bbe1aa8740][TIMING] emit_host_span: [STRACE] v=1 pid=3969863 tid=3969863 inv=41 hid=4e691a1ac652a1b3 depth=3 name=chip.run.runner_run.device_wall.graph_build ts=4625 dur=1045480 clk=dev
[mono_ns=83744911016041][T0x76bbe1aa8740][TIMING] emit_host_span: [STRACE] v=1 pid=3969863 tid=3969863 inv=41 hid=4e691a1ac652a1b3 depth=3 name=chip.run.runner_run.device_wall.config_validate ts=4906 dur=1421 clk=dev
[mono_ns=83744911017353][T0x76bbe1aa8740][TIMING] emit_host_span: [STRACE] v=1 pid=3969863 tid=3969863 inv=41 hid=4e691a1ac652a1b3 depth=3 name=chip.run.runner_run.device_wall.arena_wire ts=6355 dur=1715 clk=dev
[mono_ns=83744911018594][T0x76bbe1aa8740][TIMING] emit_host_span: [STRACE] v=1 pid=3969863 tid=3969863 inv=41 hid=4e691a1ac652a1b3 depth=3 name=chip.run.runner_run.device_wall.sm_reset ts=8347 dur=2526 clk=dev
[mono_ns=83744911019786][T0x76bbe1aa8740][TIMING] emit_host_span: [STRACE] v=1 pid=3969863 tid=3969863 inv=41 hid=4e691a1ac652a1b3 depth=3 name=chip.run.runner_run.device_wall.post_orch ts=1050134 dur=4862 clk=dev
[mono_ns=83744911021068][T0x76bbe1aa8740][TIMING] emit_host_span: [STRACE] v=1 pid=3969863 tid=3969863 inv=41 hid=4e691a1ac652a1b3 depth=3 name=chip.run.runner_run.device_wall.orch ts=11093 dur=626976 clk=dev
[mono_ns=83744911022330][T0x76bbe1aa8740][TIMING] emit_host_span: [STRACE] v=1 pid=3969863 tid=3969863 inv=41 hid=4e691a1ac652a1b3 depth=3 name=chip.run.runner_run.device_wall.sched ts=13662 dur=1021210 clk=dev
[mono_ns=83744911024624][T0x76bbe1aa8740][TIMING] emit_host_span: [STRACE] v=1 pid=3969863 tid=3969863 inv=41 hid=4e691a1ac652a1b3 depth=1 name=chip.run.claim_release ts=83744911023422 dur=691 
[mono_ns=83744911028389][T0x76bbe1aa8740][TIMING] emit_host_span: [STRACE] v=1 pid=3969863 tid=3969863 inv=41 hid=4e691a1ac652a1b3 depth=0 name=chip.run ts=83744876211041 dur=34816787 run_id=0 dispatch_id=0 slot_id=0 generation=41 run_epoch=41
[mono_ns=83744953584502][T0x76bbe1aa8740][TIMING] emit_host_span: [STRACE] v=1 pid=3969863 tid=3969863 inv=42 hid=4e691a1ac652a1b3 depth=2 name=chip.run.bind.args ts=83744911684774 dur=41898106 
[mono_ns=83744953614548][T0x76bbe1aa8740][TIMING] emit_host_span: [STRACE] v=1 pid=3969863 tid=3969863 inv=42 hid=4e691a1ac652a1b3 depth=2 name=chip.run.bind.prebuilt ts=83744953609951 dur=4026 
[mono_ns=83744953617101][T0x76bbe1aa8740][TIMING] emit_host_span: [STRACE] v=1 pid=3969863 tid=3969863 inv=42 hid=4e691a1ac652a1b3 depth=1 name=chip.run.bind ts=83744911673958 dur=41942603 
[mono_ns=83744958396905][T0x76bbe1aa8740][WARN] prepare_execution: [device_runner.cpp:342] AICPU CPU_TOPO unavailable; using json_fallback: soc=Ascend950PR_9579 occupy=0x3e stable_reachable=5 requested=0 effective=5 affinity=[1, 2, 3, 4, 5(orch)]
[mono_ns=83744959725530][T0x76bbe1aa8740][TIMING] emit_host_span: [STRACE] v=1 pid=3969863 tid=3969863 inv=42 hid=4e691a1ac652a1b3 depth=1 name=chip.run.runner_run ts=83744958465989 dur=1258759 
[mono_ns=83744960094513][T0x76bbe1aa8740][TIMING] emit_host_span: [STRACE] v=1 pid=3969863 tid=3969863 inv=42 hid=4e691a1ac652a1b3 depth=1 name=chip.run.validate ts=83744959734603 dur=359320 
[mono_ns=83744960101314][T0x76bbe1aa8740][TIMING] emit_host_span: [STRACE] v=1 pid=3969863 tid=3969863 inv=42 hid=4e691a1ac652a1b3 depth=2 name=chip.run.runner_run.device_wall ts=0 dur=1067427 clk=dev
[mono_ns=83744960103267][T0x76bbe1aa8740][TIMING] emit_host_span: [STRACE] v=1 pid=3969863 tid=3969863 inv=42 hid=4e691a1ac652a1b3 depth=3 name=chip.run.runner_run.device_wall.preamble ts=0 dur=12357 clk=dev
[mono_ns=83744960109796][T0x76bbe1aa8740][TIMING] emit_host_span: [STRACE] v=1 pid=3969863 tid=3969863 inv=42 hid=4e691a1ac652a1b3 depth=3 name=chip.run.runner_run.device_wall.graph_build ts=2215 dur=1060808 clk=dev
[mono_ns=83744960111960][T0x76bbe1aa8740][TIMING] emit_host_span: [STRACE] v=1 pid=3969863 tid=3969863 inv=42 hid=4e691a1ac652a1b3 depth=3 name=chip.run.runner_run.device_wall.config_validate ts=2855 dur=1720 clk=dev
[mono_ns=83744960113352][T0x76bbe1aa8740][TIMING] emit_host_span: [STRACE] v=1 pid=3969863 tid=3969863 inv=42 hid=4e691a1ac652a1b3 depth=3 name=chip.run.runner_run.device_wall.arena_wire ts=4608 dur=2283 clk=dev
[mono_ns=83744960114493][T0x76bbe1aa8740][TIMING] emit_host_span: [STRACE] v=1 pid=3969863 tid=3969863 inv=42 hid=4e691a1ac652a1b3 depth=3 name=chip.run.runner_run.device_wall.sm_reset ts=6965 dur=2899 clk=dev
[mono_ns=83744960115655][T0x76bbe1aa8740][TIMING] emit_host_span: [STRACE] v=1 pid=3969863 tid=3969863 inv=42 hid=4e691a1ac652a1b3 depth=3 name=chip.run.runner_run.device_wall.post_orch ts=1063052 dur=3994 clk=dev
[mono_ns=83744960116897][T0x76bbe1aa8740][TIMING] emit_host_span: [STRACE] v=1 pid=3969863 tid=3969863 inv=42 hid=4e691a1ac652a1b3 depth=3 name=chip.run.runner_run.device_wall.orch ts=9962 dur=596731 clk=dev
[mono_ns=83744960118129][T0x76bbe1aa8740][TIMING] emit_host_span: [STRACE] v=1 pid=3969863 tid=3969863 inv=42 hid=4e691a1ac652a1b3 depth=3 name=chip.run.runner_run.device_wall.sched ts=12110 dur=1036259 clk=dev
[mono_ns=83744960119621][T0x76bbe1aa8740][TIMING] emit_host_span: [STRACE] v=1 pid=3969863 tid=3969863 inv=42 hid=4e691a1ac652a1b3 depth=1 name=chip.run.claim_release ts=83744960119160 dur=111 
[mono_ns=83744960121173][T0x76bbe1aa8740][TIMING] emit_host_span: [STRACE] v=1 pid=3969863 tid=3969863 inv=42 hid=4e691a1ac652a1b3 depth=0 name=chip.run ts=83744911665896 dur=48454857 run_id=0 dispatch_id=0 slot_id=0 generation=42 run_epoch=42
[mono_ns=83744992157477][T0x76bbe1aa8740][TIMING] emit_host_span: [STRACE] v=1 pid=3969863 tid=3969863 inv=43 hid=4e691a1ac652a1b3 depth=2 name=chip.run.bind.args ts=83744960421254 dur=31735592 
[mono_ns=83744992170086][T0x76bbe1aa8740][TIMING] emit_host_span: [STRACE] v=1 pid=3969863 tid=3969863 inv=43 hid=4e691a1ac652a1b3 depth=2 name=chip.run.bind.prebuilt ts=83744992167362 dur=2123 
[mono_ns=83744992171919][T0x76bbe1aa8740][TIMING] emit_host_span: [STRACE] v=1 pid=3969863 tid=3969863 inv=43 hid=4e691a1ac652a1b3 depth=1 name=chip.run.bind ts=83744960417548 dur=31754081 
[mono_ns=83744996773115][T0x76bbe1aa8740][WARN] prepare_execution: [device_runner.cpp:342] AICPU CPU_TOPO unavailable; using json_fallback: soc=Ascend950PR_9579 occupy=0x3e stable_reachable=5 requested=0 effective=5 affinity=[1, 2, 3, 4, 5(orch)]
[mono_ns=83744997977943][T0x76bbe1aa8740][TIMING] emit_host_span: [STRACE] v=1 pid=3969863 tid=3969863 inv=43 hid=4e691a1ac652a1b3 depth=1 name=chip.run.runner_run ts=83744996836150 dur=1141403 
[mono_ns=83744998342601][T0x76bbe1aa8740][TIMING] emit_host_span: [STRACE] v=1 pid=3969863 tid=3969863 inv=43 hid=4e691a1ac652a1b3 depth=1 name=chip.run.validate ts=83744997986116 dur=356074 
[mono_ns=83744998348930][T0x76bbe1aa8740][TIMING] emit_host_span: [STRACE] v=1 pid=3969863 tid=3969863 inv=43 hid=4e691a1ac652a1b3 depth=2 name=chip.run.runner_run.device_wall ts=0 dur=1011448 clk=dev
[mono_ns=83744998351494][T0x76bbe1aa8740][TIMING] emit_host_span: [STRACE] v=1 pid=3969863 tid=3969863 inv=43 hid=4e691a1ac652a1b3 depth=3 name=chip.run.runner_run.device_wall.preamble ts=0 dur=16140 clk=dev
[mono_ns=83744998352816][T0x76bbe1aa8740][TIMING] emit_host_span: [STRACE] v=1 pid=3969863 tid=3969863 inv=43 hid=4e691a1ac652a1b3 depth=3 name=chip.run.runner_run.device_wall.graph_build ts=5764 dur=1000973 clk=dev
[mono_ns=83744998354328][T0x76bbe1aa8740][TIMING] emit_host_span: [STRACE] v=1 pid=3969863 tid=3969863 inv=43 hid=4e691a1ac652a1b3 depth=3 name=chip.run.runner_run.device_wall.config_validate ts=6097 dur=1189 clk=dev
[mono_ns=83744998356001][T0x76bbe1aa8740][TIMING] emit_host_span: [STRACE] v=1 pid=3969863 tid=3969863 inv=43 hid=4e691a1ac652a1b3 depth=3 name=chip.run.runner_run.device_wall.arena_wire ts=7319 dur=1975 clk=dev
[mono_ns=83744998359116][T0x76bbe1aa8740][TIMING] emit_host_span: [STRACE] v=1 pid=3969863 tid=3969863 inv=43 hid=4e691a1ac652a1b3 depth=3 name=chip.run.runner_run.device_wall.sm_reset ts=9314 dur=3317 clk=dev
[mono_ns=83744998360337][T0x76bbe1aa8740][TIMING] emit_host_span: [STRACE] v=1 pid=3969863 tid=3969863 inv=43 hid=4e691a1ac652a1b3 depth=3 name=chip.run.runner_run.device_wall.post_orch ts=1006942 dur=4395 clk=dev
[mono_ns=83744998361539][T0x76bbe1aa8740][TIMING] emit_host_span: [STRACE] v=1 pid=3969863 tid=3969863 inv=43 hid=4e691a1ac652a1b3 depth=3 name=chip.run.runner_run.device_wall.orch ts=12668 dur=610419 clk=dev
[mono_ns=83744998362791][T0x76bbe1aa8740][TIMING] emit_host_span: [STRACE] v=1 pid=3969863 tid=3969863 inv=43 hid=4e691a1ac652a1b3 depth=3 name=chip.run.runner_run.device_wall.sched ts=15702 dur=979372 clk=dev
[mono_ns=83744998364243][T0x76bbe1aa8740][TIMING] emit_host_span: [STRACE] v=1 pid=3969863 tid=3969863 inv=43 hid=4e691a1ac652a1b3 depth=1 name=chip.run.claim_release ts=83744998363813 dur=70 
[mono_ns=83744998365615][T0x76bbe1aa8740][TIMING] emit_host_span: [STRACE] v=1 pid=3969863 tid=3969863 inv=43 hid=4e691a1ac652a1b3 depth=0 name=chip.run ts=83744960414023 dur=37951292 run_id=0 dispatch_id=0 slot_id=0 generation=43 run_epoch=43
[mono_ns=83745027857270][T0x76bbe1aa8740][TIMING] emit_host_span: [STRACE] v=1 pid=3969863 tid=3969863 inv=44 hid=4e691a1ac652a1b3 depth=2 name=chip.run.bind.args ts=83744998599226 dur=29257613 
[mono_ns=83745027867075][T0x76bbe1aa8740][TIMING] emit_host_span: [STRACE] v=1 pid=3969863 tid=3969863 inv=44 hid=4e691a1ac652a1b3 depth=2 name=chip.run.bind.prebuilt ts=83745027865262 dur=1262 
[mono_ns=83745027868987][T0x76bbe1aa8740][TIMING] emit_host_span: [STRACE] v=1 pid=3969863 tid=3969863 inv=44 hid=4e691a1ac652a1b3 depth=1 name=chip.run.bind ts=83744998597513 dur=29271204 
[mono_ns=83745032825517][T0x76bbe1aa8740][WARN] prepare_execution: [device_runner.cpp:342] AICPU CPU_TOPO unavailable; using json_fallback: soc=Ascend950PR_9579 occupy=0x3e stable_reachable=5 requested=0 effective=5 affinity=[1, 2, 3, 4, 5(orch)]
[mono_ns=83745034024056][T0x76bbe1aa8740][TIMING] emit_host_span: [STRACE] v=1 pid=3969863 tid=3969863 inv=44 hid=4e691a1ac652a1b3 depth=1 name=chip.run.runner_run ts=83745032884896 dur=1138799 
[mono_ns=83745034370346][T0x76bbe1aa8740][TIMING] emit_host_span: [STRACE] v=1 pid=3969863 tid=3969863 inv=44 hid=4e691a1ac652a1b3 depth=1 name=chip.run.validate ts=83745034030746 dur=339239 
[mono_ns=83745034375754][T0x76bbe1aa8740][TIMING] emit_host_span: [STRACE] v=1 pid=3969863 tid=3969863 inv=44 hid=4e691a1ac652a1b3 depth=2 name=chip.run.runner_run.device_wall ts=0 dur=991978 clk=dev
[mono_ns=83745034377456][T0x76bbe1aa8740][TIMING] emit_host_span: [STRACE] v=1 pid=3969863 tid=3969863 inv=44 hid=4e691a1ac652a1b3 depth=3 name=chip.run.runner_run.device_wall.preamble ts=0 dur=15636 clk=dev
[mono_ns=83745034378698][T0x76bbe1aa8740][TIMING] emit_host_span: [STRACE] v=1 pid=3969863 tid=3969863 inv=44 hid=4e691a1ac652a1b3 depth=3 name=chip.run.runner_run.device_wall.graph_build ts=4475 dur=982906 clk=dev
[mono_ns=83745034379980][T0x76bbe1aa8740][TIMING] emit_host_span: [STRACE] v=1 pid=3969863 tid=3969863 inv=44 hid=4e691a1ac652a1b3 depth=3 name=chip.run.runner_run.device_wall.config_validate ts=5139 dur=1505 clk=dev
[mono_ns=83745034381502][T0x76bbe1aa8740][TIMING] emit_host_span: [STRACE] v=1 pid=3969863 tid=3969863 inv=44 hid=4e691a1ac652a1b3 depth=3 name=chip.run.runner_run.device_wall.arena_wire ts=6669 dur=1869 clk=dev
[mono_ns=83745034384086][T0x76bbe1aa8740][TIMING] emit_host_span: [STRACE] v=1 pid=3969863 tid=3969863 inv=44 hid=4e691a1ac652a1b3 depth=3 name=chip.run.runner_run.device_wall.sm_reset ts=8555 dur=2971 clk=dev
[mono_ns=83745034385548][T0x76bbe1aa8740][TIMING] emit_host_span: [STRACE] v=1 pid=3969863 tid=3969863 inv=44 hid=4e691a1ac652a1b3 depth=3 name=chip.run.runner_run.device_wall.post_orch ts=987421 dur=4089 clk=dev
[mono_ns=83745034386810][T0x76bbe1aa8740][TIMING] emit_host_span: [STRACE] v=1 pid=3969863 tid=3969863 inv=44 hid=4e691a1ac652a1b3 depth=3 name=chip.run.runner_run.device_wall.orch ts=11607 dur=595282 clk=dev
[mono_ns=83745034389765][T0x76bbe1aa8740][TIMING] emit_host_span: [STRACE] v=1 pid=3969863 tid=3969863 inv=44 hid=4e691a1ac652a1b3 depth=3 name=chip.run.runner_run.device_wall.sched ts=15627 dur=955872 clk=dev
[mono_ns=83745034391207][T0x76bbe1aa8740][TIMING] emit_host_span: [STRACE] v=1 pid=3969863 tid=3969863 inv=44 hid=4e691a1ac652a1b3 depth=1 name=chip.run.claim_release ts=83745034390796 dur=70 
[mono_ns=83745034392519][T0x76bbe1aa8740][TIMING] emit_host_span: [STRACE] v=1 pid=3969863 tid=3969863 inv=44 hid=4e691a1ac652a1b3 depth=0 name=chip.run ts=83744998595000 dur=35797228 run_id=0 dispatch_id=0 slot_id=0 generation=44 run_epoch=44
[mono_ns=83745062631503][T0x76bbe1aa8740][TIMING] emit_host_span: [STRACE] v=1 pid=3969863 tid=3969863 inv=45 hid=4e691a1ac652a1b3 depth=2 name=chip.run.bind.args ts=83745034614702 dur=28016391 
[mono_ns=83745062640136][T0x76bbe1aa8740][TIMING] emit_host_span: [STRACE] v=1 pid=3969863 tid=3969863 inv=45 hid=4e691a1ac652a1b3 depth=2 name=chip.run.bind.prebuilt ts=83745062638574 dur=1061 
[mono_ns=83745062641859][T0x76bbe1aa8740][TIMING] emit_host_span: [STRACE] v=1 pid=3969863 tid=3969863 inv=45 hid=4e691a1ac652a1b3 depth=1 name=chip.run.bind ts=83745034613270 dur=28028308 
[mono_ns=83745067253831][T0x76bbe1aa8740][WARN] prepare_execution: [device_runner.cpp:342] AICPU CPU_TOPO unavailable; using json_fallback: soc=Ascend950PR_9579 occupy=0x3e stable_reachable=5 requested=0 effective=5 affinity=[1, 2, 3, 4, 5(orch)]
[mono_ns=83745068385149][T0x76bbe1aa8740][TIMING] emit_host_span: [STRACE] v=1 pid=3969863 tid=3969863 inv=45 hid=4e691a1ac652a1b3 depth=1 name=chip.run.runner_run ts=83745067314782 dur=1070057 
[mono_ns=83745068754343][T0x76bbe1aa8740][TIMING] emit_host_span: [STRACE] v=1 pid=3969863 tid=3969863 inv=45 hid=4e691a1ac652a1b3 depth=1 name=chip.run.validate ts=83745068393011 dur=360962 
[mono_ns=83745068759861][T0x76bbe1aa8740][TIMING] emit_host_span: [STRACE] v=1 pid=3969863 tid=3969863 inv=45 hid=4e691a1ac652a1b3 depth=2 name=chip.run.runner_run.device_wall ts=0 dur=938717 clk=dev
[mono_ns=83745068761534][T0x76bbe1aa8740][TIMING] emit_host_span: [STRACE] v=1 pid=3969863 tid=3969863 inv=45 hid=4e691a1ac652a1b3 depth=3 name=chip.run.runner_run.device_wall.preamble ts=0 dur=15619 clk=dev
[mono_ns=83745068762826][T0x76bbe1aa8740][TIMING] emit_host_span: [STRACE] v=1 pid=3969863 tid=3969863 inv=45 hid=4e691a1ac652a1b3 depth=3 name=chip.run.runner_run.device_wall.graph_build ts=5228 dur=929271 clk=dev
[mono_ns=83745068764108][T0x76bbe1aa8740][TIMING] emit_host_span: [STRACE] v=1 pid=3969863 tid=3969863 inv=45 hid=4e691a1ac652a1b3 depth=3 name=chip.run.runner_run.device_wall.config_validate ts=5588 dur=1111 clk=dev
[mono_ns=83745068766241][T0x76bbe1aa8740][TIMING] emit_host_span: [STRACE] v=1 pid=3969863 tid=3969863 inv=45 hid=4e691a1ac652a1b3 depth=3 name=chip.run.runner_run.device_wall.arena_wire ts=6736 dur=1556 clk=dev
[mono_ns=83745068767944][T0x76bbe1aa8740][TIMING] emit_host_span: [STRACE] v=1 pid=3969863 tid=3969863 inv=45 hid=4e691a1ac652a1b3 depth=3 name=chip.run.runner_run.device_wall.sm_reset ts=8314 dur=2719 clk=dev
[mono_ns=83745068769436][T0x76bbe1aa8740][TIMING] emit_host_span: [STRACE] v=1 pid=3969863 tid=3969863 inv=45 hid=4e691a1ac652a1b3 depth=3 name=chip.run.runner_run.device_wall.post_orch ts=934578 dur=3848 clk=dev
[mono_ns=83745068770658][T0x76bbe1aa8740][TIMING] emit_host_span: [STRACE] v=1 pid=3969863 tid=3969863 inv=45 hid=4e691a1ac652a1b3 depth=3 name=chip.run.runner_run.device_wall.orch ts=11119 dur=589876 clk=dev
[mono_ns=83745068771950][T0x76bbe1aa8740][TIMING] emit_host_span: [STRACE] v=1 pid=3969863 tid=3969863 inv=45 hid=4e691a1ac652a1b3 depth=3 name=chip.run.runner_run.device_wall.sched ts=15072 dur=907163 clk=dev
[mono_ns=83745068773362][T0x76bbe1aa8740][TIMING] emit_host_span: [STRACE] v=1 pid=3969863 tid=3969863 inv=45 hid=4e691a1ac652a1b3 depth=1 name=chip.run.claim_release ts=83745068772941 dur=80 
[mono_ns=83745068776496][T0x76bbe1aa8740][TIMING] emit_host_span: [STRACE] v=1 pid=3969863 tid=3969863 inv=45 hid=4e691a1ac652a1b3 depth=0 name=chip.run ts=83745034611367 dur=34164799 run_id=0 dispatch_id=0 slot_id=0 generation=45 run_epoch=45
[mono_ns=83745096808781][T0x76bbe1aa8740][TIMING] emit_host_span: [STRACE] v=1 pid=3969863 tid=3969863 inv=46 hid=4e691a1ac652a1b3 depth=2 name=chip.run.bind.args ts=83745068982956 dur=27825093 
[mono_ns=83745096818085][T0x76bbe1aa8740][TIMING] emit_host_span: [STRACE] v=1 pid=3969863 tid=3969863 inv=46 hid=4e691a1ac652a1b3 depth=2 name=chip.run.bind.prebuilt ts=83745096816402 dur=1372 
[mono_ns=83745096819777][T0x76bbe1aa8740][TIMING] emit_host_span: [STRACE] v=1 pid=3969863 tid=3969863 inv=46 hid=4e691a1ac652a1b3 depth=1 name=chip.run.bind ts=83745068981464 dur=27838063 
[mono_ns=83745101494814][T0x76bbe1aa8740][WARN] prepare_execution: [device_runner.cpp:342] AICPU CPU_TOPO unavailable; using json_fallback: soc=Ascend950PR_9579 occupy=0x3e stable_reachable=5 requested=0 effective=5 affinity=[1, 2, 3, 4, 5(orch)]
[mono_ns=83745102638611][T0x76bbe1aa8740][TIMING] emit_host_span: [STRACE] v=1 pid=3969863 tid=3969863 inv=46 hid=4e691a1ac652a1b3 depth=1 name=chip.run.runner_run ts=83745101553522 dur=1084728 
[mono_ns=83745102980334][T0x76bbe1aa8740][TIMING] emit_host_span: [STRACE] v=1 pid=3969863 tid=3969863 inv=46 hid=4e691a1ac652a1b3 depth=1 name=chip.run.validate ts=83745102646282 dur=333681 
[mono_ns=83745102986282][T0x76bbe1aa8740][TIMING] emit_host_span: [STRACE] v=1 pid=3969863 tid=3969863 inv=46 hid=4e691a1ac652a1b3 depth=2 name=chip.run.runner_run.device_wall ts=0 dur=955809 clk=dev
[mono_ns=83745102988326][T0x76bbe1aa8740][TIMING] emit_host_span: [STRACE] v=1 pid=3969863 tid=3969863 inv=46 hid=4e691a1ac652a1b3 depth=3 name=chip.run.runner_run.device_wall.preamble ts=0 dur=13116 clk=dev
[mono_ns=83745102989557][T0x76bbe1aa8740][TIMING] emit_host_span: [STRACE] v=1 pid=3969863 tid=3969863 inv=46 hid=4e691a1ac652a1b3 depth=3 name=chip.run.runner_run.device_wall.graph_build ts=3050 dur=948286 clk=dev
[mono_ns=83745102991090][T0x76bbe1aa8740][TIMING] emit_host_span: [STRACE] v=1 pid=3969863 tid=3969863 inv=46 hid=4e691a1ac652a1b3 depth=3 name=chip.run.runner_run.device_wall.config_validate ts=3617 dur=768 clk=dev
[mono_ns=83745102993684][T0x76bbe1aa8740][TIMING] emit_host_span: [STRACE] v=1 pid=3969863 tid=3969863 inv=46 hid=4e691a1ac652a1b3 depth=3 name=chip.run.runner_run.device_wall.arena_wire ts=4613 dur=2341 clk=dev
[mono_ns=83745102995176][T0x76bbe1aa8740][TIMING] emit_host_span: [STRACE] v=1 pid=3969863 tid=3969863 inv=46 hid=4e691a1ac652a1b3 depth=3 name=chip.run.runner_run.device_wall.sm_reset ts=6986 dur=2940 clk=dev
[mono_ns=83745102996478][T0x76bbe1aa8740][TIMING] emit_host_span: [STRACE] v=1 pid=3969863 tid=3969863 inv=46 hid=4e691a1ac652a1b3 depth=3 name=chip.run.runner_run.device_wall.post_orch ts=951441 dur=3692 clk=dev
[mono_ns=83745102997720][T0x76bbe1aa8740][TIMING] emit_host_span: [STRACE] v=1 pid=3969863 tid=3969863 inv=46 hid=4e691a1ac652a1b3 depth=3 name=chip.run.runner_run.device_wall.orch ts=10420 dur=613833 clk=dev
[mono_ns=83745102998972][T0x76bbe1aa8740][TIMING] emit_host_span: [STRACE] v=1 pid=3969863 tid=3969863 inv=46 hid=4e691a1ac652a1b3 depth=3 name=chip.run.runner_run.device_wall.sched ts=12979 dur=925496 clk=dev
[mono_ns=83745103015386][T0x76bbe1aa8740][TIMING] emit_host_span: [STRACE] v=1 pid=3969863 tid=3969863 inv=46 hid=4e691a1ac652a1b3 depth=1 name=chip.run.claim_release ts=83745102999973 dur=40 
[mono_ns=83745103017599][T0x76bbe1aa8740][TIMING] emit_host_span: [STRACE] v=1 pid=3969863 tid=3969863 inv=46 hid=4e691a1ac652a1b3 depth=0 name=chip.run ts=83745068979571 dur=34037688 run_id=0 dispatch_id=0 slot_id=0 generation=46 run_epoch=46
[mono_ns=83745130547850][T0x76bbe1aa8740][TIMING] emit_host_span: [STRACE] v=1 pid=3969863 tid=3969863 inv=47 hid=4e691a1ac652a1b3 depth=2 name=chip.run.bind.args ts=83745103226653 dur=27320626 
[mono_ns=83745130557425][T0x76bbe1aa8740][TIMING] emit_host_span: [STRACE] v=1 pid=3969863 tid=3969863 inv=47 hid=4e691a1ac652a1b3 depth=2 name=chip.run.bind.prebuilt ts=83745130555982 dur=1162 
[mono_ns=83745130561771][T0x76bbe1aa8740][TIMING] emit_host_span: [STRACE] v=1 pid=3969863 tid=3969863 inv=47 hid=4e691a1ac652a1b3 depth=1 name=chip.run.bind ts=83745103225461 dur=27336030 
[mono_ns=83745135491901][T0x76bbe1aa8740][WARN] prepare_execution: [device_runner.cpp:342] AICPU CPU_TOPO unavailable; using json_fallback: soc=Ascend950PR_9579 occupy=0x3e stable_reachable=5 requested=0 effective=5 affinity=[1, 2, 3, 4, 5(orch)]
[mono_ns=83745136697080][T0x76bbe1aa8740][TIMING] emit_host_span: [STRACE] v=1 pid=3969863 tid=3969863 inv=47 hid=4e691a1ac652a1b3 depth=1 name=chip.run.runner_run ts=83745135553053 dur=1143706 
[mono_ns=83745137038092][T0x76bbe1aa8740][TIMING] emit_host_span: [STRACE] v=1 pid=3969863 tid=3969863 inv=47 hid=4e691a1ac652a1b3 depth=1 name=chip.run.validate ts=83745136704601 dur=333140 
[mono_ns=83745137044361][T0x76bbe1aa8740][TIMING] emit_host_span: [STRACE] v=1 pid=3969863 tid=3969863 inv=47 hid=4e691a1ac652a1b3 depth=2 name=chip.run.runner_run.device_wall ts=0 dur=1010753 clk=dev
[mono_ns=83745137046254][T0x76bbe1aa8740][TIMING] emit_host_span: [STRACE] v=1 pid=3969863 tid=3969863 inv=47 hid=4e691a1ac652a1b3 depth=3 name=chip.run.runner_run.device_wall.preamble ts=0 dur=12021 clk=dev
[mono_ns=83745137047556][T0x76bbe1aa8740][TIMING] emit_host_span: [STRACE] v=1 pid=3969863 tid=3969863 inv=47 hid=4e691a1ac652a1b3 depth=3 name=chip.run.runner_run.device_wall.graph_build ts=2531 dur=1002992 clk=dev
[mono_ns=83745137049198][T0x76bbe1aa8740][TIMING] emit_host_span: [STRACE] v=1 pid=3969863 tid=3969863 inv=47 hid=4e691a1ac652a1b3 depth=3 name=chip.run.runner_run.device_wall.config_validate ts=3038 dur=1008 clk=dev
[mono_ns=83745137051291][T0x76bbe1aa8740][TIMING] emit_host_span: [STRACE] v=1 pid=3969863 tid=3969863 inv=47 hid=4e691a1ac652a1b3 depth=3 name=chip.run.runner_run.device_wall.arena_wire ts=4082 dur=2325 clk=dev
[mono_ns=83745137053204][T0x76bbe1aa8740][TIMING] emit_host_span: [STRACE] v=1 pid=3969863 tid=3969863 inv=47 hid=4e691a1ac652a1b3 depth=3 name=chip.run.runner_run.device_wall.sm_reset ts=6475 dur=2881 clk=dev
[mono_ns=83745137054656][T0x76bbe1aa8740][TIMING] emit_host_span: [STRACE] v=1 pid=3969863 tid=3969863 inv=47 hid=4e691a1ac652a1b3 depth=3 name=chip.run.runner_run.device_wall.post_orch ts=1005559 dur=4968 clk=dev
[mono_ns=83745137055898][T0x76bbe1aa8740][TIMING] emit_host_span: [STRACE] v=1 pid=3969863 tid=3969863 inv=47 hid=4e691a1ac652a1b3 depth=3 name=chip.run.runner_run.device_wall.orch ts=9451 dur=601197 clk=dev
[mono_ns=83745137057130][T0x76bbe1aa8740][TIMING] emit_host_span: [STRACE] v=1 pid=3969863 tid=3969863 inv=47 hid=4e691a1ac652a1b3 depth=3 name=chip.run.runner_run.device_wall.sched ts=11503 dur=978170 clk=dev
[mono_ns=83745137058522][T0x76bbe1aa8740][TIMING] emit_host_span: [STRACE] v=1 pid=3969863 tid=3969863 inv=47 hid=4e691a1ac652a1b3 depth=1 name=chip.run.claim_release ts=83745137058132 dur=50 
[mono_ns=83745137059874][T0x76bbe1aa8740][TIMING] emit_host_span: [STRACE] v=1 pid=3969863 tid=3969863 inv=47 hid=4e691a1ac652a1b3 depth=0 name=chip.run ts=83745103223609 dur=33835935 run_id=0 dispatch_id=0 slot_id=0 generation=47 run_epoch=47
[mono_ns=83745165271798][T0x76bbe1aa8740][TIMING] emit_host_span: [STRACE] v=1 pid=3969863 tid=3969863 inv=48 hid=4e691a1ac652a1b3 depth=2 name=chip.run.bind.args ts=83745137260205 dur=28011152 
[mono_ns=83745165281963][T0x76bbe1aa8740][TIMING] emit_host_span: [STRACE] v=1 pid=3969863 tid=3969863 inv=48 hid=4e691a1ac652a1b3 depth=2 name=chip.run.bind.prebuilt ts=83745165280241 dur=1422 
[mono_ns=83745165283556][T0x76bbe1aa8740][TIMING] emit_host_span: [STRACE] v=1 pid=3969863 tid=3969863 inv=48 hid=4e691a1ac652a1b3 depth=1 name=chip.run.bind ts=83745137259223 dur=28024062 
[mono_ns=83745169914657][T0x76bbe1aa8740][WARN] prepare_execution: [device_runner.cpp:342] AICPU CPU_TOPO unavailable; using json_fallback: soc=Ascend950PR_9579 occupy=0x3e stable_reachable=5 requested=0 effective=5 affinity=[1, 2, 3, 4, 5(orch)]
[mono_ns=83745171074798][T0x76bbe1aa8740][TIMING] emit_host_span: [STRACE] v=1 pid=3969863 tid=3969863 inv=48 hid=4e691a1ac652a1b3 depth=1 name=chip.run.runner_run ts=83745169976259 dur=1098218 
[mono_ns=83745171403611][T0x76bbe1aa8740][TIMING] emit_host_span: [STRACE] v=1 pid=3969863 tid=3969863 inv=48 hid=4e691a1ac652a1b3 depth=1 name=chip.run.validate ts=83745171081728 dur=321553 
[mono_ns=83745171409440][T0x76bbe1aa8740][TIMING] emit_host_span: [STRACE] v=1 pid=3969863 tid=3969863 inv=48 hid=4e691a1ac652a1b3 depth=2 name=chip.run.runner_run.device_wall ts=0 dur=943534 clk=dev
[mono_ns=83745171411243][T0x76bbe1aa8740][TIMING] emit_host_span: [STRACE] v=1 pid=3969863 tid=3969863 inv=48 hid=4e691a1ac652a1b3 depth=3 name=chip.run.runner_run.device_wall.preamble ts=0 dur=12778 clk=dev
[mono_ns=83745171412555][T0x76bbe1aa8740][TIMING] emit_host_span: [STRACE] v=1 pid=3969863 tid=3969863 inv=48 hid=4e691a1ac652a1b3 depth=3 name=chip.run.runner_run.device_wall.graph_build ts=2559 dur=935719 clk=dev
[mono_ns=83745171414468][T0x76bbe1aa8740][TIMING] emit_host_span: [STRACE] v=1 pid=3969863 tid=3969863 inv=48 hid=4e691a1ac652a1b3 depth=3 name=chip.run.runner_run.device_wall.config_validate ts=3171 dur=1540 clk=dev
[mono_ns=83745171417182][T0x76bbe1aa8740][TIMING] emit_host_span: [STRACE] v=1 pid=3969863 tid=3969863 inv=48 hid=4e691a1ac652a1b3 depth=3 name=chip.run.runner_run.device_wall.arena_wire ts=4739 dur=1990 clk=dev
[mono_ns=83745171419175][T0x76bbe1aa8740][TIMING] emit_host_span: [STRACE] v=1 pid=3969863 tid=3969863 inv=48 hid=4e691a1ac652a1b3 depth=3 name=chip.run.runner_run.device_wall.sm_reset ts=6820 dur=2368 clk=dev
[mono_ns=83745171420727][T0x76bbe1aa8740][TIMING] emit_host_span: [STRACE] v=1 pid=3969863 tid=3969863 inv=48 hid=4e691a1ac652a1b3 depth=3 name=chip.run.runner_run.device_wall.post_orch ts=938307 dur=4853 clk=dev
[mono_ns=83745171421999][T0x76bbe1aa8740][TIMING] emit_host_span: [STRACE] v=1 pid=3969863 tid=3969863 inv=48 hid=4e691a1ac652a1b3 depth=3 name=chip.run.runner_run.device_wall.orch ts=9815 dur=600347 clk=dev
[mono_ns=83745171423231][T0x76bbe1aa8740][TIMING] emit_host_span: [STRACE] v=1 pid=3969863 tid=3969863 inv=48 hid=4e691a1ac652a1b3 depth=3 name=chip.run.runner_run.device_wall.sched ts=12317 dur=912748 clk=dev
[mono_ns=83745171424613][T0x76bbe1aa8740][TIMING] emit_host_span: [STRACE] v=1 pid=3969863 tid=3969863 inv=48 hid=4e691a1ac652a1b3 depth=1 name=chip.run.claim_release ts=83745171424222 dur=50 
[mono_ns=83745171425865][T0x76bbe1aa8740][TIMING] emit_host_span: [STRACE] v=1 pid=3969863 tid=3969863 inv=48 hid=4e691a1ac652a1b3 depth=0 name=chip.run ts=83745137257250 dur=34168344 run_id=0 dispatch_id=0 slot_id=0 generation=48 run_epoch=48
[mono_ns=83745198918479][T0x76bbe1aa8740][TIMING] emit_host_span: [STRACE] v=1 pid=3969863 tid=3969863 inv=49 hid=4e691a1ac652a1b3 depth=2 name=chip.run.bind.args ts=83745171619696 dur=27298222 
[mono_ns=83745198929115][T0x76bbe1aa8740][TIMING] emit_host_span: [STRACE] v=1 pid=3969863 tid=3969863 inv=49 hid=4e691a1ac652a1b3 depth=2 name=chip.run.bind.prebuilt ts=83745198927493 dur=1161 
[mono_ns=83745198930717][T0x76bbe1aa8740][TIMING] emit_host_span: [STRACE] v=1 pid=3969863 tid=3969863 inv=49 hid=4e691a1ac652a1b3 depth=1 name=chip.run.bind ts=83745171618804 dur=27311653 
[mono_ns=83745203517291][T0x76bbe1aa8740][WARN] prepare_execution: [device_runner.cpp:342] AICPU CPU_TOPO unavailable; using json_fallback: soc=Ascend950PR_9579 occupy=0x3e stable_reachable=5 requested=0 effective=5 affinity=[1, 2, 3, 4, 5(orch)]
[mono_ns=83745204747558][T0x76bbe1aa8740][TIMING] emit_host_span: [STRACE] v=1 pid=3969863 tid=3969863 inv=49 hid=4e691a1ac652a1b3 depth=1 name=chip.run.runner_run ts=83745203576210 dur=1170817 
[mono_ns=83745205104794][T0x76bbe1aa8740][TIMING] emit_host_span: [STRACE] v=1 pid=3969863 tid=3969863 inv=49 hid=4e691a1ac652a1b3 depth=1 name=chip.run.validate ts=83745204755149 dur=349285 
[mono_ns=83745205110713][T0x76bbe1aa8740][TIMING] emit_host_span: [STRACE] v=1 pid=3969863 tid=3969863 inv=49 hid=4e691a1ac652a1b3 depth=2 name=chip.run.runner_run.device_wall ts=0 dur=1038181 clk=dev
[mono_ns=83745205113938][T0x76bbe1aa8740][TIMING] emit_host_span: [STRACE] v=1 pid=3969863 tid=3969863 inv=49 hid=4e691a1ac652a1b3 depth=3 name=chip.run.runner_run.device_wall.preamble ts=0 dur=16180 clk=dev
[mono_ns=83745205115370][T0x76bbe1aa8740][TIMING] emit_host_span: [STRACE] v=1 pid=3969863 tid=3969863 inv=49 hid=4e691a1ac652a1b3 depth=3 name=chip.run.runner_run.device_wall.graph_build ts=5358 dur=1028155 clk=dev
[mono_ns=83745205118525][T0x76bbe1aa8740][TIMING] emit_host_span: [STRACE] v=1 pid=3969863 tid=3969863 inv=49 hid=4e691a1ac652a1b3 depth=3 name=chip.run.runner_run.device_wall.config_validate ts=5893 dur=1204 clk=dev
[mono_ns=83745205120448][T0x76bbe1aa8740][TIMING] emit_host_span: [STRACE] v=1 pid=3969863 tid=3969863 inv=49 hid=4e691a1ac652a1b3 depth=3 name=chip.run.runner_run.device_wall.arena_wire ts=7127 dur=1640 clk=dev
[mono_ns=83745205121910][T0x76bbe1aa8740][TIMING] emit_host_span: [STRACE] v=1 pid=3969863 tid=3969863 inv=49 hid=4e691a1ac652a1b3 depth=3 name=chip.run.runner_run.device_wall.sm_reset ts=8792 dur=3097 clk=dev
[mono_ns=83745205123182][T0x76bbe1aa8740][TIMING] emit_host_span: [STRACE] v=1 pid=3969863 tid=3969863 inv=49 hid=4e691a1ac652a1b3 depth=3 name=chip.run.runner_run.device_wall.post_orch ts=1033538 dur=4324 clk=dev
[mono_ns=83745205124444][T0x76bbe1aa8740][TIMING] emit_host_span: [STRACE] v=1 pid=3969863 tid=3969863 inv=49 hid=4e691a1ac652a1b3 depth=3 name=chip.run.runner_run.device_wall.orch ts=11998 dur=610038 clk=dev
[mono_ns=83745205125685][T0x76bbe1aa8740][TIMING] emit_host_span: [STRACE] v=1 pid=3969863 tid=3969863 inv=49 hid=4e691a1ac652a1b3 depth=3 name=chip.run.runner_run.device_wall.sched ts=15818 dur=1004658 clk=dev
[mono_ns=83745205127028][T0x76bbe1aa8740][TIMING] emit_host_span: [STRACE] v=1 pid=3969863 tid=3969863 inv=49 hid=4e691a1ac652a1b3 depth=1 name=chip.run.claim_release ts=83745205126667 dur=40 
[mono_ns=83745205128349][T0x76bbe1aa8740][TIMING] emit_host_span: [STRACE] v=1 pid=3969863 tid=3969863 inv=49 hid=4e691a1ac652a1b3 depth=0 name=chip.run ts=83745171617002 dur=33511047 run_id=0 dispatch_id=0 slot_id=0 generation=49 run_epoch=49
[mono_ns=83745233768706][T0x76bbe1aa8740][TIMING] emit_host_span: [STRACE] v=1 pid=3969863 tid=3969863 inv=50 hid=4e691a1ac652a1b3 depth=2 name=chip.run.bind.args ts=83745205352195 dur=28416001 
[mono_ns=83745233780614][T0x76bbe1aa8740][TIMING] emit_host_span: [STRACE] v=1 pid=3969863 tid=3969863 inv=50 hid=4e691a1ac652a1b3 depth=2 name=chip.run.bind.prebuilt ts=83745233778631 dur=1653 
[mono_ns=83745233782717][T0x76bbe1aa8740][TIMING] emit_host_span: [STRACE] v=1 pid=3969863 tid=3969863 inv=50 hid=4e691a1ac652a1b3 depth=1 name=chip.run.bind ts=83745205351054 dur=28431413 
[mono_ns=83745238660929][T0x76bbe1aa8740][WARN] prepare_execution: [device_runner.cpp:342] AICPU CPU_TOPO unavailable; using json_fallback: soc=Ascend950PR_9579 occupy=0x3e stable_reachable=5 requested=0 effective=5 affinity=[1, 2, 3, 4, 5(orch)]
[mono_ns=83745239831496][T0x76bbe1aa8740][TIMING] emit_host_span: [STRACE] v=1 pid=3969863 tid=3969863 inv=50 hid=4e691a1ac652a1b3 depth=1 name=chip.run.runner_run ts=83745238718686 dur=1112279 
[mono_ns=83745240165287][T0x76bbe1aa8740][TIMING] emit_host_span: [STRACE] v=1 pid=3969863 tid=3969863 inv=50 hid=4e691a1ac652a1b3 depth=1 name=chip.run.validate ts=83745239839188 dur=325739 
[mono_ns=83745240171807][T0x76bbe1aa8740][TIMING] emit_host_span: [STRACE] v=1 pid=3969863 tid=3969863 inv=50 hid=4e691a1ac652a1b3 depth=2 name=chip.run.runner_run.device_wall ts=0 dur=982669 clk=dev
[mono_ns=83745240173479][T0x76bbe1aa8740][TIMING] emit_host_span: [STRACE] v=1 pid=3969863 tid=3969863 inv=50 hid=4e691a1ac652a1b3 depth=3 name=chip.run.runner_run.device_wall.preamble ts=0 dur=12303 clk=dev
[mono_ns=83745240174791][T0x76bbe1aa8740][TIMING] emit_host_span: [STRACE] v=1 pid=3969863 tid=3969863 inv=50 hid=4e691a1ac652a1b3 depth=3 name=chip.run.runner_run.device_wall.graph_build ts=3342 dur=974221 clk=dev
[mono_ns=83745240176073][T0x76bbe1aa8740][TIMING] emit_host_span: [STRACE] v=1 pid=3969863 tid=3969863 inv=50 hid=4e691a1ac652a1b3 depth=3 name=chip.run.runner_run.device_wall.config_validate ts=3638 dur=1482 clk=dev
[mono_ns=83745240179789][T0x76bbe1aa8740][TIMING] emit_host_span: [STRACE] v=1 pid=3969863 tid=3969863 inv=50 hid=4e691a1ac652a1b3 depth=3 name=chip.run.runner_run.device_wall.arena_wire ts=5151 dur=2332 clk=dev
[mono_ns=83745240181291][T0x76bbe1aa8740][TIMING] emit_host_span: [STRACE] v=1 pid=3969863 tid=3969863 inv=50 hid=4e691a1ac652a1b3 depth=3 name=chip.run.runner_run.device_wall.sm_reset ts=7510 dur=2364 clk=dev
[mono_ns=83745240182513][T0x76bbe1aa8740][TIMING] emit_host_span: [STRACE] v=1 pid=3969863 tid=3969863 inv=50 hid=4e691a1ac652a1b3 depth=3 name=chip.run.runner_run.device_wall.post_orch ts=977630 dur=4617 clk=dev
[mono_ns=83745240183755][T0x76bbe1aa8740][TIMING] emit_host_span: [STRACE] v=1 pid=3969863 tid=3969863 inv=50 hid=4e691a1ac652a1b3 depth=3 name=chip.run.runner_run.device_wall.orch ts=9961 dur=600674 clk=dev
[mono_ns=83745240184997][T0x76bbe1aa8740][TIMING] emit_host_span: [STRACE] v=1 pid=3969863 tid=3969863 inv=50 hid=4e691a1ac652a1b3 depth=3 name=chip.run.runner_run.device_wall.sched ts=11793 dur=950886 clk=dev
[mono_ns=83745240186419][T0x76bbe1aa8740][TIMING] emit_host_span: [STRACE] v=1 pid=3969863 tid=3969863 inv=50 hid=4e691a1ac652a1b3 depth=1 name=chip.run.claim_release ts=83745240186018 dur=40 
[mono_ns=83745240187721][T0x76bbe1aa8740][TIMING] emit_host_span: [STRACE] v=1 pid=3969863 tid=3969863 inv=50 hid=4e691a1ac652a1b3 depth=0 name=chip.run ts=83745205348931 dur=34838479 run_id=0 dispatch_id=0 slot_id=0 generation=50 run_epoch=50
[mono_ns=83745270149481][T0x76bbe1aa8740][TIMING] emit_host_span: [STRACE] v=1 pid=3969863 tid=3969863 inv=51 hid=4e691a1ac652a1b3 depth=2 name=chip.run.bind.args ts=83745240386810 dur=29762220 
[mono_ns=83745270159186][T0x76bbe1aa8740][TIMING] emit_host_span: [STRACE] v=1 pid=3969863 tid=3969863 inv=51 hid=4e691a1ac652a1b3 depth=2 name=chip.run.bind.prebuilt ts=83745270157914 dur=981 
[mono_ns=83745270161028][T0x76bbe1aa8740][TIMING] emit_host_span: [STRACE] v=1 pid=3969863 tid=3969863 inv=51 hid=4e691a1ac652a1b3 depth=1 name=chip.run.bind ts=83745240385608 dur=29775170 
[mono_ns=83745274726020][T0x76bbe1aa8740][WARN] prepare_execution: [device_runner.cpp:342] AICPU CPU_TOPO unavailable; using json_fallback: soc=Ascend950PR_9579 occupy=0x3e stable_reachable=5 requested=0 effective=5 affinity=[1, 2, 3, 4, 5(orch)]
[mono_ns=83745276024309][T0x76bbe1aa8740][TIMING] emit_host_span: [STRACE] v=1 pid=3969863 tid=3969863 inv=51 hid=4e691a1ac652a1b3 depth=1 name=chip.run.runner_run ts=83745274786931 dur=1236837 
[mono_ns=83745276360754][T0x76bbe1aa8740][TIMING] emit_host_span: [STRACE] v=1 pid=3969863 tid=3969863 inv=51 hid=4e691a1ac652a1b3 depth=1 name=chip.run.validate ts=83745276031279 dur=329114 
[mono_ns=83745276366282][T0x76bbe1aa8740][TIMING] emit_host_span: [STRACE] v=1 pid=3969863 tid=3969863 inv=51 hid=4e691a1ac652a1b3 depth=2 name=chip.run.runner_run.device_wall ts=0 dur=1097577 clk=dev
[mono_ns=83745276367924][T0x76bbe1aa8740][TIMING] emit_host_span: [STRACE] v=1 pid=3969863 tid=3969863 inv=51 hid=4e691a1ac652a1b3 depth=3 name=chip.run.runner_run.device_wall.preamble ts=0 dur=14341 clk=dev
[mono_ns=83745276369236][T0x76bbe1aa8740][TIMING] emit_host_span: [STRACE] v=1 pid=3969863 tid=3969863 inv=51 hid=4e691a1ac652a1b3 depth=3 name=chip.run.runner_run.device_wall.graph_build ts=5207 dur=1087676 clk=dev
[mono_ns=83745276370558][T0x76bbe1aa8740][TIMING] emit_host_span: [STRACE] v=1 pid=3969863 tid=3969863 inv=51 hid=4e691a1ac652a1b3 depth=3 name=chip.run.runner_run.device_wall.config_validate ts=5707 dur=1357 clk=dev
[mono_ns=83745276373353][T0x76bbe1aa8740][TIMING] emit_host_span: [STRACE] v=1 pid=3969863 tid=3969863 inv=51 hid=4e691a1ac652a1b3 depth=3 name=chip.run.runner_run.device_wall.arena_wire ts=7096 dur=2413 clk=dev
[mono_ns=83745276375376][T0x76bbe1aa8740][TIMING] emit_host_span: [STRACE] v=1 pid=3969863 tid=3969863 inv=51 hid=4e691a1ac652a1b3 depth=3 name=chip.run.runner_run.device_wall.sm_reset ts=9574 dur=2865 clk=dev
[mono_ns=83745276378230][T0x76bbe1aa8740][TIMING] emit_host_span: [STRACE] v=1 pid=3969863 tid=3969863 inv=51 hid=4e691a1ac652a1b3 depth=3 name=chip.run.runner_run.device_wall.post_orch ts=1092918 dur=4481 clk=dev
[mono_ns=83745276379512][T0x76bbe1aa8740][TIMING] emit_host_span: [STRACE] v=1 pid=3969863 tid=3969863 inv=51 hid=4e691a1ac652a1b3 depth=3 name=chip.run.runner_run.device_wall.orch ts=12523 dur=591296 clk=dev
[mono_ns=83745276380744][T0x76bbe1aa8740][TIMING] emit_host_span: [STRACE] v=1 pid=3969863 tid=3969863 inv=51 hid=4e691a1ac652a1b3 depth=3 name=chip.run.runner_run.device_wall.sched ts=14749 dur=1065293 clk=dev
[mono_ns=83745276382106][T0x76bbe1aa8740][TIMING] emit_host_span: [STRACE] v=1 pid=3969863 tid=3969863 inv=51 hid=4e691a1ac652a1b3 depth=1 name=chip.run.claim_release ts=83745276381725 dur=40 
[mono_ns=83745276383468][T0x76bbe1aa8740][TIMING] emit_host_span: [STRACE] v=1 pid=3969863 tid=3969863 inv=51 hid=4e691a1ac652a1b3 depth=0 name=chip.run ts=83745240383505 dur=35999642 run_id=0 dispatch_id=0 slot_id=0 generation=51 run_epoch=51
[mono_ns=83745304418556][T0x76bbe1aa8740][TIMING] emit_host_span: [STRACE] v=1 pid=3969863 tid=3969863 inv=52 hid=4e691a1ac652a1b3 depth=2 name=chip.run.bind.args ts=83745276597699 dur=27820376 
[mono_ns=83745304429733][T0x76bbe1aa8740][TIMING] emit_host_span: [STRACE] v=1 pid=3969863 tid=3969863 inv=52 hid=4e691a1ac652a1b3 depth=2 name=chip.run.bind.prebuilt ts=83745304428100 dur=1322 
[mono_ns=83745304431435][T0x76bbe1aa8740][TIMING] emit_host_span: [STRACE] v=1 pid=3969863 tid=3969863 inv=52 hid=4e691a1ac652a1b3 depth=1 name=chip.run.bind ts=83745276596447 dur=27834728 
[mono_ns=83745309034915][T0x76bbe1aa8740][WARN] prepare_execution: [device_runner.cpp:342] AICPU CPU_TOPO unavailable; using json_fallback: soc=Ascend950PR_9579 occupy=0x3e stable_reachable=5 requested=0 effective=5 affinity=[1, 2, 3, 4, 5(orch)]
[mono_ns=83745310289838][T0x76bbe1aa8740][TIMING] emit_host_span: [STRACE] v=1 pid=3969863 tid=3969863 inv=52 hid=4e691a1ac652a1b3 depth=1 name=chip.run.runner_run ts=83745309094755 dur=1194543 
[mono_ns=83745310628517][T0x76bbe1aa8740][TIMING] emit_host_span: [STRACE] v=1 pid=3969863 tid=3969863 inv=52 hid=4e691a1ac652a1b3 depth=1 name=chip.run.validate ts=83745310297850 dur=330356 
[mono_ns=83745310633785][T0x76bbe1aa8740][TIMING] emit_host_span: [STRACE] v=1 pid=3969863 tid=3969863 inv=52 hid=4e691a1ac652a1b3 depth=2 name=chip.run.runner_run.device_wall ts=0 dur=1071897 clk=dev
[mono_ns=83745310635497][T0x76bbe1aa8740][TIMING] emit_host_span: [STRACE] v=1 pid=3969863 tid=3969863 inv=52 hid=4e691a1ac652a1b3 depth=3 name=chip.run.runner_run.device_wall.preamble ts=0 dur=15469 clk=dev
[mono_ns=83745310636779][T0x76bbe1aa8740][TIMING] emit_host_span: [STRACE] v=1 pid=3969863 tid=3969863 inv=52 hid=4e691a1ac652a1b3 depth=3 name=chip.run.runner_run.device_wall.graph_build ts=5285 dur=1061452 clk=dev
[mono_ns=83745310638051][T0x76bbe1aa8740][TIMING] emit_host_span: [STRACE] v=1 pid=3969863 tid=3969863 inv=52 hid=4e691a1ac652a1b3 depth=3 name=chip.run.runner_run.device_wall.config_validate ts=5851 dur=1068 clk=dev
[mono_ns=83745310639513][T0x76bbe1aa8740][TIMING] emit_host_span: [STRACE] v=1 pid=3969863 tid=3969863 inv=52 hid=4e691a1ac652a1b3 depth=3 name=chip.run.runner_run.device_wall.arena_wire ts=6939 dur=2629 clk=dev
[mono_ns=83745310641847][T0x76bbe1aa8740][TIMING] emit_host_span: [STRACE] v=1 pid=3969863 tid=3969863 inv=52 hid=4e691a1ac652a1b3 depth=3 name=chip.run.runner_run.device_wall.sm_reset ts=9636 dur=3259 clk=dev
[mono_ns=83745310643790][T0x76bbe1aa8740][TIMING] emit_host_span: [STRACE] v=1 pid=3969863 tid=3969863 inv=52 hid=4e691a1ac652a1b3 depth=3 name=chip.run.runner_run.device_wall.post_orch ts=1066798 dur=4206 clk=dev
[mono_ns=83745310645272][T0x76bbe1aa8740][TIMING] emit_host_span: [STRACE] v=1 pid=3969863 tid=3969863 inv=52 hid=4e691a1ac652a1b3 depth=3 name=chip.run.runner_run.device_wall.orch ts=12975 dur=612335 clk=dev
[mono_ns=83745310646524][T0x76bbe1aa8740][TIMING] emit_host_span: [STRACE] v=1 pid=3969863 tid=3969863 inv=52 hid=4e691a1ac652a1b3 depth=3 name=chip.run.runner_run.device_wall.sched ts=15286 dur=1037816 clk=dev
[mono_ns=83745310649709][T0x76bbe1aa8740][TIMING] emit_host_span: [STRACE] v=1 pid=3969863 tid=3969863 inv=52 hid=4e691a1ac652a1b3 depth=1 name=chip.run.claim_release ts=83745310649348 dur=30 
[mono_ns=83745310651211][T0x76bbe1aa8740][TIMING] emit_host_span: [STRACE] v=1 pid=3969863 tid=3969863 inv=52 hid=4e691a1ac652a1b3 depth=0 name=chip.run ts=83745276594695 dur=34056225 run_id=0 dispatch_id=0 slot_id=0 generation=52 run_epoch=52
[mono_ns=83745338976935][T0x76bbe1aa8740][TIMING] emit_host_span: [STRACE] v=1 pid=3969863 tid=3969863 inv=53 hid=4e691a1ac652a1b3 depth=2 name=chip.run.bind.args ts=83745310877210 dur=28099245 
[mono_ns=83745338986179][T0x76bbe1aa8740][TIMING] emit_host_span: [STRACE] v=1 pid=3969863 tid=3969863 inv=53 hid=4e691a1ac652a1b3 depth=2 name=chip.run.bind.prebuilt ts=83745338984447 dur=1412 
[mono_ns=83745338988112][T0x76bbe1aa8740][TIMING] emit_host_span: [STRACE] v=1 pid=3969863 tid=3969863 inv=53 hid=4e691a1ac652a1b3 depth=1 name=chip.run.bind ts=83745310876138 dur=28111714 
[mono_ns=83745343942859][T0x76bbe1aa8740][WARN] prepare_execution: [device_runner.cpp:342] AICPU CPU_TOPO unavailable; using json_fallback: soc=Ascend950PR_9579 occupy=0x3e stable_reachable=5 requested=0 effective=5 affinity=[1, 2, 3, 4, 5(orch)]
[mono_ns=83745345149490][T0x76bbe1aa8740][TIMING] emit_host_span: [STRACE] v=1 pid=3969863 tid=3969863 inv=53 hid=4e691a1ac652a1b3 depth=1 name=chip.run.runner_run ts=83745344006655 dur=1142474 
[mono_ns=83745345486185][T0x76bbe1aa8740][TIMING] emit_host_span: [STRACE] v=1 pid=3969863 tid=3969863 inv=53 hid=4e691a1ac652a1b3 depth=1 name=chip.run.validate ts=83745345157462 dur=328363 
[mono_ns=83745345491373][T0x76bbe1aa8740][TIMING] emit_host_span: [STRACE] v=1 pid=3969863 tid=3969863 inv=53 hid=4e691a1ac652a1b3 depth=2 name=chip.run.runner_run.device_wall ts=0 dur=1015125 clk=dev
[mono_ns=83745345493056][T0x76bbe1aa8740][TIMING] emit_host_span: [STRACE] v=1 pid=3969863 tid=3969863 inv=53 hid=4e691a1ac652a1b3 depth=3 name=chip.run.runner_run.device_wall.preamble ts=0 dur=11759 clk=dev
[mono_ns=83745345494388][T0x76bbe1aa8740][TIMING] emit_host_span: [STRACE] v=1 pid=3969863 tid=3969863 inv=53 hid=4e691a1ac652a1b3 depth=3 name=chip.run.runner_run.device_wall.graph_build ts=2512 dur=1008259 clk=dev
[mono_ns=83745345495670][T0x76bbe1aa8740][TIMING] emit_host_span: [STRACE] v=1 pid=3969863 tid=3969863 inv=53 hid=4e691a1ac652a1b3 depth=3 name=chip.run.runner_run.device_wall.config_validate ts=3024 dur=1100 clk=dev
[mono_ns=83745345497222][T0x76bbe1aa8740][TIMING] emit_host_span: [STRACE] v=1 pid=3969863 tid=3969863 inv=53 hid=4e691a1ac652a1b3 depth=3 name=chip.run.runner_run.device_wall.arena_wire ts=4155 dur=2259 clk=dev
[mono_ns=83745345499696][T0x76bbe1aa8740][TIMING] emit_host_span: [STRACE] v=1 pid=3969863 tid=3969863 inv=53 hid=4e691a1ac652a1b3 depth=3 name=chip.run.runner_run.device_wall.sm_reset ts=6433 dur=2489 clk=dev
[mono_ns=83745345501608][T0x76bbe1aa8740][TIMING] emit_host_span: [STRACE] v=1 pid=3969863 tid=3969863 inv=53 hid=4e691a1ac652a1b3 depth=3 name=chip.run.runner_run.device_wall.post_orch ts=1010857 dur=3912 clk=dev
[mono_ns=83745345503161][T0x76bbe1aa8740][TIMING] emit_host_span: [STRACE] v=1 pid=3969863 tid=3969863 inv=53 hid=4e691a1ac652a1b3 depth=3 name=chip.run.runner_run.device_wall.orch ts=9123 dur=624183 clk=dev
[mono_ns=83745345504433][T0x76bbe1aa8740][TIMING] emit_host_span: [STRACE] v=1 pid=3969863 tid=3969863 inv=53 hid=4e691a1ac652a1b3 depth=3 name=chip.run.runner_run.device_wall.sched ts=11467 dur=984247 clk=dev
[mono_ns=83745345505825][T0x76bbe1aa8740][TIMING] emit_host_span: [STRACE] v=1 pid=3969863 tid=3969863 inv=53 hid=4e691a1ac652a1b3 depth=1 name=chip.run.claim_release ts=83745345505434 dur=50 
[mono_ns=83745345507137][T0x76bbe1aa8740][TIMING] emit_host_span: [STRACE] v=1 pid=3969863 tid=3969863 inv=53 hid=4e691a1ac652a1b3 depth=0 name=chip.run ts=83745310874406 dur=34632440 run_id=0 dispatch_id=0 slot_id=0 generation=53 run_epoch=53
[mono_ns=83745372792790][T0x76bbe1aa8740][TIMING] emit_host_span: [STRACE] v=1 pid=3969863 tid=3969863 inv=54 hid=4e691a1ac652a1b3 depth=2 name=chip.run.bind.args ts=83745345707127 dur=27085263 
[mono_ns=83745372804418][T0x76bbe1aa8740][TIMING] emit_host_span: [STRACE] v=1 pid=3969863 tid=3969863 inv=54 hid=4e691a1ac652a1b3 depth=2 name=chip.run.bind.prebuilt ts=83745372802545 dur=1522 
[mono_ns=83745372806220][T0x76bbe1aa8740][TIMING] emit_host_span: [STRACE] v=1 pid=3969863 tid=3969863 inv=54 hid=4e691a1ac652a1b3 depth=1 name=chip.run.bind ts=83745345705935 dur=27100025 
[mono_ns=83745377474367][T0x76bbe1aa8740][WARN] prepare_execution: [device_runner.cpp:342] AICPU CPU_TOPO unavailable; using json_fallback: soc=Ascend950PR_9579 occupy=0x3e stable_reachable=5 requested=0 effective=5 affinity=[1, 2, 3, 4, 5(orch)]
[mono_ns=83745378699756][T0x76bbe1aa8740][TIMING] emit_host_span: [STRACE] v=1 pid=3969863 tid=3969863 inv=54 hid=4e691a1ac652a1b3 depth=1 name=chip.run.runner_run ts=83745377533426 dur=1165970 
[mono_ns=83745379052476][T0x76bbe1aa8740][TIMING] emit_host_span: [STRACE] v=1 pid=3969863 tid=3969863 inv=54 hid=4e691a1ac652a1b3 depth=1 name=chip.run.validate ts=83745378707067 dur=345068 
[mono_ns=83745379059266][T0x76bbe1aa8740][TIMING] emit_host_span: [STRACE] v=1 pid=3969863 tid=3969863 inv=54 hid=4e691a1ac652a1b3 depth=2 name=chip.run.runner_run.device_wall ts=0 dur=1035268 clk=dev
[mono_ns=83745379060748][T0x76bbe1aa8740][TIMING] emit_host_span: [STRACE] v=1 pid=3969863 tid=3969863 inv=54 hid=4e691a1ac652a1b3 depth=3 name=chip.run.runner_run.device_wall.preamble ts=0 dur=15201 clk=dev
[mono_ns=83745379062010][T0x76bbe1aa8740][TIMING] emit_host_span: [STRACE] v=1 pid=3969863 tid=3969863 inv=54 hid=4e691a1ac652a1b3 depth=3 name=chip.run.runner_run.device_wall.graph_build ts=5402 dur=1025398 clk=dev
[mono_ns=83745379063242][T0x76bbe1aa8740][TIMING] emit_host_span: [STRACE] v=1 pid=3969863 tid=3969863 inv=54 hid=4e691a1ac652a1b3 depth=3 name=chip.run.runner_run.device_wall.config_validate ts=6115 dur=1248 clk=dev
[mono_ns=83745379064714][T0x76bbe1aa8740][TIMING] emit_host_span: [STRACE] v=1 pid=3969863 tid=3969863 inv=54 hid=4e691a1ac652a1b3 depth=3 name=chip.run.runner_run.device_wall.arena_wire ts=7389 dur=2162 clk=dev
[mono_ns=83745379066477][T0x76bbe1aa8740][TIMING] emit_host_span: [STRACE] v=1 pid=3969863 tid=3969863 inv=54 hid=4e691a1ac652a1b3 depth=3 name=chip.run.runner_run.device_wall.sm_reset ts=9571 dur=2903 clk=dev
[mono_ns=83745379067889][T0x76bbe1aa8740][TIMING] emit_host_span: [STRACE] v=1 pid=3969863 tid=3969863 inv=54 hid=4e691a1ac652a1b3 depth=3 name=chip.run.runner_run.device_wall.post_orch ts=1030881 dur=4065 clk=dev
[mono_ns=83745379069131][T0x76bbe1aa8740][TIMING] emit_host_span: [STRACE] v=1 pid=3969863 tid=3969863 inv=54 hid=4e691a1ac652a1b3 depth=3 name=chip.run.runner_run.device_wall.orch ts=12731 dur=588479 clk=dev
[mono_ns=83745379070372][T0x76bbe1aa8740][TIMING] emit_host_span: [STRACE] v=1 pid=3969863 tid=3969863 inv=54 hid=4e691a1ac652a1b3 depth=3 name=chip.run.runner_run.device_wall.sched ts=14874 dur=1004367 clk=dev
[mono_ns=83745379071765][T0x76bbe1aa8740][TIMING] emit_host_span: [STRACE] v=1 pid=3969863 tid=3969863 inv=54 hid=4e691a1ac652a1b3 depth=1 name=chip.run.claim_release ts=83745379071384 dur=50 
[mono_ns=83745379073107][T0x76bbe1aa8740][TIMING] emit_host_span: [STRACE] v=1 pid=3969863 tid=3969863 inv=54 hid=4e691a1ac652a1b3 depth=0 name=chip.run ts=83745345704072 dur=33368734 run_id=0 dispatch_id=0 slot_id=0 generation=54 run_epoch=54
[mono_ns=83745407777139][T0x76bbe1aa8740][TIMING] emit_host_span: [STRACE] v=1 pid=3969863 tid=3969863 inv=55 hid=4e691a1ac652a1b3 depth=2 name=chip.run.bind.args ts=83745379270833 dur=28505895 
[mono_ns=83745407786894][T0x76bbe1aa8740][TIMING] emit_host_span: [STRACE] v=1 pid=3969863 tid=3969863 inv=55 hid=4e691a1ac652a1b3 depth=2 name=chip.run.bind.prebuilt ts=83745407785461 dur=1082 
[mono_ns=83745407788546][T0x76bbe1aa8740][TIMING] emit_host_span: [STRACE] v=1 pid=3969863 tid=3969863 inv=55 hid=4e691a1ac652a1b3 depth=1 name=chip.run.bind ts=83745379269752 dur=28518524 
[mono_ns=83745412366938][T0x76bbe1aa8740][WARN] prepare_execution: [device_runner.cpp:342] AICPU CPU_TOPO unavailable; using json_fallback: soc=Ascend950PR_9579 occupy=0x3e stable_reachable=5 requested=0 effective=5 affinity=[1, 2, 3, 4, 5(orch)]
[mono_ns=83745413637425][T0x76bbe1aa8740][TIMING] emit_host_span: [STRACE] v=1 pid=3969863 tid=3969863 inv=55 hid=4e691a1ac652a1b3 depth=1 name=chip.run.runner_run ts=83745412427689 dur=1209345 
[mono_ns=83745413967991][T0x76bbe1aa8740][TIMING] emit_host_span: [STRACE] v=1 pid=3969863 tid=3969863 inv=55 hid=4e691a1ac652a1b3 depth=1 name=chip.run.validate ts=83745413644656 dur=322954 
[mono_ns=83745413973119][T0x76bbe1aa8740][TIMING] emit_host_span: [STRACE] v=1 pid=3969863 tid=3969863 inv=55 hid=4e691a1ac652a1b3 depth=2 name=chip.run.runner_run.device_wall ts=0 dur=1074688 clk=dev
[mono_ns=83745413974631][T0x76bbe1aa8740][TIMING] emit_host_span: [STRACE] v=1 pid=3969863 tid=3969863 inv=55 hid=4e691a1ac652a1b3 depth=3 name=chip.run.runner_run.device_wall.preamble ts=0 dur=16511 clk=dev
[mono_ns=83745413975863][T0x76bbe1aa8740][TIMING] emit_host_span: [STRACE] v=1 pid=3969863 tid=3969863 inv=55 hid=4e691a1ac652a1b3 depth=3 name=chip.run.runner_run.device_wall.graph_build ts=5701 dur=1064509 clk=dev
[mono_ns=83745413977115][T0x76bbe1aa8740][TIMING] emit_host_span: [STRACE] v=1 pid=3969863 tid=3969863 inv=55 hid=4e691a1ac652a1b3 depth=3 name=chip.run.runner_run.device_wall.config_validate ts=6414 dur=1303 clk=dev
[mono_ns=83745413978357][T0x76bbe1aa8740][TIMING] emit_host_span: [STRACE] v=1 pid=3969863 tid=3969863 inv=55 hid=4e691a1ac652a1b3 depth=3 name=chip.run.runner_run.device_wall.arena_wire ts=7753 dur=1712 clk=dev
[mono_ns=83745413980730][T0x76bbe1aa8740][TIMING] emit_host_span: [STRACE] v=1 pid=3969863 tid=3969863 inv=55 hid=4e691a1ac652a1b3 depth=3 name=chip.run.runner_run.device_wall.sm_reset ts=9483 dur=2389 clk=dev
[mono_ns=83745413983144][T0x76bbe1aa8740][TIMING] emit_host_span: [STRACE] v=1 pid=3969863 tid=3969863 inv=55 hid=4e691a1ac652a1b3 depth=3 name=chip.run.runner_run.device_wall.post_orch ts=1070332 dur=4086 clk=dev
[mono_ns=83745413984616][T0x76bbe1aa8740][TIMING] emit_host_span: [STRACE] v=1 pid=3969863 tid=3969863 inv=55 hid=4e691a1ac652a1b3 depth=3 name=chip.run.runner_run.device_wall.orch ts=11956 dur=599829 clk=dev
[mono_ns=83745413985868][T0x76bbe1aa8740][TIMING] emit_host_span: [STRACE] v=1 pid=3969863 tid=3969863 inv=55 hid=4e691a1ac652a1b3 depth=3 name=chip.run.runner_run.device_wall.sched ts=16059 dur=1038581 clk=dev
[mono_ns=83745413987250][T0x76bbe1aa8740][TIMING] emit_host_span: [STRACE] v=1 pid=3969863 tid=3969863 inv=55 hid=4e691a1ac652a1b3 depth=1 name=chip.run.claim_release ts=83745413986899 dur=40 
[mono_ns=83745413988572][T0x76bbe1aa8740][TIMING] emit_host_span: [STRACE] v=1 pid=3969863 tid=3969863 inv=55 hid=4e691a1ac652a1b3 depth=0 name=chip.run ts=83745379267889 dur=34720362 run_id=0 dispatch_id=0 slot_id=0 generation=55 run_epoch=55
[mono_ns=83745441359634][T0x76bbe1aa8740][TIMING] emit_host_span: [STRACE] v=1 pid=3969863 tid=3969863 inv=56 hid=4e691a1ac652a1b3 depth=2 name=chip.run.bind.args ts=83745414201862 dur=27157010 
[mono_ns=83745441374776][T0x76bbe1aa8740][TIMING] emit_host_span: [STRACE] v=1 pid=3969863 tid=3969863 inv=56 hid=4e691a1ac652a1b3 depth=2 name=chip.run.bind.prebuilt ts=83745441373254 dur=1232 
[mono_ns=83745441376659][T0x76bbe1aa8740][TIMING] emit_host_span: [STRACE] v=1 pid=3969863 tid=3969863 inv=56 hid=4e691a1ac652a1b3 depth=1 name=chip.run.bind ts=83745414200550 dur=27175819 
[mono_ns=83745446044095][T0x76bbe1aa8740][WARN] prepare_execution: [device_runner.cpp:342] AICPU CPU_TOPO unavailable; using json_fallback: soc=Ascend950PR_9579 occupy=0x3e stable_reachable=5 requested=0 effective=5 affinity=[1, 2, 3, 4, 5(orch)]
[mono_ns=83745447196474][T0x76bbe1aa8740][TIMING] emit_host_span: [STRACE] v=1 pid=3969863 tid=3969863 inv=56 hid=4e691a1ac652a1b3 depth=1 name=chip.run.runner_run ts=83745446106699 dur=1089214 
[mono_ns=83745447537466][T0x76bbe1aa8740][TIMING] emit_host_span: [STRACE] v=1 pid=3969863 tid=3969863 inv=56 hid=4e691a1ac652a1b3 depth=1 name=chip.run.validate ts=83745447204937 dur=332128 
[mono_ns=83745447545789][T0x76bbe1aa8740][TIMING] emit_host_span: [STRACE] v=1 pid=3969863 tid=3969863 inv=56 hid=4e691a1ac652a1b3 depth=2 name=chip.run.runner_run.device_wall ts=0 dur=953508 clk=dev
[mono_ns=83745447547321][T0x76bbe1aa8740][TIMING] emit_host_span: [STRACE] v=1 pid=3969863 tid=3969863 inv=56 hid=4e691a1ac652a1b3 depth=3 name=chip.run.runner_run.device_wall.preamble ts=0 dur=16954 clk=dev
[mono_ns=83745447548543][T0x76bbe1aa8740][TIMING] emit_host_span: [STRACE] v=1 pid=3969863 tid=3969863 inv=56 hid=4e691a1ac652a1b3 depth=3 name=chip.run.runner_run.device_wall.graph_build ts=6172 dur=942773 clk=dev
[mono_ns=83745447549805][T0x76bbe1aa8740][TIMING] emit_host_span: [STRACE] v=1 pid=3969863 tid=3969863 inv=56 hid=4e691a1ac652a1b3 depth=3 name=chip.run.runner_run.device_wall.config_validate ts=6516 dur=1297 clk=dev
[mono_ns=83745447552699][T0x76bbe1aa8740][TIMING] emit_host_span: [STRACE] v=1 pid=3969863 tid=3969863 inv=56 hid=4e691a1ac652a1b3 depth=3 name=chip.run.runner_run.device_wall.arena_wire ts=7839 dur=1562 clk=dev
[mono_ns=83745447554452][T0x76bbe1aa8740][TIMING] emit_host_span: [STRACE] v=1 pid=3969863 tid=3969863 inv=56 hid=4e691a1ac652a1b3 depth=3 name=chip.run.runner_run.device_wall.sm_reset ts=9585 dur=2776 clk=dev
[mono_ns=83745447555794][T0x76bbe1aa8740][TIMING] emit_host_span: [STRACE] v=1 pid=3969863 tid=3969863 inv=56 hid=4e691a1ac652a1b3 depth=3 name=chip.run.runner_run.device_wall.post_orch ts=948969 dur=4476 clk=dev
[mono_ns=83745447557035][T0x76bbe1aa8740][TIMING] emit_host_span: [STRACE] v=1 pid=3969863 tid=3969863 inv=56 hid=4e691a1ac652a1b3 depth=3 name=chip.run.runner_run.device_wall.orch ts=12473 dur=595995 clk=dev
[mono_ns=83745447558277][T0x76bbe1aa8740][TIMING] emit_host_span: [STRACE] v=1 pid=3969863 tid=3969863 inv=56 hid=4e691a1ac652a1b3 depth=3 name=chip.run.runner_run.device_wall.sched ts=16575 dur=918969 clk=dev
[mono_ns=83745447559699][T0x76bbe1aa8740][TIMING] emit_host_span: [STRACE] v=1 pid=3969863 tid=3969863 inv=56 hid=4e691a1ac652a1b3 depth=1 name=chip.run.claim_release ts=83745447559299 dur=70 
[mono_ns=83745447561071][T0x76bbe1aa8740][TIMING] emit_host_span: [STRACE] v=1 pid=3969863 tid=3969863 inv=56 hid=4e691a1ac652a1b3 depth=0 name=chip.run ts=83745414198587 dur=33362174 run_id=0 dispatch_id=0 slot_id=0 generation=56 run_epoch=56
[mono_ns=83745475687767][T0x76bbe1aa8740][TIMING] emit_host_span: [STRACE] v=1 pid=3969863 tid=3969863 inv=57 hid=4e691a1ac652a1b3 depth=2 name=chip.run.bind.args ts=83745447804317 dur=27882779 
[mono_ns=83745475697041][T0x76bbe1aa8740][TIMING] emit_host_span: [STRACE] v=1 pid=3969863 tid=3969863 inv=57 hid=4e691a1ac652a1b3 depth=2 name=chip.run.bind.prebuilt ts=83745475695599 dur=1112 
[mono_ns=83745475698874][T0x76bbe1aa8740][TIMING] emit_host_span: [STRACE] v=1 pid=3969863 tid=3969863 inv=57 hid=4e691a1ac652a1b3 depth=1 name=chip.run.bind ts=83745447802934 dur=27895630 
[mono_ns=83745480321422][T0x76bbe1aa8740][WARN] prepare_execution: [device_runner.cpp:342] AICPU CPU_TOPO unavailable; using json_fallback: soc=Ascend950PR_9579 occupy=0x3e stable_reachable=5 requested=0 effective=5 affinity=[1, 2, 3, 4, 5(orch)]
[mono_ns=83745481526060][T0x76bbe1aa8740][TIMING] emit_host_span: [STRACE] v=1 pid=3969863 tid=3969863 inv=57 hid=4e691a1ac652a1b3 depth=1 name=chip.run.runner_run ts=83745480381162 dur=1144538 
[mono_ns=83745481863396][T0x76bbe1aa8740][TIMING] emit_host_span: [STRACE] v=1 pid=3969863 tid=3969863 inv=57 hid=4e691a1ac652a1b3 depth=1 name=chip.run.validate ts=83745481533531 dur=329485 
[mono_ns=83745481868765][T0x76bbe1aa8740][TIMING] emit_host_span: [STRACE] v=1 pid=3969863 tid=3969863 inv=57 hid=4e691a1ac652a1b3 depth=2 name=chip.run.runner_run.device_wall ts=0 dur=1014633 clk=dev
[mono_ns=83745481870197][T0x76bbe1aa8740][TIMING] emit_host_span: [STRACE] v=1 pid=3969863 tid=3969863 inv=57 hid=4e691a1ac652a1b3 depth=3 name=chip.run.runner_run.device_wall.preamble ts=0 dur=11463 clk=dev
[mono_ns=83745481871499][T0x76bbe1aa8740][TIMING] emit_host_span: [STRACE] v=1 pid=3969863 tid=3969863 inv=57 hid=4e691a1ac652a1b3 depth=3 name=chip.run.runner_run.device_wall.graph_build ts=2695 dur=1007352 clk=dev
[mono_ns=83745481875364][T0x76bbe1aa8740][TIMING] emit_host_span: [STRACE] v=1 pid=3969863 tid=3969863 inv=57 hid=4e691a1ac652a1b3 depth=3 name=chip.run.runner_run.device_wall.config_validate ts=3023 dur=1016 clk=dev
[mono_ns=83745481877257][T0x76bbe1aa8740][TIMING] emit_host_span: [STRACE] v=1 pid=3969863 tid=3969863 inv=57 hid=4e691a1ac652a1b3 depth=3 name=chip.run.runner_run.device_wall.arena_wire ts=4062 dur=2696 clk=dev
[mono_ns=83745481878729][T0x76bbe1aa8740][TIMING] emit_host_span: [STRACE] v=1 pid=3969863 tid=3969863 inv=57 hid=4e691a1ac652a1b3 depth=3 name=chip.run.runner_run.device_wall.sm_reset ts=6775 dur=2477 clk=dev
[mono_ns=83745481879961][T0x76bbe1aa8740][TIMING] emit_host_span: [STRACE] v=1 pid=3969863 tid=3969863 inv=57 hid=4e691a1ac652a1b3 depth=3 name=chip.run.runner_run.device_wall.post_orch ts=1010087 dur=4481 clk=dev
[mono_ns=83745481881233][T0x76bbe1aa8740][TIMING] emit_host_span: [STRACE] v=1 pid=3969863 tid=3969863 inv=57 hid=4e691a1ac652a1b3 depth=3 name=chip.run.runner_run.device_wall.orch ts=9338 dur=587205 clk=dev
[mono_ns=83745481882465][T0x76bbe1aa8740][TIMING] emit_host_span: [STRACE] v=1 pid=3969863 tid=3969863 inv=57 hid=4e691a1ac652a1b3 depth=3 name=chip.run.runner_run.device_wall.sched ts=11107 dur=985636 clk=dev
[mono_ns=83745481883887][T0x76bbe1aa8740][TIMING] emit_host_span: [STRACE] v=1 pid=3969863 tid=3969863 inv=57 hid=4e691a1ac652a1b3 depth=1 name=chip.run.claim_release ts=83745481883467 dur=80 
[mono_ns=83745481885199][T0x76bbe1aa8740][TIMING] emit_host_span: [STRACE] v=1 pid=3969863 tid=3969863 inv=57 hid=4e691a1ac652a1b3 depth=0 name=chip.run ts=83745447800721 dur=34084188 run_id=0 dispatch_id=0 slot_id=0 generation=57 run_epoch=57
[mono_ns=83745511326608][T0x76bbe1aa8740][TIMING] emit_host_span: [STRACE] v=1 pid=3969863 tid=3969863 inv=58 hid=4e691a1ac652a1b3 depth=2 name=chip.run.bind.args ts=83745482115194 dur=29207729 
[mono_ns=83745511360569][T0x76bbe1aa8740][TIMING] emit_host_span: [STRACE] v=1 pid=3969863 tid=3969863 inv=58 hid=4e691a1ac652a1b3 depth=2 name=chip.run.bind.prebuilt ts=83745511340700 dur=19569 
[mono_ns=83745511365306][T0x76bbe1aa8740][TIMING] emit_host_span: [STRACE] v=1 pid=3969863 tid=3969863 inv=58 hid=4e691a1ac652a1b3 depth=1 name=chip.run.bind ts=83745482113812 dur=29251214 
[mono_ns=83745516067394][T0x76bbe1aa8740][WARN] prepare_execution: [device_runner.cpp:342] AICPU CPU_TOPO unavailable; using json_fallback: soc=Ascend950PR_9579 occupy=0x3e stable_reachable=5 requested=0 effective=5 affinity=[1, 2, 3, 4, 5(orch)]
[mono_ns=83745517287555][T0x76bbe1aa8740][TIMING] emit_host_span: [STRACE] v=1 pid=3969863 tid=3969863 inv=58 hid=4e691a1ac652a1b3 depth=1 name=chip.run.runner_run ts=83745516132462 dur=1154623 
[mono_ns=83745517676679][T0x76bbe1aa8740][TIMING] emit_host_span: [STRACE] v=1 pid=3969863 tid=3969863 inv=58 hid=4e691a1ac652a1b3 depth=1 name=chip.run.validate ts=83745517296439 dur=379820 
[mono_ns=83745517682398][T0x76bbe1aa8740][TIMING] emit_host_span: [STRACE] v=1 pid=3969863 tid=3969863 inv=58 hid=4e691a1ac652a1b3 depth=2 name=chip.run.runner_run.device_wall ts=0 dur=956300 clk=dev
[mono_ns=83745517684161][T0x76bbe1aa8740][TIMING] emit_host_span: [STRACE] v=1 pid=3969863 tid=3969863 inv=58 hid=4e691a1ac652a1b3 depth=3 name=chip.run.runner_run.device_wall.preamble ts=0 dur=30117 clk=dev
[mono_ns=83745517685613][T0x76bbe1aa8740][TIMING] emit_host_span: [STRACE] v=1 pid=3969863 tid=3969863 inv=58 hid=4e691a1ac652a1b3 depth=3 name=chip.run.runner_run.device_wall.graph_build ts=17507 dur=934467 clk=dev
[mono_ns=83745517687325][T0x76bbe1aa8740][TIMING] emit_host_span: [STRACE] v=1 pid=3969863 tid=3969863 inv=58 hid=4e691a1ac652a1b3 depth=3 name=chip.run.runner_run.device_wall.config_validate ts=17822 dur=687 clk=dev
[mono_ns=83745517688998][T0x76bbe1aa8740][TIMING] emit_host_span: [STRACE] v=1 pid=3969863 tid=3969863 inv=58 hid=4e691a1ac652a1b3 depth=3 name=chip.run.runner_run.device_wall.arena_wire ts=18541 dur=2098 clk=dev
[mono_ns=83745517692423][T0x76bbe1aa8740][TIMING] emit_host_span: [STRACE] v=1 pid=3969863 tid=3969863 inv=58 hid=4e691a1ac652a1b3 depth=3 name=chip.run.runner_run.device_wall.sm_reset ts=20662 dur=2363 clk=dev
[mono_ns=83745517693675][T0x76bbe1aa8740][TIMING] emit_host_span: [STRACE] v=1 pid=3969863 tid=3969863 inv=58 hid=4e691a1ac652a1b3 depth=3 name=chip.run.runner_run.device_wall.post_orch ts=952218 dur=3993 clk=dev
[mono_ns=83745517694927][T0x76bbe1aa8740][TIMING] emit_host_span: [STRACE] v=1 pid=3969863 tid=3969863 inv=58 hid=4e691a1ac652a1b3 depth=3 name=chip.run.runner_run.device_wall.orch ts=23110 dur=602138 clk=dev
[mono_ns=83745517696169][T0x76bbe1aa8740][TIMING] emit_host_span: [STRACE] v=1 pid=3969863 tid=3969863 inv=58 hid=4e691a1ac652a1b3 depth=3 name=chip.run.runner_run.device_wall.sched ts=29601 dur=911792 clk=dev
[mono_ns=83745517697631][T0x76bbe1aa8740][TIMING] emit_host_span: [STRACE] v=1 pid=3969863 tid=3969863 inv=58 hid=4e691a1ac652a1b3 depth=1 name=chip.run.claim_release ts=83745517697180 dur=90 
[mono_ns=83745517699534][T0x76bbe1aa8740][TIMING] emit_host_span: [STRACE] v=1 pid=3969863 tid=3969863 inv=58 hid=4e691a1ac652a1b3 depth=0 name=chip.run ts=83745482111909 dur=35587294 run_id=0 dispatch_id=0 slot_id=0 generation=58 run_epoch=58
[mono_ns=83745546331919][T0x76bbe1aa8740][TIMING] emit_host_span: [STRACE] v=1 pid=3969863 tid=3969863 inv=59 hid=4e691a1ac652a1b3 depth=2 name=chip.run.bind.args ts=83745518420846 dur=27910442 
[mono_ns=83745546344327][T0x76bbe1aa8740][TIMING] emit_host_span: [STRACE] v=1 pid=3969863 tid=3969863 inv=59 hid=4e691a1ac652a1b3 depth=2 name=chip.run.bind.prebuilt ts=83745546342234 dur=1783 
[mono_ns=83745546346140][T0x76bbe1aa8740][TIMING] emit_host_span: [STRACE] v=1 pid=3969863 tid=3969863 inv=59 hid=4e691a1ac652a1b3 depth=1 name=chip.run.bind ts=83745518419034 dur=27926805 
[mono_ns=83745550961647][T0x76bbe1aa8740][WARN] prepare_execution: [device_runner.cpp:342] AICPU CPU_TOPO unavailable; using json_fallback: soc=Ascend950PR_9579 occupy=0x3e stable_reachable=5 requested=0 effective=5 affinity=[1, 2, 3, 4, 5(orch)]
[mono_ns=83745552139686][T0x76bbe1aa8740][TIMING] emit_host_span: [STRACE] v=1 pid=3969863 tid=3969863 inv=59 hid=4e691a1ac652a1b3 depth=1 name=chip.run.runner_run ts=83745551027907 dur=1111408 
[mono_ns=83745552486766][T0x76bbe1aa8740][TIMING] emit_host_span: [STRACE] v=1 pid=3969863 tid=3969863 inv=59 hid=4e691a1ac652a1b3 depth=1 name=chip.run.validate ts=83745552147247 dur=339139 
[mono_ns=83745552492385][T0x76bbe1aa8740][TIMING] emit_host_span: [STRACE] v=1 pid=3969863 tid=3969863 inv=59 hid=4e691a1ac652a1b3 depth=2 name=chip.run.runner_run.device_wall ts=0 dur=960594 clk=dev
[mono_ns=83745552493977][T0x76bbe1aa8740][TIMING] emit_host_span: [STRACE] v=1 pid=3969863 tid=3969863 inv=59 hid=4e691a1ac652a1b3 depth=3 name=chip.run.runner_run.device_wall.preamble ts=0 dur=16277 clk=dev
[mono_ns=83745552495299][T0x76bbe1aa8740][TIMING] emit_host_span: [STRACE] v=1 pid=3969863 tid=3969863 inv=59 hid=4e691a1ac652a1b3 depth=3 name=chip.run.runner_run.device_wall.graph_build ts=5835 dur=950229 clk=dev
[mono_ns=83745552496591][T0x76bbe1aa8740][TIMING] emit_host_span: [STRACE] v=1 pid=3969863 tid=3969863 inv=59 hid=4e691a1ac652a1b3 depth=3 name=chip.run.runner_run.device_wall.config_validate ts=6516 dur=1049 clk=dev
[mono_ns=83745552499486][T0x76bbe1aa8740][TIMING] emit_host_span: [STRACE] v=1 pid=3969863 tid=3969863 inv=59 hid=4e691a1ac652a1b3 depth=3 name=chip.run.runner_run.device_wall.arena_wire ts=7821 dur=1999 clk=dev
[mono_ns=83745552501539][T0x76bbe1aa8740][TIMING] emit_host_span: [STRACE] v=1 pid=3969863 tid=3969863 inv=59 hid=4e691a1ac652a1b3 depth=3 name=chip.run.runner_run.device_wall.sm_reset ts=9839 dur=3125 clk=dev
[mono_ns=83745552503001][T0x76bbe1aa8740][TIMING] emit_host_span: [STRACE] v=1 pid=3969863 tid=3969863 inv=59 hid=4e691a1ac652a1b3 depth=3 name=chip.run.runner_run.device_wall.post_orch ts=956095 dur=4345 clk=dev
[mono_ns=83745552504243][T0x76bbe1aa8740][TIMING] emit_host_span: [STRACE] v=1 pid=3969863 tid=3969863 inv=59 hid=4e691a1ac652a1b3 depth=3 name=chip.run.runner_run.device_wall.orch ts=12999 dur=616792 clk=dev
[mono_ns=83745552508179][T0x76bbe1aa8740][TIMING] emit_host_span: [STRACE] v=1 pid=3969863 tid=3969863 inv=59 hid=4e691a1ac652a1b3 depth=3 name=chip.run.runner_run.device_wall.sched ts=15719 dur=928225 clk=dev
[mono_ns=83745552509641][T0x76bbe1aa8740][TIMING] emit_host_span: [STRACE] v=1 pid=3969863 tid=3969863 inv=59 hid=4e691a1ac652a1b3 depth=1 name=chip.run.claim_release ts=83745552509200 dur=90 
[mono_ns=83745552510993][T0x76bbe1aa8740][TIMING] emit_host_span: [STRACE] v=1 pid=3969863 tid=3969863 inv=59 hid=4e691a1ac652a1b3 depth=0 name=chip.run ts=83745518414036 dur=34096656 run_id=0 dispatch_id=0 slot_id=0 generation=59 run_epoch=59
[mono_ns=83745580915125][T0x76bbe1aa8740][TIMING] emit_host_span: [STRACE] v=1 pid=3969863 tid=3969863 inv=60 hid=4e691a1ac652a1b3 depth=2 name=chip.run.bind.args ts=83745552751283 dur=28163241 
[mono_ns=83745580925881][T0x76bbe1aa8740][TIMING] emit_host_span: [STRACE] v=1 pid=3969863 tid=3969863 inv=60 hid=4e691a1ac652a1b3 depth=2 name=chip.run.bind.prebuilt ts=83745580924249 dur=1322 
[mono_ns=83745580927674][T0x76bbe1aa8740][TIMING] emit_host_span: [STRACE] v=1 pid=3969863 tid=3969863 inv=60 hid=4e691a1ac652a1b3 depth=1 name=chip.run.bind ts=83745552749180 dur=28178244 
[mono_ns=83745585504934][T0x76bbe1aa8740][WARN] prepare_execution: [device_runner.cpp:342] AICPU CPU_TOPO unavailable; using json_fallback: soc=Ascend950PR_9579 occupy=0x3e stable_reachable=5 requested=0 effective=5 affinity=[1, 2, 3, 4, 5(orch)]
[mono_ns=83745586788661][T0x76bbe1aa8740][TIMING] emit_host_span: [STRACE] v=1 pid=3969863 tid=3969863 inv=60 hid=4e691a1ac652a1b3 depth=1 name=chip.run.runner_run ts=83745585564684 dur=1223576 
[mono_ns=83745587117935][T0x76bbe1aa8740][TIMING] emit_host_span: [STRACE] v=1 pid=3969863 tid=3969863 inv=60 hid=4e691a1ac652a1b3 depth=1 name=chip.run.validate ts=83745586796483 dur=321031 
[mono_ns=83745587124335][T0x76bbe1aa8740][TIMING] emit_host_span: [STRACE] v=1 pid=3969863 tid=3969863 inv=60 hid=4e691a1ac652a1b3 depth=2 name=chip.run.runner_run.device_wall ts=0 dur=1054323 clk=dev
[mono_ns=83745587126167][T0x76bbe1aa8740][TIMING] emit_host_span: [STRACE] v=1 pid=3969863 tid=3969863 inv=60 hid=4e691a1ac652a1b3 depth=3 name=chip.run.runner_run.device_wall.preamble ts=0 dur=11976 clk=dev
[mono_ns=83745587127529][T0x76bbe1aa8740][TIMING] emit_host_span: [STRACE] v=1 pid=3969863 tid=3969863 inv=60 hid=4e691a1ac652a1b3 depth=3 name=chip.run.runner_run.device_wall.graph_build ts=1545 dur=1047836 clk=dev
[mono_ns=83745587128831][T0x76bbe1aa8740][TIMING] emit_host_span: [STRACE] v=1 pid=3969863 tid=3969863 inv=60 hid=4e691a1ac652a1b3 depth=3 name=chip.run.runner_run.device_wall.config_validate ts=2066 dur=1015 clk=dev
[mono_ns=83745587130073][T0x76bbe1aa8740][TIMING] emit_host_span: [STRACE] v=1 pid=3969863 tid=3969863 inv=60 hid=4e691a1ac652a1b3 depth=3 name=chip.run.runner_run.device_wall.arena_wire ts=3315 dur=2379 clk=dev
[mono_ns=83745587131646][T0x76bbe1aa8740][TIMING] emit_host_span: [STRACE] v=1 pid=3969863 tid=3969863 inv=60 hid=4e691a1ac652a1b3 depth=3 name=chip.run.runner_run.device_wall.sm_reset ts=5707 dur=2588 clk=dev
[mono_ns=83745587134280][T0x76bbe1aa8740][TIMING] emit_host_span: [STRACE] v=1 pid=3969863 tid=3969863 inv=60 hid=4e691a1ac652a1b3 depth=3 name=chip.run.runner_run.device_wall.post_orch ts=1049442 dur=4529 clk=dev
[mono_ns=83745587136263][T0x76bbe1aa8740][TIMING] emit_host_span: [STRACE] v=1 pid=3969863 tid=3969863 inv=60 hid=4e691a1ac652a1b3 depth=3 name=chip.run.runner_run.device_wall.orch ts=8554 dur=598694 clk=dev
[mono_ns=83745587137705][T0x76bbe1aa8740][TIMING] emit_host_span: [STRACE] v=1 pid=3969863 tid=3969863 inv=60 hid=4e691a1ac652a1b3 depth=3 name=chip.run.runner_run.device_wall.sched ts=11536 dur=1022298 clk=dev
[mono_ns=83745587139127][T0x76bbe1aa8740][TIMING] emit_host_span: [STRACE] v=1 pid=3969863 tid=3969863 inv=60 hid=4e691a1ac652a1b3 depth=1 name=chip.run.claim_release ts=83745587138736 dur=40 
[mono_ns=83745587140469][T0x76bbe1aa8740][TIMING] emit_host_span: [STRACE] v=1 pid=3969863 tid=3969863 inv=60 hid=4e691a1ac652a1b3 depth=0 name=chip.run ts=83745552747057 dur=34393091 run_id=0 dispatch_id=0 slot_id=0 generation=60 run_epoch=60
[mono_ns=83745614472472][T0x76bbe1aa8740][TIMING] emit_host_span: [STRACE] v=1 pid=3969863 tid=3969863 inv=61 hid=4e691a1ac652a1b3 depth=2 name=chip.run.bind.args ts=83745587349352 dur=27122689 
[mono_ns=83745614482667][T0x76bbe1aa8740][TIMING] emit_host_span: [STRACE] v=1 pid=3969863 tid=3969863 inv=61 hid=4e691a1ac652a1b3 depth=2 name=chip.run.bind.prebuilt ts=83745614481155 dur=1212 
[mono_ns=83745614484400][T0x76bbe1aa8740][TIMING] emit_host_span: [STRACE] v=1 pid=3969863 tid=3969863 inv=61 hid=4e691a1ac652a1b3 depth=1 name=chip.run.bind ts=83745587347550 dur=27136590 
[mono_ns=83745619086067][T0x76bbe1aa8740][WARN] prepare_execution: [device_runner.cpp:342] AICPU CPU_TOPO unavailable; using json_fallback: soc=Ascend950PR_9579 occupy=0x3e stable_reachable=5 requested=0 effective=5 affinity=[1, 2, 3, 4, 5(orch)]
[mono_ns=83745620268802][T0x76bbe1aa8740][TIMING] emit_host_span: [STRACE] v=1 pid=3969863 tid=3969863 inv=61 hid=4e691a1ac652a1b3 depth=1 name=chip.run.runner_run ts=83745619146618 dur=1121833 
[mono_ns=83745620614180][T0x76bbe1aa8740][TIMING] emit_host_span: [STRACE] v=1 pid=3969863 tid=3969863 inv=61 hid=4e691a1ac652a1b3 depth=1 name=chip.run.validate ts=83745620275953 dur=337827 
[mono_ns=83745620619899][T0x76bbe1aa8740][TIMING] emit_host_span: [STRACE] v=1 pid=3969863 tid=3969863 inv=61 hid=4e691a1ac652a1b3 depth=2 name=chip.run.runner_run.device_wall ts=0 dur=996467 clk=dev
[mono_ns=83745620621351][T0x76bbe1aa8740][TIMING] emit_host_span: [STRACE] v=1 pid=3969863 tid=3969863 inv=61 hid=4e691a1ac652a1b3 depth=3 name=chip.run.runner_run.device_wall.preamble ts=0 dur=12442 clk=dev
[mono_ns=83745620622763][T0x76bbe1aa8740][TIMING] emit_host_span: [STRACE] v=1 pid=3969863 tid=3969863 inv=61 hid=4e691a1ac652a1b3 depth=3 name=chip.run.runner_run.device_wall.graph_build ts=3578 dur=988117 clk=dev
[mono_ns=83745620624035][T0x76bbe1aa8740][TIMING] emit_host_span: [STRACE] v=1 pid=3969863 tid=3969863 inv=61 hid=4e691a1ac652a1b3 depth=3 name=chip.run.runner_run.device_wall.config_validate ts=3803 dur=1468 clk=dev
[mono_ns=83745620625507][T0x76bbe1aa8740][TIMING] emit_host_span: [STRACE] v=1 pid=3969863 tid=3969863 inv=61 hid=4e691a1ac652a1b3 depth=3 name=chip.run.runner_run.device_wall.arena_wire ts=5300 dur=2041 clk=dev
[mono_ns=83745620628201][T0x76bbe1aa8740][TIMING] emit_host_span: [STRACE] v=1 pid=3969863 tid=3969863 inv=61 hid=4e691a1ac652a1b3 depth=3 name=chip.run.runner_run.device_wall.sm_reset ts=7545 dur=3035 clk=dev
[mono_ns=83745620629633][T0x76bbe1aa8740][TIMING] emit_host_span: [STRACE] v=1 pid=3969863 tid=3969863 inv=61 hid=4e691a1ac652a1b3 depth=3 name=chip.run.runner_run.device_wall.post_orch ts=991839 dur=4274 clk=dev
[mono_ns=83745620630875][T0x76bbe1aa8740][TIMING] emit_host_span: [STRACE] v=1 pid=3969863 tid=3969863 inv=61 hid=4e691a1ac652a1b3 depth=3 name=chip.run.runner_run.device_wall.orch ts=10664 dur=612477 clk=dev
[mono_ns=83745620632127][T0x76bbe1aa8740][TIMING] emit_host_span: [STRACE] v=1 pid=3969863 tid=3969863 inv=61 hid=4e691a1ac652a1b3 depth=3 name=chip.run.runner_run.device_wall.sched ts=11928 dur=968885 clk=dev
[mono_ns=83745620633529][T0x76bbe1aa8740][TIMING] emit_host_span: [STRACE] v=1 pid=3969863 tid=3969863 inv=61 hid=4e691a1ac652a1b3 depth=1 name=chip.run.claim_release ts=83745620633119 dur=70 
[mono_ns=83745620634851][T0x76bbe1aa8740][TIMING] emit_host_span: [STRACE] v=1 pid=3969863 tid=3969863 inv=61 hid=4e691a1ac652a1b3 depth=0 name=chip.run ts=83745587345787 dur=33288774 run_id=0 dispatch_id=0 slot_id=0 generation=61 run_epoch=61
[mono_ns=83745649225974][T0x76bbe1aa8740][TIMING] emit_host_span: [STRACE] v=1 pid=3969863 tid=3969863 inv=62 hid=4e691a1ac652a1b3 depth=2 name=chip.run.bind.args ts=83745620857045 dur=28368278 
[mono_ns=83745649236500][T0x76bbe1aa8740][TIMING] emit_host_span: [STRACE] v=1 pid=3969863 tid=3969863 inv=62 hid=4e691a1ac652a1b3 depth=2 name=chip.run.bind.prebuilt ts=83745649234908 dur=1322 
[mono_ns=83745649240837][T0x76bbe1aa8740][TIMING] emit_host_span: [STRACE] v=1 pid=3969863 tid=3969863 inv=62 hid=4e691a1ac652a1b3 depth=1 name=chip.run.bind ts=83745620855442 dur=28385104 
[mono_ns=83745653818457][T0x76bbe1aa8740][WARN] prepare_execution: [device_runner.cpp:342] AICPU CPU_TOPO unavailable; using json_fallback: soc=Ascend950PR_9579 occupy=0x3e stable_reachable=5 requested=0 effective=5 affinity=[1, 2, 3, 4, 5(orch)]
[mono_ns=83745655048173][T0x76bbe1aa8740][TIMING] emit_host_span: [STRACE] v=1 pid=3969863 tid=3969863 inv=62 hid=4e691a1ac652a1b3 depth=1 name=chip.run.runner_run ts=83745653875433 dur=1172409 
[mono_ns=83745655381513][T0x76bbe1aa8740][TIMING] emit_host_span: [STRACE] v=1 pid=3969863 tid=3969863 inv=62 hid=4e691a1ac652a1b3 depth=1 name=chip.run.validate ts=83745655054823 dur=326350 
[mono_ns=83745655386831][T0x76bbe1aa8740][TIMING] emit_host_span: [STRACE] v=1 pid=3969863 tid=3969863 inv=62 hid=4e691a1ac652a1b3 depth=2 name=chip.run.runner_run.device_wall ts=0 dur=1027118 clk=dev
[mono_ns=83745655388373][T0x76bbe1aa8740][TIMING] emit_host_span: [STRACE] v=1 pid=3969863 tid=3969863 inv=62 hid=4e691a1ac652a1b3 depth=3 name=chip.run.runner_run.device_wall.preamble ts=0 dur=14551 clk=dev
[mono_ns=83745655389685][T0x76bbe1aa8740][TIMING] emit_host_span: [STRACE] v=1 pid=3969863 tid=3969863 inv=62 hid=4e691a1ac652a1b3 depth=3 name=chip.run.runner_run.device_wall.graph_build ts=5340 dur=1017316 clk=dev
[mono_ns=83745655390957][T0x76bbe1aa8740][TIMING] emit_host_span: [STRACE] v=1 pid=3969863 tid=3969863 inv=62 hid=4e691a1ac652a1b3 depth=3 name=chip.run.runner_run.device_wall.config_validate ts=6090 dur=1362 clk=dev
[mono_ns=83745655392450][T0x76bbe1aa8740][TIMING] emit_host_span: [STRACE] v=1 pid=3969863 tid=3969863 inv=62 hid=4e691a1ac652a1b3 depth=3 name=chip.run.runner_run.device_wall.arena_wire ts=7483 dur=2322 clk=dev
[mono_ns=83745655395214][T0x76bbe1aa8740][TIMING] emit_host_span: [STRACE] v=1 pid=3969863 tid=3969863 inv=62 hid=4e691a1ac652a1b3 depth=3 name=chip.run.runner_run.device_wall.sm_reset ts=9862 dur=3110 clk=dev
[mono_ns=83745655396676][T0x76bbe1aa8740][TIMING] emit_host_span: [STRACE] v=1 pid=3969863 tid=3969863 inv=62 hid=4e691a1ac652a1b3 depth=3 name=chip.run.runner_run.device_wall.post_orch ts=1022685 dur=3985 clk=dev
[mono_ns=83745655397918][T0x76bbe1aa8740][TIMING] emit_host_span: [STRACE] v=1 pid=3969863 tid=3969863 inv=62 hid=4e691a1ac652a1b3 depth=3 name=chip.run.runner_run.device_wall.orch ts=13057 dur=604682 clk=dev
[mono_ns=83745655399160][T0x76bbe1aa8740][TIMING] emit_host_span: [STRACE] v=1 pid=3969863 tid=3969863 inv=62 hid=4e691a1ac652a1b3 depth=3 name=chip.run.runner_run.device_wall.sched ts=14612 dur=992237 clk=dev
[mono_ns=83745655400562][T0x76bbe1aa8740][TIMING] emit_host_span: [STRACE] v=1 pid=3969863 tid=3969863 inv=62 hid=4e691a1ac652a1b3 depth=1 name=chip.run.claim_release ts=83745655400201 dur=50 
[mono_ns=83745655401874][T0x76bbe1aa8740][TIMING] emit_host_span: [STRACE] v=1 pid=3969863 tid=3969863 inv=62 hid=4e691a1ac652a1b3 depth=0 name=chip.run ts=83745620853029 dur=34548564 run_id=0 dispatch_id=0 slot_id=0 generation=62 run_epoch=62
[mono_ns=83745682568378][T0x76bbe1aa8740][TIMING] emit_host_span: [STRACE] v=1 pid=3969863 tid=3969863 inv=63 hid=4e691a1ac652a1b3 depth=2 name=chip.run.bind.args ts=83745655619250 dur=26948758 
[mono_ns=83745682578003][T0x76bbe1aa8740][TIMING] emit_host_span: [STRACE] v=1 pid=3969863 tid=3969863 inv=63 hid=4e691a1ac652a1b3 depth=2 name=chip.run.bind.prebuilt ts=83745682576421 dur=1312 
[mono_ns=83745682579635][T0x76bbe1aa8740][TIMING] emit_host_span: [STRACE] v=1 pid=3969863 tid=3969863 inv=63 hid=4e691a1ac652a1b3 depth=1 name=chip.run.bind ts=83745655617828 dur=26961537 
[mono_ns=83745687170496][T0x76bbe1aa8740][WARN] prepare_execution: [device_runner.cpp:342] AICPU CPU_TOPO unavailable; using json_fallback: soc=Ascend950PR_9579 occupy=0x3e stable_reachable=5 requested=0 effective=5 affinity=[1, 2, 3, 4, 5(orch)]
[mono_ns=83745688417978][T0x76bbe1aa8740][TIMING] emit_host_span: [STRACE] v=1 pid=3969863 tid=3969863 inv=63 hid=4e691a1ac652a1b3 depth=1 name=chip.run.runner_run ts=83745687228693 dur=1188945 
[mono_ns=83745688757969][T0x76bbe1aa8740][TIMING] emit_host_span: [STRACE] v=1 pid=3969863 tid=3969863 inv=63 hid=4e691a1ac652a1b3 depth=1 name=chip.run.validate ts=83745688428224 dur=329394 
[mono_ns=83745688763156][T0x76bbe1aa8740][TIMING] emit_host_span: [STRACE] v=1 pid=3969863 tid=3969863 inv=63 hid=4e691a1ac652a1b3 depth=2 name=chip.run.runner_run.device_wall ts=0 dur=1057551 clk=dev
[mono_ns=83745688764919][T0x76bbe1aa8740][TIMING] emit_host_span: [STRACE] v=1 pid=3969863 tid=3969863 inv=63 hid=4e691a1ac652a1b3 depth=3 name=chip.run.runner_run.device_wall.preamble ts=0 dur=15302 clk=dev
[mono_ns=83745688766211][T0x76bbe1aa8740][TIMING] emit_host_span: [STRACE] v=1 pid=3969863 tid=3969863 inv=63 hid=4e691a1ac652a1b3 depth=3 name=chip.run.runner_run.device_wall.graph_build ts=4729 dur=1047116 clk=dev
[mono_ns=83745688767613][T0x76bbe1aa8740][TIMING] emit_host_span: [STRACE] v=1 pid=3969863 tid=3969863 inv=63 hid=4e691a1ac652a1b3 depth=3 name=chip.run.runner_run.device_wall.config_validate ts=5225 dur=1236 clk=dev
[mono_ns=83745688768855][T0x76bbe1aa8740][TIMING] emit_host_span: [STRACE] v=1 pid=3969863 tid=3969863 inv=63 hid=4e691a1ac652a1b3 depth=3 name=chip.run.runner_run.device_wall.arena_wire ts=6721 dur=2396 clk=dev
[mono_ns=83745688771379][T0x76bbe1aa8740][TIMING] emit_host_span: [STRACE] v=1 pid=3969863 tid=3969863 inv=63 hid=4e691a1ac652a1b3 depth=3 name=chip.run.runner_run.device_wall.sm_reset ts=9219 dur=3017 clk=dev
[mono_ns=83745688773352][T0x76bbe1aa8740][TIMING] emit_host_span: [STRACE] v=1 pid=3969863 tid=3969863 inv=63 hid=4e691a1ac652a1b3 depth=3 name=chip.run.runner_run.device_wall.post_orch ts=1051926 dur=4798 clk=dev
[mono_ns=83745688774854][T0x76bbe1aa8740][TIMING] emit_host_span: [STRACE] v=1 pid=3969863 tid=3969863 inv=63 hid=4e691a1ac652a1b3 depth=3 name=chip.run.runner_run.device_wall.orch ts=12318 dur=597818 clk=dev
[mono_ns=83745688776106][T0x76bbe1aa8740][TIMING] emit_host_span: [STRACE] v=1 pid=3969863 tid=3969863 inv=63 hid=4e691a1ac652a1b3 depth=3 name=chip.run.runner_run.device_wall.sched ts=14891 dur=1025207 clk=dev
[mono_ns=83745688777548][T0x76bbe1aa8740][TIMING] emit_host_span: [STRACE] v=1 pid=3969863 tid=3969863 inv=63 hid=4e691a1ac652a1b3 depth=1 name=chip.run.claim_release ts=83745688777137 dur=50 
[mono_ns=83745688778860][T0x76bbe1aa8740][TIMING] emit_host_span: [STRACE] v=1 pid=3969863 tid=3969863 inv=63 hid=4e691a1ac652a1b3 depth=0 name=chip.run ts=83745655616225 dur=33162344 run_id=0 dispatch_id=0 slot_id=0 generation=63 run_epoch=63
[mono_ns=83745717098475][T0x76bbe1aa8740][TIMING] emit_host_span: [STRACE] v=1 pid=3969863 tid=3969863 inv=64 hid=4e691a1ac652a1b3 depth=2 name=chip.run.bind.args ts=83745688978530 dur=28119565 
[mono_ns=83745717108210][T0x76bbe1aa8740][TIMING] emit_host_span: [STRACE] v=1 pid=3969863 tid=3969863 inv=64 hid=4e691a1ac652a1b3 depth=2 name=chip.run.bind.prebuilt ts=83745717106858 dur=1062 
[mono_ns=83745717110393][T0x76bbe1aa8740][TIMING] emit_host_span: [STRACE] v=1 pid=3969863 tid=3969863 inv=64 hid=4e691a1ac652a1b3 depth=1 name=chip.run.bind ts=83745688976987 dur=28133136 
[mono_ns=83745721687473][T0x76bbe1aa8740][WARN] prepare_execution: [device_runner.cpp:342] AICPU CPU_TOPO unavailable; using json_fallback: soc=Ascend950PR_9579 occupy=0x3e stable_reachable=5 requested=0 effective=5 affinity=[1, 2, 3, 4, 5(orch)]
[mono_ns=83745722871981][T0x76bbe1aa8740][TIMING] emit_host_span: [STRACE] v=1 pid=3969863 tid=3969863 inv=64 hid=4e691a1ac652a1b3 depth=1 name=chip.run.runner_run ts=83745721747063 dur=1124577 
[mono_ns=83745723220794][T0x76bbe1aa8740][TIMING] emit_host_span: [STRACE] v=1 pid=3969863 tid=3969863 inv=64 hid=4e691a1ac652a1b3 depth=1 name=chip.run.validate ts=83745722879172 dur=341232 
[mono_ns=83745723227154][T0x76bbe1aa8740][TIMING] emit_host_span: [STRACE] v=1 pid=3969863 tid=3969863 inv=64 hid=4e691a1ac652a1b3 depth=2 name=chip.run.runner_run.device_wall ts=0 dur=994499 clk=dev
[mono_ns=83745723231280][T0x76bbe1aa8740][TIMING] emit_host_span: [STRACE] v=1 pid=3969863 tid=3969863 inv=64 hid=4e691a1ac652a1b3 depth=3 name=chip.run.runner_run.device_wall.preamble ts=0 dur=13758 clk=dev
[mono_ns=83745723232843][T0x76bbe1aa8740][TIMING] emit_host_span: [STRACE] v=1 pid=3969863 tid=3969863 inv=64 hid=4e691a1ac652a1b3 depth=3 name=chip.run.runner_run.device_wall.graph_build ts=3808 dur=986005 clk=dev
[mono_ns=83745723234765][T0x76bbe1aa8740][TIMING] emit_host_span: [STRACE] v=1 pid=3969863 tid=3969863 inv=64 hid=4e691a1ac652a1b3 depth=3 name=chip.run.runner_run.device_wall.config_validate ts=4591 dur=1562 clk=dev
[mono_ns=83745723236448][T0x76bbe1aa8740][TIMING] emit_host_span: [STRACE] v=1 pid=3969863 tid=3969863 inv=64 hid=4e691a1ac652a1b3 depth=3 name=chip.run.runner_run.device_wall.arena_wire ts=6188 dur=1979 clk=dev
[mono_ns=83745723237710][T0x76bbe1aa8740][TIMING] emit_host_span: [STRACE] v=1 pid=3969863 tid=3969863 inv=64 hid=4e691a1ac652a1b3 depth=3 name=chip.run.runner_run.device_wall.sm_reset ts=8186 dur=2719 clk=dev
[mono_ns=83745723238952][T0x76bbe1aa8740][TIMING] emit_host_span: [STRACE] v=1 pid=3969863 tid=3969863 inv=64 hid=4e691a1ac652a1b3 depth=3 name=chip.run.runner_run.device_wall.post_orch ts=989855 dur=4048 clk=dev
[mono_ns=83745723240194][T0x76bbe1aa8740][TIMING] emit_host_span: [STRACE] v=1 pid=3969863 tid=3969863 inv=64 hid=4e691a1ac652a1b3 depth=3 name=chip.run.runner_run.device_wall.orch ts=10987 dur=576460 clk=dev
[mono_ns=83745723241425][T0x76bbe1aa8740][TIMING] emit_host_span: [STRACE] v=1 pid=3969863 tid=3969863 inv=64 hid=4e691a1ac652a1b3 depth=3 name=chip.run.runner_run.device_wall.sched ts=13389 dur=960965 clk=dev
[mono_ns=83745723242808][T0x76bbe1aa8740][TIMING] emit_host_span: [STRACE] v=1 pid=3969863 tid=3969863 inv=64 hid=4e691a1ac652a1b3 depth=1 name=chip.run.claim_release ts=83745723242437 dur=40 
[mono_ns=83745723244109][T0x76bbe1aa8740][TIMING] emit_host_span: [STRACE] v=1 pid=3969863 tid=3969863 inv=64 hid=4e691a1ac652a1b3 depth=0 name=chip.run ts=83745688975515 dur=34268314 run_id=0 dispatch_id=0 slot_id=0 generation=64 run_epoch=64
[mono_ns=83745751575693][T0x76bbe1aa8740][TIMING] emit_host_span: [STRACE] v=1 pid=3969863 tid=3969863 inv=65 hid=4e691a1ac652a1b3 depth=2 name=chip.run.bind.args ts=83745723444050 dur=28131162 
[mono_ns=83745751587801][T0x76bbe1aa8740][TIMING] emit_host_span: [STRACE] v=1 pid=3969863 tid=3969863 inv=65 hid=4e691a1ac652a1b3 depth=2 name=chip.run.bind.prebuilt ts=83745751586179 dur=1252 
[mono_ns=83745751590165][T0x76bbe1aa8740][TIMING] emit_host_span: [STRACE] v=1 pid=3969863 tid=3969863 inv=65 hid=4e691a1ac652a1b3 depth=1 name=chip.run.bind ts=83745723442587 dur=28147307 
[mono_ns=83745756164971][T0x76bbe1aa8740][WARN] prepare_execution: [device_runner.cpp:342] AICPU CPU_TOPO unavailable; using json_fallback: soc=Ascend950PR_9579 occupy=0x3e stable_reachable=5 requested=0 effective=5 affinity=[1, 2, 3, 4, 5(orch)]
[mono_ns=83745757367796][T0x76bbe1aa8740][TIMING] emit_host_span: [STRACE] v=1 pid=3969863 tid=3969863 inv=65 hid=4e691a1ac652a1b3 depth=1 name=chip.run.runner_run ts=83745756225382 dur=1141984 
[mono_ns=83745757715528][T0x76bbe1aa8740][TIMING] emit_host_span: [STRACE] v=1 pid=3969863 tid=3969863 inv=65 hid=4e691a1ac652a1b3 depth=1 name=chip.run.validate ts=83745757376199 dur=338939 
[mono_ns=83745757720956][T0x76bbe1aa8740][TIMING] emit_host_span: [STRACE] v=1 pid=3969863 tid=3969863 inv=65 hid=4e691a1ac652a1b3 depth=2 name=chip.run.runner_run.device_wall ts=0 dur=1011153 clk=dev
[mono_ns=83745757722779][T0x76bbe1aa8740][TIMING] emit_host_span: [STRACE] v=1 pid=3969863 tid=3969863 inv=65 hid=4e691a1ac652a1b3 depth=3 name=chip.run.runner_run.device_wall.preamble ts=0 dur=13856 clk=dev
[mono_ns=83745757724231][T0x76bbe1aa8740][TIMING] emit_host_span: [STRACE] v=1 pid=3969863 tid=3969863 inv=65 hid=4e691a1ac652a1b3 depth=3 name=chip.run.runner_run.device_wall.graph_build ts=4428 dur=1001646 clk=dev
[mono_ns=83745757727727][T0x76bbe1aa8740][TIMING] emit_host_span: [STRACE] v=1 pid=3969863 tid=3969863 inv=65 hid=4e691a1ac652a1b3 depth=3 name=chip.run.runner_run.device_wall.config_validate ts=4739 dur=1000 clk=dev
[mono_ns=83745757735819][T0x76bbe1aa8740][TIMING] emit_host_span: [STRACE] v=1 pid=3969863 tid=3969863 inv=65 hid=4e691a1ac652a1b3 depth=3 name=chip.run.runner_run.device_wall.arena_wire ts=5954 dur=1804 clk=dev
[mono_ns=83745757737311][T0x76bbe1aa8740][TIMING] emit_host_span: [STRACE] v=1 pid=3969863 tid=3969863 inv=65 hid=4e691a1ac652a1b3 depth=3 name=chip.run.runner_run.device_wall.sm_reset ts=7822 dur=2574 clk=dev
[mono_ns=83745757738593][T0x76bbe1aa8740][TIMING] emit_host_span: [STRACE] v=1 pid=3969863 tid=3969863 inv=65 hid=4e691a1ac652a1b3 depth=3 name=chip.run.runner_run.device_wall.post_orch ts=1006103 dur=4306 clk=dev
[mono_ns=83745757741487][T0x76bbe1aa8740][TIMING] emit_host_span: [STRACE] v=1 pid=3969863 tid=3969863 inv=65 hid=4e691a1ac652a1b3 depth=3 name=chip.run.runner_run.device_wall.orch ts=10485 dur=576432 clk=dev
[mono_ns=83745757742739][T0x76bbe1aa8740][TIMING] emit_host_span: [STRACE] v=1 pid=3969863 tid=3969863 inv=65 hid=4e691a1ac652a1b3 depth=3 name=chip.run.runner_run.device_wall.sched ts=13430 dur=978886 clk=dev
[mono_ns=83745757744151][T0x76bbe1aa8740][TIMING] emit_host_span: [STRACE] v=1 pid=3969863 tid=3969863 inv=65 hid=4e691a1ac652a1b3 depth=1 name=chip.run.claim_release ts=83745757743741 dur=70 
[mono_ns=83745757745533][T0x76bbe1aa8740][TIMING] emit_host_span: [STRACE] v=1 pid=3969863 tid=3969863 inv=65 hid=4e691a1ac652a1b3 depth=0 name=chip.run ts=83745723441065 dur=34304188 run_id=0 dispatch_id=0 slot_id=0 generation=65 run_epoch=65
[mono_ns=83745785752309][T0x76bbe1aa8740][TIMING] emit_host_span: [STRACE] v=1 pid=3969863 tid=3969863 inv=66 hid=4e691a1ac652a1b3 depth=2 name=chip.run.bind.args ts=83745757956680 dur=27795078 
[mono_ns=83745785762434][T0x76bbe1aa8740][TIMING] emit_host_span: [STRACE] v=1 pid=3969863 tid=3969863 inv=66 hid=4e691a1ac652a1b3 depth=2 name=chip.run.bind.prebuilt ts=83745785760792 dur=1332 
[mono_ns=83745785764217][T0x76bbe1aa8740][TIMING] emit_host_span: [STRACE] v=1 pid=3969863 tid=3969863 inv=66 hid=4e691a1ac652a1b3 depth=1 name=chip.run.bind ts=83745757954938 dur=27809009 
[mono_ns=83745790338863][T0x76bbe1aa8740][WARN] prepare_execution: [device_runner.cpp:342] AICPU CPU_TOPO unavailable; using json_fallback: soc=Ascend950PR_9579 occupy=0x3e stable_reachable=5 requested=0 effective=5 affinity=[1, 2, 3, 4, 5(orch)]
[mono_ns=83745791514959][T0x76bbe1aa8740][TIMING] emit_host_span: [STRACE] v=1 pid=3969863 tid=3969863 inv=66 hid=4e691a1ac652a1b3 depth=1 name=chip.run.runner_run ts=83745790400586 dur=1113992 
[mono_ns=83745791851454][T0x76bbe1aa8740][TIMING] emit_host_span: [STRACE] v=1 pid=3969863 tid=3969863 inv=66 hid=4e691a1ac652a1b3 depth=1 name=chip.run.validate ts=83745791522890 dur=328213 
[mono_ns=83745791857332][T0x76bbe1aa8740][TIMING] emit_host_span: [STRACE] v=1 pid=3969863 tid=3969863 inv=66 hid=4e691a1ac652a1b3 depth=2 name=chip.run.runner_run.device_wall ts=0 dur=983912 clk=dev
[mono_ns=83745791859335][T0x76bbe1aa8740][TIMING] emit_host_span: [STRACE] v=1 pid=3969863 tid=3969863 inv=66 hid=4e691a1ac652a1b3 depth=3 name=chip.run.runner_run.device_wall.preamble ts=0 dur=11501 clk=dev
[mono_ns=83745791860627][T0x76bbe1aa8740][TIMING] emit_host_span: [STRACE] v=1 pid=3969863 tid=3969863 inv=66 hid=4e691a1ac652a1b3 depth=3 name=chip.run.runner_run.device_wall.graph_build ts=2669 dur=976369 clk=dev
[mono_ns=83745791864243][T0x76bbe1aa8740][TIMING] emit_host_span: [STRACE] v=1 pid=3969863 tid=3969863 inv=66 hid=4e691a1ac652a1b3 depth=3 name=chip.run.runner_run.device_wall.config_validate ts=2832 dur=1012 clk=dev
[mono_ns=83745791866146][T0x76bbe1aa8740][TIMING] emit_host_span: [STRACE] v=1 pid=3969863 tid=3969863 inv=66 hid=4e691a1ac652a1b3 depth=3 name=chip.run.runner_run.device_wall.arena_wire ts=3869 dur=1882 clk=dev
[mono_ns=83745791867628][T0x76bbe1aa8740][TIMING] emit_host_span: [STRACE] v=1 pid=3969863 tid=3969863 inv=66 hid=4e691a1ac652a1b3 depth=3 name=chip.run.runner_run.device_wall.sm_reset ts=5768 dur=2527 clk=dev
[mono_ns=83745791868860][T0x76bbe1aa8740][TIMING] emit_host_span: [STRACE] v=1 pid=3969863 tid=3969863 inv=66 hid=4e691a1ac652a1b3 depth=3 name=chip.run.runner_run.device_wall.post_orch ts=979079 dur=4763 clk=dev
[mono_ns=83745791872625][T0x76bbe1aa8740][TIMING] emit_host_span: [STRACE] v=1 pid=3969863 tid=3969863 inv=66 hid=4e691a1ac652a1b3 depth=3 name=chip.run.runner_run.device_wall.orch ts=8397 dur=598400 clk=dev
[mono_ns=83745791873877][T0x76bbe1aa8740][TIMING] emit_host_span: [STRACE] v=1 pid=3969863 tid=3969863 inv=66 hid=4e691a1ac652a1b3 depth=3 name=chip.run.runner_run.device_wall.sched ts=11101 dur=955266 clk=dev
[mono_ns=83745791875279][T0x76bbe1aa8740][TIMING] emit_host_span: [STRACE] v=1 pid=3969863 tid=3969863 inv=66 hid=4e691a1ac652a1b3 depth=1 name=chip.run.claim_release ts=83745791874889 dur=50 
[mono_ns=83745791878003][T0x76bbe1aa8740][TIMING] emit_host_span: [STRACE] v=1 pid=3969863 tid=3969863 inv=66 hid=4e691a1ac652a1b3 depth=0 name=chip.run ts=83745757952965 dur=33924698 run_id=0 dispatch_id=0 slot_id=0 generation=66 run_epoch=66
[mono_ns=83745820157258][T0x76bbe1aa8740][TIMING] emit_host_span: [STRACE] v=1 pid=3969863 tid=3969863 inv=67 hid=4e691a1ac652a1b3 depth=2 name=chip.run.bind.args ts=83745792117403 dur=28039324 
[mono_ns=83745820166873][T0x76bbe1aa8740][TIMING] emit_host_span: [STRACE] v=1 pid=3969863 tid=3969863 inv=67 hid=4e691a1ac652a1b3 depth=2 name=chip.run.bind.prebuilt ts=83745820165290 dur=1232 
[mono_ns=83745820168786][T0x76bbe1aa8740][TIMING] emit_host_span: [STRACE] v=1 pid=3969863 tid=3969863 inv=67 hid=4e691a1ac652a1b3 depth=1 name=chip.run.bind ts=83745792115840 dur=28052695 
[mono_ns=83745824785505][T0x76bbe1aa8740][WARN] prepare_execution: [device_runner.cpp:342] AICPU CPU_TOPO unavailable; using json_fallback: soc=Ascend950PR_9579 occupy=0x3e stable_reachable=5 requested=0 effective=5 affinity=[1, 2, 3, 4, 5(orch)]
[mono_ns=83745825994510][T0x76bbe1aa8740][TIMING] emit_host_span: [STRACE] v=1 pid=3969863 tid=3969863 inv=67 hid=4e691a1ac652a1b3 depth=1 name=chip.run.runner_run ts=83745824846136 dur=1148023 
[mono_ns=83745826338336][T0x76bbe1aa8740][TIMING] emit_host_span: [STRACE] v=1 pid=3969863 tid=3969863 inv=67 hid=4e691a1ac652a1b3 depth=1 name=chip.run.validate ts=83745826016352 dur=321623 
[mono_ns=83745826344805][T0x76bbe1aa8740][TIMING] emit_host_span: [STRACE] v=1 pid=3969863 tid=3969863 inv=67 hid=4e691a1ac652a1b3 depth=2 name=chip.run.runner_run.device_wall ts=0 dur=1015385 clk=dev
[mono_ns=83745826346518][T0x76bbe1aa8740][TIMING] emit_host_span: [STRACE] v=1 pid=3969863 tid=3969863 inv=67 hid=4e691a1ac652a1b3 depth=3 name=chip.run.runner_run.device_wall.preamble ts=0 dur=16148 clk=dev
[mono_ns=83745826347830][T0x76bbe1aa8740][TIMING] emit_host_span: [STRACE] v=1 pid=3969863 tid=3969863 inv=67 hid=4e691a1ac652a1b3 depth=3 name=chip.run.runner_run.device_wall.graph_build ts=5917 dur=1004993 clk=dev
[mono_ns=83745826349112][T0x76bbe1aa8740][TIMING] emit_host_span: [STRACE] v=1 pid=3969863 tid=3969863 inv=67 hid=4e691a1ac652a1b3 depth=3 name=chip.run.runner_run.device_wall.config_validate ts=6465 dur=909 clk=dev
[mono_ns=83745826351786][T0x76bbe1aa8740][TIMING] emit_host_span: [STRACE] v=1 pid=3969863 tid=3969863 inv=67 hid=4e691a1ac652a1b3 depth=3 name=chip.run.runner_run.device_wall.arena_wire ts=7398 dur=2360 clk=dev
[mono_ns=83745826353739][T0x76bbe1aa8740][TIMING] emit_host_span: [STRACE] v=1 pid=3969863 tid=3969863 inv=67 hid=4e691a1ac652a1b3 depth=3 name=chip.run.runner_run.device_wall.sm_reset ts=9819 dur=2243 clk=dev
[mono_ns=83745826355191][T0x76bbe1aa8740][TIMING] emit_host_span: [STRACE] v=1 pid=3969863 tid=3969863 inv=67 hid=4e691a1ac652a1b3 depth=3 name=chip.run.runner_run.device_wall.post_orch ts=1011007 dur=4002 clk=dev
[mono_ns=83745826356443][T0x76bbe1aa8740][TIMING] emit_host_span: [STRACE] v=1 pid=3969863 tid=3969863 inv=67 hid=4e691a1ac652a1b3 depth=3 name=chip.run.runner_run.device_wall.orch ts=12145 dur=594756 clk=dev
[mono_ns=83745826357675][T0x76bbe1aa8740][TIMING] emit_host_span: [STRACE] v=1 pid=3969863 tid=3969863 inv=67 hid=4e691a1ac652a1b3 depth=3 name=chip.run.runner_run.device_wall.sched ts=15846 dur=980586 clk=dev
[mono_ns=83745826361510][T0x76bbe1aa8740][TIMING] emit_host_span: [STRACE] v=1 pid=3969863 tid=3969863 inv=67 hid=4e691a1ac652a1b3 depth=1 name=chip.run.claim_release ts=83745826361100 dur=50 
[mono_ns=83745826362882][T0x76bbe1aa8740][TIMING] emit_host_span: [STRACE] v=1 pid=3969863 tid=3969863 inv=67 hid=4e691a1ac652a1b3 depth=0 name=chip.run ts=83745792114028 dur=34248524 run_id=0 dispatch_id=0 slot_id=0 generation=67 run_epoch=67
[mono_ns=83745852473683][T0x76bbe1aa8740][TIMING] emit_host_span: [STRACE] v=1 pid=3969863 tid=3969863 inv=68 hid=4e691a1ac652a1b3 depth=2 name=chip.run.bind.args ts=83745826566268 dur=25907054 
[mono_ns=83745852484309][T0x76bbe1aa8740][TIMING] emit_host_span: [STRACE] v=1 pid=3969863 tid=3969863 inv=68 hid=4e691a1ac652a1b3 depth=2 name=chip.run.bind.prebuilt ts=83745852482826 dur=1172 
[mono_ns=83745852486071][T0x76bbe1aa8740][TIMING] emit_host_span: [STRACE] v=1 pid=3969863 tid=3969863 inv=68 hid=4e691a1ac652a1b3 depth=1 name=chip.run.bind ts=83745826564896 dur=25920895 
[mono_ns=83745857065815][T0x76bbe1aa8740][WARN] prepare_execution: [device_runner.cpp:342] AICPU CPU_TOPO unavailable; using json_fallback: soc=Ascend950PR_9579 occupy=0x3e stable_reachable=5 requested=0 effective=5 affinity=[1, 2, 3, 4, 5(orch)]
[mono_ns=83745858203563][T0x76bbe1aa8740][TIMING] emit_host_span: [STRACE] v=1 pid=3969863 tid=3969863 inv=68 hid=4e691a1ac652a1b3 depth=1 name=chip.run.runner_run ts=83745857129731 dur=1073461 
[mono_ns=83745858539998][T0x76bbe1aa8740][TIMING] emit_host_span: [STRACE] v=1 pid=3969863 tid=3969863 inv=68 hid=4e691a1ac652a1b3 depth=1 name=chip.run.validate ts=83745858211304 dur=328353 
[mono_ns=83745858545646][T0x76bbe1aa8740][TIMING] emit_host_span: [STRACE] v=1 pid=3969863 tid=3969863 inv=68 hid=4e691a1ac652a1b3 depth=2 name=chip.run.runner_run.device_wall ts=0 dur=939545 clk=dev
[mono_ns=83745858547589][T0x76bbe1aa8740][TIMING] emit_host_span: [STRACE] v=1 pid=3969863 tid=3969863 inv=68 hid=4e691a1ac652a1b3 depth=3 name=chip.run.runner_run.device_wall.preamble ts=0 dur=13617 clk=dev
[mono_ns=83745858548841][T0x76bbe1aa8740][TIMING] emit_host_span: [STRACE] v=1 pid=3969863 tid=3969863 inv=68 hid=4e691a1ac652a1b3 depth=3 name=chip.run.runner_run.device_wall.graph_build ts=2917 dur=932869 clk=dev
[mono_ns=83745858550353][T0x76bbe1aa8740][TIMING] emit_host_span: [STRACE] v=1 pid=3969863 tid=3969863 inv=68 hid=4e691a1ac652a1b3 depth=3 name=chip.run.runner_run.device_wall.config_validate ts=3235 dur=1334 clk=dev
[mono_ns=83745858552406][T0x76bbe1aa8740][TIMING] emit_host_span: [STRACE] v=1 pid=3969863 tid=3969863 inv=68 hid=4e691a1ac652a1b3 depth=3 name=chip.run.runner_run.device_wall.arena_wire ts=4594 dur=1510 clk=dev
[mono_ns=83745858553979][T0x76bbe1aa8740][TIMING] emit_host_span: [STRACE] v=1 pid=3969863 tid=3969863 inv=68 hid=4e691a1ac652a1b3 depth=3 name=chip.run.runner_run.device_wall.sm_reset ts=6122 dur=2315 clk=dev
[mono_ns=83745858555281][T0x76bbe1aa8740][TIMING] emit_host_span: [STRACE] v=1 pid=3969863 tid=3969863 inv=68 hid=4e691a1ac652a1b3 depth=3 name=chip.run.runner_run.device_wall.post_orch ts=935882 dur=3216 clk=dev
[mono_ns=83745858556583][T0x76bbe1aa8740][TIMING] emit_host_span: [STRACE] v=1 pid=3969863 tid=3969863 inv=68 hid=4e691a1ac652a1b3 depth=3 name=chip.run.runner_run.device_wall.orch ts=8519 dur=597385 clk=dev
[mono_ns=83745858557885][T0x76bbe1aa8740][TIMING] emit_host_span: [STRACE] v=1 pid=3969863 tid=3969863 inv=68 hid=4e691a1ac652a1b3 depth=3 name=chip.run.runner_run.device_wall.sched ts=13538 dur=911287 clk=dev
[mono_ns=83745858559347][T0x76bbe1aa8740][TIMING] emit_host_span: [STRACE] v=1 pid=3969863 tid=3969863 inv=68 hid=4e691a1ac652a1b3 depth=1 name=chip.run.claim_release ts=83745858558966 dur=50 
[mono_ns=83745858560689][T0x76bbe1aa8740][TIMING] emit_host_span: [STRACE] v=1 pid=3969863 tid=3969863 inv=68 hid=4e691a1ac652a1b3 depth=0 name=chip.run ts=83745826562913 dur=31997475 run_id=0 dispatch_id=0 slot_id=0 generation=68 run_epoch=68
[mono_ns=83745887032122][T0x76bbe1aa8740][TIMING] emit_host_span: [STRACE] v=1 pid=3969863 tid=3969863 inv=69 hid=4e691a1ac652a1b3 depth=2 name=chip.run.bind.args ts=83745858765967 dur=28265424 
[mono_ns=83745887046043][T0x76bbe1aa8740][TIMING] emit_host_span: [STRACE] v=1 pid=3969863 tid=3969863 inv=69 hid=4e691a1ac652a1b3 depth=2 name=chip.run.bind.prebuilt ts=83745887044521 dur=1201 
[mono_ns=83745887048166][T0x76bbe1aa8740][TIMING] emit_host_span: [STRACE] v=1 pid=3969863 tid=3969863 inv=69 hid=4e691a1ac652a1b3 depth=1 name=chip.run.bind ts=83745858764775 dur=28283101 
[mono_ns=83745891625987][T0x76bbe1aa8740][WARN] prepare_execution: [device_runner.cpp:342] AICPU CPU_TOPO unavailable; using json_fallback: soc=Ascend950PR_9579 occupy=0x3e stable_reachable=5 requested=0 effective=5 affinity=[1, 2, 3, 4, 5(orch)]
[mono_ns=83745892855643][T0x76bbe1aa8740][TIMING] emit_host_span: [STRACE] v=1 pid=3969863 tid=3969863 inv=69 hid=4e691a1ac652a1b3 depth=1 name=chip.run.runner_run ts=83745891687229 dur=1167993 
[mono_ns=83745893204707][T0x76bbe1aa8740][TIMING] emit_host_span: [STRACE] v=1 pid=3969863 tid=3969863 inv=69 hid=4e691a1ac652a1b3 depth=1 name=chip.run.validate ts=83745892864025 dur=340241 
[mono_ns=83745893211317][T0x76bbe1aa8740][TIMING] emit_host_span: [STRACE] v=1 pid=3969863 tid=3969863 inv=69 hid=4e691a1ac652a1b3 depth=2 name=chip.run.runner_run.device_wall ts=0 dur=1022899 clk=dev
[mono_ns=83745893213189][T0x76bbe1aa8740][TIMING] emit_host_span: [STRACE] v=1 pid=3969863 tid=3969863 inv=69 hid=4e691a1ac652a1b3 depth=3 name=chip.run.runner_run.device_wall.preamble ts=0 dur=15113 clk=dev
[mono_ns=83745893214471][T0x76bbe1aa8740][TIMING] emit_host_span: [STRACE] v=1 pid=3969863 tid=3969863 inv=69 hid=4e691a1ac652a1b3 depth=3 name=chip.run.runner_run.device_wall.graph_build ts=5484 dur=1012988 clk=dev
[mono_ns=83745893215743][T0x76bbe1aa8740][TIMING] emit_host_span: [STRACE] v=1 pid=3969863 tid=3969863 inv=69 hid=4e691a1ac652a1b3 depth=3 name=chip.run.runner_run.device_wall.config_validate ts=6157 dur=1312 clk=dev
[mono_ns=83745893218898][T0x76bbe1aa8740][TIMING] emit_host_span: [STRACE] v=1 pid=3969863 tid=3969863 inv=69 hid=4e691a1ac652a1b3 depth=3 name=chip.run.runner_run.device_wall.arena_wire ts=7502 dur=1932 clk=dev
[mono_ns=83745893220871][T0x76bbe1aa8740][TIMING] emit_host_span: [STRACE] v=1 pid=3969863 tid=3969863 inv=69 hid=4e691a1ac652a1b3 depth=3 name=chip.run.runner_run.device_wall.sm_reset ts=9635 dur=2384 clk=dev
[mono_ns=83745893222313][T0x76bbe1aa8740][TIMING] emit_host_span: [STRACE] v=1 pid=3969863 tid=3969863 inv=69 hid=4e691a1ac652a1b3 depth=3 name=chip.run.runner_run.device_wall.post_orch ts=1018573 dur=4029 clk=dev
[mono_ns=83745893223555][T0x76bbe1aa8740][TIMING] emit_host_span: [STRACE] v=1 pid=3969863 tid=3969863 inv=69 hid=4e691a1ac652a1b3 depth=3 name=chip.run.runner_run.device_wall.orch ts=12099 dur=614116 clk=dev
[mono_ns=83745893224807][T0x76bbe1aa8740][TIMING] emit_host_span: [STRACE] v=1 pid=3969863 tid=3969863 inv=69 hid=4e691a1ac652a1b3 depth=3 name=chip.run.runner_run.device_wall.sched ts=14760 dur=989982 clk=dev
[mono_ns=83745893226289][T0x76bbe1aa8740][TIMING] emit_host_span: [STRACE] v=1 pid=3969863 tid=3969863 inv=69 hid=4e691a1ac652a1b3 depth=1 name=chip.run.claim_release ts=83745893225878 dur=60 
[mono_ns=83745893227731][T0x76bbe1aa8740][TIMING] emit_host_span: [STRACE] v=1 pid=3969863 tid=3969863 inv=69 hid=4e691a1ac652a1b3 depth=0 name=chip.run ts=83745858762892 dur=34464479 run_id=0 dispatch_id=0 slot_id=0 generation=69 run_epoch=69
[mono_ns=83745920882879][T0x76bbe1aa8740][TIMING] emit_host_span: [STRACE] v=1 pid=3969863 tid=3969863 inv=70 hid=4e691a1ac652a1b3 depth=2 name=chip.run.bind.args ts=83745893453370 dur=27429069 
[mono_ns=83745920893325][T0x76bbe1aa8740][TIMING] emit_host_span: [STRACE] v=1 pid=3969863 tid=3969863 inv=70 hid=4e691a1ac652a1b3 depth=2 name=chip.run.bind.prebuilt ts=83745920891652 dur=1353 
[mono_ns=83745920895038][T0x76bbe1aa8740][TIMING] emit_host_span: [STRACE] v=1 pid=3969863 tid=3969863 inv=70 hid=4e691a1ac652a1b3 depth=1 name=chip.run.bind ts=83745893451347 dur=27443410 
[mono_ns=83745925489904][T0x76bbe1aa8740][WARN] prepare_execution: [device_runner.cpp:342] AICPU CPU_TOPO unavailable; using json_fallback: soc=Ascend950PR_9579 occupy=0x3e stable_reachable=5 requested=0 effective=5 affinity=[1, 2, 3, 4, 5(orch)]
[mono_ns=83745926642003][T0x76bbe1aa8740][TIMING] emit_host_span: [STRACE] v=1 pid=3969863 tid=3969863 inv=70 hid=4e691a1ac652a1b3 depth=1 name=chip.run.runner_run ts=83745925553730 dur=1087893 
[mono_ns=83745926978338][T0x76bbe1aa8740][TIMING] emit_host_span: [STRACE] v=1 pid=3969863 tid=3969863 inv=70 hid=4e691a1ac652a1b3 depth=1 name=chip.run.validate ts=83745926649785 dur=328153 
[mono_ns=83745926984407][T0x76bbe1aa8740][TIMING] emit_host_span: [STRACE] v=1 pid=3969863 tid=3969863 inv=70 hid=4e691a1ac652a1b3 depth=2 name=chip.run.runner_run.device_wall ts=0 dur=953978 clk=dev
[mono_ns=83745926985960][T0x76bbe1aa8740][TIMING] emit_host_span: [STRACE] v=1 pid=3969863 tid=3969863 inv=70 hid=4e691a1ac652a1b3 depth=3 name=chip.run.runner_run.device_wall.preamble ts=0 dur=14760 clk=dev
[mono_ns=83745926987191][T0x76bbe1aa8740][TIMING] emit_host_span: [STRACE] v=1 pid=3969863 tid=3969863 inv=70 hid=4e691a1ac652a1b3 depth=3 name=chip.run.runner_run.device_wall.graph_build ts=5302 dur=944477 clk=dev
[mono_ns=83745926988443][T0x76bbe1aa8740][TIMING] emit_host_span: [STRACE] v=1 pid=3969863 tid=3969863 inv=70 hid=4e691a1ac652a1b3 depth=3 name=chip.run.runner_run.device_wall.config_validate ts=5805 dur=952 clk=dev
[mono_ns=83745926989996][T0x76bbe1aa8740][TIMING] emit_host_span: [STRACE] v=1 pid=3969863 tid=3969863 inv=70 hid=4e691a1ac652a1b3 depth=3 name=chip.run.runner_run.device_wall.arena_wire ts=6934 dur=1631 clk=dev
[mono_ns=83745926992019][T0x76bbe1aa8740][TIMING] emit_host_span: [STRACE] v=1 pid=3969863 tid=3969863 inv=70 hid=4e691a1ac652a1b3 depth=3 name=chip.run.runner_run.device_wall.sm_reset ts=8585 dur=2448 clk=dev
[mono_ns=83745926993681][T0x76bbe1aa8740][TIMING] emit_host_span: [STRACE] v=1 pid=3969863 tid=3969863 inv=70 hid=4e691a1ac652a1b3 depth=3 name=chip.run.runner_run.device_wall.post_orch ts=949816 dur=3665 clk=dev
[mono_ns=83745926994923][T0x76bbe1aa8740][TIMING] emit_host_span: [STRACE] v=1 pid=3969863 tid=3969863 inv=70 hid=4e691a1ac652a1b3 depth=3 name=chip.run.runner_run.device_wall.orch ts=11058 dur=601572 clk=dev
[mono_ns=83745926996155][T0x76bbe1aa8740][TIMING] emit_host_span: [STRACE] v=1 pid=3969863 tid=3969863 inv=70 hid=4e691a1ac652a1b3 depth=3 name=chip.run.runner_run.device_wall.sched ts=14318 dur=919731 clk=dev
[mono_ns=83745926997637][T0x76bbe1aa8740][TIMING] emit_host_span: [STRACE] v=1 pid=3969863 tid=3969863 inv=70 hid=4e691a1ac652a1b3 depth=1 name=chip.run.claim_release ts=83745926997206 dur=61 
[mono_ns=83745926998949][T0x76bbe1aa8740][TIMING] emit_host_span: [STRACE] v=1 pid=3969863 tid=3969863 inv=70 hid=4e691a1ac652a1b3 depth=0 name=chip.run ts=83745893449003 dur=33549656 run_id=0 dispatch_id=0 slot_id=0 generation=70 run_epoch=70
[mono_ns=83745955336572][T0x76bbe1aa8740][TIMING] emit_host_span: [STRACE] v=1 pid=3969863 tid=3969863 inv=71 hid=4e691a1ac652a1b3 depth=2 name=chip.run.bind.args ts=83745927228834 dur=28107016 
[mono_ns=83745955349751][T0x76bbe1aa8740][TIMING] emit_host_span: [STRACE] v=1 pid=3969863 tid=3969863 inv=71 hid=4e691a1ac652a1b3 depth=2 name=chip.run.bind.prebuilt ts=83745955348399 dur=1032 
[mono_ns=83745955351414][T0x76bbe1aa8740][TIMING] emit_host_span: [STRACE] v=1 pid=3969863 tid=3969863 inv=71 hid=4e691a1ac652a1b3 depth=1 name=chip.run.bind ts=83745927227262 dur=28123881 
[mono_ns=83745959913501][T0x76bbe1aa8740][WARN] prepare_execution: [device_runner.cpp:342] AICPU CPU_TOPO unavailable; using json_fallback: soc=Ascend950PR_9579 occupy=0x3e stable_reachable=5 requested=0 effective=5 affinity=[1, 2, 3, 4, 5(orch)]
[mono_ns=83745961112701][T0x76bbe1aa8740][TIMING] emit_host_span: [STRACE] v=1 pid=3969863 tid=3969863 inv=71 hid=4e691a1ac652a1b3 depth=1 name=chip.run.runner_run ts=83745959975604 dur=1136696 
[mono_ns=83745961466462][T0x76bbe1aa8740][TIMING] emit_host_span: [STRACE] v=1 pid=3969863 tid=3969863 inv=71 hid=4e691a1ac652a1b3 depth=1 name=chip.run.validate ts=83745961121074 dur=344997 
[mono_ns=83745961474965][T0x76bbe1aa8740][TIMING] emit_host_span: [STRACE] v=1 pid=3969863 tid=3969863 inv=71 hid=4e691a1ac652a1b3 depth=2 name=chip.run.runner_run.device_wall ts=0 dur=1000113 clk=dev
[mono_ns=83745961476577][T0x76bbe1aa8740][TIMING] emit_host_span: [STRACE] v=1 pid=3969863 tid=3969863 inv=71 hid=4e691a1ac652a1b3 depth=3 name=chip.run.runner_run.device_wall.preamble ts=0 dur=13347 clk=dev
[mono_ns=83745961477849][T0x76bbe1aa8740][TIMING] emit_host_span: [STRACE] v=1 pid=3969863 tid=3969863 inv=71 hid=4e691a1ac652a1b3 depth=3 name=chip.run.runner_run.device_wall.graph_build ts=2315 dur=992403 clk=dev
[mono_ns=83745961479161][T0x76bbe1aa8740][TIMING] emit_host_span: [STRACE] v=1 pid=3969863 tid=3969863 inv=71 hid=4e691a1ac652a1b3 depth=3 name=chip.run.runner_run.device_wall.config_validate ts=2826 dur=1196 clk=dev
[mono_ns=83745961482156][T0x76bbe1aa8740][TIMING] emit_host_span: [STRACE] v=1 pid=3969863 tid=3969863 inv=71 hid=4e691a1ac652a1b3 depth=3 name=chip.run.runner_run.device_wall.arena_wire ts=4048 dur=2773 clk=dev
[mono_ns=83745961484068][T0x76bbe1aa8740][TIMING] emit_host_span: [STRACE] v=1 pid=3969863 tid=3969863 inv=71 hid=4e691a1ac652a1b3 depth=3 name=chip.run.runner_run.device_wall.sm_reset ts=6834 dur=2715 clk=dev
[mono_ns=83745961485531][T0x76bbe1aa8740][TIMING] emit_host_span: [STRACE] v=1 pid=3969863 tid=3969863 inv=71 hid=4e691a1ac652a1b3 depth=3 name=chip.run.runner_run.device_wall.post_orch ts=994951 dur=5104 clk=dev
[mono_ns=83745961486783][T0x76bbe1aa8740][TIMING] emit_host_span: [STRACE] v=1 pid=3969863 tid=3969863 inv=71 hid=4e691a1ac652a1b3 depth=3 name=chip.run.runner_run.device_wall.orch ts=10221 dur=638891 clk=dev
[mono_ns=83745961488014][T0x76bbe1aa8740][TIMING] emit_host_span: [STRACE] v=1 pid=3969863 tid=3969863 inv=71 hid=4e691a1ac652a1b3 depth=3 name=chip.run.runner_run.device_wall.sched ts=12748 dur=970674 clk=dev
[mono_ns=83745961489467][T0x76bbe1aa8740][TIMING] emit_host_span: [STRACE] v=1 pid=3969863 tid=3969863 inv=71 hid=4e691a1ac652a1b3 depth=1 name=chip.run.claim_release ts=83745961489036 dur=90 
[mono_ns=83745961490839][T0x76bbe1aa8740][TIMING] emit_host_span: [STRACE] v=1 pid=3969863 tid=3969863 inv=71 hid=4e691a1ac652a1b3 depth=0 name=chip.run ts=83745927224888 dur=34265640 run_id=0 dispatch_id=0 slot_id=0 generation=71 run_epoch=71
[mono_ns=83745989770674][T0x76bbe1aa8740][TIMING] emit_host_span: [STRACE] v=1 pid=3969863 tid=3969863 inv=72 hid=4e691a1ac652a1b3 depth=2 name=chip.run.bind.args ts=83745961704049 dur=28066135 
[mono_ns=83745989781971][T0x76bbe1aa8740][TIMING] emit_host_span: [STRACE] v=1 pid=3969863 tid=3969863 inv=72 hid=4e691a1ac652a1b3 depth=2 name=chip.run.bind.prebuilt ts=83745989780519 dur=1142 
[mono_ns=83745989783724][T0x76bbe1aa8740][TIMING] emit_host_span: [STRACE] v=1 pid=3969863 tid=3969863 inv=72 hid=4e691a1ac652a1b3 depth=1 name=chip.run.bind ts=83745961702376 dur=28081088 
[mono_ns=83745994416477][T0x76bbe1aa8740][WARN] prepare_execution: [device_runner.cpp:342] AICPU CPU_TOPO unavailable; using json_fallback: soc=Ascend950PR_9579 occupy=0x3e stable_reachable=5 requested=0 effective=5 affinity=[1, 2, 3, 4, 5(orch)]
[mono_ns=83745995623870][T0x76bbe1aa8740][TIMING] emit_host_span: [STRACE] v=1 pid=3969863 tid=3969863 inv=72 hid=4e691a1ac652a1b3 depth=1 name=chip.run.runner_run ts=83745994476007 dur=1147482 
[mono_ns=83745995989198][T0x76bbe1aa8740][TIMING] emit_host_span: [STRACE] v=1 pid=3969863 tid=3969863 inv=72 hid=4e691a1ac652a1b3 depth=1 name=chip.run.validate ts=83745995632633 dur=356164 
[mono_ns=83745995994916][T0x76bbe1aa8740][TIMING] emit_host_span: [STRACE] v=1 pid=3969863 tid=3969863 inv=72 hid=4e691a1ac652a1b3 depth=2 name=chip.run.runner_run.device_wall ts=0 dur=1014385 clk=dev
[mono_ns=83745995996729][T0x76bbe1aa8740][TIMING] emit_host_span: [STRACE] v=1 pid=3969863 tid=3969863 inv=72 hid=4e691a1ac652a1b3 depth=3 name=chip.run.runner_run.device_wall.preamble ts=0 dur=11411 clk=dev
[mono_ns=83745995998111][T0x76bbe1aa8740][TIMING] emit_host_span: [STRACE] v=1 pid=3969863 tid=3969863 inv=72 hid=4e691a1ac652a1b3 depth=3 name=chip.run.runner_run.device_wall.graph_build ts=1460 dur=1007841 clk=dev
[mono_ns=83745996015828][T0x76bbe1aa8740][TIMING] emit_host_span: [STRACE] v=1 pid=3969863 tid=3969863 inv=72 hid=4e691a1ac652a1b3 depth=3 name=chip.run.runner_run.device_wall.config_validate ts=1772 dur=1159 clk=dev
[mono_ns=83745996018462][T0x76bbe1aa8740][TIMING] emit_host_span: [STRACE] v=1 pid=3969863 tid=3969863 inv=72 hid=4e691a1ac652a1b3 depth=3 name=chip.run.runner_run.device_wall.arena_wire ts=2988 dur=2466 clk=dev
[mono_ns=83745996021426][T0x76bbe1aa8740][TIMING] emit_host_span: [STRACE] v=1 pid=3969863 tid=3969863 inv=72 hid=4e691a1ac652a1b3 depth=3 name=chip.run.runner_run.device_wall.sm_reset ts=5470 dur=2889 clk=dev
[mono_ns=83745996023019][T0x76bbe1aa8740][TIMING] emit_host_span: [STRACE] v=1 pid=3969863 tid=3969863 inv=72 hid=4e691a1ac652a1b3 depth=3 name=chip.run.runner_run.device_wall.post_orch ts=1009531 dur=4761 clk=dev
[mono_ns=83745996024190][T0x76bbe1aa8740][TIMING] emit_host_span: [STRACE] v=1 pid=3969863 tid=3969863 inv=72 hid=4e691a1ac652a1b3 depth=3 name=chip.run.runner_run.device_wall.orch ts=8389 dur=606795 clk=dev
[mono_ns=83745996025342][T0x76bbe1aa8740][TIMING] emit_host_span: [STRACE] v=1 pid=3969863 tid=3969863 inv=72 hid=4e691a1ac652a1b3 depth=3 name=chip.run.runner_run.device_wall.sched ts=11292 dur=985273 clk=dev
[mono_ns=83745996026804][T0x76bbe1aa8740][TIMING] emit_host_span: [STRACE] v=1 pid=3969863 tid=3969863 inv=72 hid=4e691a1ac652a1b3 depth=1 name=chip.run.claim_release ts=83745996026404 dur=90 
[mono_ns=83745996028216][T0x76bbe1aa8740][TIMING] emit_host_span: [STRACE] v=1 pid=3969863 tid=3969863 inv=72 hid=4e691a1ac652a1b3 depth=0 name=chip.run ts=83745961699722 dur=34328174 run_id=0 dispatch_id=0 slot_id=0 generation=72 run_epoch=72
[mono_ns=83746024129214][T0x76bbe1aa8740][TIMING] emit_host_span: [STRACE] v=1 pid=3969863 tid=3969863 inv=73 hid=4e691a1ac652a1b3 depth=2 name=chip.run.bind.args ts=83745996258893 dur=27869790 
[mono_ns=83746024139980][T0x76bbe1aa8740][TIMING] emit_host_span: [STRACE] v=1 pid=3969863 tid=3969863 inv=73 hid=4e691a1ac652a1b3 depth=2 name=chip.run.bind.prebuilt ts=83746024138317 dur=1362 
[mono_ns=83746024141873][T0x76bbe1aa8740][TIMING] emit_host_span: [STRACE] v=1 pid=3969863 tid=3969863 inv=73 hid=4e691a1ac652a1b3 depth=1 name=chip.run.bind ts=83745996257050 dur=27884512 
[mono_ns=83746030804523][T0x76bbe1aa8740][WARN] prepare_execution: [device_runner.cpp:342] AICPU CPU_TOPO unavailable; using json_fallback: soc=Ascend950PR_9579 occupy=0x3e stable_reachable=5 requested=0 effective=5 affinity=[1, 2, 3, 4, 5(orch)]
[mono_ns=83746032015360][T0x76bbe1aa8740][TIMING] emit_host_span: [STRACE] v=1 pid=3969863 tid=3969863 inv=73 hid=4e691a1ac652a1b3 depth=1 name=chip.run.runner_run ts=83746030865685 dur=1149225 
[mono_ns=83746032366828][T0x76bbe1aa8740][TIMING] emit_host_span: [STRACE] v=1 pid=3969863 tid=3969863 inv=73 hid=4e691a1ac652a1b3 depth=1 name=chip.run.validate ts=83746032023452 dur=342985 
[mono_ns=83746032372226][T0x76bbe1aa8740][TIMING] emit_host_span: [STRACE] v=1 pid=3969863 tid=3969863 inv=73 hid=4e691a1ac652a1b3 depth=2 name=chip.run.runner_run.device_wall ts=0 dur=1015765 clk=dev
[mono_ns=83746032373928][T0x76bbe1aa8740][TIMING] emit_host_span: [STRACE] v=1 pid=3969863 tid=3969863 inv=73 hid=4e691a1ac652a1b3 depth=3 name=chip.run.runner_run.device_wall.preamble ts=0 dur=13804 clk=dev
[mono_ns=83746032375351][T0x76bbe1aa8740][TIMING] emit_host_span: [STRACE] v=1 pid=3969863 tid=3969863 inv=73 hid=4e691a1ac652a1b3 depth=3 name=chip.run.runner_run.device_wall.graph_build ts=4459 dur=1006651 clk=dev
[mono_ns=83746032376572][T0x76bbe1aa8740][TIMING] emit_host_span: [STRACE] v=1 pid=3969863 tid=3969863 inv=73 hid=4e691a1ac652a1b3 depth=3 name=chip.run.runner_run.device_wall.config_validate ts=4838 dur=1099 clk=dev
[mono_ns=83746032378986][T0x76bbe1aa8740][TIMING] emit_host_span: [STRACE] v=1 pid=3969863 tid=3969863 inv=73 hid=4e691a1ac652a1b3 depth=3 name=chip.run.runner_run.device_wall.arena_wire ts=5963 dur=2665 clk=dev
[mono_ns=83746032382942][T0x76bbe1aa8740][TIMING] emit_host_span: [STRACE] v=1 pid=3969863 tid=3969863 inv=73 hid=4e691a1ac652a1b3 depth=3 name=chip.run.runner_run.device_wall.sm_reset ts=8645 dur=2178 clk=dev
[mono_ns=83746032384354][T0x76bbe1aa8740][TIMING] emit_host_span: [STRACE] v=1 pid=3969863 tid=3969863 inv=73 hid=4e691a1ac652a1b3 depth=3 name=chip.run.runner_run.device_wall.post_orch ts=1011170 dur=4240 clk=dev
[mono_ns=83746032385516][T0x76bbe1aa8740][TIMING] emit_host_span: [STRACE] v=1 pid=3969863 tid=3969863 inv=73 hid=4e691a1ac652a1b3 depth=3 name=chip.run.runner_run.device_wall.orch ts=10939 dur=592857 clk=dev
[mono_ns=83746032386738][T0x76bbe1aa8740][TIMING] emit_host_span: [STRACE] v=1 pid=3969863 tid=3969863 inv=73 hid=4e691a1ac652a1b3 depth=3 name=chip.run.runner_run.device_wall.sched ts=13236 dur=985835 clk=dev
[mono_ns=83746032388210][T0x76bbe1aa8740][TIMING] emit_host_span: [STRACE] v=1 pid=3969863 tid=3969863 inv=73 hid=4e691a1ac652a1b3 depth=1 name=chip.run.claim_release ts=83746032387779 dur=90 
[mono_ns=83746032389942][T0x76bbe1aa8740][TIMING] emit_host_span: [STRACE] v=1 pid=3969863 tid=3969863 inv=73 hid=4e691a1ac652a1b3 depth=0 name=chip.run ts=83745996254766 dur=36134666 run_id=0 dispatch_id=0 slot_id=0 generation=73 run_epoch=73
[mono_ns=83746060979313][T0x76bbe1aa8740][TIMING] emit_host_span: [STRACE] v=1 pid=3969863 tid=3969863 inv=74 hid=4e691a1ac652a1b3 depth=2 name=chip.run.bind.args ts=83746032602762 dur=28375790 
[mono_ns=83746060989618][T0x76bbe1aa8740][TIMING] emit_host_span: [STRACE] v=1 pid=3969863 tid=3969863 inv=74 hid=4e691a1ac652a1b3 depth=2 name=chip.run.bind.prebuilt ts=83746060988106 dur=1182 
[mono_ns=83746060991401][T0x76bbe1aa8740][TIMING] emit_host_span: [STRACE] v=1 pid=3969863 tid=3969863 inv=74 hid=4e691a1ac652a1b3 depth=1 name=chip.run.bind ts=83746032600899 dur=28390221 
[mono_ns=83746065642973][T0x76bbe1aa8740][WARN] prepare_execution: [device_runner.cpp:342] AICPU CPU_TOPO unavailable; using json_fallback: soc=Ascend950PR_9579 occupy=0x3e stable_reachable=5 requested=0 effective=5 affinity=[1, 2, 3, 4, 5(orch)]
[mono_ns=83746066795933][T0x76bbe1aa8740][TIMING] emit_host_span: [STRACE] v=1 pid=3969863 tid=3969863 inv=74 hid=4e691a1ac652a1b3 depth=1 name=chip.run.runner_run ts=83746065703974 dur=1091538 
[mono_ns=83746067138657][T0x76bbe1aa8740][TIMING] emit_host_span: [STRACE] v=1 pid=3969863 tid=3969863 inv=74 hid=4e691a1ac652a1b3 depth=1 name=chip.run.validate ts=83746066803444 dur=334572 
[mono_ns=83746067146199][T0x76bbe1aa8740][TIMING] emit_host_span: [STRACE] v=1 pid=3969863 tid=3969863 inv=74 hid=4e691a1ac652a1b3 depth=2 name=chip.run.runner_run.device_wall ts=0 dur=956093 clk=dev
[mono_ns=83746067147861][T0x76bbe1aa8740][TIMING] emit_host_span: [STRACE] v=1 pid=3969863 tid=3969863 inv=74 hid=4e691a1ac652a1b3 depth=3 name=chip.run.runner_run.device_wall.preamble ts=0 dur=13619 clk=dev
[mono_ns=83746067149233][T0x76bbe1aa8740][TIMING] emit_host_span: [STRACE] v=1 pid=3969863 tid=3969863 inv=74 hid=4e691a1ac652a1b3 depth=3 name=chip.run.runner_run.device_wall.graph_build ts=4729 dur=946631 clk=dev
[mono_ns=83746067151457][T0x76bbe1aa8740][TIMING] emit_host_span: [STRACE] v=1 pid=3969863 tid=3969863 inv=74 hid=4e691a1ac652a1b3 depth=3 name=chip.run.runner_run.device_wall.config_validate ts=5088 dur=1361 clk=dev
[mono_ns=83746067153620][T0x76bbe1aa8740][TIMING] emit_host_span: [STRACE] v=1 pid=3969863 tid=3969863 inv=74 hid=4e691a1ac652a1b3 depth=3 name=chip.run.runner_run.device_wall.arena_wire ts=6475 dur=1980 clk=dev
[mono_ns=83746067155072][T0x76bbe1aa8740][TIMING] emit_host_span: [STRACE] v=1 pid=3969863 tid=3969863 inv=74 hid=4e691a1ac652a1b3 depth=3 name=chip.run.runner_run.device_wall.sm_reset ts=8473 dur=2555 clk=dev
[mono_ns=83746067156314][T0x76bbe1aa8740][TIMING] emit_host_span: [STRACE] v=1 pid=3969863 tid=3969863 inv=74 hid=4e691a1ac652a1b3 depth=3 name=chip.run.runner_run.device_wall.post_orch ts=951390 dur=4277 clk=dev
[mono_ns=83746067157586][T0x76bbe1aa8740][TIMING] emit_host_span: [STRACE] v=1 pid=3969863 tid=3969863 inv=74 hid=4e691a1ac652a1b3 depth=3 name=chip.run.runner_run.device_wall.orch ts=11375 dur=605092 clk=dev
[mono_ns=83746067170045][T0x76bbe1aa8740][TIMING] emit_host_span: [STRACE] v=1 pid=3969863 tid=3969863 inv=74 hid=4e691a1ac652a1b3 depth=3 name=chip.run.runner_run.device_wall.sched ts=13263 dur=924456 clk=dev
[mono_ns=83746067171957][T0x76bbe1aa8740][TIMING] emit_host_span: [STRACE] v=1 pid=3969863 tid=3969863 inv=74 hid=4e691a1ac652a1b3 depth=1 name=chip.run.claim_release ts=83746067171527 dur=70 
[mono_ns=83746067173400][T0x76bbe1aa8740][TIMING] emit_host_span: [STRACE] v=1 pid=3969863 tid=3969863 inv=74 hid=4e691a1ac652a1b3 depth=0 name=chip.run ts=83746032598896 dur=34574163 run_id=0 dispatch_id=0 slot_id=0 generation=74 run_epoch=74
[mono_ns=83746094725623][T0x76bbe1aa8740][TIMING] emit_host_span: [STRACE] v=1 pid=3969863 tid=3969863 inv=75 hid=4e691a1ac652a1b3 depth=2 name=chip.run.bind.args ts=83746067377686 dur=27347386 
[mono_ns=83746094737641][T0x76bbe1aa8740][TIMING] emit_host_span: [STRACE] v=1 pid=3969863 tid=3969863 inv=75 hid=4e691a1ac652a1b3 depth=2 name=chip.run.bind.prebuilt ts=83746094735428 dur=1612 
[mono_ns=83746094739564][T0x76bbe1aa8740][TIMING] emit_host_span: [STRACE] v=1 pid=3969863 tid=3969863 inv=75 hid=4e691a1ac652a1b3 depth=1 name=chip.run.bind ts=83746067375443 dur=27363821 
[mono_ns=83746099327340][T0x76bbe1aa8740][WARN] prepare_execution: [device_runner.cpp:342] AICPU CPU_TOPO unavailable; using json_fallback: soc=Ascend950PR_9579 occupy=0x3e stable_reachable=5 requested=0 effective=5 affinity=[1, 2, 3, 4, 5(orch)]
[mono_ns=83746100462444][T0x76bbe1aa8740][TIMING] emit_host_span: [STRACE] v=1 pid=3969863 tid=3969863 inv=75 hid=4e691a1ac652a1b3 depth=1 name=chip.run.runner_run ts=83746099386238 dur=1075845 
[mono_ns=83746100805789][T0x76bbe1aa8740][TIMING] emit_host_span: [STRACE] v=1 pid=3969863 tid=3969863 inv=75 hid=4e691a1ac652a1b3 depth=1 name=chip.run.validate ts=83746100469935 dur=335443 
[mono_ns=83746100811277][T0x76bbe1aa8740][TIMING] emit_host_span: [STRACE] v=1 pid=3969863 tid=3969863 inv=75 hid=4e691a1ac652a1b3 depth=2 name=chip.run.runner_run.device_wall ts=0 dur=942013 clk=dev
[mono_ns=83746100812860][T0x76bbe1aa8740][TIMING] emit_host_span: [STRACE] v=1 pid=3969863 tid=3969863 inv=75 hid=4e691a1ac652a1b3 depth=3 name=chip.run.runner_run.device_wall.preamble ts=0 dur=12453 clk=dev
[mono_ns=83746100814292][T0x76bbe1aa8740][TIMING] emit_host_span: [STRACE] v=1 pid=3969863 tid=3969863 inv=75 hid=4e691a1ac652a1b3 depth=3 name=chip.run.runner_run.device_wall.graph_build ts=2557 dur=935550 clk=dev
[mono_ns=83746100815594][T0x76bbe1aa8740][TIMING] emit_host_span: [STRACE] v=1 pid=3969863 tid=3969863 inv=75 hid=4e691a1ac652a1b3 depth=3 name=chip.run.runner_run.device_wall.config_validate ts=2673 dur=1072 clk=dev
[mono_ns=83746100817076][T0x76bbe1aa8740][TIMING] emit_host_span: [STRACE] v=1 pid=3969863 tid=3969863 inv=75 hid=4e691a1ac652a1b3 depth=3 name=chip.run.runner_run.device_wall.arena_wire ts=3776 dur=2755 clk=dev
[mono_ns=83746100819770][T0x76bbe1aa8740][TIMING] emit_host_span: [STRACE] v=1 pid=3969863 tid=3969863 inv=75 hid=4e691a1ac652a1b3 depth=3 name=chip.run.runner_run.device_wall.sm_reset ts=6550 dur=2215 clk=dev
[mono_ns=83746100821052][T0x76bbe1aa8740][TIMING] emit_host_span: [STRACE] v=1 pid=3969863 tid=3969863 inv=75 hid=4e691a1ac652a1b3 depth=3 name=chip.run.runner_run.device_wall.post_orch ts=938137 dur=3793 clk=dev
[mono_ns=83746100822314][T0x76bbe1aa8740][TIMING] emit_host_span: [STRACE] v=1 pid=3969863 tid=3969863 inv=75 hid=4e691a1ac652a1b3 depth=3 name=chip.run.runner_run.device_wall.orch ts=8848 dur=587276 clk=dev
[mono_ns=83746100823556][T0x76bbe1aa8740][TIMING] emit_host_span: [STRACE] v=1 pid=3969863 tid=3969863 inv=75 hid=4e691a1ac652a1b3 depth=3 name=chip.run.runner_run.device_wall.sched ts=11956 dur=914718 clk=dev
[mono_ns=83746100825068][T0x76bbe1aa8740][TIMING] emit_host_span: [STRACE] v=1 pid=3969863 tid=3969863 inv=75 hid=4e691a1ac652a1b3 depth=1 name=chip.run.claim_release ts=83746100824627 dur=70 
[mono_ns=83746100826490][T0x76bbe1aa8740][TIMING] emit_host_span: [STRACE] v=1 pid=3969863 tid=3969863 inv=75 hid=4e691a1ac652a1b3 depth=0 name=chip.run ts=83746067373540 dur=33452640 run_id=0 dispatch_id=0 slot_id=0 generation=75 run_epoch=75
[mono_ns=83746129707979][T0x76bbe1aa8740][TIMING] emit_host_span: [STRACE] v=1 pid=3969863 tid=3969863 inv=76 hid=4e691a1ac652a1b3 depth=2 name=chip.run.bind.args ts=83746101078418 dur=28629040 
[mono_ns=83746129719807][T0x76bbe1aa8740][TIMING] emit_host_span: [STRACE] v=1 pid=3969863 tid=3969863 inv=76 hid=4e691a1ac652a1b3 depth=2 name=chip.run.bind.prebuilt ts=83746129718495 dur=961 
[mono_ns=83746129721589][T0x76bbe1aa8740][TIMING] emit_host_span: [STRACE] v=1 pid=3969863 tid=3969863 inv=76 hid=4e691a1ac652a1b3 depth=1 name=chip.run.bind ts=83746101076876 dur=28644393 
[mono_ns=83746134333972][T0x76bbe1aa8740][WARN] prepare_execution: [device_runner.cpp:342] AICPU CPU_TOPO unavailable; using json_fallback: soc=Ascend950PR_9579 occupy=0x3e stable_reachable=5 requested=0 effective=5 affinity=[1, 2, 3, 4, 5(orch)]
[mono_ns=83746135510588][T0x76bbe1aa8740][TIMING] emit_host_span: [STRACE] v=1 pid=3969863 tid=3969863 inv=76 hid=4e691a1ac652a1b3 depth=1 name=chip.run.runner_run ts=83746134394373 dur=1115815 
[mono_ns=83746135864049][T0x76bbe1aa8740][TIMING] emit_host_span: [STRACE] v=1 pid=3969863 tid=3969863 inv=76 hid=4e691a1ac652a1b3 depth=1 name=chip.run.validate ts=83746135518690 dur=344938 
[mono_ns=83746135869397][T0x76bbe1aa8740][TIMING] emit_host_span: [STRACE] v=1 pid=3969863 tid=3969863 inv=76 hid=4e691a1ac652a1b3 depth=2 name=chip.run.runner_run.device_wall ts=0 dur=950650 clk=dev
[mono_ns=83746135871209][T0x76bbe1aa8740][TIMING] emit_host_span: [STRACE] v=1 pid=3969863 tid=3969863 inv=76 hid=4e691a1ac652a1b3 depth=3 name=chip.run.runner_run.device_wall.preamble ts=0 dur=14768 clk=dev
[mono_ns=83746135872632][T0x76bbe1aa8740][TIMING] emit_host_span: [STRACE] v=1 pid=3969863 tid=3969863 inv=76 hid=4e691a1ac652a1b3 depth=3 name=chip.run.runner_run.device_wall.graph_build ts=4909 dur=940603 clk=dev
[mono_ns=83746135874234][T0x76bbe1aa8740][TIMING] emit_host_span: [STRACE] v=1 pid=3969863 tid=3969863 inv=76 hid=4e691a1ac652a1b3 depth=3 name=chip.run.runner_run.device_wall.config_validate ts=5339 dur=1204 clk=dev
[mono_ns=83746135876497][T0x76bbe1aa8740][TIMING] emit_host_span: [STRACE] v=1 pid=3969863 tid=3969863 inv=76 hid=4e691a1ac652a1b3 depth=3 name=chip.run.runner_run.device_wall.arena_wire ts=6592 dur=1456 clk=dev
[mono_ns=83746135878310][T0x76bbe1aa8740][TIMING] emit_host_span: [STRACE] v=1 pid=3969863 tid=3969863 inv=76 hid=4e691a1ac652a1b3 depth=3 name=chip.run.runner_run.device_wall.sm_reset ts=8325 dur=1914 clk=dev
[mono_ns=83746135879742][T0x76bbe1aa8740][TIMING] emit_host_span: [STRACE] v=1 pid=3969863 tid=3969863 inv=76 hid=4e691a1ac652a1b3 depth=3 name=chip.run.runner_run.device_wall.post_orch ts=945543 dur=3934 clk=dev
[mono_ns=83746135880974][T0x76bbe1aa8740][TIMING] emit_host_span: [STRACE] v=1 pid=3969863 tid=3969863 inv=76 hid=4e691a1ac652a1b3 depth=3 name=chip.run.runner_run.device_wall.orch ts=10343 dur=589543 clk=dev
[mono_ns=83746135882236][T0x76bbe1aa8740][TIMING] emit_host_span: [STRACE] v=1 pid=3969863 tid=3969863 inv=76 hid=4e691a1ac652a1b3 depth=3 name=chip.run.runner_run.device_wall.sched ts=14653 dur=918179 clk=dev
[mono_ns=83746135883678][T0x76bbe1aa8740][TIMING] emit_host_span: [STRACE] v=1 pid=3969863 tid=3969863 inv=76 hid=4e691a1ac652a1b3 depth=1 name=chip.run.claim_release ts=83746135883238 dur=70 
[mono_ns=83746135885040][T0x76bbe1aa8740][TIMING] emit_host_span: [STRACE] v=1 pid=3969863 tid=3969863 inv=76 hid=4e691a1ac652a1b3 depth=0 name=chip.run ts=83746101074913 dur=34809817 run_id=0 dispatch_id=0 slot_id=0 generation=76 run_epoch=76
[mono_ns=83746163967490][T0x76bbe1aa8740][TIMING] emit_host_span: [STRACE] v=1 pid=3969863 tid=3969863 inv=77 hid=4e691a1ac652a1b3 depth=2 name=chip.run.bind.args ts=83746136108095 dur=27858563 
[mono_ns=83746163981371][T0x76bbe1aa8740][TIMING] emit_host_span: [STRACE] v=1 pid=3969863 tid=3969863 inv=77 hid=4e691a1ac652a1b3 depth=2 name=chip.run.bind.prebuilt ts=83746163979588 dur=1452 
[mono_ns=83746163986979][T0x76bbe1aa8740][TIMING] emit_host_span: [STRACE] v=1 pid=3969863 tid=3969863 inv=77 hid=4e691a1ac652a1b3 depth=1 name=chip.run.bind ts=83746136106543 dur=27880075 
[mono_ns=83746168605000][T0x76bbe1aa8740][WARN] prepare_execution: [device_runner.cpp:342] AICPU CPU_TOPO unavailable; using json_fallback: soc=Ascend950PR_9579 occupy=0x3e stable_reachable=5 requested=0 effective=5 affinity=[1, 2, 3, 4, 5(orch)]
[mono_ns=83746169746514][T0x76bbe1aa8740][TIMING] emit_host_span: [STRACE] v=1 pid=3969863 tid=3969863 inv=77 hid=4e691a1ac652a1b3 depth=1 name=chip.run.runner_run ts=83746168661205 dur=1084888 
[mono_ns=83746170105352][T0x76bbe1aa8740][TIMING] emit_host_span: [STRACE] v=1 pid=3969863 tid=3969863 inv=77 hid=4e691a1ac652a1b3 depth=1 name=chip.run.validate ts=83746169754616 dur=350285 
[mono_ns=83746170111842][T0x76bbe1aa8740][TIMING] emit_host_span: [STRACE] v=1 pid=3969863 tid=3969863 inv=77 hid=4e691a1ac652a1b3 depth=2 name=chip.run.runner_run.device_wall ts=0 dur=947820 clk=dev
[mono_ns=83746170113514][T0x76bbe1aa8740][TIMING] emit_host_span: [STRACE] v=1 pid=3969863 tid=3969863 inv=77 hid=4e691a1ac652a1b3 depth=3 name=chip.run.runner_run.device_wall.preamble ts=0 dur=11459 clk=dev
[mono_ns=83746170114896][T0x76bbe1aa8740][TIMING] emit_host_span: [STRACE] v=1 pid=3969863 tid=3969863 inv=77 hid=4e691a1ac652a1b3 depth=3 name=chip.run.runner_run.device_wall.graph_build ts=2411 dur=940987 clk=dev
[mono_ns=83746170116259][T0x76bbe1aa8740][TIMING] emit_host_span: [STRACE] v=1 pid=3969863 tid=3969863 inv=77 hid=4e691a1ac652a1b3 depth=3 name=chip.run.runner_run.device_wall.config_validate ts=2590 dur=1080 clk=dev
[mono_ns=83746170118662][T0x76bbe1aa8740][TIMING] emit_host_span: [STRACE] v=1 pid=3969863 tid=3969863 inv=77 hid=4e691a1ac652a1b3 depth=3 name=chip.run.runner_run.device_wall.arena_wire ts=3702 dur=2136 clk=dev
[mono_ns=83746170120615][T0x76bbe1aa8740][TIMING] emit_host_span: [STRACE] v=1 pid=3969863 tid=3969863 inv=77 hid=4e691a1ac652a1b3 depth=3 name=chip.run.runner_run.device_wall.sm_reset ts=5854 dur=2803 clk=dev
[mono_ns=83746170122087][T0x76bbe1aa8740][TIMING] emit_host_span: [STRACE] v=1 pid=3969863 tid=3969863 inv=77 hid=4e691a1ac652a1b3 depth=3 name=chip.run.runner_run.device_wall.post_orch ts=943570 dur=4077 clk=dev
[mono_ns=83746170123349][T0x76bbe1aa8740][TIMING] emit_host_span: [STRACE] v=1 pid=3969863 tid=3969863 inv=77 hid=4e691a1ac652a1b3 depth=3 name=chip.run.runner_run.device_wall.orch ts=8772 dur=628353 clk=dev
[mono_ns=83746170124581][T0x76bbe1aa8740][TIMING] emit_host_span: [STRACE] v=1 pid=3969863 tid=3969863 inv=77 hid=4e691a1ac652a1b3 depth=3 name=chip.run.runner_run.device_wall.sched ts=10949 dur=920132 clk=dev
[mono_ns=83746170126143][T0x76bbe1aa8740][TIMING] emit_host_span: [STRACE] v=1 pid=3969863 tid=3969863 inv=77 hid=4e691a1ac652a1b3 depth=1 name=chip.run.claim_release ts=83746170125683 dur=90 
[mono_ns=83746170127686][T0x76bbe1aa8740][TIMING] emit_host_span: [STRACE] v=1 pid=3969863 tid=3969863 inv=77 hid=4e691a1ac652a1b3 depth=0 name=chip.run ts=83746136104389 dur=34022936 run_id=0 dispatch_id=0 slot_id=0 generation=77 run_epoch=77
[mono_ns=83746198485749][T0x76bbe1aa8740][TIMING] emit_host_span: [STRACE] v=1 pid=3969863 tid=3969863 inv=78 hid=4e691a1ac652a1b3 depth=2 name=chip.run.bind.args ts=83746170367666 dur=28117352 
[mono_ns=83746198498328][T0x76bbe1aa8740][TIMING] emit_host_span: [STRACE] v=1 pid=3969863 tid=3969863 inv=78 hid=4e691a1ac652a1b3 depth=2 name=chip.run.bind.prebuilt ts=83746198496495 dur=1502 
[mono_ns=83746198500321][T0x76bbe1aa8740][TIMING] emit_host_span: [STRACE] v=1 pid=3969863 tid=3969863 inv=78 hid=4e691a1ac652a1b3 depth=1 name=chip.run.bind ts=83746170365563 dur=28134457 
[mono_ns=83746203083460][T0x76bbe1aa8740][WARN] prepare_execution: [device_runner.cpp:342] AICPU CPU_TOPO unavailable; using json_fallback: soc=Ascend950PR_9579 occupy=0x3e stable_reachable=5 requested=0 effective=5 affinity=[1, 2, 3, 4, 5(orch)]
[mono_ns=83746204268248][T0x76bbe1aa8740][TIMING] emit_host_span: [STRACE] v=1 pid=3969863 tid=3969863 inv=78 hid=4e691a1ac652a1b3 depth=1 name=chip.run.runner_run ts=83746203139794 dur=1127953 
[mono_ns=83746204631563][T0x76bbe1aa8740][TIMING] emit_host_span: [STRACE] v=1 pid=3969863 tid=3969863 inv=78 hid=4e691a1ac652a1b3 depth=1 name=chip.run.validate ts=83746204282519 dur=348674 
[mono_ns=83746204637722][T0x76bbe1aa8740][TIMING] emit_host_span: [STRACE] v=1 pid=3969863 tid=3969863 inv=78 hid=4e691a1ac652a1b3 depth=2 name=chip.run.runner_run.device_wall ts=0 dur=990322 clk=dev
[mono_ns=83746204639355][T0x76bbe1aa8740][TIMING] emit_host_span: [STRACE] v=1 pid=3969863 tid=3969863 inv=78 hid=4e691a1ac652a1b3 depth=3 name=chip.run.runner_run.device_wall.preamble ts=0 dur=14211 clk=dev
[mono_ns=83746204640677][T0x76bbe1aa8740][TIMING] emit_host_span: [STRACE] v=1 pid=3969863 tid=3969863 inv=78 hid=4e691a1ac652a1b3 depth=3 name=chip.run.runner_run.device_wall.graph_build ts=4471 dur=981158 clk=dev
[mono_ns=83746204642109][T0x76bbe1aa8740][TIMING] emit_host_span: [STRACE] v=1 pid=3969863 tid=3969863 inv=78 hid=4e691a1ac652a1b3 depth=3 name=chip.run.runner_run.device_wall.config_validate ts=4819 dur=1064 clk=dev
[mono_ns=83746204644352][T0x76bbe1aa8740][TIMING] emit_host_span: [STRACE] v=1 pid=3969863 tid=3969863 inv=78 hid=4e691a1ac652a1b3 depth=3 name=chip.run.runner_run.device_wall.arena_wire ts=5911 dur=1892 clk=dev
[mono_ns=83746204647006][T0x76bbe1aa8740][TIMING] emit_host_span: [STRACE] v=1 pid=3969863 tid=3969863 inv=78 hid=4e691a1ac652a1b3 depth=3 name=chip.run.runner_run.device_wall.sm_reset ts=7827 dur=2554 clk=dev
[mono_ns=83746204649210][T0x76bbe1aa8740][TIMING] emit_host_span: [STRACE] v=1 pid=3969863 tid=3969863 inv=78 hid=4e691a1ac652a1b3 depth=3 name=chip.run.runner_run.device_wall.post_orch ts=985661 dur=4138 clk=dev
[mono_ns=83746204650942][T0x76bbe1aa8740][TIMING] emit_host_span: [STRACE] v=1 pid=3969863 tid=3969863 inv=78 hid=4e691a1ac652a1b3 depth=3 name=chip.run.runner_run.device_wall.orch ts=10465 dur=593450 clk=dev
[mono_ns=83746204652565][T0x76bbe1aa8740][TIMING] emit_host_span: [STRACE] v=1 pid=3969863 tid=3969863 inv=78 hid=4e691a1ac652a1b3 depth=3 name=chip.run.runner_run.device_wall.sched ts=13701 dur=958074 clk=dev
[mono_ns=83746204654518][T0x76bbe1aa8740][TIMING] emit_host_span: [STRACE] v=1 pid=3969863 tid=3969863 inv=78 hid=4e691a1ac652a1b3 depth=1 name=chip.run.claim_release ts=83746204654037 dur=70 
[mono_ns=83746204657122][T0x76bbe1aa8740][TIMING] emit_host_span: [STRACE] v=1 pid=3969863 tid=3969863 inv=78 hid=4e691a1ac652a1b3 depth=0 name=chip.run ts=83746170362789 dur=34293912 run_id=0 dispatch_id=0 slot_id=0 generation=78 run_epoch=78
[mono_ns=83746233997870][T0x76bbe1aa8740][TIMING] emit_host_span: [STRACE] v=1 pid=3969863 tid=3969863 inv=79 hid=4e691a1ac652a1b3 depth=2 name=chip.run.bind.args ts=83746204872515 dur=29124473 
[mono_ns=83746234015516][T0x76bbe1aa8740][TIMING] emit_host_span: [STRACE] v=1 pid=3969863 tid=3969863 inv=79 hid=4e691a1ac652a1b3 depth=2 name=chip.run.bind.prebuilt ts=83746234013834 dur=1342 
[mono_ns=83746234017609][T0x76bbe1aa8740][TIMING] emit_host_span: [STRACE] v=1 pid=3969863 tid=3969863 inv=79 hid=4e691a1ac652a1b3 depth=1 name=chip.run.bind ts=83746204870782 dur=29146517 
[mono_ns=83746238591534][T0x76bbe1aa8740][WARN] prepare_execution: [device_runner.cpp:342] AICPU CPU_TOPO unavailable; using json_fallback: soc=Ascend950PR_9579 occupy=0x3e stable_reachable=5 requested=0 effective=5 affinity=[1, 2, 3, 4, 5(orch)]
[mono_ns=83746239884605][T0x76bbe1aa8740][TIMING] emit_host_span: [STRACE] v=1 pid=3969863 tid=3969863 inv=79 hid=4e691a1ac652a1b3 depth=1 name=chip.run.runner_run ts=83746238649702 dur=1234513 
[mono_ns=83746240260980][T0x76bbe1aa8740][TIMING] emit_host_span: [STRACE] v=1 pid=3969863 tid=3969863 inv=79 hid=4e691a1ac652a1b3 depth=1 name=chip.run.validate ts=83746239892677 dur=367902 
[mono_ns=83746240267740][T0x76bbe1aa8740][TIMING] emit_host_span: [STRACE] v=1 pid=3969863 tid=3969863 inv=79 hid=4e691a1ac652a1b3 depth=2 name=chip.run.runner_run.device_wall ts=0 dur=1095357 clk=dev
[mono_ns=83746240269443][T0x76bbe1aa8740][TIMING] emit_host_span: [STRACE] v=1 pid=3969863 tid=3969863 inv=79 hid=4e691a1ac652a1b3 depth=3 name=chip.run.runner_run.device_wall.preamble ts=0 dur=16875 clk=dev
[mono_ns=83746240274951][T0x76bbe1aa8740][TIMING] emit_host_span: [STRACE] v=1 pid=3969863 tid=3969863 inv=79 hid=4e691a1ac652a1b3 depth=3 name=chip.run.runner_run.device_wall.graph_build ts=5660 dur=1084652 clk=dev
[mono_ns=83746240276964][T0x76bbe1aa8740][TIMING] emit_host_span: [STRACE] v=1 pid=3969863 tid=3969863 inv=79 hid=4e691a1ac652a1b3 depth=3 name=chip.run.runner_run.device_wall.config_validate ts=6014 dur=993 clk=dev
[mono_ns=83746240278506][T0x76bbe1aa8740][TIMING] emit_host_span: [STRACE] v=1 pid=3969863 tid=3969863 inv=79 hid=4e691a1ac652a1b3 depth=3 name=chip.run.runner_run.device_wall.arena_wire ts=7198 dur=2307 clk=dev
[mono_ns=83746240279758][T0x76bbe1aa8740][TIMING] emit_host_span: [STRACE] v=1 pid=3969863 tid=3969863 inv=79 hid=4e691a1ac652a1b3 depth=3 name=chip.run.runner_run.device_wall.sm_reset ts=9712 dur=2911 clk=dev
[mono_ns=83746240281010][T0x76bbe1aa8740][TIMING] emit_host_span: [STRACE] v=1 pid=3969863 tid=3969863 inv=79 hid=4e691a1ac652a1b3 depth=3 name=chip.run.runner_run.device_wall.post_orch ts=1090370 dur=4465 clk=dev
[mono_ns=83746240282282][T0x76bbe1aa8740][TIMING] emit_host_span: [STRACE] v=1 pid=3969863 tid=3969863 inv=79 hid=4e691a1ac652a1b3 depth=3 name=chip.run.runner_run.device_wall.orch ts=12706 dur=591732 clk=dev
[mono_ns=83746240283514][T0x76bbe1aa8740][TIMING] emit_host_span: [STRACE] v=1 pid=3969863 tid=3969863 inv=79 hid=4e691a1ac652a1b3 depth=3 name=chip.run.runner_run.device_wall.sched ts=16241 dur=1058693 clk=dev
[mono_ns=83746240285026][T0x76bbe1aa8740][TIMING] emit_host_span: [STRACE] v=1 pid=3969863 tid=3969863 inv=79 hid=4e691a1ac652a1b3 depth=1 name=chip.run.claim_release ts=83746240284576 dur=100 
[mono_ns=83746240286458][T0x76bbe1aa8740][TIMING] emit_host_span: [STRACE] v=1 pid=3969863 tid=3969863 inv=79 hid=4e691a1ac652a1b3 depth=0 name=chip.run ts=83746204868569 dur=35417579 run_id=0 dispatch_id=0 slot_id=0 generation=79 run_epoch=79
[mono_ns=83746269727627][T0x76bbe1aa8740][TIMING] emit_host_span: [STRACE] v=1 pid=3969863 tid=3969863 inv=80 hid=4e691a1ac652a1b3 depth=2 name=chip.run.bind.args ts=83746240492898 dur=29233798 
[mono_ns=83746269740216][T0x76bbe1aa8740][TIMING] emit_host_span: [STRACE] v=1 pid=3969863 tid=3969863 inv=80 hid=4e691a1ac652a1b3 depth=2 name=chip.run.bind.prebuilt ts=83746269738123 dur=1712 
[mono_ns=83746269742099][T0x76bbe1aa8740][TIMING] emit_host_span: [STRACE] v=1 pid=3969863 tid=3969863 inv=80 hid=4e691a1ac652a1b3 depth=1 name=chip.run.bind ts=83746240491246 dur=29250572 
[mono_ns=83746274341783][T0x76bbe1aa8740][WARN] prepare_execution: [device_runner.cpp:342] AICPU CPU_TOPO unavailable; using json_fallback: soc=Ascend950PR_9579 occupy=0x3e stable_reachable=5 requested=0 effective=5 affinity=[1, 2, 3, 4, 5(orch)]
[mono_ns=83746275654363][T0x76bbe1aa8740][TIMING] emit_host_span: [STRACE] v=1 pid=3969863 tid=3969863 inv=80 hid=4e691a1ac652a1b3 depth=1 name=chip.run.runner_run ts=83746274403485 dur=1250507 
[mono_ns=83746276020993][T0x76bbe1aa8740][TIMING] emit_host_span: [STRACE] v=1 pid=3969863 tid=3969863 inv=80 hid=4e691a1ac652a1b3 depth=1 name=chip.run.validate ts=83746275663036 dur=357496 
[mono_ns=83746276027553][T0x76bbe1aa8740][TIMING] emit_host_span: [STRACE] v=1 pid=3969863 tid=3969863 inv=80 hid=4e691a1ac652a1b3 depth=2 name=chip.run.runner_run.device_wall ts=0 dur=1111208 clk=dev
[mono_ns=83746276029366][T0x76bbe1aa8740][TIMING] emit_host_span: [STRACE] v=1 pid=3969863 tid=3969863 inv=80 hid=4e691a1ac652a1b3 depth=3 name=chip.run.runner_run.device_wall.preamble ts=0 dur=12531 clk=dev
[mono_ns=83746276030778][T0x76bbe1aa8740][TIMING] emit_host_span: [STRACE] v=1 pid=3969863 tid=3969863 inv=80 hid=4e691a1ac652a1b3 depth=3 name=chip.run.runner_run.device_wall.graph_build ts=2590 dur=1104143 clk=dev
[mono_ns=83746276031989][T0x76bbe1aa8740][TIMING] emit_host_span: [STRACE] v=1 pid=3969863 tid=3969863 inv=80 hid=4e691a1ac652a1b3 depth=3 name=chip.run.runner_run.device_wall.config_validate ts=2701 dur=1035 clk=dev
[mono_ns=83746276036576][T0x76bbe1aa8740][TIMING] emit_host_span: [STRACE] v=1 pid=3969863 tid=3969863 inv=80 hid=4e691a1ac652a1b3 depth=3 name=chip.run.runner_run.device_wall.arena_wire ts=3759 dur=2066 clk=dev
[mono_ns=83746276037958][T0x76bbe1aa8740][TIMING] emit_host_span: [STRACE] v=1 pid=3969863 tid=3969863 inv=80 hid=4e691a1ac652a1b3 depth=3 name=chip.run.runner_run.device_wall.sm_reset ts=5947 dur=2264 clk=dev
[mono_ns=83746276039180][T0x76bbe1aa8740][TIMING] emit_host_span: [STRACE] v=1 pid=3969863 tid=3969863 inv=80 hid=4e691a1ac652a1b3 depth=3 name=chip.run.runner_run.device_wall.post_orch ts=1106801 dur=3980 clk=dev
[mono_ns=83746276040452][T0x76bbe1aa8740][TIMING] emit_host_span: [STRACE] v=1 pid=3969863 tid=3969863 inv=80 hid=4e691a1ac652a1b3 depth=3 name=chip.run.runner_run.device_wall.orch ts=8302 dur=594873 clk=dev
[mono_ns=83746276041684][T0x76bbe1aa8740][TIMING] emit_host_span: [STRACE] v=1 pid=3969863 tid=3969863 inv=80 hid=4e691a1ac652a1b3 depth=3 name=chip.run.runner_run.device_wall.sched ts=12020 dur=1079116 clk=dev
[mono_ns=83746276043136][T0x76bbe1aa8740][TIMING] emit_host_span: [STRACE] v=1 pid=3969863 tid=3969863 inv=80 hid=4e691a1ac652a1b3 depth=1 name=chip.run.claim_release ts=83746276042706 dur=90 
[mono_ns=83746276044568][T0x76bbe1aa8740][TIMING] emit_host_span: [STRACE] v=1 pid=3969863 tid=3969863 inv=80 hid=4e691a1ac652a1b3 depth=0 name=chip.run ts=83746240489223 dur=35555025 run_id=0 dispatch_id=0 slot_id=0 generation=80 run_epoch=80
[mono_ns=83746305263904][T0x76bbe1aa8740][TIMING] emit_host_span: [STRACE] v=1 pid=3969863 tid=3969863 inv=81 hid=4e691a1ac652a1b3 depth=2 name=chip.run.bind.args ts=83746276276166 dur=28987007 
[mono_ns=83746305275882][T0x76bbe1aa8740][TIMING] emit_host_span: [STRACE] v=1 pid=3969863 tid=3969863 inv=81 hid=4e691a1ac652a1b3 depth=2 name=chip.run.bind.prebuilt ts=83746305274150 dur=1412 
[mono_ns=83746305277915][T0x76bbe1aa8740][TIMING] emit_host_span: [STRACE] v=1 pid=3969863 tid=3969863 inv=81 hid=4e691a1ac652a1b3 depth=1 name=chip.run.bind ts=83746276274443 dur=29003202 
[mono_ns=83746309905441][T0x76bbe1aa8740][WARN] prepare_execution: [device_runner.cpp:342] AICPU CPU_TOPO unavailable; using json_fallback: soc=Ascend950PR_9579 occupy=0x3e stable_reachable=5 requested=0 effective=5 affinity=[1, 2, 3, 4, 5(orch)]
[mono_ns=83746311149268][T0x76bbe1aa8740][TIMING] emit_host_span: [STRACE] v=1 pid=3969863 tid=3969863 inv=81 hid=4e691a1ac652a1b3 depth=1 name=chip.run.runner_run ts=83746309967614 dur=1181123 
[mono_ns=83746311532152][T0x76bbe1aa8740][TIMING] emit_host_span: [STRACE] v=1 pid=3969863 tid=3969863 inv=81 hid=4e691a1ac652a1b3 depth=1 name=chip.run.validate ts=83746311159353 dur=372369 
[mono_ns=83746311537961][T0x76bbe1aa8740][TIMING] emit_host_span: [STRACE] v=1 pid=3969863 tid=3969863 inv=81 hid=4e691a1ac652a1b3 depth=2 name=chip.run.runner_run.device_wall ts=0 dur=1036588 clk=dev
[mono_ns=83746311539684][T0x76bbe1aa8740][TIMING] emit_host_span: [STRACE] v=1 pid=3969863 tid=3969863 inv=81 hid=4e691a1ac652a1b3 depth=3 name=chip.run.runner_run.device_wall.preamble ts=0 dur=12540 clk=dev
[mono_ns=83746311541096][T0x76bbe1aa8740][TIMING] emit_host_span: [STRACE] v=1 pid=3969863 tid=3969863 inv=81 hid=4e691a1ac652a1b3 depth=3 name=chip.run.runner_run.device_wall.graph_build ts=2259 dur=1029911 clk=dev
[mono_ns=83746311542718][T0x76bbe1aa8740][TIMING] emit_host_span: [STRACE] v=1 pid=3969863 tid=3969863 inv=81 hid=4e691a1ac652a1b3 depth=3 name=chip.run.runner_run.device_wall.config_validate ts=2579 dur=1184 clk=dev
[mono_ns=83746311545452][T0x76bbe1aa8740][TIMING] emit_host_span: [STRACE] v=1 pid=3969863 tid=3969863 inv=81 hid=4e691a1ac652a1b3 depth=3 name=chip.run.runner_run.device_wall.arena_wire ts=3985 dur=2678 clk=dev
[mono_ns=83746311547405][T0x76bbe1aa8740][TIMING] emit_host_span: [STRACE] v=1 pid=3969863 tid=3969863 inv=81 hid=4e691a1ac652a1b3 depth=3 name=chip.run.runner_run.device_wall.sm_reset ts=6728 dur=3014 clk=dev
[mono_ns=83746311549128][T0x76bbe1aa8740][TIMING] emit_host_span: [STRACE] v=1 pid=3969863 tid=3969863 inv=81 hid=4e691a1ac652a1b3 depth=3 name=chip.run.runner_run.device_wall.post_orch ts=1032200 dur=4091 clk=dev
[mono_ns=83746311553204][T0x76bbe1aa8740][TIMING] emit_host_span: [STRACE] v=1 pid=3969863 tid=3969863 inv=81 hid=4e691a1ac652a1b3 depth=3 name=chip.run.runner_run.device_wall.orch ts=10071 dur=598266 clk=dev
[mono_ns=83746311554446][T0x76bbe1aa8740][TIMING] emit_host_span: [STRACE] v=1 pid=3969863 tid=3969863 inv=81 hid=4e691a1ac652a1b3 depth=3 name=chip.run.runner_run.device_wall.sched ts=12031 dur=1006933 clk=dev
[mono_ns=83746311555938][T0x76bbe1aa8740][TIMING] emit_host_span: [STRACE] v=1 pid=3969863 tid=3969863 inv=81 hid=4e691a1ac652a1b3 depth=1 name=chip.run.claim_release ts=83746311555467 dur=91 
[mono_ns=83746311557390][T0x76bbe1aa8740][TIMING] emit_host_span: [STRACE] v=1 pid=3969863 tid=3969863 inv=81 hid=4e691a1ac652a1b3 depth=0 name=chip.run ts=83746276272250 dur=35284810 run_id=0 dispatch_id=0 slot_id=0 generation=81 run_epoch=81
[mono_ns=83746340237437][T0x76bbe1aa8740][TIMING] emit_host_span: [STRACE] v=1 pid=3969863 tid=3969863 inv=82 hid=4e691a1ac652a1b3 depth=2 name=chip.run.bind.args ts=83746311775357 dur=28461549 
[mono_ns=83746340248644][T0x76bbe1aa8740][TIMING] emit_host_span: [STRACE] v=1 pid=3969863 tid=3969863 inv=82 hid=4e691a1ac652a1b3 depth=2 name=chip.run.bind.prebuilt ts=83746340246761 dur=1532 
[mono_ns=83746340250687][T0x76bbe1aa8740][TIMING] emit_host_span: [STRACE] v=1 pid=3969863 tid=3969863 inv=82 hid=4e691a1ac652a1b3 depth=1 name=chip.run.bind ts=83746311773755 dur=28476671 
[mono_ns=83746344872854][T0x76bbe1aa8740][WARN] prepare_execution: [device_runner.cpp:342] AICPU CPU_TOPO unavailable; using json_fallback: soc=Ascend950PR_9579 occupy=0x3e stable_reachable=5 requested=0 effective=5 affinity=[1, 2, 3, 4, 5(orch)]
[mono_ns=83746346019205][T0x76bbe1aa8740][TIMING] emit_host_span: [STRACE] v=1 pid=3969863 tid=3969863 inv=82 hid=4e691a1ac652a1b3 depth=1 name=chip.run.runner_run ts=83746344934256 dur=1084518 
[mono_ns=83746346371724][T0x76bbe1aa8740][TIMING] emit_host_span: [STRACE] v=1 pid=3969863 tid=3969863 inv=82 hid=4e691a1ac652a1b3 depth=1 name=chip.run.validate ts=83746346027157 dur=344116 
[mono_ns=83746346378033][T0x76bbe1aa8740][TIMING] emit_host_span: [STRACE] v=1 pid=3969863 tid=3969863 inv=82 hid=4e691a1ac652a1b3 depth=2 name=chip.run.runner_run.device_wall ts=0 dur=940663 clk=dev
[mono_ns=83746346379856][T0x76bbe1aa8740][TIMING] emit_host_span: [STRACE] v=1 pid=3969863 tid=3969863 inv=82 hid=4e691a1ac652a1b3 depth=3 name=chip.run.runner_run.device_wall.preamble ts=0 dur=14121 clk=dev
[mono_ns=83746346381308][T0x76bbe1aa8740][TIMING] emit_host_span: [STRACE] v=1 pid=3969863 tid=3969863 inv=82 hid=4e691a1ac652a1b3 depth=3 name=chip.run.runner_run.device_wall.graph_build ts=4963 dur=931150 clk=dev
[mono_ns=83746346382820][T0x76bbe1aa8740][TIMING] emit_host_span: [STRACE] v=1 pid=3969863 tid=3969863 inv=82 hid=4e691a1ac652a1b3 depth=3 name=chip.run.runner_run.device_wall.config_validate ts=5303 dur=1154 clk=dev
[mono_ns=83746346385585][T0x76bbe1aa8740][TIMING] emit_host_span: [STRACE] v=1 pid=3969863 tid=3969863 inv=82 hid=4e691a1ac652a1b3 depth=3 name=chip.run.runner_run.device_wall.arena_wire ts=6493 dur=2077 clk=dev
[mono_ns=83746346387618][T0x76bbe1aa8740][TIMING] emit_host_span: [STRACE] v=1 pid=3969863 tid=3969863 inv=82 hid=4e691a1ac652a1b3 depth=3 name=chip.run.runner_run.device_wall.sm_reset ts=8803 dur=3148 clk=dev
[mono_ns=83746346389370][T0x76bbe1aa8740][TIMING] emit_host_span: [STRACE] v=1 pid=3969863 tid=3969863 inv=82 hid=4e691a1ac652a1b3 depth=3 name=chip.run.runner_run.device_wall.post_orch ts=936142 dur=4211 clk=dev
[mono_ns=83746346390632][T0x76bbe1aa8740][TIMING] emit_host_span: [STRACE] v=1 pid=3969863 tid=3969863 inv=82 hid=4e691a1ac652a1b3 depth=3 name=chip.run.runner_run.device_wall.orch ts=12033 dur=586545 clk=dev
[mono_ns=83746346391884][T0x76bbe1aa8740][TIMING] emit_host_span: [STRACE] v=1 pid=3969863 tid=3969863 inv=82 hid=4e691a1ac652a1b3 depth=3 name=chip.run.runner_run.device_wall.sched ts=13738 dur=907915 clk=dev
[mono_ns=83746346393336][T0x76bbe1aa8740][TIMING] emit_host_span: [STRACE] v=1 pid=3969863 tid=3969863 inv=82 hid=4e691a1ac652a1b3 depth=1 name=chip.run.claim_release ts=83746346392906 dur=90 
[mono_ns=83746346398794][T0x76bbe1aa8740][TIMING] emit_host_span: [STRACE] v=1 pid=3969863 tid=3969863 inv=82 hid=4e691a1ac652a1b3 depth=0 name=chip.run ts=83746311771021 dur=34627403 run_id=0 dispatch_id=0 slot_id=0 generation=82 run_epoch=82
[mono_ns=83746376520775][T0x76bbe1aa8740][TIMING] emit_host_span: [STRACE] v=1 pid=3969863 tid=3969863 inv=83 hid=4e691a1ac652a1b3 depth=2 name=chip.run.bind.args ts=83746346602380 dur=29918014 
[mono_ns=83746376531431][T0x76bbe1aa8740][TIMING] emit_host_span: [STRACE] v=1 pid=3969863 tid=3969863 inv=83 hid=4e691a1ac652a1b3 depth=2 name=chip.run.bind.prebuilt ts=83746376529959 dur=1192 
[mono_ns=83746376533234][T0x76bbe1aa8740][TIMING] emit_host_span: [STRACE] v=1 pid=3969863 tid=3969863 inv=83 hid=4e691a1ac652a1b3 depth=1 name=chip.run.bind ts=83746346600878 dur=29932075 
[mono_ns=83746381102812][T0x76bbe1aa8740][WARN] prepare_execution: [device_runner.cpp:342] AICPU CPU_TOPO unavailable; using json_fallback: soc=Ascend950PR_9579 occupy=0x3e stable_reachable=5 requested=0 effective=5 affinity=[1, 2, 3, 4, 5(orch)]
[mono_ns=83746382390876][T0x76bbe1aa8740][TIMING] emit_host_span: [STRACE] v=1 pid=3969863 tid=3969863 inv=83 hid=4e691a1ac652a1b3 depth=1 name=chip.run.runner_run ts=83746381167519 dur=1222856 
[mono_ns=83746382733039][T0x76bbe1aa8740][TIMING] emit_host_span: [STRACE] v=1 pid=3969863 tid=3969863 inv=83 hid=4e691a1ac652a1b3 depth=1 name=chip.run.validate ts=83746382399218 dur=333411 
[mono_ns=83746382738748][T0x76bbe1aa8740][TIMING] emit_host_span: [STRACE] v=1 pid=3969863 tid=3969863 inv=83 hid=4e691a1ac652a1b3 depth=2 name=chip.run.runner_run.device_wall ts=0 dur=1087256 clk=dev
[mono_ns=83746382740550][T0x76bbe1aa8740][TIMING] emit_host_span: [STRACE] v=1 pid=3969863 tid=3969863 inv=83 hid=4e691a1ac652a1b3 depth=3 name=chip.run.runner_run.device_wall.preamble ts=0 dur=16306 clk=dev
[mono_ns=83746382742003][T0x76bbe1aa8740][TIMING] emit_host_span: [STRACE] v=1 pid=3969863 tid=3969863 inv=83 hid=4e691a1ac652a1b3 depth=3 name=chip.run.runner_run.device_wall.graph_build ts=5873 dur=1077138 clk=dev
[mono_ns=83746382743645][T0x76bbe1aa8740][TIMING] emit_host_span: [STRACE] v=1 pid=3969863 tid=3969863 inv=83 hid=4e691a1ac652a1b3 depth=3 name=chip.run.runner_run.device_wall.config_validate ts=6428 dur=1127 clk=dev
[mono_ns=83746382746319][T0x76bbe1aa8740][TIMING] emit_host_span: [STRACE] v=1 pid=3969863 tid=3969863 inv=83 hid=4e691a1ac652a1b3 depth=3 name=chip.run.runner_run.device_wall.arena_wire ts=7778 dur=1452 clk=dev
[mono_ns=83746382748252][T0x76bbe1aa8740][TIMING] emit_host_span: [STRACE] v=1 pid=3969863 tid=3969863 inv=83 hid=4e691a1ac652a1b3 depth=3 name=chip.run.runner_run.device_wall.sm_reset ts=9293 dur=2378 clk=dev
[mono_ns=83746382749734][T0x76bbe1aa8740][TIMING] emit_host_span: [STRACE] v=1 pid=3969863 tid=3969863 inv=83 hid=4e691a1ac652a1b3 depth=3 name=chip.run.runner_run.device_wall.post_orch ts=1083070 dur=3613 clk=dev
[mono_ns=83746382750986][T0x76bbe1aa8740][TIMING] emit_host_span: [STRACE] v=1 pid=3969863 tid=3969863 inv=83 hid=4e691a1ac652a1b3 depth=3 name=chip.run.runner_run.device_wall.orch ts=11796 dur=584470 clk=dev
[mono_ns=83746382752228][T0x76bbe1aa8740][TIMING] emit_host_span: [STRACE] v=1 pid=3969863 tid=3969863 inv=83 hid=4e691a1ac652a1b3 depth=3 name=chip.run.runner_run.device_wall.sched ts=15870 dur=1052066 clk=dev
[mono_ns=83746382753690][T0x76bbe1aa8740][TIMING] emit_host_span: [STRACE] v=1 pid=3969863 tid=3969863 inv=83 hid=4e691a1ac652a1b3 depth=1 name=chip.run.claim_release ts=83746382753239 dur=91 
[mono_ns=83746382755102][T0x76bbe1aa8740][TIMING] emit_host_span: [STRACE] v=1 pid=3969863 tid=3969863 inv=83 hid=4e691a1ac652a1b3 depth=0 name=chip.run ts=83746346599055 dur=36155707 run_id=0 dispatch_id=0 slot_id=0 generation=83 run_epoch=83
[mono_ns=83746411611023][T0x76bbe1aa8740][TIMING] emit_host_span: [STRACE] v=1 pid=3969863 tid=3969863 inv=84 hid=4e691a1ac652a1b3 depth=2 name=chip.run.bind.args ts=83746382962093 dur=28648159 
[mono_ns=83746411624833][T0x76bbe1aa8740][TIMING] emit_host_span: [STRACE] v=1 pid=3969863 tid=3969863 inv=84 hid=4e691a1ac652a1b3 depth=2 name=chip.run.bind.prebuilt ts=83746411623211 dur=1322 
[mono_ns=83746411627077][T0x76bbe1aa8740][TIMING] emit_host_span: [STRACE] v=1 pid=3969863 tid=3969863 inv=84 hid=4e691a1ac652a1b3 depth=1 name=chip.run.bind ts=83746382960601 dur=28666185 
[mono_ns=83746416260411][T0x76bbe1aa8740][WARN] prepare_execution: [device_runner.cpp:342] AICPU CPU_TOPO unavailable; using json_fallback: soc=Ascend950PR_9579 occupy=0x3e stable_reachable=5 requested=0 effective=5 affinity=[1, 2, 3, 4, 5(orch)]
[mono_ns=83746417446752][T0x76bbe1aa8740][TIMING] emit_host_span: [STRACE] v=1 pid=3969863 tid=3969863 inv=84 hid=4e691a1ac652a1b3 depth=1 name=chip.run.runner_run ts=83746416320792 dur=1125619 
[mono_ns=83746417787253][T0x76bbe1aa8740][TIMING] emit_host_span: [STRACE] v=1 pid=3969863 tid=3969863 inv=84 hid=4e691a1ac652a1b3 depth=1 name=chip.run.validate ts=83746417454393 dur=332459 
[mono_ns=83746417793282][T0x76bbe1aa8740][TIMING] emit_host_span: [STRACE] v=1 pid=3969863 tid=3969863 inv=84 hid=4e691a1ac652a1b3 depth=2 name=chip.run.runner_run.device_wall ts=0 dur=979822 clk=dev
[mono_ns=83746417794784][T0x76bbe1aa8740][TIMING] emit_host_span: [STRACE] v=1 pid=3969863 tid=3969863 inv=84 hid=4e691a1ac652a1b3 depth=3 name=chip.run.runner_run.device_wall.preamble ts=0 dur=15203 clk=dev
[mono_ns=83746417796056][T0x76bbe1aa8740][TIMING] emit_host_span: [STRACE] v=1 pid=3969863 tid=3969863 inv=84 hid=4e691a1ac652a1b3 depth=3 name=chip.run.runner_run.device_wall.graph_build ts=4346 dur=970531 clk=dev
[mono_ns=83746417797328][T0x76bbe1aa8740][TIMING] emit_host_span: [STRACE] v=1 pid=3969863 tid=3969863 inv=84 hid=4e691a1ac652a1b3 depth=3 name=chip.run.runner_run.device_wall.config_validate ts=5183 dur=1182 clk=dev
[mono_ns=83746417800032][T0x76bbe1aa8740][TIMING] emit_host_span: [STRACE] v=1 pid=3969863 tid=3969863 inv=84 hid=4e691a1ac652a1b3 depth=3 name=chip.run.runner_run.device_wall.arena_wire ts=6523 dur=2697 clk=dev
[mono_ns=83746417801985][T0x76bbe1aa8740][TIMING] emit_host_span: [STRACE] v=1 pid=3969863 tid=3969863 inv=84 hid=4e691a1ac652a1b3 depth=3 name=chip.run.runner_run.device_wall.sm_reset ts=9285 dur=3127 clk=dev
[mono_ns=83746417803447][T0x76bbe1aa8740][TIMING] emit_host_span: [STRACE] v=1 pid=3969863 tid=3969863 inv=84 hid=4e691a1ac652a1b3 depth=3 name=chip.run.runner_run.device_wall.post_orch ts=974915 dur=4435 clk=dev
[mono_ns=83746417804739][T0x76bbe1aa8740][TIMING] emit_host_span: [STRACE] v=1 pid=3969863 tid=3969863 inv=84 hid=4e691a1ac652a1b3 depth=3 name=chip.run.runner_run.device_wall.orch ts=12485 dur=625198 clk=dev
[mono_ns=83746417805981][T0x76bbe1aa8740][TIMING] emit_host_span: [STRACE] v=1 pid=3969863 tid=3969863 inv=84 hid=4e691a1ac652a1b3 depth=3 name=chip.run.runner_run.device_wall.sched ts=14574 dur=947300 clk=dev
[mono_ns=83746417807443][T0x76bbe1aa8740][TIMING] emit_host_span: [STRACE] v=1 pid=3969863 tid=3969863 inv=84 hid=4e691a1ac652a1b3 depth=1 name=chip.run.claim_release ts=83746417807032 dur=50 
[mono_ns=83746417808895][T0x76bbe1aa8740][TIMING] emit_host_span: [STRACE] v=1 pid=3969863 tid=3969863 inv=84 hid=4e691a1ac652a1b3 depth=0 name=chip.run ts=83746382958608 dur=34849967 run_id=0 dispatch_id=0 slot_id=0 generation=84 run_epoch=84
[mono_ns=83746445434229][T0x76bbe1aa8740][TIMING] emit_host_span: [STRACE] v=1 pid=3969863 tid=3969863 inv=85 hid=4e691a1ac652a1b3 depth=2 name=chip.run.bind.args ts=83746418039321 dur=27394447 
[mono_ns=83746445445646][T0x76bbe1aa8740][TIMING] emit_host_span: [STRACE] v=1 pid=3969863 tid=3969863 inv=85 hid=4e691a1ac652a1b3 depth=2 name=chip.run.bind.prebuilt ts=83746445444143 dur=1212 
[mono_ns=83746445447559][T0x76bbe1aa8740][TIMING] emit_host_span: [STRACE] v=1 pid=3969863 tid=3969863 inv=85 hid=4e691a1ac652a1b3 depth=1 name=chip.run.bind ts=83746418037879 dur=27409409 
[mono_ns=83746450042926][T0x76bbe1aa8740][WARN] prepare_execution: [device_runner.cpp:342] AICPU CPU_TOPO unavailable; using json_fallback: soc=Ascend950PR_9579 occupy=0x3e stable_reachable=5 requested=0 effective=5 affinity=[1, 2, 3, 4, 5(orch)]
[mono_ns=83746451262066][T0x76bbe1aa8740][TIMING] emit_host_span: [STRACE] v=1 pid=3969863 tid=3969863 inv=85 hid=4e691a1ac652a1b3 depth=1 name=chip.run.runner_run ts=83746450103657 dur=1157898 
[mono_ns=83746451612792][T0x76bbe1aa8740][TIMING] emit_host_span: [STRACE] v=1 pid=3969863 tid=3969863 inv=85 hid=4e691a1ac652a1b3 depth=1 name=chip.run.validate ts=83746451270879 dur=341503 
[mono_ns=83746451619312][T0x76bbe1aa8740][TIMING] emit_host_span: [STRACE] v=1 pid=3969863 tid=3969863 inv=85 hid=4e691a1ac652a1b3 depth=2 name=chip.run.runner_run.device_wall ts=0 dur=1020318 clk=dev
[mono_ns=83746451621034][T0x76bbe1aa8740][TIMING] emit_host_span: [STRACE] v=1 pid=3969863 tid=3969863 inv=85 hid=4e691a1ac652a1b3 depth=3 name=chip.run.runner_run.device_wall.preamble ts=0 dur=15213 clk=dev
[mono_ns=83746451622366][T0x76bbe1aa8740][TIMING] emit_host_span: [STRACE] v=1 pid=3969863 tid=3969863 inv=85 hid=4e691a1ac652a1b3 depth=3 name=chip.run.runner_run.device_wall.graph_build ts=4209 dur=1011309 clk=dev
[mono_ns=83746451623999][T0x76bbe1aa8740][TIMING] emit_host_span: [STRACE] v=1 pid=3969863 tid=3969863 inv=85 hid=4e691a1ac652a1b3 depth=3 name=chip.run.runner_run.device_wall.config_validate ts=4591 dur=1204 clk=dev
[mono_ns=83746451626633][T0x76bbe1aa8740][TIMING] emit_host_span: [STRACE] v=1 pid=3969863 tid=3969863 inv=85 hid=4e691a1ac652a1b3 depth=3 name=chip.run.runner_run.device_wall.arena_wire ts=5971 dur=1320 clk=dev
[mono_ns=83746451628105][T0x76bbe1aa8740][TIMING] emit_host_span: [STRACE] v=1 pid=3969863 tid=3969863 inv=85 hid=4e691a1ac652a1b3 depth=3 name=chip.run.runner_run.device_wall.sm_reset ts=7527 dur=2706 clk=dev
[mono_ns=83746451629347][T0x76bbe1aa8740][TIMING] emit_host_span: [STRACE] v=1 pid=3969863 tid=3969863 inv=85 hid=4e691a1ac652a1b3 depth=3 name=chip.run.runner_run.device_wall.post_orch ts=1015541 dur=3757 clk=dev
[mono_ns=83746451630599][T0x76bbe1aa8740][TIMING] emit_host_span: [STRACE] v=1 pid=3969863 tid=3969863 inv=85 hid=4e691a1ac652a1b3 depth=3 name=chip.run.runner_run.device_wall.orch ts=10324 dur=601317 clk=dev
[mono_ns=83746451631871][T0x76bbe1aa8740][TIMING] emit_host_span: [STRACE] v=1 pid=3969863 tid=3969863 inv=85 hid=4e691a1ac652a1b3 depth=3 name=chip.run.runner_run.device_wall.sched ts=14704 dur=985227 clk=dev
[mono_ns=83746451633363][T0x76bbe1aa8740][TIMING] emit_host_span: [STRACE] v=1 pid=3969863 tid=3969863 inv=85 hid=4e691a1ac652a1b3 depth=1 name=chip.run.claim_release ts=83746451632932 dur=90 
[mono_ns=83746451634775][T0x76bbe1aa8740][TIMING] emit_host_span: [STRACE] v=1 pid=3969863 tid=3969863 inv=85 hid=4e691a1ac652a1b3 depth=0 name=chip.run ts=83746418035676 dur=33598789 run_id=0 dispatch_id=0 slot_id=0 generation=85 run_epoch=85
[mono_ns=83746480958267][T0x76bbe1aa8740][TIMING] emit_host_span: [STRACE] v=1 pid=3969863 tid=3969863 inv=86 hid=4e691a1ac652a1b3 depth=2 name=chip.run.bind.args ts=83746451859903 dur=29097884 
[mono_ns=83746480968352][T0x76bbe1aa8740][TIMING] emit_host_span: [STRACE] v=1 pid=3969863 tid=3969863 inv=86 hid=4e691a1ac652a1b3 depth=2 name=chip.run.bind.prebuilt ts=83746480966920 dur=1122 
[mono_ns=83746480970135][T0x76bbe1aa8740][TIMING] emit_host_span: [STRACE] v=1 pid=3969863 tid=3969863 inv=86 hid=4e691a1ac652a1b3 depth=1 name=chip.run.bind ts=83746451858611 dur=29111234 
[mono_ns=83746485575287][T0x76bbe1aa8740][WARN] prepare_execution: [device_runner.cpp:342] AICPU CPU_TOPO unavailable; using json_fallback: soc=Ascend950PR_9579 occupy=0x3e stable_reachable=5 requested=0 effective=5 affinity=[1, 2, 3, 4, 5(orch)]
[mono_ns=83746486804953][T0x76bbe1aa8740][TIMING] emit_host_span: [STRACE] v=1 pid=3969863 tid=3969863 inv=86 hid=4e691a1ac652a1b3 depth=1 name=chip.run.runner_run ts=83746485633274 dur=1171278 
[mono_ns=83746487161257][T0x76bbe1aa8740][TIMING] emit_host_span: [STRACE] v=1 pid=3969863 tid=3969863 inv=86 hid=4e691a1ac652a1b3 depth=1 name=chip.run.validate ts=83746486812724 dur=348103 
[mono_ns=83746487167787][T0x76bbe1aa8740][TIMING] emit_host_span: [STRACE] v=1 pid=3969863 tid=3969863 inv=86 hid=4e691a1ac652a1b3 depth=2 name=chip.run.runner_run.device_wall ts=0 dur=1042241 clk=dev
[mono_ns=83746487172835][T0x76bbe1aa8740][TIMING] emit_host_span: [STRACE] v=1 pid=3969863 tid=3969863 inv=86 hid=4e691a1ac652a1b3 depth=3 name=chip.run.runner_run.device_wall.preamble ts=0 dur=14694 clk=dev
[mono_ns=83746487175359][T0x76bbe1aa8740][TIMING] emit_host_span: [STRACE] v=1 pid=3969863 tid=3969863 inv=86 hid=4e691a1ac652a1b3 depth=3 name=chip.run.runner_run.device_wall.graph_build ts=5055 dur=1031725 clk=dev
[mono_ns=83746487177432][T0x76bbe1aa8740][TIMING] emit_host_span: [STRACE] v=1 pid=3969863 tid=3969863 inv=86 hid=4e691a1ac652a1b3 depth=3 name=chip.run.runner_run.device_wall.config_validate ts=5391 dur=1018 clk=dev
[mono_ns=83746487178944][T0x76bbe1aa8740][TIMING] emit_host_span: [STRACE] v=1 pid=3969863 tid=3969863 inv=86 hid=4e691a1ac652a1b3 depth=3 name=chip.run.runner_run.device_wall.arena_wire ts=6586 dur=2009 clk=dev
[mono_ns=83746487180206][T0x76bbe1aa8740][TIMING] emit_host_span: [STRACE] v=1 pid=3969863 tid=3969863 inv=86 hid=4e691a1ac652a1b3 depth=3 name=chip.run.runner_run.device_wall.sm_reset ts=8629 dur=3079 clk=dev
[mono_ns=83746487181458][T0x76bbe1aa8740][TIMING] emit_host_span: [STRACE] v=1 pid=3969863 tid=3969863 inv=86 hid=4e691a1ac652a1b3 depth=3 name=chip.run.runner_run.device_wall.post_orch ts=1036810 dur=5079 clk=dev
[mono_ns=83746487182760][T0x76bbe1aa8740][TIMING] emit_host_span: [STRACE] v=1 pid=3969863 tid=3969863 inv=86 hid=4e691a1ac652a1b3 depth=3 name=chip.run.runner_run.device_wall.orch ts=11793 dur=609368 clk=dev
[mono_ns=83746487184032][T0x76bbe1aa8740][TIMING] emit_host_span: [STRACE] v=1 pid=3969863 tid=3969863 inv=86 hid=4e691a1ac652a1b3 depth=3 name=chip.run.runner_run.device_wall.sched ts=14261 dur=1010775 clk=dev
[mono_ns=83746487185594][T0x76bbe1aa8740][TIMING] emit_host_span: [STRACE] v=1 pid=3969863 tid=3969863 inv=86 hid=4e691a1ac652a1b3 depth=1 name=chip.run.claim_release ts=83746487185143 dur=80 
[mono_ns=83746487187477][T0x76bbe1aa8740][TIMING] emit_host_span: [STRACE] v=1 pid=3969863 tid=3969863 inv=86 hid=4e691a1ac652a1b3 depth=0 name=chip.run ts=83746451856398 dur=35330758 run_id=0 dispatch_id=0 slot_id=0 generation=86 run_epoch=86
[mono_ns=83746516109346][T0x76bbe1aa8740][TIMING] emit_host_span: [STRACE] v=1 pid=3969863 tid=3969863 inv=87 hid=4e691a1ac652a1b3 depth=2 name=chip.run.bind.args ts=83746487425594 dur=28683171 
[mono_ns=83746516119672][T0x76bbe1aa8740][TIMING] emit_host_span: [STRACE] v=1 pid=3969863 tid=3969863 inv=87 hid=4e691a1ac652a1b3 depth=2 name=chip.run.bind.prebuilt ts=83746516118310 dur=1031 
[mono_ns=83746516121695][T0x76bbe1aa8740][TIMING] emit_host_span: [STRACE] v=1 pid=3969863 tid=3969863 inv=87 hid=4e691a1ac652a1b3 depth=1 name=chip.run.bind ts=83746487424172 dur=28697222 
[mono_ns=83746520690222][T0x76bbe1aa8740][WARN] prepare_execution: [device_runner.cpp:342] AICPU CPU_TOPO unavailable; using json_fallback: soc=Ascend950PR_9579 occupy=0x3e stable_reachable=5 requested=0 effective=5 affinity=[1, 2, 3, 4, 5(orch)]
[mono_ns=83746521932827][T0x76bbe1aa8740][TIMING] emit_host_span: [STRACE] v=1 pid=3969863 tid=3969863 inv=87 hid=4e691a1ac652a1b3 depth=1 name=chip.run.runner_run ts=83746520753006 dur=1179340 
[mono_ns=83746522294600][T0x76bbe1aa8740][TIMING] emit_host_span: [STRACE] v=1 pid=3969863 tid=3969863 inv=87 hid=4e691a1ac652a1b3 depth=1 name=chip.run.validate ts=83746521941159 dur=353040 
[mono_ns=83746522301080][T0x76bbe1aa8740][TIMING] emit_host_span: [STRACE] v=1 pid=3969863 tid=3969863 inv=87 hid=4e691a1ac652a1b3 depth=2 name=chip.run.runner_run.device_wall ts=0 dur=1035688 clk=dev
[mono_ns=83746522302912][T0x76bbe1aa8740][TIMING] emit_host_span: [STRACE] v=1 pid=3969863 tid=3969863 inv=87 hid=4e691a1ac652a1b3 depth=3 name=chip.run.runner_run.device_wall.preamble ts=0 dur=13169 clk=dev
[mono_ns=83746522304364][T0x76bbe1aa8740][TIMING] emit_host_span: [STRACE] v=1 pid=3969863 tid=3969863 inv=87 hid=4e691a1ac652a1b3 depth=3 name=chip.run.runner_run.device_wall.graph_build ts=4274 dur=1026921 clk=dev
[mono_ns=83746522309592][T0x76bbe1aa8740][TIMING] emit_host_span: [STRACE] v=1 pid=3969863 tid=3969863 inv=87 hid=4e691a1ac652a1b3 depth=3 name=chip.run.runner_run.device_wall.config_validate ts=4791 dur=858 clk=dev
[mono_ns=83746522310874][T0x76bbe1aa8740][TIMING] emit_host_span: [STRACE] v=1 pid=3969863 tid=3969863 inv=87 hid=4e691a1ac652a1b3 depth=3 name=chip.run.runner_run.device_wall.arena_wire ts=5688 dur=1985 clk=dev
[mono_ns=83746522312016][T0x76bbe1aa8740][TIMING] emit_host_span: [STRACE] v=1 pid=3969863 tid=3969863 inv=87 hid=4e691a1ac652a1b3 depth=3 name=chip.run.runner_run.device_wall.sm_reset ts=7747 dur=2723 clk=dev
[mono_ns=83746522313238][T0x76bbe1aa8740][TIMING] emit_host_span: [STRACE] v=1 pid=3969863 tid=3969863 inv=87 hid=4e691a1ac652a1b3 depth=3 name=chip.run.runner_run.device_wall.post_orch ts=1031226 dur=3955 clk=dev
[mono_ns=83746522314520][T0x76bbe1aa8740][TIMING] emit_host_span: [STRACE] v=1 pid=3969863 tid=3969863 inv=87 hid=4e691a1ac652a1b3 depth=3 name=chip.run.runner_run.device_wall.orch ts=10557 dur=582718 clk=dev
[mono_ns=83746522315802][T0x76bbe1aa8740][TIMING] emit_host_span: [STRACE] v=1 pid=3969863 tid=3969863 inv=87 hid=4e691a1ac652a1b3 depth=3 name=chip.run.runner_run.device_wall.sched ts=12606 dur=1003358 clk=dev
[mono_ns=83746522317314][T0x76bbe1aa8740][TIMING] emit_host_span: [STRACE] v=1 pid=3969863 tid=3969863 inv=87 hid=4e691a1ac652a1b3 depth=1 name=chip.run.claim_release ts=83746522316893 dur=80 
[mono_ns=83746522318756][T0x76bbe1aa8740][TIMING] emit_host_span: [STRACE] v=1 pid=3969863 tid=3969863 inv=87 hid=4e691a1ac652a1b3 depth=0 name=chip.run ts=83746487421949 dur=34896477 run_id=0 dispatch_id=0 slot_id=0 generation=87 run_epoch=87
[mono_ns=83746550816379][T0x76bbe1aa8740][TIMING] emit_host_span: [STRACE] v=1 pid=3969863 tid=3969863 inv=88 hid=4e691a1ac652a1b3 depth=2 name=chip.run.bind.args ts=83746522527029 dur=28288869 
[mono_ns=83746550828226][T0x76bbe1aa8740][TIMING] emit_host_span: [STRACE] v=1 pid=3969863 tid=3969863 inv=88 hid=4e691a1ac652a1b3 depth=2 name=chip.run.bind.prebuilt ts=83746550826534 dur=1372 
[mono_ns=83746550830340][T0x76bbe1aa8740][TIMING] emit_host_span: [STRACE] v=1 pid=3969863 tid=3969863 inv=88 hid=4e691a1ac652a1b3 depth=1 name=chip.run.bind ts=83746522525486 dur=28304463 
[mono_ns=83746555420469][T0x76bbe1aa8740][WARN] prepare_execution: [device_runner.cpp:342] AICPU CPU_TOPO unavailable; using json_fallback: soc=Ascend950PR_9579 occupy=0x3e stable_reachable=5 requested=0 effective=5 affinity=[1, 2, 3, 4, 5(orch)]
[mono_ns=83746556580160][T0x76bbe1aa8740][TIMING] emit_host_span: [STRACE] v=1 pid=3969863 tid=3969863 inv=88 hid=4e691a1ac652a1b3 depth=1 name=chip.run.runner_run ts=83746555482873 dur=1096916 
[mono_ns=83746556952789][T0x76bbe1aa8740][TIMING] emit_host_span: [STRACE] v=1 pid=3969863 tid=3969863 inv=88 hid=4e691a1ac652a1b3 depth=1 name=chip.run.validate ts=83746556588001 dur=364387 
[mono_ns=83746556959008][T0x76bbe1aa8740][TIMING] emit_host_span: [STRACE] v=1 pid=3969863 tid=3969863 inv=88 hid=4e691a1ac652a1b3 depth=2 name=chip.run.runner_run.device_wall ts=0 dur=968147 clk=dev
[mono_ns=83746556960531][T0x76bbe1aa8740][TIMING] emit_host_span: [STRACE] v=1 pid=3969863 tid=3969863 inv=88 hid=4e691a1ac652a1b3 depth=3 name=chip.run.runner_run.device_wall.preamble ts=0 dur=14836 clk=dev
[mono_ns=83746556961873][T0x76bbe1aa8740][TIMING] emit_host_span: [STRACE] v=1 pid=3969863 tid=3969863 inv=88 hid=4e691a1ac652a1b3 depth=3 name=chip.run.runner_run.device_wall.graph_build ts=4728 dur=959852 clk=dev
[mono_ns=83746556963525][T0x76bbe1aa8740][TIMING] emit_host_span: [STRACE] v=1 pid=3969863 tid=3969863 inv=88 hid=4e691a1ac652a1b3 depth=3 name=chip.run.runner_run.device_wall.config_validate ts=5266 dur=1001 clk=dev
[mono_ns=83746556966540][T0x76bbe1aa8740][TIMING] emit_host_span: [STRACE] v=1 pid=3969863 tid=3969863 inv=88 hid=4e691a1ac652a1b3 depth=3 name=chip.run.runner_run.device_wall.arena_wire ts=6479 dur=2179 clk=dev
[mono_ns=83746556968503][T0x76bbe1aa8740][TIMING] emit_host_span: [STRACE] v=1 pid=3969863 tid=3969863 inv=88 hid=4e691a1ac652a1b3 depth=3 name=chip.run.runner_run.device_wall.sm_reset ts=8671 dur=1799 clk=dev
[mono_ns=83746556972378][T0x76bbe1aa8740][TIMING] emit_host_span: [STRACE] v=1 pid=3969863 tid=3969863 inv=88 hid=4e691a1ac652a1b3 depth=3 name=chip.run.runner_run.device_wall.post_orch ts=964683 dur=2659 clk=dev
[mono_ns=83746556973630][T0x76bbe1aa8740][TIMING] emit_host_span: [STRACE] v=1 pid=3969863 tid=3969863 inv=88 hid=4e691a1ac652a1b3 depth=3 name=chip.run.runner_run.device_wall.orch ts=10572 dur=575755 clk=dev
[mono_ns=83746556974852][T0x76bbe1aa8740][TIMING] emit_host_span: [STRACE] v=1 pid=3969863 tid=3969863 inv=88 hid=4e691a1ac652a1b3 depth=3 name=chip.run.runner_run.device_wall.sched ts=14403 dur=934482 clk=dev
[mono_ns=83746556976384][T0x76bbe1aa8740][TIMING] emit_host_span: [STRACE] v=1 pid=3969863 tid=3969863 inv=88 hid=4e691a1ac652a1b3 depth=1 name=chip.run.claim_release ts=83746556975924 dur=130 
[mono_ns=83746556977857][T0x76bbe1aa8740][TIMING] emit_host_span: [STRACE] v=1 pid=3969863 tid=3969863 inv=88 hid=4e691a1ac652a1b3 depth=0 name=chip.run ts=83746522523453 dur=34454093 run_id=0 dispatch_id=0 slot_id=0 generation=88 run_epoch=88
[mono_ns=83746585819285][T0x76bbe1aa8740][TIMING] emit_host_span: [STRACE] v=1 pid=3969863 tid=3969863 inv=89 hid=4e691a1ac652a1b3 depth=2 name=chip.run.bind.args ts=83746557201482 dur=28616962 
[mono_ns=83746585831013][T0x76bbe1aa8740][TIMING] emit_host_span: [STRACE] v=1 pid=3969863 tid=3969863 inv=89 hid=4e691a1ac652a1b3 depth=2 name=chip.run.bind.prebuilt ts=83746585829481 dur=1231 
[mono_ns=83746585832926][T0x76bbe1aa8740][TIMING] emit_host_span: [STRACE] v=1 pid=3969863 tid=3969863 inv=89 hid=4e691a1ac652a1b3 depth=1 name=chip.run.bind ts=83746557199349 dur=28633276 
[mono_ns=83746590489485][T0x76bbe1aa8740][WARN] prepare_execution: [device_runner.cpp:342] AICPU CPU_TOPO unavailable; using json_fallback: soc=Ascend950PR_9579 occupy=0x3e stable_reachable=5 requested=0 effective=5 affinity=[1, 2, 3, 4, 5(orch)]
[mono_ns=83746591817498][T0x76bbe1aa8740][TIMING] emit_host_span: [STRACE] v=1 pid=3969863 tid=3969863 inv=89 hid=4e691a1ac652a1b3 depth=1 name=chip.run.runner_run ts=83746590551438 dur=1265700 
[mono_ns=83746592161745][T0x76bbe1aa8740][TIMING] emit_host_span: [STRACE] v=1 pid=3969863 tid=3969863 inv=89 hid=4e691a1ac652a1b3 depth=1 name=chip.run.validate ts=83746591825310 dur=336004 
[mono_ns=83746592168535][T0x76bbe1aa8740][TIMING] emit_host_span: [STRACE] v=1 pid=3969863 tid=3969863 inv=89 hid=4e691a1ac652a1b3 depth=2 name=chip.run.runner_run.device_wall ts=0 dur=1132039 clk=dev
[mono_ns=83746592170268][T0x76bbe1aa8740][TIMING] emit_host_span: [STRACE] v=1 pid=3969863 tid=3969863 inv=89 hid=4e691a1ac652a1b3 depth=3 name=chip.run.runner_run.device_wall.preamble ts=0 dur=14969 clk=dev
[mono_ns=83746592171690][T0x76bbe1aa8740][TIMING] emit_host_span: [STRACE] v=1 pid=3969863 tid=3969863 inv=89 hid=4e691a1ac652a1b3 depth=3 name=chip.run.runner_run.device_wall.graph_build ts=5290 dur=1121326 clk=dev
[mono_ns=83746592173462][T0x76bbe1aa8740][TIMING] emit_host_span: [STRACE] v=1 pid=3969863 tid=3969863 inv=89 hid=4e691a1ac652a1b3 depth=3 name=chip.run.runner_run.device_wall.config_validate ts=5811 dur=1212 clk=dev
[mono_ns=83746592176026][T0x76bbe1aa8740][TIMING] emit_host_span: [STRACE] v=1 pid=3969863 tid=3969863 inv=89 hid=4e691a1ac652a1b3 depth=3 name=chip.run.runner_run.device_wall.arena_wire ts=7055 dur=1864 clk=dev
[mono_ns=83746592177518][T0x76bbe1aa8740][TIMING] emit_host_span: [STRACE] v=1 pid=3969863 tid=3969863 inv=89 hid=4e691a1ac652a1b3 depth=3 name=chip.run.runner_run.device_wall.sm_reset ts=9008 dur=2800 clk=dev
[mono_ns=83746592178750][T0x76bbe1aa8740][TIMING] emit_host_span: [STRACE] v=1 pid=3969863 tid=3969863 inv=89 hid=4e691a1ac652a1b3 depth=3 name=chip.run.runner_run.device_wall.post_orch ts=1126648 dur=5149 clk=dev
[mono_ns=83746592180002][T0x76bbe1aa8740][TIMING] emit_host_span: [STRACE] v=1 pid=3969863 tid=3969863 inv=89 hid=4e691a1ac652a1b3 depth=3 name=chip.run.runner_run.device_wall.orch ts=11901 dur=601734 clk=dev
[mono_ns=83746592183457][T0x76bbe1aa8740][TIMING] emit_host_span: [STRACE] v=1 pid=3969863 tid=3969863 inv=89 hid=4e691a1ac652a1b3 depth=3 name=chip.run.runner_run.device_wall.sched ts=14452 dur=1097384 clk=dev
[mono_ns=83746592184910][T0x76bbe1aa8740][TIMING] emit_host_span: [STRACE] v=1 pid=3969863 tid=3969863 inv=89 hid=4e691a1ac652a1b3 depth=1 name=chip.run.claim_release ts=83746592184519 dur=50 
[mono_ns=83746592187123][T0x76bbe1aa8740][TIMING] emit_host_span: [STRACE] v=1 pid=3969863 tid=3969863 inv=89 hid=4e691a1ac652a1b3 depth=0 name=chip.run ts=83746557197186 dur=34989616 run_id=0 dispatch_id=0 slot_id=0 generation=89 run_epoch=89
[mono_ns=83746621713219][T0x76bbe1aa8740][TIMING] emit_host_span: [STRACE] v=1 pid=3969863 tid=3969863 inv=90 hid=4e691a1ac652a1b3 depth=2 name=chip.run.bind.args ts=83746592412902 dur=29299766 
[mono_ns=83746621725668][T0x76bbe1aa8740][TIMING] emit_host_span: [STRACE] v=1 pid=3969863 tid=3969863 inv=90 hid=4e691a1ac652a1b3 depth=2 name=chip.run.bind.prebuilt ts=83746621723995 dur=1352 
[mono_ns=83746621727741][T0x76bbe1aa8740][TIMING] emit_host_span: [STRACE] v=1 pid=3969863 tid=3969863 inv=90 hid=4e691a1ac652a1b3 depth=1 name=chip.run.bind ts=83746592411259 dur=29316171 
[mono_ns=83746626304951][T0x76bbe1aa8740][WARN] prepare_execution: [device_runner.cpp:342] AICPU CPU_TOPO unavailable; using json_fallback: soc=Ascend950PR_9579 occupy=0x3e stable_reachable=5 requested=0 effective=5 affinity=[1, 2, 3, 4, 5(orch)]
[mono_ns=83746627472523][T0x76bbe1aa8740][TIMING] emit_host_span: [STRACE] v=1 pid=3969863 tid=3969863 inv=90 hid=4e691a1ac652a1b3 depth=1 name=chip.run.runner_run ts=83746626367535 dur=1104598 
[mono_ns=83746627804662][T0x76bbe1aa8740][TIMING] emit_host_span: [STRACE] v=1 pid=3969863 tid=3969863 inv=90 hid=4e691a1ac652a1b3 depth=1 name=chip.run.validate ts=83746627480045 dur=324186 
[mono_ns=83746627811031][T0x76bbe1aa8740][TIMING] emit_host_span: [STRACE] v=1 pid=3969863 tid=3969863 inv=90 hid=4e691a1ac652a1b3 depth=2 name=chip.run.runner_run.device_wall ts=0 dur=976300 clk=dev
[mono_ns=83746627812814][T0x76bbe1aa8740][TIMING] emit_host_span: [STRACE] v=1 pid=3969863 tid=3969863 inv=90 hid=4e691a1ac652a1b3 depth=3 name=chip.run.runner_run.device_wall.preamble ts=0 dur=11936 clk=dev
[mono_ns=83746627814346][T0x76bbe1aa8740][TIMING] emit_host_span: [STRACE] v=1 pid=3969863 tid=3969863 inv=90 hid=4e691a1ac652a1b3 depth=3 name=chip.run.runner_run.device_wall.graph_build ts=2602 dur=969109 clk=dev
[mono_ns=83746627816339][T0x76bbe1aa8740][TIMING] emit_host_span: [STRACE] v=1 pid=3969863 tid=3969863 inv=90 hid=4e691a1ac652a1b3 depth=3 name=chip.run.runner_run.device_wall.config_validate ts=3041 dur=828 clk=dev
[mono_ns=83746627818182][T0x76bbe1aa8740][TIMING] emit_host_span: [STRACE] v=1 pid=3969863 tid=3969863 inv=90 hid=4e691a1ac652a1b3 depth=3 name=chip.run.runner_run.device_wall.arena_wire ts=3902 dur=2531 clk=dev
[mono_ns=83746627820015][T0x76bbe1aa8740][TIMING] emit_host_span: [STRACE] v=1 pid=3969863 tid=3969863 inv=90 hid=4e691a1ac652a1b3 depth=3 name=chip.run.runner_run.device_wall.sm_reset ts=6454 dur=2219 clk=dev
[mono_ns=83746627821247][T0x76bbe1aa8740][TIMING] emit_host_span: [STRACE] v=1 pid=3969863 tid=3969863 inv=90 hid=4e691a1ac652a1b3 depth=3 name=chip.run.runner_run.device_wall.post_orch ts=971740 dur=4226 clk=dev
[mono_ns=83746627822489][T0x76bbe1aa8740][TIMING] emit_host_span: [STRACE] v=1 pid=3969863 tid=3969863 inv=90 hid=4e691a1ac652a1b3 depth=3 name=chip.run.runner_run.device_wall.orch ts=8713 dur=590747 clk=dev
[mono_ns=83746627823731][T0x76bbe1aa8740][TIMING] emit_host_span: [STRACE] v=1 pid=3969863 tid=3969863 inv=90 hid=4e691a1ac652a1b3 depth=3 name=chip.run.runner_run.device_wall.sched ts=11573 dur=947784 clk=dev
[mono_ns=83746627825173][T0x76bbe1aa8740][TIMING] emit_host_span: [STRACE] v=1 pid=3969863 tid=3969863 inv=90 hid=4e691a1ac652a1b3 depth=1 name=chip.run.claim_release ts=83746627824772 dur=60 
[mono_ns=83746627826575][T0x76bbe1aa8740][TIMING] emit_host_span: [STRACE] v=1 pid=3969863 tid=3969863 inv=90 hid=4e691a1ac652a1b3 depth=0 name=chip.run ts=83746592409186 dur=35417048 run_id=0 dispatch_id=0 slot_id=0 generation=90 run_epoch=90
[mono_ns=83746656421824][T0x76bbe1aa8740][TIMING] emit_host_span: [STRACE] v=1 pid=3969863 tid=3969863 inv=91 hid=4e691a1ac652a1b3 depth=2 name=chip.run.bind.args ts=83746628063240 dur=28357863 
[mono_ns=83746656433682][T0x76bbe1aa8740][TIMING] emit_host_span: [STRACE] v=1 pid=3969863 tid=3969863 inv=91 hid=4e691a1ac652a1b3 depth=2 name=chip.run.bind.prebuilt ts=83746656431889 dur=1482 
[mono_ns=83746656435515][T0x76bbe1aa8740][TIMING] emit_host_span: [STRACE] v=1 pid=3969863 tid=3969863 inv=91 hid=4e691a1ac652a1b3 depth=1 name=chip.run.bind ts=83746628061437 dur=28373797 
[mono_ns=83746661008188][T0x76bbe1aa8740][WARN] prepare_execution: [device_runner.cpp:342] AICPU CPU_TOPO unavailable; using json_fallback: soc=Ascend950PR_9579 occupy=0x3e stable_reachable=5 requested=0 effective=5 affinity=[1, 2, 3, 4, 5(orch)]
[mono_ns=83746662155500][T0x76bbe1aa8740][TIMING] emit_host_span: [STRACE] v=1 pid=3969863 tid=3969863 inv=91 hid=4e691a1ac652a1b3 depth=1 name=chip.run.runner_run ts=83746661068098 dur=1086951 
[mono_ns=83746662497673][T0x76bbe1aa8740][TIMING] emit_host_span: [STRACE] v=1 pid=3969863 tid=3969863 inv=91 hid=4e691a1ac652a1b3 depth=1 name=chip.run.validate ts=83746662163752 dur=333521 
[mono_ns=83746662503392][T0x76bbe1aa8740][TIMING] emit_host_span: [STRACE] v=1 pid=3969863 tid=3969863 inv=91 hid=4e691a1ac652a1b3 depth=2 name=chip.run.runner_run.device_wall ts=0 dur=943288 clk=dev
[mono_ns=83746662505044][T0x76bbe1aa8740][TIMING] emit_host_span: [STRACE] v=1 pid=3969863 tid=3969863 inv=91 hid=4e691a1ac652a1b3 depth=3 name=chip.run.runner_run.device_wall.preamble ts=0 dur=16158 clk=dev
[mono_ns=83746662506457][T0x76bbe1aa8740][TIMING] emit_host_span: [STRACE] v=1 pid=3969863 tid=3969863 inv=91 hid=4e691a1ac652a1b3 depth=3 name=chip.run.runner_run.device_wall.graph_build ts=5950 dur=932944 clk=dev
[mono_ns=83746662508129][T0x76bbe1aa8740][TIMING] emit_host_span: [STRACE] v=1 pid=3969863 tid=3969863 inv=91 hid=4e691a1ac652a1b3 depth=3 name=chip.run.runner_run.device_wall.config_validate ts=6336 dur=1045 clk=dev
[mono_ns=83746662510883][T0x76bbe1aa8740][TIMING] emit_host_span: [STRACE] v=1 pid=3969863 tid=3969863 inv=91 hid=4e691a1ac652a1b3 depth=3 name=chip.run.runner_run.device_wall.arena_wire ts=7561 dur=1982 clk=dev
[mono_ns=83746662512576][T0x76bbe1aa8740][TIMING] emit_host_span: [STRACE] v=1 pid=3969863 tid=3969863 inv=91 hid=4e691a1ac652a1b3 depth=3 name=chip.run.runner_run.device_wall.sm_reset ts=9653 dur=1926 clk=dev
[mono_ns=83746662513878][T0x76bbe1aa8740][TIMING] emit_host_span: [STRACE] v=1 pid=3969863 tid=3969863 inv=91 hid=4e691a1ac652a1b3 depth=3 name=chip.run.runner_run.device_wall.post_orch ts=939125 dur=3800 clk=dev
[mono_ns=83746662515130][T0x76bbe1aa8740][TIMING] emit_host_span: [STRACE] v=1 pid=3969863 tid=3969863 inv=91 hid=4e691a1ac652a1b3 depth=3 name=chip.run.runner_run.device_wall.orch ts=11667 dur=604233 clk=dev
[mono_ns=83746662516381][T0x76bbe1aa8740][TIMING] emit_host_span: [STRACE] v=1 pid=3969863 tid=3969863 inv=91 hid=4e691a1ac652a1b3 depth=3 name=chip.run.runner_run.device_wall.sched ts=15681 dur=911870 clk=dev
[mono_ns=83746662517864][T0x76bbe1aa8740][TIMING] emit_host_span: [STRACE] v=1 pid=3969863 tid=3969863 inv=91 hid=4e691a1ac652a1b3 depth=1 name=chip.run.claim_release ts=83746662517423 dur=70 
[mono_ns=83746662519256][T0x76bbe1aa8740][TIMING] emit_host_span: [STRACE] v=1 pid=3969863 tid=3969863 inv=91 hid=4e691a1ac652a1b3 depth=0 name=chip.run ts=83746628059024 dur=34459891 run_id=0 dispatch_id=0 slot_id=0 generation=91 run_epoch=91
[mono_ns=83746689866842][T0x76bbe1aa8740][TIMING] emit_host_span: [STRACE] v=1 pid=3969863 tid=3969863 inv=92 hid=4e691a1ac652a1b3 depth=2 name=chip.run.bind.args ts=83746662730333 dur=27136149 
[mono_ns=83746689878370][T0x76bbe1aa8740][TIMING] emit_host_span: [STRACE] v=1 pid=3969863 tid=3969863 inv=92 hid=4e691a1ac652a1b3 depth=2 name=chip.run.bind.prebuilt ts=83746689876777 dur=1312 
[mono_ns=83746689880353][T0x76bbe1aa8740][TIMING] emit_host_span: [STRACE] v=1 pid=3969863 tid=3969863 inv=92 hid=4e691a1ac652a1b3 depth=1 name=chip.run.bind ts=83746662728760 dur=27151312 
[mono_ns=83746694434428][T0x76bbe1aa8740][WARN] prepare_execution: [device_runner.cpp:342] AICPU CPU_TOPO unavailable; using json_fallback: soc=Ascend950PR_9579 occupy=0x3e stable_reachable=5 requested=0 effective=5 affinity=[1, 2, 3, 4, 5(orch)]
[mono_ns=83746695612085][T0x76bbe1aa8740][TIMING] emit_host_span: [STRACE] v=1 pid=3969863 tid=3969863 inv=92 hid=4e691a1ac652a1b3 depth=1 name=chip.run.runner_run ts=83746694495820 dur=1115915 
[mono_ns=83746695966658][T0x76bbe1aa8740][TIMING] emit_host_span: [STRACE] v=1 pid=3969863 tid=3969863 inv=92 hid=4e691a1ac652a1b3 depth=1 name=chip.run.validate ts=83746695620137 dur=346150 
[mono_ns=83746695973047][T0x76bbe1aa8740][TIMING] emit_host_span: [STRACE] v=1 pid=3969863 tid=3969863 inv=92 hid=4e691a1ac652a1b3 depth=2 name=chip.run.runner_run.device_wall ts=0 dur=986151 clk=dev
[mono_ns=83746695974770][T0x76bbe1aa8740][TIMING] emit_host_span: [STRACE] v=1 pid=3969863 tid=3969863 inv=92 hid=4e691a1ac652a1b3 depth=3 name=chip.run.runner_run.device_wall.preamble ts=0 dur=14966 clk=dev
[mono_ns=83746695976082][T0x76bbe1aa8740][TIMING] emit_host_span: [STRACE] v=1 pid=3969863 tid=3969863 inv=92 hid=4e691a1ac652a1b3 depth=3 name=chip.run.runner_run.device_wall.graph_build ts=4915 dur=975371 clk=dev
[mono_ns=83746695977644][T0x76bbe1aa8740][TIMING] emit_host_span: [STRACE] v=1 pid=3969863 tid=3969863 inv=92 hid=4e691a1ac652a1b3 depth=3 name=chip.run.runner_run.device_wall.config_validate ts=5436 dur=1199 clk=dev
[mono_ns=83746695980108][T0x76bbe1aa8740][TIMING] emit_host_span: [STRACE] v=1 pid=3969863 tid=3969863 inv=92 hid=4e691a1ac652a1b3 depth=3 name=chip.run.runner_run.device_wall.arena_wire ts=6660 dur=1636 clk=dev
[mono_ns=83746695981600][T0x76bbe1aa8740][TIMING] emit_host_span: [STRACE] v=1 pid=3969863 tid=3969863 inv=92 hid=4e691a1ac652a1b3 depth=3 name=chip.run.runner_run.device_wall.sm_reset ts=8315 dur=2336 clk=dev
[mono_ns=83746695982812][T0x76bbe1aa8740][TIMING] emit_host_span: [STRACE] v=1 pid=3969863 tid=3969863 inv=92 hid=4e691a1ac652a1b3 depth=3 name=chip.run.runner_run.device_wall.post_orch ts=980311 dur=4945 clk=dev
[mono_ns=83746695984064][T0x76bbe1aa8740][TIMING] emit_host_span: [STRACE] v=1 pid=3969863 tid=3969863 inv=92 hid=4e691a1ac652a1b3 depth=3 name=chip.run.runner_run.device_wall.orch ts=10739 dur=605850 clk=dev
[mono_ns=83746695985296][T0x76bbe1aa8740][TIMING] emit_host_span: [STRACE] v=1 pid=3969863 tid=3969863 inv=92 hid=4e691a1ac652a1b3 depth=3 name=chip.run.runner_run.device_wall.sched ts=14632 dur=953448 clk=dev
[mono_ns=83746695986778][T0x76bbe1aa8740][TIMING] emit_host_span: [STRACE] v=1 pid=3969863 tid=3969863 inv=92 hid=4e691a1ac652a1b3 depth=1 name=chip.run.claim_release ts=83746695986307 dur=150 
[mono_ns=83746695988150][T0x76bbe1aa8740][TIMING] emit_host_span: [STRACE] v=1 pid=3969863 tid=3969863 inv=92 hid=4e691a1ac652a1b3 depth=0 name=chip.run ts=83746662726367 dur=33261442 run_id=0 dispatch_id=0 slot_id=0 generation=92 run_epoch=92
[mono_ns=83746724715447][T0x76bbe1aa8740][TIMING] emit_host_span: [STRACE] v=1 pid=3969863 tid=3969863 inv=93 hid=4e691a1ac652a1b3 depth=2 name=chip.run.bind.args ts=83746696219367 dur=28495429 
[mono_ns=83746724729659][T0x76bbe1aa8740][TIMING] emit_host_span: [STRACE] v=1 pid=3969863 tid=3969863 inv=93 hid=4e691a1ac652a1b3 depth=2 name=chip.run.bind.prebuilt ts=83746724728026 dur=1332 
[mono_ns=83746724731431][T0x76bbe1aa8740][TIMING] emit_host_span: [STRACE] v=1 pid=3969863 tid=3969863 inv=93 hid=4e691a1ac652a1b3 depth=1 name=chip.run.bind ts=83746696217624 dur=28513507 
[mono_ns=83746729328331][T0x76bbe1aa8740][WARN] prepare_execution: [device_runner.cpp:342] AICPU CPU_TOPO unavailable; using json_fallback: soc=Ascend950PR_9579 occupy=0x3e stable_reachable=5 requested=0 effective=5 affinity=[1, 2, 3, 4, 5(orch)]
[mono_ns=83746730497015][T0x76bbe1aa8740][TIMING] emit_host_span: [STRACE] v=1 pid=3969863 tid=3969863 inv=93 hid=4e691a1ac652a1b3 depth=1 name=chip.run.runner_run ts=83746729388301 dur=1108313 
[mono_ns=83746730870846][T0x76bbe1aa8740][TIMING] emit_host_span: [STRACE] v=1 pid=3969863 tid=3969863 inv=93 hid=4e691a1ac652a1b3 depth=1 name=chip.run.validate ts=83746730508572 dur=361873 
[mono_ns=83746730876585][T0x76bbe1aa8740][TIMING] emit_host_span: [STRACE] v=1 pid=3969863 tid=3969863 inv=93 hid=4e691a1ac652a1b3 depth=2 name=chip.run.runner_run.device_wall ts=0 dur=960993 clk=dev
[mono_ns=83746730878217][T0x76bbe1aa8740][TIMING] emit_host_span: [STRACE] v=1 pid=3969863 tid=3969863 inv=93 hid=4e691a1ac652a1b3 depth=3 name=chip.run.runner_run.device_wall.preamble ts=0 dur=11773 clk=dev
[mono_ns=83746730879499][T0x76bbe1aa8740][TIMING] emit_host_span: [STRACE] v=1 pid=3969863 tid=3969863 inv=93 hid=4e691a1ac652a1b3 depth=3 name=chip.run.runner_run.device_wall.graph_build ts=2144 dur=954200 clk=dev
[mono_ns=83746730881211][T0x76bbe1aa8740][TIMING] emit_host_span: [STRACE] v=1 pid=3969863 tid=3969863 inv=93 hid=4e691a1ac652a1b3 depth=3 name=chip.run.runner_run.device_wall.config_validate ts=2479 dur=841 clk=dev
[mono_ns=83746730882964][T0x76bbe1aa8740][TIMING] emit_host_span: [STRACE] v=1 pid=3969863 tid=3969863 inv=93 hid=4e691a1ac652a1b3 depth=3 name=chip.run.runner_run.device_wall.arena_wire ts=3525 dur=2075 clk=dev
[mono_ns=83746730884446][T0x76bbe1aa8740][TIMING] emit_host_span: [STRACE] v=1 pid=3969863 tid=3969863 inv=93 hid=4e691a1ac652a1b3 depth=3 name=chip.run.runner_run.device_wall.sm_reset ts=5665 dur=2291 clk=dev
[mono_ns=83746730885688][T0x76bbe1aa8740][TIMING] emit_host_span: [STRACE] v=1 pid=3969863 tid=3969863 inv=93 hid=4e691a1ac652a1b3 depth=3 name=chip.run.runner_run.device_wall.post_orch ts=956373 dur=4262 clk=dev
[mono_ns=83746730886950][T0x76bbe1aa8740][TIMING] emit_host_span: [STRACE] v=1 pid=3969863 tid=3969863 inv=93 hid=4e691a1ac652a1b3 depth=3 name=chip.run.runner_run.device_wall.orch ts=8016 dur=603423 clk=dev
[mono_ns=83746730888212][T0x76bbe1aa8740][TIMING] emit_host_span: [STRACE] v=1 pid=3969863 tid=3969863 inv=93 hid=4e691a1ac652a1b3 depth=3 name=chip.run.runner_run.device_wall.sched ts=11357 dur=931539 clk=dev
[mono_ns=83746730889624][T0x76bbe1aa8740][TIMING] emit_host_span: [STRACE] v=1 pid=3969863 tid=3969863 inv=93 hid=4e691a1ac652a1b3 depth=1 name=chip.run.claim_release ts=83746730889214 dur=70 
[mono_ns=83746730891046][T0x76bbe1aa8740][TIMING] emit_host_span: [STRACE] v=1 pid=3969863 tid=3969863 inv=93 hid=4e691a1ac652a1b3 depth=0 name=chip.run ts=83746696215451 dur=34675305 run_id=0 dispatch_id=0 slot_id=0 generation=93 run_epoch=93
[mono_ns=83746759453346][T0x76bbe1aa8740][TIMING] emit_host_span: [STRACE] v=1 pid=3969863 tid=3969863 inv=94 hid=4e691a1ac652a1b3 depth=2 name=chip.run.bind.args ts=83746731135433 dur=28317472 
[mono_ns=83746759464783][T0x76bbe1aa8740][TIMING] emit_host_span: [STRACE] v=1 pid=3969863 tid=3969863 inv=94 hid=4e691a1ac652a1b3 depth=2 name=chip.run.bind.prebuilt ts=83746759463020 dur=1473 
[mono_ns=83746759466456][T0x76bbe1aa8740][TIMING] emit_host_span: [STRACE] v=1 pid=3969863 tid=3969863 inv=94 hid=4e691a1ac652a1b3 depth=1 name=chip.run.bind ts=83746731133550 dur=28332655 
[mono_ns=83746764068583][T0x76bbe1aa8740][WARN] prepare_execution: [device_runner.cpp:342] AICPU CPU_TOPO unavailable; using json_fallback: soc=Ascend950PR_9579 occupy=0x3e stable_reachable=5 requested=0 effective=5 affinity=[1, 2, 3, 4, 5(orch)]
[mono_ns=83746765319591][T0x76bbe1aa8740][TIMING] emit_host_span: [STRACE] v=1 pid=3969863 tid=3969863 inv=94 hid=4e691a1ac652a1b3 depth=1 name=chip.run.runner_run ts=83746764129625 dur=1189585 
[mono_ns=83746765675906][T0x76bbe1aa8740][TIMING] emit_host_span: [STRACE] v=1 pid=3969863 tid=3969863 inv=94 hid=4e691a1ac652a1b3 depth=1 name=chip.run.validate ts=83746765327553 dur=347982 
[mono_ns=83746765681564][T0x76bbe1aa8740][TIMING] emit_host_span: [STRACE] v=1 pid=3969863 tid=3969863 inv=94 hid=4e691a1ac652a1b3 depth=2 name=chip.run.runner_run.device_wall ts=0 dur=1053724 clk=dev
[mono_ns=83746765683116][T0x76bbe1aa8740][TIMING] emit_host_span: [STRACE] v=1 pid=3969863 tid=3969863 inv=94 hid=4e691a1ac652a1b3 depth=3 name=chip.run.runner_run.device_wall.preamble ts=0 dur=12032 clk=dev
[mono_ns=83746765686872][T0x76bbe1aa8740][TIMING] emit_host_span: [STRACE] v=1 pid=3969863 tid=3969863 inv=94 hid=4e691a1ac652a1b3 depth=3 name=chip.run.runner_run.device_wall.graph_build ts=2542 dur=1045584 clk=dev
[mono_ns=83746765689526][T0x76bbe1aa8740][TIMING] emit_host_span: [STRACE] v=1 pid=3969863 tid=3969863 inv=94 hid=4e691a1ac652a1b3 depth=3 name=chip.run.runner_run.device_wall.config_validate ts=2901 dur=1111 clk=dev
[mono_ns=83746765691198][T0x76bbe1aa8740][TIMING] emit_host_span: [STRACE] v=1 pid=3969863 tid=3969863 inv=94 hid=4e691a1ac652a1b3 depth=3 name=chip.run.runner_run.device_wall.arena_wire ts=4047 dur=2542 clk=dev
[mono_ns=83746765692350][T0x76bbe1aa8740][TIMING] emit_host_span: [STRACE] v=1 pid=3969863 tid=3969863 inv=94 hid=4e691a1ac652a1b3 depth=3 name=chip.run.runner_run.device_wall.sm_reset ts=6649 dur=3096 clk=dev
[mono_ns=83746765693512][T0x76bbe1aa8740][TIMING] emit_host_span: [STRACE] v=1 pid=3969863 tid=3969863 inv=94 hid=4e691a1ac652a1b3 depth=3 name=chip.run.runner_run.device_wall.post_orch ts=1048158 dur=5435 clk=dev
[mono_ns=83746765694754][T0x76bbe1aa8740][TIMING] emit_host_span: [STRACE] v=1 pid=3969863 tid=3969863 inv=94 hid=4e691a1ac652a1b3 depth=3 name=chip.run.runner_run.device_wall.orch ts=9974 dur=621064 clk=dev
[mono_ns=83746765695976][T0x76bbe1aa8740][TIMING] emit_host_span: [STRACE] v=1 pid=3969863 tid=3969863 inv=94 hid=4e691a1ac652a1b3 depth=3 name=chip.run.runner_run.device_wall.sched ts=11735 dur=1021141 clk=dev
[mono_ns=83746765697468][T0x76bbe1aa8740][TIMING] emit_host_span: [STRACE] v=1 pid=3969863 tid=3969863 inv=94 hid=4e691a1ac652a1b3 depth=1 name=chip.run.claim_release ts=83746765697057 dur=70 
[mono_ns=83746765698830][T0x76bbe1aa8740][TIMING] emit_host_span: [STRACE] v=1 pid=3969863 tid=3969863 inv=94 hid=4e691a1ac652a1b3 depth=0 name=chip.run ts=83746731131087 dur=34567442 run_id=0 dispatch_id=0 slot_id=0 generation=94 run_epoch=94
[mono_ns=83746794017754][T0x76bbe1aa8740][TIMING] emit_host_span: [STRACE] v=1 pid=3969863 tid=3969863 inv=95 hid=4e691a1ac652a1b3 depth=2 name=chip.run.bind.args ts=83746765907683 dur=28109490 
[mono_ns=83746794029532][T0x76bbe1aa8740][TIMING] emit_host_span: [STRACE] v=1 pid=3969863 tid=3969863 inv=95 hid=4e691a1ac652a1b3 depth=2 name=chip.run.bind.prebuilt ts=83746794027779 dur=1322 
[mono_ns=83746794031315][T0x76bbe1aa8740][TIMING] emit_host_span: [STRACE] v=1 pid=3969863 tid=3969863 inv=95 hid=4e691a1ac652a1b3 depth=1 name=chip.run.bind ts=83746765906141 dur=28124923 
[mono_ns=83746798637538][T0x76bbe1aa8740][WARN] prepare_execution: [device_runner.cpp:342] AICPU CPU_TOPO unavailable; using json_fallback: soc=Ascend950PR_9579 occupy=0x3e stable_reachable=5 requested=0 effective=5 affinity=[1, 2, 3, 4, 5(orch)]
[mono_ns=83746799780774][T0x76bbe1aa8740][TIMING] emit_host_span: [STRACE] v=1 pid=3969863 tid=3969863 inv=95 hid=4e691a1ac652a1b3 depth=1 name=chip.run.runner_run ts=83746798698450 dur=1081954 
[mono_ns=83746800145411][T0x76bbe1aa8740][TIMING] emit_host_span: [STRACE] v=1 pid=3969863 tid=3969863 inv=95 hid=4e691a1ac652a1b3 depth=1 name=chip.run.validate ts=83746799788426 dur=356605 
[mono_ns=83746800151541][T0x76bbe1aa8740][TIMING] emit_host_span: [STRACE] v=1 pid=3969863 tid=3969863 inv=95 hid=4e691a1ac652a1b3 depth=2 name=chip.run.runner_run.device_wall ts=0 dur=946065 clk=dev
[mono_ns=83746800153153][T0x76bbe1aa8740][TIMING] emit_host_span: [STRACE] v=1 pid=3969863 tid=3969863 inv=95 hid=4e691a1ac652a1b3 depth=3 name=chip.run.runner_run.device_wall.preamble ts=0 dur=14609 clk=dev
[mono_ns=83746800154545][T0x76bbe1aa8740][TIMING] emit_host_span: [STRACE] v=1 pid=3969863 tid=3969863 inv=95 hid=4e691a1ac652a1b3 depth=3 name=chip.run.runner_run.device_wall.graph_build ts=4481 dur=936965 clk=dev
[mono_ns=83746800155967][T0x76bbe1aa8740][TIMING] emit_host_span: [STRACE] v=1 pid=3969863 tid=3969863 inv=95 hid=4e691a1ac652a1b3 depth=3 name=chip.run.runner_run.device_wall.config_validate ts=4989 dur=1176 clk=dev
[mono_ns=83746800157209][T0x76bbe1aa8740][TIMING] emit_host_span: [STRACE] v=1 pid=3969863 tid=3969863 inv=95 hid=4e691a1ac652a1b3 depth=3 name=chip.run.runner_run.device_wall.arena_wire ts=6246 dur=2772 clk=dev
[mono_ns=83746800161365][T0x76bbe1aa8740][TIMING] emit_host_span: [STRACE] v=1 pid=3969863 tid=3969863 inv=95 hid=4e691a1ac652a1b3 depth=3 name=chip.run.runner_run.device_wall.sm_reset ts=9078 dur=2957 clk=dev
[mono_ns=83746800163068][T0x76bbe1aa8740][TIMING] emit_host_span: [STRACE] v=1 pid=3969863 tid=3969863 inv=95 hid=4e691a1ac652a1b3 depth=3 name=chip.run.runner_run.device_wall.post_orch ts=941478 dur=4289 clk=dev
[mono_ns=83746800164290][T0x76bbe1aa8740][TIMING] emit_host_span: [STRACE] v=1 pid=3969863 tid=3969863 inv=95 hid=4e691a1ac652a1b3 depth=3 name=chip.run.runner_run.device_wall.orch ts=12166 dur=591274 clk=dev
[mono_ns=83746800165552][T0x76bbe1aa8740][TIMING] emit_host_span: [STRACE] v=1 pid=3969863 tid=3969863 inv=95 hid=4e691a1ac652a1b3 depth=3 name=chip.run.runner_run.device_wall.sched ts=14407 dur=912783 clk=dev
[mono_ns=83746800166994][T0x76bbe1aa8740][TIMING] emit_host_span: [STRACE] v=1 pid=3969863 tid=3969863 inv=95 hid=4e691a1ac652a1b3 depth=1 name=chip.run.claim_release ts=83746800166573 dur=60 
[mono_ns=83746800168406][T0x76bbe1aa8740][TIMING] emit_host_span: [STRACE] v=1 pid=3969863 tid=3969863 inv=95 hid=4e691a1ac652a1b3 depth=0 name=chip.run ts=83746765904158 dur=34263958 run_id=0 dispatch_id=0 slot_id=0 generation=95 run_epoch=95
[mono_ns=83746828790115][T0x76bbe1aa8740][TIMING] emit_host_span: [STRACE] v=1 pid=3969863 tid=3969863 inv=96 hid=4e691a1ac652a1b3 depth=2 name=chip.run.bind.args ts=83746800377971 dur=28411653 
[mono_ns=83746828800981][T0x76bbe1aa8740][TIMING] emit_host_span: [STRACE] v=1 pid=3969863 tid=3969863 inv=96 hid=4e691a1ac652a1b3 depth=2 name=chip.run.bind.prebuilt ts=83746828799549 dur=1142 
[mono_ns=83746828802794][T0x76bbe1aa8740][TIMING] emit_host_span: [STRACE] v=1 pid=3969863 tid=3969863 inv=96 hid=4e691a1ac652a1b3 depth=1 name=chip.run.bind ts=83746800376478 dur=28426056 
[mono_ns=83746833427966][T0x76bbe1aa8740][WARN] prepare_execution: [device_runner.cpp:342] AICPU CPU_TOPO unavailable; using json_fallback: soc=Ascend950PR_9579 occupy=0x3e stable_reachable=5 requested=0 effective=5 affinity=[1, 2, 3, 4, 5(orch)]
[mono_ns=83746834669840][T0x76bbe1aa8740][TIMING] emit_host_span: [STRACE] v=1 pid=3969863 tid=3969863 inv=96 hid=4e691a1ac652a1b3 depth=1 name=chip.run.runner_run ts=83746833488006 dur=1181493 
[mono_ns=83746835026034][T0x76bbe1aa8740][TIMING] emit_host_span: [STRACE] v=1 pid=3969863 tid=3969863 inv=96 hid=4e691a1ac652a1b3 depth=1 name=chip.run.validate ts=83746834678202 dur=347442 
[mono_ns=83746835033185][T0x76bbe1aa8740][TIMING] emit_host_span: [STRACE] v=1 pid=3969863 tid=3969863 inv=96 hid=4e691a1ac652a1b3 depth=2 name=chip.run.runner_run.device_wall ts=0 dur=1038604 clk=dev
[mono_ns=83746835035469][T0x76bbe1aa8740][TIMING] emit_host_span: [STRACE] v=1 pid=3969863 tid=3969863 inv=96 hid=4e691a1ac652a1b3 depth=3 name=chip.run.runner_run.device_wall.preamble ts=0 dur=12146 clk=dev
[mono_ns=83746835036881][T0x76bbe1aa8740][TIMING] emit_host_span: [STRACE] v=1 pid=3969863 tid=3969863 inv=96 hid=4e691a1ac652a1b3 depth=3 name=chip.run.runner_run.device_wall.graph_build ts=2059 dur=1032625 clk=dev
[mono_ns=83746835038173][T0x76bbe1aa8740][TIMING] emit_host_span: [STRACE] v=1 pid=3969863 tid=3969863 inv=96 hid=4e691a1ac652a1b3 depth=3 name=chip.run.runner_run.device_wall.config_validate ts=2329 dur=1368 clk=dev
[mono_ns=83746835040056][T0x76bbe1aa8740][TIMING] emit_host_span: [STRACE] v=1 pid=3969863 tid=3969863 inv=96 hid=4e691a1ac652a1b3 depth=3 name=chip.run.runner_run.device_wall.arena_wire ts=3722 dur=2393 clk=dev
[mono_ns=83746835042028][T0x76bbe1aa8740][TIMING] emit_host_span: [STRACE] v=1 pid=3969863 tid=3969863 inv=96 hid=4e691a1ac652a1b3 depth=3 name=chip.run.runner_run.device_wall.sm_reset ts=6133 dur=2528 clk=dev
[mono_ns=83746835043511][T0x76bbe1aa8740][TIMING] emit_host_span: [STRACE] v=1 pid=3969863 tid=3969863 inv=96 hid=4e691a1ac652a1b3 depth=3 name=chip.run.runner_run.device_wall.post_orch ts=1034714 dur=3516 clk=dev
[mono_ns=83746835046776][T0x76bbe1aa8740][TIMING] emit_host_span: [STRACE] v=1 pid=3969863 tid=3969863 inv=96 hid=4e691a1ac652a1b3 depth=3 name=chip.run.runner_run.device_wall.orch ts=8758 dur=599805 clk=dev
[mono_ns=83746835048017][T0x76bbe1aa8740][TIMING] emit_host_span: [STRACE] v=1 pid=3969863 tid=3969863 inv=96 hid=4e691a1ac652a1b3 depth=3 name=chip.run.runner_run.device_wall.sched ts=11719 dur=1009399 clk=dev
[mono_ns=83746835049480][T0x76bbe1aa8740][TIMING] emit_host_span: [STRACE] v=1 pid=3969863 tid=3969863 inv=96 hid=4e691a1ac652a1b3 depth=1 name=chip.run.claim_release ts=83746835049089 dur=50 
[mono_ns=83746835050802][T0x76bbe1aa8740][TIMING] emit_host_span: [STRACE] v=1 pid=3969863 tid=3969863 inv=96 hid=4e691a1ac652a1b3 depth=0 name=chip.run ts=83746800374215 dur=34676276 run_id=0 dispatch_id=0 slot_id=0 generation=96 run_epoch=96
[mono_ns=83746863438319][T0x76bbe1aa8740][TIMING] emit_host_span: [STRACE] v=1 pid=3969863 tid=3969863 inv=97 hid=4e691a1ac652a1b3 depth=2 name=chip.run.bind.args ts=83746835257041 dur=28180877 
[mono_ns=83746863448635][T0x76bbe1aa8740][TIMING] emit_host_span: [STRACE] v=1 pid=3969863 tid=3969863 inv=97 hid=4e691a1ac652a1b3 depth=2 name=chip.run.bind.prebuilt ts=83746863447252 dur=1082 
[mono_ns=83746863450407][T0x76bbe1aa8740][TIMING] emit_host_span: [STRACE] v=1 pid=3969863 tid=3969863 inv=97 hid=4e691a1ac652a1b3 depth=1 name=chip.run.bind ts=83746835255649 dur=28194498 
[mono_ns=83746868073857][T0x76bbe1aa8740][WARN] prepare_execution: [device_runner.cpp:342] AICPU CPU_TOPO unavailable; using json_fallback: soc=Ascend950PR_9579 occupy=0x3e stable_reachable=5 requested=0 effective=5 affinity=[1, 2, 3, 4, 5(orch)]
[mono_ns=83746869258334][T0x76bbe1aa8740][TIMING] emit_host_span: [STRACE] v=1 pid=3969863 tid=3969863 inv=97 hid=4e691a1ac652a1b3 depth=1 name=chip.run.runner_run ts=83746868136280 dur=1121684 
[mono_ns=83746869592466][T0x76bbe1aa8740][TIMING] emit_host_span: [STRACE] v=1 pid=3969863 tid=3969863 inv=97 hid=4e691a1ac652a1b3 depth=1 name=chip.run.validate ts=83746869266026 dur=326069 
[mono_ns=83746869598495][T0x76bbe1aa8740][TIMING] emit_host_span: [STRACE] v=1 pid=3969863 tid=3969863 inv=97 hid=4e691a1ac652a1b3 depth=2 name=chip.run.runner_run.device_wall ts=0 dur=989406 clk=dev
[mono_ns=83746869600468][T0x76bbe1aa8740][TIMING] emit_host_span: [STRACE] v=1 pid=3969863 tid=3969863 inv=97 hid=4e691a1ac652a1b3 depth=3 name=chip.run.runner_run.device_wall.preamble ts=0 dur=12737 clk=dev
[mono_ns=83746869601880][T0x76bbe1aa8740][TIMING] emit_host_span: [STRACE] v=1 pid=3969863 tid=3969863 inv=97 hid=4e691a1ac652a1b3 depth=3 name=chip.run.runner_run.device_wall.graph_build ts=2846 dur=982064 clk=dev
[mono_ns=83746869603703][T0x76bbe1aa8740][TIMING] emit_host_span: [STRACE] v=1 pid=3969863 tid=3969863 inv=97 hid=4e691a1ac652a1b3 depth=3 name=chip.run.runner_run.device_wall.config_validate ts=3400 dur=1426 clk=dev
[mono_ns=83746869606507][T0x76bbe1aa8740][TIMING] emit_host_span: [STRACE] v=1 pid=3969863 tid=3969863 inv=97 hid=4e691a1ac652a1b3 depth=3 name=chip.run.runner_run.device_wall.arena_wire ts=4851 dur=1935 clk=dev
[mono_ns=83746869608460][T0x76bbe1aa8740][TIMING] emit_host_span: [STRACE] v=1 pid=3969863 tid=3969863 inv=97 hid=4e691a1ac652a1b3 depth=3 name=chip.run.runner_run.device_wall.sm_reset ts=6841 dur=2592 clk=dev
[mono_ns=83746869609962][T0x76bbe1aa8740][TIMING] emit_host_span: [STRACE] v=1 pid=3969863 tid=3969863 inv=97 hid=4e691a1ac652a1b3 depth=3 name=chip.run.runner_run.device_wall.post_orch ts=984929 dur=4100 clk=dev
[mono_ns=83746869611244][T0x76bbe1aa8740][TIMING] emit_host_span: [STRACE] v=1 pid=3969863 tid=3969863 inv=97 hid=4e691a1ac652a1b3 depth=3 name=chip.run.runner_run.device_wall.orch ts=9510 dur=604785 clk=dev
[mono_ns=83746869612476][T0x76bbe1aa8740][TIMING] emit_host_span: [STRACE] v=1 pid=3969863 tid=3969863 inv=97 hid=4e691a1ac652a1b3 depth=3 name=chip.run.runner_run.device_wall.sched ts=12585 dur=956702 clk=dev
[mono_ns=83746869613888][T0x76bbe1aa8740][TIMING] emit_host_span: [STRACE] v=1 pid=3969863 tid=3969863 inv=97 hid=4e691a1ac652a1b3 depth=1 name=chip.run.claim_release ts=83746869613497 dur=41 
[mono_ns=83746869617233][T0x76bbe1aa8740][TIMING] emit_host_span: [STRACE] v=1 pid=3969863 tid=3969863 inv=97 hid=4e691a1ac652a1b3 depth=0 name=chip.run ts=83746835253806 dur=34363097 run_id=0 dispatch_id=0 slot_id=0 generation=97 run_epoch=97
[mono_ns=83746898481055][T0x76bbe1aa8740][TIMING] emit_host_span: [STRACE] v=1 pid=3969863 tid=3969863 inv=98 hid=4e691a1ac652a1b3 depth=2 name=chip.run.bind.args ts=83746869821930 dur=28658064 
[mono_ns=83746898494395][T0x76bbe1aa8740][TIMING] emit_host_span: [STRACE] v=1 pid=3969863 tid=3969863 inv=98 hid=4e691a1ac652a1b3 depth=2 name=chip.run.bind.prebuilt ts=83746898492613 dur=1482 
[mono_ns=83746898496358][T0x76bbe1aa8740][TIMING] emit_host_span: [STRACE] v=1 pid=3969863 tid=3969863 inv=98 hid=4e691a1ac652a1b3 depth=1 name=chip.run.bind ts=83746869820458 dur=28675460 
[mono_ns=83746903098386][T0x76bbe1aa8740][WARN] prepare_execution: [device_runner.cpp:342] AICPU CPU_TOPO unavailable; using json_fallback: soc=Ascend950PR_9579 occupy=0x3e stable_reachable=5 requested=0 effective=5 affinity=[1, 2, 3, 4, 5(orch)]
[mono_ns=83746904280830][T0x76bbe1aa8740][TIMING] emit_host_span: [STRACE] v=1 pid=3969863 tid=3969863 inv=98 hid=4e691a1ac652a1b3 depth=1 name=chip.run.runner_run ts=83746903158956 dur=1121514 
[mono_ns=83746904626339][T0x76bbe1aa8740][TIMING] emit_host_span: [STRACE] v=1 pid=3969863 tid=3969863 inv=98 hid=4e691a1ac652a1b3 depth=1 name=chip.run.validate ts=83746904288382 dur=337586 
[mono_ns=83746904631817][T0x76bbe1aa8740][TIMING] emit_host_span: [STRACE] v=1 pid=3969863 tid=3969863 inv=98 hid=4e691a1ac652a1b3 depth=2 name=chip.run.runner_run.device_wall ts=0 dur=987606 clk=dev
[mono_ns=83746904633670][T0x76bbe1aa8740][TIMING] emit_host_span: [STRACE] v=1 pid=3969863 tid=3969863 inv=98 hid=4e691a1ac652a1b3 depth=3 name=chip.run.runner_run.device_wall.preamble ts=0 dur=14709 clk=dev
[mono_ns=83746904635112][T0x76bbe1aa8740][TIMING] emit_host_span: [STRACE] v=1 pid=3969863 tid=3969863 inv=98 hid=4e691a1ac652a1b3 depth=3 name=chip.run.runner_run.device_wall.graph_build ts=5105 dur=977376 clk=dev
[mono_ns=83746904636694][T0x76bbe1aa8740][TIMING] emit_host_span: [STRACE] v=1 pid=3969863 tid=3969863 inv=98 hid=4e691a1ac652a1b3 depth=3 name=chip.run.runner_run.device_wall.config_validate ts=5455 dur=1018 clk=dev
[mono_ns=83746904639338][T0x76bbe1aa8740][TIMING] emit_host_span: [STRACE] v=1 pid=3969863 tid=3969863 inv=98 hid=4e691a1ac652a1b3 depth=3 name=chip.run.runner_run.device_wall.arena_wire ts=6506 dur=2801 clk=dev
[mono_ns=83746904641261][T0x76bbe1aa8740][TIMING] emit_host_span: [STRACE] v=1 pid=3969863 tid=3969863 inv=98 hid=4e691a1ac652a1b3 depth=3 name=chip.run.runner_run.device_wall.sm_reset ts=9323 dur=2788 clk=dev
[mono_ns=83746904642954][T0x76bbe1aa8740][TIMING] emit_host_span: [STRACE] v=1 pid=3969863 tid=3969863 inv=98 hid=4e691a1ac652a1b3 depth=3 name=chip.run.runner_run.device_wall.post_orch ts=982539 dur=4678 clk=dev
[mono_ns=83746904644206][T0x76bbe1aa8740][TIMING] emit_host_span: [STRACE] v=1 pid=3969863 tid=3969863 inv=98 hid=4e691a1ac652a1b3 depth=3 name=chip.run.runner_run.device_wall.orch ts=12217 dur=597220 clk=dev
[mono_ns=83746904645448][T0x76bbe1aa8740][TIMING] emit_host_span: [STRACE] v=1 pid=3969863 tid=3969863 inv=98 hid=4e691a1ac652a1b3 depth=3 name=chip.run.runner_run.device_wall.sched ts=14486 dur=955081 clk=dev
[mono_ns=83746904646830][T0x76bbe1aa8740][TIMING] emit_host_span: [STRACE] v=1 pid=3969863 tid=3969863 inv=98 hid=4e691a1ac652a1b3 depth=1 name=chip.run.claim_release ts=83746904646429 dur=50 
[mono_ns=83746904648182][T0x76bbe1aa8740][TIMING] emit_host_span: [STRACE] v=1 pid=3969863 tid=3969863 inv=98 hid=4e691a1ac652a1b3 depth=0 name=chip.run ts=83746869818936 dur=34828935 run_id=0 dispatch_id=0 slot_id=0 generation=98 run_epoch=98
[mono_ns=83746932589499][T0x76bbe1aa8740][TIMING] emit_host_span: [STRACE] v=1 pid=3969863 tid=3969863 inv=99 hid=4e691a1ac652a1b3 depth=2 name=chip.run.bind.args ts=83746904874702 dur=27713946 
[mono_ns=83746932602319][T0x76bbe1aa8740][TIMING] emit_host_span: [STRACE] v=1 pid=3969863 tid=3969863 inv=99 hid=4e691a1ac652a1b3 depth=2 name=chip.run.bind.prebuilt ts=83746932600606 dur=1422 
[mono_ns=83746932604822][T0x76bbe1aa8740][TIMING] emit_host_span: [STRACE] v=1 pid=3969863 tid=3969863 inv=99 hid=4e691a1ac652a1b3 depth=1 name=chip.run.bind ts=83746904872719 dur=27731613 
[mono_ns=83746937181942][T0x76bbe1aa8740][WARN] prepare_execution: [device_runner.cpp:342] AICPU CPU_TOPO unavailable; using json_fallback: soc=Ascend950PR_9579 occupy=0x3e stable_reachable=5 requested=0 effective=5 affinity=[1, 2, 3, 4, 5(orch)]
[mono_ns=83746938491798][T0x76bbe1aa8740][TIMING] emit_host_span: [STRACE] v=1 pid=3969863 tid=3969863 inv=99 hid=4e691a1ac652a1b3 depth=1 name=chip.run.runner_run ts=83746937243645 dur=1247813 
[mono_ns=83746938850877][T0x76bbe1aa8740][TIMING] emit_host_span: [STRACE] v=1 pid=3969863 tid=3969863 inv=99 hid=4e691a1ac652a1b3 depth=1 name=chip.run.validate ts=83746938499249 dur=351258 
[mono_ns=83746938856916][T0x76bbe1aa8740][TIMING] emit_host_span: [STRACE] v=1 pid=3969863 tid=3969863 inv=99 hid=4e691a1ac652a1b3 depth=2 name=chip.run.runner_run.device_wall ts=0 dur=1116707 clk=dev
[mono_ns=83746938858539][T0x76bbe1aa8740][TIMING] emit_host_span: [STRACE] v=1 pid=3969863 tid=3969863 inv=99 hid=4e691a1ac652a1b3 depth=3 name=chip.run.runner_run.device_wall.preamble ts=0 dur=12612 clk=dev
[mono_ns=83746938859871][T0x76bbe1aa8740][TIMING] emit_host_span: [STRACE] v=1 pid=3969863 tid=3969863 inv=99 hid=4e691a1ac652a1b3 depth=3 name=chip.run.runner_run.device_wall.graph_build ts=2937 dur=1109467 clk=dev
[mono_ns=83746938861493][T0x76bbe1aa8740][TIMING] emit_host_span: [STRACE] v=1 pid=3969863 tid=3969863 inv=99 hid=4e691a1ac652a1b3 depth=3 name=chip.run.runner_run.device_wall.config_validate ts=3413 dur=1414 clk=dev
[mono_ns=83746938863516][T0x76bbe1aa8740][TIMING] emit_host_span: [STRACE] v=1 pid=3969863 tid=3969863 inv=99 hid=4e691a1ac652a1b3 depth=3 name=chip.run.runner_run.device_wall.arena_wire ts=4919 dur=1942 clk=dev
[mono_ns=83746938866010][T0x76bbe1aa8740][TIMING] emit_host_span: [STRACE] v=1 pid=3969863 tid=3969863 inv=99 hid=4e691a1ac652a1b3 depth=3 name=chip.run.runner_run.device_wall.sm_reset ts=7090 dur=2815 clk=dev
[mono_ns=83746938867502][T0x76bbe1aa8740][TIMING] emit_host_span: [STRACE] v=1 pid=3969863 tid=3969863 inv=99 hid=4e691a1ac652a1b3 depth=3 name=chip.run.runner_run.device_wall.post_orch ts=1112441 dur=3933 clk=dev
[mono_ns=83746938868744][T0x76bbe1aa8740][TIMING] emit_host_span: [STRACE] v=1 pid=3969863 tid=3969863 inv=99 hid=4e691a1ac652a1b3 depth=3 name=chip.run.runner_run.device_wall.orch ts=10433 dur=585990 clk=dev
[mono_ns=83746938870006][T0x76bbe1aa8740][TIMING] emit_host_span: [STRACE] v=1 pid=3969863 tid=3969863 inv=99 hid=4e691a1ac652a1b3 depth=3 name=chip.run.runner_run.device_wall.sched ts=12016 dur=1085203 clk=dev
[mono_ns=83746938871428][T0x76bbe1aa8740][TIMING] emit_host_span: [STRACE] v=1 pid=3969863 tid=3969863 inv=99 hid=4e691a1ac652a1b3 depth=1 name=chip.run.claim_release ts=83746938871047 dur=41 
[mono_ns=83746938872940][T0x76bbe1aa8740][TIMING] emit_host_span: [STRACE] v=1 pid=3969863 tid=3969863 inv=99 hid=4e691a1ac652a1b3 depth=0 name=chip.run ts=83746904870886 dur=34001584 run_id=0 dispatch_id=0 slot_id=0 generation=99 run_epoch=99
[mono_ns=83746967702441][T0x76bbe1aa8740][TIMING] emit_host_span: [STRACE] v=1 pid=3969863 tid=3969863 inv=100 hid=4e691a1ac652a1b3 depth=2 name=chip.run.bind.args ts=83746939086731 dur=28615179 
[mono_ns=83746967714028][T0x76bbe1aa8740][TIMING] emit_host_span: [STRACE] v=1 pid=3969863 tid=3969863 inv=100 hid=4e691a1ac652a1b3 depth=2 name=chip.run.bind.prebuilt ts=83746967712396 dur=1372 
[mono_ns=83746967715731][T0x76bbe1aa8740][TIMING] emit_host_span: [STRACE] v=1 pid=3969863 tid=3969863 inv=100 hid=4e691a1ac652a1b3 depth=1 name=chip.run.bind ts=83746939084598 dur=28630893 
[mono_ns=83746972300292][T0x76bbe1aa8740][WARN] prepare_execution: [device_runner.cpp:342] AICPU CPU_TOPO unavailable; using json_fallback: soc=Ascend950PR_9579 occupy=0x3e stable_reachable=5 requested=0 effective=5 affinity=[1, 2, 3, 4, 5(orch)]
[mono_ns=83746973471530][T0x76bbe1aa8740][TIMING] emit_host_span: [STRACE] v=1 pid=3969863 tid=3969863 inv=100 hid=4e691a1ac652a1b3 depth=1 name=chip.run.runner_run ts=83746972362045 dur=1109094 
[mono_ns=83746973825301][T0x76bbe1aa8740][TIMING] emit_host_span: [STRACE] v=1 pid=3969863 tid=3969863 inv=100 hid=4e691a1ac652a1b3 depth=1 name=chip.run.validate ts=83746973479462 dur=345428 
[mono_ns=83746973831200][T0x76bbe1aa8740][TIMING] emit_host_span: [STRACE] v=1 pid=3969863 tid=3969863 inv=100 hid=4e691a1ac652a1b3 depth=2 name=chip.run.runner_run.device_wall ts=0 dur=969948 clk=dev
[mono_ns=83746973832772][T0x76bbe1aa8740][TIMING] emit_host_span: [STRACE] v=1 pid=3969863 tid=3969863 inv=100 hid=4e691a1ac652a1b3 depth=3 name=chip.run.runner_run.device_wall.preamble ts=0 dur=14504 clk=dev
[mono_ns=83746973834054][T0x76bbe1aa8740][TIMING] emit_host_span: [STRACE] v=1 pid=3969863 tid=3969863 inv=100 hid=4e691a1ac652a1b3 depth=3 name=chip.run.runner_run.device_wall.graph_build ts=4648 dur=960175 clk=dev
[mono_ns=83746973835496][T0x76bbe1aa8740][TIMING] emit_host_span: [STRACE] v=1 pid=3969863 tid=3969863 inv=100 hid=4e691a1ac652a1b3 depth=3 name=chip.run.runner_run.device_wall.config_validate ts=5344 dur=1444 clk=dev
[mono_ns=83746973838050][T0x76bbe1aa8740][TIMING] emit_host_span: [STRACE] v=1 pid=3969863 tid=3969863 inv=100 hid=4e691a1ac652a1b3 depth=3 name=chip.run.runner_run.device_wall.arena_wire ts=6983 dur=2701 clk=dev
[mono_ns=83746973839943][T0x76bbe1aa8740][TIMING] emit_host_span: [STRACE] v=1 pid=3969863 tid=3969863 inv=100 hid=4e691a1ac652a1b3 depth=3 name=chip.run.runner_run.device_wall.sm_reset ts=9700 dur=2456 clk=dev
[mono_ns=83746973841415][T0x76bbe1aa8740][TIMING] emit_host_span: [STRACE] v=1 pid=3969863 tid=3969863 inv=100 hid=4e691a1ac652a1b3 depth=3 name=chip.run.runner_run.device_wall.post_orch ts=964854 dur=4780 clk=dev
[mono_ns=83746973842657][T0x76bbe1aa8740][TIMING] emit_host_span: [STRACE] v=1 pid=3969863 tid=3969863 inv=100 hid=4e691a1ac652a1b3 depth=3 name=chip.run.runner_run.device_wall.orch ts=12181 dur=605799 clk=dev
[mono_ns=83746973843929][T0x76bbe1aa8740][TIMING] emit_host_span: [STRACE] v=1 pid=3969863 tid=3969863 inv=100 hid=4e691a1ac652a1b3 depth=3 name=chip.run.runner_run.device_wall.sched ts=14204 dur=935873 clk=dev
[mono_ns=83746973845361][T0x76bbe1aa8740][TIMING] emit_host_span: [STRACE] v=1 pid=3969863 tid=3969863 inv=100 hid=4e691a1ac652a1b3 depth=1 name=chip.run.claim_release ts=83746973844960 dur=61 
[mono_ns=83746973846773][T0x76bbe1aa8740][TIMING] emit_host_span: [STRACE] v=1 pid=3969863 tid=3969863 inv=100 hid=4e691a1ac652a1b3 depth=0 name=chip.run ts=83746939083086 dur=34763357 run_id=0 dispatch_id=0 slot_id=0 generation=100 run_epoch=100
  TestPagedAttentionUnrollManualScope::Case2 PASSED
